source name	characteristics[organism]	characteristics[organism part]	characteristics[cell type]	characteristics[biological replicate]	assay name	technology type	comment[proteomics data acquisition method]	comment[label]	comment[fraction identifier]	comment[technical replicate]	comment[instrument]	comment[cleavage agent details]	comment[modification parameters]	comment[modification parameters]	comment[collision energy]	comment[dissociation method]	comment[cross-linker]	comment[crosslink enrichment method]	comment[crosslinker concentration]	comment[crosslinker to protein ratio]	comment[crosslinking reaction time]	comment[crosslinking temperature]	comment[data file]	comment[sdrf template]	comment[sdrf template]
PXD014759_F1901_fuerschj_311	Saccharomyces cerevisiae	whole cell lysate	not available	1	PXD014759_F1901_fuerschj_311_assay	proteomic profiling by mass spectrometry	data-dependent acquisition	NT=label free sample;AC=MS:1002038	1	1	not available	NT=Trypsin;AC=MS:1001251	NT=Carbamidomethyl;AC=UNIMOD:4;TA=C;MT=Fixed	NT=Oxidation;AC=UNIMOD:21;TA=M;MT=Variable	not available	not available	NT=['BS3', 'DSSO'];AC=['XLMOD:02000', 'XLMOD:02056'];TA=['K,nterm', 'K,S,T,Y']	size exclusion chromatography (SEC)	not available	not available	not available	not available	F1901_fuerschj_311.raw	NT=ms-proteomics;VV=v1.1.0	NT=crosslinking;VV=v1.0.0
PXD014759_F1901_fuerschj_329	Saccharomyces cerevisiae	whole cell lysate	not available	2	PXD014759_F1901_fuerschj_329_assay	proteomic profiling by mass spectrometry	data-dependent acquisition	NT=label free sample;AC=MS:1002038	1	1	not available	NT=Trypsin;AC=MS:1001251	NT=Carbamidomethyl;AC=UNIMOD:4;TA=C;MT=Fixed	NT=Oxidation;AC=UNIMOD:21;TA=M;MT=Variable	not available	not available	NT=['BS3', 'DSSO'];AC=['XLMOD:02000', 'XLMOD:02056'];TA=['K,nterm', 'K,S,T,Y']	size exclusion chromatography (SEC)	not available	not available	not available	not available	F1901_fuerschj_329.raw	NT=ms-proteomics;VV=v1.1.0	NT=crosslinking;VV=v1.0.0
PXD014759_F1811_fuerschj_558	Saccharomyces cerevisiae	whole cell lysate	not available	3	PXD014759_F1811_fuerschj_558_assay	proteomic profiling by mass spectrometry	data-dependent acquisition	NT=label free sample;AC=MS:1002038	1	1	not available	NT=Trypsin;AC=MS:1001251	NT=Carbamidomethyl;AC=UNIMOD:4;TA=C;MT=Fixed	NT=Oxidation;AC=UNIMOD:21;TA=M;MT=Variable	not available	not available	NT=['BS3', 'DSSO'];AC=['XLMOD:02000', 'XLMOD:02056'];TA=['K,nterm', 'K,S,T,Y']	size exclusion chromatography (SEC)	not available	not available	not available	not available	F1811_fuerschj_558.raw	NT=ms-proteomics;VV=v1.1.0	NT=crosslinking;VV=v1.0.0
PXD014759_F1811_fuerschj_437	Saccharomyces cerevisiae	whole cell lysate	not available	4	PXD014759_F1811_fuerschj_437_assay	proteomic profiling by mass spectrometry	data-dependent acquisition	NT=label free sample;AC=MS:1002038	1	1	not available	NT=Trypsin;AC=MS:1001251	NT=Carbamidomethyl;AC=UNIMOD:4;TA=C;MT=Fixed	NT=Oxidation;AC=UNIMOD:21;TA=M;MT=Variable	not available	not available	NT=['BS3', 'DSSO'];AC=['XLMOD:02000', 'XLMOD:02056'];TA=['K,nterm', 'K,S,T,Y']	size exclusion chromatography (SEC)	not available	not available	not available	not available	F1811_fuerschj_437.raw	NT=ms-proteomics;VV=v1.1.0	NT=crosslinking;VV=v1.0.0
PXD014759_F1811_fuerschj_540	Saccharomyces cerevisiae	whole cell lysate	not available	5	PXD014759_F1811_fuerschj_540_assay	proteomic profiling by mass spectrometry	data-dependent acquisition	NT=label free sample;AC=MS:1002038	1	1	not available	NT=Trypsin;AC=MS:1001251	NT=Carbamidomethyl;AC=UNIMOD:4;TA=C;MT=Fixed	NT=Oxidation;AC=UNIMOD:21;TA=M;MT=Variable	not available	not available	NT=['BS3', 'DSSO'];AC=['XLMOD:02000', 'XLMOD:02056'];TA=['K,nterm', 'K,S,T,Y']	size exclusion chromatography (SEC)	not available	not available	not available	not available	F1811_fuerschj_540.raw	NT=ms-proteomics;VV=v1.1.0	NT=crosslinking;VV=v1.0.0
PXD014759_F1901_fuerschj_344	Saccharomyces cerevisiae	whole cell lysate	not available	6	PXD014759_F1901_fuerschj_344_assay	proteomic profiling by mass spectrometry	data-dependent acquisition	NT=label free sample;AC=MS:1002038	1	1	not available	NT=Trypsin;AC=MS:1001251	NT=Carbamidomethyl;AC=UNIMOD:4;TA=C;MT=Fixed	NT=Oxidation;AC=UNIMOD:21;TA=M;MT=Variable	not available	not available	NT=['BS3', 'DSSO'];AC=['XLMOD:02000', 'XLMOD:02056'];TA=['K,nterm', 'K,S,T,Y']	size exclusion chromatography (SEC)	not available	not available	not available	not available	F1901_fuerschj_344.raw	NT=ms-proteomics;VV=v1.1.0	NT=crosslinking;VV=v1.0.0
PXD014759_F1811_fuerschj_501	Saccharomyces cerevisiae	whole cell lysate	not available	7	PXD014759_F1811_fuerschj_501_assay	proteomic profiling by mass spectrometry	data-dependent acquisition	NT=label free sample;AC=MS:1002038	1	1	not available	NT=Trypsin;AC=MS:1001251	NT=Carbamidomethyl;AC=UNIMOD:4;TA=C;MT=Fixed	NT=Oxidation;AC=UNIMOD:21;TA=M;MT=Variable	not available	not available	NT=['BS3', 'DSSO'];AC=['XLMOD:02000', 'XLMOD:02056'];TA=['K,nterm', 'K,S,T,Y']	size exclusion chromatography (SEC)	not available	not available	not available	not available	F1811_fuerschj_501.raw	NT=ms-proteomics;VV=v1.1.0	NT=crosslinking;VV=v1.0.0
PXD014759_F1901_fuerschj_312	Saccharomyces cerevisiae	whole cell lysate	not available	8	PXD014759_F1901_fuerschj_312_assay	proteomic profiling by mass spectrometry	data-dependent acquisition	NT=label free sample;AC=MS:1002038	1	1	not available	NT=Trypsin;AC=MS:1001251	NT=Carbamidomethyl;AC=UNIMOD:4;TA=C;MT=Fixed	NT=Oxidation;AC=UNIMOD:21;TA=M;MT=Variable	not available	not available	NT=['BS3', 'DSSO'];AC=['XLMOD:02000', 'XLMOD:02056'];TA=['K,nterm', 'K,S,T,Y']	size exclusion chromatography (SEC)	not available	not available	not available	not available	F1901_fuerschj_312.raw	NT=ms-proteomics;VV=v1.1.0	NT=crosslinking;VV=v1.0.0
PXD014759_F1902_fuerschj_095	Saccharomyces cerevisiae	whole cell lysate	not available	9	PXD014759_F1902_fuerschj_095_assay	proteomic profiling by mass spectrometry	data-dependent acquisition	NT=label free sample;AC=MS:1002038	1	1	not available	NT=Trypsin;AC=MS:1001251	NT=Carbamidomethyl;AC=UNIMOD:4;TA=C;MT=Fixed	NT=Oxidation;AC=UNIMOD:21;TA=M;MT=Variable	not available	not available	NT=['BS3', 'DSSO'];AC=['XLMOD:02000', 'XLMOD:02056'];TA=['K,nterm', 'K,S,T,Y']	size exclusion chromatography (SEC)	not available	not available	not available	not available	F1902_fuerschj_095.raw	NT=ms-proteomics;VV=v1.1.0	NT=crosslinking;VV=v1.0.0
PXD014759_F1902_fuerschj_057	Saccharomyces cerevisiae	whole cell lysate	not available	10	PXD014759_F1902_fuerschj_057_assay	proteomic profiling by mass spectrometry	data-dependent acquisition	NT=label free sample;AC=MS:1002038	1	1	not available	NT=Trypsin;AC=MS:1001251	NT=Carbamidomethyl;AC=UNIMOD:4;TA=C;MT=Fixed	NT=Oxidation;AC=UNIMOD:21;TA=M;MT=Variable	not available	not available	NT=['BS3', 'DSSO'];AC=['XLMOD:02000', 'XLMOD:02056'];TA=['K,nterm', 'K,S,T,Y']	size exclusion chromatography (SEC)	not available	not available	not available	not available	F1902_fuerschj_057.raw	NT=ms-proteomics;VV=v1.1.0	NT=crosslinking;VV=v1.0.0
PXD014759_F1811_fuerschj_421	Saccharomyces cerevisiae	whole cell lysate	not available	11	PXD014759_F1811_fuerschj_421_assay	proteomic profiling by mass spectrometry	data-dependent acquisition	NT=label free sample;AC=MS:1002038	1	1	not available	NT=Trypsin;AC=MS:1001251	NT=Carbamidomethyl;AC=UNIMOD:4;TA=C;MT=Fixed	NT=Oxidation;AC=UNIMOD:21;TA=M;MT=Variable	not available	not available	NT=['BS3', 'DSSO'];AC=['XLMOD:02000', 'XLMOD:02056'];TA=['K,nterm', 'K,S,T,Y']	size exclusion chromatography (SEC)	not available	not available	not available	not available	F1811_fuerschj_421.raw	NT=ms-proteomics;VV=v1.1.0	NT=crosslinking;VV=v1.0.0
PXD014759_F1811_fuerschj_512	Saccharomyces cerevisiae	whole cell lysate	not available	12	PXD014759_F1811_fuerschj_512_assay	proteomic profiling by mass spectrometry	data-dependent acquisition	NT=label free sample;AC=MS:1002038	1	1	not available	NT=Trypsin;AC=MS:1001251	NT=Carbamidomethyl;AC=UNIMOD:4;TA=C;MT=Fixed	NT=Oxidation;AC=UNIMOD:21;TA=M;MT=Variable	not available	not available	NT=['BS3', 'DSSO'];AC=['XLMOD:02000', 'XLMOD:02056'];TA=['K,nterm', 'K,S,T,Y']	size exclusion chromatography (SEC)	not available	not available	not available	not available	F1811_fuerschj_512.raw	NT=ms-proteomics;VV=v1.1.0	NT=crosslinking;VV=v1.0.0
PXD014759_F1902_fuerschj_022	Saccharomyces cerevisiae	whole cell lysate	not available	13	PXD014759_F1902_fuerschj_022_assay	proteomic profiling by mass spectrometry	data-dependent acquisition	NT=label free sample;AC=MS:1002038	1	1	not available	NT=Trypsin;AC=MS:1001251	NT=Carbamidomethyl;AC=UNIMOD:4;TA=C;MT=Fixed	NT=Oxidation;AC=UNIMOD:21;TA=M;MT=Variable	not available	not available	NT=['BS3', 'DSSO'];AC=['XLMOD:02000', 'XLMOD:02056'];TA=['K,nterm', 'K,S,T,Y']	size exclusion chromatography (SEC)	not available	not available	not available	not available	F1902_fuerschj_022.raw	NT=ms-proteomics;VV=v1.1.0	NT=crosslinking;VV=v1.0.0
PXD014759_F1901_fuerschj_323	Saccharomyces cerevisiae	whole cell lysate	not available	14	PXD014759_F1901_fuerschj_323_assay	proteomic profiling by mass spectrometry	data-dependent acquisition	NT=label free sample;AC=MS:1002038	1	1	not available	NT=Trypsin;AC=MS:1001251	NT=Carbamidomethyl;AC=UNIMOD:4;TA=C;MT=Fixed	NT=Oxidation;AC=UNIMOD:21;TA=M;MT=Variable	not available	not available	NT=['BS3', 'DSSO'];AC=['XLMOD:02000', 'XLMOD:02056'];TA=['K,nterm', 'K,S,T,Y']	size exclusion chromatography (SEC)	not available	not available	not available	not available	F1901_fuerschj_323.raw	NT=ms-proteomics;VV=v1.1.0	NT=crosslinking;VV=v1.0.0
PXD014759_F1811_fuerschj_490	Saccharomyces cerevisiae	whole cell lysate	not available	15	PXD014759_F1811_fuerschj_490_assay	proteomic profiling by mass spectrometry	data-dependent acquisition	NT=label free sample;AC=MS:1002038	1	1	not available	NT=Trypsin;AC=MS:1001251	NT=Carbamidomethyl;AC=UNIMOD:4;TA=C;MT=Fixed	NT=Oxidation;AC=UNIMOD:21;TA=M;MT=Variable	not available	not available	NT=['BS3', 'DSSO'];AC=['XLMOD:02000', 'XLMOD:02056'];TA=['K,nterm', 'K,S,T,Y']	size exclusion chromatography (SEC)	not available	not available	not available	not available	F1811_fuerschj_490.raw	NT=ms-proteomics;VV=v1.1.0	NT=crosslinking;VV=v1.0.0
PXD014759_F1811_fuerschj_521	Saccharomyces cerevisiae	whole cell lysate	not available	16	PXD014759_F1811_fuerschj_521_assay	proteomic profiling by mass spectrometry	data-dependent acquisition	NT=label free sample;AC=MS:1002038	1	1	not available	NT=Trypsin;AC=MS:1001251	NT=Carbamidomethyl;AC=UNIMOD:4;TA=C;MT=Fixed	NT=Oxidation;AC=UNIMOD:21;TA=M;MT=Variable	not available	not available	NT=['BS3', 'DSSO'];AC=['XLMOD:02000', 'XLMOD:02056'];TA=['K,nterm', 'K,S,T,Y']	size exclusion chromatography (SEC)	not available	not available	not available	not available	F1811_fuerschj_521.raw	NT=ms-proteomics;VV=v1.1.0	NT=crosslinking;VV=v1.0.0
PXD014759_F1901_fuerschj_299	Saccharomyces cerevisiae	whole cell lysate	not available	17	PXD014759_F1901_fuerschj_299_assay	proteomic profiling by mass spectrometry	data-dependent acquisition	NT=label free sample;AC=MS:1002038	1	1	not available	NT=Trypsin;AC=MS:1001251	NT=Carbamidomethyl;AC=UNIMOD:4;TA=C;MT=Fixed	NT=Oxidation;AC=UNIMOD:21;TA=M;MT=Variable	not available	not available	NT=['BS3', 'DSSO'];AC=['XLMOD:02000', 'XLMOD:02056'];TA=['K,nterm', 'K,S,T,Y']	size exclusion chromatography (SEC)	not available	not available	not available	not available	F1901_fuerschj_299.raw	NT=ms-proteomics;VV=v1.1.0	NT=crosslinking;VV=v1.0.0
PXD014759_F1811_fuerschj_553	Saccharomyces cerevisiae	whole cell lysate	not available	18	PXD014759_F1811_fuerschj_553_assay	proteomic profiling by mass spectrometry	data-dependent acquisition	NT=label free sample;AC=MS:1002038	1	1	not available	NT=Trypsin;AC=MS:1001251	NT=Carbamidomethyl;AC=UNIMOD:4;TA=C;MT=Fixed	NT=Oxidation;AC=UNIMOD:21;TA=M;MT=Variable	not available	not available	NT=['BS3', 'DSSO'];AC=['XLMOD:02000', 'XLMOD:02056'];TA=['K,nterm', 'K,S,T,Y']	size exclusion chromatography (SEC)	not available	not available	not available	not available	F1811_fuerschj_553.raw	NT=ms-proteomics;VV=v1.1.0	NT=crosslinking;VV=v1.0.0
PXD014759_F1811_fuerschj_564	Saccharomyces cerevisiae	whole cell lysate	not available	19	PXD014759_F1811_fuerschj_564_assay	proteomic profiling by mass spectrometry	data-dependent acquisition	NT=label free sample;AC=MS:1002038	1	1	not available	NT=Trypsin;AC=MS:1001251	NT=Carbamidomethyl;AC=UNIMOD:4;TA=C;MT=Fixed	NT=Oxidation;AC=UNIMOD:21;TA=M;MT=Variable	not available	not available	NT=['BS3', 'DSSO'];AC=['XLMOD:02000', 'XLMOD:02056'];TA=['K,nterm', 'K,S,T,Y']	size exclusion chromatography (SEC)	not available	not available	not available	not available	F1811_fuerschj_564.raw	NT=ms-proteomics;VV=v1.1.0	NT=crosslinking;VV=v1.0.0
PXD014759_F1811_fuerschj_436	Saccharomyces cerevisiae	whole cell lysate	not available	20	PXD014759_F1811_fuerschj_436_assay	proteomic profiling by mass spectrometry	data-dependent acquisition	NT=label free sample;AC=MS:1002038	1	1	not available	NT=Trypsin;AC=MS:1001251	NT=Carbamidomethyl;AC=UNIMOD:4;TA=C;MT=Fixed	NT=Oxidation;AC=UNIMOD:21;TA=M;MT=Variable	not available	not available	NT=['BS3', 'DSSO'];AC=['XLMOD:02000', 'XLMOD:02056'];TA=['K,nterm', 'K,S,T,Y']	size exclusion chromatography (SEC)	not available	not available	not available	not available	F1811_fuerschj_436.raw	NT=ms-proteomics;VV=v1.1.0	NT=crosslinking;VV=v1.0.0
PXD014759_F1902_fuerschj_086	Saccharomyces cerevisiae	whole cell lysate	not available	21	PXD014759_F1902_fuerschj_086_assay	proteomic profiling by mass spectrometry	data-dependent acquisition	NT=label free sample;AC=MS:1002038	1	1	not available	NT=Trypsin;AC=MS:1001251	NT=Carbamidomethyl;AC=UNIMOD:4;TA=C;MT=Fixed	NT=Oxidation;AC=UNIMOD:21;TA=M;MT=Variable	not available	not available	NT=['BS3', 'DSSO'];AC=['XLMOD:02000', 'XLMOD:02056'];TA=['K,nterm', 'K,S,T,Y']	size exclusion chromatography (SEC)	not available	not available	not available	not available	F1902_fuerschj_086.raw	NT=ms-proteomics;VV=v1.1.0	NT=crosslinking;VV=v1.0.0
PXD014759_F1811_fuerschj_489	Saccharomyces cerevisiae	whole cell lysate	not available	22	PXD014759_F1811_fuerschj_489_assay	proteomic profiling by mass spectrometry	data-dependent acquisition	NT=label free sample;AC=MS:1002038	1	1	not available	NT=Trypsin;AC=MS:1001251	NT=Carbamidomethyl;AC=UNIMOD:4;TA=C;MT=Fixed	NT=Oxidation;AC=UNIMOD:21;TA=M;MT=Variable	not available	not available	NT=['BS3', 'DSSO'];AC=['XLMOD:02000', 'XLMOD:02056'];TA=['K,nterm', 'K,S,T,Y']	size exclusion chromatography (SEC)	not available	not available	not available	not available	F1811_fuerschj_489.raw	NT=ms-proteomics;VV=v1.1.0	NT=crosslinking;VV=v1.0.0
PXD014759_F1901_fuerschj_351	Saccharomyces cerevisiae	whole cell lysate	not available	23	PXD014759_F1901_fuerschj_351_assay	proteomic profiling by mass spectrometry	data-dependent acquisition	NT=label free sample;AC=MS:1002038	1	1	not available	NT=Trypsin;AC=MS:1001251	NT=Carbamidomethyl;AC=UNIMOD:4;TA=C;MT=Fixed	NT=Oxidation;AC=UNIMOD:21;TA=M;MT=Variable	not available	not available	NT=['BS3', 'DSSO'];AC=['XLMOD:02000', 'XLMOD:02056'];TA=['K,nterm', 'K,S,T,Y']	size exclusion chromatography (SEC)	not available	not available	not available	not available	F1901_fuerschj_351.raw	NT=ms-proteomics;VV=v1.1.0	NT=crosslinking;VV=v1.0.0
PXD014759_F1811_fuerschj_446	Saccharomyces cerevisiae	whole cell lysate	not available	24	PXD014759_F1811_fuerschj_446_assay	proteomic profiling by mass spectrometry	data-dependent acquisition	NT=label free sample;AC=MS:1002038	1	1	not available	NT=Trypsin;AC=MS:1001251	NT=Carbamidomethyl;AC=UNIMOD:4;TA=C;MT=Fixed	NT=Oxidation;AC=UNIMOD:21;TA=M;MT=Variable	not available	not available	NT=['BS3', 'DSSO'];AC=['XLMOD:02000', 'XLMOD:02056'];TA=['K,nterm', 'K,S,T,Y']	size exclusion chromatography (SEC)	not available	not available	not available	not available	F1811_fuerschj_446.raw	NT=ms-proteomics;VV=v1.1.0	NT=crosslinking;VV=v1.0.0
PXD014759_F1902_fuerschj_096	Saccharomyces cerevisiae	whole cell lysate	not available	25	PXD014759_F1902_fuerschj_096_assay	proteomic profiling by mass spectrometry	data-dependent acquisition	NT=label free sample;AC=MS:1002038	1	1	not available	NT=Trypsin;AC=MS:1001251	NT=Carbamidomethyl;AC=UNIMOD:4;TA=C;MT=Fixed	NT=Oxidation;AC=UNIMOD:21;TA=M;MT=Variable	not available	not available	NT=['BS3', 'DSSO'];AC=['XLMOD:02000', 'XLMOD:02056'];TA=['K,nterm', 'K,S,T,Y']	size exclusion chromatography (SEC)	not available	not available	not available	not available	F1902_fuerschj_096.raw	NT=ms-proteomics;VV=v1.1.0	NT=crosslinking;VV=v1.0.0
PXD014759_F1811_fuerschj_484	Saccharomyces cerevisiae	whole cell lysate	not available	26	PXD014759_F1811_fuerschj_484_assay	proteomic profiling by mass spectrometry	data-dependent acquisition	NT=label free sample;AC=MS:1002038	1	1	not available	NT=Trypsin;AC=MS:1001251	NT=Carbamidomethyl;AC=UNIMOD:4;TA=C;MT=Fixed	NT=Oxidation;AC=UNIMOD:21;TA=M;MT=Variable	not available	not available	NT=['BS3', 'DSSO'];AC=['XLMOD:02000', 'XLMOD:02056'];TA=['K,nterm', 'K,S,T,Y']	size exclusion chromatography (SEC)	not available	not available	not available	not available	F1811_fuerschj_484.raw	NT=ms-proteomics;VV=v1.1.0	NT=crosslinking;VV=v1.0.0
PXD014759_F1901_fuerschj_343	Saccharomyces cerevisiae	whole cell lysate	not available	27	PXD014759_F1901_fuerschj_343_assay	proteomic profiling by mass spectrometry	data-dependent acquisition	NT=label free sample;AC=MS:1002038	1	1	not available	NT=Trypsin;AC=MS:1001251	NT=Carbamidomethyl;AC=UNIMOD:4;TA=C;MT=Fixed	NT=Oxidation;AC=UNIMOD:21;TA=M;MT=Variable	not available	not available	NT=['BS3', 'DSSO'];AC=['XLMOD:02000', 'XLMOD:02056'];TA=['K,nterm', 'K,S,T,Y']	size exclusion chromatography (SEC)	not available	not available	not available	not available	F1901_fuerschj_343.raw	NT=ms-proteomics;VV=v1.1.0	NT=crosslinking;VV=v1.0.0
PXD014759_F1811_fuerschj_497	Saccharomyces cerevisiae	whole cell lysate	not available	28	PXD014759_F1811_fuerschj_497_assay	proteomic profiling by mass spectrometry	data-dependent acquisition	NT=label free sample;AC=MS:1002038	1	1	not available	NT=Trypsin;AC=MS:1001251	NT=Carbamidomethyl;AC=UNIMOD:4;TA=C;MT=Fixed	NT=Oxidation;AC=UNIMOD:21;TA=M;MT=Variable	not available	not available	NT=['BS3', 'DSSO'];AC=['XLMOD:02000', 'XLMOD:02056'];TA=['K,nterm', 'K,S,T,Y']	size exclusion chromatography (SEC)	not available	not available	not available	not available	F1811_fuerschj_497.raw	NT=ms-proteomics;VV=v1.1.0	NT=crosslinking;VV=v1.0.0
PXD014759_F1811_fuerschj_542	Saccharomyces cerevisiae	whole cell lysate	not available	29	PXD014759_F1811_fuerschj_542_assay	proteomic profiling by mass spectrometry	data-dependent acquisition	NT=label free sample;AC=MS:1002038	1	1	not available	NT=Trypsin;AC=MS:1001251	NT=Carbamidomethyl;AC=UNIMOD:4;TA=C;MT=Fixed	NT=Oxidation;AC=UNIMOD:21;TA=M;MT=Variable	not available	not available	NT=['BS3', 'DSSO'];AC=['XLMOD:02000', 'XLMOD:02056'];TA=['K,nterm', 'K,S,T,Y']	size exclusion chromatography (SEC)	not available	not available	not available	not available	F1811_fuerschj_542.raw	NT=ms-proteomics;VV=v1.1.0	NT=crosslinking;VV=v1.0.0
PXD014759_F1811_fuerschj_549	Saccharomyces cerevisiae	whole cell lysate	not available	30	PXD014759_F1811_fuerschj_549_assay	proteomic profiling by mass spectrometry	data-dependent acquisition	NT=label free sample;AC=MS:1002038	1	1	not available	NT=Trypsin;AC=MS:1001251	NT=Carbamidomethyl;AC=UNIMOD:4;TA=C;MT=Fixed	NT=Oxidation;AC=UNIMOD:21;TA=M;MT=Variable	not available	not available	NT=['BS3', 'DSSO'];AC=['XLMOD:02000', 'XLMOD:02056'];TA=['K,nterm', 'K,S,T,Y']	size exclusion chromatography (SEC)	not available	not available	not available	not available	F1811_fuerschj_549.raw	NT=ms-proteomics;VV=v1.1.0	NT=crosslinking;VV=v1.0.0
PXD014759_F1811_fuerschj_506	Saccharomyces cerevisiae	whole cell lysate	not available	31	PXD014759_F1811_fuerschj_506_assay	proteomic profiling by mass spectrometry	data-dependent acquisition	NT=label free sample;AC=MS:1002038	1	1	not available	NT=Trypsin;AC=MS:1001251	NT=Carbamidomethyl;AC=UNIMOD:4;TA=C;MT=Fixed	NT=Oxidation;AC=UNIMOD:21;TA=M;MT=Variable	not available	not available	NT=['BS3', 'DSSO'];AC=['XLMOD:02000', 'XLMOD:02056'];TA=['K,nterm', 'K,S,T,Y']	size exclusion chromatography (SEC)	not available	not available	not available	not available	F1811_fuerschj_506.raw	NT=ms-proteomics;VV=v1.1.0	NT=crosslinking;VV=v1.0.0
PXD014759_F1811_fuerschj_488	Saccharomyces cerevisiae	whole cell lysate	not available	32	PXD014759_F1811_fuerschj_488_assay	proteomic profiling by mass spectrometry	data-dependent acquisition	NT=label free sample;AC=MS:1002038	1	1	not available	NT=Trypsin;AC=MS:1001251	NT=Carbamidomethyl;AC=UNIMOD:4;TA=C;MT=Fixed	NT=Oxidation;AC=UNIMOD:21;TA=M;MT=Variable	not available	not available	NT=['BS3', 'DSSO'];AC=['XLMOD:02000', 'XLMOD:02056'];TA=['K,nterm', 'K,S,T,Y']	size exclusion chromatography (SEC)	not available	not available	not available	not available	F1811_fuerschj_488.raw	NT=ms-proteomics;VV=v1.1.0	NT=crosslinking;VV=v1.0.0
PXD014759_F1902_fuerschj_012	Saccharomyces cerevisiae	whole cell lysate	not available	33	PXD014759_F1902_fuerschj_012_assay	proteomic profiling by mass spectrometry	data-dependent acquisition	NT=label free sample;AC=MS:1002038	1	1	not available	NT=Trypsin;AC=MS:1001251	NT=Carbamidomethyl;AC=UNIMOD:4;TA=C;MT=Fixed	NT=Oxidation;AC=UNIMOD:21;TA=M;MT=Variable	not available	not available	NT=['BS3', 'DSSO'];AC=['XLMOD:02000', 'XLMOD:02056'];TA=['K,nterm', 'K,S,T,Y']	size exclusion chromatography (SEC)	not available	not available	not available	not available	F1902_fuerschj_012.raw	NT=ms-proteomics;VV=v1.1.0	NT=crosslinking;VV=v1.0.0
PXD014759_F1902_fuerschj_062	Saccharomyces cerevisiae	whole cell lysate	not available	34	PXD014759_F1902_fuerschj_062_assay	proteomic profiling by mass spectrometry	data-dependent acquisition	NT=label free sample;AC=MS:1002038	1	1	not available	NT=Trypsin;AC=MS:1001251	NT=Carbamidomethyl;AC=UNIMOD:4;TA=C;MT=Fixed	NT=Oxidation;AC=UNIMOD:21;TA=M;MT=Variable	not available	not available	NT=['BS3', 'DSSO'];AC=['XLMOD:02000', 'XLMOD:02056'];TA=['K,nterm', 'K,S,T,Y']	size exclusion chromatography (SEC)	not available	not available	not available	not available	F1902_fuerschj_062.raw	NT=ms-proteomics;VV=v1.1.0	NT=crosslinking;VV=v1.0.0
PXD014759_F1811_fuerschj_430	Saccharomyces cerevisiae	whole cell lysate	not available	35	PXD014759_F1811_fuerschj_430_assay	proteomic profiling by mass spectrometry	data-dependent acquisition	NT=label free sample;AC=MS:1002038	1	1	not available	NT=Trypsin;AC=MS:1001251	NT=Carbamidomethyl;AC=UNIMOD:4;TA=C;MT=Fixed	NT=Oxidation;AC=UNIMOD:21;TA=M;MT=Variable	not available	not available	NT=['BS3', 'DSSO'];AC=['XLMOD:02000', 'XLMOD:02056'];TA=['K,nterm', 'K,S,T,Y']	size exclusion chromatography (SEC)	not available	not available	not available	not available	F1811_fuerschj_430.raw	NT=ms-proteomics;VV=v1.1.0	NT=crosslinking;VV=v1.0.0
PXD014759_F1811_fuerschj_504	Saccharomyces cerevisiae	whole cell lysate	not available	36	PXD014759_F1811_fuerschj_504_assay	proteomic profiling by mass spectrometry	data-dependent acquisition	NT=label free sample;AC=MS:1002038	1	1	not available	NT=Trypsin;AC=MS:1001251	NT=Carbamidomethyl;AC=UNIMOD:4;TA=C;MT=Fixed	NT=Oxidation;AC=UNIMOD:21;TA=M;MT=Variable	not available	not available	NT=['BS3', 'DSSO'];AC=['XLMOD:02000', 'XLMOD:02056'];TA=['K,nterm', 'K,S,T,Y']	size exclusion chromatography (SEC)	not available	not available	not available	not available	F1811_fuerschj_504.raw	NT=ms-proteomics;VV=v1.1.0	NT=crosslinking;VV=v1.0.0
PXD014759_F1811_fuerschj_474	Saccharomyces cerevisiae	whole cell lysate	not available	37	PXD014759_F1811_fuerschj_474_assay	proteomic profiling by mass spectrometry	data-dependent acquisition	NT=label free sample;AC=MS:1002038	1	1	not available	NT=Trypsin;AC=MS:1001251	NT=Carbamidomethyl;AC=UNIMOD:4;TA=C;MT=Fixed	NT=Oxidation;AC=UNIMOD:21;TA=M;MT=Variable	not available	not available	NT=['BS3', 'DSSO'];AC=['XLMOD:02000', 'XLMOD:02056'];TA=['K,nterm', 'K,S,T,Y']	size exclusion chromatography (SEC)	not available	not available	not available	not available	F1811_fuerschj_474.raw	NT=ms-proteomics;VV=v1.1.0	NT=crosslinking;VV=v1.0.0
PXD014759_F1811_fuerschj_496	Saccharomyces cerevisiae	whole cell lysate	not available	38	PXD014759_F1811_fuerschj_496_assay	proteomic profiling by mass spectrometry	data-dependent acquisition	NT=label free sample;AC=MS:1002038	1	1	not available	NT=Trypsin;AC=MS:1001251	NT=Carbamidomethyl;AC=UNIMOD:4;TA=C;MT=Fixed	NT=Oxidation;AC=UNIMOD:21;TA=M;MT=Variable	not available	not available	NT=['BS3', 'DSSO'];AC=['XLMOD:02000', 'XLMOD:02056'];TA=['K,nterm', 'K,S,T,Y']	size exclusion chromatography (SEC)	not available	not available	not available	not available	F1811_fuerschj_496.raw	NT=ms-proteomics;VV=v1.1.0	NT=crosslinking;VV=v1.0.0
PXD014759_F1811_fuerschj_486	Saccharomyces cerevisiae	whole cell lysate	not available	39	PXD014759_F1811_fuerschj_486_assay	proteomic profiling by mass spectrometry	data-dependent acquisition	NT=label free sample;AC=MS:1002038	1	1	not available	NT=Trypsin;AC=MS:1001251	NT=Carbamidomethyl;AC=UNIMOD:4;TA=C;MT=Fixed	NT=Oxidation;AC=UNIMOD:21;TA=M;MT=Variable	not available	not available	NT=['BS3', 'DSSO'];AC=['XLMOD:02000', 'XLMOD:02056'];TA=['K,nterm', 'K,S,T,Y']	size exclusion chromatography (SEC)	not available	not available	not available	not available	F1811_fuerschj_486.raw	NT=ms-proteomics;VV=v1.1.0	NT=crosslinking;VV=v1.0.0
PXD014759_F1811_fuerschj_472	Saccharomyces cerevisiae	whole cell lysate	not available	40	PXD014759_F1811_fuerschj_472_assay	proteomic profiling by mass spectrometry	data-dependent acquisition	NT=label free sample;AC=MS:1002038	1	1	not available	NT=Trypsin;AC=MS:1001251	NT=Carbamidomethyl;AC=UNIMOD:4;TA=C;MT=Fixed	NT=Oxidation;AC=UNIMOD:21;TA=M;MT=Variable	not available	not available	NT=['BS3', 'DSSO'];AC=['XLMOD:02000', 'XLMOD:02056'];TA=['K,nterm', 'K,S,T,Y']	size exclusion chromatography (SEC)	not available	not available	not available	not available	F1811_fuerschj_472.raw	NT=ms-proteomics;VV=v1.1.0	NT=crosslinking;VV=v1.0.0
PXD014759_F1901_fuerschj_308	Saccharomyces cerevisiae	whole cell lysate	not available	41	PXD014759_F1901_fuerschj_308_assay	proteomic profiling by mass spectrometry	data-dependent acquisition	NT=label free sample;AC=MS:1002038	1	1	not available	NT=Trypsin;AC=MS:1001251	NT=Carbamidomethyl;AC=UNIMOD:4;TA=C;MT=Fixed	NT=Oxidation;AC=UNIMOD:21;TA=M;MT=Variable	not available	not available	NT=['BS3', 'DSSO'];AC=['XLMOD:02000', 'XLMOD:02056'];TA=['K,nterm', 'K,S,T,Y']	size exclusion chromatography (SEC)	not available	not available	not available	not available	F1901_fuerschj_308.raw	NT=ms-proteomics;VV=v1.1.0	NT=crosslinking;VV=v1.0.0
PXD014759_F1901_fuerschj_315	Saccharomyces cerevisiae	whole cell lysate	not available	42	PXD014759_F1901_fuerschj_315_assay	proteomic profiling by mass spectrometry	data-dependent acquisition	NT=label free sample;AC=MS:1002038	1	1	not available	NT=Trypsin;AC=MS:1001251	NT=Carbamidomethyl;AC=UNIMOD:4;TA=C;MT=Fixed	NT=Oxidation;AC=UNIMOD:21;TA=M;MT=Variable	not available	not available	NT=['BS3', 'DSSO'];AC=['XLMOD:02000', 'XLMOD:02056'];TA=['K,nterm', 'K,S,T,Y']	size exclusion chromatography (SEC)	not available	not available	not available	not available	F1901_fuerschj_315.raw	NT=ms-proteomics;VV=v1.1.0	NT=crosslinking;VV=v1.0.0
PXD014759_F1902_fuerschj_042	Saccharomyces cerevisiae	whole cell lysate	not available	43	PXD014759_F1902_fuerschj_042_assay	proteomic profiling by mass spectrometry	data-dependent acquisition	NT=label free sample;AC=MS:1002038	1	1	not available	NT=Trypsin;AC=MS:1001251	NT=Carbamidomethyl;AC=UNIMOD:4;TA=C;MT=Fixed	NT=Oxidation;AC=UNIMOD:21;TA=M;MT=Variable	not available	not available	NT=['BS3', 'DSSO'];AC=['XLMOD:02000', 'XLMOD:02056'];TA=['K,nterm', 'K,S,T,Y']	size exclusion chromatography (SEC)	not available	not available	not available	not available	F1902_fuerschj_042.raw	NT=ms-proteomics;VV=v1.1.0	NT=crosslinking;VV=v1.0.0
PXD014759_F1902_fuerschj_090	Saccharomyces cerevisiae	whole cell lysate	not available	44	PXD014759_F1902_fuerschj_090_assay	proteomic profiling by mass spectrometry	data-dependent acquisition	NT=label free sample;AC=MS:1002038	1	1	not available	NT=Trypsin;AC=MS:1001251	NT=Carbamidomethyl;AC=UNIMOD:4;TA=C;MT=Fixed	NT=Oxidation;AC=UNIMOD:21;TA=M;MT=Variable	not available	not available	NT=['BS3', 'DSSO'];AC=['XLMOD:02000', 'XLMOD:02056'];TA=['K,nterm', 'K,S,T,Y']	size exclusion chromatography (SEC)	not available	not available	not available	not available	F1902_fuerschj_090.raw	NT=ms-proteomics;VV=v1.1.0	NT=crosslinking;VV=v1.0.0
PXD014759_F1811_fuerschj_546	Saccharomyces cerevisiae	whole cell lysate	not available	45	PXD014759_F1811_fuerschj_546_assay	proteomic profiling by mass spectrometry	data-dependent acquisition	NT=label free sample;AC=MS:1002038	1	1	not available	NT=Trypsin;AC=MS:1001251	NT=Carbamidomethyl;AC=UNIMOD:4;TA=C;MT=Fixed	NT=Oxidation;AC=UNIMOD:21;TA=M;MT=Variable	not available	not available	NT=['BS3', 'DSSO'];AC=['XLMOD:02000', 'XLMOD:02056'];TA=['K,nterm', 'K,S,T,Y']	size exclusion chromatography (SEC)	not available	not available	not available	not available	F1811_fuerschj_546.raw	NT=ms-proteomics;VV=v1.1.0	NT=crosslinking;VV=v1.0.0
PXD014759_F1902_fuerschj_044	Saccharomyces cerevisiae	whole cell lysate	not available	46	PXD014759_F1902_fuerschj_044_assay	proteomic profiling by mass spectrometry	data-dependent acquisition	NT=label free sample;AC=MS:1002038	1	1	not available	NT=Trypsin;AC=MS:1001251	NT=Carbamidomethyl;AC=UNIMOD:4;TA=C;MT=Fixed	NT=Oxidation;AC=UNIMOD:21;TA=M;MT=Variable	not available	not available	NT=['BS3', 'DSSO'];AC=['XLMOD:02000', 'XLMOD:02056'];TA=['K,nterm', 'K,S,T,Y']	size exclusion chromatography (SEC)	not available	not available	not available	not available	F1902_fuerschj_044.raw	NT=ms-proteomics;VV=v1.1.0	NT=crosslinking;VV=v1.0.0
PXD014759_F1901_fuerschj_316	Saccharomyces cerevisiae	whole cell lysate	not available	47	PXD014759_F1901_fuerschj_316_assay	proteomic profiling by mass spectrometry	data-dependent acquisition	NT=label free sample;AC=MS:1002038	1	1	not available	NT=Trypsin;AC=MS:1001251	NT=Carbamidomethyl;AC=UNIMOD:4;TA=C;MT=Fixed	NT=Oxidation;AC=UNIMOD:21;TA=M;MT=Variable	not available	not available	NT=['BS3', 'DSSO'];AC=['XLMOD:02000', 'XLMOD:02056'];TA=['K,nterm', 'K,S,T,Y']	size exclusion chromatography (SEC)	not available	not available	not available	not available	F1901_fuerschj_316.raw	NT=ms-proteomics;VV=v1.1.0	NT=crosslinking;VV=v1.0.0
PXD014759_F1811_fuerschj_444	Saccharomyces cerevisiae	whole cell lysate	not available	48	PXD014759_F1811_fuerschj_444_assay	proteomic profiling by mass spectrometry	data-dependent acquisition	NT=label free sample;AC=MS:1002038	1	1	not available	NT=Trypsin;AC=MS:1001251	NT=Carbamidomethyl;AC=UNIMOD:4;TA=C;MT=Fixed	NT=Oxidation;AC=UNIMOD:21;TA=M;MT=Variable	not available	not available	NT=['BS3', 'DSSO'];AC=['XLMOD:02000', 'XLMOD:02056'];TA=['K,nterm', 'K,S,T,Y']	size exclusion chromatography (SEC)	not available	not available	not available	not available	F1811_fuerschj_444.raw	NT=ms-proteomics;VV=v1.1.0	NT=crosslinking;VV=v1.0.0
PXD014759_F1811_fuerschj_438	Saccharomyces cerevisiae	whole cell lysate	not available	49	PXD014759_F1811_fuerschj_438_assay	proteomic profiling by mass spectrometry	data-dependent acquisition	NT=label free sample;AC=MS:1002038	1	1	not available	NT=Trypsin;AC=MS:1001251	NT=Carbamidomethyl;AC=UNIMOD:4;TA=C;MT=Fixed	NT=Oxidation;AC=UNIMOD:21;TA=M;MT=Variable	not available	not available	NT=['BS3', 'DSSO'];AC=['XLMOD:02000', 'XLMOD:02056'];TA=['K,nterm', 'K,S,T,Y']	size exclusion chromatography (SEC)	not available	not available	not available	not available	F1811_fuerschj_438.raw	NT=ms-proteomics;VV=v1.1.0	NT=crosslinking;VV=v1.0.0
PXD014759_F1901_fuerschj_355	Saccharomyces cerevisiae	whole cell lysate	not available	50	PXD014759_F1901_fuerschj_355_assay	proteomic profiling by mass spectrometry	data-dependent acquisition	NT=label free sample;AC=MS:1002038	1	1	not available	NT=Trypsin;AC=MS:1001251	NT=Carbamidomethyl;AC=UNIMOD:4;TA=C;MT=Fixed	NT=Oxidation;AC=UNIMOD:21;TA=M;MT=Variable	not available	not available	NT=['BS3', 'DSSO'];AC=['XLMOD:02000', 'XLMOD:02056'];TA=['K,nterm', 'K,S,T,Y']	size exclusion chromatography (SEC)	not available	not available	not available	not available	F1901_fuerschj_355.raw	NT=ms-proteomics;VV=v1.1.0	NT=crosslinking;VV=v1.0.0
PXD014759_F1811_fuerschj_460	Saccharomyces cerevisiae	whole cell lysate	not available	51	PXD014759_F1811_fuerschj_460_assay	proteomic profiling by mass spectrometry	data-dependent acquisition	NT=label free sample;AC=MS:1002038	1	1	not available	NT=Trypsin;AC=MS:1001251	NT=Carbamidomethyl;AC=UNIMOD:4;TA=C;MT=Fixed	NT=Oxidation;AC=UNIMOD:21;TA=M;MT=Variable	not available	not available	NT=['BS3', 'DSSO'];AC=['XLMOD:02000', 'XLMOD:02056'];TA=['K,nterm', 'K,S,T,Y']	size exclusion chromatography (SEC)	not available	not available	not available	not available	F1811_fuerschj_460.raw	NT=ms-proteomics;VV=v1.1.0	NT=crosslinking;VV=v1.0.0
PXD014759_F1811_fuerschj_539	Saccharomyces cerevisiae	whole cell lysate	not available	52	PXD014759_F1811_fuerschj_539_assay	proteomic profiling by mass spectrometry	data-dependent acquisition	NT=label free sample;AC=MS:1002038	1	1	not available	NT=Trypsin;AC=MS:1001251	NT=Carbamidomethyl;AC=UNIMOD:4;TA=C;MT=Fixed	NT=Oxidation;AC=UNIMOD:21;TA=M;MT=Variable	not available	not available	NT=['BS3', 'DSSO'];AC=['XLMOD:02000', 'XLMOD:02056'];TA=['K,nterm', 'K,S,T,Y']	size exclusion chromatography (SEC)	not available	not available	not available	not available	F1811_fuerschj_539.raw	NT=ms-proteomics;VV=v1.1.0	NT=crosslinking;VV=v1.0.0
PXD014759_F1811_fuerschj_557	Saccharomyces cerevisiae	whole cell lysate	not available	53	PXD014759_F1811_fuerschj_557_assay	proteomic profiling by mass spectrometry	data-dependent acquisition	NT=label free sample;AC=MS:1002038	1	1	not available	NT=Trypsin;AC=MS:1001251	NT=Carbamidomethyl;AC=UNIMOD:4;TA=C;MT=Fixed	NT=Oxidation;AC=UNIMOD:21;TA=M;MT=Variable	not available	not available	NT=['BS3', 'DSSO'];AC=['XLMOD:02000', 'XLMOD:02056'];TA=['K,nterm', 'K,S,T,Y']	size exclusion chromatography (SEC)	not available	not available	not available	not available	F1811_fuerschj_557.raw	NT=ms-proteomics;VV=v1.1.0	NT=crosslinking;VV=v1.0.0
PXD014759_F1811_fuerschj_515	Saccharomyces cerevisiae	whole cell lysate	not available	54	PXD014759_F1811_fuerschj_515_assay	proteomic profiling by mass spectrometry	data-dependent acquisition	NT=label free sample;AC=MS:1002038	1	1	not available	NT=Trypsin;AC=MS:1001251	NT=Carbamidomethyl;AC=UNIMOD:4;TA=C;MT=Fixed	NT=Oxidation;AC=UNIMOD:21;TA=M;MT=Variable	not available	not available	NT=['BS3', 'DSSO'];AC=['XLMOD:02000', 'XLMOD:02056'];TA=['K,nterm', 'K,S,T,Y']	size exclusion chromatography (SEC)	not available	not available	not available	not available	F1811_fuerschj_515.raw	NT=ms-proteomics;VV=v1.1.0	NT=crosslinking;VV=v1.0.0
PXD014759_F1811_fuerschj_568	Saccharomyces cerevisiae	whole cell lysate	not available	55	PXD014759_F1811_fuerschj_568_assay	proteomic profiling by mass spectrometry	data-dependent acquisition	NT=label free sample;AC=MS:1002038	1	1	not available	NT=Trypsin;AC=MS:1001251	NT=Carbamidomethyl;AC=UNIMOD:4;TA=C;MT=Fixed	NT=Oxidation;AC=UNIMOD:21;TA=M;MT=Variable	not available	not available	NT=['BS3', 'DSSO'];AC=['XLMOD:02000', 'XLMOD:02056'];TA=['K,nterm', 'K,S,T,Y']	size exclusion chromatography (SEC)	not available	not available	not available	not available	F1811_fuerschj_568.raw	NT=ms-proteomics;VV=v1.1.0	NT=crosslinking;VV=v1.0.0
PXD014759_F1901_fuerschj_362	Saccharomyces cerevisiae	whole cell lysate	not available	56	PXD014759_F1901_fuerschj_362_assay	proteomic profiling by mass spectrometry	data-dependent acquisition	NT=label free sample;AC=MS:1002038	1	1	not available	NT=Trypsin;AC=MS:1001251	NT=Carbamidomethyl;AC=UNIMOD:4;TA=C;MT=Fixed	NT=Oxidation;AC=UNIMOD:21;TA=M;MT=Variable	not available	not available	NT=['BS3', 'DSSO'];AC=['XLMOD:02000', 'XLMOD:02056'];TA=['K,nterm', 'K,S,T,Y']	size exclusion chromatography (SEC)	not available	not available	not available	not available	F1901_fuerschj_362.raw	NT=ms-proteomics;VV=v1.1.0	NT=crosslinking;VV=v1.0.0
PXD014759_F1811_fuerschj_543	Saccharomyces cerevisiae	whole cell lysate	not available	57	PXD014759_F1811_fuerschj_543_assay	proteomic profiling by mass spectrometry	data-dependent acquisition	NT=label free sample;AC=MS:1002038	1	1	not available	NT=Trypsin;AC=MS:1001251	NT=Carbamidomethyl;AC=UNIMOD:4;TA=C;MT=Fixed	NT=Oxidation;AC=UNIMOD:21;TA=M;MT=Variable	not available	not available	NT=['BS3', 'DSSO'];AC=['XLMOD:02000', 'XLMOD:02056'];TA=['K,nterm', 'K,S,T,Y']	size exclusion chromatography (SEC)	not available	not available	not available	not available	F1811_fuerschj_543.raw	NT=ms-proteomics;VV=v1.1.0	NT=crosslinking;VV=v1.0.0
PXD014759_F1811_fuerschj_424	Saccharomyces cerevisiae	whole cell lysate	not available	58	PXD014759_F1811_fuerschj_424_assay	proteomic profiling by mass spectrometry	data-dependent acquisition	NT=label free sample;AC=MS:1002038	1	1	not available	NT=Trypsin;AC=MS:1001251	NT=Carbamidomethyl;AC=UNIMOD:4;TA=C;MT=Fixed	NT=Oxidation;AC=UNIMOD:21;TA=M;MT=Variable	not available	not available	NT=['BS3', 'DSSO'];AC=['XLMOD:02000', 'XLMOD:02056'];TA=['K,nterm', 'K,S,T,Y']	size exclusion chromatography (SEC)	not available	not available	not available	not available	F1811_fuerschj_424.raw	NT=ms-proteomics;VV=v1.1.0	NT=crosslinking;VV=v1.0.0
PXD014759_F1811_fuerschj_428	Saccharomyces cerevisiae	whole cell lysate	not available	59	PXD014759_F1811_fuerschj_428_assay	proteomic profiling by mass spectrometry	data-dependent acquisition	NT=label free sample;AC=MS:1002038	1	1	not available	NT=Trypsin;AC=MS:1001251	NT=Carbamidomethyl;AC=UNIMOD:4;TA=C;MT=Fixed	NT=Oxidation;AC=UNIMOD:21;TA=M;MT=Variable	not available	not available	NT=['BS3', 'DSSO'];AC=['XLMOD:02000', 'XLMOD:02056'];TA=['K,nterm', 'K,S,T,Y']	size exclusion chromatography (SEC)	not available	not available	not available	not available	F1811_fuerschj_428.raw	NT=ms-proteomics;VV=v1.1.0	NT=crosslinking;VV=v1.0.0
PXD014759_F1902_fuerschj_019	Saccharomyces cerevisiae	whole cell lysate	not available	60	PXD014759_F1902_fuerschj_019_assay	proteomic profiling by mass spectrometry	data-dependent acquisition	NT=label free sample;AC=MS:1002038	1	1	not available	NT=Trypsin;AC=MS:1001251	NT=Carbamidomethyl;AC=UNIMOD:4;TA=C;MT=Fixed	NT=Oxidation;AC=UNIMOD:21;TA=M;MT=Variable	not available	not available	NT=['BS3', 'DSSO'];AC=['XLMOD:02000', 'XLMOD:02056'];TA=['K,nterm', 'K,S,T,Y']	size exclusion chromatography (SEC)	not available	not available	not available	not available	F1902_fuerschj_019.raw	NT=ms-proteomics;VV=v1.1.0	NT=crosslinking;VV=v1.0.0
PXD014759_F1901_fuerschj_363	Saccharomyces cerevisiae	whole cell lysate	not available	61	PXD014759_F1901_fuerschj_363_assay	proteomic profiling by mass spectrometry	data-dependent acquisition	NT=label free sample;AC=MS:1002038	1	1	not available	NT=Trypsin;AC=MS:1001251	NT=Carbamidomethyl;AC=UNIMOD:4;TA=C;MT=Fixed	NT=Oxidation;AC=UNIMOD:21;TA=M;MT=Variable	not available	not available	NT=['BS3', 'DSSO'];AC=['XLMOD:02000', 'XLMOD:02056'];TA=['K,nterm', 'K,S,T,Y']	size exclusion chromatography (SEC)	not available	not available	not available	not available	F1901_fuerschj_363.raw	NT=ms-proteomics;VV=v1.1.0	NT=crosslinking;VV=v1.0.0
PXD014759_F1902_fuerschj_029	Saccharomyces cerevisiae	whole cell lysate	not available	62	PXD014759_F1902_fuerschj_029_assay	proteomic profiling by mass spectrometry	data-dependent acquisition	NT=label free sample;AC=MS:1002038	1	1	not available	NT=Trypsin;AC=MS:1001251	NT=Carbamidomethyl;AC=UNIMOD:4;TA=C;MT=Fixed	NT=Oxidation;AC=UNIMOD:21;TA=M;MT=Variable	not available	not available	NT=['BS3', 'DSSO'];AC=['XLMOD:02000', 'XLMOD:02056'];TA=['K,nterm', 'K,S,T,Y']	size exclusion chromatography (SEC)	not available	not available	not available	not available	F1902_fuerschj_029.raw	NT=ms-proteomics;VV=v1.1.0	NT=crosslinking;VV=v1.0.0
PXD014759_F1902_fuerschj_014	Saccharomyces cerevisiae	whole cell lysate	not available	63	PXD014759_F1902_fuerschj_014_assay	proteomic profiling by mass spectrometry	data-dependent acquisition	NT=label free sample;AC=MS:1002038	1	1	not available	NT=Trypsin;AC=MS:1001251	NT=Carbamidomethyl;AC=UNIMOD:4;TA=C;MT=Fixed	NT=Oxidation;AC=UNIMOD:21;TA=M;MT=Variable	not available	not available	NT=['BS3', 'DSSO'];AC=['XLMOD:02000', 'XLMOD:02056'];TA=['K,nterm', 'K,S,T,Y']	size exclusion chromatography (SEC)	not available	not available	not available	not available	F1902_fuerschj_014.raw	NT=ms-proteomics;VV=v1.1.0	NT=crosslinking;VV=v1.0.0
PXD014759_F1902_fuerschj_005	Saccharomyces cerevisiae	whole cell lysate	not available	64	PXD014759_F1902_fuerschj_005_assay	proteomic profiling by mass spectrometry	data-dependent acquisition	NT=label free sample;AC=MS:1002038	1	1	not available	NT=Trypsin;AC=MS:1001251	NT=Carbamidomethyl;AC=UNIMOD:4;TA=C;MT=Fixed	NT=Oxidation;AC=UNIMOD:21;TA=M;MT=Variable	not available	not available	NT=['BS3', 'DSSO'];AC=['XLMOD:02000', 'XLMOD:02056'];TA=['K,nterm', 'K,S,T,Y']	size exclusion chromatography (SEC)	not available	not available	not available	not available	F1902_fuerschj_005.raw	NT=ms-proteomics;VV=v1.1.0	NT=crosslinking;VV=v1.0.0
PXD014759_F1811_fuerschj_422	Saccharomyces cerevisiae	whole cell lysate	not available	65	PXD014759_F1811_fuerschj_422_assay	proteomic profiling by mass spectrometry	data-dependent acquisition	NT=label free sample;AC=MS:1002038	1	1	not available	NT=Trypsin;AC=MS:1001251	NT=Carbamidomethyl;AC=UNIMOD:4;TA=C;MT=Fixed	NT=Oxidation;AC=UNIMOD:21;TA=M;MT=Variable	not available	not available	NT=['BS3', 'DSSO'];AC=['XLMOD:02000', 'XLMOD:02056'];TA=['K,nterm', 'K,S,T,Y']	size exclusion chromatography (SEC)	not available	not available	not available	not available	F1811_fuerschj_422.raw	NT=ms-proteomics;VV=v1.1.0	NT=crosslinking;VV=v1.0.0
PXD014759_F1811_fuerschj_511	Saccharomyces cerevisiae	whole cell lysate	not available	66	PXD014759_F1811_fuerschj_511_assay	proteomic profiling by mass spectrometry	data-dependent acquisition	NT=label free sample;AC=MS:1002038	1	1	not available	NT=Trypsin;AC=MS:1001251	NT=Carbamidomethyl;AC=UNIMOD:4;TA=C;MT=Fixed	NT=Oxidation;AC=UNIMOD:21;TA=M;MT=Variable	not available	not available	NT=['BS3', 'DSSO'];AC=['XLMOD:02000', 'XLMOD:02056'];TA=['K,nterm', 'K,S,T,Y']	size exclusion chromatography (SEC)	not available	not available	not available	not available	F1811_fuerschj_511.raw	NT=ms-proteomics;VV=v1.1.0	NT=crosslinking;VV=v1.0.0
PXD014759_F1901_fuerschj_367	Saccharomyces cerevisiae	whole cell lysate	not available	67	PXD014759_F1901_fuerschj_367_assay	proteomic profiling by mass spectrometry	data-dependent acquisition	NT=label free sample;AC=MS:1002038	1	1	not available	NT=Trypsin;AC=MS:1001251	NT=Carbamidomethyl;AC=UNIMOD:4;TA=C;MT=Fixed	NT=Oxidation;AC=UNIMOD:21;TA=M;MT=Variable	not available	not available	NT=['BS3', 'DSSO'];AC=['XLMOD:02000', 'XLMOD:02056'];TA=['K,nterm', 'K,S,T,Y']	size exclusion chromatography (SEC)	not available	not available	not available	not available	F1901_fuerschj_367.raw	NT=ms-proteomics;VV=v1.1.0	NT=crosslinking;VV=v1.0.0
PXD014759_F1902_fuerschj_010	Saccharomyces cerevisiae	whole cell lysate	not available	68	PXD014759_F1902_fuerschj_010_assay	proteomic profiling by mass spectrometry	data-dependent acquisition	NT=label free sample;AC=MS:1002038	1	1	not available	NT=Trypsin;AC=MS:1001251	NT=Carbamidomethyl;AC=UNIMOD:4;TA=C;MT=Fixed	NT=Oxidation;AC=UNIMOD:21;TA=M;MT=Variable	not available	not available	NT=['BS3', 'DSSO'];AC=['XLMOD:02000', 'XLMOD:02056'];TA=['K,nterm', 'K,S,T,Y']	size exclusion chromatography (SEC)	not available	not available	not available	not available	F1902_fuerschj_010.raw	NT=ms-proteomics;VV=v1.1.0	NT=crosslinking;VV=v1.0.0
PXD014759_F1811_fuerschj_487	Saccharomyces cerevisiae	whole cell lysate	not available	69	PXD014759_F1811_fuerschj_487_assay	proteomic profiling by mass spectrometry	data-dependent acquisition	NT=label free sample;AC=MS:1002038	1	1	not available	NT=Trypsin;AC=MS:1001251	NT=Carbamidomethyl;AC=UNIMOD:4;TA=C;MT=Fixed	NT=Oxidation;AC=UNIMOD:21;TA=M;MT=Variable	not available	not available	NT=['BS3', 'DSSO'];AC=['XLMOD:02000', 'XLMOD:02056'];TA=['K,nterm', 'K,S,T,Y']	size exclusion chromatography (SEC)	not available	not available	not available	not available	F1811_fuerschj_487.raw	NT=ms-proteomics;VV=v1.1.0	NT=crosslinking;VV=v1.0.0
PXD014759_F1811_fuerschj_467	Saccharomyces cerevisiae	whole cell lysate	not available	70	PXD014759_F1811_fuerschj_467_assay	proteomic profiling by mass spectrometry	data-dependent acquisition	NT=label free sample;AC=MS:1002038	1	1	not available	NT=Trypsin;AC=MS:1001251	NT=Carbamidomethyl;AC=UNIMOD:4;TA=C;MT=Fixed	NT=Oxidation;AC=UNIMOD:21;TA=M;MT=Variable	not available	not available	NT=['BS3', 'DSSO'];AC=['XLMOD:02000', 'XLMOD:02056'];TA=['K,nterm', 'K,S,T,Y']	size exclusion chromatography (SEC)	not available	not available	not available	not available	F1811_fuerschj_467.raw	NT=ms-proteomics;VV=v1.1.0	NT=crosslinking;VV=v1.0.0
PXD014759_F1902_fuerschj_053	Saccharomyces cerevisiae	whole cell lysate	not available	71	PXD014759_F1902_fuerschj_053_assay	proteomic profiling by mass spectrometry	data-dependent acquisition	NT=label free sample;AC=MS:1002038	1	1	not available	NT=Trypsin;AC=MS:1001251	NT=Carbamidomethyl;AC=UNIMOD:4;TA=C;MT=Fixed	NT=Oxidation;AC=UNIMOD:21;TA=M;MT=Variable	not available	not available	NT=['BS3', 'DSSO'];AC=['XLMOD:02000', 'XLMOD:02056'];TA=['K,nterm', 'K,S,T,Y']	size exclusion chromatography (SEC)	not available	not available	not available	not available	F1902_fuerschj_053.raw	NT=ms-proteomics;VV=v1.1.0	NT=crosslinking;VV=v1.0.0
PXD014759_F1811_fuerschj_459	Saccharomyces cerevisiae	whole cell lysate	not available	72	PXD014759_F1811_fuerschj_459_assay	proteomic profiling by mass spectrometry	data-dependent acquisition	NT=label free sample;AC=MS:1002038	1	1	not available	NT=Trypsin;AC=MS:1001251	NT=Carbamidomethyl;AC=UNIMOD:4;TA=C;MT=Fixed	NT=Oxidation;AC=UNIMOD:21;TA=M;MT=Variable	not available	not available	NT=['BS3', 'DSSO'];AC=['XLMOD:02000', 'XLMOD:02056'];TA=['K,nterm', 'K,S,T,Y']	size exclusion chromatography (SEC)	not available	not available	not available	not available	F1811_fuerschj_459.raw	NT=ms-proteomics;VV=v1.1.0	NT=crosslinking;VV=v1.0.0
PXD014759_F1811_fuerschj_567	Saccharomyces cerevisiae	whole cell lysate	not available	73	PXD014759_F1811_fuerschj_567_assay	proteomic profiling by mass spectrometry	data-dependent acquisition	NT=label free sample;AC=MS:1002038	1	1	not available	NT=Trypsin;AC=MS:1001251	NT=Carbamidomethyl;AC=UNIMOD:4;TA=C;MT=Fixed	NT=Oxidation;AC=UNIMOD:21;TA=M;MT=Variable	not available	not available	NT=['BS3', 'DSSO'];AC=['XLMOD:02000', 'XLMOD:02056'];TA=['K,nterm', 'K,S,T,Y']	size exclusion chromatography (SEC)	not available	not available	not available	not available	F1811_fuerschj_567.raw	NT=ms-proteomics;VV=v1.1.0	NT=crosslinking;VV=v1.0.0
PXD014759_F1901_fuerschj_324	Saccharomyces cerevisiae	whole cell lysate	not available	74	PXD014759_F1901_fuerschj_324_assay	proteomic profiling by mass spectrometry	data-dependent acquisition	NT=label free sample;AC=MS:1002038	1	1	not available	NT=Trypsin;AC=MS:1001251	NT=Carbamidomethyl;AC=UNIMOD:4;TA=C;MT=Fixed	NT=Oxidation;AC=UNIMOD:21;TA=M;MT=Variable	not available	not available	NT=['BS3', 'DSSO'];AC=['XLMOD:02000', 'XLMOD:02056'];TA=['K,nterm', 'K,S,T,Y']	size exclusion chromatography (SEC)	not available	not available	not available	not available	F1901_fuerschj_324.raw	NT=ms-proteomics;VV=v1.1.0	NT=crosslinking;VV=v1.0.0
PXD014759_F1811_fuerschj_434	Saccharomyces cerevisiae	whole cell lysate	not available	75	PXD014759_F1811_fuerschj_434_assay	proteomic profiling by mass spectrometry	data-dependent acquisition	NT=label free sample;AC=MS:1002038	1	1	not available	NT=Trypsin;AC=MS:1001251	NT=Carbamidomethyl;AC=UNIMOD:4;TA=C;MT=Fixed	NT=Oxidation;AC=UNIMOD:21;TA=M;MT=Variable	not available	not available	NT=['BS3', 'DSSO'];AC=['XLMOD:02000', 'XLMOD:02056'];TA=['K,nterm', 'K,S,T,Y']	size exclusion chromatography (SEC)	not available	not available	not available	not available	F1811_fuerschj_434.raw	NT=ms-proteomics;VV=v1.1.0	NT=crosslinking;VV=v1.0.0
PXD014759_F1811_fuerschj_416	Saccharomyces cerevisiae	whole cell lysate	not available	76	PXD014759_F1811_fuerschj_416_assay	proteomic profiling by mass spectrometry	data-dependent acquisition	NT=label free sample;AC=MS:1002038	1	1	not available	NT=Trypsin;AC=MS:1001251	NT=Carbamidomethyl;AC=UNIMOD:4;TA=C;MT=Fixed	NT=Oxidation;AC=UNIMOD:21;TA=M;MT=Variable	not available	not available	NT=['BS3', 'DSSO'];AC=['XLMOD:02000', 'XLMOD:02056'];TA=['K,nterm', 'K,S,T,Y']	size exclusion chromatography (SEC)	not available	not available	not available	not available	F1811_fuerschj_416.raw	NT=ms-proteomics;VV=v1.1.0	NT=crosslinking;VV=v1.0.0
PXD014759_F1902_fuerschj_049	Saccharomyces cerevisiae	whole cell lysate	not available	77	PXD014759_F1902_fuerschj_049_assay	proteomic profiling by mass spectrometry	data-dependent acquisition	NT=label free sample;AC=MS:1002038	1	1	not available	NT=Trypsin;AC=MS:1001251	NT=Carbamidomethyl;AC=UNIMOD:4;TA=C;MT=Fixed	NT=Oxidation;AC=UNIMOD:21;TA=M;MT=Variable	not available	not available	NT=['BS3', 'DSSO'];AC=['XLMOD:02000', 'XLMOD:02056'];TA=['K,nterm', 'K,S,T,Y']	size exclusion chromatography (SEC)	not available	not available	not available	not available	F1902_fuerschj_049.raw	NT=ms-proteomics;VV=v1.1.0	NT=crosslinking;VV=v1.0.0
PXD014759_F1811_fuerschj_518	Saccharomyces cerevisiae	whole cell lysate	not available	78	PXD014759_F1811_fuerschj_518_assay	proteomic profiling by mass spectrometry	data-dependent acquisition	NT=label free sample;AC=MS:1002038	1	1	not available	NT=Trypsin;AC=MS:1001251	NT=Carbamidomethyl;AC=UNIMOD:4;TA=C;MT=Fixed	NT=Oxidation;AC=UNIMOD:21;TA=M;MT=Variable	not available	not available	NT=['BS3', 'DSSO'];AC=['XLMOD:02000', 'XLMOD:02056'];TA=['K,nterm', 'K,S,T,Y']	size exclusion chromatography (SEC)	not available	not available	not available	not available	F1811_fuerschj_518.raw	NT=ms-proteomics;VV=v1.1.0	NT=crosslinking;VV=v1.0.0
PXD014759_F1811_fuerschj_566	Saccharomyces cerevisiae	whole cell lysate	not available	79	PXD014759_F1811_fuerschj_566_assay	proteomic profiling by mass spectrometry	data-dependent acquisition	NT=label free sample;AC=MS:1002038	1	1	not available	NT=Trypsin;AC=MS:1001251	NT=Carbamidomethyl;AC=UNIMOD:4;TA=C;MT=Fixed	NT=Oxidation;AC=UNIMOD:21;TA=M;MT=Variable	not available	not available	NT=['BS3', 'DSSO'];AC=['XLMOD:02000', 'XLMOD:02056'];TA=['K,nterm', 'K,S,T,Y']	size exclusion chromatography (SEC)	not available	not available	not available	not available	F1811_fuerschj_566.raw	NT=ms-proteomics;VV=v1.1.0	NT=crosslinking;VV=v1.0.0
PXD014759_F1901_fuerschj_307	Saccharomyces cerevisiae	whole cell lysate	not available	80	PXD014759_F1901_fuerschj_307_assay	proteomic profiling by mass spectrometry	data-dependent acquisition	NT=label free sample;AC=MS:1002038	1	1	not available	NT=Trypsin;AC=MS:1001251	NT=Carbamidomethyl;AC=UNIMOD:4;TA=C;MT=Fixed	NT=Oxidation;AC=UNIMOD:21;TA=M;MT=Variable	not available	not available	NT=['BS3', 'DSSO'];AC=['XLMOD:02000', 'XLMOD:02056'];TA=['K,nterm', 'K,S,T,Y']	size exclusion chromatography (SEC)	not available	not available	not available	not available	F1901_fuerschj_307.raw	NT=ms-proteomics;VV=v1.1.0	NT=crosslinking;VV=v1.0.0
PXD014759_F1901_fuerschj_322	Saccharomyces cerevisiae	whole cell lysate	not available	81	PXD014759_F1901_fuerschj_322_assay	proteomic profiling by mass spectrometry	data-dependent acquisition	NT=label free sample;AC=MS:1002038	1	1	not available	NT=Trypsin;AC=MS:1001251	NT=Carbamidomethyl;AC=UNIMOD:4;TA=C;MT=Fixed	NT=Oxidation;AC=UNIMOD:21;TA=M;MT=Variable	not available	not available	NT=['BS3', 'DSSO'];AC=['XLMOD:02000', 'XLMOD:02056'];TA=['K,nterm', 'K,S,T,Y']	size exclusion chromatography (SEC)	not available	not available	not available	not available	F1901_fuerschj_322.raw	NT=ms-proteomics;VV=v1.1.0	NT=crosslinking;VV=v1.0.0
PXD014759_F1901_fuerschj_332	Saccharomyces cerevisiae	whole cell lysate	not available	82	PXD014759_F1901_fuerschj_332_assay	proteomic profiling by mass spectrometry	data-dependent acquisition	NT=label free sample;AC=MS:1002038	1	1	not available	NT=Trypsin;AC=MS:1001251	NT=Carbamidomethyl;AC=UNIMOD:4;TA=C;MT=Fixed	NT=Oxidation;AC=UNIMOD:21;TA=M;MT=Variable	not available	not available	NT=['BS3', 'DSSO'];AC=['XLMOD:02000', 'XLMOD:02056'];TA=['K,nterm', 'K,S,T,Y']	size exclusion chromatography (SEC)	not available	not available	not available	not available	F1901_fuerschj_332.raw	NT=ms-proteomics;VV=v1.1.0	NT=crosslinking;VV=v1.0.0
PXD014759_F1901_fuerschj_348	Saccharomyces cerevisiae	whole cell lysate	not available	83	PXD014759_F1901_fuerschj_348_assay	proteomic profiling by mass spectrometry	data-dependent acquisition	NT=label free sample;AC=MS:1002038	1	1	not available	NT=Trypsin;AC=MS:1001251	NT=Carbamidomethyl;AC=UNIMOD:4;TA=C;MT=Fixed	NT=Oxidation;AC=UNIMOD:21;TA=M;MT=Variable	not available	not available	NT=['BS3', 'DSSO'];AC=['XLMOD:02000', 'XLMOD:02056'];TA=['K,nterm', 'K,S,T,Y']	size exclusion chromatography (SEC)	not available	not available	not available	not available	F1901_fuerschj_348.raw	NT=ms-proteomics;VV=v1.1.0	NT=crosslinking;VV=v1.0.0
PXD014759_F1901_fuerschj_354	Saccharomyces cerevisiae	whole cell lysate	not available	84	PXD014759_F1901_fuerschj_354_assay	proteomic profiling by mass spectrometry	data-dependent acquisition	NT=label free sample;AC=MS:1002038	1	1	not available	NT=Trypsin;AC=MS:1001251	NT=Carbamidomethyl;AC=UNIMOD:4;TA=C;MT=Fixed	NT=Oxidation;AC=UNIMOD:21;TA=M;MT=Variable	not available	not available	NT=['BS3', 'DSSO'];AC=['XLMOD:02000', 'XLMOD:02056'];TA=['K,nterm', 'K,S,T,Y']	size exclusion chromatography (SEC)	not available	not available	not available	not available	F1901_fuerschj_354.raw	NT=ms-proteomics;VV=v1.1.0	NT=crosslinking;VV=v1.0.0
PXD014759_F1811_fuerschj_451	Saccharomyces cerevisiae	whole cell lysate	not available	85	PXD014759_F1811_fuerschj_451_assay	proteomic profiling by mass spectrometry	data-dependent acquisition	NT=label free sample;AC=MS:1002038	1	1	not available	NT=Trypsin;AC=MS:1001251	NT=Carbamidomethyl;AC=UNIMOD:4;TA=C;MT=Fixed	NT=Oxidation;AC=UNIMOD:21;TA=M;MT=Variable	not available	not available	NT=['BS3', 'DSSO'];AC=['XLMOD:02000', 'XLMOD:02056'];TA=['K,nterm', 'K,S,T,Y']	size exclusion chromatography (SEC)	not available	not available	not available	not available	F1811_fuerschj_451.raw	NT=ms-proteomics;VV=v1.1.0	NT=crosslinking;VV=v1.0.0
PXD014759_F1901_fuerschj_300	Saccharomyces cerevisiae	whole cell lysate	not available	86	PXD014759_F1901_fuerschj_300_assay	proteomic profiling by mass spectrometry	data-dependent acquisition	NT=label free sample;AC=MS:1002038	1	1	not available	NT=Trypsin;AC=MS:1001251	NT=Carbamidomethyl;AC=UNIMOD:4;TA=C;MT=Fixed	NT=Oxidation;AC=UNIMOD:21;TA=M;MT=Variable	not available	not available	NT=['BS3', 'DSSO'];AC=['XLMOD:02000', 'XLMOD:02056'];TA=['K,nterm', 'K,S,T,Y']	size exclusion chromatography (SEC)	not available	not available	not available	not available	F1901_fuerschj_300.raw	NT=ms-proteomics;VV=v1.1.0	NT=crosslinking;VV=v1.0.0
PXD014759_F1901_fuerschj_321	Saccharomyces cerevisiae	whole cell lysate	not available	87	PXD014759_F1901_fuerschj_321_assay	proteomic profiling by mass spectrometry	data-dependent acquisition	NT=label free sample;AC=MS:1002038	1	1	not available	NT=Trypsin;AC=MS:1001251	NT=Carbamidomethyl;AC=UNIMOD:4;TA=C;MT=Fixed	NT=Oxidation;AC=UNIMOD:21;TA=M;MT=Variable	not available	not available	NT=['BS3', 'DSSO'];AC=['XLMOD:02000', 'XLMOD:02056'];TA=['K,nterm', 'K,S,T,Y']	size exclusion chromatography (SEC)	not available	not available	not available	not available	F1901_fuerschj_321.raw	NT=ms-proteomics;VV=v1.1.0	NT=crosslinking;VV=v1.0.0
PXD014759_F1902_fuerschj_058	Saccharomyces cerevisiae	whole cell lysate	not available	88	PXD014759_F1902_fuerschj_058_assay	proteomic profiling by mass spectrometry	data-dependent acquisition	NT=label free sample;AC=MS:1002038	1	1	not available	NT=Trypsin;AC=MS:1001251	NT=Carbamidomethyl;AC=UNIMOD:4;TA=C;MT=Fixed	NT=Oxidation;AC=UNIMOD:21;TA=M;MT=Variable	not available	not available	NT=['BS3', 'DSSO'];AC=['XLMOD:02000', 'XLMOD:02056'];TA=['K,nterm', 'K,S,T,Y']	size exclusion chromatography (SEC)	not available	not available	not available	not available	F1902_fuerschj_058.raw	NT=ms-proteomics;VV=v1.1.0	NT=crosslinking;VV=v1.0.0
PXD014759_F1811_fuerschj_494	Saccharomyces cerevisiae	whole cell lysate	not available	89	PXD014759_F1811_fuerschj_494_assay	proteomic profiling by mass spectrometry	data-dependent acquisition	NT=label free sample;AC=MS:1002038	1	1	not available	NT=Trypsin;AC=MS:1001251	NT=Carbamidomethyl;AC=UNIMOD:4;TA=C;MT=Fixed	NT=Oxidation;AC=UNIMOD:21;TA=M;MT=Variable	not available	not available	NT=['BS3', 'DSSO'];AC=['XLMOD:02000', 'XLMOD:02056'];TA=['K,nterm', 'K,S,T,Y']	size exclusion chromatography (SEC)	not available	not available	not available	not available	F1811_fuerschj_494.raw	NT=ms-proteomics;VV=v1.1.0	NT=crosslinking;VV=v1.0.0
PXD014759_F1811_fuerschj_456	Saccharomyces cerevisiae	whole cell lysate	not available	90	PXD014759_F1811_fuerschj_456_assay	proteomic profiling by mass spectrometry	data-dependent acquisition	NT=label free sample;AC=MS:1002038	1	1	not available	NT=Trypsin;AC=MS:1001251	NT=Carbamidomethyl;AC=UNIMOD:4;TA=C;MT=Fixed	NT=Oxidation;AC=UNIMOD:21;TA=M;MT=Variable	not available	not available	NT=['BS3', 'DSSO'];AC=['XLMOD:02000', 'XLMOD:02056'];TA=['K,nterm', 'K,S,T,Y']	size exclusion chromatography (SEC)	not available	not available	not available	not available	F1811_fuerschj_456.raw	NT=ms-proteomics;VV=v1.1.0	NT=crosslinking;VV=v1.0.0
PXD014759_F1811_fuerschj_417	Saccharomyces cerevisiae	whole cell lysate	not available	91	PXD014759_F1811_fuerschj_417_assay	proteomic profiling by mass spectrometry	data-dependent acquisition	NT=label free sample;AC=MS:1002038	1	1	not available	NT=Trypsin;AC=MS:1001251	NT=Carbamidomethyl;AC=UNIMOD:4;TA=C;MT=Fixed	NT=Oxidation;AC=UNIMOD:21;TA=M;MT=Variable	not available	not available	NT=['BS3', 'DSSO'];AC=['XLMOD:02000', 'XLMOD:02056'];TA=['K,nterm', 'K,S,T,Y']	size exclusion chromatography (SEC)	not available	not available	not available	not available	F1811_fuerschj_417.raw	NT=ms-proteomics;VV=v1.1.0	NT=crosslinking;VV=v1.0.0
PXD014759_F1811_fuerschj_443	Saccharomyces cerevisiae	whole cell lysate	not available	92	PXD014759_F1811_fuerschj_443_assay	proteomic profiling by mass spectrometry	data-dependent acquisition	NT=label free sample;AC=MS:1002038	1	1	not available	NT=Trypsin;AC=MS:1001251	NT=Carbamidomethyl;AC=UNIMOD:4;TA=C;MT=Fixed	NT=Oxidation;AC=UNIMOD:21;TA=M;MT=Variable	not available	not available	NT=['BS3', 'DSSO'];AC=['XLMOD:02000', 'XLMOD:02056'];TA=['K,nterm', 'K,S,T,Y']	size exclusion chromatography (SEC)	not available	not available	not available	not available	F1811_fuerschj_443.raw	NT=ms-proteomics;VV=v1.1.0	NT=crosslinking;VV=v1.0.0
PXD014759_F1902_fuerschj_013	Saccharomyces cerevisiae	whole cell lysate	not available	93	PXD014759_F1902_fuerschj_013_assay	proteomic profiling by mass spectrometry	data-dependent acquisition	NT=label free sample;AC=MS:1002038	1	1	not available	NT=Trypsin;AC=MS:1001251	NT=Carbamidomethyl;AC=UNIMOD:4;TA=C;MT=Fixed	NT=Oxidation;AC=UNIMOD:21;TA=M;MT=Variable	not available	not available	NT=['BS3', 'DSSO'];AC=['XLMOD:02000', 'XLMOD:02056'];TA=['K,nterm', 'K,S,T,Y']	size exclusion chromatography (SEC)	not available	not available	not available	not available	F1902_fuerschj_013.raw	NT=ms-proteomics;VV=v1.1.0	NT=crosslinking;VV=v1.0.0
PXD014759_F1902_fuerschj_088	Saccharomyces cerevisiae	whole cell lysate	not available	94	PXD014759_F1902_fuerschj_088_assay	proteomic profiling by mass spectrometry	data-dependent acquisition	NT=label free sample;AC=MS:1002038	1	1	not available	NT=Trypsin;AC=MS:1001251	NT=Carbamidomethyl;AC=UNIMOD:4;TA=C;MT=Fixed	NT=Oxidation;AC=UNIMOD:21;TA=M;MT=Variable	not available	not available	NT=['BS3', 'DSSO'];AC=['XLMOD:02000', 'XLMOD:02056'];TA=['K,nterm', 'K,S,T,Y']	size exclusion chromatography (SEC)	not available	not available	not available	not available	F1902_fuerschj_088.raw	NT=ms-proteomics;VV=v1.1.0	NT=crosslinking;VV=v1.0.0
PXD014759_F1902_fuerschj_046	Saccharomyces cerevisiae	whole cell lysate	not available	95	PXD014759_F1902_fuerschj_046_assay	proteomic profiling by mass spectrometry	data-dependent acquisition	NT=label free sample;AC=MS:1002038	1	1	not available	NT=Trypsin;AC=MS:1001251	NT=Carbamidomethyl;AC=UNIMOD:4;TA=C;MT=Fixed	NT=Oxidation;AC=UNIMOD:21;TA=M;MT=Variable	not available	not available	NT=['BS3', 'DSSO'];AC=['XLMOD:02000', 'XLMOD:02056'];TA=['K,nterm', 'K,S,T,Y']	size exclusion chromatography (SEC)	not available	not available	not available	not available	F1902_fuerschj_046.raw	NT=ms-proteomics;VV=v1.1.0	NT=crosslinking;VV=v1.0.0
PXD014759_F1902_fuerschj_009	Saccharomyces cerevisiae	whole cell lysate	not available	96	PXD014759_F1902_fuerschj_009_assay	proteomic profiling by mass spectrometry	data-dependent acquisition	NT=label free sample;AC=MS:1002038	1	1	not available	NT=Trypsin;AC=MS:1001251	NT=Carbamidomethyl;AC=UNIMOD:4;TA=C;MT=Fixed	NT=Oxidation;AC=UNIMOD:21;TA=M;MT=Variable	not available	not available	NT=['BS3', 'DSSO'];AC=['XLMOD:02000', 'XLMOD:02056'];TA=['K,nterm', 'K,S,T,Y']	size exclusion chromatography (SEC)	not available	not available	not available	not available	F1902_fuerschj_009.raw	NT=ms-proteomics;VV=v1.1.0	NT=crosslinking;VV=v1.0.0
PXD014759_F1811_fuerschj_464	Saccharomyces cerevisiae	whole cell lysate	not available	97	PXD014759_F1811_fuerschj_464_assay	proteomic profiling by mass spectrometry	data-dependent acquisition	NT=label free sample;AC=MS:1002038	1	1	not available	NT=Trypsin;AC=MS:1001251	NT=Carbamidomethyl;AC=UNIMOD:4;TA=C;MT=Fixed	NT=Oxidation;AC=UNIMOD:21;TA=M;MT=Variable	not available	not available	NT=['BS3', 'DSSO'];AC=['XLMOD:02000', 'XLMOD:02056'];TA=['K,nterm', 'K,S,T,Y']	size exclusion chromatography (SEC)	not available	not available	not available	not available	F1811_fuerschj_464.raw	NT=ms-proteomics;VV=v1.1.0	NT=crosslinking;VV=v1.0.0
PXD014759_F1811_fuerschj_527	Saccharomyces cerevisiae	whole cell lysate	not available	98	PXD014759_F1811_fuerschj_527_assay	proteomic profiling by mass spectrometry	data-dependent acquisition	NT=label free sample;AC=MS:1002038	1	1	not available	NT=Trypsin;AC=MS:1001251	NT=Carbamidomethyl;AC=UNIMOD:4;TA=C;MT=Fixed	NT=Oxidation;AC=UNIMOD:21;TA=M;MT=Variable	not available	not available	NT=['BS3', 'DSSO'];AC=['XLMOD:02000', 'XLMOD:02056'];TA=['K,nterm', 'K,S,T,Y']	size exclusion chromatography (SEC)	not available	not available	not available	not available	F1811_fuerschj_527.raw	NT=ms-proteomics;VV=v1.1.0	NT=crosslinking;VV=v1.0.0
PXD014759_F1811_fuerschj_561	Saccharomyces cerevisiae	whole cell lysate	not available	99	PXD014759_F1811_fuerschj_561_assay	proteomic profiling by mass spectrometry	data-dependent acquisition	NT=label free sample;AC=MS:1002038	1	1	not available	NT=Trypsin;AC=MS:1001251	NT=Carbamidomethyl;AC=UNIMOD:4;TA=C;MT=Fixed	NT=Oxidation;AC=UNIMOD:21;TA=M;MT=Variable	not available	not available	NT=['BS3', 'DSSO'];AC=['XLMOD:02000', 'XLMOD:02056'];TA=['K,nterm', 'K,S,T,Y']	size exclusion chromatography (SEC)	not available	not available	not available	not available	F1811_fuerschj_561.raw	NT=ms-proteomics;VV=v1.1.0	NT=crosslinking;VV=v1.0.0
PXD014759_F1902_fuerschj_021	Saccharomyces cerevisiae	whole cell lysate	not available	100	PXD014759_F1902_fuerschj_021_assay	proteomic profiling by mass spectrometry	data-dependent acquisition	NT=label free sample;AC=MS:1002038	1	1	not available	NT=Trypsin;AC=MS:1001251	NT=Carbamidomethyl;AC=UNIMOD:4;TA=C;MT=Fixed	NT=Oxidation;AC=UNIMOD:21;TA=M;MT=Variable	not available	not available	NT=['BS3', 'DSSO'];AC=['XLMOD:02000', 'XLMOD:02056'];TA=['K,nterm', 'K,S,T,Y']	size exclusion chromatography (SEC)	not available	not available	not available	not available	F1902_fuerschj_021.raw	NT=ms-proteomics;VV=v1.1.0	NT=crosslinking;VV=v1.0.0
PXD014759_F1811_fuerschj_449	Saccharomyces cerevisiae	whole cell lysate	not available	101	PXD014759_F1811_fuerschj_449_assay	proteomic profiling by mass spectrometry	data-dependent acquisition	NT=label free sample;AC=MS:1002038	1	1	not available	NT=Trypsin;AC=MS:1001251	NT=Carbamidomethyl;AC=UNIMOD:4;TA=C;MT=Fixed	NT=Oxidation;AC=UNIMOD:21;TA=M;MT=Variable	not available	not available	NT=['BS3', 'DSSO'];AC=['XLMOD:02000', 'XLMOD:02056'];TA=['K,nterm', 'K,S,T,Y']	size exclusion chromatography (SEC)	not available	not available	not available	not available	F1811_fuerschj_449.raw	NT=ms-proteomics;VV=v1.1.0	NT=crosslinking;VV=v1.0.0
PXD014759_F1901_fuerschj_359	Saccharomyces cerevisiae	whole cell lysate	not available	102	PXD014759_F1901_fuerschj_359_assay	proteomic profiling by mass spectrometry	data-dependent acquisition	NT=label free sample;AC=MS:1002038	1	1	not available	NT=Trypsin;AC=MS:1001251	NT=Carbamidomethyl;AC=UNIMOD:4;TA=C;MT=Fixed	NT=Oxidation;AC=UNIMOD:21;TA=M;MT=Variable	not available	not available	NT=['BS3', 'DSSO'];AC=['XLMOD:02000', 'XLMOD:02056'];TA=['K,nterm', 'K,S,T,Y']	size exclusion chromatography (SEC)	not available	not available	not available	not available	F1901_fuerschj_359.raw	NT=ms-proteomics;VV=v1.1.0	NT=crosslinking;VV=v1.0.0
PXD014759_F1811_fuerschj_473	Saccharomyces cerevisiae	whole cell lysate	not available	103	PXD014759_F1811_fuerschj_473_assay	proteomic profiling by mass spectrometry	data-dependent acquisition	NT=label free sample;AC=MS:1002038	1	1	not available	NT=Trypsin;AC=MS:1001251	NT=Carbamidomethyl;AC=UNIMOD:4;TA=C;MT=Fixed	NT=Oxidation;AC=UNIMOD:21;TA=M;MT=Variable	not available	not available	NT=['BS3', 'DSSO'];AC=['XLMOD:02000', 'XLMOD:02056'];TA=['K,nterm', 'K,S,T,Y']	size exclusion chromatography (SEC)	not available	not available	not available	not available	F1811_fuerschj_473.raw	NT=ms-proteomics;VV=v1.1.0	NT=crosslinking;VV=v1.0.0
PXD014759_F1811_fuerschj_458	Saccharomyces cerevisiae	whole cell lysate	not available	104	PXD014759_F1811_fuerschj_458_assay	proteomic profiling by mass spectrometry	data-dependent acquisition	NT=label free sample;AC=MS:1002038	1	1	not available	NT=Trypsin;AC=MS:1001251	NT=Carbamidomethyl;AC=UNIMOD:4;TA=C;MT=Fixed	NT=Oxidation;AC=UNIMOD:21;TA=M;MT=Variable	not available	not available	NT=['BS3', 'DSSO'];AC=['XLMOD:02000', 'XLMOD:02056'];TA=['K,nterm', 'K,S,T,Y']	size exclusion chromatography (SEC)	not available	not available	not available	not available	F1811_fuerschj_458.raw	NT=ms-proteomics;VV=v1.1.0	NT=crosslinking;VV=v1.0.0
PXD014759_F1811_fuerschj_439	Saccharomyces cerevisiae	whole cell lysate	not available	105	PXD014759_F1811_fuerschj_439_assay	proteomic profiling by mass spectrometry	data-dependent acquisition	NT=label free sample;AC=MS:1002038	1	1	not available	NT=Trypsin;AC=MS:1001251	NT=Carbamidomethyl;AC=UNIMOD:4;TA=C;MT=Fixed	NT=Oxidation;AC=UNIMOD:21;TA=M;MT=Variable	not available	not available	NT=['BS3', 'DSSO'];AC=['XLMOD:02000', 'XLMOD:02056'];TA=['K,nterm', 'K,S,T,Y']	size exclusion chromatography (SEC)	not available	not available	not available	not available	F1811_fuerschj_439.raw	NT=ms-proteomics;VV=v1.1.0	NT=crosslinking;VV=v1.0.0
PXD014759_F1901_fuerschj_345	Saccharomyces cerevisiae	whole cell lysate	not available	106	PXD014759_F1901_fuerschj_345_assay	proteomic profiling by mass spectrometry	data-dependent acquisition	NT=label free sample;AC=MS:1002038	1	1	not available	NT=Trypsin;AC=MS:1001251	NT=Carbamidomethyl;AC=UNIMOD:4;TA=C;MT=Fixed	NT=Oxidation;AC=UNIMOD:21;TA=M;MT=Variable	not available	not available	NT=['BS3', 'DSSO'];AC=['XLMOD:02000', 'XLMOD:02056'];TA=['K,nterm', 'K,S,T,Y']	size exclusion chromatography (SEC)	not available	not available	not available	not available	F1901_fuerschj_345.raw	NT=ms-proteomics;VV=v1.1.0	NT=crosslinking;VV=v1.0.0
PXD014759_F1811_fuerschj_495	Saccharomyces cerevisiae	whole cell lysate	not available	107	PXD014759_F1811_fuerschj_495_assay	proteomic profiling by mass spectrometry	data-dependent acquisition	NT=label free sample;AC=MS:1002038	1	1	not available	NT=Trypsin;AC=MS:1001251	NT=Carbamidomethyl;AC=UNIMOD:4;TA=C;MT=Fixed	NT=Oxidation;AC=UNIMOD:21;TA=M;MT=Variable	not available	not available	NT=['BS3', 'DSSO'];AC=['XLMOD:02000', 'XLMOD:02056'];TA=['K,nterm', 'K,S,T,Y']	size exclusion chromatography (SEC)	not available	not available	not available	not available	F1811_fuerschj_495.raw	NT=ms-proteomics;VV=v1.1.0	NT=crosslinking;VV=v1.0.0
PXD014759_F1901_fuerschj_305	Saccharomyces cerevisiae	whole cell lysate	not available	108	PXD014759_F1901_fuerschj_305_assay	proteomic profiling by mass spectrometry	data-dependent acquisition	NT=label free sample;AC=MS:1002038	1	1	not available	NT=Trypsin;AC=MS:1001251	NT=Carbamidomethyl;AC=UNIMOD:4;TA=C;MT=Fixed	NT=Oxidation;AC=UNIMOD:21;TA=M;MT=Variable	not available	not available	NT=['BS3', 'DSSO'];AC=['XLMOD:02000', 'XLMOD:02056'];TA=['K,nterm', 'K,S,T,Y']	size exclusion chromatography (SEC)	not available	not available	not available	not available	F1901_fuerschj_305.raw	NT=ms-proteomics;VV=v1.1.0	NT=crosslinking;VV=v1.0.0
PXD014759_F1902_fuerschj_060	Saccharomyces cerevisiae	whole cell lysate	not available	109	PXD014759_F1902_fuerschj_060_assay	proteomic profiling by mass spectrometry	data-dependent acquisition	NT=label free sample;AC=MS:1002038	1	1	not available	NT=Trypsin;AC=MS:1001251	NT=Carbamidomethyl;AC=UNIMOD:4;TA=C;MT=Fixed	NT=Oxidation;AC=UNIMOD:21;TA=M;MT=Variable	not available	not available	NT=['BS3', 'DSSO'];AC=['XLMOD:02000', 'XLMOD:02056'];TA=['K,nterm', 'K,S,T,Y']	size exclusion chromatography (SEC)	not available	not available	not available	not available	F1902_fuerschj_060.raw	NT=ms-proteomics;VV=v1.1.0	NT=crosslinking;VV=v1.0.0
PXD014759_F1811_fuerschj_573	Saccharomyces cerevisiae	whole cell lysate	not available	110	PXD014759_F1811_fuerschj_573_assay	proteomic profiling by mass spectrometry	data-dependent acquisition	NT=label free sample;AC=MS:1002038	1	1	not available	NT=Trypsin;AC=MS:1001251	NT=Carbamidomethyl;AC=UNIMOD:4;TA=C;MT=Fixed	NT=Oxidation;AC=UNIMOD:21;TA=M;MT=Variable	not available	not available	NT=['BS3', 'DSSO'];AC=['XLMOD:02000', 'XLMOD:02056'];TA=['K,nterm', 'K,S,T,Y']	size exclusion chromatography (SEC)	not available	not available	not available	not available	F1811_fuerschj_573.raw	NT=ms-proteomics;VV=v1.1.0	NT=crosslinking;VV=v1.0.0
PXD014759_F1811_fuerschj_431	Saccharomyces cerevisiae	whole cell lysate	not available	111	PXD014759_F1811_fuerschj_431_assay	proteomic profiling by mass spectrometry	data-dependent acquisition	NT=label free sample;AC=MS:1002038	1	1	not available	NT=Trypsin;AC=MS:1001251	NT=Carbamidomethyl;AC=UNIMOD:4;TA=C;MT=Fixed	NT=Oxidation;AC=UNIMOD:21;TA=M;MT=Variable	not available	not available	NT=['BS3', 'DSSO'];AC=['XLMOD:02000', 'XLMOD:02056'];TA=['K,nterm', 'K,S,T,Y']	size exclusion chromatography (SEC)	not available	not available	not available	not available	F1811_fuerschj_431.raw	NT=ms-proteomics;VV=v1.1.0	NT=crosslinking;VV=v1.0.0
PXD014759_F1901_fuerschj_371	Saccharomyces cerevisiae	whole cell lysate	not available	112	PXD014759_F1901_fuerschj_371_assay	proteomic profiling by mass spectrometry	data-dependent acquisition	NT=label free sample;AC=MS:1002038	1	1	not available	NT=Trypsin;AC=MS:1001251	NT=Carbamidomethyl;AC=UNIMOD:4;TA=C;MT=Fixed	NT=Oxidation;AC=UNIMOD:21;TA=M;MT=Variable	not available	not available	NT=['BS3', 'DSSO'];AC=['XLMOD:02000', 'XLMOD:02056'];TA=['K,nterm', 'K,S,T,Y']	size exclusion chromatography (SEC)	not available	not available	not available	not available	F1901_fuerschj_371.raw	NT=ms-proteomics;VV=v1.1.0	NT=crosslinking;VV=v1.0.0
PXD014759_F1901_fuerschj_356	Saccharomyces cerevisiae	whole cell lysate	not available	113	PXD014759_F1901_fuerschj_356_assay	proteomic profiling by mass spectrometry	data-dependent acquisition	NT=label free sample;AC=MS:1002038	1	1	not available	NT=Trypsin;AC=MS:1001251	NT=Carbamidomethyl;AC=UNIMOD:4;TA=C;MT=Fixed	NT=Oxidation;AC=UNIMOD:21;TA=M;MT=Variable	not available	not available	NT=['BS3', 'DSSO'];AC=['XLMOD:02000', 'XLMOD:02056'];TA=['K,nterm', 'K,S,T,Y']	size exclusion chromatography (SEC)	not available	not available	not available	not available	F1901_fuerschj_356.raw	NT=ms-proteomics;VV=v1.1.0	NT=crosslinking;VV=v1.0.0
PXD014759_F1902_fuerschj_037	Saccharomyces cerevisiae	whole cell lysate	not available	114	PXD014759_F1902_fuerschj_037_assay	proteomic profiling by mass spectrometry	data-dependent acquisition	NT=label free sample;AC=MS:1002038	1	1	not available	NT=Trypsin;AC=MS:1001251	NT=Carbamidomethyl;AC=UNIMOD:4;TA=C;MT=Fixed	NT=Oxidation;AC=UNIMOD:21;TA=M;MT=Variable	not available	not available	NT=['BS3', 'DSSO'];AC=['XLMOD:02000', 'XLMOD:02056'];TA=['K,nterm', 'K,S,T,Y']	size exclusion chromatography (SEC)	not available	not available	not available	not available	F1902_fuerschj_037.raw	NT=ms-proteomics;VV=v1.1.0	NT=crosslinking;VV=v1.0.0
PXD014759_F1811_fuerschj_551	Saccharomyces cerevisiae	whole cell lysate	not available	115	PXD014759_F1811_fuerschj_551_assay	proteomic profiling by mass spectrometry	data-dependent acquisition	NT=label free sample;AC=MS:1002038	1	1	not available	NT=Trypsin;AC=MS:1001251	NT=Carbamidomethyl;AC=UNIMOD:4;TA=C;MT=Fixed	NT=Oxidation;AC=UNIMOD:21;TA=M;MT=Variable	not available	not available	NT=['BS3', 'DSSO'];AC=['XLMOD:02000', 'XLMOD:02056'];TA=['K,nterm', 'K,S,T,Y']	size exclusion chromatography (SEC)	not available	not available	not available	not available	F1811_fuerschj_551.raw	NT=ms-proteomics;VV=v1.1.0	NT=crosslinking;VV=v1.0.0
PXD014759_F1901_fuerschj_304	Saccharomyces cerevisiae	whole cell lysate	not available	116	PXD014759_F1901_fuerschj_304_assay	proteomic profiling by mass spectrometry	data-dependent acquisition	NT=label free sample;AC=MS:1002038	1	1	not available	NT=Trypsin;AC=MS:1001251	NT=Carbamidomethyl;AC=UNIMOD:4;TA=C;MT=Fixed	NT=Oxidation;AC=UNIMOD:21;TA=M;MT=Variable	not available	not available	NT=['BS3', 'DSSO'];AC=['XLMOD:02000', 'XLMOD:02056'];TA=['K,nterm', 'K,S,T,Y']	size exclusion chromatography (SEC)	not available	not available	not available	not available	F1901_fuerschj_304.raw	NT=ms-proteomics;VV=v1.1.0	NT=crosslinking;VV=v1.0.0
PXD014759_F1902_fuerschj_003	Saccharomyces cerevisiae	whole cell lysate	not available	117	PXD014759_F1902_fuerschj_003_assay	proteomic profiling by mass spectrometry	data-dependent acquisition	NT=label free sample;AC=MS:1002038	1	1	not available	NT=Trypsin;AC=MS:1001251	NT=Carbamidomethyl;AC=UNIMOD:4;TA=C;MT=Fixed	NT=Oxidation;AC=UNIMOD:21;TA=M;MT=Variable	not available	not available	NT=['BS3', 'DSSO'];AC=['XLMOD:02000', 'XLMOD:02056'];TA=['K,nterm', 'K,S,T,Y']	size exclusion chromatography (SEC)	not available	not available	not available	not available	F1902_fuerschj_003.raw	NT=ms-proteomics;VV=v1.1.0	NT=crosslinking;VV=v1.0.0
PXD014759_F1902_fuerschj_043	Saccharomyces cerevisiae	whole cell lysate	not available	118	PXD014759_F1902_fuerschj_043_assay	proteomic profiling by mass spectrometry	data-dependent acquisition	NT=label free sample;AC=MS:1002038	1	1	not available	NT=Trypsin;AC=MS:1001251	NT=Carbamidomethyl;AC=UNIMOD:4;TA=C;MT=Fixed	NT=Oxidation;AC=UNIMOD:21;TA=M;MT=Variable	not available	not available	NT=['BS3', 'DSSO'];AC=['XLMOD:02000', 'XLMOD:02056'];TA=['K,nterm', 'K,S,T,Y']	size exclusion chromatography (SEC)	not available	not available	not available	not available	F1902_fuerschj_043.raw	NT=ms-proteomics;VV=v1.1.0	NT=crosslinking;VV=v1.0.0
PXD014759_F1811_fuerschj_454	Saccharomyces cerevisiae	whole cell lysate	not available	119	PXD014759_F1811_fuerschj_454_assay	proteomic profiling by mass spectrometry	data-dependent acquisition	NT=label free sample;AC=MS:1002038	1	1	not available	NT=Trypsin;AC=MS:1001251	NT=Carbamidomethyl;AC=UNIMOD:4;TA=C;MT=Fixed	NT=Oxidation;AC=UNIMOD:21;TA=M;MT=Variable	not available	not available	NT=['BS3', 'DSSO'];AC=['XLMOD:02000', 'XLMOD:02056'];TA=['K,nterm', 'K,S,T,Y']	size exclusion chromatography (SEC)	not available	not available	not available	not available	F1811_fuerschj_454.raw	NT=ms-proteomics;VV=v1.1.0	NT=crosslinking;VV=v1.0.0
PXD014759_F1811_fuerschj_560	Saccharomyces cerevisiae	whole cell lysate	not available	120	PXD014759_F1811_fuerschj_560_assay	proteomic profiling by mass spectrometry	data-dependent acquisition	NT=label free sample;AC=MS:1002038	1	1	not available	NT=Trypsin;AC=MS:1001251	NT=Carbamidomethyl;AC=UNIMOD:4;TA=C;MT=Fixed	NT=Oxidation;AC=UNIMOD:21;TA=M;MT=Variable	not available	not available	NT=['BS3', 'DSSO'];AC=['XLMOD:02000', 'XLMOD:02056'];TA=['K,nterm', 'K,S,T,Y']	size exclusion chromatography (SEC)	not available	not available	not available	not available	F1811_fuerschj_560.raw	NT=ms-proteomics;VV=v1.1.0	NT=crosslinking;VV=v1.0.0
PXD014759_F1901_fuerschj_364	Saccharomyces cerevisiae	whole cell lysate	not available	121	PXD014759_F1901_fuerschj_364_assay	proteomic profiling by mass spectrometry	data-dependent acquisition	NT=label free sample;AC=MS:1002038	1	1	not available	NT=Trypsin;AC=MS:1001251	NT=Carbamidomethyl;AC=UNIMOD:4;TA=C;MT=Fixed	NT=Oxidation;AC=UNIMOD:21;TA=M;MT=Variable	not available	not available	NT=['BS3', 'DSSO'];AC=['XLMOD:02000', 'XLMOD:02056'];TA=['K,nterm', 'K,S,T,Y']	size exclusion chromatography (SEC)	not available	not available	not available	not available	F1901_fuerschj_364.raw	NT=ms-proteomics;VV=v1.1.0	NT=crosslinking;VV=v1.0.0
PXD014759_F1901_fuerschj_328	Saccharomyces cerevisiae	whole cell lysate	not available	122	PXD014759_F1901_fuerschj_328_assay	proteomic profiling by mass spectrometry	data-dependent acquisition	NT=label free sample;AC=MS:1002038	1	1	not available	NT=Trypsin;AC=MS:1001251	NT=Carbamidomethyl;AC=UNIMOD:4;TA=C;MT=Fixed	NT=Oxidation;AC=UNIMOD:21;TA=M;MT=Variable	not available	not available	NT=['BS3', 'DSSO'];AC=['XLMOD:02000', 'XLMOD:02056'];TA=['K,nterm', 'K,S,T,Y']	size exclusion chromatography (SEC)	not available	not available	not available	not available	F1901_fuerschj_328.raw	NT=ms-proteomics;VV=v1.1.0	NT=crosslinking;VV=v1.0.0
PXD014759_F1811_fuerschj_465	Saccharomyces cerevisiae	whole cell lysate	not available	123	PXD014759_F1811_fuerschj_465_assay	proteomic profiling by mass spectrometry	data-dependent acquisition	NT=label free sample;AC=MS:1002038	1	1	not available	NT=Trypsin;AC=MS:1001251	NT=Carbamidomethyl;AC=UNIMOD:4;TA=C;MT=Fixed	NT=Oxidation;AC=UNIMOD:21;TA=M;MT=Variable	not available	not available	NT=['BS3', 'DSSO'];AC=['XLMOD:02000', 'XLMOD:02056'];TA=['K,nterm', 'K,S,T,Y']	size exclusion chromatography (SEC)	not available	not available	not available	not available	F1811_fuerschj_465.raw	NT=ms-proteomics;VV=v1.1.0	NT=crosslinking;VV=v1.0.0
PXD014759_F1811_fuerschj_502	Saccharomyces cerevisiae	whole cell lysate	not available	124	PXD014759_F1811_fuerschj_502_assay	proteomic profiling by mass spectrometry	data-dependent acquisition	NT=label free sample;AC=MS:1002038	1	1	not available	NT=Trypsin;AC=MS:1001251	NT=Carbamidomethyl;AC=UNIMOD:4;TA=C;MT=Fixed	NT=Oxidation;AC=UNIMOD:21;TA=M;MT=Variable	not available	not available	NT=['BS3', 'DSSO'];AC=['XLMOD:02000', 'XLMOD:02056'];TA=['K,nterm', 'K,S,T,Y']	size exclusion chromatography (SEC)	not available	not available	not available	not available	F1811_fuerschj_502.raw	NT=ms-proteomics;VV=v1.1.0	NT=crosslinking;VV=v1.0.0
PXD014759_F1901_fuerschj_360	Saccharomyces cerevisiae	whole cell lysate	not available	125	PXD014759_F1901_fuerschj_360_assay	proteomic profiling by mass spectrometry	data-dependent acquisition	NT=label free sample;AC=MS:1002038	1	1	not available	NT=Trypsin;AC=MS:1001251	NT=Carbamidomethyl;AC=UNIMOD:4;TA=C;MT=Fixed	NT=Oxidation;AC=UNIMOD:21;TA=M;MT=Variable	not available	not available	NT=['BS3', 'DSSO'];AC=['XLMOD:02000', 'XLMOD:02056'];TA=['K,nterm', 'K,S,T,Y']	size exclusion chromatography (SEC)	not available	not available	not available	not available	F1901_fuerschj_360.raw	NT=ms-proteomics;VV=v1.1.0	NT=crosslinking;VV=v1.0.0
PXD014759_F1811_fuerschj_452	Saccharomyces cerevisiae	whole cell lysate	not available	126	PXD014759_F1811_fuerschj_452_assay	proteomic profiling by mass spectrometry	data-dependent acquisition	NT=label free sample;AC=MS:1002038	1	1	not available	NT=Trypsin;AC=MS:1001251	NT=Carbamidomethyl;AC=UNIMOD:4;TA=C;MT=Fixed	NT=Oxidation;AC=UNIMOD:21;TA=M;MT=Variable	not available	not available	NT=['BS3', 'DSSO'];AC=['XLMOD:02000', 'XLMOD:02056'];TA=['K,nterm', 'K,S,T,Y']	size exclusion chromatography (SEC)	not available	not available	not available	not available	F1811_fuerschj_452.raw	NT=ms-proteomics;VV=v1.1.0	NT=crosslinking;VV=v1.0.0
PXD014759_F1902_fuerschj_059	Saccharomyces cerevisiae	whole cell lysate	not available	127	PXD014759_F1902_fuerschj_059_assay	proteomic profiling by mass spectrometry	data-dependent acquisition	NT=label free sample;AC=MS:1002038	1	1	not available	NT=Trypsin;AC=MS:1001251	NT=Carbamidomethyl;AC=UNIMOD:4;TA=C;MT=Fixed	NT=Oxidation;AC=UNIMOD:21;TA=M;MT=Variable	not available	not available	NT=['BS3', 'DSSO'];AC=['XLMOD:02000', 'XLMOD:02056'];TA=['K,nterm', 'K,S,T,Y']	size exclusion chromatography (SEC)	not available	not available	not available	not available	F1902_fuerschj_059.raw	NT=ms-proteomics;VV=v1.1.0	NT=crosslinking;VV=v1.0.0
PXD014759_F1901_fuerschj_361	Saccharomyces cerevisiae	whole cell lysate	not available	128	PXD014759_F1901_fuerschj_361_assay	proteomic profiling by mass spectrometry	data-dependent acquisition	NT=label free sample;AC=MS:1002038	1	1	not available	NT=Trypsin;AC=MS:1001251	NT=Carbamidomethyl;AC=UNIMOD:4;TA=C;MT=Fixed	NT=Oxidation;AC=UNIMOD:21;TA=M;MT=Variable	not available	not available	NT=['BS3', 'DSSO'];AC=['XLMOD:02000', 'XLMOD:02056'];TA=['K,nterm', 'K,S,T,Y']	size exclusion chromatography (SEC)	not available	not available	not available	not available	F1901_fuerschj_361.raw	NT=ms-proteomics;VV=v1.1.0	NT=crosslinking;VV=v1.0.0
PXD014759_F1811_fuerschj_429	Saccharomyces cerevisiae	whole cell lysate	not available	129	PXD014759_F1811_fuerschj_429_assay	proteomic profiling by mass spectrometry	data-dependent acquisition	NT=label free sample;AC=MS:1002038	1	1	not available	NT=Trypsin;AC=MS:1001251	NT=Carbamidomethyl;AC=UNIMOD:4;TA=C;MT=Fixed	NT=Oxidation;AC=UNIMOD:21;TA=M;MT=Variable	not available	not available	NT=['BS3', 'DSSO'];AC=['XLMOD:02000', 'XLMOD:02056'];TA=['K,nterm', 'K,S,T,Y']	size exclusion chromatography (SEC)	not available	not available	not available	not available	F1811_fuerschj_429.raw	NT=ms-proteomics;VV=v1.1.0	NT=crosslinking;VV=v1.0.0
PXD014759_F1811_fuerschj_476	Saccharomyces cerevisiae	whole cell lysate	not available	130	PXD014759_F1811_fuerschj_476_assay	proteomic profiling by mass spectrometry	data-dependent acquisition	NT=label free sample;AC=MS:1002038	1	1	not available	NT=Trypsin;AC=MS:1001251	NT=Carbamidomethyl;AC=UNIMOD:4;TA=C;MT=Fixed	NT=Oxidation;AC=UNIMOD:21;TA=M;MT=Variable	not available	not available	NT=['BS3', 'DSSO'];AC=['XLMOD:02000', 'XLMOD:02056'];TA=['K,nterm', 'K,S,T,Y']	size exclusion chromatography (SEC)	not available	not available	not available	not available	F1811_fuerschj_476.raw	NT=ms-proteomics;VV=v1.1.0	NT=crosslinking;VV=v1.0.0
PXD014759_F1901_fuerschj_327	Saccharomyces cerevisiae	whole cell lysate	not available	131	PXD014759_F1901_fuerschj_327_assay	proteomic profiling by mass spectrometry	data-dependent acquisition	NT=label free sample;AC=MS:1002038	1	1	not available	NT=Trypsin;AC=MS:1001251	NT=Carbamidomethyl;AC=UNIMOD:4;TA=C;MT=Fixed	NT=Oxidation;AC=UNIMOD:21;TA=M;MT=Variable	not available	not available	NT=['BS3', 'DSSO'];AC=['XLMOD:02000', 'XLMOD:02056'];TA=['K,nterm', 'K,S,T,Y']	size exclusion chromatography (SEC)	not available	not available	not available	not available	F1901_fuerschj_327.raw	NT=ms-proteomics;VV=v1.1.0	NT=crosslinking;VV=v1.0.0
PXD014759_F1902_fuerschj_011	Saccharomyces cerevisiae	whole cell lysate	not available	132	PXD014759_F1902_fuerschj_011_assay	proteomic profiling by mass spectrometry	data-dependent acquisition	NT=label free sample;AC=MS:1002038	1	1	not available	NT=Trypsin;AC=MS:1001251	NT=Carbamidomethyl;AC=UNIMOD:4;TA=C;MT=Fixed	NT=Oxidation;AC=UNIMOD:21;TA=M;MT=Variable	not available	not available	NT=['BS3', 'DSSO'];AC=['XLMOD:02000', 'XLMOD:02056'];TA=['K,nterm', 'K,S,T,Y']	size exclusion chromatography (SEC)	not available	not available	not available	not available	F1902_fuerschj_011.raw	NT=ms-proteomics;VV=v1.1.0	NT=crosslinking;VV=v1.0.0
PXD014759_F1902_fuerschj_035	Saccharomyces cerevisiae	whole cell lysate	not available	133	PXD014759_F1902_fuerschj_035_assay	proteomic profiling by mass spectrometry	data-dependent acquisition	NT=label free sample;AC=MS:1002038	1	1	not available	NT=Trypsin;AC=MS:1001251	NT=Carbamidomethyl;AC=UNIMOD:4;TA=C;MT=Fixed	NT=Oxidation;AC=UNIMOD:21;TA=M;MT=Variable	not available	not available	NT=['BS3', 'DSSO'];AC=['XLMOD:02000', 'XLMOD:02056'];TA=['K,nterm', 'K,S,T,Y']	size exclusion chromatography (SEC)	not available	not available	not available	not available	F1902_fuerschj_035.raw	NT=ms-proteomics;VV=v1.1.0	NT=crosslinking;VV=v1.0.0
PXD014759_F1902_fuerschj_025	Saccharomyces cerevisiae	whole cell lysate	not available	134	PXD014759_F1902_fuerschj_025_assay	proteomic profiling by mass spectrometry	data-dependent acquisition	NT=label free sample;AC=MS:1002038	1	1	not available	NT=Trypsin;AC=MS:1001251	NT=Carbamidomethyl;AC=UNIMOD:4;TA=C;MT=Fixed	NT=Oxidation;AC=UNIMOD:21;TA=M;MT=Variable	not available	not available	NT=['BS3', 'DSSO'];AC=['XLMOD:02000', 'XLMOD:02056'];TA=['K,nterm', 'K,S,T,Y']	size exclusion chromatography (SEC)	not available	not available	not available	not available	F1902_fuerschj_025.raw	NT=ms-proteomics;VV=v1.1.0	NT=crosslinking;VV=v1.0.0
PXD014759_F1902_fuerschj_020	Saccharomyces cerevisiae	whole cell lysate	not available	135	PXD014759_F1902_fuerschj_020_assay	proteomic profiling by mass spectrometry	data-dependent acquisition	NT=label free sample;AC=MS:1002038	1	1	not available	NT=Trypsin;AC=MS:1001251	NT=Carbamidomethyl;AC=UNIMOD:4;TA=C;MT=Fixed	NT=Oxidation;AC=UNIMOD:21;TA=M;MT=Variable	not available	not available	NT=['BS3', 'DSSO'];AC=['XLMOD:02000', 'XLMOD:02056'];TA=['K,nterm', 'K,S,T,Y']	size exclusion chromatography (SEC)	not available	not available	not available	not available	F1902_fuerschj_020.raw	NT=ms-proteomics;VV=v1.1.0	NT=crosslinking;VV=v1.0.0
PXD014759_F1901_fuerschj_298	Saccharomyces cerevisiae	whole cell lysate	not available	136	PXD014759_F1901_fuerschj_298_assay	proteomic profiling by mass spectrometry	data-dependent acquisition	NT=label free sample;AC=MS:1002038	1	1	not available	NT=Trypsin;AC=MS:1001251	NT=Carbamidomethyl;AC=UNIMOD:4;TA=C;MT=Fixed	NT=Oxidation;AC=UNIMOD:21;TA=M;MT=Variable	not available	not available	NT=['BS3', 'DSSO'];AC=['XLMOD:02000', 'XLMOD:02056'];TA=['K,nterm', 'K,S,T,Y']	size exclusion chromatography (SEC)	not available	not available	not available	not available	F1901_fuerschj_298.raw	NT=ms-proteomics;VV=v1.1.0	NT=crosslinking;VV=v1.0.0
PXD014759_F1901_fuerschj_353	Saccharomyces cerevisiae	whole cell lysate	not available	137	PXD014759_F1901_fuerschj_353_assay	proteomic profiling by mass spectrometry	data-dependent acquisition	NT=label free sample;AC=MS:1002038	1	1	not available	NT=Trypsin;AC=MS:1001251	NT=Carbamidomethyl;AC=UNIMOD:4;TA=C;MT=Fixed	NT=Oxidation;AC=UNIMOD:21;TA=M;MT=Variable	not available	not available	NT=['BS3', 'DSSO'];AC=['XLMOD:02000', 'XLMOD:02056'];TA=['K,nterm', 'K,S,T,Y']	size exclusion chromatography (SEC)	not available	not available	not available	not available	F1901_fuerschj_353.raw	NT=ms-proteomics;VV=v1.1.0	NT=crosslinking;VV=v1.0.0
PXD014759_F1811_fuerschj_499	Saccharomyces cerevisiae	whole cell lysate	not available	138	PXD014759_F1811_fuerschj_499_assay	proteomic profiling by mass spectrometry	data-dependent acquisition	NT=label free sample;AC=MS:1002038	1	1	not available	NT=Trypsin;AC=MS:1001251	NT=Carbamidomethyl;AC=UNIMOD:4;TA=C;MT=Fixed	NT=Oxidation;AC=UNIMOD:21;TA=M;MT=Variable	not available	not available	NT=['BS3', 'DSSO'];AC=['XLMOD:02000', 'XLMOD:02056'];TA=['K,nterm', 'K,S,T,Y']	size exclusion chromatography (SEC)	not available	not available	not available	not available	F1811_fuerschj_499.raw	NT=ms-proteomics;VV=v1.1.0	NT=crosslinking;VV=v1.0.0
PXD014759_F1811_fuerschj_575	Saccharomyces cerevisiae	whole cell lysate	not available	139	PXD014759_F1811_fuerschj_575_assay	proteomic profiling by mass spectrometry	data-dependent acquisition	NT=label free sample;AC=MS:1002038	1	1	not available	NT=Trypsin;AC=MS:1001251	NT=Carbamidomethyl;AC=UNIMOD:4;TA=C;MT=Fixed	NT=Oxidation;AC=UNIMOD:21;TA=M;MT=Variable	not available	not available	NT=['BS3', 'DSSO'];AC=['XLMOD:02000', 'XLMOD:02056'];TA=['K,nterm', 'K,S,T,Y']	size exclusion chromatography (SEC)	not available	not available	not available	not available	F1811_fuerschj_575.raw	NT=ms-proteomics;VV=v1.1.0	NT=crosslinking;VV=v1.0.0
PXD014759_F1902_fuerschj_098	Saccharomyces cerevisiae	whole cell lysate	not available	140	PXD014759_F1902_fuerschj_098_assay	proteomic profiling by mass spectrometry	data-dependent acquisition	NT=label free sample;AC=MS:1002038	1	1	not available	NT=Trypsin;AC=MS:1001251	NT=Carbamidomethyl;AC=UNIMOD:4;TA=C;MT=Fixed	NT=Oxidation;AC=UNIMOD:21;TA=M;MT=Variable	not available	not available	NT=['BS3', 'DSSO'];AC=['XLMOD:02000', 'XLMOD:02056'];TA=['K,nterm', 'K,S,T,Y']	size exclusion chromatography (SEC)	not available	not available	not available	not available	F1902_fuerschj_098.raw	NT=ms-proteomics;VV=v1.1.0	NT=crosslinking;VV=v1.0.0
PXD014759_F1811_fuerschj_445	Saccharomyces cerevisiae	whole cell lysate	not available	141	PXD014759_F1811_fuerschj_445_assay	proteomic profiling by mass spectrometry	data-dependent acquisition	NT=label free sample;AC=MS:1002038	1	1	not available	NT=Trypsin;AC=MS:1001251	NT=Carbamidomethyl;AC=UNIMOD:4;TA=C;MT=Fixed	NT=Oxidation;AC=UNIMOD:21;TA=M;MT=Variable	not available	not available	NT=['BS3', 'DSSO'];AC=['XLMOD:02000', 'XLMOD:02056'];TA=['K,nterm', 'K,S,T,Y']	size exclusion chromatography (SEC)	not available	not available	not available	not available	F1811_fuerschj_445.raw	NT=ms-proteomics;VV=v1.1.0	NT=crosslinking;VV=v1.0.0
PXD014759_F1902_fuerschj_033	Saccharomyces cerevisiae	whole cell lysate	not available	142	PXD014759_F1902_fuerschj_033_assay	proteomic profiling by mass spectrometry	data-dependent acquisition	NT=label free sample;AC=MS:1002038	1	1	not available	NT=Trypsin;AC=MS:1001251	NT=Carbamidomethyl;AC=UNIMOD:4;TA=C;MT=Fixed	NT=Oxidation;AC=UNIMOD:21;TA=M;MT=Variable	not available	not available	NT=['BS3', 'DSSO'];AC=['XLMOD:02000', 'XLMOD:02056'];TA=['K,nterm', 'K,S,T,Y']	size exclusion chromatography (SEC)	not available	not available	not available	not available	F1902_fuerschj_033.raw	NT=ms-proteomics;VV=v1.1.0	NT=crosslinking;VV=v1.0.0
PXD014759_F1811_fuerschj_516	Saccharomyces cerevisiae	whole cell lysate	not available	143	PXD014759_F1811_fuerschj_516_assay	proteomic profiling by mass spectrometry	data-dependent acquisition	NT=label free sample;AC=MS:1002038	1	1	not available	NT=Trypsin;AC=MS:1001251	NT=Carbamidomethyl;AC=UNIMOD:4;TA=C;MT=Fixed	NT=Oxidation;AC=UNIMOD:21;TA=M;MT=Variable	not available	not available	NT=['BS3', 'DSSO'];AC=['XLMOD:02000', 'XLMOD:02056'];TA=['K,nterm', 'K,S,T,Y']	size exclusion chromatography (SEC)	not available	not available	not available	not available	F1811_fuerschj_516.raw	NT=ms-proteomics;VV=v1.1.0	NT=crosslinking;VV=v1.0.0
PXD014759_F1811_fuerschj_483	Saccharomyces cerevisiae	whole cell lysate	not available	144	PXD014759_F1811_fuerschj_483_assay	proteomic profiling by mass spectrometry	data-dependent acquisition	NT=label free sample;AC=MS:1002038	1	1	not available	NT=Trypsin;AC=MS:1001251	NT=Carbamidomethyl;AC=UNIMOD:4;TA=C;MT=Fixed	NT=Oxidation;AC=UNIMOD:21;TA=M;MT=Variable	not available	not available	NT=['BS3', 'DSSO'];AC=['XLMOD:02000', 'XLMOD:02056'];TA=['K,nterm', 'K,S,T,Y']	size exclusion chromatography (SEC)	not available	not available	not available	not available	F1811_fuerschj_483.raw	NT=ms-proteomics;VV=v1.1.0	NT=crosslinking;VV=v1.0.0
PXD014759_F1811_fuerschj_529	Saccharomyces cerevisiae	whole cell lysate	not available	145	PXD014759_F1811_fuerschj_529_assay	proteomic profiling by mass spectrometry	data-dependent acquisition	NT=label free sample;AC=MS:1002038	1	1	not available	NT=Trypsin;AC=MS:1001251	NT=Carbamidomethyl;AC=UNIMOD:4;TA=C;MT=Fixed	NT=Oxidation;AC=UNIMOD:21;TA=M;MT=Variable	not available	not available	NT=['BS3', 'DSSO'];AC=['XLMOD:02000', 'XLMOD:02056'];TA=['K,nterm', 'K,S,T,Y']	size exclusion chromatography (SEC)	not available	not available	not available	not available	F1811_fuerschj_529.raw	NT=ms-proteomics;VV=v1.1.0	NT=crosslinking;VV=v1.0.0
PXD014759_F1902_fuerschj_038	Saccharomyces cerevisiae	whole cell lysate	not available	146	PXD014759_F1902_fuerschj_038_assay	proteomic profiling by mass spectrometry	data-dependent acquisition	NT=label free sample;AC=MS:1002038	1	1	not available	NT=Trypsin;AC=MS:1001251	NT=Carbamidomethyl;AC=UNIMOD:4;TA=C;MT=Fixed	NT=Oxidation;AC=UNIMOD:21;TA=M;MT=Variable	not available	not available	NT=['BS3', 'DSSO'];AC=['XLMOD:02000', 'XLMOD:02056'];TA=['K,nterm', 'K,S,T,Y']	size exclusion chromatography (SEC)	not available	not available	not available	not available	F1902_fuerschj_038.raw	NT=ms-proteomics;VV=v1.1.0	NT=crosslinking;VV=v1.0.0
PXD014759_F1901_fuerschj_346	Saccharomyces cerevisiae	whole cell lysate	not available	147	PXD014759_F1901_fuerschj_346_assay	proteomic profiling by mass spectrometry	data-dependent acquisition	NT=label free sample;AC=MS:1002038	1	1	not available	NT=Trypsin;AC=MS:1001251	NT=Carbamidomethyl;AC=UNIMOD:4;TA=C;MT=Fixed	NT=Oxidation;AC=UNIMOD:21;TA=M;MT=Variable	not available	not available	NT=['BS3', 'DSSO'];AC=['XLMOD:02000', 'XLMOD:02056'];TA=['K,nterm', 'K,S,T,Y']	size exclusion chromatography (SEC)	not available	not available	not available	not available	F1901_fuerschj_346.raw	NT=ms-proteomics;VV=v1.1.0	NT=crosslinking;VV=v1.0.0
PXD014759_F1811_fuerschj_574	Saccharomyces cerevisiae	whole cell lysate	not available	148	PXD014759_F1811_fuerschj_574_assay	proteomic profiling by mass spectrometry	data-dependent acquisition	NT=label free sample;AC=MS:1002038	1	1	not available	NT=Trypsin;AC=MS:1001251	NT=Carbamidomethyl;AC=UNIMOD:4;TA=C;MT=Fixed	NT=Oxidation;AC=UNIMOD:21;TA=M;MT=Variable	not available	not available	NT=['BS3', 'DSSO'];AC=['XLMOD:02000', 'XLMOD:02056'];TA=['K,nterm', 'K,S,T,Y']	size exclusion chromatography (SEC)	not available	not available	not available	not available	F1811_fuerschj_574.raw	NT=ms-proteomics;VV=v1.1.0	NT=crosslinking;VV=v1.0.0
PXD014759_F1811_fuerschj_547	Saccharomyces cerevisiae	whole cell lysate	not available	149	PXD014759_F1811_fuerschj_547_assay	proteomic profiling by mass spectrometry	data-dependent acquisition	NT=label free sample;AC=MS:1002038	1	1	not available	NT=Trypsin;AC=MS:1001251	NT=Carbamidomethyl;AC=UNIMOD:4;TA=C;MT=Fixed	NT=Oxidation;AC=UNIMOD:21;TA=M;MT=Variable	not available	not available	NT=['BS3', 'DSSO'];AC=['XLMOD:02000', 'XLMOD:02056'];TA=['K,nterm', 'K,S,T,Y']	size exclusion chromatography (SEC)	not available	not available	not available	not available	F1811_fuerschj_547.raw	NT=ms-proteomics;VV=v1.1.0	NT=crosslinking;VV=v1.0.0
PXD014759_F1901_fuerschj_370	Saccharomyces cerevisiae	whole cell lysate	not available	150	PXD014759_F1901_fuerschj_370_assay	proteomic profiling by mass spectrometry	data-dependent acquisition	NT=label free sample;AC=MS:1002038	1	1	not available	NT=Trypsin;AC=MS:1001251	NT=Carbamidomethyl;AC=UNIMOD:4;TA=C;MT=Fixed	NT=Oxidation;AC=UNIMOD:21;TA=M;MT=Variable	not available	not available	NT=['BS3', 'DSSO'];AC=['XLMOD:02000', 'XLMOD:02056'];TA=['K,nterm', 'K,S,T,Y']	size exclusion chromatography (SEC)	not available	not available	not available	not available	F1901_fuerschj_370.raw	NT=ms-proteomics;VV=v1.1.0	NT=crosslinking;VV=v1.0.0
PXD014759_F1901_fuerschj_313	Saccharomyces cerevisiae	whole cell lysate	not available	151	PXD014759_F1901_fuerschj_313_assay	proteomic profiling by mass spectrometry	data-dependent acquisition	NT=label free sample;AC=MS:1002038	1	1	not available	NT=Trypsin;AC=MS:1001251	NT=Carbamidomethyl;AC=UNIMOD:4;TA=C;MT=Fixed	NT=Oxidation;AC=UNIMOD:21;TA=M;MT=Variable	not available	not available	NT=['BS3', 'DSSO'];AC=['XLMOD:02000', 'XLMOD:02056'];TA=['K,nterm', 'K,S,T,Y']	size exclusion chromatography (SEC)	not available	not available	not available	not available	F1901_fuerschj_313.raw	NT=ms-proteomics;VV=v1.1.0	NT=crosslinking;VV=v1.0.0
PXD014759_F1902_fuerschj_030	Saccharomyces cerevisiae	whole cell lysate	not available	152	PXD014759_F1902_fuerschj_030_assay	proteomic profiling by mass spectrometry	data-dependent acquisition	NT=label free sample;AC=MS:1002038	1	1	not available	NT=Trypsin;AC=MS:1001251	NT=Carbamidomethyl;AC=UNIMOD:4;TA=C;MT=Fixed	NT=Oxidation;AC=UNIMOD:21;TA=M;MT=Variable	not available	not available	NT=['BS3', 'DSSO'];AC=['XLMOD:02000', 'XLMOD:02056'];TA=['K,nterm', 'K,S,T,Y']	size exclusion chromatography (SEC)	not available	not available	not available	not available	F1902_fuerschj_030.raw	NT=ms-proteomics;VV=v1.1.0	NT=crosslinking;VV=v1.0.0
PXD014759_F1811_fuerschj_457	Saccharomyces cerevisiae	whole cell lysate	not available	153	PXD014759_F1811_fuerschj_457_assay	proteomic profiling by mass spectrometry	data-dependent acquisition	NT=label free sample;AC=MS:1002038	1	1	not available	NT=Trypsin;AC=MS:1001251	NT=Carbamidomethyl;AC=UNIMOD:4;TA=C;MT=Fixed	NT=Oxidation;AC=UNIMOD:21;TA=M;MT=Variable	not available	not available	NT=['BS3', 'DSSO'];AC=['XLMOD:02000', 'XLMOD:02056'];TA=['K,nterm', 'K,S,T,Y']	size exclusion chromatography (SEC)	not available	not available	not available	not available	F1811_fuerschj_457.raw	NT=ms-proteomics;VV=v1.1.0	NT=crosslinking;VV=v1.0.0
PXD014759_F1902_fuerschj_028	Saccharomyces cerevisiae	whole cell lysate	not available	154	PXD014759_F1902_fuerschj_028_assay	proteomic profiling by mass spectrometry	data-dependent acquisition	NT=label free sample;AC=MS:1002038	1	1	not available	NT=Trypsin;AC=MS:1001251	NT=Carbamidomethyl;AC=UNIMOD:4;TA=C;MT=Fixed	NT=Oxidation;AC=UNIMOD:21;TA=M;MT=Variable	not available	not available	NT=['BS3', 'DSSO'];AC=['XLMOD:02000', 'XLMOD:02056'];TA=['K,nterm', 'K,S,T,Y']	size exclusion chromatography (SEC)	not available	not available	not available	not available	F1902_fuerschj_028.raw	NT=ms-proteomics;VV=v1.1.0	NT=crosslinking;VV=v1.0.0
PXD014759_F1811_fuerschj_548	Saccharomyces cerevisiae	whole cell lysate	not available	155	PXD014759_F1811_fuerschj_548_assay	proteomic profiling by mass spectrometry	data-dependent acquisition	NT=label free sample;AC=MS:1002038	1	1	not available	NT=Trypsin;AC=MS:1001251	NT=Carbamidomethyl;AC=UNIMOD:4;TA=C;MT=Fixed	NT=Oxidation;AC=UNIMOD:21;TA=M;MT=Variable	not available	not available	NT=['BS3', 'DSSO'];AC=['XLMOD:02000', 'XLMOD:02056'];TA=['K,nterm', 'K,S,T,Y']	size exclusion chromatography (SEC)	not available	not available	not available	not available	F1811_fuerschj_548.raw	NT=ms-proteomics;VV=v1.1.0	NT=crosslinking;VV=v1.0.0
PXD014759_F1901_fuerschj_319	Saccharomyces cerevisiae	whole cell lysate	not available	156	PXD014759_F1901_fuerschj_319_assay	proteomic profiling by mass spectrometry	data-dependent acquisition	NT=label free sample;AC=MS:1002038	1	1	not available	NT=Trypsin;AC=MS:1001251	NT=Carbamidomethyl;AC=UNIMOD:4;TA=C;MT=Fixed	NT=Oxidation;AC=UNIMOD:21;TA=M;MT=Variable	not available	not available	NT=['BS3', 'DSSO'];AC=['XLMOD:02000', 'XLMOD:02056'];TA=['K,nterm', 'K,S,T,Y']	size exclusion chromatography (SEC)	not available	not available	not available	not available	F1901_fuerschj_319.raw	NT=ms-proteomics;VV=v1.1.0	NT=crosslinking;VV=v1.0.0
PXD014759_F1901_fuerschj_338	Saccharomyces cerevisiae	whole cell lysate	not available	157	PXD014759_F1901_fuerschj_338_assay	proteomic profiling by mass spectrometry	data-dependent acquisition	NT=label free sample;AC=MS:1002038	1	1	not available	NT=Trypsin;AC=MS:1001251	NT=Carbamidomethyl;AC=UNIMOD:4;TA=C;MT=Fixed	NT=Oxidation;AC=UNIMOD:21;TA=M;MT=Variable	not available	not available	NT=['BS3', 'DSSO'];AC=['XLMOD:02000', 'XLMOD:02056'];TA=['K,nterm', 'K,S,T,Y']	size exclusion chromatography (SEC)	not available	not available	not available	not available	F1901_fuerschj_338.raw	NT=ms-proteomics;VV=v1.1.0	NT=crosslinking;VV=v1.0.0
PXD014759_F1811_fuerschj_425	Saccharomyces cerevisiae	whole cell lysate	not available	158	PXD014759_F1811_fuerschj_425_assay	proteomic profiling by mass spectrometry	data-dependent acquisition	NT=label free sample;AC=MS:1002038	1	1	not available	NT=Trypsin;AC=MS:1001251	NT=Carbamidomethyl;AC=UNIMOD:4;TA=C;MT=Fixed	NT=Oxidation;AC=UNIMOD:21;TA=M;MT=Variable	not available	not available	NT=['BS3', 'DSSO'];AC=['XLMOD:02000', 'XLMOD:02056'];TA=['K,nterm', 'K,S,T,Y']	size exclusion chromatography (SEC)	not available	not available	not available	not available	F1811_fuerschj_425.raw	NT=ms-proteomics;VV=v1.1.0	NT=crosslinking;VV=v1.0.0
PXD014759_F1811_fuerschj_479	Saccharomyces cerevisiae	whole cell lysate	not available	159	PXD014759_F1811_fuerschj_479_assay	proteomic profiling by mass spectrometry	data-dependent acquisition	NT=label free sample;AC=MS:1002038	1	1	not available	NT=Trypsin;AC=MS:1001251	NT=Carbamidomethyl;AC=UNIMOD:4;TA=C;MT=Fixed	NT=Oxidation;AC=UNIMOD:21;TA=M;MT=Variable	not available	not available	NT=['BS3', 'DSSO'];AC=['XLMOD:02000', 'XLMOD:02056'];TA=['K,nterm', 'K,S,T,Y']	size exclusion chromatography (SEC)	not available	not available	not available	not available	F1811_fuerschj_479.raw	NT=ms-proteomics;VV=v1.1.0	NT=crosslinking;VV=v1.0.0
PXD014759_F1811_fuerschj_480	Saccharomyces cerevisiae	whole cell lysate	not available	160	PXD014759_F1811_fuerschj_480_assay	proteomic profiling by mass spectrometry	data-dependent acquisition	NT=label free sample;AC=MS:1002038	1	1	not available	NT=Trypsin;AC=MS:1001251	NT=Carbamidomethyl;AC=UNIMOD:4;TA=C;MT=Fixed	NT=Oxidation;AC=UNIMOD:21;TA=M;MT=Variable	not available	not available	NT=['BS3', 'DSSO'];AC=['XLMOD:02000', 'XLMOD:02056'];TA=['K,nterm', 'K,S,T,Y']	size exclusion chromatography (SEC)	not available	not available	not available	not available	F1811_fuerschj_480.raw	NT=ms-proteomics;VV=v1.1.0	NT=crosslinking;VV=v1.0.0
PXD014759_F1811_fuerschj_468	Saccharomyces cerevisiae	whole cell lysate	not available	161	PXD014759_F1811_fuerschj_468_assay	proteomic profiling by mass spectrometry	data-dependent acquisition	NT=label free sample;AC=MS:1002038	1	1	not available	NT=Trypsin;AC=MS:1001251	NT=Carbamidomethyl;AC=UNIMOD:4;TA=C;MT=Fixed	NT=Oxidation;AC=UNIMOD:21;TA=M;MT=Variable	not available	not available	NT=['BS3', 'DSSO'];AC=['XLMOD:02000', 'XLMOD:02056'];TA=['K,nterm', 'K,S,T,Y']	size exclusion chromatography (SEC)	not available	not available	not available	not available	F1811_fuerschj_468.raw	NT=ms-proteomics;VV=v1.1.0	NT=crosslinking;VV=v1.0.0
PXD014759_F1811_fuerschj_475	Saccharomyces cerevisiae	whole cell lysate	not available	162	PXD014759_F1811_fuerschj_475_assay	proteomic profiling by mass spectrometry	data-dependent acquisition	NT=label free sample;AC=MS:1002038	1	1	not available	NT=Trypsin;AC=MS:1001251	NT=Carbamidomethyl;AC=UNIMOD:4;TA=C;MT=Fixed	NT=Oxidation;AC=UNIMOD:21;TA=M;MT=Variable	not available	not available	NT=['BS3', 'DSSO'];AC=['XLMOD:02000', 'XLMOD:02056'];TA=['K,nterm', 'K,S,T,Y']	size exclusion chromatography (SEC)	not available	not available	not available	not available	F1811_fuerschj_475.raw	NT=ms-proteomics;VV=v1.1.0	NT=crosslinking;VV=v1.0.0
PXD014759_F1902_fuerschj_050	Saccharomyces cerevisiae	whole cell lysate	not available	163	PXD014759_F1902_fuerschj_050_assay	proteomic profiling by mass spectrometry	data-dependent acquisition	NT=label free sample;AC=MS:1002038	1	1	not available	NT=Trypsin;AC=MS:1001251	NT=Carbamidomethyl;AC=UNIMOD:4;TA=C;MT=Fixed	NT=Oxidation;AC=UNIMOD:21;TA=M;MT=Variable	not available	not available	NT=['BS3', 'DSSO'];AC=['XLMOD:02000', 'XLMOD:02056'];TA=['K,nterm', 'K,S,T,Y']	size exclusion chromatography (SEC)	not available	not available	not available	not available	F1902_fuerschj_050.raw	NT=ms-proteomics;VV=v1.1.0	NT=crosslinking;VV=v1.0.0
PXD014759_F1811_fuerschj_517	Saccharomyces cerevisiae	whole cell lysate	not available	164	PXD014759_F1811_fuerschj_517_assay	proteomic profiling by mass spectrometry	data-dependent acquisition	NT=label free sample;AC=MS:1002038	1	1	not available	NT=Trypsin;AC=MS:1001251	NT=Carbamidomethyl;AC=UNIMOD:4;TA=C;MT=Fixed	NT=Oxidation;AC=UNIMOD:21;TA=M;MT=Variable	not available	not available	NT=['BS3', 'DSSO'];AC=['XLMOD:02000', 'XLMOD:02056'];TA=['K,nterm', 'K,S,T,Y']	size exclusion chromatography (SEC)	not available	not available	not available	not available	F1811_fuerschj_517.raw	NT=ms-proteomics;VV=v1.1.0	NT=crosslinking;VV=v1.0.0
PXD014759_F1902_fuerschj_045	Saccharomyces cerevisiae	whole cell lysate	not available	165	PXD014759_F1902_fuerschj_045_assay	proteomic profiling by mass spectrometry	data-dependent acquisition	NT=label free sample;AC=MS:1002038	1	1	not available	NT=Trypsin;AC=MS:1001251	NT=Carbamidomethyl;AC=UNIMOD:4;TA=C;MT=Fixed	NT=Oxidation;AC=UNIMOD:21;TA=M;MT=Variable	not available	not available	NT=['BS3', 'DSSO'];AC=['XLMOD:02000', 'XLMOD:02056'];TA=['K,nterm', 'K,S,T,Y']	size exclusion chromatography (SEC)	not available	not available	not available	not available	F1902_fuerschj_045.raw	NT=ms-proteomics;VV=v1.1.0	NT=crosslinking;VV=v1.0.0
PXD014759_F1901_fuerschj_340	Saccharomyces cerevisiae	whole cell lysate	not available	166	PXD014759_F1901_fuerschj_340_assay	proteomic profiling by mass spectrometry	data-dependent acquisition	NT=label free sample;AC=MS:1002038	1	1	not available	NT=Trypsin;AC=MS:1001251	NT=Carbamidomethyl;AC=UNIMOD:4;TA=C;MT=Fixed	NT=Oxidation;AC=UNIMOD:21;TA=M;MT=Variable	not available	not available	NT=['BS3', 'DSSO'];AC=['XLMOD:02000', 'XLMOD:02056'];TA=['K,nterm', 'K,S,T,Y']	size exclusion chromatography (SEC)	not available	not available	not available	not available	F1901_fuerschj_340.raw	NT=ms-proteomics;VV=v1.1.0	NT=crosslinking;VV=v1.0.0
PXD014759_F1901_fuerschj_369	Saccharomyces cerevisiae	whole cell lysate	not available	167	PXD014759_F1901_fuerschj_369_assay	proteomic profiling by mass spectrometry	data-dependent acquisition	NT=label free sample;AC=MS:1002038	1	1	not available	NT=Trypsin;AC=MS:1001251	NT=Carbamidomethyl;AC=UNIMOD:4;TA=C;MT=Fixed	NT=Oxidation;AC=UNIMOD:21;TA=M;MT=Variable	not available	not available	NT=['BS3', 'DSSO'];AC=['XLMOD:02000', 'XLMOD:02056'];TA=['K,nterm', 'K,S,T,Y']	size exclusion chromatography (SEC)	not available	not available	not available	not available	F1901_fuerschj_369.raw	NT=ms-proteomics;VV=v1.1.0	NT=crosslinking;VV=v1.0.0
PXD014759_F1902_fuerschj_027	Saccharomyces cerevisiae	whole cell lysate	not available	168	PXD014759_F1902_fuerschj_027_assay	proteomic profiling by mass spectrometry	data-dependent acquisition	NT=label free sample;AC=MS:1002038	1	1	not available	NT=Trypsin;AC=MS:1001251	NT=Carbamidomethyl;AC=UNIMOD:4;TA=C;MT=Fixed	NT=Oxidation;AC=UNIMOD:21;TA=M;MT=Variable	not available	not available	NT=['BS3', 'DSSO'];AC=['XLMOD:02000', 'XLMOD:02056'];TA=['K,nterm', 'K,S,T,Y']	size exclusion chromatography (SEC)	not available	not available	not available	not available	F1902_fuerschj_027.raw	NT=ms-proteomics;VV=v1.1.0	NT=crosslinking;VV=v1.0.0
PXD014759_F1901_fuerschj_339	Saccharomyces cerevisiae	whole cell lysate	not available	169	PXD014759_F1901_fuerschj_339_assay	proteomic profiling by mass spectrometry	data-dependent acquisition	NT=label free sample;AC=MS:1002038	1	1	not available	NT=Trypsin;AC=MS:1001251	NT=Carbamidomethyl;AC=UNIMOD:4;TA=C;MT=Fixed	NT=Oxidation;AC=UNIMOD:21;TA=M;MT=Variable	not available	not available	NT=['BS3', 'DSSO'];AC=['XLMOD:02000', 'XLMOD:02056'];TA=['K,nterm', 'K,S,T,Y']	size exclusion chromatography (SEC)	not available	not available	not available	not available	F1901_fuerschj_339.raw	NT=ms-proteomics;VV=v1.1.0	NT=crosslinking;VV=v1.0.0
PXD014759_F1902_fuerschj_087	Saccharomyces cerevisiae	whole cell lysate	not available	170	PXD014759_F1902_fuerschj_087_assay	proteomic profiling by mass spectrometry	data-dependent acquisition	NT=label free sample;AC=MS:1002038	1	1	not available	NT=Trypsin;AC=MS:1001251	NT=Carbamidomethyl;AC=UNIMOD:4;TA=C;MT=Fixed	NT=Oxidation;AC=UNIMOD:21;TA=M;MT=Variable	not available	not available	NT=['BS3', 'DSSO'];AC=['XLMOD:02000', 'XLMOD:02056'];TA=['K,nterm', 'K,S,T,Y']	size exclusion chromatography (SEC)	not available	not available	not available	not available	F1902_fuerschj_087.raw	NT=ms-proteomics;VV=v1.1.0	NT=crosslinking;VV=v1.0.0
PXD014759_F1811_fuerschj_510	Saccharomyces cerevisiae	whole cell lysate	not available	171	PXD014759_F1811_fuerschj_510_assay	proteomic profiling by mass spectrometry	data-dependent acquisition	NT=label free sample;AC=MS:1002038	1	1	not available	NT=Trypsin;AC=MS:1001251	NT=Carbamidomethyl;AC=UNIMOD:4;TA=C;MT=Fixed	NT=Oxidation;AC=UNIMOD:21;TA=M;MT=Variable	not available	not available	NT=['BS3', 'DSSO'];AC=['XLMOD:02000', 'XLMOD:02056'];TA=['K,nterm', 'K,S,T,Y']	size exclusion chromatography (SEC)	not available	not available	not available	not available	F1811_fuerschj_510.raw	NT=ms-proteomics;VV=v1.1.0	NT=crosslinking;VV=v1.0.0
PXD014759_F1811_fuerschj_536	Saccharomyces cerevisiae	whole cell lysate	not available	172	PXD014759_F1811_fuerschj_536_assay	proteomic profiling by mass spectrometry	data-dependent acquisition	NT=label free sample;AC=MS:1002038	1	1	not available	NT=Trypsin;AC=MS:1001251	NT=Carbamidomethyl;AC=UNIMOD:4;TA=C;MT=Fixed	NT=Oxidation;AC=UNIMOD:21;TA=M;MT=Variable	not available	not available	NT=['BS3', 'DSSO'];AC=['XLMOD:02000', 'XLMOD:02056'];TA=['K,nterm', 'K,S,T,Y']	size exclusion chromatography (SEC)	not available	not available	not available	not available	F1811_fuerschj_536.raw	NT=ms-proteomics;VV=v1.1.0	NT=crosslinking;VV=v1.0.0
PXD014759_F1811_fuerschj_569	Saccharomyces cerevisiae	whole cell lysate	not available	173	PXD014759_F1811_fuerschj_569_assay	proteomic profiling by mass spectrometry	data-dependent acquisition	NT=label free sample;AC=MS:1002038	1	1	not available	NT=Trypsin;AC=MS:1001251	NT=Carbamidomethyl;AC=UNIMOD:4;TA=C;MT=Fixed	NT=Oxidation;AC=UNIMOD:21;TA=M;MT=Variable	not available	not available	NT=['BS3', 'DSSO'];AC=['XLMOD:02000', 'XLMOD:02056'];TA=['K,nterm', 'K,S,T,Y']	size exclusion chromatography (SEC)	not available	not available	not available	not available	F1811_fuerschj_569.raw	NT=ms-proteomics;VV=v1.1.0	NT=crosslinking;VV=v1.0.0
PXD014759_F1901_fuerschj_296	Saccharomyces cerevisiae	whole cell lysate	not available	174	PXD014759_F1901_fuerschj_296_assay	proteomic profiling by mass spectrometry	data-dependent acquisition	NT=label free sample;AC=MS:1002038	1	1	not available	NT=Trypsin;AC=MS:1001251	NT=Carbamidomethyl;AC=UNIMOD:4;TA=C;MT=Fixed	NT=Oxidation;AC=UNIMOD:21;TA=M;MT=Variable	not available	not available	NT=['BS3', 'DSSO'];AC=['XLMOD:02000', 'XLMOD:02056'];TA=['K,nterm', 'K,S,T,Y']	size exclusion chromatography (SEC)	not available	not available	not available	not available	F1901_fuerschj_296.raw	NT=ms-proteomics;VV=v1.1.0	NT=crosslinking;VV=v1.0.0
PXD014759_F1902_fuerschj_001	Saccharomyces cerevisiae	whole cell lysate	not available	175	PXD014759_F1902_fuerschj_001_assay	proteomic profiling by mass spectrometry	data-dependent acquisition	NT=label free sample;AC=MS:1002038	1	1	not available	NT=Trypsin;AC=MS:1001251	NT=Carbamidomethyl;AC=UNIMOD:4;TA=C;MT=Fixed	NT=Oxidation;AC=UNIMOD:21;TA=M;MT=Variable	not available	not available	NT=['BS3', 'DSSO'];AC=['XLMOD:02000', 'XLMOD:02056'];TA=['K,nterm', 'K,S,T,Y']	size exclusion chromatography (SEC)	not available	not available	not available	not available	F1902_fuerschj_001.raw	NT=ms-proteomics;VV=v1.1.0	NT=crosslinking;VV=v1.0.0
PXD014759_F1901_fuerschj_306	Saccharomyces cerevisiae	whole cell lysate	not available	176	PXD014759_F1901_fuerschj_306_assay	proteomic profiling by mass spectrometry	data-dependent acquisition	NT=label free sample;AC=MS:1002038	1	1	not available	NT=Trypsin;AC=MS:1001251	NT=Carbamidomethyl;AC=UNIMOD:4;TA=C;MT=Fixed	NT=Oxidation;AC=UNIMOD:21;TA=M;MT=Variable	not available	not available	NT=['BS3', 'DSSO'];AC=['XLMOD:02000', 'XLMOD:02056'];TA=['K,nterm', 'K,S,T,Y']	size exclusion chromatography (SEC)	not available	not available	not available	not available	F1901_fuerschj_306.raw	NT=ms-proteomics;VV=v1.1.0	NT=crosslinking;VV=v1.0.0
PXD014759_F1811_fuerschj_505	Saccharomyces cerevisiae	whole cell lysate	not available	177	PXD014759_F1811_fuerschj_505_assay	proteomic profiling by mass spectrometry	data-dependent acquisition	NT=label free sample;AC=MS:1002038	1	1	not available	NT=Trypsin;AC=MS:1001251	NT=Carbamidomethyl;AC=UNIMOD:4;TA=C;MT=Fixed	NT=Oxidation;AC=UNIMOD:21;TA=M;MT=Variable	not available	not available	NT=['BS3', 'DSSO'];AC=['XLMOD:02000', 'XLMOD:02056'];TA=['K,nterm', 'K,S,T,Y']	size exclusion chromatography (SEC)	not available	not available	not available	not available	F1811_fuerschj_505.raw	NT=ms-proteomics;VV=v1.1.0	NT=crosslinking;VV=v1.0.0
PXD014759_F1811_fuerschj_461	Saccharomyces cerevisiae	whole cell lysate	not available	178	PXD014759_F1811_fuerschj_461_assay	proteomic profiling by mass spectrometry	data-dependent acquisition	NT=label free sample;AC=MS:1002038	1	1	not available	NT=Trypsin;AC=MS:1001251	NT=Carbamidomethyl;AC=UNIMOD:4;TA=C;MT=Fixed	NT=Oxidation;AC=UNIMOD:21;TA=M;MT=Variable	not available	not available	NT=['BS3', 'DSSO'];AC=['XLMOD:02000', 'XLMOD:02056'];TA=['K,nterm', 'K,S,T,Y']	size exclusion chromatography (SEC)	not available	not available	not available	not available	F1811_fuerschj_461.raw	NT=ms-proteomics;VV=v1.1.0	NT=crosslinking;VV=v1.0.0
PXD014759_F1902_fuerschj_097	Saccharomyces cerevisiae	whole cell lysate	not available	179	PXD014759_F1902_fuerschj_097_assay	proteomic profiling by mass spectrometry	data-dependent acquisition	NT=label free sample;AC=MS:1002038	1	1	not available	NT=Trypsin;AC=MS:1001251	NT=Carbamidomethyl;AC=UNIMOD:4;TA=C;MT=Fixed	NT=Oxidation;AC=UNIMOD:21;TA=M;MT=Variable	not available	not available	NT=['BS3', 'DSSO'];AC=['XLMOD:02000', 'XLMOD:02056'];TA=['K,nterm', 'K,S,T,Y']	size exclusion chromatography (SEC)	not available	not available	not available	not available	F1902_fuerschj_097.raw	NT=ms-proteomics;VV=v1.1.0	NT=crosslinking;VV=v1.0.0
PXD014759_F1811_fuerschj_522	Saccharomyces cerevisiae	whole cell lysate	not available	180	PXD014759_F1811_fuerschj_522_assay	proteomic profiling by mass spectrometry	data-dependent acquisition	NT=label free sample;AC=MS:1002038	1	1	not available	NT=Trypsin;AC=MS:1001251	NT=Carbamidomethyl;AC=UNIMOD:4;TA=C;MT=Fixed	NT=Oxidation;AC=UNIMOD:21;TA=M;MT=Variable	not available	not available	NT=['BS3', 'DSSO'];AC=['XLMOD:02000', 'XLMOD:02056'];TA=['K,nterm', 'K,S,T,Y']	size exclusion chromatography (SEC)	not available	not available	not available	not available	F1811_fuerschj_522.raw	NT=ms-proteomics;VV=v1.1.0	NT=crosslinking;VV=v1.0.0
PXD014759_F1811_fuerschj_565	Saccharomyces cerevisiae	whole cell lysate	not available	181	PXD014759_F1811_fuerschj_565_assay	proteomic profiling by mass spectrometry	data-dependent acquisition	NT=label free sample;AC=MS:1002038	1	1	not available	NT=Trypsin;AC=MS:1001251	NT=Carbamidomethyl;AC=UNIMOD:4;TA=C;MT=Fixed	NT=Oxidation;AC=UNIMOD:21;TA=M;MT=Variable	not available	not available	NT=['BS3', 'DSSO'];AC=['XLMOD:02000', 'XLMOD:02056'];TA=['K,nterm', 'K,S,T,Y']	size exclusion chromatography (SEC)	not available	not available	not available	not available	F1811_fuerschj_565.raw	NT=ms-proteomics;VV=v1.1.0	NT=crosslinking;VV=v1.0.0
PXD014759_F1901_fuerschj_336	Saccharomyces cerevisiae	whole cell lysate	not available	182	PXD014759_F1901_fuerschj_336_assay	proteomic profiling by mass spectrometry	data-dependent acquisition	NT=label free sample;AC=MS:1002038	1	1	not available	NT=Trypsin;AC=MS:1001251	NT=Carbamidomethyl;AC=UNIMOD:4;TA=C;MT=Fixed	NT=Oxidation;AC=UNIMOD:21;TA=M;MT=Variable	not available	not available	NT=['BS3', 'DSSO'];AC=['XLMOD:02000', 'XLMOD:02056'];TA=['K,nterm', 'K,S,T,Y']	size exclusion chromatography (SEC)	not available	not available	not available	not available	F1901_fuerschj_336.raw	NT=ms-proteomics;VV=v1.1.0	NT=crosslinking;VV=v1.0.0
PXD014759_F1902_fuerschj_017	Saccharomyces cerevisiae	whole cell lysate	not available	183	PXD014759_F1902_fuerschj_017_assay	proteomic profiling by mass spectrometry	data-dependent acquisition	NT=label free sample;AC=MS:1002038	1	1	not available	NT=Trypsin;AC=MS:1001251	NT=Carbamidomethyl;AC=UNIMOD:4;TA=C;MT=Fixed	NT=Oxidation;AC=UNIMOD:21;TA=M;MT=Variable	not available	not available	NT=['BS3', 'DSSO'];AC=['XLMOD:02000', 'XLMOD:02056'];TA=['K,nterm', 'K,S,T,Y']	size exclusion chromatography (SEC)	not available	not available	not available	not available	F1902_fuerschj_017.raw	NT=ms-proteomics;VV=v1.1.0	NT=crosslinking;VV=v1.0.0
PXD014759_F1902_fuerschj_089	Saccharomyces cerevisiae	whole cell lysate	not available	184	PXD014759_F1902_fuerschj_089_assay	proteomic profiling by mass spectrometry	data-dependent acquisition	NT=label free sample;AC=MS:1002038	1	1	not available	NT=Trypsin;AC=MS:1001251	NT=Carbamidomethyl;AC=UNIMOD:4;TA=C;MT=Fixed	NT=Oxidation;AC=UNIMOD:21;TA=M;MT=Variable	not available	not available	NT=['BS3', 'DSSO'];AC=['XLMOD:02000', 'XLMOD:02056'];TA=['K,nterm', 'K,S,T,Y']	size exclusion chromatography (SEC)	not available	not available	not available	not available	F1902_fuerschj_089.raw	NT=ms-proteomics;VV=v1.1.0	NT=crosslinking;VV=v1.0.0
PXD014759_F1811_fuerschj_554	Saccharomyces cerevisiae	whole cell lysate	not available	185	PXD014759_F1811_fuerschj_554_assay	proteomic profiling by mass spectrometry	data-dependent acquisition	NT=label free sample;AC=MS:1002038	1	1	not available	NT=Trypsin;AC=MS:1001251	NT=Carbamidomethyl;AC=UNIMOD:4;TA=C;MT=Fixed	NT=Oxidation;AC=UNIMOD:21;TA=M;MT=Variable	not available	not available	NT=['BS3', 'DSSO'];AC=['XLMOD:02000', 'XLMOD:02056'];TA=['K,nterm', 'K,S,T,Y']	size exclusion chromatography (SEC)	not available	not available	not available	not available	F1811_fuerschj_554.raw	NT=ms-proteomics;VV=v1.1.0	NT=crosslinking;VV=v1.0.0
PXD014759_F1901_fuerschj_352	Saccharomyces cerevisiae	whole cell lysate	not available	186	PXD014759_F1901_fuerschj_352_assay	proteomic profiling by mass spectrometry	data-dependent acquisition	NT=label free sample;AC=MS:1002038	1	1	not available	NT=Trypsin;AC=MS:1001251	NT=Carbamidomethyl;AC=UNIMOD:4;TA=C;MT=Fixed	NT=Oxidation;AC=UNIMOD:21;TA=M;MT=Variable	not available	not available	NT=['BS3', 'DSSO'];AC=['XLMOD:02000', 'XLMOD:02056'];TA=['K,nterm', 'K,S,T,Y']	size exclusion chromatography (SEC)	not available	not available	not available	not available	F1901_fuerschj_352.raw	NT=ms-proteomics;VV=v1.1.0	NT=crosslinking;VV=v1.0.0
PXD014759_F1811_fuerschj_469	Saccharomyces cerevisiae	whole cell lysate	not available	187	PXD014759_F1811_fuerschj_469_assay	proteomic profiling by mass spectrometry	data-dependent acquisition	NT=label free sample;AC=MS:1002038	1	1	not available	NT=Trypsin;AC=MS:1001251	NT=Carbamidomethyl;AC=UNIMOD:4;TA=C;MT=Fixed	NT=Oxidation;AC=UNIMOD:21;TA=M;MT=Variable	not available	not available	NT=['BS3', 'DSSO'];AC=['XLMOD:02000', 'XLMOD:02056'];TA=['K,nterm', 'K,S,T,Y']	size exclusion chromatography (SEC)	not available	not available	not available	not available	F1811_fuerschj_469.raw	NT=ms-proteomics;VV=v1.1.0	NT=crosslinking;VV=v1.0.0
PXD014759_F1811_fuerschj_481	Saccharomyces cerevisiae	whole cell lysate	not available	188	PXD014759_F1811_fuerschj_481_assay	proteomic profiling by mass spectrometry	data-dependent acquisition	NT=label free sample;AC=MS:1002038	1	1	not available	NT=Trypsin;AC=MS:1001251	NT=Carbamidomethyl;AC=UNIMOD:4;TA=C;MT=Fixed	NT=Oxidation;AC=UNIMOD:21;TA=M;MT=Variable	not available	not available	NT=['BS3', 'DSSO'];AC=['XLMOD:02000', 'XLMOD:02056'];TA=['K,nterm', 'K,S,T,Y']	size exclusion chromatography (SEC)	not available	not available	not available	not available	F1811_fuerschj_481.raw	NT=ms-proteomics;VV=v1.1.0	NT=crosslinking;VV=v1.0.0
PXD014759_F1811_fuerschj_503	Saccharomyces cerevisiae	whole cell lysate	not available	189	PXD014759_F1811_fuerschj_503_assay	proteomic profiling by mass spectrometry	data-dependent acquisition	NT=label free sample;AC=MS:1002038	1	1	not available	NT=Trypsin;AC=MS:1001251	NT=Carbamidomethyl;AC=UNIMOD:4;TA=C;MT=Fixed	NT=Oxidation;AC=UNIMOD:21;TA=M;MT=Variable	not available	not available	NT=['BS3', 'DSSO'];AC=['XLMOD:02000', 'XLMOD:02056'];TA=['K,nterm', 'K,S,T,Y']	size exclusion chromatography (SEC)	not available	not available	not available	not available	F1811_fuerschj_503.raw	NT=ms-proteomics;VV=v1.1.0	NT=crosslinking;VV=v1.0.0
PXD014759_F1901_fuerschj_303	Saccharomyces cerevisiae	whole cell lysate	not available	190	PXD014759_F1901_fuerschj_303_assay	proteomic profiling by mass spectrometry	data-dependent acquisition	NT=label free sample;AC=MS:1002038	1	1	not available	NT=Trypsin;AC=MS:1001251	NT=Carbamidomethyl;AC=UNIMOD:4;TA=C;MT=Fixed	NT=Oxidation;AC=UNIMOD:21;TA=M;MT=Variable	not available	not available	NT=['BS3', 'DSSO'];AC=['XLMOD:02000', 'XLMOD:02056'];TA=['K,nterm', 'K,S,T,Y']	size exclusion chromatography (SEC)	not available	not available	not available	not available	F1901_fuerschj_303.raw	NT=ms-proteomics;VV=v1.1.0	NT=crosslinking;VV=v1.0.0
PXD014759_F1901_fuerschj_330	Saccharomyces cerevisiae	whole cell lysate	not available	191	PXD014759_F1901_fuerschj_330_assay	proteomic profiling by mass spectrometry	data-dependent acquisition	NT=label free sample;AC=MS:1002038	1	1	not available	NT=Trypsin;AC=MS:1001251	NT=Carbamidomethyl;AC=UNIMOD:4;TA=C;MT=Fixed	NT=Oxidation;AC=UNIMOD:21;TA=M;MT=Variable	not available	not available	NT=['BS3', 'DSSO'];AC=['XLMOD:02000', 'XLMOD:02056'];TA=['K,nterm', 'K,S,T,Y']	size exclusion chromatography (SEC)	not available	not available	not available	not available	F1901_fuerschj_330.raw	NT=ms-proteomics;VV=v1.1.0	NT=crosslinking;VV=v1.0.0
PXD014759_F1811_fuerschj_535	Saccharomyces cerevisiae	whole cell lysate	not available	192	PXD014759_F1811_fuerschj_535_assay	proteomic profiling by mass spectrometry	data-dependent acquisition	NT=label free sample;AC=MS:1002038	1	1	not available	NT=Trypsin;AC=MS:1001251	NT=Carbamidomethyl;AC=UNIMOD:4;TA=C;MT=Fixed	NT=Oxidation;AC=UNIMOD:21;TA=M;MT=Variable	not available	not available	NT=['BS3', 'DSSO'];AC=['XLMOD:02000', 'XLMOD:02056'];TA=['K,nterm', 'K,S,T,Y']	size exclusion chromatography (SEC)	not available	not available	not available	not available	F1811_fuerschj_535.raw	NT=ms-proteomics;VV=v1.1.0	NT=crosslinking;VV=v1.0.0
PXD014759_F1902_fuerschj_006	Saccharomyces cerevisiae	whole cell lysate	not available	193	PXD014759_F1902_fuerschj_006_assay	proteomic profiling by mass spectrometry	data-dependent acquisition	NT=label free sample;AC=MS:1002038	1	1	not available	NT=Trypsin;AC=MS:1001251	NT=Carbamidomethyl;AC=UNIMOD:4;TA=C;MT=Fixed	NT=Oxidation;AC=UNIMOD:21;TA=M;MT=Variable	not available	not available	NT=['BS3', 'DSSO'];AC=['XLMOD:02000', 'XLMOD:02056'];TA=['K,nterm', 'K,S,T,Y']	size exclusion chromatography (SEC)	not available	not available	not available	not available	F1902_fuerschj_006.raw	NT=ms-proteomics;VV=v1.1.0	NT=crosslinking;VV=v1.0.0
PXD014759_F1811_fuerschj_453	Saccharomyces cerevisiae	whole cell lysate	not available	194	PXD014759_F1811_fuerschj_453_assay	proteomic profiling by mass spectrometry	data-dependent acquisition	NT=label free sample;AC=MS:1002038	1	1	not available	NT=Trypsin;AC=MS:1001251	NT=Carbamidomethyl;AC=UNIMOD:4;TA=C;MT=Fixed	NT=Oxidation;AC=UNIMOD:21;TA=M;MT=Variable	not available	not available	NT=['BS3', 'DSSO'];AC=['XLMOD:02000', 'XLMOD:02056'];TA=['K,nterm', 'K,S,T,Y']	size exclusion chromatography (SEC)	not available	not available	not available	not available	F1811_fuerschj_453.raw	NT=ms-proteomics;VV=v1.1.0	NT=crosslinking;VV=v1.0.0
PXD014759_F1811_fuerschj_471	Saccharomyces cerevisiae	whole cell lysate	not available	195	PXD014759_F1811_fuerschj_471_assay	proteomic profiling by mass spectrometry	data-dependent acquisition	NT=label free sample;AC=MS:1002038	1	1	not available	NT=Trypsin;AC=MS:1001251	NT=Carbamidomethyl;AC=UNIMOD:4;TA=C;MT=Fixed	NT=Oxidation;AC=UNIMOD:21;TA=M;MT=Variable	not available	not available	NT=['BS3', 'DSSO'];AC=['XLMOD:02000', 'XLMOD:02056'];TA=['K,nterm', 'K,S,T,Y']	size exclusion chromatography (SEC)	not available	not available	not available	not available	F1811_fuerschj_471.raw	NT=ms-proteomics;VV=v1.1.0	NT=crosslinking;VV=v1.0.0
PXD014759_F1902_fuerschj_085	Saccharomyces cerevisiae	whole cell lysate	not available	196	PXD014759_F1902_fuerschj_085_assay	proteomic profiling by mass spectrometry	data-dependent acquisition	NT=label free sample;AC=MS:1002038	1	1	not available	NT=Trypsin;AC=MS:1001251	NT=Carbamidomethyl;AC=UNIMOD:4;TA=C;MT=Fixed	NT=Oxidation;AC=UNIMOD:21;TA=M;MT=Variable	not available	not available	NT=['BS3', 'DSSO'];AC=['XLMOD:02000', 'XLMOD:02056'];TA=['K,nterm', 'K,S,T,Y']	size exclusion chromatography (SEC)	not available	not available	not available	not available	F1902_fuerschj_085.raw	NT=ms-proteomics;VV=v1.1.0	NT=crosslinking;VV=v1.0.0
PXD014759_F1902_fuerschj_018	Saccharomyces cerevisiae	whole cell lysate	not available	197	PXD014759_F1902_fuerschj_018_assay	proteomic profiling by mass spectrometry	data-dependent acquisition	NT=label free sample;AC=MS:1002038	1	1	not available	NT=Trypsin;AC=MS:1001251	NT=Carbamidomethyl;AC=UNIMOD:4;TA=C;MT=Fixed	NT=Oxidation;AC=UNIMOD:21;TA=M;MT=Variable	not available	not available	NT=['BS3', 'DSSO'];AC=['XLMOD:02000', 'XLMOD:02056'];TA=['K,nterm', 'K,S,T,Y']	size exclusion chromatography (SEC)	not available	not available	not available	not available	F1902_fuerschj_018.raw	NT=ms-proteomics;VV=v1.1.0	NT=crosslinking;VV=v1.0.0
PXD014759_F1811_fuerschj_577	Saccharomyces cerevisiae	whole cell lysate	not available	198	PXD014759_F1811_fuerschj_577_assay	proteomic profiling by mass spectrometry	data-dependent acquisition	NT=label free sample;AC=MS:1002038	1	1	not available	NT=Trypsin;AC=MS:1001251	NT=Carbamidomethyl;AC=UNIMOD:4;TA=C;MT=Fixed	NT=Oxidation;AC=UNIMOD:21;TA=M;MT=Variable	not available	not available	NT=['BS3', 'DSSO'];AC=['XLMOD:02000', 'XLMOD:02056'];TA=['K,nterm', 'K,S,T,Y']	size exclusion chromatography (SEC)	not available	not available	not available	not available	F1811_fuerschj_577.raw	NT=ms-proteomics;VV=v1.1.0	NT=crosslinking;VV=v1.0.0
PXD014759_F1902_fuerschj_093	Saccharomyces cerevisiae	whole cell lysate	not available	199	PXD014759_F1902_fuerschj_093_assay	proteomic profiling by mass spectrometry	data-dependent acquisition	NT=label free sample;AC=MS:1002038	1	1	not available	NT=Trypsin;AC=MS:1001251	NT=Carbamidomethyl;AC=UNIMOD:4;TA=C;MT=Fixed	NT=Oxidation;AC=UNIMOD:21;TA=M;MT=Variable	not available	not available	NT=['BS3', 'DSSO'];AC=['XLMOD:02000', 'XLMOD:02056'];TA=['K,nterm', 'K,S,T,Y']	size exclusion chromatography (SEC)	not available	not available	not available	not available	F1902_fuerschj_093.raw	NT=ms-proteomics;VV=v1.1.0	NT=crosslinking;VV=v1.0.0
PXD014759_F1902_fuerschj_054	Saccharomyces cerevisiae	whole cell lysate	not available	200	PXD014759_F1902_fuerschj_054_assay	proteomic profiling by mass spectrometry	data-dependent acquisition	NT=label free sample;AC=MS:1002038	1	1	not available	NT=Trypsin;AC=MS:1001251	NT=Carbamidomethyl;AC=UNIMOD:4;TA=C;MT=Fixed	NT=Oxidation;AC=UNIMOD:21;TA=M;MT=Variable	not available	not available	NT=['BS3', 'DSSO'];AC=['XLMOD:02000', 'XLMOD:02056'];TA=['K,nterm', 'K,S,T,Y']	size exclusion chromatography (SEC)	not available	not available	not available	not available	F1902_fuerschj_054.raw	NT=ms-proteomics;VV=v1.1.0	NT=crosslinking;VV=v1.0.0
PXD014759_F1811_fuerschj_498	Saccharomyces cerevisiae	whole cell lysate	not available	201	PXD014759_F1811_fuerschj_498_assay	proteomic profiling by mass spectrometry	data-dependent acquisition	NT=label free sample;AC=MS:1002038	1	1	not available	NT=Trypsin;AC=MS:1001251	NT=Carbamidomethyl;AC=UNIMOD:4;TA=C;MT=Fixed	NT=Oxidation;AC=UNIMOD:21;TA=M;MT=Variable	not available	not available	NT=['BS3', 'DSSO'];AC=['XLMOD:02000', 'XLMOD:02056'];TA=['K,nterm', 'K,S,T,Y']	size exclusion chromatography (SEC)	not available	not available	not available	not available	F1811_fuerschj_498.raw	NT=ms-proteomics;VV=v1.1.0	NT=crosslinking;VV=v1.0.0
PXD014759_F1811_fuerschj_524	Saccharomyces cerevisiae	whole cell lysate	not available	202	PXD014759_F1811_fuerschj_524_assay	proteomic profiling by mass spectrometry	data-dependent acquisition	NT=label free sample;AC=MS:1002038	1	1	not available	NT=Trypsin;AC=MS:1001251	NT=Carbamidomethyl;AC=UNIMOD:4;TA=C;MT=Fixed	NT=Oxidation;AC=UNIMOD:21;TA=M;MT=Variable	not available	not available	NT=['BS3', 'DSSO'];AC=['XLMOD:02000', 'XLMOD:02056'];TA=['K,nterm', 'K,S,T,Y']	size exclusion chromatography (SEC)	not available	not available	not available	not available	F1811_fuerschj_524.raw	NT=ms-proteomics;VV=v1.1.0	NT=crosslinking;VV=v1.0.0
PXD014759_F1901_fuerschj_337	Saccharomyces cerevisiae	whole cell lysate	not available	203	PXD014759_F1901_fuerschj_337_assay	proteomic profiling by mass spectrometry	data-dependent acquisition	NT=label free sample;AC=MS:1002038	1	1	not available	NT=Trypsin;AC=MS:1001251	NT=Carbamidomethyl;AC=UNIMOD:4;TA=C;MT=Fixed	NT=Oxidation;AC=UNIMOD:21;TA=M;MT=Variable	not available	not available	NT=['BS3', 'DSSO'];AC=['XLMOD:02000', 'XLMOD:02056'];TA=['K,nterm', 'K,S,T,Y']	size exclusion chromatography (SEC)	not available	not available	not available	not available	F1901_fuerschj_337.raw	NT=ms-proteomics;VV=v1.1.0	NT=crosslinking;VV=v1.0.0
PXD014759_F1902_fuerschj_026	Saccharomyces cerevisiae	whole cell lysate	not available	204	PXD014759_F1902_fuerschj_026_assay	proteomic profiling by mass spectrometry	data-dependent acquisition	NT=label free sample;AC=MS:1002038	1	1	not available	NT=Trypsin;AC=MS:1001251	NT=Carbamidomethyl;AC=UNIMOD:4;TA=C;MT=Fixed	NT=Oxidation;AC=UNIMOD:21;TA=M;MT=Variable	not available	not available	NT=['BS3', 'DSSO'];AC=['XLMOD:02000', 'XLMOD:02056'];TA=['K,nterm', 'K,S,T,Y']	size exclusion chromatography (SEC)	not available	not available	not available	not available	F1902_fuerschj_026.raw	NT=ms-proteomics;VV=v1.1.0	NT=crosslinking;VV=v1.0.0
PXD014759_F1902_fuerschj_041	Saccharomyces cerevisiae	whole cell lysate	not available	205	PXD014759_F1902_fuerschj_041_assay	proteomic profiling by mass spectrometry	data-dependent acquisition	NT=label free sample;AC=MS:1002038	1	1	not available	NT=Trypsin;AC=MS:1001251	NT=Carbamidomethyl;AC=UNIMOD:4;TA=C;MT=Fixed	NT=Oxidation;AC=UNIMOD:21;TA=M;MT=Variable	not available	not available	NT=['BS3', 'DSSO'];AC=['XLMOD:02000', 'XLMOD:02056'];TA=['K,nterm', 'K,S,T,Y']	size exclusion chromatography (SEC)	not available	not available	not available	not available	F1902_fuerschj_041.raw	NT=ms-proteomics;VV=v1.1.0	NT=crosslinking;VV=v1.0.0
PXD014759_F1811_fuerschj_482	Saccharomyces cerevisiae	whole cell lysate	not available	206	PXD014759_F1811_fuerschj_482_assay	proteomic profiling by mass spectrometry	data-dependent acquisition	NT=label free sample;AC=MS:1002038	1	1	not available	NT=Trypsin;AC=MS:1001251	NT=Carbamidomethyl;AC=UNIMOD:4;TA=C;MT=Fixed	NT=Oxidation;AC=UNIMOD:21;TA=M;MT=Variable	not available	not available	NT=['BS3', 'DSSO'];AC=['XLMOD:02000', 'XLMOD:02056'];TA=['K,nterm', 'K,S,T,Y']	size exclusion chromatography (SEC)	not available	not available	not available	not available	F1811_fuerschj_482.raw	NT=ms-proteomics;VV=v1.1.0	NT=crosslinking;VV=v1.0.0
PXD014759_F1811_fuerschj_491	Saccharomyces cerevisiae	whole cell lysate	not available	207	PXD014759_F1811_fuerschj_491_assay	proteomic profiling by mass spectrometry	data-dependent acquisition	NT=label free sample;AC=MS:1002038	1	1	not available	NT=Trypsin;AC=MS:1001251	NT=Carbamidomethyl;AC=UNIMOD:4;TA=C;MT=Fixed	NT=Oxidation;AC=UNIMOD:21;TA=M;MT=Variable	not available	not available	NT=['BS3', 'DSSO'];AC=['XLMOD:02000', 'XLMOD:02056'];TA=['K,nterm', 'K,S,T,Y']	size exclusion chromatography (SEC)	not available	not available	not available	not available	F1811_fuerschj_491.raw	NT=ms-proteomics;VV=v1.1.0	NT=crosslinking;VV=v1.0.0
PXD014759_F1902_fuerschj_002	Saccharomyces cerevisiae	whole cell lysate	not available	208	PXD014759_F1902_fuerschj_002_assay	proteomic profiling by mass spectrometry	data-dependent acquisition	NT=label free sample;AC=MS:1002038	1	1	not available	NT=Trypsin;AC=MS:1001251	NT=Carbamidomethyl;AC=UNIMOD:4;TA=C;MT=Fixed	NT=Oxidation;AC=UNIMOD:21;TA=M;MT=Variable	not available	not available	NT=['BS3', 'DSSO'];AC=['XLMOD:02000', 'XLMOD:02056'];TA=['K,nterm', 'K,S,T,Y']	size exclusion chromatography (SEC)	not available	not available	not available	not available	F1902_fuerschj_002.raw	NT=ms-proteomics;VV=v1.1.0	NT=crosslinking;VV=v1.0.0
PXD014759_F1901_fuerschj_297	Saccharomyces cerevisiae	whole cell lysate	not available	209	PXD014759_F1901_fuerschj_297_assay	proteomic profiling by mass spectrometry	data-dependent acquisition	NT=label free sample;AC=MS:1002038	1	1	not available	NT=Trypsin;AC=MS:1001251	NT=Carbamidomethyl;AC=UNIMOD:4;TA=C;MT=Fixed	NT=Oxidation;AC=UNIMOD:21;TA=M;MT=Variable	not available	not available	NT=['BS3', 'DSSO'];AC=['XLMOD:02000', 'XLMOD:02056'];TA=['K,nterm', 'K,S,T,Y']	size exclusion chromatography (SEC)	not available	not available	not available	not available	F1901_fuerschj_297.raw	NT=ms-proteomics;VV=v1.1.0	NT=crosslinking;VV=v1.0.0
PXD014759_F1901_fuerschj_331	Saccharomyces cerevisiae	whole cell lysate	not available	210	PXD014759_F1901_fuerschj_331_assay	proteomic profiling by mass spectrometry	data-dependent acquisition	NT=label free sample;AC=MS:1002038	1	1	not available	NT=Trypsin;AC=MS:1001251	NT=Carbamidomethyl;AC=UNIMOD:4;TA=C;MT=Fixed	NT=Oxidation;AC=UNIMOD:21;TA=M;MT=Variable	not available	not available	NT=['BS3', 'DSSO'];AC=['XLMOD:02000', 'XLMOD:02056'];TA=['K,nterm', 'K,S,T,Y']	size exclusion chromatography (SEC)	not available	not available	not available	not available	F1901_fuerschj_331.raw	NT=ms-proteomics;VV=v1.1.0	NT=crosslinking;VV=v1.0.0
PXD014759_F1811_fuerschj_523	Saccharomyces cerevisiae	whole cell lysate	not available	211	PXD014759_F1811_fuerschj_523_assay	proteomic profiling by mass spectrometry	data-dependent acquisition	NT=label free sample;AC=MS:1002038	1	1	not available	NT=Trypsin;AC=MS:1001251	NT=Carbamidomethyl;AC=UNIMOD:4;TA=C;MT=Fixed	NT=Oxidation;AC=UNIMOD:21;TA=M;MT=Variable	not available	not available	NT=['BS3', 'DSSO'];AC=['XLMOD:02000', 'XLMOD:02056'];TA=['K,nterm', 'K,S,T,Y']	size exclusion chromatography (SEC)	not available	not available	not available	not available	F1811_fuerschj_523.raw	NT=ms-proteomics;VV=v1.1.0	NT=crosslinking;VV=v1.0.0
PXD014759_F1901_fuerschj_368	Saccharomyces cerevisiae	whole cell lysate	not available	212	PXD014759_F1901_fuerschj_368_assay	proteomic profiling by mass spectrometry	data-dependent acquisition	NT=label free sample;AC=MS:1002038	1	1	not available	NT=Trypsin;AC=MS:1001251	NT=Carbamidomethyl;AC=UNIMOD:4;TA=C;MT=Fixed	NT=Oxidation;AC=UNIMOD:21;TA=M;MT=Variable	not available	not available	NT=['BS3', 'DSSO'];AC=['XLMOD:02000', 'XLMOD:02056'];TA=['K,nterm', 'K,S,T,Y']	size exclusion chromatography (SEC)	not available	not available	not available	not available	F1901_fuerschj_368.raw	NT=ms-proteomics;VV=v1.1.0	NT=crosslinking;VV=v1.0.0
PXD014759_F1902_fuerschj_004	Saccharomyces cerevisiae	whole cell lysate	not available	213	PXD014759_F1902_fuerschj_004_assay	proteomic profiling by mass spectrometry	data-dependent acquisition	NT=label free sample;AC=MS:1002038	1	1	not available	NT=Trypsin;AC=MS:1001251	NT=Carbamidomethyl;AC=UNIMOD:4;TA=C;MT=Fixed	NT=Oxidation;AC=UNIMOD:21;TA=M;MT=Variable	not available	not available	NT=['BS3', 'DSSO'];AC=['XLMOD:02000', 'XLMOD:02056'];TA=['K,nterm', 'K,S,T,Y']	size exclusion chromatography (SEC)	not available	not available	not available	not available	F1902_fuerschj_004.raw	NT=ms-proteomics;VV=v1.1.0	NT=crosslinking;VV=v1.0.0
PXD014759_F1811_fuerschj_441	Saccharomyces cerevisiae	whole cell lysate	not available	214	PXD014759_F1811_fuerschj_441_assay	proteomic profiling by mass spectrometry	data-dependent acquisition	NT=label free sample;AC=MS:1002038	1	1	not available	NT=Trypsin;AC=MS:1001251	NT=Carbamidomethyl;AC=UNIMOD:4;TA=C;MT=Fixed	NT=Oxidation;AC=UNIMOD:21;TA=M;MT=Variable	not available	not available	NT=['BS3', 'DSSO'];AC=['XLMOD:02000', 'XLMOD:02056'];TA=['K,nterm', 'K,S,T,Y']	size exclusion chromatography (SEC)	not available	not available	not available	not available	F1811_fuerschj_441.raw	NT=ms-proteomics;VV=v1.1.0	NT=crosslinking;VV=v1.0.0
PXD014759_F1811_fuerschj_440	Saccharomyces cerevisiae	whole cell lysate	not available	215	PXD014759_F1811_fuerschj_440_assay	proteomic profiling by mass spectrometry	data-dependent acquisition	NT=label free sample;AC=MS:1002038	1	1	not available	NT=Trypsin;AC=MS:1001251	NT=Carbamidomethyl;AC=UNIMOD:4;TA=C;MT=Fixed	NT=Oxidation;AC=UNIMOD:21;TA=M;MT=Variable	not available	not available	NT=['BS3', 'DSSO'];AC=['XLMOD:02000', 'XLMOD:02056'];TA=['K,nterm', 'K,S,T,Y']	size exclusion chromatography (SEC)	not available	not available	not available	not available	F1811_fuerschj_440.raw	NT=ms-proteomics;VV=v1.1.0	NT=crosslinking;VV=v1.0.0
PXD014759_F1811_fuerschj_534	Saccharomyces cerevisiae	whole cell lysate	not available	216	PXD014759_F1811_fuerschj_534_assay	proteomic profiling by mass spectrometry	data-dependent acquisition	NT=label free sample;AC=MS:1002038	1	1	not available	NT=Trypsin;AC=MS:1001251	NT=Carbamidomethyl;AC=UNIMOD:4;TA=C;MT=Fixed	NT=Oxidation;AC=UNIMOD:21;TA=M;MT=Variable	not available	not available	NT=['BS3', 'DSSO'];AC=['XLMOD:02000', 'XLMOD:02056'];TA=['K,nterm', 'K,S,T,Y']	size exclusion chromatography (SEC)	not available	not available	not available	not available	F1811_fuerschj_534.raw	NT=ms-proteomics;VV=v1.1.0	NT=crosslinking;VV=v1.0.0
PXD014759_F1811_fuerschj_550	Saccharomyces cerevisiae	whole cell lysate	not available	217	PXD014759_F1811_fuerschj_550_assay	proteomic profiling by mass spectrometry	data-dependent acquisition	NT=label free sample;AC=MS:1002038	1	1	not available	NT=Trypsin;AC=MS:1001251	NT=Carbamidomethyl;AC=UNIMOD:4;TA=C;MT=Fixed	NT=Oxidation;AC=UNIMOD:21;TA=M;MT=Variable	not available	not available	NT=['BS3', 'DSSO'];AC=['XLMOD:02000', 'XLMOD:02056'];TA=['K,nterm', 'K,S,T,Y']	size exclusion chromatography (SEC)	not available	not available	not available	not available	F1811_fuerschj_550.raw	NT=ms-proteomics;VV=v1.1.0	NT=crosslinking;VV=v1.0.0
PXD014759_F1902_fuerschj_051	Saccharomyces cerevisiae	whole cell lysate	not available	218	PXD014759_F1902_fuerschj_051_assay	proteomic profiling by mass spectrometry	data-dependent acquisition	NT=label free sample;AC=MS:1002038	1	1	not available	NT=Trypsin;AC=MS:1001251	NT=Carbamidomethyl;AC=UNIMOD:4;TA=C;MT=Fixed	NT=Oxidation;AC=UNIMOD:21;TA=M;MT=Variable	not available	not available	NT=['BS3', 'DSSO'];AC=['XLMOD:02000', 'XLMOD:02056'];TA=['K,nterm', 'K,S,T,Y']	size exclusion chromatography (SEC)	not available	not available	not available	not available	F1902_fuerschj_051.raw	NT=ms-proteomics;VV=v1.1.0	NT=crosslinking;VV=v1.0.0
PXD014759_F1901_fuerschj_372	Saccharomyces cerevisiae	whole cell lysate	not available	219	PXD014759_F1901_fuerschj_372_assay	proteomic profiling by mass spectrometry	data-dependent acquisition	NT=label free sample;AC=MS:1002038	1	1	not available	NT=Trypsin;AC=MS:1001251	NT=Carbamidomethyl;AC=UNIMOD:4;TA=C;MT=Fixed	NT=Oxidation;AC=UNIMOD:21;TA=M;MT=Variable	not available	not available	NT=['BS3', 'DSSO'];AC=['XLMOD:02000', 'XLMOD:02056'];TA=['K,nterm', 'K,S,T,Y']	size exclusion chromatography (SEC)	not available	not available	not available	not available	F1901_fuerschj_372.raw	NT=ms-proteomics;VV=v1.1.0	NT=crosslinking;VV=v1.0.0
PXD014759_F1901_fuerschj_347	Saccharomyces cerevisiae	whole cell lysate	not available	220	PXD014759_F1901_fuerschj_347_assay	proteomic profiling by mass spectrometry	data-dependent acquisition	NT=label free sample;AC=MS:1002038	1	1	not available	NT=Trypsin;AC=MS:1001251	NT=Carbamidomethyl;AC=UNIMOD:4;TA=C;MT=Fixed	NT=Oxidation;AC=UNIMOD:21;TA=M;MT=Variable	not available	not available	NT=['BS3', 'DSSO'];AC=['XLMOD:02000', 'XLMOD:02056'];TA=['K,nterm', 'K,S,T,Y']	size exclusion chromatography (SEC)	not available	not available	not available	not available	F1901_fuerschj_347.raw	NT=ms-proteomics;VV=v1.1.0	NT=crosslinking;VV=v1.0.0
PXD014759_F1811_fuerschj_420	Saccharomyces cerevisiae	whole cell lysate	not available	221	PXD014759_F1811_fuerschj_420_assay	proteomic profiling by mass spectrometry	data-dependent acquisition	NT=label free sample;AC=MS:1002038	1	1	not available	NT=Trypsin;AC=MS:1001251	NT=Carbamidomethyl;AC=UNIMOD:4;TA=C;MT=Fixed	NT=Oxidation;AC=UNIMOD:21;TA=M;MT=Variable	not available	not available	NT=['BS3', 'DSSO'];AC=['XLMOD:02000', 'XLMOD:02056'];TA=['K,nterm', 'K,S,T,Y']	size exclusion chromatography (SEC)	not available	not available	not available	not available	F1811_fuerschj_420.raw	NT=ms-proteomics;VV=v1.1.0	NT=crosslinking;VV=v1.0.0
PXD014759_F1811_fuerschj_530	Saccharomyces cerevisiae	whole cell lysate	not available	222	PXD014759_F1811_fuerschj_530_assay	proteomic profiling by mass spectrometry	data-dependent acquisition	NT=label free sample;AC=MS:1002038	1	1	not available	NT=Trypsin;AC=MS:1001251	NT=Carbamidomethyl;AC=UNIMOD:4;TA=C;MT=Fixed	NT=Oxidation;AC=UNIMOD:21;TA=M;MT=Variable	not available	not available	NT=['BS3', 'DSSO'];AC=['XLMOD:02000', 'XLMOD:02056'];TA=['K,nterm', 'K,S,T,Y']	size exclusion chromatography (SEC)	not available	not available	not available	not available	F1811_fuerschj_530.raw	NT=ms-proteomics;VV=v1.1.0	NT=crosslinking;VV=v1.0.0
PXD014759_F1811_fuerschj_528	Saccharomyces cerevisiae	whole cell lysate	not available	223	PXD014759_F1811_fuerschj_528_assay	proteomic profiling by mass spectrometry	data-dependent acquisition	NT=label free sample;AC=MS:1002038	1	1	not available	NT=Trypsin;AC=MS:1001251	NT=Carbamidomethyl;AC=UNIMOD:4;TA=C;MT=Fixed	NT=Oxidation;AC=UNIMOD:21;TA=M;MT=Variable	not available	not available	NT=['BS3', 'DSSO'];AC=['XLMOD:02000', 'XLMOD:02056'];TA=['K,nterm', 'K,S,T,Y']	size exclusion chromatography (SEC)	not available	not available	not available	not available	F1811_fuerschj_528.raw	NT=ms-proteomics;VV=v1.1.0	NT=crosslinking;VV=v1.0.0
PXD014759_F1902_fuerschj_094	Saccharomyces cerevisiae	whole cell lysate	not available	224	PXD014759_F1902_fuerschj_094_assay	proteomic profiling by mass spectrometry	data-dependent acquisition	NT=label free sample;AC=MS:1002038	1	1	not available	NT=Trypsin;AC=MS:1001251	NT=Carbamidomethyl;AC=UNIMOD:4;TA=C;MT=Fixed	NT=Oxidation;AC=UNIMOD:21;TA=M;MT=Variable	not available	not available	NT=['BS3', 'DSSO'];AC=['XLMOD:02000', 'XLMOD:02056'];TA=['K,nterm', 'K,S,T,Y']	size exclusion chromatography (SEC)	not available	not available	not available	not available	F1902_fuerschj_094.raw	NT=ms-proteomics;VV=v1.1.0	NT=crosslinking;VV=v1.0.0
PXD014759_F1901_fuerschj_335	Saccharomyces cerevisiae	whole cell lysate	not available	225	PXD014759_F1901_fuerschj_335_assay	proteomic profiling by mass spectrometry	data-dependent acquisition	NT=label free sample;AC=MS:1002038	1	1	not available	NT=Trypsin;AC=MS:1001251	NT=Carbamidomethyl;AC=UNIMOD:4;TA=C;MT=Fixed	NT=Oxidation;AC=UNIMOD:21;TA=M;MT=Variable	not available	not available	NT=['BS3', 'DSSO'];AC=['XLMOD:02000', 'XLMOD:02056'];TA=['K,nterm', 'K,S,T,Y']	size exclusion chromatography (SEC)	not available	not available	not available	not available	F1901_fuerschj_335.raw	NT=ms-proteomics;VV=v1.1.0	NT=crosslinking;VV=v1.0.0
PXD014759_F1901_fuerschj_295	Saccharomyces cerevisiae	whole cell lysate	not available	226	PXD014759_F1901_fuerschj_295_assay	proteomic profiling by mass spectrometry	data-dependent acquisition	NT=label free sample;AC=MS:1002038	1	1	not available	NT=Trypsin;AC=MS:1001251	NT=Carbamidomethyl;AC=UNIMOD:4;TA=C;MT=Fixed	NT=Oxidation;AC=UNIMOD:21;TA=M;MT=Variable	not available	not available	NT=['BS3', 'DSSO'];AC=['XLMOD:02000', 'XLMOD:02056'];TA=['K,nterm', 'K,S,T,Y']	size exclusion chromatography (SEC)	not available	not available	not available	not available	F1901_fuerschj_295.raw	NT=ms-proteomics;VV=v1.1.0	NT=crosslinking;VV=v1.0.0
PXD014759_F1902_fuerschj_061	Saccharomyces cerevisiae	whole cell lysate	not available	227	PXD014759_F1902_fuerschj_061_assay	proteomic profiling by mass spectrometry	data-dependent acquisition	NT=label free sample;AC=MS:1002038	1	1	not available	NT=Trypsin;AC=MS:1001251	NT=Carbamidomethyl;AC=UNIMOD:4;TA=C;MT=Fixed	NT=Oxidation;AC=UNIMOD:21;TA=M;MT=Variable	not available	not available	NT=['BS3', 'DSSO'];AC=['XLMOD:02000', 'XLMOD:02056'];TA=['K,nterm', 'K,S,T,Y']	size exclusion chromatography (SEC)	not available	not available	not available	not available	F1902_fuerschj_061.raw	NT=ms-proteomics;VV=v1.1.0	NT=crosslinking;VV=v1.0.0
PXD014759_F1902_fuerschj_034	Saccharomyces cerevisiae	whole cell lysate	not available	228	PXD014759_F1902_fuerschj_034_assay	proteomic profiling by mass spectrometry	data-dependent acquisition	NT=label free sample;AC=MS:1002038	1	1	not available	NT=Trypsin;AC=MS:1001251	NT=Carbamidomethyl;AC=UNIMOD:4;TA=C;MT=Fixed	NT=Oxidation;AC=UNIMOD:21;TA=M;MT=Variable	not available	not available	NT=['BS3', 'DSSO'];AC=['XLMOD:02000', 'XLMOD:02056'];TA=['K,nterm', 'K,S,T,Y']	size exclusion chromatography (SEC)	not available	not available	not available	not available	F1902_fuerschj_034.raw	NT=ms-proteomics;VV=v1.1.0	NT=crosslinking;VV=v1.0.0
PXD014759_F1902_fuerschj_052	Saccharomyces cerevisiae	whole cell lysate	not available	229	PXD014759_F1902_fuerschj_052_assay	proteomic profiling by mass spectrometry	data-dependent acquisition	NT=label free sample;AC=MS:1002038	1	1	not available	NT=Trypsin;AC=MS:1001251	NT=Carbamidomethyl;AC=UNIMOD:4;TA=C;MT=Fixed	NT=Oxidation;AC=UNIMOD:21;TA=M;MT=Variable	not available	not available	NT=['BS3', 'DSSO'];AC=['XLMOD:02000', 'XLMOD:02056'];TA=['K,nterm', 'K,S,T,Y']	size exclusion chromatography (SEC)	not available	not available	not available	not available	F1902_fuerschj_052.raw	NT=ms-proteomics;VV=v1.1.0	NT=crosslinking;VV=v1.0.0
PXD014759_F1811_fuerschj_423	Saccharomyces cerevisiae	whole cell lysate	not available	230	PXD014759_F1811_fuerschj_423_assay	proteomic profiling by mass spectrometry	data-dependent acquisition	NT=label free sample;AC=MS:1002038	1	1	not available	NT=Trypsin;AC=MS:1001251	NT=Carbamidomethyl;AC=UNIMOD:4;TA=C;MT=Fixed	NT=Oxidation;AC=UNIMOD:21;TA=M;MT=Variable	not available	not available	NT=['BS3', 'DSSO'];AC=['XLMOD:02000', 'XLMOD:02056'];TA=['K,nterm', 'K,S,T,Y']	size exclusion chromatography (SEC)	not available	not available	not available	not available	F1811_fuerschj_423.raw	NT=ms-proteomics;VV=v1.1.0	NT=crosslinking;VV=v1.0.0
PXD014759_F1811_fuerschj_576	Saccharomyces cerevisiae	whole cell lysate	not available	231	PXD014759_F1811_fuerschj_576_assay	proteomic profiling by mass spectrometry	data-dependent acquisition	NT=label free sample;AC=MS:1002038	1	1	not available	NT=Trypsin;AC=MS:1001251	NT=Carbamidomethyl;AC=UNIMOD:4;TA=C;MT=Fixed	NT=Oxidation;AC=UNIMOD:21;TA=M;MT=Variable	not available	not available	NT=['BS3', 'DSSO'];AC=['XLMOD:02000', 'XLMOD:02056'];TA=['K,nterm', 'K,S,T,Y']	size exclusion chromatography (SEC)	not available	not available	not available	not available	F1811_fuerschj_576.raw	NT=ms-proteomics;VV=v1.1.0	NT=crosslinking;VV=v1.0.0
PXD014759_F1902_fuerschj_036	Saccharomyces cerevisiae	whole cell lysate	not available	232	PXD014759_F1902_fuerschj_036_assay	proteomic profiling by mass spectrometry	data-dependent acquisition	NT=label free sample;AC=MS:1002038	1	1	not available	NT=Trypsin;AC=MS:1001251	NT=Carbamidomethyl;AC=UNIMOD:4;TA=C;MT=Fixed	NT=Oxidation;AC=UNIMOD:21;TA=M;MT=Variable	not available	not available	NT=['BS3', 'DSSO'];AC=['XLMOD:02000', 'XLMOD:02056'];TA=['K,nterm', 'K,S,T,Y']	size exclusion chromatography (SEC)	not available	not available	not available	not available	F1902_fuerschj_036.raw	NT=ms-proteomics;VV=v1.1.0	NT=crosslinking;VV=v1.0.0
PXD014759_F1811_fuerschj_572	Saccharomyces cerevisiae	whole cell lysate	not available	233	PXD014759_F1811_fuerschj_572_assay	proteomic profiling by mass spectrometry	data-dependent acquisition	NT=label free sample;AC=MS:1002038	1	1	not available	NT=Trypsin;AC=MS:1001251	NT=Carbamidomethyl;AC=UNIMOD:4;TA=C;MT=Fixed	NT=Oxidation;AC=UNIMOD:21;TA=M;MT=Variable	not available	not available	NT=['BS3', 'DSSO'];AC=['XLMOD:02000', 'XLMOD:02056'];TA=['K,nterm', 'K,S,T,Y']	size exclusion chromatography (SEC)	not available	not available	not available	not available	F1811_fuerschj_572.raw	NT=ms-proteomics;VV=v1.1.0	NT=crosslinking;VV=v1.0.0
PXD014759_F1901_fuerschj_320	Saccharomyces cerevisiae	whole cell lysate	not available	234	PXD014759_F1901_fuerschj_320_assay	proteomic profiling by mass spectrometry	data-dependent acquisition	NT=label free sample;AC=MS:1002038	1	1	not available	NT=Trypsin;AC=MS:1001251	NT=Carbamidomethyl;AC=UNIMOD:4;TA=C;MT=Fixed	NT=Oxidation;AC=UNIMOD:21;TA=M;MT=Variable	not available	not available	NT=['BS3', 'DSSO'];AC=['XLMOD:02000', 'XLMOD:02056'];TA=['K,nterm', 'K,S,T,Y']	size exclusion chromatography (SEC)	not available	not available	not available	not available	F1901_fuerschj_320.raw	NT=ms-proteomics;VV=v1.1.0	NT=crosslinking;VV=v1.0.0
PXD014759_F1811_fuerschj_466	Saccharomyces cerevisiae	whole cell lysate	not available	235	PXD014759_F1811_fuerschj_466_assay	proteomic profiling by mass spectrometry	data-dependent acquisition	NT=label free sample;AC=MS:1002038	1	1	not available	NT=Trypsin;AC=MS:1001251	NT=Carbamidomethyl;AC=UNIMOD:4;TA=C;MT=Fixed	NT=Oxidation;AC=UNIMOD:21;TA=M;MT=Variable	not available	not available	NT=['BS3', 'DSSO'];AC=['XLMOD:02000', 'XLMOD:02056'];TA=['K,nterm', 'K,S,T,Y']	size exclusion chromatography (SEC)	not available	not available	not available	not available	F1811_fuerschj_466.raw	NT=ms-proteomics;VV=v1.1.0	NT=crosslinking;VV=v1.0.0
PXD014759_F1811_fuerschj_450	Saccharomyces cerevisiae	whole cell lysate	not available	236	PXD014759_F1811_fuerschj_450_assay	proteomic profiling by mass spectrometry	data-dependent acquisition	NT=label free sample;AC=MS:1002038	1	1	not available	NT=Trypsin;AC=MS:1001251	NT=Carbamidomethyl;AC=UNIMOD:4;TA=C;MT=Fixed	NT=Oxidation;AC=UNIMOD:21;TA=M;MT=Variable	not available	not available	NT=['BS3', 'DSSO'];AC=['XLMOD:02000', 'XLMOD:02056'];TA=['K,nterm', 'K,S,T,Y']	size exclusion chromatography (SEC)	not available	not available	not available	not available	F1811_fuerschj_450.raw	NT=ms-proteomics;VV=v1.1.0	NT=crosslinking;VV=v1.0.0
PXD014759_F1811_fuerschj_435	Saccharomyces cerevisiae	whole cell lysate	not available	237	PXD014759_F1811_fuerschj_435_assay	proteomic profiling by mass spectrometry	data-dependent acquisition	NT=label free sample;AC=MS:1002038	1	1	not available	NT=Trypsin;AC=MS:1001251	NT=Carbamidomethyl;AC=UNIMOD:4;TA=C;MT=Fixed	NT=Oxidation;AC=UNIMOD:21;TA=M;MT=Variable	not available	not available	NT=['BS3', 'DSSO'];AC=['XLMOD:02000', 'XLMOD:02056'];TA=['K,nterm', 'K,S,T,Y']	size exclusion chromatography (SEC)	not available	not available	not available	not available	F1811_fuerschj_435.raw	NT=ms-proteomics;VV=v1.1.0	NT=crosslinking;VV=v1.0.0
PXD014759_F1811_fuerschj_509	Saccharomyces cerevisiae	whole cell lysate	not available	238	PXD014759_F1811_fuerschj_509_assay	proteomic profiling by mass spectrometry	data-dependent acquisition	NT=label free sample;AC=MS:1002038	1	1	not available	NT=Trypsin;AC=MS:1001251	NT=Carbamidomethyl;AC=UNIMOD:4;TA=C;MT=Fixed	NT=Oxidation;AC=UNIMOD:21;TA=M;MT=Variable	not available	not available	NT=['BS3', 'DSSO'];AC=['XLMOD:02000', 'XLMOD:02056'];TA=['K,nterm', 'K,S,T,Y']	size exclusion chromatography (SEC)	not available	not available	not available	not available	F1811_fuerschj_509.raw	NT=ms-proteomics;VV=v1.1.0	NT=crosslinking;VV=v1.0.0
PXD014759_F1811_fuerschj_533	Saccharomyces cerevisiae	whole cell lysate	not available	239	PXD014759_F1811_fuerschj_533_assay	proteomic profiling by mass spectrometry	data-dependent acquisition	NT=label free sample;AC=MS:1002038	1	1	not available	NT=Trypsin;AC=MS:1001251	NT=Carbamidomethyl;AC=UNIMOD:4;TA=C;MT=Fixed	NT=Oxidation;AC=UNIMOD:21;TA=M;MT=Variable	not available	not available	NT=['BS3', 'DSSO'];AC=['XLMOD:02000', 'XLMOD:02056'];TA=['K,nterm', 'K,S,T,Y']	size exclusion chromatography (SEC)	not available	not available	not available	not available	F1811_fuerschj_533.raw	NT=ms-proteomics;VV=v1.1.0	NT=crosslinking;VV=v1.0.0
PXD014759_F1901_fuerschj_314	Saccharomyces cerevisiae	whole cell lysate	not available	240	PXD014759_F1901_fuerschj_314_assay	proteomic profiling by mass spectrometry	data-dependent acquisition	NT=label free sample;AC=MS:1002038	1	1	not available	NT=Trypsin;AC=MS:1001251	NT=Carbamidomethyl;AC=UNIMOD:4;TA=C;MT=Fixed	NT=Oxidation;AC=UNIMOD:21;TA=M;MT=Variable	not available	not available	NT=['BS3', 'DSSO'];AC=['XLMOD:02000', 'XLMOD:02056'];TA=['K,nterm', 'K,S,T,Y']	size exclusion chromatography (SEC)	not available	not available	not available	not available	F1901_fuerschj_314.raw	NT=ms-proteomics;VV=v1.1.0	NT=crosslinking;VV=v1.0.0
