source name	characteristics[organism]	characteristics[organism part]	characteristics[cell type]	characteristics[biological replicate]	assay name	technology type	comment[proteomics data acquisition method]	comment[label]	comment[fraction identifier]	comment[technical replicate]	comment[instrument]	comment[cleavage agent details]	comment[modification parameters]	comment[collision energy]	comment[dissociation method]	comment[cross-linker]	comment[crosslink enrichment method]	comment[crosslinker concentration]	comment[crosslinker to protein ratio]	comment[crosslinking reaction time]	comment[crosslinking temperature]	comment[data file]	comment[sdrf template]	comment[sdrf template]
PXD034796_MS192164_CID_R9_1_	Glycine max	nucleus	not available	1	PXD034796_MS192164_CID_R9_1__assay	proteomic profiling by mass spectrometry	data-dependent acquisition	NT=NT=dimethyl labeling;AC=MS:1002038	1	1	not available	not available	NT=Carbamidomethyl;AC=UNIMOD:4;TA=C;MT=Fixed	not available	not available	NT=['CBDPS', 'formaldehyde'];AC=[None, None];TA=['K,nterm', 'K,nterm']	strepavidin resin enrichment	not available	not available	not available	not available	MS192164_CID_R9_1_.raw	NT=ms-proteomics;VV=v1.1.0	NT=crosslinking;VV=v1.0.0
PXD034796_MS191404_CID_R18	Glycine max	nucleus	not available	2	PXD034796_MS191404_CID_R18_assay	proteomic profiling by mass spectrometry	data-dependent acquisition	NT=NT=dimethyl labeling;AC=MS:1002038	1	1	not available	not available	NT=Carbamidomethyl;AC=UNIMOD:4;TA=C;MT=Fixed	not available	not available	NT=['CBDPS', 'formaldehyde'];AC=[None, None];TA=['K,nterm', 'K,nterm']	strepavidin resin enrichment	not available	not available	not available	not available	MS191404_CID_R18.raw	NT=ms-proteomics;VV=v1.1.0	NT=crosslinking;VV=v1.0.0
PXD034796_MS181452_R4_HCD	Glycine max	nucleus	not available	3	PXD034796_MS181452_R4_HCD_assay	proteomic profiling by mass spectrometry	data-dependent acquisition	NT=NT=dimethyl labeling;AC=MS:1002038	1	1	not available	not available	NT=Carbamidomethyl;AC=UNIMOD:4;TA=C;MT=Fixed	not available	not available	NT=['CBDPS', 'formaldehyde'];AC=[None, None];TA=['K,nterm', 'K,nterm']	strepavidin resin enrichment	not available	not available	not available	not available	MS181452_R4_HCD.raw	NT=ms-proteomics;VV=v1.1.0	NT=crosslinking;VV=v1.0.0
PXD034796_MS190207_HCD_F17	Glycine max	nucleus	not available	1	PXD034796_MS190207_HCD_F17_assay	proteomic profiling by mass spectrometry	data-dependent acquisition	NT=NT=dimethyl labeling;AC=MS:1002038	17	1	not available	not available	NT=Carbamidomethyl;AC=UNIMOD:4;TA=C;MT=Fixed	not available	not available	NT=['CBDPS', 'formaldehyde'];AC=[None, None];TA=['K,nterm', 'K,nterm']	strepavidin resin enrichment	not available	not available	not available	not available	MS190207_HCD_F17.raw	NT=ms-proteomics;VV=v1.1.0	NT=crosslinking;VV=v1.0.0
PXD034796_MS191404_CID_F13	Glycine max	nucleus	not available	1	PXD034796_MS191404_CID_F13_assay	proteomic profiling by mass spectrometry	data-dependent acquisition	NT=NT=dimethyl labeling;AC=MS:1002038	13	1	not available	not available	NT=Carbamidomethyl;AC=UNIMOD:4;TA=C;MT=Fixed	not available	not available	NT=['CBDPS', 'formaldehyde'];AC=[None, None];TA=['K,nterm', 'K,nterm']	strepavidin resin enrichment	not available	not available	not available	not available	MS191404_CID_F13.raw	NT=ms-proteomics;VV=v1.1.0	NT=crosslinking;VV=v1.0.0
PXD034796_MS181938_HCD_R1	Glycine max	nucleus	not available	4	PXD034796_MS181938_HCD_R1_assay	proteomic profiling by mass spectrometry	data-dependent acquisition	NT=NT=dimethyl labeling;AC=MS:1002038	1	1	not available	not available	NT=Carbamidomethyl;AC=UNIMOD:4;TA=C;MT=Fixed	not available	not available	NT=['CBDPS', 'formaldehyde'];AC=[None, None];TA=['K,nterm', 'K,nterm']	strepavidin resin enrichment	not available	not available	not available	not available	MS181938_HCD_R1.raw	NT=ms-proteomics;VV=v1.1.0	NT=crosslinking;VV=v1.0.0
PXD034796_MS191930_HCD_R15	Glycine max	nucleus	not available	5	PXD034796_MS191930_HCD_R15_assay	proteomic profiling by mass spectrometry	data-dependent acquisition	NT=NT=dimethyl labeling;AC=MS:1002038	1	1	not available	not available	NT=Carbamidomethyl;AC=UNIMOD:4;TA=C;MT=Fixed	not available	not available	NT=['CBDPS', 'formaldehyde'];AC=[None, None];TA=['K,nterm', 'K,nterm']	strepavidin resin enrichment	not available	not available	not available	not available	MS191930_HCD_R15.raw	NT=ms-proteomics;VV=v1.1.0	NT=crosslinking;VV=v1.0.0
PXD034796_MS191404_CID_F20	Glycine max	nucleus	not available	1	PXD034796_MS191404_CID_F20_assay	proteomic profiling by mass spectrometry	data-dependent acquisition	NT=NT=dimethyl labeling;AC=MS:1002038	20	1	not available	not available	NT=Carbamidomethyl;AC=UNIMOD:4;TA=C;MT=Fixed	not available	not available	NT=['CBDPS', 'formaldehyde'];AC=[None, None];TA=['K,nterm', 'K,nterm']	strepavidin resin enrichment	not available	not available	not available	not available	MS191404_CID_F20.raw	NT=ms-proteomics;VV=v1.1.0	NT=crosslinking;VV=v1.0.0
PXD034796_MS181938_CID_F11	Glycine max	nucleus	not available	1	PXD034796_MS181938_CID_F11_assay	proteomic profiling by mass spectrometry	data-dependent acquisition	NT=NT=dimethyl labeling;AC=MS:1002038	11	1	not available	not available	NT=Carbamidomethyl;AC=UNIMOD:4;TA=C;MT=Fixed	not available	not available	NT=['CBDPS', 'formaldehyde'];AC=[None, None];TA=['K,nterm', 'K,nterm']	strepavidin resin enrichment	not available	not available	not available	not available	MS181938_CID_F11.raw	NT=ms-proteomics;VV=v1.1.0	NT=crosslinking;VV=v1.0.0
PXD034796_MS190207_CID_F4	Glycine max	nucleus	not available	1	PXD034796_MS190207_CID_F4_assay	proteomic profiling by mass spectrometry	data-dependent acquisition	NT=NT=dimethyl labeling;AC=MS:1002038	4	1	not available	not available	NT=Carbamidomethyl;AC=UNIMOD:4;TA=C;MT=Fixed	not available	not available	NT=['CBDPS', 'formaldehyde'];AC=[None, None];TA=['K,nterm', 'K,nterm']	strepavidin resin enrichment	not available	not available	not available	not available	MS190207_CID_F4.raw	NT=ms-proteomics;VV=v1.1.0	NT=crosslinking;VV=v1.0.0
PXD034796_MS191404_CID_R16	Glycine max	nucleus	not available	6	PXD034796_MS191404_CID_R16_assay	proteomic profiling by mass spectrometry	data-dependent acquisition	NT=NT=dimethyl labeling;AC=MS:1002038	1	1	not available	not available	NT=Carbamidomethyl;AC=UNIMOD:4;TA=C;MT=Fixed	not available	not available	NT=['CBDPS', 'formaldehyde'];AC=[None, None];TA=['K,nterm', 'K,nterm']	strepavidin resin enrichment	not available	not available	not available	not available	MS191404_CID_R16.raw	NT=ms-proteomics;VV=v1.1.0	NT=crosslinking;VV=v1.0.0
PXD034796_MS181938_HCD_R17	Glycine max	nucleus	not available	7	PXD034796_MS181938_HCD_R17_assay	proteomic profiling by mass spectrometry	data-dependent acquisition	NT=NT=dimethyl labeling;AC=MS:1002038	1	1	not available	not available	NT=Carbamidomethyl;AC=UNIMOD:4;TA=C;MT=Fixed	not available	not available	NT=['CBDPS', 'formaldehyde'];AC=[None, None];TA=['K,nterm', 'K,nterm']	strepavidin resin enrichment	not available	not available	not available	not available	MS181938_HCD_R17.raw	NT=ms-proteomics;VV=v1.1.0	NT=crosslinking;VV=v1.0.0
PXD034796_MS181452_F13_CID	Glycine max	nucleus	not available	2	PXD034796_MS181452_F13_CID_assay	proteomic profiling by mass spectrometry	data-dependent acquisition	NT=NT=dimethyl labeling;AC=MS:1002038	13	1	not available	not available	NT=Carbamidomethyl;AC=UNIMOD:4;TA=C;MT=Fixed	not available	not available	NT=['CBDPS', 'formaldehyde'];AC=[None, None];TA=['K,nterm', 'K,nterm']	strepavidin resin enrichment	not available	not available	not available	not available	MS181452_F13_CID.raw	NT=ms-proteomics;VV=v1.1.0	NT=crosslinking;VV=v1.0.0
PXD034796_MS181938_CID_F6	Glycine max	nucleus	not available	1	PXD034796_MS181938_CID_F6_assay	proteomic profiling by mass spectrometry	data-dependent acquisition	NT=NT=dimethyl labeling;AC=MS:1002038	6	1	not available	not available	NT=Carbamidomethyl;AC=UNIMOD:4;TA=C;MT=Fixed	not available	not available	NT=['CBDPS', 'formaldehyde'];AC=[None, None];TA=['K,nterm', 'K,nterm']	strepavidin resin enrichment	not available	not available	not available	not available	MS181938_CID_F6.raw	NT=ms-proteomics;VV=v1.1.0	NT=crosslinking;VV=v1.0.0
PXD034796_MS191404_CID_F12	Glycine max	nucleus	not available	1	PXD034796_MS191404_CID_F12_assay	proteomic profiling by mass spectrometry	data-dependent acquisition	NT=NT=dimethyl labeling;AC=MS:1002038	12	1	not available	not available	NT=Carbamidomethyl;AC=UNIMOD:4;TA=C;MT=Fixed	not available	not available	NT=['CBDPS', 'formaldehyde'];AC=[None, None];TA=['K,nterm', 'K,nterm']	strepavidin resin enrichment	not available	not available	not available	not available	MS191404_CID_F12.raw	NT=ms-proteomics;VV=v1.1.0	NT=crosslinking;VV=v1.0.0
PXD034796_MS181452_R12_HCD	Glycine max	nucleus	not available	8	PXD034796_MS181452_R12_HCD_assay	proteomic profiling by mass spectrometry	data-dependent acquisition	NT=NT=dimethyl labeling;AC=MS:1002038	1	1	not available	not available	NT=Carbamidomethyl;AC=UNIMOD:4;TA=C;MT=Fixed	not available	not available	NT=['CBDPS', 'formaldehyde'];AC=[None, None];TA=['K,nterm', 'K,nterm']	strepavidin resin enrichment	not available	not available	not available	not available	MS181452_R12_HCD.raw	NT=ms-proteomics;VV=v1.1.0	NT=crosslinking;VV=v1.0.0
PXD034796_MS191404_CID_F10	Glycine max	nucleus	not available	1	PXD034796_MS191404_CID_F10_assay	proteomic profiling by mass spectrometry	data-dependent acquisition	NT=NT=dimethyl labeling;AC=MS:1002038	10	1	not available	not available	NT=Carbamidomethyl;AC=UNIMOD:4;TA=C;MT=Fixed	not available	not available	NT=['CBDPS', 'formaldehyde'];AC=[None, None];TA=['K,nterm', 'K,nterm']	strepavidin resin enrichment	not available	not available	not available	not available	MS191404_CID_F10.raw	NT=ms-proteomics;VV=v1.1.0	NT=crosslinking;VV=v1.0.0
PXD034796_MS191930_HCD_F19	Glycine max	nucleus	not available	1	PXD034796_MS191930_HCD_F19_assay	proteomic profiling by mass spectrometry	data-dependent acquisition	NT=NT=dimethyl labeling;AC=MS:1002038	19	1	not available	not available	NT=Carbamidomethyl;AC=UNIMOD:4;TA=C;MT=Fixed	not available	not available	NT=['CBDPS', 'formaldehyde'];AC=[None, None];TA=['K,nterm', 'K,nterm']	strepavidin resin enrichment	not available	not available	not available	not available	MS191930_HCD_F19.raw	NT=ms-proteomics;VV=v1.1.0	NT=crosslinking;VV=v1.0.0
PXD034796_MS181452_R20_CID	Glycine max	nucleus	not available	9	PXD034796_MS181452_R20_CID_assay	proteomic profiling by mass spectrometry	data-dependent acquisition	NT=NT=dimethyl labeling;AC=MS:1002038	1	1	not available	not available	NT=Carbamidomethyl;AC=UNIMOD:4;TA=C;MT=Fixed	not available	not available	NT=['CBDPS', 'formaldehyde'];AC=[None, None];TA=['K,nterm', 'K,nterm']	strepavidin resin enrichment	not available	not available	not available	not available	MS181452_R20_CID.raw	NT=ms-proteomics;VV=v1.1.0	NT=crosslinking;VV=v1.0.0
PXD034796_MS181452_F4_HCD	Glycine max	nucleus	not available	2	PXD034796_MS181452_F4_HCD_assay	proteomic profiling by mass spectrometry	data-dependent acquisition	NT=NT=dimethyl labeling;AC=MS:1002038	4	1	not available	not available	NT=Carbamidomethyl;AC=UNIMOD:4;TA=C;MT=Fixed	not available	not available	NT=['CBDPS', 'formaldehyde'];AC=[None, None];TA=['K,nterm', 'K,nterm']	strepavidin resin enrichment	not available	not available	not available	not available	MS181452_F4_HCD.raw	NT=ms-proteomics;VV=v1.1.0	NT=crosslinking;VV=v1.0.0
PXD034796_MS192164_CID_F17	Glycine max	nucleus	not available	2	PXD034796_MS192164_CID_F17_assay	proteomic profiling by mass spectrometry	data-dependent acquisition	NT=NT=dimethyl labeling;AC=MS:1002038	17	1	not available	not available	NT=Carbamidomethyl;AC=UNIMOD:4;TA=C;MT=Fixed	not available	not available	NT=['CBDPS', 'formaldehyde'];AC=[None, None];TA=['K,nterm', 'K,nterm']	strepavidin resin enrichment	not available	not available	not available	not available	MS192164_CID_F17.raw	NT=ms-proteomics;VV=v1.1.0	NT=crosslinking;VV=v1.0.0
PXD034796_MS192164_CID_R1	Glycine max	nucleus	not available	10	PXD034796_MS192164_CID_R1_assay	proteomic profiling by mass spectrometry	data-dependent acquisition	NT=NT=dimethyl labeling;AC=MS:1002038	1	1	not available	not available	NT=Carbamidomethyl;AC=UNIMOD:4;TA=C;MT=Fixed	not available	not available	NT=['CBDPS', 'formaldehyde'];AC=[None, None];TA=['K,nterm', 'K,nterm']	strepavidin resin enrichment	not available	not available	not available	not available	MS192164_CID_R1.raw	NT=ms-proteomics;VV=v1.1.0	NT=crosslinking;VV=v1.0.0
PXD034796_MS181938_CID_R24	Glycine max	nucleus	not available	11	PXD034796_MS181938_CID_R24_assay	proteomic profiling by mass spectrometry	data-dependent acquisition	NT=NT=dimethyl labeling;AC=MS:1002038	1	1	not available	not available	NT=Carbamidomethyl;AC=UNIMOD:4;TA=C;MT=Fixed	not available	not available	NT=['CBDPS', 'formaldehyde'];AC=[None, None];TA=['K,nterm', 'K,nterm']	strepavidin resin enrichment	not available	not available	not available	not available	MS181938_CID_R24.raw	NT=ms-proteomics;VV=v1.1.0	NT=crosslinking;VV=v1.0.0
PXD034796_MS190207_CID_R7	Glycine max	nucleus	not available	12	PXD034796_MS190207_CID_R7_assay	proteomic profiling by mass spectrometry	data-dependent acquisition	NT=NT=dimethyl labeling;AC=MS:1002038	1	1	not available	not available	NT=Carbamidomethyl;AC=UNIMOD:4;TA=C;MT=Fixed	not available	not available	NT=['CBDPS', 'formaldehyde'];AC=[None, None];TA=['K,nterm', 'K,nterm']	strepavidin resin enrichment	not available	not available	not available	not available	MS190207_CID_R7.raw	NT=ms-proteomics;VV=v1.1.0	NT=crosslinking;VV=v1.0.0
PXD034796_MS181452_F21_HCD	Glycine max	nucleus	not available	1	PXD034796_MS181452_F21_HCD_assay	proteomic profiling by mass spectrometry	data-dependent acquisition	NT=NT=dimethyl labeling;AC=MS:1002038	21	1	not available	not available	NT=Carbamidomethyl;AC=UNIMOD:4;TA=C;MT=Fixed	not available	not available	NT=['CBDPS', 'formaldehyde'];AC=[None, None];TA=['K,nterm', 'K,nterm']	strepavidin resin enrichment	not available	not available	not available	not available	MS181452_F21_HCD.raw	NT=ms-proteomics;VV=v1.1.0	NT=crosslinking;VV=v1.0.0
PXD034796_MS181938_HCD_F17	Glycine max	nucleus	not available	3	PXD034796_MS181938_HCD_F17_assay	proteomic profiling by mass spectrometry	data-dependent acquisition	NT=NT=dimethyl labeling;AC=MS:1002038	17	1	not available	not available	NT=Carbamidomethyl;AC=UNIMOD:4;TA=C;MT=Fixed	not available	not available	NT=['CBDPS', 'formaldehyde'];AC=[None, None];TA=['K,nterm', 'K,nterm']	strepavidin resin enrichment	not available	not available	not available	not available	MS181938_HCD_F17.raw	NT=ms-proteomics;VV=v1.1.0	NT=crosslinking;VV=v1.0.0
PXD034796_MS191930_HCD_R16	Glycine max	nucleus	not available	13	PXD034796_MS191930_HCD_R16_assay	proteomic profiling by mass spectrometry	data-dependent acquisition	NT=NT=dimethyl labeling;AC=MS:1002038	1	1	not available	not available	NT=Carbamidomethyl;AC=UNIMOD:4;TA=C;MT=Fixed	not available	not available	NT=['CBDPS', 'formaldehyde'];AC=[None, None];TA=['K,nterm', 'K,nterm']	strepavidin resin enrichment	not available	not available	not available	not available	MS191930_HCD_R16.raw	NT=ms-proteomics;VV=v1.1.0	NT=crosslinking;VV=v1.0.0
PXD034796_MS181452_F18_HCD	Glycine max	nucleus	not available	1	PXD034796_MS181452_F18_HCD_assay	proteomic profiling by mass spectrometry	data-dependent acquisition	NT=NT=dimethyl labeling;AC=MS:1002038	18	1	not available	not available	NT=Carbamidomethyl;AC=UNIMOD:4;TA=C;MT=Fixed	not available	not available	NT=['CBDPS', 'formaldehyde'];AC=[None, None];TA=['K,nterm', 'K,nterm']	strepavidin resin enrichment	not available	not available	not available	not available	MS181452_F18_HCD.raw	NT=ms-proteomics;VV=v1.1.0	NT=crosslinking;VV=v1.0.0
PXD034796_MS192164_CID_F11	Glycine max	nucleus	not available	2	PXD034796_MS192164_CID_F11_assay	proteomic profiling by mass spectrometry	data-dependent acquisition	NT=NT=dimethyl labeling;AC=MS:1002038	11	1	not available	not available	NT=Carbamidomethyl;AC=UNIMOD:4;TA=C;MT=Fixed	not available	not available	NT=['CBDPS', 'formaldehyde'];AC=[None, None];TA=['K,nterm', 'K,nterm']	strepavidin resin enrichment	not available	not available	not available	not available	MS192164_CID_F11.raw	NT=ms-proteomics;VV=v1.1.0	NT=crosslinking;VV=v1.0.0
PXD034796_MS181452_R3_HCD	Glycine max	nucleus	not available	14	PXD034796_MS181452_R3_HCD_assay	proteomic profiling by mass spectrometry	data-dependent acquisition	NT=NT=dimethyl labeling;AC=MS:1002038	1	1	not available	not available	NT=Carbamidomethyl;AC=UNIMOD:4;TA=C;MT=Fixed	not available	not available	NT=['CBDPS', 'formaldehyde'];AC=[None, None];TA=['K,nterm', 'K,nterm']	strepavidin resin enrichment	not available	not available	not available	not available	MS181452_R3_HCD.raw	NT=ms-proteomics;VV=v1.1.0	NT=crosslinking;VV=v1.0.0
PXD034796_MS181452_F7_HCD	Glycine max	nucleus	not available	1	PXD034796_MS181452_F7_HCD_assay	proteomic profiling by mass spectrometry	data-dependent acquisition	NT=NT=dimethyl labeling;AC=MS:1002038	7	1	not available	not available	NT=Carbamidomethyl;AC=UNIMOD:4;TA=C;MT=Fixed	not available	not available	NT=['CBDPS', 'formaldehyde'];AC=[None, None];TA=['K,nterm', 'K,nterm']	strepavidin resin enrichment	not available	not available	not available	not available	MS181452_F7_HCD.raw	NT=ms-proteomics;VV=v1.1.0	NT=crosslinking;VV=v1.0.0
PXD034796_MS192164_CID_F4	Glycine max	nucleus	not available	3	PXD034796_MS192164_CID_F4_assay	proteomic profiling by mass spectrometry	data-dependent acquisition	NT=NT=dimethyl labeling;AC=MS:1002038	4	1	not available	not available	NT=Carbamidomethyl;AC=UNIMOD:4;TA=C;MT=Fixed	not available	not available	NT=['CBDPS', 'formaldehyde'];AC=[None, None];TA=['K,nterm', 'K,nterm']	strepavidin resin enrichment	not available	not available	not available	not available	MS192164_CID_F4.raw	NT=ms-proteomics;VV=v1.1.0	NT=crosslinking;VV=v1.0.0
PXD034796_MS191404_CID_F17	Glycine max	nucleus	not available	4	PXD034796_MS191404_CID_F17_assay	proteomic profiling by mass spectrometry	data-dependent acquisition	NT=NT=dimethyl labeling;AC=MS:1002038	17	1	not available	not available	NT=Carbamidomethyl;AC=UNIMOD:4;TA=C;MT=Fixed	not available	not available	NT=['CBDPS', 'formaldehyde'];AC=[None, None];TA=['K,nterm', 'K,nterm']	strepavidin resin enrichment	not available	not available	not available	not available	MS191404_CID_F17.raw	NT=ms-proteomics;VV=v1.1.0	NT=crosslinking;VV=v1.0.0
PXD034796_MS181938_HCD_F10	Glycine max	nucleus	not available	2	PXD034796_MS181938_HCD_F10_assay	proteomic profiling by mass spectrometry	data-dependent acquisition	NT=NT=dimethyl labeling;AC=MS:1002038	10	1	not available	not available	NT=Carbamidomethyl;AC=UNIMOD:4;TA=C;MT=Fixed	not available	not available	NT=['CBDPS', 'formaldehyde'];AC=[None, None];TA=['K,nterm', 'K,nterm']	strepavidin resin enrichment	not available	not available	not available	not available	MS181938_HCD_F10.raw	NT=ms-proteomics;VV=v1.1.0	NT=crosslinking;VV=v1.0.0
PXD034796_MS192164_CID_F8	Glycine max	nucleus	not available	1	PXD034796_MS192164_CID_F8_assay	proteomic profiling by mass spectrometry	data-dependent acquisition	NT=NT=dimethyl labeling;AC=MS:1002038	8	1	not available	not available	NT=Carbamidomethyl;AC=UNIMOD:4;TA=C;MT=Fixed	not available	not available	NT=['CBDPS', 'formaldehyde'];AC=[None, None];TA=['K,nterm', 'K,nterm']	strepavidin resin enrichment	not available	not available	not available	not available	MS192164_CID_F8.raw	NT=ms-proteomics;VV=v1.1.0	NT=crosslinking;VV=v1.0.0
PXD034796_MS181938_CID_F15	Glycine max	nucleus	not available	1	PXD034796_MS181938_CID_F15_assay	proteomic profiling by mass spectrometry	data-dependent acquisition	NT=NT=dimethyl labeling;AC=MS:1002038	15	1	not available	not available	NT=Carbamidomethyl;AC=UNIMOD:4;TA=C;MT=Fixed	not available	not available	NT=['CBDPS', 'formaldehyde'];AC=[None, None];TA=['K,nterm', 'K,nterm']	strepavidin resin enrichment	not available	not available	not available	not available	MS181938_CID_F15.raw	NT=ms-proteomics;VV=v1.1.0	NT=crosslinking;VV=v1.0.0
PXD034796_MS181452_R19_HCD	Glycine max	nucleus	not available	15	PXD034796_MS181452_R19_HCD_assay	proteomic profiling by mass spectrometry	data-dependent acquisition	NT=NT=dimethyl labeling;AC=MS:1002038	1	1	not available	not available	NT=Carbamidomethyl;AC=UNIMOD:4;TA=C;MT=Fixed	not available	not available	NT=['CBDPS', 'formaldehyde'];AC=[None, None];TA=['K,nterm', 'K,nterm']	strepavidin resin enrichment	not available	not available	not available	not available	MS181452_R19_HCD.raw	NT=ms-proteomics;VV=v1.1.0	NT=crosslinking;VV=v1.0.0
PXD034796_MS192164_HCD_R8	Glycine max	nucleus	not available	16	PXD034796_MS192164_HCD_R8_assay	proteomic profiling by mass spectrometry	data-dependent acquisition	NT=NT=dimethyl labeling;AC=MS:1002038	1	1	not available	not available	NT=Carbamidomethyl;AC=UNIMOD:4;TA=C;MT=Fixed	not available	not available	NT=['CBDPS', 'formaldehyde'];AC=[None, None];TA=['K,nterm', 'K,nterm']	strepavidin resin enrichment	not available	not available	not available	not available	MS192164_HCD_R8.raw	NT=ms-proteomics;VV=v1.1.0	NT=crosslinking;VV=v1.0.0
PXD034796_MS181452_F2_HCD	Glycine max	nucleus	not available	1	PXD034796_MS181452_F2_HCD_assay	proteomic profiling by mass spectrometry	data-dependent acquisition	NT=NT=dimethyl labeling;AC=MS:1002038	2	1	not available	not available	NT=Carbamidomethyl;AC=UNIMOD:4;TA=C;MT=Fixed	not available	not available	NT=['CBDPS', 'formaldehyde'];AC=[None, None];TA=['K,nterm', 'K,nterm']	strepavidin resin enrichment	not available	not available	not available	not available	MS181452_F2_HCD.raw	NT=ms-proteomics;VV=v1.1.0	NT=crosslinking;VV=v1.0.0
PXD034796_MS181452_R12_CID	Glycine max	nucleus	not available	17	PXD034796_MS181452_R12_CID_assay	proteomic profiling by mass spectrometry	data-dependent acquisition	NT=NT=dimethyl labeling;AC=MS:1002038	1	1	not available	not available	NT=Carbamidomethyl;AC=UNIMOD:4;TA=C;MT=Fixed	not available	not available	NT=['CBDPS', 'formaldehyde'];AC=[None, None];TA=['K,nterm', 'K,nterm']	strepavidin resin enrichment	not available	not available	not available	not available	MS181452_R12_CID.raw	NT=ms-proteomics;VV=v1.1.0	NT=crosslinking;VV=v1.0.0
PXD034796_MS191404_HCD_R3	Glycine max	nucleus	not available	18	PXD034796_MS191404_HCD_R3_assay	proteomic profiling by mass spectrometry	data-dependent acquisition	NT=NT=dimethyl labeling;AC=MS:1002038	1	1	not available	not available	NT=Carbamidomethyl;AC=UNIMOD:4;TA=C;MT=Fixed	not available	not available	NT=['CBDPS', 'formaldehyde'];AC=[None, None];TA=['K,nterm', 'K,nterm']	strepavidin resin enrichment	not available	not available	not available	not available	MS191404_HCD_R3.raw	NT=ms-proteomics;VV=v1.1.0	NT=crosslinking;VV=v1.0.0
PXD034796_MS181452_R10_HCD	Glycine max	nucleus	not available	19	PXD034796_MS181452_R10_HCD_assay	proteomic profiling by mass spectrometry	data-dependent acquisition	NT=NT=dimethyl labeling;AC=MS:1002038	1	1	not available	not available	NT=Carbamidomethyl;AC=UNIMOD:4;TA=C;MT=Fixed	not available	not available	NT=['CBDPS', 'formaldehyde'];AC=[None, None];TA=['K,nterm', 'K,nterm']	strepavidin resin enrichment	not available	not available	not available	not available	MS181452_R10_HCD.raw	NT=ms-proteomics;VV=v1.1.0	NT=crosslinking;VV=v1.0.0
PXD034796_MS181938_CID_R11	Glycine max	nucleus	not available	20	PXD034796_MS181938_CID_R11_assay	proteomic profiling by mass spectrometry	data-dependent acquisition	NT=NT=dimethyl labeling;AC=MS:1002038	1	1	not available	not available	NT=Carbamidomethyl;AC=UNIMOD:4;TA=C;MT=Fixed	not available	not available	NT=['CBDPS', 'formaldehyde'];AC=[None, None];TA=['K,nterm', 'K,nterm']	strepavidin resin enrichment	not available	not available	not available	not available	MS181938_CID_R11.raw	NT=ms-proteomics;VV=v1.1.0	NT=crosslinking;VV=v1.0.0
PXD034796_MS181452_R15_HCD	Glycine max	nucleus	not available	21	PXD034796_MS181452_R15_HCD_assay	proteomic profiling by mass spectrometry	data-dependent acquisition	NT=NT=dimethyl labeling;AC=MS:1002038	1	1	not available	not available	NT=Carbamidomethyl;AC=UNIMOD:4;TA=C;MT=Fixed	not available	not available	NT=['CBDPS', 'formaldehyde'];AC=[None, None];TA=['K,nterm', 'K,nterm']	strepavidin resin enrichment	not available	not available	not available	not available	MS181452_R15_HCD.raw	NT=ms-proteomics;VV=v1.1.0	NT=crosslinking;VV=v1.0.0
PXD034796_MS190207_CID_R2	Glycine max	nucleus	not available	22	PXD034796_MS190207_CID_R2_assay	proteomic profiling by mass spectrometry	data-dependent acquisition	NT=NT=dimethyl labeling;AC=MS:1002038	1	1	not available	not available	NT=Carbamidomethyl;AC=UNIMOD:4;TA=C;MT=Fixed	not available	not available	NT=['CBDPS', 'formaldehyde'];AC=[None, None];TA=['K,nterm', 'K,nterm']	strepavidin resin enrichment	not available	not available	not available	not available	MS190207_CID_R2.raw	NT=ms-proteomics;VV=v1.1.0	NT=crosslinking;VV=v1.0.0
PXD034796_MS191930_CID_F18	Glycine max	nucleus	not available	2	PXD034796_MS191930_CID_F18_assay	proteomic profiling by mass spectrometry	data-dependent acquisition	NT=NT=dimethyl labeling;AC=MS:1002038	18	1	not available	not available	NT=Carbamidomethyl;AC=UNIMOD:4;TA=C;MT=Fixed	not available	not available	NT=['CBDPS', 'formaldehyde'];AC=[None, None];TA=['K,nterm', 'K,nterm']	strepavidin resin enrichment	not available	not available	not available	not available	MS191930_CID_F18.raw	NT=ms-proteomics;VV=v1.1.0	NT=crosslinking;VV=v1.0.0
PXD034796_MS181452_F2_CID	Glycine max	nucleus	not available	2	PXD034796_MS181452_F2_CID_assay	proteomic profiling by mass spectrometry	data-dependent acquisition	NT=NT=dimethyl labeling;AC=MS:1002038	2	1	not available	not available	NT=Carbamidomethyl;AC=UNIMOD:4;TA=C;MT=Fixed	not available	not available	NT=['CBDPS', 'formaldehyde'];AC=[None, None];TA=['K,nterm', 'K,nterm']	strepavidin resin enrichment	not available	not available	not available	not available	MS181452_F2_CID.raw	NT=ms-proteomics;VV=v1.1.0	NT=crosslinking;VV=v1.0.0
PXD034796_MS192164_HCD_F2	Glycine max	nucleus	not available	3	PXD034796_MS192164_HCD_F2_assay	proteomic profiling by mass spectrometry	data-dependent acquisition	NT=NT=dimethyl labeling;AC=MS:1002038	2	1	not available	not available	NT=Carbamidomethyl;AC=UNIMOD:4;TA=C;MT=Fixed	not available	not available	NT=['CBDPS', 'formaldehyde'];AC=[None, None];TA=['K,nterm', 'K,nterm']	strepavidin resin enrichment	not available	not available	not available	not available	MS192164_HCD_F2.raw	NT=ms-proteomics;VV=v1.1.0	NT=crosslinking;VV=v1.0.0
PXD034796_MS181938_CID_R14	Glycine max	nucleus	not available	23	PXD034796_MS181938_CID_R14_assay	proteomic profiling by mass spectrometry	data-dependent acquisition	NT=NT=dimethyl labeling;AC=MS:1002038	1	1	not available	not available	NT=Carbamidomethyl;AC=UNIMOD:4;TA=C;MT=Fixed	not available	not available	NT=['CBDPS', 'formaldehyde'];AC=[None, None];TA=['K,nterm', 'K,nterm']	strepavidin resin enrichment	not available	not available	not available	not available	MS181938_CID_R14.raw	NT=ms-proteomics;VV=v1.1.0	NT=crosslinking;VV=v1.0.0
PXD034796_MS192164_CID_R9	Glycine max	nucleus	not available	24	PXD034796_MS192164_CID_R9_assay	proteomic profiling by mass spectrometry	data-dependent acquisition	NT=NT=dimethyl labeling;AC=MS:1002038	1	1	not available	not available	NT=Carbamidomethyl;AC=UNIMOD:4;TA=C;MT=Fixed	not available	not available	NT=['CBDPS', 'formaldehyde'];AC=[None, None];TA=['K,nterm', 'K,nterm']	strepavidin resin enrichment	not available	not available	not available	not available	MS192164_CID_R9.raw	NT=ms-proteomics;VV=v1.1.0	NT=crosslinking;VV=v1.0.0
PXD034796_MS191930_CID_R8	Glycine max	nucleus	not available	25	PXD034796_MS191930_CID_R8_assay	proteomic profiling by mass spectrometry	data-dependent acquisition	NT=NT=dimethyl labeling;AC=MS:1002038	1	1	not available	not available	NT=Carbamidomethyl;AC=UNIMOD:4;TA=C;MT=Fixed	not available	not available	NT=['CBDPS', 'formaldehyde'];AC=[None, None];TA=['K,nterm', 'K,nterm']	strepavidin resin enrichment	not available	not available	not available	not available	MS191930_CID_R8.raw	NT=ms-proteomics;VV=v1.1.0	NT=crosslinking;VV=v1.0.0
PXD034796_MS191404_HCD_F9	Glycine max	nucleus	not available	1	PXD034796_MS191404_HCD_F9_assay	proteomic profiling by mass spectrometry	data-dependent acquisition	NT=NT=dimethyl labeling;AC=MS:1002038	9	1	not available	not available	NT=Carbamidomethyl;AC=UNIMOD:4;TA=C;MT=Fixed	not available	not available	NT=['CBDPS', 'formaldehyde'];AC=[None, None];TA=['K,nterm', 'K,nterm']	strepavidin resin enrichment	not available	not available	not available	not available	MS191404_HCD_F9.raw	NT=ms-proteomics;VV=v1.1.0	NT=crosslinking;VV=v1.0.0
PXD034796_MS192164_HCD_R10	Glycine max	nucleus	not available	26	PXD034796_MS192164_HCD_R10_assay	proteomic profiling by mass spectrometry	data-dependent acquisition	NT=NT=dimethyl labeling;AC=MS:1002038	1	1	not available	not available	NT=Carbamidomethyl;AC=UNIMOD:4;TA=C;MT=Fixed	not available	not available	NT=['CBDPS', 'formaldehyde'];AC=[None, None];TA=['K,nterm', 'K,nterm']	strepavidin resin enrichment	not available	not available	not available	not available	MS192164_HCD_R10.raw	NT=ms-proteomics;VV=v1.1.0	NT=crosslinking;VV=v1.0.0
PXD034796_MS192164_HCD_F8	Glycine max	nucleus	not available	2	PXD034796_MS192164_HCD_F8_assay	proteomic profiling by mass spectrometry	data-dependent acquisition	NT=NT=dimethyl labeling;AC=MS:1002038	8	1	not available	not available	NT=Carbamidomethyl;AC=UNIMOD:4;TA=C;MT=Fixed	not available	not available	NT=['CBDPS', 'formaldehyde'];AC=[None, None];TA=['K,nterm', 'K,nterm']	strepavidin resin enrichment	not available	not available	not available	not available	MS192164_HCD_F8.raw	NT=ms-proteomics;VV=v1.1.0	NT=crosslinking;VV=v1.0.0
PXD034796_MS181452_R21_CID	Glycine max	nucleus	not available	27	PXD034796_MS181452_R21_CID_assay	proteomic profiling by mass spectrometry	data-dependent acquisition	NT=NT=dimethyl labeling;AC=MS:1002038	1	1	not available	not available	NT=Carbamidomethyl;AC=UNIMOD:4;TA=C;MT=Fixed	not available	not available	NT=['CBDPS', 'formaldehyde'];AC=[None, None];TA=['K,nterm', 'K,nterm']	strepavidin resin enrichment	not available	not available	not available	not available	MS181452_R21_CID.raw	NT=ms-proteomics;VV=v1.1.0	NT=crosslinking;VV=v1.0.0
PXD034796_MS191404_CID_R14	Glycine max	nucleus	not available	28	PXD034796_MS191404_CID_R14_assay	proteomic profiling by mass spectrometry	data-dependent acquisition	NT=NT=dimethyl labeling;AC=MS:1002038	1	1	not available	not available	NT=Carbamidomethyl;AC=UNIMOD:4;TA=C;MT=Fixed	not available	not available	NT=['CBDPS', 'formaldehyde'];AC=[None, None];TA=['K,nterm', 'K,nterm']	strepavidin resin enrichment	not available	not available	not available	not available	MS191404_CID_R14.raw	NT=ms-proteomics;VV=v1.1.0	NT=crosslinking;VV=v1.0.0
PXD034796_MS190207_HCD_F7	Glycine max	nucleus	not available	2	PXD034796_MS190207_HCD_F7_assay	proteomic profiling by mass spectrometry	data-dependent acquisition	NT=NT=dimethyl labeling;AC=MS:1002038	7	1	not available	not available	NT=Carbamidomethyl;AC=UNIMOD:4;TA=C;MT=Fixed	not available	not available	NT=['CBDPS', 'formaldehyde'];AC=[None, None];TA=['K,nterm', 'K,nterm']	strepavidin resin enrichment	not available	not available	not available	not available	MS190207_HCD_F7.raw	NT=ms-proteomics;VV=v1.1.0	NT=crosslinking;VV=v1.0.0
PXD034796_MS181938_CID_R2	Glycine max	nucleus	not available	29	PXD034796_MS181938_CID_R2_assay	proteomic profiling by mass spectrometry	data-dependent acquisition	NT=NT=dimethyl labeling;AC=MS:1002038	1	1	not available	not available	NT=Carbamidomethyl;AC=UNIMOD:4;TA=C;MT=Fixed	not available	not available	NT=['CBDPS', 'formaldehyde'];AC=[None, None];TA=['K,nterm', 'K,nterm']	strepavidin resin enrichment	not available	not available	not available	not available	MS181938_CID_R2.raw	NT=ms-proteomics;VV=v1.1.0	NT=crosslinking;VV=v1.0.0
PXD034796_MS181938_CID_R13	Glycine max	nucleus	not available	30	PXD034796_MS181938_CID_R13_assay	proteomic profiling by mass spectrometry	data-dependent acquisition	NT=NT=dimethyl labeling;AC=MS:1002038	1	1	not available	not available	NT=Carbamidomethyl;AC=UNIMOD:4;TA=C;MT=Fixed	not available	not available	NT=['CBDPS', 'formaldehyde'];AC=[None, None];TA=['K,nterm', 'K,nterm']	strepavidin resin enrichment	not available	not available	not available	not available	MS181938_CID_R13.raw	NT=ms-proteomics;VV=v1.1.0	NT=crosslinking;VV=v1.0.0
PXD034796_MS181938_HCD_F23	Glycine max	nucleus	not available	1	PXD034796_MS181938_HCD_F23_assay	proteomic profiling by mass spectrometry	data-dependent acquisition	NT=NT=dimethyl labeling;AC=MS:1002038	23	1	not available	not available	NT=Carbamidomethyl;AC=UNIMOD:4;TA=C;MT=Fixed	not available	not available	NT=['CBDPS', 'formaldehyde'];AC=[None, None];TA=['K,nterm', 'K,nterm']	strepavidin resin enrichment	not available	not available	not available	not available	MS181938_HCD_F23.raw	NT=ms-proteomics;VV=v1.1.0	NT=crosslinking;VV=v1.0.0
PXD034796_MS191930_HCD_R2	Glycine max	nucleus	not available	31	PXD034796_MS191930_HCD_R2_assay	proteomic profiling by mass spectrometry	data-dependent acquisition	NT=NT=dimethyl labeling;AC=MS:1002038	1	1	not available	not available	NT=Carbamidomethyl;AC=UNIMOD:4;TA=C;MT=Fixed	not available	not available	NT=['CBDPS', 'formaldehyde'];AC=[None, None];TA=['K,nterm', 'K,nterm']	strepavidin resin enrichment	not available	not available	not available	not available	MS191930_HCD_R2.raw	NT=ms-proteomics;VV=v1.1.0	NT=crosslinking;VV=v1.0.0
PXD034796_MS181452_R23_CID	Glycine max	nucleus	not available	32	PXD034796_MS181452_R23_CID_assay	proteomic profiling by mass spectrometry	data-dependent acquisition	NT=NT=dimethyl labeling;AC=MS:1002038	1	1	not available	not available	NT=Carbamidomethyl;AC=UNIMOD:4;TA=C;MT=Fixed	not available	not available	NT=['CBDPS', 'formaldehyde'];AC=[None, None];TA=['K,nterm', 'K,nterm']	strepavidin resin enrichment	not available	not available	not available	not available	MS181452_R23_CID.raw	NT=ms-proteomics;VV=v1.1.0	NT=crosslinking;VV=v1.0.0
PXD034796_MS191930_CID_F17	Glycine max	nucleus	not available	5	PXD034796_MS191930_CID_F17_assay	proteomic profiling by mass spectrometry	data-dependent acquisition	NT=NT=dimethyl labeling;AC=MS:1002038	17	1	not available	not available	NT=Carbamidomethyl;AC=UNIMOD:4;TA=C;MT=Fixed	not available	not available	NT=['CBDPS', 'formaldehyde'];AC=[None, None];TA=['K,nterm', 'K,nterm']	strepavidin resin enrichment	not available	not available	not available	not available	MS191930_CID_F17.raw	NT=ms-proteomics;VV=v1.1.0	NT=crosslinking;VV=v1.0.0
PXD034796_MS181452_F22_HCD	Glycine max	nucleus	not available	1	PXD034796_MS181452_F22_HCD_assay	proteomic profiling by mass spectrometry	data-dependent acquisition	NT=NT=dimethyl labeling;AC=MS:1002038	22	1	not available	not available	NT=Carbamidomethyl;AC=UNIMOD:4;TA=C;MT=Fixed	not available	not available	NT=['CBDPS', 'formaldehyde'];AC=[None, None];TA=['K,nterm', 'K,nterm']	strepavidin resin enrichment	not available	not available	not available	not available	MS181452_F22_HCD.raw	NT=ms-proteomics;VV=v1.1.0	NT=crosslinking;VV=v1.0.0
PXD034796_MS191930_HCD_F16	Glycine max	nucleus	not available	1	PXD034796_MS191930_HCD_F16_assay	proteomic profiling by mass spectrometry	data-dependent acquisition	NT=NT=dimethyl labeling;AC=MS:1002038	16	1	not available	not available	NT=Carbamidomethyl;AC=UNIMOD:4;TA=C;MT=Fixed	not available	not available	NT=['CBDPS', 'formaldehyde'];AC=[None, None];TA=['K,nterm', 'K,nterm']	strepavidin resin enrichment	not available	not available	not available	not available	MS191930_HCD_F16.raw	NT=ms-proteomics;VV=v1.1.0	NT=crosslinking;VV=v1.0.0
PXD034796_MS190207_CID_R4	Glycine max	nucleus	not available	33	PXD034796_MS190207_CID_R4_assay	proteomic profiling by mass spectrometry	data-dependent acquisition	NT=NT=dimethyl labeling;AC=MS:1002038	1	1	not available	not available	NT=Carbamidomethyl;AC=UNIMOD:4;TA=C;MT=Fixed	not available	not available	NT=['CBDPS', 'formaldehyde'];AC=[None, None];TA=['K,nterm', 'K,nterm']	strepavidin resin enrichment	not available	not available	not available	not available	MS190207_CID_R4.raw	NT=ms-proteomics;VV=v1.1.0	NT=crosslinking;VV=v1.0.0
PXD034796_MS190207_HCD_R1	Glycine max	nucleus	not available	34	PXD034796_MS190207_HCD_R1_assay	proteomic profiling by mass spectrometry	data-dependent acquisition	NT=NT=dimethyl labeling;AC=MS:1002038	1	1	not available	not available	NT=Carbamidomethyl;AC=UNIMOD:4;TA=C;MT=Fixed	not available	not available	NT=['CBDPS', 'formaldehyde'];AC=[None, None];TA=['K,nterm', 'K,nterm']	strepavidin resin enrichment	not available	not available	not available	not available	MS190207_HCD_R1.raw	NT=ms-proteomics;VV=v1.1.0	NT=crosslinking;VV=v1.0.0
PXD034796_MS181452_F22_CID	Glycine max	nucleus	not available	2	PXD034796_MS181452_F22_CID_assay	proteomic profiling by mass spectrometry	data-dependent acquisition	NT=NT=dimethyl labeling;AC=MS:1002038	22	1	not available	not available	NT=Carbamidomethyl;AC=UNIMOD:4;TA=C;MT=Fixed	not available	not available	NT=['CBDPS', 'formaldehyde'];AC=[None, None];TA=['K,nterm', 'K,nterm']	strepavidin resin enrichment	not available	not available	not available	not available	MS181452_F22_CID.raw	NT=ms-proteomics;VV=v1.1.0	NT=crosslinking;VV=v1.0.0
PXD034796_MS181452_R16_CID	Glycine max	nucleus	not available	35	PXD034796_MS181452_R16_CID_assay	proteomic profiling by mass spectrometry	data-dependent acquisition	NT=NT=dimethyl labeling;AC=MS:1002038	1	1	not available	not available	NT=Carbamidomethyl;AC=UNIMOD:4;TA=C;MT=Fixed	not available	not available	NT=['CBDPS', 'formaldehyde'];AC=[None, None];TA=['K,nterm', 'K,nterm']	strepavidin resin enrichment	not available	not available	not available	not available	MS181452_R16_CID.raw	NT=ms-proteomics;VV=v1.1.0	NT=crosslinking;VV=v1.0.0
PXD034796_MS191404_HCD_F12	Glycine max	nucleus	not available	2	PXD034796_MS191404_HCD_F12_assay	proteomic profiling by mass spectrometry	data-dependent acquisition	NT=NT=dimethyl labeling;AC=MS:1002038	12	1	not available	not available	NT=Carbamidomethyl;AC=UNIMOD:4;TA=C;MT=Fixed	not available	not available	NT=['CBDPS', 'formaldehyde'];AC=[None, None];TA=['K,nterm', 'K,nterm']	strepavidin resin enrichment	not available	not available	not available	not available	MS191404_HCD_F12.raw	NT=ms-proteomics;VV=v1.1.0	NT=crosslinking;VV=v1.0.0
PXD034796_MS191930_HCD_F1	Glycine max	nucleus	not available	36	PXD034796_MS191930_HCD_F1_assay	proteomic profiling by mass spectrometry	data-dependent acquisition	NT=NT=dimethyl labeling;AC=MS:1002038	1	1	not available	not available	NT=Carbamidomethyl;AC=UNIMOD:4;TA=C;MT=Fixed	not available	not available	NT=['CBDPS', 'formaldehyde'];AC=[None, None];TA=['K,nterm', 'K,nterm']	strepavidin resin enrichment	not available	not available	not available	not available	MS191930_HCD_F1.raw	NT=ms-proteomics;VV=v1.1.0	NT=crosslinking;VV=v1.0.0
PXD034796_MS191930_HCD_R18	Glycine max	nucleus	not available	37	PXD034796_MS191930_HCD_R18_assay	proteomic profiling by mass spectrometry	data-dependent acquisition	NT=NT=dimethyl labeling;AC=MS:1002038	1	1	not available	not available	NT=Carbamidomethyl;AC=UNIMOD:4;TA=C;MT=Fixed	not available	not available	NT=['CBDPS', 'formaldehyde'];AC=[None, None];TA=['K,nterm', 'K,nterm']	strepavidin resin enrichment	not available	not available	not available	not available	MS191930_HCD_R18.raw	NT=ms-proteomics;VV=v1.1.0	NT=crosslinking;VV=v1.0.0
PXD034796_MS191404_CID_F2	Glycine max	nucleus	not available	4	PXD034796_MS191404_CID_F2_assay	proteomic profiling by mass spectrometry	data-dependent acquisition	NT=NT=dimethyl labeling;AC=MS:1002038	2	1	not available	not available	NT=Carbamidomethyl;AC=UNIMOD:4;TA=C;MT=Fixed	not available	not available	NT=['CBDPS', 'formaldehyde'];AC=[None, None];TA=['K,nterm', 'K,nterm']	strepavidin resin enrichment	not available	not available	not available	not available	MS191404_CID_F2.raw	NT=ms-proteomics;VV=v1.1.0	NT=crosslinking;VV=v1.0.0
PXD034796_MS181452_R14_HCD	Glycine max	nucleus	not available	38	PXD034796_MS181452_R14_HCD_assay	proteomic profiling by mass spectrometry	data-dependent acquisition	NT=NT=dimethyl labeling;AC=MS:1002038	1	1	not available	not available	NT=Carbamidomethyl;AC=UNIMOD:4;TA=C;MT=Fixed	not available	not available	NT=['CBDPS', 'formaldehyde'];AC=[None, None];TA=['K,nterm', 'K,nterm']	strepavidin resin enrichment	not available	not available	not available	not available	MS181452_R14_HCD.raw	NT=ms-proteomics;VV=v1.1.0	NT=crosslinking;VV=v1.0.0
PXD034796_MS191404_CID_FC	Glycine max	nucleus	not available	39	PXD034796_MS191404_CID_FC_assay	proteomic profiling by mass spectrometry	data-dependent acquisition	NT=NT=dimethyl labeling;AC=MS:1002038	1	1	not available	not available	NT=Carbamidomethyl;AC=UNIMOD:4;TA=C;MT=Fixed	not available	not available	NT=['CBDPS', 'formaldehyde'];AC=[None, None];TA=['K,nterm', 'K,nterm']	strepavidin resin enrichment	not available	not available	not available	not available	MS191404_CID_FC.raw	NT=ms-proteomics;VV=v1.1.0	NT=crosslinking;VV=v1.0.0
PXD034796_MS191930_HCD_R14	Glycine max	nucleus	not available	40	PXD034796_MS191930_HCD_R14_assay	proteomic profiling by mass spectrometry	data-dependent acquisition	NT=NT=dimethyl labeling;AC=MS:1002038	1	1	not available	not available	NT=Carbamidomethyl;AC=UNIMOD:4;TA=C;MT=Fixed	not available	not available	NT=['CBDPS', 'formaldehyde'];AC=[None, None];TA=['K,nterm', 'K,nterm']	strepavidin resin enrichment	not available	not available	not available	not available	MS191930_HCD_R14.raw	NT=ms-proteomics;VV=v1.1.0	NT=crosslinking;VV=v1.0.0
PXD034796_MS181452_R22_CID	Glycine max	nucleus	not available	41	PXD034796_MS181452_R22_CID_assay	proteomic profiling by mass spectrometry	data-dependent acquisition	NT=NT=dimethyl labeling;AC=MS:1002038	1	1	not available	not available	NT=Carbamidomethyl;AC=UNIMOD:4;TA=C;MT=Fixed	not available	not available	NT=['CBDPS', 'formaldehyde'];AC=[None, None];TA=['K,nterm', 'K,nterm']	strepavidin resin enrichment	not available	not available	not available	not available	MS181452_R22_CID.raw	NT=ms-proteomics;VV=v1.1.0	NT=crosslinking;VV=v1.0.0
PXD034796_MS191930_HCD_F12	Glycine max	nucleus	not available	3	PXD034796_MS191930_HCD_F12_assay	proteomic profiling by mass spectrometry	data-dependent acquisition	NT=NT=dimethyl labeling;AC=MS:1002038	12	1	not available	not available	NT=Carbamidomethyl;AC=UNIMOD:4;TA=C;MT=Fixed	not available	not available	NT=['CBDPS', 'formaldehyde'];AC=[None, None];TA=['K,nterm', 'K,nterm']	strepavidin resin enrichment	not available	not available	not available	not available	MS191930_HCD_F12.raw	NT=ms-proteomics;VV=v1.1.0	NT=crosslinking;VV=v1.0.0
PXD034796_MS192164_CID_R3	Glycine max	nucleus	not available	42	PXD034796_MS192164_CID_R3_assay	proteomic profiling by mass spectrometry	data-dependent acquisition	NT=NT=dimethyl labeling;AC=MS:1002038	1	1	not available	not available	NT=Carbamidomethyl;AC=UNIMOD:4;TA=C;MT=Fixed	not available	not available	NT=['CBDPS', 'formaldehyde'];AC=[None, None];TA=['K,nterm', 'K,nterm']	strepavidin resin enrichment	not available	not available	not available	not available	MS192164_CID_R3.raw	NT=ms-proteomics;VV=v1.1.0	NT=crosslinking;VV=v1.0.0
PXD034796_MS191930_CID_R1	Glycine max	nucleus	not available	43	PXD034796_MS191930_CID_R1_assay	proteomic profiling by mass spectrometry	data-dependent acquisition	NT=NT=dimethyl labeling;AC=MS:1002038	1	1	not available	not available	NT=Carbamidomethyl;AC=UNIMOD:4;TA=C;MT=Fixed	not available	not available	NT=['CBDPS', 'formaldehyde'];AC=[None, None];TA=['K,nterm', 'K,nterm']	strepavidin resin enrichment	not available	not available	not available	not available	MS191930_CID_R1.raw	NT=ms-proteomics;VV=v1.1.0	NT=crosslinking;VV=v1.0.0
PXD034796_MS191404_CID_F11	Glycine max	nucleus	not available	3	PXD034796_MS191404_CID_F11_assay	proteomic profiling by mass spectrometry	data-dependent acquisition	NT=NT=dimethyl labeling;AC=MS:1002038	11	1	not available	not available	NT=Carbamidomethyl;AC=UNIMOD:4;TA=C;MT=Fixed	not available	not available	NT=['CBDPS', 'formaldehyde'];AC=[None, None];TA=['K,nterm', 'K,nterm']	strepavidin resin enrichment	not available	not available	not available	not available	MS191404_CID_F11.raw	NT=ms-proteomics;VV=v1.1.0	NT=crosslinking;VV=v1.0.0
PXD034796_MS191404_HCD_R20	Glycine max	nucleus	not available	44	PXD034796_MS191404_HCD_R20_assay	proteomic profiling by mass spectrometry	data-dependent acquisition	NT=NT=dimethyl labeling;AC=MS:1002038	1	1	not available	not available	NT=Carbamidomethyl;AC=UNIMOD:4;TA=C;MT=Fixed	not available	not available	NT=['CBDPS', 'formaldehyde'];AC=[None, None];TA=['K,nterm', 'K,nterm']	strepavidin resin enrichment	not available	not available	not available	not available	MS191404_HCD_R20.raw	NT=ms-proteomics;VV=v1.1.0	NT=crosslinking;VV=v1.0.0
PXD034796_MS191930_HCD_R17	Glycine max	nucleus	not available	45	PXD034796_MS191930_HCD_R17_assay	proteomic profiling by mass spectrometry	data-dependent acquisition	NT=NT=dimethyl labeling;AC=MS:1002038	1	1	not available	not available	NT=Carbamidomethyl;AC=UNIMOD:4;TA=C;MT=Fixed	not available	not available	NT=['CBDPS', 'formaldehyde'];AC=[None, None];TA=['K,nterm', 'K,nterm']	strepavidin resin enrichment	not available	not available	not available	not available	MS191930_HCD_R17.raw	NT=ms-proteomics;VV=v1.1.0	NT=crosslinking;VV=v1.0.0
PXD034796_MS190207_CID_F7	Glycine max	nucleus	not available	3	PXD034796_MS190207_CID_F7_assay	proteomic profiling by mass spectrometry	data-dependent acquisition	NT=NT=dimethyl labeling;AC=MS:1002038	7	1	not available	not available	NT=Carbamidomethyl;AC=UNIMOD:4;TA=C;MT=Fixed	not available	not available	NT=['CBDPS', 'formaldehyde'];AC=[None, None];TA=['K,nterm', 'K,nterm']	strepavidin resin enrichment	not available	not available	not available	not available	MS190207_CID_F7.raw	NT=ms-proteomics;VV=v1.1.0	NT=crosslinking;VV=v1.0.0
PXD034796_MS181452_R11_CID	Glycine max	nucleus	not available	46	PXD034796_MS181452_R11_CID_assay	proteomic profiling by mass spectrometry	data-dependent acquisition	NT=NT=dimethyl labeling;AC=MS:1002038	1	1	not available	not available	NT=Carbamidomethyl;AC=UNIMOD:4;TA=C;MT=Fixed	not available	not available	NT=['CBDPS', 'formaldehyde'];AC=[None, None];TA=['K,nterm', 'K,nterm']	strepavidin resin enrichment	not available	not available	not available	not available	MS181452_R11_CID.raw	NT=ms-proteomics;VV=v1.1.0	NT=crosslinking;VV=v1.0.0
PXD034796_MS191930_CID_F11	Glycine max	nucleus	not available	4	PXD034796_MS191930_CID_F11_assay	proteomic profiling by mass spectrometry	data-dependent acquisition	NT=NT=dimethyl labeling;AC=MS:1002038	11	1	not available	not available	NT=Carbamidomethyl;AC=UNIMOD:4;TA=C;MT=Fixed	not available	not available	NT=['CBDPS', 'formaldehyde'];AC=[None, None];TA=['K,nterm', 'K,nterm']	strepavidin resin enrichment	not available	not available	not available	not available	MS191930_CID_F11.raw	NT=ms-proteomics;VV=v1.1.0	NT=crosslinking;VV=v1.0.0
PXD034796_MS191930_CID_F6	Glycine max	nucleus	not available	2	PXD034796_MS191930_CID_F6_assay	proteomic profiling by mass spectrometry	data-dependent acquisition	NT=NT=dimethyl labeling;AC=MS:1002038	6	1	not available	not available	NT=Carbamidomethyl;AC=UNIMOD:4;TA=C;MT=Fixed	not available	not available	NT=['CBDPS', 'formaldehyde'];AC=[None, None];TA=['K,nterm', 'K,nterm']	strepavidin resin enrichment	not available	not available	not available	not available	MS191930_CID_F6.raw	NT=ms-proteomics;VV=v1.1.0	NT=crosslinking;VV=v1.0.0
PXD034796_MS191930_CID_F14	Glycine max	nucleus	not available	1	PXD034796_MS191930_CID_F14_assay	proteomic profiling by mass spectrometry	data-dependent acquisition	NT=NT=dimethyl labeling;AC=MS:1002038	14	1	not available	not available	NT=Carbamidomethyl;AC=UNIMOD:4;TA=C;MT=Fixed	not available	not available	NT=['CBDPS', 'formaldehyde'];AC=[None, None];TA=['K,nterm', 'K,nterm']	strepavidin resin enrichment	not available	not available	not available	not available	MS191930_CID_F14.raw	NT=ms-proteomics;VV=v1.1.0	NT=crosslinking;VV=v1.0.0
PXD034796_MS181938_CID_R3	Glycine max	nucleus	not available	47	PXD034796_MS181938_CID_R3_assay	proteomic profiling by mass spectrometry	data-dependent acquisition	NT=NT=dimethyl labeling;AC=MS:1002038	1	1	not available	not available	NT=Carbamidomethyl;AC=UNIMOD:4;TA=C;MT=Fixed	not available	not available	NT=['CBDPS', 'formaldehyde'];AC=[None, None];TA=['K,nterm', 'K,nterm']	strepavidin resin enrichment	not available	not available	not available	not available	MS181938_CID_R3.raw	NT=ms-proteomics;VV=v1.1.0	NT=crosslinking;VV=v1.0.0
PXD034796_MS191930_CID_R13	Glycine max	nucleus	not available	48	PXD034796_MS191930_CID_R13_assay	proteomic profiling by mass spectrometry	data-dependent acquisition	NT=NT=dimethyl labeling;AC=MS:1002038	1	1	not available	not available	NT=Carbamidomethyl;AC=UNIMOD:4;TA=C;MT=Fixed	not available	not available	NT=['CBDPS', 'formaldehyde'];AC=[None, None];TA=['K,nterm', 'K,nterm']	strepavidin resin enrichment	not available	not available	not available	not available	MS191930_CID_R13.raw	NT=ms-proteomics;VV=v1.1.0	NT=crosslinking;VV=v1.0.0
PXD034796_MS192164_HCD_F11	Glycine max	nucleus	not available	5	PXD034796_MS192164_HCD_F11_assay	proteomic profiling by mass spectrometry	data-dependent acquisition	NT=NT=dimethyl labeling;AC=MS:1002038	11	1	not available	not available	NT=Carbamidomethyl;AC=UNIMOD:4;TA=C;MT=Fixed	not available	not available	NT=['CBDPS', 'formaldehyde'];AC=[None, None];TA=['K,nterm', 'K,nterm']	strepavidin resin enrichment	not available	not available	not available	not available	MS192164_HCD_F11.raw	NT=ms-proteomics;VV=v1.1.0	NT=crosslinking;VV=v1.0.0
PXD034796_MS181452_F1_HCD	Glycine max	nucleus	not available	49	PXD034796_MS181452_F1_HCD_assay	proteomic profiling by mass spectrometry	data-dependent acquisition	NT=NT=dimethyl labeling;AC=MS:1002038	1	1	not available	not available	NT=Carbamidomethyl;AC=UNIMOD:4;TA=C;MT=Fixed	not available	not available	NT=['CBDPS', 'formaldehyde'];AC=[None, None];TA=['K,nterm', 'K,nterm']	strepavidin resin enrichment	not available	not available	not available	not available	MS181452_F1_HCD.raw	NT=ms-proteomics;VV=v1.1.0	NT=crosslinking;VV=v1.0.0
PXD034796_MS181452_R16_HCD	Glycine max	nucleus	not available	50	PXD034796_MS181452_R16_HCD_assay	proteomic profiling by mass spectrometry	data-dependent acquisition	NT=NT=dimethyl labeling;AC=MS:1002038	1	1	not available	not available	NT=Carbamidomethyl;AC=UNIMOD:4;TA=C;MT=Fixed	not available	not available	NT=['CBDPS', 'formaldehyde'];AC=[None, None];TA=['K,nterm', 'K,nterm']	strepavidin resin enrichment	not available	not available	not available	not available	MS181452_R16_HCD.raw	NT=ms-proteomics;VV=v1.1.0	NT=crosslinking;VV=v1.0.0
PXD034796_MS181452_F18_CID	Glycine max	nucleus	not available	3	PXD034796_MS181452_F18_CID_assay	proteomic profiling by mass spectrometry	data-dependent acquisition	NT=NT=dimethyl labeling;AC=MS:1002038	18	1	not available	not available	NT=Carbamidomethyl;AC=UNIMOD:4;TA=C;MT=Fixed	not available	not available	NT=['CBDPS', 'formaldehyde'];AC=[None, None];TA=['K,nterm', 'K,nterm']	strepavidin resin enrichment	not available	not available	not available	not available	MS181452_F18_CID.raw	NT=ms-proteomics;VV=v1.1.0	NT=crosslinking;VV=v1.0.0
PXD034796_MS190207_CID_R10	Glycine max	nucleus	not available	51	PXD034796_MS190207_CID_R10_assay	proteomic profiling by mass spectrometry	data-dependent acquisition	NT=NT=dimethyl labeling;AC=MS:1002038	1	1	not available	not available	NT=Carbamidomethyl;AC=UNIMOD:4;TA=C;MT=Fixed	not available	not available	NT=['CBDPS', 'formaldehyde'];AC=[None, None];TA=['K,nterm', 'K,nterm']	strepavidin resin enrichment	not available	not available	not available	not available	MS190207_CID_R10.raw	NT=ms-proteomics;VV=v1.1.0	NT=crosslinking;VV=v1.0.0
PXD034796_MS191930_HCD_F20	Glycine max	nucleus	not available	2	PXD034796_MS191930_HCD_F20_assay	proteomic profiling by mass spectrometry	data-dependent acquisition	NT=NT=dimethyl labeling;AC=MS:1002038	20	1	not available	not available	NT=Carbamidomethyl;AC=UNIMOD:4;TA=C;MT=Fixed	not available	not available	NT=['CBDPS', 'formaldehyde'];AC=[None, None];TA=['K,nterm', 'K,nterm']	strepavidin resin enrichment	not available	not available	not available	not available	MS191930_HCD_F20.raw	NT=ms-proteomics;VV=v1.1.0	NT=crosslinking;VV=v1.0.0
PXD034796_MS181938_HCD_F25	Glycine max	nucleus	not available	1	PXD034796_MS181938_HCD_F25_assay	proteomic profiling by mass spectrometry	data-dependent acquisition	NT=NT=dimethyl labeling;AC=MS:1002038	25	1	not available	not available	NT=Carbamidomethyl;AC=UNIMOD:4;TA=C;MT=Fixed	not available	not available	NT=['CBDPS', 'formaldehyde'];AC=[None, None];TA=['K,nterm', 'K,nterm']	strepavidin resin enrichment	not available	not available	not available	not available	MS181938_HCD_F25.raw	NT=ms-proteomics;VV=v1.1.0	NT=crosslinking;VV=v1.0.0
PXD034796_MS181938_CID_R22	Glycine max	nucleus	not available	52	PXD034796_MS181938_CID_R22_assay	proteomic profiling by mass spectrometry	data-dependent acquisition	NT=NT=dimethyl labeling;AC=MS:1002038	1	1	not available	not available	NT=Carbamidomethyl;AC=UNIMOD:4;TA=C;MT=Fixed	not available	not available	NT=['CBDPS', 'formaldehyde'];AC=[None, None];TA=['K,nterm', 'K,nterm']	strepavidin resin enrichment	not available	not available	not available	not available	MS181938_CID_R22.raw	NT=ms-proteomics;VV=v1.1.0	NT=crosslinking;VV=v1.0.0
PXD034796_MS191404_CID_F19	Glycine max	nucleus	not available	2	PXD034796_MS191404_CID_F19_assay	proteomic profiling by mass spectrometry	data-dependent acquisition	NT=NT=dimethyl labeling;AC=MS:1002038	19	1	not available	not available	NT=Carbamidomethyl;AC=UNIMOD:4;TA=C;MT=Fixed	not available	not available	NT=['CBDPS', 'formaldehyde'];AC=[None, None];TA=['K,nterm', 'K,nterm']	strepavidin resin enrichment	not available	not available	not available	not available	MS191404_CID_F19.raw	NT=ms-proteomics;VV=v1.1.0	NT=crosslinking;VV=v1.0.0
PXD034796_MS191930_HCD_F7	Glycine max	nucleus	not available	4	PXD034796_MS191930_HCD_F7_assay	proteomic profiling by mass spectrometry	data-dependent acquisition	NT=NT=dimethyl labeling;AC=MS:1002038	7	1	not available	not available	NT=Carbamidomethyl;AC=UNIMOD:4;TA=C;MT=Fixed	not available	not available	NT=['CBDPS', 'formaldehyde'];AC=[None, None];TA=['K,nterm', 'K,nterm']	strepavidin resin enrichment	not available	not available	not available	not available	MS191930_HCD_F7.raw	NT=ms-proteomics;VV=v1.1.0	NT=crosslinking;VV=v1.0.0
PXD034796_MS190207_HCD_F4	Glycine max	nucleus	not available	4	PXD034796_MS190207_HCD_F4_assay	proteomic profiling by mass spectrometry	data-dependent acquisition	NT=NT=dimethyl labeling;AC=MS:1002038	4	1	not available	not available	NT=Carbamidomethyl;AC=UNIMOD:4;TA=C;MT=Fixed	not available	not available	NT=['CBDPS', 'formaldehyde'];AC=[None, None];TA=['K,nterm', 'K,nterm']	strepavidin resin enrichment	not available	not available	not available	not available	MS190207_HCD_F4.raw	NT=ms-proteomics;VV=v1.1.0	NT=crosslinking;VV=v1.0.0
PXD034796_MS181938_HCD_F24	Glycine max	nucleus	not available	1	PXD034796_MS181938_HCD_F24_assay	proteomic profiling by mass spectrometry	data-dependent acquisition	NT=NT=dimethyl labeling;AC=MS:1002038	24	1	not available	not available	NT=Carbamidomethyl;AC=UNIMOD:4;TA=C;MT=Fixed	not available	not available	NT=['CBDPS', 'formaldehyde'];AC=[None, None];TA=['K,nterm', 'K,nterm']	strepavidin resin enrichment	not available	not available	not available	not available	MS181938_HCD_F24.raw	NT=ms-proteomics;VV=v1.1.0	NT=crosslinking;VV=v1.0.0
PXD034796_MS191930_CID_R4	Glycine max	nucleus	not available	53	PXD034796_MS191930_CID_R4_assay	proteomic profiling by mass spectrometry	data-dependent acquisition	NT=NT=dimethyl labeling;AC=MS:1002038	1	1	not available	not available	NT=Carbamidomethyl;AC=UNIMOD:4;TA=C;MT=Fixed	not available	not available	NT=['CBDPS', 'formaldehyde'];AC=[None, None];TA=['K,nterm', 'K,nterm']	strepavidin resin enrichment	not available	not available	not available	not available	MS191930_CID_R4.raw	NT=ms-proteomics;VV=v1.1.0	NT=crosslinking;VV=v1.0.0
PXD034796_MS181938_F19_CID30_ETD	Glycine max	nucleus	not available	3	PXD034796_MS181938_F19_CID30_ETD_assay	proteomic profiling by mass spectrometry	data-dependent acquisition	NT=NT=dimethyl labeling;AC=MS:1002038	19	1	not available	not available	NT=Carbamidomethyl;AC=UNIMOD:4;TA=C;MT=Fixed	not available	not available	NT=['CBDPS', 'formaldehyde'];AC=[None, None];TA=['K,nterm', 'K,nterm']	strepavidin resin enrichment	not available	not available	not available	not available	MS181938_F19_CID30_ETD.raw	NT=ms-proteomics;VV=v1.1.0	NT=crosslinking;VV=v1.0.0
PXD034796_MS192164_CID_R13	Glycine max	nucleus	not available	54	PXD034796_MS192164_CID_R13_assay	proteomic profiling by mass spectrometry	data-dependent acquisition	NT=NT=dimethyl labeling;AC=MS:1002038	1	1	not available	not available	NT=Carbamidomethyl;AC=UNIMOD:4;TA=C;MT=Fixed	not available	not available	NT=['CBDPS', 'formaldehyde'];AC=[None, None];TA=['K,nterm', 'K,nterm']	strepavidin resin enrichment	not available	not available	not available	not available	MS192164_CID_R13.raw	NT=ms-proteomics;VV=v1.1.0	NT=crosslinking;VV=v1.0.0
PXD034796_MS181938_HCD_F9	Glycine max	nucleus	not available	2	PXD034796_MS181938_HCD_F9_assay	proteomic profiling by mass spectrometry	data-dependent acquisition	NT=NT=dimethyl labeling;AC=MS:1002038	9	1	not available	not available	NT=Carbamidomethyl;AC=UNIMOD:4;TA=C;MT=Fixed	not available	not available	NT=['CBDPS', 'formaldehyde'];AC=[None, None];TA=['K,nterm', 'K,nterm']	strepavidin resin enrichment	not available	not available	not available	not available	MS181938_HCD_F9.raw	NT=ms-proteomics;VV=v1.1.0	NT=crosslinking;VV=v1.0.0
PXD034796_MS181938_HCD_F16	Glycine max	nucleus	not available	2	PXD034796_MS181938_HCD_F16_assay	proteomic profiling by mass spectrometry	data-dependent acquisition	NT=NT=dimethyl labeling;AC=MS:1002038	16	1	not available	not available	NT=Carbamidomethyl;AC=UNIMOD:4;TA=C;MT=Fixed	not available	not available	NT=['CBDPS', 'formaldehyde'];AC=[None, None];TA=['K,nterm', 'K,nterm']	strepavidin resin enrichment	not available	not available	not available	not available	MS181938_HCD_F16.raw	NT=ms-proteomics;VV=v1.1.0	NT=crosslinking;VV=v1.0.0
PXD034796_MS181938_HCD_F15	Glycine max	nucleus	not available	2	PXD034796_MS181938_HCD_F15_assay	proteomic profiling by mass spectrometry	data-dependent acquisition	NT=NT=dimethyl labeling;AC=MS:1002038	15	1	not available	not available	NT=Carbamidomethyl;AC=UNIMOD:4;TA=C;MT=Fixed	not available	not available	NT=['CBDPS', 'formaldehyde'];AC=[None, None];TA=['K,nterm', 'K,nterm']	strepavidin resin enrichment	not available	not available	not available	not available	MS181938_HCD_F15.raw	NT=ms-proteomics;VV=v1.1.0	NT=crosslinking;VV=v1.0.0
PXD034796_MS181452_F14_CID	Glycine max	nucleus	not available	2	PXD034796_MS181452_F14_CID_assay	proteomic profiling by mass spectrometry	data-dependent acquisition	NT=NT=dimethyl labeling;AC=MS:1002038	14	1	not available	not available	NT=Carbamidomethyl;AC=UNIMOD:4;TA=C;MT=Fixed	not available	not available	NT=['CBDPS', 'formaldehyde'];AC=[None, None];TA=['K,nterm', 'K,nterm']	strepavidin resin enrichment	not available	not available	not available	not available	MS181452_F14_CID.raw	NT=ms-proteomics;VV=v1.1.0	NT=crosslinking;VV=v1.0.0
PXD034796_MS181938_HCD_R15	Glycine max	nucleus	not available	55	PXD034796_MS181938_HCD_R15_assay	proteomic profiling by mass spectrometry	data-dependent acquisition	NT=NT=dimethyl labeling;AC=MS:1002038	1	1	not available	not available	NT=Carbamidomethyl;AC=UNIMOD:4;TA=C;MT=Fixed	not available	not available	NT=['CBDPS', 'formaldehyde'];AC=[None, None];TA=['K,nterm', 'K,nterm']	strepavidin resin enrichment	not available	not available	not available	not available	MS181938_HCD_R15.raw	NT=ms-proteomics;VV=v1.1.0	NT=crosslinking;VV=v1.0.0
PXD034796_MS190207_HCD_R14	Glycine max	nucleus	not available	56	PXD034796_MS190207_HCD_R14_assay	proteomic profiling by mass spectrometry	data-dependent acquisition	NT=NT=dimethyl labeling;AC=MS:1002038	1	1	not available	not available	NT=Carbamidomethyl;AC=UNIMOD:4;TA=C;MT=Fixed	not available	not available	NT=['CBDPS', 'formaldehyde'];AC=[None, None];TA=['K,nterm', 'K,nterm']	strepavidin resin enrichment	not available	not available	not available	not available	MS190207_HCD_R14.raw	NT=ms-proteomics;VV=v1.1.0	NT=crosslinking;VV=v1.0.0
PXD034796_MS190207_CID_F17	Glycine max	nucleus	not available	6	PXD034796_MS190207_CID_F17_assay	proteomic profiling by mass spectrometry	data-dependent acquisition	NT=NT=dimethyl labeling;AC=MS:1002038	17	1	not available	not available	NT=Carbamidomethyl;AC=UNIMOD:4;TA=C;MT=Fixed	not available	not available	NT=['CBDPS', 'formaldehyde'];AC=[None, None];TA=['K,nterm', 'K,nterm']	strepavidin resin enrichment	not available	not available	not available	not available	MS190207_CID_F17.raw	NT=ms-proteomics;VV=v1.1.0	NT=crosslinking;VV=v1.0.0
PXD034796_MS181938_CID_R21	Glycine max	nucleus	not available	57	PXD034796_MS181938_CID_R21_assay	proteomic profiling by mass spectrometry	data-dependent acquisition	NT=NT=dimethyl labeling;AC=MS:1002038	1	1	not available	not available	NT=Carbamidomethyl;AC=UNIMOD:4;TA=C;MT=Fixed	not available	not available	NT=['CBDPS', 'formaldehyde'];AC=[None, None];TA=['K,nterm', 'K,nterm']	strepavidin resin enrichment	not available	not available	not available	not available	MS181938_CID_R21.raw	NT=ms-proteomics;VV=v1.1.0	NT=crosslinking;VV=v1.0.0
PXD034796_MS181452_R8_HCD	Glycine max	nucleus	not available	58	PXD034796_MS181452_R8_HCD_assay	proteomic profiling by mass spectrometry	data-dependent acquisition	NT=NT=dimethyl labeling;AC=MS:1002038	1	1	not available	not available	NT=Carbamidomethyl;AC=UNIMOD:4;TA=C;MT=Fixed	not available	not available	NT=['CBDPS', 'formaldehyde'];AC=[None, None];TA=['K,nterm', 'K,nterm']	strepavidin resin enrichment	not available	not available	not available	not available	MS181452_R8_HCD.raw	NT=ms-proteomics;VV=v1.1.0	NT=crosslinking;VV=v1.0.0
PXD034796_MS190207_CID_R11	Glycine max	nucleus	not available	59	PXD034796_MS190207_CID_R11_assay	proteomic profiling by mass spectrometry	data-dependent acquisition	NT=NT=dimethyl labeling;AC=MS:1002038	1	1	not available	not available	NT=Carbamidomethyl;AC=UNIMOD:4;TA=C;MT=Fixed	not available	not available	NT=['CBDPS', 'formaldehyde'];AC=[None, None];TA=['K,nterm', 'K,nterm']	strepavidin resin enrichment	not available	not available	not available	not available	MS190207_CID_R11.raw	NT=ms-proteomics;VV=v1.1.0	NT=crosslinking;VV=v1.0.0
PXD034796_MS181452_F8_CID	Glycine max	nucleus	not available	3	PXD034796_MS181452_F8_CID_assay	proteomic profiling by mass spectrometry	data-dependent acquisition	NT=NT=dimethyl labeling;AC=MS:1002038	8	1	not available	not available	NT=Carbamidomethyl;AC=UNIMOD:4;TA=C;MT=Fixed	not available	not available	NT=['CBDPS', 'formaldehyde'];AC=[None, None];TA=['K,nterm', 'K,nterm']	strepavidin resin enrichment	not available	not available	not available	not available	MS181452_F8_CID.raw	NT=ms-proteomics;VV=v1.1.0	NT=crosslinking;VV=v1.0.0
PXD034796_MS181452_F15_HCD	Glycine max	nucleus	not available	3	PXD034796_MS181452_F15_HCD_assay	proteomic profiling by mass spectrometry	data-dependent acquisition	NT=NT=dimethyl labeling;AC=MS:1002038	15	1	not available	not available	NT=Carbamidomethyl;AC=UNIMOD:4;TA=C;MT=Fixed	not available	not available	NT=['CBDPS', 'formaldehyde'];AC=[None, None];TA=['K,nterm', 'K,nterm']	strepavidin resin enrichment	not available	not available	not available	not available	MS181452_F15_HCD.raw	NT=ms-proteomics;VV=v1.1.0	NT=crosslinking;VV=v1.0.0
PXD034796_MS192164_CID_F7	Glycine max	nucleus	not available	5	PXD034796_MS192164_CID_F7_assay	proteomic profiling by mass spectrometry	data-dependent acquisition	NT=NT=dimethyl labeling;AC=MS:1002038	7	1	not available	not available	NT=Carbamidomethyl;AC=UNIMOD:4;TA=C;MT=Fixed	not available	not available	NT=['CBDPS', 'formaldehyde'];AC=[None, None];TA=['K,nterm', 'K,nterm']	strepavidin resin enrichment	not available	not available	not available	not available	MS192164_CID_F7.raw	NT=ms-proteomics;VV=v1.1.0	NT=crosslinking;VV=v1.0.0
PXD034796_MS181452_R23_HCD	Glycine max	nucleus	not available	60	PXD034796_MS181452_R23_HCD_assay	proteomic profiling by mass spectrometry	data-dependent acquisition	NT=NT=dimethyl labeling;AC=MS:1002038	1	1	not available	not available	NT=Carbamidomethyl;AC=UNIMOD:4;TA=C;MT=Fixed	not available	not available	NT=['CBDPS', 'formaldehyde'];AC=[None, None];TA=['K,nterm', 'K,nterm']	strepavidin resin enrichment	not available	not available	not available	not available	MS181452_R23_HCD.raw	NT=ms-proteomics;VV=v1.1.0	NT=crosslinking;VV=v1.0.0
PXD034796_MS191404_HCD_R7	Glycine max	nucleus	not available	61	PXD034796_MS191404_HCD_R7_assay	proteomic profiling by mass spectrometry	data-dependent acquisition	NT=NT=dimethyl labeling;AC=MS:1002038	1	1	not available	not available	NT=Carbamidomethyl;AC=UNIMOD:4;TA=C;MT=Fixed	not available	not available	NT=['CBDPS', 'formaldehyde'];AC=[None, None];TA=['K,nterm', 'K,nterm']	strepavidin resin enrichment	not available	not available	not available	not available	MS191404_HCD_R7.raw	NT=ms-proteomics;VV=v1.1.0	NT=crosslinking;VV=v1.0.0
PXD034796_MS181452_R19_CID_20180926020631	Glycine max	nucleus	not available	62	PXD034796_MS181452_R19_CID_20180926020631_assay	proteomic profiling by mass spectrometry	data-dependent acquisition	NT=NT=dimethyl labeling;AC=MS:1002038	1	1	not available	not available	NT=Carbamidomethyl;AC=UNIMOD:4;TA=C;MT=Fixed	not available	not available	NT=['CBDPS', 'formaldehyde'];AC=[None, None];TA=['K,nterm', 'K,nterm']	strepavidin resin enrichment	not available	not available	not available	not available	MS181452_R19_CID_20180926020631.raw	NT=ms-proteomics;VV=v1.1.0	NT=crosslinking;VV=v1.0.0
PXD034796_MS191930_CID_F2	Glycine max	nucleus	not available	5	PXD034796_MS191930_CID_F2_assay	proteomic profiling by mass spectrometry	data-dependent acquisition	NT=NT=dimethyl labeling;AC=MS:1002038	2	1	not available	not available	NT=Carbamidomethyl;AC=UNIMOD:4;TA=C;MT=Fixed	not available	not available	NT=['CBDPS', 'formaldehyde'];AC=[None, None];TA=['K,nterm', 'K,nterm']	strepavidin resin enrichment	not available	not available	not available	not available	MS191930_CID_F2.raw	NT=ms-proteomics;VV=v1.1.0	NT=crosslinking;VV=v1.0.0
PXD034796_MS191930_CID_F12	Glycine max	nucleus	not available	4	PXD034796_MS191930_CID_F12_assay	proteomic profiling by mass spectrometry	data-dependent acquisition	NT=NT=dimethyl labeling;AC=MS:1002038	12	1	not available	not available	NT=Carbamidomethyl;AC=UNIMOD:4;TA=C;MT=Fixed	not available	not available	NT=['CBDPS', 'formaldehyde'];AC=[None, None];TA=['K,nterm', 'K,nterm']	strepavidin resin enrichment	not available	not available	not available	not available	MS191930_CID_F12.raw	NT=ms-proteomics;VV=v1.1.0	NT=crosslinking;VV=v1.0.0
PXD034796_MS191404_CID_R11	Glycine max	nucleus	not available	63	PXD034796_MS191404_CID_R11_assay	proteomic profiling by mass spectrometry	data-dependent acquisition	NT=NT=dimethyl labeling;AC=MS:1002038	1	1	not available	not available	NT=Carbamidomethyl;AC=UNIMOD:4;TA=C;MT=Fixed	not available	not available	NT=['CBDPS', 'formaldehyde'];AC=[None, None];TA=['K,nterm', 'K,nterm']	strepavidin resin enrichment	not available	not available	not available	not available	MS191404_CID_R11.raw	NT=ms-proteomics;VV=v1.1.0	NT=crosslinking;VV=v1.0.0
PXD034796_MS181938_CID_R4	Glycine max	nucleus	not available	64	PXD034796_MS181938_CID_R4_assay	proteomic profiling by mass spectrometry	data-dependent acquisition	NT=NT=dimethyl labeling;AC=MS:1002038	1	1	not available	not available	NT=Carbamidomethyl;AC=UNIMOD:4;TA=C;MT=Fixed	not available	not available	NT=['CBDPS', 'formaldehyde'];AC=[None, None];TA=['K,nterm', 'K,nterm']	strepavidin resin enrichment	not available	not available	not available	not available	MS181938_CID_R4.raw	NT=ms-proteomics;VV=v1.1.0	NT=crosslinking;VV=v1.0.0
PXD034796_MS192164_HCD_R13	Glycine max	nucleus	not available	65	PXD034796_MS192164_HCD_R13_assay	proteomic profiling by mass spectrometry	data-dependent acquisition	NT=NT=dimethyl labeling;AC=MS:1002038	1	1	not available	not available	NT=Carbamidomethyl;AC=UNIMOD:4;TA=C;MT=Fixed	not available	not available	NT=['CBDPS', 'formaldehyde'];AC=[None, None];TA=['K,nterm', 'K,nterm']	strepavidin resin enrichment	not available	not available	not available	not available	MS192164_HCD_R13.raw	NT=ms-proteomics;VV=v1.1.0	NT=crosslinking;VV=v1.0.0
PXD034796_MS190207_HCD_R12	Glycine max	nucleus	not available	66	PXD034796_MS190207_HCD_R12_assay	proteomic profiling by mass spectrometry	data-dependent acquisition	NT=NT=dimethyl labeling;AC=MS:1002038	1	1	not available	not available	NT=Carbamidomethyl;AC=UNIMOD:4;TA=C;MT=Fixed	not available	not available	NT=['CBDPS', 'formaldehyde'];AC=[None, None];TA=['K,nterm', 'K,nterm']	strepavidin resin enrichment	not available	not available	not available	not available	MS190207_HCD_R12.raw	NT=ms-proteomics;VV=v1.1.0	NT=crosslinking;VV=v1.0.0
PXD034796_MS181938_CID_F4	Glycine max	nucleus	not available	5	PXD034796_MS181938_CID_F4_assay	proteomic profiling by mass spectrometry	data-dependent acquisition	NT=NT=dimethyl labeling;AC=MS:1002038	4	1	not available	not available	NT=Carbamidomethyl;AC=UNIMOD:4;TA=C;MT=Fixed	not available	not available	NT=['CBDPS', 'formaldehyde'];AC=[None, None];TA=['K,nterm', 'K,nterm']	strepavidin resin enrichment	not available	not available	not available	not available	MS181938_CID_F4.raw	NT=ms-proteomics;VV=v1.1.0	NT=crosslinking;VV=v1.0.0
PXD034796_MS190207_HCD_R7	Glycine max	nucleus	not available	67	PXD034796_MS190207_HCD_R7_assay	proteomic profiling by mass spectrometry	data-dependent acquisition	NT=NT=dimethyl labeling;AC=MS:1002038	1	1	not available	not available	NT=Carbamidomethyl;AC=UNIMOD:4;TA=C;MT=Fixed	not available	not available	NT=['CBDPS', 'formaldehyde'];AC=[None, None];TA=['K,nterm', 'K,nterm']	strepavidin resin enrichment	not available	not available	not available	not available	MS190207_HCD_R7.raw	NT=ms-proteomics;VV=v1.1.0	NT=crosslinking;VV=v1.0.0
PXD034796_MS181938_CID_F1	Glycine max	nucleus	not available	68	PXD034796_MS181938_CID_F1_assay	proteomic profiling by mass spectrometry	data-dependent acquisition	NT=NT=dimethyl labeling;AC=MS:1002038	1	1	not available	not available	NT=Carbamidomethyl;AC=UNIMOD:4;TA=C;MT=Fixed	not available	not available	NT=['CBDPS', 'formaldehyde'];AC=[None, None];TA=['K,nterm', 'K,nterm']	strepavidin resin enrichment	not available	not available	not available	not available	MS181938_CID_F1.raw	NT=ms-proteomics;VV=v1.1.0	NT=crosslinking;VV=v1.0.0
PXD034796_MS181938_CID_F18	Glycine max	nucleus	not available	4	PXD034796_MS181938_CID_F18_assay	proteomic profiling by mass spectrometry	data-dependent acquisition	NT=NT=dimethyl labeling;AC=MS:1002038	18	1	not available	not available	NT=Carbamidomethyl;AC=UNIMOD:4;TA=C;MT=Fixed	not available	not available	NT=['CBDPS', 'formaldehyde'];AC=[None, None];TA=['K,nterm', 'K,nterm']	strepavidin resin enrichment	not available	not available	not available	not available	MS181938_CID_F18.raw	NT=ms-proteomics;VV=v1.1.0	NT=crosslinking;VV=v1.0.0
PXD034796_MS191404_HCD_R9	Glycine max	nucleus	not available	69	PXD034796_MS191404_HCD_R9_assay	proteomic profiling by mass spectrometry	data-dependent acquisition	NT=NT=dimethyl labeling;AC=MS:1002038	1	1	not available	not available	NT=Carbamidomethyl;AC=UNIMOD:4;TA=C;MT=Fixed	not available	not available	NT=['CBDPS', 'formaldehyde'];AC=[None, None];TA=['K,nterm', 'K,nterm']	strepavidin resin enrichment	not available	not available	not available	not available	MS191404_HCD_R9.raw	NT=ms-proteomics;VV=v1.1.0	NT=crosslinking;VV=v1.0.0
PXD034796_MS191404_HCD_F3	Glycine max	nucleus	not available	1	PXD034796_MS191404_HCD_F3_assay	proteomic profiling by mass spectrometry	data-dependent acquisition	NT=NT=dimethyl labeling;AC=MS:1002038	3	1	not available	not available	NT=Carbamidomethyl;AC=UNIMOD:4;TA=C;MT=Fixed	not available	not available	NT=['CBDPS', 'formaldehyde'];AC=[None, None];TA=['K,nterm', 'K,nterm']	strepavidin resin enrichment	not available	not available	not available	not available	MS191404_HCD_F3.raw	NT=ms-proteomics;VV=v1.1.0	NT=crosslinking;VV=v1.0.0
PXD034796_MS191404_HCD_F16	Glycine max	nucleus	not available	3	PXD034796_MS191404_HCD_F16_assay	proteomic profiling by mass spectrometry	data-dependent acquisition	NT=NT=dimethyl labeling;AC=MS:1002038	16	1	not available	not available	NT=Carbamidomethyl;AC=UNIMOD:4;TA=C;MT=Fixed	not available	not available	NT=['CBDPS', 'formaldehyde'];AC=[None, None];TA=['K,nterm', 'K,nterm']	strepavidin resin enrichment	not available	not available	not available	not available	MS191404_HCD_F16.raw	NT=ms-proteomics;VV=v1.1.0	NT=crosslinking;VV=v1.0.0
PXD034796_MS181938_CID_R18	Glycine max	nucleus	not available	70	PXD034796_MS181938_CID_R18_assay	proteomic profiling by mass spectrometry	data-dependent acquisition	NT=NT=dimethyl labeling;AC=MS:1002038	1	1	not available	not available	NT=Carbamidomethyl;AC=UNIMOD:4;TA=C;MT=Fixed	not available	not available	NT=['CBDPS', 'formaldehyde'];AC=[None, None];TA=['K,nterm', 'K,nterm']	strepavidin resin enrichment	not available	not available	not available	not available	MS181938_CID_R18.raw	NT=ms-proteomics;VV=v1.1.0	NT=crosslinking;VV=v1.0.0
PXD034796_MS191930_HCD_F10	Glycine max	nucleus	not available	3	PXD034796_MS191930_HCD_F10_assay	proteomic profiling by mass spectrometry	data-dependent acquisition	NT=NT=dimethyl labeling;AC=MS:1002038	10	1	not available	not available	NT=Carbamidomethyl;AC=UNIMOD:4;TA=C;MT=Fixed	not available	not available	NT=['CBDPS', 'formaldehyde'];AC=[None, None];TA=['K,nterm', 'K,nterm']	strepavidin resin enrichment	not available	not available	not available	not available	MS191930_HCD_F10.raw	NT=ms-proteomics;VV=v1.1.0	NT=crosslinking;VV=v1.0.0
PXD034796_MS181938_CID_R12	Glycine max	nucleus	not available	71	PXD034796_MS181938_CID_R12_assay	proteomic profiling by mass spectrometry	data-dependent acquisition	NT=NT=dimethyl labeling;AC=MS:1002038	1	1	not available	not available	NT=Carbamidomethyl;AC=UNIMOD:4;TA=C;MT=Fixed	not available	not available	NT=['CBDPS', 'formaldehyde'];AC=[None, None];TA=['K,nterm', 'K,nterm']	strepavidin resin enrichment	not available	not available	not available	not available	MS181938_CID_R12.raw	NT=ms-proteomics;VV=v1.1.0	NT=crosslinking;VV=v1.0.0
PXD034796_MS191930_HCD_R7	Glycine max	nucleus	not available	72	PXD034796_MS191930_HCD_R7_assay	proteomic profiling by mass spectrometry	data-dependent acquisition	NT=NT=dimethyl labeling;AC=MS:1002038	1	1	not available	not available	NT=Carbamidomethyl;AC=UNIMOD:4;TA=C;MT=Fixed	not available	not available	NT=['CBDPS', 'formaldehyde'];AC=[None, None];TA=['K,nterm', 'K,nterm']	strepavidin resin enrichment	not available	not available	not available	not available	MS191930_HCD_R7.raw	NT=ms-proteomics;VV=v1.1.0	NT=crosslinking;VV=v1.0.0
PXD034796_MS191930_CID_R6	Glycine max	nucleus	not available	73	PXD034796_MS191930_CID_R6_assay	proteomic profiling by mass spectrometry	data-dependent acquisition	NT=NT=dimethyl labeling;AC=MS:1002038	1	1	not available	not available	NT=Carbamidomethyl;AC=UNIMOD:4;TA=C;MT=Fixed	not available	not available	NT=['CBDPS', 'formaldehyde'];AC=[None, None];TA=['K,nterm', 'K,nterm']	strepavidin resin enrichment	not available	not available	not available	not available	MS191930_CID_R6.raw	NT=ms-proteomics;VV=v1.1.0	NT=crosslinking;VV=v1.0.0
PXD034796_MS181452_R22_HCD	Glycine max	nucleus	not available	74	PXD034796_MS181452_R22_HCD_assay	proteomic profiling by mass spectrometry	data-dependent acquisition	NT=NT=dimethyl labeling;AC=MS:1002038	1	1	not available	not available	NT=Carbamidomethyl;AC=UNIMOD:4;TA=C;MT=Fixed	not available	not available	NT=['CBDPS', 'formaldehyde'];AC=[None, None];TA=['K,nterm', 'K,nterm']	strepavidin resin enrichment	not available	not available	not available	not available	MS181452_R22_HCD.raw	NT=ms-proteomics;VV=v1.1.0	NT=crosslinking;VV=v1.0.0
PXD034796_MS181452_F1_CID	Glycine max	nucleus	not available	75	PXD034796_MS181452_F1_CID_assay	proteomic profiling by mass spectrometry	data-dependent acquisition	NT=NT=dimethyl labeling;AC=MS:1002038	1	1	not available	not available	NT=Carbamidomethyl;AC=UNIMOD:4;TA=C;MT=Fixed	not available	not available	NT=['CBDPS', 'formaldehyde'];AC=[None, None];TA=['K,nterm', 'K,nterm']	strepavidin resin enrichment	not available	not available	not available	not available	MS181452_F1_CID.raw	NT=ms-proteomics;VV=v1.1.0	NT=crosslinking;VV=v1.0.0
PXD034796_MS191404_CID_F4	Glycine max	nucleus	not available	6	PXD034796_MS191404_CID_F4_assay	proteomic profiling by mass spectrometry	data-dependent acquisition	NT=NT=dimethyl labeling;AC=MS:1002038	4	1	not available	not available	NT=Carbamidomethyl;AC=UNIMOD:4;TA=C;MT=Fixed	not available	not available	NT=['CBDPS', 'formaldehyde'];AC=[None, None];TA=['K,nterm', 'K,nterm']	strepavidin resin enrichment	not available	not available	not available	not available	MS191404_CID_F4.raw	NT=ms-proteomics;VV=v1.1.0	NT=crosslinking;VV=v1.0.0
PXD034796_MS181938_CID_R17	Glycine max	nucleus	not available	76	PXD034796_MS181938_CID_R17_assay	proteomic profiling by mass spectrometry	data-dependent acquisition	NT=NT=dimethyl labeling;AC=MS:1002038	1	1	not available	not available	NT=Carbamidomethyl;AC=UNIMOD:4;TA=C;MT=Fixed	not available	not available	NT=['CBDPS', 'formaldehyde'];AC=[None, None];TA=['K,nterm', 'K,nterm']	strepavidin resin enrichment	not available	not available	not available	not available	MS181938_CID_R17.raw	NT=ms-proteomics;VV=v1.1.0	NT=crosslinking;VV=v1.0.0
PXD034796_MS181938_HCD_R8	Glycine max	nucleus	not available	77	PXD034796_MS181938_HCD_R8_assay	proteomic profiling by mass spectrometry	data-dependent acquisition	NT=NT=dimethyl labeling;AC=MS:1002038	1	1	not available	not available	NT=Carbamidomethyl;AC=UNIMOD:4;TA=C;MT=Fixed	not available	not available	NT=['CBDPS', 'formaldehyde'];AC=[None, None];TA=['K,nterm', 'K,nterm']	strepavidin resin enrichment	not available	not available	not available	not available	MS181938_HCD_R8.raw	NT=ms-proteomics;VV=v1.1.0	NT=crosslinking;VV=v1.0.0
PXD034796_MS191404_HCD_F18	Glycine max	nucleus	not available	5	PXD034796_MS191404_HCD_F18_assay	proteomic profiling by mass spectrometry	data-dependent acquisition	NT=NT=dimethyl labeling;AC=MS:1002038	18	1	not available	not available	NT=Carbamidomethyl;AC=UNIMOD:4;TA=C;MT=Fixed	not available	not available	NT=['CBDPS', 'formaldehyde'];AC=[None, None];TA=['K,nterm', 'K,nterm']	strepavidin resin enrichment	not available	not available	not available	not available	MS191404_HCD_F18.raw	NT=ms-proteomics;VV=v1.1.0	NT=crosslinking;VV=v1.0.0
PXD034796_MS190207_CID_R6	Glycine max	nucleus	not available	78	PXD034796_MS190207_CID_R6_assay	proteomic profiling by mass spectrometry	data-dependent acquisition	NT=NT=dimethyl labeling;AC=MS:1002038	1	1	not available	not available	NT=Carbamidomethyl;AC=UNIMOD:4;TA=C;MT=Fixed	not available	not available	NT=['CBDPS', 'formaldehyde'];AC=[None, None];TA=['K,nterm', 'K,nterm']	strepavidin resin enrichment	not available	not available	not available	not available	MS190207_CID_R6.raw	NT=ms-proteomics;VV=v1.1.0	NT=crosslinking;VV=v1.0.0
PXD034796_MS181452_F7_CID	Glycine max	nucleus	not available	6	PXD034796_MS181452_F7_CID_assay	proteomic profiling by mass spectrometry	data-dependent acquisition	NT=NT=dimethyl labeling;AC=MS:1002038	7	1	not available	not available	NT=Carbamidomethyl;AC=UNIMOD:4;TA=C;MT=Fixed	not available	not available	NT=['CBDPS', 'formaldehyde'];AC=[None, None];TA=['K,nterm', 'K,nterm']	strepavidin resin enrichment	not available	not available	not available	not available	MS181452_F7_CID.raw	NT=ms-proteomics;VV=v1.1.0	NT=crosslinking;VV=v1.0.0
PXD034796_MS181452_F11_HCD	Glycine max	nucleus	not available	6	PXD034796_MS181452_F11_HCD_assay	proteomic profiling by mass spectrometry	data-dependent acquisition	NT=NT=dimethyl labeling;AC=MS:1002038	11	1	not available	not available	NT=Carbamidomethyl;AC=UNIMOD:4;TA=C;MT=Fixed	not available	not available	NT=['CBDPS', 'formaldehyde'];AC=[None, None];TA=['K,nterm', 'K,nterm']	strepavidin resin enrichment	not available	not available	not available	not available	MS181452_F11_HCD.raw	NT=ms-proteomics;VV=v1.1.0	NT=crosslinking;VV=v1.0.0
PXD034796_MS181452_R18_CID	Glycine max	nucleus	not available	79	PXD034796_MS181452_R18_CID_assay	proteomic profiling by mass spectrometry	data-dependent acquisition	NT=NT=dimethyl labeling;AC=MS:1002038	1	1	not available	not available	NT=Carbamidomethyl;AC=UNIMOD:4;TA=C;MT=Fixed	not available	not available	NT=['CBDPS', 'formaldehyde'];AC=[None, None];TA=['K,nterm', 'K,nterm']	strepavidin resin enrichment	not available	not available	not available	not available	MS181452_R18_CID.raw	NT=ms-proteomics;VV=v1.1.0	NT=crosslinking;VV=v1.0.0
PXD034796_MS191930_HCD_R20	Glycine max	nucleus	not available	80	PXD034796_MS191930_HCD_R20_assay	proteomic profiling by mass spectrometry	data-dependent acquisition	NT=NT=dimethyl labeling;AC=MS:1002038	1	1	not available	not available	NT=Carbamidomethyl;AC=UNIMOD:4;TA=C;MT=Fixed	not available	not available	NT=['CBDPS', 'formaldehyde'];AC=[None, None];TA=['K,nterm', 'K,nterm']	strepavidin resin enrichment	not available	not available	not available	not available	MS191930_HCD_R20.raw	NT=ms-proteomics;VV=v1.1.0	NT=crosslinking;VV=v1.0.0
PXD034796_MS192164_CID_F3	Glycine max	nucleus	not available	2	PXD034796_MS192164_CID_F3_assay	proteomic profiling by mass spectrometry	data-dependent acquisition	NT=NT=dimethyl labeling;AC=MS:1002038	3	1	not available	not available	NT=Carbamidomethyl;AC=UNIMOD:4;TA=C;MT=Fixed	not available	not available	NT=['CBDPS', 'formaldehyde'];AC=[None, None];TA=['K,nterm', 'K,nterm']	strepavidin resin enrichment	not available	not available	not available	not available	MS192164_CID_F3.raw	NT=ms-proteomics;VV=v1.1.0	NT=crosslinking;VV=v1.0.0
PXD034796_MS181452_F3_HCD	Glycine max	nucleus	not available	3	PXD034796_MS181452_F3_HCD_assay	proteomic profiling by mass spectrometry	data-dependent acquisition	NT=NT=dimethyl labeling;AC=MS:1002038	3	1	not available	not available	NT=Carbamidomethyl;AC=UNIMOD:4;TA=C;MT=Fixed	not available	not available	NT=['CBDPS', 'formaldehyde'];AC=[None, None];TA=['K,nterm', 'K,nterm']	strepavidin resin enrichment	not available	not available	not available	not available	MS181452_F3_HCD.raw	NT=ms-proteomics;VV=v1.1.0	NT=crosslinking;VV=v1.0.0
PXD034796_MS192164_HCD_F3	Glycine max	nucleus	not available	4	PXD034796_MS192164_HCD_F3_assay	proteomic profiling by mass spectrometry	data-dependent acquisition	NT=NT=dimethyl labeling;AC=MS:1002038	3	1	not available	not available	NT=Carbamidomethyl;AC=UNIMOD:4;TA=C;MT=Fixed	not available	not available	NT=['CBDPS', 'formaldehyde'];AC=[None, None];TA=['K,nterm', 'K,nterm']	strepavidin resin enrichment	not available	not available	not available	not available	MS192164_HCD_F3.raw	NT=ms-proteomics;VV=v1.1.0	NT=crosslinking;VV=v1.0.0
PXD034796_MS192164_CID_R19	Glycine max	nucleus	not available	81	PXD034796_MS192164_CID_R19_assay	proteomic profiling by mass spectrometry	data-dependent acquisition	NT=NT=dimethyl labeling;AC=MS:1002038	1	1	not available	not available	NT=Carbamidomethyl;AC=UNIMOD:4;TA=C;MT=Fixed	not available	not available	NT=['CBDPS', 'formaldehyde'];AC=[None, None];TA=['K,nterm', 'K,nterm']	strepavidin resin enrichment	not available	not available	not available	not available	MS192164_CID_R19.raw	NT=ms-proteomics;VV=v1.1.0	NT=crosslinking;VV=v1.0.0
PXD034796_MS181452_R4_CID	Glycine max	nucleus	not available	82	PXD034796_MS181452_R4_CID_assay	proteomic profiling by mass spectrometry	data-dependent acquisition	NT=NT=dimethyl labeling;AC=MS:1002038	1	1	not available	not available	NT=Carbamidomethyl;AC=UNIMOD:4;TA=C;MT=Fixed	not available	not available	NT=['CBDPS', 'formaldehyde'];AC=[None, None];TA=['K,nterm', 'K,nterm']	strepavidin resin enrichment	not available	not available	not available	not available	MS181452_R4_CID.raw	NT=ms-proteomics;VV=v1.1.0	NT=crosslinking;VV=v1.0.0
PXD034796_MS190207_HCD_F9	Glycine max	nucleus	not available	3	PXD034796_MS190207_HCD_F9_assay	proteomic profiling by mass spectrometry	data-dependent acquisition	NT=NT=dimethyl labeling;AC=MS:1002038	9	1	not available	not available	NT=Carbamidomethyl;AC=UNIMOD:4;TA=C;MT=Fixed	not available	not available	NT=['CBDPS', 'formaldehyde'];AC=[None, None];TA=['K,nterm', 'K,nterm']	strepavidin resin enrichment	not available	not available	not available	not available	MS190207_HCD_F9.raw	NT=ms-proteomics;VV=v1.1.0	NT=crosslinking;VV=v1.0.0
PXD034796_MS192164_CID_F10	Glycine max	nucleus	not available	4	PXD034796_MS192164_CID_F10_assay	proteomic profiling by mass spectrometry	data-dependent acquisition	NT=NT=dimethyl labeling;AC=MS:1002038	10	1	not available	not available	NT=Carbamidomethyl;AC=UNIMOD:4;TA=C;MT=Fixed	not available	not available	NT=['CBDPS', 'formaldehyde'];AC=[None, None];TA=['K,nterm', 'K,nterm']	strepavidin resin enrichment	not available	not available	not available	not available	MS192164_CID_F10.raw	NT=ms-proteomics;VV=v1.1.0	NT=crosslinking;VV=v1.0.0
PXD034796_MS191930_HCD_F4	Glycine max	nucleus	not available	7	PXD034796_MS191930_HCD_F4_assay	proteomic profiling by mass spectrometry	data-dependent acquisition	NT=NT=dimethyl labeling;AC=MS:1002038	4	1	not available	not available	NT=Carbamidomethyl;AC=UNIMOD:4;TA=C;MT=Fixed	not available	not available	NT=['CBDPS', 'formaldehyde'];AC=[None, None];TA=['K,nterm', 'K,nterm']	strepavidin resin enrichment	not available	not available	not available	not available	MS191930_HCD_F4.raw	NT=ms-proteomics;VV=v1.1.0	NT=crosslinking;VV=v1.0.0
PXD034796_MS191930_CID_F4	Glycine max	nucleus	not available	8	PXD034796_MS191930_CID_F4_assay	proteomic profiling by mass spectrometry	data-dependent acquisition	NT=NT=dimethyl labeling;AC=MS:1002038	4	1	not available	not available	NT=Carbamidomethyl;AC=UNIMOD:4;TA=C;MT=Fixed	not available	not available	NT=['CBDPS', 'formaldehyde'];AC=[None, None];TA=['K,nterm', 'K,nterm']	strepavidin resin enrichment	not available	not available	not available	not available	MS191930_CID_F4.raw	NT=ms-proteomics;VV=v1.1.0	NT=crosslinking;VV=v1.0.0
PXD034796_MS190207_HCD_F13	Glycine max	nucleus	not available	3	PXD034796_MS190207_HCD_F13_assay	proteomic profiling by mass spectrometry	data-dependent acquisition	NT=NT=dimethyl labeling;AC=MS:1002038	13	1	not available	not available	NT=Carbamidomethyl;AC=UNIMOD:4;TA=C;MT=Fixed	not available	not available	NT=['CBDPS', 'formaldehyde'];AC=[None, None];TA=['K,nterm', 'K,nterm']	strepavidin resin enrichment	not available	not available	not available	not available	MS190207_HCD_F13.raw	NT=ms-proteomics;VV=v1.1.0	NT=crosslinking;VV=v1.0.0
PXD034796_MS191404_CID_R5	Glycine max	nucleus	not available	83	PXD034796_MS191404_CID_R5_assay	proteomic profiling by mass spectrometry	data-dependent acquisition	NT=NT=dimethyl labeling;AC=MS:1002038	1	1	not available	not available	NT=Carbamidomethyl;AC=UNIMOD:4;TA=C;MT=Fixed	not available	not available	NT=['CBDPS', 'formaldehyde'];AC=[None, None];TA=['K,nterm', 'K,nterm']	strepavidin resin enrichment	not available	not available	not available	not available	MS191404_CID_R5.raw	NT=ms-proteomics;VV=v1.1.0	NT=crosslinking;VV=v1.0.0
PXD034796_MS181938_HCD_F8	Glycine max	nucleus	not available	4	PXD034796_MS181938_HCD_F8_assay	proteomic profiling by mass spectrometry	data-dependent acquisition	NT=NT=dimethyl labeling;AC=MS:1002038	8	1	not available	not available	NT=Carbamidomethyl;AC=UNIMOD:4;TA=C;MT=Fixed	not available	not available	NT=['CBDPS', 'formaldehyde'];AC=[None, None];TA=['K,nterm', 'K,nterm']	strepavidin resin enrichment	not available	not available	not available	not available	MS181938_HCD_F8.raw	NT=ms-proteomics;VV=v1.1.0	NT=crosslinking;VV=v1.0.0
PXD034796_MS192164_HCD_R16	Glycine max	nucleus	not available	84	PXD034796_MS192164_HCD_R16_assay	proteomic profiling by mass spectrometry	data-dependent acquisition	NT=NT=dimethyl labeling;AC=MS:1002038	1	1	not available	not available	NT=Carbamidomethyl;AC=UNIMOD:4;TA=C;MT=Fixed	not available	not available	NT=['CBDPS', 'formaldehyde'];AC=[None, None];TA=['K,nterm', 'K,nterm']	strepavidin resin enrichment	not available	not available	not available	not available	MS192164_HCD_R16.raw	NT=ms-proteomics;VV=v1.1.0	NT=crosslinking;VV=v1.0.0
PXD034796_MS191930_CID_F8	Glycine max	nucleus	not available	5	PXD034796_MS191930_CID_F8_assay	proteomic profiling by mass spectrometry	data-dependent acquisition	NT=NT=dimethyl labeling;AC=MS:1002038	8	1	not available	not available	NT=Carbamidomethyl;AC=UNIMOD:4;TA=C;MT=Fixed	not available	not available	NT=['CBDPS', 'formaldehyde'];AC=[None, None];TA=['K,nterm', 'K,nterm']	strepavidin resin enrichment	not available	not available	not available	not available	MS191930_CID_F8.raw	NT=ms-proteomics;VV=v1.1.0	NT=crosslinking;VV=v1.0.0
PXD034796_MS191930_CID_R3	Glycine max	nucleus	not available	85	PXD034796_MS191930_CID_R3_assay	proteomic profiling by mass spectrometry	data-dependent acquisition	NT=NT=dimethyl labeling;AC=MS:1002038	1	1	not available	not available	NT=Carbamidomethyl;AC=UNIMOD:4;TA=C;MT=Fixed	not available	not available	NT=['CBDPS', 'formaldehyde'];AC=[None, None];TA=['K,nterm', 'K,nterm']	strepavidin resin enrichment	not available	not available	not available	not available	MS191930_CID_R3.raw	NT=ms-proteomics;VV=v1.1.0	NT=crosslinking;VV=v1.0.0
PXD034796_MS191930_HCD_R3	Glycine max	nucleus	not available	86	PXD034796_MS191930_HCD_R3_assay	proteomic profiling by mass spectrometry	data-dependent acquisition	NT=NT=dimethyl labeling;AC=MS:1002038	1	1	not available	not available	NT=Carbamidomethyl;AC=UNIMOD:4;TA=C;MT=Fixed	not available	not available	NT=['CBDPS', 'formaldehyde'];AC=[None, None];TA=['K,nterm', 'K,nterm']	strepavidin resin enrichment	not available	not available	not available	not available	MS191930_HCD_R3.raw	NT=ms-proteomics;VV=v1.1.0	NT=crosslinking;VV=v1.0.0
PXD034796_MS192164_HCD_R1	Glycine max	nucleus	not available	87	PXD034796_MS192164_HCD_R1_assay	proteomic profiling by mass spectrometry	data-dependent acquisition	NT=NT=dimethyl labeling;AC=MS:1002038	1	1	not available	not available	NT=Carbamidomethyl;AC=UNIMOD:4;TA=C;MT=Fixed	not available	not available	NT=['CBDPS', 'formaldehyde'];AC=[None, None];TA=['K,nterm', 'K,nterm']	strepavidin resin enrichment	not available	not available	not available	not available	MS192164_HCD_R1.raw	NT=ms-proteomics;VV=v1.1.0	NT=crosslinking;VV=v1.0.0
PXD034796_MS191930_HCD_R13	Glycine max	nucleus	not available	88	PXD034796_MS191930_HCD_R13_assay	proteomic profiling by mass spectrometry	data-dependent acquisition	NT=NT=dimethyl labeling;AC=MS:1002038	1	1	not available	not available	NT=Carbamidomethyl;AC=UNIMOD:4;TA=C;MT=Fixed	not available	not available	NT=['CBDPS', 'formaldehyde'];AC=[None, None];TA=['K,nterm', 'K,nterm']	strepavidin resin enrichment	not available	not available	not available	not available	MS191930_HCD_R13.raw	NT=ms-proteomics;VV=v1.1.0	NT=crosslinking;VV=v1.0.0
PXD034796_MS191930_HCD_F14	Glycine max	nucleus	not available	3	PXD034796_MS191930_HCD_F14_assay	proteomic profiling by mass spectrometry	data-dependent acquisition	NT=NT=dimethyl labeling;AC=MS:1002038	14	1	not available	not available	NT=Carbamidomethyl;AC=UNIMOD:4;TA=C;MT=Fixed	not available	not available	NT=['CBDPS', 'formaldehyde'];AC=[None, None];TA=['K,nterm', 'K,nterm']	strepavidin resin enrichment	not available	not available	not available	not available	MS191930_HCD_F14.raw	NT=ms-proteomics;VV=v1.1.0	NT=crosslinking;VV=v1.0.0
PXD034796_MS181452_F8_HCD	Glycine max	nucleus	not available	6	PXD034796_MS181452_F8_HCD_assay	proteomic profiling by mass spectrometry	data-dependent acquisition	NT=NT=dimethyl labeling;AC=MS:1002038	8	1	not available	not available	NT=Carbamidomethyl;AC=UNIMOD:4;TA=C;MT=Fixed	not available	not available	NT=['CBDPS', 'formaldehyde'];AC=[None, None];TA=['K,nterm', 'K,nterm']	strepavidin resin enrichment	not available	not available	not available	not available	MS181452_F8_HCD.raw	NT=ms-proteomics;VV=v1.1.0	NT=crosslinking;VV=v1.0.0
PXD034796_MS191930_HCD_F8	Glycine max	nucleus	not available	7	PXD034796_MS191930_HCD_F8_assay	proteomic profiling by mass spectrometry	data-dependent acquisition	NT=NT=dimethyl labeling;AC=MS:1002038	8	1	not available	not available	NT=Carbamidomethyl;AC=UNIMOD:4;TA=C;MT=Fixed	not available	not available	NT=['CBDPS', 'formaldehyde'];AC=[None, None];TA=['K,nterm', 'K,nterm']	strepavidin resin enrichment	not available	not available	not available	not available	MS191930_HCD_F8.raw	NT=ms-proteomics;VV=v1.1.0	NT=crosslinking;VV=v1.0.0
PXD034796_MS191930_CID_F16	Glycine max	nucleus	not available	4	PXD034796_MS191930_CID_F16_assay	proteomic profiling by mass spectrometry	data-dependent acquisition	NT=NT=dimethyl labeling;AC=MS:1002038	16	1	not available	not available	NT=Carbamidomethyl;AC=UNIMOD:4;TA=C;MT=Fixed	not available	not available	NT=['CBDPS', 'formaldehyde'];AC=[None, None];TA=['K,nterm', 'K,nterm']	strepavidin resin enrichment	not available	not available	not available	not available	MS191930_CID_F16.raw	NT=ms-proteomics;VV=v1.1.0	NT=crosslinking;VV=v1.0.0
PXD034796_MS191930_CID_F7	Glycine max	nucleus	not available	7	PXD034796_MS191930_CID_F7_assay	proteomic profiling by mass spectrometry	data-dependent acquisition	NT=NT=dimethyl labeling;AC=MS:1002038	7	1	not available	not available	NT=Carbamidomethyl;AC=UNIMOD:4;TA=C;MT=Fixed	not available	not available	NT=['CBDPS', 'formaldehyde'];AC=[None, None];TA=['K,nterm', 'K,nterm']	strepavidin resin enrichment	not available	not available	not available	not available	MS191930_CID_F7.raw	NT=ms-proteomics;VV=v1.1.0	NT=crosslinking;VV=v1.0.0
PXD034796_MS190207_HCD_R2	Glycine max	nucleus	not available	89	PXD034796_MS190207_HCD_R2_assay	proteomic profiling by mass spectrometry	data-dependent acquisition	NT=NT=dimethyl labeling;AC=MS:1002038	1	1	not available	not available	NT=Carbamidomethyl;AC=UNIMOD:4;TA=C;MT=Fixed	not available	not available	NT=['CBDPS', 'formaldehyde'];AC=[None, None];TA=['K,nterm', 'K,nterm']	strepavidin resin enrichment	not available	not available	not available	not available	MS190207_HCD_R2.raw	NT=ms-proteomics;VV=v1.1.0	NT=crosslinking;VV=v1.0.0
PXD034796_MS190207_HCD_F2	Glycine max	nucleus	not available	6	PXD034796_MS190207_HCD_F2_assay	proteomic profiling by mass spectrometry	data-dependent acquisition	NT=NT=dimethyl labeling;AC=MS:1002038	2	1	not available	not available	NT=Carbamidomethyl;AC=UNIMOD:4;TA=C;MT=Fixed	not available	not available	NT=['CBDPS', 'formaldehyde'];AC=[None, None];TA=['K,nterm', 'K,nterm']	strepavidin resin enrichment	not available	not available	not available	not available	MS190207_HCD_F2.raw	NT=ms-proteomics;VV=v1.1.0	NT=crosslinking;VV=v1.0.0
PXD034796_MS190207_HCD_F14	Glycine max	nucleus	not available	4	PXD034796_MS190207_HCD_F14_assay	proteomic profiling by mass spectrometry	data-dependent acquisition	NT=NT=dimethyl labeling;AC=MS:1002038	14	1	not available	not available	NT=Carbamidomethyl;AC=UNIMOD:4;TA=C;MT=Fixed	not available	not available	NT=['CBDPS', 'formaldehyde'];AC=[None, None];TA=['K,nterm', 'K,nterm']	strepavidin resin enrichment	not available	not available	not available	not available	MS190207_HCD_F14.raw	NT=ms-proteomics;VV=v1.1.0	NT=crosslinking;VV=v1.0.0
PXD034796_MS191404_HCD_R12	Glycine max	nucleus	not available	90	PXD034796_MS191404_HCD_R12_assay	proteomic profiling by mass spectrometry	data-dependent acquisition	NT=NT=dimethyl labeling;AC=MS:1002038	1	1	not available	not available	NT=Carbamidomethyl;AC=UNIMOD:4;TA=C;MT=Fixed	not available	not available	NT=['CBDPS', 'formaldehyde'];AC=[None, None];TA=['K,nterm', 'K,nterm']	strepavidin resin enrichment	not available	not available	not available	not available	MS191404_HCD_R12.raw	NT=ms-proteomics;VV=v1.1.0	NT=crosslinking;VV=v1.0.0
PXD034796_MS181452_F13_HCD	Glycine max	nucleus	not available	4	PXD034796_MS181452_F13_HCD_assay	proteomic profiling by mass spectrometry	data-dependent acquisition	NT=NT=dimethyl labeling;AC=MS:1002038	13	1	not available	not available	NT=Carbamidomethyl;AC=UNIMOD:4;TA=C;MT=Fixed	not available	not available	NT=['CBDPS', 'formaldehyde'];AC=[None, None];TA=['K,nterm', 'K,nterm']	strepavidin resin enrichment	not available	not available	not available	not available	MS181452_F13_HCD.raw	NT=ms-proteomics;VV=v1.1.0	NT=crosslinking;VV=v1.0.0
PXD034796_MS191404_CID_R12	Glycine max	nucleus	not available	91	PXD034796_MS191404_CID_R12_assay	proteomic profiling by mass spectrometry	data-dependent acquisition	NT=NT=dimethyl labeling;AC=MS:1002038	1	1	not available	not available	NT=Carbamidomethyl;AC=UNIMOD:4;TA=C;MT=Fixed	not available	not available	NT=['CBDPS', 'formaldehyde'];AC=[None, None];TA=['K,nterm', 'K,nterm']	strepavidin resin enrichment	not available	not available	not available	not available	MS191404_CID_R12.raw	NT=ms-proteomics;VV=v1.1.0	NT=crosslinking;VV=v1.0.0
PXD034796_MS190207_HCD_F12	Glycine max	nucleus	not available	5	PXD034796_MS190207_HCD_F12_assay	proteomic profiling by mass spectrometry	data-dependent acquisition	NT=NT=dimethyl labeling;AC=MS:1002038	12	1	not available	not available	NT=Carbamidomethyl;AC=UNIMOD:4;TA=C;MT=Fixed	not available	not available	NT=['CBDPS', 'formaldehyde'];AC=[None, None];TA=['K,nterm', 'K,nterm']	strepavidin resin enrichment	not available	not available	not available	not available	MS190207_HCD_F12.raw	NT=ms-proteomics;VV=v1.1.0	NT=crosslinking;VV=v1.0.0
PXD034796_MS191404_HCD_F15	Glycine max	nucleus	not available	4	PXD034796_MS191404_HCD_F15_assay	proteomic profiling by mass spectrometry	data-dependent acquisition	NT=NT=dimethyl labeling;AC=MS:1002038	15	1	not available	not available	NT=Carbamidomethyl;AC=UNIMOD:4;TA=C;MT=Fixed	not available	not available	NT=['CBDPS', 'formaldehyde'];AC=[None, None];TA=['K,nterm', 'K,nterm']	strepavidin resin enrichment	not available	not available	not available	not available	MS191404_HCD_F15.raw	NT=ms-proteomics;VV=v1.1.0	NT=crosslinking;VV=v1.0.0
PXD034796_MS191930_HCD_R4	Glycine max	nucleus	not available	92	PXD034796_MS191930_HCD_R4_assay	proteomic profiling by mass spectrometry	data-dependent acquisition	NT=NT=dimethyl labeling;AC=MS:1002038	1	1	not available	not available	NT=Carbamidomethyl;AC=UNIMOD:4;TA=C;MT=Fixed	not available	not available	NT=['CBDPS', 'formaldehyde'];AC=[None, None];TA=['K,nterm', 'K,nterm']	strepavidin resin enrichment	not available	not available	not available	not available	MS191930_HCD_R4.raw	NT=ms-proteomics;VV=v1.1.0	NT=crosslinking;VV=v1.0.0
PXD034796_MS191930_HCD_F18	Glycine max	nucleus	not available	6	PXD034796_MS191930_HCD_F18_assay	proteomic profiling by mass spectrometry	data-dependent acquisition	NT=NT=dimethyl labeling;AC=MS:1002038	18	1	not available	not available	NT=Carbamidomethyl;AC=UNIMOD:4;TA=C;MT=Fixed	not available	not available	NT=['CBDPS', 'formaldehyde'];AC=[None, None];TA=['K,nterm', 'K,nterm']	strepavidin resin enrichment	not available	not available	not available	not available	MS191930_HCD_F18.raw	NT=ms-proteomics;VV=v1.1.0	NT=crosslinking;VV=v1.0.0
PXD034796_MS191930_HCD_R12	Glycine max	nucleus	not available	93	PXD034796_MS191930_HCD_R12_assay	proteomic profiling by mass spectrometry	data-dependent acquisition	NT=NT=dimethyl labeling;AC=MS:1002038	1	1	not available	not available	NT=Carbamidomethyl;AC=UNIMOD:4;TA=C;MT=Fixed	not available	not available	NT=['CBDPS', 'formaldehyde'];AC=[None, None];TA=['K,nterm', 'K,nterm']	strepavidin resin enrichment	not available	not available	not available	not available	MS191930_HCD_R12.raw	NT=ms-proteomics;VV=v1.1.0	NT=crosslinking;VV=v1.0.0
PXD034796_MS181452_R14_CID	Glycine max	nucleus	not available	94	PXD034796_MS181452_R14_CID_assay	proteomic profiling by mass spectrometry	data-dependent acquisition	NT=NT=dimethyl labeling;AC=MS:1002038	1	1	not available	not available	NT=Carbamidomethyl;AC=UNIMOD:4;TA=C;MT=Fixed	not available	not available	NT=['CBDPS', 'formaldehyde'];AC=[None, None];TA=['K,nterm', 'K,nterm']	strepavidin resin enrichment	not available	not available	not available	not available	MS181452_R14_CID.raw	NT=ms-proteomics;VV=v1.1.0	NT=crosslinking;VV=v1.0.0
PXD034796_MS191930_CID_F3	Glycine max	nucleus	not available	5	PXD034796_MS191930_CID_F3_assay	proteomic profiling by mass spectrometry	data-dependent acquisition	NT=NT=dimethyl labeling;AC=MS:1002038	3	1	not available	not available	NT=Carbamidomethyl;AC=UNIMOD:4;TA=C;MT=Fixed	not available	not available	NT=['CBDPS', 'formaldehyde'];AC=[None, None];TA=['K,nterm', 'K,nterm']	strepavidin resin enrichment	not available	not available	not available	not available	MS191930_CID_F3.raw	NT=ms-proteomics;VV=v1.1.0	NT=crosslinking;VV=v1.0.0
PXD034796_MS191930_CID_F9	Glycine max	nucleus	not available	4	PXD034796_MS191930_CID_F9_assay	proteomic profiling by mass spectrometry	data-dependent acquisition	NT=NT=dimethyl labeling;AC=MS:1002038	9	1	not available	not available	NT=Carbamidomethyl;AC=UNIMOD:4;TA=C;MT=Fixed	not available	not available	NT=['CBDPS', 'formaldehyde'];AC=[None, None];TA=['K,nterm', 'K,nterm']	strepavidin resin enrichment	not available	not available	not available	not available	MS191930_CID_F9.raw	NT=ms-proteomics;VV=v1.1.0	NT=crosslinking;VV=v1.0.0
PXD034796_MS181938_HCD_R23	Glycine max	nucleus	not available	95	PXD034796_MS181938_HCD_R23_assay	proteomic profiling by mass spectrometry	data-dependent acquisition	NT=NT=dimethyl labeling;AC=MS:1002038	1	1	not available	not available	NT=Carbamidomethyl;AC=UNIMOD:4;TA=C;MT=Fixed	not available	not available	NT=['CBDPS', 'formaldehyde'];AC=[None, None];TA=['K,nterm', 'K,nterm']	strepavidin resin enrichment	not available	not available	not available	not available	MS181938_HCD_R23.raw	NT=ms-proteomics;VV=v1.1.0	NT=crosslinking;VV=v1.0.0
PXD034796_MS181938_HCD_F4	Glycine max	nucleus	not available	9	PXD034796_MS181938_HCD_F4_assay	proteomic profiling by mass spectrometry	data-dependent acquisition	NT=NT=dimethyl labeling;AC=MS:1002038	4	1	not available	not available	NT=Carbamidomethyl;AC=UNIMOD:4;TA=C;MT=Fixed	not available	not available	NT=['CBDPS', 'formaldehyde'];AC=[None, None];TA=['K,nterm', 'K,nterm']	strepavidin resin enrichment	not available	not available	not available	not available	MS181938_HCD_F4.raw	NT=ms-proteomics;VV=v1.1.0	NT=crosslinking;VV=v1.0.0
PXD034796_MS192164_HCD_R7	Glycine max	nucleus	not available	96	PXD034796_MS192164_HCD_R7_assay	proteomic profiling by mass spectrometry	data-dependent acquisition	NT=NT=dimethyl labeling;AC=MS:1002038	1	1	not available	not available	NT=Carbamidomethyl;AC=UNIMOD:4;TA=C;MT=Fixed	not available	not available	NT=['CBDPS', 'formaldehyde'];AC=[None, None];TA=['K,nterm', 'K,nterm']	strepavidin resin enrichment	not available	not available	not available	not available	MS192164_HCD_R7.raw	NT=ms-proteomics;VV=v1.1.0	NT=crosslinking;VV=v1.0.0
PXD034796_MS190207_HCD_R4	Glycine max	nucleus	not available	97	PXD034796_MS190207_HCD_R4_assay	proteomic profiling by mass spectrometry	data-dependent acquisition	NT=NT=dimethyl labeling;AC=MS:1002038	1	1	not available	not available	NT=Carbamidomethyl;AC=UNIMOD:4;TA=C;MT=Fixed	not available	not available	NT=['CBDPS', 'formaldehyde'];AC=[None, None];TA=['K,nterm', 'K,nterm']	strepavidin resin enrichment	not available	not available	not available	not available	MS190207_HCD_R4.raw	NT=ms-proteomics;VV=v1.1.0	NT=crosslinking;VV=v1.0.0
PXD034796_MS190207_CID_R12	Glycine max	nucleus	not available	98	PXD034796_MS190207_CID_R12_assay	proteomic profiling by mass spectrometry	data-dependent acquisition	NT=NT=dimethyl labeling;AC=MS:1002038	1	1	not available	not available	NT=Carbamidomethyl;AC=UNIMOD:4;TA=C;MT=Fixed	not available	not available	NT=['CBDPS', 'formaldehyde'];AC=[None, None];TA=['K,nterm', 'K,nterm']	strepavidin resin enrichment	not available	not available	not available	not available	MS190207_CID_R12.raw	NT=ms-proteomics;VV=v1.1.0	NT=crosslinking;VV=v1.0.0
PXD034796_MS181452_F6_HCD	Glycine max	nucleus	not available	3	PXD034796_MS181452_F6_HCD_assay	proteomic profiling by mass spectrometry	data-dependent acquisition	NT=NT=dimethyl labeling;AC=MS:1002038	6	1	not available	not available	NT=Carbamidomethyl;AC=UNIMOD:4;TA=C;MT=Fixed	not available	not available	NT=['CBDPS', 'formaldehyde'];AC=[None, None];TA=['K,nterm', 'K,nterm']	strepavidin resin enrichment	not available	not available	not available	not available	MS181452_F6_HCD.raw	NT=ms-proteomics;VV=v1.1.0	NT=crosslinking;VV=v1.0.0
PXD034796_MS191404_CID_R15	Glycine max	nucleus	not available	99	PXD034796_MS191404_CID_R15_assay	proteomic profiling by mass spectrometry	data-dependent acquisition	NT=NT=dimethyl labeling;AC=MS:1002038	1	1	not available	not available	NT=Carbamidomethyl;AC=UNIMOD:4;TA=C;MT=Fixed	not available	not available	NT=['CBDPS', 'formaldehyde'];AC=[None, None];TA=['K,nterm', 'K,nterm']	strepavidin resin enrichment	not available	not available	not available	not available	MS191404_CID_R15.raw	NT=ms-proteomics;VV=v1.1.0	NT=crosslinking;VV=v1.0.0
PXD034796_MS191930_HCD_R11	Glycine max	nucleus	not available	100	PXD034796_MS191930_HCD_R11_assay	proteomic profiling by mass spectrometry	data-dependent acquisition	NT=NT=dimethyl labeling;AC=MS:1002038	1	1	not available	not available	NT=Carbamidomethyl;AC=UNIMOD:4;TA=C;MT=Fixed	not available	not available	NT=['CBDPS', 'formaldehyde'];AC=[None, None];TA=['K,nterm', 'K,nterm']	strepavidin resin enrichment	not available	not available	not available	not available	MS191930_HCD_R11.raw	NT=ms-proteomics;VV=v1.1.0	NT=crosslinking;VV=v1.0.0
PXD034796_MS181938_CID_F13	Glycine max	nucleus	not available	5	PXD034796_MS181938_CID_F13_assay	proteomic profiling by mass spectrometry	data-dependent acquisition	NT=NT=dimethyl labeling;AC=MS:1002038	13	1	not available	not available	NT=Carbamidomethyl;AC=UNIMOD:4;TA=C;MT=Fixed	not available	not available	NT=['CBDPS', 'formaldehyde'];AC=[None, None];TA=['K,nterm', 'K,nterm']	strepavidin resin enrichment	not available	not available	not available	not available	MS181938_CID_F13.raw	NT=ms-proteomics;VV=v1.1.0	NT=crosslinking;VV=v1.0.0
PXD034796_MS181938_HCD_F2	Glycine max	nucleus	not available	7	PXD034796_MS181938_HCD_F2_assay	proteomic profiling by mass spectrometry	data-dependent acquisition	NT=NT=dimethyl labeling;AC=MS:1002038	2	1	not available	not available	NT=Carbamidomethyl;AC=UNIMOD:4;TA=C;MT=Fixed	not available	not available	NT=['CBDPS', 'formaldehyde'];AC=[None, None];TA=['K,nterm', 'K,nterm']	strepavidin resin enrichment	not available	not available	not available	not available	MS181938_HCD_F2.raw	NT=ms-proteomics;VV=v1.1.0	NT=crosslinking;VV=v1.0.0
PXD034796_MS181938_CID_R6	Glycine max	nucleus	not available	101	PXD034796_MS181938_CID_R6_assay	proteomic profiling by mass spectrometry	data-dependent acquisition	NT=NT=dimethyl labeling;AC=MS:1002038	1	1	not available	not available	NT=Carbamidomethyl;AC=UNIMOD:4;TA=C;MT=Fixed	not available	not available	NT=['CBDPS', 'formaldehyde'];AC=[None, None];TA=['K,nterm', 'K,nterm']	strepavidin resin enrichment	not available	not available	not available	not available	MS181938_CID_R6.raw	NT=ms-proteomics;VV=v1.1.0	NT=crosslinking;VV=v1.0.0
PXD034796_MS191930_HCD_R9	Glycine max	nucleus	not available	102	PXD034796_MS191930_HCD_R9_assay	proteomic profiling by mass spectrometry	data-dependent acquisition	NT=NT=dimethyl labeling;AC=MS:1002038	1	1	not available	not available	NT=Carbamidomethyl;AC=UNIMOD:4;TA=C;MT=Fixed	not available	not available	NT=['CBDPS', 'formaldehyde'];AC=[None, None];TA=['K,nterm', 'K,nterm']	strepavidin resin enrichment	not available	not available	not available	not available	MS191930_HCD_R9.raw	NT=ms-proteomics;VV=v1.1.0	NT=crosslinking;VV=v1.0.0
PXD034796_MS181938_HCD_R4	Glycine max	nucleus	not available	103	PXD034796_MS181938_HCD_R4_assay	proteomic profiling by mass spectrometry	data-dependent acquisition	NT=NT=dimethyl labeling;AC=MS:1002038	1	1	not available	not available	NT=Carbamidomethyl;AC=UNIMOD:4;TA=C;MT=Fixed	not available	not available	NT=['CBDPS', 'formaldehyde'];AC=[None, None];TA=['K,nterm', 'K,nterm']	strepavidin resin enrichment	not available	not available	not available	not available	MS181938_HCD_R4.raw	NT=ms-proteomics;VV=v1.1.0	NT=crosslinking;VV=v1.0.0
PXD034796_MS190207_CID_F14	Glycine max	nucleus	not available	5	PXD034796_MS190207_CID_F14_assay	proteomic profiling by mass spectrometry	data-dependent acquisition	NT=NT=dimethyl labeling;AC=MS:1002038	14	1	not available	not available	NT=Carbamidomethyl;AC=UNIMOD:4;TA=C;MT=Fixed	not available	not available	NT=['CBDPS', 'formaldehyde'];AC=[None, None];TA=['K,nterm', 'K,nterm']	strepavidin resin enrichment	not available	not available	not available	not available	MS190207_CID_F14.raw	NT=ms-proteomics;VV=v1.1.0	NT=crosslinking;VV=v1.0.0
PXD034796_MS192164_CID_R4	Glycine max	nucleus	not available	104	PXD034796_MS192164_CID_R4_assay	proteomic profiling by mass spectrometry	data-dependent acquisition	NT=NT=dimethyl labeling;AC=MS:1002038	1	1	not available	not available	NT=Carbamidomethyl;AC=UNIMOD:4;TA=C;MT=Fixed	not available	not available	NT=['CBDPS', 'formaldehyde'];AC=[None, None];TA=['K,nterm', 'K,nterm']	strepavidin resin enrichment	not available	not available	not available	not available	MS192164_CID_R4.raw	NT=ms-proteomics;VV=v1.1.0	NT=crosslinking;VV=v1.0.0
PXD034796_MS192164_CID_F6	Glycine max	nucleus	not available	4	PXD034796_MS192164_CID_F6_assay	proteomic profiling by mass spectrometry	data-dependent acquisition	NT=NT=dimethyl labeling;AC=MS:1002038	6	1	not available	not available	NT=Carbamidomethyl;AC=UNIMOD:4;TA=C;MT=Fixed	not available	not available	NT=['CBDPS', 'formaldehyde'];AC=[None, None];TA=['K,nterm', 'K,nterm']	strepavidin resin enrichment	not available	not available	not available	not available	MS192164_CID_F6.raw	NT=ms-proteomics;VV=v1.1.0	NT=crosslinking;VV=v1.0.0
PXD034796_MS181938_CID_F14	Glycine max	nucleus	not available	6	PXD034796_MS181938_CID_F14_assay	proteomic profiling by mass spectrometry	data-dependent acquisition	NT=NT=dimethyl labeling;AC=MS:1002038	14	1	not available	not available	NT=Carbamidomethyl;AC=UNIMOD:4;TA=C;MT=Fixed	not available	not available	NT=['CBDPS', 'formaldehyde'];AC=[None, None];TA=['K,nterm', 'K,nterm']	strepavidin resin enrichment	not available	not available	not available	not available	MS181938_CID_F14.raw	NT=ms-proteomics;VV=v1.1.0	NT=crosslinking;VV=v1.0.0
PXD034796_MS181938_HCD_R5	Glycine max	nucleus	not available	105	PXD034796_MS181938_HCD_R5_assay	proteomic profiling by mass spectrometry	data-dependent acquisition	NT=NT=dimethyl labeling;AC=MS:1002038	1	1	not available	not available	NT=Carbamidomethyl;AC=UNIMOD:4;TA=C;MT=Fixed	not available	not available	NT=['CBDPS', 'formaldehyde'];AC=[None, None];TA=['K,nterm', 'K,nterm']	strepavidin resin enrichment	not available	not available	not available	not available	MS181938_HCD_R5.raw	NT=ms-proteomics;VV=v1.1.0	NT=crosslinking;VV=v1.0.0
PXD034796_MS192164_CID_F14	Glycine max	nucleus	not available	7	PXD034796_MS192164_CID_F14_assay	proteomic profiling by mass spectrometry	data-dependent acquisition	NT=NT=dimethyl labeling;AC=MS:1002038	14	1	not available	not available	NT=Carbamidomethyl;AC=UNIMOD:4;TA=C;MT=Fixed	not available	not available	NT=['CBDPS', 'formaldehyde'];AC=[None, None];TA=['K,nterm', 'K,nterm']	strepavidin resin enrichment	not available	not available	not available	not available	MS192164_CID_F14.raw	NT=ms-proteomics;VV=v1.1.0	NT=crosslinking;VV=v1.0.0
PXD034796_MS191404_CID_F9	Glycine max	nucleus	not available	5	PXD034796_MS191404_CID_F9_assay	proteomic profiling by mass spectrometry	data-dependent acquisition	NT=NT=dimethyl labeling;AC=MS:1002038	9	1	not available	not available	NT=Carbamidomethyl;AC=UNIMOD:4;TA=C;MT=Fixed	not available	not available	NT=['CBDPS', 'formaldehyde'];AC=[None, None];TA=['K,nterm', 'K,nterm']	strepavidin resin enrichment	not available	not available	not available	not available	MS191404_CID_F9.raw	NT=ms-proteomics;VV=v1.1.0	NT=crosslinking;VV=v1.0.0
PXD034796_MS191930_HCD_R8	Glycine max	nucleus	not available	106	PXD034796_MS191930_HCD_R8_assay	proteomic profiling by mass spectrometry	data-dependent acquisition	NT=NT=dimethyl labeling;AC=MS:1002038	1	1	not available	not available	NT=Carbamidomethyl;AC=UNIMOD:4;TA=C;MT=Fixed	not available	not available	NT=['CBDPS', 'formaldehyde'];AC=[None, None];TA=['K,nterm', 'K,nterm']	strepavidin resin enrichment	not available	not available	not available	not available	MS191930_HCD_R8.raw	NT=ms-proteomics;VV=v1.1.0	NT=crosslinking;VV=v1.0.0
PXD034796_MS181452_R7_HCD	Glycine max	nucleus	not available	107	PXD034796_MS181452_R7_HCD_assay	proteomic profiling by mass spectrometry	data-dependent acquisition	NT=NT=dimethyl labeling;AC=MS:1002038	1	1	not available	not available	NT=Carbamidomethyl;AC=UNIMOD:4;TA=C;MT=Fixed	not available	not available	NT=['CBDPS', 'formaldehyde'];AC=[None, None];TA=['K,nterm', 'K,nterm']	strepavidin resin enrichment	not available	not available	not available	not available	MS181452_R7_HCD.raw	NT=ms-proteomics;VV=v1.1.0	NT=crosslinking;VV=v1.0.0
PXD034796_MS191404_HCD_R14	Glycine max	nucleus	not available	108	PXD034796_MS191404_HCD_R14_assay	proteomic profiling by mass spectrometry	data-dependent acquisition	NT=NT=dimethyl labeling;AC=MS:1002038	1	1	not available	not available	NT=Carbamidomethyl;AC=UNIMOD:4;TA=C;MT=Fixed	not available	not available	NT=['CBDPS', 'formaldehyde'];AC=[None, None];TA=['K,nterm', 'K,nterm']	strepavidin resin enrichment	not available	not available	not available	not available	MS191404_HCD_R14.raw	NT=ms-proteomics;VV=v1.1.0	NT=crosslinking;VV=v1.0.0
PXD034796_MS191930_CID_R12	Glycine max	nucleus	not available	109	PXD034796_MS191930_CID_R12_assay	proteomic profiling by mass spectrometry	data-dependent acquisition	NT=NT=dimethyl labeling;AC=MS:1002038	1	1	not available	not available	NT=Carbamidomethyl;AC=UNIMOD:4;TA=C;MT=Fixed	not available	not available	NT=['CBDPS', 'formaldehyde'];AC=[None, None];TA=['K,nterm', 'K,nterm']	strepavidin resin enrichment	not available	not available	not available	not available	MS191930_CID_R12.raw	NT=ms-proteomics;VV=v1.1.0	NT=crosslinking;VV=v1.0.0
PXD034796_MS181938_CID_F2	Glycine max	nucleus	not available	8	PXD034796_MS181938_CID_F2_assay	proteomic profiling by mass spectrometry	data-dependent acquisition	NT=NT=dimethyl labeling;AC=MS:1002038	2	1	not available	not available	NT=Carbamidomethyl;AC=UNIMOD:4;TA=C;MT=Fixed	not available	not available	NT=['CBDPS', 'formaldehyde'];AC=[None, None];TA=['K,nterm', 'K,nterm']	strepavidin resin enrichment	not available	not available	not available	not available	MS181938_CID_F2.raw	NT=ms-proteomics;VV=v1.1.0	NT=crosslinking;VV=v1.0.0
PXD034796_MS191404_HCD_F11	Glycine max	nucleus	not available	7	PXD034796_MS191404_HCD_F11_assay	proteomic profiling by mass spectrometry	data-dependent acquisition	NT=NT=dimethyl labeling;AC=MS:1002038	11	1	not available	not available	NT=Carbamidomethyl;AC=UNIMOD:4;TA=C;MT=Fixed	not available	not available	NT=['CBDPS', 'formaldehyde'];AC=[None, None];TA=['K,nterm', 'K,nterm']	strepavidin resin enrichment	not available	not available	not available	not available	MS191404_HCD_F11.raw	NT=ms-proteomics;VV=v1.1.0	NT=crosslinking;VV=v1.0.0
PXD034796_MS191404_HCD_R1	Glycine max	nucleus	not available	110	PXD034796_MS191404_HCD_R1_assay	proteomic profiling by mass spectrometry	data-dependent acquisition	NT=NT=dimethyl labeling;AC=MS:1002038	1	1	not available	not available	NT=Carbamidomethyl;AC=UNIMOD:4;TA=C;MT=Fixed	not available	not available	NT=['CBDPS', 'formaldehyde'];AC=[None, None];TA=['K,nterm', 'K,nterm']	strepavidin resin enrichment	not available	not available	not available	not available	MS191404_HCD_R1.raw	NT=ms-proteomics;VV=v1.1.0	NT=crosslinking;VV=v1.0.0
PXD034796_MS191930_HCD_R5	Glycine max	nucleus	not available	111	PXD034796_MS191930_HCD_R5_assay	proteomic profiling by mass spectrometry	data-dependent acquisition	NT=NT=dimethyl labeling;AC=MS:1002038	1	1	not available	not available	NT=Carbamidomethyl;AC=UNIMOD:4;TA=C;MT=Fixed	not available	not available	NT=['CBDPS', 'formaldehyde'];AC=[None, None];TA=['K,nterm', 'K,nterm']	strepavidin resin enrichment	not available	not available	not available	not available	MS191930_HCD_R5.raw	NT=ms-proteomics;VV=v1.1.0	NT=crosslinking;VV=v1.0.0
PXD034796_MS181452_R15_CID	Glycine max	nucleus	not available	112	PXD034796_MS181452_R15_CID_assay	proteomic profiling by mass spectrometry	data-dependent acquisition	NT=NT=dimethyl labeling;AC=MS:1002038	1	1	not available	not available	NT=Carbamidomethyl;AC=UNIMOD:4;TA=C;MT=Fixed	not available	not available	NT=['CBDPS', 'formaldehyde'];AC=[None, None];TA=['K,nterm', 'K,nterm']	strepavidin resin enrichment	not available	not available	not available	not available	MS181452_R15_CID.raw	NT=ms-proteomics;VV=v1.1.0	NT=crosslinking;VV=v1.0.0
PXD034796_MS191404_CID_FD	Glycine max	nucleus	not available	113	PXD034796_MS191404_CID_FD_assay	proteomic profiling by mass spectrometry	data-dependent acquisition	NT=NT=dimethyl labeling;AC=MS:1002038	1	1	not available	not available	NT=Carbamidomethyl;AC=UNIMOD:4;TA=C;MT=Fixed	not available	not available	NT=['CBDPS', 'formaldehyde'];AC=[None, None];TA=['K,nterm', 'K,nterm']	strepavidin resin enrichment	not available	not available	not available	not available	MS191404_CID_FD.raw	NT=ms-proteomics;VV=v1.1.0	NT=crosslinking;VV=v1.0.0
PXD034796_MS190207_HCD_R9	Glycine max	nucleus	not available	114	PXD034796_MS190207_HCD_R9_assay	proteomic profiling by mass spectrometry	data-dependent acquisition	NT=NT=dimethyl labeling;AC=MS:1002038	1	1	not available	not available	NT=Carbamidomethyl;AC=UNIMOD:4;TA=C;MT=Fixed	not available	not available	NT=['CBDPS', 'formaldehyde'];AC=[None, None];TA=['K,nterm', 'K,nterm']	strepavidin resin enrichment	not available	not available	not available	not available	MS190207_HCD_R9.raw	NT=ms-proteomics;VV=v1.1.0	NT=crosslinking;VV=v1.0.0
PXD034796_MS191404_HCD_F2	Glycine max	nucleus	not available	9	PXD034796_MS191404_HCD_F2_assay	proteomic profiling by mass spectrometry	data-dependent acquisition	NT=NT=dimethyl labeling;AC=MS:1002038	2	1	not available	not available	NT=Carbamidomethyl;AC=UNIMOD:4;TA=C;MT=Fixed	not available	not available	NT=['CBDPS', 'formaldehyde'];AC=[None, None];TA=['K,nterm', 'K,nterm']	strepavidin resin enrichment	not available	not available	not available	not available	MS191404_HCD_F2.raw	NT=ms-proteomics;VV=v1.1.0	NT=crosslinking;VV=v1.0.0
PXD034796_MS191930_CID_R9	Glycine max	nucleus	not available	115	PXD034796_MS191930_CID_R9_assay	proteomic profiling by mass spectrometry	data-dependent acquisition	NT=NT=dimethyl labeling;AC=MS:1002038	1	1	not available	not available	NT=Carbamidomethyl;AC=UNIMOD:4;TA=C;MT=Fixed	not available	not available	NT=['CBDPS', 'formaldehyde'];AC=[None, None];TA=['K,nterm', 'K,nterm']	strepavidin resin enrichment	not available	not available	not available	not available	MS191930_CID_R9.raw	NT=ms-proteomics;VV=v1.1.0	NT=crosslinking;VV=v1.0.0
PXD034796_MS181452_F23_HCD	Glycine max	nucleus	not available	2	PXD034796_MS181452_F23_HCD_assay	proteomic profiling by mass spectrometry	data-dependent acquisition	NT=NT=dimethyl labeling;AC=MS:1002038	23	1	not available	not available	NT=Carbamidomethyl;AC=UNIMOD:4;TA=C;MT=Fixed	not available	not available	NT=['CBDPS', 'formaldehyde'];AC=[None, None];TA=['K,nterm', 'K,nterm']	strepavidin resin enrichment	not available	not available	not available	not available	MS181452_F23_HCD.raw	NT=ms-proteomics;VV=v1.1.0	NT=crosslinking;VV=v1.0.0
PXD034796_MS190207_CID_R13	Glycine max	nucleus	not available	116	PXD034796_MS190207_CID_R13_assay	proteomic profiling by mass spectrometry	data-dependent acquisition	NT=NT=dimethyl labeling;AC=MS:1002038	1	1	not available	not available	NT=Carbamidomethyl;AC=UNIMOD:4;TA=C;MT=Fixed	not available	not available	NT=['CBDPS', 'formaldehyde'];AC=[None, None];TA=['K,nterm', 'K,nterm']	strepavidin resin enrichment	not available	not available	not available	not available	MS190207_CID_R13.raw	NT=ms-proteomics;VV=v1.1.0	NT=crosslinking;VV=v1.0.0
PXD034796_MS192164_HCD_R5	Glycine max	nucleus	not available	117	PXD034796_MS192164_HCD_R5_assay	proteomic profiling by mass spectrometry	data-dependent acquisition	NT=NT=dimethyl labeling;AC=MS:1002038	1	1	not available	not available	NT=Carbamidomethyl;AC=UNIMOD:4;TA=C;MT=Fixed	not available	not available	NT=['CBDPS', 'formaldehyde'];AC=[None, None];TA=['K,nterm', 'K,nterm']	strepavidin resin enrichment	not available	not available	not available	not available	MS192164_HCD_R5.raw	NT=ms-proteomics;VV=v1.1.0	NT=crosslinking;VV=v1.0.0
PXD034796_MS181452_R7_CID	Glycine max	nucleus	not available	118	PXD034796_MS181452_R7_CID_assay	proteomic profiling by mass spectrometry	data-dependent acquisition	NT=NT=dimethyl labeling;AC=MS:1002038	1	1	not available	not available	NT=Carbamidomethyl;AC=UNIMOD:4;TA=C;MT=Fixed	not available	not available	NT=['CBDPS', 'formaldehyde'];AC=[None, None];TA=['K,nterm', 'K,nterm']	strepavidin resin enrichment	not available	not available	not available	not available	MS181452_R7_CID.raw	NT=ms-proteomics;VV=v1.1.0	NT=crosslinking;VV=v1.0.0
PXD034796_MS190207_CID_F1	Glycine max	nucleus	not available	119	PXD034796_MS190207_CID_F1_assay	proteomic profiling by mass spectrometry	data-dependent acquisition	NT=NT=dimethyl labeling;AC=MS:1002038	1	1	not available	not available	NT=Carbamidomethyl;AC=UNIMOD:4;TA=C;MT=Fixed	not available	not available	NT=['CBDPS', 'formaldehyde'];AC=[None, None];TA=['K,nterm', 'K,nterm']	strepavidin resin enrichment	not available	not available	not available	not available	MS190207_CID_F1.raw	NT=ms-proteomics;VV=v1.1.0	NT=crosslinking;VV=v1.0.0
PXD034796_MS181938_CID_R8	Glycine max	nucleus	not available	120	PXD034796_MS181938_CID_R8_assay	proteomic profiling by mass spectrometry	data-dependent acquisition	NT=NT=dimethyl labeling;AC=MS:1002038	1	1	not available	not available	NT=Carbamidomethyl;AC=UNIMOD:4;TA=C;MT=Fixed	not available	not available	NT=['CBDPS', 'formaldehyde'];AC=[None, None];TA=['K,nterm', 'K,nterm']	strepavidin resin enrichment	not available	not available	not available	not available	MS181938_CID_R8.raw	NT=ms-proteomics;VV=v1.1.0	NT=crosslinking;VV=v1.0.0
PXD034796_MS181938_CID_F24	Glycine max	nucleus	not available	2	PXD034796_MS181938_CID_F24_assay	proteomic profiling by mass spectrometry	data-dependent acquisition	NT=NT=dimethyl labeling;AC=MS:1002038	24	1	not available	not available	NT=Carbamidomethyl;AC=UNIMOD:4;TA=C;MT=Fixed	not available	not available	NT=['CBDPS', 'formaldehyde'];AC=[None, None];TA=['K,nterm', 'K,nterm']	strepavidin resin enrichment	not available	not available	not available	not available	MS181938_CID_F24.raw	NT=ms-proteomics;VV=v1.1.0	NT=crosslinking;VV=v1.0.0
PXD034796_MS181452_R21_HCD	Glycine max	nucleus	not available	121	PXD034796_MS181452_R21_HCD_assay	proteomic profiling by mass spectrometry	data-dependent acquisition	NT=NT=dimethyl labeling;AC=MS:1002038	1	1	not available	not available	NT=Carbamidomethyl;AC=UNIMOD:4;TA=C;MT=Fixed	not available	not available	NT=['CBDPS', 'formaldehyde'];AC=[None, None];TA=['K,nterm', 'K,nterm']	strepavidin resin enrichment	not available	not available	not available	not available	MS181452_R21_HCD.raw	NT=ms-proteomics;VV=v1.1.0	NT=crosslinking;VV=v1.0.0
PXD034796_MS192164_HCD_R4	Glycine max	nucleus	not available	122	PXD034796_MS192164_HCD_R4_assay	proteomic profiling by mass spectrometry	data-dependent acquisition	NT=NT=dimethyl labeling;AC=MS:1002038	1	1	not available	not available	NT=Carbamidomethyl;AC=UNIMOD:4;TA=C;MT=Fixed	not available	not available	NT=['CBDPS', 'formaldehyde'];AC=[None, None];TA=['K,nterm', 'K,nterm']	strepavidin resin enrichment	not available	not available	not available	not available	MS192164_HCD_R4.raw	NT=ms-proteomics;VV=v1.1.0	NT=crosslinking;VV=v1.0.0
PXD034796_MS181938_HCD_R18	Glycine max	nucleus	not available	123	PXD034796_MS181938_HCD_R18_assay	proteomic profiling by mass spectrometry	data-dependent acquisition	NT=NT=dimethyl labeling;AC=MS:1002038	1	1	not available	not available	NT=Carbamidomethyl;AC=UNIMOD:4;TA=C;MT=Fixed	not available	not available	NT=['CBDPS', 'formaldehyde'];AC=[None, None];TA=['K,nterm', 'K,nterm']	strepavidin resin enrichment	not available	not available	not available	not available	MS181938_HCD_R18.raw	NT=ms-proteomics;VV=v1.1.0	NT=crosslinking;VV=v1.0.0
PXD034796_MS192164_CID_R5	Glycine max	nucleus	not available	124	PXD034796_MS192164_CID_R5_assay	proteomic profiling by mass spectrometry	data-dependent acquisition	NT=NT=dimethyl labeling;AC=MS:1002038	1	1	not available	not available	NT=Carbamidomethyl;AC=UNIMOD:4;TA=C;MT=Fixed	not available	not available	NT=['CBDPS', 'formaldehyde'];AC=[None, None];TA=['K,nterm', 'K,nterm']	strepavidin resin enrichment	not available	not available	not available	not available	MS192164_CID_R5.raw	NT=ms-proteomics;VV=v1.1.0	NT=crosslinking;VV=v1.0.0
PXD034796_MS190207_HCD_R13	Glycine max	nucleus	not available	125	PXD034796_MS190207_HCD_R13_assay	proteomic profiling by mass spectrometry	data-dependent acquisition	NT=NT=dimethyl labeling;AC=MS:1002038	1	1	not available	not available	NT=Carbamidomethyl;AC=UNIMOD:4;TA=C;MT=Fixed	not available	not available	NT=['CBDPS', 'formaldehyde'];AC=[None, None];TA=['K,nterm', 'K,nterm']	strepavidin resin enrichment	not available	not available	not available	not available	MS190207_HCD_R13.raw	NT=ms-proteomics;VV=v1.1.0	NT=crosslinking;VV=v1.0.0
PXD034796_MS192164_HCD_F10	Glycine max	nucleus	not available	5	PXD034796_MS192164_HCD_F10_assay	proteomic profiling by mass spectrometry	data-dependent acquisition	NT=NT=dimethyl labeling;AC=MS:1002038	10	1	not available	not available	NT=Carbamidomethyl;AC=UNIMOD:4;TA=C;MT=Fixed	not available	not available	NT=['CBDPS', 'formaldehyde'];AC=[None, None];TA=['K,nterm', 'K,nterm']	strepavidin resin enrichment	not available	not available	not available	not available	MS192164_HCD_F10.raw	NT=ms-proteomics;VV=v1.1.0	NT=crosslinking;VV=v1.0.0
PXD034796_MS192164_HCD_R19	Glycine max	nucleus	not available	126	PXD034796_MS192164_HCD_R19_assay	proteomic profiling by mass spectrometry	data-dependent acquisition	NT=NT=dimethyl labeling;AC=MS:1002038	1	1	not available	not available	NT=Carbamidomethyl;AC=UNIMOD:4;TA=C;MT=Fixed	not available	not available	NT=['CBDPS', 'formaldehyde'];AC=[None, None];TA=['K,nterm', 'K,nterm']	strepavidin resin enrichment	not available	not available	not available	not available	MS192164_HCD_R19.raw	NT=ms-proteomics;VV=v1.1.0	NT=crosslinking;VV=v1.0.0
PXD034796_MS191404_CID_R4	Glycine max	nucleus	not available	127	PXD034796_MS191404_CID_R4_assay	proteomic profiling by mass spectrometry	data-dependent acquisition	NT=NT=dimethyl labeling;AC=MS:1002038	1	1	not available	not available	NT=Carbamidomethyl;AC=UNIMOD:4;TA=C;MT=Fixed	not available	not available	NT=['CBDPS', 'formaldehyde'];AC=[None, None];TA=['K,nterm', 'K,nterm']	strepavidin resin enrichment	not available	not available	not available	not available	MS191404_CID_R4.raw	NT=ms-proteomics;VV=v1.1.0	NT=crosslinking;VV=v1.0.0
PXD034796_MS181938_HCD_F19	Glycine max	nucleus	not available	4	PXD034796_MS181938_HCD_F19_assay	proteomic profiling by mass spectrometry	data-dependent acquisition	NT=NT=dimethyl labeling;AC=MS:1002038	19	1	not available	not available	NT=Carbamidomethyl;AC=UNIMOD:4;TA=C;MT=Fixed	not available	not available	NT=['CBDPS', 'formaldehyde'];AC=[None, None];TA=['K,nterm', 'K,nterm']	strepavidin resin enrichment	not available	not available	not available	not available	MS181938_HCD_F19.raw	NT=ms-proteomics;VV=v1.1.0	NT=crosslinking;VV=v1.0.0
PXD034796_MS191404_HCD_F13	Glycine max	nucleus	not available	6	PXD034796_MS191404_HCD_F13_assay	proteomic profiling by mass spectrometry	data-dependent acquisition	NT=NT=dimethyl labeling;AC=MS:1002038	13	1	not available	not available	NT=Carbamidomethyl;AC=UNIMOD:4;TA=C;MT=Fixed	not available	not available	NT=['CBDPS', 'formaldehyde'];AC=[None, None];TA=['K,nterm', 'K,nterm']	strepavidin resin enrichment	not available	not available	not available	not available	MS191404_HCD_F13.raw	NT=ms-proteomics;VV=v1.1.0	NT=crosslinking;VV=v1.0.0
PXD034796_MS190207_CID_R16	Glycine max	nucleus	not available	128	PXD034796_MS190207_CID_R16_assay	proteomic profiling by mass spectrometry	data-dependent acquisition	NT=NT=dimethyl labeling;AC=MS:1002038	1	1	not available	not available	NT=Carbamidomethyl;AC=UNIMOD:4;TA=C;MT=Fixed	not available	not available	NT=['CBDPS', 'formaldehyde'];AC=[None, None];TA=['K,nterm', 'K,nterm']	strepavidin resin enrichment	not available	not available	not available	not available	MS190207_CID_R16.raw	NT=ms-proteomics;VV=v1.1.0	NT=crosslinking;VV=v1.0.0
PXD034796_MS192164_HCD_R17	Glycine max	nucleus	not available	129	PXD034796_MS192164_HCD_R17_assay	proteomic profiling by mass spectrometry	data-dependent acquisition	NT=NT=dimethyl labeling;AC=MS:1002038	1	1	not available	not available	NT=Carbamidomethyl;AC=UNIMOD:4;TA=C;MT=Fixed	not available	not available	NT=['CBDPS', 'formaldehyde'];AC=[None, None];TA=['K,nterm', 'K,nterm']	strepavidin resin enrichment	not available	not available	not available	not available	MS192164_HCD_R17.raw	NT=ms-proteomics;VV=v1.1.0	NT=crosslinking;VV=v1.0.0
PXD034796_MS191404_CID_R17	Glycine max	nucleus	not available	130	PXD034796_MS191404_CID_R17_assay	proteomic profiling by mass spectrometry	data-dependent acquisition	NT=NT=dimethyl labeling;AC=MS:1002038	1	1	not available	not available	NT=Carbamidomethyl;AC=UNIMOD:4;TA=C;MT=Fixed	not available	not available	NT=['CBDPS', 'formaldehyde'];AC=[None, None];TA=['K,nterm', 'K,nterm']	strepavidin resin enrichment	not available	not available	not available	not available	MS191404_CID_R17.raw	NT=ms-proteomics;VV=v1.1.0	NT=crosslinking;VV=v1.0.0
PXD034796_MS191404_CID_R13	Glycine max	nucleus	not available	131	PXD034796_MS191404_CID_R13_assay	proteomic profiling by mass spectrometry	data-dependent acquisition	NT=NT=dimethyl labeling;AC=MS:1002038	1	1	not available	not available	NT=Carbamidomethyl;AC=UNIMOD:4;TA=C;MT=Fixed	not available	not available	NT=['CBDPS', 'formaldehyde'];AC=[None, None];TA=['K,nterm', 'K,nterm']	strepavidin resin enrichment	not available	not available	not available	not available	MS191404_CID_R13.raw	NT=ms-proteomics;VV=v1.1.0	NT=crosslinking;VV=v1.0.0
PXD034796_MS181938_HCD_F7	Glycine max	nucleus	not available	8	PXD034796_MS181938_HCD_F7_assay	proteomic profiling by mass spectrometry	data-dependent acquisition	NT=NT=dimethyl labeling;AC=MS:1002038	7	1	not available	not available	NT=Carbamidomethyl;AC=UNIMOD:4;TA=C;MT=Fixed	not available	not available	NT=['CBDPS', 'formaldehyde'];AC=[None, None];TA=['K,nterm', 'K,nterm']	strepavidin resin enrichment	not available	not available	not available	not available	MS181938_HCD_F7.raw	NT=ms-proteomics;VV=v1.1.0	NT=crosslinking;VV=v1.0.0
PXD034796_MS191930_CID_R17	Glycine max	nucleus	not available	132	PXD034796_MS191930_CID_R17_assay	proteomic profiling by mass spectrometry	data-dependent acquisition	NT=NT=dimethyl labeling;AC=MS:1002038	1	1	not available	not available	NT=Carbamidomethyl;AC=UNIMOD:4;TA=C;MT=Fixed	not available	not available	NT=['CBDPS', 'formaldehyde'];AC=[None, None];TA=['K,nterm', 'K,nterm']	strepavidin resin enrichment	not available	not available	not available	not available	MS191930_CID_R17.raw	NT=ms-proteomics;VV=v1.1.0	NT=crosslinking;VV=v1.0.0
PXD034796_MS191404_HCD_F1	Glycine max	nucleus	not available	133	PXD034796_MS191404_HCD_F1_assay	proteomic profiling by mass spectrometry	data-dependent acquisition	NT=NT=dimethyl labeling;AC=MS:1002038	1	1	not available	not available	NT=Carbamidomethyl;AC=UNIMOD:4;TA=C;MT=Fixed	not available	not available	NT=['CBDPS', 'formaldehyde'];AC=[None, None];TA=['K,nterm', 'K,nterm']	strepavidin resin enrichment	not available	not available	not available	not available	MS191404_HCD_F1.raw	NT=ms-proteomics;VV=v1.1.0	NT=crosslinking;VV=v1.0.0
PXD034796_MS181938_HCD_F11	Glycine max	nucleus	not available	8	PXD034796_MS181938_HCD_F11_assay	proteomic profiling by mass spectrometry	data-dependent acquisition	NT=NT=dimethyl labeling;AC=MS:1002038	11	1	not available	not available	NT=Carbamidomethyl;AC=UNIMOD:4;TA=C;MT=Fixed	not available	not available	NT=['CBDPS', 'formaldehyde'];AC=[None, None];TA=['K,nterm', 'K,nterm']	strepavidin resin enrichment	not available	not available	not available	not available	MS181938_HCD_F11.raw	NT=ms-proteomics;VV=v1.1.0	NT=crosslinking;VV=v1.0.0
PXD034796_MS192164_HCD_R12	Glycine max	nucleus	not available	134	PXD034796_MS192164_HCD_R12_assay	proteomic profiling by mass spectrometry	data-dependent acquisition	NT=NT=dimethyl labeling;AC=MS:1002038	1	1	not available	not available	NT=Carbamidomethyl;AC=UNIMOD:4;TA=C;MT=Fixed	not available	not available	NT=['CBDPS', 'formaldehyde'];AC=[None, None];TA=['K,nterm', 'K,nterm']	strepavidin resin enrichment	not available	not available	not available	not available	MS192164_HCD_R12.raw	NT=ms-proteomics;VV=v1.1.0	NT=crosslinking;VV=v1.0.0
PXD034796_MS181452_F23_CID	Glycine max	nucleus	not available	3	PXD034796_MS181452_F23_CID_assay	proteomic profiling by mass spectrometry	data-dependent acquisition	NT=NT=dimethyl labeling;AC=MS:1002038	23	1	not available	not available	NT=Carbamidomethyl;AC=UNIMOD:4;TA=C;MT=Fixed	not available	not available	NT=['CBDPS', 'formaldehyde'];AC=[None, None];TA=['K,nterm', 'K,nterm']	strepavidin resin enrichment	not available	not available	not available	not available	MS181452_F23_CID.raw	NT=ms-proteomics;VV=v1.1.0	NT=crosslinking;VV=v1.0.0
PXD034796_MS192164_CID_R7	Glycine max	nucleus	not available	135	PXD034796_MS192164_CID_R7_assay	proteomic profiling by mass spectrometry	data-dependent acquisition	NT=NT=dimethyl labeling;AC=MS:1002038	1	1	not available	not available	NT=Carbamidomethyl;AC=UNIMOD:4;TA=C;MT=Fixed	not available	not available	NT=['CBDPS', 'formaldehyde'];AC=[None, None];TA=['K,nterm', 'K,nterm']	strepavidin resin enrichment	not available	not available	not available	not available	MS192164_CID_R7.raw	NT=ms-proteomics;VV=v1.1.0	NT=crosslinking;VV=v1.0.0
PXD034796_MS181938_CID_R9	Glycine max	nucleus	not available	136	PXD034796_MS181938_CID_R9_assay	proteomic profiling by mass spectrometry	data-dependent acquisition	NT=NT=dimethyl labeling;AC=MS:1002038	1	1	not available	not available	NT=Carbamidomethyl;AC=UNIMOD:4;TA=C;MT=Fixed	not available	not available	NT=['CBDPS', 'formaldehyde'];AC=[None, None];TA=['K,nterm', 'K,nterm']	strepavidin resin enrichment	not available	not available	not available	not available	MS181938_CID_R9.raw	NT=ms-proteomics;VV=v1.1.0	NT=crosslinking;VV=v1.0.0
PXD034796_MS181452_F12_HCD	Glycine max	nucleus	not available	6	PXD034796_MS181452_F12_HCD_assay	proteomic profiling by mass spectrometry	data-dependent acquisition	NT=NT=dimethyl labeling;AC=MS:1002038	12	1	not available	not available	NT=Carbamidomethyl;AC=UNIMOD:4;TA=C;MT=Fixed	not available	not available	NT=['CBDPS', 'formaldehyde'];AC=[None, None];TA=['K,nterm', 'K,nterm']	strepavidin resin enrichment	not available	not available	not available	not available	MS181452_F12_HCD.raw	NT=ms-proteomics;VV=v1.1.0	NT=crosslinking;VV=v1.0.0
PXD034796_MS191404_CID_FB	Glycine max	nucleus	not available	137	PXD034796_MS191404_CID_FB_assay	proteomic profiling by mass spectrometry	data-dependent acquisition	NT=NT=dimethyl labeling;AC=MS:1002038	1	1	not available	not available	NT=Carbamidomethyl;AC=UNIMOD:4;TA=C;MT=Fixed	not available	not available	NT=['CBDPS', 'formaldehyde'];AC=[None, None];TA=['K,nterm', 'K,nterm']	strepavidin resin enrichment	not available	not available	not available	not available	MS191404_CID_FB.raw	NT=ms-proteomics;VV=v1.1.0	NT=crosslinking;VV=v1.0.0
PXD034796_MS181452_F9_HCD	Glycine max	nucleus	not available	6	PXD034796_MS181452_F9_HCD_assay	proteomic profiling by mass spectrometry	data-dependent acquisition	NT=NT=dimethyl labeling;AC=MS:1002038	9	1	not available	not available	NT=Carbamidomethyl;AC=UNIMOD:4;TA=C;MT=Fixed	not available	not available	NT=['CBDPS', 'formaldehyde'];AC=[None, None];TA=['K,nterm', 'K,nterm']	strepavidin resin enrichment	not available	not available	not available	not available	MS181452_F9_HCD.raw	NT=ms-proteomics;VV=v1.1.0	NT=crosslinking;VV=v1.0.0
PXD034796_MS181938_HCD_F3	Glycine max	nucleus	not available	6	PXD034796_MS181938_HCD_F3_assay	proteomic profiling by mass spectrometry	data-dependent acquisition	NT=NT=dimethyl labeling;AC=MS:1002038	3	1	not available	not available	NT=Carbamidomethyl;AC=UNIMOD:4;TA=C;MT=Fixed	not available	not available	NT=['CBDPS', 'formaldehyde'];AC=[None, None];TA=['K,nterm', 'K,nterm']	strepavidin resin enrichment	not available	not available	not available	not available	MS181938_HCD_F3.raw	NT=ms-proteomics;VV=v1.1.0	NT=crosslinking;VV=v1.0.0
PXD034796_MS190207_HCD_F3	Glycine max	nucleus	not available	7	PXD034796_MS190207_HCD_F3_assay	proteomic profiling by mass spectrometry	data-dependent acquisition	NT=NT=dimethyl labeling;AC=MS:1002038	3	1	not available	not available	NT=Carbamidomethyl;AC=UNIMOD:4;TA=C;MT=Fixed	not available	not available	NT=['CBDPS', 'formaldehyde'];AC=[None, None];TA=['K,nterm', 'K,nterm']	strepavidin resin enrichment	not available	not available	not available	not available	MS190207_HCD_F3.raw	NT=ms-proteomics;VV=v1.1.0	NT=crosslinking;VV=v1.0.0
PXD034796_MS181452_F10_HCD	Glycine max	nucleus	not available	6	PXD034796_MS181452_F10_HCD_assay	proteomic profiling by mass spectrometry	data-dependent acquisition	NT=NT=dimethyl labeling;AC=MS:1002038	10	1	not available	not available	NT=Carbamidomethyl;AC=UNIMOD:4;TA=C;MT=Fixed	not available	not available	NT=['CBDPS', 'formaldehyde'];AC=[None, None];TA=['K,nterm', 'K,nterm']	strepavidin resin enrichment	not available	not available	not available	not available	MS181452_F10_HCD.raw	NT=ms-proteomics;VV=v1.1.0	NT=crosslinking;VV=v1.0.0
PXD034796_MS181938_CID_R23	Glycine max	nucleus	not available	138	PXD034796_MS181938_CID_R23_assay	proteomic profiling by mass spectrometry	data-dependent acquisition	NT=NT=dimethyl labeling;AC=MS:1002038	1	1	not available	not available	NT=Carbamidomethyl;AC=UNIMOD:4;TA=C;MT=Fixed	not available	not available	NT=['CBDPS', 'formaldehyde'];AC=[None, None];TA=['K,nterm', 'K,nterm']	strepavidin resin enrichment	not available	not available	not available	not available	MS181938_CID_R23.raw	NT=ms-proteomics;VV=v1.1.0	NT=crosslinking;VV=v1.0.0
PXD034796_MS181452_F16_HCD	Glycine max	nucleus	not available	5	PXD034796_MS181452_F16_HCD_assay	proteomic profiling by mass spectrometry	data-dependent acquisition	NT=NT=dimethyl labeling;AC=MS:1002038	16	1	not available	not available	NT=Carbamidomethyl;AC=UNIMOD:4;TA=C;MT=Fixed	not available	not available	NT=['CBDPS', 'formaldehyde'];AC=[None, None];TA=['K,nterm', 'K,nterm']	strepavidin resin enrichment	not available	not available	not available	not available	MS181452_F16_HCD.raw	NT=ms-proteomics;VV=v1.1.0	NT=crosslinking;VV=v1.0.0
PXD034796_MS191404_CID_R7	Glycine max	nucleus	not available	139	PXD034796_MS191404_CID_R7_assay	proteomic profiling by mass spectrometry	data-dependent acquisition	NT=NT=dimethyl labeling;AC=MS:1002038	1	1	not available	not available	NT=Carbamidomethyl;AC=UNIMOD:4;TA=C;MT=Fixed	not available	not available	NT=['CBDPS', 'formaldehyde'];AC=[None, None];TA=['K,nterm', 'K,nterm']	strepavidin resin enrichment	not available	not available	not available	not available	MS191404_CID_R7.raw	NT=ms-proteomics;VV=v1.1.0	NT=crosslinking;VV=v1.0.0
PXD034796_MS190207_HCD_R16	Glycine max	nucleus	not available	140	PXD034796_MS190207_HCD_R16_assay	proteomic profiling by mass spectrometry	data-dependent acquisition	NT=NT=dimethyl labeling;AC=MS:1002038	1	1	not available	not available	NT=Carbamidomethyl;AC=UNIMOD:4;TA=C;MT=Fixed	not available	not available	NT=['CBDPS', 'formaldehyde'];AC=[None, None];TA=['K,nterm', 'K,nterm']	strepavidin resin enrichment	not available	not available	not available	not available	MS190207_HCD_R16.raw	NT=ms-proteomics;VV=v1.1.0	NT=crosslinking;VV=v1.0.0
PXD034796_MS181938_HCD_F5	Glycine max	nucleus	not available	1	PXD034796_MS181938_HCD_F5_assay	proteomic profiling by mass spectrometry	data-dependent acquisition	NT=NT=dimethyl labeling;AC=MS:1002038	5	1	not available	not available	NT=Carbamidomethyl;AC=UNIMOD:4;TA=C;MT=Fixed	not available	not available	NT=['CBDPS', 'formaldehyde'];AC=[None, None];TA=['K,nterm', 'K,nterm']	strepavidin resin enrichment	not available	not available	not available	not available	MS181938_HCD_F5.raw	NT=ms-proteomics;VV=v1.1.0	NT=crosslinking;VV=v1.0.0
PXD034796_MS181938_HCD_F18	Glycine max	nucleus	not available	7	PXD034796_MS181938_HCD_F18_assay	proteomic profiling by mass spectrometry	data-dependent acquisition	NT=NT=dimethyl labeling;AC=MS:1002038	18	1	not available	not available	NT=Carbamidomethyl;AC=UNIMOD:4;TA=C;MT=Fixed	not available	not available	NT=['CBDPS', 'formaldehyde'];AC=[None, None];TA=['K,nterm', 'K,nterm']	strepavidin resin enrichment	not available	not available	not available	not available	MS181938_HCD_F18.raw	NT=ms-proteomics;VV=v1.1.0	NT=crosslinking;VV=v1.0.0
PXD034796_MS191404_HCD_R5	Glycine max	nucleus	not available	141	PXD034796_MS191404_HCD_R5_assay	proteomic profiling by mass spectrometry	data-dependent acquisition	NT=NT=dimethyl labeling;AC=MS:1002038	1	1	not available	not available	NT=Carbamidomethyl;AC=UNIMOD:4;TA=C;MT=Fixed	not available	not available	NT=['CBDPS', 'formaldehyde'];AC=[None, None];TA=['K,nterm', 'K,nterm']	strepavidin resin enrichment	not available	not available	not available	not available	MS191404_HCD_R5.raw	NT=ms-proteomics;VV=v1.1.0	NT=crosslinking;VV=v1.0.0
PXD034796_MS181938_CID_F17	Glycine max	nucleus	not available	7	PXD034796_MS181938_CID_F17_assay	proteomic profiling by mass spectrometry	data-dependent acquisition	NT=NT=dimethyl labeling;AC=MS:1002038	17	1	not available	not available	NT=Carbamidomethyl;AC=UNIMOD:4;TA=C;MT=Fixed	not available	not available	NT=['CBDPS', 'formaldehyde'];AC=[None, None];TA=['K,nterm', 'K,nterm']	strepavidin resin enrichment	not available	not available	not available	not available	MS181938_CID_F17.raw	NT=ms-proteomics;VV=v1.1.0	NT=crosslinking;VV=v1.0.0
PXD034796_MS190207_CID_F11	Glycine max	nucleus	not available	9	PXD034796_MS190207_CID_F11_assay	proteomic profiling by mass spectrometry	data-dependent acquisition	NT=NT=dimethyl labeling;AC=MS:1002038	11	1	not available	not available	NT=Carbamidomethyl;AC=UNIMOD:4;TA=C;MT=Fixed	not available	not available	NT=['CBDPS', 'formaldehyde'];AC=[None, None];TA=['K,nterm', 'K,nterm']	strepavidin resin enrichment	not available	not available	not available	not available	MS190207_CID_F11.raw	NT=ms-proteomics;VV=v1.1.0	NT=crosslinking;VV=v1.0.0
PXD034796_MS192164_HCD_F5	Glycine max	nucleus	not available	2	PXD034796_MS192164_HCD_F5_assay	proteomic profiling by mass spectrometry	data-dependent acquisition	NT=NT=dimethyl labeling;AC=MS:1002038	5	1	not available	not available	NT=Carbamidomethyl;AC=UNIMOD:4;TA=C;MT=Fixed	not available	not available	NT=['CBDPS', 'formaldehyde'];AC=[None, None];TA=['K,nterm', 'K,nterm']	strepavidin resin enrichment	not available	not available	not available	not available	MS192164_HCD_F5.raw	NT=ms-proteomics;VV=v1.1.0	NT=crosslinking;VV=v1.0.0
PXD034796_MS181938_CID_R16	Glycine max	nucleus	not available	142	PXD034796_MS181938_CID_R16_assay	proteomic profiling by mass spectrometry	data-dependent acquisition	NT=NT=dimethyl labeling;AC=MS:1002038	1	1	not available	not available	NT=Carbamidomethyl;AC=UNIMOD:4;TA=C;MT=Fixed	not available	not available	NT=['CBDPS', 'formaldehyde'];AC=[None, None];TA=['K,nterm', 'K,nterm']	strepavidin resin enrichment	not available	not available	not available	not available	MS181938_CID_R16.raw	NT=ms-proteomics;VV=v1.1.0	NT=crosslinking;VV=v1.0.0
PXD034796_MS181452_R2_HCD	Glycine max	nucleus	not available	143	PXD034796_MS181452_R2_HCD_assay	proteomic profiling by mass spectrometry	data-dependent acquisition	NT=NT=dimethyl labeling;AC=MS:1002038	1	1	not available	not available	NT=Carbamidomethyl;AC=UNIMOD:4;TA=C;MT=Fixed	not available	not available	NT=['CBDPS', 'formaldehyde'];AC=[None, None];TA=['K,nterm', 'K,nterm']	strepavidin resin enrichment	not available	not available	not available	not available	MS181452_R2_HCD.raw	NT=ms-proteomics;VV=v1.1.0	NT=crosslinking;VV=v1.0.0
PXD034796_MS181938_HCD_R3	Glycine max	nucleus	not available	144	PXD034796_MS181938_HCD_R3_assay	proteomic profiling by mass spectrometry	data-dependent acquisition	NT=NT=dimethyl labeling;AC=MS:1002038	1	1	not available	not available	NT=Carbamidomethyl;AC=UNIMOD:4;TA=C;MT=Fixed	not available	not available	NT=['CBDPS', 'formaldehyde'];AC=[None, None];TA=['K,nterm', 'K,nterm']	strepavidin resin enrichment	not available	not available	not available	not available	MS181938_HCD_R3.raw	NT=ms-proteomics;VV=v1.1.0	NT=crosslinking;VV=v1.0.0
PXD034796_MS191930_CID_F10	Glycine max	nucleus	not available	7	PXD034796_MS191930_CID_F10_assay	proteomic profiling by mass spectrometry	data-dependent acquisition	NT=NT=dimethyl labeling;AC=MS:1002038	10	1	not available	not available	NT=Carbamidomethyl;AC=UNIMOD:4;TA=C;MT=Fixed	not available	not available	NT=['CBDPS', 'formaldehyde'];AC=[None, None];TA=['K,nterm', 'K,nterm']	strepavidin resin enrichment	not available	not available	not available	not available	MS191930_CID_F10.raw	NT=ms-proteomics;VV=v1.1.0	NT=crosslinking;VV=v1.0.0
PXD034796_MS190207_HCD_R3	Glycine max	nucleus	not available	145	PXD034796_MS190207_HCD_R3_assay	proteomic profiling by mass spectrometry	data-dependent acquisition	NT=NT=dimethyl labeling;AC=MS:1002038	1	1	not available	not available	NT=Carbamidomethyl;AC=UNIMOD:4;TA=C;MT=Fixed	not available	not available	NT=['CBDPS', 'formaldehyde'];AC=[None, None];TA=['K,nterm', 'K,nterm']	strepavidin resin enrichment	not available	not available	not available	not available	MS190207_HCD_R3.raw	NT=ms-proteomics;VV=v1.1.0	NT=crosslinking;VV=v1.0.0
PXD034796_MS190207_HCD_F6	Glycine max	nucleus	not available	5	PXD034796_MS190207_HCD_F6_assay	proteomic profiling by mass spectrometry	data-dependent acquisition	NT=NT=dimethyl labeling;AC=MS:1002038	6	1	not available	not available	NT=Carbamidomethyl;AC=UNIMOD:4;TA=C;MT=Fixed	not available	not available	NT=['CBDPS', 'formaldehyde'];AC=[None, None];TA=['K,nterm', 'K,nterm']	strepavidin resin enrichment	not available	not available	not available	not available	MS190207_HCD_F6.raw	NT=ms-proteomics;VV=v1.1.0	NT=crosslinking;VV=v1.0.0
PXD034796_MS181938_HCD_F6	Glycine max	nucleus	not available	6	PXD034796_MS181938_HCD_F6_assay	proteomic profiling by mass spectrometry	data-dependent acquisition	NT=NT=dimethyl labeling;AC=MS:1002038	6	1	not available	not available	NT=Carbamidomethyl;AC=UNIMOD:4;TA=C;MT=Fixed	not available	not available	NT=['CBDPS', 'formaldehyde'];AC=[None, None];TA=['K,nterm', 'K,nterm']	strepavidin resin enrichment	not available	not available	not available	not available	MS181938_HCD_F6.raw	NT=ms-proteomics;VV=v1.1.0	NT=crosslinking;VV=v1.0.0
PXD034796_MS181452_F21_CID	Glycine max	nucleus	not available	2	PXD034796_MS181452_F21_CID_assay	proteomic profiling by mass spectrometry	data-dependent acquisition	NT=NT=dimethyl labeling;AC=MS:1002038	21	1	not available	not available	NT=Carbamidomethyl;AC=UNIMOD:4;TA=C;MT=Fixed	not available	not available	NT=['CBDPS', 'formaldehyde'];AC=[None, None];TA=['K,nterm', 'K,nterm']	strepavidin resin enrichment	not available	not available	not available	not available	MS181452_F21_CID.raw	NT=ms-proteomics;VV=v1.1.0	NT=crosslinking;VV=v1.0.0
PXD034796_MS191930_HCD_F17	Glycine max	nucleus	not available	8	PXD034796_MS191930_HCD_F17_assay	proteomic profiling by mass spectrometry	data-dependent acquisition	NT=NT=dimethyl labeling;AC=MS:1002038	17	1	not available	not available	NT=Carbamidomethyl;AC=UNIMOD:4;TA=C;MT=Fixed	not available	not available	NT=['CBDPS', 'formaldehyde'];AC=[None, None];TA=['K,nterm', 'K,nterm']	strepavidin resin enrichment	not available	not available	not available	not available	MS191930_HCD_F17.raw	NT=ms-proteomics;VV=v1.1.0	NT=crosslinking;VV=v1.0.0
PXD034796_MS191404_HCD_F4	Glycine max	nucleus	not available	10	PXD034796_MS191404_HCD_F4_assay	proteomic profiling by mass spectrometry	data-dependent acquisition	NT=NT=dimethyl labeling;AC=MS:1002038	4	1	not available	not available	NT=Carbamidomethyl;AC=UNIMOD:4;TA=C;MT=Fixed	not available	not available	NT=['CBDPS', 'formaldehyde'];AC=[None, None];TA=['K,nterm', 'K,nterm']	strepavidin resin enrichment	not available	not available	not available	not available	MS191404_HCD_F4.raw	NT=ms-proteomics;VV=v1.1.0	NT=crosslinking;VV=v1.0.0
PXD034796_MS191404_CID_F14	Glycine max	nucleus	not available	8	PXD034796_MS191404_CID_F14_assay	proteomic profiling by mass spectrometry	data-dependent acquisition	NT=NT=dimethyl labeling;AC=MS:1002038	14	1	not available	not available	NT=Carbamidomethyl;AC=UNIMOD:4;TA=C;MT=Fixed	not available	not available	NT=['CBDPS', 'formaldehyde'];AC=[None, None];TA=['K,nterm', 'K,nterm']	strepavidin resin enrichment	not available	not available	not available	not available	MS191404_CID_F14.raw	NT=ms-proteomics;VV=v1.1.0	NT=crosslinking;VV=v1.0.0
PXD034796_MS192164_HCD_F6	Glycine max	nucleus	not available	7	PXD034796_MS192164_HCD_F6_assay	proteomic profiling by mass spectrometry	data-dependent acquisition	NT=NT=dimethyl labeling;AC=MS:1002038	6	1	not available	not available	NT=Carbamidomethyl;AC=UNIMOD:4;TA=C;MT=Fixed	not available	not available	NT=['CBDPS', 'formaldehyde'];AC=[None, None];TA=['K,nterm', 'K,nterm']	strepavidin resin enrichment	not available	not available	not available	not available	MS192164_HCD_F6.raw	NT=ms-proteomics;VV=v1.1.0	NT=crosslinking;VV=v1.0.0
PXD034796_MS181452_F5_CID	Glycine max	nucleus	not available	3	PXD034796_MS181452_F5_CID_assay	proteomic profiling by mass spectrometry	data-dependent acquisition	NT=NT=dimethyl labeling;AC=MS:1002038	5	1	not available	not available	NT=Carbamidomethyl;AC=UNIMOD:4;TA=C;MT=Fixed	not available	not available	NT=['CBDPS', 'formaldehyde'];AC=[None, None];TA=['K,nterm', 'K,nterm']	strepavidin resin enrichment	not available	not available	not available	not available	MS181452_F5_CID.raw	NT=ms-proteomics;VV=v1.1.0	NT=crosslinking;VV=v1.0.0
PXD034796_MS181938_CID_R19	Glycine max	nucleus	not available	146	PXD034796_MS181938_CID_R19_assay	proteomic profiling by mass spectrometry	data-dependent acquisition	NT=NT=dimethyl labeling;AC=MS:1002038	1	1	not available	not available	NT=Carbamidomethyl;AC=UNIMOD:4;TA=C;MT=Fixed	not available	not available	NT=['CBDPS', 'formaldehyde'];AC=[None, None];TA=['K,nterm', 'K,nterm']	strepavidin resin enrichment	not available	not available	not available	not available	MS181938_CID_R19.raw	NT=ms-proteomics;VV=v1.1.0	NT=crosslinking;VV=v1.0.0
PXD034796_MS191404_CID_F15	Glycine max	nucleus	not available	5	PXD034796_MS191404_CID_F15_assay	proteomic profiling by mass spectrometry	data-dependent acquisition	NT=NT=dimethyl labeling;AC=MS:1002038	15	1	not available	not available	NT=Carbamidomethyl;AC=UNIMOD:4;TA=C;MT=Fixed	not available	not available	NT=['CBDPS', 'formaldehyde'];AC=[None, None];TA=['K,nterm', 'K,nterm']	strepavidin resin enrichment	not available	not available	not available	not available	MS191404_CID_F15.raw	NT=ms-proteomics;VV=v1.1.0	NT=crosslinking;VV=v1.0.0
PXD034796_MS191930_CID_R7	Glycine max	nucleus	not available	147	PXD034796_MS191930_CID_R7_assay	proteomic profiling by mass spectrometry	data-dependent acquisition	NT=NT=dimethyl labeling;AC=MS:1002038	1	1	not available	not available	NT=Carbamidomethyl;AC=UNIMOD:4;TA=C;MT=Fixed	not available	not available	NT=['CBDPS', 'formaldehyde'];AC=[None, None];TA=['K,nterm', 'K,nterm']	strepavidin resin enrichment	not available	not available	not available	not available	MS191930_CID_R7.raw	NT=ms-proteomics;VV=v1.1.0	NT=crosslinking;VV=v1.0.0
PXD034796_MS191404_HCD_R2	Glycine max	nucleus	not available	148	PXD034796_MS191404_HCD_R2_assay	proteomic profiling by mass spectrometry	data-dependent acquisition	NT=NT=dimethyl labeling;AC=MS:1002038	1	1	not available	not available	NT=Carbamidomethyl;AC=UNIMOD:4;TA=C;MT=Fixed	not available	not available	NT=['CBDPS', 'formaldehyde'];AC=[None, None];TA=['K,nterm', 'K,nterm']	strepavidin resin enrichment	not available	not available	not available	not available	MS191404_HCD_R2.raw	NT=ms-proteomics;VV=v1.1.0	NT=crosslinking;VV=v1.0.0
PXD034796_MS181938_CID_F23	Glycine max	nucleus	not available	4	PXD034796_MS181938_CID_F23_assay	proteomic profiling by mass spectrometry	data-dependent acquisition	NT=NT=dimethyl labeling;AC=MS:1002038	23	1	not available	not available	NT=Carbamidomethyl;AC=UNIMOD:4;TA=C;MT=Fixed	not available	not available	NT=['CBDPS', 'formaldehyde'];AC=[None, None];TA=['K,nterm', 'K,nterm']	strepavidin resin enrichment	not available	not available	not available	not available	MS181938_CID_F23.raw	NT=ms-proteomics;VV=v1.1.0	NT=crosslinking;VV=v1.0.0
PXD034796_MS181938_HCD_R2	Glycine max	nucleus	not available	149	PXD034796_MS181938_HCD_R2_assay	proteomic profiling by mass spectrometry	data-dependent acquisition	NT=NT=dimethyl labeling;AC=MS:1002038	1	1	not available	not available	NT=Carbamidomethyl;AC=UNIMOD:4;TA=C;MT=Fixed	not available	not available	NT=['CBDPS', 'formaldehyde'];AC=[None, None];TA=['K,nterm', 'K,nterm']	strepavidin resin enrichment	not available	not available	not available	not available	MS181938_HCD_R2.raw	NT=ms-proteomics;VV=v1.1.0	NT=crosslinking;VV=v1.0.0
PXD034796_MS191930_CID_R10	Glycine max	nucleus	not available	150	PXD034796_MS191930_CID_R10_assay	proteomic profiling by mass spectrometry	data-dependent acquisition	NT=NT=dimethyl labeling;AC=MS:1002038	1	1	not available	not available	NT=Carbamidomethyl;AC=UNIMOD:4;TA=C;MT=Fixed	not available	not available	NT=['CBDPS', 'formaldehyde'];AC=[None, None];TA=['K,nterm', 'K,nterm']	strepavidin resin enrichment	not available	not available	not available	not available	MS191930_CID_R10.raw	NT=ms-proteomics;VV=v1.1.0	NT=crosslinking;VV=v1.0.0
PXD034796_MS191404_CID_F18	Glycine max	nucleus	not available	8	PXD034796_MS191404_CID_F18_assay	proteomic profiling by mass spectrometry	data-dependent acquisition	NT=NT=dimethyl labeling;AC=MS:1002038	18	1	not available	not available	NT=Carbamidomethyl;AC=UNIMOD:4;TA=C;MT=Fixed	not available	not available	NT=['CBDPS', 'formaldehyde'];AC=[None, None];TA=['K,nterm', 'K,nterm']	strepavidin resin enrichment	not available	not available	not available	not available	MS191404_CID_F18.raw	NT=ms-proteomics;VV=v1.1.0	NT=crosslinking;VV=v1.0.0
PXD034796_MS191404_CID_R1	Glycine max	nucleus	not available	151	PXD034796_MS191404_CID_R1_assay	proteomic profiling by mass spectrometry	data-dependent acquisition	NT=NT=dimethyl labeling;AC=MS:1002038	1	1	not available	not available	NT=Carbamidomethyl;AC=UNIMOD:4;TA=C;MT=Fixed	not available	not available	NT=['CBDPS', 'formaldehyde'];AC=[None, None];TA=['K,nterm', 'K,nterm']	strepavidin resin enrichment	not available	not available	not available	not available	MS191404_CID_R1.raw	NT=ms-proteomics;VV=v1.1.0	NT=crosslinking;VV=v1.0.0
PXD034796_MS192164_HCD_R9	Glycine max	nucleus	not available	152	PXD034796_MS192164_HCD_R9_assay	proteomic profiling by mass spectrometry	data-dependent acquisition	NT=NT=dimethyl labeling;AC=MS:1002038	1	1	not available	not available	NT=Carbamidomethyl;AC=UNIMOD:4;TA=C;MT=Fixed	not available	not available	NT=['CBDPS', 'formaldehyde'];AC=[None, None];TA=['K,nterm', 'K,nterm']	strepavidin resin enrichment	not available	not available	not available	not available	MS192164_HCD_R9.raw	NT=ms-proteomics;VV=v1.1.0	NT=crosslinking;VV=v1.0.0
PXD034796_MS191930_CID_F19	Glycine max	nucleus	not available	5	PXD034796_MS191930_CID_F19_assay	proteomic profiling by mass spectrometry	data-dependent acquisition	NT=NT=dimethyl labeling;AC=MS:1002038	19	1	not available	not available	NT=Carbamidomethyl;AC=UNIMOD:4;TA=C;MT=Fixed	not available	not available	NT=['CBDPS', 'formaldehyde'];AC=[None, None];TA=['K,nterm', 'K,nterm']	strepavidin resin enrichment	not available	not available	not available	not available	MS191930_CID_F19.raw	NT=ms-proteomics;VV=v1.1.0	NT=crosslinking;VV=v1.0.0
PXD034796_MS190207_CID_F3	Glycine max	nucleus	not available	8	PXD034796_MS190207_CID_F3_assay	proteomic profiling by mass spectrometry	data-dependent acquisition	NT=NT=dimethyl labeling;AC=MS:1002038	3	1	not available	not available	NT=Carbamidomethyl;AC=UNIMOD:4;TA=C;MT=Fixed	not available	not available	NT=['CBDPS', 'formaldehyde'];AC=[None, None];TA=['K,nterm', 'K,nterm']	strepavidin resin enrichment	not available	not available	not available	not available	MS190207_CID_F3.raw	NT=ms-proteomics;VV=v1.1.0	NT=crosslinking;VV=v1.0.0
PXD034796_MS190207_CID_R9	Glycine max	nucleus	not available	153	PXD034796_MS190207_CID_R9_assay	proteomic profiling by mass spectrometry	data-dependent acquisition	NT=NT=dimethyl labeling;AC=MS:1002038	1	1	not available	not available	NT=Carbamidomethyl;AC=UNIMOD:4;TA=C;MT=Fixed	not available	not available	NT=['CBDPS', 'formaldehyde'];AC=[None, None];TA=['K,nterm', 'K,nterm']	strepavidin resin enrichment	not available	not available	not available	not available	MS190207_CID_R9.raw	NT=ms-proteomics;VV=v1.1.0	NT=crosslinking;VV=v1.0.0
PXD034796_MS191404_HCD_F10	Glycine max	nucleus	not available	8	PXD034796_MS191404_HCD_F10_assay	proteomic profiling by mass spectrometry	data-dependent acquisition	NT=NT=dimethyl labeling;AC=MS:1002038	10	1	not available	not available	NT=Carbamidomethyl;AC=UNIMOD:4;TA=C;MT=Fixed	not available	not available	NT=['CBDPS', 'formaldehyde'];AC=[None, None];TA=['K,nterm', 'K,nterm']	strepavidin resin enrichment	not available	not available	not available	not available	MS191404_HCD_F10.raw	NT=ms-proteomics;VV=v1.1.0	NT=crosslinking;VV=v1.0.0
PXD034796_MS192164_HCD_F9	Glycine max	nucleus	not available	7	PXD034796_MS192164_HCD_F9_assay	proteomic profiling by mass spectrometry	data-dependent acquisition	NT=NT=dimethyl labeling;AC=MS:1002038	9	1	not available	not available	NT=Carbamidomethyl;AC=UNIMOD:4;TA=C;MT=Fixed	not available	not available	NT=['CBDPS', 'formaldehyde'];AC=[None, None];TA=['K,nterm', 'K,nterm']	strepavidin resin enrichment	not available	not available	not available	not available	MS192164_HCD_F9.raw	NT=ms-proteomics;VV=v1.1.0	NT=crosslinking;VV=v1.0.0
PXD034796_MS181938_CID_R20	Glycine max	nucleus	not available	154	PXD034796_MS181938_CID_R20_assay	proteomic profiling by mass spectrometry	data-dependent acquisition	NT=NT=dimethyl labeling;AC=MS:1002038	1	1	not available	not available	NT=Carbamidomethyl;AC=UNIMOD:4;TA=C;MT=Fixed	not available	not available	NT=['CBDPS', 'formaldehyde'];AC=[None, None];TA=['K,nterm', 'K,nterm']	strepavidin resin enrichment	not available	not available	not available	not available	MS181938_CID_R20.raw	NT=ms-proteomics;VV=v1.1.0	NT=crosslinking;VV=v1.0.0
PXD034796_MS190207_HCD_F5	Glycine max	nucleus	not available	4	PXD034796_MS190207_HCD_F5_assay	proteomic profiling by mass spectrometry	data-dependent acquisition	NT=NT=dimethyl labeling;AC=MS:1002038	5	1	not available	not available	NT=Carbamidomethyl;AC=UNIMOD:4;TA=C;MT=Fixed	not available	not available	NT=['CBDPS', 'formaldehyde'];AC=[None, None];TA=['K,nterm', 'K,nterm']	strepavidin resin enrichment	not available	not available	not available	not available	MS190207_HCD_F5.raw	NT=ms-proteomics;VV=v1.1.0	NT=crosslinking;VV=v1.0.0
PXD034796_MS191404_CID_F8	Glycine max	nucleus	not available	8	PXD034796_MS191404_CID_F8_assay	proteomic profiling by mass spectrometry	data-dependent acquisition	NT=NT=dimethyl labeling;AC=MS:1002038	8	1	not available	not available	NT=Carbamidomethyl;AC=UNIMOD:4;TA=C;MT=Fixed	not available	not available	NT=['CBDPS', 'formaldehyde'];AC=[None, None];TA=['K,nterm', 'K,nterm']	strepavidin resin enrichment	not available	not available	not available	not available	MS191404_CID_F8.raw	NT=ms-proteomics;VV=v1.1.0	NT=crosslinking;VV=v1.0.0
PXD034796_MS192164_CID_R16	Glycine max	nucleus	not available	155	PXD034796_MS192164_CID_R16_assay	proteomic profiling by mass spectrometry	data-dependent acquisition	NT=NT=dimethyl labeling;AC=MS:1002038	1	1	not available	not available	NT=Carbamidomethyl;AC=UNIMOD:4;TA=C;MT=Fixed	not available	not available	NT=['CBDPS', 'formaldehyde'];AC=[None, None];TA=['K,nterm', 'K,nterm']	strepavidin resin enrichment	not available	not available	not available	not available	MS192164_CID_R16.raw	NT=ms-proteomics;VV=v1.1.0	NT=crosslinking;VV=v1.0.0
PXD034796_MS181938_CID_F8	Glycine max	nucleus	not available	9	PXD034796_MS181938_CID_F8_assay	proteomic profiling by mass spectrometry	data-dependent acquisition	NT=NT=dimethyl labeling;AC=MS:1002038	8	1	not available	not available	NT=Carbamidomethyl;AC=UNIMOD:4;TA=C;MT=Fixed	not available	not available	NT=['CBDPS', 'formaldehyde'];AC=[None, None];TA=['K,nterm', 'K,nterm']	strepavidin resin enrichment	not available	not available	not available	not available	MS181938_CID_F8.raw	NT=ms-proteomics;VV=v1.1.0	NT=crosslinking;VV=v1.0.0
PXD034796_MS192164_HCD_F1	Glycine max	nucleus	not available	156	PXD034796_MS192164_HCD_F1_assay	proteomic profiling by mass spectrometry	data-dependent acquisition	NT=NT=dimethyl labeling;AC=MS:1002038	1	1	not available	not available	NT=Carbamidomethyl;AC=UNIMOD:4;TA=C;MT=Fixed	not available	not available	NT=['CBDPS', 'formaldehyde'];AC=[None, None];TA=['K,nterm', 'K,nterm']	strepavidin resin enrichment	not available	not available	not available	not available	MS192164_HCD_F1.raw	NT=ms-proteomics;VV=v1.1.0	NT=crosslinking;VV=v1.0.0
PXD034796_MS192164_CID_R11	Glycine max	nucleus	not available	157	PXD034796_MS192164_CID_R11_assay	proteomic profiling by mass spectrometry	data-dependent acquisition	NT=NT=dimethyl labeling;AC=MS:1002038	1	1	not available	not available	NT=Carbamidomethyl;AC=UNIMOD:4;TA=C;MT=Fixed	not available	not available	NT=['CBDPS', 'formaldehyde'];AC=[None, None];TA=['K,nterm', 'K,nterm']	strepavidin resin enrichment	not available	not available	not available	not available	MS192164_CID_R11.raw	NT=ms-proteomics;VV=v1.1.0	NT=crosslinking;VV=v1.0.0
PXD034796_MS181452_R5_CID	Glycine max	nucleus	not available	158	PXD034796_MS181452_R5_CID_assay	proteomic profiling by mass spectrometry	data-dependent acquisition	NT=NT=dimethyl labeling;AC=MS:1002038	1	1	not available	not available	NT=Carbamidomethyl;AC=UNIMOD:4;TA=C;MT=Fixed	not available	not available	NT=['CBDPS', 'formaldehyde'];AC=[None, None];TA=['K,nterm', 'K,nterm']	strepavidin resin enrichment	not available	not available	not available	not available	MS181452_R5_CID.raw	NT=ms-proteomics;VV=v1.1.0	NT=crosslinking;VV=v1.0.0
PXD034796_MS191404_HCD_R19	Glycine max	nucleus	not available	159	PXD034796_MS191404_HCD_R19_assay	proteomic profiling by mass spectrometry	data-dependent acquisition	NT=NT=dimethyl labeling;AC=MS:1002038	1	1	not available	not available	NT=Carbamidomethyl;AC=UNIMOD:4;TA=C;MT=Fixed	not available	not available	NT=['CBDPS', 'formaldehyde'];AC=[None, None];TA=['K,nterm', 'K,nterm']	strepavidin resin enrichment	not available	not available	not available	not available	MS191404_HCD_R19.raw	NT=ms-proteomics;VV=v1.1.0	NT=crosslinking;VV=v1.0.0
PXD034796_MS190207_CID_R8	Glycine max	nucleus	not available	160	PXD034796_MS190207_CID_R8_assay	proteomic profiling by mass spectrometry	data-dependent acquisition	NT=NT=dimethyl labeling;AC=MS:1002038	1	1	not available	not available	NT=Carbamidomethyl;AC=UNIMOD:4;TA=C;MT=Fixed	not available	not available	NT=['CBDPS', 'formaldehyde'];AC=[None, None];TA=['K,nterm', 'K,nterm']	strepavidin resin enrichment	not available	not available	not available	not available	MS190207_CID_R8.raw	NT=ms-proteomics;VV=v1.1.0	NT=crosslinking;VV=v1.0.0
PXD034796_MS181938_HCD_R14	Glycine max	nucleus	not available	161	PXD034796_MS181938_HCD_R14_assay	proteomic profiling by mass spectrometry	data-dependent acquisition	NT=NT=dimethyl labeling;AC=MS:1002038	1	1	not available	not available	NT=Carbamidomethyl;AC=UNIMOD:4;TA=C;MT=Fixed	not available	not available	NT=['CBDPS', 'formaldehyde'];AC=[None, None];TA=['K,nterm', 'K,nterm']	strepavidin resin enrichment	not available	not available	not available	not available	MS181938_HCD_R14.raw	NT=ms-proteomics;VV=v1.1.0	NT=crosslinking;VV=v1.0.0
PXD034796_MS191930_CID_F5	Glycine max	nucleus	not available	5	PXD034796_MS191930_CID_F5_assay	proteomic profiling by mass spectrometry	data-dependent acquisition	NT=NT=dimethyl labeling;AC=MS:1002038	5	1	not available	not available	NT=Carbamidomethyl;AC=UNIMOD:4;TA=C;MT=Fixed	not available	not available	NT=['CBDPS', 'formaldehyde'];AC=[None, None];TA=['K,nterm', 'K,nterm']	strepavidin resin enrichment	not available	not available	not available	not available	MS191930_CID_F5.raw	NT=ms-proteomics;VV=v1.1.0	NT=crosslinking;VV=v1.0.0
PXD034796_MS190207_HCD_R5	Glycine max	nucleus	not available	162	PXD034796_MS190207_HCD_R5_assay	proteomic profiling by mass spectrometry	data-dependent acquisition	NT=NT=dimethyl labeling;AC=MS:1002038	1	1	not available	not available	NT=Carbamidomethyl;AC=UNIMOD:4;TA=C;MT=Fixed	not available	not available	NT=['CBDPS', 'formaldehyde'];AC=[None, None];TA=['K,nterm', 'K,nterm']	strepavidin resin enrichment	not available	not available	not available	not available	MS190207_HCD_R5.raw	NT=ms-proteomics;VV=v1.1.0	NT=crosslinking;VV=v1.0.0
PXD034796_MS191930_CID_R15	Glycine max	nucleus	not available	163	PXD034796_MS191930_CID_R15_assay	proteomic profiling by mass spectrometry	data-dependent acquisition	NT=NT=dimethyl labeling;AC=MS:1002038	1	1	not available	not available	NT=Carbamidomethyl;AC=UNIMOD:4;TA=C;MT=Fixed	not available	not available	NT=['CBDPS', 'formaldehyde'];AC=[None, None];TA=['K,nterm', 'K,nterm']	strepavidin resin enrichment	not available	not available	not available	not available	MS191930_CID_R15.raw	NT=ms-proteomics;VV=v1.1.0	NT=crosslinking;VV=v1.0.0
PXD034796_MS181452_R17_HCD	Glycine max	nucleus	not available	164	PXD034796_MS181452_R17_HCD_assay	proteomic profiling by mass spectrometry	data-dependent acquisition	NT=NT=dimethyl labeling;AC=MS:1002038	1	1	not available	not available	NT=Carbamidomethyl;AC=UNIMOD:4;TA=C;MT=Fixed	not available	not available	NT=['CBDPS', 'formaldehyde'];AC=[None, None];TA=['K,nterm', 'K,nterm']	strepavidin resin enrichment	not available	not available	not available	not available	MS181452_R17_HCD.raw	NT=ms-proteomics;VV=v1.1.0	NT=crosslinking;VV=v1.0.0
PXD034796_MS191930_CID_R14	Glycine max	nucleus	not available	165	PXD034796_MS191930_CID_R14_assay	proteomic profiling by mass spectrometry	data-dependent acquisition	NT=NT=dimethyl labeling;AC=MS:1002038	1	1	not available	not available	NT=Carbamidomethyl;AC=UNIMOD:4;TA=C;MT=Fixed	not available	not available	NT=['CBDPS', 'formaldehyde'];AC=[None, None];TA=['K,nterm', 'K,nterm']	strepavidin resin enrichment	not available	not available	not available	not available	MS191930_CID_R14.raw	NT=ms-proteomics;VV=v1.1.0	NT=crosslinking;VV=v1.0.0
PXD034796_MS191404_HCD_R13	Glycine max	nucleus	not available	166	PXD034796_MS191404_HCD_R13_assay	proteomic profiling by mass spectrometry	data-dependent acquisition	NT=NT=dimethyl labeling;AC=MS:1002038	1	1	not available	not available	NT=Carbamidomethyl;AC=UNIMOD:4;TA=C;MT=Fixed	not available	not available	NT=['CBDPS', 'formaldehyde'];AC=[None, None];TA=['K,nterm', 'K,nterm']	strepavidin resin enrichment	not available	not available	not available	not available	MS191404_HCD_R13.raw	NT=ms-proteomics;VV=v1.1.0	NT=crosslinking;VV=v1.0.0
PXD034796_MS190207_CID_R5	Glycine max	nucleus	not available	167	PXD034796_MS190207_CID_R5_assay	proteomic profiling by mass spectrometry	data-dependent acquisition	NT=NT=dimethyl labeling;AC=MS:1002038	1	1	not available	not available	NT=Carbamidomethyl;AC=UNIMOD:4;TA=C;MT=Fixed	not available	not available	NT=['CBDPS', 'formaldehyde'];AC=[None, None];TA=['K,nterm', 'K,nterm']	strepavidin resin enrichment	not available	not available	not available	not available	MS190207_CID_R5.raw	NT=ms-proteomics;VV=v1.1.0	NT=crosslinking;VV=v1.0.0
PXD034796_MS192164_HCD_F17	Glycine max	nucleus	not available	9	PXD034796_MS192164_HCD_F17_assay	proteomic profiling by mass spectrometry	data-dependent acquisition	NT=NT=dimethyl labeling;AC=MS:1002038	17	1	not available	not available	NT=Carbamidomethyl;AC=UNIMOD:4;TA=C;MT=Fixed	not available	not available	NT=['CBDPS', 'formaldehyde'];AC=[None, None];TA=['K,nterm', 'K,nterm']	strepavidin resin enrichment	not available	not available	not available	not available	MS192164_HCD_F17.raw	NT=ms-proteomics;VV=v1.1.0	NT=crosslinking;VV=v1.0.0
PXD034796_MS192164_CID_R10	Glycine max	nucleus	not available	168	PXD034796_MS192164_CID_R10_assay	proteomic profiling by mass spectrometry	data-dependent acquisition	NT=NT=dimethyl labeling;AC=MS:1002038	1	1	not available	not available	NT=Carbamidomethyl;AC=UNIMOD:4;TA=C;MT=Fixed	not available	not available	NT=['CBDPS', 'formaldehyde'];AC=[None, None];TA=['K,nterm', 'K,nterm']	strepavidin resin enrichment	not available	not available	not available	not available	MS192164_CID_R10.raw	NT=ms-proteomics;VV=v1.1.0	NT=crosslinking;VV=v1.0.0
PXD034796_MS190207_HCD_F10	Glycine max	nucleus	not available	9	PXD034796_MS190207_HCD_F10_assay	proteomic profiling by mass spectrometry	data-dependent acquisition	NT=NT=dimethyl labeling;AC=MS:1002038	10	1	not available	not available	NT=Carbamidomethyl;AC=UNIMOD:4;TA=C;MT=Fixed	not available	not available	NT=['CBDPS', 'formaldehyde'];AC=[None, None];TA=['K,nterm', 'K,nterm']	strepavidin resin enrichment	not available	not available	not available	not available	MS190207_HCD_F10.raw	NT=ms-proteomics;VV=v1.1.0	NT=crosslinking;VV=v1.0.0
PXD034796_MS181452_F3_CID	Glycine max	nucleus	not available	9	PXD034796_MS181452_F3_CID_assay	proteomic profiling by mass spectrometry	data-dependent acquisition	NT=NT=dimethyl labeling;AC=MS:1002038	3	1	not available	not available	NT=Carbamidomethyl;AC=UNIMOD:4;TA=C;MT=Fixed	not available	not available	NT=['CBDPS', 'formaldehyde'];AC=[None, None];TA=['K,nterm', 'K,nterm']	strepavidin resin enrichment	not available	not available	not available	not available	MS181452_F3_CID.raw	NT=ms-proteomics;VV=v1.1.0	NT=crosslinking;VV=v1.0.0
PXD034796_MS181938_HCD_R7	Glycine max	nucleus	not available	169	PXD034796_MS181938_HCD_R7_assay	proteomic profiling by mass spectrometry	data-dependent acquisition	NT=NT=dimethyl labeling;AC=MS:1002038	1	1	not available	not available	NT=Carbamidomethyl;AC=UNIMOD:4;TA=C;MT=Fixed	not available	not available	NT=['CBDPS', 'formaldehyde'];AC=[None, None];TA=['K,nterm', 'K,nterm']	strepavidin resin enrichment	not available	not available	not available	not available	MS181938_HCD_R7.raw	NT=ms-proteomics;VV=v1.1.0	NT=crosslinking;VV=v1.0.0
PXD034796_MS191930_CID_R5	Glycine max	nucleus	not available	170	PXD034796_MS191930_CID_R5_assay	proteomic profiling by mass spectrometry	data-dependent acquisition	NT=NT=dimethyl labeling;AC=MS:1002038	1	1	not available	not available	NT=Carbamidomethyl;AC=UNIMOD:4;TA=C;MT=Fixed	not available	not available	NT=['CBDPS', 'formaldehyde'];AC=[None, None];TA=['K,nterm', 'K,nterm']	strepavidin resin enrichment	not available	not available	not available	not available	MS191930_CID_R5.raw	NT=ms-proteomics;VV=v1.1.0	NT=crosslinking;VV=v1.0.0
PXD034796_MS191404_CID_R6	Glycine max	nucleus	not available	171	PXD034796_MS191404_CID_R6_assay	proteomic profiling by mass spectrometry	data-dependent acquisition	NT=NT=dimethyl labeling;AC=MS:1002038	1	1	not available	not available	NT=Carbamidomethyl;AC=UNIMOD:4;TA=C;MT=Fixed	not available	not available	NT=['CBDPS', 'formaldehyde'];AC=[None, None];TA=['K,nterm', 'K,nterm']	strepavidin resin enrichment	not available	not available	not available	not available	MS191404_CID_R6.raw	NT=ms-proteomics;VV=v1.1.0	NT=crosslinking;VV=v1.0.0
PXD034796_MS181938_HCD_R6	Glycine max	nucleus	not available	172	PXD034796_MS181938_HCD_R6_assay	proteomic profiling by mass spectrometry	data-dependent acquisition	NT=NT=dimethyl labeling;AC=MS:1002038	1	1	not available	not available	NT=Carbamidomethyl;AC=UNIMOD:4;TA=C;MT=Fixed	not available	not available	NT=['CBDPS', 'formaldehyde'];AC=[None, None];TA=['K,nterm', 'K,nterm']	strepavidin resin enrichment	not available	not available	not available	not available	MS181938_HCD_R6.raw	NT=ms-proteomics;VV=v1.1.0	NT=crosslinking;VV=v1.0.0
PXD034796_MS192164_CID_F9	Glycine max	nucleus	not available	8	PXD034796_MS192164_CID_F9_assay	proteomic profiling by mass spectrometry	data-dependent acquisition	NT=NT=dimethyl labeling;AC=MS:1002038	9	1	not available	not available	NT=Carbamidomethyl;AC=UNIMOD:4;TA=C;MT=Fixed	not available	not available	NT=['CBDPS', 'formaldehyde'];AC=[None, None];TA=['K,nterm', 'K,nterm']	strepavidin resin enrichment	not available	not available	not available	not available	MS192164_CID_F9.raw	NT=ms-proteomics;VV=v1.1.0	NT=crosslinking;VV=v1.0.0
PXD034796_MS181452_R11_HCD	Glycine max	nucleus	not available	173	PXD034796_MS181452_R11_HCD_assay	proteomic profiling by mass spectrometry	data-dependent acquisition	NT=NT=dimethyl labeling;AC=MS:1002038	1	1	not available	not available	NT=Carbamidomethyl;AC=UNIMOD:4;TA=C;MT=Fixed	not available	not available	NT=['CBDPS', 'formaldehyde'];AC=[None, None];TA=['K,nterm', 'K,nterm']	strepavidin resin enrichment	not available	not available	not available	not available	MS181452_R11_HCD.raw	NT=ms-proteomics;VV=v1.1.0	NT=crosslinking;VV=v1.0.0
PXD034796_MS181938_CID_F21	Glycine max	nucleus	not available	3	PXD034796_MS181938_CID_F21_assay	proteomic profiling by mass spectrometry	data-dependent acquisition	NT=NT=dimethyl labeling;AC=MS:1002038	21	1	not available	not available	NT=Carbamidomethyl;AC=UNIMOD:4;TA=C;MT=Fixed	not available	not available	NT=['CBDPS', 'formaldehyde'];AC=[None, None];TA=['K,nterm', 'K,nterm']	strepavidin resin enrichment	not available	not available	not available	not available	MS181938_CID_F21.raw	NT=ms-proteomics;VV=v1.1.0	NT=crosslinking;VV=v1.0.0
PXD034796_MS181452_R13_CID	Glycine max	nucleus	not available	174	PXD034796_MS181452_R13_CID_assay	proteomic profiling by mass spectrometry	data-dependent acquisition	NT=NT=dimethyl labeling;AC=MS:1002038	1	1	not available	not available	NT=Carbamidomethyl;AC=UNIMOD:4;TA=C;MT=Fixed	not available	not available	NT=['CBDPS', 'formaldehyde'];AC=[None, None];TA=['K,nterm', 'K,nterm']	strepavidin resin enrichment	not available	not available	not available	not available	MS181452_R13_CID.raw	NT=ms-proteomics;VV=v1.1.0	NT=crosslinking;VV=v1.0.0
PXD034796_MS190207_CID_F16	Glycine max	nucleus	not available	6	PXD034796_MS190207_CID_F16_assay	proteomic profiling by mass spectrometry	data-dependent acquisition	NT=NT=dimethyl labeling;AC=MS:1002038	16	1	not available	not available	NT=Carbamidomethyl;AC=UNIMOD:4;TA=C;MT=Fixed	not available	not available	NT=['CBDPS', 'formaldehyde'];AC=[None, None];TA=['K,nterm', 'K,nterm']	strepavidin resin enrichment	not available	not available	not available	not available	MS190207_CID_F16.raw	NT=ms-proteomics;VV=v1.1.0	NT=crosslinking;VV=v1.0.0
PXD034796_MS181938_HCD_R19	Glycine max	nucleus	not available	175	PXD034796_MS181938_HCD_R19_assay	proteomic profiling by mass spectrometry	data-dependent acquisition	NT=NT=dimethyl labeling;AC=MS:1002038	1	1	not available	not available	NT=Carbamidomethyl;AC=UNIMOD:4;TA=C;MT=Fixed	not available	not available	NT=['CBDPS', 'formaldehyde'];AC=[None, None];TA=['K,nterm', 'K,nterm']	strepavidin resin enrichment	not available	not available	not available	not available	MS181938_HCD_R19.raw	NT=ms-proteomics;VV=v1.1.0	NT=crosslinking;VV=v1.0.0
PXD034796_MS191930_CID_F15	Glycine max	nucleus	not available	6	PXD034796_MS191930_CID_F15_assay	proteomic profiling by mass spectrometry	data-dependent acquisition	NT=NT=dimethyl labeling;AC=MS:1002038	15	1	not available	not available	NT=Carbamidomethyl;AC=UNIMOD:4;TA=C;MT=Fixed	not available	not available	NT=['CBDPS', 'formaldehyde'];AC=[None, None];TA=['K,nterm', 'K,nterm']	strepavidin resin enrichment	not available	not available	not available	not available	MS191930_CID_F15.raw	NT=ms-proteomics;VV=v1.1.0	NT=crosslinking;VV=v1.0.0
PXD034796_MS181938_HCD_F1	Glycine max	nucleus	not available	176	PXD034796_MS181938_HCD_F1_assay	proteomic profiling by mass spectrometry	data-dependent acquisition	NT=NT=dimethyl labeling;AC=MS:1002038	1	1	not available	not available	NT=Carbamidomethyl;AC=UNIMOD:4;TA=C;MT=Fixed	not available	not available	NT=['CBDPS', 'formaldehyde'];AC=[None, None];TA=['K,nterm', 'K,nterm']	strepavidin resin enrichment	not available	not available	not available	not available	MS181938_HCD_F1.raw	NT=ms-proteomics;VV=v1.1.0	NT=crosslinking;VV=v1.0.0
PXD034796_MS192164_HCD_R2	Glycine max	nucleus	not available	177	PXD034796_MS192164_HCD_R2_assay	proteomic profiling by mass spectrometry	data-dependent acquisition	NT=NT=dimethyl labeling;AC=MS:1002038	1	1	not available	not available	NT=Carbamidomethyl;AC=UNIMOD:4;TA=C;MT=Fixed	not available	not available	NT=['CBDPS', 'formaldehyde'];AC=[None, None];TA=['K,nterm', 'K,nterm']	strepavidin resin enrichment	not available	not available	not available	not available	MS192164_HCD_R2.raw	NT=ms-proteomics;VV=v1.1.0	NT=crosslinking;VV=v1.0.0
PXD034796_MS192164_HCD_F13	Glycine max	nucleus	not available	7	PXD034796_MS192164_HCD_F13_assay	proteomic profiling by mass spectrometry	data-dependent acquisition	NT=NT=dimethyl labeling;AC=MS:1002038	13	1	not available	not available	NT=Carbamidomethyl;AC=UNIMOD:4;TA=C;MT=Fixed	not available	not available	NT=['CBDPS', 'formaldehyde'];AC=[None, None];TA=['K,nterm', 'K,nterm']	strepavidin resin enrichment	not available	not available	not available	not available	MS192164_HCD_F13.raw	NT=ms-proteomics;VV=v1.1.0	NT=crosslinking;VV=v1.0.0
PXD034796_MS181452_F5_HCD	Glycine max	nucleus	not available	6	PXD034796_MS181452_F5_HCD_assay	proteomic profiling by mass spectrometry	data-dependent acquisition	NT=NT=dimethyl labeling;AC=MS:1002038	5	1	not available	not available	NT=Carbamidomethyl;AC=UNIMOD:4;TA=C;MT=Fixed	not available	not available	NT=['CBDPS', 'formaldehyde'];AC=[None, None];TA=['K,nterm', 'K,nterm']	strepavidin resin enrichment	not available	not available	not available	not available	MS181452_F5_HCD.raw	NT=ms-proteomics;VV=v1.1.0	NT=crosslinking;VV=v1.0.0
PXD034796_MS190207_HCD_R8	Glycine max	nucleus	not available	178	PXD034796_MS190207_HCD_R8_assay	proteomic profiling by mass spectrometry	data-dependent acquisition	NT=NT=dimethyl labeling;AC=MS:1002038	1	1	not available	not available	NT=Carbamidomethyl;AC=UNIMOD:4;TA=C;MT=Fixed	not available	not available	NT=['CBDPS', 'formaldehyde'];AC=[None, None];TA=['K,nterm', 'K,nterm']	strepavidin resin enrichment	not available	not available	not available	not available	MS190207_HCD_R8.raw	NT=ms-proteomics;VV=v1.1.0	NT=crosslinking;VV=v1.0.0
PXD034796_MS181452_R1_HCD	Glycine max	nucleus	not available	179	PXD034796_MS181452_R1_HCD_assay	proteomic profiling by mass spectrometry	data-dependent acquisition	NT=NT=dimethyl labeling;AC=MS:1002038	1	1	not available	not available	NT=Carbamidomethyl;AC=UNIMOD:4;TA=C;MT=Fixed	not available	not available	NT=['CBDPS', 'formaldehyde'];AC=[None, None];TA=['K,nterm', 'K,nterm']	strepavidin resin enrichment	not available	not available	not available	not available	MS181452_R1_HCD.raw	NT=ms-proteomics;VV=v1.1.0	NT=crosslinking;VV=v1.0.0
PXD034796_MS181938_CID_F20	Glycine max	nucleus	not available	3	PXD034796_MS181938_CID_F20_assay	proteomic profiling by mass spectrometry	data-dependent acquisition	NT=NT=dimethyl labeling;AC=MS:1002038	20	1	not available	not available	NT=Carbamidomethyl;AC=UNIMOD:4;TA=C;MT=Fixed	not available	not available	NT=['CBDPS', 'formaldehyde'];AC=[None, None];TA=['K,nterm', 'K,nterm']	strepavidin resin enrichment	not available	not available	not available	not available	MS181938_CID_F20.raw	NT=ms-proteomics;VV=v1.1.0	NT=crosslinking;VV=v1.0.0
PXD034796_MS191930_HCD_F6	Glycine max	nucleus	not available	8	PXD034796_MS191930_HCD_F6_assay	proteomic profiling by mass spectrometry	data-dependent acquisition	NT=NT=dimethyl labeling;AC=MS:1002038	6	1	not available	not available	NT=Carbamidomethyl;AC=UNIMOD:4;TA=C;MT=Fixed	not available	not available	NT=['CBDPS', 'formaldehyde'];AC=[None, None];TA=['K,nterm', 'K,nterm']	strepavidin resin enrichment	not available	not available	not available	not available	MS191930_HCD_F6.raw	NT=ms-proteomics;VV=v1.1.0	NT=crosslinking;VV=v1.0.0
PXD034796_MS192164_CID_R18	Glycine max	nucleus	not available	180	PXD034796_MS192164_CID_R18_assay	proteomic profiling by mass spectrometry	data-dependent acquisition	NT=NT=dimethyl labeling;AC=MS:1002038	1	1	not available	not available	NT=Carbamidomethyl;AC=UNIMOD:4;TA=C;MT=Fixed	not available	not available	NT=['CBDPS', 'formaldehyde'];AC=[None, None];TA=['K,nterm', 'K,nterm']	strepavidin resin enrichment	not available	not available	not available	not available	MS192164_CID_R18.raw	NT=ms-proteomics;VV=v1.1.0	NT=crosslinking;VV=v1.0.0
PXD034796_MS181938_CID_F5	Glycine max	nucleus	not available	7	PXD034796_MS181938_CID_F5_assay	proteomic profiling by mass spectrometry	data-dependent acquisition	NT=NT=dimethyl labeling;AC=MS:1002038	5	1	not available	not available	NT=Carbamidomethyl;AC=UNIMOD:4;TA=C;MT=Fixed	not available	not available	NT=['CBDPS', 'formaldehyde'];AC=[None, None];TA=['K,nterm', 'K,nterm']	strepavidin resin enrichment	not available	not available	not available	not available	MS181938_CID_F5.raw	NT=ms-proteomics;VV=v1.1.0	NT=crosslinking;VV=v1.0.0
PXD034796_MS192164_HCD_F16	Glycine max	nucleus	not available	7	PXD034796_MS192164_HCD_F16_assay	proteomic profiling by mass spectrometry	data-dependent acquisition	NT=NT=dimethyl labeling;AC=MS:1002038	16	1	not available	not available	NT=Carbamidomethyl;AC=UNIMOD:4;TA=C;MT=Fixed	not available	not available	NT=['CBDPS', 'formaldehyde'];AC=[None, None];TA=['K,nterm', 'K,nterm']	strepavidin resin enrichment	not available	not available	not available	not available	MS192164_HCD_F16.raw	NT=ms-proteomics;VV=v1.1.0	NT=crosslinking;VV=v1.0.0
PXD034796_MS181452_R3_CID	Glycine max	nucleus	not available	181	PXD034796_MS181452_R3_CID_assay	proteomic profiling by mass spectrometry	data-dependent acquisition	NT=NT=dimethyl labeling;AC=MS:1002038	1	1	not available	not available	NT=Carbamidomethyl;AC=UNIMOD:4;TA=C;MT=Fixed	not available	not available	NT=['CBDPS', 'formaldehyde'];AC=[None, None];TA=['K,nterm', 'K,nterm']	strepavidin resin enrichment	not available	not available	not available	not available	MS181452_R3_CID.raw	NT=ms-proteomics;VV=v1.1.0	NT=crosslinking;VV=v1.0.0
PXD034796_MS191930_CID_R20	Glycine max	nucleus	not available	182	PXD034796_MS191930_CID_R20_assay	proteomic profiling by mass spectrometry	data-dependent acquisition	NT=NT=dimethyl labeling;AC=MS:1002038	1	1	not available	not available	NT=Carbamidomethyl;AC=UNIMOD:4;TA=C;MT=Fixed	not available	not available	NT=['CBDPS', 'formaldehyde'];AC=[None, None];TA=['K,nterm', 'K,nterm']	strepavidin resin enrichment	not available	not available	not available	not available	MS191930_CID_R20.raw	NT=ms-proteomics;VV=v1.1.0	NT=crosslinking;VV=v1.0.0
PXD034796_MS181452_F9_CID	Glycine max	nucleus	not available	9	PXD034796_MS181452_F9_CID_assay	proteomic profiling by mass spectrometry	data-dependent acquisition	NT=NT=dimethyl labeling;AC=MS:1002038	9	1	not available	not available	NT=Carbamidomethyl;AC=UNIMOD:4;TA=C;MT=Fixed	not available	not available	NT=['CBDPS', 'formaldehyde'];AC=[None, None];TA=['K,nterm', 'K,nterm']	strepavidin resin enrichment	not available	not available	not available	not available	MS181452_F9_CID.raw	NT=ms-proteomics;VV=v1.1.0	NT=crosslinking;VV=v1.0.0
PXD034796_MS181452_F19_HCD	Glycine max	nucleus	not available	6	PXD034796_MS181452_F19_HCD_assay	proteomic profiling by mass spectrometry	data-dependent acquisition	NT=NT=dimethyl labeling;AC=MS:1002038	19	1	not available	not available	NT=Carbamidomethyl;AC=UNIMOD:4;TA=C;MT=Fixed	not available	not available	NT=['CBDPS', 'formaldehyde'];AC=[None, None];TA=['K,nterm', 'K,nterm']	strepavidin resin enrichment	not available	not available	not available	not available	MS181452_F19_HCD.raw	NT=ms-proteomics;VV=v1.1.0	NT=crosslinking;VV=v1.0.0
PXD034796_MS181938_CID_F25	Glycine max	nucleus	not available	2	PXD034796_MS181938_CID_F25_assay	proteomic profiling by mass spectrometry	data-dependent acquisition	NT=NT=dimethyl labeling;AC=MS:1002038	25	1	not available	not available	NT=Carbamidomethyl;AC=UNIMOD:4;TA=C;MT=Fixed	not available	not available	NT=['CBDPS', 'formaldehyde'];AC=[None, None];TA=['K,nterm', 'K,nterm']	strepavidin resin enrichment	not available	not available	not available	not available	MS181938_CID_F25.raw	NT=ms-proteomics;VV=v1.1.0	NT=crosslinking;VV=v1.0.0
PXD034796_MS181938_CID_R1	Glycine max	nucleus	not available	183	PXD034796_MS181938_CID_R1_assay	proteomic profiling by mass spectrometry	data-dependent acquisition	NT=NT=dimethyl labeling;AC=MS:1002038	1	1	not available	not available	NT=Carbamidomethyl;AC=UNIMOD:4;TA=C;MT=Fixed	not available	not available	NT=['CBDPS', 'formaldehyde'];AC=[None, None];TA=['K,nterm', 'K,nterm']	strepavidin resin enrichment	not available	not available	not available	not available	MS181938_CID_R1.raw	NT=ms-proteomics;VV=v1.1.0	NT=crosslinking;VV=v1.0.0
PXD034796_MS192164_CID_F2	Glycine max	nucleus	not available	10	PXD034796_MS192164_CID_F2_assay	proteomic profiling by mass spectrometry	data-dependent acquisition	NT=NT=dimethyl labeling;AC=MS:1002038	2	1	not available	not available	NT=Carbamidomethyl;AC=UNIMOD:4;TA=C;MT=Fixed	not available	not available	NT=['CBDPS', 'formaldehyde'];AC=[None, None];TA=['K,nterm', 'K,nterm']	strepavidin resin enrichment	not available	not available	not available	not available	MS192164_CID_F2.raw	NT=ms-proteomics;VV=v1.1.0	NT=crosslinking;VV=v1.0.0
PXD034796_MS192164_HCD_R6	Glycine max	nucleus	not available	184	PXD034796_MS192164_HCD_R6_assay	proteomic profiling by mass spectrometry	data-dependent acquisition	NT=NT=dimethyl labeling;AC=MS:1002038	1	1	not available	not available	NT=Carbamidomethyl;AC=UNIMOD:4;TA=C;MT=Fixed	not available	not available	NT=['CBDPS', 'formaldehyde'];AC=[None, None];TA=['K,nterm', 'K,nterm']	strepavidin resin enrichment	not available	not available	not available	not available	MS192164_HCD_R6.raw	NT=ms-proteomics;VV=v1.1.0	NT=crosslinking;VV=v1.0.0
PXD034796_MS181452_R1_CID	Glycine max	nucleus	not available	185	PXD034796_MS181452_R1_CID_assay	proteomic profiling by mass spectrometry	data-dependent acquisition	NT=NT=dimethyl labeling;AC=MS:1002038	1	1	not available	not available	NT=Carbamidomethyl;AC=UNIMOD:4;TA=C;MT=Fixed	not available	not available	NT=['CBDPS', 'formaldehyde'];AC=[None, None];TA=['K,nterm', 'K,nterm']	strepavidin resin enrichment	not available	not available	not available	not available	MS181452_R1_CID.raw	NT=ms-proteomics;VV=v1.1.0	NT=crosslinking;VV=v1.0.0
PXD034796_MS190207_HCD_R10	Glycine max	nucleus	not available	186	PXD034796_MS190207_HCD_R10_assay	proteomic profiling by mass spectrometry	data-dependent acquisition	NT=NT=dimethyl labeling;AC=MS:1002038	1	1	not available	not available	NT=Carbamidomethyl;AC=UNIMOD:4;TA=C;MT=Fixed	not available	not available	NT=['CBDPS', 'formaldehyde'];AC=[None, None];TA=['K,nterm', 'K,nterm']	strepavidin resin enrichment	not available	not available	not available	not available	MS190207_HCD_R10.raw	NT=ms-proteomics;VV=v1.1.0	NT=crosslinking;VV=v1.0.0
PXD034796_MS191404_HCD_F20	Glycine max	nucleus	not available	4	PXD034796_MS191404_HCD_F20_assay	proteomic profiling by mass spectrometry	data-dependent acquisition	NT=NT=dimethyl labeling;AC=MS:1002038	20	1	not available	not available	NT=Carbamidomethyl;AC=UNIMOD:4;TA=C;MT=Fixed	not available	not available	NT=['CBDPS', 'formaldehyde'];AC=[None, None];TA=['K,nterm', 'K,nterm']	strepavidin resin enrichment	not available	not available	not available	not available	MS191404_HCD_F20.raw	NT=ms-proteomics;VV=v1.1.0	NT=crosslinking;VV=v1.0.0
PXD034796_MS191404_CID_R8	Glycine max	nucleus	not available	187	PXD034796_MS191404_CID_R8_assay	proteomic profiling by mass spectrometry	data-dependent acquisition	NT=NT=dimethyl labeling;AC=MS:1002038	1	1	not available	not available	NT=Carbamidomethyl;AC=UNIMOD:4;TA=C;MT=Fixed	not available	not available	NT=['CBDPS', 'formaldehyde'];AC=[None, None];TA=['K,nterm', 'K,nterm']	strepavidin resin enrichment	not available	not available	not available	not available	MS191404_CID_R8.raw	NT=ms-proteomics;VV=v1.1.0	NT=crosslinking;VV=v1.0.0
PXD034796_MS192164_HCD_F12	Glycine max	nucleus	not available	7	PXD034796_MS192164_HCD_F12_assay	proteomic profiling by mass spectrometry	data-dependent acquisition	NT=NT=dimethyl labeling;AC=MS:1002038	12	1	not available	not available	NT=Carbamidomethyl;AC=UNIMOD:4;TA=C;MT=Fixed	not available	not available	NT=['CBDPS', 'formaldehyde'];AC=[None, None];TA=['K,nterm', 'K,nterm']	strepavidin resin enrichment	not available	not available	not available	not available	MS192164_HCD_F12.raw	NT=ms-proteomics;VV=v1.1.0	NT=crosslinking;VV=v1.0.0
PXD034796_MS191404_HCD_R18	Glycine max	nucleus	not available	188	PXD034796_MS191404_HCD_R18_assay	proteomic profiling by mass spectrometry	data-dependent acquisition	NT=NT=dimethyl labeling;AC=MS:1002038	1	1	not available	not available	NT=Carbamidomethyl;AC=UNIMOD:4;TA=C;MT=Fixed	not available	not available	NT=['CBDPS', 'formaldehyde'];AC=[None, None];TA=['K,nterm', 'K,nterm']	strepavidin resin enrichment	not available	not available	not available	not available	MS191404_HCD_R18.raw	NT=ms-proteomics;VV=v1.1.0	NT=crosslinking;VV=v1.0.0
PXD034796_MS192164_HCD_R15	Glycine max	nucleus	not available	189	PXD034796_MS192164_HCD_R15_assay	proteomic profiling by mass spectrometry	data-dependent acquisition	NT=NT=dimethyl labeling;AC=MS:1002038	1	1	not available	not available	NT=Carbamidomethyl;AC=UNIMOD:4;TA=C;MT=Fixed	not available	not available	NT=['CBDPS', 'formaldehyde'];AC=[None, None];TA=['K,nterm', 'K,nterm']	strepavidin resin enrichment	not available	not available	not available	not available	MS192164_HCD_R15.raw	NT=ms-proteomics;VV=v1.1.0	NT=crosslinking;VV=v1.0.0
PXD034796_MS191404_CID_F7	Glycine max	nucleus	not available	9	PXD034796_MS191404_CID_F7_assay	proteomic profiling by mass spectrometry	data-dependent acquisition	NT=NT=dimethyl labeling;AC=MS:1002038	7	1	not available	not available	NT=Carbamidomethyl;AC=UNIMOD:4;TA=C;MT=Fixed	not available	not available	NT=['CBDPS', 'formaldehyde'];AC=[None, None];TA=['K,nterm', 'K,nterm']	strepavidin resin enrichment	not available	not available	not available	not available	MS191404_CID_F7.raw	NT=ms-proteomics;VV=v1.1.0	NT=crosslinking;VV=v1.0.0
PXD034796_MS191404_HCD_R10	Glycine max	nucleus	not available	190	PXD034796_MS191404_HCD_R10_assay	proteomic profiling by mass spectrometry	data-dependent acquisition	NT=NT=dimethyl labeling;AC=MS:1002038	1	1	not available	not available	NT=Carbamidomethyl;AC=UNIMOD:4;TA=C;MT=Fixed	not available	not available	NT=['CBDPS', 'formaldehyde'];AC=[None, None];TA=['K,nterm', 'K,nterm']	strepavidin resin enrichment	not available	not available	not available	not available	MS191404_HCD_R10.raw	NT=ms-proteomics;VV=v1.1.0	NT=crosslinking;VV=v1.0.0
PXD034796_MS190207_HCD_F11	Glycine max	nucleus	not available	10	PXD034796_MS190207_HCD_F11_assay	proteomic profiling by mass spectrometry	data-dependent acquisition	NT=NT=dimethyl labeling;AC=MS:1002038	11	1	not available	not available	NT=Carbamidomethyl;AC=UNIMOD:4;TA=C;MT=Fixed	not available	not available	NT=['CBDPS', 'formaldehyde'];AC=[None, None];TA=['K,nterm', 'K,nterm']	strepavidin resin enrichment	not available	not available	not available	not available	MS190207_HCD_F11.raw	NT=ms-proteomics;VV=v1.1.0	NT=crosslinking;VV=v1.0.0
PXD034796_MS190207_CID_F2	Glycine max	nucleus	not available	11	PXD034796_MS190207_CID_F2_assay	proteomic profiling by mass spectrometry	data-dependent acquisition	NT=NT=dimethyl labeling;AC=MS:1002038	2	1	not available	not available	NT=Carbamidomethyl;AC=UNIMOD:4;TA=C;MT=Fixed	not available	not available	NT=['CBDPS', 'formaldehyde'];AC=[None, None];TA=['K,nterm', 'K,nterm']	strepavidin resin enrichment	not available	not available	not available	not available	MS190207_CID_F2.raw	NT=ms-proteomics;VV=v1.1.0	NT=crosslinking;VV=v1.0.0
PXD034796_MS191404_CID_R9	Glycine max	nucleus	not available	191	PXD034796_MS191404_CID_R9_assay	proteomic profiling by mass spectrometry	data-dependent acquisition	NT=NT=dimethyl labeling;AC=MS:1002038	1	1	not available	not available	NT=Carbamidomethyl;AC=UNIMOD:4;TA=C;MT=Fixed	not available	not available	NT=['CBDPS', 'formaldehyde'];AC=[None, None];TA=['K,nterm', 'K,nterm']	strepavidin resin enrichment	not available	not available	not available	not available	MS191404_CID_R9.raw	NT=ms-proteomics;VV=v1.1.0	NT=crosslinking;VV=v1.0.0
PXD034796_MS191404_CID_R3	Glycine max	nucleus	not available	192	PXD034796_MS191404_CID_R3_assay	proteomic profiling by mass spectrometry	data-dependent acquisition	NT=NT=dimethyl labeling;AC=MS:1002038	1	1	not available	not available	NT=Carbamidomethyl;AC=UNIMOD:4;TA=C;MT=Fixed	not available	not available	NT=['CBDPS', 'formaldehyde'];AC=[None, None];TA=['K,nterm', 'K,nterm']	strepavidin resin enrichment	not available	not available	not available	not available	MS191404_CID_R3.raw	NT=ms-proteomics;VV=v1.1.0	NT=crosslinking;VV=v1.0.0
PXD034796_MS181452_F16_CID	Glycine max	nucleus	not available	8	PXD034796_MS181452_F16_CID_assay	proteomic profiling by mass spectrometry	data-dependent acquisition	NT=NT=dimethyl labeling;AC=MS:1002038	16	1	not available	not available	NT=Carbamidomethyl;AC=UNIMOD:4;TA=C;MT=Fixed	not available	not available	NT=['CBDPS', 'formaldehyde'];AC=[None, None];TA=['K,nterm', 'K,nterm']	strepavidin resin enrichment	not available	not available	not available	not available	MS181452_F16_CID.raw	NT=ms-proteomics;VV=v1.1.0	NT=crosslinking;VV=v1.0.0
PXD034796_MS192164_HCD_F15	Glycine max	nucleus	not available	7	PXD034796_MS192164_HCD_F15_assay	proteomic profiling by mass spectrometry	data-dependent acquisition	NT=NT=dimethyl labeling;AC=MS:1002038	15	1	not available	not available	NT=Carbamidomethyl;AC=UNIMOD:4;TA=C;MT=Fixed	not available	not available	NT=['CBDPS', 'formaldehyde'];AC=[None, None];TA=['K,nterm', 'K,nterm']	strepavidin resin enrichment	not available	not available	not available	not available	MS192164_HCD_F15.raw	NT=ms-proteomics;VV=v1.1.0	NT=crosslinking;VV=v1.0.0
PXD034796_MS192164_CID_R12	Glycine max	nucleus	not available	193	PXD034796_MS192164_CID_R12_assay	proteomic profiling by mass spectrometry	data-dependent acquisition	NT=NT=dimethyl labeling;AC=MS:1002038	1	1	not available	not available	NT=Carbamidomethyl;AC=UNIMOD:4;TA=C;MT=Fixed	not available	not available	NT=['CBDPS', 'formaldehyde'];AC=[None, None];TA=['K,nterm', 'K,nterm']	strepavidin resin enrichment	not available	not available	not available	not available	MS192164_CID_R12.raw	NT=ms-proteomics;VV=v1.1.0	NT=crosslinking;VV=v1.0.0
PXD034796_MS181452_R9_CID	Glycine max	nucleus	not available	194	PXD034796_MS181452_R9_CID_assay	proteomic profiling by mass spectrometry	data-dependent acquisition	NT=NT=dimethyl labeling;AC=MS:1002038	1	1	not available	not available	NT=Carbamidomethyl;AC=UNIMOD:4;TA=C;MT=Fixed	not available	not available	NT=['CBDPS', 'formaldehyde'];AC=[None, None];TA=['K,nterm', 'K,nterm']	strepavidin resin enrichment	not available	not available	not available	not available	MS181452_R9_CID.raw	NT=ms-proteomics;VV=v1.1.0	NT=crosslinking;VV=v1.0.0
PXD034796_MS181452_R8_CID	Glycine max	nucleus	not available	195	PXD034796_MS181452_R8_CID_assay	proteomic profiling by mass spectrometry	data-dependent acquisition	NT=NT=dimethyl labeling;AC=MS:1002038	1	1	not available	not available	NT=Carbamidomethyl;AC=UNIMOD:4;TA=C;MT=Fixed	not available	not available	NT=['CBDPS', 'formaldehyde'];AC=[None, None];TA=['K,nterm', 'K,nterm']	strepavidin resin enrichment	not available	not available	not available	not available	MS181452_R8_CID.raw	NT=ms-proteomics;VV=v1.1.0	NT=crosslinking;VV=v1.0.0
PXD034796_MS192164_CID_F5	Glycine max	nucleus	not available	8	PXD034796_MS192164_CID_F5_assay	proteomic profiling by mass spectrometry	data-dependent acquisition	NT=NT=dimethyl labeling;AC=MS:1002038	5	1	not available	not available	NT=Carbamidomethyl;AC=UNIMOD:4;TA=C;MT=Fixed	not available	not available	NT=['CBDPS', 'formaldehyde'];AC=[None, None];TA=['K,nterm', 'K,nterm']	strepavidin resin enrichment	not available	not available	not available	not available	MS192164_CID_F5.raw	NT=ms-proteomics;VV=v1.1.0	NT=crosslinking;VV=v1.0.0
PXD034796_MS191930_HCD_R1	Glycine max	nucleus	not available	196	PXD034796_MS191930_HCD_R1_assay	proteomic profiling by mass spectrometry	data-dependent acquisition	NT=NT=dimethyl labeling;AC=MS:1002038	1	1	not available	not available	NT=Carbamidomethyl;AC=UNIMOD:4;TA=C;MT=Fixed	not available	not available	NT=['CBDPS', 'formaldehyde'];AC=[None, None];TA=['K,nterm', 'K,nterm']	strepavidin resin enrichment	not available	not available	not available	not available	MS191930_HCD_R1.raw	NT=ms-proteomics;VV=v1.1.0	NT=crosslinking;VV=v1.0.0
PXD034796_MS181452_R10_CID	Glycine max	nucleus	not available	197	PXD034796_MS181452_R10_CID_assay	proteomic profiling by mass spectrometry	data-dependent acquisition	NT=NT=dimethyl labeling;AC=MS:1002038	1	1	not available	not available	NT=Carbamidomethyl;AC=UNIMOD:4;TA=C;MT=Fixed	not available	not available	NT=['CBDPS', 'formaldehyde'];AC=[None, None];TA=['K,nterm', 'K,nterm']	strepavidin resin enrichment	not available	not available	not available	not available	MS181452_R10_CID.raw	NT=ms-proteomics;VV=v1.1.0	NT=crosslinking;VV=v1.0.0
PXD034796_MS192164_HCD_F14	Glycine max	nucleus	not available	9	PXD034796_MS192164_HCD_F14_assay	proteomic profiling by mass spectrometry	data-dependent acquisition	NT=NT=dimethyl labeling;AC=MS:1002038	14	1	not available	not available	NT=Carbamidomethyl;AC=UNIMOD:4;TA=C;MT=Fixed	not available	not available	NT=['CBDPS', 'formaldehyde'];AC=[None, None];TA=['K,nterm', 'K,nterm']	strepavidin resin enrichment	not available	not available	not available	not available	MS192164_HCD_F14.raw	NT=ms-proteomics;VV=v1.1.0	NT=crosslinking;VV=v1.0.0
PXD034796_MS192164_HCD_R3	Glycine max	nucleus	not available	198	PXD034796_MS192164_HCD_R3_assay	proteomic profiling by mass spectrometry	data-dependent acquisition	NT=NT=dimethyl labeling;AC=MS:1002038	1	1	not available	not available	NT=Carbamidomethyl;AC=UNIMOD:4;TA=C;MT=Fixed	not available	not available	NT=['CBDPS', 'formaldehyde'];AC=[None, None];TA=['K,nterm', 'K,nterm']	strepavidin resin enrichment	not available	not available	not available	not available	MS192164_HCD_R3.raw	NT=ms-proteomics;VV=v1.1.0	NT=crosslinking;VV=v1.0.0
PXD034796_MS181938_HCD_F20	Glycine max	nucleus	not available	5	PXD034796_MS181938_HCD_F20_assay	proteomic profiling by mass spectrometry	data-dependent acquisition	NT=NT=dimethyl labeling;AC=MS:1002038	20	1	not available	not available	NT=Carbamidomethyl;AC=UNIMOD:4;TA=C;MT=Fixed	not available	not available	NT=['CBDPS', 'formaldehyde'];AC=[None, None];TA=['K,nterm', 'K,nterm']	strepavidin resin enrichment	not available	not available	not available	not available	MS181938_HCD_F20.raw	NT=ms-proteomics;VV=v1.1.0	NT=crosslinking;VV=v1.0.0
PXD034796_MS192164_CID_F1	Glycine max	nucleus	not available	199	PXD034796_MS192164_CID_F1_assay	proteomic profiling by mass spectrometry	data-dependent acquisition	NT=NT=dimethyl labeling;AC=MS:1002038	1	1	not available	not available	NT=Carbamidomethyl;AC=UNIMOD:4;TA=C;MT=Fixed	not available	not available	NT=['CBDPS', 'formaldehyde'];AC=[None, None];TA=['K,nterm', 'K,nterm']	strepavidin resin enrichment	not available	not available	not available	not available	MS192164_CID_F1.raw	NT=ms-proteomics;VV=v1.1.0	NT=crosslinking;VV=v1.0.0
PXD034796_MS181452_F10_CID	Glycine max	nucleus	not available	10	PXD034796_MS181452_F10_CID_assay	proteomic profiling by mass spectrometry	data-dependent acquisition	NT=NT=dimethyl labeling;AC=MS:1002038	10	1	not available	not available	NT=Carbamidomethyl;AC=UNIMOD:4;TA=C;MT=Fixed	not available	not available	NT=['CBDPS', 'formaldehyde'];AC=[None, None];TA=['K,nterm', 'K,nterm']	strepavidin resin enrichment	not available	not available	not available	not available	MS181452_F10_CID.raw	NT=ms-proteomics;VV=v1.1.0	NT=crosslinking;VV=v1.0.0
PXD034796_MS181938_CID_F10	Glycine max	nucleus	not available	11	PXD034796_MS181938_CID_F10_assay	proteomic profiling by mass spectrometry	data-dependent acquisition	NT=NT=dimethyl labeling;AC=MS:1002038	10	1	not available	not available	NT=Carbamidomethyl;AC=UNIMOD:4;TA=C;MT=Fixed	not available	not available	NT=['CBDPS', 'formaldehyde'];AC=[None, None];TA=['K,nterm', 'K,nterm']	strepavidin resin enrichment	not available	not available	not available	not available	MS181938_CID_F10.raw	NT=ms-proteomics;VV=v1.1.0	NT=crosslinking;VV=v1.0.0
PXD034796_MS181452_F17_CID	Glycine max	nucleus	not available	10	PXD034796_MS181452_F17_CID_assay	proteomic profiling by mass spectrometry	data-dependent acquisition	NT=NT=dimethyl labeling;AC=MS:1002038	17	1	not available	not available	NT=Carbamidomethyl;AC=UNIMOD:4;TA=C;MT=Fixed	not available	not available	NT=['CBDPS', 'formaldehyde'];AC=[None, None];TA=['K,nterm', 'K,nterm']	strepavidin resin enrichment	not available	not available	not available	not available	MS181452_F17_CID.raw	NT=ms-proteomics;VV=v1.1.0	NT=crosslinking;VV=v1.0.0
PXD034796_MS190207_HCD_F15	Glycine max	nucleus	not available	8	PXD034796_MS190207_HCD_F15_assay	proteomic profiling by mass spectrometry	data-dependent acquisition	NT=NT=dimethyl labeling;AC=MS:1002038	15	1	not available	not available	NT=Carbamidomethyl;AC=UNIMOD:4;TA=C;MT=Fixed	not available	not available	NT=['CBDPS', 'formaldehyde'];AC=[None, None];TA=['K,nterm', 'K,nterm']	strepavidin resin enrichment	not available	not available	not available	not available	MS190207_HCD_F15.raw	NT=ms-proteomics;VV=v1.1.0	NT=crosslinking;VV=v1.0.0
PXD034796_MS192164_CID_R6	Glycine max	nucleus	not available	200	PXD034796_MS192164_CID_R6_assay	proteomic profiling by mass spectrometry	data-dependent acquisition	NT=NT=dimethyl labeling;AC=MS:1002038	1	1	not available	not available	NT=Carbamidomethyl;AC=UNIMOD:4;TA=C;MT=Fixed	not available	not available	NT=['CBDPS', 'formaldehyde'];AC=[None, None];TA=['K,nterm', 'K,nterm']	strepavidin resin enrichment	not available	not available	not available	not available	MS192164_CID_R6.raw	NT=ms-proteomics;VV=v1.1.0	NT=crosslinking;VV=v1.0.0
PXD034796_MS181452_F11_CID	Glycine max	nucleus	not available	11	PXD034796_MS181452_F11_CID_assay	proteomic profiling by mass spectrometry	data-dependent acquisition	NT=NT=dimethyl labeling;AC=MS:1002038	11	1	not available	not available	NT=Carbamidomethyl;AC=UNIMOD:4;TA=C;MT=Fixed	not available	not available	NT=['CBDPS', 'formaldehyde'];AC=[None, None];TA=['K,nterm', 'K,nterm']	strepavidin resin enrichment	not available	not available	not available	not available	MS181452_F11_CID.raw	NT=ms-proteomics;VV=v1.1.0	NT=crosslinking;VV=v1.0.0
PXD034796_MS191930_CID_R11	Glycine max	nucleus	not available	201	PXD034796_MS191930_CID_R11_assay	proteomic profiling by mass spectrometry	data-dependent acquisition	NT=NT=dimethyl labeling;AC=MS:1002038	1	1	not available	not available	NT=Carbamidomethyl;AC=UNIMOD:4;TA=C;MT=Fixed	not available	not available	NT=['CBDPS', 'formaldehyde'];AC=[None, None];TA=['K,nterm', 'K,nterm']	strepavidin resin enrichment	not available	not available	not available	not available	MS191930_CID_R11.raw	NT=ms-proteomics;VV=v1.1.0	NT=crosslinking;VV=v1.0.0
PXD034796_MS191930_CID_F1	Glycine max	nucleus	not available	202	PXD034796_MS191930_CID_F1_assay	proteomic profiling by mass spectrometry	data-dependent acquisition	NT=NT=dimethyl labeling;AC=MS:1002038	1	1	not available	not available	NT=Carbamidomethyl;AC=UNIMOD:4;TA=C;MT=Fixed	not available	not available	NT=['CBDPS', 'formaldehyde'];AC=[None, None];TA=['K,nterm', 'K,nterm']	strepavidin resin enrichment	not available	not available	not available	not available	MS191930_CID_F1.raw	NT=ms-proteomics;VV=v1.1.0	NT=crosslinking;VV=v1.0.0
PXD034796_MS191404_HCD_F19	Glycine max	nucleus	not available	7	PXD034796_MS191404_HCD_F19_assay	proteomic profiling by mass spectrometry	data-dependent acquisition	NT=NT=dimethyl labeling;AC=MS:1002038	19	1	not available	not available	NT=Carbamidomethyl;AC=UNIMOD:4;TA=C;MT=Fixed	not available	not available	NT=['CBDPS', 'formaldehyde'];AC=[None, None];TA=['K,nterm', 'K,nterm']	strepavidin resin enrichment	not available	not available	not available	not available	MS191404_HCD_F19.raw	NT=ms-proteomics;VV=v1.1.0	NT=crosslinking;VV=v1.0.0
PXD034796_MS190207_CID_R14	Glycine max	nucleus	not available	203	PXD034796_MS190207_CID_R14_assay	proteomic profiling by mass spectrometry	data-dependent acquisition	NT=NT=dimethyl labeling;AC=MS:1002038	1	1	not available	not available	NT=Carbamidomethyl;AC=UNIMOD:4;TA=C;MT=Fixed	not available	not available	NT=['CBDPS', 'formaldehyde'];AC=[None, None];TA=['K,nterm', 'K,nterm']	strepavidin resin enrichment	not available	not available	not available	not available	MS190207_CID_R14.raw	NT=ms-proteomics;VV=v1.1.0	NT=crosslinking;VV=v1.0.0
PXD034796_MS181938_CID_F19	Glycine max	nucleus	not available	8	PXD034796_MS181938_CID_F19_assay	proteomic profiling by mass spectrometry	data-dependent acquisition	NT=NT=dimethyl labeling;AC=MS:1002038	19	1	not available	not available	NT=Carbamidomethyl;AC=UNIMOD:4;TA=C;MT=Fixed	not available	not available	NT=['CBDPS', 'formaldehyde'];AC=[None, None];TA=['K,nterm', 'K,nterm']	strepavidin resin enrichment	not available	not available	not available	not available	MS181938_CID_F19.raw	NT=ms-proteomics;VV=v1.1.0	NT=crosslinking;VV=v1.0.0
PXD034796_MS191404_CID_F1	Glycine max	nucleus	not available	204	PXD034796_MS191404_CID_F1_assay	proteomic profiling by mass spectrometry	data-dependent acquisition	NT=NT=dimethyl labeling;AC=MS:1002038	1	1	not available	not available	NT=Carbamidomethyl;AC=UNIMOD:4;TA=C;MT=Fixed	not available	not available	NT=['CBDPS', 'formaldehyde'];AC=[None, None];TA=['K,nterm', 'K,nterm']	strepavidin resin enrichment	not available	not available	not available	not available	MS191404_CID_F1.raw	NT=ms-proteomics;VV=v1.1.0	NT=crosslinking;VV=v1.0.0
PXD034796_MS191404_CID_F6	Glycine max	nucleus	not available	9	PXD034796_MS191404_CID_F6_assay	proteomic profiling by mass spectrometry	data-dependent acquisition	NT=NT=dimethyl labeling;AC=MS:1002038	6	1	not available	not available	NT=Carbamidomethyl;AC=UNIMOD:4;TA=C;MT=Fixed	not available	not available	NT=['CBDPS', 'formaldehyde'];AC=[None, None];TA=['K,nterm', 'K,nterm']	strepavidin resin enrichment	not available	not available	not available	not available	MS191404_CID_F6.raw	NT=ms-proteomics;VV=v1.1.0	NT=crosslinking;VV=v1.0.0
PXD034796_MS191404_HCD_R4	Glycine max	nucleus	not available	205	PXD034796_MS191404_HCD_R4_assay	proteomic profiling by mass spectrometry	data-dependent acquisition	NT=NT=dimethyl labeling;AC=MS:1002038	1	1	not available	not available	NT=Carbamidomethyl;AC=UNIMOD:4;TA=C;MT=Fixed	not available	not available	NT=['CBDPS', 'formaldehyde'];AC=[None, None];TA=['K,nterm', 'K,nterm']	strepavidin resin enrichment	not available	not available	not available	not available	MS191404_HCD_R4.raw	NT=ms-proteomics;VV=v1.1.0	NT=crosslinking;VV=v1.0.0
PXD034796_MS190207_CID_F15	Glycine max	nucleus	not available	9	PXD034796_MS190207_CID_F15_assay	proteomic profiling by mass spectrometry	data-dependent acquisition	NT=NT=dimethyl labeling;AC=MS:1002038	15	1	not available	not available	NT=Carbamidomethyl;AC=UNIMOD:4;TA=C;MT=Fixed	not available	not available	NT=['CBDPS', 'formaldehyde'];AC=[None, None];TA=['K,nterm', 'K,nterm']	strepavidin resin enrichment	not available	not available	not available	not available	MS190207_CID_F15.raw	NT=ms-proteomics;VV=v1.1.0	NT=crosslinking;VV=v1.0.0
PXD034796_MS192164_HCD_F7	Glycine max	nucleus	not available	10	PXD034796_MS192164_HCD_F7_assay	proteomic profiling by mass spectrometry	data-dependent acquisition	NT=NT=dimethyl labeling;AC=MS:1002038	7	1	not available	not available	NT=Carbamidomethyl;AC=UNIMOD:4;TA=C;MT=Fixed	not available	not available	NT=['CBDPS', 'formaldehyde'];AC=[None, None];TA=['K,nterm', 'K,nterm']	strepavidin resin enrichment	not available	not available	not available	not available	MS192164_HCD_F7.raw	NT=ms-proteomics;VV=v1.1.0	NT=crosslinking;VV=v1.0.0
PXD034796_MS181452_R18_HCD	Glycine max	nucleus	not available	206	PXD034796_MS181452_R18_HCD_assay	proteomic profiling by mass spectrometry	data-dependent acquisition	NT=NT=dimethyl labeling;AC=MS:1002038	1	1	not available	not available	NT=Carbamidomethyl;AC=UNIMOD:4;TA=C;MT=Fixed	not available	not available	NT=['CBDPS', 'formaldehyde'];AC=[None, None];TA=['K,nterm', 'K,nterm']	strepavidin resin enrichment	not available	not available	not available	not available	MS181452_R18_HCD.raw	NT=ms-proteomics;VV=v1.1.0	NT=crosslinking;VV=v1.0.0
PXD034796_MS191930_CID_R2	Glycine max	nucleus	not available	207	PXD034796_MS191930_CID_R2_assay	proteomic profiling by mass spectrometry	data-dependent acquisition	NT=NT=dimethyl labeling;AC=MS:1002038	1	1	not available	not available	NT=Carbamidomethyl;AC=UNIMOD:4;TA=C;MT=Fixed	not available	not available	NT=['CBDPS', 'formaldehyde'];AC=[None, None];TA=['K,nterm', 'K,nterm']	strepavidin resin enrichment	not available	not available	not available	not available	MS191930_CID_R2.raw	NT=ms-proteomics;VV=v1.1.0	NT=crosslinking;VV=v1.0.0
PXD034796_MS181452_F20_HCD	Glycine max	nucleus	not available	6	PXD034796_MS181452_F20_HCD_assay	proteomic profiling by mass spectrometry	data-dependent acquisition	NT=NT=dimethyl labeling;AC=MS:1002038	20	1	not available	not available	NT=Carbamidomethyl;AC=UNIMOD:4;TA=C;MT=Fixed	not available	not available	NT=['CBDPS', 'formaldehyde'];AC=[None, None];TA=['K,nterm', 'K,nterm']	strepavidin resin enrichment	not available	not available	not available	not available	MS181452_F20_HCD.raw	NT=ms-proteomics;VV=v1.1.0	NT=crosslinking;VV=v1.0.0
PXD034796_MS191404_CID_F5	Glycine max	nucleus	not available	9	PXD034796_MS191404_CID_F5_assay	proteomic profiling by mass spectrometry	data-dependent acquisition	NT=NT=dimethyl labeling;AC=MS:1002038	5	1	not available	not available	NT=Carbamidomethyl;AC=UNIMOD:4;TA=C;MT=Fixed	not available	not available	NT=['CBDPS', 'formaldehyde'];AC=[None, None];TA=['K,nterm', 'K,nterm']	strepavidin resin enrichment	not available	not available	not available	not available	MS191404_CID_F5.raw	NT=ms-proteomics;VV=v1.1.0	NT=crosslinking;VV=v1.0.0
PXD034796_MS191404_HCD_R21	Glycine max	nucleus	not available	208	PXD034796_MS191404_HCD_R21_assay	proteomic profiling by mass spectrometry	data-dependent acquisition	NT=NT=dimethyl labeling;AC=MS:1002038	1	1	not available	not available	NT=Carbamidomethyl;AC=UNIMOD:4;TA=C;MT=Fixed	not available	not available	NT=['CBDPS', 'formaldehyde'];AC=[None, None];TA=['K,nterm', 'K,nterm']	strepavidin resin enrichment	not available	not available	not available	not available	MS191404_HCD_R21.raw	NT=ms-proteomics;VV=v1.1.0	NT=crosslinking;VV=v1.0.0
PXD034796_MS181452_R17_CID	Glycine max	nucleus	not available	209	PXD034796_MS181452_R17_CID_assay	proteomic profiling by mass spectrometry	data-dependent acquisition	NT=NT=dimethyl labeling;AC=MS:1002038	1	1	not available	not available	NT=Carbamidomethyl;AC=UNIMOD:4;TA=C;MT=Fixed	not available	not available	NT=['CBDPS', 'formaldehyde'];AC=[None, None];TA=['K,nterm', 'K,nterm']	strepavidin resin enrichment	not available	not available	not available	not available	MS181452_R17_CID.raw	NT=ms-proteomics;VV=v1.1.0	NT=crosslinking;VV=v1.0.0
PXD034796_MS190207_CID_F12	Glycine max	nucleus	not available	8	PXD034796_MS190207_CID_F12_assay	proteomic profiling by mass spectrometry	data-dependent acquisition	NT=NT=dimethyl labeling;AC=MS:1002038	12	1	not available	not available	NT=Carbamidomethyl;AC=UNIMOD:4;TA=C;MT=Fixed	not available	not available	NT=['CBDPS', 'formaldehyde'];AC=[None, None];TA=['K,nterm', 'K,nterm']	strepavidin resin enrichment	not available	not available	not available	not available	MS190207_CID_F12.raw	NT=ms-proteomics;VV=v1.1.0	NT=crosslinking;VV=v1.0.0
PXD034796_MS191930_CID_F13	Glycine max	nucleus	not available	8	PXD034796_MS191930_CID_F13_assay	proteomic profiling by mass spectrometry	data-dependent acquisition	NT=NT=dimethyl labeling;AC=MS:1002038	13	1	not available	not available	NT=Carbamidomethyl;AC=UNIMOD:4;TA=C;MT=Fixed	not available	not available	NT=['CBDPS', 'formaldehyde'];AC=[None, None];TA=['K,nterm', 'K,nterm']	strepavidin resin enrichment	not available	not available	not available	not available	MS191930_CID_F13.raw	NT=ms-proteomics;VV=v1.1.0	NT=crosslinking;VV=v1.0.0
PXD034796_MS181938_HCD_F13	Glycine max	nucleus	not available	9	PXD034796_MS181938_HCD_F13_assay	proteomic profiling by mass spectrometry	data-dependent acquisition	NT=NT=dimethyl labeling;AC=MS:1002038	13	1	not available	not available	NT=Carbamidomethyl;AC=UNIMOD:4;TA=C;MT=Fixed	not available	not available	NT=['CBDPS', 'formaldehyde'];AC=[None, None];TA=['K,nterm', 'K,nterm']	strepavidin resin enrichment	not available	not available	not available	not available	MS181938_HCD_F13.raw	NT=ms-proteomics;VV=v1.1.0	NT=crosslinking;VV=v1.0.0
PXD034796_MS191404_HCD_F14	Glycine max	nucleus	not available	10	PXD034796_MS191404_HCD_F14_assay	proteomic profiling by mass spectrometry	data-dependent acquisition	NT=NT=dimethyl labeling;AC=MS:1002038	14	1	not available	not available	NT=Carbamidomethyl;AC=UNIMOD:4;TA=C;MT=Fixed	not available	not available	NT=['CBDPS', 'formaldehyde'];AC=[None, None];TA=['K,nterm', 'K,nterm']	strepavidin resin enrichment	not available	not available	not available	not available	MS191404_HCD_F14.raw	NT=ms-proteomics;VV=v1.1.0	NT=crosslinking;VV=v1.0.0
PXD034796_MS192164_HCD_F4	Glycine max	nucleus	not available	11	PXD034796_MS192164_HCD_F4_assay	proteomic profiling by mass spectrometry	data-dependent acquisition	NT=NT=dimethyl labeling;AC=MS:1002038	4	1	not available	not available	NT=Carbamidomethyl;AC=UNIMOD:4;TA=C;MT=Fixed	not available	not available	NT=['CBDPS', 'formaldehyde'];AC=[None, None];TA=['K,nterm', 'K,nterm']	strepavidin resin enrichment	not available	not available	not available	not available	MS192164_HCD_F4.raw	NT=ms-proteomics;VV=v1.1.0	NT=crosslinking;VV=v1.0.0
PXD034796_MS181938_CID_F12	Glycine max	nucleus	not available	9	PXD034796_MS181938_CID_F12_assay	proteomic profiling by mass spectrometry	data-dependent acquisition	NT=NT=dimethyl labeling;AC=MS:1002038	12	1	not available	not available	NT=Carbamidomethyl;AC=UNIMOD:4;TA=C;MT=Fixed	not available	not available	NT=['CBDPS', 'formaldehyde'];AC=[None, None];TA=['K,nterm', 'K,nterm']	strepavidin resin enrichment	not available	not available	not available	not available	MS181938_CID_F12.raw	NT=ms-proteomics;VV=v1.1.0	NT=crosslinking;VV=v1.0.0
PXD034796_MS192164_HCD_R20	Glycine max	nucleus	not available	210	PXD034796_MS192164_HCD_R20_assay	proteomic profiling by mass spectrometry	data-dependent acquisition	NT=NT=dimethyl labeling;AC=MS:1002038	1	1	not available	not available	NT=Carbamidomethyl;AC=UNIMOD:4;TA=C;MT=Fixed	not available	not available	NT=['CBDPS', 'formaldehyde'];AC=[None, None];TA=['K,nterm', 'K,nterm']	strepavidin resin enrichment	not available	not available	not available	not available	MS192164_HCD_R20.raw	NT=ms-proteomics;VV=v1.1.0	NT=crosslinking;VV=v1.0.0
PXD034796_MS192164_CID_F13	Glycine max	nucleus	not available	10	PXD034796_MS192164_CID_F13_assay	proteomic profiling by mass spectrometry	data-dependent acquisition	NT=NT=dimethyl labeling;AC=MS:1002038	13	1	not available	not available	NT=Carbamidomethyl;AC=UNIMOD:4;TA=C;MT=Fixed	not available	not available	NT=['CBDPS', 'formaldehyde'];AC=[None, None];TA=['K,nterm', 'K,nterm']	strepavidin resin enrichment	not available	not available	not available	not available	MS192164_CID_F13.raw	NT=ms-proteomics;VV=v1.1.0	NT=crosslinking;VV=v1.0.0
PXD034796_MS190207_HCD_F16	Glycine max	nucleus	not available	9	PXD034796_MS190207_HCD_F16_assay	proteomic profiling by mass spectrometry	data-dependent acquisition	NT=NT=dimethyl labeling;AC=MS:1002038	16	1	not available	not available	NT=Carbamidomethyl;AC=UNIMOD:4;TA=C;MT=Fixed	not available	not available	NT=['CBDPS', 'formaldehyde'];AC=[None, None];TA=['K,nterm', 'K,nterm']	strepavidin resin enrichment	not available	not available	not available	not available	MS190207_HCD_F16.raw	NT=ms-proteomics;VV=v1.1.0	NT=crosslinking;VV=v1.0.0
PXD034796_MS190207_HCD_F1	Glycine max	nucleus	not available	211	PXD034796_MS190207_HCD_F1_assay	proteomic profiling by mass spectrometry	data-dependent acquisition	NT=NT=dimethyl labeling;AC=MS:1002038	1	1	not available	not available	NT=Carbamidomethyl;AC=UNIMOD:4;TA=C;MT=Fixed	not available	not available	NT=['CBDPS', 'formaldehyde'];AC=[None, None];TA=['K,nterm', 'K,nterm']	strepavidin resin enrichment	not available	not available	not available	not available	MS190207_HCD_F1.raw	NT=ms-proteomics;VV=v1.1.0	NT=crosslinking;VV=v1.0.0
PXD034796_MS192164_HCD_R11	Glycine max	nucleus	not available	212	PXD034796_MS192164_HCD_R11_assay	proteomic profiling by mass spectrometry	data-dependent acquisition	NT=NT=dimethyl labeling;AC=MS:1002038	1	1	not available	not available	NT=Carbamidomethyl;AC=UNIMOD:4;TA=C;MT=Fixed	not available	not available	NT=['CBDPS', 'formaldehyde'];AC=[None, None];TA=['K,nterm', 'K,nterm']	strepavidin resin enrichment	not available	not available	not available	not available	MS192164_HCD_R11.raw	NT=ms-proteomics;VV=v1.1.0	NT=crosslinking;VV=v1.0.0
PXD034796_MS191404_HCD_R6	Glycine max	nucleus	not available	213	PXD034796_MS191404_HCD_R6_assay	proteomic profiling by mass spectrometry	data-dependent acquisition	NT=NT=dimethyl labeling;AC=MS:1002038	1	1	not available	not available	NT=Carbamidomethyl;AC=UNIMOD:4;TA=C;MT=Fixed	not available	not available	NT=['CBDPS', 'formaldehyde'];AC=[None, None];TA=['K,nterm', 'K,nterm']	strepavidin resin enrichment	not available	not available	not available	not available	MS191404_HCD_R6.raw	NT=ms-proteomics;VV=v1.1.0	NT=crosslinking;VV=v1.0.0
PXD034796_MS191930_HCD_F5	Glycine max	nucleus	not available	10	PXD034796_MS191930_HCD_F5_assay	proteomic profiling by mass spectrometry	data-dependent acquisition	NT=NT=dimethyl labeling;AC=MS:1002038	5	1	not available	not available	NT=Carbamidomethyl;AC=UNIMOD:4;TA=C;MT=Fixed	not available	not available	NT=['CBDPS', 'formaldehyde'];AC=[None, None];TA=['K,nterm', 'K,nterm']	strepavidin resin enrichment	not available	not available	not available	not available	MS191930_HCD_F5.raw	NT=ms-proteomics;VV=v1.1.0	NT=crosslinking;VV=v1.0.0
PXD034796_MS181452_F19_CID	Glycine max	nucleus	not available	9	PXD034796_MS181452_F19_CID_assay	proteomic profiling by mass spectrometry	data-dependent acquisition	NT=NT=dimethyl labeling;AC=MS:1002038	19	1	not available	not available	NT=Carbamidomethyl;AC=UNIMOD:4;TA=C;MT=Fixed	not available	not available	NT=['CBDPS', 'formaldehyde'];AC=[None, None];TA=['K,nterm', 'K,nterm']	strepavidin resin enrichment	not available	not available	not available	not available	MS181452_F19_CID.raw	NT=ms-proteomics;VV=v1.1.0	NT=crosslinking;VV=v1.0.0
PXD034796_MS181938_HCD_22	Glycine max	nucleus	not available	214	PXD034796_MS181938_HCD_22_assay	proteomic profiling by mass spectrometry	data-dependent acquisition	NT=NT=dimethyl labeling;AC=MS:1002038	1	1	not available	not available	NT=Carbamidomethyl;AC=UNIMOD:4;TA=C;MT=Fixed	not available	not available	NT=['CBDPS', 'formaldehyde'];AC=[None, None];TA=['K,nterm', 'K,nterm']	strepavidin resin enrichment	not available	not available	not available	not available	MS181938_HCD_22.raw	NT=ms-proteomics;VV=v1.1.0	NT=crosslinking;VV=v1.0.0
PXD034796_MS191930_HCD_R10	Glycine max	nucleus	not available	215	PXD034796_MS191930_HCD_R10_assay	proteomic profiling by mass spectrometry	data-dependent acquisition	NT=NT=dimethyl labeling;AC=MS:1002038	1	1	not available	not available	NT=Carbamidomethyl;AC=UNIMOD:4;TA=C;MT=Fixed	not available	not available	NT=['CBDPS', 'formaldehyde'];AC=[None, None];TA=['K,nterm', 'K,nterm']	strepavidin resin enrichment	not available	not available	not available	not available	MS191930_HCD_R10.raw	NT=ms-proteomics;VV=v1.1.0	NT=crosslinking;VV=v1.0.0
PXD034796_MS191930_HCD_F2	Glycine max	nucleus	not available	12	PXD034796_MS191930_HCD_F2_assay	proteomic profiling by mass spectrometry	data-dependent acquisition	NT=NT=dimethyl labeling;AC=MS:1002038	2	1	not available	not available	NT=Carbamidomethyl;AC=UNIMOD:4;TA=C;MT=Fixed	not available	not available	NT=['CBDPS', 'formaldehyde'];AC=[None, None];TA=['K,nterm', 'K,nterm']	strepavidin resin enrichment	not available	not available	not available	not available	MS191930_HCD_F2.raw	NT=ms-proteomics;VV=v1.1.0	NT=crosslinking;VV=v1.0.0
PXD034796_MS191404_CID_R20	Glycine max	nucleus	not available	216	PXD034796_MS191404_CID_R20_assay	proteomic profiling by mass spectrometry	data-dependent acquisition	NT=NT=dimethyl labeling;AC=MS:1002038	1	1	not available	not available	NT=Carbamidomethyl;AC=UNIMOD:4;TA=C;MT=Fixed	not available	not available	NT=['CBDPS', 'formaldehyde'];AC=[None, None];TA=['K,nterm', 'K,nterm']	strepavidin resin enrichment	not available	not available	not available	not available	MS191404_CID_R20.raw	NT=ms-proteomics;VV=v1.1.0	NT=crosslinking;VV=v1.0.0
PXD034796_MS192164_CID_F15	Glycine max	nucleus	not available	10	PXD034796_MS192164_CID_F15_assay	proteomic profiling by mass spectrometry	data-dependent acquisition	NT=NT=dimethyl labeling;AC=MS:1002038	15	1	not available	not available	NT=Carbamidomethyl;AC=UNIMOD:4;TA=C;MT=Fixed	not available	not available	NT=['CBDPS', 'formaldehyde'];AC=[None, None];TA=['K,nterm', 'K,nterm']	strepavidin resin enrichment	not available	not available	not available	not available	MS192164_CID_F15.raw	NT=ms-proteomics;VV=v1.1.0	NT=crosslinking;VV=v1.0.0
PXD034796_MS191404_HCD_F17	Glycine max	nucleus	not available	11	PXD034796_MS191404_HCD_F17_assay	proteomic profiling by mass spectrometry	data-dependent acquisition	NT=NT=dimethyl labeling;AC=MS:1002038	17	1	not available	not available	NT=Carbamidomethyl;AC=UNIMOD:4;TA=C;MT=Fixed	not available	not available	NT=['CBDPS', 'formaldehyde'];AC=[None, None];TA=['K,nterm', 'K,nterm']	strepavidin resin enrichment	not available	not available	not available	not available	MS191404_HCD_F17.raw	NT=ms-proteomics;VV=v1.1.0	NT=crosslinking;VV=v1.0.0
PXD034796_MS191930_HCD_R6	Glycine max	nucleus	not available	217	PXD034796_MS191930_HCD_R6_assay	proteomic profiling by mass spectrometry	data-dependent acquisition	NT=NT=dimethyl labeling;AC=MS:1002038	1	1	not available	not available	NT=Carbamidomethyl;AC=UNIMOD:4;TA=C;MT=Fixed	not available	not available	NT=['CBDPS', 'formaldehyde'];AC=[None, None];TA=['K,nterm', 'K,nterm']	strepavidin resin enrichment	not available	not available	not available	not available	MS191930_HCD_R6.raw	NT=ms-proteomics;VV=v1.1.0	NT=crosslinking;VV=v1.0.0
PXD034796_MS181452_F4_CID	Glycine max	nucleus	not available	12	PXD034796_MS181452_F4_CID_assay	proteomic profiling by mass spectrometry	data-dependent acquisition	NT=NT=dimethyl labeling;AC=MS:1002038	4	1	not available	not available	NT=Carbamidomethyl;AC=UNIMOD:4;TA=C;MT=Fixed	not available	not available	NT=['CBDPS', 'formaldehyde'];AC=[None, None];TA=['K,nterm', 'K,nterm']	strepavidin resin enrichment	not available	not available	not available	not available	MS181452_F4_CID.raw	NT=ms-proteomics;VV=v1.1.0	NT=crosslinking;VV=v1.0.0
PXD034796_MS192164_CID_F12	Glycine max	nucleus	not available	10	PXD034796_MS192164_CID_F12_assay	proteomic profiling by mass spectrometry	data-dependent acquisition	NT=NT=dimethyl labeling;AC=MS:1002038	12	1	not available	not available	NT=Carbamidomethyl;AC=UNIMOD:4;TA=C;MT=Fixed	not available	not available	NT=['CBDPS', 'formaldehyde'];AC=[None, None];TA=['K,nterm', 'K,nterm']	strepavidin resin enrichment	not available	not available	not available	not available	MS192164_CID_F12.raw	NT=ms-proteomics;VV=v1.1.0	NT=crosslinking;VV=v1.0.0
PXD034796_MS191404_HCD_F5	Glycine max	nucleus	not available	11	PXD034796_MS191404_HCD_F5_assay	proteomic profiling by mass spectrometry	data-dependent acquisition	NT=NT=dimethyl labeling;AC=MS:1002038	5	1	not available	not available	NT=Carbamidomethyl;AC=UNIMOD:4;TA=C;MT=Fixed	not available	not available	NT=['CBDPS', 'formaldehyde'];AC=[None, None];TA=['K,nterm', 'K,nterm']	strepavidin resin enrichment	not available	not available	not available	not available	MS191404_HCD_F5.raw	NT=ms-proteomics;VV=v1.1.0	NT=crosslinking;VV=v1.0.0
PXD034796_MS191404_HCD_F8	Glycine max	nucleus	not available	10	PXD034796_MS191404_HCD_F8_assay	proteomic profiling by mass spectrometry	data-dependent acquisition	NT=NT=dimethyl labeling;AC=MS:1002038	8	1	not available	not available	NT=Carbamidomethyl;AC=UNIMOD:4;TA=C;MT=Fixed	not available	not available	NT=['CBDPS', 'formaldehyde'];AC=[None, None];TA=['K,nterm', 'K,nterm']	strepavidin resin enrichment	not available	not available	not available	not available	MS191404_HCD_F8.raw	NT=ms-proteomics;VV=v1.1.0	NT=crosslinking;VV=v1.0.0
PXD034796_MS192164_HCD_R14	Glycine max	nucleus	not available	218	PXD034796_MS192164_HCD_R14_assay	proteomic profiling by mass spectrometry	data-dependent acquisition	NT=NT=dimethyl labeling;AC=MS:1002038	1	1	not available	not available	NT=Carbamidomethyl;AC=UNIMOD:4;TA=C;MT=Fixed	not available	not available	NT=['CBDPS', 'formaldehyde'];AC=[None, None];TA=['K,nterm', 'K,nterm']	strepavidin resin enrichment	not available	not available	not available	not available	MS192164_HCD_R14.raw	NT=ms-proteomics;VV=v1.1.0	NT=crosslinking;VV=v1.0.0
PXD034796_MS190207_HCD_F8	Glycine max	nucleus	not available	11	PXD034796_MS190207_HCD_F8_assay	proteomic profiling by mass spectrometry	data-dependent acquisition	NT=NT=dimethyl labeling;AC=MS:1002038	8	1	not available	not available	NT=Carbamidomethyl;AC=UNIMOD:4;TA=C;MT=Fixed	not available	not available	NT=['CBDPS', 'formaldehyde'];AC=[None, None];TA=['K,nterm', 'K,nterm']	strepavidin resin enrichment	not available	not available	not available	not available	MS190207_HCD_F8.raw	NT=ms-proteomics;VV=v1.1.0	NT=crosslinking;VV=v1.0.0
PXD034796_MS181452_F17_HCD	Glycine max	nucleus	not available	12	PXD034796_MS181452_F17_HCD_assay	proteomic profiling by mass spectrometry	data-dependent acquisition	NT=NT=dimethyl labeling;AC=MS:1002038	17	1	not available	not available	NT=Carbamidomethyl;AC=UNIMOD:4;TA=C;MT=Fixed	not available	not available	NT=['CBDPS', 'formaldehyde'];AC=[None, None];TA=['K,nterm', 'K,nterm']	strepavidin resin enrichment	not available	not available	not available	not available	MS181452_F17_HCD.raw	NT=ms-proteomics;VV=v1.1.0	NT=crosslinking;VV=v1.0.0
PXD034796_MS181938_CID_R15	Glycine max	nucleus	not available	219	PXD034796_MS181938_CID_R15_assay	proteomic profiling by mass spectrometry	data-dependent acquisition	NT=NT=dimethyl labeling;AC=MS:1002038	1	1	not available	not available	NT=Carbamidomethyl;AC=UNIMOD:4;TA=C;MT=Fixed	not available	not available	NT=['CBDPS', 'formaldehyde'];AC=[None, None];TA=['K,nterm', 'K,nterm']	strepavidin resin enrichment	not available	not available	not available	not available	MS181938_CID_R15.raw	NT=ms-proteomics;VV=v1.1.0	NT=crosslinking;VV=v1.0.0
PXD034796_MS191930_HCD_F13	Glycine max	nucleus	not available	11	PXD034796_MS191930_HCD_F13_assay	proteomic profiling by mass spectrometry	data-dependent acquisition	NT=NT=dimethyl labeling;AC=MS:1002038	13	1	not available	not available	NT=Carbamidomethyl;AC=UNIMOD:4;TA=C;MT=Fixed	not available	not available	NT=['CBDPS', 'formaldehyde'];AC=[None, None];TA=['K,nterm', 'K,nterm']	strepavidin resin enrichment	not available	not available	not available	not available	MS191930_HCD_F13.raw	NT=ms-proteomics;VV=v1.1.0	NT=crosslinking;VV=v1.0.0
PXD034796_MS190207_CID_R1	Glycine max	nucleus	not available	220	PXD034796_MS190207_CID_R1_assay	proteomic profiling by mass spectrometry	data-dependent acquisition	NT=NT=dimethyl labeling;AC=MS:1002038	1	1	not available	not available	NT=Carbamidomethyl;AC=UNIMOD:4;TA=C;MT=Fixed	not available	not available	NT=['CBDPS', 'formaldehyde'];AC=[None, None];TA=['K,nterm', 'K,nterm']	strepavidin resin enrichment	not available	not available	not available	not available	MS190207_CID_R1.raw	NT=ms-proteomics;VV=v1.1.0	NT=crosslinking;VV=v1.0.0
PXD034796_MS190207_CID_F9	Glycine max	nucleus	not available	10	PXD034796_MS190207_CID_F9_assay	proteomic profiling by mass spectrometry	data-dependent acquisition	NT=NT=dimethyl labeling;AC=MS:1002038	9	1	not available	not available	NT=Carbamidomethyl;AC=UNIMOD:4;TA=C;MT=Fixed	not available	not available	NT=['CBDPS', 'formaldehyde'];AC=[None, None];TA=['K,nterm', 'K,nterm']	strepavidin resin enrichment	not available	not available	not available	not available	MS190207_CID_F9.raw	NT=ms-proteomics;VV=v1.1.0	NT=crosslinking;VV=v1.0.0
PXD034796_MS191404_CID_R10	Glycine max	nucleus	not available	221	PXD034796_MS191404_CID_R10_assay	proteomic profiling by mass spectrometry	data-dependent acquisition	NT=NT=dimethyl labeling;AC=MS:1002038	1	1	not available	not available	NT=Carbamidomethyl;AC=UNIMOD:4;TA=C;MT=Fixed	not available	not available	NT=['CBDPS', 'formaldehyde'];AC=[None, None];TA=['K,nterm', 'K,nterm']	strepavidin resin enrichment	not available	not available	not available	not available	MS191404_CID_R10.raw	NT=ms-proteomics;VV=v1.1.0	NT=crosslinking;VV=v1.0.0
PXD034796_MS190207_CID_F5	Glycine max	nucleus	not available	12	PXD034796_MS190207_CID_F5_assay	proteomic profiling by mass spectrometry	data-dependent acquisition	NT=NT=dimethyl labeling;AC=MS:1002038	5	1	not available	not available	NT=Carbamidomethyl;AC=UNIMOD:4;TA=C;MT=Fixed	not available	not available	NT=['CBDPS', 'formaldehyde'];AC=[None, None];TA=['K,nterm', 'K,nterm']	strepavidin resin enrichment	not available	not available	not available	not available	MS190207_CID_F5.raw	NT=ms-proteomics;VV=v1.1.0	NT=crosslinking;VV=v1.0.0
PXD034796_MS191930_CID_R16	Glycine max	nucleus	not available	222	PXD034796_MS191930_CID_R16_assay	proteomic profiling by mass spectrometry	data-dependent acquisition	NT=NT=dimethyl labeling;AC=MS:1002038	1	1	not available	not available	NT=Carbamidomethyl;AC=UNIMOD:4;TA=C;MT=Fixed	not available	not available	NT=['CBDPS', 'formaldehyde'];AC=[None, None];TA=['K,nterm', 'K,nterm']	strepavidin resin enrichment	not available	not available	not available	not available	MS191930_CID_R16.raw	NT=ms-proteomics;VV=v1.1.0	NT=crosslinking;VV=v1.0.0
PXD034796_MS181452_R6_CID	Glycine max	nucleus	not available	223	PXD034796_MS181452_R6_CID_assay	proteomic profiling by mass spectrometry	data-dependent acquisition	NT=NT=dimethyl labeling;AC=MS:1002038	1	1	not available	not available	NT=Carbamidomethyl;AC=UNIMOD:4;TA=C;MT=Fixed	not available	not available	NT=['CBDPS', 'formaldehyde'];AC=[None, None];TA=['K,nterm', 'K,nterm']	strepavidin resin enrichment	not available	not available	not available	not available	MS181452_R6_CID.raw	NT=ms-proteomics;VV=v1.1.0	NT=crosslinking;VV=v1.0.0
PXD034796_MS181452_R20_HCD	Glycine max	nucleus	not available	224	PXD034796_MS181452_R20_HCD_assay	proteomic profiling by mass spectrometry	data-dependent acquisition	NT=NT=dimethyl labeling;AC=MS:1002038	1	1	not available	not available	NT=Carbamidomethyl;AC=UNIMOD:4;TA=C;MT=Fixed	not available	not available	NT=['CBDPS', 'formaldehyde'];AC=[None, None];TA=['K,nterm', 'K,nterm']	strepavidin resin enrichment	not available	not available	not available	not available	MS181452_R20_HCD.raw	NT=ms-proteomics;VV=v1.1.0	NT=crosslinking;VV=v1.0.0
PXD034796_MS181938_CID_F9	Glycine max	nucleus	not available	11	PXD034796_MS181938_CID_F9_assay	proteomic profiling by mass spectrometry	data-dependent acquisition	NT=NT=dimethyl labeling;AC=MS:1002038	9	1	not available	not available	NT=Carbamidomethyl;AC=UNIMOD:4;TA=C;MT=Fixed	not available	not available	NT=['CBDPS', 'formaldehyde'];AC=[None, None];TA=['K,nterm', 'K,nterm']	strepavidin resin enrichment	not available	not available	not available	not available	MS181938_CID_F9.raw	NT=ms-proteomics;VV=v1.1.0	NT=crosslinking;VV=v1.0.0
PXD034796_MS192164_CID_F16	Glycine max	nucleus	not available	10	PXD034796_MS192164_CID_F16_assay	proteomic profiling by mass spectrometry	data-dependent acquisition	NT=NT=dimethyl labeling;AC=MS:1002038	16	1	not available	not available	NT=Carbamidomethyl;AC=UNIMOD:4;TA=C;MT=Fixed	not available	not available	NT=['CBDPS', 'formaldehyde'];AC=[None, None];TA=['K,nterm', 'K,nterm']	strepavidin resin enrichment	not available	not available	not available	not available	MS192164_CID_F16.raw	NT=ms-proteomics;VV=v1.1.0	NT=crosslinking;VV=v1.0.0
PXD034796_MS191404_CID_F3	Glycine max	nucleus	not available	10	PXD034796_MS191404_CID_F3_assay	proteomic profiling by mass spectrometry	data-dependent acquisition	NT=NT=dimethyl labeling;AC=MS:1002038	3	1	not available	not available	NT=Carbamidomethyl;AC=UNIMOD:4;TA=C;MT=Fixed	not available	not available	NT=['CBDPS', 'formaldehyde'];AC=[None, None];TA=['K,nterm', 'K,nterm']	strepavidin resin enrichment	not available	not available	not available	not available	MS191404_CID_F3.raw	NT=ms-proteomics;VV=v1.1.0	NT=crosslinking;VV=v1.0.0
PXD034796_MS191404_HCD_R16	Glycine max	nucleus	not available	225	PXD034796_MS191404_HCD_R16_assay	proteomic profiling by mass spectrometry	data-dependent acquisition	NT=NT=dimethyl labeling;AC=MS:1002038	1	1	not available	not available	NT=Carbamidomethyl;AC=UNIMOD:4;TA=C;MT=Fixed	not available	not available	NT=['CBDPS', 'formaldehyde'];AC=[None, None];TA=['K,nterm', 'K,nterm']	strepavidin resin enrichment	not available	not available	not available	not available	MS191404_HCD_R16.raw	NT=ms-proteomics;VV=v1.1.0	NT=crosslinking;VV=v1.0.0
PXD034796_MS181938_HCD_F14	Glycine max	nucleus	not available	11	PXD034796_MS181938_HCD_F14_assay	proteomic profiling by mass spectrometry	data-dependent acquisition	NT=NT=dimethyl labeling;AC=MS:1002038	14	1	not available	not available	NT=Carbamidomethyl;AC=UNIMOD:4;TA=C;MT=Fixed	not available	not available	NT=['CBDPS', 'formaldehyde'];AC=[None, None];TA=['K,nterm', 'K,nterm']	strepavidin resin enrichment	not available	not available	not available	not available	MS181938_HCD_F14.raw	NT=ms-proteomics;VV=v1.1.0	NT=crosslinking;VV=v1.0.0
PXD034796_MS181938_CID_R5	Glycine max	nucleus	not available	226	PXD034796_MS181938_CID_R5_assay	proteomic profiling by mass spectrometry	data-dependent acquisition	NT=NT=dimethyl labeling;AC=MS:1002038	1	1	not available	not available	NT=Carbamidomethyl;AC=UNIMOD:4;TA=C;MT=Fixed	not available	not available	NT=['CBDPS', 'formaldehyde'];AC=[None, None];TA=['K,nterm', 'K,nterm']	strepavidin resin enrichment	not available	not available	not available	not available	MS181938_CID_R5.raw	NT=ms-proteomics;VV=v1.1.0	NT=crosslinking;VV=v1.0.0
PXD034796_MS191404_HCD_F6	Glycine max	nucleus	not available	10	PXD034796_MS191404_HCD_F6_assay	proteomic profiling by mass spectrometry	data-dependent acquisition	NT=NT=dimethyl labeling;AC=MS:1002038	6	1	not available	not available	NT=Carbamidomethyl;AC=UNIMOD:4;TA=C;MT=Fixed	not available	not available	NT=['CBDPS', 'formaldehyde'];AC=[None, None];TA=['K,nterm', 'K,nterm']	strepavidin resin enrichment	not available	not available	not available	not available	MS191404_HCD_F6.raw	NT=ms-proteomics;VV=v1.1.0	NT=crosslinking;VV=v1.0.0
PXD034796_MS191930_CID_R18	Glycine max	nucleus	not available	227	PXD034796_MS191930_CID_R18_assay	proteomic profiling by mass spectrometry	data-dependent acquisition	NT=NT=dimethyl labeling;AC=MS:1002038	1	1	not available	not available	NT=Carbamidomethyl;AC=UNIMOD:4;TA=C;MT=Fixed	not available	not available	NT=['CBDPS', 'formaldehyde'];AC=[None, None];TA=['K,nterm', 'K,nterm']	strepavidin resin enrichment	not available	not available	not available	not available	MS191930_CID_R18.raw	NT=ms-proteomics;VV=v1.1.0	NT=crosslinking;VV=v1.0.0
PXD034796_MS181938_CID_R10	Glycine max	nucleus	not available	228	PXD034796_MS181938_CID_R10_assay	proteomic profiling by mass spectrometry	data-dependent acquisition	NT=NT=dimethyl labeling;AC=MS:1002038	1	1	not available	not available	NT=Carbamidomethyl;AC=UNIMOD:4;TA=C;MT=Fixed	not available	not available	NT=['CBDPS', 'formaldehyde'];AC=[None, None];TA=['K,nterm', 'K,nterm']	strepavidin resin enrichment	not available	not available	not available	not available	MS181938_CID_R10.raw	NT=ms-proteomics;VV=v1.1.0	NT=crosslinking;VV=v1.0.0
PXD034796_MS181938_HCD_R22	Glycine max	nucleus	not available	229	PXD034796_MS181938_HCD_R22_assay	proteomic profiling by mass spectrometry	data-dependent acquisition	NT=NT=dimethyl labeling;AC=MS:1002038	1	1	not available	not available	NT=Carbamidomethyl;AC=UNIMOD:4;TA=C;MT=Fixed	not available	not available	NT=['CBDPS', 'formaldehyde'];AC=[None, None];TA=['K,nterm', 'K,nterm']	strepavidin resin enrichment	not available	not available	not available	not available	MS181938_HCD_R22.raw	NT=ms-proteomics;VV=v1.1.0	NT=crosslinking;VV=v1.0.0
PXD034796_MS191930_HCD_F11	Glycine max	nucleus	not available	12	PXD034796_MS191930_HCD_F11_assay	proteomic profiling by mass spectrometry	data-dependent acquisition	NT=NT=dimethyl labeling;AC=MS:1002038	11	1	not available	not available	NT=Carbamidomethyl;AC=UNIMOD:4;TA=C;MT=Fixed	not available	not available	NT=['CBDPS', 'formaldehyde'];AC=[None, None];TA=['K,nterm', 'K,nterm']	strepavidin resin enrichment	not available	not available	not available	not available	MS191930_HCD_F11.raw	NT=ms-proteomics;VV=v1.1.0	NT=crosslinking;VV=v1.0.0
PXD034796_MS181938_HCD_R9	Glycine max	nucleus	not available	230	PXD034796_MS181938_HCD_R9_assay	proteomic profiling by mass spectrometry	data-dependent acquisition	NT=NT=dimethyl labeling;AC=MS:1002038	1	1	not available	not available	NT=Carbamidomethyl;AC=UNIMOD:4;TA=C;MT=Fixed	not available	not available	NT=['CBDPS', 'formaldehyde'];AC=[None, None];TA=['K,nterm', 'K,nterm']	strepavidin resin enrichment	not available	not available	not available	not available	MS181938_HCD_R9.raw	NT=ms-proteomics;VV=v1.1.0	NT=crosslinking;VV=v1.0.0
PXD034796_MS191930_HCD_F3	Glycine max	nucleus	not available	11	PXD034796_MS191930_HCD_F3_assay	proteomic profiling by mass spectrometry	data-dependent acquisition	NT=NT=dimethyl labeling;AC=MS:1002038	3	1	not available	not available	NT=Carbamidomethyl;AC=UNIMOD:4;TA=C;MT=Fixed	not available	not available	NT=['CBDPS', 'formaldehyde'];AC=[None, None];TA=['K,nterm', 'K,nterm']	strepavidin resin enrichment	not available	not available	not available	not available	MS191930_HCD_F3.raw	NT=ms-proteomics;VV=v1.1.0	NT=crosslinking;VV=v1.0.0
PXD034796_MS181938_CID_R7	Glycine max	nucleus	not available	231	PXD034796_MS181938_CID_R7_assay	proteomic profiling by mass spectrometry	data-dependent acquisition	NT=NT=dimethyl labeling;AC=MS:1002038	1	1	not available	not available	NT=Carbamidomethyl;AC=UNIMOD:4;TA=C;MT=Fixed	not available	not available	NT=['CBDPS', 'formaldehyde'];AC=[None, None];TA=['K,nterm', 'K,nterm']	strepavidin resin enrichment	not available	not available	not available	not available	MS181938_CID_R7.raw	NT=ms-proteomics;VV=v1.1.0	NT=crosslinking;VV=v1.0.0
PXD034796_MS181938_HCD_R21	Glycine max	nucleus	not available	232	PXD034796_MS181938_HCD_R21_assay	proteomic profiling by mass spectrometry	data-dependent acquisition	NT=NT=dimethyl labeling;AC=MS:1002038	1	1	not available	not available	NT=Carbamidomethyl;AC=UNIMOD:4;TA=C;MT=Fixed	not available	not available	NT=['CBDPS', 'formaldehyde'];AC=[None, None];TA=['K,nterm', 'K,nterm']	strepavidin resin enrichment	not available	not available	not available	not available	MS181938_HCD_R21.raw	NT=ms-proteomics;VV=v1.1.0	NT=crosslinking;VV=v1.0.0
PXD034796_MS192164_CID_R14	Glycine max	nucleus	not available	233	PXD034796_MS192164_CID_R14_assay	proteomic profiling by mass spectrometry	data-dependent acquisition	NT=NT=dimethyl labeling;AC=MS:1002038	1	1	not available	not available	NT=Carbamidomethyl;AC=UNIMOD:4;TA=C;MT=Fixed	not available	not available	NT=['CBDPS', 'formaldehyde'];AC=[None, None];TA=['K,nterm', 'K,nterm']	strepavidin resin enrichment	not available	not available	not available	not available	MS192164_CID_R14.raw	NT=ms-proteomics;VV=v1.1.0	NT=crosslinking;VV=v1.0.0
PXD034796_MS181452_F14_HCD	Glycine max	nucleus	not available	12	PXD034796_MS181452_F14_HCD_assay	proteomic profiling by mass spectrometry	data-dependent acquisition	NT=NT=dimethyl labeling;AC=MS:1002038	14	1	not available	not available	NT=Carbamidomethyl;AC=UNIMOD:4;TA=C;MT=Fixed	not available	not available	NT=['CBDPS', 'formaldehyde'];AC=[None, None];TA=['K,nterm', 'K,nterm']	strepavidin resin enrichment	not available	not available	not available	not available	MS181452_F14_HCD.raw	NT=ms-proteomics;VV=v1.1.0	NT=crosslinking;VV=v1.0.0
PXD034796_MS191930_HCD_R19	Glycine max	nucleus	not available	234	PXD034796_MS191930_HCD_R19_assay	proteomic profiling by mass spectrometry	data-dependent acquisition	NT=NT=dimethyl labeling;AC=MS:1002038	1	1	not available	not available	NT=Carbamidomethyl;AC=UNIMOD:4;TA=C;MT=Fixed	not available	not available	NT=['CBDPS', 'formaldehyde'];AC=[None, None];TA=['K,nterm', 'K,nterm']	strepavidin resin enrichment	not available	not available	not available	not available	MS191930_HCD_R19.raw	NT=ms-proteomics;VV=v1.1.0	NT=crosslinking;VV=v1.0.0
PXD034796_MS191404_HCD_F7	Glycine max	nucleus	not available	11	PXD034796_MS191404_HCD_F7_assay	proteomic profiling by mass spectrometry	data-dependent acquisition	NT=NT=dimethyl labeling;AC=MS:1002038	7	1	not available	not available	NT=Carbamidomethyl;AC=UNIMOD:4;TA=C;MT=Fixed	not available	not available	NT=['CBDPS', 'formaldehyde'];AC=[None, None];TA=['K,nterm', 'K,nterm']	strepavidin resin enrichment	not available	not available	not available	not available	MS191404_HCD_F7.raw	NT=ms-proteomics;VV=v1.1.0	NT=crosslinking;VV=v1.0.0
PXD034796_MS181452_F20_CID	Glycine max	nucleus	not available	7	PXD034796_MS181452_F20_CID_assay	proteomic profiling by mass spectrometry	data-dependent acquisition	NT=NT=dimethyl labeling;AC=MS:1002038	20	1	not available	not available	NT=Carbamidomethyl;AC=UNIMOD:4;TA=C;MT=Fixed	not available	not available	NT=['CBDPS', 'formaldehyde'];AC=[None, None];TA=['K,nterm', 'K,nterm']	strepavidin resin enrichment	not available	not available	not available	not available	MS181452_F20_CID.raw	NT=ms-proteomics;VV=v1.1.0	NT=crosslinking;VV=v1.0.0
PXD034796_MS181452_R6_HCD	Glycine max	nucleus	not available	235	PXD034796_MS181452_R6_HCD_assay	proteomic profiling by mass spectrometry	data-dependent acquisition	NT=NT=dimethyl labeling;AC=MS:1002038	1	1	not available	not available	NT=Carbamidomethyl;AC=UNIMOD:4;TA=C;MT=Fixed	not available	not available	NT=['CBDPS', 'formaldehyde'];AC=[None, None];TA=['K,nterm', 'K,nterm']	strepavidin resin enrichment	not available	not available	not available	not available	MS181452_R6_HCD.raw	NT=ms-proteomics;VV=v1.1.0	NT=crosslinking;VV=v1.0.0
PXD034796_MS191404_HCD_R17	Glycine max	nucleus	not available	236	PXD034796_MS191404_HCD_R17_assay	proteomic profiling by mass spectrometry	data-dependent acquisition	NT=NT=dimethyl labeling;AC=MS:1002038	1	1	not available	not available	NT=Carbamidomethyl;AC=UNIMOD:4;TA=C;MT=Fixed	not available	not available	NT=['CBDPS', 'formaldehyde'];AC=[None, None];TA=['K,nterm', 'K,nterm']	strepavidin resin enrichment	not available	not available	not available	not available	MS191404_HCD_R17.raw	NT=ms-proteomics;VV=v1.1.0	NT=crosslinking;VV=v1.0.0
PXD034796_MS181938_CID_F7	Glycine max	nucleus	not available	12	PXD034796_MS181938_CID_F7_assay	proteomic profiling by mass spectrometry	data-dependent acquisition	NT=NT=dimethyl labeling;AC=MS:1002038	7	1	not available	not available	NT=Carbamidomethyl;AC=UNIMOD:4;TA=C;MT=Fixed	not available	not available	NT=['CBDPS', 'formaldehyde'];AC=[None, None];TA=['K,nterm', 'K,nterm']	strepavidin resin enrichment	not available	not available	not available	not available	MS181938_CID_F7.raw	NT=ms-proteomics;VV=v1.1.0	NT=crosslinking;VV=v1.0.0
PXD034796_MS181938_CID_F22	Glycine max	nucleus	not available	3	PXD034796_MS181938_CID_F22_assay	proteomic profiling by mass spectrometry	data-dependent acquisition	NT=NT=dimethyl labeling;AC=MS:1002038	22	1	not available	not available	NT=Carbamidomethyl;AC=UNIMOD:4;TA=C;MT=Fixed	not available	not available	NT=['CBDPS', 'formaldehyde'];AC=[None, None];TA=['K,nterm', 'K,nterm']	strepavidin resin enrichment	not available	not available	not available	not available	MS181938_CID_F22.raw	NT=ms-proteomics;VV=v1.1.0	NT=crosslinking;VV=v1.0.0
PXD034796_MS181452_R9_HCD	Glycine max	nucleus	not available	237	PXD034796_MS181452_R9_HCD_assay	proteomic profiling by mass spectrometry	data-dependent acquisition	NT=NT=dimethyl labeling;AC=MS:1002038	1	1	not available	not available	NT=Carbamidomethyl;AC=UNIMOD:4;TA=C;MT=Fixed	not available	not available	NT=['CBDPS', 'formaldehyde'];AC=[None, None];TA=['K,nterm', 'K,nterm']	strepavidin resin enrichment	not available	not available	not available	not available	MS181452_R9_HCD.raw	NT=ms-proteomics;VV=v1.1.0	NT=crosslinking;VV=v1.0.0
PXD034796_MS190207_HCD_R6	Glycine max	nucleus	not available	238	PXD034796_MS190207_HCD_R6_assay	proteomic profiling by mass spectrometry	data-dependent acquisition	NT=NT=dimethyl labeling;AC=MS:1002038	1	1	not available	not available	NT=Carbamidomethyl;AC=UNIMOD:4;TA=C;MT=Fixed	not available	not available	NT=['CBDPS', 'formaldehyde'];AC=[None, None];TA=['K,nterm', 'K,nterm']	strepavidin resin enrichment	not available	not available	not available	not available	MS190207_HCD_R6.raw	NT=ms-proteomics;VV=v1.1.0	NT=crosslinking;VV=v1.0.0
PXD034796_MS191404_CID_R21	Glycine max	nucleus	not available	239	PXD034796_MS191404_CID_R21_assay	proteomic profiling by mass spectrometry	data-dependent acquisition	NT=NT=dimethyl labeling;AC=MS:1002038	1	1	not available	not available	NT=Carbamidomethyl;AC=UNIMOD:4;TA=C;MT=Fixed	not available	not available	NT=['CBDPS', 'formaldehyde'];AC=[None, None];TA=['K,nterm', 'K,nterm']	strepavidin resin enrichment	not available	not available	not available	not available	MS191404_CID_R21.raw	NT=ms-proteomics;VV=v1.1.0	NT=crosslinking;VV=v1.0.0
PXD034796_MS190207_HCD_R11	Glycine max	nucleus	not available	240	PXD034796_MS190207_HCD_R11_assay	proteomic profiling by mass spectrometry	data-dependent acquisition	NT=NT=dimethyl labeling;AC=MS:1002038	1	1	not available	not available	NT=Carbamidomethyl;AC=UNIMOD:4;TA=C;MT=Fixed	not available	not available	NT=['CBDPS', 'formaldehyde'];AC=[None, None];TA=['K,nterm', 'K,nterm']	strepavidin resin enrichment	not available	not available	not available	not available	MS190207_HCD_R11.raw	NT=ms-proteomics;VV=v1.1.0	NT=crosslinking;VV=v1.0.0
PXD034796_MS192164_CID_R17	Glycine max	nucleus	not available	241	PXD034796_MS192164_CID_R17_assay	proteomic profiling by mass spectrometry	data-dependent acquisition	NT=NT=dimethyl labeling;AC=MS:1002038	1	1	not available	not available	NT=Carbamidomethyl;AC=UNIMOD:4;TA=C;MT=Fixed	not available	not available	NT=['CBDPS', 'formaldehyde'];AC=[None, None];TA=['K,nterm', 'K,nterm']	strepavidin resin enrichment	not available	not available	not available	not available	MS192164_CID_R17.raw	NT=ms-proteomics;VV=v1.1.0	NT=crosslinking;VV=v1.0.0
PXD034796_MS181938_HCD_R24	Glycine max	nucleus	not available	242	PXD034796_MS181938_HCD_R24_assay	proteomic profiling by mass spectrometry	data-dependent acquisition	NT=NT=dimethyl labeling;AC=MS:1002038	1	1	not available	not available	NT=Carbamidomethyl;AC=UNIMOD:4;TA=C;MT=Fixed	not available	not available	NT=['CBDPS', 'formaldehyde'];AC=[None, None];TA=['K,nterm', 'K,nterm']	strepavidin resin enrichment	not available	not available	not available	not available	MS181938_HCD_R24.raw	NT=ms-proteomics;VV=v1.1.0	NT=crosslinking;VV=v1.0.0
PXD034796_MS190207_CID_R3	Glycine max	nucleus	not available	243	PXD034796_MS190207_CID_R3_assay	proteomic profiling by mass spectrometry	data-dependent acquisition	NT=NT=dimethyl labeling;AC=MS:1002038	1	1	not available	not available	NT=Carbamidomethyl;AC=UNIMOD:4;TA=C;MT=Fixed	not available	not available	NT=['CBDPS', 'formaldehyde'];AC=[None, None];TA=['K,nterm', 'K,nterm']	strepavidin resin enrichment	not available	not available	not available	not available	MS190207_CID_R3.raw	NT=ms-proteomics;VV=v1.1.0	NT=crosslinking;VV=v1.0.0
PXD034796_MS181452_R2_CID	Glycine max	nucleus	not available	244	PXD034796_MS181452_R2_CID_assay	proteomic profiling by mass spectrometry	data-dependent acquisition	NT=NT=dimethyl labeling;AC=MS:1002038	1	1	not available	not available	NT=Carbamidomethyl;AC=UNIMOD:4;TA=C;MT=Fixed	not available	not available	NT=['CBDPS', 'formaldehyde'];AC=[None, None];TA=['K,nterm', 'K,nterm']	strepavidin resin enrichment	not available	not available	not available	not available	MS181452_R2_CID.raw	NT=ms-proteomics;VV=v1.1.0	NT=crosslinking;VV=v1.0.0
PXD034796_MS191404_CID_F16	Glycine max	nucleus	not available	11	PXD034796_MS191404_CID_F16_assay	proteomic profiling by mass spectrometry	data-dependent acquisition	NT=NT=dimethyl labeling;AC=MS:1002038	16	1	not available	not available	NT=Carbamidomethyl;AC=UNIMOD:4;TA=C;MT=Fixed	not available	not available	NT=['CBDPS', 'formaldehyde'];AC=[None, None];TA=['K,nterm', 'K,nterm']	strepavidin resin enrichment	not available	not available	not available	not available	MS191404_CID_F16.raw	NT=ms-proteomics;VV=v1.1.0	NT=crosslinking;VV=v1.0.0
PXD034796_MS191404_CID_R19	Glycine max	nucleus	not available	245	PXD034796_MS191404_CID_R19_assay	proteomic profiling by mass spectrometry	data-dependent acquisition	NT=NT=dimethyl labeling;AC=MS:1002038	1	1	not available	not available	NT=Carbamidomethyl;AC=UNIMOD:4;TA=C;MT=Fixed	not available	not available	NT=['CBDPS', 'formaldehyde'];AC=[None, None];TA=['K,nterm', 'K,nterm']	strepavidin resin enrichment	not available	not available	not available	not available	MS191404_CID_R19.raw	NT=ms-proteomics;VV=v1.1.0	NT=crosslinking;VV=v1.0.0
PXD034796_MS181938_CID_F16	Glycine max	nucleus	not available	12	PXD034796_MS181938_CID_F16_assay	proteomic profiling by mass spectrometry	data-dependent acquisition	NT=NT=dimethyl labeling;AC=MS:1002038	16	1	not available	not available	NT=Carbamidomethyl;AC=UNIMOD:4;TA=C;MT=Fixed	not available	not available	NT=['CBDPS', 'formaldehyde'];AC=[None, None];TA=['K,nterm', 'K,nterm']	strepavidin resin enrichment	not available	not available	not available	not available	MS181938_CID_F16.raw	NT=ms-proteomics;VV=v1.1.0	NT=crosslinking;VV=v1.0.0
PXD034796_MS192164_HCD_R18	Glycine max	nucleus	not available	246	PXD034796_MS192164_HCD_R18_assay	proteomic profiling by mass spectrometry	data-dependent acquisition	NT=NT=dimethyl labeling;AC=MS:1002038	1	1	not available	not available	NT=Carbamidomethyl;AC=UNIMOD:4;TA=C;MT=Fixed	not available	not available	NT=['CBDPS', 'formaldehyde'];AC=[None, None];TA=['K,nterm', 'K,nterm']	strepavidin resin enrichment	not available	not available	not available	not available	MS192164_HCD_R18.raw	NT=ms-proteomics;VV=v1.1.0	NT=crosslinking;VV=v1.0.0
PXD034796_MS191404_HCD_R11	Glycine max	nucleus	not available	247	PXD034796_MS191404_HCD_R11_assay	proteomic profiling by mass spectrometry	data-dependent acquisition	NT=NT=dimethyl labeling;AC=MS:1002038	1	1	not available	not available	NT=Carbamidomethyl;AC=UNIMOD:4;TA=C;MT=Fixed	not available	not available	NT=['CBDPS', 'formaldehyde'];AC=[None, None];TA=['K,nterm', 'K,nterm']	strepavidin resin enrichment	not available	not available	not available	not available	MS191404_HCD_R11.raw	NT=ms-proteomics;VV=v1.1.0	NT=crosslinking;VV=v1.0.0
PXD034796_MS191930_HCD_F9	Glycine max	nucleus	not available	12	PXD034796_MS191930_HCD_F9_assay	proteomic profiling by mass spectrometry	data-dependent acquisition	NT=NT=dimethyl labeling;AC=MS:1002038	9	1	not available	not available	NT=Carbamidomethyl;AC=UNIMOD:4;TA=C;MT=Fixed	not available	not available	NT=['CBDPS', 'formaldehyde'];AC=[None, None];TA=['K,nterm', 'K,nterm']	strepavidin resin enrichment	not available	not available	not available	not available	MS191930_HCD_F9.raw	NT=ms-proteomics;VV=v1.1.0	NT=crosslinking;VV=v1.0.0
PXD034796_MS192164_CID_R2	Glycine max	nucleus	not available	248	PXD034796_MS192164_CID_R2_assay	proteomic profiling by mass spectrometry	data-dependent acquisition	NT=NT=dimethyl labeling;AC=MS:1002038	1	1	not available	not available	NT=Carbamidomethyl;AC=UNIMOD:4;TA=C;MT=Fixed	not available	not available	NT=['CBDPS', 'formaldehyde'];AC=[None, None];TA=['K,nterm', 'K,nterm']	strepavidin resin enrichment	not available	not available	not available	not available	MS192164_CID_R2.raw	NT=ms-proteomics;VV=v1.1.0	NT=crosslinking;VV=v1.0.0
PXD034796_MS192164_CID_R20	Glycine max	nucleus	not available	249	PXD034796_MS192164_CID_R20_assay	proteomic profiling by mass spectrometry	data-dependent acquisition	NT=NT=dimethyl labeling;AC=MS:1002038	1	1	not available	not available	NT=Carbamidomethyl;AC=UNIMOD:4;TA=C;MT=Fixed	not available	not available	NT=['CBDPS', 'formaldehyde'];AC=[None, None];TA=['K,nterm', 'K,nterm']	strepavidin resin enrichment	not available	not available	not available	not available	MS192164_CID_R20.raw	NT=ms-proteomics;VV=v1.1.0	NT=crosslinking;VV=v1.0.0
PXD034796_MS191404_CID_R2	Glycine max	nucleus	not available	250	PXD034796_MS191404_CID_R2_assay	proteomic profiling by mass spectrometry	data-dependent acquisition	NT=NT=dimethyl labeling;AC=MS:1002038	1	1	not available	not available	NT=Carbamidomethyl;AC=UNIMOD:4;TA=C;MT=Fixed	not available	not available	NT=['CBDPS', 'formaldehyde'];AC=[None, None];TA=['K,nterm', 'K,nterm']	strepavidin resin enrichment	not available	not available	not available	not available	MS191404_CID_R2.raw	NT=ms-proteomics;VV=v1.1.0	NT=crosslinking;VV=v1.0.0
PXD034796_MS190207_CID_F10	Glycine max	nucleus	not available	12	PXD034796_MS190207_CID_F10_assay	proteomic profiling by mass spectrometry	data-dependent acquisition	NT=NT=dimethyl labeling;AC=MS:1002038	10	1	not available	not available	NT=Carbamidomethyl;AC=UNIMOD:4;TA=C;MT=Fixed	not available	not available	NT=['CBDPS', 'formaldehyde'];AC=[None, None];TA=['K,nterm', 'K,nterm']	strepavidin resin enrichment	not available	not available	not available	not available	MS190207_CID_F10.raw	NT=ms-proteomics;VV=v1.1.0	NT=crosslinking;VV=v1.0.0
PXD034796_MS191930_HCD_F15	Glycine max	nucleus	not available	11	PXD034796_MS191930_HCD_F15_assay	proteomic profiling by mass spectrometry	data-dependent acquisition	NT=NT=dimethyl labeling;AC=MS:1002038	15	1	not available	not available	NT=Carbamidomethyl;AC=UNIMOD:4;TA=C;MT=Fixed	not available	not available	NT=['CBDPS', 'formaldehyde'];AC=[None, None];TA=['K,nterm', 'K,nterm']	strepavidin resin enrichment	not available	not available	not available	not available	MS191930_HCD_F15.raw	NT=ms-proteomics;VV=v1.1.0	NT=crosslinking;VV=v1.0.0
PXD034796_MS181452_R19_CID	Glycine max	nucleus	not available	251	PXD034796_MS181452_R19_CID_assay	proteomic profiling by mass spectrometry	data-dependent acquisition	NT=NT=dimethyl labeling;AC=MS:1002038	1	1	not available	not available	NT=Carbamidomethyl;AC=UNIMOD:4;TA=C;MT=Fixed	not available	not available	NT=['CBDPS', 'formaldehyde'];AC=[None, None];TA=['K,nterm', 'K,nterm']	strepavidin resin enrichment	not available	not available	not available	not available	MS181452_R19_CID.raw	NT=ms-proteomics;VV=v1.1.0	NT=crosslinking;VV=v1.0.0
PXD034796_MS191930_CID_R19	Glycine max	nucleus	not available	252	PXD034796_MS191930_CID_R19_assay	proteomic profiling by mass spectrometry	data-dependent acquisition	NT=NT=dimethyl labeling;AC=MS:1002038	1	1	not available	not available	NT=Carbamidomethyl;AC=UNIMOD:4;TA=C;MT=Fixed	not available	not available	NT=['CBDPS', 'formaldehyde'];AC=[None, None];TA=['K,nterm', 'K,nterm']	strepavidin resin enrichment	not available	not available	not available	not available	MS191930_CID_R19.raw	NT=ms-proteomics;VV=v1.1.0	NT=crosslinking;VV=v1.0.0
PXD034796_MS181938_CID_F3	Glycine max	nucleus	not available	12	PXD034796_MS181938_CID_F3_assay	proteomic profiling by mass spectrometry	data-dependent acquisition	NT=NT=dimethyl labeling;AC=MS:1002038	3	1	not available	not available	NT=Carbamidomethyl;AC=UNIMOD:4;TA=C;MT=Fixed	not available	not available	NT=['CBDPS', 'formaldehyde'];AC=[None, None];TA=['K,nterm', 'K,nterm']	strepavidin resin enrichment	not available	not available	not available	not available	MS181938_CID_F3.raw	NT=ms-proteomics;VV=v1.1.0	NT=crosslinking;VV=v1.0.0
PXD034796_MS181938_HCD_R13	Glycine max	nucleus	not available	253	PXD034796_MS181938_HCD_R13_assay	proteomic profiling by mass spectrometry	data-dependent acquisition	NT=NT=dimethyl labeling;AC=MS:1002038	1	1	not available	not available	NT=Carbamidomethyl;AC=UNIMOD:4;TA=C;MT=Fixed	not available	not available	NT=['CBDPS', 'formaldehyde'];AC=[None, None];TA=['K,nterm', 'K,nterm']	strepavidin resin enrichment	not available	not available	not available	not available	MS181938_HCD_R13.raw	NT=ms-proteomics;VV=v1.1.0	NT=crosslinking;VV=v1.0.0
PXD034796_MS190207_CID_F8	Glycine max	nucleus	not available	12	PXD034796_MS190207_CID_F8_assay	proteomic profiling by mass spectrometry	data-dependent acquisition	NT=NT=dimethyl labeling;AC=MS:1002038	8	1	not available	not available	NT=Carbamidomethyl;AC=UNIMOD:4;TA=C;MT=Fixed	not available	not available	NT=['CBDPS', 'formaldehyde'];AC=[None, None];TA=['K,nterm', 'K,nterm']	strepavidin resin enrichment	not available	not available	not available	not available	MS190207_CID_F8.raw	NT=ms-proteomics;VV=v1.1.0	NT=crosslinking;VV=v1.0.0
PXD034796_MS190207_CID_F6	Glycine max	nucleus	not available	11	PXD034796_MS190207_CID_F6_assay	proteomic profiling by mass spectrometry	data-dependent acquisition	NT=NT=dimethyl labeling;AC=MS:1002038	6	1	not available	not available	NT=Carbamidomethyl;AC=UNIMOD:4;TA=C;MT=Fixed	not available	not available	NT=['CBDPS', 'formaldehyde'];AC=[None, None];TA=['K,nterm', 'K,nterm']	strepavidin resin enrichment	not available	not available	not available	not available	MS190207_CID_F6.raw	NT=ms-proteomics;VV=v1.1.0	NT=crosslinking;VV=v1.0.0
PXD034796_MS181938_HCD_R10	Glycine max	nucleus	not available	254	PXD034796_MS181938_HCD_R10_assay	proteomic profiling by mass spectrometry	data-dependent acquisition	NT=NT=dimethyl labeling;AC=MS:1002038	1	1	not available	not available	NT=Carbamidomethyl;AC=UNIMOD:4;TA=C;MT=Fixed	not available	not available	NT=['CBDPS', 'formaldehyde'];AC=[None, None];TA=['K,nterm', 'K,nterm']	strepavidin resin enrichment	not available	not available	not available	not available	MS181938_HCD_R10.raw	NT=ms-proteomics;VV=v1.1.0	NT=crosslinking;VV=v1.0.0
PXD034796_MS191404_CID_FA	Glycine max	nucleus	not available	255	PXD034796_MS191404_CID_FA_assay	proteomic profiling by mass spectrometry	data-dependent acquisition	NT=NT=dimethyl labeling;AC=MS:1002038	1	1	not available	not available	NT=Carbamidomethyl;AC=UNIMOD:4;TA=C;MT=Fixed	not available	not available	NT=['CBDPS', 'formaldehyde'];AC=[None, None];TA=['K,nterm', 'K,nterm']	strepavidin resin enrichment	not available	not available	not available	not available	MS191404_CID_FA.raw	NT=ms-proteomics;VV=v1.1.0	NT=crosslinking;VV=v1.0.0
PXD034796_MS181938_HCD_R11	Glycine max	nucleus	not available	256	PXD034796_MS181938_HCD_R11_assay	proteomic profiling by mass spectrometry	data-dependent acquisition	NT=NT=dimethyl labeling;AC=MS:1002038	1	1	not available	not available	NT=Carbamidomethyl;AC=UNIMOD:4;TA=C;MT=Fixed	not available	not available	NT=['CBDPS', 'formaldehyde'];AC=[None, None];TA=['K,nterm', 'K,nterm']	strepavidin resin enrichment	not available	not available	not available	not available	MS181938_HCD_R11.raw	NT=ms-proteomics;VV=v1.1.0	NT=crosslinking;VV=v1.0.0
PXD034796_MS181452_R13_HCD	Glycine max	nucleus	not available	257	PXD034796_MS181452_R13_HCD_assay	proteomic profiling by mass spectrometry	data-dependent acquisition	NT=NT=dimethyl labeling;AC=MS:1002038	1	1	not available	not available	NT=Carbamidomethyl;AC=UNIMOD:4;TA=C;MT=Fixed	not available	not available	NT=['CBDPS', 'formaldehyde'];AC=[None, None];TA=['K,nterm', 'K,nterm']	strepavidin resin enrichment	not available	not available	not available	not available	MS181452_R13_HCD.raw	NT=ms-proteomics;VV=v1.1.0	NT=crosslinking;VV=v1.0.0
PXD034796_MS192164_CID_R15	Glycine max	nucleus	not available	258	PXD034796_MS192164_CID_R15_assay	proteomic profiling by mass spectrometry	data-dependent acquisition	NT=NT=dimethyl labeling;AC=MS:1002038	1	1	not available	not available	NT=Carbamidomethyl;AC=UNIMOD:4;TA=C;MT=Fixed	not available	not available	NT=['CBDPS', 'formaldehyde'];AC=[None, None];TA=['K,nterm', 'K,nterm']	strepavidin resin enrichment	not available	not available	not available	not available	MS192164_CID_R15.raw	NT=ms-proteomics;VV=v1.1.0	NT=crosslinking;VV=v1.0.0
PXD034796_MS181452_F6_CID	Glycine max	nucleus	not available	12	PXD034796_MS181452_F6_CID_assay	proteomic profiling by mass spectrometry	data-dependent acquisition	NT=NT=dimethyl labeling;AC=MS:1002038	6	1	not available	not available	NT=Carbamidomethyl;AC=UNIMOD:4;TA=C;MT=Fixed	not available	not available	NT=['CBDPS', 'formaldehyde'];AC=[None, None];TA=['K,nterm', 'K,nterm']	strepavidin resin enrichment	not available	not available	not available	not available	MS181452_F6_CID.raw	NT=ms-proteomics;VV=v1.1.0	NT=crosslinking;VV=v1.0.0
PXD034796_MS190207_HCD_R15	Glycine max	nucleus	not available	259	PXD034796_MS190207_HCD_R15_assay	proteomic profiling by mass spectrometry	data-dependent acquisition	NT=NT=dimethyl labeling;AC=MS:1002038	1	1	not available	not available	NT=Carbamidomethyl;AC=UNIMOD:4;TA=C;MT=Fixed	not available	not available	NT=['CBDPS', 'formaldehyde'];AC=[None, None];TA=['K,nterm', 'K,nterm']	strepavidin resin enrichment	not available	not available	not available	not available	MS190207_HCD_R15.raw	NT=ms-proteomics;VV=v1.1.0	NT=crosslinking;VV=v1.0.0
PXD034796_MS190207_CID_R15	Glycine max	nucleus	not available	260	PXD034796_MS190207_CID_R15_assay	proteomic profiling by mass spectrometry	data-dependent acquisition	NT=NT=dimethyl labeling;AC=MS:1002038	1	1	not available	not available	NT=Carbamidomethyl;AC=UNIMOD:4;TA=C;MT=Fixed	not available	not available	NT=['CBDPS', 'formaldehyde'];AC=[None, None];TA=['K,nterm', 'K,nterm']	strepavidin resin enrichment	not available	not available	not available	not available	MS190207_CID_R15.raw	NT=ms-proteomics;VV=v1.1.0	NT=crosslinking;VV=v1.0.0
PXD034796_MS181452_R5_HCD	Glycine max	nucleus	not available	261	PXD034796_MS181452_R5_HCD_assay	proteomic profiling by mass spectrometry	data-dependent acquisition	NT=NT=dimethyl labeling;AC=MS:1002038	1	1	not available	not available	NT=Carbamidomethyl;AC=UNIMOD:4;TA=C;MT=Fixed	not available	not available	NT=['CBDPS', 'formaldehyde'];AC=[None, None];TA=['K,nterm', 'K,nterm']	strepavidin resin enrichment	not available	not available	not available	not available	MS181452_R5_HCD.raw	NT=ms-proteomics;VV=v1.1.0	NT=crosslinking;VV=v1.0.0
PXD034796_MS191404_HCD_R15	Glycine max	nucleus	not available	262	PXD034796_MS191404_HCD_R15_assay	proteomic profiling by mass spectrometry	data-dependent acquisition	NT=NT=dimethyl labeling;AC=MS:1002038	1	1	not available	not available	NT=Carbamidomethyl;AC=UNIMOD:4;TA=C;MT=Fixed	not available	not available	NT=['CBDPS', 'formaldehyde'];AC=[None, None];TA=['K,nterm', 'K,nterm']	strepavidin resin enrichment	not available	not available	not available	not available	MS191404_HCD_R15.raw	NT=ms-proteomics;VV=v1.1.0	NT=crosslinking;VV=v1.0.0
PXD034796_MS192164_CID_R8	Glycine max	nucleus	not available	263	PXD034796_MS192164_CID_R8_assay	proteomic profiling by mass spectrometry	data-dependent acquisition	NT=NT=dimethyl labeling;AC=MS:1002038	1	1	not available	not available	NT=Carbamidomethyl;AC=UNIMOD:4;TA=C;MT=Fixed	not available	not available	NT=['CBDPS', 'formaldehyde'];AC=[None, None];TA=['K,nterm', 'K,nterm']	strepavidin resin enrichment	not available	not available	not available	not available	MS192164_CID_R8.raw	NT=ms-proteomics;VV=v1.1.0	NT=crosslinking;VV=v1.0.0
PXD034796_MS181938_HCD_F12	Glycine max	nucleus	not available	11	PXD034796_MS181938_HCD_F12_assay	proteomic profiling by mass spectrometry	data-dependent acquisition	NT=NT=dimethyl labeling;AC=MS:1002038	12	1	not available	not available	NT=Carbamidomethyl;AC=UNIMOD:4;TA=C;MT=Fixed	not available	not available	NT=['CBDPS', 'formaldehyde'];AC=[None, None];TA=['K,nterm', 'K,nterm']	strepavidin resin enrichment	not available	not available	not available	not available	MS181938_HCD_F12.raw	NT=ms-proteomics;VV=v1.1.0	NT=crosslinking;VV=v1.0.0
PXD034796_MS181938_HCD_F21	Glycine max	nucleus	not available	4	PXD034796_MS181938_HCD_F21_assay	proteomic profiling by mass spectrometry	data-dependent acquisition	NT=NT=dimethyl labeling;AC=MS:1002038	21	1	not available	not available	NT=Carbamidomethyl;AC=UNIMOD:4;TA=C;MT=Fixed	not available	not available	NT=['CBDPS', 'formaldehyde'];AC=[None, None];TA=['K,nterm', 'K,nterm']	strepavidin resin enrichment	not available	not available	not available	not available	MS181938_HCD_F21.raw	NT=ms-proteomics;VV=v1.1.0	NT=crosslinking;VV=v1.0.0
PXD034796_MS181452_F12_CID	Glycine max	nucleus	not available	12	PXD034796_MS181452_F12_CID_assay	proteomic profiling by mass spectrometry	data-dependent acquisition	NT=NT=dimethyl labeling;AC=MS:1002038	12	1	not available	not available	NT=Carbamidomethyl;AC=UNIMOD:4;TA=C;MT=Fixed	not available	not available	NT=['CBDPS', 'formaldehyde'];AC=[None, None];TA=['K,nterm', 'K,nterm']	strepavidin resin enrichment	not available	not available	not available	not available	MS181452_F12_CID.raw	NT=ms-proteomics;VV=v1.1.0	NT=crosslinking;VV=v1.0.0
PXD034796_MS191404_HCD_R8	Glycine max	nucleus	not available	264	PXD034796_MS191404_HCD_R8_assay	proteomic profiling by mass spectrometry	data-dependent acquisition	NT=NT=dimethyl labeling;AC=MS:1002038	1	1	not available	not available	NT=Carbamidomethyl;AC=UNIMOD:4;TA=C;MT=Fixed	not available	not available	NT=['CBDPS', 'formaldehyde'];AC=[None, None];TA=['K,nterm', 'K,nterm']	strepavidin resin enrichment	not available	not available	not available	not available	MS191404_HCD_R8.raw	NT=ms-proteomics;VV=v1.1.0	NT=crosslinking;VV=v1.0.0
PXD034796_MS181452_F15_CID	Glycine max	nucleus	not available	12	PXD034796_MS181452_F15_CID_assay	proteomic profiling by mass spectrometry	data-dependent acquisition	NT=NT=dimethyl labeling;AC=MS:1002038	15	1	not available	not available	NT=Carbamidomethyl;AC=UNIMOD:4;TA=C;MT=Fixed	not available	not available	NT=['CBDPS', 'formaldehyde'];AC=[None, None];TA=['K,nterm', 'K,nterm']	strepavidin resin enrichment	not available	not available	not available	not available	MS181452_F15_CID.raw	NT=ms-proteomics;VV=v1.1.0	NT=crosslinking;VV=v1.0.0
PXD034796_MS191930_CID_F20	Glycine max	nucleus	not available	8	PXD034796_MS191930_CID_F20_assay	proteomic profiling by mass spectrometry	data-dependent acquisition	NT=NT=dimethyl labeling;AC=MS:1002038	20	1	not available	not available	NT=Carbamidomethyl;AC=UNIMOD:4;TA=C;MT=Fixed	not available	not available	NT=['CBDPS', 'formaldehyde'];AC=[None, None];TA=['K,nterm', 'K,nterm']	strepavidin resin enrichment	not available	not available	not available	not available	MS191930_CID_F20.raw	NT=ms-proteomics;VV=v1.1.0	NT=crosslinking;VV=v1.0.0
PXD034796_MS190207_CID_F13	Glycine max	nucleus	not available	12	PXD034796_MS190207_CID_F13_assay	proteomic profiling by mass spectrometry	data-dependent acquisition	NT=NT=dimethyl labeling;AC=MS:1002038	13	1	not available	not available	NT=Carbamidomethyl;AC=UNIMOD:4;TA=C;MT=Fixed	not available	not available	NT=['CBDPS', 'formaldehyde'];AC=[None, None];TA=['K,nterm', 'K,nterm']	strepavidin resin enrichment	not available	not available	not available	not available	MS190207_CID_F13.raw	NT=ms-proteomics;VV=v1.1.0	NT=crosslinking;VV=v1.0.0
PXD034796_MS181938_HCD_R16	Glycine max	nucleus	not available	265	PXD034796_MS181938_HCD_R16_assay	proteomic profiling by mass spectrometry	data-dependent acquisition	NT=NT=dimethyl labeling;AC=MS:1002038	1	1	not available	not available	NT=Carbamidomethyl;AC=UNIMOD:4;TA=C;MT=Fixed	not available	not available	NT=['CBDPS', 'formaldehyde'];AC=[None, None];TA=['K,nterm', 'K,nterm']	strepavidin resin enrichment	not available	not available	not available	not available	MS181938_HCD_R16.raw	NT=ms-proteomics;VV=v1.1.0	NT=crosslinking;VV=v1.0.0
PXD034796_MS181938_HCD_R20	Glycine max	nucleus	not available	266	PXD034796_MS181938_HCD_R20_assay	proteomic profiling by mass spectrometry	data-dependent acquisition	NT=NT=dimethyl labeling;AC=MS:1002038	1	1	not available	not available	NT=Carbamidomethyl;AC=UNIMOD:4;TA=C;MT=Fixed	not available	not available	NT=['CBDPS', 'formaldehyde'];AC=[None, None];TA=['K,nterm', 'K,nterm']	strepavidin resin enrichment	not available	not available	not available	not available	MS181938_HCD_R20.raw	NT=ms-proteomics;VV=v1.1.0	NT=crosslinking;VV=v1.0.0
PXD034796_MS181938_HCD_R12	Glycine max	nucleus	not available	267	PXD034796_MS181938_HCD_R12_assay	proteomic profiling by mass spectrometry	data-dependent acquisition	NT=NT=dimethyl labeling;AC=MS:1002038	1	1	not available	not available	NT=Carbamidomethyl;AC=UNIMOD:4;TA=C;MT=Fixed	not available	not available	NT=['CBDPS', 'formaldehyde'];AC=[None, None];TA=['K,nterm', 'K,nterm']	strepavidin resin enrichment	not available	not available	not available	not available	MS181938_HCD_R12.raw	NT=ms-proteomics;VV=v1.1.0	NT=crosslinking;VV=v1.0.0
