source name	characteristics[organism]	characteristics[organism part]	characteristics[cell type]	characteristics[biological replicate]	assay name	technology type	comment[proteomics data acquisition method]	comment[label]	comment[fraction identifier]	comment[technical replicate]	comment[instrument]	comment[cleavage agent details]	comment[modification parameters]	comment[modification parameters]	comment[collision energy]	comment[dissociation method]	comment[cross-linker]	comment[crosslink enrichment method]	comment[crosslinker concentration]	comment[crosslinker to protein ratio]	comment[crosslinking reaction time]	comment[crosslinking temperature]	comment[data file]	comment[sdrf template]	comment[sdrf template]	comment[sdrf template]
PXD015435_2018_12_06_01_3Prot_rep1_FoAl_0p1_per	Homo sapiens	whole cell lysate	adenocarcinoma cell line	1	PXD015435_2018_12_06_01_3Prot_rep1_FoAl_0p1_per_assay	proteomic profiling by mass spectrometry	data-dependent acquisition	NT=label free sample;AC=MS:1002038	1	1	not available	NT=Trypsin;AC=MS:1001251	NT=Carbamidomethyl;AC=UNIMOD:4;TA=C;MT=Fixed	NT=Oxidation;AC=UNIMOD:21;TA=M;MT=Variable	not available	not available	NT=['formalin (37% FA and 10% methanol)', 'FA'];AC=[None, None];TA=['K,nterm', 'K,nterm']	strong cation exchange chromatography (SCX) chromatography	37% FA (formalin solution); 1, 2, 3, 4.5, or 6% FA; 2% FA (peptide digest)	not available	20 min	room temperature	2018_12_06_01_3Prot_rep1_FoAl_0p1_per.raw	NT=ms-proteomics;VV=v1.1.0	NT=crosslinking;VV=v1.0.0	NT=human;VV=v1.1.0
PXD015435_2019_01_09_23_3Prot_rep3_FoAl_0p1_per_P2	Homo sapiens	whole cell lysate	adenocarcinoma cell line	2	PXD015435_2019_01_09_23_3Prot_rep3_FoAl_0p1_per_P2_assay	proteomic profiling by mass spectrometry	data-dependent acquisition	NT=label free sample;AC=MS:1002038	1	3	not available	NT=Trypsin;AC=MS:1001251	NT=Carbamidomethyl;AC=UNIMOD:4;TA=C;MT=Fixed	NT=Oxidation;AC=UNIMOD:21;TA=M;MT=Variable	not available	not available	NT=['formalin (37% FA and 10% methanol)', 'FA'];AC=[None, None];TA=['K,nterm', 'K,nterm']	strong cation exchange chromatography (SCX) chromatography	37% FA (formalin solution); 1, 2, 3, 4.5, or 6% FA; 2% FA (peptide digest)	not available	20 min	room temperature	2019_01_09_23_3Prot_rep3_FoAl_0p1_per_P2.raw	NT=ms-proteomics;VV=v1.1.0	NT=crosslinking;VV=v1.0.0	NT=human;VV=v1.1.0
PXD015435_2019_01_09_34_3Prot_rep3_FoAl_0p8_per	Homo sapiens	whole cell lysate	adenocarcinoma cell line	3	PXD015435_2019_01_09_34_3Prot_rep3_FoAl_0p8_per_assay	proteomic profiling by mass spectrometry	data-dependent acquisition	NT=label free sample;AC=MS:1002038	1	3	not available	NT=Trypsin;AC=MS:1001251	NT=Carbamidomethyl;AC=UNIMOD:4;TA=C;MT=Fixed	NT=Oxidation;AC=UNIMOD:21;TA=M;MT=Variable	not available	not available	NT=['formalin (37% FA and 10% methanol)', 'FA'];AC=[None, None];TA=['K,nterm', 'K,nterm']	strong cation exchange chromatography (SCX) chromatography	37% FA (formalin solution); 1, 2, 3, 4.5, or 6% FA; 2% FA (peptide digest)	not available	20 min	room temperature	2019_01_09_34_3Prot_rep3_FoAl_0p8_per.raw	NT=ms-proteomics;VV=v1.1.0	NT=crosslinking;VV=v1.0.0	NT=human;VV=v1.1.0
PXD015435_2018_12_08_21_3Prot_rep1_FoAl_4_per	Homo sapiens	whole cell lysate	adenocarcinoma cell line	4	PXD015435_2018_12_08_21_3Prot_rep1_FoAl_4_per_assay	proteomic profiling by mass spectrometry	data-dependent acquisition	NT=label free sample;AC=MS:1002038	1	1	not available	NT=Trypsin;AC=MS:1001251	NT=Carbamidomethyl;AC=UNIMOD:4;TA=C;MT=Fixed	NT=Oxidation;AC=UNIMOD:21;TA=M;MT=Variable	not available	not available	NT=['formalin (37% FA and 10% methanol)', 'FA'];AC=[None, None];TA=['K,nterm', 'K,nterm']	strong cation exchange chromatography (SCX) chromatography	37% FA (formalin solution); 1, 2, 3, 4.5, or 6% FA; 2% FA (peptide digest)	not available	20 min	room temperature	2018_12_08_21_3Prot_rep1_FoAl_4_per.raw	NT=ms-proteomics;VV=v1.1.0	NT=crosslinking;VV=v1.0.0	NT=human;VV=v1.1.0
PXD015435_2019_05_25_04_2per_FA_3h_PEPTIDES	Homo sapiens	whole cell lysate	adenocarcinoma cell line	5	PXD015435_2019_05_25_04_2per_FA_3h_PEPTIDES_assay	proteomic profiling by mass spectrometry	data-dependent acquisition	NT=label free sample;AC=MS:1002038	1	1	not available	NT=Trypsin;AC=MS:1001251	NT=Carbamidomethyl;AC=UNIMOD:4;TA=C;MT=Fixed	NT=Oxidation;AC=UNIMOD:21;TA=M;MT=Variable	not available	not available	NT=['formalin (37% FA and 10% methanol)', 'FA'];AC=[None, None];TA=['K,nterm', 'K,nterm']	strong cation exchange chromatography (SCX) chromatography	37% FA (formalin solution); 1, 2, 3, 4.5, or 6% FA; 2% FA (peptide digest)	not available	20 min	room temperature	2019_05_25_04_2per_FA_3h_PEPTIDES.raw	NT=ms-proteomics;VV=v1.1.0	NT=crosslinking;VV=v1.0.0	NT=human;VV=v1.1.0
PXD015435_2019_01_09_32_3Prot_rep3_FoAl_0p2_per	Homo sapiens	whole cell lysate	adenocarcinoma cell line	6	PXD015435_2019_01_09_32_3Prot_rep3_FoAl_0p2_per_assay	proteomic profiling by mass spectrometry	data-dependent acquisition	NT=label free sample;AC=MS:1002038	1	3	not available	NT=Trypsin;AC=MS:1001251	NT=Carbamidomethyl;AC=UNIMOD:4;TA=C;MT=Fixed	NT=Oxidation;AC=UNIMOD:21;TA=M;MT=Variable	not available	not available	NT=['formalin (37% FA and 10% methanol)', 'FA'];AC=[None, None];TA=['K,nterm', 'K,nterm']	strong cation exchange chromatography (SCX) chromatography	37% FA (formalin solution); 1, 2, 3, 4.5, or 6% FA; 2% FA (peptide digest)	not available	20 min	room temperature	2019_01_09_32_3Prot_rep3_FoAl_0p2_per.raw	NT=ms-proteomics;VV=v1.1.0	NT=crosslinking;VV=v1.0.0	NT=human;VV=v1.1.0
PXD015435_2018_12_21_26_3Prot_rep2_No_XL_P2	NT=Homo sapiens;AC=NCBITaxon:9606	whole cell lysate	adenocarcinoma cell line	7	PXD015435_2018_12_21_26_3Prot_rep2_No_XL_P2_assay	proteomic profiling by mass spectrometry	data-dependent acquisition	NT=label free sample;AC=MS:1002038	1	2	not available	NT=Trypsin;AC=MS:1001251	NT=Carbamidomethyl;AC=UNIMOD:4;TA=C;MT=Fixed	NT=Oxidation;AC=UNIMOD:21;TA=M;MT=Variable	not available	not available	NT=['formalin (37% FA and 10% methanol)', 'FA'];AC=[None, None];TA=['K,nterm', 'K,nterm']	strong cation exchange chromatography (SCX) chromatography	37% FA (formalin solution); 1, 2, 3, 4.5, or 6% FA; 2% FA (peptide digest)	not available	20 min	room temperature	2018_12_21_26_3Prot_rep2_No_XL_P2.raw	NT=ms-proteomics;VV=v1.1.0	NT=crosslinking;VV=v1.0.0	NT=human;VV=v1.1.0
PXD015435_2019_01_09_30_3Prot_rep3_FoAl_8_per_P2	Homo sapiens	whole cell lysate	adenocarcinoma cell line	8	PXD015435_2019_01_09_30_3Prot_rep3_FoAl_8_per_P2_assay	proteomic profiling by mass spectrometry	data-dependent acquisition	NT=label free sample;AC=MS:1002038	1	3	not available	NT=Trypsin;AC=MS:1001251	NT=Carbamidomethyl;AC=UNIMOD:4;TA=C;MT=Fixed	NT=Oxidation;AC=UNIMOD:21;TA=M;MT=Variable	not available	not available	NT=['formalin (37% FA and 10% methanol)', 'FA'];AC=[None, None];TA=['K,nterm', 'K,nterm']	strong cation exchange chromatography (SCX) chromatography	37% FA (formalin solution); 1, 2, 3, 4.5, or 6% FA; 2% FA (peptide digest)	not available	20 min	room temperature	2019_01_09_30_3Prot_rep3_FoAl_8_per_P2.raw	NT=ms-proteomics;VV=v1.1.0	NT=crosslinking;VV=v1.0.0	NT=human;VV=v1.1.0
PXD015435_2019_05_15_02_2per_FA_20min_PEPTIDES	Homo sapiens	whole cell lysate	adenocarcinoma cell line	9	PXD015435_2019_05_15_02_2per_FA_20min_PEPTIDES_assay	proteomic profiling by mass spectrometry	data-dependent acquisition	NT=label free sample;AC=MS:1002038	1	1	not available	NT=Trypsin;AC=MS:1001251	NT=Carbamidomethyl;AC=UNIMOD:4;TA=C;MT=Fixed	NT=Oxidation;AC=UNIMOD:21;TA=M;MT=Variable	not available	not available	NT=['formalin (37% FA and 10% methanol)', 'FA'];AC=[None, None];TA=['K,nterm', 'K,nterm']	strong cation exchange chromatography (SCX) chromatography	37% FA (formalin solution); 1, 2, 3, 4.5, or 6% FA; 2% FA (peptide digest)	not available	20 min	room temperature	2019_05_15_02_2per_FA_20min_PEPTIDES.raw	NT=ms-proteomics;VV=v1.1.0	NT=crosslinking;VV=v1.0.0	NT=human;VV=v1.1.0
PXD015435_2018_12_08_19_3Prot_rep1_FoAl_1p3_per	Homo sapiens	whole cell lysate	adenocarcinoma cell line	10	PXD015435_2018_12_08_19_3Prot_rep1_FoAl_1p3_per_assay	proteomic profiling by mass spectrometry	data-dependent acquisition	NT=label free sample;AC=MS:1002038	1	1	not available	NT=Trypsin;AC=MS:1001251	NT=Carbamidomethyl;AC=UNIMOD:4;TA=C;MT=Fixed	NT=Oxidation;AC=UNIMOD:21;TA=M;MT=Variable	not available	not available	NT=['formalin (37% FA and 10% methanol)', 'FA'];AC=[None, None];TA=['K,nterm', 'K,nterm']	strong cation exchange chromatography (SCX) chromatography	37% FA (formalin solution); 1, 2, 3, 4.5, or 6% FA; 2% FA (peptide digest)	not available	20 min	room temperature	2018_12_08_19_3Prot_rep1_FoAl_1p3_per.raw	NT=ms-proteomics;VV=v1.1.0	NT=crosslinking;VV=v1.0.0	NT=human;VV=v1.1.0
PXD015435_2019_05_25_02_no_FA_PEPTIDES	Homo sapiens	whole cell lysate	adenocarcinoma cell line	11	PXD015435_2019_05_25_02_no_FA_PEPTIDES_assay	proteomic profiling by mass spectrometry	data-dependent acquisition	NT=label free sample;AC=MS:1002038	1	1	not available	NT=Trypsin;AC=MS:1001251	NT=Carbamidomethyl;AC=UNIMOD:4;TA=C;MT=Fixed	NT=Oxidation;AC=UNIMOD:21;TA=M;MT=Variable	not available	not available	NT=['formalin (37% FA and 10% methanol)', 'FA'];AC=[None, None];TA=['K,nterm', 'K,nterm']	strong cation exchange chromatography (SCX) chromatography	37% FA (formalin solution); 1, 2, 3, 4.5, or 6% FA; 2% FA (peptide digest)	not available	20 min	room temperature	2019_05_25_02_no_FA_PEPTIDES.raw	NT=ms-proteomics;VV=v1.1.0	NT=crosslinking;VV=v1.0.0	NT=human;VV=v1.1.0
PXD015435_2018_12_07_13_3Prot_rep1_FoAl_2_per_P2	Homo sapiens	whole cell lysate	adenocarcinoma cell line	12	PXD015435_2018_12_07_13_3Prot_rep1_FoAl_2_per_P2_assay	proteomic profiling by mass spectrometry	data-dependent acquisition	NT=label free sample;AC=MS:1002038	1	1	not available	NT=Trypsin;AC=MS:1001251	NT=Carbamidomethyl;AC=UNIMOD:4;TA=C;MT=Fixed	NT=Oxidation;AC=UNIMOD:21;TA=M;MT=Variable	not available	not available	NT=['formalin (37% FA and 10% methanol)', 'FA'];AC=[None, None];TA=['K,nterm', 'K,nterm']	strong cation exchange chromatography (SCX) chromatography	37% FA (formalin solution); 1, 2, 3, 4.5, or 6% FA; 2% FA (peptide digest)	not available	20 min	room temperature	2018_12_07_13_3Prot_rep1_FoAl_2_per_P2.raw	NT=ms-proteomics;VV=v1.1.0	NT=crosslinking;VV=v1.0.0	NT=human;VV=v1.1.0
PXD015435_2018_12_24_43_3Prot_rep2_FoAl_4_per_NCE_18	Homo sapiens	whole cell lysate	adenocarcinoma cell line	13	PXD015435_2018_12_24_43_3Prot_rep2_FoAl_4_per_NCE_18_assay	proteomic profiling by mass spectrometry	data-dependent acquisition	NT=label free sample;AC=MS:1002038	1	2	not available	NT=Trypsin;AC=MS:1001251	NT=Carbamidomethyl;AC=UNIMOD:4;TA=C;MT=Fixed	NT=Oxidation;AC=UNIMOD:21;TA=M;MT=Variable	not available	not available	NT=['formalin (37% FA and 10% methanol)', 'FA'];AC=[None, None];TA=['K,nterm', 'K,nterm']	strong cation exchange chromatography (SCX) chromatography	37% FA (formalin solution); 1, 2, 3, 4.5, or 6% FA; 2% FA (peptide digest)	not available	20 min	room temperature	2018_12_24_43_3Prot_rep2_FoAl_4_per_NCE_18.raw	NT=ms-proteomics;VV=v1.1.0	NT=crosslinking;VV=v1.0.0	NT=human;VV=v1.1.0
PXD015435_2019_01_08_16_3Prot_rep3_FoAl_0p2_per	Homo sapiens	whole cell lysate	adenocarcinoma cell line	14	PXD015435_2019_01_08_16_3Prot_rep3_FoAl_0p2_per_assay	proteomic profiling by mass spectrometry	data-dependent acquisition	NT=label free sample;AC=MS:1002038	1	3	not available	NT=Trypsin;AC=MS:1001251	NT=Carbamidomethyl;AC=UNIMOD:4;TA=C;MT=Fixed	NT=Oxidation;AC=UNIMOD:21;TA=M;MT=Variable	not available	not available	NT=['formalin (37% FA and 10% methanol)', 'FA'];AC=[None, None];TA=['K,nterm', 'K,nterm']	strong cation exchange chromatography (SCX) chromatography	37% FA (formalin solution); 1, 2, 3, 4.5, or 6% FA; 2% FA (peptide digest)	not available	20 min	room temperature	2019_01_08_16_3Prot_rep3_FoAl_0p2_per.raw	NT=ms-proteomics;VV=v1.1.0	NT=crosslinking;VV=v1.0.0	NT=human;VV=v1.1.0
PXD015435_2018_12_20_17_3Prot_rep2_FoAl_1p3_non_sigma_brand	Homo sapiens	whole cell lysate	adenocarcinoma cell line	15	PXD015435_2018_12_20_17_3Prot_rep2_FoAl_1p3_non_sigma_brand_assay	proteomic profiling by mass spectrometry	data-dependent acquisition	NT=label free sample;AC=MS:1002038	1	2	not available	NT=Trypsin;AC=MS:1001251	NT=Carbamidomethyl;AC=UNIMOD:4;TA=C;MT=Fixed	NT=Oxidation;AC=UNIMOD:21;TA=M;MT=Variable	not available	not available	NT=['formalin (37% FA and 10% methanol)', 'FA'];AC=[None, None];TA=['K,nterm', 'K,nterm']	strong cation exchange chromatography (SCX) chromatography	37% FA (formalin solution); 1, 2, 3, 4.5, or 6% FA; 2% FA (peptide digest)	not available	20 min	room temperature	2018_12_20_17_3Prot_rep2_FoAl_1p3_non_sigma_brand.raw	NT=ms-proteomics;VV=v1.1.0	NT=crosslinking;VV=v1.0.0	NT=human;VV=v1.1.0
PXD015435_2018_12_11_34_3Prot_rep1_DSS_10mM	Homo sapiens	whole cell lysate	adenocarcinoma cell line	16	PXD015435_2018_12_11_34_3Prot_rep1_DSS_10mM_assay	proteomic profiling by mass spectrometry	data-dependent acquisition	NT=label free sample;AC=MS:1002038	1	1	not available	NT=Trypsin;AC=MS:1001251	NT=Carbamidomethyl;AC=UNIMOD:4;TA=C;MT=Fixed	NT=Oxidation;AC=UNIMOD:21;TA=M;MT=Variable	not available	not available	NT=['formalin (37% FA and 10% methanol)', 'FA'];AC=[None, None];TA=['K,nterm', 'K,nterm']	strong cation exchange chromatography (SCX) chromatography	37% FA (formalin solution); 1, 2, 3, 4.5, or 6% FA; 2% FA (peptide digest)	not available	20 min	room temperature	2018_12_11_34_3Prot_rep1_DSS_10mM.raw	NT=ms-proteomics;VV=v1.1.0	NT=crosslinking;VV=v1.0.0	NT=human;VV=v1.1.0
PXD015435_2018_12_21_29_3Prot_rep2_DSS_1mM_P2	Homo sapiens	whole cell lysate	adenocarcinoma cell line	17	PXD015435_2018_12_21_29_3Prot_rep2_DSS_1mM_P2_assay	proteomic profiling by mass spectrometry	data-dependent acquisition	NT=label free sample;AC=MS:1002038	1	2	not available	NT=Trypsin;AC=MS:1001251	NT=Carbamidomethyl;AC=UNIMOD:4;TA=C;MT=Fixed	NT=Oxidation;AC=UNIMOD:21;TA=M;MT=Variable	not available	not available	NT=['formalin (37% FA and 10% methanol)', 'FA'];AC=[None, None];TA=['K,nterm', 'K,nterm']	strong cation exchange chromatography (SCX) chromatography	37% FA (formalin solution); 1, 2, 3, 4.5, or 6% FA; 2% FA (peptide digest)	not available	20 min	room temperature	2018_12_21_29_3Prot_rep2_DSS_1mM_P2.raw	NT=ms-proteomics;VV=v1.1.0	NT=crosslinking;VV=v1.0.0	NT=human;VV=v1.1.0
PXD015435_2018_12_22_38_3Prot_rep2_FoAl_0p8_non_sigma_brand	Homo sapiens	whole cell lysate	adenocarcinoma cell line	18	PXD015435_2018_12_22_38_3Prot_rep2_FoAl_0p8_non_sigma_brand_assay	proteomic profiling by mass spectrometry	data-dependent acquisition	NT=label free sample;AC=MS:1002038	1	2	not available	NT=Trypsin;AC=MS:1001251	NT=Carbamidomethyl;AC=UNIMOD:4;TA=C;MT=Fixed	NT=Oxidation;AC=UNIMOD:21;TA=M;MT=Variable	not available	not available	NT=['formalin (37% FA and 10% methanol)', 'FA'];AC=[None, None];TA=['K,nterm', 'K,nterm']	strong cation exchange chromatography (SCX) chromatography	37% FA (formalin solution); 1, 2, 3, 4.5, or 6% FA; 2% FA (peptide digest)	not available	20 min	room temperature	2018_12_22_38_3Prot_rep2_FoAl_0p8_non_sigma_brand.raw	NT=ms-proteomics;VV=v1.1.0	NT=crosslinking;VV=v1.0.0	NT=human;VV=v1.1.0
PXD015435_2018_12_06_07_3Prot_rep1_FoAl_4_per	Homo sapiens	whole cell lysate	adenocarcinoma cell line	19	PXD015435_2018_12_06_07_3Prot_rep1_FoAl_4_per_assay	proteomic profiling by mass spectrometry	data-dependent acquisition	NT=label free sample;AC=MS:1002038	1	1	not available	NT=Trypsin;AC=MS:1001251	NT=Carbamidomethyl;AC=UNIMOD:4;TA=C;MT=Fixed	NT=Oxidation;AC=UNIMOD:21;TA=M;MT=Variable	not available	not available	NT=['formalin (37% FA and 10% methanol)', 'FA'];AC=[None, None];TA=['K,nterm', 'K,nterm']	strong cation exchange chromatography (SCX) chromatography	37% FA (formalin solution); 1, 2, 3, 4.5, or 6% FA; 2% FA (peptide digest)	not available	20 min	room temperature	2018_12_06_07_3Prot_rep1_FoAl_4_per.raw	NT=ms-proteomics;VV=v1.1.0	NT=crosslinking;VV=v1.0.0	NT=human;VV=v1.1.0
PXD015435_2018_06_15_12_PC9_InVivo_6per_FoAl	Homo sapiens	whole cell lysate	adenocarcinoma cell line	20	PXD015435_2018_06_15_12_PC9_InVivo_6per_FoAl_assay	proteomic profiling by mass spectrometry	data-dependent acquisition	NT=label free sample;AC=MS:1002038	1	1	not available	NT=Trypsin;AC=MS:1001251	NT=Carbamidomethyl;AC=UNIMOD:4;TA=C;MT=Fixed	NT=Oxidation;AC=UNIMOD:21;TA=M;MT=Variable	not available	not available	NT=['formalin (37% FA and 10% methanol)', 'FA'];AC=[None, None];TA=['K,nterm', 'K,nterm']	strong cation exchange chromatography (SCX) chromatography	37% FA (formalin solution); 1, 2, 3, 4.5, or 6% FA; 2% FA (peptide digest)	not available	20 min	room temperature	2018_06_15_12_PC9_InVivo_6per_FoAl.raw	NT=ms-proteomics;VV=v1.1.0	NT=crosslinking;VV=v1.0.0	NT=human;VV=v1.1.0
PXD015435_2019_01_08_19_3Prot_rep3_FoAl_1p3_per	Homo sapiens	whole cell lysate	adenocarcinoma cell line	21	PXD015435_2019_01_08_19_3Prot_rep3_FoAl_1p3_per_assay	proteomic profiling by mass spectrometry	data-dependent acquisition	NT=label free sample;AC=MS:1002038	1	3	not available	NT=Trypsin;AC=MS:1001251	NT=Carbamidomethyl;AC=UNIMOD:4;TA=C;MT=Fixed	NT=Oxidation;AC=UNIMOD:21;TA=M;MT=Variable	not available	not available	NT=['formalin (37% FA and 10% methanol)', 'FA'];AC=[None, None];TA=['K,nterm', 'K,nterm']	strong cation exchange chromatography (SCX) chromatography	37% FA (formalin solution); 1, 2, 3, 4.5, or 6% FA; 2% FA (peptide digest)	not available	20 min	room temperature	2019_01_08_19_3Prot_rep3_FoAl_1p3_per.raw	NT=ms-proteomics;VV=v1.1.0	NT=crosslinking;VV=v1.0.0	NT=human;VV=v1.1.0
PXD015435_2018_12_21_23_3Prot_rep2_FoAl_2_per_P2	Homo sapiens	whole cell lysate	adenocarcinoma cell line	22	PXD015435_2018_12_21_23_3Prot_rep2_FoAl_2_per_P2_assay	proteomic profiling by mass spectrometry	data-dependent acquisition	NT=label free sample;AC=MS:1002038	1	2	not available	NT=Trypsin;AC=MS:1001251	NT=Carbamidomethyl;AC=UNIMOD:4;TA=C;MT=Fixed	NT=Oxidation;AC=UNIMOD:21;TA=M;MT=Variable	not available	not available	NT=['formalin (37% FA and 10% methanol)', 'FA'];AC=[None, None];TA=['K,nterm', 'K,nterm']	strong cation exchange chromatography (SCX) chromatography	37% FA (formalin solution); 1, 2, 3, 4.5, or 6% FA; 2% FA (peptide digest)	not available	20 min	room temperature	2018_12_21_23_3Prot_rep2_FoAl_2_per_P2.raw	NT=ms-proteomics;VV=v1.1.0	NT=crosslinking;VV=v1.0.0	NT=human;VV=v1.1.0
PXD015435_2018_06_15_10_PC9_InVivo_3per_FoAl	Homo sapiens	whole cell lysate	adenocarcinoma cell line	23	PXD015435_2018_06_15_10_PC9_InVivo_3per_FoAl_assay	proteomic profiling by mass spectrometry	data-dependent acquisition	NT=label free sample;AC=MS:1002038	1	1	not available	NT=Trypsin;AC=MS:1001251	NT=Carbamidomethyl;AC=UNIMOD:4;TA=C;MT=Fixed	NT=Oxidation;AC=UNIMOD:21;TA=M;MT=Variable	not available	not available	NT=['formalin (37% FA and 10% methanol)', 'FA'];AC=[None, None];TA=['K,nterm', 'K,nterm']	strong cation exchange chromatography (SCX) chromatography	37% FA (formalin solution); 1, 2, 3, 4.5, or 6% FA; 2% FA (peptide digest)	not available	20 min	room temperature	2018_06_15_10_PC9_InVivo_3per_FoAl.raw	NT=ms-proteomics;VV=v1.1.0	NT=crosslinking;VV=v1.0.0	NT=human;VV=v1.1.0
PXD015435_2019_05_26_13_ReDoing_PC9_1per_FoAl_SCX_B7_more_matter	Homo sapiens	whole cell lysate	adenocarcinoma cell line	24	PXD015435_2019_05_26_13_ReDoing_PC9_1per_FoAl_SCX_B7_more_matter_assay	proteomic profiling by mass spectrometry	data-dependent acquisition	NT=label free sample;AC=MS:1002038	1	1	not available	NT=Trypsin;AC=MS:1001251	NT=Carbamidomethyl;AC=UNIMOD:4;TA=C;MT=Fixed	NT=Oxidation;AC=UNIMOD:21;TA=M;MT=Variable	not available	not available	NT=['formalin (37% FA and 10% methanol)', 'FA'];AC=[None, None];TA=['K,nterm', 'K,nterm']	strong cation exchange chromatography (SCX) chromatography	37% FA (formalin solution); 1, 2, 3, 4.5, or 6% FA; 2% FA (peptide digest)	not available	20 min	room temperature	2019_05_26_13_ReDoing_PC9_1per_FoAl_SCX_B7_more_matter.raw	NT=ms-proteomics;VV=v1.1.0	NT=crosslinking;VV=v1.0.0	NT=human;VV=v1.1.0
PXD015435_2019_01_09_31_3Prot_rep3_FoAl_0p1_per	Homo sapiens	whole cell lysate	adenocarcinoma cell line	25	PXD015435_2019_01_09_31_3Prot_rep3_FoAl_0p1_per_assay	proteomic profiling by mass spectrometry	data-dependent acquisition	NT=label free sample;AC=MS:1002038	1	3	not available	NT=Trypsin;AC=MS:1001251	NT=Carbamidomethyl;AC=UNIMOD:4;TA=C;MT=Fixed	NT=Oxidation;AC=UNIMOD:21;TA=M;MT=Variable	not available	not available	NT=['formalin (37% FA and 10% methanol)', 'FA'];AC=[None, None];TA=['K,nterm', 'K,nterm']	strong cation exchange chromatography (SCX) chromatography	37% FA (formalin solution); 1, 2, 3, 4.5, or 6% FA; 2% FA (peptide digest)	not available	20 min	room temperature	2019_01_09_31_3Prot_rep3_FoAl_0p1_per.raw	NT=ms-proteomics;VV=v1.1.0	NT=crosslinking;VV=v1.0.0	NT=human;VV=v1.1.0
PXD015435_2018_12_24_45_3Prot_rep2_FoAl_4_per_NCE_26	Homo sapiens	whole cell lysate	adenocarcinoma cell line	26	PXD015435_2018_12_24_45_3Prot_rep2_FoAl_4_per_NCE_26_assay	proteomic profiling by mass spectrometry	data-dependent acquisition	NT=label free sample;AC=MS:1002038	1	2	not available	NT=Trypsin;AC=MS:1001251	NT=Carbamidomethyl;AC=UNIMOD:4;TA=C;MT=Fixed	NT=Oxidation;AC=UNIMOD:21;TA=M;MT=Variable	not available	not available	NT=['formalin (37% FA and 10% methanol)', 'FA'];AC=[None, None];TA=['K,nterm', 'K,nterm']	strong cation exchange chromatography (SCX) chromatography	37% FA (formalin solution); 1, 2, 3, 4.5, or 6% FA; 2% FA (peptide digest)	not available	20 min	room temperature	2018_12_24_45_3Prot_rep2_FoAl_4_per_NCE_26.raw	NT=ms-proteomics;VV=v1.1.0	NT=crosslinking;VV=v1.0.0	NT=human;VV=v1.1.0
PXD015435_2018_12_20_19_3Prot_rep2_DSS_3mM	Homo sapiens	whole cell lysate	adenocarcinoma cell line	27	PXD015435_2018_12_20_19_3Prot_rep2_DSS_3mM_assay	proteomic profiling by mass spectrometry	data-dependent acquisition	NT=label free sample;AC=MS:1002038	1	2	not available	NT=Trypsin;AC=MS:1001251	NT=Carbamidomethyl;AC=UNIMOD:4;TA=C;MT=Fixed	NT=Oxidation;AC=UNIMOD:21;TA=M;MT=Variable	not available	not available	NT=['formalin (37% FA and 10% methanol)', 'FA'];AC=[None, None];TA=['K,nterm', 'K,nterm']	strong cation exchange chromatography (SCX) chromatography	37% FA (formalin solution); 1, 2, 3, 4.5, or 6% FA; 2% FA (peptide digest)	not available	20 min	room temperature	2018_12_20_19_3Prot_rep2_DSS_3mM.raw	NT=ms-proteomics;VV=v1.1.0	NT=crosslinking;VV=v1.0.0	NT=human;VV=v1.1.0
PXD015435_2018_12_20_10_3Prot_rep2_FoAl_0p8_per	Homo sapiens	whole cell lysate	adenocarcinoma cell line	28	PXD015435_2018_12_20_10_3Prot_rep2_FoAl_0p8_per_assay	proteomic profiling by mass spectrometry	data-dependent acquisition	NT=label free sample;AC=MS:1002038	1	2	not available	NT=Trypsin;AC=MS:1001251	NT=Carbamidomethyl;AC=UNIMOD:4;TA=C;MT=Fixed	NT=Oxidation;AC=UNIMOD:21;TA=M;MT=Variable	not available	not available	NT=['formalin (37% FA and 10% methanol)', 'FA'];AC=[None, None];TA=['K,nterm', 'K,nterm']	strong cation exchange chromatography (SCX) chromatography	37% FA (formalin solution); 1, 2, 3, 4.5, or 6% FA; 2% FA (peptide digest)	not available	20 min	room temperature	2018_12_20_10_3Prot_rep2_FoAl_0p8_per.raw	NT=ms-proteomics;VV=v1.1.0	NT=crosslinking;VV=v1.0.0	NT=human;VV=v1.1.0
PXD015435_2019_05_23_03_2per_FA_20min_PEPTIDES	Homo sapiens	whole cell lysate	adenocarcinoma cell line	29	PXD015435_2019_05_23_03_2per_FA_20min_PEPTIDES_assay	proteomic profiling by mass spectrometry	data-dependent acquisition	NT=label free sample;AC=MS:1002038	1	1	not available	NT=Trypsin;AC=MS:1001251	NT=Carbamidomethyl;AC=UNIMOD:4;TA=C;MT=Fixed	NT=Oxidation;AC=UNIMOD:21;TA=M;MT=Variable	not available	not available	NT=['formalin (37% FA and 10% methanol)', 'FA'];AC=[None, None];TA=['K,nterm', 'K,nterm']	strong cation exchange chromatography (SCX) chromatography	37% FA (formalin solution); 1, 2, 3, 4.5, or 6% FA; 2% FA (peptide digest)	not available	20 min	room temperature	2019_05_23_03_2per_FA_20min_PEPTIDES.raw	NT=ms-proteomics;VV=v1.1.0	NT=crosslinking;VV=v1.0.0	NT=human;VV=v1.1.0
PXD015435_2018_12_22_41_3Prot_rep2_DSS_3mM	Homo sapiens	whole cell lysate	adenocarcinoma cell line	30	PXD015435_2018_12_22_41_3Prot_rep2_DSS_3mM_assay	proteomic profiling by mass spectrometry	data-dependent acquisition	NT=label free sample;AC=MS:1002038	1	2	not available	NT=Trypsin;AC=MS:1001251	NT=Carbamidomethyl;AC=UNIMOD:4;TA=C;MT=Fixed	NT=Oxidation;AC=UNIMOD:21;TA=M;MT=Variable	not available	not available	NT=['formalin (37% FA and 10% methanol)', 'FA'];AC=[None, None];TA=['K,nterm', 'K,nterm']	strong cation exchange chromatography (SCX) chromatography	37% FA (formalin solution); 1, 2, 3, 4.5, or 6% FA; 2% FA (peptide digest)	not available	20 min	room temperature	2018_12_22_41_3Prot_rep2_DSS_3mM.raw	NT=ms-proteomics;VV=v1.1.0	NT=crosslinking;VV=v1.0.0	NT=human;VV=v1.1.0
PXD015435_2018_12_20_08_3Prot_rep2_FoAl_0p2_per	Homo sapiens	whole cell lysate	adenocarcinoma cell line	31	PXD015435_2018_12_20_08_3Prot_rep2_FoAl_0p2_per_assay	proteomic profiling by mass spectrometry	data-dependent acquisition	NT=label free sample;AC=MS:1002038	1	2	not available	NT=Trypsin;AC=MS:1001251	NT=Carbamidomethyl;AC=UNIMOD:4;TA=C;MT=Fixed	NT=Oxidation;AC=UNIMOD:21;TA=M;MT=Variable	not available	not available	NT=['formalin (37% FA and 10% methanol)', 'FA'];AC=[None, None];TA=['K,nterm', 'K,nterm']	strong cation exchange chromatography (SCX) chromatography	37% FA (formalin solution); 1, 2, 3, 4.5, or 6% FA; 2% FA (peptide digest)	not available	20 min	room temperature	2018_12_20_08_3Prot_rep2_FoAl_0p2_per.raw	NT=ms-proteomics;VV=v1.1.0	NT=crosslinking;VV=v1.0.0	NT=human;VV=v1.1.0
PXD015435_2019_01_09_25_3Prot_rep3_FoAl_0p4_per_P2	Homo sapiens	whole cell lysate	adenocarcinoma cell line	32	PXD015435_2019_01_09_25_3Prot_rep3_FoAl_0p4_per_P2_assay	proteomic profiling by mass spectrometry	data-dependent acquisition	NT=label free sample;AC=MS:1002038	1	3	not available	NT=Trypsin;AC=MS:1001251	NT=Carbamidomethyl;AC=UNIMOD:4;TA=C;MT=Fixed	NT=Oxidation;AC=UNIMOD:21;TA=M;MT=Variable	not available	not available	NT=['formalin (37% FA and 10% methanol)', 'FA'];AC=[None, None];TA=['K,nterm', 'K,nterm']	strong cation exchange chromatography (SCX) chromatography	37% FA (formalin solution); 1, 2, 3, 4.5, or 6% FA; 2% FA (peptide digest)	not available	20 min	room temperature	2019_01_09_25_3Prot_rep3_FoAl_0p4_per_P2.raw	NT=ms-proteomics;VV=v1.1.0	NT=crosslinking;VV=v1.0.0	NT=human;VV=v1.1.0
PXD015435_2019_05_13_07_PC9_4p5per_FoAl_from_05_2018	Homo sapiens	whole cell lysate	adenocarcinoma cell line	33	PXD015435_2019_05_13_07_PC9_4p5per_FoAl_from_05_2018_assay	proteomic profiling by mass spectrometry	data-dependent acquisition	NT=label free sample;AC=MS:1002038	1	1	not available	NT=Trypsin;AC=MS:1001251	NT=Carbamidomethyl;AC=UNIMOD:4;TA=C;MT=Fixed	NT=Oxidation;AC=UNIMOD:21;TA=M;MT=Variable	not available	not available	NT=['formalin (37% FA and 10% methanol)', 'FA'];AC=[None, None];TA=['K,nterm', 'K,nterm']	strong cation exchange chromatography (SCX) chromatography	37% FA (formalin solution); 1, 2, 3, 4.5, or 6% FA; 2% FA (peptide digest)	not available	20 min	room temperature	2019_05_13_07_PC9_4p5per_FoAl_from_05_2018.raw	NT=ms-proteomics;VV=v1.1.0	NT=crosslinking;VV=v1.0.0	NT=human;VV=v1.1.0
PXD015435_2019_05_29_05_ReDoing_PC9_4p5per_FoAl_from_05_2018_SCX_B6_190601124843	Homo sapiens	whole cell lysate	adenocarcinoma cell line	34	PXD015435_2019_05_29_05_ReDoing_PC9_4p5per_FoAl_from_05_2018_SCX_B6_190601124843_assay	proteomic profiling by mass spectrometry	data-dependent acquisition	NT=label free sample;AC=MS:1002038	1	1	not available	NT=Trypsin;AC=MS:1001251	NT=Carbamidomethyl;AC=UNIMOD:4;TA=C;MT=Fixed	NT=Oxidation;AC=UNIMOD:21;TA=M;MT=Variable	not available	not available	NT=['formalin (37% FA and 10% methanol)', 'FA'];AC=[None, None];TA=['K,nterm', 'K,nterm']	strong cation exchange chromatography (SCX) chromatography	37% FA (formalin solution); 1, 2, 3, 4.5, or 6% FA; 2% FA (peptide digest)	not available	20 min	room temperature	2019_05_29_05_ReDoing_PC9_4p5per_FoAl_from_05_2018_SCX_B6_190601124843.raw	NT=ms-proteomics;VV=v1.1.0	NT=crosslinking;VV=v1.0.0	NT=human;VV=v1.1.0
PXD015435_2018_12_24_48_3Prot_rep2_DSS_3mM_NCE_18	Homo sapiens	whole cell lysate	adenocarcinoma cell line	35	PXD015435_2018_12_24_48_3Prot_rep2_DSS_3mM_NCE_18_assay	proteomic profiling by mass spectrometry	data-dependent acquisition	NT=label free sample;AC=MS:1002038	1	2	not available	NT=Trypsin;AC=MS:1001251	NT=Carbamidomethyl;AC=UNIMOD:4;TA=C;MT=Fixed	NT=Oxidation;AC=UNIMOD:21;TA=M;MT=Variable	not available	not available	NT=['formalin (37% FA and 10% methanol)', 'FA'];AC=[None, None];TA=['K,nterm', 'K,nterm']	strong cation exchange chromatography (SCX) chromatography	37% FA (formalin solution); 1, 2, 3, 4.5, or 6% FA; 2% FA (peptide digest)	not available	20 min	room temperature	2018_12_24_48_3Prot_rep2_DSS_3mM_NCE_18.raw	NT=ms-proteomics;VV=v1.1.0	NT=crosslinking;VV=v1.0.0	NT=human;VV=v1.1.0
PXD015435_2019_06_02_06_ReDoing_PC9_6per_FoAl_from_05_2018_SCX_B4	Homo sapiens	whole cell lysate	adenocarcinoma cell line	36	PXD015435_2019_06_02_06_ReDoing_PC9_6per_FoAl_from_05_2018_SCX_B4_assay	proteomic profiling by mass spectrometry	data-dependent acquisition	NT=label free sample;AC=MS:1002038	1	1	not available	NT=Trypsin;AC=MS:1001251	NT=Carbamidomethyl;AC=UNIMOD:4;TA=C;MT=Fixed	NT=Oxidation;AC=UNIMOD:21;TA=M;MT=Variable	not available	not available	NT=['formalin (37% FA and 10% methanol)', 'FA'];AC=[None, None];TA=['K,nterm', 'K,nterm']	strong cation exchange chromatography (SCX) chromatography	37% FA (formalin solution); 1, 2, 3, 4.5, or 6% FA; 2% FA (peptide digest)	not available	20 min	room temperature	2019_06_02_06_ReDoing_PC9_6per_FoAl_from_05_2018_SCX_B4.raw	NT=ms-proteomics;VV=v1.1.0	NT=crosslinking;VV=v1.0.0	NT=human;VV=v1.1.0
PXD015435_2018_12_08_17_3Prot_rep1_FoAl_0p4_per	Homo sapiens	whole cell lysate	adenocarcinoma cell line	37	PXD015435_2018_12_08_17_3Prot_rep1_FoAl_0p4_per_assay	proteomic profiling by mass spectrometry	data-dependent acquisition	NT=label free sample;AC=MS:1002038	1	1	not available	NT=Trypsin;AC=MS:1001251	NT=Carbamidomethyl;AC=UNIMOD:4;TA=C;MT=Fixed	NT=Oxidation;AC=UNIMOD:21;TA=M;MT=Variable	not available	not available	NT=['formalin (37% FA and 10% methanol)', 'FA'];AC=[None, None];TA=['K,nterm', 'K,nterm']	strong cation exchange chromatography (SCX) chromatography	37% FA (formalin solution); 1, 2, 3, 4.5, or 6% FA; 2% FA (peptide digest)	not available	20 min	room temperature	2018_12_08_17_3Prot_rep1_FoAl_0p4_per.raw	NT=ms-proteomics;VV=v1.1.0	NT=crosslinking;VV=v1.0.0	NT=human;VV=v1.1.0
PXD015435_2018_12_11_32_3Prot_rep1_DSS_1mM	Homo sapiens	whole cell lysate	adenocarcinoma cell line	38	PXD015435_2018_12_11_32_3Prot_rep1_DSS_1mM_assay	proteomic profiling by mass spectrometry	data-dependent acquisition	NT=label free sample;AC=MS:1002038	1	1	not available	NT=Trypsin;AC=MS:1001251	NT=Carbamidomethyl;AC=UNIMOD:4;TA=C;MT=Fixed	NT=Oxidation;AC=UNIMOD:21;TA=M;MT=Variable	not available	not available	NT=['formalin (37% FA and 10% methanol)', 'FA'];AC=[None, None];TA=['K,nterm', 'K,nterm']	strong cation exchange chromatography (SCX) chromatography	37% FA (formalin solution); 1, 2, 3, 4.5, or 6% FA; 2% FA (peptide digest)	not available	20 min	room temperature	2018_12_11_32_3Prot_rep1_DSS_1mM.raw	NT=ms-proteomics;VV=v1.1.0	NT=crosslinking;VV=v1.0.0	NT=human;VV=v1.1.0
PXD015435_2018_12_21_31_3Prot_rep2_DSS_10mM_P2	Homo sapiens	whole cell lysate	adenocarcinoma cell line	39	PXD015435_2018_12_21_31_3Prot_rep2_DSS_10mM_P2_assay	proteomic profiling by mass spectrometry	data-dependent acquisition	NT=label free sample;AC=MS:1002038	1	2	not available	NT=Trypsin;AC=MS:1001251	NT=Carbamidomethyl;AC=UNIMOD:4;TA=C;MT=Fixed	NT=Oxidation;AC=UNIMOD:21;TA=M;MT=Variable	not available	not available	NT=['formalin (37% FA and 10% methanol)', 'FA'];AC=[None, None];TA=['K,nterm', 'K,nterm']	strong cation exchange chromatography (SCX) chromatography	37% FA (formalin solution); 1, 2, 3, 4.5, or 6% FA; 2% FA (peptide digest)	not available	20 min	room temperature	2018_12_21_31_3Prot_rep2_DSS_10mM_P2.raw	NT=ms-proteomics;VV=v1.1.0	NT=crosslinking;VV=v1.0.0	NT=human;VV=v1.1.0
PXD015435_2018_12_20_14_3Prot_rep2_FoAl_8_per	Homo sapiens	whole cell lysate	adenocarcinoma cell line	40	PXD015435_2018_12_20_14_3Prot_rep2_FoAl_8_per_assay	proteomic profiling by mass spectrometry	data-dependent acquisition	NT=label free sample;AC=MS:1002038	1	2	not available	NT=Trypsin;AC=MS:1001251	NT=Carbamidomethyl;AC=UNIMOD:4;TA=C;MT=Fixed	NT=Oxidation;AC=UNIMOD:21;TA=M;MT=Variable	not available	not available	NT=['formalin (37% FA and 10% methanol)', 'FA'];AC=[None, None];TA=['K,nterm', 'K,nterm']	strong cation exchange chromatography (SCX) chromatography	37% FA (formalin solution); 1, 2, 3, 4.5, or 6% FA; 2% FA (peptide digest)	not available	20 min	room temperature	2018_12_20_14_3Prot_rep2_FoAl_8_per.raw	NT=ms-proteomics;VV=v1.1.0	NT=crosslinking;VV=v1.0.0	NT=human;VV=v1.1.0
PXD015435_2018_12_21_27_3Prot_rep2_FoAl_0p8_non_sigma_brand_P2	Homo sapiens	whole cell lysate	adenocarcinoma cell line	41	PXD015435_2018_12_21_27_3Prot_rep2_FoAl_0p8_non_sigma_brand_P2_assay	proteomic profiling by mass spectrometry	data-dependent acquisition	NT=label free sample;AC=MS:1002038	1	2	not available	NT=Trypsin;AC=MS:1001251	NT=Carbamidomethyl;AC=UNIMOD:4;TA=C;MT=Fixed	NT=Oxidation;AC=UNIMOD:21;TA=M;MT=Variable	not available	not available	NT=['formalin (37% FA and 10% methanol)', 'FA'];AC=[None, None];TA=['K,nterm', 'K,nterm']	strong cation exchange chromatography (SCX) chromatography	37% FA (formalin solution); 1, 2, 3, 4.5, or 6% FA; 2% FA (peptide digest)	not available	20 min	room temperature	2018_12_21_27_3Prot_rep2_FoAl_0p8_non_sigma_brand_P2.raw	NT=ms-proteomics;VV=v1.1.0	NT=crosslinking;VV=v1.0.0	NT=human;VV=v1.1.0
PXD015435_2018_12_22_40_3Prot_rep2_DSS_1mM	Homo sapiens	whole cell lysate	adenocarcinoma cell line	42	PXD015435_2018_12_22_40_3Prot_rep2_DSS_1mM_assay	proteomic profiling by mass spectrometry	data-dependent acquisition	NT=label free sample;AC=MS:1002038	1	2	not available	NT=Trypsin;AC=MS:1001251	NT=Carbamidomethyl;AC=UNIMOD:4;TA=C;MT=Fixed	NT=Oxidation;AC=UNIMOD:21;TA=M;MT=Variable	not available	not available	NT=['formalin (37% FA and 10% methanol)', 'FA'];AC=[None, None];TA=['K,nterm', 'K,nterm']	strong cation exchange chromatography (SCX) chromatography	37% FA (formalin solution); 1, 2, 3, 4.5, or 6% FA; 2% FA (peptide digest)	not available	20 min	room temperature	2018_12_22_40_3Prot_rep2_DSS_1mM.raw	NT=ms-proteomics;VV=v1.1.0	NT=crosslinking;VV=v1.0.0	NT=human;VV=v1.1.0
PXD015435_2018_12_19_04_3Prot_rep2_FoAl_0p1_per_P2	Homo sapiens	whole cell lysate	adenocarcinoma cell line	43	PXD015435_2018_12_19_04_3Prot_rep2_FoAl_0p1_per_P2_assay	proteomic profiling by mass spectrometry	data-dependent acquisition	NT=label free sample;AC=MS:1002038	1	2	not available	NT=Trypsin;AC=MS:1001251	NT=Carbamidomethyl;AC=UNIMOD:4;TA=C;MT=Fixed	NT=Oxidation;AC=UNIMOD:21;TA=M;MT=Variable	not available	not available	NT=['formalin (37% FA and 10% methanol)', 'FA'];AC=[None, None];TA=['K,nterm', 'K,nterm']	strong cation exchange chromatography (SCX) chromatography	37% FA (formalin solution); 1, 2, 3, 4.5, or 6% FA; 2% FA (peptide digest)	not available	20 min	room temperature	2018_12_19_04_3Prot_rep2_FoAl_0p1_per_P2.raw	NT=ms-proteomics;VV=v1.1.0	NT=crosslinking;VV=v1.0.0	NT=human;VV=v1.1.0
PXD015435_2019_06_02_05_ReDoing_PC9_6per_FoAl_from_05_2018_SCX_B5	Homo sapiens	whole cell lysate	adenocarcinoma cell line	44	PXD015435_2019_06_02_05_ReDoing_PC9_6per_FoAl_from_05_2018_SCX_B5_assay	proteomic profiling by mass spectrometry	data-dependent acquisition	NT=label free sample;AC=MS:1002038	1	1	not available	NT=Trypsin;AC=MS:1001251	NT=Carbamidomethyl;AC=UNIMOD:4;TA=C;MT=Fixed	NT=Oxidation;AC=UNIMOD:21;TA=M;MT=Variable	not available	not available	NT=['formalin (37% FA and 10% methanol)', 'FA'];AC=[None, None];TA=['K,nterm', 'K,nterm']	strong cation exchange chromatography (SCX) chromatography	37% FA (formalin solution); 1, 2, 3, 4.5, or 6% FA; 2% FA (peptide digest)	not available	20 min	room temperature	2019_06_02_05_ReDoing_PC9_6per_FoAl_from_05_2018_SCX_B5.raw	NT=ms-proteomics;VV=v1.1.0	NT=crosslinking;VV=v1.0.0	NT=human;VV=v1.1.0
PXD015435_2019_05_14_09_PC9_6per_FoAl_from_05_2018	Homo sapiens	whole cell lysate	adenocarcinoma cell line	45	PXD015435_2019_05_14_09_PC9_6per_FoAl_from_05_2018_assay	proteomic profiling by mass spectrometry	data-dependent acquisition	NT=label free sample;AC=MS:1002038	1	1	not available	NT=Trypsin;AC=MS:1001251	NT=Carbamidomethyl;AC=UNIMOD:4;TA=C;MT=Fixed	NT=Oxidation;AC=UNIMOD:21;TA=M;MT=Variable	not available	not available	NT=['formalin (37% FA and 10% methanol)', 'FA'];AC=[None, None];TA=['K,nterm', 'K,nterm']	strong cation exchange chromatography (SCX) chromatography	37% FA (formalin solution); 1, 2, 3, 4.5, or 6% FA; 2% FA (peptide digest)	not available	20 min	room temperature	2019_05_14_09_PC9_6per_FoAl_from_05_2018.raw	NT=ms-proteomics;VV=v1.1.0	NT=crosslinking;VV=v1.0.0	NT=human;VV=v1.1.0
PXD015435_2019_05_29_09_ReDoing_PC9_4p5per_FoAl_from_05_2018_SCX_B2	Homo sapiens	whole cell lysate	adenocarcinoma cell line	46	PXD015435_2019_05_29_09_ReDoing_PC9_4p5per_FoAl_from_05_2018_SCX_B2_assay	proteomic profiling by mass spectrometry	data-dependent acquisition	NT=label free sample;AC=MS:1002038	1	1	not available	NT=Trypsin;AC=MS:1001251	NT=Carbamidomethyl;AC=UNIMOD:4;TA=C;MT=Fixed	NT=Oxidation;AC=UNIMOD:21;TA=M;MT=Variable	not available	not available	NT=['formalin (37% FA and 10% methanol)', 'FA'];AC=[None, None];TA=['K,nterm', 'K,nterm']	strong cation exchange chromatography (SCX) chromatography	37% FA (formalin solution); 1, 2, 3, 4.5, or 6% FA; 2% FA (peptide digest)	not available	20 min	room temperature	2019_05_29_09_ReDoing_PC9_4p5per_FoAl_from_05_2018_SCX_B2.raw	NT=ms-proteomics;VV=v1.1.0	NT=crosslinking;VV=v1.0.0	NT=human;VV=v1.1.0
PXD015435_2019_05_15_01_no_FA_PEPTIDES	Homo sapiens	whole cell lysate	adenocarcinoma cell line	47	PXD015435_2019_05_15_01_no_FA_PEPTIDES_assay	proteomic profiling by mass spectrometry	data-dependent acquisition	NT=label free sample;AC=MS:1002038	1	1	not available	NT=Trypsin;AC=MS:1001251	NT=Carbamidomethyl;AC=UNIMOD:4;TA=C;MT=Fixed	NT=Oxidation;AC=UNIMOD:21;TA=M;MT=Variable	not available	not available	NT=['formalin (37% FA and 10% methanol)', 'FA'];AC=[None, None];TA=['K,nterm', 'K,nterm']	strong cation exchange chromatography (SCX) chromatography	37% FA (formalin solution); 1, 2, 3, 4.5, or 6% FA; 2% FA (peptide digest)	not available	20 min	room temperature	2019_05_15_01_no_FA_PEPTIDES.raw	NT=ms-proteomics;VV=v1.1.0	NT=crosslinking;VV=v1.0.0	NT=human;VV=v1.1.0
PXD015435_2019_01_08_14_3Prot_rep3_DSS_3mM_NCE34	Homo sapiens	whole cell lysate	adenocarcinoma cell line	48	PXD015435_2019_01_08_14_3Prot_rep3_DSS_3mM_NCE34_assay	proteomic profiling by mass spectrometry	data-dependent acquisition	NT=label free sample;AC=MS:1002038	1	3	not available	NT=Trypsin;AC=MS:1001251	NT=Carbamidomethyl;AC=UNIMOD:4;TA=C;MT=Fixed	NT=Oxidation;AC=UNIMOD:21;TA=M;MT=Variable	not available	not available	NT=['formalin (37% FA and 10% methanol)', 'FA'];AC=[None, None];TA=['K,nterm', 'K,nterm']	strong cation exchange chromatography (SCX) chromatography	37% FA (formalin solution); 1, 2, 3, 4.5, or 6% FA; 2% FA (peptide digest)	not available	20 min	room temperature	2019_01_08_14_3Prot_rep3_DSS_3mM_NCE34.raw	NT=ms-proteomics;VV=v1.1.0	NT=crosslinking;VV=v1.0.0	NT=human;VV=v1.1.0
PXD015435_2018_12_07_08_3Prot_rep1_FoAl_0p1_per_P2	Homo sapiens	whole cell lysate	adenocarcinoma cell line	49	PXD015435_2018_12_07_08_3Prot_rep1_FoAl_0p1_per_P2_assay	proteomic profiling by mass spectrometry	data-dependent acquisition	NT=label free sample;AC=MS:1002038	1	1	not available	NT=Trypsin;AC=MS:1001251	NT=Carbamidomethyl;AC=UNIMOD:4;TA=C;MT=Fixed	NT=Oxidation;AC=UNIMOD:21;TA=M;MT=Variable	not available	not available	NT=['formalin (37% FA and 10% methanol)', 'FA'];AC=[None, None];TA=['K,nterm', 'K,nterm']	strong cation exchange chromatography (SCX) chromatography	37% FA (formalin solution); 1, 2, 3, 4.5, or 6% FA; 2% FA (peptide digest)	not available	20 min	room temperature	2018_12_07_08_3Prot_rep1_FoAl_0p1_per_P2.raw	NT=ms-proteomics;VV=v1.1.0	NT=crosslinking;VV=v1.0.0	NT=human;VV=v1.1.0
PXD015435_2018_06_15_09_PC9_InVivo_2per_FoAl	Homo sapiens	whole cell lysate	adenocarcinoma cell line	50	PXD015435_2018_06_15_09_PC9_InVivo_2per_FoAl_assay	proteomic profiling by mass spectrometry	data-dependent acquisition	NT=label free sample;AC=MS:1002038	1	1	not available	NT=Trypsin;AC=MS:1001251	NT=Carbamidomethyl;AC=UNIMOD:4;TA=C;MT=Fixed	NT=Oxidation;AC=UNIMOD:21;TA=M;MT=Variable	not available	not available	NT=['formalin (37% FA and 10% methanol)', 'FA'];AC=[None, None];TA=['K,nterm', 'K,nterm']	strong cation exchange chromatography (SCX) chromatography	37% FA (formalin solution); 1, 2, 3, 4.5, or 6% FA; 2% FA (peptide digest)	not available	20 min	room temperature	2018_06_15_09_PC9_InVivo_2per_FoAl.raw	NT=ms-proteomics;VV=v1.1.0	NT=crosslinking;VV=v1.0.0	NT=human;VV=v1.1.0
PXD015435_2019_05_14_07_PC9_4p5per_FoAl_from_05_2018	Homo sapiens	whole cell lysate	adenocarcinoma cell line	51	PXD015435_2019_05_14_07_PC9_4p5per_FoAl_from_05_2018_assay	proteomic profiling by mass spectrometry	data-dependent acquisition	NT=label free sample;AC=MS:1002038	1	1	not available	NT=Trypsin;AC=MS:1001251	NT=Carbamidomethyl;AC=UNIMOD:4;TA=C;MT=Fixed	NT=Oxidation;AC=UNIMOD:21;TA=M;MT=Variable	not available	not available	NT=['formalin (37% FA and 10% methanol)', 'FA'];AC=[None, None];TA=['K,nterm', 'K,nterm']	strong cation exchange chromatography (SCX) chromatography	37% FA (formalin solution); 1, 2, 3, 4.5, or 6% FA; 2% FA (peptide digest)	not available	20 min	room temperature	2019_05_14_07_PC9_4p5per_FoAl_from_05_2018.raw	NT=ms-proteomics;VV=v1.1.0	NT=crosslinking;VV=v1.0.0	NT=human;VV=v1.1.0
PXD015435_2019_01_08_13_3Prot_rep3_DSS_3mM_NCE30	Homo sapiens	whole cell lysate	adenocarcinoma cell line	52	PXD015435_2019_01_08_13_3Prot_rep3_DSS_3mM_NCE30_assay	proteomic profiling by mass spectrometry	data-dependent acquisition	NT=label free sample;AC=MS:1002038	1	3	not available	NT=Trypsin;AC=MS:1001251	NT=Carbamidomethyl;AC=UNIMOD:4;TA=C;MT=Fixed	NT=Oxidation;AC=UNIMOD:21;TA=M;MT=Variable	not available	not available	NT=['formalin (37% FA and 10% methanol)', 'FA'];AC=[None, None];TA=['K,nterm', 'K,nterm']	strong cation exchange chromatography (SCX) chromatography	37% FA (formalin solution); 1, 2, 3, 4.5, or 6% FA; 2% FA (peptide digest)	not available	20 min	room temperature	2019_01_08_13_3Prot_rep3_DSS_3mM_NCE30.raw	NT=ms-proteomics;VV=v1.1.0	NT=crosslinking;VV=v1.0.0	NT=human;VV=v1.1.0
PXD015435_2018_12_11_36_3Prot_rep1_FoAl_1p3_per_non_Sigma_Brand	Homo sapiens	whole cell lysate	adenocarcinoma cell line	53	PXD015435_2018_12_11_36_3Prot_rep1_FoAl_1p3_per_non_Sigma_Brand_assay	proteomic profiling by mass spectrometry	data-dependent acquisition	NT=label free sample;AC=MS:1002038	1	1	not available	NT=Trypsin;AC=MS:1001251	NT=Carbamidomethyl;AC=UNIMOD:4;TA=C;MT=Fixed	NT=Oxidation;AC=UNIMOD:21;TA=M;MT=Variable	not available	not available	NT=['formalin (37% FA and 10% methanol)', 'FA'];AC=[None, None];TA=['K,nterm', 'K,nterm']	strong cation exchange chromatography (SCX) chromatography	37% FA (formalin solution); 1, 2, 3, 4.5, or 6% FA; 2% FA (peptide digest)	not available	20 min	room temperature	2018_12_11_36_3Prot_rep1_FoAl_1p3_per_non_Sigma_Brand.raw	NT=ms-proteomics;VV=v1.1.0	NT=crosslinking;VV=v1.0.0	NT=human;VV=v1.1.0
PXD015435_2019_01_08_10_3Prot_rep3_DSS_3mM_NCE18	Homo sapiens	whole cell lysate	adenocarcinoma cell line	54	PXD015435_2019_01_08_10_3Prot_rep3_DSS_3mM_NCE18_assay	proteomic profiling by mass spectrometry	data-dependent acquisition	NT=label free sample;AC=MS:1002038	1	3	not available	NT=Trypsin;AC=MS:1001251	NT=Carbamidomethyl;AC=UNIMOD:4;TA=C;MT=Fixed	NT=Oxidation;AC=UNIMOD:21;TA=M;MT=Variable	not available	not available	NT=['formalin (37% FA and 10% methanol)', 'FA'];AC=[None, None];TA=['K,nterm', 'K,nterm']	strong cation exchange chromatography (SCX) chromatography	37% FA (formalin solution); 1, 2, 3, 4.5, or 6% FA; 2% FA (peptide digest)	not available	20 min	room temperature	2019_01_08_10_3Prot_rep3_DSS_3mM_NCE18.raw	NT=ms-proteomics;VV=v1.1.0	NT=crosslinking;VV=v1.0.0	NT=human;VV=v1.1.0
PXD015435_2019_01_08_11_3Prot_rep3_DSS_3mM_NCE22	Homo sapiens	whole cell lysate	adenocarcinoma cell line	55	PXD015435_2019_01_08_11_3Prot_rep3_DSS_3mM_NCE22_assay	proteomic profiling by mass spectrometry	data-dependent acquisition	NT=label free sample;AC=MS:1002038	1	3	not available	NT=Trypsin;AC=MS:1001251	NT=Carbamidomethyl;AC=UNIMOD:4;TA=C;MT=Fixed	NT=Oxidation;AC=UNIMOD:21;TA=M;MT=Variable	not available	not available	NT=['formalin (37% FA and 10% methanol)', 'FA'];AC=[None, None];TA=['K,nterm', 'K,nterm']	strong cation exchange chromatography (SCX) chromatography	37% FA (formalin solution); 1, 2, 3, 4.5, or 6% FA; 2% FA (peptide digest)	not available	20 min	room temperature	2019_01_08_11_3Prot_rep3_DSS_3mM_NCE22.raw	NT=ms-proteomics;VV=v1.1.0	NT=crosslinking;VV=v1.0.0	NT=human;VV=v1.1.0
PXD015435_2018_12_10_24_3Prot_rep1_DSS_10mM	Homo sapiens	whole cell lysate	adenocarcinoma cell line	56	PXD015435_2018_12_10_24_3Prot_rep1_DSS_10mM_assay	proteomic profiling by mass spectrometry	data-dependent acquisition	NT=label free sample;AC=MS:1002038	1	1	not available	NT=Trypsin;AC=MS:1001251	NT=Carbamidomethyl;AC=UNIMOD:4;TA=C;MT=Fixed	NT=Oxidation;AC=UNIMOD:21;TA=M;MT=Variable	not available	not available	NT=['formalin (37% FA and 10% methanol)', 'FA'];AC=[None, None];TA=['K,nterm', 'K,nterm']	strong cation exchange chromatography (SCX) chromatography	37% FA (formalin solution); 1, 2, 3, 4.5, or 6% FA; 2% FA (peptide digest)	not available	20 min	room temperature	2018_12_10_24_3Prot_rep1_DSS_10mM.raw	NT=ms-proteomics;VV=v1.1.0	NT=crosslinking;VV=v1.0.0	NT=human;VV=v1.1.0
PXD015435_2019_01_10_43_3Prot_rep3_FoAl_4_per_NCE34	Homo sapiens (human)	whole cell lysate	adenocarcinoma cell line	57	PXD015435_2019_01_10_43_3Prot_rep3_FoAl_4_per_NCE34_assay	proteomic profiling by mass spectrometry	data-dependent acquisition	NT=label free sample;AC=MS:1002038	1	3	not available	NT=Trypsin;AC=MS:1001251	NT=Carbamidomethyl;AC=UNIMOD:4;TA=C;MT=Fixed	NT=Oxidation;AC=UNIMOD:21;TA=M;MT=Variable	not available	not available	NT=['formalin (37% FA and 10% methanol)', 'FA'];AC=[None, None];TA=['K,nterm', 'K,nterm']	strong cation exchange chromatography (SCX) chromatography	37% FA (formalin solution); 1, 2, 3, 4.5, or 6% FA; 2% FA (peptide digest)	not available	20 min	room temperature	2019_01_10_43_3Prot_rep3_FoAl_4_per_NCE34.raw	NT=ms-proteomics;VV=v1.1.0	NT=crosslinking;VV=v1.0.0	NT=human;VV=v1.1.0
PXD015435_2018_12_07_12_3Prot_rep1_FoAl_1p3_per_P2	Homo sapiens	whole cell lysate	adenocarcinoma cell line	58	PXD015435_2018_12_07_12_3Prot_rep1_FoAl_1p3_per_P2_assay	proteomic profiling by mass spectrometry	data-dependent acquisition	NT=label free sample;AC=MS:1002038	1	1	not available	NT=Trypsin;AC=MS:1001251	NT=Carbamidomethyl;AC=UNIMOD:4;TA=C;MT=Fixed	NT=Oxidation;AC=UNIMOD:21;TA=M;MT=Variable	not available	not available	NT=['formalin (37% FA and 10% methanol)', 'FA'];AC=[None, None];TA=['K,nterm', 'K,nterm']	strong cation exchange chromatography (SCX) chromatography	37% FA (formalin solution); 1, 2, 3, 4.5, or 6% FA; 2% FA (peptide digest)	not available	20 min	room temperature	2018_12_07_12_3Prot_rep1_FoAl_1p3_per_P2.raw	NT=ms-proteomics;VV=v1.1.0	NT=crosslinking;VV=v1.0.0	NT=human;VV=v1.1.0
PXD015435_2019_01_07_04_3Prot_rep3_DSS_1mM_P2	Homo sapiens	whole cell lysate	adenocarcinoma cell line	59	PXD015435_2019_01_07_04_3Prot_rep3_DSS_1mM_P2_assay	proteomic profiling by mass spectrometry	data-dependent acquisition	NT=label free sample;AC=MS:1002038	1	3	not available	NT=Trypsin;AC=MS:1001251	NT=Carbamidomethyl;AC=UNIMOD:4;TA=C;MT=Fixed	NT=Oxidation;AC=UNIMOD:21;TA=M;MT=Variable	not available	not available	NT=['formalin (37% FA and 10% methanol)', 'FA'];AC=[None, None];TA=['K,nterm', 'K,nterm']	strong cation exchange chromatography (SCX) chromatography	37% FA (formalin solution); 1, 2, 3, 4.5, or 6% FA; 2% FA (peptide digest)	not available	20 min	room temperature	2019_01_07_04_3Prot_rep3_DSS_1mM_P2.raw	NT=ms-proteomics;VV=v1.1.0	NT=crosslinking;VV=v1.0.0	NT=human;VV=v1.1.0
PXD015435_2018_12_06_04_3Prot_rep1_FoAl_0p8_per	Homo sapiens	whole cell lysate	adenocarcinoma cell line	60	PXD015435_2018_12_06_04_3Prot_rep1_FoAl_0p8_per_assay	proteomic profiling by mass spectrometry	data-dependent acquisition	NT=label free sample;AC=MS:1002038	1	1	not available	NT=Trypsin;AC=MS:1001251	NT=Carbamidomethyl;AC=UNIMOD:4;TA=C;MT=Fixed	NT=Oxidation;AC=UNIMOD:21;TA=M;MT=Variable	not available	not available	NT=['formalin (37% FA and 10% methanol)', 'FA'];AC=[None, None];TA=['K,nterm', 'K,nterm']	strong cation exchange chromatography (SCX) chromatography	37% FA (formalin solution); 1, 2, 3, 4.5, or 6% FA; 2% FA (peptide digest)	not available	20 min	room temperature	2018_12_06_04_3Prot_rep1_FoAl_0p8_per.raw	NT=ms-proteomics;VV=v1.1.0	NT=crosslinking;VV=v1.0.0	NT=human;VV=v1.1.0
PXD015435_2018_12_08_16_3Prot_rep1_FoAl_0p2_per	Homo sapiens	whole cell lysate	adenocarcinoma cell line	61	PXD015435_2018_12_08_16_3Prot_rep1_FoAl_0p2_per_assay	proteomic profiling by mass spectrometry	data-dependent acquisition	NT=label free sample;AC=MS:1002038	1	1	not available	NT=Trypsin;AC=MS:1001251	NT=Carbamidomethyl;AC=UNIMOD:4;TA=C;MT=Fixed	NT=Oxidation;AC=UNIMOD:21;TA=M;MT=Variable	not available	not available	NT=['formalin (37% FA and 10% methanol)', 'FA'];AC=[None, None];TA=['K,nterm', 'K,nterm']	strong cation exchange chromatography (SCX) chromatography	37% FA (formalin solution); 1, 2, 3, 4.5, or 6% FA; 2% FA (peptide digest)	not available	20 min	room temperature	2018_12_08_16_3Prot_rep1_FoAl_0p2_per.raw	NT=ms-proteomics;VV=v1.1.0	NT=crosslinking;VV=v1.0.0	NT=human;VV=v1.1.0
PXD015435_2018_12_19_03_3Prot_rep2_FoAl_0p4_per	Homo sapiens	whole cell lysate	adenocarcinoma cell line	62	PXD015435_2018_12_19_03_3Prot_rep2_FoAl_0p4_per_assay	proteomic profiling by mass spectrometry	data-dependent acquisition	NT=label free sample;AC=MS:1002038	1	2	not available	NT=Trypsin;AC=MS:1001251	NT=Carbamidomethyl;AC=UNIMOD:4;TA=C;MT=Fixed	NT=Oxidation;AC=UNIMOD:21;TA=M;MT=Variable	not available	not available	NT=['formalin (37% FA and 10% methanol)', 'FA'];AC=[None, None];TA=['K,nterm', 'K,nterm']	strong cation exchange chromatography (SCX) chromatography	37% FA (formalin solution); 1, 2, 3, 4.5, or 6% FA; 2% FA (peptide digest)	not available	20 min	room temperature	2018_12_19_03_3Prot_rep2_FoAl_0p4_per.raw	NT=ms-proteomics;VV=v1.1.0	NT=crosslinking;VV=v1.0.0	NT=human;VV=v1.1.0
PXD015435_2019_01_09_26_3Prot_rep3_FoAl_0p8_per_P2	Homo sapiens	whole cell lysate	adenocarcinoma cell line	63	PXD015435_2019_01_09_26_3Prot_rep3_FoAl_0p8_per_P2_assay	proteomic profiling by mass spectrometry	data-dependent acquisition	NT=label free sample;AC=MS:1002038	1	3	not available	NT=Trypsin;AC=MS:1001251	NT=Carbamidomethyl;AC=UNIMOD:4;TA=C;MT=Fixed	NT=Oxidation;AC=UNIMOD:21;TA=M;MT=Variable	not available	not available	NT=['formalin (37% FA and 10% methanol)', 'FA'];AC=[None, None];TA=['K,nterm', 'K,nterm']	strong cation exchange chromatography (SCX) chromatography	37% FA (formalin solution); 1, 2, 3, 4.5, or 6% FA; 2% FA (peptide digest)	not available	20 min	room temperature	2019_01_09_26_3Prot_rep3_FoAl_0p8_per_P2.raw	NT=ms-proteomics;VV=v1.1.0	NT=crosslinking;VV=v1.0.0	NT=human;VV=v1.1.0
PXD015435_2018_12_20_18_3Prot_rep2_DSS_1mM	Homo sapiens	whole cell lysate	adenocarcinoma cell line	64	PXD015435_2018_12_20_18_3Prot_rep2_DSS_1mM_assay	proteomic profiling by mass spectrometry	data-dependent acquisition	NT=label free sample;AC=MS:1002038	1	2	not available	NT=Trypsin;AC=MS:1001251	NT=Carbamidomethyl;AC=UNIMOD:4;TA=C;MT=Fixed	NT=Oxidation;AC=UNIMOD:21;TA=M;MT=Variable	not available	not available	NT=['formalin (37% FA and 10% methanol)', 'FA'];AC=[None, None];TA=['K,nterm', 'K,nterm']	strong cation exchange chromatography (SCX) chromatography	37% FA (formalin solution); 1, 2, 3, 4.5, or 6% FA; 2% FA (peptide digest)	not available	20 min	room temperature	2018_12_20_18_3Prot_rep2_DSS_1mM.raw	NT=ms-proteomics;VV=v1.1.0	NT=crosslinking;VV=v1.0.0	NT=human;VV=v1.1.0
PXD015435_2018_12_10_23_3Prot_rep1_DSS_3mM	Homo sapiens	whole cell lysate	adenocarcinoma cell line	65	PXD015435_2018_12_10_23_3Prot_rep1_DSS_3mM_assay	proteomic profiling by mass spectrometry	data-dependent acquisition	NT=label free sample;AC=MS:1002038	1	1	not available	NT=Trypsin;AC=MS:1001251	NT=Carbamidomethyl;AC=UNIMOD:4;TA=C;MT=Fixed	NT=Oxidation;AC=UNIMOD:21;TA=M;MT=Variable	not available	not available	NT=['formalin (37% FA and 10% methanol)', 'FA'];AC=[None, None];TA=['K,nterm', 'K,nterm']	strong cation exchange chromatography (SCX) chromatography	37% FA (formalin solution); 1, 2, 3, 4.5, or 6% FA; 2% FA (peptide digest)	not available	20 min	room temperature	2018_12_10_23_3Prot_rep1_DSS_3mM.raw	NT=ms-proteomics;VV=v1.1.0	NT=crosslinking;VV=v1.0.0	NT=human;VV=v1.1.0
PXD015435_2018_12_20_16_3Prot_rep2_FoAl_0p8_non_sigma_brand	Homo sapiens	whole cell lysate	adenocarcinoma cell line	66	PXD015435_2018_12_20_16_3Prot_rep2_FoAl_0p8_non_sigma_brand_assay	proteomic profiling by mass spectrometry	data-dependent acquisition	NT=label free sample;AC=MS:1002038	1	2	not available	NT=Trypsin;AC=MS:1001251	NT=Carbamidomethyl;AC=UNIMOD:4;TA=C;MT=Fixed	NT=Oxidation;AC=UNIMOD:21;TA=M;MT=Variable	not available	not available	NT=['formalin (37% FA and 10% methanol)', 'FA'];AC=[None, None];TA=['K,nterm', 'K,nterm']	strong cation exchange chromatography (SCX) chromatography	37% FA (formalin solution); 1, 2, 3, 4.5, or 6% FA; 2% FA (peptide digest)	not available	20 min	room temperature	2018_12_20_16_3Prot_rep2_FoAl_0p8_non_sigma_brand.raw	NT=ms-proteomics;VV=v1.1.0	NT=crosslinking;VV=v1.0.0	NT=human;VV=v1.1.0
PXD015435_2019_05_26_01_ReDoing_PC9_1per_FoAl_from_05_2018_SCX_C2	Homo sapiens	whole cell lysate	adenocarcinoma cell line	67	PXD015435_2019_05_26_01_ReDoing_PC9_1per_FoAl_from_05_2018_SCX_C2_assay	proteomic profiling by mass spectrometry	data-dependent acquisition	NT=label free sample;AC=MS:1002038	1	1	not available	NT=Trypsin;AC=MS:1001251	NT=Carbamidomethyl;AC=UNIMOD:4;TA=C;MT=Fixed	NT=Oxidation;AC=UNIMOD:21;TA=M;MT=Variable	not available	not available	NT=['formalin (37% FA and 10% methanol)', 'FA'];AC=[None, None];TA=['K,nterm', 'K,nterm']	strong cation exchange chromatography (SCX) chromatography	37% FA (formalin solution); 1, 2, 3, 4.5, or 6% FA; 2% FA (peptide digest)	not available	20 min	room temperature	2019_05_26_01_ReDoing_PC9_1per_FoAl_from_05_2018_SCX_C2.raw	NT=ms-proteomics;VV=v1.1.0	NT=crosslinking;VV=v1.0.0	NT=human;VV=v1.1.0
PXD015435_2019_05_29_07_ReDoing_PC9_4p5per_FoAl_from_05_2018_SCX_B4	Homo sapiens	whole cell lysate	adenocarcinoma cell line	68	PXD015435_2019_05_29_07_ReDoing_PC9_4p5per_FoAl_from_05_2018_SCX_B4_assay	proteomic profiling by mass spectrometry	data-dependent acquisition	NT=label free sample;AC=MS:1002038	1	1	not available	NT=Trypsin;AC=MS:1001251	NT=Carbamidomethyl;AC=UNIMOD:4;TA=C;MT=Fixed	NT=Oxidation;AC=UNIMOD:21;TA=M;MT=Variable	not available	not available	NT=['formalin (37% FA and 10% methanol)', 'FA'];AC=[None, None];TA=['K,nterm', 'K,nterm']	strong cation exchange chromatography (SCX) chromatography	37% FA (formalin solution); 1, 2, 3, 4.5, or 6% FA; 2% FA (peptide digest)	not available	20 min	room temperature	2019_05_29_07_ReDoing_PC9_4p5per_FoAl_from_05_2018_SCX_B4.raw	NT=ms-proteomics;VV=v1.1.0	NT=crosslinking;VV=v1.0.0	NT=human;VV=v1.1.0
PXD015435_2018_12_21_25_3Prot_rep2_FoAl_8_per_P2	Homo sapiens	whole cell lysate	adenocarcinoma cell line	69	PXD015435_2018_12_21_25_3Prot_rep2_FoAl_8_per_P2_assay	proteomic profiling by mass spectrometry	data-dependent acquisition	NT=label free sample;AC=MS:1002038	1	2	not available	NT=Trypsin;AC=MS:1001251	NT=Carbamidomethyl;AC=UNIMOD:4;TA=C;MT=Fixed	NT=Oxidation;AC=UNIMOD:21;TA=M;MT=Variable	not available	not available	NT=['formalin (37% FA and 10% methanol)', 'FA'];AC=[None, None];TA=['K,nterm', 'K,nterm']	strong cation exchange chromatography (SCX) chromatography	37% FA (formalin solution); 1, 2, 3, 4.5, or 6% FA; 2% FA (peptide digest)	not available	20 min	room temperature	2018_12_21_25_3Prot_rep2_FoAl_8_per_P2.raw	NT=ms-proteomics;VV=v1.1.0	NT=crosslinking;VV=v1.0.0	NT=human;VV=v1.1.0
PXD015435_2019_01_09_37_3Prot_rep3_FoAl_4_per	Homo sapiens	whole cell lysate	adenocarcinoma cell line	70	PXD015435_2019_01_09_37_3Prot_rep3_FoAl_4_per_assay	proteomic profiling by mass spectrometry	data-dependent acquisition	NT=label free sample;AC=MS:1002038	1	3	not available	NT=Trypsin;AC=MS:1001251	NT=Carbamidomethyl;AC=UNIMOD:4;TA=C;MT=Fixed	NT=Oxidation;AC=UNIMOD:21;TA=M;MT=Variable	not available	not available	NT=['formalin (37% FA and 10% methanol)', 'FA'];AC=[None, None];TA=['K,nterm', 'K,nterm']	strong cation exchange chromatography (SCX) chromatography	37% FA (formalin solution); 1, 2, 3, 4.5, or 6% FA; 2% FA (peptide digest)	not available	20 min	room temperature	2019_01_09_37_3Prot_rep3_FoAl_4_per.raw	NT=ms-proteomics;VV=v1.1.0	NT=crosslinking;VV=v1.0.0	NT=human;VV=v1.1.0
PXD015435_2019_05_26_03_ReDoing_PC9_1per_FoAl_from_05_2018_SCX_C1	Homo sapiens	whole cell lysate	adenocarcinoma cell line	71	PXD015435_2019_05_26_03_ReDoing_PC9_1per_FoAl_from_05_2018_SCX_C1_assay	proteomic profiling by mass spectrometry	data-dependent acquisition	NT=label free sample;AC=MS:1002038	1	1	not available	NT=Trypsin;AC=MS:1001251	NT=Carbamidomethyl;AC=UNIMOD:4;TA=C;MT=Fixed	NT=Oxidation;AC=UNIMOD:21;TA=M;MT=Variable	not available	not available	NT=['formalin (37% FA and 10% methanol)', 'FA'];AC=[None, None];TA=['K,nterm', 'K,nterm']	strong cation exchange chromatography (SCX) chromatography	37% FA (formalin solution); 1, 2, 3, 4.5, or 6% FA; 2% FA (peptide digest)	not available	20 min	room temperature	2019_05_26_03_ReDoing_PC9_1per_FoAl_from_05_2018_SCX_C1.raw	NT=ms-proteomics;VV=v1.1.0	NT=crosslinking;VV=v1.0.0	NT=human;VV=v1.1.0
PXD015435_2019_05_14_03_PC9_2per_FoAl_from_05_2018	Homo sapiens	whole cell lysate	adenocarcinoma cell line	72	PXD015435_2019_05_14_03_PC9_2per_FoAl_from_05_2018_assay	proteomic profiling by mass spectrometry	data-dependent acquisition	NT=label free sample;AC=MS:1002038	1	1	not available	NT=Trypsin;AC=MS:1001251	NT=Carbamidomethyl;AC=UNIMOD:4;TA=C;MT=Fixed	NT=Oxidation;AC=UNIMOD:21;TA=M;MT=Variable	not available	not available	NT=['formalin (37% FA and 10% methanol)', 'FA'];AC=[None, None];TA=['K,nterm', 'K,nterm']	strong cation exchange chromatography (SCX) chromatography	37% FA (formalin solution); 1, 2, 3, 4.5, or 6% FA; 2% FA (peptide digest)	not available	20 min	room temperature	2019_05_14_03_PC9_2per_FoAl_from_05_2018.raw	NT=ms-proteomics;VV=v1.1.0	NT=crosslinking;VV=v1.0.0	NT=human;VV=v1.1.0
PXD015435_2018_06_15_02_PC9_InVivo_2per_FoAl_SEC_A3	Homo sapiens	whole cell lysate	adenocarcinoma cell line	73	PXD015435_2018_06_15_02_PC9_InVivo_2per_FoAl_SEC_A3_assay	proteomic profiling by mass spectrometry	data-dependent acquisition	NT=label free sample;AC=MS:1002038	1	1	not available	NT=Trypsin;AC=MS:1001251	NT=Carbamidomethyl;AC=UNIMOD:4;TA=C;MT=Fixed	NT=Oxidation;AC=UNIMOD:21;TA=M;MT=Variable	not available	not available	NT=['formalin (37% FA and 10% methanol)', 'FA'];AC=[None, None];TA=['K,nterm', 'K,nterm']	strong cation exchange chromatography (SCX) chromatography	37% FA (formalin solution); 1, 2, 3, 4.5, or 6% FA; 2% FA (peptide digest)	not available	20 min	room temperature	2018_06_15_02_PC9_InVivo_2per_FoAl_SEC_A3.raw	NT=ms-proteomics;VV=v1.1.0	NT=crosslinking;VV=v1.0.0	NT=human;VV=v1.1.0
PXD015435_2019_01_09_33_3Prot_rep3_FoAl_0p4_per	Homo sapiens	whole cell lysate	adenocarcinoma cell line	74	PXD015435_2019_01_09_33_3Prot_rep3_FoAl_0p4_per_assay	proteomic profiling by mass spectrometry	data-dependent acquisition	NT=label free sample;AC=MS:1002038	1	3	not available	NT=Trypsin;AC=MS:1001251	NT=Carbamidomethyl;AC=UNIMOD:4;TA=C;MT=Fixed	NT=Oxidation;AC=UNIMOD:21;TA=M;MT=Variable	not available	not available	NT=['formalin (37% FA and 10% methanol)', 'FA'];AC=[None, None];TA=['K,nterm', 'K,nterm']	strong cation exchange chromatography (SCX) chromatography	37% FA (formalin solution); 1, 2, 3, 4.5, or 6% FA; 2% FA (peptide digest)	not available	20 min	room temperature	2019_01_09_33_3Prot_rep3_FoAl_0p4_per.raw	NT=ms-proteomics;VV=v1.1.0	NT=crosslinking;VV=v1.0.0	NT=human;VV=v1.1.0
PXD015435_2018_12_20_15_3Prot_rep2_No_XL	NT=Homo sapiens;AC=NCBITaxon:9606	whole cell lysate	adenocarcinoma cell line	75	PXD015435_2018_12_20_15_3Prot_rep2_No_XL_assay	proteomic profiling by mass spectrometry	data-dependent acquisition	NT=label free sample;AC=MS:1002038	1	2	not available	NT=Trypsin;AC=MS:1001251	NT=Carbamidomethyl;AC=UNIMOD:4;TA=C;MT=Fixed	NT=Oxidation;AC=UNIMOD:21;TA=M;MT=Variable	not available	not available	NT=['formalin (37% FA and 10% methanol)', 'FA'];AC=[None, None];TA=['K,nterm', 'K,nterm']	strong cation exchange chromatography (SCX) chromatography	37% FA (formalin solution); 1, 2, 3, 4.5, or 6% FA; 2% FA (peptide digest)	not available	20 min	room temperature	2018_12_20_15_3Prot_rep2_No_XL.raw	NT=ms-proteomics;VV=v1.1.0	NT=crosslinking;VV=v1.0.0	NT=human;VV=v1.1.0
PXD015435_2019_05_29_06_ReDoing_PC9_4p5per_FoAl_from_05_2018_SCX_B5	Homo sapiens	whole cell lysate	adenocarcinoma cell line	76	PXD015435_2019_05_29_06_ReDoing_PC9_4p5per_FoAl_from_05_2018_SCX_B5_assay	proteomic profiling by mass spectrometry	data-dependent acquisition	NT=label free sample;AC=MS:1002038	1	1	not available	NT=Trypsin;AC=MS:1001251	NT=Carbamidomethyl;AC=UNIMOD:4;TA=C;MT=Fixed	NT=Oxidation;AC=UNIMOD:21;TA=M;MT=Variable	not available	not available	NT=['formalin (37% FA and 10% methanol)', 'FA'];AC=[None, None];TA=['K,nterm', 'K,nterm']	strong cation exchange chromatography (SCX) chromatography	37% FA (formalin solution); 1, 2, 3, 4.5, or 6% FA; 2% FA (peptide digest)	not available	20 min	room temperature	2019_05_29_06_ReDoing_PC9_4p5per_FoAl_from_05_2018_SCX_B5.raw	NT=ms-proteomics;VV=v1.1.0	NT=crosslinking;VV=v1.0.0	NT=human;VV=v1.1.0
PXD015435_2018_12_10_31_3Prot_rep1_FoAl_1p3_per_non_Sigma_Brand_P2	Homo sapiens	whole cell lysate	adenocarcinoma cell line	77	PXD015435_2018_12_10_31_3Prot_rep1_FoAl_1p3_per_non_Sigma_Brand_P2_assay	proteomic profiling by mass spectrometry	data-dependent acquisition	NT=label free sample;AC=MS:1002038	1	1	not available	NT=Trypsin;AC=MS:1001251	NT=Carbamidomethyl;AC=UNIMOD:4;TA=C;MT=Fixed	NT=Oxidation;AC=UNIMOD:21;TA=M;MT=Variable	not available	not available	NT=['formalin (37% FA and 10% methanol)', 'FA'];AC=[None, None];TA=['K,nterm', 'K,nterm']	strong cation exchange chromatography (SCX) chromatography	37% FA (formalin solution); 1, 2, 3, 4.5, or 6% FA; 2% FA (peptide digest)	not available	20 min	room temperature	2018_12_10_31_3Prot_rep1_FoAl_1p3_per_non_Sigma_Brand_P2.raw	NT=ms-proteomics;VV=v1.1.0	NT=crosslinking;VV=v1.0.0	NT=human;VV=v1.1.0
PXD015435_2019_05_13_03_PC9_2per_FoAl_from_05_2018	Homo sapiens	whole cell lysate	adenocarcinoma cell line	78	PXD015435_2019_05_13_03_PC9_2per_FoAl_from_05_2018_assay	proteomic profiling by mass spectrometry	data-dependent acquisition	NT=label free sample;AC=MS:1002038	1	1	not available	NT=Trypsin;AC=MS:1001251	NT=Carbamidomethyl;AC=UNIMOD:4;TA=C;MT=Fixed	NT=Oxidation;AC=UNIMOD:21;TA=M;MT=Variable	not available	not available	NT=['formalin (37% FA and 10% methanol)', 'FA'];AC=[None, None];TA=['K,nterm', 'K,nterm']	strong cation exchange chromatography (SCX) chromatography	37% FA (formalin solution); 1, 2, 3, 4.5, or 6% FA; 2% FA (peptide digest)	not available	20 min	room temperature	2019_05_13_03_PC9_2per_FoAl_from_05_2018.raw	NT=ms-proteomics;VV=v1.1.0	NT=crosslinking;VV=v1.0.0	NT=human;VV=v1.1.0
PXD015435_2018_12_20_12_3Prot_rep2_FoAl_2_per	Homo sapiens	whole cell lysate	adenocarcinoma cell line	79	PXD015435_2018_12_20_12_3Prot_rep2_FoAl_2_per_assay	proteomic profiling by mass spectrometry	data-dependent acquisition	NT=label free sample;AC=MS:1002038	1	2	not available	NT=Trypsin;AC=MS:1001251	NT=Carbamidomethyl;AC=UNIMOD:4;TA=C;MT=Fixed	NT=Oxidation;AC=UNIMOD:21;TA=M;MT=Variable	not available	not available	NT=['formalin (37% FA and 10% methanol)', 'FA'];AC=[None, None];TA=['K,nterm', 'K,nterm']	strong cation exchange chromatography (SCX) chromatography	37% FA (formalin solution); 1, 2, 3, 4.5, or 6% FA; 2% FA (peptide digest)	not available	20 min	room temperature	2018_12_20_12_3Prot_rep2_FoAl_2_per.raw	NT=ms-proteomics;VV=v1.1.0	NT=crosslinking;VV=v1.0.0	NT=human;VV=v1.1.0
PXD015435_2019_01_07_05_3Prot_rep3_DSS_3mM_P2	Homo sapiens	whole cell lysate	adenocarcinoma cell line	80	PXD015435_2019_01_07_05_3Prot_rep3_DSS_3mM_P2_assay	proteomic profiling by mass spectrometry	data-dependent acquisition	NT=label free sample;AC=MS:1002038	1	3	not available	NT=Trypsin;AC=MS:1001251	NT=Carbamidomethyl;AC=UNIMOD:4;TA=C;MT=Fixed	NT=Oxidation;AC=UNIMOD:21;TA=M;MT=Variable	not available	not available	NT=['formalin (37% FA and 10% methanol)', 'FA'];AC=[None, None];TA=['K,nterm', 'K,nterm']	strong cation exchange chromatography (SCX) chromatography	37% FA (formalin solution); 1, 2, 3, 4.5, or 6% FA; 2% FA (peptide digest)	not available	20 min	room temperature	2019_01_07_05_3Prot_rep3_DSS_3mM_P2.raw	NT=ms-proteomics;VV=v1.1.0	NT=crosslinking;VV=v1.0.0	NT=human;VV=v1.1.0
PXD015435_2019_05_25_03_2per_FA_20min_PEPTIDES	Homo sapiens	whole cell lysate	adenocarcinoma cell line	81	PXD015435_2019_05_25_03_2per_FA_20min_PEPTIDES_assay	proteomic profiling by mass spectrometry	data-dependent acquisition	NT=label free sample;AC=MS:1002038	1	1	not available	NT=Trypsin;AC=MS:1001251	NT=Carbamidomethyl;AC=UNIMOD:4;TA=C;MT=Fixed	NT=Oxidation;AC=UNIMOD:21;TA=M;MT=Variable	not available	not available	NT=['formalin (37% FA and 10% methanol)', 'FA'];AC=[None, None];TA=['K,nterm', 'K,nterm']	strong cation exchange chromatography (SCX) chromatography	37% FA (formalin solution); 1, 2, 3, 4.5, or 6% FA; 2% FA (peptide digest)	not available	20 min	room temperature	2019_05_25_03_2per_FA_20min_PEPTIDES.raw	NT=ms-proteomics;VV=v1.1.0	NT=crosslinking;VV=v1.0.0	NT=human;VV=v1.1.0
PXD015435_2019_05_13_09_PC9_6per_FoAl_from_05_2018	Homo sapiens	whole cell lysate	adenocarcinoma cell line	82	PXD015435_2019_05_13_09_PC9_6per_FoAl_from_05_2018_assay	proteomic profiling by mass spectrometry	data-dependent acquisition	NT=label free sample;AC=MS:1002038	1	1	not available	NT=Trypsin;AC=MS:1001251	NT=Carbamidomethyl;AC=UNIMOD:4;TA=C;MT=Fixed	NT=Oxidation;AC=UNIMOD:21;TA=M;MT=Variable	not available	not available	NT=['formalin (37% FA and 10% methanol)', 'FA'];AC=[None, None];TA=['K,nterm', 'K,nterm']	strong cation exchange chromatography (SCX) chromatography	37% FA (formalin solution); 1, 2, 3, 4.5, or 6% FA; 2% FA (peptide digest)	not available	20 min	room temperature	2019_05_13_09_PC9_6per_FoAl_from_05_2018.raw	NT=ms-proteomics;VV=v1.1.0	NT=crosslinking;VV=v1.0.0	NT=human;VV=v1.1.0
PXD015435_2019_06_02_01_ReDoing_PC9_6per_FoAl_from_05_2018_SCX_C1	Homo sapiens	whole cell lysate	adenocarcinoma cell line	83	PXD015435_2019_06_02_01_ReDoing_PC9_6per_FoAl_from_05_2018_SCX_C1_assay	proteomic profiling by mass spectrometry	data-dependent acquisition	NT=label free sample;AC=MS:1002038	1	1	not available	NT=Trypsin;AC=MS:1001251	NT=Carbamidomethyl;AC=UNIMOD:4;TA=C;MT=Fixed	NT=Oxidation;AC=UNIMOD:21;TA=M;MT=Variable	not available	not available	NT=['formalin (37% FA and 10% methanol)', 'FA'];AC=[None, None];TA=['K,nterm', 'K,nterm']	strong cation exchange chromatography (SCX) chromatography	37% FA (formalin solution); 1, 2, 3, 4.5, or 6% FA; 2% FA (peptide digest)	not available	20 min	room temperature	2019_06_02_01_ReDoing_PC9_6per_FoAl_from_05_2018_SCX_C1.raw	NT=ms-proteomics;VV=v1.1.0	NT=crosslinking;VV=v1.0.0	NT=human;VV=v1.1.0
PXD015435_2019_06_03_02_ReDoing_PC9_6per_FoAl_from_05_2018_SCX_B6	Homo sapiens	whole cell lysate	adenocarcinoma cell line	84	PXD015435_2019_06_03_02_ReDoing_PC9_6per_FoAl_from_05_2018_SCX_B6_assay	proteomic profiling by mass spectrometry	data-dependent acquisition	NT=label free sample;AC=MS:1002038	1	1	not available	NT=Trypsin;AC=MS:1001251	NT=Carbamidomethyl;AC=UNIMOD:4;TA=C;MT=Fixed	NT=Oxidation;AC=UNIMOD:21;TA=M;MT=Variable	not available	not available	NT=['formalin (37% FA and 10% methanol)', 'FA'];AC=[None, None];TA=['K,nterm', 'K,nterm']	strong cation exchange chromatography (SCX) chromatography	37% FA (formalin solution); 1, 2, 3, 4.5, or 6% FA; 2% FA (peptide digest)	not available	20 min	room temperature	2019_06_03_02_ReDoing_PC9_6per_FoAl_from_05_2018_SCX_B6.raw	NT=ms-proteomics;VV=v1.1.0	NT=crosslinking;VV=v1.0.0	NT=human;VV=v1.1.0
PXD015435_2018_12_22_39_3Prot_rep2_FoAl_1p3_non_sigma_brand	Homo sapiens	whole cell lysate	adenocarcinoma cell line	85	PXD015435_2018_12_22_39_3Prot_rep2_FoAl_1p3_non_sigma_brand_assay	proteomic profiling by mass spectrometry	data-dependent acquisition	NT=label free sample;AC=MS:1002038	1	2	not available	NT=Trypsin;AC=MS:1001251	NT=Carbamidomethyl;AC=UNIMOD:4;TA=C;MT=Fixed	NT=Oxidation;AC=UNIMOD:21;TA=M;MT=Variable	not available	not available	NT=['formalin (37% FA and 10% methanol)', 'FA'];AC=[None, None];TA=['K,nterm', 'K,nterm']	strong cation exchange chromatography (SCX) chromatography	37% FA (formalin solution); 1, 2, 3, 4.5, or 6% FA; 2% FA (peptide digest)	not available	20 min	room temperature	2018_12_22_39_3Prot_rep2_FoAl_1p3_non_sigma_brand.raw	NT=ms-proteomics;VV=v1.1.0	NT=crosslinking;VV=v1.0.0	NT=human;VV=v1.1.0
PXD015435_2019_05_26_05_ReDoing_PC9_1per_FoAl_from_05_2018_SCX_B8	Homo sapiens	whole cell lysate	adenocarcinoma cell line	86	PXD015435_2019_05_26_05_ReDoing_PC9_1per_FoAl_from_05_2018_SCX_B8_assay	proteomic profiling by mass spectrometry	data-dependent acquisition	NT=label free sample;AC=MS:1002038	1	1	not available	NT=Trypsin;AC=MS:1001251	NT=Carbamidomethyl;AC=UNIMOD:4;TA=C;MT=Fixed	NT=Oxidation;AC=UNIMOD:21;TA=M;MT=Variable	not available	not available	NT=['formalin (37% FA and 10% methanol)', 'FA'];AC=[None, None];TA=['K,nterm', 'K,nterm']	strong cation exchange chromatography (SCX) chromatography	37% FA (formalin solution); 1, 2, 3, 4.5, or 6% FA; 2% FA (peptide digest)	not available	20 min	room temperature	2019_05_26_05_ReDoing_PC9_1per_FoAl_from_05_2018_SCX_B8.raw	NT=ms-proteomics;VV=v1.1.0	NT=crosslinking;VV=v1.0.0	NT=human;VV=v1.1.0
PXD015435_2019_01_07_07_3Prot_rep3_DSS_1mM	Homo sapiens	whole cell lysate	adenocarcinoma cell line	87	PXD015435_2019_01_07_07_3Prot_rep3_DSS_1mM_assay	proteomic profiling by mass spectrometry	data-dependent acquisition	NT=label free sample;AC=MS:1002038	1	3	not available	NT=Trypsin;AC=MS:1001251	NT=Carbamidomethyl;AC=UNIMOD:4;TA=C;MT=Fixed	NT=Oxidation;AC=UNIMOD:21;TA=M;MT=Variable	not available	not available	NT=['formalin (37% FA and 10% methanol)', 'FA'];AC=[None, None];TA=['K,nterm', 'K,nterm']	strong cation exchange chromatography (SCX) chromatography	37% FA (formalin solution); 1, 2, 3, 4.5, or 6% FA; 2% FA (peptide digest)	not available	20 min	room temperature	2019_01_07_07_3Prot_rep3_DSS_1mM.raw	NT=ms-proteomics;VV=v1.1.0	NT=crosslinking;VV=v1.0.0	NT=human;VV=v1.1.0
PXD015435_2018_12_24_46_3Prot_rep2_FoAl_4_per_NCE_30	Homo sapiens	whole cell lysate	adenocarcinoma cell line	88	PXD015435_2018_12_24_46_3Prot_rep2_FoAl_4_per_NCE_30_assay	proteomic profiling by mass spectrometry	data-dependent acquisition	NT=label free sample;AC=MS:1002038	1	2	not available	NT=Trypsin;AC=MS:1001251	NT=Carbamidomethyl;AC=UNIMOD:4;TA=C;MT=Fixed	NT=Oxidation;AC=UNIMOD:21;TA=M;MT=Variable	not available	not available	NT=['formalin (37% FA and 10% methanol)', 'FA'];AC=[None, None];TA=['K,nterm', 'K,nterm']	strong cation exchange chromatography (SCX) chromatography	37% FA (formalin solution); 1, 2, 3, 4.5, or 6% FA; 2% FA (peptide digest)	not available	20 min	room temperature	2018_12_24_46_3Prot_rep2_FoAl_4_per_NCE_30.raw	NT=ms-proteomics;VV=v1.1.0	NT=crosslinking;VV=v1.0.0	NT=human;VV=v1.1.0
PXD015435_2019_01_09_24_3Prot_rep3_FoAl_0p2_per_P2	Homo sapiens	whole cell lysate	adenocarcinoma cell line	89	PXD015435_2019_01_09_24_3Prot_rep3_FoAl_0p2_per_P2_assay	proteomic profiling by mass spectrometry	data-dependent acquisition	NT=label free sample;AC=MS:1002038	1	3	not available	NT=Trypsin;AC=MS:1001251	NT=Carbamidomethyl;AC=UNIMOD:4;TA=C;MT=Fixed	NT=Oxidation;AC=UNIMOD:21;TA=M;MT=Variable	not available	not available	NT=['formalin (37% FA and 10% methanol)', 'FA'];AC=[None, None];TA=['K,nterm', 'K,nterm']	strong cation exchange chromatography (SCX) chromatography	37% FA (formalin solution); 1, 2, 3, 4.5, or 6% FA; 2% FA (peptide digest)	not available	20 min	room temperature	2019_01_09_24_3Prot_rep3_FoAl_0p2_per_P2.raw	NT=ms-proteomics;VV=v1.1.0	NT=crosslinking;VV=v1.0.0	NT=human;VV=v1.1.0
PXD015435_2018_12_08_20_3Prot_rep1_FoAl_2_per	Homo sapiens	whole cell lysate	adenocarcinoma cell line	90	PXD015435_2018_12_08_20_3Prot_rep1_FoAl_2_per_assay	proteomic profiling by mass spectrometry	data-dependent acquisition	NT=label free sample;AC=MS:1002038	1	1	not available	NT=Trypsin;AC=MS:1001251	NT=Carbamidomethyl;AC=UNIMOD:4;TA=C;MT=Fixed	NT=Oxidation;AC=UNIMOD:21;TA=M;MT=Variable	not available	not available	NT=['formalin (37% FA and 10% methanol)', 'FA'];AC=[None, None];TA=['K,nterm', 'K,nterm']	strong cation exchange chromatography (SCX) chromatography	37% FA (formalin solution); 1, 2, 3, 4.5, or 6% FA; 2% FA (peptide digest)	not available	20 min	room temperature	2018_12_08_20_3Prot_rep1_FoAl_2_per.raw	NT=ms-proteomics;VV=v1.1.0	NT=crosslinking;VV=v1.0.0	NT=human;VV=v1.1.0
PXD015435_2019_01_10_42_3Prot_rep3_FoAl_4_per_NCE30	Homo sapiens (human)	whole cell lysate	adenocarcinoma cell line	91	PXD015435_2019_01_10_42_3Prot_rep3_FoAl_4_per_NCE30_assay	proteomic profiling by mass spectrometry	data-dependent acquisition	NT=label free sample;AC=MS:1002038	1	3	not available	NT=Trypsin;AC=MS:1001251	NT=Carbamidomethyl;AC=UNIMOD:4;TA=C;MT=Fixed	NT=Oxidation;AC=UNIMOD:21;TA=M;MT=Variable	not available	not available	NT=['formalin (37% FA and 10% methanol)', 'FA'];AC=[None, None];TA=['K,nterm', 'K,nterm']	strong cation exchange chromatography (SCX) chromatography	37% FA (formalin solution); 1, 2, 3, 4.5, or 6% FA; 2% FA (peptide digest)	not available	20 min	room temperature	2019_01_10_42_3Prot_rep3_FoAl_4_per_NCE30.raw	NT=ms-proteomics;VV=v1.1.0	NT=crosslinking;VV=v1.0.0	NT=human;VV=v1.1.0
PXD015435_2019_05_23_02_no_FA_PEPTIDES	Homo sapiens	whole cell lysate	adenocarcinoma cell line	92	PXD015435_2019_05_23_02_no_FA_PEPTIDES_assay	proteomic profiling by mass spectrometry	data-dependent acquisition	NT=label free sample;AC=MS:1002038	1	1	not available	NT=Trypsin;AC=MS:1001251	NT=Carbamidomethyl;AC=UNIMOD:4;TA=C;MT=Fixed	NT=Oxidation;AC=UNIMOD:21;TA=M;MT=Variable	not available	not available	NT=['formalin (37% FA and 10% methanol)', 'FA'];AC=[None, None];TA=['K,nterm', 'K,nterm']	strong cation exchange chromatography (SCX) chromatography	37% FA (formalin solution); 1, 2, 3, 4.5, or 6% FA; 2% FA (peptide digest)	not available	20 min	room temperature	2019_05_23_02_no_FA_PEPTIDES.raw	NT=ms-proteomics;VV=v1.1.0	NT=crosslinking;VV=v1.0.0	NT=human;VV=v1.1.0
PXD015435_2019_05_26_09_ReDoing_PC9_1per_FoAl_from_05_2018_SCX_B6	Homo sapiens	whole cell lysate	adenocarcinoma cell line	93	PXD015435_2019_05_26_09_ReDoing_PC9_1per_FoAl_from_05_2018_SCX_B6_assay	proteomic profiling by mass spectrometry	data-dependent acquisition	NT=label free sample;AC=MS:1002038	1	1	not available	NT=Trypsin;AC=MS:1001251	NT=Carbamidomethyl;AC=UNIMOD:4;TA=C;MT=Fixed	NT=Oxidation;AC=UNIMOD:21;TA=M;MT=Variable	not available	not available	NT=['formalin (37% FA and 10% methanol)', 'FA'];AC=[None, None];TA=['K,nterm', 'K,nterm']	strong cation exchange chromatography (SCX) chromatography	37% FA (formalin solution); 1, 2, 3, 4.5, or 6% FA; 2% FA (peptide digest)	not available	20 min	room temperature	2019_05_26_09_ReDoing_PC9_1per_FoAl_from_05_2018_SCX_B6.raw	NT=ms-proteomics;VV=v1.1.0	NT=crosslinking;VV=v1.0.0	NT=human;VV=v1.1.0
PXD015435_2018_12_21_22_3Prot_rep2_FoAl_1p3_per_P2	Homo sapiens	whole cell lysate	adenocarcinoma cell line	94	PXD015435_2018_12_21_22_3Prot_rep2_FoAl_1p3_per_P2_assay	proteomic profiling by mass spectrometry	data-dependent acquisition	NT=label free sample;AC=MS:1002038	1	2	not available	NT=Trypsin;AC=MS:1001251	NT=Carbamidomethyl;AC=UNIMOD:4;TA=C;MT=Fixed	NT=Oxidation;AC=UNIMOD:21;TA=M;MT=Variable	not available	not available	NT=['formalin (37% FA and 10% methanol)', 'FA'];AC=[None, None];TA=['K,nterm', 'K,nterm']	strong cation exchange chromatography (SCX) chromatography	37% FA (formalin solution); 1, 2, 3, 4.5, or 6% FA; 2% FA (peptide digest)	not available	20 min	room temperature	2018_12_21_22_3Prot_rep2_FoAl_1p3_per_P2.raw	NT=ms-proteomics;VV=v1.1.0	NT=crosslinking;VV=v1.0.0	NT=human;VV=v1.1.0
PXD015435_2018_12_21_24_3Prot_rep2_FoAl_4_per_P2	Homo sapiens	whole cell lysate	adenocarcinoma cell line	95	PXD015435_2018_12_21_24_3Prot_rep2_FoAl_4_per_P2_assay	proteomic profiling by mass spectrometry	data-dependent acquisition	NT=label free sample;AC=MS:1002038	1	2	not available	NT=Trypsin;AC=MS:1001251	NT=Carbamidomethyl;AC=UNIMOD:4;TA=C;MT=Fixed	NT=Oxidation;AC=UNIMOD:21;TA=M;MT=Variable	not available	not available	NT=['formalin (37% FA and 10% methanol)', 'FA'];AC=[None, None];TA=['K,nterm', 'K,nterm']	strong cation exchange chromatography (SCX) chromatography	37% FA (formalin solution); 1, 2, 3, 4.5, or 6% FA; 2% FA (peptide digest)	not available	20 min	room temperature	2018_12_21_24_3Prot_rep2_FoAl_4_per_P2.raw	NT=ms-proteomics;VV=v1.1.0	NT=crosslinking;VV=v1.0.0	NT=human;VV=v1.1.0
PXD015435_2018_12_22_32_3Prot_rep2_FoAl_0p8_per	Homo sapiens	whole cell lysate	adenocarcinoma cell line	96	PXD015435_2018_12_22_32_3Prot_rep2_FoAl_0p8_per_assay	proteomic profiling by mass spectrometry	data-dependent acquisition	NT=label free sample;AC=MS:1002038	1	2	not available	NT=Trypsin;AC=MS:1001251	NT=Carbamidomethyl;AC=UNIMOD:4;TA=C;MT=Fixed	NT=Oxidation;AC=UNIMOD:21;TA=M;MT=Variable	not available	not available	NT=['formalin (37% FA and 10% methanol)', 'FA'];AC=[None, None];TA=['K,nterm', 'K,nterm']	strong cation exchange chromatography (SCX) chromatography	37% FA (formalin solution); 1, 2, 3, 4.5, or 6% FA; 2% FA (peptide digest)	not available	20 min	room temperature	2018_12_22_32_3Prot_rep2_FoAl_0p8_per.raw	NT=ms-proteomics;VV=v1.1.0	NT=crosslinking;VV=v1.0.0	NT=human;VV=v1.1.0
PXD015435_2018_12_20_09_3Prot_rep2_FoAl_0p4_per	Homo sapiens	whole cell lysate	adenocarcinoma cell line	97	PXD015435_2018_12_20_09_3Prot_rep2_FoAl_0p4_per_assay	proteomic profiling by mass spectrometry	data-dependent acquisition	NT=label free sample;AC=MS:1002038	1	2	not available	NT=Trypsin;AC=MS:1001251	NT=Carbamidomethyl;AC=UNIMOD:4;TA=C;MT=Fixed	NT=Oxidation;AC=UNIMOD:21;TA=M;MT=Variable	not available	not available	NT=['formalin (37% FA and 10% methanol)', 'FA'];AC=[None, None];TA=['K,nterm', 'K,nterm']	strong cation exchange chromatography (SCX) chromatography	37% FA (formalin solution); 1, 2, 3, 4.5, or 6% FA; 2% FA (peptide digest)	not available	20 min	room temperature	2018_12_20_09_3Prot_rep2_FoAl_0p4_per.raw	NT=ms-proteomics;VV=v1.1.0	NT=crosslinking;VV=v1.0.0	NT=human;VV=v1.1.0
PXD015435_2019_01_08_18_3Prot_rep3_FoAl_0p8_per	Homo sapiens	whole cell lysate	adenocarcinoma cell line	98	PXD015435_2019_01_08_18_3Prot_rep3_FoAl_0p8_per_assay	proteomic profiling by mass spectrometry	data-dependent acquisition	NT=label free sample;AC=MS:1002038	1	3	not available	NT=Trypsin;AC=MS:1001251	NT=Carbamidomethyl;AC=UNIMOD:4;TA=C;MT=Fixed	NT=Oxidation;AC=UNIMOD:21;TA=M;MT=Variable	not available	not available	NT=['formalin (37% FA and 10% methanol)', 'FA'];AC=[None, None];TA=['K,nterm', 'K,nterm']	strong cation exchange chromatography (SCX) chromatography	37% FA (formalin solution); 1, 2, 3, 4.5, or 6% FA; 2% FA (peptide digest)	not available	20 min	room temperature	2019_01_08_18_3Prot_rep3_FoAl_0p8_per.raw	NT=ms-proteomics;VV=v1.1.0	NT=crosslinking;VV=v1.0.0	NT=human;VV=v1.1.0
PXD015435_2019_05_29_08_ReDoing_PC9_4p5per_FoAl_from_05_2018_SCX_B3	Homo sapiens	whole cell lysate	adenocarcinoma cell line	99	PXD015435_2019_05_29_08_ReDoing_PC9_4p5per_FoAl_from_05_2018_SCX_B3_assay	proteomic profiling by mass spectrometry	data-dependent acquisition	NT=label free sample;AC=MS:1002038	1	1	not available	NT=Trypsin;AC=MS:1001251	NT=Carbamidomethyl;AC=UNIMOD:4;TA=C;MT=Fixed	NT=Oxidation;AC=UNIMOD:21;TA=M;MT=Variable	not available	not available	NT=['formalin (37% FA and 10% methanol)', 'FA'];AC=[None, None];TA=['K,nterm', 'K,nterm']	strong cation exchange chromatography (SCX) chromatography	37% FA (formalin solution); 1, 2, 3, 4.5, or 6% FA; 2% FA (peptide digest)	not available	20 min	room temperature	2019_05_29_08_ReDoing_PC9_4p5per_FoAl_from_05_2018_SCX_B3.raw	NT=ms-proteomics;VV=v1.1.0	NT=crosslinking;VV=v1.0.0	NT=human;VV=v1.1.0
PXD015435_2018_12_10_25_3Prot_rep1_FoAl_0p8_per_non_Sigma_Brand	Homo sapiens	whole cell lysate	adenocarcinoma cell line	100	PXD015435_2018_12_10_25_3Prot_rep1_FoAl_0p8_per_non_Sigma_Brand_assay	proteomic profiling by mass spectrometry	data-dependent acquisition	NT=label free sample;AC=MS:1002038	1	1	not available	NT=Trypsin;AC=MS:1001251	NT=Carbamidomethyl;AC=UNIMOD:4;TA=C;MT=Fixed	NT=Oxidation;AC=UNIMOD:21;TA=M;MT=Variable	not available	not available	NT=['formalin (37% FA and 10% methanol)', 'FA'];AC=[None, None];TA=['K,nterm', 'K,nterm']	strong cation exchange chromatography (SCX) chromatography	37% FA (formalin solution); 1, 2, 3, 4.5, or 6% FA; 2% FA (peptide digest)	not available	20 min	room temperature	2018_12_10_25_3Prot_rep1_FoAl_0p8_per_non_Sigma_Brand.raw	NT=ms-proteomics;VV=v1.1.0	NT=crosslinking;VV=v1.0.0	NT=human;VV=v1.1.0
PXD015435_2019_01_07_08_3Prot_rep3_DSS_3mM	Homo sapiens	whole cell lysate	adenocarcinoma cell line	101	PXD015435_2019_01_07_08_3Prot_rep3_DSS_3mM_assay	proteomic profiling by mass spectrometry	data-dependent acquisition	NT=label free sample;AC=MS:1002038	1	3	not available	NT=Trypsin;AC=MS:1001251	NT=Carbamidomethyl;AC=UNIMOD:4;TA=C;MT=Fixed	NT=Oxidation;AC=UNIMOD:21;TA=M;MT=Variable	not available	not available	NT=['formalin (37% FA and 10% methanol)', 'FA'];AC=[None, None];TA=['K,nterm', 'K,nterm']	strong cation exchange chromatography (SCX) chromatography	37% FA (formalin solution); 1, 2, 3, 4.5, or 6% FA; 2% FA (peptide digest)	not available	20 min	room temperature	2019_01_07_08_3Prot_rep3_DSS_3mM.raw	NT=ms-proteomics;VV=v1.1.0	NT=crosslinking;VV=v1.0.0	NT=human;VV=v1.1.0
PXD015435_2018_12_07_11_3Prot_rep1_FoAl_0p8_per_P2	Homo sapiens	whole cell lysate	adenocarcinoma cell line	102	PXD015435_2018_12_07_11_3Prot_rep1_FoAl_0p8_per_P2_assay	proteomic profiling by mass spectrometry	data-dependent acquisition	NT=label free sample;AC=MS:1002038	1	1	not available	NT=Trypsin;AC=MS:1001251	NT=Carbamidomethyl;AC=UNIMOD:4;TA=C;MT=Fixed	NT=Oxidation;AC=UNIMOD:21;TA=M;MT=Variable	not available	not available	NT=['formalin (37% FA and 10% methanol)', 'FA'];AC=[None, None];TA=['K,nterm', 'K,nterm']	strong cation exchange chromatography (SCX) chromatography	37% FA (formalin solution); 1, 2, 3, 4.5, or 6% FA; 2% FA (peptide digest)	not available	20 min	room temperature	2018_12_07_11_3Prot_rep1_FoAl_0p8_per_P2.raw	NT=ms-proteomics;VV=v1.1.0	NT=crosslinking;VV=v1.0.0	NT=human;VV=v1.1.0
PXD015435_2019_01_10_40_3Prot_rep3_FoAl_4_per_NCE22	Homo sapiens (human)	whole cell lysate	adenocarcinoma cell line	103	PXD015435_2019_01_10_40_3Prot_rep3_FoAl_4_per_NCE22_assay	proteomic profiling by mass spectrometry	data-dependent acquisition	NT=label free sample;AC=MS:1002038	1	3	not available	NT=Trypsin;AC=MS:1001251	NT=Carbamidomethyl;AC=UNIMOD:4;TA=C;MT=Fixed	NT=Oxidation;AC=UNIMOD:21;TA=M;MT=Variable	not available	not available	NT=['formalin (37% FA and 10% methanol)', 'FA'];AC=[None, None];TA=['K,nterm', 'K,nterm']	strong cation exchange chromatography (SCX) chromatography	37% FA (formalin solution); 1, 2, 3, 4.5, or 6% FA; 2% FA (peptide digest)	not available	20 min	room temperature	2019_01_10_40_3Prot_rep3_FoAl_4_per_NCE22.raw	NT=ms-proteomics;VV=v1.1.0	NT=crosslinking;VV=v1.0.0	NT=human;VV=v1.1.0
PXD015435_2019_01_07_03_3Prot_rep3_DSS_10mM	Homo sapiens	whole cell lysate	adenocarcinoma cell line	104	PXD015435_2019_01_07_03_3Prot_rep3_DSS_10mM_assay	proteomic profiling by mass spectrometry	data-dependent acquisition	NT=label free sample;AC=MS:1002038	1	3	not available	NT=Trypsin;AC=MS:1001251	NT=Carbamidomethyl;AC=UNIMOD:4;TA=C;MT=Fixed	NT=Oxidation;AC=UNIMOD:21;TA=M;MT=Variable	not available	not available	NT=['formalin (37% FA and 10% methanol)', 'FA'];AC=[None, None];TA=['K,nterm', 'K,nterm']	strong cation exchange chromatography (SCX) chromatography	37% FA (formalin solution); 1, 2, 3, 4.5, or 6% FA; 2% FA (peptide digest)	not available	20 min	room temperature	2019_01_07_03_3Prot_rep3_DSS_10mM.raw	NT=ms-proteomics;VV=v1.1.0	NT=crosslinking;VV=v1.0.0	NT=human;VV=v1.1.0
PXD015435_2018_12_20_07_3Prot_rep2_FoAl_0p1_per	Homo sapiens	whole cell lysate	adenocarcinoma cell line	105	PXD015435_2018_12_20_07_3Prot_rep2_FoAl_0p1_per_assay	proteomic profiling by mass spectrometry	data-dependent acquisition	NT=label free sample;AC=MS:1002038	1	2	not available	NT=Trypsin;AC=MS:1001251	NT=Carbamidomethyl;AC=UNIMOD:4;TA=C;MT=Fixed	NT=Oxidation;AC=UNIMOD:21;TA=M;MT=Variable	not available	not available	NT=['formalin (37% FA and 10% methanol)', 'FA'];AC=[None, None];TA=['K,nterm', 'K,nterm']	strong cation exchange chromatography (SCX) chromatography	37% FA (formalin solution); 1, 2, 3, 4.5, or 6% FA; 2% FA (peptide digest)	not available	20 min	room temperature	2018_12_20_07_3Prot_rep2_FoAl_0p1_per.raw	NT=ms-proteomics;VV=v1.1.0	NT=crosslinking;VV=v1.0.0	NT=human;VV=v1.1.0
PXD015435_2018_12_24_50_3Prot_rep2_DSS_3mM_NCE_26	Homo sapiens	whole cell lysate	adenocarcinoma cell line	106	PXD015435_2018_12_24_50_3Prot_rep2_DSS_3mM_NCE_26_assay	proteomic profiling by mass spectrometry	data-dependent acquisition	NT=label free sample;AC=MS:1002038	1	2	not available	NT=Trypsin;AC=MS:1001251	NT=Carbamidomethyl;AC=UNIMOD:4;TA=C;MT=Fixed	NT=Oxidation;AC=UNIMOD:21;TA=M;MT=Variable	not available	not available	NT=['formalin (37% FA and 10% methanol)', 'FA'];AC=[None, None];TA=['K,nterm', 'K,nterm']	strong cation exchange chromatography (SCX) chromatography	37% FA (formalin solution); 1, 2, 3, 4.5, or 6% FA; 2% FA (peptide digest)	not available	20 min	room temperature	2018_12_24_50_3Prot_rep2_DSS_3mM_NCE_26.raw	NT=ms-proteomics;VV=v1.1.0	NT=crosslinking;VV=v1.0.0	NT=human;VV=v1.1.0
PXD015435_2019_01_10_39_3Prot_rep3_FoAl_4_per_NCE18	Homo sapiens (human)	whole cell lysate	adenocarcinoma cell line	107	PXD015435_2019_01_10_39_3Prot_rep3_FoAl_4_per_NCE18_assay	proteomic profiling by mass spectrometry	data-dependent acquisition	NT=label free sample;AC=MS:1002038	1	3	not available	NT=Trypsin;AC=MS:1001251	NT=Carbamidomethyl;AC=UNIMOD:4;TA=C;MT=Fixed	NT=Oxidation;AC=UNIMOD:21;TA=M;MT=Variable	not available	not available	NT=['formalin (37% FA and 10% methanol)', 'FA'];AC=[None, None];TA=['K,nterm', 'K,nterm']	strong cation exchange chromatography (SCX) chromatography	37% FA (formalin solution); 1, 2, 3, 4.5, or 6% FA; 2% FA (peptide digest)	not available	20 min	room temperature	2019_01_10_39_3Prot_rep3_FoAl_4_per_NCE18.raw	NT=ms-proteomics;VV=v1.1.0	NT=crosslinking;VV=v1.0.0	NT=human;VV=v1.1.0
PXD015435_2019_05_26_07_ReDoing_PC9_1per_FoAl_from_05_2018_SCX_B7	Homo sapiens	whole cell lysate	adenocarcinoma cell line	108	PXD015435_2019_05_26_07_ReDoing_PC9_1per_FoAl_from_05_2018_SCX_B7_assay	proteomic profiling by mass spectrometry	data-dependent acquisition	NT=label free sample;AC=MS:1002038	1	1	not available	NT=Trypsin;AC=MS:1001251	NT=Carbamidomethyl;AC=UNIMOD:4;TA=C;MT=Fixed	NT=Oxidation;AC=UNIMOD:21;TA=M;MT=Variable	not available	not available	NT=['formalin (37% FA and 10% methanol)', 'FA'];AC=[None, None];TA=['K,nterm', 'K,nterm']	strong cation exchange chromatography (SCX) chromatography	37% FA (formalin solution); 1, 2, 3, 4.5, or 6% FA; 2% FA (peptide digest)	not available	20 min	room temperature	2019_05_26_07_ReDoing_PC9_1per_FoAl_from_05_2018_SCX_B7.raw	NT=ms-proteomics;VV=v1.1.0	NT=crosslinking;VV=v1.0.0	NT=human;VV=v1.1.0
PXD015435_2019_06_02_08_ReDoing_PC9_6per_FoAl_from_05_2018_SCX_B2	Homo sapiens	whole cell lysate	adenocarcinoma cell line	109	PXD015435_2019_06_02_08_ReDoing_PC9_6per_FoAl_from_05_2018_SCX_B2_assay	proteomic profiling by mass spectrometry	data-dependent acquisition	NT=label free sample;AC=MS:1002038	1	1	not available	NT=Trypsin;AC=MS:1001251	NT=Carbamidomethyl;AC=UNIMOD:4;TA=C;MT=Fixed	NT=Oxidation;AC=UNIMOD:21;TA=M;MT=Variable	not available	not available	NT=['formalin (37% FA and 10% methanol)', 'FA'];AC=[None, None];TA=['K,nterm', 'K,nterm']	strong cation exchange chromatography (SCX) chromatography	37% FA (formalin solution); 1, 2, 3, 4.5, or 6% FA; 2% FA (peptide digest)	not available	20 min	room temperature	2019_06_02_08_ReDoing_PC9_6per_FoAl_from_05_2018_SCX_B2.raw	NT=ms-proteomics;VV=v1.1.0	NT=crosslinking;VV=v1.0.0	NT=human;VV=v1.1.0
PXD015435_2018_06_15_06_PC9_InVivo_2per_FoAl_SEC_A7	Homo sapiens	whole cell lysate	adenocarcinoma cell line	110	PXD015435_2018_06_15_06_PC9_InVivo_2per_FoAl_SEC_A7_assay	proteomic profiling by mass spectrometry	data-dependent acquisition	NT=label free sample;AC=MS:1002038	1	1	not available	NT=Trypsin;AC=MS:1001251	NT=Carbamidomethyl;AC=UNIMOD:4;TA=C;MT=Fixed	NT=Oxidation;AC=UNIMOD:21;TA=M;MT=Variable	not available	not available	NT=['formalin (37% FA and 10% methanol)', 'FA'];AC=[None, None];TA=['K,nterm', 'K,nterm']	strong cation exchange chromatography (SCX) chromatography	37% FA (formalin solution); 1, 2, 3, 4.5, or 6% FA; 2% FA (peptide digest)	not available	20 min	room temperature	2018_06_15_06_PC9_InVivo_2per_FoAl_SEC_A7.raw	NT=ms-proteomics;VV=v1.1.0	NT=crosslinking;VV=v1.0.0	NT=human;VV=v1.1.0
PXD015435_2018_06_15_07_PC9_InVivo_2per_FoAl_SEC_A8	Homo sapiens	whole cell lysate	adenocarcinoma cell line	111	PXD015435_2018_06_15_07_PC9_InVivo_2per_FoAl_SEC_A8_assay	proteomic profiling by mass spectrometry	data-dependent acquisition	NT=label free sample;AC=MS:1002038	1	1	not available	NT=Trypsin;AC=MS:1001251	NT=Carbamidomethyl;AC=UNIMOD:4;TA=C;MT=Fixed	NT=Oxidation;AC=UNIMOD:21;TA=M;MT=Variable	not available	not available	NT=['formalin (37% FA and 10% methanol)', 'FA'];AC=[None, None];TA=['K,nterm', 'K,nterm']	strong cation exchange chromatography (SCX) chromatography	37% FA (formalin solution); 1, 2, 3, 4.5, or 6% FA; 2% FA (peptide digest)	not available	20 min	room temperature	2018_06_15_07_PC9_InVivo_2per_FoAl_SEC_A8.raw	NT=ms-proteomics;VV=v1.1.0	NT=crosslinking;VV=v1.0.0	NT=human;VV=v1.1.0
PXD015435_2019_05_23_05_2per_FA_24h_PEPTIDES	Homo sapiens	whole cell lysate	adenocarcinoma cell line	112	PXD015435_2019_05_23_05_2per_FA_24h_PEPTIDES_assay	proteomic profiling by mass spectrometry	data-dependent acquisition	NT=label free sample;AC=MS:1002038	1	1	not available	NT=Trypsin;AC=MS:1001251	NT=Carbamidomethyl;AC=UNIMOD:4;TA=C;MT=Fixed	NT=Oxidation;AC=UNIMOD:21;TA=M;MT=Variable	not available	not available	NT=['formalin (37% FA and 10% methanol)', 'FA'];AC=[None, None];TA=['K,nterm', 'K,nterm']	strong cation exchange chromatography (SCX) chromatography	37% FA (formalin solution); 1, 2, 3, 4.5, or 6% FA; 2% FA (peptide digest)	not available	20 min	room temperature	2019_05_23_05_2per_FA_24h_PEPTIDES.raw	NT=ms-proteomics;VV=v1.1.0	NT=crosslinking;VV=v1.0.0	NT=human;VV=v1.1.0
PXD015435_2019_05_26_11_ReDoing_PC9_1per_FoAl_SCX_B8_more_matter	Homo sapiens	whole cell lysate	adenocarcinoma cell line	113	PXD015435_2019_05_26_11_ReDoing_PC9_1per_FoAl_SCX_B8_more_matter_assay	proteomic profiling by mass spectrometry	data-dependent acquisition	NT=label free sample;AC=MS:1002038	1	1	not available	NT=Trypsin;AC=MS:1001251	NT=Carbamidomethyl;AC=UNIMOD:4;TA=C;MT=Fixed	NT=Oxidation;AC=UNIMOD:21;TA=M;MT=Variable	not available	not available	NT=['formalin (37% FA and 10% methanol)', 'FA'];AC=[None, None];TA=['K,nterm', 'K,nterm']	strong cation exchange chromatography (SCX) chromatography	37% FA (formalin solution); 1, 2, 3, 4.5, or 6% FA; 2% FA (peptide digest)	not available	20 min	room temperature	2019_05_26_11_ReDoing_PC9_1per_FoAl_SCX_B8_more_matter.raw	NT=ms-proteomics;VV=v1.1.0	NT=crosslinking;VV=v1.0.0	NT=human;VV=v1.1.0
PXD015435_2019_05_15_04_2per_FA_24h_PEPTIDES	Homo sapiens	whole cell lysate	adenocarcinoma cell line	114	PXD015435_2019_05_15_04_2per_FA_24h_PEPTIDES_assay	proteomic profiling by mass spectrometry	data-dependent acquisition	NT=label free sample;AC=MS:1002038	1	1	not available	NT=Trypsin;AC=MS:1001251	NT=Carbamidomethyl;AC=UNIMOD:4;TA=C;MT=Fixed	NT=Oxidation;AC=UNIMOD:21;TA=M;MT=Variable	not available	not available	NT=['formalin (37% FA and 10% methanol)', 'FA'];AC=[None, None];TA=['K,nterm', 'K,nterm']	strong cation exchange chromatography (SCX) chromatography	37% FA (formalin solution); 1, 2, 3, 4.5, or 6% FA; 2% FA (peptide digest)	not available	20 min	room temperature	2019_05_15_04_2per_FA_24h_PEPTIDES.raw	NT=ms-proteomics;VV=v1.1.0	NT=crosslinking;VV=v1.0.0	NT=human;VV=v1.1.0
PXD015435_2019_06_02_07_ReDoing_PC9_6per_FoAl_from_05_2018_SCX_B3	Homo sapiens	whole cell lysate	adenocarcinoma cell line	115	PXD015435_2019_06_02_07_ReDoing_PC9_6per_FoAl_from_05_2018_SCX_B3_assay	proteomic profiling by mass spectrometry	data-dependent acquisition	NT=label free sample;AC=MS:1002038	1	1	not available	NT=Trypsin;AC=MS:1001251	NT=Carbamidomethyl;AC=UNIMOD:4;TA=C;MT=Fixed	NT=Oxidation;AC=UNIMOD:21;TA=M;MT=Variable	not available	not available	NT=['formalin (37% FA and 10% methanol)', 'FA'];AC=[None, None];TA=['K,nterm', 'K,nterm']	strong cation exchange chromatography (SCX) chromatography	37% FA (formalin solution); 1, 2, 3, 4.5, or 6% FA; 2% FA (peptide digest)	not available	20 min	room temperature	2019_06_02_07_ReDoing_PC9_6per_FoAl_from_05_2018_SCX_B3.raw	NT=ms-proteomics;VV=v1.1.0	NT=crosslinking;VV=v1.0.0	NT=human;VV=v1.1.0
PXD015435_2019_05_30_02_ReDoing_PC9_4p5per_FoAl_from_05_2018_SCX_C1	Homo sapiens	whole cell lysate	adenocarcinoma cell line	116	PXD015435_2019_05_30_02_ReDoing_PC9_4p5per_FoAl_from_05_2018_SCX_C1_assay	proteomic profiling by mass spectrometry	data-dependent acquisition	NT=label free sample;AC=MS:1002038	1	1	not available	NT=Trypsin;AC=MS:1001251	NT=Carbamidomethyl;AC=UNIMOD:4;TA=C;MT=Fixed	NT=Oxidation;AC=UNIMOD:21;TA=M;MT=Variable	not available	not available	NT=['formalin (37% FA and 10% methanol)', 'FA'];AC=[None, None];TA=['K,nterm', 'K,nterm']	strong cation exchange chromatography (SCX) chromatography	37% FA (formalin solution); 1, 2, 3, 4.5, or 6% FA; 2% FA (peptide digest)	not available	20 min	room temperature	2019_05_30_02_ReDoing_PC9_4p5per_FoAl_from_05_2018_SCX_C1.raw	NT=ms-proteomics;VV=v1.1.0	NT=crosslinking;VV=v1.0.0	NT=human;VV=v1.1.0
PXD015435_2018_12_20_11_3Prot_rep2_FoAl_1p3_per	Homo sapiens	whole cell lysate	adenocarcinoma cell line	117	PXD015435_2018_12_20_11_3Prot_rep2_FoAl_1p3_per_assay	proteomic profiling by mass spectrometry	data-dependent acquisition	NT=label free sample;AC=MS:1002038	1	2	not available	NT=Trypsin;AC=MS:1001251	NT=Carbamidomethyl;AC=UNIMOD:4;TA=C;MT=Fixed	NT=Oxidation;AC=UNIMOD:21;TA=M;MT=Variable	not available	not available	NT=['formalin (37% FA and 10% methanol)', 'FA'];AC=[None, None];TA=['K,nterm', 'K,nterm']	strong cation exchange chromatography (SCX) chromatography	37% FA (formalin solution); 1, 2, 3, 4.5, or 6% FA; 2% FA (peptide digest)	not available	20 min	room temperature	2018_12_20_11_3Prot_rep2_FoAl_1p3_per.raw	NT=ms-proteomics;VV=v1.1.0	NT=crosslinking;VV=v1.0.0	NT=human;VV=v1.1.0
PXD015435_2019_01_09_36_3Prot_rep3_FoAl_2_per	Homo sapiens	whole cell lysate	adenocarcinoma cell line	118	PXD015435_2019_01_09_36_3Prot_rep3_FoAl_2_per_assay	proteomic profiling by mass spectrometry	data-dependent acquisition	NT=label free sample;AC=MS:1002038	1	3	not available	NT=Trypsin;AC=MS:1001251	NT=Carbamidomethyl;AC=UNIMOD:4;TA=C;MT=Fixed	NT=Oxidation;AC=UNIMOD:21;TA=M;MT=Variable	not available	not available	NT=['formalin (37% FA and 10% methanol)', 'FA'];AC=[None, None];TA=['K,nterm', 'K,nterm']	strong cation exchange chromatography (SCX) chromatography	37% FA (formalin solution); 1, 2, 3, 4.5, or 6% FA; 2% FA (peptide digest)	not available	20 min	room temperature	2019_01_09_36_3Prot_rep3_FoAl_2_per.raw	NT=ms-proteomics;VV=v1.1.0	NT=crosslinking;VV=v1.0.0	NT=human;VV=v1.1.0
PXD015435_2019_01_11_46_3Prot_rep3_No_XL	NT=Homo sapiens;AC=NCBITaxon:9606	whole cell lysate	adenocarcinoma cell line	119	PXD015435_2019_01_11_46_3Prot_rep3_No_XL_assay	proteomic profiling by mass spectrometry	data-dependent acquisition	NT=label free sample;AC=MS:1002038	1	3	not available	NT=Trypsin;AC=MS:1001251	NT=Carbamidomethyl;AC=UNIMOD:4;TA=C;MT=Fixed	NT=Oxidation;AC=UNIMOD:21;TA=M;MT=Variable	not available	not available	NT=['formalin (37% FA and 10% methanol)', 'FA'];AC=[None, None];TA=['K,nterm', 'K,nterm']	strong cation exchange chromatography (SCX) chromatography	37% FA (formalin solution); 1, 2, 3, 4.5, or 6% FA; 2% FA (peptide digest)	not available	20 min	room temperature	2019_01_11_46_3Prot_rep3_No_XL.raw	NT=ms-proteomics;VV=v1.1.0	NT=crosslinking;VV=v1.0.0	NT=human;VV=v1.1.0
PXD015435_2018_06_15_04_PC9_InVivo_2per_FoAl_SEC_A5	Homo sapiens	whole cell lysate	adenocarcinoma cell line	120	PXD015435_2018_06_15_04_PC9_InVivo_2per_FoAl_SEC_A5_assay	proteomic profiling by mass spectrometry	data-dependent acquisition	NT=label free sample;AC=MS:1002038	1	1	not available	NT=Trypsin;AC=MS:1001251	NT=Carbamidomethyl;AC=UNIMOD:4;TA=C;MT=Fixed	NT=Oxidation;AC=UNIMOD:21;TA=M;MT=Variable	not available	not available	NT=['formalin (37% FA and 10% methanol)', 'FA'];AC=[None, None];TA=['K,nterm', 'K,nterm']	strong cation exchange chromatography (SCX) chromatography	37% FA (formalin solution); 1, 2, 3, 4.5, or 6% FA; 2% FA (peptide digest)	not available	20 min	room temperature	2018_06_15_04_PC9_InVivo_2per_FoAl_SEC_A5.raw	NT=ms-proteomics;VV=v1.1.0	NT=crosslinking;VV=v1.0.0	NT=human;VV=v1.1.0
PXD015435_2018_12_10_30_3Prot_rep1_FoAl_0p8_per_non_Sigma_Brand_P2	Homo sapiens	whole cell lysate	adenocarcinoma cell line	121	PXD015435_2018_12_10_30_3Prot_rep1_FoAl_0p8_per_non_Sigma_Brand_P2_assay	proteomic profiling by mass spectrometry	data-dependent acquisition	NT=label free sample;AC=MS:1002038	1	1	not available	NT=Trypsin;AC=MS:1001251	NT=Carbamidomethyl;AC=UNIMOD:4;TA=C;MT=Fixed	NT=Oxidation;AC=UNIMOD:21;TA=M;MT=Variable	not available	not available	NT=['formalin (37% FA and 10% methanol)', 'FA'];AC=[None, None];TA=['K,nterm', 'K,nterm']	strong cation exchange chromatography (SCX) chromatography	37% FA (formalin solution); 1, 2, 3, 4.5, or 6% FA; 2% FA (peptide digest)	not available	20 min	room temperature	2018_12_10_30_3Prot_rep1_FoAl_0p8_per_non_Sigma_Brand_P2.raw	NT=ms-proteomics;VV=v1.1.0	NT=crosslinking;VV=v1.0.0	NT=human;VV=v1.1.0
PXD015435_2018_12_22_36_3Prot_rep2_FoAl_8_per	Homo sapiens	whole cell lysate	adenocarcinoma cell line	122	PXD015435_2018_12_22_36_3Prot_rep2_FoAl_8_per_assay	proteomic profiling by mass spectrometry	data-dependent acquisition	NT=label free sample;AC=MS:1002038	1	2	not available	NT=Trypsin;AC=MS:1001251	NT=Carbamidomethyl;AC=UNIMOD:4;TA=C;MT=Fixed	NT=Oxidation;AC=UNIMOD:21;TA=M;MT=Variable	not available	not available	NT=['formalin (37% FA and 10% methanol)', 'FA'];AC=[None, None];TA=['K,nterm', 'K,nterm']	strong cation exchange chromatography (SCX) chromatography	37% FA (formalin solution); 1, 2, 3, 4.5, or 6% FA; 2% FA (peptide digest)	not available	20 min	room temperature	2018_12_22_36_3Prot_rep2_FoAl_8_per.raw	NT=ms-proteomics;VV=v1.1.0	NT=crosslinking;VV=v1.0.0	NT=human;VV=v1.1.0
PXD015435_2019_01_07_06_3Prot_rep3_DSS_10mM_P2	Homo sapiens	whole cell lysate	adenocarcinoma cell line	123	PXD015435_2019_01_07_06_3Prot_rep3_DSS_10mM_P2_assay	proteomic profiling by mass spectrometry	data-dependent acquisition	NT=label free sample;AC=MS:1002038	1	3	not available	NT=Trypsin;AC=MS:1001251	NT=Carbamidomethyl;AC=UNIMOD:4;TA=C;MT=Fixed	NT=Oxidation;AC=UNIMOD:21;TA=M;MT=Variable	not available	not available	NT=['formalin (37% FA and 10% methanol)', 'FA'];AC=[None, None];TA=['K,nterm', 'K,nterm']	strong cation exchange chromatography (SCX) chromatography	37% FA (formalin solution); 1, 2, 3, 4.5, or 6% FA; 2% FA (peptide digest)	not available	20 min	room temperature	2019_01_07_06_3Prot_rep3_DSS_10mM_P2.raw	NT=ms-proteomics;VV=v1.1.0	NT=crosslinking;VV=v1.0.0	NT=human;VV=v1.1.0
PXD015435_2018_12_08_15_3Prot_rep1_FoAl_0p1_per	Homo sapiens	whole cell lysate	adenocarcinoma cell line	124	PXD015435_2018_12_08_15_3Prot_rep1_FoAl_0p1_per_assay	proteomic profiling by mass spectrometry	data-dependent acquisition	NT=label free sample;AC=MS:1002038	1	1	not available	NT=Trypsin;AC=MS:1001251	NT=Carbamidomethyl;AC=UNIMOD:4;TA=C;MT=Fixed	NT=Oxidation;AC=UNIMOD:21;TA=M;MT=Variable	not available	not available	NT=['formalin (37% FA and 10% methanol)', 'FA'];AC=[None, None];TA=['K,nterm', 'K,nterm']	strong cation exchange chromatography (SCX) chromatography	37% FA (formalin solution); 1, 2, 3, 4.5, or 6% FA; 2% FA (peptide digest)	not available	20 min	room temperature	2018_12_08_15_3Prot_rep1_FoAl_0p1_per.raw	NT=ms-proteomics;VV=v1.1.0	NT=crosslinking;VV=v1.0.0	NT=human;VV=v1.1.0
PXD015435_2019_06_03_01_ReDoing_PC9_6per_FoAl_from_05_2018_SCX_B7	Homo sapiens	whole cell lysate	adenocarcinoma cell line	125	PXD015435_2019_06_03_01_ReDoing_PC9_6per_FoAl_from_05_2018_SCX_B7_assay	proteomic profiling by mass spectrometry	data-dependent acquisition	NT=label free sample;AC=MS:1002038	1	1	not available	NT=Trypsin;AC=MS:1001251	NT=Carbamidomethyl;AC=UNIMOD:4;TA=C;MT=Fixed	NT=Oxidation;AC=UNIMOD:21;TA=M;MT=Variable	not available	not available	NT=['formalin (37% FA and 10% methanol)', 'FA'];AC=[None, None];TA=['K,nterm', 'K,nterm']	strong cation exchange chromatography (SCX) chromatography	37% FA (formalin solution); 1, 2, 3, 4.5, or 6% FA; 2% FA (peptide digest)	not available	20 min	room temperature	2019_06_03_01_ReDoing_PC9_6per_FoAl_from_05_2018_SCX_B7.raw	NT=ms-proteomics;VV=v1.1.0	NT=crosslinking;VV=v1.0.0	NT=human;VV=v1.1.0
PXD015435_2019_01_11_47_3Prot_rep3_FoAl_non_Sigma_Brand_0p8_per_P2	Homo sapiens	whole cell lysate	adenocarcinoma cell line	126	PXD015435_2019_01_11_47_3Prot_rep3_FoAl_non_Sigma_Brand_0p8_per_P2_assay	proteomic profiling by mass spectrometry	data-dependent acquisition	NT=label free sample;AC=MS:1002038	1	3	not available	NT=Trypsin;AC=MS:1001251	NT=Carbamidomethyl;AC=UNIMOD:4;TA=C;MT=Fixed	NT=Oxidation;AC=UNIMOD:21;TA=M;MT=Variable	not available	not available	NT=['formalin (37% FA and 10% methanol)', 'FA'];AC=[None, None];TA=['K,nterm', 'K,nterm']	strong cation exchange chromatography (SCX) chromatography	37% FA (formalin solution); 1, 2, 3, 4.5, or 6% FA; 2% FA (peptide digest)	not available	20 min	room temperature	2019_01_11_47_3Prot_rep3_FoAl_non_Sigma_Brand_0p8_per_P2.raw	NT=ms-proteomics;VV=v1.1.0	NT=crosslinking;VV=v1.0.0	NT=human;VV=v1.1.0
PXD015435_2019_05_26_20_ReDoing_PC9_1per_FoAl_from_05_2018_SCX_B2	Homo sapiens	whole cell lysate	adenocarcinoma cell line	127	PXD015435_2019_05_26_20_ReDoing_PC9_1per_FoAl_from_05_2018_SCX_B2_assay	proteomic profiling by mass spectrometry	data-dependent acquisition	NT=label free sample;AC=MS:1002038	1	1	not available	NT=Trypsin;AC=MS:1001251	NT=Carbamidomethyl;AC=UNIMOD:4;TA=C;MT=Fixed	NT=Oxidation;AC=UNIMOD:21;TA=M;MT=Variable	not available	not available	NT=['formalin (37% FA and 10% methanol)', 'FA'];AC=[None, None];TA=['K,nterm', 'K,nterm']	strong cation exchange chromatography (SCX) chromatography	37% FA (formalin solution); 1, 2, 3, 4.5, or 6% FA; 2% FA (peptide digest)	not available	20 min	room temperature	2019_05_26_20_ReDoing_PC9_1per_FoAl_from_05_2018_SCX_B2.raw	NT=ms-proteomics;VV=v1.1.0	NT=crosslinking;VV=v1.0.0	NT=human;VV=v1.1.0
PXD015435_2019_01_11_52_3Prot_rep3_No_XL	NT=Homo sapiens;AC=NCBITaxon:9606	whole cell lysate	adenocarcinoma cell line	128	PXD015435_2019_01_11_52_3Prot_rep3_No_XL_assay	proteomic profiling by mass spectrometry	data-dependent acquisition	NT=label free sample;AC=MS:1002038	1	3	not available	NT=Trypsin;AC=MS:1001251	NT=Carbamidomethyl;AC=UNIMOD:4;TA=C;MT=Fixed	NT=Oxidation;AC=UNIMOD:21;TA=M;MT=Variable	not available	not available	NT=['formalin (37% FA and 10% methanol)', 'FA'];AC=[None, None];TA=['K,nterm', 'K,nterm']	strong cation exchange chromatography (SCX) chromatography	37% FA (formalin solution); 1, 2, 3, 4.5, or 6% FA; 2% FA (peptide digest)	not available	20 min	room temperature	2019_01_11_52_3Prot_rep3_No_XL.raw	NT=ms-proteomics;VV=v1.1.0	NT=crosslinking;VV=v1.0.0	NT=human;VV=v1.1.0
PXD015435_2019_05_26_18_ReDoing_PC9_1per_FoAl_from_05_2018_SCX_B4	Homo sapiens	whole cell lysate	adenocarcinoma cell line	129	PXD015435_2019_05_26_18_ReDoing_PC9_1per_FoAl_from_05_2018_SCX_B4_assay	proteomic profiling by mass spectrometry	data-dependent acquisition	NT=label free sample;AC=MS:1002038	1	1	not available	NT=Trypsin;AC=MS:1001251	NT=Carbamidomethyl;AC=UNIMOD:4;TA=C;MT=Fixed	NT=Oxidation;AC=UNIMOD:21;TA=M;MT=Variable	not available	not available	NT=['formalin (37% FA and 10% methanol)', 'FA'];AC=[None, None];TA=['K,nterm', 'K,nterm']	strong cation exchange chromatography (SCX) chromatography	37% FA (formalin solution); 1, 2, 3, 4.5, or 6% FA; 2% FA (peptide digest)	not available	20 min	room temperature	2019_05_26_18_ReDoing_PC9_1per_FoAl_from_05_2018_SCX_B4.raw	NT=ms-proteomics;VV=v1.1.0	NT=crosslinking;VV=v1.0.0	NT=human;VV=v1.1.0
PXD015435_2018_12_11_35_3Prot_rep1_FoAl_0p8_per_non_Sigma_Brand	Homo sapiens	whole cell lysate	adenocarcinoma cell line	130	PXD015435_2018_12_11_35_3Prot_rep1_FoAl_0p8_per_non_Sigma_Brand_assay	proteomic profiling by mass spectrometry	data-dependent acquisition	NT=label free sample;AC=MS:1002038	1	1	not available	NT=Trypsin;AC=MS:1001251	NT=Carbamidomethyl;AC=UNIMOD:4;TA=C;MT=Fixed	NT=Oxidation;AC=UNIMOD:21;TA=M;MT=Variable	not available	not available	NT=['formalin (37% FA and 10% methanol)', 'FA'];AC=[None, None];TA=['K,nterm', 'K,nterm']	strong cation exchange chromatography (SCX) chromatography	37% FA (formalin solution); 1, 2, 3, 4.5, or 6% FA; 2% FA (peptide digest)	not available	20 min	room temperature	2018_12_11_35_3Prot_rep1_FoAl_0p8_per_non_Sigma_Brand.raw	NT=ms-proteomics;VV=v1.1.0	NT=crosslinking;VV=v1.0.0	NT=human;VV=v1.1.0
PXD015435_2019_05_13_01_PC9_1per_FoAl_from_05_2018	Homo sapiens	whole cell lysate	adenocarcinoma cell line	131	PXD015435_2019_05_13_01_PC9_1per_FoAl_from_05_2018_assay	proteomic profiling by mass spectrometry	data-dependent acquisition	NT=label free sample;AC=MS:1002038	1	1	not available	NT=Trypsin;AC=MS:1001251	NT=Carbamidomethyl;AC=UNIMOD:4;TA=C;MT=Fixed	NT=Oxidation;AC=UNIMOD:21;TA=M;MT=Variable	not available	not available	NT=['formalin (37% FA and 10% methanol)', 'FA'];AC=[None, None];TA=['K,nterm', 'K,nterm']	strong cation exchange chromatography (SCX) chromatography	37% FA (formalin solution); 1, 2, 3, 4.5, or 6% FA; 2% FA (peptide digest)	not available	20 min	room temperature	2019_05_13_01_PC9_1per_FoAl_from_05_2018.raw	NT=ms-proteomics;VV=v1.1.0	NT=crosslinking;VV=v1.0.0	NT=human;VV=v1.1.0
PXD015435_2018_12_06_05_3Prot_rep1_FoAl_1p3_per	Homo sapiens	whole cell lysate	adenocarcinoma cell line	132	PXD015435_2018_12_06_05_3Prot_rep1_FoAl_1p3_per_assay	proteomic profiling by mass spectrometry	data-dependent acquisition	NT=label free sample;AC=MS:1002038	1	1	not available	NT=Trypsin;AC=MS:1001251	NT=Carbamidomethyl;AC=UNIMOD:4;TA=C;MT=Fixed	NT=Oxidation;AC=UNIMOD:21;TA=M;MT=Variable	not available	not available	NT=['formalin (37% FA and 10% methanol)', 'FA'];AC=[None, None];TA=['K,nterm', 'K,nterm']	strong cation exchange chromatography (SCX) chromatography	37% FA (formalin solution); 1, 2, 3, 4.5, or 6% FA; 2% FA (peptide digest)	not available	20 min	room temperature	2018_12_06_05_3Prot_rep1_FoAl_1p3_per.raw	NT=ms-proteomics;VV=v1.1.0	NT=crosslinking;VV=v1.0.0	NT=human;VV=v1.1.0
PXD015435_2018_12_19_05_3Prot_rep2_FoAl_0p2_per_P2	Homo sapiens	whole cell lysate	adenocarcinoma cell line	133	PXD015435_2018_12_19_05_3Prot_rep2_FoAl_0p2_per_P2_assay	proteomic profiling by mass spectrometry	data-dependent acquisition	NT=label free sample;AC=MS:1002038	1	2	not available	NT=Trypsin;AC=MS:1001251	NT=Carbamidomethyl;AC=UNIMOD:4;TA=C;MT=Fixed	NT=Oxidation;AC=UNIMOD:21;TA=M;MT=Variable	not available	not available	NT=['formalin (37% FA and 10% methanol)', 'FA'];AC=[None, None];TA=['K,nterm', 'K,nterm']	strong cation exchange chromatography (SCX) chromatography	37% FA (formalin solution); 1, 2, 3, 4.5, or 6% FA; 2% FA (peptide digest)	not available	20 min	room temperature	2018_12_19_05_3Prot_rep2_FoAl_0p2_per_P2.raw	NT=ms-proteomics;VV=v1.1.0	NT=crosslinking;VV=v1.0.0	NT=human;VV=v1.1.0
PXD015435_2018_12_19_01_3Prot_rep2_FoAl_0p1_per	Homo sapiens	whole cell lysate	adenocarcinoma cell line	134	PXD015435_2018_12_19_01_3Prot_rep2_FoAl_0p1_per_assay	proteomic profiling by mass spectrometry	data-dependent acquisition	NT=label free sample;AC=MS:1002038	1	2	not available	NT=Trypsin;AC=MS:1001251	NT=Carbamidomethyl;AC=UNIMOD:4;TA=C;MT=Fixed	NT=Oxidation;AC=UNIMOD:21;TA=M;MT=Variable	not available	not available	NT=['formalin (37% FA and 10% methanol)', 'FA'];AC=[None, None];TA=['K,nterm', 'K,nterm']	strong cation exchange chromatography (SCX) chromatography	37% FA (formalin solution); 1, 2, 3, 4.5, or 6% FA; 2% FA (peptide digest)	not available	20 min	room temperature	2018_12_19_01_3Prot_rep2_FoAl_0p1_per.raw	NT=ms-proteomics;VV=v1.1.0	NT=crosslinking;VV=v1.0.0	NT=human;VV=v1.1.0
PXD015435_2018_12_08_18_3Prot_rep1_FoAl_0p8_per	Homo sapiens	whole cell lysate	adenocarcinoma cell line	135	PXD015435_2018_12_08_18_3Prot_rep1_FoAl_0p8_per_assay	proteomic profiling by mass spectrometry	data-dependent acquisition	NT=label free sample;AC=MS:1002038	1	1	not available	NT=Trypsin;AC=MS:1001251	NT=Carbamidomethyl;AC=UNIMOD:4;TA=C;MT=Fixed	NT=Oxidation;AC=UNIMOD:21;TA=M;MT=Variable	not available	not available	NT=['formalin (37% FA and 10% methanol)', 'FA'];AC=[None, None];TA=['K,nterm', 'K,nterm']	strong cation exchange chromatography (SCX) chromatography	37% FA (formalin solution); 1, 2, 3, 4.5, or 6% FA; 2% FA (peptide digest)	not available	20 min	room temperature	2018_12_08_18_3Prot_rep1_FoAl_0p8_per.raw	NT=ms-proteomics;VV=v1.1.0	NT=crosslinking;VV=v1.0.0	NT=human;VV=v1.1.0
PXD015435_2019_01_11_50_3Prot_rep3_FoAl_new_brand_0p8_per	Homo sapiens	whole cell lysate	adenocarcinoma cell line	136	PXD015435_2019_01_11_50_3Prot_rep3_FoAl_new_brand_0p8_per_assay	proteomic profiling by mass spectrometry	data-dependent acquisition	NT=label free sample;AC=MS:1002038	1	3	not available	NT=Trypsin;AC=MS:1001251	NT=Carbamidomethyl;AC=UNIMOD:4;TA=C;MT=Fixed	NT=Oxidation;AC=UNIMOD:21;TA=M;MT=Variable	not available	not available	NT=['formalin (37% FA and 10% methanol)', 'FA'];AC=[None, None];TA=['K,nterm', 'K,nterm']	strong cation exchange chromatography (SCX) chromatography	37% FA (formalin solution); 1, 2, 3, 4.5, or 6% FA; 2% FA (peptide digest)	not available	20 min	room temperature	2019_01_11_50_3Prot_rep3_FoAl_new_brand_0p8_per.raw	NT=ms-proteomics;VV=v1.1.0	NT=crosslinking;VV=v1.0.0	NT=human;VV=v1.1.0
PXD015435_2018_12_10_28_3Prot_rep1_DSS_3mM_P2	Homo sapiens	whole cell lysate	adenocarcinoma cell line	137	PXD015435_2018_12_10_28_3Prot_rep1_DSS_3mM_P2_assay	proteomic profiling by mass spectrometry	data-dependent acquisition	NT=label free sample;AC=MS:1002038	1	1	not available	NT=Trypsin;AC=MS:1001251	NT=Carbamidomethyl;AC=UNIMOD:4;TA=C;MT=Fixed	NT=Oxidation;AC=UNIMOD:21;TA=M;MT=Variable	not available	not available	NT=['formalin (37% FA and 10% methanol)', 'FA'];AC=[None, None];TA=['K,nterm', 'K,nterm']	strong cation exchange chromatography (SCX) chromatography	37% FA (formalin solution); 1, 2, 3, 4.5, or 6% FA; 2% FA (peptide digest)	not available	20 min	room temperature	2018_12_10_28_3Prot_rep1_DSS_3mM_P2.raw	NT=ms-proteomics;VV=v1.1.0	NT=crosslinking;VV=v1.0.0	NT=human;VV=v1.1.0
PXD015435_2019_01_11_48_3Prot_rep3_FoAl_non_Sigma_Brand_1p3_per_P2	Homo sapiens	whole cell lysate	adenocarcinoma cell line	138	PXD015435_2019_01_11_48_3Prot_rep3_FoAl_non_Sigma_Brand_1p3_per_P2_assay	proteomic profiling by mass spectrometry	data-dependent acquisition	NT=label free sample;AC=MS:1002038	1	3	not available	NT=Trypsin;AC=MS:1001251	NT=Carbamidomethyl;AC=UNIMOD:4;TA=C;MT=Fixed	NT=Oxidation;AC=UNIMOD:21;TA=M;MT=Variable	not available	not available	NT=['formalin (37% FA and 10% methanol)', 'FA'];AC=[None, None];TA=['K,nterm', 'K,nterm']	strong cation exchange chromatography (SCX) chromatography	37% FA (formalin solution); 1, 2, 3, 4.5, or 6% FA; 2% FA (peptide digest)	not available	20 min	room temperature	2019_01_11_48_3Prot_rep3_FoAl_non_Sigma_Brand_1p3_per_P2.raw	NT=ms-proteomics;VV=v1.1.0	NT=crosslinking;VV=v1.0.0	NT=human;VV=v1.1.0
PXD015435_2018_12_21_30_3Prot_rep2_DSS_3mM_P2	Homo sapiens	whole cell lysate	adenocarcinoma cell line	139	PXD015435_2018_12_21_30_3Prot_rep2_DSS_3mM_P2_assay	proteomic profiling by mass spectrometry	data-dependent acquisition	NT=label free sample;AC=MS:1002038	1	2	not available	NT=Trypsin;AC=MS:1001251	NT=Carbamidomethyl;AC=UNIMOD:4;TA=C;MT=Fixed	NT=Oxidation;AC=UNIMOD:21;TA=M;MT=Variable	not available	not available	NT=['formalin (37% FA and 10% methanol)', 'FA'];AC=[None, None];TA=['K,nterm', 'K,nterm']	strong cation exchange chromatography (SCX) chromatography	37% FA (formalin solution); 1, 2, 3, 4.5, or 6% FA; 2% FA (peptide digest)	not available	20 min	room temperature	2018_12_21_30_3Prot_rep2_DSS_3mM_P2.raw	NT=ms-proteomics;VV=v1.1.0	NT=crosslinking;VV=v1.0.0	NT=human;VV=v1.1.0
PXD015435_2018_12_10_27_3Prot_rep1_DSS_1mM_P2	Homo sapiens	whole cell lysate	adenocarcinoma cell line	140	PXD015435_2018_12_10_27_3Prot_rep1_DSS_1mM_P2_assay	proteomic profiling by mass spectrometry	data-dependent acquisition	NT=label free sample;AC=MS:1002038	1	1	not available	NT=Trypsin;AC=MS:1001251	NT=Carbamidomethyl;AC=UNIMOD:4;TA=C;MT=Fixed	NT=Oxidation;AC=UNIMOD:21;TA=M;MT=Variable	not available	not available	NT=['formalin (37% FA and 10% methanol)', 'FA'];AC=[None, None];TA=['K,nterm', 'K,nterm']	strong cation exchange chromatography (SCX) chromatography	37% FA (formalin solution); 1, 2, 3, 4.5, or 6% FA; 2% FA (peptide digest)	not available	20 min	room temperature	2018_12_10_27_3Prot_rep1_DSS_1mM_P2.raw	NT=ms-proteomics;VV=v1.1.0	NT=crosslinking;VV=v1.0.0	NT=human;VV=v1.1.0
PXD015435_2019_05_30_03_ReDoing_PC9_4p5per_FoAl_from_05_2018_SCX_B8	Homo sapiens	whole cell lysate	adenocarcinoma cell line	141	PXD015435_2019_05_30_03_ReDoing_PC9_4p5per_FoAl_from_05_2018_SCX_B8_assay	proteomic profiling by mass spectrometry	data-dependent acquisition	NT=label free sample;AC=MS:1002038	1	1	not available	NT=Trypsin;AC=MS:1001251	NT=Carbamidomethyl;AC=UNIMOD:4;TA=C;MT=Fixed	NT=Oxidation;AC=UNIMOD:21;TA=M;MT=Variable	not available	not available	NT=['formalin (37% FA and 10% methanol)', 'FA'];AC=[None, None];TA=['K,nterm', 'K,nterm']	strong cation exchange chromatography (SCX) chromatography	37% FA (formalin solution); 1, 2, 3, 4.5, or 6% FA; 2% FA (peptide digest)	not available	20 min	room temperature	2019_05_30_03_ReDoing_PC9_4p5per_FoAl_from_05_2018_SCX_B8.raw	NT=ms-proteomics;VV=v1.1.0	NT=crosslinking;VV=v1.0.0	NT=human;VV=v1.1.0
PXD015435_2019_05_29_01_ReDoing_PC9_4p5per_FoAl_from_05_2018_SCX_C2	Homo sapiens	whole cell lysate	adenocarcinoma cell line	142	PXD015435_2019_05_29_01_ReDoing_PC9_4p5per_FoAl_from_05_2018_SCX_C2_assay	proteomic profiling by mass spectrometry	data-dependent acquisition	NT=label free sample;AC=MS:1002038	1	1	not available	NT=Trypsin;AC=MS:1001251	NT=Carbamidomethyl;AC=UNIMOD:4;TA=C;MT=Fixed	NT=Oxidation;AC=UNIMOD:21;TA=M;MT=Variable	not available	not available	NT=['formalin (37% FA and 10% methanol)', 'FA'];AC=[None, None];TA=['K,nterm', 'K,nterm']	strong cation exchange chromatography (SCX) chromatography	37% FA (formalin solution); 1, 2, 3, 4.5, or 6% FA; 2% FA (peptide digest)	not available	20 min	room temperature	2019_05_29_01_ReDoing_PC9_4p5per_FoAl_from_05_2018_SCX_C2.raw	NT=ms-proteomics;VV=v1.1.0	NT=crosslinking;VV=v1.0.0	NT=human;VV=v1.1.0
PXD015435_2019_05_14_05_PC9_3per_FoAl_from_05_2018	Homo sapiens	whole cell lysate	adenocarcinoma cell line	143	PXD015435_2019_05_14_05_PC9_3per_FoAl_from_05_2018_assay	proteomic profiling by mass spectrometry	data-dependent acquisition	NT=label free sample;AC=MS:1002038	1	1	not available	NT=Trypsin;AC=MS:1001251	NT=Carbamidomethyl;AC=UNIMOD:4;TA=C;MT=Fixed	NT=Oxidation;AC=UNIMOD:21;TA=M;MT=Variable	not available	not available	NT=['formalin (37% FA and 10% methanol)', 'FA'];AC=[None, None];TA=['K,nterm', 'K,nterm']	strong cation exchange chromatography (SCX) chromatography	37% FA (formalin solution); 1, 2, 3, 4.5, or 6% FA; 2% FA (peptide digest)	not available	20 min	room temperature	2019_05_14_05_PC9_3per_FoAl_from_05_2018.raw	NT=ms-proteomics;VV=v1.1.0	NT=crosslinking;VV=v1.0.0	NT=human;VV=v1.1.0
PXD015435_2018_12_20_13_3Prot_rep2_FoAl_4_per	Homo sapiens	whole cell lysate	adenocarcinoma cell line	144	PXD015435_2018_12_20_13_3Prot_rep2_FoAl_4_per_assay	proteomic profiling by mass spectrometry	data-dependent acquisition	NT=label free sample;AC=MS:1002038	1	2	not available	NT=Trypsin;AC=MS:1001251	NT=Carbamidomethyl;AC=UNIMOD:4;TA=C;MT=Fixed	NT=Oxidation;AC=UNIMOD:21;TA=M;MT=Variable	not available	not available	NT=['formalin (37% FA and 10% methanol)', 'FA'];AC=[None, None];TA=['K,nterm', 'K,nterm']	strong cation exchange chromatography (SCX) chromatography	37% FA (formalin solution); 1, 2, 3, 4.5, or 6% FA; 2% FA (peptide digest)	not available	20 min	room temperature	2018_12_20_13_3Prot_rep2_FoAl_4_per.raw	NT=ms-proteomics;VV=v1.1.0	NT=crosslinking;VV=v1.0.0	NT=human;VV=v1.1.0
PXD015435_2019_01_07_01_3Prot_rep3_DSS_1mM	Homo sapiens	whole cell lysate	adenocarcinoma cell line	145	PXD015435_2019_01_07_01_3Prot_rep3_DSS_1mM_assay	proteomic profiling by mass spectrometry	data-dependent acquisition	NT=label free sample;AC=MS:1002038	1	3	not available	NT=Trypsin;AC=MS:1001251	NT=Carbamidomethyl;AC=UNIMOD:4;TA=C;MT=Fixed	NT=Oxidation;AC=UNIMOD:21;TA=M;MT=Variable	not available	not available	NT=['formalin (37% FA and 10% methanol)', 'FA'];AC=[None, None];TA=['K,nterm', 'K,nterm']	strong cation exchange chromatography (SCX) chromatography	37% FA (formalin solution); 1, 2, 3, 4.5, or 6% FA; 2% FA (peptide digest)	not available	20 min	room temperature	2019_01_07_01_3Prot_rep3_DSS_1mM.raw	NT=ms-proteomics;VV=v1.1.0	NT=crosslinking;VV=v1.0.0	NT=human;VV=v1.1.0
PXD015435_2018_12_19_02_3Prot_rep2_FoAl_0p2_per	Homo sapiens	whole cell lysate	adenocarcinoma cell line	146	PXD015435_2018_12_19_02_3Prot_rep2_FoAl_0p2_per_assay	proteomic profiling by mass spectrometry	data-dependent acquisition	NT=label free sample;AC=MS:1002038	1	2	not available	NT=Trypsin;AC=MS:1001251	NT=Carbamidomethyl;AC=UNIMOD:4;TA=C;MT=Fixed	NT=Oxidation;AC=UNIMOD:21;TA=M;MT=Variable	not available	not available	NT=['formalin (37% FA and 10% methanol)', 'FA'];AC=[None, None];TA=['K,nterm', 'K,nterm']	strong cation exchange chromatography (SCX) chromatography	37% FA (formalin solution); 1, 2, 3, 4.5, or 6% FA; 2% FA (peptide digest)	not available	20 min	room temperature	2018_12_19_02_3Prot_rep2_FoAl_0p2_per.raw	NT=ms-proteomics;VV=v1.1.0	NT=crosslinking;VV=v1.0.0	NT=human;VV=v1.1.0
PXD015435_2019_01_09_27_3Prot_rep3_FoAl_1p3_per_P2	Homo sapiens	whole cell lysate	adenocarcinoma cell line	147	PXD015435_2019_01_09_27_3Prot_rep3_FoAl_1p3_per_P2_assay	proteomic profiling by mass spectrometry	data-dependent acquisition	NT=label free sample;AC=MS:1002038	1	3	not available	NT=Trypsin;AC=MS:1001251	NT=Carbamidomethyl;AC=UNIMOD:4;TA=C;MT=Fixed	NT=Oxidation;AC=UNIMOD:21;TA=M;MT=Variable	not available	not available	NT=['formalin (37% FA and 10% methanol)', 'FA'];AC=[None, None];TA=['K,nterm', 'K,nterm']	strong cation exchange chromatography (SCX) chromatography	37% FA (formalin solution); 1, 2, 3, 4.5, or 6% FA; 2% FA (peptide digest)	not available	20 min	room temperature	2019_01_09_27_3Prot_rep3_FoAl_1p3_per_P2.raw	NT=ms-proteomics;VV=v1.1.0	NT=crosslinking;VV=v1.0.0	NT=human;VV=v1.1.0
PXD015435_2019_01_07_09_3Prot_rep3_DSS_10mM	Homo sapiens	whole cell lysate	adenocarcinoma cell line	148	PXD015435_2019_01_07_09_3Prot_rep3_DSS_10mM_assay	proteomic profiling by mass spectrometry	data-dependent acquisition	NT=label free sample;AC=MS:1002038	1	3	not available	NT=Trypsin;AC=MS:1001251	NT=Carbamidomethyl;AC=UNIMOD:4;TA=C;MT=Fixed	NT=Oxidation;AC=UNIMOD:21;TA=M;MT=Variable	not available	not available	NT=['formalin (37% FA and 10% methanol)', 'FA'];AC=[None, None];TA=['K,nterm', 'K,nterm']	strong cation exchange chromatography (SCX) chromatography	37% FA (formalin solution); 1, 2, 3, 4.5, or 6% FA; 2% FA (peptide digest)	not available	20 min	room temperature	2019_01_07_09_3Prot_rep3_DSS_10mM.raw	NT=ms-proteomics;VV=v1.1.0	NT=crosslinking;VV=v1.0.0	NT=human;VV=v1.1.0
PXD015435_2019_01_11_51_3Prot_rep3_FoAl_new_brand_1p3_per	Homo sapiens	whole cell lysate	adenocarcinoma cell line	149	PXD015435_2019_01_11_51_3Prot_rep3_FoAl_new_brand_1p3_per_assay	proteomic profiling by mass spectrometry	data-dependent acquisition	NT=label free sample;AC=MS:1002038	1	3	not available	NT=Trypsin;AC=MS:1001251	NT=Carbamidomethyl;AC=UNIMOD:4;TA=C;MT=Fixed	NT=Oxidation;AC=UNIMOD:21;TA=M;MT=Variable	not available	not available	NT=['formalin (37% FA and 10% methanol)', 'FA'];AC=[None, None];TA=['K,nterm', 'K,nterm']	strong cation exchange chromatography (SCX) chromatography	37% FA (formalin solution); 1, 2, 3, 4.5, or 6% FA; 2% FA (peptide digest)	not available	20 min	room temperature	2019_01_11_51_3Prot_rep3_FoAl_new_brand_1p3_per.raw	NT=ms-proteomics;VV=v1.1.0	NT=crosslinking;VV=v1.0.0	NT=human;VV=v1.1.0
PXD015435_2019_05_29_05_ReDoing_PC9_4p5per_FoAl_from_05_2018_SCX_B6	Homo sapiens	whole cell lysate	adenocarcinoma cell line	150	PXD015435_2019_05_29_05_ReDoing_PC9_4p5per_FoAl_from_05_2018_SCX_B6_assay	proteomic profiling by mass spectrometry	data-dependent acquisition	NT=label free sample;AC=MS:1002038	1	1	not available	NT=Trypsin;AC=MS:1001251	NT=Carbamidomethyl;AC=UNIMOD:4;TA=C;MT=Fixed	NT=Oxidation;AC=UNIMOD:21;TA=M;MT=Variable	not available	not available	NT=['formalin (37% FA and 10% methanol)', 'FA'];AC=[None, None];TA=['K,nterm', 'K,nterm']	strong cation exchange chromatography (SCX) chromatography	37% FA (formalin solution); 1, 2, 3, 4.5, or 6% FA; 2% FA (peptide digest)	not available	20 min	room temperature	2019_05_29_05_ReDoing_PC9_4p5per_FoAl_from_05_2018_SCX_B6.raw	NT=ms-proteomics;VV=v1.1.0	NT=crosslinking;VV=v1.0.0	NT=human;VV=v1.1.0
PXD015435_2018_06_15_01_PC9_InVivo_2per_FoAl_SEC_A2	Homo sapiens	whole cell lysate	adenocarcinoma cell line	151	PXD015435_2018_06_15_01_PC9_InVivo_2per_FoAl_SEC_A2_assay	proteomic profiling by mass spectrometry	data-dependent acquisition	NT=label free sample;AC=MS:1002038	1	1	not available	NT=Trypsin;AC=MS:1001251	NT=Carbamidomethyl;AC=UNIMOD:4;TA=C;MT=Fixed	NT=Oxidation;AC=UNIMOD:21;TA=M;MT=Variable	not available	not available	NT=['formalin (37% FA and 10% methanol)', 'FA'];AC=[None, None];TA=['K,nterm', 'K,nterm']	strong cation exchange chromatography (SCX) chromatography	37% FA (formalin solution); 1, 2, 3, 4.5, or 6% FA; 2% FA (peptide digest)	not available	20 min	room temperature	2018_06_15_01_PC9_InVivo_2per_FoAl_SEC_A2.raw	NT=ms-proteomics;VV=v1.1.0	NT=crosslinking;VV=v1.0.0	NT=human;VV=v1.1.0
PXD015435_2018_12_22_37_3Prot_rep2_No_XL	NT=Homo sapiens;AC=NCBITaxon:9606	whole cell lysate	adenocarcinoma cell line	152	PXD015435_2018_12_22_37_3Prot_rep2_No_XL_assay	proteomic profiling by mass spectrometry	data-dependent acquisition	NT=label free sample;AC=MS:1002038	1	2	not available	NT=Trypsin;AC=MS:1001251	NT=Carbamidomethyl;AC=UNIMOD:4;TA=C;MT=Fixed	NT=Oxidation;AC=UNIMOD:21;TA=M;MT=Variable	not available	not available	NT=['formalin (37% FA and 10% methanol)', 'FA'];AC=[None, None];TA=['K,nterm', 'K,nterm']	strong cation exchange chromatography (SCX) chromatography	37% FA (formalin solution); 1, 2, 3, 4.5, or 6% FA; 2% FA (peptide digest)	not available	20 min	room temperature	2018_12_22_37_3Prot_rep2_No_XL.raw	NT=ms-proteomics;VV=v1.1.0	NT=crosslinking;VV=v1.0.0	NT=human;VV=v1.1.0
PXD015435_2019_06_02_02_ReDoing_PC9_6per_FoAl_from_05_2018_SCX_B8	Homo sapiens	whole cell lysate	adenocarcinoma cell line	153	PXD015435_2019_06_02_02_ReDoing_PC9_6per_FoAl_from_05_2018_SCX_B8_assay	proteomic profiling by mass spectrometry	data-dependent acquisition	NT=label free sample;AC=MS:1002038	1	1	not available	NT=Trypsin;AC=MS:1001251	NT=Carbamidomethyl;AC=UNIMOD:4;TA=C;MT=Fixed	NT=Oxidation;AC=UNIMOD:21;TA=M;MT=Variable	not available	not available	NT=['formalin (37% FA and 10% methanol)', 'FA'];AC=[None, None];TA=['K,nterm', 'K,nterm']	strong cation exchange chromatography (SCX) chromatography	37% FA (formalin solution); 1, 2, 3, 4.5, or 6% FA; 2% FA (peptide digest)	not available	20 min	room temperature	2019_06_02_02_ReDoing_PC9_6per_FoAl_from_05_2018_SCX_B8.raw	NT=ms-proteomics;VV=v1.1.0	NT=crosslinking;VV=v1.0.0	NT=human;VV=v1.1.0
PXD015435_2019_05_29_03_ReDoing_PC9_4p5per_FoAl_from_05_2018_SCX_B8	Homo sapiens	whole cell lysate	adenocarcinoma cell line	154	PXD015435_2019_05_29_03_ReDoing_PC9_4p5per_FoAl_from_05_2018_SCX_B8_assay	proteomic profiling by mass spectrometry	data-dependent acquisition	NT=label free sample;AC=MS:1002038	1	1	not available	NT=Trypsin;AC=MS:1001251	NT=Carbamidomethyl;AC=UNIMOD:4;TA=C;MT=Fixed	NT=Oxidation;AC=UNIMOD:21;TA=M;MT=Variable	not available	not available	NT=['formalin (37% FA and 10% methanol)', 'FA'];AC=[None, None];TA=['K,nterm', 'K,nterm']	strong cation exchange chromatography (SCX) chromatography	37% FA (formalin solution); 1, 2, 3, 4.5, or 6% FA; 2% FA (peptide digest)	not available	20 min	room temperature	2019_05_29_03_ReDoing_PC9_4p5per_FoAl_from_05_2018_SCX_B8.raw	NT=ms-proteomics;VV=v1.1.0	NT=crosslinking;VV=v1.0.0	NT=human;VV=v1.1.0
PXD015435_2019_05_30_04_ReDoing_PC9_4p5per_FoAl_from_05_2018_SCX_B7	Homo sapiens	whole cell lysate	adenocarcinoma cell line	155	PXD015435_2019_05_30_04_ReDoing_PC9_4p5per_FoAl_from_05_2018_SCX_B7_assay	proteomic profiling by mass spectrometry	data-dependent acquisition	NT=label free sample;AC=MS:1002038	1	1	not available	NT=Trypsin;AC=MS:1001251	NT=Carbamidomethyl;AC=UNIMOD:4;TA=C;MT=Fixed	NT=Oxidation;AC=UNIMOD:21;TA=M;MT=Variable	not available	not available	NT=['formalin (37% FA and 10% methanol)', 'FA'];AC=[None, None];TA=['K,nterm', 'K,nterm']	strong cation exchange chromatography (SCX) chromatography	37% FA (formalin solution); 1, 2, 3, 4.5, or 6% FA; 2% FA (peptide digest)	not available	20 min	room temperature	2019_05_30_04_ReDoing_PC9_4p5per_FoAl_from_05_2018_SCX_B7.raw	NT=ms-proteomics;VV=v1.1.0	NT=crosslinking;VV=v1.0.0	NT=human;VV=v1.1.0
PXD015435_2019_05_28_01_ReDoing_PC9_1per_FoAl_SCX_B7_more_matter	Homo sapiens	whole cell lysate	adenocarcinoma cell line	156	PXD015435_2019_05_28_01_ReDoing_PC9_1per_FoAl_SCX_B7_more_matter_assay	proteomic profiling by mass spectrometry	data-dependent acquisition	NT=label free sample;AC=MS:1002038	1	1	not available	NT=Trypsin;AC=MS:1001251	NT=Carbamidomethyl;AC=UNIMOD:4;TA=C;MT=Fixed	NT=Oxidation;AC=UNIMOD:21;TA=M;MT=Variable	not available	not available	NT=['formalin (37% FA and 10% methanol)', 'FA'];AC=[None, None];TA=['K,nterm', 'K,nterm']	strong cation exchange chromatography (SCX) chromatography	37% FA (formalin solution); 1, 2, 3, 4.5, or 6% FA; 2% FA (peptide digest)	not available	20 min	room temperature	2019_05_28_01_ReDoing_PC9_1per_FoAl_SCX_B7_more_matter.raw	NT=ms-proteomics;VV=v1.1.0	NT=crosslinking;VV=v1.0.0	NT=human;VV=v1.1.0
PXD015435_2019_06_02_04_ReDoing_PC9_6per_FoAl_from_05_2018_SCX_B6	Homo sapiens	whole cell lysate	adenocarcinoma cell line	157	PXD015435_2019_06_02_04_ReDoing_PC9_6per_FoAl_from_05_2018_SCX_B6_assay	proteomic profiling by mass spectrometry	data-dependent acquisition	NT=label free sample;AC=MS:1002038	1	1	not available	NT=Trypsin;AC=MS:1001251	NT=Carbamidomethyl;AC=UNIMOD:4;TA=C;MT=Fixed	NT=Oxidation;AC=UNIMOD:21;TA=M;MT=Variable	not available	not available	NT=['formalin (37% FA and 10% methanol)', 'FA'];AC=[None, None];TA=['K,nterm', 'K,nterm']	strong cation exchange chromatography (SCX) chromatography	37% FA (formalin solution); 1, 2, 3, 4.5, or 6% FA; 2% FA (peptide digest)	not available	20 min	room temperature	2019_06_02_04_ReDoing_PC9_6per_FoAl_from_05_2018_SCX_B6.raw	NT=ms-proteomics;VV=v1.1.0	NT=crosslinking;VV=v1.0.0	NT=human;VV=v1.1.0
PXD015435_2018_12_24_49_3Prot_rep2_DSS_3mM_NCE_22	Homo sapiens	whole cell lysate	adenocarcinoma cell line	158	PXD015435_2018_12_24_49_3Prot_rep2_DSS_3mM_NCE_22_assay	proteomic profiling by mass spectrometry	data-dependent acquisition	NT=label free sample;AC=MS:1002038	1	2	not available	NT=Trypsin;AC=MS:1001251	NT=Carbamidomethyl;AC=UNIMOD:4;TA=C;MT=Fixed	NT=Oxidation;AC=UNIMOD:21;TA=M;MT=Variable	not available	not available	NT=['formalin (37% FA and 10% methanol)', 'FA'];AC=[None, None];TA=['K,nterm', 'K,nterm']	strong cation exchange chromatography (SCX) chromatography	37% FA (formalin solution); 1, 2, 3, 4.5, or 6% FA; 2% FA (peptide digest)	not available	20 min	room temperature	2018_12_24_49_3Prot_rep2_DSS_3mM_NCE_22.raw	NT=ms-proteomics;VV=v1.1.0	NT=crosslinking;VV=v1.0.0	NT=human;VV=v1.1.0
PXD015435_2019_01_07_02_3Prot_rep3_DSS_3mM	Homo sapiens	whole cell lysate	adenocarcinoma cell line	159	PXD015435_2019_01_07_02_3Prot_rep3_DSS_3mM_assay	proteomic profiling by mass spectrometry	data-dependent acquisition	NT=label free sample;AC=MS:1002038	1	3	not available	NT=Trypsin;AC=MS:1001251	NT=Carbamidomethyl;AC=UNIMOD:4;TA=C;MT=Fixed	NT=Oxidation;AC=UNIMOD:21;TA=M;MT=Variable	not available	not available	NT=['formalin (37% FA and 10% methanol)', 'FA'];AC=[None, None];TA=['K,nterm', 'K,nterm']	strong cation exchange chromatography (SCX) chromatography	37% FA (formalin solution); 1, 2, 3, 4.5, or 6% FA; 2% FA (peptide digest)	not available	20 min	room temperature	2019_01_07_02_3Prot_rep3_DSS_3mM.raw	NT=ms-proteomics;VV=v1.1.0	NT=crosslinking;VV=v1.0.0	NT=human;VV=v1.1.0
PXD015435_2018_12_21_21_3Prot_rep2_FoAl_0p8_per_P2	Homo sapiens	whole cell lysate	adenocarcinoma cell line	160	PXD015435_2018_12_21_21_3Prot_rep2_FoAl_0p8_per_P2_assay	proteomic profiling by mass spectrometry	data-dependent acquisition	NT=label free sample;AC=MS:1002038	1	2	not available	NT=Trypsin;AC=MS:1001251	NT=Carbamidomethyl;AC=UNIMOD:4;TA=C;MT=Fixed	NT=Oxidation;AC=UNIMOD:21;TA=M;MT=Variable	not available	not available	NT=['formalin (37% FA and 10% methanol)', 'FA'];AC=[None, None];TA=['K,nterm', 'K,nterm']	strong cation exchange chromatography (SCX) chromatography	37% FA (formalin solution); 1, 2, 3, 4.5, or 6% FA; 2% FA (peptide digest)	not available	20 min	room temperature	2018_12_21_21_3Prot_rep2_FoAl_0p8_per_P2.raw	NT=ms-proteomics;VV=v1.1.0	NT=crosslinking;VV=v1.0.0	NT=human;VV=v1.1.0
PXD015435_2018_12_22_34_3Prot_rep2_FoAl_2_per	Homo sapiens	whole cell lysate	adenocarcinoma cell line	161	PXD015435_2018_12_22_34_3Prot_rep2_FoAl_2_per_assay	proteomic profiling by mass spectrometry	data-dependent acquisition	NT=label free sample;AC=MS:1002038	1	2	not available	NT=Trypsin;AC=MS:1001251	NT=Carbamidomethyl;AC=UNIMOD:4;TA=C;MT=Fixed	NT=Oxidation;AC=UNIMOD:21;TA=M;MT=Variable	not available	not available	NT=['formalin (37% FA and 10% methanol)', 'FA'];AC=[None, None];TA=['K,nterm', 'K,nterm']	strong cation exchange chromatography (SCX) chromatography	37% FA (formalin solution); 1, 2, 3, 4.5, or 6% FA; 2% FA (peptide digest)	not available	20 min	room temperature	2018_12_22_34_3Prot_rep2_FoAl_2_per.raw	NT=ms-proteomics;VV=v1.1.0	NT=crosslinking;VV=v1.0.0	NT=human;VV=v1.1.0
PXD015435_2019_01_11_44_3Prot_rep3_FoAl_non_Sigma_Brand_0p8_per	Homo sapiens	whole cell lysate	adenocarcinoma cell line	162	PXD015435_2019_01_11_44_3Prot_rep3_FoAl_non_Sigma_Brand_0p8_per_assay	proteomic profiling by mass spectrometry	data-dependent acquisition	NT=label free sample;AC=MS:1002038	1	3	not available	NT=Trypsin;AC=MS:1001251	NT=Carbamidomethyl;AC=UNIMOD:4;TA=C;MT=Fixed	NT=Oxidation;AC=UNIMOD:21;TA=M;MT=Variable	not available	not available	NT=['formalin (37% FA and 10% methanol)', 'FA'];AC=[None, None];TA=['K,nterm', 'K,nterm']	strong cation exchange chromatography (SCX) chromatography	37% FA (formalin solution); 1, 2, 3, 4.5, or 6% FA; 2% FA (peptide digest)	not available	20 min	room temperature	2019_01_11_44_3Prot_rep3_FoAl_non_Sigma_Brand_0p8_per.raw	NT=ms-proteomics;VV=v1.1.0	NT=crosslinking;VV=v1.0.0	NT=human;VV=v1.1.0
PXD015435_2019_01_11_45_3Prot_rep3_FoAl_non_Sigma_Brand_1p3_per	Homo sapiens	whole cell lysate	adenocarcinoma cell line	163	PXD015435_2019_01_11_45_3Prot_rep3_FoAl_non_Sigma_Brand_1p3_per_assay	proteomic profiling by mass spectrometry	data-dependent acquisition	NT=label free sample;AC=MS:1002038	1	3	not available	NT=Trypsin;AC=MS:1001251	NT=Carbamidomethyl;AC=UNIMOD:4;TA=C;MT=Fixed	NT=Oxidation;AC=UNIMOD:21;TA=M;MT=Variable	not available	not available	NT=['formalin (37% FA and 10% methanol)', 'FA'];AC=[None, None];TA=['K,nterm', 'K,nterm']	strong cation exchange chromatography (SCX) chromatography	37% FA (formalin solution); 1, 2, 3, 4.5, or 6% FA; 2% FA (peptide digest)	not available	20 min	room temperature	2019_01_11_45_3Prot_rep3_FoAl_non_Sigma_Brand_1p3_per.raw	NT=ms-proteomics;VV=v1.1.0	NT=crosslinking;VV=v1.0.0	NT=human;VV=v1.1.0
PXD015435_2018_12_21_28_3Prot_rep2_FoAl_1p3_non_sigma_brand_P2	Homo sapiens	whole cell lysate	adenocarcinoma cell line	164	PXD015435_2018_12_21_28_3Prot_rep2_FoAl_1p3_non_sigma_brand_P2_assay	proteomic profiling by mass spectrometry	data-dependent acquisition	NT=label free sample;AC=MS:1002038	1	2	not available	NT=Trypsin;AC=MS:1001251	NT=Carbamidomethyl;AC=UNIMOD:4;TA=C;MT=Fixed	NT=Oxidation;AC=UNIMOD:21;TA=M;MT=Variable	not available	not available	NT=['formalin (37% FA and 10% methanol)', 'FA'];AC=[None, None];TA=['K,nterm', 'K,nterm']	strong cation exchange chromatography (SCX) chromatography	37% FA (formalin solution); 1, 2, 3, 4.5, or 6% FA; 2% FA (peptide digest)	not available	20 min	room temperature	2018_12_21_28_3Prot_rep2_FoAl_1p3_non_sigma_brand_P2.raw	NT=ms-proteomics;VV=v1.1.0	NT=crosslinking;VV=v1.0.0	NT=human;VV=v1.1.0
PXD015435_2018_12_06_02_3Prot_rep1_FoAl_0p2_per	Homo sapiens	whole cell lysate	adenocarcinoma cell line	165	PXD015435_2018_12_06_02_3Prot_rep1_FoAl_0p2_per_assay	proteomic profiling by mass spectrometry	data-dependent acquisition	NT=label free sample;AC=MS:1002038	1	1	not available	NT=Trypsin;AC=MS:1001251	NT=Carbamidomethyl;AC=UNIMOD:4;TA=C;MT=Fixed	NT=Oxidation;AC=UNIMOD:21;TA=M;MT=Variable	not available	not available	NT=['formalin (37% FA and 10% methanol)', 'FA'];AC=[None, None];TA=['K,nterm', 'K,nterm']	strong cation exchange chromatography (SCX) chromatography	37% FA (formalin solution); 1, 2, 3, 4.5, or 6% FA; 2% FA (peptide digest)	not available	20 min	room temperature	2018_12_06_02_3Prot_rep1_FoAl_0p2_per.raw	NT=ms-proteomics;VV=v1.1.0	NT=crosslinking;VV=v1.0.0	NT=human;VV=v1.1.0
PXD015435_2018_12_24_47_3Prot_rep2_FoAl_4_per_NCE_34	Homo sapiens	whole cell lysate	adenocarcinoma cell line	166	PXD015435_2018_12_24_47_3Prot_rep2_FoAl_4_per_NCE_34_assay	proteomic profiling by mass spectrometry	data-dependent acquisition	NT=label free sample;AC=MS:1002038	1	2	not available	NT=Trypsin;AC=MS:1001251	NT=Carbamidomethyl;AC=UNIMOD:4;TA=C;MT=Fixed	NT=Oxidation;AC=UNIMOD:21;TA=M;MT=Variable	not available	not available	NT=['formalin (37% FA and 10% methanol)', 'FA'];AC=[None, None];TA=['K,nterm', 'K,nterm']	strong cation exchange chromatography (SCX) chromatography	37% FA (formalin solution); 1, 2, 3, 4.5, or 6% FA; 2% FA (peptide digest)	not available	20 min	room temperature	2018_12_24_47_3Prot_rep2_FoAl_4_per_NCE_34.raw	NT=ms-proteomics;VV=v1.1.0	NT=crosslinking;VV=v1.0.0	NT=human;VV=v1.1.0
PXD015435_2018_06_15_03_PC9_InVivo_2per_FoAl_SEC_A4	Homo sapiens	whole cell lysate	adenocarcinoma cell line	167	PXD015435_2018_06_15_03_PC9_InVivo_2per_FoAl_SEC_A4_assay	proteomic profiling by mass spectrometry	data-dependent acquisition	NT=label free sample;AC=MS:1002038	1	1	not available	NT=Trypsin;AC=MS:1001251	NT=Carbamidomethyl;AC=UNIMOD:4;TA=C;MT=Fixed	NT=Oxidation;AC=UNIMOD:21;TA=M;MT=Variable	not available	not available	NT=['formalin (37% FA and 10% methanol)', 'FA'];AC=[None, None];TA=['K,nterm', 'K,nterm']	strong cation exchange chromatography (SCX) chromatography	37% FA (formalin solution); 1, 2, 3, 4.5, or 6% FA; 2% FA (peptide digest)	not available	20 min	room temperature	2018_06_15_03_PC9_InVivo_2per_FoAl_SEC_A4.raw	NT=ms-proteomics;VV=v1.1.0	NT=crosslinking;VV=v1.0.0	NT=human;VV=v1.1.0
PXD015435_2018_06_15_08_PC9_InVivo_1per_FoAl	Homo sapiens	whole cell lysate	adenocarcinoma cell line	168	PXD015435_2018_06_15_08_PC9_InVivo_1per_FoAl_assay	proteomic profiling by mass spectrometry	data-dependent acquisition	NT=label free sample;AC=MS:1002038	1	1	not available	NT=Trypsin;AC=MS:1001251	NT=Carbamidomethyl;AC=UNIMOD:4;TA=C;MT=Fixed	NT=Oxidation;AC=UNIMOD:21;TA=M;MT=Variable	not available	not available	NT=['formalin (37% FA and 10% methanol)', 'FA'];AC=[None, None];TA=['K,nterm', 'K,nterm']	strong cation exchange chromatography (SCX) chromatography	37% FA (formalin solution); 1, 2, 3, 4.5, or 6% FA; 2% FA (peptide digest)	not available	20 min	room temperature	2018_06_15_08_PC9_InVivo_1per_FoAl.raw	NT=ms-proteomics;VV=v1.1.0	NT=crosslinking;VV=v1.0.0	NT=human;VV=v1.1.0
PXD015435_2018_12_11_33_3Prot_rep1_DSS_3mM	Homo sapiens	whole cell lysate	adenocarcinoma cell line	169	PXD015435_2018_12_11_33_3Prot_rep1_DSS_3mM_assay	proteomic profiling by mass spectrometry	data-dependent acquisition	NT=label free sample;AC=MS:1002038	1	1	not available	NT=Trypsin;AC=MS:1001251	NT=Carbamidomethyl;AC=UNIMOD:4;TA=C;MT=Fixed	NT=Oxidation;AC=UNIMOD:21;TA=M;MT=Variable	not available	not available	NT=['formalin (37% FA and 10% methanol)', 'FA'];AC=[None, None];TA=['K,nterm', 'K,nterm']	strong cation exchange chromatography (SCX) chromatography	37% FA (formalin solution); 1, 2, 3, 4.5, or 6% FA; 2% FA (peptide digest)	not available	20 min	room temperature	2018_12_11_33_3Prot_rep1_DSS_3mM.raw	NT=ms-proteomics;VV=v1.1.0	NT=crosslinking;VV=v1.0.0	NT=human;VV=v1.1.0
PXD015435_2019_01_09_29_3Prot_rep3_FoAl_4_per_P2	Homo sapiens	whole cell lysate	adenocarcinoma cell line	170	PXD015435_2019_01_09_29_3Prot_rep3_FoAl_4_per_P2_assay	proteomic profiling by mass spectrometry	data-dependent acquisition	NT=label free sample;AC=MS:1002038	1	3	not available	NT=Trypsin;AC=MS:1001251	NT=Carbamidomethyl;AC=UNIMOD:4;TA=C;MT=Fixed	NT=Oxidation;AC=UNIMOD:21;TA=M;MT=Variable	not available	not available	NT=['formalin (37% FA and 10% methanol)', 'FA'];AC=[None, None];TA=['K,nterm', 'K,nterm']	strong cation exchange chromatography (SCX) chromatography	37% FA (formalin solution); 1, 2, 3, 4.5, or 6% FA; 2% FA (peptide digest)	not available	20 min	room temperature	2019_01_09_29_3Prot_rep3_FoAl_4_per_P2.raw	NT=ms-proteomics;VV=v1.1.0	NT=crosslinking;VV=v1.0.0	NT=human;VV=v1.1.0
PXD015435_2019_05_25_05_2per_FA_24h_PEPTIDES	Homo sapiens	whole cell lysate	adenocarcinoma cell line	171	PXD015435_2019_05_25_05_2per_FA_24h_PEPTIDES_assay	proteomic profiling by mass spectrometry	data-dependent acquisition	NT=label free sample;AC=MS:1002038	1	1	not available	NT=Trypsin;AC=MS:1001251	NT=Carbamidomethyl;AC=UNIMOD:4;TA=C;MT=Fixed	NT=Oxidation;AC=UNIMOD:21;TA=M;MT=Variable	not available	not available	NT=['formalin (37% FA and 10% methanol)', 'FA'];AC=[None, None];TA=['K,nterm', 'K,nterm']	strong cation exchange chromatography (SCX) chromatography	37% FA (formalin solution); 1, 2, 3, 4.5, or 6% FA; 2% FA (peptide digest)	not available	20 min	room temperature	2019_05_25_05_2per_FA_24h_PEPTIDES.raw	NT=ms-proteomics;VV=v1.1.0	NT=crosslinking;VV=v1.0.0	NT=human;VV=v1.1.0
PXD015435_2019_06_02_03_ReDoing_PC9_6per_FoAl_from_05_2018_SCX_B7	Homo sapiens	whole cell lysate	adenocarcinoma cell line	172	PXD015435_2019_06_02_03_ReDoing_PC9_6per_FoAl_from_05_2018_SCX_B7_assay	proteomic profiling by mass spectrometry	data-dependent acquisition	NT=label free sample;AC=MS:1002038	1	1	not available	NT=Trypsin;AC=MS:1001251	NT=Carbamidomethyl;AC=UNIMOD:4;TA=C;MT=Fixed	NT=Oxidation;AC=UNIMOD:21;TA=M;MT=Variable	not available	not available	NT=['formalin (37% FA and 10% methanol)', 'FA'];AC=[None, None];TA=['K,nterm', 'K,nterm']	strong cation exchange chromatography (SCX) chromatography	37% FA (formalin solution); 1, 2, 3, 4.5, or 6% FA; 2% FA (peptide digest)	not available	20 min	room temperature	2019_06_02_03_ReDoing_PC9_6per_FoAl_from_05_2018_SCX_B7.raw	NT=ms-proteomics;VV=v1.1.0	NT=crosslinking;VV=v1.0.0	NT=human;VV=v1.1.0
PXD015435_2018_12_10_22_3Prot_rep1_DSS_1mM	Homo sapiens	whole cell lysate	adenocarcinoma cell line	173	PXD015435_2018_12_10_22_3Prot_rep1_DSS_1mM_assay	proteomic profiling by mass spectrometry	data-dependent acquisition	NT=label free sample;AC=MS:1002038	1	1	not available	NT=Trypsin;AC=MS:1001251	NT=Carbamidomethyl;AC=UNIMOD:4;TA=C;MT=Fixed	NT=Oxidation;AC=UNIMOD:21;TA=M;MT=Variable	not available	not available	NT=['formalin (37% FA and 10% methanol)', 'FA'];AC=[None, None];TA=['K,nterm', 'K,nterm']	strong cation exchange chromatography (SCX) chromatography	37% FA (formalin solution); 1, 2, 3, 4.5, or 6% FA; 2% FA (peptide digest)	not available	20 min	room temperature	2018_12_10_22_3Prot_rep1_DSS_1mM.raw	NT=ms-proteomics;VV=v1.1.0	NT=crosslinking;VV=v1.0.0	NT=human;VV=v1.1.0
PXD015435_2019_05_14_01_PC9_1per_FoAl_from_05_2018	Homo sapiens	whole cell lysate	adenocarcinoma cell line	174	PXD015435_2019_05_14_01_PC9_1per_FoAl_from_05_2018_assay	proteomic profiling by mass spectrometry	data-dependent acquisition	NT=label free sample;AC=MS:1002038	1	1	not available	NT=Trypsin;AC=MS:1001251	NT=Carbamidomethyl;AC=UNIMOD:4;TA=C;MT=Fixed	NT=Oxidation;AC=UNIMOD:21;TA=M;MT=Variable	not available	not available	NT=['formalin (37% FA and 10% methanol)', 'FA'];AC=[None, None];TA=['K,nterm', 'K,nterm']	strong cation exchange chromatography (SCX) chromatography	37% FA (formalin solution); 1, 2, 3, 4.5, or 6% FA; 2% FA (peptide digest)	not available	20 min	room temperature	2019_05_14_01_PC9_1per_FoAl_from_05_2018.raw	NT=ms-proteomics;VV=v1.1.0	NT=crosslinking;VV=v1.0.0	NT=human;VV=v1.1.0
PXD015435_2018_12_22_42_3Prot_rep2_DSS_10mM	Homo sapiens	whole cell lysate	adenocarcinoma cell line	175	PXD015435_2018_12_22_42_3Prot_rep2_DSS_10mM_assay	proteomic profiling by mass spectrometry	data-dependent acquisition	NT=label free sample;AC=MS:1002038	1	2	not available	NT=Trypsin;AC=MS:1001251	NT=Carbamidomethyl;AC=UNIMOD:4;TA=C;MT=Fixed	NT=Oxidation;AC=UNIMOD:21;TA=M;MT=Variable	not available	not available	NT=['formalin (37% FA and 10% methanol)', 'FA'];AC=[None, None];TA=['K,nterm', 'K,nterm']	strong cation exchange chromatography (SCX) chromatography	37% FA (formalin solution); 1, 2, 3, 4.5, or 6% FA; 2% FA (peptide digest)	not available	20 min	room temperature	2018_12_22_42_3Prot_rep2_DSS_10mM.raw	NT=ms-proteomics;VV=v1.1.0	NT=crosslinking;VV=v1.0.0	NT=human;VV=v1.1.0
PXD015435_2019_01_08_22_3Prot_rep3_FoAl_8_per	Homo sapiens	whole cell lysate	adenocarcinoma cell line	176	PXD015435_2019_01_08_22_3Prot_rep3_FoAl_8_per_assay	proteomic profiling by mass spectrometry	data-dependent acquisition	NT=label free sample;AC=MS:1002038	1	3	not available	NT=Trypsin;AC=MS:1001251	NT=Carbamidomethyl;AC=UNIMOD:4;TA=C;MT=Fixed	NT=Oxidation;AC=UNIMOD:21;TA=M;MT=Variable	not available	not available	NT=['formalin (37% FA and 10% methanol)', 'FA'];AC=[None, None];TA=['K,nterm', 'K,nterm']	strong cation exchange chromatography (SCX) chromatography	37% FA (formalin solution); 1, 2, 3, 4.5, or 6% FA; 2% FA (peptide digest)	not available	20 min	room temperature	2019_01_08_22_3Prot_rep3_FoAl_8_per.raw	NT=ms-proteomics;VV=v1.1.0	NT=crosslinking;VV=v1.0.0	NT=human;VV=v1.1.0
PXD015435_2019_01_08_21_3Prot_rep3_FoAl_4_per	Homo sapiens	whole cell lysate	adenocarcinoma cell line	177	PXD015435_2019_01_08_21_3Prot_rep3_FoAl_4_per_assay	proteomic profiling by mass spectrometry	data-dependent acquisition	NT=label free sample;AC=MS:1002038	1	3	not available	NT=Trypsin;AC=MS:1001251	NT=Carbamidomethyl;AC=UNIMOD:4;TA=C;MT=Fixed	NT=Oxidation;AC=UNIMOD:21;TA=M;MT=Variable	not available	not available	NT=['formalin (37% FA and 10% methanol)', 'FA'];AC=[None, None];TA=['K,nterm', 'K,nterm']	strong cation exchange chromatography (SCX) chromatography	37% FA (formalin solution); 1, 2, 3, 4.5, or 6% FA; 2% FA (peptide digest)	not available	20 min	room temperature	2019_01_08_21_3Prot_rep3_FoAl_4_per.raw	NT=ms-proteomics;VV=v1.1.0	NT=crosslinking;VV=v1.0.0	NT=human;VV=v1.1.0
PXD015435_2019_05_13_05_PC9_3per_FoAl_from_05_2018	Homo sapiens	whole cell lysate	adenocarcinoma cell line	178	PXD015435_2019_05_13_05_PC9_3per_FoAl_from_05_2018_assay	proteomic profiling by mass spectrometry	data-dependent acquisition	NT=label free sample;AC=MS:1002038	1	1	not available	NT=Trypsin;AC=MS:1001251	NT=Carbamidomethyl;AC=UNIMOD:4;TA=C;MT=Fixed	NT=Oxidation;AC=UNIMOD:21;TA=M;MT=Variable	not available	not available	NT=['formalin (37% FA and 10% methanol)', 'FA'];AC=[None, None];TA=['K,nterm', 'K,nterm']	strong cation exchange chromatography (SCX) chromatography	37% FA (formalin solution); 1, 2, 3, 4.5, or 6% FA; 2% FA (peptide digest)	not available	20 min	room temperature	2019_05_13_05_PC9_3per_FoAl_from_05_2018.raw	NT=ms-proteomics;VV=v1.1.0	NT=crosslinking;VV=v1.0.0	NT=human;VV=v1.1.0
PXD015435_2018_12_10_29_3Prot_rep1_DSS_10mM_P2	Homo sapiens	whole cell lysate	adenocarcinoma cell line	179	PXD015435_2018_12_10_29_3Prot_rep1_DSS_10mM_P2_assay	proteomic profiling by mass spectrometry	data-dependent acquisition	NT=label free sample;AC=MS:1002038	1	1	not available	NT=Trypsin;AC=MS:1001251	NT=Carbamidomethyl;AC=UNIMOD:4;TA=C;MT=Fixed	NT=Oxidation;AC=UNIMOD:21;TA=M;MT=Variable	not available	not available	NT=['formalin (37% FA and 10% methanol)', 'FA'];AC=[None, None];TA=['K,nterm', 'K,nterm']	strong cation exchange chromatography (SCX) chromatography	37% FA (formalin solution); 1, 2, 3, 4.5, or 6% FA; 2% FA (peptide digest)	not available	20 min	room temperature	2018_12_10_29_3Prot_rep1_DSS_10mM_P2.raw	NT=ms-proteomics;VV=v1.1.0	NT=crosslinking;VV=v1.0.0	NT=human;VV=v1.1.0
PXD015435_2018_12_07_09_3Prot_rep1_FoAl_0p2_per_P2	Homo sapiens	whole cell lysate	adenocarcinoma cell line	180	PXD015435_2018_12_07_09_3Prot_rep1_FoAl_0p2_per_P2_assay	proteomic profiling by mass spectrometry	data-dependent acquisition	NT=label free sample;AC=MS:1002038	1	1	not available	NT=Trypsin;AC=MS:1001251	NT=Carbamidomethyl;AC=UNIMOD:4;TA=C;MT=Fixed	NT=Oxidation;AC=UNIMOD:21;TA=M;MT=Variable	not available	not available	NT=['formalin (37% FA and 10% methanol)', 'FA'];AC=[None, None];TA=['K,nterm', 'K,nterm']	strong cation exchange chromatography (SCX) chromatography	37% FA (formalin solution); 1, 2, 3, 4.5, or 6% FA; 2% FA (peptide digest)	not available	20 min	room temperature	2018_12_07_09_3Prot_rep1_FoAl_0p2_per_P2.raw	NT=ms-proteomics;VV=v1.1.0	NT=crosslinking;VV=v1.0.0	NT=human;VV=v1.1.0
PXD015435_2019_05_23_04_2per_FA_3h_PEPTIDES	Homo sapiens	whole cell lysate	adenocarcinoma cell line	181	PXD015435_2019_05_23_04_2per_FA_3h_PEPTIDES_assay	proteomic profiling by mass spectrometry	data-dependent acquisition	NT=label free sample;AC=MS:1002038	1	1	not available	NT=Trypsin;AC=MS:1001251	NT=Carbamidomethyl;AC=UNIMOD:4;TA=C;MT=Fixed	NT=Oxidation;AC=UNIMOD:21;TA=M;MT=Variable	not available	not available	NT=['formalin (37% FA and 10% methanol)', 'FA'];AC=[None, None];TA=['K,nterm', 'K,nterm']	strong cation exchange chromatography (SCX) chromatography	37% FA (formalin solution); 1, 2, 3, 4.5, or 6% FA; 2% FA (peptide digest)	not available	20 min	room temperature	2019_05_23_04_2per_FA_3h_PEPTIDES.raw	NT=ms-proteomics;VV=v1.1.0	NT=crosslinking;VV=v1.0.0	NT=human;VV=v1.1.0
PXD015435_2018_12_22_33_3Prot_rep2_FoAl_1p3_per	Homo sapiens	whole cell lysate	adenocarcinoma cell line	182	PXD015435_2018_12_22_33_3Prot_rep2_FoAl_1p3_per_assay	proteomic profiling by mass spectrometry	data-dependent acquisition	NT=label free sample;AC=MS:1002038	1	2	not available	NT=Trypsin;AC=MS:1001251	NT=Carbamidomethyl;AC=UNIMOD:4;TA=C;MT=Fixed	NT=Oxidation;AC=UNIMOD:21;TA=M;MT=Variable	not available	not available	NT=['formalin (37% FA and 10% methanol)', 'FA'];AC=[None, None];TA=['K,nterm', 'K,nterm']	strong cation exchange chromatography (SCX) chromatography	37% FA (formalin solution); 1, 2, 3, 4.5, or 6% FA; 2% FA (peptide digest)	not available	20 min	room temperature	2018_12_22_33_3Prot_rep2_FoAl_1p3_per.raw	NT=ms-proteomics;VV=v1.1.0	NT=crosslinking;VV=v1.0.0	NT=human;VV=v1.1.0
PXD015435_2019_05_28_02_ReDoing_PC9_1per_FoAl_SCX_B6_more_matter	Homo sapiens	whole cell lysate	adenocarcinoma cell line	183	PXD015435_2019_05_28_02_ReDoing_PC9_1per_FoAl_SCX_B6_more_matter_assay	proteomic profiling by mass spectrometry	data-dependent acquisition	NT=label free sample;AC=MS:1002038	1	1	not available	NT=Trypsin;AC=MS:1001251	NT=Carbamidomethyl;AC=UNIMOD:4;TA=C;MT=Fixed	NT=Oxidation;AC=UNIMOD:21;TA=M;MT=Variable	not available	not available	NT=['formalin (37% FA and 10% methanol)', 'FA'];AC=[None, None];TA=['K,nterm', 'K,nterm']	strong cation exchange chromatography (SCX) chromatography	37% FA (formalin solution); 1, 2, 3, 4.5, or 6% FA; 2% FA (peptide digest)	not available	20 min	room temperature	2019_05_28_02_ReDoing_PC9_1per_FoAl_SCX_B6_more_matter.raw	NT=ms-proteomics;VV=v1.1.0	NT=crosslinking;VV=v1.0.0	NT=human;VV=v1.1.0
PXD015435_2019_01_09_35_3Prot_rep3_FoAl_1p3_per	Homo sapiens	whole cell lysate	adenocarcinoma cell line	184	PXD015435_2019_01_09_35_3Prot_rep3_FoAl_1p3_per_assay	proteomic profiling by mass spectrometry	data-dependent acquisition	NT=label free sample;AC=MS:1002038	1	3	not available	NT=Trypsin;AC=MS:1001251	NT=Carbamidomethyl;AC=UNIMOD:4;TA=C;MT=Fixed	NT=Oxidation;AC=UNIMOD:21;TA=M;MT=Variable	not available	not available	NT=['formalin (37% FA and 10% methanol)', 'FA'];AC=[None, None];TA=['K,nterm', 'K,nterm']	strong cation exchange chromatography (SCX) chromatography	37% FA (formalin solution); 1, 2, 3, 4.5, or 6% FA; 2% FA (peptide digest)	not available	20 min	room temperature	2019_01_09_35_3Prot_rep3_FoAl_1p3_per.raw	NT=ms-proteomics;VV=v1.1.0	NT=crosslinking;VV=v1.0.0	NT=human;VV=v1.1.0
PXD015435_2019_05_26_17_ReDoing_PC9_1per_FoAl_from_05_2018_SCX_B5	Homo sapiens	whole cell lysate	adenocarcinoma cell line	185	PXD015435_2019_05_26_17_ReDoing_PC9_1per_FoAl_from_05_2018_SCX_B5_assay	proteomic profiling by mass spectrometry	data-dependent acquisition	NT=label free sample;AC=MS:1002038	1	1	not available	NT=Trypsin;AC=MS:1001251	NT=Carbamidomethyl;AC=UNIMOD:4;TA=C;MT=Fixed	NT=Oxidation;AC=UNIMOD:21;TA=M;MT=Variable	not available	not available	NT=['formalin (37% FA and 10% methanol)', 'FA'];AC=[None, None];TA=['K,nterm', 'K,nterm']	strong cation exchange chromatography (SCX) chromatography	37% FA (formalin solution); 1, 2, 3, 4.5, or 6% FA; 2% FA (peptide digest)	not available	20 min	room temperature	2019_05_26_17_ReDoing_PC9_1per_FoAl_from_05_2018_SCX_B5.raw	NT=ms-proteomics;VV=v1.1.0	NT=crosslinking;VV=v1.0.0	NT=human;VV=v1.1.0
PXD015435_2018_12_24_52_3Prot_rep2_DSS_3mM_NCE_34	Homo sapiens	whole cell lysate	adenocarcinoma cell line	186	PXD015435_2018_12_24_52_3Prot_rep2_DSS_3mM_NCE_34_assay	proteomic profiling by mass spectrometry	data-dependent acquisition	NT=label free sample;AC=MS:1002038	1	2	not available	NT=Trypsin;AC=MS:1001251	NT=Carbamidomethyl;AC=UNIMOD:4;TA=C;MT=Fixed	NT=Oxidation;AC=UNIMOD:21;TA=M;MT=Variable	not available	not available	NT=['formalin (37% FA and 10% methanol)', 'FA'];AC=[None, None];TA=['K,nterm', 'K,nterm']	strong cation exchange chromatography (SCX) chromatography	37% FA (formalin solution); 1, 2, 3, 4.5, or 6% FA; 2% FA (peptide digest)	not available	20 min	room temperature	2018_12_24_52_3Prot_rep2_DSS_3mM_NCE_34.raw	NT=ms-proteomics;VV=v1.1.0	NT=crosslinking;VV=v1.0.0	NT=human;VV=v1.1.0
PXD015435_2018_12_24_44_3Prot_rep2_FoAl_4_per_NCE_22	Homo sapiens	whole cell lysate	adenocarcinoma cell line	187	PXD015435_2018_12_24_44_3Prot_rep2_FoAl_4_per_NCE_22_assay	proteomic profiling by mass spectrometry	data-dependent acquisition	NT=label free sample;AC=MS:1002038	1	2	not available	NT=Trypsin;AC=MS:1001251	NT=Carbamidomethyl;AC=UNIMOD:4;TA=C;MT=Fixed	NT=Oxidation;AC=UNIMOD:21;TA=M;MT=Variable	not available	not available	NT=['formalin (37% FA and 10% methanol)', 'FA'];AC=[None, None];TA=['K,nterm', 'K,nterm']	strong cation exchange chromatography (SCX) chromatography	37% FA (formalin solution); 1, 2, 3, 4.5, or 6% FA; 2% FA (peptide digest)	not available	20 min	room temperature	2018_12_24_44_3Prot_rep2_FoAl_4_per_NCE_22.raw	NT=ms-proteomics;VV=v1.1.0	NT=crosslinking;VV=v1.0.0	NT=human;VV=v1.1.0
PXD015435_2019_01_09_38_3Prot_rep3_FoAl_8_per	Homo sapiens	whole cell lysate	adenocarcinoma cell line	188	PXD015435_2019_01_09_38_3Prot_rep3_FoAl_8_per_assay	proteomic profiling by mass spectrometry	data-dependent acquisition	NT=label free sample;AC=MS:1002038	1	3	not available	NT=Trypsin;AC=MS:1001251	NT=Carbamidomethyl;AC=UNIMOD:4;TA=C;MT=Fixed	NT=Oxidation;AC=UNIMOD:21;TA=M;MT=Variable	not available	not available	NT=['formalin (37% FA and 10% methanol)', 'FA'];AC=[None, None];TA=['K,nterm', 'K,nterm']	strong cation exchange chromatography (SCX) chromatography	37% FA (formalin solution); 1, 2, 3, 4.5, or 6% FA; 2% FA (peptide digest)	not available	20 min	room temperature	2019_01_09_38_3Prot_rep3_FoAl_8_per.raw	NT=ms-proteomics;VV=v1.1.0	NT=crosslinking;VV=v1.0.0	NT=human;VV=v1.1.0
PXD015435_2019_01_08_17_3Prot_rep3_FoAl_0p4_per	Homo sapiens	whole cell lysate	adenocarcinoma cell line	189	PXD015435_2019_01_08_17_3Prot_rep3_FoAl_0p4_per_assay	proteomic profiling by mass spectrometry	data-dependent acquisition	NT=label free sample;AC=MS:1002038	1	3	not available	NT=Trypsin;AC=MS:1001251	NT=Carbamidomethyl;AC=UNIMOD:4;TA=C;MT=Fixed	NT=Oxidation;AC=UNIMOD:21;TA=M;MT=Variable	not available	not available	NT=['formalin (37% FA and 10% methanol)', 'FA'];AC=[None, None];TA=['K,nterm', 'K,nterm']	strong cation exchange chromatography (SCX) chromatography	37% FA (formalin solution); 1, 2, 3, 4.5, or 6% FA; 2% FA (peptide digest)	not available	20 min	room temperature	2019_01_08_17_3Prot_rep3_FoAl_0p4_per.raw	NT=ms-proteomics;VV=v1.1.0	NT=crosslinking;VV=v1.0.0	NT=human;VV=v1.1.0
PXD015435_2018_12_06_03_3Prot_rep1_FoAl_0p4_per	Homo sapiens	whole cell lysate	adenocarcinoma cell line	190	PXD015435_2018_12_06_03_3Prot_rep1_FoAl_0p4_per_assay	proteomic profiling by mass spectrometry	data-dependent acquisition	NT=label free sample;AC=MS:1002038	1	1	not available	NT=Trypsin;AC=MS:1001251	NT=Carbamidomethyl;AC=UNIMOD:4;TA=C;MT=Fixed	NT=Oxidation;AC=UNIMOD:21;TA=M;MT=Variable	not available	not available	NT=['formalin (37% FA and 10% methanol)', 'FA'];AC=[None, None];TA=['K,nterm', 'K,nterm']	strong cation exchange chromatography (SCX) chromatography	37% FA (formalin solution); 1, 2, 3, 4.5, or 6% FA; 2% FA (peptide digest)	not available	20 min	room temperature	2018_12_06_03_3Prot_rep1_FoAl_0p4_per.raw	NT=ms-proteomics;VV=v1.1.0	NT=crosslinking;VV=v1.0.0	NT=human;VV=v1.1.0
PXD015435_2019_01_08_20_3Prot_rep3_FoAl_2_per	Homo sapiens	whole cell lysate	adenocarcinoma cell line	191	PXD015435_2019_01_08_20_3Prot_rep3_FoAl_2_per_assay	proteomic profiling by mass spectrometry	data-dependent acquisition	NT=label free sample;AC=MS:1002038	1	3	not available	NT=Trypsin;AC=MS:1001251	NT=Carbamidomethyl;AC=UNIMOD:4;TA=C;MT=Fixed	NT=Oxidation;AC=UNIMOD:21;TA=M;MT=Variable	not available	not available	NT=['formalin (37% FA and 10% methanol)', 'FA'];AC=[None, None];TA=['K,nterm', 'K,nterm']	strong cation exchange chromatography (SCX) chromatography	37% FA (formalin solution); 1, 2, 3, 4.5, or 6% FA; 2% FA (peptide digest)	not available	20 min	room temperature	2019_01_08_20_3Prot_rep3_FoAl_2_per.raw	NT=ms-proteomics;VV=v1.1.0	NT=crosslinking;VV=v1.0.0	NT=human;VV=v1.1.0
PXD015435_2018_12_20_20_3Prot_rep2_DSS_10mM	Homo sapiens	whole cell lysate	adenocarcinoma cell line	192	PXD015435_2018_12_20_20_3Prot_rep2_DSS_10mM_assay	proteomic profiling by mass spectrometry	data-dependent acquisition	NT=label free sample;AC=MS:1002038	1	2	not available	NT=Trypsin;AC=MS:1001251	NT=Carbamidomethyl;AC=UNIMOD:4;TA=C;MT=Fixed	NT=Oxidation;AC=UNIMOD:21;TA=M;MT=Variable	not available	not available	NT=['formalin (37% FA and 10% methanol)', 'FA'];AC=[None, None];TA=['K,nterm', 'K,nterm']	strong cation exchange chromatography (SCX) chromatography	37% FA (formalin solution); 1, 2, 3, 4.5, or 6% FA; 2% FA (peptide digest)	not available	20 min	room temperature	2018_12_20_20_3Prot_rep2_DSS_10mM.raw	NT=ms-proteomics;VV=v1.1.0	NT=crosslinking;VV=v1.0.0	NT=human;VV=v1.1.0
PXD015435_2019_01_10_41_3Prot_rep3_FoAl_4_per_NCE26	Homo sapiens (human)	whole cell lysate	adenocarcinoma cell line	193	PXD015435_2019_01_10_41_3Prot_rep3_FoAl_4_per_NCE26_assay	proteomic profiling by mass spectrometry	data-dependent acquisition	NT=label free sample;AC=MS:1002038	1	3	not available	NT=Trypsin;AC=MS:1001251	NT=Carbamidomethyl;AC=UNIMOD:4;TA=C;MT=Fixed	NT=Oxidation;AC=UNIMOD:21;TA=M;MT=Variable	not available	not available	NT=['formalin (37% FA and 10% methanol)', 'FA'];AC=[None, None];TA=['K,nterm', 'K,nterm']	strong cation exchange chromatography (SCX) chromatography	37% FA (formalin solution); 1, 2, 3, 4.5, or 6% FA; 2% FA (peptide digest)	not available	20 min	room temperature	2019_01_10_41_3Prot_rep3_FoAl_4_per_NCE26.raw	NT=ms-proteomics;VV=v1.1.0	NT=crosslinking;VV=v1.0.0	NT=human;VV=v1.1.0
PXD015435_2018_12_19_06_3Prot_rep2_FoAl_0p4_per_P2	Homo sapiens	whole cell lysate	adenocarcinoma cell line	194	PXD015435_2018_12_19_06_3Prot_rep2_FoAl_0p4_per_P2_assay	proteomic profiling by mass spectrometry	data-dependent acquisition	NT=label free sample;AC=MS:1002038	1	2	not available	NT=Trypsin;AC=MS:1001251	NT=Carbamidomethyl;AC=UNIMOD:4;TA=C;MT=Fixed	NT=Oxidation;AC=UNIMOD:21;TA=M;MT=Variable	not available	not available	NT=['formalin (37% FA and 10% methanol)', 'FA'];AC=[None, None];TA=['K,nterm', 'K,nterm']	strong cation exchange chromatography (SCX) chromatography	37% FA (formalin solution); 1, 2, 3, 4.5, or 6% FA; 2% FA (peptide digest)	not available	20 min	room temperature	2018_12_19_06_3Prot_rep2_FoAl_0p4_per_P2.raw	NT=ms-proteomics;VV=v1.1.0	NT=crosslinking;VV=v1.0.0	NT=human;VV=v1.1.0
PXD015435_2018_06_15_11_PC9_InVivo_4p5per_FoAl	Homo sapiens	whole cell lysate	adenocarcinoma cell line	195	PXD015435_2018_06_15_11_PC9_InVivo_4p5per_FoAl_assay	proteomic profiling by mass spectrometry	data-dependent acquisition	NT=label free sample;AC=MS:1002038	1	1	not available	NT=Trypsin;AC=MS:1001251	NT=Carbamidomethyl;AC=UNIMOD:4;TA=C;MT=Fixed	NT=Oxidation;AC=UNIMOD:21;TA=M;MT=Variable	not available	not available	NT=['formalin (37% FA and 10% methanol)', 'FA'];AC=[None, None];TA=['K,nterm', 'K,nterm']	strong cation exchange chromatography (SCX) chromatography	37% FA (formalin solution); 1, 2, 3, 4.5, or 6% FA; 2% FA (peptide digest)	not available	20 min	room temperature	2018_06_15_11_PC9_InVivo_4p5per_FoAl.raw	NT=ms-proteomics;VV=v1.1.0	NT=crosslinking;VV=v1.0.0	NT=human;VV=v1.1.0
PXD015435_2018_12_22_35_3Prot_rep2_FoAl_4_per	Homo sapiens	whole cell lysate	adenocarcinoma cell line	196	PXD015435_2018_12_22_35_3Prot_rep2_FoAl_4_per_assay	proteomic profiling by mass spectrometry	data-dependent acquisition	NT=label free sample;AC=MS:1002038	1	2	not available	NT=Trypsin;AC=MS:1001251	NT=Carbamidomethyl;AC=UNIMOD:4;TA=C;MT=Fixed	NT=Oxidation;AC=UNIMOD:21;TA=M;MT=Variable	not available	not available	NT=['formalin (37% FA and 10% methanol)', 'FA'];AC=[None, None];TA=['K,nterm', 'K,nterm']	strong cation exchange chromatography (SCX) chromatography	37% FA (formalin solution); 1, 2, 3, 4.5, or 6% FA; 2% FA (peptide digest)	not available	20 min	room temperature	2018_12_22_35_3Prot_rep2_FoAl_4_per.raw	NT=ms-proteomics;VV=v1.1.0	NT=crosslinking;VV=v1.0.0	NT=human;VV=v1.1.0
PXD015435_2019_01_08_12_3Prot_rep3_DSS_3mM_NCE26	Homo sapiens	whole cell lysate	adenocarcinoma cell line	197	PXD015435_2019_01_08_12_3Prot_rep3_DSS_3mM_NCE26_assay	proteomic profiling by mass spectrometry	data-dependent acquisition	NT=label free sample;AC=MS:1002038	1	3	not available	NT=Trypsin;AC=MS:1001251	NT=Carbamidomethyl;AC=UNIMOD:4;TA=C;MT=Fixed	NT=Oxidation;AC=UNIMOD:21;TA=M;MT=Variable	not available	not available	NT=['formalin (37% FA and 10% methanol)', 'FA'];AC=[None, None];TA=['K,nterm', 'K,nterm']	strong cation exchange chromatography (SCX) chromatography	37% FA (formalin solution); 1, 2, 3, 4.5, or 6% FA; 2% FA (peptide digest)	not available	20 min	room temperature	2019_01_08_12_3Prot_rep3_DSS_3mM_NCE26.raw	NT=ms-proteomics;VV=v1.1.0	NT=crosslinking;VV=v1.0.0	NT=human;VV=v1.1.0
PXD015435_2018_12_10_26_3Prot_rep1_FoAl_1p3_per_non_Sigma_Brand	Homo sapiens	whole cell lysate	adenocarcinoma cell line	198	PXD015435_2018_12_10_26_3Prot_rep1_FoAl_1p3_per_non_Sigma_Brand_assay	proteomic profiling by mass spectrometry	data-dependent acquisition	NT=label free sample;AC=MS:1002038	1	1	not available	NT=Trypsin;AC=MS:1001251	NT=Carbamidomethyl;AC=UNIMOD:4;TA=C;MT=Fixed	NT=Oxidation;AC=UNIMOD:21;TA=M;MT=Variable	not available	not available	NT=['formalin (37% FA and 10% methanol)', 'FA'];AC=[None, None];TA=['K,nterm', 'K,nterm']	strong cation exchange chromatography (SCX) chromatography	37% FA (formalin solution); 1, 2, 3, 4.5, or 6% FA; 2% FA (peptide digest)	not available	20 min	room temperature	2018_12_10_26_3Prot_rep1_FoAl_1p3_per_non_Sigma_Brand.raw	NT=ms-proteomics;VV=v1.1.0	NT=crosslinking;VV=v1.0.0	NT=human;VV=v1.1.0
PXD015435_2019_01_09_28_3Prot_rep3_FoAl_2_per_P2	Homo sapiens	whole cell lysate	adenocarcinoma cell line	199	PXD015435_2019_01_09_28_3Prot_rep3_FoAl_2_per_P2_assay	proteomic profiling by mass spectrometry	data-dependent acquisition	NT=label free sample;AC=MS:1002038	1	3	not available	NT=Trypsin;AC=MS:1001251	NT=Carbamidomethyl;AC=UNIMOD:4;TA=C;MT=Fixed	NT=Oxidation;AC=UNIMOD:21;TA=M;MT=Variable	not available	not available	NT=['formalin (37% FA and 10% methanol)', 'FA'];AC=[None, None];TA=['K,nterm', 'K,nterm']	strong cation exchange chromatography (SCX) chromatography	37% FA (formalin solution); 1, 2, 3, 4.5, or 6% FA; 2% FA (peptide digest)	not available	20 min	room temperature	2019_01_09_28_3Prot_rep3_FoAl_2_per_P2.raw	NT=ms-proteomics;VV=v1.1.0	NT=crosslinking;VV=v1.0.0	NT=human;VV=v1.1.0
PXD015435_2019_01_11_49_3Prot_rep3_No_XL_P2	NT=Homo sapiens;AC=NCBITaxon:9606	whole cell lysate	adenocarcinoma cell line	200	PXD015435_2019_01_11_49_3Prot_rep3_No_XL_P2_assay	proteomic profiling by mass spectrometry	data-dependent acquisition	NT=label free sample;AC=MS:1002038	1	3	not available	NT=Trypsin;AC=MS:1001251	NT=Carbamidomethyl;AC=UNIMOD:4;TA=C;MT=Fixed	NT=Oxidation;AC=UNIMOD:21;TA=M;MT=Variable	not available	not available	NT=['formalin (37% FA and 10% methanol)', 'FA'];AC=[None, None];TA=['K,nterm', 'K,nterm']	strong cation exchange chromatography (SCX) chromatography	37% FA (formalin solution); 1, 2, 3, 4.5, or 6% FA; 2% FA (peptide digest)	not available	20 min	room temperature	2019_01_11_49_3Prot_rep3_No_XL_P2.raw	NT=ms-proteomics;VV=v1.1.0	NT=crosslinking;VV=v1.0.0	NT=human;VV=v1.1.0
PXD015435_2018_12_24_51_3Prot_rep2_DSS_3mM_NCE_30	Homo sapiens	whole cell lysate	adenocarcinoma cell line	201	PXD015435_2018_12_24_51_3Prot_rep2_DSS_3mM_NCE_30_assay	proteomic profiling by mass spectrometry	data-dependent acquisition	NT=label free sample;AC=MS:1002038	1	2	not available	NT=Trypsin;AC=MS:1001251	NT=Carbamidomethyl;AC=UNIMOD:4;TA=C;MT=Fixed	NT=Oxidation;AC=UNIMOD:21;TA=M;MT=Variable	not available	not available	NT=['formalin (37% FA and 10% methanol)', 'FA'];AC=[None, None];TA=['K,nterm', 'K,nterm']	strong cation exchange chromatography (SCX) chromatography	37% FA (formalin solution); 1, 2, 3, 4.5, or 6% FA; 2% FA (peptide digest)	not available	20 min	room temperature	2018_12_24_51_3Prot_rep2_DSS_3mM_NCE_30.raw	NT=ms-proteomics;VV=v1.1.0	NT=crosslinking;VV=v1.0.0	NT=human;VV=v1.1.0
PXD015435_2019_05_29_06_ReDoing_PC9_4p5per_FoAl_from_05_2018_SCX_B5_190601173137	Homo sapiens	whole cell lysate	adenocarcinoma cell line	202	PXD015435_2019_05_29_06_ReDoing_PC9_4p5per_FoAl_from_05_2018_SCX_B5_190601173137_assay	proteomic profiling by mass spectrometry	data-dependent acquisition	NT=label free sample;AC=MS:1002038	1	1	not available	NT=Trypsin;AC=MS:1001251	NT=Carbamidomethyl;AC=UNIMOD:4;TA=C;MT=Fixed	NT=Oxidation;AC=UNIMOD:21;TA=M;MT=Variable	not available	not available	NT=['formalin (37% FA and 10% methanol)', 'FA'];AC=[None, None];TA=['K,nterm', 'K,nterm']	strong cation exchange chromatography (SCX) chromatography	37% FA (formalin solution); 1, 2, 3, 4.5, or 6% FA; 2% FA (peptide digest)	not available	20 min	room temperature	2019_05_29_06_ReDoing_PC9_4p5per_FoAl_from_05_2018_SCX_B5_190601173137.raw	NT=ms-proteomics;VV=v1.1.0	NT=crosslinking;VV=v1.0.0	NT=human;VV=v1.1.0
PXD015435_2018_12_07_10_3Prot_rep1_FoAl_0p4_per_P2	Homo sapiens	whole cell lysate	adenocarcinoma cell line	203	PXD015435_2018_12_07_10_3Prot_rep1_FoAl_0p4_per_P2_assay	proteomic profiling by mass spectrometry	data-dependent acquisition	NT=label free sample;AC=MS:1002038	1	1	not available	NT=Trypsin;AC=MS:1001251	NT=Carbamidomethyl;AC=UNIMOD:4;TA=C;MT=Fixed	NT=Oxidation;AC=UNIMOD:21;TA=M;MT=Variable	not available	not available	NT=['formalin (37% FA and 10% methanol)', 'FA'];AC=[None, None];TA=['K,nterm', 'K,nterm']	strong cation exchange chromatography (SCX) chromatography	37% FA (formalin solution); 1, 2, 3, 4.5, or 6% FA; 2% FA (peptide digest)	not available	20 min	room temperature	2018_12_07_10_3Prot_rep1_FoAl_0p4_per_P2.raw	NT=ms-proteomics;VV=v1.1.0	NT=crosslinking;VV=v1.0.0	NT=human;VV=v1.1.0
PXD015435_2018_06_15_05_PC9_InVivo_2per_FoAl_SEC_A6	Homo sapiens	whole cell lysate	adenocarcinoma cell line	204	PXD015435_2018_06_15_05_PC9_InVivo_2per_FoAl_SEC_A6_assay	proteomic profiling by mass spectrometry	data-dependent acquisition	NT=label free sample;AC=MS:1002038	1	1	not available	NT=Trypsin;AC=MS:1001251	NT=Carbamidomethyl;AC=UNIMOD:4;TA=C;MT=Fixed	NT=Oxidation;AC=UNIMOD:21;TA=M;MT=Variable	not available	not available	NT=['formalin (37% FA and 10% methanol)', 'FA'];AC=[None, None];TA=['K,nterm', 'K,nterm']	strong cation exchange chromatography (SCX) chromatography	37% FA (formalin solution); 1, 2, 3, 4.5, or 6% FA; 2% FA (peptide digest)	not available	20 min	room temperature	2018_06_15_05_PC9_InVivo_2per_FoAl_SEC_A6.raw	NT=ms-proteomics;VV=v1.1.0	NT=crosslinking;VV=v1.0.0	NT=human;VV=v1.1.0
PXD015435_2019_05_26_19_ReDoing_PC9_1per_FoAl_from_05_2018_SCX_B3	Homo sapiens	whole cell lysate	adenocarcinoma cell line	205	PXD015435_2019_05_26_19_ReDoing_PC9_1per_FoAl_from_05_2018_SCX_B3_assay	proteomic profiling by mass spectrometry	data-dependent acquisition	NT=label free sample;AC=MS:1002038	1	1	not available	NT=Trypsin;AC=MS:1001251	NT=Carbamidomethyl;AC=UNIMOD:4;TA=C;MT=Fixed	NT=Oxidation;AC=UNIMOD:21;TA=M;MT=Variable	not available	not available	NT=['formalin (37% FA and 10% methanol)', 'FA'];AC=[None, None];TA=['K,nterm', 'K,nterm']	strong cation exchange chromatography (SCX) chromatography	37% FA (formalin solution); 1, 2, 3, 4.5, or 6% FA; 2% FA (peptide digest)	not available	20 min	room temperature	2019_05_26_19_ReDoing_PC9_1per_FoAl_from_05_2018_SCX_B3.raw	NT=ms-proteomics;VV=v1.1.0	NT=crosslinking;VV=v1.0.0	NT=human;VV=v1.1.0
PXD015435_2018_12_06_06_3Prot_rep1_FoAl_2_per	Homo sapiens	whole cell lysate	adenocarcinoma cell line	206	PXD015435_2018_12_06_06_3Prot_rep1_FoAl_2_per_assay	proteomic profiling by mass spectrometry	data-dependent acquisition	NT=label free sample;AC=MS:1002038	1	1	not available	NT=Trypsin;AC=MS:1001251	NT=Carbamidomethyl;AC=UNIMOD:4;TA=C;MT=Fixed	NT=Oxidation;AC=UNIMOD:21;TA=M;MT=Variable	not available	not available	NT=['formalin (37% FA and 10% methanol)', 'FA'];AC=[None, None];TA=['K,nterm', 'K,nterm']	strong cation exchange chromatography (SCX) chromatography	37% FA (formalin solution); 1, 2, 3, 4.5, or 6% FA; 2% FA (peptide digest)	not available	20 min	room temperature	2018_12_06_06_3Prot_rep1_FoAl_2_per.raw	NT=ms-proteomics;VV=v1.1.0	NT=crosslinking;VV=v1.0.0	NT=human;VV=v1.1.0
PXD015435_2019_05_26_15_ReDoing_PC9_1per_FoAl_SCX_B6_more_matter	Homo sapiens	whole cell lysate	adenocarcinoma cell line	207	PXD015435_2019_05_26_15_ReDoing_PC9_1per_FoAl_SCX_B6_more_matter_assay	proteomic profiling by mass spectrometry	data-dependent acquisition	NT=label free sample;AC=MS:1002038	1	1	not available	NT=Trypsin;AC=MS:1001251	NT=Carbamidomethyl;AC=UNIMOD:4;TA=C;MT=Fixed	NT=Oxidation;AC=UNIMOD:21;TA=M;MT=Variable	not available	not available	NT=['formalin (37% FA and 10% methanol)', 'FA'];AC=[None, None];TA=['K,nterm', 'K,nterm']	strong cation exchange chromatography (SCX) chromatography	37% FA (formalin solution); 1, 2, 3, 4.5, or 6% FA; 2% FA (peptide digest)	not available	20 min	room temperature	2019_05_26_15_ReDoing_PC9_1per_FoAl_SCX_B6_more_matter.raw	NT=ms-proteomics;VV=v1.1.0	NT=crosslinking;VV=v1.0.0	NT=human;VV=v1.1.0
PXD015435_2019_05_15_03_2per_FA_2h_PEPTIDES	Homo sapiens	whole cell lysate	adenocarcinoma cell line	208	PXD015435_2019_05_15_03_2per_FA_2h_PEPTIDES_assay	proteomic profiling by mass spectrometry	data-dependent acquisition	NT=label free sample;AC=MS:1002038	1	1	not available	NT=Trypsin;AC=MS:1001251	NT=Carbamidomethyl;AC=UNIMOD:4;TA=C;MT=Fixed	NT=Oxidation;AC=UNIMOD:21;TA=M;MT=Variable	not available	not available	NT=['formalin (37% FA and 10% methanol)', 'FA'];AC=[None, None];TA=['K,nterm', 'K,nterm']	strong cation exchange chromatography (SCX) chromatography	37% FA (formalin solution); 1, 2, 3, 4.5, or 6% FA; 2% FA (peptide digest)	not available	20 min	room temperature	2019_05_15_03_2per_FA_2h_PEPTIDES.raw	NT=ms-proteomics;VV=v1.1.0	NT=crosslinking;VV=v1.0.0	NT=human;VV=v1.1.0
PXD015435_2019_05_29_04_ReDoing_PC9_4p5per_FoAl_from_05_2018_SCX_B7	Homo sapiens	whole cell lysate	adenocarcinoma cell line	209	PXD015435_2019_05_29_04_ReDoing_PC9_4p5per_FoAl_from_05_2018_SCX_B7_assay	proteomic profiling by mass spectrometry	data-dependent acquisition	NT=label free sample;AC=MS:1002038	1	1	not available	NT=Trypsin;AC=MS:1001251	NT=Carbamidomethyl;AC=UNIMOD:4;TA=C;MT=Fixed	NT=Oxidation;AC=UNIMOD:21;TA=M;MT=Variable	not available	not available	NT=['formalin (37% FA and 10% methanol)', 'FA'];AC=[None, None];TA=['K,nterm', 'K,nterm']	strong cation exchange chromatography (SCX) chromatography	37% FA (formalin solution); 1, 2, 3, 4.5, or 6% FA; 2% FA (peptide digest)	not available	20 min	room temperature	2019_05_29_04_ReDoing_PC9_4p5per_FoAl_from_05_2018_SCX_B7.raw	NT=ms-proteomics;VV=v1.1.0	NT=crosslinking;VV=v1.0.0	NT=human;VV=v1.1.0
PXD015435_2018_12_07_14_3Prot_rep1_FoAl_4_per_P2	Homo sapiens	whole cell lysate	adenocarcinoma cell line	210	PXD015435_2018_12_07_14_3Prot_rep1_FoAl_4_per_P2_assay	proteomic profiling by mass spectrometry	data-dependent acquisition	NT=label free sample;AC=MS:1002038	1	1	not available	NT=Trypsin;AC=MS:1001251	NT=Carbamidomethyl;AC=UNIMOD:4;TA=C;MT=Fixed	NT=Oxidation;AC=UNIMOD:21;TA=M;MT=Variable	not available	not available	NT=['formalin (37% FA and 10% methanol)', 'FA'];AC=[None, None];TA=['K,nterm', 'K,nterm']	strong cation exchange chromatography (SCX) chromatography	37% FA (formalin solution); 1, 2, 3, 4.5, or 6% FA; 2% FA (peptide digest)	not available	20 min	room temperature	2018_12_07_14_3Prot_rep1_FoAl_4_per_P2.raw	NT=ms-proteomics;VV=v1.1.0	NT=crosslinking;VV=v1.0.0	NT=human;VV=v1.1.0
PXD015435_2019_01_08_15_3Prot_rep3_FoAl_0p1_per	Homo sapiens	whole cell lysate	adenocarcinoma cell line	211	PXD015435_2019_01_08_15_3Prot_rep3_FoAl_0p1_per_assay	proteomic profiling by mass spectrometry	data-dependent acquisition	NT=label free sample;AC=MS:1002038	1	3	not available	NT=Trypsin;AC=MS:1001251	NT=Carbamidomethyl;AC=UNIMOD:4;TA=C;MT=Fixed	NT=Oxidation;AC=UNIMOD:21;TA=M;MT=Variable	not available	not available	NT=['formalin (37% FA and 10% methanol)', 'FA'];AC=[None, None];TA=['K,nterm', 'K,nterm']	strong cation exchange chromatography (SCX) chromatography	37% FA (formalin solution); 1, 2, 3, 4.5, or 6% FA; 2% FA (peptide digest)	not available	20 min	room temperature	2019_01_08_15_3Prot_rep3_FoAl_0p1_per.raw	NT=ms-proteomics;VV=v1.1.0	NT=crosslinking;VV=v1.0.0	NT=human;VV=v1.1.0
