source name	characteristics[organism]	characteristics[organism]	characteristics[organism]	characteristics[organism part]	characteristics[cell type]	characteristics[biological replicate]	assay name	technology type	comment[proteomics data acquisition method]	comment[label]	comment[fraction identifier]	comment[technical replicate]	comment[instrument]	comment[cleavage agent details]	comment[modification parameters]	comment[modification parameters]	comment[collision energy]	comment[dissociation method]	comment[cross-linker]	comment[crosslink enrichment method]	comment[crosslinker concentration]	comment[crosslinker to protein ratio]	comment[crosslinking reaction time]	comment[crosslinking temperature]	comment[data file]	comment[sdrf template]	comment[sdrf template]
PXD019724_mazadeh_C1507_307	NT=Gallus gallus (chicken);AC=NCBITaxon:9031	NT=Oryctolagus cuniculus (rabbit);AC=NCBITaxon:9986	NT=Bos taurus (bovine);AC=NCBITaxon:9913	not available	not available	1	PXD019724_mazadeh_C1507_307_assay	proteomic profiling by mass spectrometry	data-dependent acquisition	NT=label free sample;AC=MS:1002038	1	1	not available	NT=Lys-C;AC=MS:1001309	NT=Carbamidomethyl;AC=UNIMOD:4;TA=C;MT=Fixed	NT=Oxidation;AC=UNIMOD:21;TA=M;MT=Variable	not available	not available	NT=['pimelic dihydrazide (PDH)', '4-(4,6-Dimethoxy-1,3,5-triazin-2-yl)-4-methylmorpholinium (DMTMM) chloride'];AC=[None, None];TA=['D,E,nterm', 'D,E,nterm']	size exclusion chromatography (SEC)	not available	not available	not available	not available	mazadeh_C1507_307.raw	NT=ms-proteomics;VV=v1.1.0	NT=crosslinking;VV=v1.0.0
PXD019724_mazadeh_C1507_291	NT=Gallus gallus (chicken);AC=NCBITaxon:9031	NT=Oryctolagus cuniculus (rabbit);AC=NCBITaxon:9986	NT=Bos taurus (bovine);AC=NCBITaxon:9913	not available	not available	2	PXD019724_mazadeh_C1507_291_assay	proteomic profiling by mass spectrometry	data-dependent acquisition	NT=label free sample;AC=MS:1002038	1	1	not available	NT=Lys-C;AC=MS:1001309	NT=Carbamidomethyl;AC=UNIMOD:4;TA=C;MT=Fixed	NT=Oxidation;AC=UNIMOD:21;TA=M;MT=Variable	not available	not available	NT=['pimelic dihydrazide (PDH)', '4-(4,6-Dimethoxy-1,3,5-triazin-2-yl)-4-methylmorpholinium (DMTMM) chloride'];AC=[None, None];TA=['D,E,nterm', 'D,E,nterm']	size exclusion chromatography (SEC)	not available	not available	not available	not available	mazadeh_C1507_291.raw	NT=ms-proteomics;VV=v1.1.0	NT=crosslinking;VV=v1.0.0
PXD019724_mazadeh_C1508_037	NT=Gallus gallus (chicken);AC=NCBITaxon:9031	NT=Oryctolagus cuniculus (rabbit);AC=NCBITaxon:9986	NT=Bos taurus (bovine);AC=NCBITaxon:9913	not available	not available	3	PXD019724_mazadeh_C1508_037_assay	proteomic profiling by mass spectrometry	data-dependent acquisition	NT=label free sample;AC=MS:1002038	1	1	not available	NT=Lys-C;AC=MS:1001309	NT=Carbamidomethyl;AC=UNIMOD:4;TA=C;MT=Fixed	NT=Oxidation;AC=UNIMOD:21;TA=M;MT=Variable	not available	not available	NT=['pimelic dihydrazide (PDH)', '4-(4,6-Dimethoxy-1,3,5-triazin-2-yl)-4-methylmorpholinium (DMTMM) chloride'];AC=[None, None];TA=['D,E,nterm', 'D,E,nterm']	size exclusion chromatography (SEC)	not available	not available	not available	not available	mazadeh_C1508_037.raw	NT=ms-proteomics;VV=v1.1.0	NT=crosslinking;VV=v1.0.0
PXD019724_atschanz_C1606_053	NT=Gallus gallus (chicken);AC=NCBITaxon:9031	NT=Oryctolagus cuniculus (rabbit);AC=NCBITaxon:9986	NT=Bos taurus (bovine);AC=NCBITaxon:9913	not available	not available	4	PXD019724_atschanz_C1606_053_assay	proteomic profiling by mass spectrometry	data-dependent acquisition	NT=label free sample;AC=MS:1002038	1	1	not available	NT=Lys-C;AC=MS:1001309	NT=Carbamidomethyl;AC=UNIMOD:4;TA=C;MT=Fixed	NT=Oxidation;AC=UNIMOD:21;TA=M;MT=Variable	not available	not available	NT=['pimelic dihydrazide (PDH)', '4-(4,6-Dimethoxy-1,3,5-triazin-2-yl)-4-methylmorpholinium (DMTMM) chloride'];AC=[None, None];TA=['D,E,nterm', 'D,E,nterm']	size exclusion chromatography (SEC)	not available	not available	not available	not available	atschanz_C1606_053.raw	NT=ms-proteomics;VV=v1.1.0	NT=crosslinking;VV=v1.0.0
PXD019724_mazadeh_C1508_047	NT=Gallus gallus (chicken);AC=NCBITaxon:9031	NT=Oryctolagus cuniculus (rabbit);AC=NCBITaxon:9986	NT=Bos taurus (bovine);AC=NCBITaxon:9913	not available	not available	5	PXD019724_mazadeh_C1508_047_assay	proteomic profiling by mass spectrometry	data-dependent acquisition	NT=label free sample;AC=MS:1002038	1	1	not available	NT=Lys-C;AC=MS:1001309	NT=Carbamidomethyl;AC=UNIMOD:4;TA=C;MT=Fixed	NT=Oxidation;AC=UNIMOD:21;TA=M;MT=Variable	not available	not available	NT=['pimelic dihydrazide (PDH)', '4-(4,6-Dimethoxy-1,3,5-triazin-2-yl)-4-methylmorpholinium (DMTMM) chloride'];AC=[None, None];TA=['D,E,nterm', 'D,E,nterm']	size exclusion chromatography (SEC)	not available	not available	not available	not available	mazadeh_C1508_047.raw	NT=ms-proteomics;VV=v1.1.0	NT=crosslinking;VV=v1.0.0
PXD019724_atschanz_C1606_036	NT=Gallus gallus (chicken);AC=NCBITaxon:9031	NT=Oryctolagus cuniculus (rabbit);AC=NCBITaxon:9986	NT=Bos taurus (bovine);AC=NCBITaxon:9913	not available	not available	6	PXD019724_atschanz_C1606_036_assay	proteomic profiling by mass spectrometry	data-dependent acquisition	NT=label free sample;AC=MS:1002038	1	1	not available	NT=Lys-C;AC=MS:1001309	NT=Carbamidomethyl;AC=UNIMOD:4;TA=C;MT=Fixed	NT=Oxidation;AC=UNIMOD:21;TA=M;MT=Variable	not available	not available	NT=['pimelic dihydrazide (PDH)', '4-(4,6-Dimethoxy-1,3,5-triazin-2-yl)-4-methylmorpholinium (DMTMM) chloride'];AC=[None, None];TA=['D,E,nterm', 'D,E,nterm']	size exclusion chromatography (SEC)	not available	not available	not available	not available	atschanz_C1606_036.raw	NT=ms-proteomics;VV=v1.1.0	NT=crosslinking;VV=v1.0.0
PXD019724_atschanz_C1606_058	NT=Gallus gallus (chicken);AC=NCBITaxon:9031	NT=Oryctolagus cuniculus (rabbit);AC=NCBITaxon:9986	NT=Bos taurus (bovine);AC=NCBITaxon:9913	not available	not available	7	PXD019724_atschanz_C1606_058_assay	proteomic profiling by mass spectrometry	data-dependent acquisition	NT=label free sample;AC=MS:1002038	1	1	not available	NT=Lys-C;AC=MS:1001309	NT=Carbamidomethyl;AC=UNIMOD:4;TA=C;MT=Fixed	NT=Oxidation;AC=UNIMOD:21;TA=M;MT=Variable	not available	not available	NT=['pimelic dihydrazide (PDH)', '4-(4,6-Dimethoxy-1,3,5-triazin-2-yl)-4-methylmorpholinium (DMTMM) chloride'];AC=[None, None];TA=['D,E,nterm', 'D,E,nterm']	size exclusion chromatography (SEC)	not available	not available	not available	not available	atschanz_C1606_058.raw	NT=ms-proteomics;VV=v1.1.0	NT=crosslinking;VV=v1.0.0
PXD019724_mazadeh_C1507_245	NT=Gallus gallus (chicken);AC=NCBITaxon:9031	NT=Oryctolagus cuniculus (rabbit);AC=NCBITaxon:9986	NT=Bos taurus (bovine);AC=NCBITaxon:9913	not available	not available	8	PXD019724_mazadeh_C1507_245_assay	proteomic profiling by mass spectrometry	data-dependent acquisition	NT=label free sample;AC=MS:1002038	1	1	not available	NT=Lys-C;AC=MS:1001309	NT=Carbamidomethyl;AC=UNIMOD:4;TA=C;MT=Fixed	NT=Oxidation;AC=UNIMOD:21;TA=M;MT=Variable	not available	not available	NT=['pimelic dihydrazide (PDH)', '4-(4,6-Dimethoxy-1,3,5-triazin-2-yl)-4-methylmorpholinium (DMTMM) chloride'];AC=[None, None];TA=['D,E,nterm', 'D,E,nterm']	size exclusion chromatography (SEC)	not available	not available	not available	not available	mazadeh_C1507_245.raw	NT=ms-proteomics;VV=v1.1.0	NT=crosslinking;VV=v1.0.0
PXD019724_mazadeh_C1507_273	NT=Gallus gallus (chicken);AC=NCBITaxon:9031	NT=Oryctolagus cuniculus (rabbit);AC=NCBITaxon:9986	NT=Bos taurus (bovine);AC=NCBITaxon:9913	not available	not available	9	PXD019724_mazadeh_C1507_273_assay	proteomic profiling by mass spectrometry	data-dependent acquisition	NT=label free sample;AC=MS:1002038	1	1	not available	NT=Lys-C;AC=MS:1001309	NT=Carbamidomethyl;AC=UNIMOD:4;TA=C;MT=Fixed	NT=Oxidation;AC=UNIMOD:21;TA=M;MT=Variable	not available	not available	NT=['pimelic dihydrazide (PDH)', '4-(4,6-Dimethoxy-1,3,5-triazin-2-yl)-4-methylmorpholinium (DMTMM) chloride'];AC=[None, None];TA=['D,E,nterm', 'D,E,nterm']	size exclusion chromatography (SEC)	not available	not available	not available	not available	mazadeh_C1507_273.raw	NT=ms-proteomics;VV=v1.1.0	NT=crosslinking;VV=v1.0.0
PXD019724_mazadeh_C1507_268	NT=Gallus gallus (chicken);AC=NCBITaxon:9031	NT=Oryctolagus cuniculus (rabbit);AC=NCBITaxon:9986	NT=Bos taurus (bovine);AC=NCBITaxon:9913	not available	not available	10	PXD019724_mazadeh_C1507_268_assay	proteomic profiling by mass spectrometry	data-dependent acquisition	NT=label free sample;AC=MS:1002038	1	1	not available	NT=Lys-C;AC=MS:1001309	NT=Carbamidomethyl;AC=UNIMOD:4;TA=C;MT=Fixed	NT=Oxidation;AC=UNIMOD:21;TA=M;MT=Variable	not available	not available	NT=['pimelic dihydrazide (PDH)', '4-(4,6-Dimethoxy-1,3,5-triazin-2-yl)-4-methylmorpholinium (DMTMM) chloride'];AC=[None, None];TA=['D,E,nterm', 'D,E,nterm']	size exclusion chromatography (SEC)	not available	not available	not available	not available	mazadeh_C1507_268.raw	NT=ms-proteomics;VV=v1.1.0	NT=crosslinking;VV=v1.0.0
PXD019724_mazadeh_C1508_022	NT=Gallus gallus (chicken);AC=NCBITaxon:9031	NT=Oryctolagus cuniculus (rabbit);AC=NCBITaxon:9986	NT=Bos taurus (bovine);AC=NCBITaxon:9913	not available	not available	11	PXD019724_mazadeh_C1508_022_assay	proteomic profiling by mass spectrometry	data-dependent acquisition	NT=label free sample;AC=MS:1002038	1	1	not available	NT=Lys-C;AC=MS:1001309	NT=Carbamidomethyl;AC=UNIMOD:4;TA=C;MT=Fixed	NT=Oxidation;AC=UNIMOD:21;TA=M;MT=Variable	not available	not available	NT=['pimelic dihydrazide (PDH)', '4-(4,6-Dimethoxy-1,3,5-triazin-2-yl)-4-methylmorpholinium (DMTMM) chloride'];AC=[None, None];TA=['D,E,nterm', 'D,E,nterm']	size exclusion chromatography (SEC)	not available	not available	not available	not available	mazadeh_C1508_022.raw	NT=ms-proteomics;VV=v1.1.0	NT=crosslinking;VV=v1.0.0
PXD019724_mazadeh_C1508_006	NT=Gallus gallus (chicken);AC=NCBITaxon:9031	NT=Oryctolagus cuniculus (rabbit);AC=NCBITaxon:9986	NT=Bos taurus (bovine);AC=NCBITaxon:9913	not available	not available	12	PXD019724_mazadeh_C1508_006_assay	proteomic profiling by mass spectrometry	data-dependent acquisition	NT=label free sample;AC=MS:1002038	1	1	not available	NT=Lys-C;AC=MS:1001309	NT=Carbamidomethyl;AC=UNIMOD:4;TA=C;MT=Fixed	NT=Oxidation;AC=UNIMOD:21;TA=M;MT=Variable	not available	not available	NT=['pimelic dihydrazide (PDH)', '4-(4,6-Dimethoxy-1,3,5-triazin-2-yl)-4-methylmorpholinium (DMTMM) chloride'];AC=[None, None];TA=['D,E,nterm', 'D,E,nterm']	size exclusion chromatography (SEC)	not available	not available	not available	not available	mazadeh_C1508_006.raw	NT=ms-proteomics;VV=v1.1.0	NT=crosslinking;VV=v1.0.0
PXD019724_atschanz_C1606_078	NT=Gallus gallus (chicken);AC=NCBITaxon:9031	NT=Oryctolagus cuniculus (rabbit);AC=NCBITaxon:9986	NT=Bos taurus (bovine);AC=NCBITaxon:9913	not available	not available	13	PXD019724_atschanz_C1606_078_assay	proteomic profiling by mass spectrometry	data-dependent acquisition	NT=label free sample;AC=MS:1002038	1	1	not available	NT=Lys-C;AC=MS:1001309	NT=Carbamidomethyl;AC=UNIMOD:4;TA=C;MT=Fixed	NT=Oxidation;AC=UNIMOD:21;TA=M;MT=Variable	not available	not available	NT=['pimelic dihydrazide (PDH)', '4-(4,6-Dimethoxy-1,3,5-triazin-2-yl)-4-methylmorpholinium (DMTMM) chloride'];AC=[None, None];TA=['D,E,nterm', 'D,E,nterm']	size exclusion chromatography (SEC)	not available	not available	not available	not available	atschanz_C1606_078.raw	NT=ms-proteomics;VV=v1.1.0	NT=crosslinking;VV=v1.0.0
PXD019724_mazadeh_C1507_247	NT=Gallus gallus (chicken);AC=NCBITaxon:9031	NT=Oryctolagus cuniculus (rabbit);AC=NCBITaxon:9986	NT=Bos taurus (bovine);AC=NCBITaxon:9913	not available	not available	14	PXD019724_mazadeh_C1507_247_assay	proteomic profiling by mass spectrometry	data-dependent acquisition	NT=label free sample;AC=MS:1002038	1	1	not available	NT=Lys-C;AC=MS:1001309	NT=Carbamidomethyl;AC=UNIMOD:4;TA=C;MT=Fixed	NT=Oxidation;AC=UNIMOD:21;TA=M;MT=Variable	not available	not available	NT=['pimelic dihydrazide (PDH)', '4-(4,6-Dimethoxy-1,3,5-triazin-2-yl)-4-methylmorpholinium (DMTMM) chloride'];AC=[None, None];TA=['D,E,nterm', 'D,E,nterm']	size exclusion chromatography (SEC)	not available	not available	not available	not available	mazadeh_C1507_247.raw	NT=ms-proteomics;VV=v1.1.0	NT=crosslinking;VV=v1.0.0
PXD019724_mazadeh_C1507_263	NT=Gallus gallus (chicken);AC=NCBITaxon:9031	NT=Oryctolagus cuniculus (rabbit);AC=NCBITaxon:9986	NT=Bos taurus (bovine);AC=NCBITaxon:9913	not available	not available	15	PXD019724_mazadeh_C1507_263_assay	proteomic profiling by mass spectrometry	data-dependent acquisition	NT=label free sample;AC=MS:1002038	1	1	not available	NT=Lys-C;AC=MS:1001309	NT=Carbamidomethyl;AC=UNIMOD:4;TA=C;MT=Fixed	NT=Oxidation;AC=UNIMOD:21;TA=M;MT=Variable	not available	not available	NT=['pimelic dihydrazide (PDH)', '4-(4,6-Dimethoxy-1,3,5-triazin-2-yl)-4-methylmorpholinium (DMTMM) chloride'];AC=[None, None];TA=['D,E,nterm', 'D,E,nterm']	size exclusion chromatography (SEC)	not available	not available	not available	not available	mazadeh_C1507_263.raw	NT=ms-proteomics;VV=v1.1.0	NT=crosslinking;VV=v1.0.0
PXD019724_atschanz_C1606_075	NT=Gallus gallus (chicken);AC=NCBITaxon:9031	NT=Oryctolagus cuniculus (rabbit);AC=NCBITaxon:9986	NT=Bos taurus (bovine);AC=NCBITaxon:9913	not available	not available	16	PXD019724_atschanz_C1606_075_assay	proteomic profiling by mass spectrometry	data-dependent acquisition	NT=label free sample;AC=MS:1002038	1	1	not available	NT=Lys-C;AC=MS:1001309	NT=Carbamidomethyl;AC=UNIMOD:4;TA=C;MT=Fixed	NT=Oxidation;AC=UNIMOD:21;TA=M;MT=Variable	not available	not available	NT=['pimelic dihydrazide (PDH)', '4-(4,6-Dimethoxy-1,3,5-triazin-2-yl)-4-methylmorpholinium (DMTMM) chloride'];AC=[None, None];TA=['D,E,nterm', 'D,E,nterm']	size exclusion chromatography (SEC)	not available	not available	not available	not available	atschanz_C1606_075.raw	NT=ms-proteomics;VV=v1.1.0	NT=crosslinking;VV=v1.0.0
PXD019724_mazadeh_C1507_270	NT=Gallus gallus (chicken);AC=NCBITaxon:9031	NT=Oryctolagus cuniculus (rabbit);AC=NCBITaxon:9986	NT=Bos taurus (bovine);AC=NCBITaxon:9913	not available	not available	17	PXD019724_mazadeh_C1507_270_assay	proteomic profiling by mass spectrometry	data-dependent acquisition	NT=label free sample;AC=MS:1002038	1	1	not available	NT=Lys-C;AC=MS:1001309	NT=Carbamidomethyl;AC=UNIMOD:4;TA=C;MT=Fixed	NT=Oxidation;AC=UNIMOD:21;TA=M;MT=Variable	not available	not available	NT=['pimelic dihydrazide (PDH)', '4-(4,6-Dimethoxy-1,3,5-triazin-2-yl)-4-methylmorpholinium (DMTMM) chloride'];AC=[None, None];TA=['D,E,nterm', 'D,E,nterm']	size exclusion chromatography (SEC)	not available	not available	not available	not available	mazadeh_C1507_270.raw	NT=ms-proteomics;VV=v1.1.0	NT=crosslinking;VV=v1.0.0
PXD019724_mazadeh_C1508_032	NT=Gallus gallus (chicken);AC=NCBITaxon:9031	NT=Oryctolagus cuniculus (rabbit);AC=NCBITaxon:9986	NT=Bos taurus (bovine);AC=NCBITaxon:9913	not available	not available	18	PXD019724_mazadeh_C1508_032_assay	proteomic profiling by mass spectrometry	data-dependent acquisition	NT=label free sample;AC=MS:1002038	1	1	not available	NT=Lys-C;AC=MS:1001309	NT=Carbamidomethyl;AC=UNIMOD:4;TA=C;MT=Fixed	NT=Oxidation;AC=UNIMOD:21;TA=M;MT=Variable	not available	not available	NT=['pimelic dihydrazide (PDH)', '4-(4,6-Dimethoxy-1,3,5-triazin-2-yl)-4-methylmorpholinium (DMTMM) chloride'];AC=[None, None];TA=['D,E,nterm', 'D,E,nterm']	size exclusion chromatography (SEC)	not available	not available	not available	not available	mazadeh_C1508_032.raw	NT=ms-proteomics;VV=v1.1.0	NT=crosslinking;VV=v1.0.0
PXD019724_atschanz_C1606_089	NT=Gallus gallus (chicken);AC=NCBITaxon:9031	NT=Oryctolagus cuniculus (rabbit);AC=NCBITaxon:9986	NT=Bos taurus (bovine);AC=NCBITaxon:9913	not available	not available	19	PXD019724_atschanz_C1606_089_assay	proteomic profiling by mass spectrometry	data-dependent acquisition	NT=label free sample;AC=MS:1002038	1	1	not available	NT=Lys-C;AC=MS:1001309	NT=Carbamidomethyl;AC=UNIMOD:4;TA=C;MT=Fixed	NT=Oxidation;AC=UNIMOD:21;TA=M;MT=Variable	not available	not available	NT=['pimelic dihydrazide (PDH)', '4-(4,6-Dimethoxy-1,3,5-triazin-2-yl)-4-methylmorpholinium (DMTMM) chloride'];AC=[None, None];TA=['D,E,nterm', 'D,E,nterm']	size exclusion chromatography (SEC)	not available	not available	not available	not available	atschanz_C1606_089.raw	NT=ms-proteomics;VV=v1.1.0	NT=crosslinking;VV=v1.0.0
PXD019724_mazadeh_C1508_068	NT=Gallus gallus (chicken);AC=NCBITaxon:9031	NT=Oryctolagus cuniculus (rabbit);AC=NCBITaxon:9986	NT=Bos taurus (bovine);AC=NCBITaxon:9913	not available	not available	20	PXD019724_mazadeh_C1508_068_assay	proteomic profiling by mass spectrometry	data-dependent acquisition	NT=label free sample;AC=MS:1002038	1	1	not available	NT=Lys-C;AC=MS:1001309	NT=Carbamidomethyl;AC=UNIMOD:4;TA=C;MT=Fixed	NT=Oxidation;AC=UNIMOD:21;TA=M;MT=Variable	not available	not available	NT=['pimelic dihydrazide (PDH)', '4-(4,6-Dimethoxy-1,3,5-triazin-2-yl)-4-methylmorpholinium (DMTMM) chloride'];AC=[None, None];TA=['D,E,nterm', 'D,E,nterm']	size exclusion chromatography (SEC)	not available	not available	not available	not available	mazadeh_C1508_068.raw	NT=ms-proteomics;VV=v1.1.0	NT=crosslinking;VV=v1.0.0
PXD019724_atschanz_C1606_084	NT=Gallus gallus (chicken);AC=NCBITaxon:9031	NT=Oryctolagus cuniculus (rabbit);AC=NCBITaxon:9986	NT=Bos taurus (bovine);AC=NCBITaxon:9913	not available	not available	21	PXD019724_atschanz_C1606_084_assay	proteomic profiling by mass spectrometry	data-dependent acquisition	NT=label free sample;AC=MS:1002038	1	1	not available	NT=Lys-C;AC=MS:1001309	NT=Carbamidomethyl;AC=UNIMOD:4;TA=C;MT=Fixed	NT=Oxidation;AC=UNIMOD:21;TA=M;MT=Variable	not available	not available	NT=['pimelic dihydrazide (PDH)', '4-(4,6-Dimethoxy-1,3,5-triazin-2-yl)-4-methylmorpholinium (DMTMM) chloride'];AC=[None, None];TA=['D,E,nterm', 'D,E,nterm']	size exclusion chromatography (SEC)	not available	not available	not available	not available	atschanz_C1606_084.raw	NT=ms-proteomics;VV=v1.1.0	NT=crosslinking;VV=v1.0.0
PXD019724_mazadeh_C1507_269	NT=Gallus gallus (chicken);AC=NCBITaxon:9031	NT=Oryctolagus cuniculus (rabbit);AC=NCBITaxon:9986	NT=Bos taurus (bovine);AC=NCBITaxon:9913	not available	not available	22	PXD019724_mazadeh_C1507_269_assay	proteomic profiling by mass spectrometry	data-dependent acquisition	NT=label free sample;AC=MS:1002038	1	1	not available	NT=Lys-C;AC=MS:1001309	NT=Carbamidomethyl;AC=UNIMOD:4;TA=C;MT=Fixed	NT=Oxidation;AC=UNIMOD:21;TA=M;MT=Variable	not available	not available	NT=['pimelic dihydrazide (PDH)', '4-(4,6-Dimethoxy-1,3,5-triazin-2-yl)-4-methylmorpholinium (DMTMM) chloride'];AC=[None, None];TA=['D,E,nterm', 'D,E,nterm']	size exclusion chromatography (SEC)	not available	not available	not available	not available	mazadeh_C1507_269.raw	NT=ms-proteomics;VV=v1.1.0	NT=crosslinking;VV=v1.0.0
PXD019724_mazadeh_C1507_264	NT=Gallus gallus (chicken);AC=NCBITaxon:9031	NT=Oryctolagus cuniculus (rabbit);AC=NCBITaxon:9986	NT=Bos taurus (bovine);AC=NCBITaxon:9913	not available	not available	23	PXD019724_mazadeh_C1507_264_assay	proteomic profiling by mass spectrometry	data-dependent acquisition	NT=label free sample;AC=MS:1002038	1	1	not available	NT=Lys-C;AC=MS:1001309	NT=Carbamidomethyl;AC=UNIMOD:4;TA=C;MT=Fixed	NT=Oxidation;AC=UNIMOD:21;TA=M;MT=Variable	not available	not available	NT=['pimelic dihydrazide (PDH)', '4-(4,6-Dimethoxy-1,3,5-triazin-2-yl)-4-methylmorpholinium (DMTMM) chloride'];AC=[None, None];TA=['D,E,nterm', 'D,E,nterm']	size exclusion chromatography (SEC)	not available	not available	not available	not available	mazadeh_C1507_264.raw	NT=ms-proteomics;VV=v1.1.0	NT=crosslinking;VV=v1.0.0
PXD019724_mazadeh_C1507_284	NT=Gallus gallus (chicken);AC=NCBITaxon:9031	NT=Oryctolagus cuniculus (rabbit);AC=NCBITaxon:9986	NT=Bos taurus (bovine);AC=NCBITaxon:9913	not available	not available	24	PXD019724_mazadeh_C1507_284_assay	proteomic profiling by mass spectrometry	data-dependent acquisition	NT=label free sample;AC=MS:1002038	1	1	not available	NT=Lys-C;AC=MS:1001309	NT=Carbamidomethyl;AC=UNIMOD:4;TA=C;MT=Fixed	NT=Oxidation;AC=UNIMOD:21;TA=M;MT=Variable	not available	not available	NT=['pimelic dihydrazide (PDH)', '4-(4,6-Dimethoxy-1,3,5-triazin-2-yl)-4-methylmorpholinium (DMTMM) chloride'];AC=[None, None];TA=['D,E,nterm', 'D,E,nterm']	size exclusion chromatography (SEC)	not available	not available	not available	not available	mazadeh_C1507_284.raw	NT=ms-proteomics;VV=v1.1.0	NT=crosslinking;VV=v1.0.0
PXD019724_mazadeh_C1508_018	NT=Gallus gallus (chicken);AC=NCBITaxon:9031	NT=Oryctolagus cuniculus (rabbit);AC=NCBITaxon:9986	NT=Bos taurus (bovine);AC=NCBITaxon:9913	not available	not available	25	PXD019724_mazadeh_C1508_018_assay	proteomic profiling by mass spectrometry	data-dependent acquisition	NT=label free sample;AC=MS:1002038	1	1	not available	NT=Lys-C;AC=MS:1001309	NT=Carbamidomethyl;AC=UNIMOD:4;TA=C;MT=Fixed	NT=Oxidation;AC=UNIMOD:21;TA=M;MT=Variable	not available	not available	NT=['pimelic dihydrazide (PDH)', '4-(4,6-Dimethoxy-1,3,5-triazin-2-yl)-4-methylmorpholinium (DMTMM) chloride'];AC=[None, None];TA=['D,E,nterm', 'D,E,nterm']	size exclusion chromatography (SEC)	not available	not available	not available	not available	mazadeh_C1508_018.raw	NT=ms-proteomics;VV=v1.1.0	NT=crosslinking;VV=v1.0.0
PXD019724_atschanz_C1606_042	NT=Gallus gallus (chicken);AC=NCBITaxon:9031	NT=Oryctolagus cuniculus (rabbit);AC=NCBITaxon:9986	NT=Bos taurus (bovine);AC=NCBITaxon:9913	not available	not available	26	PXD019724_atschanz_C1606_042_assay	proteomic profiling by mass spectrometry	data-dependent acquisition	NT=label free sample;AC=MS:1002038	1	1	not available	NT=Lys-C;AC=MS:1001309	NT=Carbamidomethyl;AC=UNIMOD:4;TA=C;MT=Fixed	NT=Oxidation;AC=UNIMOD:21;TA=M;MT=Variable	not available	not available	NT=['pimelic dihydrazide (PDH)', '4-(4,6-Dimethoxy-1,3,5-triazin-2-yl)-4-methylmorpholinium (DMTMM) chloride'];AC=[None, None];TA=['D,E,nterm', 'D,E,nterm']	size exclusion chromatography (SEC)	not available	not available	not available	not available	atschanz_C1606_042.raw	NT=ms-proteomics;VV=v1.1.0	NT=crosslinking;VV=v1.0.0
PXD019724_atschanz_C1606_070	NT=Gallus gallus (chicken);AC=NCBITaxon:9031	NT=Oryctolagus cuniculus (rabbit);AC=NCBITaxon:9986	NT=Bos taurus (bovine);AC=NCBITaxon:9913	not available	not available	27	PXD019724_atschanz_C1606_070_assay	proteomic profiling by mass spectrometry	data-dependent acquisition	NT=label free sample;AC=MS:1002038	1	1	not available	NT=Lys-C;AC=MS:1001309	NT=Carbamidomethyl;AC=UNIMOD:4;TA=C;MT=Fixed	NT=Oxidation;AC=UNIMOD:21;TA=M;MT=Variable	not available	not available	NT=['pimelic dihydrazide (PDH)', '4-(4,6-Dimethoxy-1,3,5-triazin-2-yl)-4-methylmorpholinium (DMTMM) chloride'];AC=[None, None];TA=['D,E,nterm', 'D,E,nterm']	size exclusion chromatography (SEC)	not available	not available	not available	not available	atschanz_C1606_070.raw	NT=ms-proteomics;VV=v1.1.0	NT=crosslinking;VV=v1.0.0
PXD019724_atschanz_C1606_040	NT=Gallus gallus (chicken);AC=NCBITaxon:9031	NT=Oryctolagus cuniculus (rabbit);AC=NCBITaxon:9986	NT=Bos taurus (bovine);AC=NCBITaxon:9913	not available	not available	28	PXD019724_atschanz_C1606_040_assay	proteomic profiling by mass spectrometry	data-dependent acquisition	NT=label free sample;AC=MS:1002038	1	1	not available	NT=Lys-C;AC=MS:1001309	NT=Carbamidomethyl;AC=UNIMOD:4;TA=C;MT=Fixed	NT=Oxidation;AC=UNIMOD:21;TA=M;MT=Variable	not available	not available	NT=['pimelic dihydrazide (PDH)', '4-(4,6-Dimethoxy-1,3,5-triazin-2-yl)-4-methylmorpholinium (DMTMM) chloride'];AC=[None, None];TA=['D,E,nterm', 'D,E,nterm']	size exclusion chromatography (SEC)	not available	not available	not available	not available	atschanz_C1606_040.raw	NT=ms-proteomics;VV=v1.1.0	NT=crosslinking;VV=v1.0.0
PXD019724_atschanz_C1606_024	NT=Gallus gallus (chicken);AC=NCBITaxon:9031	NT=Oryctolagus cuniculus (rabbit);AC=NCBITaxon:9986	NT=Bos taurus (bovine);AC=NCBITaxon:9913	not available	not available	29	PXD019724_atschanz_C1606_024_assay	proteomic profiling by mass spectrometry	data-dependent acquisition	NT=label free sample;AC=MS:1002038	1	1	not available	NT=Lys-C;AC=MS:1001309	NT=Carbamidomethyl;AC=UNIMOD:4;TA=C;MT=Fixed	NT=Oxidation;AC=UNIMOD:21;TA=M;MT=Variable	not available	not available	NT=['pimelic dihydrazide (PDH)', '4-(4,6-Dimethoxy-1,3,5-triazin-2-yl)-4-methylmorpholinium (DMTMM) chloride'];AC=[None, None];TA=['D,E,nterm', 'D,E,nterm']	size exclusion chromatography (SEC)	not available	not available	not available	not available	atschanz_C1606_024.raw	NT=ms-proteomics;VV=v1.1.0	NT=crosslinking;VV=v1.0.0
PXD019724_mazadeh_C1508_002	NT=Gallus gallus (chicken);AC=NCBITaxon:9031	NT=Oryctolagus cuniculus (rabbit);AC=NCBITaxon:9986	NT=Bos taurus (bovine);AC=NCBITaxon:9913	not available	not available	30	PXD019724_mazadeh_C1508_002_assay	proteomic profiling by mass spectrometry	data-dependent acquisition	NT=label free sample;AC=MS:1002038	1	1	not available	NT=Lys-C;AC=MS:1001309	NT=Carbamidomethyl;AC=UNIMOD:4;TA=C;MT=Fixed	NT=Oxidation;AC=UNIMOD:21;TA=M;MT=Variable	not available	not available	NT=['pimelic dihydrazide (PDH)', '4-(4,6-Dimethoxy-1,3,5-triazin-2-yl)-4-methylmorpholinium (DMTMM) chloride'];AC=[None, None];TA=['D,E,nterm', 'D,E,nterm']	size exclusion chromatography (SEC)	not available	not available	not available	not available	mazadeh_C1508_002.raw	NT=ms-proteomics;VV=v1.1.0	NT=crosslinking;VV=v1.0.0
PXD019724_mazadeh_C1507_295	NT=Gallus gallus (chicken);AC=NCBITaxon:9031	NT=Oryctolagus cuniculus (rabbit);AC=NCBITaxon:9986	NT=Bos taurus (bovine);AC=NCBITaxon:9913	not available	not available	31	PXD019724_mazadeh_C1507_295_assay	proteomic profiling by mass spectrometry	data-dependent acquisition	NT=label free sample;AC=MS:1002038	1	1	not available	NT=Lys-C;AC=MS:1001309	NT=Carbamidomethyl;AC=UNIMOD:4;TA=C;MT=Fixed	NT=Oxidation;AC=UNIMOD:21;TA=M;MT=Variable	not available	not available	NT=['pimelic dihydrazide (PDH)', '4-(4,6-Dimethoxy-1,3,5-triazin-2-yl)-4-methylmorpholinium (DMTMM) chloride'];AC=[None, None];TA=['D,E,nterm', 'D,E,nterm']	size exclusion chromatography (SEC)	not available	not available	not available	not available	mazadeh_C1507_295.raw	NT=ms-proteomics;VV=v1.1.0	NT=crosslinking;VV=v1.0.0
PXD019724_mazadeh_C1508_066	NT=Gallus gallus (chicken);AC=NCBITaxon:9031	NT=Oryctolagus cuniculus (rabbit);AC=NCBITaxon:9986	NT=Bos taurus (bovine);AC=NCBITaxon:9913	not available	not available	32	PXD019724_mazadeh_C1508_066_assay	proteomic profiling by mass spectrometry	data-dependent acquisition	NT=label free sample;AC=MS:1002038	1	1	not available	NT=Lys-C;AC=MS:1001309	NT=Carbamidomethyl;AC=UNIMOD:4;TA=C;MT=Fixed	NT=Oxidation;AC=UNIMOD:21;TA=M;MT=Variable	not available	not available	NT=['pimelic dihydrazide (PDH)', '4-(4,6-Dimethoxy-1,3,5-triazin-2-yl)-4-methylmorpholinium (DMTMM) chloride'];AC=[None, None];TA=['D,E,nterm', 'D,E,nterm']	size exclusion chromatography (SEC)	not available	not available	not available	not available	mazadeh_C1508_066.raw	NT=ms-proteomics;VV=v1.1.0	NT=crosslinking;VV=v1.0.0
PXD019724_atschanz_C1606_092	NT=Gallus gallus (chicken);AC=NCBITaxon:9031	NT=Oryctolagus cuniculus (rabbit);AC=NCBITaxon:9986	NT=Bos taurus (bovine);AC=NCBITaxon:9913	not available	not available	33	PXD019724_atschanz_C1606_092_assay	proteomic profiling by mass spectrometry	data-dependent acquisition	NT=label free sample;AC=MS:1002038	1	1	not available	NT=Lys-C;AC=MS:1001309	NT=Carbamidomethyl;AC=UNIMOD:4;TA=C;MT=Fixed	NT=Oxidation;AC=UNIMOD:21;TA=M;MT=Variable	not available	not available	NT=['pimelic dihydrazide (PDH)', '4-(4,6-Dimethoxy-1,3,5-triazin-2-yl)-4-methylmorpholinium (DMTMM) chloride'];AC=[None, None];TA=['D,E,nterm', 'D,E,nterm']	size exclusion chromatography (SEC)	not available	not available	not available	not available	atschanz_C1606_092.raw	NT=ms-proteomics;VV=v1.1.0	NT=crosslinking;VV=v1.0.0
PXD019724_mazadeh_C1507_296	NT=Gallus gallus (chicken);AC=NCBITaxon:9031	NT=Oryctolagus cuniculus (rabbit);AC=NCBITaxon:9986	NT=Bos taurus (bovine);AC=NCBITaxon:9913	not available	not available	34	PXD019724_mazadeh_C1507_296_assay	proteomic profiling by mass spectrometry	data-dependent acquisition	NT=label free sample;AC=MS:1002038	1	1	not available	NT=Lys-C;AC=MS:1001309	NT=Carbamidomethyl;AC=UNIMOD:4;TA=C;MT=Fixed	NT=Oxidation;AC=UNIMOD:21;TA=M;MT=Variable	not available	not available	NT=['pimelic dihydrazide (PDH)', '4-(4,6-Dimethoxy-1,3,5-triazin-2-yl)-4-methylmorpholinium (DMTMM) chloride'];AC=[None, None];TA=['D,E,nterm', 'D,E,nterm']	size exclusion chromatography (SEC)	not available	not available	not available	not available	mazadeh_C1507_296.raw	NT=ms-proteomics;VV=v1.1.0	NT=crosslinking;VV=v1.0.0
PXD019724_mazadeh_C1508_012	NT=Gallus gallus (chicken);AC=NCBITaxon:9031	NT=Oryctolagus cuniculus (rabbit);AC=NCBITaxon:9986	NT=Bos taurus (bovine);AC=NCBITaxon:9913	not available	not available	35	PXD019724_mazadeh_C1508_012_assay	proteomic profiling by mass spectrometry	data-dependent acquisition	NT=label free sample;AC=MS:1002038	1	1	not available	NT=Lys-C;AC=MS:1001309	NT=Carbamidomethyl;AC=UNIMOD:4;TA=C;MT=Fixed	NT=Oxidation;AC=UNIMOD:21;TA=M;MT=Variable	not available	not available	NT=['pimelic dihydrazide (PDH)', '4-(4,6-Dimethoxy-1,3,5-triazin-2-yl)-4-methylmorpholinium (DMTMM) chloride'];AC=[None, None];TA=['D,E,nterm', 'D,E,nterm']	size exclusion chromatography (SEC)	not available	not available	not available	not available	mazadeh_C1508_012.raw	NT=ms-proteomics;VV=v1.1.0	NT=crosslinking;VV=v1.0.0
PXD019724_mazadeh_C1507_278	NT=Gallus gallus (chicken);AC=NCBITaxon:9031	NT=Oryctolagus cuniculus (rabbit);AC=NCBITaxon:9986	NT=Bos taurus (bovine);AC=NCBITaxon:9913	not available	not available	36	PXD019724_mazadeh_C1507_278_assay	proteomic profiling by mass spectrometry	data-dependent acquisition	NT=label free sample;AC=MS:1002038	1	1	not available	NT=Lys-C;AC=MS:1001309	NT=Carbamidomethyl;AC=UNIMOD:4;TA=C;MT=Fixed	NT=Oxidation;AC=UNIMOD:21;TA=M;MT=Variable	not available	not available	NT=['pimelic dihydrazide (PDH)', '4-(4,6-Dimethoxy-1,3,5-triazin-2-yl)-4-methylmorpholinium (DMTMM) chloride'];AC=[None, None];TA=['D,E,nterm', 'D,E,nterm']	size exclusion chromatography (SEC)	not available	not available	not available	not available	mazadeh_C1507_278.raw	NT=ms-proteomics;VV=v1.1.0	NT=crosslinking;VV=v1.0.0
PXD019724_mazadeh_C1507_262	NT=Gallus gallus (chicken);AC=NCBITaxon:9031	NT=Oryctolagus cuniculus (rabbit);AC=NCBITaxon:9986	NT=Bos taurus (bovine);AC=NCBITaxon:9913	not available	not available	37	PXD019724_mazadeh_C1507_262_assay	proteomic profiling by mass spectrometry	data-dependent acquisition	NT=label free sample;AC=MS:1002038	1	1	not available	NT=Lys-C;AC=MS:1001309	NT=Carbamidomethyl;AC=UNIMOD:4;TA=C;MT=Fixed	NT=Oxidation;AC=UNIMOD:21;TA=M;MT=Variable	not available	not available	NT=['pimelic dihydrazide (PDH)', '4-(4,6-Dimethoxy-1,3,5-triazin-2-yl)-4-methylmorpholinium (DMTMM) chloride'];AC=[None, None];TA=['D,E,nterm', 'D,E,nterm']	size exclusion chromatography (SEC)	not available	not available	not available	not available	mazadeh_C1507_262.raw	NT=ms-proteomics;VV=v1.1.0	NT=crosslinking;VV=v1.0.0
PXD019724_mazadeh_C1508_030	NT=Gallus gallus (chicken);AC=NCBITaxon:9031	NT=Oryctolagus cuniculus (rabbit);AC=NCBITaxon:9986	NT=Bos taurus (bovine);AC=NCBITaxon:9913	not available	not available	38	PXD019724_mazadeh_C1508_030_assay	proteomic profiling by mass spectrometry	data-dependent acquisition	NT=label free sample;AC=MS:1002038	1	1	not available	NT=Lys-C;AC=MS:1001309	NT=Carbamidomethyl;AC=UNIMOD:4;TA=C;MT=Fixed	NT=Oxidation;AC=UNIMOD:21;TA=M;MT=Variable	not available	not available	NT=['pimelic dihydrazide (PDH)', '4-(4,6-Dimethoxy-1,3,5-triazin-2-yl)-4-methylmorpholinium (DMTMM) chloride'];AC=[None, None];TA=['D,E,nterm', 'D,E,nterm']	size exclusion chromatography (SEC)	not available	not available	not available	not available	mazadeh_C1508_030.raw	NT=ms-proteomics;VV=v1.1.0	NT=crosslinking;VV=v1.0.0
PXD019724_mazadeh_C1507_255	NT=Gallus gallus (chicken);AC=NCBITaxon:9031	NT=Oryctolagus cuniculus (rabbit);AC=NCBITaxon:9986	NT=Bos taurus (bovine);AC=NCBITaxon:9913	not available	not available	39	PXD019724_mazadeh_C1507_255_assay	proteomic profiling by mass spectrometry	data-dependent acquisition	NT=label free sample;AC=MS:1002038	1	1	not available	NT=Lys-C;AC=MS:1001309	NT=Carbamidomethyl;AC=UNIMOD:4;TA=C;MT=Fixed	NT=Oxidation;AC=UNIMOD:21;TA=M;MT=Variable	not available	not available	NT=['pimelic dihydrazide (PDH)', '4-(4,6-Dimethoxy-1,3,5-triazin-2-yl)-4-methylmorpholinium (DMTMM) chloride'];AC=[None, None];TA=['D,E,nterm', 'D,E,nterm']	size exclusion chromatography (SEC)	not available	not available	not available	not available	mazadeh_C1507_255.raw	NT=ms-proteomics;VV=v1.1.0	NT=crosslinking;VV=v1.0.0
PXD019724_mazadeh_C1508_059	NT=Gallus gallus (chicken);AC=NCBITaxon:9031	NT=Oryctolagus cuniculus (rabbit);AC=NCBITaxon:9986	NT=Bos taurus (bovine);AC=NCBITaxon:9913	not available	not available	40	PXD019724_mazadeh_C1508_059_assay	proteomic profiling by mass spectrometry	data-dependent acquisition	NT=label free sample;AC=MS:1002038	1	1	not available	NT=Lys-C;AC=MS:1001309	NT=Carbamidomethyl;AC=UNIMOD:4;TA=C;MT=Fixed	NT=Oxidation;AC=UNIMOD:21;TA=M;MT=Variable	not available	not available	NT=['pimelic dihydrazide (PDH)', '4-(4,6-Dimethoxy-1,3,5-triazin-2-yl)-4-methylmorpholinium (DMTMM) chloride'];AC=[None, None];TA=['D,E,nterm', 'D,E,nterm']	size exclusion chromatography (SEC)	not available	not available	not available	not available	mazadeh_C1508_059.raw	NT=ms-proteomics;VV=v1.1.0	NT=crosslinking;VV=v1.0.0
PXD019724_atschanz_C1606_025	NT=Gallus gallus (chicken);AC=NCBITaxon:9031	NT=Oryctolagus cuniculus (rabbit);AC=NCBITaxon:9986	NT=Bos taurus (bovine);AC=NCBITaxon:9913	not available	not available	41	PXD019724_atschanz_C1606_025_assay	proteomic profiling by mass spectrometry	data-dependent acquisition	NT=label free sample;AC=MS:1002038	1	1	not available	NT=Lys-C;AC=MS:1001309	NT=Carbamidomethyl;AC=UNIMOD:4;TA=C;MT=Fixed	NT=Oxidation;AC=UNIMOD:21;TA=M;MT=Variable	not available	not available	NT=['pimelic dihydrazide (PDH)', '4-(4,6-Dimethoxy-1,3,5-triazin-2-yl)-4-methylmorpholinium (DMTMM) chloride'];AC=[None, None];TA=['D,E,nterm', 'D,E,nterm']	size exclusion chromatography (SEC)	not available	not available	not available	not available	atschanz_C1606_025.raw	NT=ms-proteomics;VV=v1.1.0	NT=crosslinking;VV=v1.0.0
PXD019724_atschanz_C1606_080	NT=Gallus gallus (chicken);AC=NCBITaxon:9031	NT=Oryctolagus cuniculus (rabbit);AC=NCBITaxon:9986	NT=Bos taurus (bovine);AC=NCBITaxon:9913	not available	not available	42	PXD019724_atschanz_C1606_080_assay	proteomic profiling by mass spectrometry	data-dependent acquisition	NT=label free sample;AC=MS:1002038	1	1	not available	NT=Lys-C;AC=MS:1001309	NT=Carbamidomethyl;AC=UNIMOD:4;TA=C;MT=Fixed	NT=Oxidation;AC=UNIMOD:21;TA=M;MT=Variable	not available	not available	NT=['pimelic dihydrazide (PDH)', '4-(4,6-Dimethoxy-1,3,5-triazin-2-yl)-4-methylmorpholinium (DMTMM) chloride'];AC=[None, None];TA=['D,E,nterm', 'D,E,nterm']	size exclusion chromatography (SEC)	not available	not available	not available	not available	atschanz_C1606_080.raw	NT=ms-proteomics;VV=v1.1.0	NT=crosslinking;VV=v1.0.0
PXD019724_mazadeh_C1507_250	NT=Gallus gallus (chicken);AC=NCBITaxon:9031	NT=Oryctolagus cuniculus (rabbit);AC=NCBITaxon:9986	NT=Bos taurus (bovine);AC=NCBITaxon:9913	not available	not available	43	PXD019724_mazadeh_C1507_250_assay	proteomic profiling by mass spectrometry	data-dependent acquisition	NT=label free sample;AC=MS:1002038	1	1	not available	NT=Lys-C;AC=MS:1001309	NT=Carbamidomethyl;AC=UNIMOD:4;TA=C;MT=Fixed	NT=Oxidation;AC=UNIMOD:21;TA=M;MT=Variable	not available	not available	NT=['pimelic dihydrazide (PDH)', '4-(4,6-Dimethoxy-1,3,5-triazin-2-yl)-4-methylmorpholinium (DMTMM) chloride'];AC=[None, None];TA=['D,E,nterm', 'D,E,nterm']	size exclusion chromatography (SEC)	not available	not available	not available	not available	mazadeh_C1507_250.raw	NT=ms-proteomics;VV=v1.1.0	NT=crosslinking;VV=v1.0.0
PXD019724_atschanz_C1606_049	NT=Gallus gallus (chicken);AC=NCBITaxon:9031	NT=Oryctolagus cuniculus (rabbit);AC=NCBITaxon:9986	NT=Bos taurus (bovine);AC=NCBITaxon:9913	not available	not available	44	PXD019724_atschanz_C1606_049_assay	proteomic profiling by mass spectrometry	data-dependent acquisition	NT=label free sample;AC=MS:1002038	1	1	not available	NT=Lys-C;AC=MS:1001309	NT=Carbamidomethyl;AC=UNIMOD:4;TA=C;MT=Fixed	NT=Oxidation;AC=UNIMOD:21;TA=M;MT=Variable	not available	not available	NT=['pimelic dihydrazide (PDH)', '4-(4,6-Dimethoxy-1,3,5-triazin-2-yl)-4-methylmorpholinium (DMTMM) chloride'];AC=[None, None];TA=['D,E,nterm', 'D,E,nterm']	size exclusion chromatography (SEC)	not available	not available	not available	not available	atschanz_C1606_049.raw	NT=ms-proteomics;VV=v1.1.0	NT=crosslinking;VV=v1.0.0
PXD019724_atschanz_C1606_026	NT=Gallus gallus (chicken);AC=NCBITaxon:9031	NT=Oryctolagus cuniculus (rabbit);AC=NCBITaxon:9986	NT=Bos taurus (bovine);AC=NCBITaxon:9913	not available	not available	45	PXD019724_atschanz_C1606_026_assay	proteomic profiling by mass spectrometry	data-dependent acquisition	NT=label free sample;AC=MS:1002038	1	1	not available	NT=Lys-C;AC=MS:1001309	NT=Carbamidomethyl;AC=UNIMOD:4;TA=C;MT=Fixed	NT=Oxidation;AC=UNIMOD:21;TA=M;MT=Variable	not available	not available	NT=['pimelic dihydrazide (PDH)', '4-(4,6-Dimethoxy-1,3,5-triazin-2-yl)-4-methylmorpholinium (DMTMM) chloride'];AC=[None, None];TA=['D,E,nterm', 'D,E,nterm']	size exclusion chromatography (SEC)	not available	not available	not available	not available	atschanz_C1606_026.raw	NT=ms-proteomics;VV=v1.1.0	NT=crosslinking;VV=v1.0.0
PXD019724_mazadeh_C1508_020	NT=Gallus gallus (chicken);AC=NCBITaxon:9031	NT=Oryctolagus cuniculus (rabbit);AC=NCBITaxon:9986	NT=Bos taurus (bovine);AC=NCBITaxon:9913	not available	not available	46	PXD019724_mazadeh_C1508_020_assay	proteomic profiling by mass spectrometry	data-dependent acquisition	NT=label free sample;AC=MS:1002038	1	1	not available	NT=Lys-C;AC=MS:1001309	NT=Carbamidomethyl;AC=UNIMOD:4;TA=C;MT=Fixed	NT=Oxidation;AC=UNIMOD:21;TA=M;MT=Variable	not available	not available	NT=['pimelic dihydrazide (PDH)', '4-(4,6-Dimethoxy-1,3,5-triazin-2-yl)-4-methylmorpholinium (DMTMM) chloride'];AC=[None, None];TA=['D,E,nterm', 'D,E,nterm']	size exclusion chromatography (SEC)	not available	not available	not available	not available	mazadeh_C1508_020.raw	NT=ms-proteomics;VV=v1.1.0	NT=crosslinking;VV=v1.0.0
PXD019724_mazadeh_C1507_306	NT=Gallus gallus (chicken);AC=NCBITaxon:9031	NT=Oryctolagus cuniculus (rabbit);AC=NCBITaxon:9986	NT=Bos taurus (bovine);AC=NCBITaxon:9913	not available	not available	47	PXD019724_mazadeh_C1507_306_assay	proteomic profiling by mass spectrometry	data-dependent acquisition	NT=label free sample;AC=MS:1002038	1	1	not available	NT=Lys-C;AC=MS:1001309	NT=Carbamidomethyl;AC=UNIMOD:4;TA=C;MT=Fixed	NT=Oxidation;AC=UNIMOD:21;TA=M;MT=Variable	not available	not available	NT=['pimelic dihydrazide (PDH)', '4-(4,6-Dimethoxy-1,3,5-triazin-2-yl)-4-methylmorpholinium (DMTMM) chloride'];AC=[None, None];TA=['D,E,nterm', 'D,E,nterm']	size exclusion chromatography (SEC)	not available	not available	not available	not available	mazadeh_C1507_306.raw	NT=ms-proteomics;VV=v1.1.0	NT=crosslinking;VV=v1.0.0
PXD019724_atschanz_C1606_043	NT=Gallus gallus (chicken);AC=NCBITaxon:9031	NT=Oryctolagus cuniculus (rabbit);AC=NCBITaxon:9986	NT=Bos taurus (bovine);AC=NCBITaxon:9913	not available	not available	48	PXD019724_atschanz_C1606_043_assay	proteomic profiling by mass spectrometry	data-dependent acquisition	NT=label free sample;AC=MS:1002038	1	1	not available	NT=Lys-C;AC=MS:1001309	NT=Carbamidomethyl;AC=UNIMOD:4;TA=C;MT=Fixed	NT=Oxidation;AC=UNIMOD:21;TA=M;MT=Variable	not available	not available	NT=['pimelic dihydrazide (PDH)', '4-(4,6-Dimethoxy-1,3,5-triazin-2-yl)-4-methylmorpholinium (DMTMM) chloride'];AC=[None, None];TA=['D,E,nterm', 'D,E,nterm']	size exclusion chromatography (SEC)	not available	not available	not available	not available	atschanz_C1606_043.raw	NT=ms-proteomics;VV=v1.1.0	NT=crosslinking;VV=v1.0.0
PXD019724_mazadeh_C1507_290	NT=Gallus gallus (chicken);AC=NCBITaxon:9031	NT=Oryctolagus cuniculus (rabbit);AC=NCBITaxon:9986	NT=Bos taurus (bovine);AC=NCBITaxon:9913	not available	not available	49	PXD019724_mazadeh_C1507_290_assay	proteomic profiling by mass spectrometry	data-dependent acquisition	NT=label free sample;AC=MS:1002038	1	1	not available	NT=Lys-C;AC=MS:1001309	NT=Carbamidomethyl;AC=UNIMOD:4;TA=C;MT=Fixed	NT=Oxidation;AC=UNIMOD:21;TA=M;MT=Variable	not available	not available	NT=['pimelic dihydrazide (PDH)', '4-(4,6-Dimethoxy-1,3,5-triazin-2-yl)-4-methylmorpholinium (DMTMM) chloride'];AC=[None, None];TA=['D,E,nterm', 'D,E,nterm']	size exclusion chromatography (SEC)	not available	not available	not available	not available	mazadeh_C1507_290.raw	NT=ms-proteomics;VV=v1.1.0	NT=crosslinking;VV=v1.0.0
PXD019724_atschanz_C1606_081	NT=Gallus gallus (chicken);AC=NCBITaxon:9031	NT=Oryctolagus cuniculus (rabbit);AC=NCBITaxon:9986	NT=Bos taurus (bovine);AC=NCBITaxon:9913	not available	not available	50	PXD019724_atschanz_C1606_081_assay	proteomic profiling by mass spectrometry	data-dependent acquisition	NT=label free sample;AC=MS:1002038	1	1	not available	NT=Lys-C;AC=MS:1001309	NT=Carbamidomethyl;AC=UNIMOD:4;TA=C;MT=Fixed	NT=Oxidation;AC=UNIMOD:21;TA=M;MT=Variable	not available	not available	NT=['pimelic dihydrazide (PDH)', '4-(4,6-Dimethoxy-1,3,5-triazin-2-yl)-4-methylmorpholinium (DMTMM) chloride'];AC=[None, None];TA=['D,E,nterm', 'D,E,nterm']	size exclusion chromatography (SEC)	not available	not available	not available	not available	atschanz_C1606_081.raw	NT=ms-proteomics;VV=v1.1.0	NT=crosslinking;VV=v1.0.0
PXD019724_mazadeh_C1507_257	NT=Gallus gallus (chicken);AC=NCBITaxon:9031	NT=Oryctolagus cuniculus (rabbit);AC=NCBITaxon:9986	NT=Bos taurus (bovine);AC=NCBITaxon:9913	not available	not available	51	PXD019724_mazadeh_C1507_257_assay	proteomic profiling by mass spectrometry	data-dependent acquisition	NT=label free sample;AC=MS:1002038	1	1	not available	NT=Lys-C;AC=MS:1001309	NT=Carbamidomethyl;AC=UNIMOD:4;TA=C;MT=Fixed	NT=Oxidation;AC=UNIMOD:21;TA=M;MT=Variable	not available	not available	NT=['pimelic dihydrazide (PDH)', '4-(4,6-Dimethoxy-1,3,5-triazin-2-yl)-4-methylmorpholinium (DMTMM) chloride'];AC=[None, None];TA=['D,E,nterm', 'D,E,nterm']	size exclusion chromatography (SEC)	not available	not available	not available	not available	mazadeh_C1507_257.raw	NT=ms-proteomics;VV=v1.1.0	NT=crosslinking;VV=v1.0.0
PXD019724_atschanz_C1606_039	NT=Gallus gallus (chicken);AC=NCBITaxon:9031	NT=Oryctolagus cuniculus (rabbit);AC=NCBITaxon:9986	NT=Bos taurus (bovine);AC=NCBITaxon:9913	not available	not available	52	PXD019724_atschanz_C1606_039_assay	proteomic profiling by mass spectrometry	data-dependent acquisition	NT=label free sample;AC=MS:1002038	1	1	not available	NT=Lys-C;AC=MS:1001309	NT=Carbamidomethyl;AC=UNIMOD:4;TA=C;MT=Fixed	NT=Oxidation;AC=UNIMOD:21;TA=M;MT=Variable	not available	not available	NT=['pimelic dihydrazide (PDH)', '4-(4,6-Dimethoxy-1,3,5-triazin-2-yl)-4-methylmorpholinium (DMTMM) chloride'];AC=[None, None];TA=['D,E,nterm', 'D,E,nterm']	size exclusion chromatography (SEC)	not available	not available	not available	not available	atschanz_C1606_039.raw	NT=ms-proteomics;VV=v1.1.0	NT=crosslinking;VV=v1.0.0
PXD019724_mazadeh_C1507_313	NT=Gallus gallus (chicken);AC=NCBITaxon:9031	NT=Oryctolagus cuniculus (rabbit);AC=NCBITaxon:9986	NT=Bos taurus (bovine);AC=NCBITaxon:9913	not available	not available	53	PXD019724_mazadeh_C1507_313_assay	proteomic profiling by mass spectrometry	data-dependent acquisition	NT=label free sample;AC=MS:1002038	1	1	not available	NT=Lys-C;AC=MS:1001309	NT=Carbamidomethyl;AC=UNIMOD:4;TA=C;MT=Fixed	NT=Oxidation;AC=UNIMOD:21;TA=M;MT=Variable	not available	not available	NT=['pimelic dihydrazide (PDH)', '4-(4,6-Dimethoxy-1,3,5-triazin-2-yl)-4-methylmorpholinium (DMTMM) chloride'];AC=[None, None];TA=['D,E,nterm', 'D,E,nterm']	size exclusion chromatography (SEC)	not available	not available	not available	not available	mazadeh_C1507_313.raw	NT=ms-proteomics;VV=v1.1.0	NT=crosslinking;VV=v1.0.0
PXD019724_atschanz_C1606_044	NT=Gallus gallus (chicken);AC=NCBITaxon:9031	NT=Oryctolagus cuniculus (rabbit);AC=NCBITaxon:9986	NT=Bos taurus (bovine);AC=NCBITaxon:9913	not available	not available	54	PXD019724_atschanz_C1606_044_assay	proteomic profiling by mass spectrometry	data-dependent acquisition	NT=label free sample;AC=MS:1002038	1	1	not available	NT=Lys-C;AC=MS:1001309	NT=Carbamidomethyl;AC=UNIMOD:4;TA=C;MT=Fixed	NT=Oxidation;AC=UNIMOD:21;TA=M;MT=Variable	not available	not available	NT=['pimelic dihydrazide (PDH)', '4-(4,6-Dimethoxy-1,3,5-triazin-2-yl)-4-methylmorpholinium (DMTMM) chloride'];AC=[None, None];TA=['D,E,nterm', 'D,E,nterm']	size exclusion chromatography (SEC)	not available	not available	not available	not available	atschanz_C1606_044.raw	NT=ms-proteomics;VV=v1.1.0	NT=crosslinking;VV=v1.0.0
PXD019724_mazadeh_C1508_057	NT=Gallus gallus (chicken);AC=NCBITaxon:9031	NT=Oryctolagus cuniculus (rabbit);AC=NCBITaxon:9986	NT=Bos taurus (bovine);AC=NCBITaxon:9913	not available	not available	55	PXD019724_mazadeh_C1508_057_assay	proteomic profiling by mass spectrometry	data-dependent acquisition	NT=label free sample;AC=MS:1002038	1	1	not available	NT=Lys-C;AC=MS:1001309	NT=Carbamidomethyl;AC=UNIMOD:4;TA=C;MT=Fixed	NT=Oxidation;AC=UNIMOD:21;TA=M;MT=Variable	not available	not available	NT=['pimelic dihydrazide (PDH)', '4-(4,6-Dimethoxy-1,3,5-triazin-2-yl)-4-methylmorpholinium (DMTMM) chloride'];AC=[None, None];TA=['D,E,nterm', 'D,E,nterm']	size exclusion chromatography (SEC)	not available	not available	not available	not available	mazadeh_C1508_057.raw	NT=ms-proteomics;VV=v1.1.0	NT=crosslinking;VV=v1.0.0
PXD019724_mazadeh_C1507_283	NT=Gallus gallus (chicken);AC=NCBITaxon:9031	NT=Oryctolagus cuniculus (rabbit);AC=NCBITaxon:9986	NT=Bos taurus (bovine);AC=NCBITaxon:9913	not available	not available	56	PXD019724_mazadeh_C1507_283_assay	proteomic profiling by mass spectrometry	data-dependent acquisition	NT=label free sample;AC=MS:1002038	1	1	not available	NT=Lys-C;AC=MS:1001309	NT=Carbamidomethyl;AC=UNIMOD:4;TA=C;MT=Fixed	NT=Oxidation;AC=UNIMOD:21;TA=M;MT=Variable	not available	not available	NT=['pimelic dihydrazide (PDH)', '4-(4,6-Dimethoxy-1,3,5-triazin-2-yl)-4-methylmorpholinium (DMTMM) chloride'];AC=[None, None];TA=['D,E,nterm', 'D,E,nterm']	size exclusion chromatography (SEC)	not available	not available	not available	not available	mazadeh_C1507_283.raw	NT=ms-proteomics;VV=v1.1.0	NT=crosslinking;VV=v1.0.0
PXD019724_atschanz_C1606_073	NT=Gallus gallus (chicken);AC=NCBITaxon:9031	NT=Oryctolagus cuniculus (rabbit);AC=NCBITaxon:9986	NT=Bos taurus (bovine);AC=NCBITaxon:9913	not available	not available	57	PXD019724_atschanz_C1606_073_assay	proteomic profiling by mass spectrometry	data-dependent acquisition	NT=label free sample;AC=MS:1002038	1	1	not available	NT=Lys-C;AC=MS:1001309	NT=Carbamidomethyl;AC=UNIMOD:4;TA=C;MT=Fixed	NT=Oxidation;AC=UNIMOD:21;TA=M;MT=Variable	not available	not available	NT=['pimelic dihydrazide (PDH)', '4-(4,6-Dimethoxy-1,3,5-triazin-2-yl)-4-methylmorpholinium (DMTMM) chloride'];AC=[None, None];TA=['D,E,nterm', 'D,E,nterm']	size exclusion chromatography (SEC)	not available	not available	not available	not available	atschanz_C1606_073.raw	NT=ms-proteomics;VV=v1.1.0	NT=crosslinking;VV=v1.0.0
PXD019724_mazadeh_C1508_054	NT=Gallus gallus (chicken);AC=NCBITaxon:9031	NT=Oryctolagus cuniculus (rabbit);AC=NCBITaxon:9986	NT=Bos taurus (bovine);AC=NCBITaxon:9913	not available	not available	58	PXD019724_mazadeh_C1508_054_assay	proteomic profiling by mass spectrometry	data-dependent acquisition	NT=label free sample;AC=MS:1002038	1	1	not available	NT=Lys-C;AC=MS:1001309	NT=Carbamidomethyl;AC=UNIMOD:4;TA=C;MT=Fixed	NT=Oxidation;AC=UNIMOD:21;TA=M;MT=Variable	not available	not available	NT=['pimelic dihydrazide (PDH)', '4-(4,6-Dimethoxy-1,3,5-triazin-2-yl)-4-methylmorpholinium (DMTMM) chloride'];AC=[None, None];TA=['D,E,nterm', 'D,E,nterm']	size exclusion chromatography (SEC)	not available	not available	not available	not available	mazadeh_C1508_054.raw	NT=ms-proteomics;VV=v1.1.0	NT=crosslinking;VV=v1.0.0
PXD019724_mazadeh_C1508_023	NT=Gallus gallus (chicken);AC=NCBITaxon:9031	NT=Oryctolagus cuniculus (rabbit);AC=NCBITaxon:9986	NT=Bos taurus (bovine);AC=NCBITaxon:9913	not available	not available	59	PXD019724_mazadeh_C1508_023_assay	proteomic profiling by mass spectrometry	data-dependent acquisition	NT=label free sample;AC=MS:1002038	1	1	not available	NT=Lys-C;AC=MS:1001309	NT=Carbamidomethyl;AC=UNIMOD:4;TA=C;MT=Fixed	NT=Oxidation;AC=UNIMOD:21;TA=M;MT=Variable	not available	not available	NT=['pimelic dihydrazide (PDH)', '4-(4,6-Dimethoxy-1,3,5-triazin-2-yl)-4-methylmorpholinium (DMTMM) chloride'];AC=[None, None];TA=['D,E,nterm', 'D,E,nterm']	size exclusion chromatography (SEC)	not available	not available	not available	not available	mazadeh_C1508_023.raw	NT=ms-proteomics;VV=v1.1.0	NT=crosslinking;VV=v1.0.0
PXD019724_atschanz_C1606_077	NT=Gallus gallus (chicken);AC=NCBITaxon:9031	NT=Oryctolagus cuniculus (rabbit);AC=NCBITaxon:9986	NT=Bos taurus (bovine);AC=NCBITaxon:9913	not available	not available	60	PXD019724_atschanz_C1606_077_assay	proteomic profiling by mass spectrometry	data-dependent acquisition	NT=label free sample;AC=MS:1002038	1	1	not available	NT=Lys-C;AC=MS:1001309	NT=Carbamidomethyl;AC=UNIMOD:4;TA=C;MT=Fixed	NT=Oxidation;AC=UNIMOD:21;TA=M;MT=Variable	not available	not available	NT=['pimelic dihydrazide (PDH)', '4-(4,6-Dimethoxy-1,3,5-triazin-2-yl)-4-methylmorpholinium (DMTMM) chloride'];AC=[None, None];TA=['D,E,nterm', 'D,E,nterm']	size exclusion chromatography (SEC)	not available	not available	not available	not available	atschanz_C1606_077.raw	NT=ms-proteomics;VV=v1.1.0	NT=crosslinking;VV=v1.0.0
PXD019724_mazadeh_C1507_274	NT=Gallus gallus (chicken);AC=NCBITaxon:9031	NT=Oryctolagus cuniculus (rabbit);AC=NCBITaxon:9986	NT=Bos taurus (bovine);AC=NCBITaxon:9913	not available	not available	61	PXD019724_mazadeh_C1507_274_assay	proteomic profiling by mass spectrometry	data-dependent acquisition	NT=label free sample;AC=MS:1002038	1	1	not available	NT=Lys-C;AC=MS:1001309	NT=Carbamidomethyl;AC=UNIMOD:4;TA=C;MT=Fixed	NT=Oxidation;AC=UNIMOD:21;TA=M;MT=Variable	not available	not available	NT=['pimelic dihydrazide (PDH)', '4-(4,6-Dimethoxy-1,3,5-triazin-2-yl)-4-methylmorpholinium (DMTMM) chloride'];AC=[None, None];TA=['D,E,nterm', 'D,E,nterm']	size exclusion chromatography (SEC)	not available	not available	not available	not available	mazadeh_C1507_274.raw	NT=ms-proteomics;VV=v1.1.0	NT=crosslinking;VV=v1.0.0
PXD019724_mazadeh_C1507_261	NT=Gallus gallus (chicken);AC=NCBITaxon:9031	NT=Oryctolagus cuniculus (rabbit);AC=NCBITaxon:9986	NT=Bos taurus (bovine);AC=NCBITaxon:9913	not available	not available	62	PXD019724_mazadeh_C1507_261_assay	proteomic profiling by mass spectrometry	data-dependent acquisition	NT=label free sample;AC=MS:1002038	1	1	not available	NT=Lys-C;AC=MS:1001309	NT=Carbamidomethyl;AC=UNIMOD:4;TA=C;MT=Fixed	NT=Oxidation;AC=UNIMOD:21;TA=M;MT=Variable	not available	not available	NT=['pimelic dihydrazide (PDH)', '4-(4,6-Dimethoxy-1,3,5-triazin-2-yl)-4-methylmorpholinium (DMTMM) chloride'];AC=[None, None];TA=['D,E,nterm', 'D,E,nterm']	size exclusion chromatography (SEC)	not available	not available	not available	not available	mazadeh_C1507_261.raw	NT=ms-proteomics;VV=v1.1.0	NT=crosslinking;VV=v1.0.0
PXD019724_mazadeh_C1508_034	NT=Gallus gallus (chicken);AC=NCBITaxon:9031	NT=Oryctolagus cuniculus (rabbit);AC=NCBITaxon:9986	NT=Bos taurus (bovine);AC=NCBITaxon:9913	not available	not available	63	PXD019724_mazadeh_C1508_034_assay	proteomic profiling by mass spectrometry	data-dependent acquisition	NT=label free sample;AC=MS:1002038	1	1	not available	NT=Lys-C;AC=MS:1001309	NT=Carbamidomethyl;AC=UNIMOD:4;TA=C;MT=Fixed	NT=Oxidation;AC=UNIMOD:21;TA=M;MT=Variable	not available	not available	NT=['pimelic dihydrazide (PDH)', '4-(4,6-Dimethoxy-1,3,5-triazin-2-yl)-4-methylmorpholinium (DMTMM) chloride'];AC=[None, None];TA=['D,E,nterm', 'D,E,nterm']	size exclusion chromatography (SEC)	not available	not available	not available	not available	mazadeh_C1508_034.raw	NT=ms-proteomics;VV=v1.1.0	NT=crosslinking;VV=v1.0.0
PXD019724_mazadeh_C1508_019	NT=Gallus gallus (chicken);AC=NCBITaxon:9031	NT=Oryctolagus cuniculus (rabbit);AC=NCBITaxon:9986	NT=Bos taurus (bovine);AC=NCBITaxon:9913	not available	not available	64	PXD019724_mazadeh_C1508_019_assay	proteomic profiling by mass spectrometry	data-dependent acquisition	NT=label free sample;AC=MS:1002038	1	1	not available	NT=Lys-C;AC=MS:1001309	NT=Carbamidomethyl;AC=UNIMOD:4;TA=C;MT=Fixed	NT=Oxidation;AC=UNIMOD:21;TA=M;MT=Variable	not available	not available	NT=['pimelic dihydrazide (PDH)', '4-(4,6-Dimethoxy-1,3,5-triazin-2-yl)-4-methylmorpholinium (DMTMM) chloride'];AC=[None, None];TA=['D,E,nterm', 'D,E,nterm']	size exclusion chromatography (SEC)	not available	not available	not available	not available	mazadeh_C1508_019.raw	NT=ms-proteomics;VV=v1.1.0	NT=crosslinking;VV=v1.0.0
PXD019724_atschanz_C1606_088	NT=Gallus gallus (chicken);AC=NCBITaxon:9031	NT=Oryctolagus cuniculus (rabbit);AC=NCBITaxon:9986	NT=Bos taurus (bovine);AC=NCBITaxon:9913	not available	not available	65	PXD019724_atschanz_C1606_088_assay	proteomic profiling by mass spectrometry	data-dependent acquisition	NT=label free sample;AC=MS:1002038	1	1	not available	NT=Lys-C;AC=MS:1001309	NT=Carbamidomethyl;AC=UNIMOD:4;TA=C;MT=Fixed	NT=Oxidation;AC=UNIMOD:21;TA=M;MT=Variable	not available	not available	NT=['pimelic dihydrazide (PDH)', '4-(4,6-Dimethoxy-1,3,5-triazin-2-yl)-4-methylmorpholinium (DMTMM) chloride'];AC=[None, None];TA=['D,E,nterm', 'D,E,nterm']	size exclusion chromatography (SEC)	not available	not available	not available	not available	atschanz_C1606_088.raw	NT=ms-proteomics;VV=v1.1.0	NT=crosslinking;VV=v1.0.0
PXD019724_atschanz_C1606_098	NT=Gallus gallus (chicken);AC=NCBITaxon:9031	NT=Oryctolagus cuniculus (rabbit);AC=NCBITaxon:9986	NT=Bos taurus (bovine);AC=NCBITaxon:9913	not available	not available	66	PXD019724_atschanz_C1606_098_assay	proteomic profiling by mass spectrometry	data-dependent acquisition	NT=label free sample;AC=MS:1002038	1	1	not available	NT=Lys-C;AC=MS:1001309	NT=Carbamidomethyl;AC=UNIMOD:4;TA=C;MT=Fixed	NT=Oxidation;AC=UNIMOD:21;TA=M;MT=Variable	not available	not available	NT=['pimelic dihydrazide (PDH)', '4-(4,6-Dimethoxy-1,3,5-triazin-2-yl)-4-methylmorpholinium (DMTMM) chloride'];AC=[None, None];TA=['D,E,nterm', 'D,E,nterm']	size exclusion chromatography (SEC)	not available	not available	not available	not available	atschanz_C1606_098.raw	NT=ms-proteomics;VV=v1.1.0	NT=crosslinking;VV=v1.0.0
PXD019724_mazadeh_C1507_280	NT=Gallus gallus (chicken);AC=NCBITaxon:9031	NT=Oryctolagus cuniculus (rabbit);AC=NCBITaxon:9986	NT=Bos taurus (bovine);AC=NCBITaxon:9913	not available	not available	67	PXD019724_mazadeh_C1507_280_assay	proteomic profiling by mass spectrometry	data-dependent acquisition	NT=label free sample;AC=MS:1002038	1	1	not available	NT=Lys-C;AC=MS:1001309	NT=Carbamidomethyl;AC=UNIMOD:4;TA=C;MT=Fixed	NT=Oxidation;AC=UNIMOD:21;TA=M;MT=Variable	not available	not available	NT=['pimelic dihydrazide (PDH)', '4-(4,6-Dimethoxy-1,3,5-triazin-2-yl)-4-methylmorpholinium (DMTMM) chloride'];AC=[None, None];TA=['D,E,nterm', 'D,E,nterm']	size exclusion chromatography (SEC)	not available	not available	not available	not available	mazadeh_C1507_280.raw	NT=ms-proteomics;VV=v1.1.0	NT=crosslinking;VV=v1.0.0
PXD019724_mazadeh_C1508_010	NT=Gallus gallus (chicken);AC=NCBITaxon:9031	NT=Oryctolagus cuniculus (rabbit);AC=NCBITaxon:9986	NT=Bos taurus (bovine);AC=NCBITaxon:9913	not available	not available	68	PXD019724_mazadeh_C1508_010_assay	proteomic profiling by mass spectrometry	data-dependent acquisition	NT=label free sample;AC=MS:1002038	1	1	not available	NT=Lys-C;AC=MS:1001309	NT=Carbamidomethyl;AC=UNIMOD:4;TA=C;MT=Fixed	NT=Oxidation;AC=UNIMOD:21;TA=M;MT=Variable	not available	not available	NT=['pimelic dihydrazide (PDH)', '4-(4,6-Dimethoxy-1,3,5-triazin-2-yl)-4-methylmorpholinium (DMTMM) chloride'];AC=[None, None];TA=['D,E,nterm', 'D,E,nterm']	size exclusion chromatography (SEC)	not available	not available	not available	not available	mazadeh_C1508_010.raw	NT=ms-proteomics;VV=v1.1.0	NT=crosslinking;VV=v1.0.0
PXD019724_atschanz_C1606_079	NT=Gallus gallus (chicken);AC=NCBITaxon:9031	NT=Oryctolagus cuniculus (rabbit);AC=NCBITaxon:9986	NT=Bos taurus (bovine);AC=NCBITaxon:9913	not available	not available	69	PXD019724_atschanz_C1606_079_assay	proteomic profiling by mass spectrometry	data-dependent acquisition	NT=label free sample;AC=MS:1002038	1	1	not available	NT=Lys-C;AC=MS:1001309	NT=Carbamidomethyl;AC=UNIMOD:4;TA=C;MT=Fixed	NT=Oxidation;AC=UNIMOD:21;TA=M;MT=Variable	not available	not available	NT=['pimelic dihydrazide (PDH)', '4-(4,6-Dimethoxy-1,3,5-triazin-2-yl)-4-methylmorpholinium (DMTMM) chloride'];AC=[None, None];TA=['D,E,nterm', 'D,E,nterm']	size exclusion chromatography (SEC)	not available	not available	not available	not available	atschanz_C1606_079.raw	NT=ms-proteomics;VV=v1.1.0	NT=crosslinking;VV=v1.0.0
PXD019724_atschanz_C1606_093	NT=Gallus gallus (chicken);AC=NCBITaxon:9031	NT=Oryctolagus cuniculus (rabbit);AC=NCBITaxon:9986	NT=Bos taurus (bovine);AC=NCBITaxon:9913	not available	not available	70	PXD019724_atschanz_C1606_093_assay	proteomic profiling by mass spectrometry	data-dependent acquisition	NT=label free sample;AC=MS:1002038	1	1	not available	NT=Lys-C;AC=MS:1001309	NT=Carbamidomethyl;AC=UNIMOD:4;TA=C;MT=Fixed	NT=Oxidation;AC=UNIMOD:21;TA=M;MT=Variable	not available	not available	NT=['pimelic dihydrazide (PDH)', '4-(4,6-Dimethoxy-1,3,5-triazin-2-yl)-4-methylmorpholinium (DMTMM) chloride'];AC=[None, None];TA=['D,E,nterm', 'D,E,nterm']	size exclusion chromatography (SEC)	not available	not available	not available	not available	atschanz_C1606_093.raw	NT=ms-proteomics;VV=v1.1.0	NT=crosslinking;VV=v1.0.0
PXD019724_mazadeh_C1507_281	NT=Gallus gallus (chicken);AC=NCBITaxon:9031	NT=Oryctolagus cuniculus (rabbit);AC=NCBITaxon:9986	NT=Bos taurus (bovine);AC=NCBITaxon:9913	not available	not available	71	PXD019724_mazadeh_C1507_281_assay	proteomic profiling by mass spectrometry	data-dependent acquisition	NT=label free sample;AC=MS:1002038	1	1	not available	NT=Lys-C;AC=MS:1001309	NT=Carbamidomethyl;AC=UNIMOD:4;TA=C;MT=Fixed	NT=Oxidation;AC=UNIMOD:21;TA=M;MT=Variable	not available	not available	NT=['pimelic dihydrazide (PDH)', '4-(4,6-Dimethoxy-1,3,5-triazin-2-yl)-4-methylmorpholinium (DMTMM) chloride'];AC=[None, None];TA=['D,E,nterm', 'D,E,nterm']	size exclusion chromatography (SEC)	not available	not available	not available	not available	mazadeh_C1507_281.raw	NT=ms-proteomics;VV=v1.1.0	NT=crosslinking;VV=v1.0.0
PXD019724_atschanz_C1606_057	NT=Gallus gallus (chicken);AC=NCBITaxon:9031	NT=Oryctolagus cuniculus (rabbit);AC=NCBITaxon:9986	NT=Bos taurus (bovine);AC=NCBITaxon:9913	not available	not available	72	PXD019724_atschanz_C1606_057_assay	proteomic profiling by mass spectrometry	data-dependent acquisition	NT=label free sample;AC=MS:1002038	1	1	not available	NT=Lys-C;AC=MS:1001309	NT=Carbamidomethyl;AC=UNIMOD:4;TA=C;MT=Fixed	NT=Oxidation;AC=UNIMOD:21;TA=M;MT=Variable	not available	not available	NT=['pimelic dihydrazide (PDH)', '4-(4,6-Dimethoxy-1,3,5-triazin-2-yl)-4-methylmorpholinium (DMTMM) chloride'];AC=[None, None];TA=['D,E,nterm', 'D,E,nterm']	size exclusion chromatography (SEC)	not available	not available	not available	not available	atschanz_C1606_057.raw	NT=ms-proteomics;VV=v1.1.0	NT=crosslinking;VV=v1.0.0
PXD019724_atschanz_C1606_061	NT=Gallus gallus (chicken);AC=NCBITaxon:9031	NT=Oryctolagus cuniculus (rabbit);AC=NCBITaxon:9986	NT=Bos taurus (bovine);AC=NCBITaxon:9913	not available	not available	73	PXD019724_atschanz_C1606_061_assay	proteomic profiling by mass spectrometry	data-dependent acquisition	NT=label free sample;AC=MS:1002038	1	1	not available	NT=Lys-C;AC=MS:1001309	NT=Carbamidomethyl;AC=UNIMOD:4;TA=C;MT=Fixed	NT=Oxidation;AC=UNIMOD:21;TA=M;MT=Variable	not available	not available	NT=['pimelic dihydrazide (PDH)', '4-(4,6-Dimethoxy-1,3,5-triazin-2-yl)-4-methylmorpholinium (DMTMM) chloride'];AC=[None, None];TA=['D,E,nterm', 'D,E,nterm']	size exclusion chromatography (SEC)	not available	not available	not available	not available	atschanz_C1606_061.raw	NT=ms-proteomics;VV=v1.1.0	NT=crosslinking;VV=v1.0.0
PXD019724_mazadeh_C1508_038	NT=Gallus gallus (chicken);AC=NCBITaxon:9031	NT=Oryctolagus cuniculus (rabbit);AC=NCBITaxon:9986	NT=Bos taurus (bovine);AC=NCBITaxon:9913	not available	not available	74	PXD019724_mazadeh_C1508_038_assay	proteomic profiling by mass spectrometry	data-dependent acquisition	NT=label free sample;AC=MS:1002038	1	1	not available	NT=Lys-C;AC=MS:1001309	NT=Carbamidomethyl;AC=UNIMOD:4;TA=C;MT=Fixed	NT=Oxidation;AC=UNIMOD:21;TA=M;MT=Variable	not available	not available	NT=['pimelic dihydrazide (PDH)', '4-(4,6-Dimethoxy-1,3,5-triazin-2-yl)-4-methylmorpholinium (DMTMM) chloride'];AC=[None, None];TA=['D,E,nterm', 'D,E,nterm']	size exclusion chromatography (SEC)	not available	not available	not available	not available	mazadeh_C1508_038.raw	NT=ms-proteomics;VV=v1.1.0	NT=crosslinking;VV=v1.0.0
PXD019724_atschanz_C1606_032	NT=Gallus gallus (chicken);AC=NCBITaxon:9031	NT=Oryctolagus cuniculus (rabbit);AC=NCBITaxon:9986	NT=Bos taurus (bovine);AC=NCBITaxon:9913	not available	not available	75	PXD019724_atschanz_C1606_032_assay	proteomic profiling by mass spectrometry	data-dependent acquisition	NT=label free sample;AC=MS:1002038	1	1	not available	NT=Lys-C;AC=MS:1001309	NT=Carbamidomethyl;AC=UNIMOD:4;TA=C;MT=Fixed	NT=Oxidation;AC=UNIMOD:21;TA=M;MT=Variable	not available	not available	NT=['pimelic dihydrazide (PDH)', '4-(4,6-Dimethoxy-1,3,5-triazin-2-yl)-4-methylmorpholinium (DMTMM) chloride'];AC=[None, None];TA=['D,E,nterm', 'D,E,nterm']	size exclusion chromatography (SEC)	not available	not available	not available	not available	atschanz_C1606_032.raw	NT=ms-proteomics;VV=v1.1.0	NT=crosslinking;VV=v1.0.0
PXD019724_mazadeh_C1507_310	NT=Gallus gallus (chicken);AC=NCBITaxon:9031	NT=Oryctolagus cuniculus (rabbit);AC=NCBITaxon:9986	NT=Bos taurus (bovine);AC=NCBITaxon:9913	not available	not available	76	PXD019724_mazadeh_C1507_310_assay	proteomic profiling by mass spectrometry	data-dependent acquisition	NT=label free sample;AC=MS:1002038	1	1	not available	NT=Lys-C;AC=MS:1001309	NT=Carbamidomethyl;AC=UNIMOD:4;TA=C;MT=Fixed	NT=Oxidation;AC=UNIMOD:21;TA=M;MT=Variable	not available	not available	NT=['pimelic dihydrazide (PDH)', '4-(4,6-Dimethoxy-1,3,5-triazin-2-yl)-4-methylmorpholinium (DMTMM) chloride'];AC=[None, None];TA=['D,E,nterm', 'D,E,nterm']	size exclusion chromatography (SEC)	not available	not available	not available	not available	mazadeh_C1507_310.raw	NT=ms-proteomics;VV=v1.1.0	NT=crosslinking;VV=v1.0.0
PXD019724_mazadeh_C1508_024	NT=Gallus gallus (chicken);AC=NCBITaxon:9031	NT=Oryctolagus cuniculus (rabbit);AC=NCBITaxon:9986	NT=Bos taurus (bovine);AC=NCBITaxon:9913	not available	not available	77	PXD019724_mazadeh_C1508_024_assay	proteomic profiling by mass spectrometry	data-dependent acquisition	NT=label free sample;AC=MS:1002038	1	1	not available	NT=Lys-C;AC=MS:1001309	NT=Carbamidomethyl;AC=UNIMOD:4;TA=C;MT=Fixed	NT=Oxidation;AC=UNIMOD:21;TA=M;MT=Variable	not available	not available	NT=['pimelic dihydrazide (PDH)', '4-(4,6-Dimethoxy-1,3,5-triazin-2-yl)-4-methylmorpholinium (DMTMM) chloride'];AC=[None, None];TA=['D,E,nterm', 'D,E,nterm']	size exclusion chromatography (SEC)	not available	not available	not available	not available	mazadeh_C1508_024.raw	NT=ms-proteomics;VV=v1.1.0	NT=crosslinking;VV=v1.0.0
PXD019724_atschanz_C1606_094	NT=Gallus gallus (chicken);AC=NCBITaxon:9031	NT=Oryctolagus cuniculus (rabbit);AC=NCBITaxon:9986	NT=Bos taurus (bovine);AC=NCBITaxon:9913	not available	not available	78	PXD019724_atschanz_C1606_094_assay	proteomic profiling by mass spectrometry	data-dependent acquisition	NT=label free sample;AC=MS:1002038	1	1	not available	NT=Lys-C;AC=MS:1001309	NT=Carbamidomethyl;AC=UNIMOD:4;TA=C;MT=Fixed	NT=Oxidation;AC=UNIMOD:21;TA=M;MT=Variable	not available	not available	NT=['pimelic dihydrazide (PDH)', '4-(4,6-Dimethoxy-1,3,5-triazin-2-yl)-4-methylmorpholinium (DMTMM) chloride'];AC=[None, None];TA=['D,E,nterm', 'D,E,nterm']	size exclusion chromatography (SEC)	not available	not available	not available	not available	atschanz_C1606_094.raw	NT=ms-proteomics;VV=v1.1.0	NT=crosslinking;VV=v1.0.0
PXD019724_mazadeh_C1507_246	NT=Gallus gallus (chicken);AC=NCBITaxon:9031	NT=Oryctolagus cuniculus (rabbit);AC=NCBITaxon:9986	NT=Bos taurus (bovine);AC=NCBITaxon:9913	not available	not available	79	PXD019724_mazadeh_C1507_246_assay	proteomic profiling by mass spectrometry	data-dependent acquisition	NT=label free sample;AC=MS:1002038	1	1	not available	NT=Lys-C;AC=MS:1001309	NT=Carbamidomethyl;AC=UNIMOD:4;TA=C;MT=Fixed	NT=Oxidation;AC=UNIMOD:21;TA=M;MT=Variable	not available	not available	NT=['pimelic dihydrazide (PDH)', '4-(4,6-Dimethoxy-1,3,5-triazin-2-yl)-4-methylmorpholinium (DMTMM) chloride'];AC=[None, None];TA=['D,E,nterm', 'D,E,nterm']	size exclusion chromatography (SEC)	not available	not available	not available	not available	mazadeh_C1507_246.raw	NT=ms-proteomics;VV=v1.1.0	NT=crosslinking;VV=v1.0.0
PXD019724_atschanz_C1606_082	NT=Gallus gallus (chicken);AC=NCBITaxon:9031	NT=Oryctolagus cuniculus (rabbit);AC=NCBITaxon:9986	NT=Bos taurus (bovine);AC=NCBITaxon:9913	not available	not available	80	PXD019724_atschanz_C1606_082_assay	proteomic profiling by mass spectrometry	data-dependent acquisition	NT=label free sample;AC=MS:1002038	1	1	not available	NT=Lys-C;AC=MS:1001309	NT=Carbamidomethyl;AC=UNIMOD:4;TA=C;MT=Fixed	NT=Oxidation;AC=UNIMOD:21;TA=M;MT=Variable	not available	not available	NT=['pimelic dihydrazide (PDH)', '4-(4,6-Dimethoxy-1,3,5-triazin-2-yl)-4-methylmorpholinium (DMTMM) chloride'];AC=[None, None];TA=['D,E,nterm', 'D,E,nterm']	size exclusion chromatography (SEC)	not available	not available	not available	not available	atschanz_C1606_082.raw	NT=ms-proteomics;VV=v1.1.0	NT=crosslinking;VV=v1.0.0
PXD019724_mazadeh_C1507_277	NT=Gallus gallus (chicken);AC=NCBITaxon:9031	NT=Oryctolagus cuniculus (rabbit);AC=NCBITaxon:9986	NT=Bos taurus (bovine);AC=NCBITaxon:9913	not available	not available	81	PXD019724_mazadeh_C1507_277_assay	proteomic profiling by mass spectrometry	data-dependent acquisition	NT=label free sample;AC=MS:1002038	1	1	not available	NT=Lys-C;AC=MS:1001309	NT=Carbamidomethyl;AC=UNIMOD:4;TA=C;MT=Fixed	NT=Oxidation;AC=UNIMOD:21;TA=M;MT=Variable	not available	not available	NT=['pimelic dihydrazide (PDH)', '4-(4,6-Dimethoxy-1,3,5-triazin-2-yl)-4-methylmorpholinium (DMTMM) chloride'];AC=[None, None];TA=['D,E,nterm', 'D,E,nterm']	size exclusion chromatography (SEC)	not available	not available	not available	not available	mazadeh_C1507_277.raw	NT=ms-proteomics;VV=v1.1.0	NT=crosslinking;VV=v1.0.0
PXD019724_atschanz_C1606_068	NT=Gallus gallus (chicken);AC=NCBITaxon:9031	NT=Oryctolagus cuniculus (rabbit);AC=NCBITaxon:9986	NT=Bos taurus (bovine);AC=NCBITaxon:9913	not available	not available	82	PXD019724_atschanz_C1606_068_assay	proteomic profiling by mass spectrometry	data-dependent acquisition	NT=label free sample;AC=MS:1002038	1	1	not available	NT=Lys-C;AC=MS:1001309	NT=Carbamidomethyl;AC=UNIMOD:4;TA=C;MT=Fixed	NT=Oxidation;AC=UNIMOD:21;TA=M;MT=Variable	not available	not available	NT=['pimelic dihydrazide (PDH)', '4-(4,6-Dimethoxy-1,3,5-triazin-2-yl)-4-methylmorpholinium (DMTMM) chloride'];AC=[None, None];TA=['D,E,nterm', 'D,E,nterm']	size exclusion chromatography (SEC)	not available	not available	not available	not available	atschanz_C1606_068.raw	NT=ms-proteomics;VV=v1.1.0	NT=crosslinking;VV=v1.0.0
PXD019724_mazadeh_C1508_009	NT=Gallus gallus (chicken);AC=NCBITaxon:9031	NT=Oryctolagus cuniculus (rabbit);AC=NCBITaxon:9986	NT=Bos taurus (bovine);AC=NCBITaxon:9913	not available	not available	83	PXD019724_mazadeh_C1508_009_assay	proteomic profiling by mass spectrometry	data-dependent acquisition	NT=label free sample;AC=MS:1002038	1	1	not available	NT=Lys-C;AC=MS:1001309	NT=Carbamidomethyl;AC=UNIMOD:4;TA=C;MT=Fixed	NT=Oxidation;AC=UNIMOD:21;TA=M;MT=Variable	not available	not available	NT=['pimelic dihydrazide (PDH)', '4-(4,6-Dimethoxy-1,3,5-triazin-2-yl)-4-methylmorpholinium (DMTMM) chloride'];AC=[None, None];TA=['D,E,nterm', 'D,E,nterm']	size exclusion chromatography (SEC)	not available	not available	not available	not available	mazadeh_C1508_009.raw	NT=ms-proteomics;VV=v1.1.0	NT=crosslinking;VV=v1.0.0
PXD019724_mazadeh_C1507_314	NT=Gallus gallus (chicken);AC=NCBITaxon:9031	NT=Oryctolagus cuniculus (rabbit);AC=NCBITaxon:9986	NT=Bos taurus (bovine);AC=NCBITaxon:9913	not available	not available	84	PXD019724_mazadeh_C1507_314_assay	proteomic profiling by mass spectrometry	data-dependent acquisition	NT=label free sample;AC=MS:1002038	1	1	not available	NT=Lys-C;AC=MS:1001309	NT=Carbamidomethyl;AC=UNIMOD:4;TA=C;MT=Fixed	NT=Oxidation;AC=UNIMOD:21;TA=M;MT=Variable	not available	not available	NT=['pimelic dihydrazide (PDH)', '4-(4,6-Dimethoxy-1,3,5-triazin-2-yl)-4-methylmorpholinium (DMTMM) chloride'];AC=[None, None];TA=['D,E,nterm', 'D,E,nterm']	size exclusion chromatography (SEC)	not available	not available	not available	not available	mazadeh_C1507_314.raw	NT=ms-proteomics;VV=v1.1.0	NT=crosslinking;VV=v1.0.0
PXD019724_mazadeh_C1508_015	NT=Gallus gallus (chicken);AC=NCBITaxon:9031	NT=Oryctolagus cuniculus (rabbit);AC=NCBITaxon:9986	NT=Bos taurus (bovine);AC=NCBITaxon:9913	not available	not available	85	PXD019724_mazadeh_C1508_015_assay	proteomic profiling by mass spectrometry	data-dependent acquisition	NT=label free sample;AC=MS:1002038	1	1	not available	NT=Lys-C;AC=MS:1001309	NT=Carbamidomethyl;AC=UNIMOD:4;TA=C;MT=Fixed	NT=Oxidation;AC=UNIMOD:21;TA=M;MT=Variable	not available	not available	NT=['pimelic dihydrazide (PDH)', '4-(4,6-Dimethoxy-1,3,5-triazin-2-yl)-4-methylmorpholinium (DMTMM) chloride'];AC=[None, None];TA=['D,E,nterm', 'D,E,nterm']	size exclusion chromatography (SEC)	not available	not available	not available	not available	mazadeh_C1508_015.raw	NT=ms-proteomics;VV=v1.1.0	NT=crosslinking;VV=v1.0.0
PXD019724_atschanz_C1606_067	NT=Gallus gallus (chicken);AC=NCBITaxon:9031	NT=Oryctolagus cuniculus (rabbit);AC=NCBITaxon:9986	NT=Bos taurus (bovine);AC=NCBITaxon:9913	not available	not available	86	PXD019724_atschanz_C1606_067_assay	proteomic profiling by mass spectrometry	data-dependent acquisition	NT=label free sample;AC=MS:1002038	1	1	not available	NT=Lys-C;AC=MS:1001309	NT=Carbamidomethyl;AC=UNIMOD:4;TA=C;MT=Fixed	NT=Oxidation;AC=UNIMOD:21;TA=M;MT=Variable	not available	not available	NT=['pimelic dihydrazide (PDH)', '4-(4,6-Dimethoxy-1,3,5-triazin-2-yl)-4-methylmorpholinium (DMTMM) chloride'];AC=[None, None];TA=['D,E,nterm', 'D,E,nterm']	size exclusion chromatography (SEC)	not available	not available	not available	not available	atschanz_C1606_067.raw	NT=ms-proteomics;VV=v1.1.0	NT=crosslinking;VV=v1.0.0
PXD019724_mazadeh_C1508_011	NT=Gallus gallus (chicken);AC=NCBITaxon:9031	NT=Oryctolagus cuniculus (rabbit);AC=NCBITaxon:9986	NT=Bos taurus (bovine);AC=NCBITaxon:9913	not available	not available	87	PXD019724_mazadeh_C1508_011_assay	proteomic profiling by mass spectrometry	data-dependent acquisition	NT=label free sample;AC=MS:1002038	1	1	not available	NT=Lys-C;AC=MS:1001309	NT=Carbamidomethyl;AC=UNIMOD:4;TA=C;MT=Fixed	NT=Oxidation;AC=UNIMOD:21;TA=M;MT=Variable	not available	not available	NT=['pimelic dihydrazide (PDH)', '4-(4,6-Dimethoxy-1,3,5-triazin-2-yl)-4-methylmorpholinium (DMTMM) chloride'];AC=[None, None];TA=['D,E,nterm', 'D,E,nterm']	size exclusion chromatography (SEC)	not available	not available	not available	not available	mazadeh_C1508_011.raw	NT=ms-proteomics;VV=v1.1.0	NT=crosslinking;VV=v1.0.0
PXD019724_atschanz_C1606_101	NT=Gallus gallus (chicken);AC=NCBITaxon:9031	NT=Oryctolagus cuniculus (rabbit);AC=NCBITaxon:9986	NT=Bos taurus (bovine);AC=NCBITaxon:9913	not available	not available	88	PXD019724_atschanz_C1606_101_assay	proteomic profiling by mass spectrometry	data-dependent acquisition	NT=label free sample;AC=MS:1002038	1	1	not available	NT=Lys-C;AC=MS:1001309	NT=Carbamidomethyl;AC=UNIMOD:4;TA=C;MT=Fixed	NT=Oxidation;AC=UNIMOD:21;TA=M;MT=Variable	not available	not available	NT=['pimelic dihydrazide (PDH)', '4-(4,6-Dimethoxy-1,3,5-triazin-2-yl)-4-methylmorpholinium (DMTMM) chloride'];AC=[None, None];TA=['D,E,nterm', 'D,E,nterm']	size exclusion chromatography (SEC)	not available	not available	not available	not available	atschanz_C1606_101.raw	NT=ms-proteomics;VV=v1.1.0	NT=crosslinking;VV=v1.0.0
PXD019724_mazadeh_C1508_005	NT=Gallus gallus (chicken);AC=NCBITaxon:9031	NT=Oryctolagus cuniculus (rabbit);AC=NCBITaxon:9986	NT=Bos taurus (bovine);AC=NCBITaxon:9913	not available	not available	89	PXD019724_mazadeh_C1508_005_assay	proteomic profiling by mass spectrometry	data-dependent acquisition	NT=label free sample;AC=MS:1002038	1	1	not available	NT=Lys-C;AC=MS:1001309	NT=Carbamidomethyl;AC=UNIMOD:4;TA=C;MT=Fixed	NT=Oxidation;AC=UNIMOD:21;TA=M;MT=Variable	not available	not available	NT=['pimelic dihydrazide (PDH)', '4-(4,6-Dimethoxy-1,3,5-triazin-2-yl)-4-methylmorpholinium (DMTMM) chloride'];AC=[None, None];TA=['D,E,nterm', 'D,E,nterm']	size exclusion chromatography (SEC)	not available	not available	not available	not available	mazadeh_C1508_005.raw	NT=ms-proteomics;VV=v1.1.0	NT=crosslinking;VV=v1.0.0
PXD019724_mazadeh_C1508_062	NT=Gallus gallus (chicken);AC=NCBITaxon:9031	NT=Oryctolagus cuniculus (rabbit);AC=NCBITaxon:9986	NT=Bos taurus (bovine);AC=NCBITaxon:9913	not available	not available	90	PXD019724_mazadeh_C1508_062_assay	proteomic profiling by mass spectrometry	data-dependent acquisition	NT=label free sample;AC=MS:1002038	1	1	not available	NT=Lys-C;AC=MS:1001309	NT=Carbamidomethyl;AC=UNIMOD:4;TA=C;MT=Fixed	NT=Oxidation;AC=UNIMOD:21;TA=M;MT=Variable	not available	not available	NT=['pimelic dihydrazide (PDH)', '4-(4,6-Dimethoxy-1,3,5-triazin-2-yl)-4-methylmorpholinium (DMTMM) chloride'];AC=[None, None];TA=['D,E,nterm', 'D,E,nterm']	size exclusion chromatography (SEC)	not available	not available	not available	not available	mazadeh_C1508_062.raw	NT=ms-proteomics;VV=v1.1.0	NT=crosslinking;VV=v1.0.0
PXD019724_mazadeh_C1508_001	NT=Gallus gallus (chicken);AC=NCBITaxon:9031	NT=Oryctolagus cuniculus (rabbit);AC=NCBITaxon:9986	NT=Bos taurus (bovine);AC=NCBITaxon:9913	not available	not available	91	PXD019724_mazadeh_C1508_001_assay	proteomic profiling by mass spectrometry	data-dependent acquisition	NT=label free sample;AC=MS:1002038	1	1	not available	NT=Lys-C;AC=MS:1001309	NT=Carbamidomethyl;AC=UNIMOD:4;TA=C;MT=Fixed	NT=Oxidation;AC=UNIMOD:21;TA=M;MT=Variable	not available	not available	NT=['pimelic dihydrazide (PDH)', '4-(4,6-Dimethoxy-1,3,5-triazin-2-yl)-4-methylmorpholinium (DMTMM) chloride'];AC=[None, None];TA=['D,E,nterm', 'D,E,nterm']	size exclusion chromatography (SEC)	not available	not available	not available	not available	mazadeh_C1508_001.raw	NT=ms-proteomics;VV=v1.1.0	NT=crosslinking;VV=v1.0.0
PXD019724_mazadeh_C1508_025	NT=Gallus gallus (chicken);AC=NCBITaxon:9031	NT=Oryctolagus cuniculus (rabbit);AC=NCBITaxon:9986	NT=Bos taurus (bovine);AC=NCBITaxon:9913	not available	not available	92	PXD019724_mazadeh_C1508_025_assay	proteomic profiling by mass spectrometry	data-dependent acquisition	NT=label free sample;AC=MS:1002038	1	1	not available	NT=Lys-C;AC=MS:1001309	NT=Carbamidomethyl;AC=UNIMOD:4;TA=C;MT=Fixed	NT=Oxidation;AC=UNIMOD:21;TA=M;MT=Variable	not available	not available	NT=['pimelic dihydrazide (PDH)', '4-(4,6-Dimethoxy-1,3,5-triazin-2-yl)-4-methylmorpholinium (DMTMM) chloride'];AC=[None, None];TA=['D,E,nterm', 'D,E,nterm']	size exclusion chromatography (SEC)	not available	not available	not available	not available	mazadeh_C1508_025.raw	NT=ms-proteomics;VV=v1.1.0	NT=crosslinking;VV=v1.0.0
PXD019724_atschanz_C1606_060	NT=Gallus gallus (chicken);AC=NCBITaxon:9031	NT=Oryctolagus cuniculus (rabbit);AC=NCBITaxon:9986	NT=Bos taurus (bovine);AC=NCBITaxon:9913	not available	not available	93	PXD019724_atschanz_C1606_060_assay	proteomic profiling by mass spectrometry	data-dependent acquisition	NT=label free sample;AC=MS:1002038	1	1	not available	NT=Lys-C;AC=MS:1001309	NT=Carbamidomethyl;AC=UNIMOD:4;TA=C;MT=Fixed	NT=Oxidation;AC=UNIMOD:21;TA=M;MT=Variable	not available	not available	NT=['pimelic dihydrazide (PDH)', '4-(4,6-Dimethoxy-1,3,5-triazin-2-yl)-4-methylmorpholinium (DMTMM) chloride'];AC=[None, None];TA=['D,E,nterm', 'D,E,nterm']	size exclusion chromatography (SEC)	not available	not available	not available	not available	atschanz_C1606_060.raw	NT=ms-proteomics;VV=v1.1.0	NT=crosslinking;VV=v1.0.0
PXD019724_mazadeh_C1507_253	NT=Gallus gallus (chicken);AC=NCBITaxon:9031	NT=Oryctolagus cuniculus (rabbit);AC=NCBITaxon:9986	NT=Bos taurus (bovine);AC=NCBITaxon:9913	not available	not available	94	PXD019724_mazadeh_C1507_253_assay	proteomic profiling by mass spectrometry	data-dependent acquisition	NT=label free sample;AC=MS:1002038	1	1	not available	NT=Lys-C;AC=MS:1001309	NT=Carbamidomethyl;AC=UNIMOD:4;TA=C;MT=Fixed	NT=Oxidation;AC=UNIMOD:21;TA=M;MT=Variable	not available	not available	NT=['pimelic dihydrazide (PDH)', '4-(4,6-Dimethoxy-1,3,5-triazin-2-yl)-4-methylmorpholinium (DMTMM) chloride'];AC=[None, None];TA=['D,E,nterm', 'D,E,nterm']	size exclusion chromatography (SEC)	not available	not available	not available	not available	mazadeh_C1507_253.raw	NT=ms-proteomics;VV=v1.1.0	NT=crosslinking;VV=v1.0.0
PXD019724_atschanz_C1606_059	NT=Gallus gallus (chicken);AC=NCBITaxon:9031	NT=Oryctolagus cuniculus (rabbit);AC=NCBITaxon:9986	NT=Bos taurus (bovine);AC=NCBITaxon:9913	not available	not available	95	PXD019724_atschanz_C1606_059_assay	proteomic profiling by mass spectrometry	data-dependent acquisition	NT=label free sample;AC=MS:1002038	1	1	not available	NT=Lys-C;AC=MS:1001309	NT=Carbamidomethyl;AC=UNIMOD:4;TA=C;MT=Fixed	NT=Oxidation;AC=UNIMOD:21;TA=M;MT=Variable	not available	not available	NT=['pimelic dihydrazide (PDH)', '4-(4,6-Dimethoxy-1,3,5-triazin-2-yl)-4-methylmorpholinium (DMTMM) chloride'];AC=[None, None];TA=['D,E,nterm', 'D,E,nterm']	size exclusion chromatography (SEC)	not available	not available	not available	not available	atschanz_C1606_059.raw	NT=ms-proteomics;VV=v1.1.0	NT=crosslinking;VV=v1.0.0
PXD019724_atschanz_C1606_103	NT=Gallus gallus (chicken);AC=NCBITaxon:9031	NT=Oryctolagus cuniculus (rabbit);AC=NCBITaxon:9986	NT=Bos taurus (bovine);AC=NCBITaxon:9913	not available	not available	96	PXD019724_atschanz_C1606_103_assay	proteomic profiling by mass spectrometry	data-dependent acquisition	NT=label free sample;AC=MS:1002038	1	1	not available	NT=Lys-C;AC=MS:1001309	NT=Carbamidomethyl;AC=UNIMOD:4;TA=C;MT=Fixed	NT=Oxidation;AC=UNIMOD:21;TA=M;MT=Variable	not available	not available	NT=['pimelic dihydrazide (PDH)', '4-(4,6-Dimethoxy-1,3,5-triazin-2-yl)-4-methylmorpholinium (DMTMM) chloride'];AC=[None, None];TA=['D,E,nterm', 'D,E,nterm']	size exclusion chromatography (SEC)	not available	not available	not available	not available	atschanz_C1606_103.raw	NT=ms-proteomics;VV=v1.1.0	NT=crosslinking;VV=v1.0.0
PXD019724_atschanz_C1606_030	NT=Gallus gallus (chicken);AC=NCBITaxon:9031	NT=Oryctolagus cuniculus (rabbit);AC=NCBITaxon:9986	NT=Bos taurus (bovine);AC=NCBITaxon:9913	not available	not available	97	PXD019724_atschanz_C1606_030_assay	proteomic profiling by mass spectrometry	data-dependent acquisition	NT=label free sample;AC=MS:1002038	1	1	not available	NT=Lys-C;AC=MS:1001309	NT=Carbamidomethyl;AC=UNIMOD:4;TA=C;MT=Fixed	NT=Oxidation;AC=UNIMOD:21;TA=M;MT=Variable	not available	not available	NT=['pimelic dihydrazide (PDH)', '4-(4,6-Dimethoxy-1,3,5-triazin-2-yl)-4-methylmorpholinium (DMTMM) chloride'];AC=[None, None];TA=['D,E,nterm', 'D,E,nterm']	size exclusion chromatography (SEC)	not available	not available	not available	not available	atschanz_C1606_030.raw	NT=ms-proteomics;VV=v1.1.0	NT=crosslinking;VV=v1.0.0
PXD019724_mazadeh_C1508_041	NT=Gallus gallus (chicken);AC=NCBITaxon:9031	NT=Oryctolagus cuniculus (rabbit);AC=NCBITaxon:9986	NT=Bos taurus (bovine);AC=NCBITaxon:9913	not available	not available	98	PXD019724_mazadeh_C1508_041_assay	proteomic profiling by mass spectrometry	data-dependent acquisition	NT=label free sample;AC=MS:1002038	1	1	not available	NT=Lys-C;AC=MS:1001309	NT=Carbamidomethyl;AC=UNIMOD:4;TA=C;MT=Fixed	NT=Oxidation;AC=UNIMOD:21;TA=M;MT=Variable	not available	not available	NT=['pimelic dihydrazide (PDH)', '4-(4,6-Dimethoxy-1,3,5-triazin-2-yl)-4-methylmorpholinium (DMTMM) chloride'];AC=[None, None];TA=['D,E,nterm', 'D,E,nterm']	size exclusion chromatography (SEC)	not available	not available	not available	not available	mazadeh_C1508_041.raw	NT=ms-proteomics;VV=v1.1.0	NT=crosslinking;VV=v1.0.0
PXD019724_atschanz_C1606_022	NT=Gallus gallus (chicken);AC=NCBITaxon:9031	NT=Oryctolagus cuniculus (rabbit);AC=NCBITaxon:9986	NT=Bos taurus (bovine);AC=NCBITaxon:9913	not available	not available	99	PXD019724_atschanz_C1606_022_assay	proteomic profiling by mass spectrometry	data-dependent acquisition	NT=label free sample;AC=MS:1002038	1	1	not available	NT=Lys-C;AC=MS:1001309	NT=Carbamidomethyl;AC=UNIMOD:4;TA=C;MT=Fixed	NT=Oxidation;AC=UNIMOD:21;TA=M;MT=Variable	not available	not available	NT=['pimelic dihydrazide (PDH)', '4-(4,6-Dimethoxy-1,3,5-triazin-2-yl)-4-methylmorpholinium (DMTMM) chloride'];AC=[None, None];TA=['D,E,nterm', 'D,E,nterm']	size exclusion chromatography (SEC)	not available	not available	not available	not available	atschanz_C1606_022.raw	NT=ms-proteomics;VV=v1.1.0	NT=crosslinking;VV=v1.0.0
PXD019724_atschanz_C1606_085	NT=Gallus gallus (chicken);AC=NCBITaxon:9031	NT=Oryctolagus cuniculus (rabbit);AC=NCBITaxon:9986	NT=Bos taurus (bovine);AC=NCBITaxon:9913	not available	not available	100	PXD019724_atschanz_C1606_085_assay	proteomic profiling by mass spectrometry	data-dependent acquisition	NT=label free sample;AC=MS:1002038	1	1	not available	NT=Lys-C;AC=MS:1001309	NT=Carbamidomethyl;AC=UNIMOD:4;TA=C;MT=Fixed	NT=Oxidation;AC=UNIMOD:21;TA=M;MT=Variable	not available	not available	NT=['pimelic dihydrazide (PDH)', '4-(4,6-Dimethoxy-1,3,5-triazin-2-yl)-4-methylmorpholinium (DMTMM) chloride'];AC=[None, None];TA=['D,E,nterm', 'D,E,nterm']	size exclusion chromatography (SEC)	not available	not available	not available	not available	atschanz_C1606_085.raw	NT=ms-proteomics;VV=v1.1.0	NT=crosslinking;VV=v1.0.0
PXD019724_atschanz_C1606_050	NT=Gallus gallus (chicken);AC=NCBITaxon:9031	NT=Oryctolagus cuniculus (rabbit);AC=NCBITaxon:9986	NT=Bos taurus (bovine);AC=NCBITaxon:9913	not available	not available	101	PXD019724_atschanz_C1606_050_assay	proteomic profiling by mass spectrometry	data-dependent acquisition	NT=label free sample;AC=MS:1002038	1	1	not available	NT=Lys-C;AC=MS:1001309	NT=Carbamidomethyl;AC=UNIMOD:4;TA=C;MT=Fixed	NT=Oxidation;AC=UNIMOD:21;TA=M;MT=Variable	not available	not available	NT=['pimelic dihydrazide (PDH)', '4-(4,6-Dimethoxy-1,3,5-triazin-2-yl)-4-methylmorpholinium (DMTMM) chloride'];AC=[None, None];TA=['D,E,nterm', 'D,E,nterm']	size exclusion chromatography (SEC)	not available	not available	not available	not available	atschanz_C1606_050.raw	NT=ms-proteomics;VV=v1.1.0	NT=crosslinking;VV=v1.0.0
PXD019724_atschanz_C1606_095	NT=Gallus gallus (chicken);AC=NCBITaxon:9031	NT=Oryctolagus cuniculus (rabbit);AC=NCBITaxon:9986	NT=Bos taurus (bovine);AC=NCBITaxon:9913	not available	not available	102	PXD019724_atschanz_C1606_095_assay	proteomic profiling by mass spectrometry	data-dependent acquisition	NT=label free sample;AC=MS:1002038	1	1	not available	NT=Lys-C;AC=MS:1001309	NT=Carbamidomethyl;AC=UNIMOD:4;TA=C;MT=Fixed	NT=Oxidation;AC=UNIMOD:21;TA=M;MT=Variable	not available	not available	NT=['pimelic dihydrazide (PDH)', '4-(4,6-Dimethoxy-1,3,5-triazin-2-yl)-4-methylmorpholinium (DMTMM) chloride'];AC=[None, None];TA=['D,E,nterm', 'D,E,nterm']	size exclusion chromatography (SEC)	not available	not available	not available	not available	atschanz_C1606_095.raw	NT=ms-proteomics;VV=v1.1.0	NT=crosslinking;VV=v1.0.0
PXD019724_mazadeh_C1508_050	NT=Gallus gallus (chicken);AC=NCBITaxon:9031	NT=Oryctolagus cuniculus (rabbit);AC=NCBITaxon:9986	NT=Bos taurus (bovine);AC=NCBITaxon:9913	not available	not available	103	PXD019724_mazadeh_C1508_050_assay	proteomic profiling by mass spectrometry	data-dependent acquisition	NT=label free sample;AC=MS:1002038	1	1	not available	NT=Lys-C;AC=MS:1001309	NT=Carbamidomethyl;AC=UNIMOD:4;TA=C;MT=Fixed	NT=Oxidation;AC=UNIMOD:21;TA=M;MT=Variable	not available	not available	NT=['pimelic dihydrazide (PDH)', '4-(4,6-Dimethoxy-1,3,5-triazin-2-yl)-4-methylmorpholinium (DMTMM) chloride'];AC=[None, None];TA=['D,E,nterm', 'D,E,nterm']	size exclusion chromatography (SEC)	not available	not available	not available	not available	mazadeh_C1508_050.raw	NT=ms-proteomics;VV=v1.1.0	NT=crosslinking;VV=v1.0.0
PXD019724_atschanz_C1606_064	NT=Gallus gallus (chicken);AC=NCBITaxon:9031	NT=Oryctolagus cuniculus (rabbit);AC=NCBITaxon:9986	NT=Bos taurus (bovine);AC=NCBITaxon:9913	not available	not available	104	PXD019724_atschanz_C1606_064_assay	proteomic profiling by mass spectrometry	data-dependent acquisition	NT=label free sample;AC=MS:1002038	1	1	not available	NT=Lys-C;AC=MS:1001309	NT=Carbamidomethyl;AC=UNIMOD:4;TA=C;MT=Fixed	NT=Oxidation;AC=UNIMOD:21;TA=M;MT=Variable	not available	not available	NT=['pimelic dihydrazide (PDH)', '4-(4,6-Dimethoxy-1,3,5-triazin-2-yl)-4-methylmorpholinium (DMTMM) chloride'];AC=[None, None];TA=['D,E,nterm', 'D,E,nterm']	size exclusion chromatography (SEC)	not available	not available	not available	not available	atschanz_C1606_064.raw	NT=ms-proteomics;VV=v1.1.0	NT=crosslinking;VV=v1.0.0
PXD019724_atschanz_C1606_028	NT=Gallus gallus (chicken);AC=NCBITaxon:9031	NT=Oryctolagus cuniculus (rabbit);AC=NCBITaxon:9986	NT=Bos taurus (bovine);AC=NCBITaxon:9913	not available	not available	105	PXD019724_atschanz_C1606_028_assay	proteomic profiling by mass spectrometry	data-dependent acquisition	NT=label free sample;AC=MS:1002038	1	1	not available	NT=Lys-C;AC=MS:1001309	NT=Carbamidomethyl;AC=UNIMOD:4;TA=C;MT=Fixed	NT=Oxidation;AC=UNIMOD:21;TA=M;MT=Variable	not available	not available	NT=['pimelic dihydrazide (PDH)', '4-(4,6-Dimethoxy-1,3,5-triazin-2-yl)-4-methylmorpholinium (DMTMM) chloride'];AC=[None, None];TA=['D,E,nterm', 'D,E,nterm']	size exclusion chromatography (SEC)	not available	not available	not available	not available	atschanz_C1606_028.raw	NT=ms-proteomics;VV=v1.1.0	NT=crosslinking;VV=v1.0.0
PXD019724_mazadeh_C1507_288	NT=Gallus gallus (chicken);AC=NCBITaxon:9031	NT=Oryctolagus cuniculus (rabbit);AC=NCBITaxon:9986	NT=Bos taurus (bovine);AC=NCBITaxon:9913	not available	not available	106	PXD019724_mazadeh_C1507_288_assay	proteomic profiling by mass spectrometry	data-dependent acquisition	NT=label free sample;AC=MS:1002038	1	1	not available	NT=Lys-C;AC=MS:1001309	NT=Carbamidomethyl;AC=UNIMOD:4;TA=C;MT=Fixed	NT=Oxidation;AC=UNIMOD:21;TA=M;MT=Variable	not available	not available	NT=['pimelic dihydrazide (PDH)', '4-(4,6-Dimethoxy-1,3,5-triazin-2-yl)-4-methylmorpholinium (DMTMM) chloride'];AC=[None, None];TA=['D,E,nterm', 'D,E,nterm']	size exclusion chromatography (SEC)	not available	not available	not available	not available	mazadeh_C1507_288.raw	NT=ms-proteomics;VV=v1.1.0	NT=crosslinking;VV=v1.0.0
PXD019724_atschanz_C1606_047	NT=Gallus gallus (chicken);AC=NCBITaxon:9031	NT=Oryctolagus cuniculus (rabbit);AC=NCBITaxon:9986	NT=Bos taurus (bovine);AC=NCBITaxon:9913	not available	not available	107	PXD019724_atschanz_C1606_047_assay	proteomic profiling by mass spectrometry	data-dependent acquisition	NT=label free sample;AC=MS:1002038	1	1	not available	NT=Lys-C;AC=MS:1001309	NT=Carbamidomethyl;AC=UNIMOD:4;TA=C;MT=Fixed	NT=Oxidation;AC=UNIMOD:21;TA=M;MT=Variable	not available	not available	NT=['pimelic dihydrazide (PDH)', '4-(4,6-Dimethoxy-1,3,5-triazin-2-yl)-4-methylmorpholinium (DMTMM) chloride'];AC=[None, None];TA=['D,E,nterm', 'D,E,nterm']	size exclusion chromatography (SEC)	not available	not available	not available	not available	atschanz_C1606_047.raw	NT=ms-proteomics;VV=v1.1.0	NT=crosslinking;VV=v1.0.0
PXD019724_mazadeh_C1507_260	NT=Gallus gallus (chicken);AC=NCBITaxon:9031	NT=Oryctolagus cuniculus (rabbit);AC=NCBITaxon:9986	NT=Bos taurus (bovine);AC=NCBITaxon:9913	not available	not available	108	PXD019724_mazadeh_C1507_260_assay	proteomic profiling by mass spectrometry	data-dependent acquisition	NT=label free sample;AC=MS:1002038	1	1	not available	NT=Lys-C;AC=MS:1001309	NT=Carbamidomethyl;AC=UNIMOD:4;TA=C;MT=Fixed	NT=Oxidation;AC=UNIMOD:21;TA=M;MT=Variable	not available	not available	NT=['pimelic dihydrazide (PDH)', '4-(4,6-Dimethoxy-1,3,5-triazin-2-yl)-4-methylmorpholinium (DMTMM) chloride'];AC=[None, None];TA=['D,E,nterm', 'D,E,nterm']	size exclusion chromatography (SEC)	not available	not available	not available	not available	mazadeh_C1507_260.raw	NT=ms-proteomics;VV=v1.1.0	NT=crosslinking;VV=v1.0.0
PXD019724_atschanz_C1606_065	NT=Gallus gallus (chicken);AC=NCBITaxon:9031	NT=Oryctolagus cuniculus (rabbit);AC=NCBITaxon:9986	NT=Bos taurus (bovine);AC=NCBITaxon:9913	not available	not available	109	PXD019724_atschanz_C1606_065_assay	proteomic profiling by mass spectrometry	data-dependent acquisition	NT=label free sample;AC=MS:1002038	1	1	not available	NT=Lys-C;AC=MS:1001309	NT=Carbamidomethyl;AC=UNIMOD:4;TA=C;MT=Fixed	NT=Oxidation;AC=UNIMOD:21;TA=M;MT=Variable	not available	not available	NT=['pimelic dihydrazide (PDH)', '4-(4,6-Dimethoxy-1,3,5-triazin-2-yl)-4-methylmorpholinium (DMTMM) chloride'];AC=[None, None];TA=['D,E,nterm', 'D,E,nterm']	size exclusion chromatography (SEC)	not available	not available	not available	not available	atschanz_C1606_065.raw	NT=ms-proteomics;VV=v1.1.0	NT=crosslinking;VV=v1.0.0
PXD019724_atschanz_C1606_066	NT=Gallus gallus (chicken);AC=NCBITaxon:9031	NT=Oryctolagus cuniculus (rabbit);AC=NCBITaxon:9986	NT=Bos taurus (bovine);AC=NCBITaxon:9913	not available	not available	110	PXD019724_atschanz_C1606_066_assay	proteomic profiling by mass spectrometry	data-dependent acquisition	NT=label free sample;AC=MS:1002038	1	1	not available	NT=Lys-C;AC=MS:1001309	NT=Carbamidomethyl;AC=UNIMOD:4;TA=C;MT=Fixed	NT=Oxidation;AC=UNIMOD:21;TA=M;MT=Variable	not available	not available	NT=['pimelic dihydrazide (PDH)', '4-(4,6-Dimethoxy-1,3,5-triazin-2-yl)-4-methylmorpholinium (DMTMM) chloride'];AC=[None, None];TA=['D,E,nterm', 'D,E,nterm']	size exclusion chromatography (SEC)	not available	not available	not available	not available	atschanz_C1606_066.raw	NT=ms-proteomics;VV=v1.1.0	NT=crosslinking;VV=v1.0.0
PXD019724_mazadeh_C1508_016	NT=Gallus gallus (chicken);AC=NCBITaxon:9031	NT=Oryctolagus cuniculus (rabbit);AC=NCBITaxon:9986	NT=Bos taurus (bovine);AC=NCBITaxon:9913	not available	not available	111	PXD019724_mazadeh_C1508_016_assay	proteomic profiling by mass spectrometry	data-dependent acquisition	NT=label free sample;AC=MS:1002038	1	1	not available	NT=Lys-C;AC=MS:1001309	NT=Carbamidomethyl;AC=UNIMOD:4;TA=C;MT=Fixed	NT=Oxidation;AC=UNIMOD:21;TA=M;MT=Variable	not available	not available	NT=['pimelic dihydrazide (PDH)', '4-(4,6-Dimethoxy-1,3,5-triazin-2-yl)-4-methylmorpholinium (DMTMM) chloride'];AC=[None, None];TA=['D,E,nterm', 'D,E,nterm']	size exclusion chromatography (SEC)	not available	not available	not available	not available	mazadeh_C1508_016.raw	NT=ms-proteomics;VV=v1.1.0	NT=crosslinking;VV=v1.0.0
PXD019724_mazadeh_C1508_008	NT=Gallus gallus (chicken);AC=NCBITaxon:9031	NT=Oryctolagus cuniculus (rabbit);AC=NCBITaxon:9986	NT=Bos taurus (bovine);AC=NCBITaxon:9913	not available	not available	112	PXD019724_mazadeh_C1508_008_assay	proteomic profiling by mass spectrometry	data-dependent acquisition	NT=label free sample;AC=MS:1002038	1	1	not available	NT=Lys-C;AC=MS:1001309	NT=Carbamidomethyl;AC=UNIMOD:4;TA=C;MT=Fixed	NT=Oxidation;AC=UNIMOD:21;TA=M;MT=Variable	not available	not available	NT=['pimelic dihydrazide (PDH)', '4-(4,6-Dimethoxy-1,3,5-triazin-2-yl)-4-methylmorpholinium (DMTMM) chloride'];AC=[None, None];TA=['D,E,nterm', 'D,E,nterm']	size exclusion chromatography (SEC)	not available	not available	not available	not available	mazadeh_C1508_008.raw	NT=ms-proteomics;VV=v1.1.0	NT=crosslinking;VV=v1.0.0
PXD019724_mazadeh_C1508_027	NT=Gallus gallus (chicken);AC=NCBITaxon:9031	NT=Oryctolagus cuniculus (rabbit);AC=NCBITaxon:9986	NT=Bos taurus (bovine);AC=NCBITaxon:9913	not available	not available	113	PXD019724_mazadeh_C1508_027_assay	proteomic profiling by mass spectrometry	data-dependent acquisition	NT=label free sample;AC=MS:1002038	1	1	not available	NT=Lys-C;AC=MS:1001309	NT=Carbamidomethyl;AC=UNIMOD:4;TA=C;MT=Fixed	NT=Oxidation;AC=UNIMOD:21;TA=M;MT=Variable	not available	not available	NT=['pimelic dihydrazide (PDH)', '4-(4,6-Dimethoxy-1,3,5-triazin-2-yl)-4-methylmorpholinium (DMTMM) chloride'];AC=[None, None];TA=['D,E,nterm', 'D,E,nterm']	size exclusion chromatography (SEC)	not available	not available	not available	not available	mazadeh_C1508_027.raw	NT=ms-proteomics;VV=v1.1.0	NT=crosslinking;VV=v1.0.0
PXD019724_atschanz_C1606_074	NT=Gallus gallus (chicken);AC=NCBITaxon:9031	NT=Oryctolagus cuniculus (rabbit);AC=NCBITaxon:9986	NT=Bos taurus (bovine);AC=NCBITaxon:9913	not available	not available	114	PXD019724_atschanz_C1606_074_assay	proteomic profiling by mass spectrometry	data-dependent acquisition	NT=label free sample;AC=MS:1002038	1	1	not available	NT=Lys-C;AC=MS:1001309	NT=Carbamidomethyl;AC=UNIMOD:4;TA=C;MT=Fixed	NT=Oxidation;AC=UNIMOD:21;TA=M;MT=Variable	not available	not available	NT=['pimelic dihydrazide (PDH)', '4-(4,6-Dimethoxy-1,3,5-triazin-2-yl)-4-methylmorpholinium (DMTMM) chloride'];AC=[None, None];TA=['D,E,nterm', 'D,E,nterm']	size exclusion chromatography (SEC)	not available	not available	not available	not available	atschanz_C1606_074.raw	NT=ms-proteomics;VV=v1.1.0	NT=crosslinking;VV=v1.0.0
PXD019724_atschanz_C1606_063	NT=Gallus gallus (chicken);AC=NCBITaxon:9031	NT=Oryctolagus cuniculus (rabbit);AC=NCBITaxon:9986	NT=Bos taurus (bovine);AC=NCBITaxon:9913	not available	not available	115	PXD019724_atschanz_C1606_063_assay	proteomic profiling by mass spectrometry	data-dependent acquisition	NT=label free sample;AC=MS:1002038	1	1	not available	NT=Lys-C;AC=MS:1001309	NT=Carbamidomethyl;AC=UNIMOD:4;TA=C;MT=Fixed	NT=Oxidation;AC=UNIMOD:21;TA=M;MT=Variable	not available	not available	NT=['pimelic dihydrazide (PDH)', '4-(4,6-Dimethoxy-1,3,5-triazin-2-yl)-4-methylmorpholinium (DMTMM) chloride'];AC=[None, None];TA=['D,E,nterm', 'D,E,nterm']	size exclusion chromatography (SEC)	not available	not available	not available	not available	atschanz_C1606_063.raw	NT=ms-proteomics;VV=v1.1.0	NT=crosslinking;VV=v1.0.0
PXD019724_mazadeh_C1507_299	NT=Gallus gallus (chicken);AC=NCBITaxon:9031	NT=Oryctolagus cuniculus (rabbit);AC=NCBITaxon:9986	NT=Bos taurus (bovine);AC=NCBITaxon:9913	not available	not available	116	PXD019724_mazadeh_C1507_299_assay	proteomic profiling by mass spectrometry	data-dependent acquisition	NT=label free sample;AC=MS:1002038	1	1	not available	NT=Lys-C;AC=MS:1001309	NT=Carbamidomethyl;AC=UNIMOD:4;TA=C;MT=Fixed	NT=Oxidation;AC=UNIMOD:21;TA=M;MT=Variable	not available	not available	NT=['pimelic dihydrazide (PDH)', '4-(4,6-Dimethoxy-1,3,5-triazin-2-yl)-4-methylmorpholinium (DMTMM) chloride'];AC=[None, None];TA=['D,E,nterm', 'D,E,nterm']	size exclusion chromatography (SEC)	not available	not available	not available	not available	mazadeh_C1507_299.raw	NT=ms-proteomics;VV=v1.1.0	NT=crosslinking;VV=v1.0.0
PXD019724_mazadeh_C1508_031	NT=Gallus gallus (chicken);AC=NCBITaxon:9031	NT=Oryctolagus cuniculus (rabbit);AC=NCBITaxon:9986	NT=Bos taurus (bovine);AC=NCBITaxon:9913	not available	not available	117	PXD019724_mazadeh_C1508_031_assay	proteomic profiling by mass spectrometry	data-dependent acquisition	NT=label free sample;AC=MS:1002038	1	1	not available	NT=Lys-C;AC=MS:1001309	NT=Carbamidomethyl;AC=UNIMOD:4;TA=C;MT=Fixed	NT=Oxidation;AC=UNIMOD:21;TA=M;MT=Variable	not available	not available	NT=['pimelic dihydrazide (PDH)', '4-(4,6-Dimethoxy-1,3,5-triazin-2-yl)-4-methylmorpholinium (DMTMM) chloride'];AC=[None, None];TA=['D,E,nterm', 'D,E,nterm']	size exclusion chromatography (SEC)	not available	not available	not available	not available	mazadeh_C1508_031.raw	NT=ms-proteomics;VV=v1.1.0	NT=crosslinking;VV=v1.0.0
PXD019724_mazadeh_C1507_287	NT=Gallus gallus (chicken);AC=NCBITaxon:9031	NT=Oryctolagus cuniculus (rabbit);AC=NCBITaxon:9986	NT=Bos taurus (bovine);AC=NCBITaxon:9913	not available	not available	118	PXD019724_mazadeh_C1507_287_assay	proteomic profiling by mass spectrometry	data-dependent acquisition	NT=label free sample;AC=MS:1002038	1	1	not available	NT=Lys-C;AC=MS:1001309	NT=Carbamidomethyl;AC=UNIMOD:4;TA=C;MT=Fixed	NT=Oxidation;AC=UNIMOD:21;TA=M;MT=Variable	not available	not available	NT=['pimelic dihydrazide (PDH)', '4-(4,6-Dimethoxy-1,3,5-triazin-2-yl)-4-methylmorpholinium (DMTMM) chloride'];AC=[None, None];TA=['D,E,nterm', 'D,E,nterm']	size exclusion chromatography (SEC)	not available	not available	not available	not available	mazadeh_C1507_287.raw	NT=ms-proteomics;VV=v1.1.0	NT=crosslinking;VV=v1.0.0
PXD019724_atschanz_C1606_037	NT=Gallus gallus (chicken);AC=NCBITaxon:9031	NT=Oryctolagus cuniculus (rabbit);AC=NCBITaxon:9986	NT=Bos taurus (bovine);AC=NCBITaxon:9913	not available	not available	119	PXD019724_atschanz_C1606_037_assay	proteomic profiling by mass spectrometry	data-dependent acquisition	NT=label free sample;AC=MS:1002038	1	1	not available	NT=Lys-C;AC=MS:1001309	NT=Carbamidomethyl;AC=UNIMOD:4;TA=C;MT=Fixed	NT=Oxidation;AC=UNIMOD:21;TA=M;MT=Variable	not available	not available	NT=['pimelic dihydrazide (PDH)', '4-(4,6-Dimethoxy-1,3,5-triazin-2-yl)-4-methylmorpholinium (DMTMM) chloride'];AC=[None, None];TA=['D,E,nterm', 'D,E,nterm']	size exclusion chromatography (SEC)	not available	not available	not available	not available	atschanz_C1606_037.raw	NT=ms-proteomics;VV=v1.1.0	NT=crosslinking;VV=v1.0.0
PXD019724_atschanz_C1606_056	NT=Gallus gallus (chicken);AC=NCBITaxon:9031	NT=Oryctolagus cuniculus (rabbit);AC=NCBITaxon:9986	NT=Bos taurus (bovine);AC=NCBITaxon:9913	not available	not available	120	PXD019724_atschanz_C1606_056_assay	proteomic profiling by mass spectrometry	data-dependent acquisition	NT=label free sample;AC=MS:1002038	1	1	not available	NT=Lys-C;AC=MS:1001309	NT=Carbamidomethyl;AC=UNIMOD:4;TA=C;MT=Fixed	NT=Oxidation;AC=UNIMOD:21;TA=M;MT=Variable	not available	not available	NT=['pimelic dihydrazide (PDH)', '4-(4,6-Dimethoxy-1,3,5-triazin-2-yl)-4-methylmorpholinium (DMTMM) chloride'];AC=[None, None];TA=['D,E,nterm', 'D,E,nterm']	size exclusion chromatography (SEC)	not available	not available	not available	not available	atschanz_C1606_056.raw	NT=ms-proteomics;VV=v1.1.0	NT=crosslinking;VV=v1.0.0
PXD019724_mazadeh_C1508_051	NT=Gallus gallus (chicken);AC=NCBITaxon:9031	NT=Oryctolagus cuniculus (rabbit);AC=NCBITaxon:9986	NT=Bos taurus (bovine);AC=NCBITaxon:9913	not available	not available	121	PXD019724_mazadeh_C1508_051_assay	proteomic profiling by mass spectrometry	data-dependent acquisition	NT=label free sample;AC=MS:1002038	1	1	not available	NT=Lys-C;AC=MS:1001309	NT=Carbamidomethyl;AC=UNIMOD:4;TA=C;MT=Fixed	NT=Oxidation;AC=UNIMOD:21;TA=M;MT=Variable	not available	not available	NT=['pimelic dihydrazide (PDH)', '4-(4,6-Dimethoxy-1,3,5-triazin-2-yl)-4-methylmorpholinium (DMTMM) chloride'];AC=[None, None];TA=['D,E,nterm', 'D,E,nterm']	size exclusion chromatography (SEC)	not available	not available	not available	not available	mazadeh_C1508_051.raw	NT=ms-proteomics;VV=v1.1.0	NT=crosslinking;VV=v1.0.0
PXD019724_mazadeh_C1508_061	NT=Gallus gallus (chicken);AC=NCBITaxon:9031	NT=Oryctolagus cuniculus (rabbit);AC=NCBITaxon:9986	NT=Bos taurus (bovine);AC=NCBITaxon:9913	not available	not available	122	PXD019724_mazadeh_C1508_061_assay	proteomic profiling by mass spectrometry	data-dependent acquisition	NT=label free sample;AC=MS:1002038	1	1	not available	NT=Lys-C;AC=MS:1001309	NT=Carbamidomethyl;AC=UNIMOD:4;TA=C;MT=Fixed	NT=Oxidation;AC=UNIMOD:21;TA=M;MT=Variable	not available	not available	NT=['pimelic dihydrazide (PDH)', '4-(4,6-Dimethoxy-1,3,5-triazin-2-yl)-4-methylmorpholinium (DMTMM) chloride'];AC=[None, None];TA=['D,E,nterm', 'D,E,nterm']	size exclusion chromatography (SEC)	not available	not available	not available	not available	mazadeh_C1508_061.raw	NT=ms-proteomics;VV=v1.1.0	NT=crosslinking;VV=v1.0.0
PXD019724_mazadeh_C1508_067	NT=Gallus gallus (chicken);AC=NCBITaxon:9031	NT=Oryctolagus cuniculus (rabbit);AC=NCBITaxon:9986	NT=Bos taurus (bovine);AC=NCBITaxon:9913	not available	not available	123	PXD019724_mazadeh_C1508_067_assay	proteomic profiling by mass spectrometry	data-dependent acquisition	NT=label free sample;AC=MS:1002038	1	1	not available	NT=Lys-C;AC=MS:1001309	NT=Carbamidomethyl;AC=UNIMOD:4;TA=C;MT=Fixed	NT=Oxidation;AC=UNIMOD:21;TA=M;MT=Variable	not available	not available	NT=['pimelic dihydrazide (PDH)', '4-(4,6-Dimethoxy-1,3,5-triazin-2-yl)-4-methylmorpholinium (DMTMM) chloride'];AC=[None, None];TA=['D,E,nterm', 'D,E,nterm']	size exclusion chromatography (SEC)	not available	not available	not available	not available	mazadeh_C1508_067.raw	NT=ms-proteomics;VV=v1.1.0	NT=crosslinking;VV=v1.0.0
PXD019724_mazadeh_C1508_048	NT=Gallus gallus (chicken);AC=NCBITaxon:9031	NT=Oryctolagus cuniculus (rabbit);AC=NCBITaxon:9986	NT=Bos taurus (bovine);AC=NCBITaxon:9913	not available	not available	124	PXD019724_mazadeh_C1508_048_assay	proteomic profiling by mass spectrometry	data-dependent acquisition	NT=label free sample;AC=MS:1002038	1	1	not available	NT=Lys-C;AC=MS:1001309	NT=Carbamidomethyl;AC=UNIMOD:4;TA=C;MT=Fixed	NT=Oxidation;AC=UNIMOD:21;TA=M;MT=Variable	not available	not available	NT=['pimelic dihydrazide (PDH)', '4-(4,6-Dimethoxy-1,3,5-triazin-2-yl)-4-methylmorpholinium (DMTMM) chloride'];AC=[None, None];TA=['D,E,nterm', 'D,E,nterm']	size exclusion chromatography (SEC)	not available	not available	not available	not available	mazadeh_C1508_048.raw	NT=ms-proteomics;VV=v1.1.0	NT=crosslinking;VV=v1.0.0
PXD019724_atschanz_C1606_072	NT=Gallus gallus (chicken);AC=NCBITaxon:9031	NT=Oryctolagus cuniculus (rabbit);AC=NCBITaxon:9986	NT=Bos taurus (bovine);AC=NCBITaxon:9913	not available	not available	125	PXD019724_atschanz_C1606_072_assay	proteomic profiling by mass spectrometry	data-dependent acquisition	NT=label free sample;AC=MS:1002038	1	1	not available	NT=Lys-C;AC=MS:1001309	NT=Carbamidomethyl;AC=UNIMOD:4;TA=C;MT=Fixed	NT=Oxidation;AC=UNIMOD:21;TA=M;MT=Variable	not available	not available	NT=['pimelic dihydrazide (PDH)', '4-(4,6-Dimethoxy-1,3,5-triazin-2-yl)-4-methylmorpholinium (DMTMM) chloride'];AC=[None, None];TA=['D,E,nterm', 'D,E,nterm']	size exclusion chromatography (SEC)	not available	not available	not available	not available	atschanz_C1606_072.raw	NT=ms-proteomics;VV=v1.1.0	NT=crosslinking;VV=v1.0.0
PXD019724_atschanz_C1606_045	NT=Gallus gallus (chicken);AC=NCBITaxon:9031	NT=Oryctolagus cuniculus (rabbit);AC=NCBITaxon:9986	NT=Bos taurus (bovine);AC=NCBITaxon:9913	not available	not available	126	PXD019724_atschanz_C1606_045_assay	proteomic profiling by mass spectrometry	data-dependent acquisition	NT=label free sample;AC=MS:1002038	1	1	not available	NT=Lys-C;AC=MS:1001309	NT=Carbamidomethyl;AC=UNIMOD:4;TA=C;MT=Fixed	NT=Oxidation;AC=UNIMOD:21;TA=M;MT=Variable	not available	not available	NT=['pimelic dihydrazide (PDH)', '4-(4,6-Dimethoxy-1,3,5-triazin-2-yl)-4-methylmorpholinium (DMTMM) chloride'];AC=[None, None];TA=['D,E,nterm', 'D,E,nterm']	size exclusion chromatography (SEC)	not available	not available	not available	not available	atschanz_C1606_045.raw	NT=ms-proteomics;VV=v1.1.0	NT=crosslinking;VV=v1.0.0
PXD019724_mazadeh_C1507_249	NT=Gallus gallus (chicken);AC=NCBITaxon:9031	NT=Oryctolagus cuniculus (rabbit);AC=NCBITaxon:9986	NT=Bos taurus (bovine);AC=NCBITaxon:9913	not available	not available	127	PXD019724_mazadeh_C1507_249_assay	proteomic profiling by mass spectrometry	data-dependent acquisition	NT=label free sample;AC=MS:1002038	1	1	not available	NT=Lys-C;AC=MS:1001309	NT=Carbamidomethyl;AC=UNIMOD:4;TA=C;MT=Fixed	NT=Oxidation;AC=UNIMOD:21;TA=M;MT=Variable	not available	not available	NT=['pimelic dihydrazide (PDH)', '4-(4,6-Dimethoxy-1,3,5-triazin-2-yl)-4-methylmorpholinium (DMTMM) chloride'];AC=[None, None];TA=['D,E,nterm', 'D,E,nterm']	size exclusion chromatography (SEC)	not available	not available	not available	not available	mazadeh_C1507_249.raw	NT=ms-proteomics;VV=v1.1.0	NT=crosslinking;VV=v1.0.0
PXD019724_mazadeh_C1508_013	NT=Gallus gallus (chicken);AC=NCBITaxon:9031	NT=Oryctolagus cuniculus (rabbit);AC=NCBITaxon:9986	NT=Bos taurus (bovine);AC=NCBITaxon:9913	not available	not available	128	PXD019724_mazadeh_C1508_013_assay	proteomic profiling by mass spectrometry	data-dependent acquisition	NT=label free sample;AC=MS:1002038	1	1	not available	NT=Lys-C;AC=MS:1001309	NT=Carbamidomethyl;AC=UNIMOD:4;TA=C;MT=Fixed	NT=Oxidation;AC=UNIMOD:21;TA=M;MT=Variable	not available	not available	NT=['pimelic dihydrazide (PDH)', '4-(4,6-Dimethoxy-1,3,5-triazin-2-yl)-4-methylmorpholinium (DMTMM) chloride'];AC=[None, None];TA=['D,E,nterm', 'D,E,nterm']	size exclusion chromatography (SEC)	not available	not available	not available	not available	mazadeh_C1508_013.raw	NT=ms-proteomics;VV=v1.1.0	NT=crosslinking;VV=v1.0.0
PXD019724_mazadeh_C1508_053	NT=Gallus gallus (chicken);AC=NCBITaxon:9031	NT=Oryctolagus cuniculus (rabbit);AC=NCBITaxon:9986	NT=Bos taurus (bovine);AC=NCBITaxon:9913	not available	not available	129	PXD019724_mazadeh_C1508_053_assay	proteomic profiling by mass spectrometry	data-dependent acquisition	NT=label free sample;AC=MS:1002038	1	1	not available	NT=Lys-C;AC=MS:1001309	NT=Carbamidomethyl;AC=UNIMOD:4;TA=C;MT=Fixed	NT=Oxidation;AC=UNIMOD:21;TA=M;MT=Variable	not available	not available	NT=['pimelic dihydrazide (PDH)', '4-(4,6-Dimethoxy-1,3,5-triazin-2-yl)-4-methylmorpholinium (DMTMM) chloride'];AC=[None, None];TA=['D,E,nterm', 'D,E,nterm']	size exclusion chromatography (SEC)	not available	not available	not available	not available	mazadeh_C1508_053.raw	NT=ms-proteomics;VV=v1.1.0	NT=crosslinking;VV=v1.0.0
PXD019724_atschanz_C1606_099	NT=Gallus gallus (chicken);AC=NCBITaxon:9031	NT=Oryctolagus cuniculus (rabbit);AC=NCBITaxon:9986	NT=Bos taurus (bovine);AC=NCBITaxon:9913	not available	not available	130	PXD019724_atschanz_C1606_099_assay	proteomic profiling by mass spectrometry	data-dependent acquisition	NT=label free sample;AC=MS:1002038	1	1	not available	NT=Lys-C;AC=MS:1001309	NT=Carbamidomethyl;AC=UNIMOD:4;TA=C;MT=Fixed	NT=Oxidation;AC=UNIMOD:21;TA=M;MT=Variable	not available	not available	NT=['pimelic dihydrazide (PDH)', '4-(4,6-Dimethoxy-1,3,5-triazin-2-yl)-4-methylmorpholinium (DMTMM) chloride'];AC=[None, None];TA=['D,E,nterm', 'D,E,nterm']	size exclusion chromatography (SEC)	not available	not available	not available	not available	atschanz_C1606_099.raw	NT=ms-proteomics;VV=v1.1.0	NT=crosslinking;VV=v1.0.0
PXD019724_mazadeh_C1508_026	NT=Gallus gallus (chicken);AC=NCBITaxon:9031	NT=Oryctolagus cuniculus (rabbit);AC=NCBITaxon:9986	NT=Bos taurus (bovine);AC=NCBITaxon:9913	not available	not available	131	PXD019724_mazadeh_C1508_026_assay	proteomic profiling by mass spectrometry	data-dependent acquisition	NT=label free sample;AC=MS:1002038	1	1	not available	NT=Lys-C;AC=MS:1001309	NT=Carbamidomethyl;AC=UNIMOD:4;TA=C;MT=Fixed	NT=Oxidation;AC=UNIMOD:21;TA=M;MT=Variable	not available	not available	NT=['pimelic dihydrazide (PDH)', '4-(4,6-Dimethoxy-1,3,5-triazin-2-yl)-4-methylmorpholinium (DMTMM) chloride'];AC=[None, None];TA=['D,E,nterm', 'D,E,nterm']	size exclusion chromatography (SEC)	not available	not available	not available	not available	mazadeh_C1508_026.raw	NT=ms-proteomics;VV=v1.1.0	NT=crosslinking;VV=v1.0.0
PXD019724_mazadeh_C1508_045	NT=Gallus gallus (chicken);AC=NCBITaxon:9031	NT=Oryctolagus cuniculus (rabbit);AC=NCBITaxon:9986	NT=Bos taurus (bovine);AC=NCBITaxon:9913	not available	not available	132	PXD019724_mazadeh_C1508_045_assay	proteomic profiling by mass spectrometry	data-dependent acquisition	NT=label free sample;AC=MS:1002038	1	1	not available	NT=Lys-C;AC=MS:1001309	NT=Carbamidomethyl;AC=UNIMOD:4;TA=C;MT=Fixed	NT=Oxidation;AC=UNIMOD:21;TA=M;MT=Variable	not available	not available	NT=['pimelic dihydrazide (PDH)', '4-(4,6-Dimethoxy-1,3,5-triazin-2-yl)-4-methylmorpholinium (DMTMM) chloride'];AC=[None, None];TA=['D,E,nterm', 'D,E,nterm']	size exclusion chromatography (SEC)	not available	not available	not available	not available	mazadeh_C1508_045.raw	NT=ms-proteomics;VV=v1.1.0	NT=crosslinking;VV=v1.0.0
PXD019724_mazadeh_C1508_065	NT=Gallus gallus (chicken);AC=NCBITaxon:9031	NT=Oryctolagus cuniculus (rabbit);AC=NCBITaxon:9986	NT=Bos taurus (bovine);AC=NCBITaxon:9913	not available	not available	133	PXD019724_mazadeh_C1508_065_assay	proteomic profiling by mass spectrometry	data-dependent acquisition	NT=label free sample;AC=MS:1002038	1	1	not available	NT=Lys-C;AC=MS:1001309	NT=Carbamidomethyl;AC=UNIMOD:4;TA=C;MT=Fixed	NT=Oxidation;AC=UNIMOD:21;TA=M;MT=Variable	not available	not available	NT=['pimelic dihydrazide (PDH)', '4-(4,6-Dimethoxy-1,3,5-triazin-2-yl)-4-methylmorpholinium (DMTMM) chloride'];AC=[None, None];TA=['D,E,nterm', 'D,E,nterm']	size exclusion chromatography (SEC)	not available	not available	not available	not available	mazadeh_C1508_065.raw	NT=ms-proteomics;VV=v1.1.0	NT=crosslinking;VV=v1.0.0
PXD019724_mazadeh_C1507_276	NT=Gallus gallus (chicken);AC=NCBITaxon:9031	NT=Oryctolagus cuniculus (rabbit);AC=NCBITaxon:9986	NT=Bos taurus (bovine);AC=NCBITaxon:9913	not available	not available	134	PXD019724_mazadeh_C1507_276_assay	proteomic profiling by mass spectrometry	data-dependent acquisition	NT=label free sample;AC=MS:1002038	1	1	not available	NT=Lys-C;AC=MS:1001309	NT=Carbamidomethyl;AC=UNIMOD:4;TA=C;MT=Fixed	NT=Oxidation;AC=UNIMOD:21;TA=M;MT=Variable	not available	not available	NT=['pimelic dihydrazide (PDH)', '4-(4,6-Dimethoxy-1,3,5-triazin-2-yl)-4-methylmorpholinium (DMTMM) chloride'];AC=[None, None];TA=['D,E,nterm', 'D,E,nterm']	size exclusion chromatography (SEC)	not available	not available	not available	not available	mazadeh_C1507_276.raw	NT=ms-proteomics;VV=v1.1.0	NT=crosslinking;VV=v1.0.0
PXD019724_mazadeh_C1508_029	NT=Gallus gallus (chicken);AC=NCBITaxon:9031	NT=Oryctolagus cuniculus (rabbit);AC=NCBITaxon:9986	NT=Bos taurus (bovine);AC=NCBITaxon:9913	not available	not available	135	PXD019724_mazadeh_C1508_029_assay	proteomic profiling by mass spectrometry	data-dependent acquisition	NT=label free sample;AC=MS:1002038	1	1	not available	NT=Lys-C;AC=MS:1001309	NT=Carbamidomethyl;AC=UNIMOD:4;TA=C;MT=Fixed	NT=Oxidation;AC=UNIMOD:21;TA=M;MT=Variable	not available	not available	NT=['pimelic dihydrazide (PDH)', '4-(4,6-Dimethoxy-1,3,5-triazin-2-yl)-4-methylmorpholinium (DMTMM) chloride'];AC=[None, None];TA=['D,E,nterm', 'D,E,nterm']	size exclusion chromatography (SEC)	not available	not available	not available	not available	mazadeh_C1508_029.raw	NT=ms-proteomics;VV=v1.1.0	NT=crosslinking;VV=v1.0.0
PXD019724_mazadeh_C1507_298	NT=Gallus gallus (chicken);AC=NCBITaxon:9031	NT=Oryctolagus cuniculus (rabbit);AC=NCBITaxon:9986	NT=Bos taurus (bovine);AC=NCBITaxon:9913	not available	not available	136	PXD019724_mazadeh_C1507_298_assay	proteomic profiling by mass spectrometry	data-dependent acquisition	NT=label free sample;AC=MS:1002038	1	1	not available	NT=Lys-C;AC=MS:1001309	NT=Carbamidomethyl;AC=UNIMOD:4;TA=C;MT=Fixed	NT=Oxidation;AC=UNIMOD:21;TA=M;MT=Variable	not available	not available	NT=['pimelic dihydrazide (PDH)', '4-(4,6-Dimethoxy-1,3,5-triazin-2-yl)-4-methylmorpholinium (DMTMM) chloride'];AC=[None, None];TA=['D,E,nterm', 'D,E,nterm']	size exclusion chromatography (SEC)	not available	not available	not available	not available	mazadeh_C1507_298.raw	NT=ms-proteomics;VV=v1.1.0	NT=crosslinking;VV=v1.0.0
PXD019724_atschanz_C1606_046	NT=Gallus gallus (chicken);AC=NCBITaxon:9031	NT=Oryctolagus cuniculus (rabbit);AC=NCBITaxon:9986	NT=Bos taurus (bovine);AC=NCBITaxon:9913	not available	not available	137	PXD019724_atschanz_C1606_046_assay	proteomic profiling by mass spectrometry	data-dependent acquisition	NT=label free sample;AC=MS:1002038	1	1	not available	NT=Lys-C;AC=MS:1001309	NT=Carbamidomethyl;AC=UNIMOD:4;TA=C;MT=Fixed	NT=Oxidation;AC=UNIMOD:21;TA=M;MT=Variable	not available	not available	NT=['pimelic dihydrazide (PDH)', '4-(4,6-Dimethoxy-1,3,5-triazin-2-yl)-4-methylmorpholinium (DMTMM) chloride'];AC=[None, None];TA=['D,E,nterm', 'D,E,nterm']	size exclusion chromatography (SEC)	not available	not available	not available	not available	atschanz_C1606_046.raw	NT=ms-proteomics;VV=v1.1.0	NT=crosslinking;VV=v1.0.0
PXD019724_mazadeh_C1508_046	NT=Gallus gallus (chicken);AC=NCBITaxon:9031	NT=Oryctolagus cuniculus (rabbit);AC=NCBITaxon:9986	NT=Bos taurus (bovine);AC=NCBITaxon:9913	not available	not available	138	PXD019724_mazadeh_C1508_046_assay	proteomic profiling by mass spectrometry	data-dependent acquisition	NT=label free sample;AC=MS:1002038	1	1	not available	NT=Lys-C;AC=MS:1001309	NT=Carbamidomethyl;AC=UNIMOD:4;TA=C;MT=Fixed	NT=Oxidation;AC=UNIMOD:21;TA=M;MT=Variable	not available	not available	NT=['pimelic dihydrazide (PDH)', '4-(4,6-Dimethoxy-1,3,5-triazin-2-yl)-4-methylmorpholinium (DMTMM) chloride'];AC=[None, None];TA=['D,E,nterm', 'D,E,nterm']	size exclusion chromatography (SEC)	not available	not available	not available	not available	mazadeh_C1508_046.raw	NT=ms-proteomics;VV=v1.1.0	NT=crosslinking;VV=v1.0.0
PXD019724_mazadeh_C1507_303	NT=Gallus gallus (chicken);AC=NCBITaxon:9031	NT=Oryctolagus cuniculus (rabbit);AC=NCBITaxon:9986	NT=Bos taurus (bovine);AC=NCBITaxon:9913	not available	not available	139	PXD019724_mazadeh_C1507_303_assay	proteomic profiling by mass spectrometry	data-dependent acquisition	NT=label free sample;AC=MS:1002038	1	1	not available	NT=Lys-C;AC=MS:1001309	NT=Carbamidomethyl;AC=UNIMOD:4;TA=C;MT=Fixed	NT=Oxidation;AC=UNIMOD:21;TA=M;MT=Variable	not available	not available	NT=['pimelic dihydrazide (PDH)', '4-(4,6-Dimethoxy-1,3,5-triazin-2-yl)-4-methylmorpholinium (DMTMM) chloride'];AC=[None, None];TA=['D,E,nterm', 'D,E,nterm']	size exclusion chromatography (SEC)	not available	not available	not available	not available	mazadeh_C1507_303.raw	NT=ms-proteomics;VV=v1.1.0	NT=crosslinking;VV=v1.0.0
PXD019724_mazadeh_C1507_315	NT=Gallus gallus (chicken);AC=NCBITaxon:9031	NT=Oryctolagus cuniculus (rabbit);AC=NCBITaxon:9986	NT=Bos taurus (bovine);AC=NCBITaxon:9913	not available	not available	140	PXD019724_mazadeh_C1507_315_assay	proteomic profiling by mass spectrometry	data-dependent acquisition	NT=label free sample;AC=MS:1002038	1	1	not available	NT=Lys-C;AC=MS:1001309	NT=Carbamidomethyl;AC=UNIMOD:4;TA=C;MT=Fixed	NT=Oxidation;AC=UNIMOD:21;TA=M;MT=Variable	not available	not available	NT=['pimelic dihydrazide (PDH)', '4-(4,6-Dimethoxy-1,3,5-triazin-2-yl)-4-methylmorpholinium (DMTMM) chloride'];AC=[None, None];TA=['D,E,nterm', 'D,E,nterm']	size exclusion chromatography (SEC)	not available	not available	not available	not available	mazadeh_C1507_315.raw	NT=ms-proteomics;VV=v1.1.0	NT=crosslinking;VV=v1.0.0
PXD019724_mazadeh_C1507_248	NT=Gallus gallus (chicken);AC=NCBITaxon:9031	NT=Oryctolagus cuniculus (rabbit);AC=NCBITaxon:9986	NT=Bos taurus (bovine);AC=NCBITaxon:9913	not available	not available	141	PXD019724_mazadeh_C1507_248_assay	proteomic profiling by mass spectrometry	data-dependent acquisition	NT=label free sample;AC=MS:1002038	1	1	not available	NT=Lys-C;AC=MS:1001309	NT=Carbamidomethyl;AC=UNIMOD:4;TA=C;MT=Fixed	NT=Oxidation;AC=UNIMOD:21;TA=M;MT=Variable	not available	not available	NT=['pimelic dihydrazide (PDH)', '4-(4,6-Dimethoxy-1,3,5-triazin-2-yl)-4-methylmorpholinium (DMTMM) chloride'];AC=[None, None];TA=['D,E,nterm', 'D,E,nterm']	size exclusion chromatography (SEC)	not available	not available	not available	not available	mazadeh_C1507_248.raw	NT=ms-proteomics;VV=v1.1.0	NT=crosslinking;VV=v1.0.0
PXD019724_mazadeh_C1508_055	NT=Gallus gallus (chicken);AC=NCBITaxon:9031	NT=Oryctolagus cuniculus (rabbit);AC=NCBITaxon:9986	NT=Bos taurus (bovine);AC=NCBITaxon:9913	not available	not available	142	PXD019724_mazadeh_C1508_055_assay	proteomic profiling by mass spectrometry	data-dependent acquisition	NT=label free sample;AC=MS:1002038	1	1	not available	NT=Lys-C;AC=MS:1001309	NT=Carbamidomethyl;AC=UNIMOD:4;TA=C;MT=Fixed	NT=Oxidation;AC=UNIMOD:21;TA=M;MT=Variable	not available	not available	NT=['pimelic dihydrazide (PDH)', '4-(4,6-Dimethoxy-1,3,5-triazin-2-yl)-4-methylmorpholinium (DMTMM) chloride'];AC=[None, None];TA=['D,E,nterm', 'D,E,nterm']	size exclusion chromatography (SEC)	not available	not available	not available	not available	mazadeh_C1508_055.raw	NT=ms-proteomics;VV=v1.1.0	NT=crosslinking;VV=v1.0.0
PXD019724_atschanz_C1606_023	NT=Gallus gallus (chicken);AC=NCBITaxon:9031	NT=Oryctolagus cuniculus (rabbit);AC=NCBITaxon:9986	NT=Bos taurus (bovine);AC=NCBITaxon:9913	not available	not available	143	PXD019724_atschanz_C1606_023_assay	proteomic profiling by mass spectrometry	data-dependent acquisition	NT=label free sample;AC=MS:1002038	1	1	not available	NT=Lys-C;AC=MS:1001309	NT=Carbamidomethyl;AC=UNIMOD:4;TA=C;MT=Fixed	NT=Oxidation;AC=UNIMOD:21;TA=M;MT=Variable	not available	not available	NT=['pimelic dihydrazide (PDH)', '4-(4,6-Dimethoxy-1,3,5-triazin-2-yl)-4-methylmorpholinium (DMTMM) chloride'];AC=[None, None];TA=['D,E,nterm', 'D,E,nterm']	size exclusion chromatography (SEC)	not available	not available	not available	not available	atschanz_C1606_023.raw	NT=ms-proteomics;VV=v1.1.0	NT=crosslinking;VV=v1.0.0
PXD019724_mazadeh_C1507_275	NT=Gallus gallus (chicken);AC=NCBITaxon:9031	NT=Oryctolagus cuniculus (rabbit);AC=NCBITaxon:9986	NT=Bos taurus (bovine);AC=NCBITaxon:9913	not available	not available	144	PXD019724_mazadeh_C1507_275_assay	proteomic profiling by mass spectrometry	data-dependent acquisition	NT=label free sample;AC=MS:1002038	1	1	not available	NT=Lys-C;AC=MS:1001309	NT=Carbamidomethyl;AC=UNIMOD:4;TA=C;MT=Fixed	NT=Oxidation;AC=UNIMOD:21;TA=M;MT=Variable	not available	not available	NT=['pimelic dihydrazide (PDH)', '4-(4,6-Dimethoxy-1,3,5-triazin-2-yl)-4-methylmorpholinium (DMTMM) chloride'];AC=[None, None];TA=['D,E,nterm', 'D,E,nterm']	size exclusion chromatography (SEC)	not available	not available	not available	not available	mazadeh_C1507_275.raw	NT=ms-proteomics;VV=v1.1.0	NT=crosslinking;VV=v1.0.0
PXD019724_mazadeh_C1508_044	NT=Gallus gallus (chicken);AC=NCBITaxon:9031	NT=Oryctolagus cuniculus (rabbit);AC=NCBITaxon:9986	NT=Bos taurus (bovine);AC=NCBITaxon:9913	not available	not available	145	PXD019724_mazadeh_C1508_044_assay	proteomic profiling by mass spectrometry	data-dependent acquisition	NT=label free sample;AC=MS:1002038	1	1	not available	NT=Lys-C;AC=MS:1001309	NT=Carbamidomethyl;AC=UNIMOD:4;TA=C;MT=Fixed	NT=Oxidation;AC=UNIMOD:21;TA=M;MT=Variable	not available	not available	NT=['pimelic dihydrazide (PDH)', '4-(4,6-Dimethoxy-1,3,5-triazin-2-yl)-4-methylmorpholinium (DMTMM) chloride'];AC=[None, None];TA=['D,E,nterm', 'D,E,nterm']	size exclusion chromatography (SEC)	not available	not available	not available	not available	mazadeh_C1508_044.raw	NT=ms-proteomics;VV=v1.1.0	NT=crosslinking;VV=v1.0.0
PXD019724_atschanz_C1606_038	NT=Gallus gallus (chicken);AC=NCBITaxon:9031	NT=Oryctolagus cuniculus (rabbit);AC=NCBITaxon:9986	NT=Bos taurus (bovine);AC=NCBITaxon:9913	not available	not available	146	PXD019724_atschanz_C1606_038_assay	proteomic profiling by mass spectrometry	data-dependent acquisition	NT=label free sample;AC=MS:1002038	1	1	not available	NT=Lys-C;AC=MS:1001309	NT=Carbamidomethyl;AC=UNIMOD:4;TA=C;MT=Fixed	NT=Oxidation;AC=UNIMOD:21;TA=M;MT=Variable	not available	not available	NT=['pimelic dihydrazide (PDH)', '4-(4,6-Dimethoxy-1,3,5-triazin-2-yl)-4-methylmorpholinium (DMTMM) chloride'];AC=[None, None];TA=['D,E,nterm', 'D,E,nterm']	size exclusion chromatography (SEC)	not available	not available	not available	not available	atschanz_C1606_038.raw	NT=ms-proteomics;VV=v1.1.0	NT=crosslinking;VV=v1.0.0
PXD019724_mazadeh_C1508_058	NT=Gallus gallus (chicken);AC=NCBITaxon:9031	NT=Oryctolagus cuniculus (rabbit);AC=NCBITaxon:9986	NT=Bos taurus (bovine);AC=NCBITaxon:9913	not available	not available	147	PXD019724_mazadeh_C1508_058_assay	proteomic profiling by mass spectrometry	data-dependent acquisition	NT=label free sample;AC=MS:1002038	1	1	not available	NT=Lys-C;AC=MS:1001309	NT=Carbamidomethyl;AC=UNIMOD:4;TA=C;MT=Fixed	NT=Oxidation;AC=UNIMOD:21;TA=M;MT=Variable	not available	not available	NT=['pimelic dihydrazide (PDH)', '4-(4,6-Dimethoxy-1,3,5-triazin-2-yl)-4-methylmorpholinium (DMTMM) chloride'];AC=[None, None];TA=['D,E,nterm', 'D,E,nterm']	size exclusion chromatography (SEC)	not available	not available	not available	not available	mazadeh_C1508_058.raw	NT=ms-proteomics;VV=v1.1.0	NT=crosslinking;VV=v1.0.0
PXD019724_atschanz_C1606_087	NT=Gallus gallus (chicken);AC=NCBITaxon:9031	NT=Oryctolagus cuniculus (rabbit);AC=NCBITaxon:9986	NT=Bos taurus (bovine);AC=NCBITaxon:9913	not available	not available	148	PXD019724_atschanz_C1606_087_assay	proteomic profiling by mass spectrometry	data-dependent acquisition	NT=label free sample;AC=MS:1002038	1	1	not available	NT=Lys-C;AC=MS:1001309	NT=Carbamidomethyl;AC=UNIMOD:4;TA=C;MT=Fixed	NT=Oxidation;AC=UNIMOD:21;TA=M;MT=Variable	not available	not available	NT=['pimelic dihydrazide (PDH)', '4-(4,6-Dimethoxy-1,3,5-triazin-2-yl)-4-methylmorpholinium (DMTMM) chloride'];AC=[None, None];TA=['D,E,nterm', 'D,E,nterm']	size exclusion chromatography (SEC)	not available	not available	not available	not available	atschanz_C1606_087.raw	NT=ms-proteomics;VV=v1.1.0	NT=crosslinking;VV=v1.0.0
PXD019724_mazadeh_C1507_294	NT=Gallus gallus (chicken);AC=NCBITaxon:9031	NT=Oryctolagus cuniculus (rabbit);AC=NCBITaxon:9986	NT=Bos taurus (bovine);AC=NCBITaxon:9913	not available	not available	149	PXD019724_mazadeh_C1507_294_assay	proteomic profiling by mass spectrometry	data-dependent acquisition	NT=label free sample;AC=MS:1002038	1	1	not available	NT=Lys-C;AC=MS:1001309	NT=Carbamidomethyl;AC=UNIMOD:4;TA=C;MT=Fixed	NT=Oxidation;AC=UNIMOD:21;TA=M;MT=Variable	not available	not available	NT=['pimelic dihydrazide (PDH)', '4-(4,6-Dimethoxy-1,3,5-triazin-2-yl)-4-methylmorpholinium (DMTMM) chloride'];AC=[None, None];TA=['D,E,nterm', 'D,E,nterm']	size exclusion chromatography (SEC)	not available	not available	not available	not available	mazadeh_C1507_294.raw	NT=ms-proteomics;VV=v1.1.0	NT=crosslinking;VV=v1.0.0
PXD019724_mazadeh_C1508_040	NT=Gallus gallus (chicken);AC=NCBITaxon:9031	NT=Oryctolagus cuniculus (rabbit);AC=NCBITaxon:9986	NT=Bos taurus (bovine);AC=NCBITaxon:9913	not available	not available	150	PXD019724_mazadeh_C1508_040_assay	proteomic profiling by mass spectrometry	data-dependent acquisition	NT=label free sample;AC=MS:1002038	1	1	not available	NT=Lys-C;AC=MS:1001309	NT=Carbamidomethyl;AC=UNIMOD:4;TA=C;MT=Fixed	NT=Oxidation;AC=UNIMOD:21;TA=M;MT=Variable	not available	not available	NT=['pimelic dihydrazide (PDH)', '4-(4,6-Dimethoxy-1,3,5-triazin-2-yl)-4-methylmorpholinium (DMTMM) chloride'];AC=[None, None];TA=['D,E,nterm', 'D,E,nterm']	size exclusion chromatography (SEC)	not available	not available	not available	not available	mazadeh_C1508_040.raw	NT=ms-proteomics;VV=v1.1.0	NT=crosslinking;VV=v1.0.0
PXD019724_mazadeh_C1508_069	NT=Gallus gallus (chicken);AC=NCBITaxon:9031	NT=Oryctolagus cuniculus (rabbit);AC=NCBITaxon:9986	NT=Bos taurus (bovine);AC=NCBITaxon:9913	not available	not available	151	PXD019724_mazadeh_C1508_069_assay	proteomic profiling by mass spectrometry	data-dependent acquisition	NT=label free sample;AC=MS:1002038	1	1	not available	NT=Lys-C;AC=MS:1001309	NT=Carbamidomethyl;AC=UNIMOD:4;TA=C;MT=Fixed	NT=Oxidation;AC=UNIMOD:21;TA=M;MT=Variable	not available	not available	NT=['pimelic dihydrazide (PDH)', '4-(4,6-Dimethoxy-1,3,5-triazin-2-yl)-4-methylmorpholinium (DMTMM) chloride'];AC=[None, None];TA=['D,E,nterm', 'D,E,nterm']	size exclusion chromatography (SEC)	not available	not available	not available	not available	mazadeh_C1508_069.raw	NT=ms-proteomics;VV=v1.1.0	NT=crosslinking;VV=v1.0.0
PXD019724_mazadeh_C1507_304	NT=Gallus gallus (chicken);AC=NCBITaxon:9031	NT=Oryctolagus cuniculus (rabbit);AC=NCBITaxon:9986	NT=Bos taurus (bovine);AC=NCBITaxon:9913	not available	not available	152	PXD019724_mazadeh_C1507_304_assay	proteomic profiling by mass spectrometry	data-dependent acquisition	NT=label free sample;AC=MS:1002038	1	1	not available	NT=Lys-C;AC=MS:1001309	NT=Carbamidomethyl;AC=UNIMOD:4;TA=C;MT=Fixed	NT=Oxidation;AC=UNIMOD:21;TA=M;MT=Variable	not available	not available	NT=['pimelic dihydrazide (PDH)', '4-(4,6-Dimethoxy-1,3,5-triazin-2-yl)-4-methylmorpholinium (DMTMM) chloride'];AC=[None, None];TA=['D,E,nterm', 'D,E,nterm']	size exclusion chromatography (SEC)	not available	not available	not available	not available	mazadeh_C1507_304.raw	NT=ms-proteomics;VV=v1.1.0	NT=crosslinking;VV=v1.0.0
PXD019724_mazadeh_C1507_292	NT=Gallus gallus (chicken);AC=NCBITaxon:9031	NT=Oryctolagus cuniculus (rabbit);AC=NCBITaxon:9986	NT=Bos taurus (bovine);AC=NCBITaxon:9913	not available	not available	153	PXD019724_mazadeh_C1507_292_assay	proteomic profiling by mass spectrometry	data-dependent acquisition	NT=label free sample;AC=MS:1002038	1	1	not available	NT=Lys-C;AC=MS:1001309	NT=Carbamidomethyl;AC=UNIMOD:4;TA=C;MT=Fixed	NT=Oxidation;AC=UNIMOD:21;TA=M;MT=Variable	not available	not available	NT=['pimelic dihydrazide (PDH)', '4-(4,6-Dimethoxy-1,3,5-triazin-2-yl)-4-methylmorpholinium (DMTMM) chloride'];AC=[None, None];TA=['D,E,nterm', 'D,E,nterm']	size exclusion chromatography (SEC)	not available	not available	not available	not available	mazadeh_C1507_292.raw	NT=ms-proteomics;VV=v1.1.0	NT=crosslinking;VV=v1.0.0
PXD019724_mazadeh_C1508_039	NT=Gallus gallus (chicken);AC=NCBITaxon:9031	NT=Oryctolagus cuniculus (rabbit);AC=NCBITaxon:9986	NT=Bos taurus (bovine);AC=NCBITaxon:9913	not available	not available	154	PXD019724_mazadeh_C1508_039_assay	proteomic profiling by mass spectrometry	data-dependent acquisition	NT=label free sample;AC=MS:1002038	1	1	not available	NT=Lys-C;AC=MS:1001309	NT=Carbamidomethyl;AC=UNIMOD:4;TA=C;MT=Fixed	NT=Oxidation;AC=UNIMOD:21;TA=M;MT=Variable	not available	not available	NT=['pimelic dihydrazide (PDH)', '4-(4,6-Dimethoxy-1,3,5-triazin-2-yl)-4-methylmorpholinium (DMTMM) chloride'];AC=[None, None];TA=['D,E,nterm', 'D,E,nterm']	size exclusion chromatography (SEC)	not available	not available	not available	not available	mazadeh_C1508_039.raw	NT=ms-proteomics;VV=v1.1.0	NT=crosslinking;VV=v1.0.0
PXD019724_mazadeh_C1508_033	NT=Gallus gallus (chicken);AC=NCBITaxon:9031	NT=Oryctolagus cuniculus (rabbit);AC=NCBITaxon:9986	NT=Bos taurus (bovine);AC=NCBITaxon:9913	not available	not available	155	PXD019724_mazadeh_C1508_033_assay	proteomic profiling by mass spectrometry	data-dependent acquisition	NT=label free sample;AC=MS:1002038	1	1	not available	NT=Lys-C;AC=MS:1001309	NT=Carbamidomethyl;AC=UNIMOD:4;TA=C;MT=Fixed	NT=Oxidation;AC=UNIMOD:21;TA=M;MT=Variable	not available	not available	NT=['pimelic dihydrazide (PDH)', '4-(4,6-Dimethoxy-1,3,5-triazin-2-yl)-4-methylmorpholinium (DMTMM) chloride'];AC=[None, None];TA=['D,E,nterm', 'D,E,nterm']	size exclusion chromatography (SEC)	not available	not available	not available	not available	mazadeh_C1508_033.raw	NT=ms-proteomics;VV=v1.1.0	NT=crosslinking;VV=v1.0.0
PXD019724_mazadeh_C1507_266	NT=Gallus gallus (chicken);AC=NCBITaxon:9031	NT=Oryctolagus cuniculus (rabbit);AC=NCBITaxon:9986	NT=Bos taurus (bovine);AC=NCBITaxon:9913	not available	not available	156	PXD019724_mazadeh_C1507_266_assay	proteomic profiling by mass spectrometry	data-dependent acquisition	NT=label free sample;AC=MS:1002038	1	1	not available	NT=Lys-C;AC=MS:1001309	NT=Carbamidomethyl;AC=UNIMOD:4;TA=C;MT=Fixed	NT=Oxidation;AC=UNIMOD:21;TA=M;MT=Variable	not available	not available	NT=['pimelic dihydrazide (PDH)', '4-(4,6-Dimethoxy-1,3,5-triazin-2-yl)-4-methylmorpholinium (DMTMM) chloride'];AC=[None, None];TA=['D,E,nterm', 'D,E,nterm']	size exclusion chromatography (SEC)	not available	not available	not available	not available	mazadeh_C1507_266.raw	NT=ms-proteomics;VV=v1.1.0	NT=crosslinking;VV=v1.0.0
PXD019724_mazadeh_C1507_285	NT=Gallus gallus (chicken);AC=NCBITaxon:9031	NT=Oryctolagus cuniculus (rabbit);AC=NCBITaxon:9986	NT=Bos taurus (bovine);AC=NCBITaxon:9913	not available	not available	157	PXD019724_mazadeh_C1507_285_assay	proteomic profiling by mass spectrometry	data-dependent acquisition	NT=label free sample;AC=MS:1002038	1	1	not available	NT=Lys-C;AC=MS:1001309	NT=Carbamidomethyl;AC=UNIMOD:4;TA=C;MT=Fixed	NT=Oxidation;AC=UNIMOD:21;TA=M;MT=Variable	not available	not available	NT=['pimelic dihydrazide (PDH)', '4-(4,6-Dimethoxy-1,3,5-triazin-2-yl)-4-methylmorpholinium (DMTMM) chloride'];AC=[None, None];TA=['D,E,nterm', 'D,E,nterm']	size exclusion chromatography (SEC)	not available	not available	not available	not available	mazadeh_C1507_285.raw	NT=ms-proteomics;VV=v1.1.0	NT=crosslinking;VV=v1.0.0
PXD019724_atschanz_C1606_033	NT=Gallus gallus (chicken);AC=NCBITaxon:9031	NT=Oryctolagus cuniculus (rabbit);AC=NCBITaxon:9986	NT=Bos taurus (bovine);AC=NCBITaxon:9913	not available	not available	158	PXD019724_atschanz_C1606_033_assay	proteomic profiling by mass spectrometry	data-dependent acquisition	NT=label free sample;AC=MS:1002038	1	1	not available	NT=Lys-C;AC=MS:1001309	NT=Carbamidomethyl;AC=UNIMOD:4;TA=C;MT=Fixed	NT=Oxidation;AC=UNIMOD:21;TA=M;MT=Variable	not available	not available	NT=['pimelic dihydrazide (PDH)', '4-(4,6-Dimethoxy-1,3,5-triazin-2-yl)-4-methylmorpholinium (DMTMM) chloride'];AC=[None, None];TA=['D,E,nterm', 'D,E,nterm']	size exclusion chromatography (SEC)	not available	not available	not available	not available	atschanz_C1606_033.raw	NT=ms-proteomics;VV=v1.1.0	NT=crosslinking;VV=v1.0.0
PXD019724_mazadeh_C1508_043	NT=Gallus gallus (chicken);AC=NCBITaxon:9031	NT=Oryctolagus cuniculus (rabbit);AC=NCBITaxon:9986	NT=Bos taurus (bovine);AC=NCBITaxon:9913	not available	not available	159	PXD019724_mazadeh_C1508_043_assay	proteomic profiling by mass spectrometry	data-dependent acquisition	NT=label free sample;AC=MS:1002038	1	1	not available	NT=Lys-C;AC=MS:1001309	NT=Carbamidomethyl;AC=UNIMOD:4;TA=C;MT=Fixed	NT=Oxidation;AC=UNIMOD:21;TA=M;MT=Variable	not available	not available	NT=['pimelic dihydrazide (PDH)', '4-(4,6-Dimethoxy-1,3,5-triazin-2-yl)-4-methylmorpholinium (DMTMM) chloride'];AC=[None, None];TA=['D,E,nterm', 'D,E,nterm']	size exclusion chromatography (SEC)	not available	not available	not available	not available	mazadeh_C1508_043.raw	NT=ms-proteomics;VV=v1.1.0	NT=crosslinking;VV=v1.0.0
PXD019724_mazadeh_C1508_060	NT=Gallus gallus (chicken);AC=NCBITaxon:9031	NT=Oryctolagus cuniculus (rabbit);AC=NCBITaxon:9986	NT=Bos taurus (bovine);AC=NCBITaxon:9913	not available	not available	160	PXD019724_mazadeh_C1508_060_assay	proteomic profiling by mass spectrometry	data-dependent acquisition	NT=label free sample;AC=MS:1002038	1	1	not available	NT=Lys-C;AC=MS:1001309	NT=Carbamidomethyl;AC=UNIMOD:4;TA=C;MT=Fixed	NT=Oxidation;AC=UNIMOD:21;TA=M;MT=Variable	not available	not available	NT=['pimelic dihydrazide (PDH)', '4-(4,6-Dimethoxy-1,3,5-triazin-2-yl)-4-methylmorpholinium (DMTMM) chloride'];AC=[None, None];TA=['D,E,nterm', 'D,E,nterm']	size exclusion chromatography (SEC)	not available	not available	not available	not available	mazadeh_C1508_060.raw	NT=ms-proteomics;VV=v1.1.0	NT=crosslinking;VV=v1.0.0
PXD019724_mazadeh_C1507_311	NT=Gallus gallus (chicken);AC=NCBITaxon:9031	NT=Oryctolagus cuniculus (rabbit);AC=NCBITaxon:9986	NT=Bos taurus (bovine);AC=NCBITaxon:9913	not available	not available	161	PXD019724_mazadeh_C1507_311_assay	proteomic profiling by mass spectrometry	data-dependent acquisition	NT=label free sample;AC=MS:1002038	1	1	not available	NT=Lys-C;AC=MS:1001309	NT=Carbamidomethyl;AC=UNIMOD:4;TA=C;MT=Fixed	NT=Oxidation;AC=UNIMOD:21;TA=M;MT=Variable	not available	not available	NT=['pimelic dihydrazide (PDH)', '4-(4,6-Dimethoxy-1,3,5-triazin-2-yl)-4-methylmorpholinium (DMTMM) chloride'];AC=[None, None];TA=['D,E,nterm', 'D,E,nterm']	size exclusion chromatography (SEC)	not available	not available	not available	not available	mazadeh_C1507_311.raw	NT=ms-proteomics;VV=v1.1.0	NT=crosslinking;VV=v1.0.0
PXD019724_mazadeh_C1508_064	NT=Gallus gallus (chicken);AC=NCBITaxon:9031	NT=Oryctolagus cuniculus (rabbit);AC=NCBITaxon:9986	NT=Bos taurus (bovine);AC=NCBITaxon:9913	not available	not available	162	PXD019724_mazadeh_C1508_064_assay	proteomic profiling by mass spectrometry	data-dependent acquisition	NT=label free sample;AC=MS:1002038	1	1	not available	NT=Lys-C;AC=MS:1001309	NT=Carbamidomethyl;AC=UNIMOD:4;TA=C;MT=Fixed	NT=Oxidation;AC=UNIMOD:21;TA=M;MT=Variable	not available	not available	NT=['pimelic dihydrazide (PDH)', '4-(4,6-Dimethoxy-1,3,5-triazin-2-yl)-4-methylmorpholinium (DMTMM) chloride'];AC=[None, None];TA=['D,E,nterm', 'D,E,nterm']	size exclusion chromatography (SEC)	not available	not available	not available	not available	mazadeh_C1508_064.raw	NT=ms-proteomics;VV=v1.1.0	NT=crosslinking;VV=v1.0.0
PXD019724_atschanz_C1606_021	NT=Gallus gallus (chicken);AC=NCBITaxon:9031	NT=Oryctolagus cuniculus (rabbit);AC=NCBITaxon:9986	NT=Bos taurus (bovine);AC=NCBITaxon:9913	not available	not available	163	PXD019724_atschanz_C1606_021_assay	proteomic profiling by mass spectrometry	data-dependent acquisition	NT=label free sample;AC=MS:1002038	1	1	not available	NT=Lys-C;AC=MS:1001309	NT=Carbamidomethyl;AC=UNIMOD:4;TA=C;MT=Fixed	NT=Oxidation;AC=UNIMOD:21;TA=M;MT=Variable	not available	not available	NT=['pimelic dihydrazide (PDH)', '4-(4,6-Dimethoxy-1,3,5-triazin-2-yl)-4-methylmorpholinium (DMTMM) chloride'];AC=[None, None];TA=['D,E,nterm', 'D,E,nterm']	size exclusion chromatography (SEC)	not available	not available	not available	not available	atschanz_C1606_021.raw	NT=ms-proteomics;VV=v1.1.0	NT=crosslinking;VV=v1.0.0
PXD019724_mazadeh_C1508_003	NT=Gallus gallus (chicken);AC=NCBITaxon:9031	NT=Oryctolagus cuniculus (rabbit);AC=NCBITaxon:9986	NT=Bos taurus (bovine);AC=NCBITaxon:9913	not available	not available	164	PXD019724_mazadeh_C1508_003_assay	proteomic profiling by mass spectrometry	data-dependent acquisition	NT=label free sample;AC=MS:1002038	1	1	not available	NT=Lys-C;AC=MS:1001309	NT=Carbamidomethyl;AC=UNIMOD:4;TA=C;MT=Fixed	NT=Oxidation;AC=UNIMOD:21;TA=M;MT=Variable	not available	not available	NT=['pimelic dihydrazide (PDH)', '4-(4,6-Dimethoxy-1,3,5-triazin-2-yl)-4-methylmorpholinium (DMTMM) chloride'];AC=[None, None];TA=['D,E,nterm', 'D,E,nterm']	size exclusion chromatography (SEC)	not available	not available	not available	not available	mazadeh_C1508_003.raw	NT=ms-proteomics;VV=v1.1.0	NT=crosslinking;VV=v1.0.0
PXD019724_mazadeh_C1507_256	NT=Gallus gallus (chicken);AC=NCBITaxon:9031	NT=Oryctolagus cuniculus (rabbit);AC=NCBITaxon:9986	NT=Bos taurus (bovine);AC=NCBITaxon:9913	not available	not available	165	PXD019724_mazadeh_C1507_256_assay	proteomic profiling by mass spectrometry	data-dependent acquisition	NT=label free sample;AC=MS:1002038	1	1	not available	NT=Lys-C;AC=MS:1001309	NT=Carbamidomethyl;AC=UNIMOD:4;TA=C;MT=Fixed	NT=Oxidation;AC=UNIMOD:21;TA=M;MT=Variable	not available	not available	NT=['pimelic dihydrazide (PDH)', '4-(4,6-Dimethoxy-1,3,5-triazin-2-yl)-4-methylmorpholinium (DMTMM) chloride'];AC=[None, None];TA=['D,E,nterm', 'D,E,nterm']	size exclusion chromatography (SEC)	not available	not available	not available	not available	mazadeh_C1507_256.raw	NT=ms-proteomics;VV=v1.1.0	NT=crosslinking;VV=v1.0.0
PXD019724_mazadeh_C1507_297	NT=Gallus gallus (chicken);AC=NCBITaxon:9031	NT=Oryctolagus cuniculus (rabbit);AC=NCBITaxon:9986	NT=Bos taurus (bovine);AC=NCBITaxon:9913	not available	not available	166	PXD019724_mazadeh_C1507_297_assay	proteomic profiling by mass spectrometry	data-dependent acquisition	NT=label free sample;AC=MS:1002038	1	1	not available	NT=Lys-C;AC=MS:1001309	NT=Carbamidomethyl;AC=UNIMOD:4;TA=C;MT=Fixed	NT=Oxidation;AC=UNIMOD:21;TA=M;MT=Variable	not available	not available	NT=['pimelic dihydrazide (PDH)', '4-(4,6-Dimethoxy-1,3,5-triazin-2-yl)-4-methylmorpholinium (DMTMM) chloride'];AC=[None, None];TA=['D,E,nterm', 'D,E,nterm']	size exclusion chromatography (SEC)	not available	not available	not available	not available	mazadeh_C1507_297.raw	NT=ms-proteomics;VV=v1.1.0	NT=crosslinking;VV=v1.0.0
PXD019724_atschanz_C1606_091	NT=Gallus gallus (chicken);AC=NCBITaxon:9031	NT=Oryctolagus cuniculus (rabbit);AC=NCBITaxon:9986	NT=Bos taurus (bovine);AC=NCBITaxon:9913	not available	not available	167	PXD019724_atschanz_C1606_091_assay	proteomic profiling by mass spectrometry	data-dependent acquisition	NT=label free sample;AC=MS:1002038	1	1	not available	NT=Lys-C;AC=MS:1001309	NT=Carbamidomethyl;AC=UNIMOD:4;TA=C;MT=Fixed	NT=Oxidation;AC=UNIMOD:21;TA=M;MT=Variable	not available	not available	NT=['pimelic dihydrazide (PDH)', '4-(4,6-Dimethoxy-1,3,5-triazin-2-yl)-4-methylmorpholinium (DMTMM) chloride'];AC=[None, None];TA=['D,E,nterm', 'D,E,nterm']	size exclusion chromatography (SEC)	not available	not available	not available	not available	atschanz_C1606_091.raw	NT=ms-proteomics;VV=v1.1.0	NT=crosslinking;VV=v1.0.0
PXD019724_atschanz_C1606_102	NT=Gallus gallus (chicken);AC=NCBITaxon:9031	NT=Oryctolagus cuniculus (rabbit);AC=NCBITaxon:9986	NT=Bos taurus (bovine);AC=NCBITaxon:9913	not available	not available	168	PXD019724_atschanz_C1606_102_assay	proteomic profiling by mass spectrometry	data-dependent acquisition	NT=label free sample;AC=MS:1002038	1	1	not available	NT=Lys-C;AC=MS:1001309	NT=Carbamidomethyl;AC=UNIMOD:4;TA=C;MT=Fixed	NT=Oxidation;AC=UNIMOD:21;TA=M;MT=Variable	not available	not available	NT=['pimelic dihydrazide (PDH)', '4-(4,6-Dimethoxy-1,3,5-triazin-2-yl)-4-methylmorpholinium (DMTMM) chloride'];AC=[None, None];TA=['D,E,nterm', 'D,E,nterm']	size exclusion chromatography (SEC)	not available	not available	not available	not available	atschanz_C1606_102.raw	NT=ms-proteomics;VV=v1.1.0	NT=crosslinking;VV=v1.0.0
PXD019724_mazadeh_C1507_267	NT=Gallus gallus (chicken);AC=NCBITaxon:9031	NT=Oryctolagus cuniculus (rabbit);AC=NCBITaxon:9986	NT=Bos taurus (bovine);AC=NCBITaxon:9913	not available	not available	169	PXD019724_mazadeh_C1507_267_assay	proteomic profiling by mass spectrometry	data-dependent acquisition	NT=label free sample;AC=MS:1002038	1	1	not available	NT=Lys-C;AC=MS:1001309	NT=Carbamidomethyl;AC=UNIMOD:4;TA=C;MT=Fixed	NT=Oxidation;AC=UNIMOD:21;TA=M;MT=Variable	not available	not available	NT=['pimelic dihydrazide (PDH)', '4-(4,6-Dimethoxy-1,3,5-triazin-2-yl)-4-methylmorpholinium (DMTMM) chloride'];AC=[None, None];TA=['D,E,nterm', 'D,E,nterm']	size exclusion chromatography (SEC)	not available	not available	not available	not available	mazadeh_C1507_267.raw	NT=ms-proteomics;VV=v1.1.0	NT=crosslinking;VV=v1.0.0
PXD019724_mazadeh_C1507_271	NT=Gallus gallus (chicken);AC=NCBITaxon:9031	NT=Oryctolagus cuniculus (rabbit);AC=NCBITaxon:9986	NT=Bos taurus (bovine);AC=NCBITaxon:9913	not available	not available	170	PXD019724_mazadeh_C1507_271_assay	proteomic profiling by mass spectrometry	data-dependent acquisition	NT=label free sample;AC=MS:1002038	1	1	not available	NT=Lys-C;AC=MS:1001309	NT=Carbamidomethyl;AC=UNIMOD:4;TA=C;MT=Fixed	NT=Oxidation;AC=UNIMOD:21;TA=M;MT=Variable	not available	not available	NT=['pimelic dihydrazide (PDH)', '4-(4,6-Dimethoxy-1,3,5-triazin-2-yl)-4-methylmorpholinium (DMTMM) chloride'];AC=[None, None];TA=['D,E,nterm', 'D,E,nterm']	size exclusion chromatography (SEC)	not available	not available	not available	not available	mazadeh_C1507_271.raw	NT=ms-proteomics;VV=v1.1.0	NT=crosslinking;VV=v1.0.0
PXD019724_mazadeh_C1507_254	NT=Gallus gallus (chicken);AC=NCBITaxon:9031	NT=Oryctolagus cuniculus (rabbit);AC=NCBITaxon:9986	NT=Bos taurus (bovine);AC=NCBITaxon:9913	not available	not available	171	PXD019724_mazadeh_C1507_254_assay	proteomic profiling by mass spectrometry	data-dependent acquisition	NT=label free sample;AC=MS:1002038	1	1	not available	NT=Lys-C;AC=MS:1001309	NT=Carbamidomethyl;AC=UNIMOD:4;TA=C;MT=Fixed	NT=Oxidation;AC=UNIMOD:21;TA=M;MT=Variable	not available	not available	NT=['pimelic dihydrazide (PDH)', '4-(4,6-Dimethoxy-1,3,5-triazin-2-yl)-4-methylmorpholinium (DMTMM) chloride'];AC=[None, None];TA=['D,E,nterm', 'D,E,nterm']	size exclusion chromatography (SEC)	not available	not available	not available	not available	mazadeh_C1507_254.raw	NT=ms-proteomics;VV=v1.1.0	NT=crosslinking;VV=v1.0.0
PXD019724_atschanz_C1606_029	NT=Gallus gallus (chicken);AC=NCBITaxon:9031	NT=Oryctolagus cuniculus (rabbit);AC=NCBITaxon:9986	NT=Bos taurus (bovine);AC=NCBITaxon:9913	not available	not available	172	PXD019724_atschanz_C1606_029_assay	proteomic profiling by mass spectrometry	data-dependent acquisition	NT=label free sample;AC=MS:1002038	1	1	not available	NT=Lys-C;AC=MS:1001309	NT=Carbamidomethyl;AC=UNIMOD:4;TA=C;MT=Fixed	NT=Oxidation;AC=UNIMOD:21;TA=M;MT=Variable	not available	not available	NT=['pimelic dihydrazide (PDH)', '4-(4,6-Dimethoxy-1,3,5-triazin-2-yl)-4-methylmorpholinium (DMTMM) chloride'];AC=[None, None];TA=['D,E,nterm', 'D,E,nterm']	size exclusion chromatography (SEC)	not available	not available	not available	not available	atschanz_C1606_029.raw	NT=ms-proteomics;VV=v1.1.0	NT=crosslinking;VV=v1.0.0
PXD019724_mazadeh_C1507_289	NT=Gallus gallus (chicken);AC=NCBITaxon:9031	NT=Oryctolagus cuniculus (rabbit);AC=NCBITaxon:9986	NT=Bos taurus (bovine);AC=NCBITaxon:9913	not available	not available	173	PXD019724_mazadeh_C1507_289_assay	proteomic profiling by mass spectrometry	data-dependent acquisition	NT=label free sample;AC=MS:1002038	1	1	not available	NT=Lys-C;AC=MS:1001309	NT=Carbamidomethyl;AC=UNIMOD:4;TA=C;MT=Fixed	NT=Oxidation;AC=UNIMOD:21;TA=M;MT=Variable	not available	not available	NT=['pimelic dihydrazide (PDH)', '4-(4,6-Dimethoxy-1,3,5-triazin-2-yl)-4-methylmorpholinium (DMTMM) chloride'];AC=[None, None];TA=['D,E,nterm', 'D,E,nterm']	size exclusion chromatography (SEC)	not available	not available	not available	not available	mazadeh_C1507_289.raw	NT=ms-proteomics;VV=v1.1.0	NT=crosslinking;VV=v1.0.0
PXD019724_atschanz_C1606_051	NT=Gallus gallus (chicken);AC=NCBITaxon:9031	NT=Oryctolagus cuniculus (rabbit);AC=NCBITaxon:9986	NT=Bos taurus (bovine);AC=NCBITaxon:9913	not available	not available	174	PXD019724_atschanz_C1606_051_assay	proteomic profiling by mass spectrometry	data-dependent acquisition	NT=label free sample;AC=MS:1002038	1	1	not available	NT=Lys-C;AC=MS:1001309	NT=Carbamidomethyl;AC=UNIMOD:4;TA=C;MT=Fixed	NT=Oxidation;AC=UNIMOD:21;TA=M;MT=Variable	not available	not available	NT=['pimelic dihydrazide (PDH)', '4-(4,6-Dimethoxy-1,3,5-triazin-2-yl)-4-methylmorpholinium (DMTMM) chloride'];AC=[None, None];TA=['D,E,nterm', 'D,E,nterm']	size exclusion chromatography (SEC)	not available	not available	not available	not available	atschanz_C1606_051.raw	NT=ms-proteomics;VV=v1.1.0	NT=crosslinking;VV=v1.0.0
PXD019724_mazadeh_C1508_052	NT=Gallus gallus (chicken);AC=NCBITaxon:9031	NT=Oryctolagus cuniculus (rabbit);AC=NCBITaxon:9986	NT=Bos taurus (bovine);AC=NCBITaxon:9913	not available	not available	175	PXD019724_mazadeh_C1508_052_assay	proteomic profiling by mass spectrometry	data-dependent acquisition	NT=label free sample;AC=MS:1002038	1	1	not available	NT=Lys-C;AC=MS:1001309	NT=Carbamidomethyl;AC=UNIMOD:4;TA=C;MT=Fixed	NT=Oxidation;AC=UNIMOD:21;TA=M;MT=Variable	not available	not available	NT=['pimelic dihydrazide (PDH)', '4-(4,6-Dimethoxy-1,3,5-triazin-2-yl)-4-methylmorpholinium (DMTMM) chloride'];AC=[None, None];TA=['D,E,nterm', 'D,E,nterm']	size exclusion chromatography (SEC)	not available	not available	not available	not available	mazadeh_C1508_052.raw	NT=ms-proteomics;VV=v1.1.0	NT=crosslinking;VV=v1.0.0
PXD019724_mazadeh_C1508_017	NT=Gallus gallus (chicken);AC=NCBITaxon:9031	NT=Oryctolagus cuniculus (rabbit);AC=NCBITaxon:9986	NT=Bos taurus (bovine);AC=NCBITaxon:9913	not available	not available	176	PXD019724_mazadeh_C1508_017_assay	proteomic profiling by mass spectrometry	data-dependent acquisition	NT=label free sample;AC=MS:1002038	1	1	not available	NT=Lys-C;AC=MS:1001309	NT=Carbamidomethyl;AC=UNIMOD:4;TA=C;MT=Fixed	NT=Oxidation;AC=UNIMOD:21;TA=M;MT=Variable	not available	not available	NT=['pimelic dihydrazide (PDH)', '4-(4,6-Dimethoxy-1,3,5-triazin-2-yl)-4-methylmorpholinium (DMTMM) chloride'];AC=[None, None];TA=['D,E,nterm', 'D,E,nterm']	size exclusion chromatography (SEC)	not available	not available	not available	not available	mazadeh_C1508_017.raw	NT=ms-proteomics;VV=v1.1.0	NT=crosslinking;VV=v1.0.0
PXD019724_atschanz_C1606_086	NT=Gallus gallus (chicken);AC=NCBITaxon:9031	NT=Oryctolagus cuniculus (rabbit);AC=NCBITaxon:9986	NT=Bos taurus (bovine);AC=NCBITaxon:9913	not available	not available	177	PXD019724_atschanz_C1606_086_assay	proteomic profiling by mass spectrometry	data-dependent acquisition	NT=label free sample;AC=MS:1002038	1	1	not available	NT=Lys-C;AC=MS:1001309	NT=Carbamidomethyl;AC=UNIMOD:4;TA=C;MT=Fixed	NT=Oxidation;AC=UNIMOD:21;TA=M;MT=Variable	not available	not available	NT=['pimelic dihydrazide (PDH)', '4-(4,6-Dimethoxy-1,3,5-triazin-2-yl)-4-methylmorpholinium (DMTMM) chloride'];AC=[None, None];TA=['D,E,nterm', 'D,E,nterm']	size exclusion chromatography (SEC)	not available	not available	not available	not available	atschanz_C1606_086.raw	NT=ms-proteomics;VV=v1.1.0	NT=crosslinking;VV=v1.0.0
PXD019724_mazadeh_C1508_004	NT=Gallus gallus (chicken);AC=NCBITaxon:9031	NT=Oryctolagus cuniculus (rabbit);AC=NCBITaxon:9986	NT=Bos taurus (bovine);AC=NCBITaxon:9913	not available	not available	178	PXD019724_mazadeh_C1508_004_assay	proteomic profiling by mass spectrometry	data-dependent acquisition	NT=label free sample;AC=MS:1002038	1	1	not available	NT=Lys-C;AC=MS:1001309	NT=Carbamidomethyl;AC=UNIMOD:4;TA=C;MT=Fixed	NT=Oxidation;AC=UNIMOD:21;TA=M;MT=Variable	not available	not available	NT=['pimelic dihydrazide (PDH)', '4-(4,6-Dimethoxy-1,3,5-triazin-2-yl)-4-methylmorpholinium (DMTMM) chloride'];AC=[None, None];TA=['D,E,nterm', 'D,E,nterm']	size exclusion chromatography (SEC)	not available	not available	not available	not available	mazadeh_C1508_004.raw	NT=ms-proteomics;VV=v1.1.0	NT=crosslinking;VV=v1.0.0
PXD019724_mazadeh_C1507_312	NT=Gallus gallus (chicken);AC=NCBITaxon:9031	NT=Oryctolagus cuniculus (rabbit);AC=NCBITaxon:9986	NT=Bos taurus (bovine);AC=NCBITaxon:9913	not available	not available	179	PXD019724_mazadeh_C1507_312_assay	proteomic profiling by mass spectrometry	data-dependent acquisition	NT=label free sample;AC=MS:1002038	1	1	not available	NT=Lys-C;AC=MS:1001309	NT=Carbamidomethyl;AC=UNIMOD:4;TA=C;MT=Fixed	NT=Oxidation;AC=UNIMOD:21;TA=M;MT=Variable	not available	not available	NT=['pimelic dihydrazide (PDH)', '4-(4,6-Dimethoxy-1,3,5-triazin-2-yl)-4-methylmorpholinium (DMTMM) chloride'];AC=[None, None];TA=['D,E,nterm', 'D,E,nterm']	size exclusion chromatography (SEC)	not available	not available	not available	not available	mazadeh_C1507_312.raw	NT=ms-proteomics;VV=v1.1.0	NT=crosslinking;VV=v1.0.0
PXD019724_atschanz_C1606_031	NT=Gallus gallus (chicken);AC=NCBITaxon:9031	NT=Oryctolagus cuniculus (rabbit);AC=NCBITaxon:9986	NT=Bos taurus (bovine);AC=NCBITaxon:9913	not available	not available	180	PXD019724_atschanz_C1606_031_assay	proteomic profiling by mass spectrometry	data-dependent acquisition	NT=label free sample;AC=MS:1002038	1	1	not available	NT=Lys-C;AC=MS:1001309	NT=Carbamidomethyl;AC=UNIMOD:4;TA=C;MT=Fixed	NT=Oxidation;AC=UNIMOD:21;TA=M;MT=Variable	not available	not available	NT=['pimelic dihydrazide (PDH)', '4-(4,6-Dimethoxy-1,3,5-triazin-2-yl)-4-methylmorpholinium (DMTMM) chloride'];AC=[None, None];TA=['D,E,nterm', 'D,E,nterm']	size exclusion chromatography (SEC)	not available	not available	not available	not available	atschanz_C1606_031.raw	NT=ms-proteomics;VV=v1.1.0	NT=crosslinking;VV=v1.0.0
PXD019724_mazadeh_C1507_308	NT=Gallus gallus (chicken);AC=NCBITaxon:9031	NT=Oryctolagus cuniculus (rabbit);AC=NCBITaxon:9986	NT=Bos taurus (bovine);AC=NCBITaxon:9913	not available	not available	181	PXD019724_mazadeh_C1507_308_assay	proteomic profiling by mass spectrometry	data-dependent acquisition	NT=label free sample;AC=MS:1002038	1	1	not available	NT=Lys-C;AC=MS:1001309	NT=Carbamidomethyl;AC=UNIMOD:4;TA=C;MT=Fixed	NT=Oxidation;AC=UNIMOD:21;TA=M;MT=Variable	not available	not available	NT=['pimelic dihydrazide (PDH)', '4-(4,6-Dimethoxy-1,3,5-triazin-2-yl)-4-methylmorpholinium (DMTMM) chloride'];AC=[None, None];TA=['D,E,nterm', 'D,E,nterm']	size exclusion chromatography (SEC)	not available	not available	not available	not available	mazadeh_C1507_308.raw	NT=ms-proteomics;VV=v1.1.0	NT=crosslinking;VV=v1.0.0
PXD019724_mazadeh_C1507_252	NT=Gallus gallus (chicken);AC=NCBITaxon:9031	NT=Oryctolagus cuniculus (rabbit);AC=NCBITaxon:9986	NT=Bos taurus (bovine);AC=NCBITaxon:9913	not available	not available	182	PXD019724_mazadeh_C1507_252_assay	proteomic profiling by mass spectrometry	data-dependent acquisition	NT=label free sample;AC=MS:1002038	1	1	not available	NT=Lys-C;AC=MS:1001309	NT=Carbamidomethyl;AC=UNIMOD:4;TA=C;MT=Fixed	NT=Oxidation;AC=UNIMOD:21;TA=M;MT=Variable	not available	not available	NT=['pimelic dihydrazide (PDH)', '4-(4,6-Dimethoxy-1,3,5-triazin-2-yl)-4-methylmorpholinium (DMTMM) chloride'];AC=[None, None];TA=['D,E,nterm', 'D,E,nterm']	size exclusion chromatography (SEC)	not available	not available	not available	not available	mazadeh_C1507_252.raw	NT=ms-proteomics;VV=v1.1.0	NT=crosslinking;VV=v1.0.0
PXD019724_atschanz_C1606_054	NT=Gallus gallus (chicken);AC=NCBITaxon:9031	NT=Oryctolagus cuniculus (rabbit);AC=NCBITaxon:9986	NT=Bos taurus (bovine);AC=NCBITaxon:9913	not available	not available	183	PXD019724_atschanz_C1606_054_assay	proteomic profiling by mass spectrometry	data-dependent acquisition	NT=label free sample;AC=MS:1002038	1	1	not available	NT=Lys-C;AC=MS:1001309	NT=Carbamidomethyl;AC=UNIMOD:4;TA=C;MT=Fixed	NT=Oxidation;AC=UNIMOD:21;TA=M;MT=Variable	not available	not available	NT=['pimelic dihydrazide (PDH)', '4-(4,6-Dimethoxy-1,3,5-triazin-2-yl)-4-methylmorpholinium (DMTMM) chloride'];AC=[None, None];TA=['D,E,nterm', 'D,E,nterm']	size exclusion chromatography (SEC)	not available	not available	not available	not available	atschanz_C1606_054.raw	NT=ms-proteomics;VV=v1.1.0	NT=crosslinking;VV=v1.0.0
PXD019724_atschanz_C1606_035	NT=Gallus gallus (chicken);AC=NCBITaxon:9031	NT=Oryctolagus cuniculus (rabbit);AC=NCBITaxon:9986	NT=Bos taurus (bovine);AC=NCBITaxon:9913	not available	not available	184	PXD019724_atschanz_C1606_035_assay	proteomic profiling by mass spectrometry	data-dependent acquisition	NT=label free sample;AC=MS:1002038	1	1	not available	NT=Lys-C;AC=MS:1001309	NT=Carbamidomethyl;AC=UNIMOD:4;TA=C;MT=Fixed	NT=Oxidation;AC=UNIMOD:21;TA=M;MT=Variable	not available	not available	NT=['pimelic dihydrazide (PDH)', '4-(4,6-Dimethoxy-1,3,5-triazin-2-yl)-4-methylmorpholinium (DMTMM) chloride'];AC=[None, None];TA=['D,E,nterm', 'D,E,nterm']	size exclusion chromatography (SEC)	not available	not available	not available	not available	atschanz_C1606_035.raw	NT=ms-proteomics;VV=v1.1.0	NT=crosslinking;VV=v1.0.0
PXD019724_atschanz_C1606_096	NT=Gallus gallus (chicken);AC=NCBITaxon:9031	NT=Oryctolagus cuniculus (rabbit);AC=NCBITaxon:9986	NT=Bos taurus (bovine);AC=NCBITaxon:9913	not available	not available	185	PXD019724_atschanz_C1606_096_assay	proteomic profiling by mass spectrometry	data-dependent acquisition	NT=label free sample;AC=MS:1002038	1	1	not available	NT=Lys-C;AC=MS:1001309	NT=Carbamidomethyl;AC=UNIMOD:4;TA=C;MT=Fixed	NT=Oxidation;AC=UNIMOD:21;TA=M;MT=Variable	not available	not available	NT=['pimelic dihydrazide (PDH)', '4-(4,6-Dimethoxy-1,3,5-triazin-2-yl)-4-methylmorpholinium (DMTMM) chloride'];AC=[None, None];TA=['D,E,nterm', 'D,E,nterm']	size exclusion chromatography (SEC)	not available	not available	not available	not available	atschanz_C1606_096.raw	NT=ms-proteomics;VV=v1.1.0	NT=crosslinking;VV=v1.0.0
PXD019724_mazadeh_C1507_305	NT=Gallus gallus (chicken);AC=NCBITaxon:9031	NT=Oryctolagus cuniculus (rabbit);AC=NCBITaxon:9986	NT=Bos taurus (bovine);AC=NCBITaxon:9913	not available	not available	186	PXD019724_mazadeh_C1507_305_assay	proteomic profiling by mass spectrometry	data-dependent acquisition	NT=label free sample;AC=MS:1002038	1	1	not available	NT=Lys-C;AC=MS:1001309	NT=Carbamidomethyl;AC=UNIMOD:4;TA=C;MT=Fixed	NT=Oxidation;AC=UNIMOD:21;TA=M;MT=Variable	not available	not available	NT=['pimelic dihydrazide (PDH)', '4-(4,6-Dimethoxy-1,3,5-triazin-2-yl)-4-methylmorpholinium (DMTMM) chloride'];AC=[None, None];TA=['D,E,nterm', 'D,E,nterm']	size exclusion chromatography (SEC)	not available	not available	not available	not available	mazadeh_C1507_305.raw	NT=ms-proteomics;VV=v1.1.0	NT=crosslinking;VV=v1.0.0
PXD019724_atschanz_C1606_052	NT=Gallus gallus (chicken);AC=NCBITaxon:9031	NT=Oryctolagus cuniculus (rabbit);AC=NCBITaxon:9986	NT=Bos taurus (bovine);AC=NCBITaxon:9913	not available	not available	187	PXD019724_atschanz_C1606_052_assay	proteomic profiling by mass spectrometry	data-dependent acquisition	NT=label free sample;AC=MS:1002038	1	1	not available	NT=Lys-C;AC=MS:1001309	NT=Carbamidomethyl;AC=UNIMOD:4;TA=C;MT=Fixed	NT=Oxidation;AC=UNIMOD:21;TA=M;MT=Variable	not available	not available	NT=['pimelic dihydrazide (PDH)', '4-(4,6-Dimethoxy-1,3,5-triazin-2-yl)-4-methylmorpholinium (DMTMM) chloride'];AC=[None, None];TA=['D,E,nterm', 'D,E,nterm']	size exclusion chromatography (SEC)	not available	not available	not available	not available	atschanz_C1606_052.raw	NT=ms-proteomics;VV=v1.1.0	NT=crosslinking;VV=v1.0.0
PXD019724_mazadeh_C1507_259	NT=Gallus gallus (chicken);AC=NCBITaxon:9031	NT=Oryctolagus cuniculus (rabbit);AC=NCBITaxon:9986	NT=Bos taurus (bovine);AC=NCBITaxon:9913	not available	not available	188	PXD019724_mazadeh_C1507_259_assay	proteomic profiling by mass spectrometry	data-dependent acquisition	NT=label free sample;AC=MS:1002038	1	1	not available	NT=Lys-C;AC=MS:1001309	NT=Carbamidomethyl;AC=UNIMOD:4;TA=C;MT=Fixed	NT=Oxidation;AC=UNIMOD:21;TA=M;MT=Variable	not available	not available	NT=['pimelic dihydrazide (PDH)', '4-(4,6-Dimethoxy-1,3,5-triazin-2-yl)-4-methylmorpholinium (DMTMM) chloride'];AC=[None, None];TA=['D,E,nterm', 'D,E,nterm']	size exclusion chromatography (SEC)	not available	not available	not available	not available	mazadeh_C1507_259.raw	NT=ms-proteomics;VV=v1.1.0	NT=crosslinking;VV=v1.0.0
PXD019724_mazadeh_C1507_282	NT=Gallus gallus (chicken);AC=NCBITaxon:9031	NT=Oryctolagus cuniculus (rabbit);AC=NCBITaxon:9986	NT=Bos taurus (bovine);AC=NCBITaxon:9913	not available	not available	189	PXD019724_mazadeh_C1507_282_assay	proteomic profiling by mass spectrometry	data-dependent acquisition	NT=label free sample;AC=MS:1002038	1	1	not available	NT=Lys-C;AC=MS:1001309	NT=Carbamidomethyl;AC=UNIMOD:4;TA=C;MT=Fixed	NT=Oxidation;AC=UNIMOD:21;TA=M;MT=Variable	not available	not available	NT=['pimelic dihydrazide (PDH)', '4-(4,6-Dimethoxy-1,3,5-triazin-2-yl)-4-methylmorpholinium (DMTMM) chloride'];AC=[None, None];TA=['D,E,nterm', 'D,E,nterm']	size exclusion chromatography (SEC)	not available	not available	not available	not available	mazadeh_C1507_282.raw	NT=ms-proteomics;VV=v1.1.0	NT=crosslinking;VV=v1.0.0
PXD019724_atschanz_C1606_100	NT=Gallus gallus (chicken);AC=NCBITaxon:9031	NT=Oryctolagus cuniculus (rabbit);AC=NCBITaxon:9986	NT=Bos taurus (bovine);AC=NCBITaxon:9913	not available	not available	190	PXD019724_atschanz_C1606_100_assay	proteomic profiling by mass spectrometry	data-dependent acquisition	NT=label free sample;AC=MS:1002038	1	1	not available	NT=Lys-C;AC=MS:1001309	NT=Carbamidomethyl;AC=UNIMOD:4;TA=C;MT=Fixed	NT=Oxidation;AC=UNIMOD:21;TA=M;MT=Variable	not available	not available	NT=['pimelic dihydrazide (PDH)', '4-(4,6-Dimethoxy-1,3,5-triazin-2-yl)-4-methylmorpholinium (DMTMM) chloride'];AC=[None, None];TA=['D,E,nterm', 'D,E,nterm']	size exclusion chromatography (SEC)	not available	not available	not available	not available	atschanz_C1606_100.raw	NT=ms-proteomics;VV=v1.1.0	NT=crosslinking;VV=v1.0.0
PXD019724_mazadeh_C1508_036	NT=Gallus gallus (chicken);AC=NCBITaxon:9031	NT=Oryctolagus cuniculus (rabbit);AC=NCBITaxon:9986	NT=Bos taurus (bovine);AC=NCBITaxon:9913	not available	not available	191	PXD019724_mazadeh_C1508_036_assay	proteomic profiling by mass spectrometry	data-dependent acquisition	NT=label free sample;AC=MS:1002038	1	1	not available	NT=Lys-C;AC=MS:1001309	NT=Carbamidomethyl;AC=UNIMOD:4;TA=C;MT=Fixed	NT=Oxidation;AC=UNIMOD:21;TA=M;MT=Variable	not available	not available	NT=['pimelic dihydrazide (PDH)', '4-(4,6-Dimethoxy-1,3,5-triazin-2-yl)-4-methylmorpholinium (DMTMM) chloride'];AC=[None, None];TA=['D,E,nterm', 'D,E,nterm']	size exclusion chromatography (SEC)	not available	not available	not available	not available	mazadeh_C1508_036.raw	NT=ms-proteomics;VV=v1.1.0	NT=crosslinking;VV=v1.0.0
PXD019724_atschanz_C1606_071	NT=Gallus gallus (chicken);AC=NCBITaxon:9031	NT=Oryctolagus cuniculus (rabbit);AC=NCBITaxon:9986	NT=Bos taurus (bovine);AC=NCBITaxon:9913	not available	not available	192	PXD019724_atschanz_C1606_071_assay	proteomic profiling by mass spectrometry	data-dependent acquisition	NT=label free sample;AC=MS:1002038	1	1	not available	NT=Lys-C;AC=MS:1001309	NT=Carbamidomethyl;AC=UNIMOD:4;TA=C;MT=Fixed	NT=Oxidation;AC=UNIMOD:21;TA=M;MT=Variable	not available	not available	NT=['pimelic dihydrazide (PDH)', '4-(4,6-Dimethoxy-1,3,5-triazin-2-yl)-4-methylmorpholinium (DMTMM) chloride'];AC=[None, None];TA=['D,E,nterm', 'D,E,nterm']	size exclusion chromatography (SEC)	not available	not available	not available	not available	atschanz_C1606_071.raw	NT=ms-proteomics;VV=v1.1.0	NT=crosslinking;VV=v1.0.0
