source name	characteristics[organism]	characteristics[organism part]	characteristics[cell type]	characteristics[biological replicate]	assay name	technology type	comment[proteomics data acquisition method]	comment[label]	comment[fraction identifier]	comment[technical replicate]	comment[instrument]	comment[cleavage agent details]	comment[modification parameters]	comment[collision energy]	comment[dissociation method]	comment[cross-linker]	comment[crosslink enrichment method]	comment[crosslinker concentration]	comment[crosslinker to protein ratio]	comment[crosslinking reaction time]	comment[crosslinking temperature]	comment[data file]	comment[sdrf template]	comment[sdrf template]	comment[sdrf template]
PXD049054_00002466___Cont1_2-3_inj02	NT=Mus musculus;AC=NCBITaxon:10090	nuclear extract	embryonic stem cells	1	PXD049054_00002466___Cont1_2-3_inj02_assay	proteomic profiling by mass spectrometry	data-dependent acquisition	NT=label free sample;AC=MS:1002038	1	1	not available	NT=Lys-C;AC=MS:1001309	NT=Carbamidomethyl;AC=UNIMOD:4;TA=C;MT=Fixed	not available	not available	not available	not available	not available	not available	not available	not available	00002466___Cont1_2-3_inj02.raw	NT=ms-proteomics;VV=v1.1.0	NT=crosslinking;VV=v1.0.0	NT=vertebrates;VV=v1.1.0
PXD049054_00002558___Cont1_1-2_4th_inj02	NT=Mus musculus;AC=NCBITaxon:10090	nuclear extract	embryonic stem cells	2	PXD049054_00002558___Cont1_1-2_4th_inj02_assay	proteomic profiling by mass spectrometry	data-dependent acquisition	NT=label free sample;AC=MS:1002038	1	1	not available	NT=Lys-C;AC=MS:1001309	NT=Carbamidomethyl;AC=UNIMOD:4;TA=C;MT=Fixed	not available	not available	not available	not available	not available	not available	not available	not available	00002558___Cont1_1-2_4th_inj02.raw	NT=ms-proteomics;VV=v1.1.0	NT=crosslinking;VV=v1.0.0	NT=vertebrates;VV=v1.1.0
PXD049054_00002508___ALL_2-2_inj02	NT=Mus musculus;AC=NCBITaxon:10090	nuclear extract	embryonic stem cells	3	PXD049054_00002508___ALL_2-2_inj02_assay	proteomic profiling by mass spectrometry	data-dependent acquisition	NT=label free sample;AC=MS:1002038	1	1	not available	NT=Lys-C;AC=MS:1001309	NT=Carbamidomethyl;AC=UNIMOD:4;TA=C;MT=Fixed	not available	not available	not available	not available	not available	not available	not available	not available	00002508___ALL_2-2_inj02.raw	NT=ms-proteomics;VV=v1.1.0	NT=crosslinking;VV=v1.0.0	NT=vertebrates;VV=v1.1.0
PXD049054_00002468___Cont2_1-2_inj02	NT=Mus musculus;AC=NCBITaxon:10090	nuclear extract	embryonic stem cells	4	PXD049054_00002468___Cont2_1-2_inj02_assay	proteomic profiling by mass spectrometry	data-dependent acquisition	NT=label free sample;AC=MS:1002038	1	1	not available	NT=Lys-C;AC=MS:1001309	NT=Carbamidomethyl;AC=UNIMOD:4;TA=C;MT=Fixed	not available	not available	not available	not available	not available	not available	not available	not available	00002468___Cont2_1-2_inj02.raw	NT=ms-proteomics;VV=v1.1.0	NT=crosslinking;VV=v1.0.0	NT=vertebrates;VV=v1.1.0
PXD049054_00002558___Cont1_1-2_4th_inj01	NT=Mus musculus;AC=NCBITaxon:10090	nuclear extract	embryonic stem cells	5	PXD049054_00002558___Cont1_1-2_4th_inj01_assay	proteomic profiling by mass spectrometry	data-dependent acquisition	NT=label free sample;AC=MS:1002038	1	1	not available	NT=Lys-C;AC=MS:1001309	NT=Carbamidomethyl;AC=UNIMOD:4;TA=C;MT=Fixed	not available	not available	not available	not available	not available	not available	not available	not available	00002558___Cont1_1-2_4th_inj01.raw	NT=ms-proteomics;VV=v1.1.0	NT=crosslinking;VV=v1.0.0	NT=vertebrates;VV=v1.1.0
PXD049054_00002513___Cont1_2-1_inj01	NT=Mus musculus;AC=NCBITaxon:10090	nuclear extract	embryonic stem cells	6	PXD049054_00002513___Cont1_2-1_inj01_assay	proteomic profiling by mass spectrometry	data-dependent acquisition	NT=label free sample;AC=MS:1002038	1	1	not available	NT=Lys-C;AC=MS:1001309	NT=Carbamidomethyl;AC=UNIMOD:4;TA=C;MT=Fixed	not available	not available	not available	not available	not available	not available	not available	not available	00002513___Cont1_2-1_inj01.raw	NT=ms-proteomics;VV=v1.1.0	NT=crosslinking;VV=v1.0.0	NT=vertebrates;VV=v1.1.0
PXD049054_00002568___Cont2_2-3_4th_inj01	NT=Mus musculus;AC=NCBITaxon:10090	nuclear extract	embryonic stem cells	7	PXD049054_00002568___Cont2_2-3_4th_inj01_assay	proteomic profiling by mass spectrometry	data-dependent acquisition	NT=label free sample;AC=MS:1002038	1	1	not available	NT=Lys-C;AC=MS:1001309	NT=Carbamidomethyl;AC=UNIMOD:4;TA=C;MT=Fixed	not available	not available	not available	not available	not available	not available	not available	not available	00002568___Cont2_2-3_4th_inj01.raw	NT=ms-proteomics;VV=v1.1.0	NT=crosslinking;VV=v1.0.0	NT=vertebrates;VV=v1.1.0
PXD049054_00002185___Exp02_Bead_replicate_03_inj01	Mus musculus	nuclear extract	embryonic stem cells	8	PXD049054_00002185___Exp02_Bead_replicate_03_inj01_assay	proteomic profiling by mass spectrometry	data-dependent acquisition	NT=label free sample;AC=MS:1002038	1	03	not available	NT=Lys-C;AC=MS:1001309	NT=Carbamidomethyl;AC=UNIMOD:4;TA=C;MT=Fixed	not available	not available	not available	not available	not available	not available	not available	not available	00002185___Exp02_Bead_replicate_03_inj01.raw	NT=ms-proteomics;VV=v1.1.0	NT=crosslinking;VV=v1.0.0	NT=vertebrates;VV=v1.1.0
PXD049054_00002526___Cont3_2-2_inj01	NT=Mus musculus;AC=NCBITaxon:10090	nuclear extract	embryonic stem cells	9	PXD049054_00002526___Cont3_2-2_inj01_assay	proteomic profiling by mass spectrometry	data-dependent acquisition	NT=label free sample;AC=MS:1002038	1	1	not available	NT=Lys-C;AC=MS:1001309	NT=Carbamidomethyl;AC=UNIMOD:4;TA=C;MT=Fixed	not available	not available	not available	not available	not available	not available	not available	not available	00002526___Cont3_2-2_inj01.raw	NT=ms-proteomics;VV=v1.1.0	NT=crosslinking;VV=v1.0.0	NT=vertebrates;VV=v1.1.0
PXD049054_00002593___Cont2_1-3_5th_inj02	NT=Mus musculus;AC=NCBITaxon:10090	nuclear extract	embryonic stem cells	10	PXD049054_00002593___Cont2_1-3_5th_inj02_assay	proteomic profiling by mass spectrometry	data-dependent acquisition	NT=label free sample;AC=MS:1002038	1	1	not available	NT=Lys-C;AC=MS:1001309	NT=Carbamidomethyl;AC=UNIMOD:4;TA=C;MT=Fixed	not available	not available	not available	not available	not available	not available	not available	not available	00002593___Cont2_1-3_5th_inj02.raw	NT=ms-proteomics;VV=v1.1.0	NT=crosslinking;VV=v1.0.0	NT=vertebrates;VV=v1.1.0
PXD049054_00002599___Cont3_1-3_5th_inj01	NT=Mus musculus;AC=NCBITaxon:10090	nuclear extract	embryonic stem cells	11	PXD049054_00002599___Cont3_1-3_5th_inj01_assay	proteomic profiling by mass spectrometry	data-dependent acquisition	NT=label free sample;AC=MS:1002038	1	1	not available	NT=Lys-C;AC=MS:1001309	NT=Carbamidomethyl;AC=UNIMOD:4;TA=C;MT=Fixed	not available	not available	not available	not available	not available	not available	not available	not available	00002599___Cont3_1-3_5th_inj01.raw	NT=ms-proteomics;VV=v1.1.0	NT=crosslinking;VV=v1.0.0	NT=vertebrates;VV=v1.1.0
PXD049054_00002601___Cont3_2-2_5th_inj02	NT=Mus musculus;AC=NCBITaxon:10090	nuclear extract	embryonic stem cells	12	PXD049054_00002601___Cont3_2-2_5th_inj02_assay	proteomic profiling by mass spectrometry	data-dependent acquisition	NT=label free sample;AC=MS:1002038	1	1	not available	NT=Lys-C;AC=MS:1001309	NT=Carbamidomethyl;AC=UNIMOD:4;TA=C;MT=Fixed	not available	not available	not available	not available	not available	not available	not available	not available	00002601___Cont3_2-2_5th_inj02.raw	NT=ms-proteomics;VV=v1.1.0	NT=crosslinking;VV=v1.0.0	NT=vertebrates;VV=v1.1.0
PXD049054_00002573___Cont3_2-2_4th_inj01	NT=Mus musculus;AC=NCBITaxon:10090	nuclear extract	embryonic stem cells	13	PXD049054_00002573___Cont3_2-2_4th_inj01_assay	proteomic profiling by mass spectrometry	data-dependent acquisition	NT=label free sample;AC=MS:1002038	1	1	not available	NT=Lys-C;AC=MS:1001309	NT=Carbamidomethyl;AC=UNIMOD:4;TA=C;MT=Fixed	not available	not available	not available	not available	not available	not available	not available	not available	00002573___Cont3_2-2_4th_inj01.raw	NT=ms-proteomics;VV=v1.1.0	NT=crosslinking;VV=v1.0.0	NT=vertebrates;VV=v1.1.0
PXD049054_00002471___Cont2_2-2_inj01	NT=Mus musculus;AC=NCBITaxon:10090	nuclear extract	embryonic stem cells	14	PXD049054_00002471___Cont2_2-2_inj01_assay	proteomic profiling by mass spectrometry	data-dependent acquisition	NT=label free sample;AC=MS:1002038	1	1	not available	NT=Lys-C;AC=MS:1001309	NT=Carbamidomethyl;AC=UNIMOD:4;TA=C;MT=Fixed	not available	not available	not available	not available	not available	not available	not available	not available	00002471___Cont2_2-2_inj01.raw	NT=ms-proteomics;VV=v1.1.0	NT=crosslinking;VV=v1.0.0	NT=vertebrates;VV=v1.1.0
PXD049054_00002109___Ctrl02_02	NT=Mus musculus;AC=NCBITaxon:10090	nuclear extract	embryonic stem cells	15	PXD049054_00002109___Ctrl02_02_assay	proteomic profiling by mass spectrometry	data-dependent acquisition	NT=label free sample;AC=MS:1002038	1	1	not available	NT=Lys-C;AC=MS:1001309	NT=Carbamidomethyl;AC=UNIMOD:4;TA=C;MT=Fixed	not available	not available	not available	not available	not available	not available	not available	not available	00002109___Ctrl02_02.raw	NT=ms-proteomics;VV=v1.1.0	NT=crosslinking;VV=v1.0.0	NT=vertebrates;VV=v1.1.0
PXD049054_00002564___Cont2_1-2_4th_inj02	NT=Mus musculus;AC=NCBITaxon:10090	nuclear extract	embryonic stem cells	16	PXD049054_00002564___Cont2_1-2_4th_inj02_assay	proteomic profiling by mass spectrometry	data-dependent acquisition	NT=label free sample;AC=MS:1002038	1	1	not available	NT=Lys-C;AC=MS:1001309	NT=Carbamidomethyl;AC=UNIMOD:4;TA=C;MT=Fixed	not available	not available	not available	not available	not available	not available	not available	not available	00002564___Cont2_1-2_4th_inj02.raw	NT=ms-proteomics;VV=v1.1.0	NT=crosslinking;VV=v1.0.0	NT=vertebrates;VV=v1.1.0
PXD049054_00002552___ALL_1-2_4th_inj01	NT=Mus musculus;AC=NCBITaxon:10090	nuclear extract	embryonic stem cells	17	PXD049054_00002552___ALL_1-2_4th_inj01_assay	proteomic profiling by mass spectrometry	data-dependent acquisition	NT=label free sample;AC=MS:1002038	1	1	not available	NT=Lys-C;AC=MS:1001309	NT=Carbamidomethyl;AC=UNIMOD:4;TA=C;MT=Fixed	not available	not available	not available	not available	not available	not available	not available	not available	00002552___ALL_1-2_4th_inj01.raw	NT=ms-proteomics;VV=v1.1.0	NT=crosslinking;VV=v1.0.0	NT=vertebrates;VV=v1.1.0
PXD049054_00002108___Ctrl01_01	NT=Mus musculus;AC=NCBITaxon:10090	nuclear extract	embryonic stem cells	18	PXD049054_00002108___Ctrl01_01_assay	proteomic profiling by mass spectrometry	data-dependent acquisition	NT=label free sample;AC=MS:1002038	1	1	not available	NT=Lys-C;AC=MS:1001309	NT=Carbamidomethyl;AC=UNIMOD:4;TA=C;MT=Fixed	not available	not available	not available	not available	not available	not available	not available	not available	00002108___Ctrl01_01.raw	NT=ms-proteomics;VV=v1.1.0	NT=crosslinking;VV=v1.0.0	NT=vertebrates;VV=v1.1.0
PXD049054_00002183___Exp02_Bead_replicate_01_inj02	Mus musculus	nuclear extract	embryonic stem cells	19	PXD049054_00002183___Exp02_Bead_replicate_01_inj02_assay	proteomic profiling by mass spectrometry	data-dependent acquisition	NT=label free sample;AC=MS:1002038	1	01	not available	NT=Lys-C;AC=MS:1001309	NT=Carbamidomethyl;AC=UNIMOD:4;TA=C;MT=Fixed	not available	not available	not available	not available	not available	not available	not available	not available	00002183___Exp02_Bead_replicate_01_inj02.raw	NT=ms-proteomics;VV=v1.1.0	NT=crosslinking;VV=v1.0.0	NT=vertebrates;VV=v1.1.0
PXD049054_00002589___Cont1_2-2_5th_inj02	NT=Mus musculus;AC=NCBITaxon:10090	nuclear extract	embryonic stem cells	20	PXD049054_00002589___Cont1_2-2_5th_inj02_assay	proteomic profiling by mass spectrometry	data-dependent acquisition	NT=label free sample;AC=MS:1002038	1	1	not available	NT=Lys-C;AC=MS:1001309	NT=Carbamidomethyl;AC=UNIMOD:4;TA=C;MT=Fixed	not available	not available	not available	not available	not available	not available	not available	not available	00002589___Cont1_2-2_5th_inj02.raw	NT=ms-proteomics;VV=v1.1.0	NT=crosslinking;VV=v1.0.0	NT=vertebrates;VV=v1.1.0
PXD049054_00002180___Exp01_Biotin_Bead_replicate_01_inj01	Mus musculus	nuclear extract	embryonic stem cells	21	PXD049054_00002180___Exp01_Biotin_Bead_replicate_01_inj01_assay	proteomic profiling by mass spectrometry	data-dependent acquisition	NT=label free sample;AC=MS:1002038	1	01	not available	NT=Lys-C;AC=MS:1001309	NT=Carbamidomethyl;AC=UNIMOD:4;TA=C;MT=Fixed	not available	not available	not available	not available	not available	not available	not available	not available	00002180___Exp01_Biotin_Bead_replicate_01_inj01.raw	NT=ms-proteomics;VV=v1.1.0	NT=crosslinking;VV=v1.0.0	NT=vertebrates;VV=v1.1.0
PXD049054_00002112___Exp02_01	NT=Mus musculus;AC=NCBITaxon:10090	nuclear extract	embryonic stem cells	22	PXD049054_00002112___Exp02_01_assay	proteomic profiling by mass spectrometry	data-dependent acquisition	NT=label free sample;AC=MS:1002038	1	1	not available	NT=Lys-C;AC=MS:1001309	NT=Carbamidomethyl;AC=UNIMOD:4;TA=C;MT=Fixed	not available	not available	not available	not available	not available	not available	not available	not available	00002112___Exp02_01.raw	NT=ms-proteomics;VV=v1.1.0	NT=crosslinking;VV=v1.0.0	NT=vertebrates;VV=v1.1.0
PXD049054_00002568___Cont2_2-3_4th_inj02	NT=Mus musculus;AC=NCBITaxon:10090	nuclear extract	embryonic stem cells	23	PXD049054_00002568___Cont2_2-3_4th_inj02_assay	proteomic profiling by mass spectrometry	data-dependent acquisition	NT=label free sample;AC=MS:1002038	1	1	not available	NT=Lys-C;AC=MS:1001309	NT=Carbamidomethyl;AC=UNIMOD:4;TA=C;MT=Fixed	not available	not available	not available	not available	not available	not available	not available	not available	00002568___Cont2_2-3_4th_inj02.raw	NT=ms-proteomics;VV=v1.1.0	NT=crosslinking;VV=v1.0.0	NT=vertebrates;VV=v1.1.0
PXD049054_00002521___Cont2_2-3_inj01	NT=Mus musculus;AC=NCBITaxon:10090	nuclear extract	embryonic stem cells	24	PXD049054_00002521___Cont2_2-3_inj01_assay	proteomic profiling by mass spectrometry	data-dependent acquisition	NT=label free sample;AC=MS:1002038	1	1	not available	NT=Lys-C;AC=MS:1001309	NT=Carbamidomethyl;AC=UNIMOD:4;TA=C;MT=Fixed	not available	not available	not available	not available	not available	not available	not available	not available	00002521___Cont2_2-3_inj01.raw	NT=ms-proteomics;VV=v1.1.0	NT=crosslinking;VV=v1.0.0	NT=vertebrates;VV=v1.1.0
PXD049054_00002554___ALL_2-1_4th_inj02	NT=Mus musculus;AC=NCBITaxon:10090	nuclear extract	embryonic stem cells	25	PXD049054_00002554___ALL_2-1_4th_inj02_assay	proteomic profiling by mass spectrometry	data-dependent acquisition	NT=label free sample;AC=MS:1002038	1	1	not available	NT=Lys-C;AC=MS:1001309	NT=Carbamidomethyl;AC=UNIMOD:4;TA=C;MT=Fixed	not available	not available	not available	not available	not available	not available	not available	not available	00002554___ALL_2-1_4th_inj02.raw	NT=ms-proteomics;VV=v1.1.0	NT=crosslinking;VV=v1.0.0	NT=vertebrates;VV=v1.1.0
PXD049054_00002589___Cont1_2-2_5th_inj01	NT=Mus musculus;AC=NCBITaxon:10090	nuclear extract	embryonic stem cells	26	PXD049054_00002589___Cont1_2-2_5th_inj01_assay	proteomic profiling by mass spectrometry	data-dependent acquisition	NT=label free sample;AC=MS:1002038	1	1	not available	NT=Lys-C;AC=MS:1001309	NT=Carbamidomethyl;AC=UNIMOD:4;TA=C;MT=Fixed	not available	not available	not available	not available	not available	not available	not available	not available	00002589___Cont1_2-2_5th_inj01.raw	NT=ms-proteomics;VV=v1.1.0	NT=crosslinking;VV=v1.0.0	NT=vertebrates;VV=v1.1.0
PXD049054_00002180___Exp01_Biotin_Bead_replicate_01_inj02	Mus musculus	nuclear extract	embryonic stem cells	27	PXD049054_00002180___Exp01_Biotin_Bead_replicate_01_inj02_assay	proteomic profiling by mass spectrometry	data-dependent acquisition	NT=label free sample;AC=MS:1002038	1	01	not available	NT=Lys-C;AC=MS:1001309	NT=Carbamidomethyl;AC=UNIMOD:4;TA=C;MT=Fixed	not available	not available	not available	not available	not available	not available	not available	not available	00002180___Exp01_Biotin_Bead_replicate_01_inj02.raw	NT=ms-proteomics;VV=v1.1.0	NT=crosslinking;VV=v1.0.0	NT=vertebrates;VV=v1.1.0
PXD049054_00002520___Cont2_2-2_inj01	NT=Mus musculus;AC=NCBITaxon:10090	nuclear extract	embryonic stem cells	28	PXD049054_00002520___Cont2_2-2_inj01_assay	proteomic profiling by mass spectrometry	data-dependent acquisition	NT=label free sample;AC=MS:1002038	1	1	not available	NT=Lys-C;AC=MS:1001309	NT=Carbamidomethyl;AC=UNIMOD:4;TA=C;MT=Fixed	not available	not available	not available	not available	not available	not available	not available	not available	00002520___Cont2_2-2_inj01.raw	NT=ms-proteomics;VV=v1.1.0	NT=crosslinking;VV=v1.0.0	NT=vertebrates;VV=v1.1.0
PXD049054_00002527___Cont3_2-3_inj01	NT=Mus musculus;AC=NCBITaxon:10090	nuclear extract	embryonic stem cells	29	PXD049054_00002527___Cont3_2-3_inj01_assay	proteomic profiling by mass spectrometry	data-dependent acquisition	NT=label free sample;AC=MS:1002038	1	1	not available	NT=Lys-C;AC=MS:1001309	NT=Carbamidomethyl;AC=UNIMOD:4;TA=C;MT=Fixed	not available	not available	not available	not available	not available	not available	not available	not available	00002527___Cont3_2-3_inj01.raw	NT=ms-proteomics;VV=v1.1.0	NT=crosslinking;VV=v1.0.0	NT=vertebrates;VV=v1.1.0
PXD049054_00002213___Cont2_Bead_replicate_01_inj02	Mus musculus	nuclear extract	embryonic stem cells	30	PXD049054_00002213___Cont2_Bead_replicate_01_inj02_assay	proteomic profiling by mass spectrometry	data-dependent acquisition	NT=label free sample;AC=MS:1002038	1	01	not available	NT=Lys-C;AC=MS:1001309	NT=Carbamidomethyl;AC=UNIMOD:4;TA=C;MT=Fixed	not available	not available	not available	not available	not available	not available	not available	not available	00002213___Cont2_Bead_replicate_01_inj02.raw	NT=ms-proteomics;VV=v1.1.0	NT=crosslinking;VV=v1.0.0	NT=vertebrates;VV=v1.1.0
PXD049054_00002219___Cont3_Biotin_Bead_replicate_03_inj02	Mus musculus	nuclear extract	embryonic stem cells	31	PXD049054_00002219___Cont3_Biotin_Bead_replicate_03_inj02_assay	proteomic profiling by mass spectrometry	data-dependent acquisition	NT=label free sample;AC=MS:1002038	1	03	not available	NT=Lys-C;AC=MS:1001309	NT=Carbamidomethyl;AC=UNIMOD:4;TA=C;MT=Fixed	not available	not available	not available	not available	not available	not available	not available	not available	00002219___Cont3_Biotin_Bead_replicate_03_inj02.raw	NT=ms-proteomics;VV=v1.1.0	NT=crosslinking;VV=v1.0.0	NT=vertebrates;VV=v1.1.0
PXD049054_00002515___Cont1_2-3_inj02	NT=Mus musculus;AC=NCBITaxon:10090	nuclear extract	embryonic stem cells	32	PXD049054_00002515___Cont1_2-3_inj02_assay	proteomic profiling by mass spectrometry	data-dependent acquisition	NT=label free sample;AC=MS:1002038	1	1	not available	NT=Lys-C;AC=MS:1001309	NT=Carbamidomethyl;AC=UNIMOD:4;TA=C;MT=Fixed	not available	not available	not available	not available	not available	not available	not available	not available	00002515___Cont1_2-3_inj02.raw	NT=ms-proteomics;VV=v1.1.0	NT=crosslinking;VV=v1.0.0	NT=vertebrates;VV=v1.1.0
PXD049054_00002516___Cont2_1-1_inj02	NT=Mus musculus;AC=NCBITaxon:10090	nuclear extract	embryonic stem cells	33	PXD049054_00002516___Cont2_1-1_inj02_assay	proteomic profiling by mass spectrometry	data-dependent acquisition	NT=label free sample;AC=MS:1002038	1	1	not available	NT=Lys-C;AC=MS:1001309	NT=Carbamidomethyl;AC=UNIMOD:4;TA=C;MT=Fixed	not available	not available	not available	not available	not available	not available	not available	not available	00002516___Cont2_1-1_inj02.raw	NT=ms-proteomics;VV=v1.1.0	NT=crosslinking;VV=v1.0.0	NT=vertebrates;VV=v1.1.0
PXD049054_00002562___Cont1_2-3_4th_inj02	NT=Mus musculus;AC=NCBITaxon:10090	nuclear extract	embryonic stem cells	34	PXD049054_00002562___Cont1_2-3_4th_inj02_assay	proteomic profiling by mass spectrometry	data-dependent acquisition	NT=label free sample;AC=MS:1002038	1	1	not available	NT=Lys-C;AC=MS:1001309	NT=Carbamidomethyl;AC=UNIMOD:4;TA=C;MT=Fixed	not available	not available	not available	not available	not available	not available	not available	not available	00002562___Cont1_2-3_4th_inj02.raw	NT=ms-proteomics;VV=v1.1.0	NT=crosslinking;VV=v1.0.0	NT=vertebrates;VV=v1.1.0
PXD049054_00002196___Cont3_Bead_replicate_04_inj02	Mus musculus	nuclear extract	embryonic stem cells	35	PXD049054_00002196___Cont3_Bead_replicate_04_inj02_assay	proteomic profiling by mass spectrometry	data-dependent acquisition	NT=label free sample;AC=MS:1002038	1	04	not available	NT=Lys-C;AC=MS:1001309	NT=Carbamidomethyl;AC=UNIMOD:4;TA=C;MT=Fixed	not available	not available	not available	not available	not available	not available	not available	not available	00002196___Cont3_Bead_replicate_04_inj02.raw	NT=ms-proteomics;VV=v1.1.0	NT=crosslinking;VV=v1.0.0	NT=vertebrates;VV=v1.1.0
PXD049054_00002112___Exp02_02	NT=Mus musculus;AC=NCBITaxon:10090	nuclear extract	embryonic stem cells	36	PXD049054_00002112___Exp02_02_assay	proteomic profiling by mass spectrometry	data-dependent acquisition	NT=label free sample;AC=MS:1002038	1	1	not available	NT=Lys-C;AC=MS:1001309	NT=Carbamidomethyl;AC=UNIMOD:4;TA=C;MT=Fixed	not available	not available	not available	not available	not available	not available	not available	not available	00002112___Exp02_02.raw	NT=ms-proteomics;VV=v1.1.0	NT=crosslinking;VV=v1.0.0	NT=vertebrates;VV=v1.1.0
PXD049054_00002215___Cont2_Bead_replicate_03_inj02	Mus musculus	nuclear extract	embryonic stem cells	37	PXD049054_00002215___Cont2_Bead_replicate_03_inj02_assay	proteomic profiling by mass spectrometry	data-dependent acquisition	NT=label free sample;AC=MS:1002038	1	03	not available	NT=Lys-C;AC=MS:1001309	NT=Carbamidomethyl;AC=UNIMOD:4;TA=C;MT=Fixed	not available	not available	not available	not available	not available	not available	not available	not available	00002215___Cont2_Bead_replicate_03_inj02.raw	NT=ms-proteomics;VV=v1.1.0	NT=crosslinking;VV=v1.0.0	NT=vertebrates;VV=v1.1.0
PXD049054_00002214___Cont2_Bead_replicate_02_inj02	Mus musculus	nuclear extract	embryonic stem cells	38	PXD049054_00002214___Cont2_Bead_replicate_02_inj02_assay	proteomic profiling by mass spectrometry	data-dependent acquisition	NT=label free sample;AC=MS:1002038	1	02	not available	NT=Lys-C;AC=MS:1001309	NT=Carbamidomethyl;AC=UNIMOD:4;TA=C;MT=Fixed	not available	not available	not available	not available	not available	not available	not available	not available	00002214___Cont2_Bead_replicate_02_inj02.raw	NT=ms-proteomics;VV=v1.1.0	NT=crosslinking;VV=v1.0.0	NT=vertebrates;VV=v1.1.0
PXD049054_00002511___Cont1_1-2_inj01	NT=Mus musculus;AC=NCBITaxon:10090	nuclear extract	embryonic stem cells	39	PXD049054_00002511___Cont1_1-2_inj01_assay	proteomic profiling by mass spectrometry	data-dependent acquisition	NT=label free sample;AC=MS:1002038	1	1	not available	NT=Lys-C;AC=MS:1001309	NT=Carbamidomethyl;AC=UNIMOD:4;TA=C;MT=Fixed	not available	not available	not available	not available	not available	not available	not available	not available	00002511___Cont1_1-2_inj01.raw	NT=ms-proteomics;VV=v1.1.0	NT=crosslinking;VV=v1.0.0	NT=vertebrates;VV=v1.1.0
PXD049054_00002559___Cont1_1-3_4th_inj01	NT=Mus musculus;AC=NCBITaxon:10090	nuclear extract	embryonic stem cells	40	PXD049054_00002559___Cont1_1-3_4th_inj01_assay	proteomic profiling by mass spectrometry	data-dependent acquisition	NT=label free sample;AC=MS:1002038	1	1	not available	NT=Lys-C;AC=MS:1001309	NT=Carbamidomethyl;AC=UNIMOD:4;TA=C;MT=Fixed	not available	not available	not available	not available	not available	not available	not available	not available	00002559___Cont1_1-3_4th_inj01.raw	NT=ms-proteomics;VV=v1.1.0	NT=crosslinking;VV=v1.0.0	NT=vertebrates;VV=v1.1.0
PXD049054_00002600___Cont3_2-1_5th_inj02	NT=Mus musculus;AC=NCBITaxon:10090	nuclear extract	embryonic stem cells	41	PXD049054_00002600___Cont3_2-1_5th_inj02_assay	proteomic profiling by mass spectrometry	data-dependent acquisition	NT=label free sample;AC=MS:1002038	1	1	not available	NT=Lys-C;AC=MS:1001309	NT=Carbamidomethyl;AC=UNIMOD:4;TA=C;MT=Fixed	not available	not available	not available	not available	not available	not available	not available	not available	00002600___Cont3_2-1_5th_inj02.raw	NT=ms-proteomics;VV=v1.1.0	NT=crosslinking;VV=v1.0.0	NT=vertebrates;VV=v1.1.0
PXD049054_00002520___Cont2_2-2_inj02	NT=Mus musculus;AC=NCBITaxon:10090	nuclear extract	embryonic stem cells	42	PXD049054_00002520___Cont2_2-2_inj02_assay	proteomic profiling by mass spectrometry	data-dependent acquisition	NT=label free sample;AC=MS:1002038	1	1	not available	NT=Lys-C;AC=MS:1001309	NT=Carbamidomethyl;AC=UNIMOD:4;TA=C;MT=Fixed	not available	not available	not available	not available	not available	not available	not available	not available	00002520___Cont2_2-2_inj02.raw	NT=ms-proteomics;VV=v1.1.0	NT=crosslinking;VV=v1.0.0	NT=vertebrates;VV=v1.1.0
PXD049054_00002592___Cont2_1-2_5th_inj01	NT=Mus musculus;AC=NCBITaxon:10090	nuclear extract	embryonic stem cells	43	PXD049054_00002592___Cont2_1-2_5th_inj01_assay	proteomic profiling by mass spectrometry	data-dependent acquisition	NT=label free sample;AC=MS:1002038	1	1	not available	NT=Lys-C;AC=MS:1001309	NT=Carbamidomethyl;AC=UNIMOD:4;TA=C;MT=Fixed	not available	not available	not available	not available	not available	not available	not available	not available	00002592___Cont2_1-2_5th_inj01.raw	NT=ms-proteomics;VV=v1.1.0	NT=crosslinking;VV=v1.0.0	NT=vertebrates;VV=v1.1.0
PXD049054_00002579___ALL_1-1_5th_inj02	NT=Mus musculus;AC=NCBITaxon:10090	nuclear extract	embryonic stem cells	44	PXD049054_00002579___ALL_1-1_5th_inj02_assay	proteomic profiling by mass spectrometry	data-dependent acquisition	NT=label free sample;AC=MS:1002038	1	1	not available	NT=Lys-C;AC=MS:1001309	NT=Carbamidomethyl;AC=UNIMOD:4;TA=C;MT=Fixed	not available	not available	not available	not available	not available	not available	not available	not available	00002579___ALL_1-1_5th_inj02.raw	NT=ms-proteomics;VV=v1.1.0	NT=crosslinking;VV=v1.0.0	NT=vertebrates;VV=v1.1.0
PXD049054_00002602___Cont3_2-3_5th_inj02	NT=Mus musculus;AC=NCBITaxon:10090	nuclear extract	embryonic stem cells	45	PXD049054_00002602___Cont3_2-3_5th_inj02_assay	proteomic profiling by mass spectrometry	data-dependent acquisition	NT=label free sample;AC=MS:1002038	1	1	not available	NT=Lys-C;AC=MS:1001309	NT=Carbamidomethyl;AC=UNIMOD:4;TA=C;MT=Fixed	not available	not available	not available	not available	not available	not available	not available	not available	00002602___Cont3_2-3_5th_inj02.raw	NT=ms-proteomics;VV=v1.1.0	NT=crosslinking;VV=v1.0.0	NT=vertebrates;VV=v1.1.0
PXD049054_00002582___ALL_2-1_5th_inj01	NT=Mus musculus;AC=NCBITaxon:10090	nuclear extract	embryonic stem cells	46	PXD049054_00002582___ALL_2-1_5th_inj01_assay	proteomic profiling by mass spectrometry	data-dependent acquisition	NT=label free sample;AC=MS:1002038	1	1	not available	NT=Lys-C;AC=MS:1001309	NT=Carbamidomethyl;AC=UNIMOD:4;TA=C;MT=Fixed	not available	not available	not available	not available	not available	not available	not available	not available	00002582___ALL_2-1_5th_inj01.raw	NT=ms-proteomics;VV=v1.1.0	NT=crosslinking;VV=v1.0.0	NT=vertebrates;VV=v1.1.0
PXD049054_00002574___Cont3_2-3_4th_inj01	NT=Mus musculus;AC=NCBITaxon:10090	nuclear extract	embryonic stem cells	47	PXD049054_00002574___Cont3_2-3_4th_inj01_assay	proteomic profiling by mass spectrometry	data-dependent acquisition	NT=label free sample;AC=MS:1002038	1	1	not available	NT=Lys-C;AC=MS:1001309	NT=Carbamidomethyl;AC=UNIMOD:4;TA=C;MT=Fixed	not available	not available	not available	not available	not available	not available	not available	not available	00002574___Cont3_2-3_4th_inj01.raw	NT=ms-proteomics;VV=v1.1.0	NT=crosslinking;VV=v1.0.0	NT=vertebrates;VV=v1.1.0
PXD049054_00002459___ALL_2-2_inj02	NT=Mus musculus;AC=NCBITaxon:10090	nuclear extract	embryonic stem cells	48	PXD049054_00002459___ALL_2-2_inj02_assay	proteomic profiling by mass spectrometry	data-dependent acquisition	NT=label free sample;AC=MS:1002038	1	1	not available	NT=Lys-C;AC=MS:1001309	NT=Carbamidomethyl;AC=UNIMOD:4;TA=C;MT=Fixed	not available	not available	not available	not available	not available	not available	not available	not available	00002459___ALL_2-2_inj02.raw	NT=ms-proteomics;VV=v1.1.0	NT=crosslinking;VV=v1.0.0	NT=vertebrates;VV=v1.1.0
PXD049054_00002582___ALL_2-1_5th_inj02	NT=Mus musculus;AC=NCBITaxon:10090	nuclear extract	embryonic stem cells	49	PXD049054_00002582___ALL_2-1_5th_inj02_assay	proteomic profiling by mass spectrometry	data-dependent acquisition	NT=label free sample;AC=MS:1002038	1	1	not available	NT=Lys-C;AC=MS:1001309	NT=Carbamidomethyl;AC=UNIMOD:4;TA=C;MT=Fixed	not available	not available	not available	not available	not available	not available	not available	not available	00002582___ALL_2-1_5th_inj02.raw	NT=ms-proteomics;VV=v1.1.0	NT=crosslinking;VV=v1.0.0	NT=vertebrates;VV=v1.1.0
PXD049054_00002463___Cont1_1-3_inj02	NT=Mus musculus;AC=NCBITaxon:10090	nuclear extract	embryonic stem cells	50	PXD049054_00002463___Cont1_1-3_inj02_assay	proteomic profiling by mass spectrometry	data-dependent acquisition	NT=label free sample;AC=MS:1002038	1	1	not available	NT=Lys-C;AC=MS:1001309	NT=Carbamidomethyl;AC=UNIMOD:4;TA=C;MT=Fixed	not available	not available	not available	not available	not available	not available	not available	not available	00002463___Cont1_1-3_inj02.raw	NT=ms-proteomics;VV=v1.1.0	NT=crosslinking;VV=v1.0.0	NT=vertebrates;VV=v1.1.0
PXD049054_00002468___Cont2_1-2_inj01	NT=Mus musculus;AC=NCBITaxon:10090	nuclear extract	embryonic stem cells	51	PXD049054_00002468___Cont2_1-2_inj01_assay	proteomic profiling by mass spectrometry	data-dependent acquisition	NT=label free sample;AC=MS:1002038	1	1	not available	NT=Lys-C;AC=MS:1001309	NT=Carbamidomethyl;AC=UNIMOD:4;TA=C;MT=Fixed	not available	not available	not available	not available	not available	not available	not available	not available	00002468___Cont2_1-2_inj01.raw	NT=ms-proteomics;VV=v1.1.0	NT=crosslinking;VV=v1.0.0	NT=vertebrates;VV=v1.1.0
PXD049054_00002469___Cont2_1-3_inj01	NT=Mus musculus;AC=NCBITaxon:10090	nuclear extract	embryonic stem cells	52	PXD049054_00002469___Cont2_1-3_inj01_assay	proteomic profiling by mass spectrometry	data-dependent acquisition	NT=label free sample;AC=MS:1002038	1	1	not available	NT=Lys-C;AC=MS:1001309	NT=Carbamidomethyl;AC=UNIMOD:4;TA=C;MT=Fixed	not available	not available	not available	not available	not available	not available	not available	not available	00002469___Cont2_1-3_inj01.raw	NT=ms-proteomics;VV=v1.1.0	NT=crosslinking;VV=v1.0.0	NT=vertebrates;VV=v1.1.0
PXD049054_00002522___Cont3_1-1_inj01	NT=Mus musculus;AC=NCBITaxon:10090	nuclear extract	embryonic stem cells	53	PXD049054_00002522___Cont3_1-1_inj01_assay	proteomic profiling by mass spectrometry	data-dependent acquisition	NT=label free sample;AC=MS:1002038	1	1	not available	NT=Lys-C;AC=MS:1001309	NT=Carbamidomethyl;AC=UNIMOD:4;TA=C;MT=Fixed	not available	not available	not available	not available	not available	not available	not available	not available	00002522___Cont3_1-1_inj01.raw	NT=ms-proteomics;VV=v1.1.0	NT=crosslinking;VV=v1.0.0	NT=vertebrates;VV=v1.1.0
PXD049054_00002592___Cont2_1-2_5th_inj02	NT=Mus musculus;AC=NCBITaxon:10090	nuclear extract	embryonic stem cells	54	PXD049054_00002592___Cont2_1-2_5th_inj02_assay	proteomic profiling by mass spectrometry	data-dependent acquisition	NT=label free sample;AC=MS:1002038	1	1	not available	NT=Lys-C;AC=MS:1001309	NT=Carbamidomethyl;AC=UNIMOD:4;TA=C;MT=Fixed	not available	not available	not available	not available	not available	not available	not available	not available	00002592___Cont2_1-2_5th_inj02.raw	NT=ms-proteomics;VV=v1.1.0	NT=crosslinking;VV=v1.0.0	NT=vertebrates;VV=v1.1.0
PXD049054_00002461___Cont1_1-1_inj02	NT=Mus musculus;AC=NCBITaxon:10090	nuclear extract	embryonic stem cells	55	PXD049054_00002461___Cont1_1-1_inj02_assay	proteomic profiling by mass spectrometry	data-dependent acquisition	NT=label free sample;AC=MS:1002038	1	1	not available	NT=Lys-C;AC=MS:1001309	NT=Carbamidomethyl;AC=UNIMOD:4;TA=C;MT=Fixed	not available	not available	not available	not available	not available	not available	not available	not available	00002461___Cont1_1-1_inj02.raw	NT=ms-proteomics;VV=v1.1.0	NT=crosslinking;VV=v1.0.0	NT=vertebrates;VV=v1.1.0
PXD049054_00002557___Cont1_1-1_4th_inj01	NT=Mus musculus;AC=NCBITaxon:10090	nuclear extract	embryonic stem cells	56	PXD049054_00002557___Cont1_1-1_4th_inj01_assay	proteomic profiling by mass spectrometry	data-dependent acquisition	NT=label free sample;AC=MS:1002038	1	1	not available	NT=Lys-C;AC=MS:1001309	NT=Carbamidomethyl;AC=UNIMOD:4;TA=C;MT=Fixed	not available	not available	not available	not available	not available	not available	not available	not available	00002557___Cont1_1-1_4th_inj01.raw	NT=ms-proteomics;VV=v1.1.0	NT=crosslinking;VV=v1.0.0	NT=vertebrates;VV=v1.1.0
PXD049054_00002460___ALL_2-3_inj01	NT=Mus musculus;AC=NCBITaxon:10090	nuclear extract	embryonic stem cells	57	PXD049054_00002460___ALL_2-3_inj01_assay	proteomic profiling by mass spectrometry	data-dependent acquisition	NT=label free sample;AC=MS:1002038	1	1	not available	NT=Lys-C;AC=MS:1001309	NT=Carbamidomethyl;AC=UNIMOD:4;TA=C;MT=Fixed	not available	not available	not available	not available	not available	not available	not available	not available	00002460___ALL_2-3_inj01.raw	NT=ms-proteomics;VV=v1.1.0	NT=crosslinking;VV=v1.0.0	NT=vertebrates;VV=v1.1.0
PXD049054_00002560___Cont1_2-1_4th_inj02	NT=Mus musculus;AC=NCBITaxon:10090	nuclear extract	embryonic stem cells	58	PXD049054_00002560___Cont1_2-1_4th_inj02_assay	proteomic profiling by mass spectrometry	data-dependent acquisition	NT=label free sample;AC=MS:1002038	1	1	not available	NT=Lys-C;AC=MS:1001309	NT=Carbamidomethyl;AC=UNIMOD:4;TA=C;MT=Fixed	not available	not available	not available	not available	not available	not available	not available	not available	00002560___Cont1_2-1_4th_inj02.raw	NT=ms-proteomics;VV=v1.1.0	NT=crosslinking;VV=v1.0.0	NT=vertebrates;VV=v1.1.0
PXD049054_00002524___Cont3_1-3_inj02	NT=Mus musculus;AC=NCBITaxon:10090	nuclear extract	embryonic stem cells	59	PXD049054_00002524___Cont3_1-3_inj02_assay	proteomic profiling by mass spectrometry	data-dependent acquisition	NT=label free sample;AC=MS:1002038	1	1	not available	NT=Lys-C;AC=MS:1001309	NT=Carbamidomethyl;AC=UNIMOD:4;TA=C;MT=Fixed	not available	not available	not available	not available	not available	not available	not available	not available	00002524___Cont3_1-3_inj02.raw	NT=ms-proteomics;VV=v1.1.0	NT=crosslinking;VV=v1.0.0	NT=vertebrates;VV=v1.1.0
PXD049054_00002507___ALL_2-1_inj01	NT=Mus musculus;AC=NCBITaxon:10090	nuclear extract	embryonic stem cells	60	PXD049054_00002507___ALL_2-1_inj01_assay	proteomic profiling by mass spectrometry	data-dependent acquisition	NT=label free sample;AC=MS:1002038	1	1	not available	NT=Lys-C;AC=MS:1001309	NT=Carbamidomethyl;AC=UNIMOD:4;TA=C;MT=Fixed	not available	not available	not available	not available	not available	not available	not available	not available	00002507___ALL_2-1_inj01.raw	NT=ms-proteomics;VV=v1.1.0	NT=crosslinking;VV=v1.0.0	NT=vertebrates;VV=v1.1.0
PXD049054_00002519___Cont2_2-1_inj02	NT=Mus musculus;AC=NCBITaxon:10090	nuclear extract	embryonic stem cells	61	PXD049054_00002519___Cont2_2-1_inj02_assay	proteomic profiling by mass spectrometry	data-dependent acquisition	NT=label free sample;AC=MS:1002038	1	1	not available	NT=Lys-C;AC=MS:1001309	NT=Carbamidomethyl;AC=UNIMOD:4;TA=C;MT=Fixed	not available	not available	not available	not available	not available	not available	not available	not available	00002519___Cont2_2-1_inj02.raw	NT=ms-proteomics;VV=v1.1.0	NT=crosslinking;VV=v1.0.0	NT=vertebrates;VV=v1.1.0
PXD049054_00002526___Cont3_2-2_inj02	NT=Mus musculus;AC=NCBITaxon:10090	nuclear extract	embryonic stem cells	62	PXD049054_00002526___Cont3_2-2_inj02_assay	proteomic profiling by mass spectrometry	data-dependent acquisition	NT=label free sample;AC=MS:1002038	1	1	not available	NT=Lys-C;AC=MS:1001309	NT=Carbamidomethyl;AC=UNIMOD:4;TA=C;MT=Fixed	not available	not available	not available	not available	not available	not available	not available	not available	00002526___Cont3_2-2_inj02.raw	NT=ms-proteomics;VV=v1.1.0	NT=crosslinking;VV=v1.0.0	NT=vertebrates;VV=v1.1.0
PXD049054_00002553___ALL_1-3_4th_inj01	NT=Mus musculus;AC=NCBITaxon:10090	nuclear extract	embryonic stem cells	63	PXD049054_00002553___ALL_1-3_4th_inj01_assay	proteomic profiling by mass spectrometry	data-dependent acquisition	NT=label free sample;AC=MS:1002038	1	1	not available	NT=Lys-C;AC=MS:1001309	NT=Carbamidomethyl;AC=UNIMOD:4;TA=C;MT=Fixed	not available	not available	not available	not available	not available	not available	not available	not available	00002553___ALL_1-3_4th_inj01.raw	NT=ms-proteomics;VV=v1.1.0	NT=crosslinking;VV=v1.0.0	NT=vertebrates;VV=v1.1.0
PXD049054_00002111___Exp01_02	NT=Mus musculus;AC=NCBITaxon:10090	nuclear extract	embryonic stem cells	64	PXD049054_00002111___Exp01_02_assay	proteomic profiling by mass spectrometry	data-dependent acquisition	NT=label free sample;AC=MS:1002038	1	1	not available	NT=Lys-C;AC=MS:1001309	NT=Carbamidomethyl;AC=UNIMOD:4;TA=C;MT=Fixed	not available	not available	not available	not available	not available	not available	not available	not available	00002111___Exp01_02.raw	NT=ms-proteomics;VV=v1.1.0	NT=crosslinking;VV=v1.0.0	NT=vertebrates;VV=v1.1.0
PXD049054_00002553___ALL_1-3_4th_inj02	NT=Mus musculus;AC=NCBITaxon:10090	nuclear extract	embryonic stem cells	65	PXD049054_00002553___ALL_1-3_4th_inj02_assay	proteomic profiling by mass spectrometry	data-dependent acquisition	NT=label free sample;AC=MS:1002038	1	1	not available	NT=Lys-C;AC=MS:1001309	NT=Carbamidomethyl;AC=UNIMOD:4;TA=C;MT=Fixed	not available	not available	not available	not available	not available	not available	not available	not available	00002553___ALL_1-3_4th_inj02.raw	NT=ms-proteomics;VV=v1.1.0	NT=crosslinking;VV=v1.0.0	NT=vertebrates;VV=v1.1.0
PXD049054_00002574___Cont3_2-3_4th_inj02	NT=Mus musculus;AC=NCBITaxon:10090	nuclear extract	embryonic stem cells	66	PXD049054_00002574___Cont3_2-3_4th_inj02_assay	proteomic profiling by mass spectrometry	data-dependent acquisition	NT=label free sample;AC=MS:1002038	1	1	not available	NT=Lys-C;AC=MS:1001309	NT=Carbamidomethyl;AC=UNIMOD:4;TA=C;MT=Fixed	not available	not available	not available	not available	not available	not available	not available	not available	00002574___Cont3_2-3_4th_inj02.raw	NT=ms-proteomics;VV=v1.1.0	NT=crosslinking;VV=v1.0.0	NT=vertebrates;VV=v1.1.0
PXD049054_00002572___Cont3_2-1_4th_inj01	NT=Mus musculus;AC=NCBITaxon:10090	nuclear extract	embryonic stem cells	67	PXD049054_00002572___Cont3_2-1_4th_inj01_assay	proteomic profiling by mass spectrometry	data-dependent acquisition	NT=label free sample;AC=MS:1002038	1	1	not available	NT=Lys-C;AC=MS:1001309	NT=Carbamidomethyl;AC=UNIMOD:4;TA=C;MT=Fixed	not available	not available	not available	not available	not available	not available	not available	not available	00002572___Cont3_2-1_4th_inj01.raw	NT=ms-proteomics;VV=v1.1.0	NT=crosslinking;VV=v1.0.0	NT=vertebrates;VV=v1.1.0
PXD049054_00002108___Ctrl01_02	NT=Mus musculus;AC=NCBITaxon:10090	nuclear extract	embryonic stem cells	68	PXD049054_00002108___Ctrl01_02_assay	proteomic profiling by mass spectrometry	data-dependent acquisition	NT=label free sample;AC=MS:1002038	1	1	not available	NT=Lys-C;AC=MS:1001309	NT=Carbamidomethyl;AC=UNIMOD:4;TA=C;MT=Fixed	not available	not available	not available	not available	not available	not available	not available	not available	00002108___Ctrl01_02.raw	NT=ms-proteomics;VV=v1.1.0	NT=crosslinking;VV=v1.0.0	NT=vertebrates;VV=v1.1.0
PXD049054_00002594___Cont2_2-1_5th_inj02	NT=Mus musculus;AC=NCBITaxon:10090	nuclear extract	embryonic stem cells	69	PXD049054_00002594___Cont2_2-1_5th_inj02_assay	proteomic profiling by mass spectrometry	data-dependent acquisition	NT=label free sample;AC=MS:1002038	1	1	not available	NT=Lys-C;AC=MS:1001309	NT=Carbamidomethyl;AC=UNIMOD:4;TA=C;MT=Fixed	not available	not available	not available	not available	not available	not available	not available	not available	00002594___Cont2_2-1_5th_inj02.raw	NT=ms-proteomics;VV=v1.1.0	NT=crosslinking;VV=v1.0.0	NT=vertebrates;VV=v1.1.0
PXD049054_00002220___Cont3_Biotin_Bead_replicate_04_inj02	Mus musculus	nuclear extract	embryonic stem cells	70	PXD049054_00002220___Cont3_Biotin_Bead_replicate_04_inj02_assay	proteomic profiling by mass spectrometry	data-dependent acquisition	NT=label free sample;AC=MS:1002038	1	04	not available	NT=Lys-C;AC=MS:1001309	NT=Carbamidomethyl;AC=UNIMOD:4;TA=C;MT=Fixed	not available	not available	not available	not available	not available	not available	not available	not available	00002220___Cont3_Biotin_Bead_replicate_04_inj02.raw	NT=ms-proteomics;VV=v1.1.0	NT=crosslinking;VV=v1.0.0	NT=vertebrates;VV=v1.1.0
PXD049054_00002525___Cont3_2-1_inj02	NT=Mus musculus;AC=NCBITaxon:10090	nuclear extract	embryonic stem cells	71	PXD049054_00002525___Cont3_2-1_inj02_assay	proteomic profiling by mass spectrometry	data-dependent acquisition	NT=label free sample;AC=MS:1002038	1	1	not available	NT=Lys-C;AC=MS:1001309	NT=Carbamidomethyl;AC=UNIMOD:4;TA=C;MT=Fixed	not available	not available	not available	not available	not available	not available	not available	not available	00002525___Cont3_2-1_inj02.raw	NT=ms-proteomics;VV=v1.1.0	NT=crosslinking;VV=v1.0.0	NT=vertebrates;VV=v1.1.0
PXD049054_00002464___Cont1_2-1_inj01	NT=Mus musculus;AC=NCBITaxon:10090	nuclear extract	embryonic stem cells	72	PXD049054_00002464___Cont1_2-1_inj01_assay	proteomic profiling by mass spectrometry	data-dependent acquisition	NT=label free sample;AC=MS:1002038	1	1	not available	NT=Lys-C;AC=MS:1001309	NT=Carbamidomethyl;AC=UNIMOD:4;TA=C;MT=Fixed	not available	not available	not available	not available	not available	not available	not available	not available	00002464___Cont1_2-1_inj01.raw	NT=ms-proteomics;VV=v1.1.0	NT=crosslinking;VV=v1.0.0	NT=vertebrates;VV=v1.1.0
PXD049054_00002195___Cont3_Bead_replicate_03_inj01	Mus musculus	nuclear extract	embryonic stem cells	73	PXD049054_00002195___Cont3_Bead_replicate_03_inj01_assay	proteomic profiling by mass spectrometry	data-dependent acquisition	NT=label free sample;AC=MS:1002038	1	03	not available	NT=Lys-C;AC=MS:1001309	NT=Carbamidomethyl;AC=UNIMOD:4;TA=C;MT=Fixed	not available	not available	not available	not available	not available	not available	not available	not available	00002195___Cont3_Bead_replicate_03_inj01.raw	NT=ms-proteomics;VV=v1.1.0	NT=crosslinking;VV=v1.0.0	NT=vertebrates;VV=v1.1.0
PXD049054_00002563___Cont2_1-1_4th_inj02	NT=Mus musculus;AC=NCBITaxon:10090	nuclear extract	embryonic stem cells	74	PXD049054_00002563___Cont2_1-1_4th_inj02_assay	proteomic profiling by mass spectrometry	data-dependent acquisition	NT=label free sample;AC=MS:1002038	1	1	not available	NT=Lys-C;AC=MS:1001309	NT=Carbamidomethyl;AC=UNIMOD:4;TA=C;MT=Fixed	not available	not available	not available	not available	not available	not available	not available	not available	00002563___Cont2_1-1_4th_inj02.raw	NT=ms-proteomics;VV=v1.1.0	NT=crosslinking;VV=v1.0.0	NT=vertebrates;VV=v1.1.0
PXD049054_00002567___Cont2_2-2_4th_inj01	NT=Mus musculus;AC=NCBITaxon:10090	nuclear extract	embryonic stem cells	75	PXD049054_00002567___Cont2_2-2_4th_inj01_assay	proteomic profiling by mass spectrometry	data-dependent acquisition	NT=label free sample;AC=MS:1002038	1	1	not available	NT=Lys-C;AC=MS:1001309	NT=Carbamidomethyl;AC=UNIMOD:4;TA=C;MT=Fixed	not available	not available	not available	not available	not available	not available	not available	not available	00002567___Cont2_2-2_4th_inj01.raw	NT=ms-proteomics;VV=v1.1.0	NT=crosslinking;VV=v1.0.0	NT=vertebrates;VV=v1.1.0
PXD049054_00002184___Exp02_Bead_replicate_02_inj02	Mus musculus	nuclear extract	embryonic stem cells	76	PXD049054_00002184___Exp02_Bead_replicate_02_inj02_assay	proteomic profiling by mass spectrometry	data-dependent acquisition	NT=label free sample;AC=MS:1002038	1	02	not available	NT=Lys-C;AC=MS:1001309	NT=Carbamidomethyl;AC=UNIMOD:4;TA=C;MT=Fixed	not available	not available	not available	not available	not available	not available	not available	not available	00002184___Exp02_Bead_replicate_02_inj02.raw	NT=ms-proteomics;VV=v1.1.0	NT=crosslinking;VV=v1.0.0	NT=vertebrates;VV=v1.1.0
PXD049054_00002109___Ctrl02_01	NT=Mus musculus;AC=NCBITaxon:10090	nuclear extract	embryonic stem cells	77	PXD049054_00002109___Ctrl02_01_assay	proteomic profiling by mass spectrometry	data-dependent acquisition	NT=label free sample;AC=MS:1002038	1	1	not available	NT=Lys-C;AC=MS:1001309	NT=Carbamidomethyl;AC=UNIMOD:4;TA=C;MT=Fixed	not available	not available	not available	not available	not available	not available	not available	not available	00002109___Ctrl02_01.raw	NT=ms-proteomics;VV=v1.1.0	NT=crosslinking;VV=v1.0.0	NT=vertebrates;VV=v1.1.0
PXD049054_00002601___Cont3_2-2_5th_inj01	NT=Mus musculus;AC=NCBITaxon:10090	nuclear extract	embryonic stem cells	78	PXD049054_00002601___Cont3_2-2_5th_inj01_assay	proteomic profiling by mass spectrometry	data-dependent acquisition	NT=label free sample;AC=MS:1002038	1	1	not available	NT=Lys-C;AC=MS:1001309	NT=Carbamidomethyl;AC=UNIMOD:4;TA=C;MT=Fixed	not available	not available	not available	not available	not available	not available	not available	not available	00002601___Cont3_2-2_5th_inj01.raw	NT=ms-proteomics;VV=v1.1.0	NT=crosslinking;VV=v1.0.0	NT=vertebrates;VV=v1.1.0
PXD049054_00002216___Cont2_Bead_replicate_04_inj01	Mus musculus	nuclear extract	embryonic stem cells	79	PXD049054_00002216___Cont2_Bead_replicate_04_inj01_assay	proteomic profiling by mass spectrometry	data-dependent acquisition	NT=label free sample;AC=MS:1002038	1	04	not available	NT=Lys-C;AC=MS:1001309	NT=Carbamidomethyl;AC=UNIMOD:4;TA=C;MT=Fixed	not available	not available	not available	not available	not available	not available	not available	not available	00002216___Cont2_Bead_replicate_04_inj01.raw	NT=ms-proteomics;VV=v1.1.0	NT=crosslinking;VV=v1.0.0	NT=vertebrates;VV=v1.1.0
PXD049054_00002597___Cont3_1-1_5th_inj02	NT=Mus musculus;AC=NCBITaxon:10090	nuclear extract	embryonic stem cells	80	PXD049054_00002597___Cont3_1-1_5th_inj02_assay	proteomic profiling by mass spectrometry	data-dependent acquisition	NT=label free sample;AC=MS:1002038	1	1	not available	NT=Lys-C;AC=MS:1001309	NT=Carbamidomethyl;AC=UNIMOD:4;TA=C;MT=Fixed	not available	not available	not available	not available	not available	not available	not available	not available	00002597___Cont3_1-1_5th_inj02.raw	NT=ms-proteomics;VV=v1.1.0	NT=crosslinking;VV=v1.0.0	NT=vertebrates;VV=v1.1.0
PXD049054_00002573___Cont3_2-2_4th_inj02	NT=Mus musculus;AC=NCBITaxon:10090	nuclear extract	embryonic stem cells	81	PXD049054_00002573___Cont3_2-2_4th_inj02_assay	proteomic profiling by mass spectrometry	data-dependent acquisition	NT=label free sample;AC=MS:1002038	1	1	not available	NT=Lys-C;AC=MS:1001309	NT=Carbamidomethyl;AC=UNIMOD:4;TA=C;MT=Fixed	not available	not available	not available	not available	not available	not available	not available	not available	00002573___Cont3_2-2_4th_inj02.raw	NT=ms-proteomics;VV=v1.1.0	NT=crosslinking;VV=v1.0.0	NT=vertebrates;VV=v1.1.0
PXD049054_00002188___Exp02_Biotin_bead_replicate_03_inj02	Mus musculus	nuclear extract	embryonic stem cells	82	PXD049054_00002188___Exp02_Biotin_bead_replicate_03_inj02_assay	proteomic profiling by mass spectrometry	data-dependent acquisition	NT=label free sample;AC=MS:1002038	1	03	not available	NT=Lys-C;AC=MS:1001309	NT=Carbamidomethyl;AC=UNIMOD:4;TA=C;MT=Fixed	not available	not available	not available	not available	not available	not available	not available	not available	00002188___Exp02_Biotin_bead_replicate_03_inj02.raw	NT=ms-proteomics;VV=v1.1.0	NT=crosslinking;VV=v1.0.0	NT=vertebrates;VV=v1.1.0
PXD049054_00002185___Exp02_Bead_replicate_03_inj02	Mus musculus	nuclear extract	embryonic stem cells	83	PXD049054_00002185___Exp02_Bead_replicate_03_inj02_assay	proteomic profiling by mass spectrometry	data-dependent acquisition	NT=label free sample;AC=MS:1002038	1	03	not available	NT=Lys-C;AC=MS:1001309	NT=Carbamidomethyl;AC=UNIMOD:4;TA=C;MT=Fixed	not available	not available	not available	not available	not available	not available	not available	not available	00002185___Exp02_Bead_replicate_03_inj02.raw	NT=ms-proteomics;VV=v1.1.0	NT=crosslinking;VV=v1.0.0	NT=vertebrates;VV=v1.1.0
PXD049054_00002216___Cont2_Bead_replicate_04_inj02	Mus musculus	nuclear extract	embryonic stem cells	84	PXD049054_00002216___Cont2_Bead_replicate_04_inj02_assay	proteomic profiling by mass spectrometry	data-dependent acquisition	NT=label free sample;AC=MS:1002038	1	04	not available	NT=Lys-C;AC=MS:1001309	NT=Carbamidomethyl;AC=UNIMOD:4;TA=C;MT=Fixed	not available	not available	not available	not available	not available	not available	not available	not available	00002216___Cont2_Bead_replicate_04_inj02.raw	NT=ms-proteomics;VV=v1.1.0	NT=crosslinking;VV=v1.0.0	NT=vertebrates;VV=v1.1.0
PXD049054_00002463___Cont1_1-3_inj01	NT=Mus musculus;AC=NCBITaxon:10090	nuclear extract	embryonic stem cells	85	PXD049054_00002463___Cont1_1-3_inj01_assay	proteomic profiling by mass spectrometry	data-dependent acquisition	NT=label free sample;AC=MS:1002038	1	1	not available	NT=Lys-C;AC=MS:1001309	NT=Carbamidomethyl;AC=UNIMOD:4;TA=C;MT=Fixed	not available	not available	not available	not available	not available	not available	not available	not available	00002463___Cont1_1-3_inj01.raw	NT=ms-proteomics;VV=v1.1.0	NT=crosslinking;VV=v1.0.0	NT=vertebrates;VV=v1.1.0
PXD049054_00002187___Exp02_Biotin_bead_replicate_02_inj01	Mus musculus	nuclear extract	embryonic stem cells	86	PXD049054_00002187___Exp02_Biotin_bead_replicate_02_inj01_assay	proteomic profiling by mass spectrometry	data-dependent acquisition	NT=label free sample;AC=MS:1002038	1	02	not available	NT=Lys-C;AC=MS:1001309	NT=Carbamidomethyl;AC=UNIMOD:4;TA=C;MT=Fixed	not available	not available	not available	not available	not available	not available	not available	not available	00002187___Exp02_Biotin_bead_replicate_02_inj01.raw	NT=ms-proteomics;VV=v1.1.0	NT=crosslinking;VV=v1.0.0	NT=vertebrates;VV=v1.1.0
PXD049054_00002514___Cont1_2-2_inj01	NT=Mus musculus;AC=NCBITaxon:10090	nuclear extract	embryonic stem cells	87	PXD049054_00002514___Cont1_2-2_inj01_assay	proteomic profiling by mass spectrometry	data-dependent acquisition	NT=label free sample;AC=MS:1002038	1	1	not available	NT=Lys-C;AC=MS:1001309	NT=Carbamidomethyl;AC=UNIMOD:4;TA=C;MT=Fixed	not available	not available	not available	not available	not available	not available	not available	not available	00002514___Cont1_2-2_inj01.raw	NT=ms-proteomics;VV=v1.1.0	NT=crosslinking;VV=v1.0.0	NT=vertebrates;VV=v1.1.0
PXD049054_00002472___Cont2_2-3_inj02	NT=Mus musculus;AC=NCBITaxon:10090	nuclear extract	embryonic stem cells	88	PXD049054_00002472___Cont2_2-3_inj02_assay	proteomic profiling by mass spectrometry	data-dependent acquisition	NT=label free sample;AC=MS:1002038	1	1	not available	NT=Lys-C;AC=MS:1001309	NT=Carbamidomethyl;AC=UNIMOD:4;TA=C;MT=Fixed	not available	not available	not available	not available	not available	not available	not available	not available	00002472___Cont2_2-3_inj02.raw	NT=ms-proteomics;VV=v1.1.0	NT=crosslinking;VV=v1.0.0	NT=vertebrates;VV=v1.1.0
PXD049054_00002512___Cont1_1-3_inj02	NT=Mus musculus;AC=NCBITaxon:10090	nuclear extract	embryonic stem cells	89	PXD049054_00002512___Cont1_1-3_inj02_assay	proteomic profiling by mass spectrometry	data-dependent acquisition	NT=label free sample;AC=MS:1002038	1	1	not available	NT=Lys-C;AC=MS:1001309	NT=Carbamidomethyl;AC=UNIMOD:4;TA=C;MT=Fixed	not available	not available	not available	not available	not available	not available	not available	not available	00002512___Cont1_1-3_inj02.raw	NT=ms-proteomics;VV=v1.1.0	NT=crosslinking;VV=v1.0.0	NT=vertebrates;VV=v1.1.0
PXD049054_00002581___ALL_1-3_5th_inj02	NT=Mus musculus;AC=NCBITaxon:10090	nuclear extract	embryonic stem cells	90	PXD049054_00002581___ALL_1-3_5th_inj02_assay	proteomic profiling by mass spectrometry	data-dependent acquisition	NT=label free sample;AC=MS:1002038	1	1	not available	NT=Lys-C;AC=MS:1001309	NT=Carbamidomethyl;AC=UNIMOD:4;TA=C;MT=Fixed	not available	not available	not available	not available	not available	not available	not available	not available	00002581___ALL_1-3_5th_inj02.raw	NT=ms-proteomics;VV=v1.1.0	NT=crosslinking;VV=v1.0.0	NT=vertebrates;VV=v1.1.0
PXD049054_00002561___Cont1_2-2_4th_inj02	NT=Mus musculus;AC=NCBITaxon:10090	nuclear extract	embryonic stem cells	91	PXD049054_00002561___Cont1_2-2_4th_inj02_assay	proteomic profiling by mass spectrometry	data-dependent acquisition	NT=label free sample;AC=MS:1002038	1	1	not available	NT=Lys-C;AC=MS:1001309	NT=Carbamidomethyl;AC=UNIMOD:4;TA=C;MT=Fixed	not available	not available	not available	not available	not available	not available	not available	not available	00002561___Cont1_2-2_4th_inj02.raw	NT=ms-proteomics;VV=v1.1.0	NT=crosslinking;VV=v1.0.0	NT=vertebrates;VV=v1.1.0
PXD049054_00002193___Cont3_Bead_replicate_01_inj02	Mus musculus	nuclear extract	embryonic stem cells	92	PXD049054_00002193___Cont3_Bead_replicate_01_inj02_assay	proteomic profiling by mass spectrometry	data-dependent acquisition	NT=label free sample;AC=MS:1002038	1	01	not available	NT=Lys-C;AC=MS:1001309	NT=Carbamidomethyl;AC=UNIMOD:4;TA=C;MT=Fixed	not available	not available	not available	not available	not available	not available	not available	not available	00002193___Cont3_Bead_replicate_01_inj02.raw	NT=ms-proteomics;VV=v1.1.0	NT=crosslinking;VV=v1.0.0	NT=vertebrates;VV=v1.1.0
PXD049054_00002586___Cont1_1-2_5th_inj02	NT=Mus musculus;AC=NCBITaxon:10090	nuclear extract	embryonic stem cells	93	PXD049054_00002586___Cont1_1-2_5th_inj02_assay	proteomic profiling by mass spectrometry	data-dependent acquisition	NT=label free sample;AC=MS:1002038	1	1	not available	NT=Lys-C;AC=MS:1001309	NT=Carbamidomethyl;AC=UNIMOD:4;TA=C;MT=Fixed	not available	not available	not available	not available	not available	not available	not available	not available	00002586___Cont1_1-2_5th_inj02.raw	NT=ms-proteomics;VV=v1.1.0	NT=crosslinking;VV=v1.0.0	NT=vertebrates;VV=v1.1.0
PXD049054_00002179___Exp01_Bead_replicate_03_inj02	Mus musculus	nuclear extract	embryonic stem cells	94	PXD049054_00002179___Exp01_Bead_replicate_03_inj02_assay	proteomic profiling by mass spectrometry	data-dependent acquisition	NT=label free sample;AC=MS:1002038	1	03	not available	NT=Lys-C;AC=MS:1001309	NT=Carbamidomethyl;AC=UNIMOD:4;TA=C;MT=Fixed	not available	not available	not available	not available	not available	not available	not available	not available	00002179___Exp01_Bead_replicate_03_inj02.raw	NT=ms-proteomics;VV=v1.1.0	NT=crosslinking;VV=v1.0.0	NT=vertebrates;VV=v1.1.0
PXD049054_00002465___Cont1_2-2_inj02	NT=Mus musculus;AC=NCBITaxon:10090	nuclear extract	embryonic stem cells	95	PXD049054_00002465___Cont1_2-2_inj02_assay	proteomic profiling by mass spectrometry	data-dependent acquisition	NT=label free sample;AC=MS:1002038	1	1	not available	NT=Lys-C;AC=MS:1001309	NT=Carbamidomethyl;AC=UNIMOD:4;TA=C;MT=Fixed	not available	not available	not available	not available	not available	not available	not available	not available	00002465___Cont1_2-2_inj02.raw	NT=ms-proteomics;VV=v1.1.0	NT=crosslinking;VV=v1.0.0	NT=vertebrates;VV=v1.1.0
PXD049054_00002182___Exp01_Biotin_Bead_replicate_03_inj01	Mus musculus	nuclear extract	embryonic stem cells	96	PXD049054_00002182___Exp01_Biotin_Bead_replicate_03_inj01_assay	proteomic profiling by mass spectrometry	data-dependent acquisition	NT=label free sample;AC=MS:1002038	1	03	not available	NT=Lys-C;AC=MS:1001309	NT=Carbamidomethyl;AC=UNIMOD:4;TA=C;MT=Fixed	not available	not available	not available	not available	not available	not available	not available	not available	00002182___Exp01_Biotin_Bead_replicate_03_inj01.raw	NT=ms-proteomics;VV=v1.1.0	NT=crosslinking;VV=v1.0.0	NT=vertebrates;VV=v1.1.0
PXD049054_00002195___Cont3_Bead_replicate_03_inj02	Mus musculus	nuclear extract	embryonic stem cells	97	PXD049054_00002195___Cont3_Bead_replicate_03_inj02_assay	proteomic profiling by mass spectrometry	data-dependent acquisition	NT=label free sample;AC=MS:1002038	1	03	not available	NT=Lys-C;AC=MS:1001309	NT=Carbamidomethyl;AC=UNIMOD:4;TA=C;MT=Fixed	not available	not available	not available	not available	not available	not available	not available	not available	00002195___Cont3_Bead_replicate_03_inj02.raw	NT=ms-proteomics;VV=v1.1.0	NT=crosslinking;VV=v1.0.0	NT=vertebrates;VV=v1.1.0
PXD049054_00002593___Cont2_1-3_5th_inj01	NT=Mus musculus;AC=NCBITaxon:10090	nuclear extract	embryonic stem cells	98	PXD049054_00002593___Cont2_1-3_5th_inj01_assay	proteomic profiling by mass spectrometry	data-dependent acquisition	NT=label free sample;AC=MS:1002038	1	1	not available	NT=Lys-C;AC=MS:1001309	NT=Carbamidomethyl;AC=UNIMOD:4;TA=C;MT=Fixed	not available	not available	not available	not available	not available	not available	not available	not available	00002593___Cont2_1-3_5th_inj01.raw	NT=ms-proteomics;VV=v1.1.0	NT=crosslinking;VV=v1.0.0	NT=vertebrates;VV=v1.1.0
PXD049054_00002179___Exp01_Bead_replicate_03_inj01	Mus musculus	nuclear extract	embryonic stem cells	99	PXD049054_00002179___Exp01_Bead_replicate_03_inj01_assay	proteomic profiling by mass spectrometry	data-dependent acquisition	NT=label free sample;AC=MS:1002038	1	03	not available	NT=Lys-C;AC=MS:1001309	NT=Carbamidomethyl;AC=UNIMOD:4;TA=C;MT=Fixed	not available	not available	not available	not available	not available	not available	not available	not available	00002179___Exp01_Bead_replicate_03_inj01.raw	NT=ms-proteomics;VV=v1.1.0	NT=crosslinking;VV=v1.0.0	NT=vertebrates;VV=v1.1.0
PXD049054_00002570___Cont3_1-2_4th_inj01	NT=Mus musculus;AC=NCBITaxon:10090	nuclear extract	embryonic stem cells	100	PXD049054_00002570___Cont3_1-2_4th_inj01_assay	proteomic profiling by mass spectrometry	data-dependent acquisition	NT=label free sample;AC=MS:1002038	1	1	not available	NT=Lys-C;AC=MS:1001309	NT=Carbamidomethyl;AC=UNIMOD:4;TA=C;MT=Fixed	not available	not available	not available	not available	not available	not available	not available	not available	00002570___Cont3_1-2_4th_inj01.raw	NT=ms-proteomics;VV=v1.1.0	NT=crosslinking;VV=v1.0.0	NT=vertebrates;VV=v1.1.0
PXD049054_00002587___Cont1_1-3_5th_inj02	NT=Mus musculus;AC=NCBITaxon:10090	nuclear extract	embryonic stem cells	101	PXD049054_00002587___Cont1_1-3_5th_inj02_assay	proteomic profiling by mass spectrometry	data-dependent acquisition	NT=label free sample;AC=MS:1002038	1	1	not available	NT=Lys-C;AC=MS:1001309	NT=Carbamidomethyl;AC=UNIMOD:4;TA=C;MT=Fixed	not available	not available	not available	not available	not available	not available	not available	not available	00002587___Cont1_1-3_5th_inj02.raw	NT=ms-proteomics;VV=v1.1.0	NT=crosslinking;VV=v1.0.0	NT=vertebrates;VV=v1.1.0
PXD049054_00002598___Cont3_1-2_5th_inj02	NT=Mus musculus;AC=NCBITaxon:10090	nuclear extract	embryonic stem cells	102	PXD049054_00002598___Cont3_1-2_5th_inj02_assay	proteomic profiling by mass spectrometry	data-dependent acquisition	NT=label free sample;AC=MS:1002038	1	1	not available	NT=Lys-C;AC=MS:1001309	NT=Carbamidomethyl;AC=UNIMOD:4;TA=C;MT=Fixed	not available	not available	not available	not available	not available	not available	not available	not available	00002598___Cont3_1-2_5th_inj02.raw	NT=ms-proteomics;VV=v1.1.0	NT=crosslinking;VV=v1.0.0	NT=vertebrates;VV=v1.1.0
PXD049054_00002217___Cont3_Biotin_Bead_replicate_01_inj02	Mus musculus	nuclear extract	embryonic stem cells	103	PXD049054_00002217___Cont3_Biotin_Bead_replicate_01_inj02_assay	proteomic profiling by mass spectrometry	data-dependent acquisition	NT=label free sample;AC=MS:1002038	1	01	not available	NT=Lys-C;AC=MS:1001309	NT=Carbamidomethyl;AC=UNIMOD:4;TA=C;MT=Fixed	not available	not available	not available	not available	not available	not available	not available	not available	00002217___Cont3_Biotin_Bead_replicate_01_inj02.raw	NT=ms-proteomics;VV=v1.1.0	NT=crosslinking;VV=v1.0.0	NT=vertebrates;VV=v1.1.0
PXD049054_00002510___Cont1_1-1_inj01	NT=Mus musculus;AC=NCBITaxon:10090	nuclear extract	embryonic stem cells	104	PXD049054_00002510___Cont1_1-1_inj01_assay	proteomic profiling by mass spectrometry	data-dependent acquisition	NT=label free sample;AC=MS:1002038	1	1	not available	NT=Lys-C;AC=MS:1001309	NT=Carbamidomethyl;AC=UNIMOD:4;TA=C;MT=Fixed	not available	not available	not available	not available	not available	not available	not available	not available	00002510___Cont1_1-1_inj01.raw	NT=ms-proteomics;VV=v1.1.0	NT=crosslinking;VV=v1.0.0	NT=vertebrates;VV=v1.1.0
PXD049054_00002470___Cont2_2-1_inj02	NT=Mus musculus;AC=NCBITaxon:10090	nuclear extract	embryonic stem cells	105	PXD049054_00002470___Cont2_2-1_inj02_assay	proteomic profiling by mass spectrometry	data-dependent acquisition	NT=label free sample;AC=MS:1002038	1	1	not available	NT=Lys-C;AC=MS:1001309	NT=Carbamidomethyl;AC=UNIMOD:4;TA=C;MT=Fixed	not available	not available	not available	not available	not available	not available	not available	not available	00002470___Cont2_2-1_inj02.raw	NT=ms-proteomics;VV=v1.1.0	NT=crosslinking;VV=v1.0.0	NT=vertebrates;VV=v1.1.0
PXD049054_00002215___Cont2_Bead_replicate_03_inj01	Mus musculus	nuclear extract	embryonic stem cells	106	PXD049054_00002215___Cont2_Bead_replicate_03_inj01_assay	proteomic profiling by mass spectrometry	data-dependent acquisition	NT=label free sample;AC=MS:1002038	1	03	not available	NT=Lys-C;AC=MS:1001309	NT=Carbamidomethyl;AC=UNIMOD:4;TA=C;MT=Fixed	not available	not available	not available	not available	not available	not available	not available	not available	00002215___Cont2_Bead_replicate_03_inj01.raw	NT=ms-proteomics;VV=v1.1.0	NT=crosslinking;VV=v1.0.0	NT=vertebrates;VV=v1.1.0
PXD049054_00002595___Cont2_2-2_5th_inj02	NT=Mus musculus;AC=NCBITaxon:10090	nuclear extract	embryonic stem cells	107	PXD049054_00002595___Cont2_2-2_5th_inj02_assay	proteomic profiling by mass spectrometry	data-dependent acquisition	NT=label free sample;AC=MS:1002038	1	1	not available	NT=Lys-C;AC=MS:1001309	NT=Carbamidomethyl;AC=UNIMOD:4;TA=C;MT=Fixed	not available	not available	not available	not available	not available	not available	not available	not available	00002595___Cont2_2-2_5th_inj02.raw	NT=ms-proteomics;VV=v1.1.0	NT=crosslinking;VV=v1.0.0	NT=vertebrates;VV=v1.1.0
PXD049054_00002184___Exp02_Bead_replicate_02_inj01	Mus musculus	nuclear extract	embryonic stem cells	108	PXD049054_00002184___Exp02_Bead_replicate_02_inj01_assay	proteomic profiling by mass spectrometry	data-dependent acquisition	NT=label free sample;AC=MS:1002038	1	02	not available	NT=Lys-C;AC=MS:1001309	NT=Carbamidomethyl;AC=UNIMOD:4;TA=C;MT=Fixed	not available	not available	not available	not available	not available	not available	not available	not available	00002184___Exp02_Bead_replicate_02_inj01.raw	NT=ms-proteomics;VV=v1.1.0	NT=crosslinking;VV=v1.0.0	NT=vertebrates;VV=v1.1.0
PXD049054_00002571___Cont3_1-3_4th_inj02	NT=Mus musculus;AC=NCBITaxon:10090	nuclear extract	embryonic stem cells	109	PXD049054_00002571___Cont3_1-3_4th_inj02_assay	proteomic profiling by mass spectrometry	data-dependent acquisition	NT=label free sample;AC=MS:1002038	1	1	not available	NT=Lys-C;AC=MS:1001309	NT=Carbamidomethyl;AC=UNIMOD:4;TA=C;MT=Fixed	not available	not available	not available	not available	not available	not available	not available	not available	00002571___Cont3_1-3_4th_inj02.raw	NT=ms-proteomics;VV=v1.1.0	NT=crosslinking;VV=v1.0.0	NT=vertebrates;VV=v1.1.0
PXD049054_00002516___Cont2_1-1_inj01	NT=Mus musculus;AC=NCBITaxon:10090	nuclear extract	embryonic stem cells	110	PXD049054_00002516___Cont2_1-1_inj01_assay	proteomic profiling by mass spectrometry	data-dependent acquisition	NT=label free sample;AC=MS:1002038	1	1	not available	NT=Lys-C;AC=MS:1001309	NT=Carbamidomethyl;AC=UNIMOD:4;TA=C;MT=Fixed	not available	not available	not available	not available	not available	not available	not available	not available	00002516___Cont2_1-1_inj01.raw	NT=ms-proteomics;VV=v1.1.0	NT=crosslinking;VV=v1.0.0	NT=vertebrates;VV=v1.1.0
PXD049054_00002581___ALL_1-3_5th_inj01	NT=Mus musculus;AC=NCBITaxon:10090	nuclear extract	embryonic stem cells	111	PXD049054_00002581___ALL_1-3_5th_inj01_assay	proteomic profiling by mass spectrometry	data-dependent acquisition	NT=label free sample;AC=MS:1002038	1	1	not available	NT=Lys-C;AC=MS:1001309	NT=Carbamidomethyl;AC=UNIMOD:4;TA=C;MT=Fixed	not available	not available	not available	not available	not available	not available	not available	not available	00002581___ALL_1-3_5th_inj01.raw	NT=ms-proteomics;VV=v1.1.0	NT=crosslinking;VV=v1.0.0	NT=vertebrates;VV=v1.1.0
PXD049054_00002594___Cont2_2-1_5th_inj01	NT=Mus musculus;AC=NCBITaxon:10090	nuclear extract	embryonic stem cells	112	PXD049054_00002594___Cont2_2-1_5th_inj01_assay	proteomic profiling by mass spectrometry	data-dependent acquisition	NT=label free sample;AC=MS:1002038	1	1	not available	NT=Lys-C;AC=MS:1001309	NT=Carbamidomethyl;AC=UNIMOD:4;TA=C;MT=Fixed	not available	not available	not available	not available	not available	not available	not available	not available	00002594___Cont2_2-1_5th_inj01.raw	NT=ms-proteomics;VV=v1.1.0	NT=crosslinking;VV=v1.0.0	NT=vertebrates;VV=v1.1.0
PXD049054_00002466___Cont1_2-3_inj01	NT=Mus musculus;AC=NCBITaxon:10090	nuclear extract	embryonic stem cells	113	PXD049054_00002466___Cont1_2-3_inj01_assay	proteomic profiling by mass spectrometry	data-dependent acquisition	NT=label free sample;AC=MS:1002038	1	1	not available	NT=Lys-C;AC=MS:1001309	NT=Carbamidomethyl;AC=UNIMOD:4;TA=C;MT=Fixed	not available	not available	not available	not available	not available	not available	not available	not available	00002466___Cont1_2-3_inj01.raw	NT=ms-proteomics;VV=v1.1.0	NT=crosslinking;VV=v1.0.0	NT=vertebrates;VV=v1.1.0
PXD049054_00002460___ALL_2-3_inj02	NT=Mus musculus;AC=NCBITaxon:10090	nuclear extract	embryonic stem cells	114	PXD049054_00002460___ALL_2-3_inj02_assay	proteomic profiling by mass spectrometry	data-dependent acquisition	NT=label free sample;AC=MS:1002038	1	1	not available	NT=Lys-C;AC=MS:1001309	NT=Carbamidomethyl;AC=UNIMOD:4;TA=C;MT=Fixed	not available	not available	not available	not available	not available	not available	not available	not available	00002460___ALL_2-3_inj02.raw	NT=ms-proteomics;VV=v1.1.0	NT=crosslinking;VV=v1.0.0	NT=vertebrates;VV=v1.1.0
PXD049054_00002513___Cont1_2-1_inj02	NT=Mus musculus;AC=NCBITaxon:10090	nuclear extract	embryonic stem cells	115	PXD049054_00002513___Cont1_2-1_inj02_assay	proteomic profiling by mass spectrometry	data-dependent acquisition	NT=label free sample;AC=MS:1002038	1	1	not available	NT=Lys-C;AC=MS:1001309	NT=Carbamidomethyl;AC=UNIMOD:4;TA=C;MT=Fixed	not available	not available	not available	not available	not available	not available	not available	not available	00002513___Cont1_2-1_inj02.raw	NT=ms-proteomics;VV=v1.1.0	NT=crosslinking;VV=v1.0.0	NT=vertebrates;VV=v1.1.0
PXD049054_00002191___Cont2_Biotin_Bead_replicate_03_inj01	Mus musculus	nuclear extract	embryonic stem cells	116	PXD049054_00002191___Cont2_Biotin_Bead_replicate_03_inj01_assay	proteomic profiling by mass spectrometry	data-dependent acquisition	NT=label free sample;AC=MS:1002038	1	03	not available	NT=Lys-C;AC=MS:1001309	NT=Carbamidomethyl;AC=UNIMOD:4;TA=C;MT=Fixed	not available	not available	not available	not available	not available	not available	not available	not available	00002191___Cont2_Biotin_Bead_replicate_03_inj01.raw	NT=ms-proteomics;VV=v1.1.0	NT=crosslinking;VV=v1.0.0	NT=vertebrates;VV=v1.1.0
PXD049054_00002570___Cont3_1-2_4th_inj02	NT=Mus musculus;AC=NCBITaxon:10090	nuclear extract	embryonic stem cells	117	PXD049054_00002570___Cont3_1-2_4th_inj02_assay	proteomic profiling by mass spectrometry	data-dependent acquisition	NT=label free sample;AC=MS:1002038	1	1	not available	NT=Lys-C;AC=MS:1001309	NT=Carbamidomethyl;AC=UNIMOD:4;TA=C;MT=Fixed	not available	not available	not available	not available	not available	not available	not available	not available	00002570___Cont3_1-2_4th_inj02.raw	NT=ms-proteomics;VV=v1.1.0	NT=crosslinking;VV=v1.0.0	NT=vertebrates;VV=v1.1.0
PXD049054_00002472___Cont2_2-3_inj01	NT=Mus musculus;AC=NCBITaxon:10090	nuclear extract	embryonic stem cells	118	PXD049054_00002472___Cont2_2-3_inj01_assay	proteomic profiling by mass spectrometry	data-dependent acquisition	NT=label free sample;AC=MS:1002038	1	1	not available	NT=Lys-C;AC=MS:1001309	NT=Carbamidomethyl;AC=UNIMOD:4;TA=C;MT=Fixed	not available	not available	not available	not available	not available	not available	not available	not available	00002472___Cont2_2-3_inj01.raw	NT=ms-proteomics;VV=v1.1.0	NT=crosslinking;VV=v1.0.0	NT=vertebrates;VV=v1.1.0
PXD049054_00002599___Cont3_1-3_5th_inj02	NT=Mus musculus;AC=NCBITaxon:10090	nuclear extract	embryonic stem cells	119	PXD049054_00002599___Cont3_1-3_5th_inj02_assay	proteomic profiling by mass spectrometry	data-dependent acquisition	NT=label free sample;AC=MS:1002038	1	1	not available	NT=Lys-C;AC=MS:1001309	NT=Carbamidomethyl;AC=UNIMOD:4;TA=C;MT=Fixed	not available	not available	not available	not available	not available	not available	not available	not available	00002599___Cont3_1-3_5th_inj02.raw	NT=ms-proteomics;VV=v1.1.0	NT=crosslinking;VV=v1.0.0	NT=vertebrates;VV=v1.1.0
PXD049054_00002510___Cont1_1-1_inj02	NT=Mus musculus;AC=NCBITaxon:10090	nuclear extract	embryonic stem cells	120	PXD049054_00002510___Cont1_1-1_inj02_assay	proteomic profiling by mass spectrometry	data-dependent acquisition	NT=label free sample;AC=MS:1002038	1	1	not available	NT=Lys-C;AC=MS:1001309	NT=Carbamidomethyl;AC=UNIMOD:4;TA=C;MT=Fixed	not available	not available	not available	not available	not available	not available	not available	not available	00002510___Cont1_1-1_inj02.raw	NT=ms-proteomics;VV=v1.1.0	NT=crosslinking;VV=v1.0.0	NT=vertebrates;VV=v1.1.0
PXD049054_00002588___Cont1_2-1_5th_inj02	NT=Mus musculus;AC=NCBITaxon:10090	nuclear extract	embryonic stem cells	121	PXD049054_00002588___Cont1_2-1_5th_inj02_assay	proteomic profiling by mass spectrometry	data-dependent acquisition	NT=label free sample;AC=MS:1002038	1	1	not available	NT=Lys-C;AC=MS:1001309	NT=Carbamidomethyl;AC=UNIMOD:4;TA=C;MT=Fixed	not available	not available	not available	not available	not available	not available	not available	not available	00002588___Cont1_2-1_5th_inj02.raw	NT=ms-proteomics;VV=v1.1.0	NT=crosslinking;VV=v1.0.0	NT=vertebrates;VV=v1.1.0
PXD049054_00002595___Cont2_2-2_5th_inj01	NT=Mus musculus;AC=NCBITaxon:10090	nuclear extract	embryonic stem cells	122	PXD049054_00002595___Cont2_2-2_5th_inj01_assay	proteomic profiling by mass spectrometry	data-dependent acquisition	NT=label free sample;AC=MS:1002038	1	1	not available	NT=Lys-C;AC=MS:1001309	NT=Carbamidomethyl;AC=UNIMOD:4;TA=C;MT=Fixed	not available	not available	not available	not available	not available	not available	not available	not available	00002595___Cont2_2-2_5th_inj01.raw	NT=ms-proteomics;VV=v1.1.0	NT=crosslinking;VV=v1.0.0	NT=vertebrates;VV=v1.1.0
PXD049054_00002517___Cont2_1-2_inj01	NT=Mus musculus;AC=NCBITaxon:10090	nuclear extract	embryonic stem cells	123	PXD049054_00002517___Cont2_1-2_inj01_assay	proteomic profiling by mass spectrometry	data-dependent acquisition	NT=label free sample;AC=MS:1002038	1	1	not available	NT=Lys-C;AC=MS:1001309	NT=Carbamidomethyl;AC=UNIMOD:4;TA=C;MT=Fixed	not available	not available	not available	not available	not available	not available	not available	not available	00002517___Cont2_1-2_inj01.raw	NT=ms-proteomics;VV=v1.1.0	NT=crosslinking;VV=v1.0.0	NT=vertebrates;VV=v1.1.0
PXD049054_00002189___Cont2_Biotin_Bead_replicate_01_inj02	Mus musculus	nuclear extract	embryonic stem cells	124	PXD049054_00002189___Cont2_Biotin_Bead_replicate_01_inj02_assay	proteomic profiling by mass spectrometry	data-dependent acquisition	NT=label free sample;AC=MS:1002038	1	01	not available	NT=Lys-C;AC=MS:1001309	NT=Carbamidomethyl;AC=UNIMOD:4;TA=C;MT=Fixed	not available	not available	not available	not available	not available	not available	not available	not available	00002189___Cont2_Biotin_Bead_replicate_01_inj02.raw	NT=ms-proteomics;VV=v1.1.0	NT=crosslinking;VV=v1.0.0	NT=vertebrates;VV=v1.1.0
PXD049054_00002465___Cont1_2-2_inj01	NT=Mus musculus;AC=NCBITaxon:10090	nuclear extract	embryonic stem cells	125	PXD049054_00002465___Cont1_2-2_inj01_assay	proteomic profiling by mass spectrometry	data-dependent acquisition	NT=label free sample;AC=MS:1002038	1	1	not available	NT=Lys-C;AC=MS:1001309	NT=Carbamidomethyl;AC=UNIMOD:4;TA=C;MT=Fixed	not available	not available	not available	not available	not available	not available	not available	not available	00002465___Cont1_2-2_inj01.raw	NT=ms-proteomics;VV=v1.1.0	NT=crosslinking;VV=v1.0.0	NT=vertebrates;VV=v1.1.0
PXD049054_00002113___Exp03_02	NT=Mus musculus;AC=NCBITaxon:10090	nuclear extract	embryonic stem cells	126	PXD049054_00002113___Exp03_02_assay	proteomic profiling by mass spectrometry	data-dependent acquisition	NT=label free sample;AC=MS:1002038	1	1	not available	NT=Lys-C;AC=MS:1001309	NT=Carbamidomethyl;AC=UNIMOD:4;TA=C;MT=Fixed	not available	not available	not available	not available	not available	not available	not available	not available	00002113___Exp03_02.raw	NT=ms-proteomics;VV=v1.1.0	NT=crosslinking;VV=v1.0.0	NT=vertebrates;VV=v1.1.0
PXD049054_00002560___Cont1_2-1_4th_inj01	NT=Mus musculus;AC=NCBITaxon:10090	nuclear extract	embryonic stem cells	127	PXD049054_00002560___Cont1_2-1_4th_inj01_assay	proteomic profiling by mass spectrometry	data-dependent acquisition	NT=label free sample;AC=MS:1002038	1	1	not available	NT=Lys-C;AC=MS:1001309	NT=Carbamidomethyl;AC=UNIMOD:4;TA=C;MT=Fixed	not available	not available	not available	not available	not available	not available	not available	not available	00002560___Cont1_2-1_4th_inj01.raw	NT=ms-proteomics;VV=v1.1.0	NT=crosslinking;VV=v1.0.0	NT=vertebrates;VV=v1.1.0
PXD049054_00002566___Cont2_2-1_4th_inj01	NT=Mus musculus;AC=NCBITaxon:10090	nuclear extract	embryonic stem cells	128	PXD049054_00002566___Cont2_2-1_4th_inj01_assay	proteomic profiling by mass spectrometry	data-dependent acquisition	NT=label free sample;AC=MS:1002038	1	1	not available	NT=Lys-C;AC=MS:1001309	NT=Carbamidomethyl;AC=UNIMOD:4;TA=C;MT=Fixed	not available	not available	not available	not available	not available	not available	not available	not available	00002566___Cont2_2-1_4th_inj01.raw	NT=ms-proteomics;VV=v1.1.0	NT=crosslinking;VV=v1.0.0	NT=vertebrates;VV=v1.1.0
PXD049054_00002556___ALL_2-3_4th_inj02	NT=Mus musculus;AC=NCBITaxon:10090	nuclear extract	embryonic stem cells	129	PXD049054_00002556___ALL_2-3_4th_inj02_assay	proteomic profiling by mass spectrometry	data-dependent acquisition	NT=label free sample;AC=MS:1002038	1	1	not available	NT=Lys-C;AC=MS:1001309	NT=Carbamidomethyl;AC=UNIMOD:4;TA=C;MT=Fixed	not available	not available	not available	not available	not available	not available	not available	not available	00002556___ALL_2-3_4th_inj02.raw	NT=ms-proteomics;VV=v1.1.0	NT=crosslinking;VV=v1.0.0	NT=vertebrates;VV=v1.1.0
PXD049054_00002555___ALL_2-2_4th_inj01	NT=Mus musculus;AC=NCBITaxon:10090	nuclear extract	embryonic stem cells	130	PXD049054_00002555___ALL_2-2_4th_inj01_assay	proteomic profiling by mass spectrometry	data-dependent acquisition	NT=label free sample;AC=MS:1002038	1	1	not available	NT=Lys-C;AC=MS:1001309	NT=Carbamidomethyl;AC=UNIMOD:4;TA=C;MT=Fixed	not available	not available	not available	not available	not available	not available	not available	not available	00002555___ALL_2-2_4th_inj01.raw	NT=ms-proteomics;VV=v1.1.0	NT=crosslinking;VV=v1.0.0	NT=vertebrates;VV=v1.1.0
PXD049054_00002183___Exp02_Bead_replicate_01_inj01	Mus musculus	nuclear extract	embryonic stem cells	131	PXD049054_00002183___Exp02_Bead_replicate_01_inj01_assay	proteomic profiling by mass spectrometry	data-dependent acquisition	NT=label free sample;AC=MS:1002038	1	01	not available	NT=Lys-C;AC=MS:1001309	NT=Carbamidomethyl;AC=UNIMOD:4;TA=C;MT=Fixed	not available	not available	not available	not available	not available	not available	not available	not available	00002183___Exp02_Bead_replicate_01_inj01.raw	NT=ms-proteomics;VV=v1.1.0	NT=crosslinking;VV=v1.0.0	NT=vertebrates;VV=v1.1.0
PXD049054_00002512___Cont1_1-3_inj01	NT=Mus musculus;AC=NCBITaxon:10090	nuclear extract	embryonic stem cells	132	PXD049054_00002512___Cont1_1-3_inj01_assay	proteomic profiling by mass spectrometry	data-dependent acquisition	NT=label free sample;AC=MS:1002038	1	1	not available	NT=Lys-C;AC=MS:1001309	NT=Carbamidomethyl;AC=UNIMOD:4;TA=C;MT=Fixed	not available	not available	not available	not available	not available	not available	not available	not available	00002512___Cont1_1-3_inj01.raw	NT=ms-proteomics;VV=v1.1.0	NT=crosslinking;VV=v1.0.0	NT=vertebrates;VV=v1.1.0
PXD049054_00002110___Ctrl03_01	NT=Mus musculus;AC=NCBITaxon:10090	nuclear extract	embryonic stem cells	133	PXD049054_00002110___Ctrl03_01_assay	proteomic profiling by mass spectrometry	data-dependent acquisition	NT=label free sample;AC=MS:1002038	1	1	not available	NT=Lys-C;AC=MS:1001309	NT=Carbamidomethyl;AC=UNIMOD:4;TA=C;MT=Fixed	not available	not available	not available	not available	not available	not available	not available	not available	00002110___Ctrl03_01.raw	NT=ms-proteomics;VV=v1.1.0	NT=crosslinking;VV=v1.0.0	NT=vertebrates;VV=v1.1.0
PXD049054_00002506___ALL_1-3_inj01	NT=Mus musculus;AC=NCBITaxon:10090	nuclear extract	embryonic stem cells	134	PXD049054_00002506___ALL_1-3_inj01_assay	proteomic profiling by mass spectrometry	data-dependent acquisition	NT=label free sample;AC=MS:1002038	1	1	not available	NT=Lys-C;AC=MS:1001309	NT=Carbamidomethyl;AC=UNIMOD:4;TA=C;MT=Fixed	not available	not available	not available	not available	not available	not available	not available	not available	00002506___ALL_1-3_inj01.raw	NT=ms-proteomics;VV=v1.1.0	NT=crosslinking;VV=v1.0.0	NT=vertebrates;VV=v1.1.0
PXD049054_00002561___Cont1_2-2_4th_inj01	NT=Mus musculus;AC=NCBITaxon:10090	nuclear extract	embryonic stem cells	135	PXD049054_00002561___Cont1_2-2_4th_inj01_assay	proteomic profiling by mass spectrometry	data-dependent acquisition	NT=label free sample;AC=MS:1002038	1	1	not available	NT=Lys-C;AC=MS:1001309	NT=Carbamidomethyl;AC=UNIMOD:4;TA=C;MT=Fixed	not available	not available	not available	not available	not available	not available	not available	not available	00002561___Cont1_2-2_4th_inj01.raw	NT=ms-proteomics;VV=v1.1.0	NT=crosslinking;VV=v1.0.0	NT=vertebrates;VV=v1.1.0
PXD049054_00002524___Cont3_1-3_inj01	NT=Mus musculus;AC=NCBITaxon:10090	nuclear extract	embryonic stem cells	136	PXD049054_00002524___Cont3_1-3_inj01_assay	proteomic profiling by mass spectrometry	data-dependent acquisition	NT=label free sample;AC=MS:1002038	1	1	not available	NT=Lys-C;AC=MS:1001309	NT=Carbamidomethyl;AC=UNIMOD:4;TA=C;MT=Fixed	not available	not available	not available	not available	not available	not available	not available	not available	00002524___Cont3_1-3_inj01.raw	NT=ms-proteomics;VV=v1.1.0	NT=crosslinking;VV=v1.0.0	NT=vertebrates;VV=v1.1.0
PXD049054_00002556___ALL_2-3_4th_inj01	NT=Mus musculus;AC=NCBITaxon:10090	nuclear extract	embryonic stem cells	137	PXD049054_00002556___ALL_2-3_4th_inj01_assay	proteomic profiling by mass spectrometry	data-dependent acquisition	NT=label free sample;AC=MS:1002038	1	1	not available	NT=Lys-C;AC=MS:1001309	NT=Carbamidomethyl;AC=UNIMOD:4;TA=C;MT=Fixed	not available	not available	not available	not available	not available	not available	not available	not available	00002556___ALL_2-3_4th_inj01.raw	NT=ms-proteomics;VV=v1.1.0	NT=crosslinking;VV=v1.0.0	NT=vertebrates;VV=v1.1.0
PXD049054_00002565___Cont2_1-3_4th_inj02	NT=Mus musculus;AC=NCBITaxon:10090	nuclear extract	embryonic stem cells	138	PXD049054_00002565___Cont2_1-3_4th_inj02_assay	proteomic profiling by mass spectrometry	data-dependent acquisition	NT=label free sample;AC=MS:1002038	1	1	not available	NT=Lys-C;AC=MS:1001309	NT=Carbamidomethyl;AC=UNIMOD:4;TA=C;MT=Fixed	not available	not available	not available	not available	not available	not available	not available	not available	00002565___Cont2_1-3_4th_inj02.raw	NT=ms-proteomics;VV=v1.1.0	NT=crosslinking;VV=v1.0.0	NT=vertebrates;VV=v1.1.0
PXD049054_00002459___ALL_2-2_inj01	NT=Mus musculus;AC=NCBITaxon:10090	nuclear extract	embryonic stem cells	139	PXD049054_00002459___ALL_2-2_inj01_assay	proteomic profiling by mass spectrometry	data-dependent acquisition	NT=label free sample;AC=MS:1002038	1	1	not available	NT=Lys-C;AC=MS:1001309	NT=Carbamidomethyl;AC=UNIMOD:4;TA=C;MT=Fixed	not available	not available	not available	not available	not available	not available	not available	not available	00002459___ALL_2-2_inj01.raw	NT=ms-proteomics;VV=v1.1.0	NT=crosslinking;VV=v1.0.0	NT=vertebrates;VV=v1.1.0
PXD049054_00002583___ALL_2-2_5th_inj02	NT=Mus musculus;AC=NCBITaxon:10090	nuclear extract	embryonic stem cells	140	PXD049054_00002583___ALL_2-2_5th_inj02_assay	proteomic profiling by mass spectrometry	data-dependent acquisition	NT=label free sample;AC=MS:1002038	1	1	not available	NT=Lys-C;AC=MS:1001309	NT=Carbamidomethyl;AC=UNIMOD:4;TA=C;MT=Fixed	not available	not available	not available	not available	not available	not available	not available	not available	00002583___ALL_2-2_5th_inj02.raw	NT=ms-proteomics;VV=v1.1.0	NT=crosslinking;VV=v1.0.0	NT=vertebrates;VV=v1.1.0
PXD049054_00002517___Cont2_1-2_inj02	NT=Mus musculus;AC=NCBITaxon:10090	nuclear extract	embryonic stem cells	141	PXD049054_00002517___Cont2_1-2_inj02_assay	proteomic profiling by mass spectrometry	data-dependent acquisition	NT=label free sample;AC=MS:1002038	1	1	not available	NT=Lys-C;AC=MS:1001309	NT=Carbamidomethyl;AC=UNIMOD:4;TA=C;MT=Fixed	not available	not available	not available	not available	not available	not available	not available	not available	00002517___Cont2_1-2_inj02.raw	NT=ms-proteomics;VV=v1.1.0	NT=crosslinking;VV=v1.0.0	NT=vertebrates;VV=v1.1.0
PXD049054_00002458___ALL_2-1_inj01	NT=Mus musculus;AC=NCBITaxon:10090	nuclear extract	embryonic stem cells	142	PXD049054_00002458___ALL_2-1_inj01_assay	proteomic profiling by mass spectrometry	data-dependent acquisition	NT=label free sample;AC=MS:1002038	1	1	not available	NT=Lys-C;AC=MS:1001309	NT=Carbamidomethyl;AC=UNIMOD:4;TA=C;MT=Fixed	not available	not available	not available	not available	not available	not available	not available	not available	00002458___ALL_2-1_inj01.raw	NT=ms-proteomics;VV=v1.1.0	NT=crosslinking;VV=v1.0.0	NT=vertebrates;VV=v1.1.0
PXD049054_00002190___Cont2_Biotin_Bead_replicate_02_inj02	Mus musculus	nuclear extract	embryonic stem cells	143	PXD049054_00002190___Cont2_Biotin_Bead_replicate_02_inj02_assay	proteomic profiling by mass spectrometry	data-dependent acquisition	NT=label free sample;AC=MS:1002038	1	02	not available	NT=Lys-C;AC=MS:1001309	NT=Carbamidomethyl;AC=UNIMOD:4;TA=C;MT=Fixed	not available	not available	not available	not available	not available	not available	not available	not available	00002190___Cont2_Biotin_Bead_replicate_02_inj02.raw	NT=ms-proteomics;VV=v1.1.0	NT=crosslinking;VV=v1.0.0	NT=vertebrates;VV=v1.1.0
PXD049054_00002591___Cont2_1-1_5th_inj02	NT=Mus musculus;AC=NCBITaxon:10090	nuclear extract	embryonic stem cells	144	PXD049054_00002591___Cont2_1-1_5th_inj02_assay	proteomic profiling by mass spectrometry	data-dependent acquisition	NT=label free sample;AC=MS:1002038	1	1	not available	NT=Lys-C;AC=MS:1001309	NT=Carbamidomethyl;AC=UNIMOD:4;TA=C;MT=Fixed	not available	not available	not available	not available	not available	not available	not available	not available	00002591___Cont2_1-1_5th_inj02.raw	NT=ms-proteomics;VV=v1.1.0	NT=crosslinking;VV=v1.0.0	NT=vertebrates;VV=v1.1.0
PXD049054_00002213___Cont2_Bead_replicate_01_inj01	Mus musculus	nuclear extract	embryonic stem cells	145	PXD049054_00002213___Cont2_Bead_replicate_01_inj01_assay	proteomic profiling by mass spectrometry	data-dependent acquisition	NT=label free sample;AC=MS:1002038	1	01	not available	NT=Lys-C;AC=MS:1001309	NT=Carbamidomethyl;AC=UNIMOD:4;TA=C;MT=Fixed	not available	not available	not available	not available	not available	not available	not available	not available	00002213___Cont2_Bead_replicate_01_inj01.raw	NT=ms-proteomics;VV=v1.1.0	NT=crosslinking;VV=v1.0.0	NT=vertebrates;VV=v1.1.0
PXD049054_00002572___Cont3_2-1_4th_inj02	NT=Mus musculus;AC=NCBITaxon:10090	nuclear extract	embryonic stem cells	146	PXD049054_00002572___Cont3_2-1_4th_inj02_assay	proteomic profiling by mass spectrometry	data-dependent acquisition	NT=label free sample;AC=MS:1002038	1	1	not available	NT=Lys-C;AC=MS:1001309	NT=Carbamidomethyl;AC=UNIMOD:4;TA=C;MT=Fixed	not available	not available	not available	not available	not available	not available	not available	not available	00002572___Cont3_2-1_4th_inj02.raw	NT=ms-proteomics;VV=v1.1.0	NT=crosslinking;VV=v1.0.0	NT=vertebrates;VV=v1.1.0
PXD049054_00002518___Cont2_1-3_inj02	NT=Mus musculus;AC=NCBITaxon:10090	nuclear extract	embryonic stem cells	147	PXD049054_00002518___Cont2_1-3_inj02_assay	proteomic profiling by mass spectrometry	data-dependent acquisition	NT=label free sample;AC=MS:1002038	1	1	not available	NT=Lys-C;AC=MS:1001309	NT=Carbamidomethyl;AC=UNIMOD:4;TA=C;MT=Fixed	not available	not available	not available	not available	not available	not available	not available	not available	00002518___Cont2_1-3_inj02.raw	NT=ms-proteomics;VV=v1.1.0	NT=crosslinking;VV=v1.0.0	NT=vertebrates;VV=v1.1.0
PXD049054_00002189___Cont2_Biotin_Bead_replicate_01_inj01	Mus musculus	nuclear extract	embryonic stem cells	148	PXD049054_00002189___Cont2_Biotin_Bead_replicate_01_inj01_assay	proteomic profiling by mass spectrometry	data-dependent acquisition	NT=label free sample;AC=MS:1002038	1	01	not available	NT=Lys-C;AC=MS:1001309	NT=Carbamidomethyl;AC=UNIMOD:4;TA=C;MT=Fixed	not available	not available	not available	not available	not available	not available	not available	not available	00002189___Cont2_Biotin_Bead_replicate_01_inj01.raw	NT=ms-proteomics;VV=v1.1.0	NT=crosslinking;VV=v1.0.0	NT=vertebrates;VV=v1.1.0
PXD049054_00002187___Exp02_Biotin_bead_replicate_02_inj02	Mus musculus	nuclear extract	embryonic stem cells	149	PXD049054_00002187___Exp02_Biotin_bead_replicate_02_inj02_assay	proteomic profiling by mass spectrometry	data-dependent acquisition	NT=label free sample;AC=MS:1002038	1	02	not available	NT=Lys-C;AC=MS:1001309	NT=Carbamidomethyl;AC=UNIMOD:4;TA=C;MT=Fixed	not available	not available	not available	not available	not available	not available	not available	not available	00002187___Exp02_Biotin_bead_replicate_02_inj02.raw	NT=ms-proteomics;VV=v1.1.0	NT=crosslinking;VV=v1.0.0	NT=vertebrates;VV=v1.1.0
PXD049054_00002461___Cont1_1-1_inj01	NT=Mus musculus;AC=NCBITaxon:10090	nuclear extract	embryonic stem cells	150	PXD049054_00002461___Cont1_1-1_inj01_assay	proteomic profiling by mass spectrometry	data-dependent acquisition	NT=label free sample;AC=MS:1002038	1	1	not available	NT=Lys-C;AC=MS:1001309	NT=Carbamidomethyl;AC=UNIMOD:4;TA=C;MT=Fixed	not available	not available	not available	not available	not available	not available	not available	not available	00002461___Cont1_1-1_inj01.raw	NT=ms-proteomics;VV=v1.1.0	NT=crosslinking;VV=v1.0.0	NT=vertebrates;VV=v1.1.0
PXD049054_00002585___Cont1_1-1_5th_inj01	NT=Mus musculus;AC=NCBITaxon:10090	nuclear extract	embryonic stem cells	151	PXD049054_00002585___Cont1_1-1_5th_inj01_assay	proteomic profiling by mass spectrometry	data-dependent acquisition	NT=label free sample;AC=MS:1002038	1	1	not available	NT=Lys-C;AC=MS:1001309	NT=Carbamidomethyl;AC=UNIMOD:4;TA=C;MT=Fixed	not available	not available	not available	not available	not available	not available	not available	not available	00002585___Cont1_1-1_5th_inj01.raw	NT=ms-proteomics;VV=v1.1.0	NT=crosslinking;VV=v1.0.0	NT=vertebrates;VV=v1.1.0
PXD049054_00002217___Cont3_Biotin_Bead_replicate_01_inj01	Mus musculus	nuclear extract	embryonic stem cells	152	PXD049054_00002217___Cont3_Biotin_Bead_replicate_01_inj01_assay	proteomic profiling by mass spectrometry	data-dependent acquisition	NT=label free sample;AC=MS:1002038	1	01	not available	NT=Lys-C;AC=MS:1001309	NT=Carbamidomethyl;AC=UNIMOD:4;TA=C;MT=Fixed	not available	not available	not available	not available	not available	not available	not available	not available	00002217___Cont3_Biotin_Bead_replicate_01_inj01.raw	NT=ms-proteomics;VV=v1.1.0	NT=crosslinking;VV=v1.0.0	NT=vertebrates;VV=v1.1.0
PXD049054_00002590___Cont1_2-3_5th_inj01	NT=Mus musculus;AC=NCBITaxon:10090	nuclear extract	embryonic stem cells	153	PXD049054_00002590___Cont1_2-3_5th_inj01_assay	proteomic profiling by mass spectrometry	data-dependent acquisition	NT=label free sample;AC=MS:1002038	1	1	not available	NT=Lys-C;AC=MS:1001309	NT=Carbamidomethyl;AC=UNIMOD:4;TA=C;MT=Fixed	not available	not available	not available	not available	not available	not available	not available	not available	00002590___Cont1_2-3_5th_inj01.raw	NT=ms-proteomics;VV=v1.1.0	NT=crosslinking;VV=v1.0.0	NT=vertebrates;VV=v1.1.0
PXD049054_00002509___ALL_2-3_inj01	NT=Mus musculus;AC=NCBITaxon:10090	nuclear extract	embryonic stem cells	154	PXD049054_00002509___ALL_2-3_inj01_assay	proteomic profiling by mass spectrometry	data-dependent acquisition	NT=label free sample;AC=MS:1002038	1	1	not available	NT=Lys-C;AC=MS:1001309	NT=Carbamidomethyl;AC=UNIMOD:4;TA=C;MT=Fixed	not available	not available	not available	not available	not available	not available	not available	not available	00002509___ALL_2-3_inj01.raw	NT=ms-proteomics;VV=v1.1.0	NT=crosslinking;VV=v1.0.0	NT=vertebrates;VV=v1.1.0
PXD049054_00002194___Cont3_Bead_replicate_02_inj01	Mus musculus	nuclear extract	embryonic stem cells	155	PXD049054_00002194___Cont3_Bead_replicate_02_inj01_assay	proteomic profiling by mass spectrometry	data-dependent acquisition	NT=label free sample;AC=MS:1002038	1	02	not available	NT=Lys-C;AC=MS:1001309	NT=Carbamidomethyl;AC=UNIMOD:4;TA=C;MT=Fixed	not available	not available	not available	not available	not available	not available	not available	not available	00002194___Cont3_Bead_replicate_02_inj01.raw	NT=ms-proteomics;VV=v1.1.0	NT=crosslinking;VV=v1.0.0	NT=vertebrates;VV=v1.1.0
PXD049054_00002596___Cont2_2-3_5th_inj01	NT=Mus musculus;AC=NCBITaxon:10090	nuclear extract	embryonic stem cells	156	PXD049054_00002596___Cont2_2-3_5th_inj01_assay	proteomic profiling by mass spectrometry	data-dependent acquisition	NT=label free sample;AC=MS:1002038	1	1	not available	NT=Lys-C;AC=MS:1001309	NT=Carbamidomethyl;AC=UNIMOD:4;TA=C;MT=Fixed	not available	not available	not available	not available	not available	not available	not available	not available	00002596___Cont2_2-3_5th_inj01.raw	NT=ms-proteomics;VV=v1.1.0	NT=crosslinking;VV=v1.0.0	NT=vertebrates;VV=v1.1.0
PXD049054_00002569___Cont3_1-1_4th_inj01	NT=Mus musculus;AC=NCBITaxon:10090	nuclear extract	embryonic stem cells	157	PXD049054_00002569___Cont3_1-1_4th_inj01_assay	proteomic profiling by mass spectrometry	data-dependent acquisition	NT=label free sample;AC=MS:1002038	1	1	not available	NT=Lys-C;AC=MS:1001309	NT=Carbamidomethyl;AC=UNIMOD:4;TA=C;MT=Fixed	not available	not available	not available	not available	not available	not available	not available	not available	00002569___Cont3_1-1_4th_inj01.raw	NT=ms-proteomics;VV=v1.1.0	NT=crosslinking;VV=v1.0.0	NT=vertebrates;VV=v1.1.0
PXD049054_00002177___Exp01_Bead_replicate_01_inj02	Mus musculus	nuclear extract	embryonic stem cells	158	PXD049054_00002177___Exp01_Bead_replicate_01_inj02_assay	proteomic profiling by mass spectrometry	data-dependent acquisition	NT=label free sample;AC=MS:1002038	1	01	not available	NT=Lys-C;AC=MS:1001309	NT=Carbamidomethyl;AC=UNIMOD:4;TA=C;MT=Fixed	not available	not available	not available	not available	not available	not available	not available	not available	00002177___Exp01_Bead_replicate_01_inj02.raw	NT=ms-proteomics;VV=v1.1.0	NT=crosslinking;VV=v1.0.0	NT=vertebrates;VV=v1.1.0
PXD049054_00002470___Cont2_2-1_inj01	NT=Mus musculus;AC=NCBITaxon:10090	nuclear extract	embryonic stem cells	159	PXD049054_00002470___Cont2_2-1_inj01_assay	proteomic profiling by mass spectrometry	data-dependent acquisition	NT=label free sample;AC=MS:1002038	1	1	not available	NT=Lys-C;AC=MS:1001309	NT=Carbamidomethyl;AC=UNIMOD:4;TA=C;MT=Fixed	not available	not available	not available	not available	not available	not available	not available	not available	00002470___Cont2_2-1_inj01.raw	NT=ms-proteomics;VV=v1.1.0	NT=crosslinking;VV=v1.0.0	NT=vertebrates;VV=v1.1.0
PXD049054_00002590___Cont1_2-3_5th_inj02	NT=Mus musculus;AC=NCBITaxon:10090	nuclear extract	embryonic stem cells	160	PXD049054_00002590___Cont1_2-3_5th_inj02_assay	proteomic profiling by mass spectrometry	data-dependent acquisition	NT=label free sample;AC=MS:1002038	1	1	not available	NT=Lys-C;AC=MS:1001309	NT=Carbamidomethyl;AC=UNIMOD:4;TA=C;MT=Fixed	not available	not available	not available	not available	not available	not available	not available	not available	00002590___Cont1_2-3_5th_inj02.raw	NT=ms-proteomics;VV=v1.1.0	NT=crosslinking;VV=v1.0.0	NT=vertebrates;VV=v1.1.0
PXD049054_00002597___Cont3_1-1_5th_inj01	NT=Mus musculus;AC=NCBITaxon:10090	nuclear extract	embryonic stem cells	161	PXD049054_00002597___Cont3_1-1_5th_inj01_assay	proteomic profiling by mass spectrometry	data-dependent acquisition	NT=label free sample;AC=MS:1002038	1	1	not available	NT=Lys-C;AC=MS:1001309	NT=Carbamidomethyl;AC=UNIMOD:4;TA=C;MT=Fixed	not available	not available	not available	not available	not available	not available	not available	not available	00002597___Cont3_1-1_5th_inj01.raw	NT=ms-proteomics;VV=v1.1.0	NT=crosslinking;VV=v1.0.0	NT=vertebrates;VV=v1.1.0
PXD049054_00002504___ALL_1-1_inj01	NT=Mus musculus;AC=NCBITaxon:10090	nuclear extract	embryonic stem cells	162	PXD049054_00002504___ALL_1-1_inj01_assay	proteomic profiling by mass spectrometry	data-dependent acquisition	NT=label free sample;AC=MS:1002038	1	1	not available	NT=Lys-C;AC=MS:1001309	NT=Carbamidomethyl;AC=UNIMOD:4;TA=C;MT=Fixed	not available	not available	not available	not available	not available	not available	not available	not available	00002504___ALL_1-1_inj01.raw	NT=ms-proteomics;VV=v1.1.0	NT=crosslinking;VV=v1.0.0	NT=vertebrates;VV=v1.1.0
PXD049054_00002504___ALL_1-1_inj02	NT=Mus musculus;AC=NCBITaxon:10090	nuclear extract	embryonic stem cells	163	PXD049054_00002504___ALL_1-1_inj02_assay	proteomic profiling by mass spectrometry	data-dependent acquisition	NT=label free sample;AC=MS:1002038	1	1	not available	NT=Lys-C;AC=MS:1001309	NT=Carbamidomethyl;AC=UNIMOD:4;TA=C;MT=Fixed	not available	not available	not available	not available	not available	not available	not available	not available	00002504___ALL_1-1_inj02.raw	NT=ms-proteomics;VV=v1.1.0	NT=crosslinking;VV=v1.0.0	NT=vertebrates;VV=v1.1.0
PXD049054_00002580___ALL_1-2_5th_inj01	NT=Mus musculus;AC=NCBITaxon:10090	nuclear extract	embryonic stem cells	164	PXD049054_00002580___ALL_1-2_5th_inj01_assay	proteomic profiling by mass spectrometry	data-dependent acquisition	NT=label free sample;AC=MS:1002038	1	1	not available	NT=Lys-C;AC=MS:1001309	NT=Carbamidomethyl;AC=UNIMOD:4;TA=C;MT=Fixed	not available	not available	not available	not available	not available	not available	not available	not available	00002580___ALL_1-2_5th_inj01.raw	NT=ms-proteomics;VV=v1.1.0	NT=crosslinking;VV=v1.0.0	NT=vertebrates;VV=v1.1.0
PXD049054_00002191___Cont2_Biotin_Bead_replicate_03_inj02	Mus musculus	nuclear extract	embryonic stem cells	165	PXD049054_00002191___Cont2_Biotin_Bead_replicate_03_inj02_assay	proteomic profiling by mass spectrometry	data-dependent acquisition	NT=label free sample;AC=MS:1002038	1	03	not available	NT=Lys-C;AC=MS:1001309	NT=Carbamidomethyl;AC=UNIMOD:4;TA=C;MT=Fixed	not available	not available	not available	not available	not available	not available	not available	not available	00002191___Cont2_Biotin_Bead_replicate_03_inj02.raw	NT=ms-proteomics;VV=v1.1.0	NT=crosslinking;VV=v1.0.0	NT=vertebrates;VV=v1.1.0
PXD049054_00002600___Cont3_2-1_5th_inj01	NT=Mus musculus;AC=NCBITaxon:10090	nuclear extract	embryonic stem cells	166	PXD049054_00002600___Cont3_2-1_5th_inj01_assay	proteomic profiling by mass spectrometry	data-dependent acquisition	NT=label free sample;AC=MS:1002038	1	1	not available	NT=Lys-C;AC=MS:1001309	NT=Carbamidomethyl;AC=UNIMOD:4;TA=C;MT=Fixed	not available	not available	not available	not available	not available	not available	not available	not available	00002600___Cont3_2-1_5th_inj01.raw	NT=ms-proteomics;VV=v1.1.0	NT=crosslinking;VV=v1.0.0	NT=vertebrates;VV=v1.1.0
PXD049054_00002469___Cont2_1-3_inj02	NT=Mus musculus;AC=NCBITaxon:10090	nuclear extract	embryonic stem cells	167	PXD049054_00002469___Cont2_1-3_inj02_assay	proteomic profiling by mass spectrometry	data-dependent acquisition	NT=label free sample;AC=MS:1002038	1	1	not available	NT=Lys-C;AC=MS:1001309	NT=Carbamidomethyl;AC=UNIMOD:4;TA=C;MT=Fixed	not available	not available	not available	not available	not available	not available	not available	not available	00002469___Cont2_1-3_inj02.raw	NT=ms-proteomics;VV=v1.1.0	NT=crosslinking;VV=v1.0.0	NT=vertebrates;VV=v1.1.0
PXD049054_00002188___Exp02_Biotin_bead_replicate_03_inj01	Mus musculus	nuclear extract	embryonic stem cells	168	PXD049054_00002188___Exp02_Biotin_bead_replicate_03_inj01_assay	proteomic profiling by mass spectrometry	data-dependent acquisition	NT=label free sample;AC=MS:1002038	1	03	not available	NT=Lys-C;AC=MS:1001309	NT=Carbamidomethyl;AC=UNIMOD:4;TA=C;MT=Fixed	not available	not available	not available	not available	not available	not available	not available	not available	00002188___Exp02_Biotin_bead_replicate_03_inj01.raw	NT=ms-proteomics;VV=v1.1.0	NT=crosslinking;VV=v1.0.0	NT=vertebrates;VV=v1.1.0
PXD049054_00002565___Cont2_1-3_4th_inj01	NT=Mus musculus;AC=NCBITaxon:10090	nuclear extract	embryonic stem cells	169	PXD049054_00002565___Cont2_1-3_4th_inj01_assay	proteomic profiling by mass spectrometry	data-dependent acquisition	NT=label free sample;AC=MS:1002038	1	1	not available	NT=Lys-C;AC=MS:1001309	NT=Carbamidomethyl;AC=UNIMOD:4;TA=C;MT=Fixed	not available	not available	not available	not available	not available	not available	not available	not available	00002565___Cont2_1-3_4th_inj01.raw	NT=ms-proteomics;VV=v1.1.0	NT=crosslinking;VV=v1.0.0	NT=vertebrates;VV=v1.1.0
PXD049054_00002552___ALL_1-2_4th_inj02	NT=Mus musculus;AC=NCBITaxon:10090	nuclear extract	embryonic stem cells	170	PXD049054_00002552___ALL_1-2_4th_inj02_assay	proteomic profiling by mass spectrometry	data-dependent acquisition	NT=label free sample;AC=MS:1002038	1	1	not available	NT=Lys-C;AC=MS:1001309	NT=Carbamidomethyl;AC=UNIMOD:4;TA=C;MT=Fixed	not available	not available	not available	not available	not available	not available	not available	not available	00002552___ALL_1-2_4th_inj02.raw	NT=ms-proteomics;VV=v1.1.0	NT=crosslinking;VV=v1.0.0	NT=vertebrates;VV=v1.1.0
PXD049054_00002194___Cont3_Bead_replicate_02_inj02	Mus musculus	nuclear extract	embryonic stem cells	171	PXD049054_00002194___Cont3_Bead_replicate_02_inj02_assay	proteomic profiling by mass spectrometry	data-dependent acquisition	NT=label free sample;AC=MS:1002038	1	02	not available	NT=Lys-C;AC=MS:1001309	NT=Carbamidomethyl;AC=UNIMOD:4;TA=C;MT=Fixed	not available	not available	not available	not available	not available	not available	not available	not available	00002194___Cont3_Bead_replicate_02_inj02.raw	NT=ms-proteomics;VV=v1.1.0	NT=crosslinking;VV=v1.0.0	NT=vertebrates;VV=v1.1.0
PXD049054_00002567___Cont2_2-2_4th_inj02	NT=Mus musculus;AC=NCBITaxon:10090	nuclear extract	embryonic stem cells	172	PXD049054_00002567___Cont2_2-2_4th_inj02_assay	proteomic profiling by mass spectrometry	data-dependent acquisition	NT=label free sample;AC=MS:1002038	1	1	not available	NT=Lys-C;AC=MS:1001309	NT=Carbamidomethyl;AC=UNIMOD:4;TA=C;MT=Fixed	not available	not available	not available	not available	not available	not available	not available	not available	00002567___Cont2_2-2_4th_inj02.raw	NT=ms-proteomics;VV=v1.1.0	NT=crosslinking;VV=v1.0.0	NT=vertebrates;VV=v1.1.0
PXD049054_00002588___Cont1_2-1_5th_inj01	NT=Mus musculus;AC=NCBITaxon:10090	nuclear extract	embryonic stem cells	173	PXD049054_00002588___Cont1_2-1_5th_inj01_assay	proteomic profiling by mass spectrometry	data-dependent acquisition	NT=label free sample;AC=MS:1002038	1	1	not available	NT=Lys-C;AC=MS:1001309	NT=Carbamidomethyl;AC=UNIMOD:4;TA=C;MT=Fixed	not available	not available	not available	not available	not available	not available	not available	not available	00002588___Cont1_2-1_5th_inj01.raw	NT=ms-proteomics;VV=v1.1.0	NT=crosslinking;VV=v1.0.0	NT=vertebrates;VV=v1.1.0
PXD049054_00002110___Ctrl03_02	NT=Mus musculus;AC=NCBITaxon:10090	nuclear extract	embryonic stem cells	174	PXD049054_00002110___Ctrl03_02_assay	proteomic profiling by mass spectrometry	data-dependent acquisition	NT=label free sample;AC=MS:1002038	1	1	not available	NT=Lys-C;AC=MS:1001309	NT=Carbamidomethyl;AC=UNIMOD:4;TA=C;MT=Fixed	not available	not available	not available	not available	not available	not available	not available	not available	00002110___Ctrl03_02.raw	NT=ms-proteomics;VV=v1.1.0	NT=crosslinking;VV=v1.0.0	NT=vertebrates;VV=v1.1.0
PXD049054_00002583___ALL_2-2_5th_inj01	NT=Mus musculus;AC=NCBITaxon:10090	nuclear extract	embryonic stem cells	175	PXD049054_00002583___ALL_2-2_5th_inj01_assay	proteomic profiling by mass spectrometry	data-dependent acquisition	NT=label free sample;AC=MS:1002038	1	1	not available	NT=Lys-C;AC=MS:1001309	NT=Carbamidomethyl;AC=UNIMOD:4;TA=C;MT=Fixed	not available	not available	not available	not available	not available	not available	not available	not available	00002583___ALL_2-2_5th_inj01.raw	NT=ms-proteomics;VV=v1.1.0	NT=crosslinking;VV=v1.0.0	NT=vertebrates;VV=v1.1.0
PXD049054_00002192___Cont2_Biotin_bead_replicate_04_inj01	Mus musculus	nuclear extract	embryonic stem cells	176	PXD049054_00002192___Cont2_Biotin_bead_replicate_04_inj01_assay	proteomic profiling by mass spectrometry	data-dependent acquisition	NT=label free sample;AC=MS:1002038	1	04	not available	NT=Lys-C;AC=MS:1001309	NT=Carbamidomethyl;AC=UNIMOD:4;TA=C;MT=Fixed	not available	not available	not available	not available	not available	not available	not available	not available	00002192___Cont2_Biotin_bead_replicate_04_inj01.raw	NT=ms-proteomics;VV=v1.1.0	NT=crosslinking;VV=v1.0.0	NT=vertebrates;VV=v1.1.0
PXD049054_00002462___Cont1_1-2_inj02	NT=Mus musculus;AC=NCBITaxon:10090	nuclear extract	embryonic stem cells	177	PXD049054_00002462___Cont1_1-2_inj02_assay	proteomic profiling by mass spectrometry	data-dependent acquisition	NT=label free sample;AC=MS:1002038	1	1	not available	NT=Lys-C;AC=MS:1001309	NT=Carbamidomethyl;AC=UNIMOD:4;TA=C;MT=Fixed	not available	not available	not available	not available	not available	not available	not available	not available	00002462___Cont1_1-2_inj02.raw	NT=ms-proteomics;VV=v1.1.0	NT=crosslinking;VV=v1.0.0	NT=vertebrates;VV=v1.1.0
PXD049054_00002515___Cont1_2-3_inj01	NT=Mus musculus;AC=NCBITaxon:10090	nuclear extract	embryonic stem cells	178	PXD049054_00002515___Cont1_2-3_inj01_assay	proteomic profiling by mass spectrometry	data-dependent acquisition	NT=label free sample;AC=MS:1002038	1	1	not available	NT=Lys-C;AC=MS:1001309	NT=Carbamidomethyl;AC=UNIMOD:4;TA=C;MT=Fixed	not available	not available	not available	not available	not available	not available	not available	not available	00002515___Cont1_2-3_inj01.raw	NT=ms-proteomics;VV=v1.1.0	NT=crosslinking;VV=v1.0.0	NT=vertebrates;VV=v1.1.0
PXD049054_00002456___ALL_1-2_inj01	NT=Mus musculus;AC=NCBITaxon:10090	nuclear extract	embryonic stem cells	179	PXD049054_00002456___ALL_1-2_inj01_assay	proteomic profiling by mass spectrometry	data-dependent acquisition	NT=label free sample;AC=MS:1002038	1	1	not available	NT=Lys-C;AC=MS:1001309	NT=Carbamidomethyl;AC=UNIMOD:4;TA=C;MT=Fixed	not available	not available	not available	not available	not available	not available	not available	not available	00002456___ALL_1-2_inj01.raw	NT=ms-proteomics;VV=v1.1.0	NT=crosslinking;VV=v1.0.0	NT=vertebrates;VV=v1.1.0
PXD049054_00002511___Cont1_1-2_inj02	NT=Mus musculus;AC=NCBITaxon:10090	nuclear extract	embryonic stem cells	180	PXD049054_00002511___Cont1_1-2_inj02_assay	proteomic profiling by mass spectrometry	data-dependent acquisition	NT=label free sample;AC=MS:1002038	1	1	not available	NT=Lys-C;AC=MS:1001309	NT=Carbamidomethyl;AC=UNIMOD:4;TA=C;MT=Fixed	not available	not available	not available	not available	not available	not available	not available	not available	00002511___Cont1_1-2_inj02.raw	NT=ms-proteomics;VV=v1.1.0	NT=crosslinking;VV=v1.0.0	NT=vertebrates;VV=v1.1.0
PXD049054_00002190___Cont2_Biotin_Bead_replicate_02_inj01	Mus musculus	nuclear extract	embryonic stem cells	181	PXD049054_00002190___Cont2_Biotin_Bead_replicate_02_inj01_assay	proteomic profiling by mass spectrometry	data-dependent acquisition	NT=label free sample;AC=MS:1002038	1	02	not available	NT=Lys-C;AC=MS:1001309	NT=Carbamidomethyl;AC=UNIMOD:4;TA=C;MT=Fixed	not available	not available	not available	not available	not available	not available	not available	not available	00002190___Cont2_Biotin_Bead_replicate_02_inj01.raw	NT=ms-proteomics;VV=v1.1.0	NT=crosslinking;VV=v1.0.0	NT=vertebrates;VV=v1.1.0
PXD049054_00002514___Cont1_2-2_inj02	NT=Mus musculus;AC=NCBITaxon:10090	nuclear extract	embryonic stem cells	182	PXD049054_00002514___Cont1_2-2_inj02_assay	proteomic profiling by mass spectrometry	data-dependent acquisition	NT=label free sample;AC=MS:1002038	1	1	not available	NT=Lys-C;AC=MS:1001309	NT=Carbamidomethyl;AC=UNIMOD:4;TA=C;MT=Fixed	not available	not available	not available	not available	not available	not available	not available	not available	00002514___Cont1_2-2_inj02.raw	NT=ms-proteomics;VV=v1.1.0	NT=crosslinking;VV=v1.0.0	NT=vertebrates;VV=v1.1.0
PXD049054_00002602___Cont3_2-3_5th_inj01	NT=Mus musculus;AC=NCBITaxon:10090	nuclear extract	embryonic stem cells	183	PXD049054_00002602___Cont3_2-3_5th_inj01_assay	proteomic profiling by mass spectrometry	data-dependent acquisition	NT=label free sample;AC=MS:1002038	1	1	not available	NT=Lys-C;AC=MS:1001309	NT=Carbamidomethyl;AC=UNIMOD:4;TA=C;MT=Fixed	not available	not available	not available	not available	not available	not available	not available	not available	00002602___Cont3_2-3_5th_inj01.raw	NT=ms-proteomics;VV=v1.1.0	NT=crosslinking;VV=v1.0.0	NT=vertebrates;VV=v1.1.0
PXD049054_00002525___Cont3_2-1_inj01	NT=Mus musculus;AC=NCBITaxon:10090	nuclear extract	embryonic stem cells	184	PXD049054_00002525___Cont3_2-1_inj01_assay	proteomic profiling by mass spectrometry	data-dependent acquisition	NT=label free sample;AC=MS:1002038	1	1	not available	NT=Lys-C;AC=MS:1001309	NT=Carbamidomethyl;AC=UNIMOD:4;TA=C;MT=Fixed	not available	not available	not available	not available	not available	not available	not available	not available	00002525___Cont3_2-1_inj01.raw	NT=ms-proteomics;VV=v1.1.0	NT=crosslinking;VV=v1.0.0	NT=vertebrates;VV=v1.1.0
PXD049054_00002457___ALL_1-3_inj02	NT=Mus musculus;AC=NCBITaxon:10090	nuclear extract	embryonic stem cells	185	PXD049054_00002457___ALL_1-3_inj02_assay	proteomic profiling by mass spectrometry	data-dependent acquisition	NT=label free sample;AC=MS:1002038	1	1	not available	NT=Lys-C;AC=MS:1001309	NT=Carbamidomethyl;AC=UNIMOD:4;TA=C;MT=Fixed	not available	not available	not available	not available	not available	not available	not available	not available	00002457___ALL_1-3_inj02.raw	NT=ms-proteomics;VV=v1.1.0	NT=crosslinking;VV=v1.0.0	NT=vertebrates;VV=v1.1.0
PXD049054_00002508___ALL_2-2_inj01	NT=Mus musculus;AC=NCBITaxon:10090	nuclear extract	embryonic stem cells	186	PXD049054_00002508___ALL_2-2_inj01_assay	proteomic profiling by mass spectrometry	data-dependent acquisition	NT=label free sample;AC=MS:1002038	1	1	not available	NT=Lys-C;AC=MS:1001309	NT=Carbamidomethyl;AC=UNIMOD:4;TA=C;MT=Fixed	not available	not available	not available	not available	not available	not available	not available	not available	00002508___ALL_2-2_inj01.raw	NT=ms-proteomics;VV=v1.1.0	NT=crosslinking;VV=v1.0.0	NT=vertebrates;VV=v1.1.0
PXD049054_00002527___Cont3_2-3_inj02	NT=Mus musculus;AC=NCBITaxon:10090	nuclear extract	embryonic stem cells	187	PXD049054_00002527___Cont3_2-3_inj02_assay	proteomic profiling by mass spectrometry	data-dependent acquisition	NT=label free sample;AC=MS:1002038	1	1	not available	NT=Lys-C;AC=MS:1001309	NT=Carbamidomethyl;AC=UNIMOD:4;TA=C;MT=Fixed	not available	not available	not available	not available	not available	not available	not available	not available	00002527___Cont3_2-3_inj02.raw	NT=ms-proteomics;VV=v1.1.0	NT=crosslinking;VV=v1.0.0	NT=vertebrates;VV=v1.1.0
PXD049054_00002467___Cont2_1-1_inj02	NT=Mus musculus;AC=NCBITaxon:10090	nuclear extract	embryonic stem cells	188	PXD049054_00002467___Cont2_1-1_inj02_assay	proteomic profiling by mass spectrometry	data-dependent acquisition	NT=label free sample;AC=MS:1002038	1	1	not available	NT=Lys-C;AC=MS:1001309	NT=Carbamidomethyl;AC=UNIMOD:4;TA=C;MT=Fixed	not available	not available	not available	not available	not available	not available	not available	not available	00002467___Cont2_1-1_inj02.raw	NT=ms-proteomics;VV=v1.1.0	NT=crosslinking;VV=v1.0.0	NT=vertebrates;VV=v1.1.0
PXD049054_00002519___Cont2_2-1_inj01	NT=Mus musculus;AC=NCBITaxon:10090	nuclear extract	embryonic stem cells	189	PXD049054_00002519___Cont2_2-1_inj01_assay	proteomic profiling by mass spectrometry	data-dependent acquisition	NT=label free sample;AC=MS:1002038	1	1	not available	NT=Lys-C;AC=MS:1001309	NT=Carbamidomethyl;AC=UNIMOD:4;TA=C;MT=Fixed	not available	not available	not available	not available	not available	not available	not available	not available	00002519___Cont2_2-1_inj01.raw	NT=ms-proteomics;VV=v1.1.0	NT=crosslinking;VV=v1.0.0	NT=vertebrates;VV=v1.1.0
PXD049054_00002113___Exp03_01	NT=Mus musculus;AC=NCBITaxon:10090	nuclear extract	embryonic stem cells	190	PXD049054_00002113___Exp03_01_assay	proteomic profiling by mass spectrometry	data-dependent acquisition	NT=label free sample;AC=MS:1002038	1	1	not available	NT=Lys-C;AC=MS:1001309	NT=Carbamidomethyl;AC=UNIMOD:4;TA=C;MT=Fixed	not available	not available	not available	not available	not available	not available	not available	not available	00002113___Exp03_01.raw	NT=ms-proteomics;VV=v1.1.0	NT=crosslinking;VV=v1.0.0	NT=vertebrates;VV=v1.1.0
PXD049054_00002455___ALL_1-1_inj01	NT=Mus musculus;AC=NCBITaxon:10090	nuclear extract	embryonic stem cells	191	PXD049054_00002455___ALL_1-1_inj01_assay	proteomic profiling by mass spectrometry	data-dependent acquisition	NT=label free sample;AC=MS:1002038	1	1	not available	NT=Lys-C;AC=MS:1001309	NT=Carbamidomethyl;AC=UNIMOD:4;TA=C;MT=Fixed	not available	not available	not available	not available	not available	not available	not available	not available	00002455___ALL_1-1_inj01.raw	NT=ms-proteomics;VV=v1.1.0	NT=crosslinking;VV=v1.0.0	NT=vertebrates;VV=v1.1.0
PXD049054_00002591___Cont2_1-1_5th_inj01b	NT=Mus musculus;AC=NCBITaxon:10090	nuclear extract	embryonic stem cells	192	PXD049054_00002591___Cont2_1-1_5th_inj01b_assay	proteomic profiling by mass spectrometry	data-dependent acquisition	NT=label free sample;AC=MS:1002038	1	1	not available	NT=Lys-C;AC=MS:1001309	NT=Carbamidomethyl;AC=UNIMOD:4;TA=C;MT=Fixed	not available	not available	not available	not available	not available	not available	not available	not available	00002591___Cont2_1-1_5th_inj01b.raw	NT=ms-proteomics;VV=v1.1.0	NT=crosslinking;VV=v1.0.0	NT=vertebrates;VV=v1.1.0
PXD049054_00002218___Cont3_Biotin_Bead_replicate_02_inj01	Mus musculus	nuclear extract	embryonic stem cells	193	PXD049054_00002218___Cont3_Biotin_Bead_replicate_02_inj01_assay	proteomic profiling by mass spectrometry	data-dependent acquisition	NT=label free sample;AC=MS:1002038	1	02	not available	NT=Lys-C;AC=MS:1001309	NT=Carbamidomethyl;AC=UNIMOD:4;TA=C;MT=Fixed	not available	not available	not available	not available	not available	not available	not available	not available	00002218___Cont3_Biotin_Bead_replicate_02_inj01.raw	NT=ms-proteomics;VV=v1.1.0	NT=crosslinking;VV=v1.0.0	NT=vertebrates;VV=v1.1.0
PXD049054_00002509___ALL_2-3_inj02	NT=Mus musculus;AC=NCBITaxon:10090	nuclear extract	embryonic stem cells	194	PXD049054_00002509___ALL_2-3_inj02_assay	proteomic profiling by mass spectrometry	data-dependent acquisition	NT=label free sample;AC=MS:1002038	1	1	not available	NT=Lys-C;AC=MS:1001309	NT=Carbamidomethyl;AC=UNIMOD:4;TA=C;MT=Fixed	not available	not available	not available	not available	not available	not available	not available	not available	00002509___ALL_2-3_inj02.raw	NT=ms-proteomics;VV=v1.1.0	NT=crosslinking;VV=v1.0.0	NT=vertebrates;VV=v1.1.0
PXD049054_00002559___Cont1_1-3_4th_inj02	NT=Mus musculus;AC=NCBITaxon:10090	nuclear extract	embryonic stem cells	195	PXD049054_00002559___Cont1_1-3_4th_inj02_assay	proteomic profiling by mass spectrometry	data-dependent acquisition	NT=label free sample;AC=MS:1002038	1	1	not available	NT=Lys-C;AC=MS:1001309	NT=Carbamidomethyl;AC=UNIMOD:4;TA=C;MT=Fixed	not available	not available	not available	not available	not available	not available	not available	not available	00002559___Cont1_1-3_4th_inj02.raw	NT=ms-proteomics;VV=v1.1.0	NT=crosslinking;VV=v1.0.0	NT=vertebrates;VV=v1.1.0
PXD049054_00002455___ALL_1-1_inj02	NT=Mus musculus;AC=NCBITaxon:10090	nuclear extract	embryonic stem cells	196	PXD049054_00002455___ALL_1-1_inj02_assay	proteomic profiling by mass spectrometry	data-dependent acquisition	NT=label free sample;AC=MS:1002038	1	1	not available	NT=Lys-C;AC=MS:1001309	NT=Carbamidomethyl;AC=UNIMOD:4;TA=C;MT=Fixed	not available	not available	not available	not available	not available	not available	not available	not available	00002455___ALL_1-1_inj02.raw	NT=ms-proteomics;VV=v1.1.0	NT=crosslinking;VV=v1.0.0	NT=vertebrates;VV=v1.1.0
PXD049054_00002467___Cont2_1-1_inj01	NT=Mus musculus;AC=NCBITaxon:10090	nuclear extract	embryonic stem cells	197	PXD049054_00002467___Cont2_1-1_inj01_assay	proteomic profiling by mass spectrometry	data-dependent acquisition	NT=label free sample;AC=MS:1002038	1	1	not available	NT=Lys-C;AC=MS:1001309	NT=Carbamidomethyl;AC=UNIMOD:4;TA=C;MT=Fixed	not available	not available	not available	not available	not available	not available	not available	not available	00002467___Cont2_1-1_inj01.raw	NT=ms-proteomics;VV=v1.1.0	NT=crosslinking;VV=v1.0.0	NT=vertebrates;VV=v1.1.0
PXD049054_00002521___Cont2_2-3_inj02	NT=Mus musculus;AC=NCBITaxon:10090	nuclear extract	embryonic stem cells	198	PXD049054_00002521___Cont2_2-3_inj02_assay	proteomic profiling by mass spectrometry	data-dependent acquisition	NT=label free sample;AC=MS:1002038	1	1	not available	NT=Lys-C;AC=MS:1001309	NT=Carbamidomethyl;AC=UNIMOD:4;TA=C;MT=Fixed	not available	not available	not available	not available	not available	not available	not available	not available	00002521___Cont2_2-3_inj02.raw	NT=ms-proteomics;VV=v1.1.0	NT=crosslinking;VV=v1.0.0	NT=vertebrates;VV=v1.1.0
PXD049054_00002557___Cont1_1-1_4th_inj02	NT=Mus musculus;AC=NCBITaxon:10090	nuclear extract	embryonic stem cells	199	PXD049054_00002557___Cont1_1-1_4th_inj02_assay	proteomic profiling by mass spectrometry	data-dependent acquisition	NT=label free sample;AC=MS:1002038	1	1	not available	NT=Lys-C;AC=MS:1001309	NT=Carbamidomethyl;AC=UNIMOD:4;TA=C;MT=Fixed	not available	not available	not available	not available	not available	not available	not available	not available	00002557___Cont1_1-1_4th_inj02.raw	NT=ms-proteomics;VV=v1.1.0	NT=crosslinking;VV=v1.0.0	NT=vertebrates;VV=v1.1.0
PXD049054_00002551___ALL_1-1_4th_inj02	NT=Mus musculus;AC=NCBITaxon:10090	nuclear extract	embryonic stem cells	200	PXD049054_00002551___ALL_1-1_4th_inj02_assay	proteomic profiling by mass spectrometry	data-dependent acquisition	NT=label free sample;AC=MS:1002038	1	1	not available	NT=Lys-C;AC=MS:1001309	NT=Carbamidomethyl;AC=UNIMOD:4;TA=C;MT=Fixed	not available	not available	not available	not available	not available	not available	not available	not available	00002551___ALL_1-1_4th_inj02.raw	NT=ms-proteomics;VV=v1.1.0	NT=crosslinking;VV=v1.0.0	NT=vertebrates;VV=v1.1.0
PXD049054_00002571___Cont3_1-3_4th_inj01	NT=Mus musculus;AC=NCBITaxon:10090	nuclear extract	embryonic stem cells	201	PXD049054_00002571___Cont3_1-3_4th_inj01_assay	proteomic profiling by mass spectrometry	data-dependent acquisition	NT=label free sample;AC=MS:1002038	1	1	not available	NT=Lys-C;AC=MS:1001309	NT=Carbamidomethyl;AC=UNIMOD:4;TA=C;MT=Fixed	not available	not available	not available	not available	not available	not available	not available	not available	00002571___Cont3_1-3_4th_inj01.raw	NT=ms-proteomics;VV=v1.1.0	NT=crosslinking;VV=v1.0.0	NT=vertebrates;VV=v1.1.0
PXD049054_00002219___Cont3_Biotin_Bead_replicate_03_inj01	Mus musculus	nuclear extract	embryonic stem cells	202	PXD049054_00002219___Cont3_Biotin_Bead_replicate_03_inj01_assay	proteomic profiling by mass spectrometry	data-dependent acquisition	NT=label free sample;AC=MS:1002038	1	03	not available	NT=Lys-C;AC=MS:1001309	NT=Carbamidomethyl;AC=UNIMOD:4;TA=C;MT=Fixed	not available	not available	not available	not available	not available	not available	not available	not available	00002219___Cont3_Biotin_Bead_replicate_03_inj01.raw	NT=ms-proteomics;VV=v1.1.0	NT=crosslinking;VV=v1.0.0	NT=vertebrates;VV=v1.1.0
PXD049054_00002562___Cont1_2-3_4th_inj01	NT=Mus musculus;AC=NCBITaxon:10090	nuclear extract	embryonic stem cells	203	PXD049054_00002562___Cont1_2-3_4th_inj01_assay	proteomic profiling by mass spectrometry	data-dependent acquisition	NT=label free sample;AC=MS:1002038	1	1	not available	NT=Lys-C;AC=MS:1001309	NT=Carbamidomethyl;AC=UNIMOD:4;TA=C;MT=Fixed	not available	not available	not available	not available	not available	not available	not available	not available	00002562___Cont1_2-3_4th_inj01.raw	NT=ms-proteomics;VV=v1.1.0	NT=crosslinking;VV=v1.0.0	NT=vertebrates;VV=v1.1.0
PXD049054_00002566___Cont2_2-1_4th_inj02	NT=Mus musculus;AC=NCBITaxon:10090	nuclear extract	embryonic stem cells	204	PXD049054_00002566___Cont2_2-1_4th_inj02_assay	proteomic profiling by mass spectrometry	data-dependent acquisition	NT=label free sample;AC=MS:1002038	1	1	not available	NT=Lys-C;AC=MS:1001309	NT=Carbamidomethyl;AC=UNIMOD:4;TA=C;MT=Fixed	not available	not available	not available	not available	not available	not available	not available	not available	00002566___Cont2_2-1_4th_inj02.raw	NT=ms-proteomics;VV=v1.1.0	NT=crosslinking;VV=v1.0.0	NT=vertebrates;VV=v1.1.0
PXD049054_00002506___ALL_1-3_inj02	NT=Mus musculus;AC=NCBITaxon:10090	nuclear extract	embryonic stem cells	205	PXD049054_00002506___ALL_1-3_inj02_assay	proteomic profiling by mass spectrometry	data-dependent acquisition	NT=label free sample;AC=MS:1002038	1	1	not available	NT=Lys-C;AC=MS:1001309	NT=Carbamidomethyl;AC=UNIMOD:4;TA=C;MT=Fixed	not available	not available	not available	not available	not available	not available	not available	not available	00002506___ALL_1-3_inj02.raw	NT=ms-proteomics;VV=v1.1.0	NT=crosslinking;VV=v1.0.0	NT=vertebrates;VV=v1.1.0
PXD049054_00002564___Cont2_1-2_4th_inj01	NT=Mus musculus;AC=NCBITaxon:10090	nuclear extract	embryonic stem cells	206	PXD049054_00002564___Cont2_1-2_4th_inj01_assay	proteomic profiling by mass spectrometry	data-dependent acquisition	NT=label free sample;AC=MS:1002038	1	1	not available	NT=Lys-C;AC=MS:1001309	NT=Carbamidomethyl;AC=UNIMOD:4;TA=C;MT=Fixed	not available	not available	not available	not available	not available	not available	not available	not available	00002564___Cont2_1-2_4th_inj01.raw	NT=ms-proteomics;VV=v1.1.0	NT=crosslinking;VV=v1.0.0	NT=vertebrates;VV=v1.1.0
PXD049054_00002518___Cont2_1-3_inj01	NT=Mus musculus;AC=NCBITaxon:10090	nuclear extract	embryonic stem cells	207	PXD049054_00002518___Cont2_1-3_inj01_assay	proteomic profiling by mass spectrometry	data-dependent acquisition	NT=label free sample;AC=MS:1002038	1	1	not available	NT=Lys-C;AC=MS:1001309	NT=Carbamidomethyl;AC=UNIMOD:4;TA=C;MT=Fixed	not available	not available	not available	not available	not available	not available	not available	not available	00002518___Cont2_1-3_inj01.raw	NT=ms-proteomics;VV=v1.1.0	NT=crosslinking;VV=v1.0.0	NT=vertebrates;VV=v1.1.0
PXD049054_00002554___ALL_2-1_4th_inj01	NT=Mus musculus;AC=NCBITaxon:10090	nuclear extract	embryonic stem cells	208	PXD049054_00002554___ALL_2-1_4th_inj01_assay	proteomic profiling by mass spectrometry	data-dependent acquisition	NT=label free sample;AC=MS:1002038	1	1	not available	NT=Lys-C;AC=MS:1001309	NT=Carbamidomethyl;AC=UNIMOD:4;TA=C;MT=Fixed	not available	not available	not available	not available	not available	not available	not available	not available	00002554___ALL_2-1_4th_inj01.raw	NT=ms-proteomics;VV=v1.1.0	NT=crosslinking;VV=v1.0.0	NT=vertebrates;VV=v1.1.0
PXD049054_00002192___Cont2_Biotin_bead_replicate_04_inj02	Mus musculus	nuclear extract	embryonic stem cells	209	PXD049054_00002192___Cont2_Biotin_bead_replicate_04_inj02_assay	proteomic profiling by mass spectrometry	data-dependent acquisition	NT=label free sample;AC=MS:1002038	1	04	not available	NT=Lys-C;AC=MS:1001309	NT=Carbamidomethyl;AC=UNIMOD:4;TA=C;MT=Fixed	not available	not available	not available	not available	not available	not available	not available	not available	00002192___Cont2_Biotin_bead_replicate_04_inj02.raw	NT=ms-proteomics;VV=v1.1.0	NT=crosslinking;VV=v1.0.0	NT=vertebrates;VV=v1.1.0
PXD049054_00002186___Exp02_Biotin_bead_replicate_01_inj02	Mus musculus	nuclear extract	embryonic stem cells	210	PXD049054_00002186___Exp02_Biotin_bead_replicate_01_inj02_assay	proteomic profiling by mass spectrometry	data-dependent acquisition	NT=label free sample;AC=MS:1002038	1	01	not available	NT=Lys-C;AC=MS:1001309	NT=Carbamidomethyl;AC=UNIMOD:4;TA=C;MT=Fixed	not available	not available	not available	not available	not available	not available	not available	not available	00002186___Exp02_Biotin_bead_replicate_01_inj02.raw	NT=ms-proteomics;VV=v1.1.0	NT=crosslinking;VV=v1.0.0	NT=vertebrates;VV=v1.1.0
PXD049054_00002523___Cont3_1-2_inj01	NT=Mus musculus;AC=NCBITaxon:10090	nuclear extract	embryonic stem cells	211	PXD049054_00002523___Cont3_1-2_inj01_assay	proteomic profiling by mass spectrometry	data-dependent acquisition	NT=label free sample;AC=MS:1002038	1	1	not available	NT=Lys-C;AC=MS:1001309	NT=Carbamidomethyl;AC=UNIMOD:4;TA=C;MT=Fixed	not available	not available	not available	not available	not available	not available	not available	not available	00002523___Cont3_1-2_inj01.raw	NT=ms-proteomics;VV=v1.1.0	NT=crosslinking;VV=v1.0.0	NT=vertebrates;VV=v1.1.0
PXD049054_00002177___Exp01_Bead_replicate_01_inj01	Mus musculus	nuclear extract	embryonic stem cells	212	PXD049054_00002177___Exp01_Bead_replicate_01_inj01_assay	proteomic profiling by mass spectrometry	data-dependent acquisition	NT=label free sample;AC=MS:1002038	1	01	not available	NT=Lys-C;AC=MS:1001309	NT=Carbamidomethyl;AC=UNIMOD:4;TA=C;MT=Fixed	not available	not available	not available	not available	not available	not available	not available	not available	00002177___Exp01_Bead_replicate_01_inj01.raw	NT=ms-proteomics;VV=v1.1.0	NT=crosslinking;VV=v1.0.0	NT=vertebrates;VV=v1.1.0
PXD049054_00002457___ALL_1-3_inj01	NT=Mus musculus;AC=NCBITaxon:10090	nuclear extract	embryonic stem cells	213	PXD049054_00002457___ALL_1-3_inj01_assay	proteomic profiling by mass spectrometry	data-dependent acquisition	NT=label free sample;AC=MS:1002038	1	1	not available	NT=Lys-C;AC=MS:1001309	NT=Carbamidomethyl;AC=UNIMOD:4;TA=C;MT=Fixed	not available	not available	not available	not available	not available	not available	not available	not available	00002457___ALL_1-3_inj01.raw	NT=ms-proteomics;VV=v1.1.0	NT=crosslinking;VV=v1.0.0	NT=vertebrates;VV=v1.1.0
PXD049054_00002462___Cont1_1-2_inj01	NT=Mus musculus;AC=NCBITaxon:10090	nuclear extract	embryonic stem cells	214	PXD049054_00002462___Cont1_1-2_inj01_assay	proteomic profiling by mass spectrometry	data-dependent acquisition	NT=label free sample;AC=MS:1002038	1	1	not available	NT=Lys-C;AC=MS:1001309	NT=Carbamidomethyl;AC=UNIMOD:4;TA=C;MT=Fixed	not available	not available	not available	not available	not available	not available	not available	not available	00002462___Cont1_1-2_inj01.raw	NT=ms-proteomics;VV=v1.1.0	NT=crosslinking;VV=v1.0.0	NT=vertebrates;VV=v1.1.0
PXD049054_00002580___ALL_1-2_5th_inj02	NT=Mus musculus;AC=NCBITaxon:10090	nuclear extract	embryonic stem cells	215	PXD049054_00002580___ALL_1-2_5th_inj02_assay	proteomic profiling by mass spectrometry	data-dependent acquisition	NT=label free sample;AC=MS:1002038	1	1	not available	NT=Lys-C;AC=MS:1001309	NT=Carbamidomethyl;AC=UNIMOD:4;TA=C;MT=Fixed	not available	not available	not available	not available	not available	not available	not available	not available	00002580___ALL_1-2_5th_inj02.raw	NT=ms-proteomics;VV=v1.1.0	NT=crosslinking;VV=v1.0.0	NT=vertebrates;VV=v1.1.0
PXD049054_00002505___ALL_1-2_inj02	NT=Mus musculus;AC=NCBITaxon:10090	nuclear extract	embryonic stem cells	216	PXD049054_00002505___ALL_1-2_inj02_assay	proteomic profiling by mass spectrometry	data-dependent acquisition	NT=label free sample;AC=MS:1002038	1	1	not available	NT=Lys-C;AC=MS:1001309	NT=Carbamidomethyl;AC=UNIMOD:4;TA=C;MT=Fixed	not available	not available	not available	not available	not available	not available	not available	not available	00002505___ALL_1-2_inj02.raw	NT=ms-proteomics;VV=v1.1.0	NT=crosslinking;VV=v1.0.0	NT=vertebrates;VV=v1.1.0
PXD049054_00002563___Cont2_1-1_4th_inj01	NT=Mus musculus;AC=NCBITaxon:10090	nuclear extract	embryonic stem cells	217	PXD049054_00002563___Cont2_1-1_4th_inj01_assay	proteomic profiling by mass spectrometry	data-dependent acquisition	NT=label free sample;AC=MS:1002038	1	1	not available	NT=Lys-C;AC=MS:1001309	NT=Carbamidomethyl;AC=UNIMOD:4;TA=C;MT=Fixed	not available	not available	not available	not available	not available	not available	not available	not available	00002563___Cont2_1-1_4th_inj01.raw	NT=ms-proteomics;VV=v1.1.0	NT=crosslinking;VV=v1.0.0	NT=vertebrates;VV=v1.1.0
PXD049054_00002555___ALL_2-2_4th_inj02	NT=Mus musculus;AC=NCBITaxon:10090	nuclear extract	embryonic stem cells	218	PXD049054_00002555___ALL_2-2_4th_inj02_assay	proteomic profiling by mass spectrometry	data-dependent acquisition	NT=label free sample;AC=MS:1002038	1	1	not available	NT=Lys-C;AC=MS:1001309	NT=Carbamidomethyl;AC=UNIMOD:4;TA=C;MT=Fixed	not available	not available	not available	not available	not available	not available	not available	not available	00002555___ALL_2-2_4th_inj02.raw	NT=ms-proteomics;VV=v1.1.0	NT=crosslinking;VV=v1.0.0	NT=vertebrates;VV=v1.1.0
PXD049054_00002598___Cont3_1-2_5th_inj01	NT=Mus musculus;AC=NCBITaxon:10090	nuclear extract	embryonic stem cells	219	PXD049054_00002598___Cont3_1-2_5th_inj01_assay	proteomic profiling by mass spectrometry	data-dependent acquisition	NT=label free sample;AC=MS:1002038	1	1	not available	NT=Lys-C;AC=MS:1001309	NT=Carbamidomethyl;AC=UNIMOD:4;TA=C;MT=Fixed	not available	not available	not available	not available	not available	not available	not available	not available	00002598___Cont3_1-2_5th_inj01.raw	NT=ms-proteomics;VV=v1.1.0	NT=crosslinking;VV=v1.0.0	NT=vertebrates;VV=v1.1.0
PXD049054_00002214___Cont2_Bead_replicate_02_inj01	Mus musculus	nuclear extract	embryonic stem cells	220	PXD049054_00002214___Cont2_Bead_replicate_02_inj01_assay	proteomic profiling by mass spectrometry	data-dependent acquisition	NT=label free sample;AC=MS:1002038	1	02	not available	NT=Lys-C;AC=MS:1001309	NT=Carbamidomethyl;AC=UNIMOD:4;TA=C;MT=Fixed	not available	not available	not available	not available	not available	not available	not available	not available	00002214___Cont2_Bead_replicate_02_inj01.raw	NT=ms-proteomics;VV=v1.1.0	NT=crosslinking;VV=v1.0.0	NT=vertebrates;VV=v1.1.0
PXD049054_00002458___ALL_2-1_inj02	NT=Mus musculus;AC=NCBITaxon:10090	nuclear extract	embryonic stem cells	221	PXD049054_00002458___ALL_2-1_inj02_assay	proteomic profiling by mass spectrometry	data-dependent acquisition	NT=label free sample;AC=MS:1002038	1	1	not available	NT=Lys-C;AC=MS:1001309	NT=Carbamidomethyl;AC=UNIMOD:4;TA=C;MT=Fixed	not available	not available	not available	not available	not available	not available	not available	not available	00002458___ALL_2-1_inj02.raw	NT=ms-proteomics;VV=v1.1.0	NT=crosslinking;VV=v1.0.0	NT=vertebrates;VV=v1.1.0
PXD049054_00002505___ALL_1-2_inj01	NT=Mus musculus;AC=NCBITaxon:10090	nuclear extract	embryonic stem cells	222	PXD049054_00002505___ALL_1-2_inj01_assay	proteomic profiling by mass spectrometry	data-dependent acquisition	NT=label free sample;AC=MS:1002038	1	1	not available	NT=Lys-C;AC=MS:1001309	NT=Carbamidomethyl;AC=UNIMOD:4;TA=C;MT=Fixed	not available	not available	not available	not available	not available	not available	not available	not available	00002505___ALL_1-2_inj01.raw	NT=ms-proteomics;VV=v1.1.0	NT=crosslinking;VV=v1.0.0	NT=vertebrates;VV=v1.1.0
PXD049054_00002193___Cont3_Bead_replicate_01_inj01	Mus musculus	nuclear extract	embryonic stem cells	223	PXD049054_00002193___Cont3_Bead_replicate_01_inj01_assay	proteomic profiling by mass spectrometry	data-dependent acquisition	NT=label free sample;AC=MS:1002038	1	01	not available	NT=Lys-C;AC=MS:1001309	NT=Carbamidomethyl;AC=UNIMOD:4;TA=C;MT=Fixed	not available	not available	not available	not available	not available	not available	not available	not available	00002193___Cont3_Bead_replicate_01_inj01.raw	NT=ms-proteomics;VV=v1.1.0	NT=crosslinking;VV=v1.0.0	NT=vertebrates;VV=v1.1.0
PXD049054_00002569___Cont3_1-1_4th_inj02	NT=Mus musculus;AC=NCBITaxon:10090	nuclear extract	embryonic stem cells	224	PXD049054_00002569___Cont3_1-1_4th_inj02_assay	proteomic profiling by mass spectrometry	data-dependent acquisition	NT=label free sample;AC=MS:1002038	1	1	not available	NT=Lys-C;AC=MS:1001309	NT=Carbamidomethyl;AC=UNIMOD:4;TA=C;MT=Fixed	not available	not available	not available	not available	not available	not available	not available	not available	00002569___Cont3_1-1_4th_inj02.raw	NT=ms-proteomics;VV=v1.1.0	NT=crosslinking;VV=v1.0.0	NT=vertebrates;VV=v1.1.0
PXD049054_00002586___Cont1_1-2_5th_inj01	NT=Mus musculus;AC=NCBITaxon:10090	nuclear extract	embryonic stem cells	225	PXD049054_00002586___Cont1_1-2_5th_inj01_assay	proteomic profiling by mass spectrometry	data-dependent acquisition	NT=label free sample;AC=MS:1002038	1	1	not available	NT=Lys-C;AC=MS:1001309	NT=Carbamidomethyl;AC=UNIMOD:4;TA=C;MT=Fixed	not available	not available	not available	not available	not available	not available	not available	not available	00002586___Cont1_1-2_5th_inj01.raw	NT=ms-proteomics;VV=v1.1.0	NT=crosslinking;VV=v1.0.0	NT=vertebrates;VV=v1.1.0
PXD049054_00002182___Exp01_Biotin_Bead_replicate_03_inj02	Mus musculus	nuclear extract	embryonic stem cells	226	PXD049054_00002182___Exp01_Biotin_Bead_replicate_03_inj02_assay	proteomic profiling by mass spectrometry	data-dependent acquisition	NT=label free sample;AC=MS:1002038	1	03	not available	NT=Lys-C;AC=MS:1001309	NT=Carbamidomethyl;AC=UNIMOD:4;TA=C;MT=Fixed	not available	not available	not available	not available	not available	not available	not available	not available	00002182___Exp01_Biotin_Bead_replicate_03_inj02.raw	NT=ms-proteomics;VV=v1.1.0	NT=crosslinking;VV=v1.0.0	NT=vertebrates;VV=v1.1.0
PXD049054_00002522___Cont3_1-1_inj02b	NT=Mus musculus;AC=NCBITaxon:10090	nuclear extract	embryonic stem cells	227	PXD049054_00002522___Cont3_1-1_inj02b_assay	proteomic profiling by mass spectrometry	data-dependent acquisition	NT=label free sample;AC=MS:1002038	1	1	not available	NT=Lys-C;AC=MS:1001309	NT=Carbamidomethyl;AC=UNIMOD:4;TA=C;MT=Fixed	not available	not available	not available	not available	not available	not available	not available	not available	00002522___Cont3_1-1_inj02b.raw	NT=ms-proteomics;VV=v1.1.0	NT=crosslinking;VV=v1.0.0	NT=vertebrates;VV=v1.1.0
PXD049054_00002596___Cont2_2-3_5th_inj02	NT=Mus musculus;AC=NCBITaxon:10090	nuclear extract	embryonic stem cells	228	PXD049054_00002596___Cont2_2-3_5th_inj02_assay	proteomic profiling by mass spectrometry	data-dependent acquisition	NT=label free sample;AC=MS:1002038	1	1	not available	NT=Lys-C;AC=MS:1001309	NT=Carbamidomethyl;AC=UNIMOD:4;TA=C;MT=Fixed	not available	not available	not available	not available	not available	not available	not available	not available	00002596___Cont2_2-3_5th_inj02.raw	NT=ms-proteomics;VV=v1.1.0	NT=crosslinking;VV=v1.0.0	NT=vertebrates;VV=v1.1.0
PXD049054_00002471___Cont2_2-2_inj02	NT=Mus musculus;AC=NCBITaxon:10090	nuclear extract	embryonic stem cells	229	PXD049054_00002471___Cont2_2-2_inj02_assay	proteomic profiling by mass spectrometry	data-dependent acquisition	NT=label free sample;AC=MS:1002038	1	1	not available	NT=Lys-C;AC=MS:1001309	NT=Carbamidomethyl;AC=UNIMOD:4;TA=C;MT=Fixed	not available	not available	not available	not available	not available	not available	not available	not available	00002471___Cont2_2-2_inj02.raw	NT=ms-proteomics;VV=v1.1.0	NT=crosslinking;VV=v1.0.0	NT=vertebrates;VV=v1.1.0
PXD049054_00002220___Cont3_Biotin_Bead_replicate_04_inj01	Mus musculus	nuclear extract	embryonic stem cells	230	PXD049054_00002220___Cont3_Biotin_Bead_replicate_04_inj01_assay	proteomic profiling by mass spectrometry	data-dependent acquisition	NT=label free sample;AC=MS:1002038	1	04	not available	NT=Lys-C;AC=MS:1001309	NT=Carbamidomethyl;AC=UNIMOD:4;TA=C;MT=Fixed	not available	not available	not available	not available	not available	not available	not available	not available	00002220___Cont3_Biotin_Bead_replicate_04_inj01.raw	NT=ms-proteomics;VV=v1.1.0	NT=crosslinking;VV=v1.0.0	NT=vertebrates;VV=v1.1.0
PXD049054_00002584___ALL_2-3_5th_inj01	NT=Mus musculus;AC=NCBITaxon:10090	nuclear extract	embryonic stem cells	231	PXD049054_00002584___ALL_2-3_5th_inj01_assay	proteomic profiling by mass spectrometry	data-dependent acquisition	NT=label free sample;AC=MS:1002038	1	1	not available	NT=Lys-C;AC=MS:1001309	NT=Carbamidomethyl;AC=UNIMOD:4;TA=C;MT=Fixed	not available	not available	not available	not available	not available	not available	not available	not available	00002584___ALL_2-3_5th_inj01.raw	NT=ms-proteomics;VV=v1.1.0	NT=crosslinking;VV=v1.0.0	NT=vertebrates;VV=v1.1.0
PXD049054_00002585___Cont1_1-1_5th_inj02	NT=Mus musculus;AC=NCBITaxon:10090	nuclear extract	embryonic stem cells	232	PXD049054_00002585___Cont1_1-1_5th_inj02_assay	proteomic profiling by mass spectrometry	data-dependent acquisition	NT=label free sample;AC=MS:1002038	1	1	not available	NT=Lys-C;AC=MS:1001309	NT=Carbamidomethyl;AC=UNIMOD:4;TA=C;MT=Fixed	not available	not available	not available	not available	not available	not available	not available	not available	00002585___Cont1_1-1_5th_inj02.raw	NT=ms-proteomics;VV=v1.1.0	NT=crosslinking;VV=v1.0.0	NT=vertebrates;VV=v1.1.0
PXD049054_00002196___Cont3_Bead_replicate_04_inj01	Mus musculus	nuclear extract	embryonic stem cells	233	PXD049054_00002196___Cont3_Bead_replicate_04_inj01_assay	proteomic profiling by mass spectrometry	data-dependent acquisition	NT=label free sample;AC=MS:1002038	1	04	not available	NT=Lys-C;AC=MS:1001309	NT=Carbamidomethyl;AC=UNIMOD:4;TA=C;MT=Fixed	not available	not available	not available	not available	not available	not available	not available	not available	00002196___Cont3_Bead_replicate_04_inj01.raw	NT=ms-proteomics;VV=v1.1.0	NT=crosslinking;VV=v1.0.0	NT=vertebrates;VV=v1.1.0
PXD049054_00002587___Cont1_1-3_5th_inj01	NT=Mus musculus;AC=NCBITaxon:10090	nuclear extract	embryonic stem cells	234	PXD049054_00002587___Cont1_1-3_5th_inj01_assay	proteomic profiling by mass spectrometry	data-dependent acquisition	NT=label free sample;AC=MS:1002038	1	1	not available	NT=Lys-C;AC=MS:1001309	NT=Carbamidomethyl;AC=UNIMOD:4;TA=C;MT=Fixed	not available	not available	not available	not available	not available	not available	not available	not available	00002587___Cont1_1-3_5th_inj01.raw	NT=ms-proteomics;VV=v1.1.0	NT=crosslinking;VV=v1.0.0	NT=vertebrates;VV=v1.1.0
PXD049054_00002551___ALL_1-1_4th_inj01	NT=Mus musculus;AC=NCBITaxon:10090	nuclear extract	embryonic stem cells	235	PXD049054_00002551___ALL_1-1_4th_inj01_assay	proteomic profiling by mass spectrometry	data-dependent acquisition	NT=label free sample;AC=MS:1002038	1	1	not available	NT=Lys-C;AC=MS:1001309	NT=Carbamidomethyl;AC=UNIMOD:4;TA=C;MT=Fixed	not available	not available	not available	not available	not available	not available	not available	not available	00002551___ALL_1-1_4th_inj01.raw	NT=ms-proteomics;VV=v1.1.0	NT=crosslinking;VV=v1.0.0	NT=vertebrates;VV=v1.1.0
PXD049054_00002218___Cont3_Biotin_Bead_replicate_02_inj02	Mus musculus	nuclear extract	embryonic stem cells	236	PXD049054_00002218___Cont3_Biotin_Bead_replicate_02_inj02_assay	proteomic profiling by mass spectrometry	data-dependent acquisition	NT=label free sample;AC=MS:1002038	1	02	not available	NT=Lys-C;AC=MS:1001309	NT=Carbamidomethyl;AC=UNIMOD:4;TA=C;MT=Fixed	not available	not available	not available	not available	not available	not available	not available	not available	00002218___Cont3_Biotin_Bead_replicate_02_inj02.raw	NT=ms-proteomics;VV=v1.1.0	NT=crosslinking;VV=v1.0.0	NT=vertebrates;VV=v1.1.0
PXD049054_00002186___Exp02_Biotin_bead_replicate_01_inj01	Mus musculus	nuclear extract	embryonic stem cells	237	PXD049054_00002186___Exp02_Biotin_bead_replicate_01_inj01_assay	proteomic profiling by mass spectrometry	data-dependent acquisition	NT=label free sample;AC=MS:1002038	1	01	not available	NT=Lys-C;AC=MS:1001309	NT=Carbamidomethyl;AC=UNIMOD:4;TA=C;MT=Fixed	not available	not available	not available	not available	not available	not available	not available	not available	00002186___Exp02_Biotin_bead_replicate_01_inj01.raw	NT=ms-proteomics;VV=v1.1.0	NT=crosslinking;VV=v1.0.0	NT=vertebrates;VV=v1.1.0
PXD049054_00002507___ALL_2-1_inj02	NT=Mus musculus;AC=NCBITaxon:10090	nuclear extract	embryonic stem cells	238	PXD049054_00002507___ALL_2-1_inj02_assay	proteomic profiling by mass spectrometry	data-dependent acquisition	NT=label free sample;AC=MS:1002038	1	1	not available	NT=Lys-C;AC=MS:1001309	NT=Carbamidomethyl;AC=UNIMOD:4;TA=C;MT=Fixed	not available	not available	not available	not available	not available	not available	not available	not available	00002507___ALL_2-1_inj02.raw	NT=ms-proteomics;VV=v1.1.0	NT=crosslinking;VV=v1.0.0	NT=vertebrates;VV=v1.1.0
PXD049054_00002456___ALL_1-2_inj02	NT=Mus musculus;AC=NCBITaxon:10090	nuclear extract	embryonic stem cells	239	PXD049054_00002456___ALL_1-2_inj02_assay	proteomic profiling by mass spectrometry	data-dependent acquisition	NT=label free sample;AC=MS:1002038	1	1	not available	NT=Lys-C;AC=MS:1001309	NT=Carbamidomethyl;AC=UNIMOD:4;TA=C;MT=Fixed	not available	not available	not available	not available	not available	not available	not available	not available	00002456___ALL_1-2_inj02.raw	NT=ms-proteomics;VV=v1.1.0	NT=crosslinking;VV=v1.0.0	NT=vertebrates;VV=v1.1.0
PXD049054_00002579___ALL_1-1_5th_inj01	NT=Mus musculus;AC=NCBITaxon:10090	nuclear extract	embryonic stem cells	240	PXD049054_00002579___ALL_1-1_5th_inj01_assay	proteomic profiling by mass spectrometry	data-dependent acquisition	NT=label free sample;AC=MS:1002038	1	1	not available	NT=Lys-C;AC=MS:1001309	NT=Carbamidomethyl;AC=UNIMOD:4;TA=C;MT=Fixed	not available	not available	not available	not available	not available	not available	not available	not available	00002579___ALL_1-1_5th_inj01.raw	NT=ms-proteomics;VV=v1.1.0	NT=crosslinking;VV=v1.0.0	NT=vertebrates;VV=v1.1.0
PXD049054_00002111___Exp01_01	NT=Mus musculus;AC=NCBITaxon:10090	nuclear extract	embryonic stem cells	241	PXD049054_00002111___Exp01_01_assay	proteomic profiling by mass spectrometry	data-dependent acquisition	NT=label free sample;AC=MS:1002038	1	1	not available	NT=Lys-C;AC=MS:1001309	NT=Carbamidomethyl;AC=UNIMOD:4;TA=C;MT=Fixed	not available	not available	not available	not available	not available	not available	not available	not available	00002111___Exp01_01.raw	NT=ms-proteomics;VV=v1.1.0	NT=crosslinking;VV=v1.0.0	NT=vertebrates;VV=v1.1.0
PXD049054_00002523___Cont3_1-2_inj02	NT=Mus musculus;AC=NCBITaxon:10090	nuclear extract	embryonic stem cells	242	PXD049054_00002523___Cont3_1-2_inj02_assay	proteomic profiling by mass spectrometry	data-dependent acquisition	NT=label free sample;AC=MS:1002038	1	1	not available	NT=Lys-C;AC=MS:1001309	NT=Carbamidomethyl;AC=UNIMOD:4;TA=C;MT=Fixed	not available	not available	not available	not available	not available	not available	not available	not available	00002523___Cont3_1-2_inj02.raw	NT=ms-proteomics;VV=v1.1.0	NT=crosslinking;VV=v1.0.0	NT=vertebrates;VV=v1.1.0
PXD049054_00002584___ALL_2-3_5th_inj02	NT=Mus musculus;AC=NCBITaxon:10090	nuclear extract	embryonic stem cells	243	PXD049054_00002584___ALL_2-3_5th_inj02_assay	proteomic profiling by mass spectrometry	data-dependent acquisition	NT=label free sample;AC=MS:1002038	1	1	not available	NT=Lys-C;AC=MS:1001309	NT=Carbamidomethyl;AC=UNIMOD:4;TA=C;MT=Fixed	not available	not available	not available	not available	not available	not available	not available	not available	00002584___ALL_2-3_5th_inj02.raw	NT=ms-proteomics;VV=v1.1.0	NT=crosslinking;VV=v1.0.0	NT=vertebrates;VV=v1.1.0
PXD049054_00002464___Cont1_2-1_inj02	NT=Mus musculus;AC=NCBITaxon:10090	nuclear extract	embryonic stem cells	244	PXD049054_00002464___Cont1_2-1_inj02_assay	proteomic profiling by mass spectrometry	data-dependent acquisition	NT=label free sample;AC=MS:1002038	1	1	not available	NT=Lys-C;AC=MS:1001309	NT=Carbamidomethyl;AC=UNIMOD:4;TA=C;MT=Fixed	not available	not available	not available	not available	not available	not available	not available	not available	00002464___Cont1_2-1_inj02.raw	NT=ms-proteomics;VV=v1.1.0	NT=crosslinking;VV=v1.0.0	NT=vertebrates;VV=v1.1.0
