source name	characteristics[organism]	characteristics[organism part]	characteristics[cell type]	characteristics[biological replicate]	assay name	technology type	comment[proteomics data acquisition method]	comment[label]	comment[fraction identifier]	comment[technical replicate]	comment[instrument]	comment[cleavage agent details]	comment[modification parameters]	comment[modification parameters]	comment[collision energy]	comment[dissociation method]	comment[cross-linker]	comment[crosslink enrichment method]	comment[crosslinker concentration]	comment[crosslinker to protein ratio]	comment[crosslinking reaction time]	comment[crosslinking temperature]	comment[data file]	comment[sdrf template]	comment[sdrf template]	comment[sdrf template]
PXD030532_XL_Lys_IT_R1_SCX_10	NT=Homo sapiens;AC=NCBITaxon:9606	lysosomes and early endosomes	not available	1	PXD030532_XL_Lys_IT_R1_SCX_10_assay	proteomic profiling by mass spectrometry	data-dependent acquisition	NT=label free sample;AC=MS:1002038	10	1	not available	not available	NT=Carbamidomethyl;AC=UNIMOD:4;TA=C;MT=Fixed	NT=Oxidation;AC=UNIMOD:21;TA=M;MT=Variable	not available	not available	NT=DSSO;AC=XLMOD:02126;CL=yes;TA=K,S,T,Y,nterm;MH=54.01;ML=85.98	not available	0.25 mM	not available	not available	not available	XL_Lys_IT_R1_SCX_10.raw	NT=ms-proteomics;VV=v1.1.0	NT=crosslinking;VV=v1.0.0	NT=human;VV=v1.1.0
PXD030532_XL_Lys_IT_R3_SCX_5	NT=Homo sapiens;AC=NCBITaxon:9606	lysosomes and early endosomes	not available	1	PXD030532_XL_Lys_IT_R3_SCX_5_assay	proteomic profiling by mass spectrometry	data-dependent acquisition	NT=label free sample;AC=MS:1002038	5	1	not available	not available	NT=Carbamidomethyl;AC=UNIMOD:4;TA=C;MT=Fixed	NT=Oxidation;AC=UNIMOD:21;TA=M;MT=Variable	not available	not available	NT=DSSO;AC=XLMOD:02126;CL=yes;TA=K,S,T,Y,nterm;MH=54.01;ML=85.98	not available	0.25 mM	not available	not available	not available	XL_Lys_IT_R3_SCX_5.raw	NT=ms-proteomics;VV=v1.1.0	NT=crosslinking;VV=v1.0.0	NT=human;VV=v1.1.0
PXD030532_XL_Lys_DR_R3_SCX_10	NT=Homo sapiens;AC=NCBITaxon:9606	lysosomes and early endosomes	not available	2	PXD030532_XL_Lys_DR_R3_SCX_10_assay	proteomic profiling by mass spectrometry	data-dependent acquisition	NT=label free sample;AC=MS:1002038	10	1	not available	not available	NT=Carbamidomethyl;AC=UNIMOD:4;TA=C;MT=Fixed	NT=Oxidation;AC=UNIMOD:21;TA=M;MT=Variable	not available	not available	NT=DSSO;AC=XLMOD:02126;CL=yes;TA=K,S,T,Y,nterm;MH=54.01;ML=85.98	not available	0.25 mM	not available	not available	not available	XL_Lys_DR_R3_SCX_10.raw	NT=ms-proteomics;VV=v1.1.0	NT=crosslinking;VV=v1.0.0	NT=human;VV=v1.1.0
PXD030532_XL_Lys_IT_R1_SCX_13	NT=Homo sapiens;AC=NCBITaxon:9606	lysosomes and early endosomes	not available	1	PXD030532_XL_Lys_IT_R1_SCX_13_assay	proteomic profiling by mass spectrometry	data-dependent acquisition	NT=label free sample;AC=MS:1002038	13	1	not available	not available	NT=Carbamidomethyl;AC=UNIMOD:4;TA=C;MT=Fixed	NT=Oxidation;AC=UNIMOD:21;TA=M;MT=Variable	not available	not available	NT=DSSO;AC=XLMOD:02126;CL=yes;TA=K,S,T,Y,nterm;MH=54.01;ML=85.98	not available	0.25 mM	not available	not available	not available	XL_Lys_IT_R1_SCX_13.raw	NT=ms-proteomics;VV=v1.1.0	NT=crosslinking;VV=v1.0.0	NT=human;VV=v1.1.0
PXD030532_XL_Lys_IT_R2_SCX_10	NT=Homo sapiens;AC=NCBITaxon:9606	lysosomes and early endosomes	not available	3	PXD030532_XL_Lys_IT_R2_SCX_10_assay	proteomic profiling by mass spectrometry	data-dependent acquisition	NT=label free sample;AC=MS:1002038	10	1	not available	not available	NT=Carbamidomethyl;AC=UNIMOD:4;TA=C;MT=Fixed	NT=Oxidation;AC=UNIMOD:21;TA=M;MT=Variable	not available	not available	NT=DSSO;AC=XLMOD:02126;CL=yes;TA=K,S,T,Y,nterm;MH=54.01;ML=85.98	not available	0.25 mM	not available	not available	not available	XL_Lys_IT_R2_SCX_10.raw	NT=ms-proteomics;VV=v1.1.0	NT=crosslinking;VV=v1.0.0	NT=human;VV=v1.1.0
PXD030532_FLOT_XL_SCX_5_R2	NT=Homo sapiens;AC=NCBITaxon:9606	lysosomes and early endosomes	not available	2	PXD030532_FLOT_XL_SCX_5_R2_assay	proteomic profiling by mass spectrometry	data-dependent acquisition	NT=label free sample;AC=MS:1002038	5	1	not available	not available	NT=Carbamidomethyl;AC=UNIMOD:4;TA=C;MT=Fixed	NT=Oxidation;AC=UNIMOD:21;TA=M;MT=Variable	not available	not available	NT=DSSO;AC=XLMOD:02126;CL=yes;TA=K,S,T,Y,nterm;MH=54.01;ML=85.98	not available	0.25 mM	not available	not available	not available	FLOT_XL_SCX_5_R2.raw	NT=ms-proteomics;VV=v1.1.0	NT=crosslinking;VV=v1.0.0	NT=human;VV=v1.1.0
PXD030532_XL_Lys_IT_R2_SCX_6	NT=Homo sapiens;AC=NCBITaxon:9606	lysosomes and early endosomes	not available	1	PXD030532_XL_Lys_IT_R2_SCX_6_assay	proteomic profiling by mass spectrometry	data-dependent acquisition	NT=label free sample;AC=MS:1002038	6	1	not available	not available	NT=Carbamidomethyl;AC=UNIMOD:4;TA=C;MT=Fixed	NT=Oxidation;AC=UNIMOD:21;TA=M;MT=Variable	not available	not available	NT=DSSO;AC=XLMOD:02126;CL=yes;TA=K,S,T,Y,nterm;MH=54.01;ML=85.98	not available	0.25 mM	not available	not available	not available	XL_Lys_IT_R2_SCX_6.raw	NT=ms-proteomics;VV=v1.1.0	NT=crosslinking;VV=v1.0.0	NT=human;VV=v1.1.0
PXD030532_XL_Lys_DR_R3_SCX_15	NT=Homo sapiens;AC=NCBITaxon:9606	lysosomes and early endosomes	not available	1	PXD030532_XL_Lys_DR_R3_SCX_15_assay	proteomic profiling by mass spectrometry	data-dependent acquisition	NT=label free sample;AC=MS:1002038	15	1	not available	not available	NT=Carbamidomethyl;AC=UNIMOD:4;TA=C;MT=Fixed	NT=Oxidation;AC=UNIMOD:21;TA=M;MT=Variable	not available	not available	NT=DSSO;AC=XLMOD:02126;CL=yes;TA=K,S,T,Y,nterm;MH=54.01;ML=85.98	not available	0.25 mM	not available	not available	not available	XL_Lys_DR_R3_SCX_15.raw	NT=ms-proteomics;VV=v1.1.0	NT=crosslinking;VV=v1.0.0	NT=human;VV=v1.1.0
PXD030532_XL_Lys_IT_R3_SCX_2	NT=Homo sapiens;AC=NCBITaxon:9606	lysosomes and early endosomes	not available	1	PXD030532_XL_Lys_IT_R3_SCX_2_assay	proteomic profiling by mass spectrometry	data-dependent acquisition	NT=label free sample;AC=MS:1002038	2	1	not available	not available	NT=Carbamidomethyl;AC=UNIMOD:4;TA=C;MT=Fixed	NT=Oxidation;AC=UNIMOD:21;TA=M;MT=Variable	not available	not available	NT=DSSO;AC=XLMOD:02126;CL=yes;TA=K,S,T,Y,nterm;MH=54.01;ML=85.98	not available	0.25 mM	not available	not available	not available	XL_Lys_IT_R3_SCX_2.raw	NT=ms-proteomics;VV=v1.1.0	NT=crosslinking;VV=v1.0.0	NT=human;VV=v1.1.0
PXD030532_XL_Lys_IT_R1_SCX_5	NT=Homo sapiens;AC=NCBITaxon:9606	lysosomes and early endosomes	not available	3	PXD030532_XL_Lys_IT_R1_SCX_5_assay	proteomic profiling by mass spectrometry	data-dependent acquisition	NT=label free sample;AC=MS:1002038	5	1	not available	not available	NT=Carbamidomethyl;AC=UNIMOD:4;TA=C;MT=Fixed	NT=Oxidation;AC=UNIMOD:21;TA=M;MT=Variable	not available	not available	NT=DSSO;AC=XLMOD:02126;CL=yes;TA=K,S,T,Y,nterm;MH=54.01;ML=85.98	not available	0.25 mM	not available	not available	not available	XL_Lys_IT_R1_SCX_5.raw	NT=ms-proteomics;VV=v1.1.0	NT=crosslinking;VV=v1.0.0	NT=human;VV=v1.1.0
PXD030532_XL_Lys_IT_R3_SCX_9	NT=Homo sapiens;AC=NCBITaxon:9606	lysosomes and early endosomes	not available	1	PXD030532_XL_Lys_IT_R3_SCX_9_assay	proteomic profiling by mass spectrometry	data-dependent acquisition	NT=label free sample;AC=MS:1002038	9	1	not available	not available	NT=Carbamidomethyl;AC=UNIMOD:4;TA=C;MT=Fixed	NT=Oxidation;AC=UNIMOD:21;TA=M;MT=Variable	not available	not available	NT=DSSO;AC=XLMOD:02126;CL=yes;TA=K,S,T,Y,nterm;MH=54.01;ML=85.98	not available	0.25 mM	not available	not available	not available	XL_Lys_IT_R3_SCX_9.raw	NT=ms-proteomics;VV=v1.1.0	NT=crosslinking;VV=v1.0.0	NT=human;VV=v1.1.0
PXD030532_XL_Lys_IT_R3_SCX_11	NT=Homo sapiens;AC=NCBITaxon:9606	lysosomes and early endosomes	not available	1	PXD030532_XL_Lys_IT_R3_SCX_11_assay	proteomic profiling by mass spectrometry	data-dependent acquisition	NT=label free sample;AC=MS:1002038	11	1	not available	not available	NT=Carbamidomethyl;AC=UNIMOD:4;TA=C;MT=Fixed	NT=Oxidation;AC=UNIMOD:21;TA=M;MT=Variable	not available	not available	NT=DSSO;AC=XLMOD:02126;CL=yes;TA=K,S,T,Y,nterm;MH=54.01;ML=85.98	not available	0.25 mM	not available	not available	not available	XL_Lys_IT_R3_SCX_11.raw	NT=ms-proteomics;VV=v1.1.0	NT=crosslinking;VV=v1.0.0	NT=human;VV=v1.1.0
PXD030532_XL_Lys_DR_R1_SCX_1	NT=Homo sapiens;AC=NCBITaxon:9606	lysosomes and early endosomes	not available	1	PXD030532_XL_Lys_DR_R1_SCX_1_assay	proteomic profiling by mass spectrometry	data-dependent acquisition	NT=label free sample;AC=MS:1002038	1	1	not available	not available	NT=Carbamidomethyl;AC=UNIMOD:4;TA=C;MT=Fixed	NT=Oxidation;AC=UNIMOD:21;TA=M;MT=Variable	not available	not available	NT=DSSO;AC=XLMOD:02126;CL=yes;TA=K,S,T,Y,nterm;MH=54.01;ML=85.98	not available	0.25 mM	not available	not available	not available	XL_Lys_DR_R1_SCX_1.raw	NT=ms-proteomics;VV=v1.1.0	NT=crosslinking;VV=v1.0.0	NT=human;VV=v1.1.0
PXD030532_XL_Lys_IT_R3_SCX_16	NT=Homo sapiens;AC=NCBITaxon:9606	lysosomes and early endosomes	not available	1	PXD030532_XL_Lys_IT_R3_SCX_16_assay	proteomic profiling by mass spectrometry	data-dependent acquisition	NT=label free sample;AC=MS:1002038	16	1	not available	not available	NT=Carbamidomethyl;AC=UNIMOD:4;TA=C;MT=Fixed	NT=Oxidation;AC=UNIMOD:21;TA=M;MT=Variable	not available	not available	NT=DSSO;AC=XLMOD:02126;CL=yes;TA=K,S,T,Y,nterm;MH=54.01;ML=85.98	not available	0.25 mM	not available	not available	not available	XL_Lys_IT_R3_SCX_16.raw	NT=ms-proteomics;VV=v1.1.0	NT=crosslinking;VV=v1.0.0	NT=human;VV=v1.1.0
PXD030532_FLOT_XL_SCX_17_R2	NT=Homo sapiens;AC=NCBITaxon:9606	lysosomes and early endosomes	not available	1	PXD030532_FLOT_XL_SCX_17_R2_assay	proteomic profiling by mass spectrometry	data-dependent acquisition	NT=label free sample;AC=MS:1002038	17	1	not available	not available	NT=Carbamidomethyl;AC=UNIMOD:4;TA=C;MT=Fixed	NT=Oxidation;AC=UNIMOD:21;TA=M;MT=Variable	not available	not available	NT=DSSO;AC=XLMOD:02126;CL=yes;TA=K,S,T,Y,nterm;MH=54.01;ML=85.98	not available	0.25 mM	not available	not available	not available	FLOT_XL_SCX_17_R2.raw	NT=ms-proteomics;VV=v1.1.0	NT=crosslinking;VV=v1.0.0	NT=human;VV=v1.1.0
PXD030532_XL_Lys_IT_R1_SCX_6	NT=Homo sapiens;AC=NCBITaxon:9606	lysosomes and early endosomes	not available	2	PXD030532_XL_Lys_IT_R1_SCX_6_assay	proteomic profiling by mass spectrometry	data-dependent acquisition	NT=label free sample;AC=MS:1002038	6	1	not available	not available	NT=Carbamidomethyl;AC=UNIMOD:4;TA=C;MT=Fixed	NT=Oxidation;AC=UNIMOD:21;TA=M;MT=Variable	not available	not available	NT=DSSO;AC=XLMOD:02126;CL=yes;TA=K,S,T,Y,nterm;MH=54.01;ML=85.98	not available	0.25 mM	not available	not available	not available	XL_Lys_IT_R1_SCX_6.raw	NT=ms-proteomics;VV=v1.1.0	NT=crosslinking;VV=v1.0.0	NT=human;VV=v1.1.0
PXD030532_FLOT_XL_SCX_10_R1	NT=Homo sapiens;AC=NCBITaxon:9606	lysosomes and early endosomes	not available	4	PXD030532_FLOT_XL_SCX_10_R1_assay	proteomic profiling by mass spectrometry	data-dependent acquisition	NT=label free sample;AC=MS:1002038	10	1	not available	not available	NT=Carbamidomethyl;AC=UNIMOD:4;TA=C;MT=Fixed	NT=Oxidation;AC=UNIMOD:21;TA=M;MT=Variable	not available	not available	NT=DSSO;AC=XLMOD:02126;CL=yes;TA=K,S,T,Y,nterm;MH=54.01;ML=85.98	not available	0.25 mM	not available	not available	not available	FLOT_XL_SCX_10_R1.raw	NT=ms-proteomics;VV=v1.1.0	NT=crosslinking;VV=v1.0.0	NT=human;VV=v1.1.0
PXD030532_JS3_114_1_SPIONs_IP_DDA	Homo sapiens	lysosomes and early endosomes	not available	2	PXD030532_JS3_114_1_SPIONs_IP_DDA_assay	proteomic profiling by mass spectrometry	data-dependent acquisition	NT=label free sample;AC=MS:1002038	1	1	not available	not available	NT=Carbamidomethyl;AC=UNIMOD:4;TA=C;MT=Fixed	NT=Oxidation;AC=UNIMOD:21;TA=M;MT=Variable	not available	not available	NT=DSSO;AC=XLMOD:02126;CL=yes;TA=K,S,T,Y,nterm;MH=54.01;ML=85.98	not available	0.25 mM	not available	not available	not available	JS3_114_1_SPIONs_IP_DDA.raw	NT=ms-proteomics;VV=v1.1.0	NT=crosslinking;VV=v1.0.0	NT=human;VV=v1.1.0
PXD030532_JS3_114_3_GFP_DIA_R1	Homo sapiens	lysosomes and early endosomes	not available	3	PXD030532_JS3_114_3_GFP_DIA_R1_assay	proteomic profiling by mass spectrometry	data-dependent acquisition	NT=label free sample;AC=MS:1002038	1	1	not available	not available	NT=Carbamidomethyl;AC=UNIMOD:4;TA=C;MT=Fixed	NT=Oxidation;AC=UNIMOD:21;TA=M;MT=Variable	not available	not available	NT=DSSO;AC=XLMOD:02126;CL=yes;TA=K,S,T,Y,nterm;MH=54.01;ML=85.98	not available	0.25 mM	not available	not available	not available	JS3_114_3_GFP_DIA_R1.raw	NT=ms-proteomics;VV=v1.1.0	NT=crosslinking;VV=v1.0.0	NT=human;VV=v1.1.0
PXD030532_XL_Lys_DR_R1_SCX_8	NT=Homo sapiens;AC=NCBITaxon:9606	lysosomes and early endosomes	not available	1	PXD030532_XL_Lys_DR_R1_SCX_8_assay	proteomic profiling by mass spectrometry	data-dependent acquisition	NT=label free sample;AC=MS:1002038	8	1	not available	not available	NT=Carbamidomethyl;AC=UNIMOD:4;TA=C;MT=Fixed	NT=Oxidation;AC=UNIMOD:21;TA=M;MT=Variable	not available	not available	NT=DSSO;AC=XLMOD:02126;CL=yes;TA=K,S,T,Y,nterm;MH=54.01;ML=85.98	not available	0.25 mM	not available	not available	not available	XL_Lys_DR_R1_SCX_8.raw	NT=ms-proteomics;VV=v1.1.0	NT=crosslinking;VV=v1.0.0	NT=human;VV=v1.1.0
PXD030532_XL_Lys_DR_R3_SCX_5	NT=Homo sapiens;AC=NCBITaxon:9606	lysosomes and early endosomes	not available	4	PXD030532_XL_Lys_DR_R3_SCX_5_assay	proteomic profiling by mass spectrometry	data-dependent acquisition	NT=label free sample;AC=MS:1002038	5	1	not available	not available	NT=Carbamidomethyl;AC=UNIMOD:4;TA=C;MT=Fixed	NT=Oxidation;AC=UNIMOD:21;TA=M;MT=Variable	not available	not available	NT=DSSO;AC=XLMOD:02126;CL=yes;TA=K,S,T,Y,nterm;MH=54.01;ML=85.98	not available	0.25 mM	not available	not available	not available	XL_Lys_DR_R3_SCX_5.raw	NT=ms-proteomics;VV=v1.1.0	NT=crosslinking;VV=v1.0.0	NT=human;VV=v1.1.0
PXD030532_FLOT_XL_SCX_13_R2	NT=Homo sapiens;AC=NCBITaxon:9606	lysosomes and early endosomes	not available	2	PXD030532_FLOT_XL_SCX_13_R2_assay	proteomic profiling by mass spectrometry	data-dependent acquisition	NT=label free sample;AC=MS:1002038	13	1	not available	not available	NT=Carbamidomethyl;AC=UNIMOD:4;TA=C;MT=Fixed	NT=Oxidation;AC=UNIMOD:21;TA=M;MT=Variable	not available	not available	NT=DSSO;AC=XLMOD:02126;CL=yes;TA=K,S,T,Y,nterm;MH=54.01;ML=85.98	not available	0.25 mM	not available	not available	not available	FLOT_XL_SCX_13_R2.raw	NT=ms-proteomics;VV=v1.1.0	NT=crosslinking;VV=v1.0.0	NT=human;VV=v1.1.0
PXD030532_FLOT_XL_SCX_18_R2	NT=Homo sapiens;AC=NCBITaxon:9606	lysosomes and early endosomes	not available	1	PXD030532_FLOT_XL_SCX_18_R2_assay	proteomic profiling by mass spectrometry	data-dependent acquisition	NT=label free sample;AC=MS:1002038	18	1	not available	not available	NT=Carbamidomethyl;AC=UNIMOD:4;TA=C;MT=Fixed	NT=Oxidation;AC=UNIMOD:21;TA=M;MT=Variable	not available	not available	NT=DSSO;AC=XLMOD:02126;CL=yes;TA=K,S,T,Y,nterm;MH=54.01;ML=85.98	not available	0.25 mM	not available	not available	not available	FLOT_XL_SCX_18_R2.raw	NT=ms-proteomics;VV=v1.1.0	NT=crosslinking;VV=v1.0.0	NT=human;VV=v1.1.0
PXD030532_FLOT_XL_SCX_2_R1	NT=Homo sapiens;AC=NCBITaxon:9606	lysosomes and early endosomes	not available	2	PXD030532_FLOT_XL_SCX_2_R1_assay	proteomic profiling by mass spectrometry	data-dependent acquisition	NT=label free sample;AC=MS:1002038	2	1	not available	not available	NT=Carbamidomethyl;AC=UNIMOD:4;TA=C;MT=Fixed	NT=Oxidation;AC=UNIMOD:21;TA=M;MT=Variable	not available	not available	NT=DSSO;AC=XLMOD:02126;CL=yes;TA=K,S,T,Y,nterm;MH=54.01;ML=85.98	not available	0.25 mM	not available	not available	not available	FLOT_XL_SCX_2_R1.raw	NT=ms-proteomics;VV=v1.1.0	NT=crosslinking;VV=v1.0.0	NT=human;VV=v1.1.0
PXD030532_XL_Lys_DR_R1_SCX_20	NT=Homo sapiens;AC=NCBITaxon:9606	lysosomes and early endosomes	not available	1	PXD030532_XL_Lys_DR_R1_SCX_20_assay	proteomic profiling by mass spectrometry	data-dependent acquisition	NT=label free sample;AC=MS:1002038	20	1	not available	not available	NT=Carbamidomethyl;AC=UNIMOD:4;TA=C;MT=Fixed	NT=Oxidation;AC=UNIMOD:21;TA=M;MT=Variable	not available	not available	NT=DSSO;AC=XLMOD:02126;CL=yes;TA=K,S,T,Y,nterm;MH=54.01;ML=85.98	not available	0.25 mM	not available	not available	not available	XL_Lys_DR_R1_SCX_20.raw	NT=ms-proteomics;VV=v1.1.0	NT=crosslinking;VV=v1.0.0	NT=human;VV=v1.1.0
PXD030532_XL_Lys_DR_R1_SCX_2	NT=Homo sapiens;AC=NCBITaxon:9606	lysosomes and early endosomes	not available	3	PXD030532_XL_Lys_DR_R1_SCX_2_assay	proteomic profiling by mass spectrometry	data-dependent acquisition	NT=label free sample;AC=MS:1002038	2	1	not available	not available	NT=Carbamidomethyl;AC=UNIMOD:4;TA=C;MT=Fixed	NT=Oxidation;AC=UNIMOD:21;TA=M;MT=Variable	not available	not available	NT=DSSO;AC=XLMOD:02126;CL=yes;TA=K,S,T,Y,nterm;MH=54.01;ML=85.98	not available	0.25 mM	not available	not available	not available	XL_Lys_DR_R1_SCX_2.raw	NT=ms-proteomics;VV=v1.1.0	NT=crosslinking;VV=v1.0.0	NT=human;VV=v1.1.0
PXD030532_XL_Lys_IT_R1_SCX_20	NT=Homo sapiens;AC=NCBITaxon:9606	lysosomes and early endosomes	not available	2	PXD030532_XL_Lys_IT_R1_SCX_20_assay	proteomic profiling by mass spectrometry	data-dependent acquisition	NT=label free sample;AC=MS:1002038	20	1	not available	not available	NT=Carbamidomethyl;AC=UNIMOD:4;TA=C;MT=Fixed	NT=Oxidation;AC=UNIMOD:21;TA=M;MT=Variable	not available	not available	NT=DSSO;AC=XLMOD:02126;CL=yes;TA=K,S,T,Y,nterm;MH=54.01;ML=85.98	not available	0.25 mM	not available	not available	not available	XL_Lys_IT_R1_SCX_20.raw	NT=ms-proteomics;VV=v1.1.0	NT=crosslinking;VV=v1.0.0	NT=human;VV=v1.1.0
PXD030532_JS3_114_3_GFP_DIA_R3	Homo sapiens	lysosomes and early endosomes	not available	4	PXD030532_JS3_114_3_GFP_DIA_R3_assay	proteomic profiling by mass spectrometry	data-dependent acquisition	NT=label free sample;AC=MS:1002038	1	1	not available	not available	NT=Carbamidomethyl;AC=UNIMOD:4;TA=C;MT=Fixed	NT=Oxidation;AC=UNIMOD:21;TA=M;MT=Variable	not available	not available	NT=DSSO;AC=XLMOD:02126;CL=yes;TA=K,S,T,Y,nterm;MH=54.01;ML=85.98	not available	0.25 mM	not available	not available	not available	JS3_114_3_GFP_DIA_R3.raw	NT=ms-proteomics;VV=v1.1.0	NT=crosslinking;VV=v1.0.0	NT=human;VV=v1.1.0
PXD030532_XL_Lys_DR_R3_SCX_9	NT=Homo sapiens;AC=NCBITaxon:9606	lysosomes and early endosomes	not available	2	PXD030532_XL_Lys_DR_R3_SCX_9_assay	proteomic profiling by mass spectrometry	data-dependent acquisition	NT=label free sample;AC=MS:1002038	9	1	not available	not available	NT=Carbamidomethyl;AC=UNIMOD:4;TA=C;MT=Fixed	NT=Oxidation;AC=UNIMOD:21;TA=M;MT=Variable	not available	not available	NT=DSSO;AC=XLMOD:02126;CL=yes;TA=K,S,T,Y,nterm;MH=54.01;ML=85.98	not available	0.25 mM	not available	not available	not available	XL_Lys_DR_R3_SCX_9.raw	NT=ms-proteomics;VV=v1.1.0	NT=crosslinking;VV=v1.0.0	NT=human;VV=v1.1.0
PXD030532_XL_Lys_IT_R1_SCX_8	NT=Homo sapiens;AC=NCBITaxon:9606	lysosomes and early endosomes	not available	2	PXD030532_XL_Lys_IT_R1_SCX_8_assay	proteomic profiling by mass spectrometry	data-dependent acquisition	NT=label free sample;AC=MS:1002038	8	1	not available	not available	NT=Carbamidomethyl;AC=UNIMOD:4;TA=C;MT=Fixed	NT=Oxidation;AC=UNIMOD:21;TA=M;MT=Variable	not available	not available	NT=DSSO;AC=XLMOD:02126;CL=yes;TA=K,S,T,Y,nterm;MH=54.01;ML=85.98	not available	0.25 mM	not available	not available	not available	XL_Lys_IT_R1_SCX_8.raw	NT=ms-proteomics;VV=v1.1.0	NT=crosslinking;VV=v1.0.0	NT=human;VV=v1.1.0
PXD030532_FLOT_XL_SCX_11_R1	NT=Homo sapiens;AC=NCBITaxon:9606	lysosomes and early endosomes	not available	2	PXD030532_FLOT_XL_SCX_11_R1_assay	proteomic profiling by mass spectrometry	data-dependent acquisition	NT=label free sample;AC=MS:1002038	11	1	not available	not available	NT=Carbamidomethyl;AC=UNIMOD:4;TA=C;MT=Fixed	NT=Oxidation;AC=UNIMOD:21;TA=M;MT=Variable	not available	not available	NT=DSSO;AC=XLMOD:02126;CL=yes;TA=K,S,T,Y,nterm;MH=54.01;ML=85.98	not available	0.25 mM	not available	not available	not available	FLOT_XL_SCX_11_R1.raw	NT=ms-proteomics;VV=v1.1.0	NT=crosslinking;VV=v1.0.0	NT=human;VV=v1.1.0
PXD030532_XL_Lys_DR_R2_SCX_2	NT=Homo sapiens;AC=NCBITaxon:9606	lysosomes and early endosomes	not available	4	PXD030532_XL_Lys_DR_R2_SCX_2_assay	proteomic profiling by mass spectrometry	data-dependent acquisition	NT=label free sample;AC=MS:1002038	2	1	not available	not available	NT=Carbamidomethyl;AC=UNIMOD:4;TA=C;MT=Fixed	NT=Oxidation;AC=UNIMOD:21;TA=M;MT=Variable	not available	not available	NT=DSSO;AC=XLMOD:02126;CL=yes;TA=K,S,T,Y,nterm;MH=54.01;ML=85.98	not available	0.25 mM	not available	not available	not available	XL_Lys_DR_R2_SCX_2.raw	NT=ms-proteomics;VV=v1.1.0	NT=crosslinking;VV=v1.0.0	NT=human;VV=v1.1.0
PXD030532_XL_Lys_DR_R1_SCX_16	NT=Homo sapiens;AC=NCBITaxon:9606	lysosomes and early endosomes	not available	2	PXD030532_XL_Lys_DR_R1_SCX_16_assay	proteomic profiling by mass spectrometry	data-dependent acquisition	NT=label free sample;AC=MS:1002038	16	1	not available	not available	NT=Carbamidomethyl;AC=UNIMOD:4;TA=C;MT=Fixed	NT=Oxidation;AC=UNIMOD:21;TA=M;MT=Variable	not available	not available	NT=DSSO;AC=XLMOD:02126;CL=yes;TA=K,S,T,Y,nterm;MH=54.01;ML=85.98	not available	0.25 mM	not available	not available	not available	XL_Lys_DR_R1_SCX_16.raw	NT=ms-proteomics;VV=v1.1.0	NT=crosslinking;VV=v1.0.0	NT=human;VV=v1.1.0
PXD030532_XL_Lys_IT_R2_SCX_8	NT=Homo sapiens;AC=NCBITaxon:9606	lysosomes and early endosomes	not available	3	PXD030532_XL_Lys_IT_R2_SCX_8_assay	proteomic profiling by mass spectrometry	data-dependent acquisition	NT=label free sample;AC=MS:1002038	8	1	not available	not available	NT=Carbamidomethyl;AC=UNIMOD:4;TA=C;MT=Fixed	NT=Oxidation;AC=UNIMOD:21;TA=M;MT=Variable	not available	not available	NT=DSSO;AC=XLMOD:02126;CL=yes;TA=K,S,T,Y,nterm;MH=54.01;ML=85.98	not available	0.25 mM	not available	not available	not available	XL_Lys_IT_R2_SCX_8.raw	NT=ms-proteomics;VV=v1.1.0	NT=crosslinking;VV=v1.0.0	NT=human;VV=v1.1.0
PXD030532_FLOT_XL_SCX_19_R1	NT=Homo sapiens;AC=NCBITaxon:9606	lysosomes and early endosomes	not available	1	PXD030532_FLOT_XL_SCX_19_R1_assay	proteomic profiling by mass spectrometry	data-dependent acquisition	NT=label free sample;AC=MS:1002038	19	1	not available	not available	NT=Carbamidomethyl;AC=UNIMOD:4;TA=C;MT=Fixed	NT=Oxidation;AC=UNIMOD:21;TA=M;MT=Variable	not available	not available	NT=DSSO;AC=XLMOD:02126;CL=yes;TA=K,S,T,Y,nterm;MH=54.01;ML=85.98	not available	0.25 mM	not available	not available	not available	FLOT_XL_SCX_19_R1.raw	NT=ms-proteomics;VV=v1.1.0	NT=crosslinking;VV=v1.0.0	NT=human;VV=v1.1.0
PXD030532_XL_Lys_IT_R3_SCX_6	NT=Homo sapiens;AC=NCBITaxon:9606	lysosomes and early endosomes	not available	3	PXD030532_XL_Lys_IT_R3_SCX_6_assay	proteomic profiling by mass spectrometry	data-dependent acquisition	NT=label free sample;AC=MS:1002038	6	1	not available	not available	NT=Carbamidomethyl;AC=UNIMOD:4;TA=C;MT=Fixed	NT=Oxidation;AC=UNIMOD:21;TA=M;MT=Variable	not available	not available	NT=DSSO;AC=XLMOD:02126;CL=yes;TA=K,S,T,Y,nterm;MH=54.01;ML=85.98	not available	0.25 mM	not available	not available	not available	XL_Lys_IT_R3_SCX_6.raw	NT=ms-proteomics;VV=v1.1.0	NT=crosslinking;VV=v1.0.0	NT=human;VV=v1.1.0
PXD030532_FLOT_XL_SCX_11_R2	NT=Homo sapiens;AC=NCBITaxon:9606	lysosomes and early endosomes	not available	3	PXD030532_FLOT_XL_SCX_11_R2_assay	proteomic profiling by mass spectrometry	data-dependent acquisition	NT=label free sample;AC=MS:1002038	11	1	not available	not available	NT=Carbamidomethyl;AC=UNIMOD:4;TA=C;MT=Fixed	NT=Oxidation;AC=UNIMOD:21;TA=M;MT=Variable	not available	not available	NT=DSSO;AC=XLMOD:02126;CL=yes;TA=K,S,T,Y,nterm;MH=54.01;ML=85.98	not available	0.25 mM	not available	not available	not available	FLOT_XL_SCX_11_R2.raw	NT=ms-proteomics;VV=v1.1.0	NT=crosslinking;VV=v1.0.0	NT=human;VV=v1.1.0
PXD030532_XL_Lys_DR_R2_SCX_8	NT=Homo sapiens;AC=NCBITaxon:9606	lysosomes and early endosomes	not available	4	PXD030532_XL_Lys_DR_R2_SCX_8_assay	proteomic profiling by mass spectrometry	data-dependent acquisition	NT=label free sample;AC=MS:1002038	8	1	not available	not available	NT=Carbamidomethyl;AC=UNIMOD:4;TA=C;MT=Fixed	NT=Oxidation;AC=UNIMOD:21;TA=M;MT=Variable	not available	not available	NT=DSSO;AC=XLMOD:02126;CL=yes;TA=K,S,T,Y,nterm;MH=54.01;ML=85.98	not available	0.25 mM	not available	not available	not available	XL_Lys_DR_R2_SCX_8.raw	NT=ms-proteomics;VV=v1.1.0	NT=crosslinking;VV=v1.0.0	NT=human;VV=v1.1.0
PXD030532_XL_Lys_IT_R3_SCX_14	NT=Homo sapiens;AC=NCBITaxon:9606	lysosomes and early endosomes	not available	1	PXD030532_XL_Lys_IT_R3_SCX_14_assay	proteomic profiling by mass spectrometry	data-dependent acquisition	NT=label free sample;AC=MS:1002038	14	1	not available	not available	NT=Carbamidomethyl;AC=UNIMOD:4;TA=C;MT=Fixed	NT=Oxidation;AC=UNIMOD:21;TA=M;MT=Variable	not available	not available	NT=DSSO;AC=XLMOD:02126;CL=yes;TA=K,S,T,Y,nterm;MH=54.01;ML=85.98	not available	0.25 mM	not available	not available	not available	XL_Lys_IT_R3_SCX_14.raw	NT=ms-proteomics;VV=v1.1.0	NT=crosslinking;VV=v1.0.0	NT=human;VV=v1.1.0
PXD030532_XL_Lys_DR_R2_SCX_11	NT=Homo sapiens;AC=NCBITaxon:9606	lysosomes and early endosomes	not available	4	PXD030532_XL_Lys_DR_R2_SCX_11_assay	proteomic profiling by mass spectrometry	data-dependent acquisition	NT=label free sample;AC=MS:1002038	11	1	not available	not available	NT=Carbamidomethyl;AC=UNIMOD:4;TA=C;MT=Fixed	NT=Oxidation;AC=UNIMOD:21;TA=M;MT=Variable	not available	not available	NT=DSSO;AC=XLMOD:02126;CL=yes;TA=K,S,T,Y,nterm;MH=54.01;ML=85.98	not available	0.25 mM	not available	not available	not available	XL_Lys_DR_R2_SCX_11.raw	NT=ms-proteomics;VV=v1.1.0	NT=crosslinking;VV=v1.0.0	NT=human;VV=v1.1.0
PXD030532_XL_Lys_IT_R2_SCX_16	NT=Homo sapiens;AC=NCBITaxon:9606	lysosomes and early endosomes	not available	3	PXD030532_XL_Lys_IT_R2_SCX_16_assay	proteomic profiling by mass spectrometry	data-dependent acquisition	NT=label free sample;AC=MS:1002038	16	1	not available	not available	NT=Carbamidomethyl;AC=UNIMOD:4;TA=C;MT=Fixed	NT=Oxidation;AC=UNIMOD:21;TA=M;MT=Variable	not available	not available	NT=DSSO;AC=XLMOD:02126;CL=yes;TA=K,S,T,Y,nterm;MH=54.01;ML=85.98	not available	0.25 mM	not available	not available	not available	XL_Lys_IT_R2_SCX_16.raw	NT=ms-proteomics;VV=v1.1.0	NT=crosslinking;VV=v1.0.0	NT=human;VV=v1.1.0
PXD030532_XL_Lys_DR_R3_SCX_19	NT=Homo sapiens;AC=NCBITaxon:9606	lysosomes and early endosomes	not available	2	PXD030532_XL_Lys_DR_R3_SCX_19_assay	proteomic profiling by mass spectrometry	data-dependent acquisition	NT=label free sample;AC=MS:1002038	19	1	not available	not available	NT=Carbamidomethyl;AC=UNIMOD:4;TA=C;MT=Fixed	NT=Oxidation;AC=UNIMOD:21;TA=M;MT=Variable	not available	not available	NT=DSSO;AC=XLMOD:02126;CL=yes;TA=K,S,T,Y,nterm;MH=54.01;ML=85.98	not available	0.25 mM	not available	not available	not available	XL_Lys_DR_R3_SCX_19.raw	NT=ms-proteomics;VV=v1.1.0	NT=crosslinking;VV=v1.0.0	NT=human;VV=v1.1.0
PXD030532_XL_Lys_DR_R1_SCX_6	NT=Homo sapiens;AC=NCBITaxon:9606	lysosomes and early endosomes	not available	4	PXD030532_XL_Lys_DR_R1_SCX_6_assay	proteomic profiling by mass spectrometry	data-dependent acquisition	NT=label free sample;AC=MS:1002038	6	1	not available	not available	NT=Carbamidomethyl;AC=UNIMOD:4;TA=C;MT=Fixed	NT=Oxidation;AC=UNIMOD:21;TA=M;MT=Variable	not available	not available	NT=DSSO;AC=XLMOD:02126;CL=yes;TA=K,S,T,Y,nterm;MH=54.01;ML=85.98	not available	0.25 mM	not available	not available	not available	XL_Lys_DR_R1_SCX_6.raw	NT=ms-proteomics;VV=v1.1.0	NT=crosslinking;VV=v1.0.0	NT=human;VV=v1.1.0
PXD030532_XL_Lys_DR_R1_SCX_3	NT=Homo sapiens;AC=NCBITaxon:9606	lysosomes and early endosomes	not available	1	PXD030532_XL_Lys_DR_R1_SCX_3_assay	proteomic profiling by mass spectrometry	data-dependent acquisition	NT=label free sample;AC=MS:1002038	3	1	not available	not available	NT=Carbamidomethyl;AC=UNIMOD:4;TA=C;MT=Fixed	NT=Oxidation;AC=UNIMOD:21;TA=M;MT=Variable	not available	not available	NT=DSSO;AC=XLMOD:02126;CL=yes;TA=K,S,T,Y,nterm;MH=54.01;ML=85.98	not available	0.25 mM	not available	not available	not available	XL_Lys_DR_R1_SCX_3.raw	NT=ms-proteomics;VV=v1.1.0	NT=crosslinking;VV=v1.0.0	NT=human;VV=v1.1.0
PXD030532_Lys_IT_R3_Not_XL	NT=Homo sapiens;AC=NCBITaxon:9606	lysosomes and early endosomes	not available	5	PXD030532_Lys_IT_R3_Not_XL_assay	proteomic profiling by mass spectrometry	data-dependent acquisition	NT=label free sample;AC=MS:1002038	1	1	not available	not available	NT=Carbamidomethyl;AC=UNIMOD:4;TA=C;MT=Fixed	NT=Oxidation;AC=UNIMOD:21;TA=M;MT=Variable	not available	not available	NT=DSSO;AC=XLMOD:02126;CL=yes;TA=K,S,T,Y,nterm;MH=54.01;ML=85.98	not available	0.25 mM	not available	not available	not available	Lys_IT_R3_Not_XL.raw	NT=ms-proteomics;VV=v1.1.0	NT=crosslinking;VV=v1.0.0	NT=human;VV=v1.1.0
PXD030532_XL_Lys_DR_R3_SCX_7	NT=Homo sapiens;AC=NCBITaxon:9606	lysosomes and early endosomes	not available	1	PXD030532_XL_Lys_DR_R3_SCX_7_assay	proteomic profiling by mass spectrometry	data-dependent acquisition	NT=label free sample;AC=MS:1002038	7	1	not available	not available	NT=Carbamidomethyl;AC=UNIMOD:4;TA=C;MT=Fixed	NT=Oxidation;AC=UNIMOD:21;TA=M;MT=Variable	not available	not available	NT=DSSO;AC=XLMOD:02126;CL=yes;TA=K,S,T,Y,nterm;MH=54.01;ML=85.98	not available	0.25 mM	not available	not available	not available	XL_Lys_DR_R3_SCX_7.raw	NT=ms-proteomics;VV=v1.1.0	NT=crosslinking;VV=v1.0.0	NT=human;VV=v1.1.0
PXD030532_FLOT_XL_SCX_3_R1	NT=Homo sapiens;AC=NCBITaxon:9606	lysosomes and early endosomes	not available	2	PXD030532_FLOT_XL_SCX_3_R1_assay	proteomic profiling by mass spectrometry	data-dependent acquisition	NT=label free sample;AC=MS:1002038	3	1	not available	not available	NT=Carbamidomethyl;AC=UNIMOD:4;TA=C;MT=Fixed	NT=Oxidation;AC=UNIMOD:21;TA=M;MT=Variable	not available	not available	NT=DSSO;AC=XLMOD:02126;CL=yes;TA=K,S,T,Y,nterm;MH=54.01;ML=85.98	not available	0.25 mM	not available	not available	not available	FLOT_XL_SCX_3_R1.raw	NT=ms-proteomics;VV=v1.1.0	NT=crosslinking;VV=v1.0.0	NT=human;VV=v1.1.0
PXD030532_XL_Lys_DR_R3_SCX_17	NT=Homo sapiens;AC=NCBITaxon:9606	lysosomes and early endosomes	not available	2	PXD030532_XL_Lys_DR_R3_SCX_17_assay	proteomic profiling by mass spectrometry	data-dependent acquisition	NT=label free sample;AC=MS:1002038	17	1	not available	not available	NT=Carbamidomethyl;AC=UNIMOD:4;TA=C;MT=Fixed	NT=Oxidation;AC=UNIMOD:21;TA=M;MT=Variable	not available	not available	NT=DSSO;AC=XLMOD:02126;CL=yes;TA=K,S,T,Y,nterm;MH=54.01;ML=85.98	not available	0.25 mM	not available	not available	not available	XL_Lys_DR_R3_SCX_17.raw	NT=ms-proteomics;VV=v1.1.0	NT=crosslinking;VV=v1.0.0	NT=human;VV=v1.1.0
PXD030532_XL_Lys_DR_R3_SCX_8	NT=Homo sapiens;AC=NCBITaxon:9606	lysosomes and early endosomes	not available	5	PXD030532_XL_Lys_DR_R3_SCX_8_assay	proteomic profiling by mass spectrometry	data-dependent acquisition	NT=label free sample;AC=MS:1002038	8	1	not available	not available	NT=Carbamidomethyl;AC=UNIMOD:4;TA=C;MT=Fixed	NT=Oxidation;AC=UNIMOD:21;TA=M;MT=Variable	not available	not available	NT=DSSO;AC=XLMOD:02126;CL=yes;TA=K,S,T,Y,nterm;MH=54.01;ML=85.98	not available	0.25 mM	not available	not available	not available	XL_Lys_DR_R3_SCX_8.raw	NT=ms-proteomics;VV=v1.1.0	NT=crosslinking;VV=v1.0.0	NT=human;VV=v1.1.0
PXD030532_XL_Lys_DR_R2_SCX_15	NT=Homo sapiens;AC=NCBITaxon:9606	lysosomes and early endosomes	not available	2	PXD030532_XL_Lys_DR_R2_SCX_15_assay	proteomic profiling by mass spectrometry	data-dependent acquisition	NT=label free sample;AC=MS:1002038	15	1	not available	not available	NT=Carbamidomethyl;AC=UNIMOD:4;TA=C;MT=Fixed	NT=Oxidation;AC=UNIMOD:21;TA=M;MT=Variable	not available	not available	NT=DSSO;AC=XLMOD:02126;CL=yes;TA=K,S,T,Y,nterm;MH=54.01;ML=85.98	not available	0.25 mM	not available	not available	not available	XL_Lys_DR_R2_SCX_15.raw	NT=ms-proteomics;VV=v1.1.0	NT=crosslinking;VV=v1.0.0	NT=human;VV=v1.1.0
PXD030532_Lys_DR_R3_Not_XL	NT=Homo sapiens;AC=NCBITaxon:9606	lysosomes and early endosomes	not available	6	PXD030532_Lys_DR_R3_Not_XL_assay	proteomic profiling by mass spectrometry	data-dependent acquisition	NT=label free sample;AC=MS:1002038	1	1	not available	not available	NT=Carbamidomethyl;AC=UNIMOD:4;TA=C;MT=Fixed	NT=Oxidation;AC=UNIMOD:21;TA=M;MT=Variable	not available	not available	NT=DSSO;AC=XLMOD:02126;CL=yes;TA=K,S,T,Y,nterm;MH=54.01;ML=85.98	not available	0.25 mM	not available	not available	not available	Lys_DR_R3_Not_XL.raw	NT=ms-proteomics;VV=v1.1.0	NT=crosslinking;VV=v1.0.0	NT=human;VV=v1.1.0
PXD030532_XL_Lys_IT_R2_SCX_17	NT=Homo sapiens;AC=NCBITaxon:9606	lysosomes and early endosomes	not available	3	PXD030532_XL_Lys_IT_R2_SCX_17_assay	proteomic profiling by mass spectrometry	data-dependent acquisition	NT=label free sample;AC=MS:1002038	17	1	not available	not available	NT=Carbamidomethyl;AC=UNIMOD:4;TA=C;MT=Fixed	NT=Oxidation;AC=UNIMOD:21;TA=M;MT=Variable	not available	not available	NT=DSSO;AC=XLMOD:02126;CL=yes;TA=K,S,T,Y,nterm;MH=54.01;ML=85.98	not available	0.25 mM	not available	not available	not available	XL_Lys_IT_R2_SCX_17.raw	NT=ms-proteomics;VV=v1.1.0	NT=crosslinking;VV=v1.0.0	NT=human;VV=v1.1.0
PXD030532_XL_Lys_DR_R1_SCX_12	NT=Homo sapiens;AC=NCBITaxon:9606	lysosomes and early endosomes	not available	1	PXD030532_XL_Lys_DR_R1_SCX_12_assay	proteomic profiling by mass spectrometry	data-dependent acquisition	NT=label free sample;AC=MS:1002038	12	1	not available	not available	NT=Carbamidomethyl;AC=UNIMOD:4;TA=C;MT=Fixed	NT=Oxidation;AC=UNIMOD:21;TA=M;MT=Variable	not available	not available	NT=DSSO;AC=XLMOD:02126;CL=yes;TA=K,S,T,Y,nterm;MH=54.01;ML=85.98	not available	0.25 mM	not available	not available	not available	XL_Lys_DR_R1_SCX_12.raw	NT=ms-proteomics;VV=v1.1.0	NT=crosslinking;VV=v1.0.0	NT=human;VV=v1.1.0
PXD030532_XL_Lys_IT_R3_SCX_7	NT=Homo sapiens;AC=NCBITaxon:9606	lysosomes and early endosomes	not available	2	PXD030532_XL_Lys_IT_R3_SCX_7_assay	proteomic profiling by mass spectrometry	data-dependent acquisition	NT=label free sample;AC=MS:1002038	7	1	not available	not available	NT=Carbamidomethyl;AC=UNIMOD:4;TA=C;MT=Fixed	NT=Oxidation;AC=UNIMOD:21;TA=M;MT=Variable	not available	not available	NT=DSSO;AC=XLMOD:02126;CL=yes;TA=K,S,T,Y,nterm;MH=54.01;ML=85.98	not available	0.25 mM	not available	not available	not available	XL_Lys_IT_R3_SCX_7.raw	NT=ms-proteomics;VV=v1.1.0	NT=crosslinking;VV=v1.0.0	NT=human;VV=v1.1.0
PXD030532_XL_Lys_DR_R3_SCX_14	NT=Homo sapiens;AC=NCBITaxon:9606	lysosomes and early endosomes	not available	2	PXD030532_XL_Lys_DR_R3_SCX_14_assay	proteomic profiling by mass spectrometry	data-dependent acquisition	NT=label free sample;AC=MS:1002038	14	1	not available	not available	NT=Carbamidomethyl;AC=UNIMOD:4;TA=C;MT=Fixed	NT=Oxidation;AC=UNIMOD:21;TA=M;MT=Variable	not available	not available	NT=DSSO;AC=XLMOD:02126;CL=yes;TA=K,S,T,Y,nterm;MH=54.01;ML=85.98	not available	0.25 mM	not available	not available	not available	XL_Lys_DR_R3_SCX_14.raw	NT=ms-proteomics;VV=v1.1.0	NT=crosslinking;VV=v1.0.0	NT=human;VV=v1.1.0
PXD030532_XL_Lys_DR_R2_SCX_3	NT=Homo sapiens;AC=NCBITaxon:9606	lysosomes and early endosomes	not available	3	PXD030532_XL_Lys_DR_R2_SCX_3_assay	proteomic profiling by mass spectrometry	data-dependent acquisition	NT=label free sample;AC=MS:1002038	3	1	not available	not available	NT=Carbamidomethyl;AC=UNIMOD:4;TA=C;MT=Fixed	NT=Oxidation;AC=UNIMOD:21;TA=M;MT=Variable	not available	not available	NT=DSSO;AC=XLMOD:02126;CL=yes;TA=K,S,T,Y,nterm;MH=54.01;ML=85.98	not available	0.25 mM	not available	not available	not available	XL_Lys_DR_R2_SCX_3.raw	NT=ms-proteomics;VV=v1.1.0	NT=crosslinking;VV=v1.0.0	NT=human;VV=v1.1.0
PXD030532_XL_Lys_DR_R3_SCX_3	NT=Homo sapiens;AC=NCBITaxon:9606	lysosomes and early endosomes	not available	4	PXD030532_XL_Lys_DR_R3_SCX_3_assay	proteomic profiling by mass spectrometry	data-dependent acquisition	NT=label free sample;AC=MS:1002038	3	1	not available	not available	NT=Carbamidomethyl;AC=UNIMOD:4;TA=C;MT=Fixed	NT=Oxidation;AC=UNIMOD:21;TA=M;MT=Variable	not available	not available	NT=DSSO;AC=XLMOD:02126;CL=yes;TA=K,S,T,Y,nterm;MH=54.01;ML=85.98	not available	0.25 mM	not available	not available	not available	XL_Lys_DR_R3_SCX_3.raw	NT=ms-proteomics;VV=v1.1.0	NT=crosslinking;VV=v1.0.0	NT=human;VV=v1.1.0
PXD030532_FLOT_XL_SCX_19_R2	NT=Homo sapiens;AC=NCBITaxon:9606	lysosomes and early endosomes	not available	3	PXD030532_FLOT_XL_SCX_19_R2_assay	proteomic profiling by mass spectrometry	data-dependent acquisition	NT=label free sample;AC=MS:1002038	19	1	not available	not available	NT=Carbamidomethyl;AC=UNIMOD:4;TA=C;MT=Fixed	NT=Oxidation;AC=UNIMOD:21;TA=M;MT=Variable	not available	not available	NT=DSSO;AC=XLMOD:02126;CL=yes;TA=K,S,T,Y,nterm;MH=54.01;ML=85.98	not available	0.25 mM	not available	not available	not available	FLOT_XL_SCX_19_R2.raw	NT=ms-proteomics;VV=v1.1.0	NT=crosslinking;VV=v1.0.0	NT=human;VV=v1.1.0
PXD030532_XL_Lys_IT_R2_SCX_1	NT=Homo sapiens;AC=NCBITaxon:9606	lysosomes and early endosomes	not available	7	PXD030532_XL_Lys_IT_R2_SCX_1_assay	proteomic profiling by mass spectrometry	data-dependent acquisition	NT=label free sample;AC=MS:1002038	1	1	not available	not available	NT=Carbamidomethyl;AC=UNIMOD:4;TA=C;MT=Fixed	NT=Oxidation;AC=UNIMOD:21;TA=M;MT=Variable	not available	not available	NT=DSSO;AC=XLMOD:02126;CL=yes;TA=K,S,T,Y,nterm;MH=54.01;ML=85.98	not available	0.25 mM	not available	not available	not available	XL_Lys_IT_R2_SCX_1.raw	NT=ms-proteomics;VV=v1.1.0	NT=crosslinking;VV=v1.0.0	NT=human;VV=v1.1.0
PXD030532_XL_Lys_IT_R2_SCX_12	NT=Homo sapiens;AC=NCBITaxon:9606	lysosomes and early endosomes	not available	2	PXD030532_XL_Lys_IT_R2_SCX_12_assay	proteomic profiling by mass spectrometry	data-dependent acquisition	NT=label free sample;AC=MS:1002038	12	1	not available	not available	NT=Carbamidomethyl;AC=UNIMOD:4;TA=C;MT=Fixed	NT=Oxidation;AC=UNIMOD:21;TA=M;MT=Variable	not available	not available	NT=DSSO;AC=XLMOD:02126;CL=yes;TA=K,S,T,Y,nterm;MH=54.01;ML=85.98	not available	0.25 mM	not available	not available	not available	XL_Lys_IT_R2_SCX_12.raw	NT=ms-proteomics;VV=v1.1.0	NT=crosslinking;VV=v1.0.0	NT=human;VV=v1.1.0
PXD030532_XL_Lys_IT_R2_SCX_3	NT=Homo sapiens;AC=NCBITaxon:9606	lysosomes and early endosomes	not available	5	PXD030532_XL_Lys_IT_R2_SCX_3_assay	proteomic profiling by mass spectrometry	data-dependent acquisition	NT=label free sample;AC=MS:1002038	3	1	not available	not available	NT=Carbamidomethyl;AC=UNIMOD:4;TA=C;MT=Fixed	NT=Oxidation;AC=UNIMOD:21;TA=M;MT=Variable	not available	not available	NT=DSSO;AC=XLMOD:02126;CL=yes;TA=K,S,T,Y,nterm;MH=54.01;ML=85.98	not available	0.25 mM	not available	not available	not available	XL_Lys_IT_R2_SCX_3.raw	NT=ms-proteomics;VV=v1.1.0	NT=crosslinking;VV=v1.0.0	NT=human;VV=v1.1.0
PXD030532_XL_Lys_DR_R2_SCX_14	NT=Homo sapiens;AC=NCBITaxon:9606	lysosomes and early endosomes	not available	3	PXD030532_XL_Lys_DR_R2_SCX_14_assay	proteomic profiling by mass spectrometry	data-dependent acquisition	NT=label free sample;AC=MS:1002038	14	1	not available	not available	NT=Carbamidomethyl;AC=UNIMOD:4;TA=C;MT=Fixed	NT=Oxidation;AC=UNIMOD:21;TA=M;MT=Variable	not available	not available	NT=DSSO;AC=XLMOD:02126;CL=yes;TA=K,S,T,Y,nterm;MH=54.01;ML=85.98	not available	0.25 mM	not available	not available	not available	XL_Lys_DR_R2_SCX_14.raw	NT=ms-proteomics;VV=v1.1.0	NT=crosslinking;VV=v1.0.0	NT=human;VV=v1.1.0
PXD030532_XL_Lys_DR_R3_SCX_11	NT=Homo sapiens;AC=NCBITaxon:9606	lysosomes and early endosomes	not available	5	PXD030532_XL_Lys_DR_R3_SCX_11_assay	proteomic profiling by mass spectrometry	data-dependent acquisition	NT=label free sample;AC=MS:1002038	11	1	not available	not available	NT=Carbamidomethyl;AC=UNIMOD:4;TA=C;MT=Fixed	NT=Oxidation;AC=UNIMOD:21;TA=M;MT=Variable	not available	not available	NT=DSSO;AC=XLMOD:02126;CL=yes;TA=K,S,T,Y,nterm;MH=54.01;ML=85.98	not available	0.25 mM	not available	not available	not available	XL_Lys_DR_R3_SCX_11.raw	NT=ms-proteomics;VV=v1.1.0	NT=crosslinking;VV=v1.0.0	NT=human;VV=v1.1.0
PXD030532_FLOT_XL_SCX_12_R1	NT=Homo sapiens;AC=NCBITaxon:9606	lysosomes and early endosomes	not available	3	PXD030532_FLOT_XL_SCX_12_R1_assay	proteomic profiling by mass spectrometry	data-dependent acquisition	NT=label free sample;AC=MS:1002038	12	1	not available	not available	NT=Carbamidomethyl;AC=UNIMOD:4;TA=C;MT=Fixed	NT=Oxidation;AC=UNIMOD:21;TA=M;MT=Variable	not available	not available	NT=DSSO;AC=XLMOD:02126;CL=yes;TA=K,S,T,Y,nterm;MH=54.01;ML=85.98	not available	0.25 mM	not available	not available	not available	FLOT_XL_SCX_12_R1.raw	NT=ms-proteomics;VV=v1.1.0	NT=crosslinking;VV=v1.0.0	NT=human;VV=v1.1.0
PXD030532_XL_Lys_DR_R1_SCX_19	NT=Homo sapiens;AC=NCBITaxon:9606	lysosomes and early endosomes	not available	4	PXD030532_XL_Lys_DR_R1_SCX_19_assay	proteomic profiling by mass spectrometry	data-dependent acquisition	NT=label free sample;AC=MS:1002038	19	1	not available	not available	NT=Carbamidomethyl;AC=UNIMOD:4;TA=C;MT=Fixed	NT=Oxidation;AC=UNIMOD:21;TA=M;MT=Variable	not available	not available	NT=DSSO;AC=XLMOD:02126;CL=yes;TA=K,S,T,Y,nterm;MH=54.01;ML=85.98	not available	0.25 mM	not available	not available	not available	XL_Lys_DR_R1_SCX_19.raw	NT=ms-proteomics;VV=v1.1.0	NT=crosslinking;VV=v1.0.0	NT=human;VV=v1.1.0
PXD030532_XL_Lys_IT_R1_SCX_12	NT=Homo sapiens;AC=NCBITaxon:9606	lysosomes and early endosomes	not available	4	PXD030532_XL_Lys_IT_R1_SCX_12_assay	proteomic profiling by mass spectrometry	data-dependent acquisition	NT=label free sample;AC=MS:1002038	12	1	not available	not available	NT=Carbamidomethyl;AC=UNIMOD:4;TA=C;MT=Fixed	NT=Oxidation;AC=UNIMOD:21;TA=M;MT=Variable	not available	not available	NT=DSSO;AC=XLMOD:02126;CL=yes;TA=K,S,T,Y,nterm;MH=54.01;ML=85.98	not available	0.25 mM	not available	not available	not available	XL_Lys_IT_R1_SCX_12.raw	NT=ms-proteomics;VV=v1.1.0	NT=crosslinking;VV=v1.0.0	NT=human;VV=v1.1.0
PXD030532_FLOT_XL_SCX_16_R1	NT=Homo sapiens;AC=NCBITaxon:9606	lysosomes and early endosomes	not available	4	PXD030532_FLOT_XL_SCX_16_R1_assay	proteomic profiling by mass spectrometry	data-dependent acquisition	NT=label free sample;AC=MS:1002038	16	1	not available	not available	NT=Carbamidomethyl;AC=UNIMOD:4;TA=C;MT=Fixed	NT=Oxidation;AC=UNIMOD:21;TA=M;MT=Variable	not available	not available	NT=DSSO;AC=XLMOD:02126;CL=yes;TA=K,S,T,Y,nterm;MH=54.01;ML=85.98	not available	0.25 mM	not available	not available	not available	FLOT_XL_SCX_16_R1.raw	NT=ms-proteomics;VV=v1.1.0	NT=crosslinking;VV=v1.0.0	NT=human;VV=v1.1.0
PXD030532_FLOT_XL_SCX_6_R2	NT=Homo sapiens;AC=NCBITaxon:9606	lysosomes and early endosomes	not available	5	PXD030532_FLOT_XL_SCX_6_R2_assay	proteomic profiling by mass spectrometry	data-dependent acquisition	NT=label free sample;AC=MS:1002038	6	1	not available	not available	NT=Carbamidomethyl;AC=UNIMOD:4;TA=C;MT=Fixed	NT=Oxidation;AC=UNIMOD:21;TA=M;MT=Variable	not available	not available	NT=DSSO;AC=XLMOD:02126;CL=yes;TA=K,S,T,Y,nterm;MH=54.01;ML=85.98	not available	0.25 mM	not available	not available	not available	FLOT_XL_SCX_6_R2.raw	NT=ms-proteomics;VV=v1.1.0	NT=crosslinking;VV=v1.0.0	NT=human;VV=v1.1.0
PXD030532_FLOT_XL_SCX_2_R2	NT=Homo sapiens;AC=NCBITaxon:9606	lysosomes and early endosomes	not available	5	PXD030532_FLOT_XL_SCX_2_R2_assay	proteomic profiling by mass spectrometry	data-dependent acquisition	NT=label free sample;AC=MS:1002038	2	1	not available	not available	NT=Carbamidomethyl;AC=UNIMOD:4;TA=C;MT=Fixed	NT=Oxidation;AC=UNIMOD:21;TA=M;MT=Variable	not available	not available	NT=DSSO;AC=XLMOD:02126;CL=yes;TA=K,S,T,Y,nterm;MH=54.01;ML=85.98	not available	0.25 mM	not available	not available	not available	FLOT_XL_SCX_2_R2.raw	NT=ms-proteomics;VV=v1.1.0	NT=crosslinking;VV=v1.0.0	NT=human;VV=v1.1.0
PXD030532_XL_Lys_IT_R2_SCX_5	NT=Homo sapiens;AC=NCBITaxon:9606	lysosomes and early endosomes	not available	5	PXD030532_XL_Lys_IT_R2_SCX_5_assay	proteomic profiling by mass spectrometry	data-dependent acquisition	NT=label free sample;AC=MS:1002038	5	1	not available	not available	NT=Carbamidomethyl;AC=UNIMOD:4;TA=C;MT=Fixed	NT=Oxidation;AC=UNIMOD:21;TA=M;MT=Variable	not available	not available	NT=DSSO;AC=XLMOD:02126;CL=yes;TA=K,S,T,Y,nterm;MH=54.01;ML=85.98	not available	0.25 mM	not available	not available	not available	XL_Lys_IT_R2_SCX_5.raw	NT=ms-proteomics;VV=v1.1.0	NT=crosslinking;VV=v1.0.0	NT=human;VV=v1.1.0
PXD030532_XL_Lys_IT_R1_SCX_18	NT=Homo sapiens;AC=NCBITaxon:9606	lysosomes and early endosomes	not available	2	PXD030532_XL_Lys_IT_R1_SCX_18_assay	proteomic profiling by mass spectrometry	data-dependent acquisition	NT=label free sample;AC=MS:1002038	18	1	not available	not available	NT=Carbamidomethyl;AC=UNIMOD:4;TA=C;MT=Fixed	NT=Oxidation;AC=UNIMOD:21;TA=M;MT=Variable	not available	not available	NT=DSSO;AC=XLMOD:02126;CL=yes;TA=K,S,T,Y,nterm;MH=54.01;ML=85.98	not available	0.25 mM	not available	not available	not available	XL_Lys_IT_R1_SCX_18.raw	NT=ms-proteomics;VV=v1.1.0	NT=crosslinking;VV=v1.0.0	NT=human;VV=v1.1.0
PXD030532_FLOT_XL_SCX_6_R1	NT=Homo sapiens;AC=NCBITaxon:9606	lysosomes and early endosomes	not available	6	PXD030532_FLOT_XL_SCX_6_R1_assay	proteomic profiling by mass spectrometry	data-dependent acquisition	NT=label free sample;AC=MS:1002038	6	1	not available	not available	NT=Carbamidomethyl;AC=UNIMOD:4;TA=C;MT=Fixed	NT=Oxidation;AC=UNIMOD:21;TA=M;MT=Variable	not available	not available	NT=DSSO;AC=XLMOD:02126;CL=yes;TA=K,S,T,Y,nterm;MH=54.01;ML=85.98	not available	0.25 mM	not available	not available	not available	FLOT_XL_SCX_6_R1.raw	NT=ms-proteomics;VV=v1.1.0	NT=crosslinking;VV=v1.0.0	NT=human;VV=v1.1.0
PXD030532_XL_Lys_DR_R2_SCX_12	NT=Homo sapiens;AC=NCBITaxon:9606	lysosomes and early endosomes	not available	5	PXD030532_XL_Lys_DR_R2_SCX_12_assay	proteomic profiling by mass spectrometry	data-dependent acquisition	NT=label free sample;AC=MS:1002038	12	1	not available	not available	NT=Carbamidomethyl;AC=UNIMOD:4;TA=C;MT=Fixed	NT=Oxidation;AC=UNIMOD:21;TA=M;MT=Variable	not available	not available	NT=DSSO;AC=XLMOD:02126;CL=yes;TA=K,S,T,Y,nterm;MH=54.01;ML=85.98	not available	0.25 mM	not available	not available	not available	XL_Lys_DR_R2_SCX_12.raw	NT=ms-proteomics;VV=v1.1.0	NT=crosslinking;VV=v1.0.0	NT=human;VV=v1.1.0
PXD030532_FLOT_XL_SCX_12_R2	NT=Homo sapiens;AC=NCBITaxon:9606	lysosomes and early endosomes	not available	6	PXD030532_FLOT_XL_SCX_12_R2_assay	proteomic profiling by mass spectrometry	data-dependent acquisition	NT=label free sample;AC=MS:1002038	12	1	not available	not available	NT=Carbamidomethyl;AC=UNIMOD:4;TA=C;MT=Fixed	NT=Oxidation;AC=UNIMOD:21;TA=M;MT=Variable	not available	not available	NT=DSSO;AC=XLMOD:02126;CL=yes;TA=K,S,T,Y,nterm;MH=54.01;ML=85.98	not available	0.25 mM	not available	not available	not available	FLOT_XL_SCX_12_R2.raw	NT=ms-proteomics;VV=v1.1.0	NT=crosslinking;VV=v1.0.0	NT=human;VV=v1.1.0
PXD030532_XL_Lys_IT_R3_SCX_12	NT=Homo sapiens;AC=NCBITaxon:9606	lysosomes and early endosomes	not available	7	PXD030532_XL_Lys_IT_R3_SCX_12_assay	proteomic profiling by mass spectrometry	data-dependent acquisition	NT=label free sample;AC=MS:1002038	12	1	not available	not available	NT=Carbamidomethyl;AC=UNIMOD:4;TA=C;MT=Fixed	NT=Oxidation;AC=UNIMOD:21;TA=M;MT=Variable	not available	not available	NT=DSSO;AC=XLMOD:02126;CL=yes;TA=K,S,T,Y,nterm;MH=54.01;ML=85.98	not available	0.25 mM	not available	not available	not available	XL_Lys_IT_R3_SCX_12.raw	NT=ms-proteomics;VV=v1.1.0	NT=crosslinking;VV=v1.0.0	NT=human;VV=v1.1.0
PXD030532_FLOT_XL_SCX_13_R1	NT=Homo sapiens;AC=NCBITaxon:9606	lysosomes and early endosomes	not available	3	PXD030532_FLOT_XL_SCX_13_R1_assay	proteomic profiling by mass spectrometry	data-dependent acquisition	NT=label free sample;AC=MS:1002038	13	1	not available	not available	NT=Carbamidomethyl;AC=UNIMOD:4;TA=C;MT=Fixed	NT=Oxidation;AC=UNIMOD:21;TA=M;MT=Variable	not available	not available	NT=DSSO;AC=XLMOD:02126;CL=yes;TA=K,S,T,Y,nterm;MH=54.01;ML=85.98	not available	0.25 mM	not available	not available	not available	FLOT_XL_SCX_13_R1.raw	NT=ms-proteomics;VV=v1.1.0	NT=crosslinking;VV=v1.0.0	NT=human;VV=v1.1.0
PXD030532_FLOT_XL_SCX_4_R2	NT=Homo sapiens;AC=NCBITaxon:9606	lysosomes and early endosomes	not available	1	PXD030532_FLOT_XL_SCX_4_R2_assay	proteomic profiling by mass spectrometry	data-dependent acquisition	NT=label free sample;AC=MS:1002038	4	1	not available	not available	NT=Carbamidomethyl;AC=UNIMOD:4;TA=C;MT=Fixed	NT=Oxidation;AC=UNIMOD:21;TA=M;MT=Variable	not available	not available	NT=DSSO;AC=XLMOD:02126;CL=yes;TA=K,S,T,Y,nterm;MH=54.01;ML=85.98	not available	0.25 mM	not available	not available	not available	FLOT_XL_SCX_4_R2.raw	NT=ms-proteomics;VV=v1.1.0	NT=crosslinking;VV=v1.0.0	NT=human;VV=v1.1.0
PXD030532_FLOT_XL_SCX_5_R1	NT=Homo sapiens;AC=NCBITaxon:9606	lysosomes and early endosomes	not available	6	PXD030532_FLOT_XL_SCX_5_R1_assay	proteomic profiling by mass spectrometry	data-dependent acquisition	NT=label free sample;AC=MS:1002038	5	1	not available	not available	NT=Carbamidomethyl;AC=UNIMOD:4;TA=C;MT=Fixed	NT=Oxidation;AC=UNIMOD:21;TA=M;MT=Variable	not available	not available	NT=DSSO;AC=XLMOD:02126;CL=yes;TA=K,S,T,Y,nterm;MH=54.01;ML=85.98	not available	0.25 mM	not available	not available	not available	FLOT_XL_SCX_5_R1.raw	NT=ms-proteomics;VV=v1.1.0	NT=crosslinking;VV=v1.0.0	NT=human;VV=v1.1.0
PXD030532_JS3_114_2_SPIONs_DIA_R2	Homo sapiens	lysosomes and early endosomes	not available	8	PXD030532_JS3_114_2_SPIONs_DIA_R2_assay	proteomic profiling by mass spectrometry	data-dependent acquisition	NT=label free sample;AC=MS:1002038	1	1	not available	not available	NT=Carbamidomethyl;AC=UNIMOD:4;TA=C;MT=Fixed	NT=Oxidation;AC=UNIMOD:21;TA=M;MT=Variable	not available	not available	NT=DSSO;AC=XLMOD:02126;CL=yes;TA=K,S,T,Y,nterm;MH=54.01;ML=85.98	not available	0.25 mM	not available	not available	not available	JS3_114_2_SPIONs_DIA_R2.raw	NT=ms-proteomics;VV=v1.1.0	NT=crosslinking;VV=v1.0.0	NT=human;VV=v1.1.0
PXD030532_XL_Lys_DR_R3_SCX_1	NT=Homo sapiens;AC=NCBITaxon:9606	lysosomes and early endosomes	not available	9	PXD030532_XL_Lys_DR_R3_SCX_1_assay	proteomic profiling by mass spectrometry	data-dependent acquisition	NT=label free sample;AC=MS:1002038	1	1	not available	not available	NT=Carbamidomethyl;AC=UNIMOD:4;TA=C;MT=Fixed	NT=Oxidation;AC=UNIMOD:21;TA=M;MT=Variable	not available	not available	NT=DSSO;AC=XLMOD:02126;CL=yes;TA=K,S,T,Y,nterm;MH=54.01;ML=85.98	not available	0.25 mM	not available	not available	not available	XL_Lys_DR_R3_SCX_1.raw	NT=ms-proteomics;VV=v1.1.0	NT=crosslinking;VV=v1.0.0	NT=human;VV=v1.1.0
PXD030532_FLOT_XL_SCX_7_R1	NT=Homo sapiens;AC=NCBITaxon:9606	lysosomes and early endosomes	not available	3	PXD030532_FLOT_XL_SCX_7_R1_assay	proteomic profiling by mass spectrometry	data-dependent acquisition	NT=label free sample;AC=MS:1002038	7	1	not available	not available	NT=Carbamidomethyl;AC=UNIMOD:4;TA=C;MT=Fixed	NT=Oxidation;AC=UNIMOD:21;TA=M;MT=Variable	not available	not available	NT=DSSO;AC=XLMOD:02126;CL=yes;TA=K,S,T,Y,nterm;MH=54.01;ML=85.98	not available	0.25 mM	not available	not available	not available	FLOT_XL_SCX_7_R1.raw	NT=ms-proteomics;VV=v1.1.0	NT=crosslinking;VV=v1.0.0	NT=human;VV=v1.1.0
PXD030532_XL_Lys_IT_R2_SCX_11	NT=Homo sapiens;AC=NCBITaxon:9606	lysosomes and early endosomes	not available	6	PXD030532_XL_Lys_IT_R2_SCX_11_assay	proteomic profiling by mass spectrometry	data-dependent acquisition	NT=label free sample;AC=MS:1002038	11	1	not available	not available	NT=Carbamidomethyl;AC=UNIMOD:4;TA=C;MT=Fixed	NT=Oxidation;AC=UNIMOD:21;TA=M;MT=Variable	not available	not available	NT=DSSO;AC=XLMOD:02126;CL=yes;TA=K,S,T,Y,nterm;MH=54.01;ML=85.98	not available	0.25 mM	not available	not available	not available	XL_Lys_IT_R2_SCX_11.raw	NT=ms-proteomics;VV=v1.1.0	NT=crosslinking;VV=v1.0.0	NT=human;VV=v1.1.0
PXD030532_FLOT_XL_SCX_1_R2	NT=Homo sapiens;AC=NCBITaxon:9606	lysosomes and early endosomes	not available	10	PXD030532_FLOT_XL_SCX_1_R2_assay	proteomic profiling by mass spectrometry	data-dependent acquisition	NT=label free sample;AC=MS:1002038	1	1	not available	not available	NT=Carbamidomethyl;AC=UNIMOD:4;TA=C;MT=Fixed	NT=Oxidation;AC=UNIMOD:21;TA=M;MT=Variable	not available	not available	NT=DSSO;AC=XLMOD:02126;CL=yes;TA=K,S,T,Y,nterm;MH=54.01;ML=85.98	not available	0.25 mM	not available	not available	not available	FLOT_XL_SCX_1_R2.raw	NT=ms-proteomics;VV=v1.1.0	NT=crosslinking;VV=v1.0.0	NT=human;VV=v1.1.0
PXD030532_XL_Lys_DR_R2_SCX_4	NT=Homo sapiens;AC=NCBITaxon:9606	lysosomes and early endosomes	not available	2	PXD030532_XL_Lys_DR_R2_SCX_4_assay	proteomic profiling by mass spectrometry	data-dependent acquisition	NT=label free sample;AC=MS:1002038	4	1	not available	not available	NT=Carbamidomethyl;AC=UNIMOD:4;TA=C;MT=Fixed	NT=Oxidation;AC=UNIMOD:21;TA=M;MT=Variable	not available	not available	NT=DSSO;AC=XLMOD:02126;CL=yes;TA=K,S,T,Y,nterm;MH=54.01;ML=85.98	not available	0.25 mM	not available	not available	not available	XL_Lys_DR_R2_SCX_4.raw	NT=ms-proteomics;VV=v1.1.0	NT=crosslinking;VV=v1.0.0	NT=human;VV=v1.1.0
PXD030532_Lys_DR_R2_Not_XL	NT=Homo sapiens;AC=NCBITaxon:9606	lysosomes and early endosomes	not available	11	PXD030532_Lys_DR_R2_Not_XL_assay	proteomic profiling by mass spectrometry	data-dependent acquisition	NT=label free sample;AC=MS:1002038	1	1	not available	not available	NT=Carbamidomethyl;AC=UNIMOD:4;TA=C;MT=Fixed	NT=Oxidation;AC=UNIMOD:21;TA=M;MT=Variable	not available	not available	NT=DSSO;AC=XLMOD:02126;CL=yes;TA=K,S,T,Y,nterm;MH=54.01;ML=85.98	not available	0.25 mM	not available	not available	not available	Lys_DR_R2_Not_XL.raw	NT=ms-proteomics;VV=v1.1.0	NT=crosslinking;VV=v1.0.0	NT=human;VV=v1.1.0
PXD030532_XL_Lys_DR_R1_SCX_18	NT=Homo sapiens;AC=NCBITaxon:9606	lysosomes and early endosomes	not available	3	PXD030532_XL_Lys_DR_R1_SCX_18_assay	proteomic profiling by mass spectrometry	data-dependent acquisition	NT=label free sample;AC=MS:1002038	18	1	not available	not available	NT=Carbamidomethyl;AC=UNIMOD:4;TA=C;MT=Fixed	NT=Oxidation;AC=UNIMOD:21;TA=M;MT=Variable	not available	not available	NT=DSSO;AC=XLMOD:02126;CL=yes;TA=K,S,T,Y,nterm;MH=54.01;ML=85.98	not available	0.25 mM	not available	not available	not available	XL_Lys_DR_R1_SCX_18.raw	NT=ms-proteomics;VV=v1.1.0	NT=crosslinking;VV=v1.0.0	NT=human;VV=v1.1.0
PXD030532_JS3_114_1_SPIONs_IP_DIA_R3	Homo sapiens	lysosomes and early endosomes	not available	12	PXD030532_JS3_114_1_SPIONs_IP_DIA_R3_assay	proteomic profiling by mass spectrometry	data-dependent acquisition	NT=label free sample;AC=MS:1002038	1	1	not available	not available	NT=Carbamidomethyl;AC=UNIMOD:4;TA=C;MT=Fixed	NT=Oxidation;AC=UNIMOD:21;TA=M;MT=Variable	not available	not available	NT=DSSO;AC=XLMOD:02126;CL=yes;TA=K,S,T,Y,nterm;MH=54.01;ML=85.98	not available	0.25 mM	not available	not available	not available	JS3_114_1_SPIONs_IP_DIA_R3.raw	NT=ms-proteomics;VV=v1.1.0	NT=crosslinking;VV=v1.0.0	NT=human;VV=v1.1.0
PXD030532_XL_Lys_DR_R2_SCX_18	NT=Homo sapiens;AC=NCBITaxon:9606	lysosomes and early endosomes	not available	4	PXD030532_XL_Lys_DR_R2_SCX_18_assay	proteomic profiling by mass spectrometry	data-dependent acquisition	NT=label free sample;AC=MS:1002038	18	1	not available	not available	NT=Carbamidomethyl;AC=UNIMOD:4;TA=C;MT=Fixed	NT=Oxidation;AC=UNIMOD:21;TA=M;MT=Variable	not available	not available	NT=DSSO;AC=XLMOD:02126;CL=yes;TA=K,S,T,Y,nterm;MH=54.01;ML=85.98	not available	0.25 mM	not available	not available	not available	XL_Lys_DR_R2_SCX_18.raw	NT=ms-proteomics;VV=v1.1.0	NT=crosslinking;VV=v1.0.0	NT=human;VV=v1.1.0
PXD030532_XL_Lys_DR_R3_SCX_18	NT=Homo sapiens;AC=NCBITaxon:9606	lysosomes and early endosomes	not available	5	PXD030532_XL_Lys_DR_R3_SCX_18_assay	proteomic profiling by mass spectrometry	data-dependent acquisition	NT=label free sample;AC=MS:1002038	18	1	not available	not available	NT=Carbamidomethyl;AC=UNIMOD:4;TA=C;MT=Fixed	NT=Oxidation;AC=UNIMOD:21;TA=M;MT=Variable	not available	not available	NT=DSSO;AC=XLMOD:02126;CL=yes;TA=K,S,T,Y,nterm;MH=54.01;ML=85.98	not available	0.25 mM	not available	not available	not available	XL_Lys_DR_R3_SCX_18.raw	NT=ms-proteomics;VV=v1.1.0	NT=crosslinking;VV=v1.0.0	NT=human;VV=v1.1.0
PXD030532_XL_Lys_DR_R1_SCX_7	NT=Homo sapiens;AC=NCBITaxon:9606	lysosomes and early endosomes	not available	4	PXD030532_XL_Lys_DR_R1_SCX_7_assay	proteomic profiling by mass spectrometry	data-dependent acquisition	NT=label free sample;AC=MS:1002038	7	1	not available	not available	NT=Carbamidomethyl;AC=UNIMOD:4;TA=C;MT=Fixed	NT=Oxidation;AC=UNIMOD:21;TA=M;MT=Variable	not available	not available	NT=DSSO;AC=XLMOD:02126;CL=yes;TA=K,S,T,Y,nterm;MH=54.01;ML=85.98	not available	0.25 mM	not available	not available	not available	XL_Lys_DR_R1_SCX_7.raw	NT=ms-proteomics;VV=v1.1.0	NT=crosslinking;VV=v1.0.0	NT=human;VV=v1.1.0
PXD030532_XL_Lys_IT_R3_SCX_17	NT=Homo sapiens;AC=NCBITaxon:9606	lysosomes and early endosomes	not available	4	PXD030532_XL_Lys_IT_R3_SCX_17_assay	proteomic profiling by mass spectrometry	data-dependent acquisition	NT=label free sample;AC=MS:1002038	17	1	not available	not available	NT=Carbamidomethyl;AC=UNIMOD:4;TA=C;MT=Fixed	NT=Oxidation;AC=UNIMOD:21;TA=M;MT=Variable	not available	not available	NT=DSSO;AC=XLMOD:02126;CL=yes;TA=K,S,T,Y,nterm;MH=54.01;ML=85.98	not available	0.25 mM	not available	not available	not available	XL_Lys_IT_R3_SCX_17.raw	NT=ms-proteomics;VV=v1.1.0	NT=crosslinking;VV=v1.0.0	NT=human;VV=v1.1.0
PXD030532_XL_Lys_DR_R2_SCX_5	NT=Homo sapiens;AC=NCBITaxon:9606	lysosomes and early endosomes	not available	7	PXD030532_XL_Lys_DR_R2_SCX_5_assay	proteomic profiling by mass spectrometry	data-dependent acquisition	NT=label free sample;AC=MS:1002038	5	1	not available	not available	NT=Carbamidomethyl;AC=UNIMOD:4;TA=C;MT=Fixed	NT=Oxidation;AC=UNIMOD:21;TA=M;MT=Variable	not available	not available	NT=DSSO;AC=XLMOD:02126;CL=yes;TA=K,S,T,Y,nterm;MH=54.01;ML=85.98	not available	0.25 mM	not available	not available	not available	XL_Lys_DR_R2_SCX_5.raw	NT=ms-proteomics;VV=v1.1.0	NT=crosslinking;VV=v1.0.0	NT=human;VV=v1.1.0
PXD030532_FLOT_XL_SCX_1_R1	NT=Homo sapiens;AC=NCBITaxon:9606	lysosomes and early endosomes	not available	13	PXD030532_FLOT_XL_SCX_1_R1_assay	proteomic profiling by mass spectrometry	data-dependent acquisition	NT=label free sample;AC=MS:1002038	1	1	not available	not available	NT=Carbamidomethyl;AC=UNIMOD:4;TA=C;MT=Fixed	NT=Oxidation;AC=UNIMOD:21;TA=M;MT=Variable	not available	not available	NT=DSSO;AC=XLMOD:02126;CL=yes;TA=K,S,T,Y,nterm;MH=54.01;ML=85.98	not available	0.25 mM	not available	not available	not available	FLOT_XL_SCX_1_R1.raw	NT=ms-proteomics;VV=v1.1.0	NT=crosslinking;VV=v1.0.0	NT=human;VV=v1.1.0
PXD030532_XL_Lys_IT_R1_SCX_17	NT=Homo sapiens;AC=NCBITaxon:9606	lysosomes and early endosomes	not available	5	PXD030532_XL_Lys_IT_R1_SCX_17_assay	proteomic profiling by mass spectrometry	data-dependent acquisition	NT=label free sample;AC=MS:1002038	17	1	not available	not available	NT=Carbamidomethyl;AC=UNIMOD:4;TA=C;MT=Fixed	NT=Oxidation;AC=UNIMOD:21;TA=M;MT=Variable	not available	not available	NT=DSSO;AC=XLMOD:02126;CL=yes;TA=K,S,T,Y,nterm;MH=54.01;ML=85.98	not available	0.25 mM	not available	not available	not available	XL_Lys_IT_R1_SCX_17.raw	NT=ms-proteomics;VV=v1.1.0	NT=crosslinking;VV=v1.0.0	NT=human;VV=v1.1.0
PXD030532_FLOT_XL_SCX_20_R2	NT=Homo sapiens;AC=NCBITaxon:9606	lysosomes and early endosomes	not available	3	PXD030532_FLOT_XL_SCX_20_R2_assay	proteomic profiling by mass spectrometry	data-dependent acquisition	NT=label free sample;AC=MS:1002038	20	1	not available	not available	NT=Carbamidomethyl;AC=UNIMOD:4;TA=C;MT=Fixed	NT=Oxidation;AC=UNIMOD:21;TA=M;MT=Variable	not available	not available	NT=DSSO;AC=XLMOD:02126;CL=yes;TA=K,S,T,Y,nterm;MH=54.01;ML=85.98	not available	0.25 mM	not available	not available	not available	FLOT_XL_SCX_20_R2.raw	NT=ms-proteomics;VV=v1.1.0	NT=crosslinking;VV=v1.0.0	NT=human;VV=v1.1.0
PXD030532_XL_Lys_DR_R3_SCX_12	NT=Homo sapiens;AC=NCBITaxon:9606	lysosomes and early endosomes	not available	8	PXD030532_XL_Lys_DR_R3_SCX_12_assay	proteomic profiling by mass spectrometry	data-dependent acquisition	NT=label free sample;AC=MS:1002038	12	1	not available	not available	NT=Carbamidomethyl;AC=UNIMOD:4;TA=C;MT=Fixed	NT=Oxidation;AC=UNIMOD:21;TA=M;MT=Variable	not available	not available	NT=DSSO;AC=XLMOD:02126;CL=yes;TA=K,S,T,Y,nterm;MH=54.01;ML=85.98	not available	0.25 mM	not available	not available	not available	XL_Lys_DR_R3_SCX_12.raw	NT=ms-proteomics;VV=v1.1.0	NT=crosslinking;VV=v1.0.0	NT=human;VV=v1.1.0
PXD030532_JS3_114_1_SPIONs_IP_DIA_R2	Homo sapiens	lysosomes and early endosomes	not available	14	PXD030532_JS3_114_1_SPIONs_IP_DIA_R2_assay	proteomic profiling by mass spectrometry	data-dependent acquisition	NT=label free sample;AC=MS:1002038	1	1	not available	not available	NT=Carbamidomethyl;AC=UNIMOD:4;TA=C;MT=Fixed	NT=Oxidation;AC=UNIMOD:21;TA=M;MT=Variable	not available	not available	NT=DSSO;AC=XLMOD:02126;CL=yes;TA=K,S,T,Y,nterm;MH=54.01;ML=85.98	not available	0.25 mM	not available	not available	not available	JS3_114_1_SPIONs_IP_DIA_R2.raw	NT=ms-proteomics;VV=v1.1.0	NT=crosslinking;VV=v1.0.0	NT=human;VV=v1.1.0
PXD030532_FLOT_XL_SCX_4_R1	NT=Homo sapiens;AC=NCBITaxon:9606	lysosomes and early endosomes	not available	3	PXD030532_FLOT_XL_SCX_4_R1_assay	proteomic profiling by mass spectrometry	data-dependent acquisition	NT=label free sample;AC=MS:1002038	4	1	not available	not available	NT=Carbamidomethyl;AC=UNIMOD:4;TA=C;MT=Fixed	NT=Oxidation;AC=UNIMOD:21;TA=M;MT=Variable	not available	not available	NT=DSSO;AC=XLMOD:02126;CL=yes;TA=K,S,T,Y,nterm;MH=54.01;ML=85.98	not available	0.25 mM	not available	not available	not available	FLOT_XL_SCX_4_R1.raw	NT=ms-proteomics;VV=v1.1.0	NT=crosslinking;VV=v1.0.0	NT=human;VV=v1.1.0
PXD030532_XL_Lys_DR_R2_SCX_20	NT=Homo sapiens;AC=NCBITaxon:9606	lysosomes and early endosomes	not available	4	PXD030532_XL_Lys_DR_R2_SCX_20_assay	proteomic profiling by mass spectrometry	data-dependent acquisition	NT=label free sample;AC=MS:1002038	20	1	not available	not available	NT=Carbamidomethyl;AC=UNIMOD:4;TA=C;MT=Fixed	NT=Oxidation;AC=UNIMOD:21;TA=M;MT=Variable	not available	not available	NT=DSSO;AC=XLMOD:02126;CL=yes;TA=K,S,T,Y,nterm;MH=54.01;ML=85.98	not available	0.25 mM	not available	not available	not available	XL_Lys_DR_R2_SCX_20.raw	NT=ms-proteomics;VV=v1.1.0	NT=crosslinking;VV=v1.0.0	NT=human;VV=v1.1.0
PXD030532_XL_Lys_IT_R2_SCX_13	NT=Homo sapiens;AC=NCBITaxon:9606	lysosomes and early endosomes	not available	4	PXD030532_XL_Lys_IT_R2_SCX_13_assay	proteomic profiling by mass spectrometry	data-dependent acquisition	NT=label free sample;AC=MS:1002038	13	1	not available	not available	NT=Carbamidomethyl;AC=UNIMOD:4;TA=C;MT=Fixed	NT=Oxidation;AC=UNIMOD:21;TA=M;MT=Variable	not available	not available	NT=DSSO;AC=XLMOD:02126;CL=yes;TA=K,S,T,Y,nterm;MH=54.01;ML=85.98	not available	0.25 mM	not available	not available	not available	XL_Lys_IT_R2_SCX_13.raw	NT=ms-proteomics;VV=v1.1.0	NT=crosslinking;VV=v1.0.0	NT=human;VV=v1.1.0
PXD030532_XL_Lys_IT_R2_SCX_15	NT=Homo sapiens;AC=NCBITaxon:9606	lysosomes and early endosomes	not available	3	PXD030532_XL_Lys_IT_R2_SCX_15_assay	proteomic profiling by mass spectrometry	data-dependent acquisition	NT=label free sample;AC=MS:1002038	15	1	not available	not available	NT=Carbamidomethyl;AC=UNIMOD:4;TA=C;MT=Fixed	NT=Oxidation;AC=UNIMOD:21;TA=M;MT=Variable	not available	not available	NT=DSSO;AC=XLMOD:02126;CL=yes;TA=K,S,T,Y,nterm;MH=54.01;ML=85.98	not available	0.25 mM	not available	not available	not available	XL_Lys_IT_R2_SCX_15.raw	NT=ms-proteomics;VV=v1.1.0	NT=crosslinking;VV=v1.0.0	NT=human;VV=v1.1.0
PXD030532_FLOT_XL_Protein_IDs_R2	NT=Homo sapiens;AC=NCBITaxon:9606	lysosomes and early endosomes	not available	15	PXD030532_FLOT_XL_Protein_IDs_R2_assay	proteomic profiling by mass spectrometry	data-dependent acquisition	NT=label free sample;AC=MS:1002038	1	1	not available	not available	NT=Carbamidomethyl;AC=UNIMOD:4;TA=C;MT=Fixed	NT=Oxidation;AC=UNIMOD:21;TA=M;MT=Variable	not available	not available	NT=DSSO;AC=XLMOD:02126;CL=yes;TA=K,S,T,Y,nterm;MH=54.01;ML=85.98	not available	0.25 mM	not available	not available	not available	FLOT_XL_Protein_IDs_R2.raw	NT=ms-proteomics;VV=v1.1.0	NT=crosslinking;VV=v1.0.0	NT=human;VV=v1.1.0
PXD030532_Lys_DR_R1_Not_XL	NT=Homo sapiens;AC=NCBITaxon:9606	lysosomes and early endosomes	not available	16	PXD030532_Lys_DR_R1_Not_XL_assay	proteomic profiling by mass spectrometry	data-dependent acquisition	NT=label free sample;AC=MS:1002038	1	1	not available	not available	NT=Carbamidomethyl;AC=UNIMOD:4;TA=C;MT=Fixed	NT=Oxidation;AC=UNIMOD:21;TA=M;MT=Variable	not available	not available	NT=DSSO;AC=XLMOD:02126;CL=yes;TA=K,S,T,Y,nterm;MH=54.01;ML=85.98	not available	0.25 mM	not available	not available	not available	Lys_DR_R1_Not_XL.raw	NT=ms-proteomics;VV=v1.1.0	NT=crosslinking;VV=v1.0.0	NT=human;VV=v1.1.0
PXD030532_XL_Lys_IT_R1_SCX_16	NT=Homo sapiens;AC=NCBITaxon:9606	lysosomes and early endosomes	not available	5	PXD030532_XL_Lys_IT_R1_SCX_16_assay	proteomic profiling by mass spectrometry	data-dependent acquisition	NT=label free sample;AC=MS:1002038	16	1	not available	not available	NT=Carbamidomethyl;AC=UNIMOD:4;TA=C;MT=Fixed	NT=Oxidation;AC=UNIMOD:21;TA=M;MT=Variable	not available	not available	NT=DSSO;AC=XLMOD:02126;CL=yes;TA=K,S,T,Y,nterm;MH=54.01;ML=85.98	not available	0.25 mM	not available	not available	not available	XL_Lys_IT_R1_SCX_16.raw	NT=ms-proteomics;VV=v1.1.0	NT=crosslinking;VV=v1.0.0	NT=human;VV=v1.1.0
PXD030532_XL_Lys_DR_R3_SCX_4	NT=Homo sapiens;AC=NCBITaxon:9606	lysosomes and early endosomes	not available	4	PXD030532_XL_Lys_DR_R3_SCX_4_assay	proteomic profiling by mass spectrometry	data-dependent acquisition	NT=label free sample;AC=MS:1002038	4	1	not available	not available	NT=Carbamidomethyl;AC=UNIMOD:4;TA=C;MT=Fixed	NT=Oxidation;AC=UNIMOD:21;TA=M;MT=Variable	not available	not available	NT=DSSO;AC=XLMOD:02126;CL=yes;TA=K,S,T,Y,nterm;MH=54.01;ML=85.98	not available	0.25 mM	not available	not available	not available	XL_Lys_DR_R3_SCX_4.raw	NT=ms-proteomics;VV=v1.1.0	NT=crosslinking;VV=v1.0.0	NT=human;VV=v1.1.0
PXD030532_FLOT_XL_SCX_9_R2	NT=Homo sapiens;AC=NCBITaxon:9606	lysosomes and early endosomes	not available	3	PXD030532_FLOT_XL_SCX_9_R2_assay	proteomic profiling by mass spectrometry	data-dependent acquisition	NT=label free sample;AC=MS:1002038	9	1	not available	not available	NT=Carbamidomethyl;AC=UNIMOD:4;TA=C;MT=Fixed	NT=Oxidation;AC=UNIMOD:21;TA=M;MT=Variable	not available	not available	NT=DSSO;AC=XLMOD:02126;CL=yes;TA=K,S,T,Y,nterm;MH=54.01;ML=85.98	not available	0.25 mM	not available	not available	not available	FLOT_XL_SCX_9_R2.raw	NT=ms-proteomics;VV=v1.1.0	NT=crosslinking;VV=v1.0.0	NT=human;VV=v1.1.0
PXD030532_XL_Lys_DR_R1_SCX_9	NT=Homo sapiens;AC=NCBITaxon:9606	lysosomes and early endosomes	not available	4	PXD030532_XL_Lys_DR_R1_SCX_9_assay	proteomic profiling by mass spectrometry	data-dependent acquisition	NT=label free sample;AC=MS:1002038	9	1	not available	not available	NT=Carbamidomethyl;AC=UNIMOD:4;TA=C;MT=Fixed	NT=Oxidation;AC=UNIMOD:21;TA=M;MT=Variable	not available	not available	NT=DSSO;AC=XLMOD:02126;CL=yes;TA=K,S,T,Y,nterm;MH=54.01;ML=85.98	not available	0.25 mM	not available	not available	not available	XL_Lys_DR_R1_SCX_9.raw	NT=ms-proteomics;VV=v1.1.0	NT=crosslinking;VV=v1.0.0	NT=human;VV=v1.1.0
PXD030532_XL_Lys_DR_R2_SCX_19	NT=Homo sapiens;AC=NCBITaxon:9606	lysosomes and early endosomes	not available	5	PXD030532_XL_Lys_DR_R2_SCX_19_assay	proteomic profiling by mass spectrometry	data-dependent acquisition	NT=label free sample;AC=MS:1002038	19	1	not available	not available	NT=Carbamidomethyl;AC=UNIMOD:4;TA=C;MT=Fixed	NT=Oxidation;AC=UNIMOD:21;TA=M;MT=Variable	not available	not available	NT=DSSO;AC=XLMOD:02126;CL=yes;TA=K,S,T,Y,nterm;MH=54.01;ML=85.98	not available	0.25 mM	not available	not available	not available	XL_Lys_DR_R2_SCX_19.raw	NT=ms-proteomics;VV=v1.1.0	NT=crosslinking;VV=v1.0.0	NT=human;VV=v1.1.0
PXD030532_XL_Lys_DR_R2_SCX_1	NT=Homo sapiens;AC=NCBITaxon:9606	lysosomes and early endosomes	not available	17	PXD030532_XL_Lys_DR_R2_SCX_1_assay	proteomic profiling by mass spectrometry	data-dependent acquisition	NT=label free sample;AC=MS:1002038	1	1	not available	not available	NT=Carbamidomethyl;AC=UNIMOD:4;TA=C;MT=Fixed	NT=Oxidation;AC=UNIMOD:21;TA=M;MT=Variable	not available	not available	NT=DSSO;AC=XLMOD:02126;CL=yes;TA=K,S,T,Y,nterm;MH=54.01;ML=85.98	not available	0.25 mM	not available	not available	not available	XL_Lys_DR_R2_SCX_1.raw	NT=ms-proteomics;VV=v1.1.0	NT=crosslinking;VV=v1.0.0	NT=human;VV=v1.1.0
PXD030532_FLOT_XL_SCX_7_R2	NT=Homo sapiens;AC=NCBITaxon:9606	lysosomes and early endosomes	not available	5	PXD030532_FLOT_XL_SCX_7_R2_assay	proteomic profiling by mass spectrometry	data-dependent acquisition	NT=label free sample;AC=MS:1002038	7	1	not available	not available	NT=Carbamidomethyl;AC=UNIMOD:4;TA=C;MT=Fixed	NT=Oxidation;AC=UNIMOD:21;TA=M;MT=Variable	not available	not available	NT=DSSO;AC=XLMOD:02126;CL=yes;TA=K,S,T,Y,nterm;MH=54.01;ML=85.98	not available	0.25 mM	not available	not available	not available	FLOT_XL_SCX_7_R2.raw	NT=ms-proteomics;VV=v1.1.0	NT=crosslinking;VV=v1.0.0	NT=human;VV=v1.1.0
PXD030532_JS3_114_3_GFP_DIA_R2	Homo sapiens	lysosomes and early endosomes	not available	18	PXD030532_JS3_114_3_GFP_DIA_R2_assay	proteomic profiling by mass spectrometry	data-dependent acquisition	NT=label free sample;AC=MS:1002038	1	1	not available	not available	NT=Carbamidomethyl;AC=UNIMOD:4;TA=C;MT=Fixed	NT=Oxidation;AC=UNIMOD:21;TA=M;MT=Variable	not available	not available	NT=DSSO;AC=XLMOD:02126;CL=yes;TA=K,S,T,Y,nterm;MH=54.01;ML=85.98	not available	0.25 mM	not available	not available	not available	JS3_114_3_GFP_DIA_R2.raw	NT=ms-proteomics;VV=v1.1.0	NT=crosslinking;VV=v1.0.0	NT=human;VV=v1.1.0
PXD030532_XL_Lys_IT_R3_SCX_15	NT=Homo sapiens;AC=NCBITaxon:9606	lysosomes and early endosomes	not available	4	PXD030532_XL_Lys_IT_R3_SCX_15_assay	proteomic profiling by mass spectrometry	data-dependent acquisition	NT=label free sample;AC=MS:1002038	15	1	not available	not available	NT=Carbamidomethyl;AC=UNIMOD:4;TA=C;MT=Fixed	NT=Oxidation;AC=UNIMOD:21;TA=M;MT=Variable	not available	not available	NT=DSSO;AC=XLMOD:02126;CL=yes;TA=K,S,T,Y,nterm;MH=54.01;ML=85.98	not available	0.25 mM	not available	not available	not available	XL_Lys_IT_R3_SCX_15.raw	NT=ms-proteomics;VV=v1.1.0	NT=crosslinking;VV=v1.0.0	NT=human;VV=v1.1.0
PXD030532_XL_Lys_DR_R1_SCX_10	NT=Homo sapiens;AC=NCBITaxon:9606	lysosomes and early endosomes	not available	5	PXD030532_XL_Lys_DR_R1_SCX_10_assay	proteomic profiling by mass spectrometry	data-dependent acquisition	NT=label free sample;AC=MS:1002038	10	1	not available	not available	NT=Carbamidomethyl;AC=UNIMOD:4;TA=C;MT=Fixed	NT=Oxidation;AC=UNIMOD:21;TA=M;MT=Variable	not available	not available	NT=DSSO;AC=XLMOD:02126;CL=yes;TA=K,S,T,Y,nterm;MH=54.01;ML=85.98	not available	0.25 mM	not available	not available	not available	XL_Lys_DR_R1_SCX_10.raw	NT=ms-proteomics;VV=v1.1.0	NT=crosslinking;VV=v1.0.0	NT=human;VV=v1.1.0
PXD030532_XL_Lys_IT_R2_SCX_2	NT=Homo sapiens;AC=NCBITaxon:9606	lysosomes and early endosomes	not available	6	PXD030532_XL_Lys_IT_R2_SCX_2_assay	proteomic profiling by mass spectrometry	data-dependent acquisition	NT=label free sample;AC=MS:1002038	2	1	not available	not available	NT=Carbamidomethyl;AC=UNIMOD:4;TA=C;MT=Fixed	NT=Oxidation;AC=UNIMOD:21;TA=M;MT=Variable	not available	not available	NT=DSSO;AC=XLMOD:02126;CL=yes;TA=K,S,T,Y,nterm;MH=54.01;ML=85.98	not available	0.25 mM	not available	not available	not available	XL_Lys_IT_R2_SCX_2.raw	NT=ms-proteomics;VV=v1.1.0	NT=crosslinking;VV=v1.0.0	NT=human;VV=v1.1.0
PXD030532_FLOT_XL_SCX_16_R2	NT=Homo sapiens;AC=NCBITaxon:9606	lysosomes and early endosomes	not available	6	PXD030532_FLOT_XL_SCX_16_R2_assay	proteomic profiling by mass spectrometry	data-dependent acquisition	NT=label free sample;AC=MS:1002038	16	1	not available	not available	NT=Carbamidomethyl;AC=UNIMOD:4;TA=C;MT=Fixed	NT=Oxidation;AC=UNIMOD:21;TA=M;MT=Variable	not available	not available	NT=DSSO;AC=XLMOD:02126;CL=yes;TA=K,S,T,Y,nterm;MH=54.01;ML=85.98	not available	0.25 mM	not available	not available	not available	FLOT_XL_SCX_16_R2.raw	NT=ms-proteomics;VV=v1.1.0	NT=crosslinking;VV=v1.0.0	NT=human;VV=v1.1.0
PXD030532_XL_Lys_DR_R2_SCX_13	NT=Homo sapiens;AC=NCBITaxon:9606	lysosomes and early endosomes	not available	5	PXD030532_XL_Lys_DR_R2_SCX_13_assay	proteomic profiling by mass spectrometry	data-dependent acquisition	NT=label free sample;AC=MS:1002038	13	1	not available	not available	NT=Carbamidomethyl;AC=UNIMOD:4;TA=C;MT=Fixed	NT=Oxidation;AC=UNIMOD:21;TA=M;MT=Variable	not available	not available	NT=DSSO;AC=XLMOD:02126;CL=yes;TA=K,S,T,Y,nterm;MH=54.01;ML=85.98	not available	0.25 mM	not available	not available	not available	XL_Lys_DR_R2_SCX_13.raw	NT=ms-proteomics;VV=v1.1.0	NT=crosslinking;VV=v1.0.0	NT=human;VV=v1.1.0
PXD030532_XL_Lys_DR_R1_SCX_14	NT=Homo sapiens;AC=NCBITaxon:9606	lysosomes and early endosomes	not available	4	PXD030532_XL_Lys_DR_R1_SCX_14_assay	proteomic profiling by mass spectrometry	data-dependent acquisition	NT=label free sample;AC=MS:1002038	14	1	not available	not available	NT=Carbamidomethyl;AC=UNIMOD:4;TA=C;MT=Fixed	NT=Oxidation;AC=UNIMOD:21;TA=M;MT=Variable	not available	not available	NT=DSSO;AC=XLMOD:02126;CL=yes;TA=K,S,T,Y,nterm;MH=54.01;ML=85.98	not available	0.25 mM	not available	not available	not available	XL_Lys_DR_R1_SCX_14.raw	NT=ms-proteomics;VV=v1.1.0	NT=crosslinking;VV=v1.0.0	NT=human;VV=v1.1.0
PXD030532_FLOT_XL_Protein_IDs_R1	NT=Homo sapiens;AC=NCBITaxon:9606	lysosomes and early endosomes	not available	19	PXD030532_FLOT_XL_Protein_IDs_R1_assay	proteomic profiling by mass spectrometry	data-dependent acquisition	NT=label free sample;AC=MS:1002038	1	1	not available	not available	NT=Carbamidomethyl;AC=UNIMOD:4;TA=C;MT=Fixed	NT=Oxidation;AC=UNIMOD:21;TA=M;MT=Variable	not available	not available	NT=DSSO;AC=XLMOD:02126;CL=yes;TA=K,S,T,Y,nterm;MH=54.01;ML=85.98	not available	0.25 mM	not available	not available	not available	FLOT_XL_Protein_IDs_R1.raw	NT=ms-proteomics;VV=v1.1.0	NT=crosslinking;VV=v1.0.0	NT=human;VV=v1.1.0
PXD030532_XL_Lys_IT_R3_SCX_3	NT=Homo sapiens;AC=NCBITaxon:9606	lysosomes and early endosomes	not available	6	PXD030532_XL_Lys_IT_R3_SCX_3_assay	proteomic profiling by mass spectrometry	data-dependent acquisition	NT=label free sample;AC=MS:1002038	3	1	not available	not available	NT=Carbamidomethyl;AC=UNIMOD:4;TA=C;MT=Fixed	NT=Oxidation;AC=UNIMOD:21;TA=M;MT=Variable	not available	not available	NT=DSSO;AC=XLMOD:02126;CL=yes;TA=K,S,T,Y,nterm;MH=54.01;ML=85.98	not available	0.25 mM	not available	not available	not available	XL_Lys_IT_R3_SCX_3.raw	NT=ms-proteomics;VV=v1.1.0	NT=crosslinking;VV=v1.0.0	NT=human;VV=v1.1.0
PXD030532_XL_Lys_DR_R1_SCX_15	NT=Homo sapiens;AC=NCBITaxon:9606	lysosomes and early endosomes	not available	5	PXD030532_XL_Lys_DR_R1_SCX_15_assay	proteomic profiling by mass spectrometry	data-dependent acquisition	NT=label free sample;AC=MS:1002038	15	1	not available	not available	NT=Carbamidomethyl;AC=UNIMOD:4;TA=C;MT=Fixed	NT=Oxidation;AC=UNIMOD:21;TA=M;MT=Variable	not available	not available	NT=DSSO;AC=XLMOD:02126;CL=yes;TA=K,S,T,Y,nterm;MH=54.01;ML=85.98	not available	0.25 mM	not available	not available	not available	XL_Lys_DR_R1_SCX_15.raw	NT=ms-proteomics;VV=v1.1.0	NT=crosslinking;VV=v1.0.0	NT=human;VV=v1.1.0
PXD030532_XL_Lys_IT_R1_SCX_15	NT=Homo sapiens;AC=NCBITaxon:9606	lysosomes and early endosomes	not available	6	PXD030532_XL_Lys_IT_R1_SCX_15_assay	proteomic profiling by mass spectrometry	data-dependent acquisition	NT=label free sample;AC=MS:1002038	15	1	not available	not available	NT=Carbamidomethyl;AC=UNIMOD:4;TA=C;MT=Fixed	NT=Oxidation;AC=UNIMOD:21;TA=M;MT=Variable	not available	not available	NT=DSSO;AC=XLMOD:02126;CL=yes;TA=K,S,T,Y,nterm;MH=54.01;ML=85.98	not available	0.25 mM	not available	not available	not available	XL_Lys_IT_R1_SCX_15.raw	NT=ms-proteomics;VV=v1.1.0	NT=crosslinking;VV=v1.0.0	NT=human;VV=v1.1.0
PXD030532_XL_Lys_IT_R2_SCX_18	NT=Homo sapiens;AC=NCBITaxon:9606	lysosomes and early endosomes	not available	6	PXD030532_XL_Lys_IT_R2_SCX_18_assay	proteomic profiling by mass spectrometry	data-dependent acquisition	NT=label free sample;AC=MS:1002038	18	1	not available	not available	NT=Carbamidomethyl;AC=UNIMOD:4;TA=C;MT=Fixed	NT=Oxidation;AC=UNIMOD:21;TA=M;MT=Variable	not available	not available	NT=DSSO;AC=XLMOD:02126;CL=yes;TA=K,S,T,Y,nterm;MH=54.01;ML=85.98	not available	0.25 mM	not available	not available	not available	XL_Lys_IT_R2_SCX_18.raw	NT=ms-proteomics;VV=v1.1.0	NT=crosslinking;VV=v1.0.0	NT=human;VV=v1.1.0
PXD030532_XL_Lys_IT_R1_SCX_19	NT=Homo sapiens;AC=NCBITaxon:9606	lysosomes and early endosomes	not available	6	PXD030532_XL_Lys_IT_R1_SCX_19_assay	proteomic profiling by mass spectrometry	data-dependent acquisition	NT=label free sample;AC=MS:1002038	19	1	not available	not available	NT=Carbamidomethyl;AC=UNIMOD:4;TA=C;MT=Fixed	NT=Oxidation;AC=UNIMOD:21;TA=M;MT=Variable	not available	not available	NT=DSSO;AC=XLMOD:02126;CL=yes;TA=K,S,T,Y,nterm;MH=54.01;ML=85.98	not available	0.25 mM	not available	not available	not available	XL_Lys_IT_R1_SCX_19.raw	NT=ms-proteomics;VV=v1.1.0	NT=crosslinking;VV=v1.0.0	NT=human;VV=v1.1.0
PXD030532_XL_Lys_IT_R1_SCX_9	NT=Homo sapiens;AC=NCBITaxon:9606	lysosomes and early endosomes	not available	5	PXD030532_XL_Lys_IT_R1_SCX_9_assay	proteomic profiling by mass spectrometry	data-dependent acquisition	NT=label free sample;AC=MS:1002038	9	1	not available	not available	NT=Carbamidomethyl;AC=UNIMOD:4;TA=C;MT=Fixed	NT=Oxidation;AC=UNIMOD:21;TA=M;MT=Variable	not available	not available	NT=DSSO;AC=XLMOD:02126;CL=yes;TA=K,S,T,Y,nterm;MH=54.01;ML=85.98	not available	0.25 mM	not available	not available	not available	XL_Lys_IT_R1_SCX_9.raw	NT=ms-proteomics;VV=v1.1.0	NT=crosslinking;VV=v1.0.0	NT=human;VV=v1.1.0
PXD030532_Lys_IT_R1_Not_XL	NT=Homo sapiens;AC=NCBITaxon:9606	lysosomes and early endosomes	not available	20	PXD030532_Lys_IT_R1_Not_XL_assay	proteomic profiling by mass spectrometry	data-dependent acquisition	NT=label free sample;AC=MS:1002038	1	1	not available	not available	NT=Carbamidomethyl;AC=UNIMOD:4;TA=C;MT=Fixed	NT=Oxidation;AC=UNIMOD:21;TA=M;MT=Variable	not available	not available	NT=DSSO;AC=XLMOD:02126;CL=yes;TA=K,S,T,Y,nterm;MH=54.01;ML=85.98	not available	0.25 mM	not available	not available	not available	Lys_IT_R1_Not_XL.raw	NT=ms-proteomics;VV=v1.1.0	NT=crosslinking;VV=v1.0.0	NT=human;VV=v1.1.0
PXD030532_Lys_IT_R2_Not_XL	NT=Homo sapiens;AC=NCBITaxon:9606	lysosomes and early endosomes	not available	21	PXD030532_Lys_IT_R2_Not_XL_assay	proteomic profiling by mass spectrometry	data-dependent acquisition	NT=label free sample;AC=MS:1002038	1	1	not available	not available	NT=Carbamidomethyl;AC=UNIMOD:4;TA=C;MT=Fixed	NT=Oxidation;AC=UNIMOD:21;TA=M;MT=Variable	not available	not available	NT=DSSO;AC=XLMOD:02126;CL=yes;TA=K,S,T,Y,nterm;MH=54.01;ML=85.98	not available	0.25 mM	not available	not available	not available	Lys_IT_R2_Not_XL.raw	NT=ms-proteomics;VV=v1.1.0	NT=crosslinking;VV=v1.0.0	NT=human;VV=v1.1.0
PXD030532_FLOT_XL_SCX_15_R2	NT=Homo sapiens;AC=NCBITaxon:9606	lysosomes and early endosomes	not available	7	PXD030532_FLOT_XL_SCX_15_R2_assay	proteomic profiling by mass spectrometry	data-dependent acquisition	NT=label free sample;AC=MS:1002038	15	1	not available	not available	NT=Carbamidomethyl;AC=UNIMOD:4;TA=C;MT=Fixed	NT=Oxidation;AC=UNIMOD:21;TA=M;MT=Variable	not available	not available	NT=DSSO;AC=XLMOD:02126;CL=yes;TA=K,S,T,Y,nterm;MH=54.01;ML=85.98	not available	0.25 mM	not available	not available	not available	FLOT_XL_SCX_15_R2.raw	NT=ms-proteomics;VV=v1.1.0	NT=crosslinking;VV=v1.0.0	NT=human;VV=v1.1.0
PXD030532_XL_Lys_IT_R2_SCX_20	NT=Homo sapiens;AC=NCBITaxon:9606	lysosomes and early endosomes	not available	5	PXD030532_XL_Lys_IT_R2_SCX_20_assay	proteomic profiling by mass spectrometry	data-dependent acquisition	NT=label free sample;AC=MS:1002038	20	1	not available	not available	NT=Carbamidomethyl;AC=UNIMOD:4;TA=C;MT=Fixed	NT=Oxidation;AC=UNIMOD:21;TA=M;MT=Variable	not available	not available	NT=DSSO;AC=XLMOD:02126;CL=yes;TA=K,S,T,Y,nterm;MH=54.01;ML=85.98	not available	0.25 mM	not available	not available	not available	XL_Lys_IT_R2_SCX_20.raw	NT=ms-proteomics;VV=v1.1.0	NT=crosslinking;VV=v1.0.0	NT=human;VV=v1.1.0
PXD030532_XL_Lys_IT_R2_SCX_4	NT=Homo sapiens;AC=NCBITaxon:9606	lysosomes and early endosomes	not available	5	PXD030532_XL_Lys_IT_R2_SCX_4_assay	proteomic profiling by mass spectrometry	data-dependent acquisition	NT=label free sample;AC=MS:1002038	4	1	not available	not available	NT=Carbamidomethyl;AC=UNIMOD:4;TA=C;MT=Fixed	NT=Oxidation;AC=UNIMOD:21;TA=M;MT=Variable	not available	not available	NT=DSSO;AC=XLMOD:02126;CL=yes;TA=K,S,T,Y,nterm;MH=54.01;ML=85.98	not available	0.25 mM	not available	not available	not available	XL_Lys_IT_R2_SCX_4.raw	NT=ms-proteomics;VV=v1.1.0	NT=crosslinking;VV=v1.0.0	NT=human;VV=v1.1.0
PXD030532_XL_Lys_DR_R2_SCX_10	NT=Homo sapiens;AC=NCBITaxon:9606	lysosomes and early endosomes	not available	6	PXD030532_XL_Lys_DR_R2_SCX_10_assay	proteomic profiling by mass spectrometry	data-dependent acquisition	NT=label free sample;AC=MS:1002038	10	1	not available	not available	NT=Carbamidomethyl;AC=UNIMOD:4;TA=C;MT=Fixed	NT=Oxidation;AC=UNIMOD:21;TA=M;MT=Variable	not available	not available	NT=DSSO;AC=XLMOD:02126;CL=yes;TA=K,S,T,Y,nterm;MH=54.01;ML=85.98	not available	0.25 mM	not available	not available	not available	XL_Lys_DR_R2_SCX_10.raw	NT=ms-proteomics;VV=v1.1.0	NT=crosslinking;VV=v1.0.0	NT=human;VV=v1.1.0
PXD030532_XL_Lys_DR_R2_SCX_7	NT=Homo sapiens;AC=NCBITaxon:9606	lysosomes and early endosomes	not available	6	PXD030532_XL_Lys_DR_R2_SCX_7_assay	proteomic profiling by mass spectrometry	data-dependent acquisition	NT=label free sample;AC=MS:1002038	7	1	not available	not available	NT=Carbamidomethyl;AC=UNIMOD:4;TA=C;MT=Fixed	NT=Oxidation;AC=UNIMOD:21;TA=M;MT=Variable	not available	not available	NT=DSSO;AC=XLMOD:02126;CL=yes;TA=K,S,T,Y,nterm;MH=54.01;ML=85.98	not available	0.25 mM	not available	not available	not available	XL_Lys_DR_R2_SCX_7.raw	NT=ms-proteomics;VV=v1.1.0	NT=crosslinking;VV=v1.0.0	NT=human;VV=v1.1.0
PXD030532_XL_Lys_IT_R2_SCX_9	NT=Homo sapiens;AC=NCBITaxon:9606	lysosomes and early endosomes	not available	6	PXD030532_XL_Lys_IT_R2_SCX_9_assay	proteomic profiling by mass spectrometry	data-dependent acquisition	NT=label free sample;AC=MS:1002038	9	1	not available	not available	NT=Carbamidomethyl;AC=UNIMOD:4;TA=C;MT=Fixed	NT=Oxidation;AC=UNIMOD:21;TA=M;MT=Variable	not available	not available	NT=DSSO;AC=XLMOD:02126;CL=yes;TA=K,S,T,Y,nterm;MH=54.01;ML=85.98	not available	0.25 mM	not available	not available	not available	XL_Lys_IT_R2_SCX_9.raw	NT=ms-proteomics;VV=v1.1.0	NT=crosslinking;VV=v1.0.0	NT=human;VV=v1.1.0
PXD030532_JS3_114_1_SPIONs_IP_DIA_R1	Homo sapiens	lysosomes and early endosomes	not available	22	PXD030532_JS3_114_1_SPIONs_IP_DIA_R1_assay	proteomic profiling by mass spectrometry	data-dependent acquisition	NT=label free sample;AC=MS:1002038	1	1	not available	not available	NT=Carbamidomethyl;AC=UNIMOD:4;TA=C;MT=Fixed	NT=Oxidation;AC=UNIMOD:21;TA=M;MT=Variable	not available	not available	NT=DSSO;AC=XLMOD:02126;CL=yes;TA=K,S,T,Y,nterm;MH=54.01;ML=85.98	not available	0.25 mM	not available	not available	not available	JS3_114_1_SPIONs_IP_DIA_R1.raw	NT=ms-proteomics;VV=v1.1.0	NT=crosslinking;VV=v1.0.0	NT=human;VV=v1.1.0
PXD030532_JS3_114_3_GFP_DDA	Homo sapiens	lysosomes and early endosomes	not available	23	PXD030532_JS3_114_3_GFP_DDA_assay	proteomic profiling by mass spectrometry	data-dependent acquisition	NT=label free sample;AC=MS:1002038	1	1	not available	not available	NT=Carbamidomethyl;AC=UNIMOD:4;TA=C;MT=Fixed	NT=Oxidation;AC=UNIMOD:21;TA=M;MT=Variable	not available	not available	NT=DSSO;AC=XLMOD:02126;CL=yes;TA=K,S,T,Y,nterm;MH=54.01;ML=85.98	not available	0.25 mM	not available	not available	not available	JS3_114_3_GFP_DDA.raw	NT=ms-proteomics;VV=v1.1.0	NT=crosslinking;VV=v1.0.0	NT=human;VV=v1.1.0
PXD030532_XL_Lys_DR_R3_SCX_13	NT=Homo sapiens;AC=NCBITaxon:9606	lysosomes and early endosomes	not available	6	PXD030532_XL_Lys_DR_R3_SCX_13_assay	proteomic profiling by mass spectrometry	data-dependent acquisition	NT=label free sample;AC=MS:1002038	13	1	not available	not available	NT=Carbamidomethyl;AC=UNIMOD:4;TA=C;MT=Fixed	NT=Oxidation;AC=UNIMOD:21;TA=M;MT=Variable	not available	not available	NT=DSSO;AC=XLMOD:02126;CL=yes;TA=K,S,T,Y,nterm;MH=54.01;ML=85.98	not available	0.25 mM	not available	not available	not available	XL_Lys_DR_R3_SCX_13.raw	NT=ms-proteomics;VV=v1.1.0	NT=crosslinking;VV=v1.0.0	NT=human;VV=v1.1.0
PXD030532_XL_Lys_DR_R1_SCX_5	NT=Homo sapiens;AC=NCBITaxon:9606	lysosomes and early endosomes	not available	8	PXD030532_XL_Lys_DR_R1_SCX_5_assay	proteomic profiling by mass spectrometry	data-dependent acquisition	NT=label free sample;AC=MS:1002038	5	1	not available	not available	NT=Carbamidomethyl;AC=UNIMOD:4;TA=C;MT=Fixed	NT=Oxidation;AC=UNIMOD:21;TA=M;MT=Variable	not available	not available	NT=DSSO;AC=XLMOD:02126;CL=yes;TA=K,S,T,Y,nterm;MH=54.01;ML=85.98	not available	0.25 mM	not available	not available	not available	XL_Lys_DR_R1_SCX_5.raw	NT=ms-proteomics;VV=v1.1.0	NT=crosslinking;VV=v1.0.0	NT=human;VV=v1.1.0
PXD030532_XL_Lys_DR_R3_SCX_20	NT=Homo sapiens;AC=NCBITaxon:9606	lysosomes and early endosomes	not available	6	PXD030532_XL_Lys_DR_R3_SCX_20_assay	proteomic profiling by mass spectrometry	data-dependent acquisition	NT=label free sample;AC=MS:1002038	20	1	not available	not available	NT=Carbamidomethyl;AC=UNIMOD:4;TA=C;MT=Fixed	NT=Oxidation;AC=UNIMOD:21;TA=M;MT=Variable	not available	not available	NT=DSSO;AC=XLMOD:02126;CL=yes;TA=K,S,T,Y,nterm;MH=54.01;ML=85.98	not available	0.25 mM	not available	not available	not available	XL_Lys_DR_R3_SCX_20.raw	NT=ms-proteomics;VV=v1.1.0	NT=crosslinking;VV=v1.0.0	NT=human;VV=v1.1.0
PXD030532_XL_Lys_IT_R3_SCX_4	NT=Homo sapiens;AC=NCBITaxon:9606	lysosomes and early endosomes	not available	6	PXD030532_XL_Lys_IT_R3_SCX_4_assay	proteomic profiling by mass spectrometry	data-dependent acquisition	NT=label free sample;AC=MS:1002038	4	1	not available	not available	NT=Carbamidomethyl;AC=UNIMOD:4;TA=C;MT=Fixed	NT=Oxidation;AC=UNIMOD:21;TA=M;MT=Variable	not available	not available	NT=DSSO;AC=XLMOD:02126;CL=yes;TA=K,S,T,Y,nterm;MH=54.01;ML=85.98	not available	0.25 mM	not available	not available	not available	XL_Lys_IT_R3_SCX_4.raw	NT=ms-proteomics;VV=v1.1.0	NT=crosslinking;VV=v1.0.0	NT=human;VV=v1.1.0
PXD030532_XL_Lys_DR_R2_SCX_16	NT=Homo sapiens;AC=NCBITaxon:9606	lysosomes and early endosomes	not available	7	PXD030532_XL_Lys_DR_R2_SCX_16_assay	proteomic profiling by mass spectrometry	data-dependent acquisition	NT=label free sample;AC=MS:1002038	16	1	not available	not available	NT=Carbamidomethyl;AC=UNIMOD:4;TA=C;MT=Fixed	NT=Oxidation;AC=UNIMOD:21;TA=M;MT=Variable	not available	not available	NT=DSSO;AC=XLMOD:02126;CL=yes;TA=K,S,T,Y,nterm;MH=54.01;ML=85.98	not available	0.25 mM	not available	not available	not available	XL_Lys_DR_R2_SCX_16.raw	NT=ms-proteomics;VV=v1.1.0	NT=crosslinking;VV=v1.0.0	NT=human;VV=v1.1.0
PXD030532_XL_Lys_IT_R1_SCX_11	NT=Homo sapiens;AC=NCBITaxon:9606	lysosomes and early endosomes	not available	7	PXD030532_XL_Lys_IT_R1_SCX_11_assay	proteomic profiling by mass spectrometry	data-dependent acquisition	NT=label free sample;AC=MS:1002038	11	1	not available	not available	NT=Carbamidomethyl;AC=UNIMOD:4;TA=C;MT=Fixed	NT=Oxidation;AC=UNIMOD:21;TA=M;MT=Variable	not available	not available	NT=DSSO;AC=XLMOD:02126;CL=yes;TA=K,S,T,Y,nterm;MH=54.01;ML=85.98	not available	0.25 mM	not available	not available	not available	XL_Lys_IT_R1_SCX_11.raw	NT=ms-proteomics;VV=v1.1.0	NT=crosslinking;VV=v1.0.0	NT=human;VV=v1.1.0
PXD030532_FLOT_XL_SCX_18_R1	NT=Homo sapiens;AC=NCBITaxon:9606	lysosomes and early endosomes	not available	7	PXD030532_FLOT_XL_SCX_18_R1_assay	proteomic profiling by mass spectrometry	data-dependent acquisition	NT=label free sample;AC=MS:1002038	18	1	not available	not available	NT=Carbamidomethyl;AC=UNIMOD:4;TA=C;MT=Fixed	NT=Oxidation;AC=UNIMOD:21;TA=M;MT=Variable	not available	not available	NT=DSSO;AC=XLMOD:02126;CL=yes;TA=K,S,T,Y,nterm;MH=54.01;ML=85.98	not available	0.25 mM	not available	not available	not available	FLOT_XL_SCX_18_R1.raw	NT=ms-proteomics;VV=v1.1.0	NT=crosslinking;VV=v1.0.0	NT=human;VV=v1.1.0
PXD030532_XL_Lys_IT_R2_SCX_19	NT=Homo sapiens;AC=NCBITaxon:9606	lysosomes and early endosomes	not available	7	PXD030532_XL_Lys_IT_R2_SCX_19_assay	proteomic profiling by mass spectrometry	data-dependent acquisition	NT=label free sample;AC=MS:1002038	19	1	not available	not available	NT=Carbamidomethyl;AC=UNIMOD:4;TA=C;MT=Fixed	NT=Oxidation;AC=UNIMOD:21;TA=M;MT=Variable	not available	not available	NT=DSSO;AC=XLMOD:02126;CL=yes;TA=K,S,T,Y,nterm;MH=54.01;ML=85.98	not available	0.25 mM	not available	not available	not available	XL_Lys_IT_R2_SCX_19.raw	NT=ms-proteomics;VV=v1.1.0	NT=crosslinking;VV=v1.0.0	NT=human;VV=v1.1.0
PXD030532_XL_Lys_DR_R3_SCX_2	NT=Homo sapiens;AC=NCBITaxon:9606	lysosomes and early endosomes	not available	7	PXD030532_XL_Lys_DR_R3_SCX_2_assay	proteomic profiling by mass spectrometry	data-dependent acquisition	NT=label free sample;AC=MS:1002038	2	1	not available	not available	NT=Carbamidomethyl;AC=UNIMOD:4;TA=C;MT=Fixed	NT=Oxidation;AC=UNIMOD:21;TA=M;MT=Variable	not available	not available	NT=DSSO;AC=XLMOD:02126;CL=yes;TA=K,S,T,Y,nterm;MH=54.01;ML=85.98	not available	0.25 mM	not available	not available	not available	XL_Lys_DR_R3_SCX_2.raw	NT=ms-proteomics;VV=v1.1.0	NT=crosslinking;VV=v1.0.0	NT=human;VV=v1.1.0
PXD030532_XL_Lys_IT_R1_SCX_4	NT=Homo sapiens;AC=NCBITaxon:9606	lysosomes and early endosomes	not available	7	PXD030532_XL_Lys_IT_R1_SCX_4_assay	proteomic profiling by mass spectrometry	data-dependent acquisition	NT=label free sample;AC=MS:1002038	4	1	not available	not available	NT=Carbamidomethyl;AC=UNIMOD:4;TA=C;MT=Fixed	NT=Oxidation;AC=UNIMOD:21;TA=M;MT=Variable	not available	not available	NT=DSSO;AC=XLMOD:02126;CL=yes;TA=K,S,T,Y,nterm;MH=54.01;ML=85.98	not available	0.25 mM	not available	not available	not available	XL_Lys_IT_R1_SCX_4.raw	NT=ms-proteomics;VV=v1.1.0	NT=crosslinking;VV=v1.0.0	NT=human;VV=v1.1.0
PXD030532_XL_Lys_IT_R3_SCX_10	NT=Homo sapiens;AC=NCBITaxon:9606	lysosomes and early endosomes	not available	7	PXD030532_XL_Lys_IT_R3_SCX_10_assay	proteomic profiling by mass spectrometry	data-dependent acquisition	NT=label free sample;AC=MS:1002038	10	1	not available	not available	NT=Carbamidomethyl;AC=UNIMOD:4;TA=C;MT=Fixed	NT=Oxidation;AC=UNIMOD:21;TA=M;MT=Variable	not available	not available	NT=DSSO;AC=XLMOD:02126;CL=yes;TA=K,S,T,Y,nterm;MH=54.01;ML=85.98	not available	0.25 mM	not available	not available	not available	XL_Lys_IT_R3_SCX_10.raw	NT=ms-proteomics;VV=v1.1.0	NT=crosslinking;VV=v1.0.0	NT=human;VV=v1.1.0
PXD030532_XL_Lys_IT_R3_SCX_18	NT=Homo sapiens;AC=NCBITaxon:9606	lysosomes and early endosomes	not available	8	PXD030532_XL_Lys_IT_R3_SCX_18_assay	proteomic profiling by mass spectrometry	data-dependent acquisition	NT=label free sample;AC=MS:1002038	18	1	not available	not available	NT=Carbamidomethyl;AC=UNIMOD:4;TA=C;MT=Fixed	NT=Oxidation;AC=UNIMOD:21;TA=M;MT=Variable	not available	not available	NT=DSSO;AC=XLMOD:02126;CL=yes;TA=K,S,T,Y,nterm;MH=54.01;ML=85.98	not available	0.25 mM	not available	not available	not available	XL_Lys_IT_R3_SCX_18.raw	NT=ms-proteomics;VV=v1.1.0	NT=crosslinking;VV=v1.0.0	NT=human;VV=v1.1.0
PXD030532_JS3_114_2_SPIONs_DDA	Homo sapiens	lysosomes and early endosomes	not available	24	PXD030532_JS3_114_2_SPIONs_DDA_assay	proteomic profiling by mass spectrometry	data-dependent acquisition	NT=label free sample;AC=MS:1002038	1	1	not available	not available	NT=Carbamidomethyl;AC=UNIMOD:4;TA=C;MT=Fixed	NT=Oxidation;AC=UNIMOD:21;TA=M;MT=Variable	not available	not available	NT=DSSO;AC=XLMOD:02126;CL=yes;TA=K,S,T,Y,nterm;MH=54.01;ML=85.98	not available	0.25 mM	not available	not available	not available	JS3_114_2_SPIONs_DDA.raw	NT=ms-proteomics;VV=v1.1.0	NT=crosslinking;VV=v1.0.0	NT=human;VV=v1.1.0
PXD030532_FLOT_XL_SCX_10_R2	NT=Homo sapiens;AC=NCBITaxon:9606	lysosomes and early endosomes	not available	8	PXD030532_FLOT_XL_SCX_10_R2_assay	proteomic profiling by mass spectrometry	data-dependent acquisition	NT=label free sample;AC=MS:1002038	10	1	not available	not available	NT=Carbamidomethyl;AC=UNIMOD:4;TA=C;MT=Fixed	NT=Oxidation;AC=UNIMOD:21;TA=M;MT=Variable	not available	not available	NT=DSSO;AC=XLMOD:02126;CL=yes;TA=K,S,T,Y,nterm;MH=54.01;ML=85.98	not available	0.25 mM	not available	not available	not available	FLOT_XL_SCX_10_R2.raw	NT=ms-proteomics;VV=v1.1.0	NT=crosslinking;VV=v1.0.0	NT=human;VV=v1.1.0
PXD030532_XL_Lys_DR_R2_SCX_6	NT=Homo sapiens;AC=NCBITaxon:9606	lysosomes and early endosomes	not available	7	PXD030532_XL_Lys_DR_R2_SCX_6_assay	proteomic profiling by mass spectrometry	data-dependent acquisition	NT=label free sample;AC=MS:1002038	6	1	not available	not available	NT=Carbamidomethyl;AC=UNIMOD:4;TA=C;MT=Fixed	NT=Oxidation;AC=UNIMOD:21;TA=M;MT=Variable	not available	not available	NT=DSSO;AC=XLMOD:02126;CL=yes;TA=K,S,T,Y,nterm;MH=54.01;ML=85.98	not available	0.25 mM	not available	not available	not available	XL_Lys_DR_R2_SCX_6.raw	NT=ms-proteomics;VV=v1.1.0	NT=crosslinking;VV=v1.0.0	NT=human;VV=v1.1.0
PXD030532_FLOT_XL_SCX_15_R1	NT=Homo sapiens;AC=NCBITaxon:9606	lysosomes and early endosomes	not available	8	PXD030532_FLOT_XL_SCX_15_R1_assay	proteomic profiling by mass spectrometry	data-dependent acquisition	NT=label free sample;AC=MS:1002038	15	1	not available	not available	NT=Carbamidomethyl;AC=UNIMOD:4;TA=C;MT=Fixed	NT=Oxidation;AC=UNIMOD:21;TA=M;MT=Variable	not available	not available	NT=DSSO;AC=XLMOD:02126;CL=yes;TA=K,S,T,Y,nterm;MH=54.01;ML=85.98	not available	0.25 mM	not available	not available	not available	FLOT_XL_SCX_15_R1.raw	NT=ms-proteomics;VV=v1.1.0	NT=crosslinking;VV=v1.0.0	NT=human;VV=v1.1.0
PXD030532_FLOT_XL_SCX_14_R2	NT=Homo sapiens;AC=NCBITaxon:9606	lysosomes and early endosomes	not available	5	PXD030532_FLOT_XL_SCX_14_R2_assay	proteomic profiling by mass spectrometry	data-dependent acquisition	NT=label free sample;AC=MS:1002038	14	1	not available	not available	NT=Carbamidomethyl;AC=UNIMOD:4;TA=C;MT=Fixed	NT=Oxidation;AC=UNIMOD:21;TA=M;MT=Variable	not available	not available	NT=DSSO;AC=XLMOD:02126;CL=yes;TA=K,S,T,Y,nterm;MH=54.01;ML=85.98	not available	0.25 mM	not available	not available	not available	FLOT_XL_SCX_14_R2.raw	NT=ms-proteomics;VV=v1.1.0	NT=crosslinking;VV=v1.0.0	NT=human;VV=v1.1.0
PXD030532_XL_Lys_IT_R2_SCX_14	NT=Homo sapiens;AC=NCBITaxon:9606	lysosomes and early endosomes	not available	6	PXD030532_XL_Lys_IT_R2_SCX_14_assay	proteomic profiling by mass spectrometry	data-dependent acquisition	NT=label free sample;AC=MS:1002038	14	1	not available	not available	NT=Carbamidomethyl;AC=UNIMOD:4;TA=C;MT=Fixed	NT=Oxidation;AC=UNIMOD:21;TA=M;MT=Variable	not available	not available	NT=DSSO;AC=XLMOD:02126;CL=yes;TA=K,S,T,Y,nterm;MH=54.01;ML=85.98	not available	0.25 mM	not available	not available	not available	XL_Lys_IT_R2_SCX_14.raw	NT=ms-proteomics;VV=v1.1.0	NT=crosslinking;VV=v1.0.0	NT=human;VV=v1.1.0
PXD030532_FLOT_XL_SCX_20_R1	NT=Homo sapiens;AC=NCBITaxon:9606	lysosomes and early endosomes	not available	7	PXD030532_FLOT_XL_SCX_20_R1_assay	proteomic profiling by mass spectrometry	data-dependent acquisition	NT=label free sample;AC=MS:1002038	20	1	not available	not available	NT=Carbamidomethyl;AC=UNIMOD:4;TA=C;MT=Fixed	NT=Oxidation;AC=UNIMOD:21;TA=M;MT=Variable	not available	not available	NT=DSSO;AC=XLMOD:02126;CL=yes;TA=K,S,T,Y,nterm;MH=54.01;ML=85.98	not available	0.25 mM	not available	not available	not available	FLOT_XL_SCX_20_R1.raw	NT=ms-proteomics;VV=v1.1.0	NT=crosslinking;VV=v1.0.0	NT=human;VV=v1.1.0
PXD030532_XL_Lys_DR_R1_SCX_11	NT=Homo sapiens;AC=NCBITaxon:9606	lysosomes and early endosomes	not available	8	PXD030532_XL_Lys_DR_R1_SCX_11_assay	proteomic profiling by mass spectrometry	data-dependent acquisition	NT=label free sample;AC=MS:1002038	11	1	not available	not available	NT=Carbamidomethyl;AC=UNIMOD:4;TA=C;MT=Fixed	NT=Oxidation;AC=UNIMOD:21;TA=M;MT=Variable	not available	not available	NT=DSSO;AC=XLMOD:02126;CL=yes;TA=K,S,T,Y,nterm;MH=54.01;ML=85.98	not available	0.25 mM	not available	not available	not available	XL_Lys_DR_R1_SCX_11.raw	NT=ms-proteomics;VV=v1.1.0	NT=crosslinking;VV=v1.0.0	NT=human;VV=v1.1.0
PXD030532_XL_Lys_IT_R3_SCX_1	NT=Homo sapiens;AC=NCBITaxon:9606	lysosomes and early endosomes	not available	25	PXD030532_XL_Lys_IT_R3_SCX_1_assay	proteomic profiling by mass spectrometry	data-dependent acquisition	NT=label free sample;AC=MS:1002038	1	1	not available	not available	NT=Carbamidomethyl;AC=UNIMOD:4;TA=C;MT=Fixed	NT=Oxidation;AC=UNIMOD:21;TA=M;MT=Variable	not available	not available	NT=DSSO;AC=XLMOD:02126;CL=yes;TA=K,S,T,Y,nterm;MH=54.01;ML=85.98	not available	0.25 mM	not available	not available	not available	XL_Lys_IT_R3_SCX_1.raw	NT=ms-proteomics;VV=v1.1.0	NT=crosslinking;VV=v1.0.0	NT=human;VV=v1.1.0
PXD030532_FLOT_XL_SCX_14_R1	NT=Homo sapiens;AC=NCBITaxon:9606	lysosomes and early endosomes	not available	7	PXD030532_FLOT_XL_SCX_14_R1_assay	proteomic profiling by mass spectrometry	data-dependent acquisition	NT=label free sample;AC=MS:1002038	14	1	not available	not available	NT=Carbamidomethyl;AC=UNIMOD:4;TA=C;MT=Fixed	NT=Oxidation;AC=UNIMOD:21;TA=M;MT=Variable	not available	not available	NT=DSSO;AC=XLMOD:02126;CL=yes;TA=K,S,T,Y,nterm;MH=54.01;ML=85.98	not available	0.25 mM	not available	not available	not available	FLOT_XL_SCX_14_R1.raw	NT=ms-proteomics;VV=v1.1.0	NT=crosslinking;VV=v1.0.0	NT=human;VV=v1.1.0
PXD030532_JS3_114_2_SPIONs_DIA_R3	Homo sapiens	lysosomes and early endosomes	not available	26	PXD030532_JS3_114_2_SPIONs_DIA_R3_assay	proteomic profiling by mass spectrometry	data-dependent acquisition	NT=label free sample;AC=MS:1002038	1	1	not available	not available	NT=Carbamidomethyl;AC=UNIMOD:4;TA=C;MT=Fixed	NT=Oxidation;AC=UNIMOD:21;TA=M;MT=Variable	not available	not available	NT=DSSO;AC=XLMOD:02126;CL=yes;TA=K,S,T,Y,nterm;MH=54.01;ML=85.98	not available	0.25 mM	not available	not available	not available	JS3_114_2_SPIONs_DIA_R3.raw	NT=ms-proteomics;VV=v1.1.0	NT=crosslinking;VV=v1.0.0	NT=human;VV=v1.1.0
PXD030532_XL_Lys_DR_R1_SCX_13	NT=Homo sapiens;AC=NCBITaxon:9606	lysosomes and early endosomes	not available	7	PXD030532_XL_Lys_DR_R1_SCX_13_assay	proteomic profiling by mass spectrometry	data-dependent acquisition	NT=label free sample;AC=MS:1002038	13	1	not available	not available	NT=Carbamidomethyl;AC=UNIMOD:4;TA=C;MT=Fixed	NT=Oxidation;AC=UNIMOD:21;TA=M;MT=Variable	not available	not available	NT=DSSO;AC=XLMOD:02126;CL=yes;TA=K,S,T,Y,nterm;MH=54.01;ML=85.98	not available	0.25 mM	not available	not available	not available	XL_Lys_DR_R1_SCX_13.raw	NT=ms-proteomics;VV=v1.1.0	NT=crosslinking;VV=v1.0.0	NT=human;VV=v1.1.0
PXD030532_JS3_114_2_SPIONs_DIA_R1	Homo sapiens	lysosomes and early endosomes	not available	27	PXD030532_JS3_114_2_SPIONs_DIA_R1_assay	proteomic profiling by mass spectrometry	data-dependent acquisition	NT=label free sample;AC=MS:1002038	1	1	not available	not available	NT=Carbamidomethyl;AC=UNIMOD:4;TA=C;MT=Fixed	NT=Oxidation;AC=UNIMOD:21;TA=M;MT=Variable	not available	not available	NT=DSSO;AC=XLMOD:02126;CL=yes;TA=K,S,T,Y,nterm;MH=54.01;ML=85.98	not available	0.25 mM	not available	not available	not available	JS3_114_2_SPIONs_DIA_R1.raw	NT=ms-proteomics;VV=v1.1.0	NT=crosslinking;VV=v1.0.0	NT=human;VV=v1.1.0
PXD030532_XL_Lys_IT_R3_SCX_19	NT=Homo sapiens;AC=NCBITaxon:9606	lysosomes and early endosomes	not available	8	PXD030532_XL_Lys_IT_R3_SCX_19_assay	proteomic profiling by mass spectrometry	data-dependent acquisition	NT=label free sample;AC=MS:1002038	19	1	not available	not available	NT=Carbamidomethyl;AC=UNIMOD:4;TA=C;MT=Fixed	NT=Oxidation;AC=UNIMOD:21;TA=M;MT=Variable	not available	not available	NT=DSSO;AC=XLMOD:02126;CL=yes;TA=K,S,T,Y,nterm;MH=54.01;ML=85.98	not available	0.25 mM	not available	not available	not available	XL_Lys_IT_R3_SCX_19.raw	NT=ms-proteomics;VV=v1.1.0	NT=crosslinking;VV=v1.0.0	NT=human;VV=v1.1.0
PXD030532_XL_Lys_IT_R1_SCX_14	NT=Homo sapiens;AC=NCBITaxon:9606	lysosomes and early endosomes	not available	8	PXD030532_XL_Lys_IT_R1_SCX_14_assay	proteomic profiling by mass spectrometry	data-dependent acquisition	NT=label free sample;AC=MS:1002038	14	1	not available	not available	NT=Carbamidomethyl;AC=UNIMOD:4;TA=C;MT=Fixed	NT=Oxidation;AC=UNIMOD:21;TA=M;MT=Variable	not available	not available	NT=DSSO;AC=XLMOD:02126;CL=yes;TA=K,S,T,Y,nterm;MH=54.01;ML=85.98	not available	0.25 mM	not available	not available	not available	XL_Lys_IT_R1_SCX_14.raw	NT=ms-proteomics;VV=v1.1.0	NT=crosslinking;VV=v1.0.0	NT=human;VV=v1.1.0
PXD030532_XL_Lys_DR_R2_SCX_9	NT=Homo sapiens;AC=NCBITaxon:9606	lysosomes and early endosomes	not available	7	PXD030532_XL_Lys_DR_R2_SCX_9_assay	proteomic profiling by mass spectrometry	data-dependent acquisition	NT=label free sample;AC=MS:1002038	9	1	not available	not available	NT=Carbamidomethyl;AC=UNIMOD:4;TA=C;MT=Fixed	NT=Oxidation;AC=UNIMOD:21;TA=M;MT=Variable	not available	not available	NT=DSSO;AC=XLMOD:02126;CL=yes;TA=K,S,T,Y,nterm;MH=54.01;ML=85.98	not available	0.25 mM	not available	not available	not available	XL_Lys_DR_R2_SCX_9.raw	NT=ms-proteomics;VV=v1.1.0	NT=crosslinking;VV=v1.0.0	NT=human;VV=v1.1.0
PXD030532_FLOT_XL_SCX_9_R1	NT=Homo sapiens;AC=NCBITaxon:9606	lysosomes and early endosomes	not available	8	PXD030532_FLOT_XL_SCX_9_R1_assay	proteomic profiling by mass spectrometry	data-dependent acquisition	NT=label free sample;AC=MS:1002038	9	1	not available	not available	NT=Carbamidomethyl;AC=UNIMOD:4;TA=C;MT=Fixed	NT=Oxidation;AC=UNIMOD:21;TA=M;MT=Variable	not available	not available	NT=DSSO;AC=XLMOD:02126;CL=yes;TA=K,S,T,Y,nterm;MH=54.01;ML=85.98	not available	0.25 mM	not available	not available	not available	FLOT_XL_SCX_9_R1.raw	NT=ms-proteomics;VV=v1.1.0	NT=crosslinking;VV=v1.0.0	NT=human;VV=v1.1.0
PXD030532_FLOT_XL_SCX_3_R2	NT=Homo sapiens;AC=NCBITaxon:9606	lysosomes and early endosomes	not available	7	PXD030532_FLOT_XL_SCX_3_R2_assay	proteomic profiling by mass spectrometry	data-dependent acquisition	NT=label free sample;AC=MS:1002038	3	1	not available	not available	NT=Carbamidomethyl;AC=UNIMOD:4;TA=C;MT=Fixed	NT=Oxidation;AC=UNIMOD:21;TA=M;MT=Variable	not available	not available	NT=DSSO;AC=XLMOD:02126;CL=yes;TA=K,S,T,Y,nterm;MH=54.01;ML=85.98	not available	0.25 mM	not available	not available	not available	FLOT_XL_SCX_3_R2.raw	NT=ms-proteomics;VV=v1.1.0	NT=crosslinking;VV=v1.0.0	NT=human;VV=v1.1.0
PXD030532_XL_Lys_IT_R2_SCX_7	NT=Homo sapiens;AC=NCBITaxon:9606	lysosomes and early endosomes	not available	7	PXD030532_XL_Lys_IT_R2_SCX_7_assay	proteomic profiling by mass spectrometry	data-dependent acquisition	NT=label free sample;AC=MS:1002038	7	1	not available	not available	NT=Carbamidomethyl;AC=UNIMOD:4;TA=C;MT=Fixed	NT=Oxidation;AC=UNIMOD:21;TA=M;MT=Variable	not available	not available	NT=DSSO;AC=XLMOD:02126;CL=yes;TA=K,S,T,Y,nterm;MH=54.01;ML=85.98	not available	0.25 mM	not available	not available	not available	XL_Lys_IT_R2_SCX_7.raw	NT=ms-proteomics;VV=v1.1.0	NT=crosslinking;VV=v1.0.0	NT=human;VV=v1.1.0
PXD030532_XL_Lys_IT_R3_SCX_20	NT=Homo sapiens;AC=NCBITaxon:9606	lysosomes and early endosomes	not available	8	PXD030532_XL_Lys_IT_R3_SCX_20_assay	proteomic profiling by mass spectrometry	data-dependent acquisition	NT=label free sample;AC=MS:1002038	20	1	not available	not available	NT=Carbamidomethyl;AC=UNIMOD:4;TA=C;MT=Fixed	NT=Oxidation;AC=UNIMOD:21;TA=M;MT=Variable	not available	not available	NT=DSSO;AC=XLMOD:02126;CL=yes;TA=K,S,T,Y,nterm;MH=54.01;ML=85.98	not available	0.25 mM	not available	not available	not available	XL_Lys_IT_R3_SCX_20.raw	NT=ms-proteomics;VV=v1.1.0	NT=crosslinking;VV=v1.0.0	NT=human;VV=v1.1.0
PXD030532_XL_Lys_IT_R3_SCX_13	NT=Homo sapiens;AC=NCBITaxon:9606	lysosomes and early endosomes	not available	8	PXD030532_XL_Lys_IT_R3_SCX_13_assay	proteomic profiling by mass spectrometry	data-dependent acquisition	NT=label free sample;AC=MS:1002038	13	1	not available	not available	NT=Carbamidomethyl;AC=UNIMOD:4;TA=C;MT=Fixed	NT=Oxidation;AC=UNIMOD:21;TA=M;MT=Variable	not available	not available	NT=DSSO;AC=XLMOD:02126;CL=yes;TA=K,S,T,Y,nterm;MH=54.01;ML=85.98	not available	0.25 mM	not available	not available	not available	XL_Lys_IT_R3_SCX_13.raw	NT=ms-proteomics;VV=v1.1.0	NT=crosslinking;VV=v1.0.0	NT=human;VV=v1.1.0
PXD030532_FLOT_XL_SCX_8_R1	NT=Homo sapiens;AC=NCBITaxon:9606	lysosomes and early endosomes	not available	6	PXD030532_FLOT_XL_SCX_8_R1_assay	proteomic profiling by mass spectrometry	data-dependent acquisition	NT=label free sample;AC=MS:1002038	8	1	not available	not available	NT=Carbamidomethyl;AC=UNIMOD:4;TA=C;MT=Fixed	NT=Oxidation;AC=UNIMOD:21;TA=M;MT=Variable	not available	not available	NT=DSSO;AC=XLMOD:02126;CL=yes;TA=K,S,T,Y,nterm;MH=54.01;ML=85.98	not available	0.25 mM	not available	not available	not available	FLOT_XL_SCX_8_R1.raw	NT=ms-proteomics;VV=v1.1.0	NT=crosslinking;VV=v1.0.0	NT=human;VV=v1.1.0
PXD030532_XL_Lys_IT_R1_SCX_7	NT=Homo sapiens;AC=NCBITaxon:9606	lysosomes and early endosomes	not available	8	PXD030532_XL_Lys_IT_R1_SCX_7_assay	proteomic profiling by mass spectrometry	data-dependent acquisition	NT=label free sample;AC=MS:1002038	7	1	not available	not available	NT=Carbamidomethyl;AC=UNIMOD:4;TA=C;MT=Fixed	NT=Oxidation;AC=UNIMOD:21;TA=M;MT=Variable	not available	not available	NT=DSSO;AC=XLMOD:02126;CL=yes;TA=K,S,T,Y,nterm;MH=54.01;ML=85.98	not available	0.25 mM	not available	not available	not available	XL_Lys_IT_R1_SCX_7.raw	NT=ms-proteomics;VV=v1.1.0	NT=crosslinking;VV=v1.0.0	NT=human;VV=v1.1.0
PXD030532_XL_Lys_DR_R3_SCX_16	NT=Homo sapiens;AC=NCBITaxon:9606	lysosomes and early endosomes	not available	8	PXD030532_XL_Lys_DR_R3_SCX_16_assay	proteomic profiling by mass spectrometry	data-dependent acquisition	NT=label free sample;AC=MS:1002038	16	1	not available	not available	NT=Carbamidomethyl;AC=UNIMOD:4;TA=C;MT=Fixed	NT=Oxidation;AC=UNIMOD:21;TA=M;MT=Variable	not available	not available	NT=DSSO;AC=XLMOD:02126;CL=yes;TA=K,S,T,Y,nterm;MH=54.01;ML=85.98	not available	0.25 mM	not available	not available	not available	XL_Lys_DR_R3_SCX_16.raw	NT=ms-proteomics;VV=v1.1.0	NT=crosslinking;VV=v1.0.0	NT=human;VV=v1.1.0
PXD030532_XL_Lys_IT_R1_SCX_3	NT=Homo sapiens;AC=NCBITaxon:9606	lysosomes and early endosomes	not available	8	PXD030532_XL_Lys_IT_R1_SCX_3_assay	proteomic profiling by mass spectrometry	data-dependent acquisition	NT=label free sample;AC=MS:1002038	3	1	not available	not available	NT=Carbamidomethyl;AC=UNIMOD:4;TA=C;MT=Fixed	NT=Oxidation;AC=UNIMOD:21;TA=M;MT=Variable	not available	not available	NT=DSSO;AC=XLMOD:02126;CL=yes;TA=K,S,T,Y,nterm;MH=54.01;ML=85.98	not available	0.25 mM	not available	not available	not available	XL_Lys_IT_R1_SCX_3.raw	NT=ms-proteomics;VV=v1.1.0	NT=crosslinking;VV=v1.0.0	NT=human;VV=v1.1.0
PXD030532_XL_Lys_IT_R1_SCX_1	NT=Homo sapiens;AC=NCBITaxon:9606	lysosomes and early endosomes	not available	28	PXD030532_XL_Lys_IT_R1_SCX_1_assay	proteomic profiling by mass spectrometry	data-dependent acquisition	NT=label free sample;AC=MS:1002038	1	1	not available	not available	NT=Carbamidomethyl;AC=UNIMOD:4;TA=C;MT=Fixed	NT=Oxidation;AC=UNIMOD:21;TA=M;MT=Variable	not available	not available	NT=DSSO;AC=XLMOD:02126;CL=yes;TA=K,S,T,Y,nterm;MH=54.01;ML=85.98	not available	0.25 mM	not available	not available	not available	XL_Lys_IT_R1_SCX_1.raw	NT=ms-proteomics;VV=v1.1.0	NT=crosslinking;VV=v1.0.0	NT=human;VV=v1.1.0
PXD030532_XL_Lys_DR_R1_SCX_4	NT=Homo sapiens;AC=NCBITaxon:9606	lysosomes and early endosomes	not available	8	PXD030532_XL_Lys_DR_R1_SCX_4_assay	proteomic profiling by mass spectrometry	data-dependent acquisition	NT=label free sample;AC=MS:1002038	4	1	not available	not available	NT=Carbamidomethyl;AC=UNIMOD:4;TA=C;MT=Fixed	NT=Oxidation;AC=UNIMOD:21;TA=M;MT=Variable	not available	not available	NT=DSSO;AC=XLMOD:02126;CL=yes;TA=K,S,T,Y,nterm;MH=54.01;ML=85.98	not available	0.25 mM	not available	not available	not available	XL_Lys_DR_R1_SCX_4.raw	NT=ms-proteomics;VV=v1.1.0	NT=crosslinking;VV=v1.0.0	NT=human;VV=v1.1.0
PXD030532_XL_Lys_IT_R3_SCX_8	NT=Homo sapiens;AC=NCBITaxon:9606	lysosomes and early endosomes	not available	7	PXD030532_XL_Lys_IT_R3_SCX_8_assay	proteomic profiling by mass spectrometry	data-dependent acquisition	NT=label free sample;AC=MS:1002038	8	1	not available	not available	NT=Carbamidomethyl;AC=UNIMOD:4;TA=C;MT=Fixed	NT=Oxidation;AC=UNIMOD:21;TA=M;MT=Variable	not available	not available	NT=DSSO;AC=XLMOD:02126;CL=yes;TA=K,S,T,Y,nterm;MH=54.01;ML=85.98	not available	0.25 mM	not available	not available	not available	XL_Lys_IT_R3_SCX_8.raw	NT=ms-proteomics;VV=v1.1.0	NT=crosslinking;VV=v1.0.0	NT=human;VV=v1.1.0
PXD030532_XL_Lys_IT_R1_SCX_2	NT=Homo sapiens;AC=NCBITaxon:9606	lysosomes and early endosomes	not available	8	PXD030532_XL_Lys_IT_R1_SCX_2_assay	proteomic profiling by mass spectrometry	data-dependent acquisition	NT=label free sample;AC=MS:1002038	2	1	not available	not available	NT=Carbamidomethyl;AC=UNIMOD:4;TA=C;MT=Fixed	NT=Oxidation;AC=UNIMOD:21;TA=M;MT=Variable	not available	not available	NT=DSSO;AC=XLMOD:02126;CL=yes;TA=K,S,T,Y,nterm;MH=54.01;ML=85.98	not available	0.25 mM	not available	not available	not available	XL_Lys_IT_R1_SCX_2.raw	NT=ms-proteomics;VV=v1.1.0	NT=crosslinking;VV=v1.0.0	NT=human;VV=v1.1.0
PXD030532_FLOT_XL_SCX_17_R1	NT=Homo sapiens;AC=NCBITaxon:9606	lysosomes and early endosomes	not available	6	PXD030532_FLOT_XL_SCX_17_R1_assay	proteomic profiling by mass spectrometry	data-dependent acquisition	NT=label free sample;AC=MS:1002038	17	1	not available	not available	NT=Carbamidomethyl;AC=UNIMOD:4;TA=C;MT=Fixed	NT=Oxidation;AC=UNIMOD:21;TA=M;MT=Variable	not available	not available	NT=DSSO;AC=XLMOD:02126;CL=yes;TA=K,S,T,Y,nterm;MH=54.01;ML=85.98	not available	0.25 mM	not available	not available	not available	FLOT_XL_SCX_17_R1.raw	NT=ms-proteomics;VV=v1.1.0	NT=crosslinking;VV=v1.0.0	NT=human;VV=v1.1.0
PXD030532_XL_Lys_DR_R1_SCX_17	NT=Homo sapiens;AC=NCBITaxon:9606	lysosomes and early endosomes	not available	7	PXD030532_XL_Lys_DR_R1_SCX_17_assay	proteomic profiling by mass spectrometry	data-dependent acquisition	NT=label free sample;AC=MS:1002038	17	1	not available	not available	NT=Carbamidomethyl;AC=UNIMOD:4;TA=C;MT=Fixed	NT=Oxidation;AC=UNIMOD:21;TA=M;MT=Variable	not available	not available	NT=DSSO;AC=XLMOD:02126;CL=yes;TA=K,S,T,Y,nterm;MH=54.01;ML=85.98	not available	0.25 mM	not available	not available	not available	XL_Lys_DR_R1_SCX_17.raw	NT=ms-proteomics;VV=v1.1.0	NT=crosslinking;VV=v1.0.0	NT=human;VV=v1.1.0
PXD030532_XL_Lys_DR_R2_SCX_17	NT=Homo sapiens;AC=NCBITaxon:9606	lysosomes and early endosomes	not available	8	PXD030532_XL_Lys_DR_R2_SCX_17_assay	proteomic profiling by mass spectrometry	data-dependent acquisition	NT=label free sample;AC=MS:1002038	17	1	not available	not available	NT=Carbamidomethyl;AC=UNIMOD:4;TA=C;MT=Fixed	NT=Oxidation;AC=UNIMOD:21;TA=M;MT=Variable	not available	not available	NT=DSSO;AC=XLMOD:02126;CL=yes;TA=K,S,T,Y,nterm;MH=54.01;ML=85.98	not available	0.25 mM	not available	not available	not available	XL_Lys_DR_R2_SCX_17.raw	NT=ms-proteomics;VV=v1.1.0	NT=crosslinking;VV=v1.0.0	NT=human;VV=v1.1.0
PXD030532_XL_Lys_DR_R3_SCX_6	NT=Homo sapiens;AC=NCBITaxon:9606	lysosomes and early endosomes	not available	8	PXD030532_XL_Lys_DR_R3_SCX_6_assay	proteomic profiling by mass spectrometry	data-dependent acquisition	NT=label free sample;AC=MS:1002038	6	1	not available	not available	NT=Carbamidomethyl;AC=UNIMOD:4;TA=C;MT=Fixed	NT=Oxidation;AC=UNIMOD:21;TA=M;MT=Variable	not available	not available	NT=DSSO;AC=XLMOD:02126;CL=yes;TA=K,S,T,Y,nterm;MH=54.01;ML=85.98	not available	0.25 mM	not available	not available	not available	XL_Lys_DR_R3_SCX_6.raw	NT=ms-proteomics;VV=v1.1.0	NT=crosslinking;VV=v1.0.0	NT=human;VV=v1.1.0
PXD030532_FLOT_XL_SCX_8_R2	NT=Homo sapiens;AC=NCBITaxon:9606	lysosomes and early endosomes	not available	8	PXD030532_FLOT_XL_SCX_8_R2_assay	proteomic profiling by mass spectrometry	data-dependent acquisition	NT=label free sample;AC=MS:1002038	8	1	not available	not available	NT=Carbamidomethyl;AC=UNIMOD:4;TA=C;MT=Fixed	NT=Oxidation;AC=UNIMOD:21;TA=M;MT=Variable	not available	not available	NT=DSSO;AC=XLMOD:02126;CL=yes;TA=K,S,T,Y,nterm;MH=54.01;ML=85.98	not available	0.25 mM	not available	not available	not available	FLOT_XL_SCX_8_R2.raw	NT=ms-proteomics;VV=v1.1.0	NT=crosslinking;VV=v1.0.0	NT=human;VV=v1.1.0
