pxd	pid	log_file	status_file	command
PXD000244	3120765	/home/ians/git_repos/xHAMLET/logs/stage5_sdrf/run/PXD000244.log	/home/ians/git_repos/xHAMLET/logs/stage5_sdrf/status/PXD000244.exit	python src/main.py --pxd PXD000244 --config configs/config.yaml --no-download --nproc 1 --verbose
PXD000513	3120780	/home/ians/git_repos/xHAMLET/logs/stage5_sdrf/run/PXD000513.log	/home/ians/git_repos/xHAMLET/logs/stage5_sdrf/status/PXD000513.exit	python src/main.py --pxd PXD000513 --config configs/config.yaml --no-download --nproc 1 --verbose
PXD000545	3120790	/home/ians/git_repos/xHAMLET/logs/stage5_sdrf/run/PXD000545.log	/home/ians/git_repos/xHAMLET/logs/stage5_sdrf/status/PXD000545.exit	python src/main.py --pxd PXD000545 --config configs/config.yaml --no-download --nproc 1 --verbose
PXD000685	3120803	/home/ians/git_repos/xHAMLET/logs/stage5_sdrf/run/PXD000685.log	/home/ians/git_repos/xHAMLET/logs/stage5_sdrf/status/PXD000685.exit	python src/main.py --pxd PXD000685 --config configs/config.yaml --no-download --nproc 1 --verbose
PXD001080	3120816	/home/ians/git_repos/xHAMLET/logs/stage5_sdrf/run/PXD001080.log	/home/ians/git_repos/xHAMLET/logs/stage5_sdrf/status/PXD001080.exit	python src/main.py --pxd PXD001080 --config configs/config.yaml --no-download --nproc 1 --verbose
PXD001454	3120829	/home/ians/git_repos/xHAMLET/logs/stage5_sdrf/run/PXD001454.log	/home/ians/git_repos/xHAMLET/logs/stage5_sdrf/status/PXD001454.exit	python src/main.py --pxd PXD001454 --config configs/config.yaml --no-download --nproc 1 --verbose
PXD001538	3120838	/home/ians/git_repos/xHAMLET/logs/stage5_sdrf/run/PXD001538.log	/home/ians/git_repos/xHAMLET/logs/stage5_sdrf/status/PXD001538.exit	python src/main.py --pxd PXD001538 --config configs/config.yaml --no-download --nproc 1 --verbose
PXD001609	3120852	/home/ians/git_repos/xHAMLET/logs/stage5_sdrf/run/PXD001609.log	/home/ians/git_repos/xHAMLET/logs/stage5_sdrf/status/PXD001609.exit	python src/main.py --pxd PXD001609 --config configs/config.yaml --no-download --nproc 1 --verbose
PXD001675	3120865	/home/ians/git_repos/xHAMLET/logs/stage5_sdrf/run/PXD001675.log	/home/ians/git_repos/xHAMLET/logs/stage5_sdrf/status/PXD001675.exit	python src/main.py --pxd PXD001675 --config configs/config.yaml --no-download --nproc 1 --verbose
PXD001677	3120875	/home/ians/git_repos/xHAMLET/logs/stage5_sdrf/run/PXD001677.log	/home/ians/git_repos/xHAMLET/logs/stage5_sdrf/status/PXD001677.exit	python src/main.py --pxd PXD001677 --config configs/config.yaml --no-download --nproc 1 --verbose
PXD001692	3120888	/home/ians/git_repos/xHAMLET/logs/stage5_sdrf/run/PXD001692.log	/home/ians/git_repos/xHAMLET/logs/stage5_sdrf/status/PXD001692.exit	python src/main.py --pxd PXD001692 --config configs/config.yaml --no-download --nproc 1 --verbose
PXD001835	3120898	/home/ians/git_repos/xHAMLET/logs/stage5_sdrf/run/PXD001835.log	/home/ians/git_repos/xHAMLET/logs/stage5_sdrf/status/PXD001835.exit	python src/main.py --pxd PXD001835 --config configs/config.yaml --no-download --nproc 1 --verbose
PXD002058	3120908	/home/ians/git_repos/xHAMLET/logs/stage5_sdrf/run/PXD002058.log	/home/ians/git_repos/xHAMLET/logs/stage5_sdrf/status/PXD002058.exit	python src/main.py --pxd PXD002058 --config configs/config.yaml --no-download --nproc 1 --verbose
PXD002142	3120918	/home/ians/git_repos/xHAMLET/logs/stage5_sdrf/run/PXD002142.log	/home/ians/git_repos/xHAMLET/logs/stage5_sdrf/status/PXD002142.exit	python src/main.py --pxd PXD002142 --config configs/config.yaml --no-download --nproc 1 --verbose
PXD002159	3120928	/home/ians/git_repos/xHAMLET/logs/stage5_sdrf/run/PXD002159.log	/home/ians/git_repos/xHAMLET/logs/stage5_sdrf/status/PXD002159.exit	python src/main.py --pxd PXD002159 --config configs/config.yaml --no-download --nproc 1 --verbose
PXD002169	3120938	/home/ians/git_repos/xHAMLET/logs/stage5_sdrf/run/PXD002169.log	/home/ians/git_repos/xHAMLET/logs/stage5_sdrf/status/PXD002169.exit	python src/main.py --pxd PXD002169 --config configs/config.yaml --no-download --nproc 1 --verbose
PXD002226	3120948	/home/ians/git_repos/xHAMLET/logs/stage5_sdrf/run/PXD002226.log	/home/ians/git_repos/xHAMLET/logs/stage5_sdrf/status/PXD002226.exit	python src/main.py --pxd PXD002226 --config configs/config.yaml --no-download --nproc 1 --verbose
PXD002293	3120958	/home/ians/git_repos/xHAMLET/logs/stage5_sdrf/run/PXD002293.log	/home/ians/git_repos/xHAMLET/logs/stage5_sdrf/status/PXD002293.exit	python src/main.py --pxd PXD002293 --config configs/config.yaml --no-download --nproc 1 --verbose
PXD002378	3120968	/home/ians/git_repos/xHAMLET/logs/stage5_sdrf/run/PXD002378.log	/home/ians/git_repos/xHAMLET/logs/stage5_sdrf/status/PXD002378.exit	python src/main.py --pxd PXD002378 --config configs/config.yaml --no-download --nproc 1 --verbose
PXD002392	3120978	/home/ians/git_repos/xHAMLET/logs/stage5_sdrf/run/PXD002392.log	/home/ians/git_repos/xHAMLET/logs/stage5_sdrf/status/PXD002392.exit	python src/main.py --pxd PXD002392 --config configs/config.yaml --no-download --nproc 1 --verbose
PXD002656	3122059	/home/ians/git_repos/xHAMLET/logs/stage5_sdrf/run/PXD002656.log	/home/ians/git_repos/xHAMLET/logs/stage5_sdrf/status/PXD002656.exit	python src/main.py --pxd PXD002656 --config configs/config.yaml --no-download --nproc 1 --verbose
PXD002890	3122071	/home/ians/git_repos/xHAMLET/logs/stage5_sdrf/run/PXD002890.log	/home/ians/git_repos/xHAMLET/logs/stage5_sdrf/status/PXD002890.exit	python src/main.py --pxd PXD002890 --config configs/config.yaml --no-download --nproc 1 --verbose
PXD002929	3122159	/home/ians/git_repos/xHAMLET/logs/stage5_sdrf/run/PXD002929.log	/home/ians/git_repos/xHAMLET/logs/stage5_sdrf/status/PXD002929.exit	python src/main.py --pxd PXD002929 --config configs/config.yaml --no-download --nproc 1 --verbose
PXD002987	3122169	/home/ians/git_repos/xHAMLET/logs/stage5_sdrf/run/PXD002987.log	/home/ians/git_repos/xHAMLET/logs/stage5_sdrf/status/PXD002987.exit	python src/main.py --pxd PXD002987 --config configs/config.yaml --no-download --nproc 1 --verbose
PXD002992	3122760	/home/ians/git_repos/xHAMLET/logs/stage5_sdrf/run/PXD002992.log	/home/ians/git_repos/xHAMLET/logs/stage5_sdrf/status/PXD002992.exit	python src/main.py --pxd PXD002992 --config configs/config.yaml --no-download --nproc 1 --verbose
PXD003381	3122829	/home/ians/git_repos/xHAMLET/logs/stage5_sdrf/run/PXD003381.log	/home/ians/git_repos/xHAMLET/logs/stage5_sdrf/status/PXD003381.exit	python src/main.py --pxd PXD003381 --config configs/config.yaml --no-download --nproc 1 --verbose
PXD003486	3122839	/home/ians/git_repos/xHAMLET/logs/stage5_sdrf/run/PXD003486.log	/home/ians/git_repos/xHAMLET/logs/stage5_sdrf/status/PXD003486.exit	python src/main.py --pxd PXD003486 --config configs/config.yaml --no-download --nproc 1 --verbose
PXD003496	3122896	/home/ians/git_repos/xHAMLET/logs/stage5_sdrf/run/PXD003496.log	/home/ians/git_repos/xHAMLET/logs/stage5_sdrf/status/PXD003496.exit	python src/main.py --pxd PXD003496 --config configs/config.yaml --no-download --nproc 1 --verbose
PXD003502	3123007	/home/ians/git_repos/xHAMLET/logs/stage5_sdrf/run/PXD003502.log	/home/ians/git_repos/xHAMLET/logs/stage5_sdrf/status/PXD003502.exit	python src/main.py --pxd PXD003502 --config configs/config.yaml --no-download --nproc 1 --verbose
PXD003593	3123037	/home/ians/git_repos/xHAMLET/logs/stage5_sdrf/run/PXD003593.log	/home/ians/git_repos/xHAMLET/logs/stage5_sdrf/status/PXD003593.exit	python src/main.py --pxd PXD003593 --config configs/config.yaml --no-download --nproc 1 --verbose
PXD003643	3123124	/home/ians/git_repos/xHAMLET/logs/stage5_sdrf/run/PXD003643.log	/home/ians/git_repos/xHAMLET/logs/stage5_sdrf/status/PXD003643.exit	python src/main.py --pxd PXD003643 --config configs/config.yaml --no-download --nproc 1 --verbose
PXD003658	3123270	/home/ians/git_repos/xHAMLET/logs/stage5_sdrf/run/PXD003658.log	/home/ians/git_repos/xHAMLET/logs/stage5_sdrf/status/PXD003658.exit	python src/main.py --pxd PXD003658 --config configs/config.yaml --no-download --nproc 1 --verbose
PXD003737	3123371	/home/ians/git_repos/xHAMLET/logs/stage5_sdrf/run/PXD003737.log	/home/ians/git_repos/xHAMLET/logs/stage5_sdrf/status/PXD003737.exit	python src/main.py --pxd PXD003737 --config configs/config.yaml --no-download --nproc 1 --verbose
PXD003754	3123486	/home/ians/git_repos/xHAMLET/logs/stage5_sdrf/run/PXD003754.log	/home/ians/git_repos/xHAMLET/logs/stage5_sdrf/status/PXD003754.exit	python src/main.py --pxd PXD003754 --config configs/config.yaml --no-download --nproc 1 --verbose
PXD003880	3123543	/home/ians/git_repos/xHAMLET/logs/stage5_sdrf/run/PXD003880.log	/home/ians/git_repos/xHAMLET/logs/stage5_sdrf/status/PXD003880.exit	python src/main.py --pxd PXD003880 --config configs/config.yaml --no-download --nproc 1 --verbose
PXD003909	3123679	/home/ians/git_repos/xHAMLET/logs/stage5_sdrf/run/PXD003909.log	/home/ians/git_repos/xHAMLET/logs/stage5_sdrf/status/PXD003909.exit	python src/main.py --pxd PXD003909 --config configs/config.yaml --no-download --nproc 1 --verbose
PXD003913	3123811	/home/ians/git_repos/xHAMLET/logs/stage5_sdrf/run/PXD003913.log	/home/ians/git_repos/xHAMLET/logs/stage5_sdrf/status/PXD003913.exit	python src/main.py --pxd PXD003913 --config configs/config.yaml --no-download --nproc 1 --verbose
PXD003917	3124030	/home/ians/git_repos/xHAMLET/logs/stage5_sdrf/run/PXD003917.log	/home/ians/git_repos/xHAMLET/logs/stage5_sdrf/status/PXD003917.exit	python src/main.py --pxd PXD003917 --config configs/config.yaml --no-download --nproc 1 --verbose
PXD004009	3124114	/home/ians/git_repos/xHAMLET/logs/stage5_sdrf/run/PXD004009.log	/home/ians/git_repos/xHAMLET/logs/stage5_sdrf/status/PXD004009.exit	python src/main.py --pxd PXD004009 --config configs/config.yaml --no-download --nproc 1 --verbose
PXD004018	3124211	/home/ians/git_repos/xHAMLET/logs/stage5_sdrf/run/PXD004018.log	/home/ians/git_repos/xHAMLET/logs/stage5_sdrf/status/PXD004018.exit	python src/main.py --pxd PXD004018 --config configs/config.yaml --no-download --nproc 1 --verbose
PXD004105	3124221	/home/ians/git_repos/xHAMLET/logs/stage5_sdrf/run/PXD004105.log	/home/ians/git_repos/xHAMLET/logs/stage5_sdrf/status/PXD004105.exit	python src/main.py --pxd PXD004105 --config configs/config.yaml --no-download --nproc 1 --verbose
PXD004107	3124316	/home/ians/git_repos/xHAMLET/logs/stage5_sdrf/run/PXD004107.log	/home/ians/git_repos/xHAMLET/logs/stage5_sdrf/status/PXD004107.exit	python src/main.py --pxd PXD004107 --config configs/config.yaml --no-download --nproc 1 --verbose
PXD004236	3124453	/home/ians/git_repos/xHAMLET/logs/stage5_sdrf/run/PXD004236.log	/home/ians/git_repos/xHAMLET/logs/stage5_sdrf/status/PXD004236.exit	python src/main.py --pxd PXD004236 --config configs/config.yaml --no-download --nproc 1 --verbose
PXD004692	3124508	/home/ians/git_repos/xHAMLET/logs/stage5_sdrf/run/PXD004692.log	/home/ians/git_repos/xHAMLET/logs/stage5_sdrf/status/PXD004692.exit	python src/main.py --pxd PXD004692 --config configs/config.yaml --no-download --nproc 1 --verbose
PXD004736	3124538	/home/ians/git_repos/xHAMLET/logs/stage5_sdrf/run/PXD004736.log	/home/ians/git_repos/xHAMLET/logs/stage5_sdrf/status/PXD004736.exit	python src/main.py --pxd PXD004736 --config configs/config.yaml --no-download --nproc 1 --verbose
PXD004749	3124756	/home/ians/git_repos/xHAMLET/logs/stage5_sdrf/run/PXD004749.log	/home/ians/git_repos/xHAMLET/logs/stage5_sdrf/status/PXD004749.exit	python src/main.py --pxd PXD004749 --config configs/config.yaml --no-download --nproc 1 --verbose
PXD004898	3124807	/home/ians/git_repos/xHAMLET/logs/stage5_sdrf/run/PXD004898.log	/home/ians/git_repos/xHAMLET/logs/stage5_sdrf/status/PXD004898.exit	python src/main.py --pxd PXD004898 --config configs/config.yaml --no-download --nproc 1 --verbose
PXD004920	3124896	/home/ians/git_repos/xHAMLET/logs/stage5_sdrf/run/PXD004920.log	/home/ians/git_repos/xHAMLET/logs/stage5_sdrf/status/PXD004920.exit	python src/main.py --pxd PXD004920 --config configs/config.yaml --no-download --nproc 1 --verbose
PXD005012	3124906	/home/ians/git_repos/xHAMLET/logs/stage5_sdrf/run/PXD005012.log	/home/ians/git_repos/xHAMLET/logs/stage5_sdrf/status/PXD005012.exit	python src/main.py --pxd PXD005012 --config configs/config.yaml --no-download --nproc 1 --verbose
PXD005201	3124932	/home/ians/git_repos/xHAMLET/logs/stage5_sdrf/run/PXD005201.log	/home/ians/git_repos/xHAMLET/logs/stage5_sdrf/status/PXD005201.exit	python src/main.py --pxd PXD005201 --config configs/config.yaml --no-download --nproc 1 --verbose
PXD005287	3124994	/home/ians/git_repos/xHAMLET/logs/stage5_sdrf/run/PXD005287.log	/home/ians/git_repos/xHAMLET/logs/stage5_sdrf/status/PXD005287.exit	python src/main.py --pxd PXD005287 --config configs/config.yaml --no-download --nproc 1 --verbose
PXD005349	3125131	/home/ians/git_repos/xHAMLET/logs/stage5_sdrf/run/PXD005349.log	/home/ians/git_repos/xHAMLET/logs/stage5_sdrf/status/PXD005349.exit	python src/main.py --pxd PXD005349 --config configs/config.yaml --no-download --nproc 1 --verbose
PXD005566	3125166	/home/ians/git_repos/xHAMLET/logs/stage5_sdrf/run/PXD005566.log	/home/ians/git_repos/xHAMLET/logs/stage5_sdrf/status/PXD005566.exit	python src/main.py --pxd PXD005566 --config configs/config.yaml --no-download --nproc 1 --verbose
PXD005601	3125382	/home/ians/git_repos/xHAMLET/logs/stage5_sdrf/run/PXD005601.log	/home/ians/git_repos/xHAMLET/logs/stage5_sdrf/status/PXD005601.exit	python src/main.py --pxd PXD005601 --config configs/config.yaml --no-download --nproc 1 --verbose
PXD005612	3125392	/home/ians/git_repos/xHAMLET/logs/stage5_sdrf/run/PXD005612.log	/home/ians/git_repos/xHAMLET/logs/stage5_sdrf/status/PXD005612.exit	python src/main.py --pxd PXD005612 --config configs/config.yaml --no-download --nproc 1 --verbose
PXD005657	3125477	/home/ians/git_repos/xHAMLET/logs/stage5_sdrf/run/PXD005657.log	/home/ians/git_repos/xHAMLET/logs/stage5_sdrf/status/PXD005657.exit	python src/main.py --pxd PXD005657 --config configs/config.yaml --no-download --nproc 1 --verbose
PXD005758	3125556	/home/ians/git_repos/xHAMLET/logs/stage5_sdrf/run/PXD005758.log	/home/ians/git_repos/xHAMLET/logs/stage5_sdrf/status/PXD005758.exit	python src/main.py --pxd PXD005758 --config configs/config.yaml --no-download --nproc 1 --verbose
PXD005943	3125566	/home/ians/git_repos/xHAMLET/logs/stage5_sdrf/run/PXD005943.log	/home/ians/git_repos/xHAMLET/logs/stage5_sdrf/status/PXD005943.exit	python src/main.py --pxd PXD005943 --config configs/config.yaml --no-download --nproc 1 --verbose
PXD005948	3125636	/home/ians/git_repos/xHAMLET/logs/stage5_sdrf/run/PXD005948.log	/home/ians/git_repos/xHAMLET/logs/stage5_sdrf/status/PXD005948.exit	python src/main.py --pxd PXD005948 --config configs/config.yaml --no-download --nproc 1 --verbose
PXD006079	3125673	/home/ians/git_repos/xHAMLET/logs/stage5_sdrf/run/PXD006079.log	/home/ians/git_repos/xHAMLET/logs/stage5_sdrf/status/PXD006079.exit	python src/main.py --pxd PXD006079 --config configs/config.yaml --no-download --nproc 1 --verbose
PXD006131	3125768	/home/ians/git_repos/xHAMLET/logs/stage5_sdrf/run/PXD006131.log	/home/ians/git_repos/xHAMLET/logs/stage5_sdrf/status/PXD006131.exit	python src/main.py --pxd PXD006131 --config configs/config.yaml --no-download --nproc 1 --verbose
PXD006156	3125793	/home/ians/git_repos/xHAMLET/logs/stage5_sdrf/run/PXD006156.log	/home/ians/git_repos/xHAMLET/logs/stage5_sdrf/status/PXD006156.exit	python src/main.py --pxd PXD006156 --config configs/config.yaml --no-download --nproc 1 --verbose
PXD006200	3126048	/home/ians/git_repos/xHAMLET/logs/stage5_sdrf/run/PXD006200.log	/home/ians/git_repos/xHAMLET/logs/stage5_sdrf/status/PXD006200.exit	python src/main.py --pxd PXD006200 --config configs/config.yaml --no-download --nproc 1 --verbose
PXD006245	3126088	/home/ians/git_repos/xHAMLET/logs/stage5_sdrf/run/PXD006245.log	/home/ians/git_repos/xHAMLET/logs/stage5_sdrf/status/PXD006245.exit	python src/main.py --pxd PXD006245 --config configs/config.yaml --no-download --nproc 1 --verbose
PXD006246	3126230	/home/ians/git_repos/xHAMLET/logs/stage5_sdrf/run/PXD006246.log	/home/ians/git_repos/xHAMLET/logs/stage5_sdrf/status/PXD006246.exit	python src/main.py --pxd PXD006246 --config configs/config.yaml --no-download --nproc 1 --verbose
PXD006287	3126311	/home/ians/git_repos/xHAMLET/logs/stage5_sdrf/run/PXD006287.log	/home/ians/git_repos/xHAMLET/logs/stage5_sdrf/status/PXD006287.exit	python src/main.py --pxd PXD006287 --config configs/config.yaml --no-download --nproc 1 --verbose
PXD006359	3126407	/home/ians/git_repos/xHAMLET/logs/stage5_sdrf/run/PXD006359.log	/home/ians/git_repos/xHAMLET/logs/stage5_sdrf/status/PXD006359.exit	python src/main.py --pxd PXD006359 --config configs/config.yaml --no-download --nproc 1 --verbose
PXD006541	3126417	/home/ians/git_repos/xHAMLET/logs/stage5_sdrf/run/PXD006541.log	/home/ians/git_repos/xHAMLET/logs/stage5_sdrf/status/PXD006541.exit	python src/main.py --pxd PXD006541 --config configs/config.yaml --no-download --nproc 1 --verbose
PXD006707	3126513	/home/ians/git_repos/xHAMLET/logs/stage5_sdrf/run/PXD006707.log	/home/ians/git_repos/xHAMLET/logs/stage5_sdrf/status/PXD006707.exit	python src/main.py --pxd PXD006707 --config configs/config.yaml --no-download --nproc 1 --verbose
PXD006715	3126522	/home/ians/git_repos/xHAMLET/logs/stage5_sdrf/run/PXD006715.log	/home/ians/git_repos/xHAMLET/logs/stage5_sdrf/status/PXD006715.exit	python src/main.py --pxd PXD006715 --config configs/config.yaml --no-download --nproc 1 --verbose
PXD006816	3126590	/home/ians/git_repos/xHAMLET/logs/stage5_sdrf/run/PXD006816.log	/home/ians/git_repos/xHAMLET/logs/stage5_sdrf/status/PXD006816.exit	python src/main.py --pxd PXD006816 --config configs/config.yaml --no-download --nproc 1 --verbose
PXD006928	3126726	/home/ians/git_repos/xHAMLET/logs/stage5_sdrf/run/PXD006928.log	/home/ians/git_repos/xHAMLET/logs/stage5_sdrf/status/PXD006928.exit	python src/main.py --pxd PXD006928 --config configs/config.yaml --no-download --nproc 1 --verbose
PXD006938	3126884	/home/ians/git_repos/xHAMLET/logs/stage5_sdrf/run/PXD006938.log	/home/ians/git_repos/xHAMLET/logs/stage5_sdrf/status/PXD006938.exit	python src/main.py --pxd PXD006938 --config configs/config.yaml --no-download --nproc 1 --verbose
PXD007043	3126948	/home/ians/git_repos/xHAMLET/logs/stage5_sdrf/run/PXD007043.log	/home/ians/git_repos/xHAMLET/logs/stage5_sdrf/status/PXD007043.exit	python src/main.py --pxd PXD007043 --config configs/config.yaml --no-download --nproc 1 --verbose
PXD007185	3127024	/home/ians/git_repos/xHAMLET/logs/stage5_sdrf/run/PXD007185.log	/home/ians/git_repos/xHAMLET/logs/stage5_sdrf/status/PXD007185.exit	python src/main.py --pxd PXD007185 --config configs/config.yaml --no-download --nproc 1 --verbose
PXD007250	3127034	/home/ians/git_repos/xHAMLET/logs/stage5_sdrf/run/PXD007250.log	/home/ians/git_repos/xHAMLET/logs/stage5_sdrf/status/PXD007250.exit	python src/main.py --pxd PXD007250 --config configs/config.yaml --no-download --nproc 1 --verbose
PXD007513	3127082	/home/ians/git_repos/xHAMLET/logs/stage5_sdrf/run/PXD007513.log	/home/ians/git_repos/xHAMLET/logs/stage5_sdrf/status/PXD007513.exit	python src/main.py --pxd PXD007513 --config configs/config.yaml --no-download --nproc 1 --verbose
PXD007673	3127199	/home/ians/git_repos/xHAMLET/logs/stage5_sdrf/run/PXD007673.log	/home/ians/git_repos/xHAMLET/logs/stage5_sdrf/status/PXD007673.exit	python src/main.py --pxd PXD007673 --config configs/config.yaml --no-download --nproc 1 --verbose
PXD007695	3127326	/home/ians/git_repos/xHAMLET/logs/stage5_sdrf/run/PXD007695.log	/home/ians/git_repos/xHAMLET/logs/stage5_sdrf/status/PXD007695.exit	python src/main.py --pxd PXD007695 --config configs/config.yaml --no-download --nproc 1 --verbose
PXD007836	3127505	/home/ians/git_repos/xHAMLET/logs/stage5_sdrf/run/PXD007836.log	/home/ians/git_repos/xHAMLET/logs/stage5_sdrf/status/PXD007836.exit	python src/main.py --pxd PXD007836 --config configs/config.yaml --no-download --nproc 1 --verbose
PXD007862	3127875	/home/ians/git_repos/xHAMLET/logs/stage5_sdrf/run/PXD007862.log	/home/ians/git_repos/xHAMLET/logs/stage5_sdrf/status/PXD007862.exit	python src/main.py --pxd PXD007862 --config configs/config.yaml --no-download --nproc 1 --verbose
PXD007928	3127970	/home/ians/git_repos/xHAMLET/logs/stage5_sdrf/run/PXD007928.log	/home/ians/git_repos/xHAMLET/logs/stage5_sdrf/status/PXD007928.exit	python src/main.py --pxd PXD007928 --config configs/config.yaml --no-download --nproc 1 --verbose
PXD008122	3128078	/home/ians/git_repos/xHAMLET/logs/stage5_sdrf/run/PXD008122.log	/home/ians/git_repos/xHAMLET/logs/stage5_sdrf/status/PXD008122.exit	python src/main.py --pxd PXD008122 --config configs/config.yaml --no-download --nproc 1 --verbose
PXD008161	3128195	/home/ians/git_repos/xHAMLET/logs/stage5_sdrf/run/PXD008161.log	/home/ians/git_repos/xHAMLET/logs/stage5_sdrf/status/PXD008161.exit	python src/main.py --pxd PXD008161 --config configs/config.yaml --no-download --nproc 1 --verbose
PXD008164	3128205	/home/ians/git_repos/xHAMLET/logs/stage5_sdrf/run/PXD008164.log	/home/ians/git_repos/xHAMLET/logs/stage5_sdrf/status/PXD008164.exit	python src/main.py --pxd PXD008164 --config configs/config.yaml --no-download --nproc 1 --verbose
PXD008337	3128274	/home/ians/git_repos/xHAMLET/logs/stage5_sdrf/run/PXD008337.log	/home/ians/git_repos/xHAMLET/logs/stage5_sdrf/status/PXD008337.exit	python src/main.py --pxd PXD008337 --config configs/config.yaml --no-download --nproc 1 --verbose
PXD008348	3128347	/home/ians/git_repos/xHAMLET/logs/stage5_sdrf/run/PXD008348.log	/home/ians/git_repos/xHAMLET/logs/stage5_sdrf/status/PXD008348.exit	python src/main.py --pxd PXD008348 --config configs/config.yaml --no-download --nproc 1 --verbose
PXD008418	3128398	/home/ians/git_repos/xHAMLET/logs/stage5_sdrf/run/PXD008418.log	/home/ians/git_repos/xHAMLET/logs/stage5_sdrf/status/PXD008418.exit	python src/main.py --pxd PXD008418 --config configs/config.yaml --no-download --nproc 1 --verbose
PXD008550	3128560	/home/ians/git_repos/xHAMLET/logs/stage5_sdrf/run/PXD008550.log	/home/ians/git_repos/xHAMLET/logs/stage5_sdrf/status/PXD008550.exit	python src/main.py --pxd PXD008550 --config configs/config.yaml --no-download --nproc 1 --verbose
PXD008577	3128570	/home/ians/git_repos/xHAMLET/logs/stage5_sdrf/run/PXD008577.log	/home/ians/git_repos/xHAMLET/logs/stage5_sdrf/status/PXD008577.exit	python src/main.py --pxd PXD008577 --config configs/config.yaml --no-download --nproc 1 --verbose
PXD008605	3128755	/home/ians/git_repos/xHAMLET/logs/stage5_sdrf/run/PXD008605.log	/home/ians/git_repos/xHAMLET/logs/stage5_sdrf/status/PXD008605.exit	python src/main.py --pxd PXD008605 --config configs/config.yaml --no-download --nproc 1 --verbose
PXD008680	3128793	/home/ians/git_repos/xHAMLET/logs/stage5_sdrf/run/PXD008680.log	/home/ians/git_repos/xHAMLET/logs/stage5_sdrf/status/PXD008680.exit	python src/main.py --pxd PXD008680 --config configs/config.yaml --no-download --nproc 1 --verbose
PXD008914	3128912	/home/ians/git_repos/xHAMLET/logs/stage5_sdrf/run/PXD008914.log	/home/ians/git_repos/xHAMLET/logs/stage5_sdrf/status/PXD008914.exit	python src/main.py --pxd PXD008914 --config configs/config.yaml --no-download --nproc 1 --verbose
PXD008941	3129151	/home/ians/git_repos/xHAMLET/logs/stage5_sdrf/run/PXD008941.log	/home/ians/git_repos/xHAMLET/logs/stage5_sdrf/status/PXD008941.exit	python src/main.py --pxd PXD008941 --config configs/config.yaml --no-download --nproc 1 --verbose
PXD008951	3129161	/home/ians/git_repos/xHAMLET/logs/stage5_sdrf/run/PXD008951.log	/home/ians/git_repos/xHAMLET/logs/stage5_sdrf/status/PXD008951.exit	python src/main.py --pxd PXD008951 --config configs/config.yaml --no-download --nproc 1 --verbose
PXD008975	3129302	/home/ians/git_repos/xHAMLET/logs/stage5_sdrf/run/PXD008975.log	/home/ians/git_repos/xHAMLET/logs/stage5_sdrf/status/PXD008975.exit	python src/main.py --pxd PXD008975 --config configs/config.yaml --no-download --nproc 1 --verbose
PXD009000	3129394	/home/ians/git_repos/xHAMLET/logs/stage5_sdrf/run/PXD009000.log	/home/ians/git_repos/xHAMLET/logs/stage5_sdrf/status/PXD009000.exit	python src/main.py --pxd PXD009000 --config configs/config.yaml --no-download --nproc 1 --verbose
PXD009001	3129586	/home/ians/git_repos/xHAMLET/logs/stage5_sdrf/run/PXD009001.log	/home/ians/git_repos/xHAMLET/logs/stage5_sdrf/status/PXD009001.exit	python src/main.py --pxd PXD009001 --config configs/config.yaml --no-download --nproc 1 --verbose
PXD009106	3129698	/home/ians/git_repos/xHAMLET/logs/stage5_sdrf/run/PXD009106.log	/home/ians/git_repos/xHAMLET/logs/stage5_sdrf/status/PXD009106.exit	python src/main.py --pxd PXD009106 --config configs/config.yaml --no-download --nproc 1 --verbose
PXD009159	3130498	/home/ians/git_repos/xHAMLET/logs/stage5_sdrf/run/PXD009159.log	/home/ians/git_repos/xHAMLET/logs/stage5_sdrf/status/PXD009159.exit	python src/main.py --pxd PXD009159 --config configs/config.yaml --no-download --nproc 1 --verbose
PXD009224	3130508	/home/ians/git_repos/xHAMLET/logs/stage5_sdrf/run/PXD009224.log	/home/ians/git_repos/xHAMLET/logs/stage5_sdrf/status/PXD009224.exit	python src/main.py --pxd PXD009224 --config configs/config.yaml --no-download --nproc 1 --verbose
PXD009260	3130683	/home/ians/git_repos/xHAMLET/logs/stage5_sdrf/run/PXD009260.log	/home/ians/git_repos/xHAMLET/logs/stage5_sdrf/status/PXD009260.exit	python src/main.py --pxd PXD009260 --config configs/config.yaml --no-download --nproc 1 --verbose
PXD009284	3130694	/home/ians/git_repos/xHAMLET/logs/stage5_sdrf/run/PXD009284.log	/home/ians/git_repos/xHAMLET/logs/stage5_sdrf/status/PXD009284.exit	python src/main.py --pxd PXD009284 --config configs/config.yaml --no-download --nproc 1 --verbose
PXD009302	3130739	/home/ians/git_repos/xHAMLET/logs/stage5_sdrf/run/PXD009302.log	/home/ians/git_repos/xHAMLET/logs/stage5_sdrf/status/PXD009302.exit	python src/main.py --pxd PXD009302 --config configs/config.yaml --no-download --nproc 1 --verbose
PXD009474	3130749	/home/ians/git_repos/xHAMLET/logs/stage5_sdrf/run/PXD009474.log	/home/ians/git_repos/xHAMLET/logs/stage5_sdrf/status/PXD009474.exit	python src/main.py --pxd PXD009474 --config configs/config.yaml --no-download --nproc 1 --verbose
PXD009526	3130801	/home/ians/git_repos/xHAMLET/logs/stage5_sdrf/run/PXD009526.log	/home/ians/git_repos/xHAMLET/logs/stage5_sdrf/status/PXD009526.exit	python src/main.py --pxd PXD009526 --config configs/config.yaml --no-download --nproc 1 --verbose
PXD009641	3130904	/home/ians/git_repos/xHAMLET/logs/stage5_sdrf/run/PXD009641.log	/home/ians/git_repos/xHAMLET/logs/stage5_sdrf/status/PXD009641.exit	python src/main.py --pxd PXD009641 --config configs/config.yaml --no-download --nproc 1 --verbose
PXD009648	3130991	/home/ians/git_repos/xHAMLET/logs/stage5_sdrf/run/PXD009648.log	/home/ians/git_repos/xHAMLET/logs/stage5_sdrf/status/PXD009648.exit	python src/main.py --pxd PXD009648 --config configs/config.yaml --no-download --nproc 1 --verbose
PXD009748	3131022	/home/ians/git_repos/xHAMLET/logs/stage5_sdrf/run/PXD009748.log	/home/ians/git_repos/xHAMLET/logs/stage5_sdrf/status/PXD009748.exit	python src/main.py --pxd PXD009748 --config configs/config.yaml --no-download --nproc 1 --verbose
PXD009756	3131064	/home/ians/git_repos/xHAMLET/logs/stage5_sdrf/run/PXD009756.log	/home/ians/git_repos/xHAMLET/logs/stage5_sdrf/status/PXD009756.exit	python src/main.py --pxd PXD009756 --config configs/config.yaml --no-download --nproc 1 --verbose
PXD009777	3131162	/home/ians/git_repos/xHAMLET/logs/stage5_sdrf/run/PXD009777.log	/home/ians/git_repos/xHAMLET/logs/stage5_sdrf/status/PXD009777.exit	python src/main.py --pxd PXD009777 --config configs/config.yaml --no-download --nproc 1 --verbose
PXD009783	3131206	/home/ians/git_repos/xHAMLET/logs/stage5_sdrf/run/PXD009783.log	/home/ians/git_repos/xHAMLET/logs/stage5_sdrf/status/PXD009783.exit	python src/main.py --pxd PXD009783 --config configs/config.yaml --no-download --nproc 1 --verbose
PXD009927	3131486	/home/ians/git_repos/xHAMLET/logs/stage5_sdrf/run/PXD009927.log	/home/ians/git_repos/xHAMLET/logs/stage5_sdrf/status/PXD009927.exit	python src/main.py --pxd PXD009927 --config configs/config.yaml --no-download --nproc 1 --verbose
PXD010003	3131496	/home/ians/git_repos/xHAMLET/logs/stage5_sdrf/run/PXD010003.log	/home/ians/git_repos/xHAMLET/logs/stage5_sdrf/status/PXD010003.exit	python src/main.py --pxd PXD010003 --config configs/config.yaml --no-download --nproc 1 --verbose
PXD010004	3131702	/home/ians/git_repos/xHAMLET/logs/stage5_sdrf/run/PXD010004.log	/home/ians/git_repos/xHAMLET/logs/stage5_sdrf/status/PXD010004.exit	python src/main.py --pxd PXD010004 --config configs/config.yaml --no-download --nproc 1 --verbose
PXD010046	3131940	/home/ians/git_repos/xHAMLET/logs/stage5_sdrf/run/PXD010046.log	/home/ians/git_repos/xHAMLET/logs/stage5_sdrf/status/PXD010046.exit	python src/main.py --pxd PXD010046 --config configs/config.yaml --no-download --nproc 1 --verbose
PXD010061	3132142	/home/ians/git_repos/xHAMLET/logs/stage5_sdrf/run/PXD010061.log	/home/ians/git_repos/xHAMLET/logs/stage5_sdrf/status/PXD010061.exit	python src/main.py --pxd PXD010061 --config configs/config.yaml --no-download --nproc 1 --verbose
PXD010070	3132152	/home/ians/git_repos/xHAMLET/logs/stage5_sdrf/run/PXD010070.log	/home/ians/git_repos/xHAMLET/logs/stage5_sdrf/status/PXD010070.exit	python src/main.py --pxd PXD010070 --config configs/config.yaml --no-download --nproc 1 --verbose
PXD010094	3132162	/home/ians/git_repos/xHAMLET/logs/stage5_sdrf/run/PXD010094.log	/home/ians/git_repos/xHAMLET/logs/stage5_sdrf/status/PXD010094.exit	python src/main.py --pxd PXD010094 --config configs/config.yaml --no-download --nproc 1 --verbose
PXD010111	3132258	/home/ians/git_repos/xHAMLET/logs/stage5_sdrf/run/PXD010111.log	/home/ians/git_repos/xHAMLET/logs/stage5_sdrf/status/PXD010111.exit	python src/main.py --pxd PXD010111 --config configs/config.yaml --no-download --nproc 1 --verbose
PXD010122	3132353	/home/ians/git_repos/xHAMLET/logs/stage5_sdrf/run/PXD010122.log	/home/ians/git_repos/xHAMLET/logs/stage5_sdrf/status/PXD010122.exit	python src/main.py --pxd PXD010122 --config configs/config.yaml --no-download --nproc 1 --verbose
PXD010124	3132400	/home/ians/git_repos/xHAMLET/logs/stage5_sdrf/run/PXD010124.log	/home/ians/git_repos/xHAMLET/logs/stage5_sdrf/status/PXD010124.exit	python src/main.py --pxd PXD010124 --config configs/config.yaml --no-download --nproc 1 --verbose
PXD010222	3132410	/home/ians/git_repos/xHAMLET/logs/stage5_sdrf/run/PXD010222.log	/home/ians/git_repos/xHAMLET/logs/stage5_sdrf/status/PXD010222.exit	python src/main.py --pxd PXD010222 --config configs/config.yaml --no-download --nproc 1 --verbose
PXD010317	3132516	/home/ians/git_repos/xHAMLET/logs/stage5_sdrf/run/PXD010317.log	/home/ians/git_repos/xHAMLET/logs/stage5_sdrf/status/PXD010317.exit	python src/main.py --pxd PXD010317 --config configs/config.yaml --no-download --nproc 1 --verbose
PXD010352	3132525	/home/ians/git_repos/xHAMLET/logs/stage5_sdrf/run/PXD010352.log	/home/ians/git_repos/xHAMLET/logs/stage5_sdrf/status/PXD010352.exit	python src/main.py --pxd PXD010352 --config configs/config.yaml --no-download --nproc 1 --verbose
PXD010384	3132559	/home/ians/git_repos/xHAMLET/logs/stage5_sdrf/run/PXD010384.log	/home/ians/git_repos/xHAMLET/logs/stage5_sdrf/status/PXD010384.exit	python src/main.py --pxd PXD010384 --config configs/config.yaml --no-download --nproc 1 --verbose
PXD010385	3132718	/home/ians/git_repos/xHAMLET/logs/stage5_sdrf/run/PXD010385.log	/home/ians/git_repos/xHAMLET/logs/stage5_sdrf/status/PXD010385.exit	python src/main.py --pxd PXD010385 --config configs/config.yaml --no-download --nproc 1 --verbose
PXD010410	3132992	/home/ians/git_repos/xHAMLET/logs/stage5_sdrf/run/PXD010410.log	/home/ians/git_repos/xHAMLET/logs/stage5_sdrf/status/PXD010410.exit	python src/main.py --pxd PXD010410 --config configs/config.yaml --no-download --nproc 1 --verbose
PXD010422	3133044	/home/ians/git_repos/xHAMLET/logs/stage5_sdrf/run/PXD010422.log	/home/ians/git_repos/xHAMLET/logs/stage5_sdrf/status/PXD010422.exit	python src/main.py --pxd PXD010422 --config configs/config.yaml --no-download --nproc 1 --verbose
PXD010468	3133208	/home/ians/git_repos/xHAMLET/logs/stage5_sdrf/run/PXD010468.log	/home/ians/git_repos/xHAMLET/logs/stage5_sdrf/status/PXD010468.exit	python src/main.py --pxd PXD010468 --config configs/config.yaml --no-download --nproc 1 --verbose
PXD010470	3133229	/home/ians/git_repos/xHAMLET/logs/stage5_sdrf/run/PXD010470.log	/home/ians/git_repos/xHAMLET/logs/stage5_sdrf/status/PXD010470.exit	python src/main.py --pxd PXD010470 --config configs/config.yaml --no-download --nproc 1 --verbose
PXD010474	3133303	/home/ians/git_repos/xHAMLET/logs/stage5_sdrf/run/PXD010474.log	/home/ians/git_repos/xHAMLET/logs/stage5_sdrf/status/PXD010474.exit	python src/main.py --pxd PXD010474 --config configs/config.yaml --no-download --nproc 1 --verbose
PXD010479	3133436	/home/ians/git_repos/xHAMLET/logs/stage5_sdrf/run/PXD010479.log	/home/ians/git_repos/xHAMLET/logs/stage5_sdrf/status/PXD010479.exit	python src/main.py --pxd PXD010479 --config configs/config.yaml --no-download --nproc 1 --verbose
PXD010481	3133476	/home/ians/git_repos/xHAMLET/logs/stage5_sdrf/run/PXD010481.log	/home/ians/git_repos/xHAMLET/logs/stage5_sdrf/status/PXD010481.exit	python src/main.py --pxd PXD010481 --config configs/config.yaml --no-download --nproc 1 --verbose
PXD010483	3133711	/home/ians/git_repos/xHAMLET/logs/stage5_sdrf/run/PXD010483.log	/home/ians/git_repos/xHAMLET/logs/stage5_sdrf/status/PXD010483.exit	python src/main.py --pxd PXD010483 --config configs/config.yaml --no-download --nproc 1 --verbose
PXD010796	3133767	/home/ians/git_repos/xHAMLET/logs/stage5_sdrf/run/PXD010796.log	/home/ians/git_repos/xHAMLET/logs/stage5_sdrf/status/PXD010796.exit	python src/main.py --pxd PXD010796 --config configs/config.yaml --no-download --nproc 1 --verbose
PXD010884	3133777	/home/ians/git_repos/xHAMLET/logs/stage5_sdrf/run/PXD010884.log	/home/ians/git_repos/xHAMLET/logs/stage5_sdrf/status/PXD010884.exit	python src/main.py --pxd PXD010884 --config configs/config.yaml --no-download --nproc 1 --verbose
PXD010892	3133948	/home/ians/git_repos/xHAMLET/logs/stage5_sdrf/run/PXD010892.log	/home/ians/git_repos/xHAMLET/logs/stage5_sdrf/status/PXD010892.exit	python src/main.py --pxd PXD010892 --config configs/config.yaml --no-download --nproc 1 --verbose
PXD010921	3133958	/home/ians/git_repos/xHAMLET/logs/stage5_sdrf/run/PXD010921.log	/home/ians/git_repos/xHAMLET/logs/stage5_sdrf/status/PXD010921.exit	python src/main.py --pxd PXD010921 --config configs/config.yaml --no-download --nproc 1 --verbose
PXD010930	3134135	/home/ians/git_repos/xHAMLET/logs/stage5_sdrf/run/PXD010930.log	/home/ians/git_repos/xHAMLET/logs/stage5_sdrf/status/PXD010930.exit	python src/main.py --pxd PXD010930 --config configs/config.yaml --no-download --nproc 1 --verbose
PXD010931	3134226	/home/ians/git_repos/xHAMLET/logs/stage5_sdrf/run/PXD010931.log	/home/ians/git_repos/xHAMLET/logs/stage5_sdrf/status/PXD010931.exit	python src/main.py --pxd PXD010931 --config configs/config.yaml --no-download --nproc 1 --verbose
PXD010950	3134331	/home/ians/git_repos/xHAMLET/logs/stage5_sdrf/run/PXD010950.log	/home/ians/git_repos/xHAMLET/logs/stage5_sdrf/status/PXD010950.exit	python src/main.py --pxd PXD010950 --config configs/config.yaml --no-download --nproc 1 --verbose
PXD010963	3134341	/home/ians/git_repos/xHAMLET/logs/stage5_sdrf/run/PXD010963.log	/home/ians/git_repos/xHAMLET/logs/stage5_sdrf/status/PXD010963.exit	python src/main.py --pxd PXD010963 --config configs/config.yaml --no-download --nproc 1 --verbose
PXD010988	3134468	/home/ians/git_repos/xHAMLET/logs/stage5_sdrf/run/PXD010988.log	/home/ians/git_repos/xHAMLET/logs/stage5_sdrf/status/PXD010988.exit	python src/main.py --pxd PXD010988 --config configs/config.yaml --no-download --nproc 1 --verbose
PXD011036	3134517	/home/ians/git_repos/xHAMLET/logs/stage5_sdrf/run/PXD011036.log	/home/ians/git_repos/xHAMLET/logs/stage5_sdrf/status/PXD011036.exit	python src/main.py --pxd PXD011036 --config configs/config.yaml --no-download --nproc 1 --verbose
PXD011071	3134528	/home/ians/git_repos/xHAMLET/logs/stage5_sdrf/run/PXD011071.log	/home/ians/git_repos/xHAMLET/logs/stage5_sdrf/status/PXD011071.exit	python src/main.py --pxd PXD011071 --config configs/config.yaml --no-download --nproc 1 --verbose
PXD011077	3134737	/home/ians/git_repos/xHAMLET/logs/stage5_sdrf/run/PXD011077.log	/home/ians/git_repos/xHAMLET/logs/stage5_sdrf/status/PXD011077.exit	python src/main.py --pxd PXD011077 --config configs/config.yaml --no-download --nproc 1 --verbose
PXD011078	3134757	/home/ians/git_repos/xHAMLET/logs/stage5_sdrf/run/PXD011078.log	/home/ians/git_repos/xHAMLET/logs/stage5_sdrf/status/PXD011078.exit	python src/main.py --pxd PXD011078 --config configs/config.yaml --no-download --nproc 1 --verbose
PXD011121	3134950	/home/ians/git_repos/xHAMLET/logs/stage5_sdrf/run/PXD011121.log	/home/ians/git_repos/xHAMLET/logs/stage5_sdrf/status/PXD011121.exit	python src/main.py --pxd PXD011121 --config configs/config.yaml --no-download --nproc 1 --verbose
PXD011296	3134978	/home/ians/git_repos/xHAMLET/logs/stage5_sdrf/run/PXD011296.log	/home/ians/git_repos/xHAMLET/logs/stage5_sdrf/status/PXD011296.exit	python src/main.py --pxd PXD011296 --config configs/config.yaml --no-download --nproc 1 --verbose
PXD011312	3135029	/home/ians/git_repos/xHAMLET/logs/stage5_sdrf/run/PXD011312.log	/home/ians/git_repos/xHAMLET/logs/stage5_sdrf/status/PXD011312.exit	python src/main.py --pxd PXD011312 --config configs/config.yaml --no-download --nproc 1 --verbose
PXD011459	3135199	/home/ians/git_repos/xHAMLET/logs/stage5_sdrf/run/PXD011459.log	/home/ians/git_repos/xHAMLET/logs/stage5_sdrf/status/PXD011459.exit	python src/main.py --pxd PXD011459 --config configs/config.yaml --no-download --nproc 1 --verbose
PXD011645	3135271	/home/ians/git_repos/xHAMLET/logs/stage5_sdrf/run/PXD011645.log	/home/ians/git_repos/xHAMLET/logs/stage5_sdrf/status/PXD011645.exit	python src/main.py --pxd PXD011645 --config configs/config.yaml --no-download --nproc 1 --verbose
PXD011680	3135354	/home/ians/git_repos/xHAMLET/logs/stage5_sdrf/run/PXD011680.log	/home/ians/git_repos/xHAMLET/logs/stage5_sdrf/status/PXD011680.exit	python src/main.py --pxd PXD011680 --config configs/config.yaml --no-download --nproc 1 --verbose
PXD011702	3135364	/home/ians/git_repos/xHAMLET/logs/stage5_sdrf/run/PXD011702.log	/home/ians/git_repos/xHAMLET/logs/stage5_sdrf/status/PXD011702.exit	python src/main.py --pxd PXD011702 --config configs/config.yaml --no-download --nproc 1 --verbose
PXD011704	3135539	/home/ians/git_repos/xHAMLET/logs/stage5_sdrf/run/PXD011704.log	/home/ians/git_repos/xHAMLET/logs/stage5_sdrf/status/PXD011704.exit	python src/main.py --pxd PXD011704 --config configs/config.yaml --no-download --nproc 1 --verbose
PXD011774	3135676	/home/ians/git_repos/xHAMLET/logs/stage5_sdrf/run/PXD011774.log	/home/ians/git_repos/xHAMLET/logs/stage5_sdrf/status/PXD011774.exit	python src/main.py --pxd PXD011774 --config configs/config.yaml --no-download --nproc 1 --verbose
PXD011775	3135806	/home/ians/git_repos/xHAMLET/logs/stage5_sdrf/run/PXD011775.log	/home/ians/git_repos/xHAMLET/logs/stage5_sdrf/status/PXD011775.exit	python src/main.py --pxd PXD011775 --config configs/config.yaml --no-download --nproc 1 --verbose
PXD011806	3135816	/home/ians/git_repos/xHAMLET/logs/stage5_sdrf/run/PXD011806.log	/home/ians/git_repos/xHAMLET/logs/stage5_sdrf/status/PXD011806.exit	python src/main.py --pxd PXD011806 --config configs/config.yaml --no-download --nproc 1 --verbose
PXD011861	3136022	/home/ians/git_repos/xHAMLET/logs/stage5_sdrf/run/PXD011861.log	/home/ians/git_repos/xHAMLET/logs/stage5_sdrf/status/PXD011861.exit	python src/main.py --pxd PXD011861 --config configs/config.yaml --no-download --nproc 1 --verbose
PXD011931	3136168	/home/ians/git_repos/xHAMLET/logs/stage5_sdrf/run/PXD011931.log	/home/ians/git_repos/xHAMLET/logs/stage5_sdrf/status/PXD011931.exit	python src/main.py --pxd PXD011931 --config configs/config.yaml --no-download --nproc 1 --verbose
PXD011974	3136301	/home/ians/git_repos/xHAMLET/logs/stage5_sdrf/run/PXD011974.log	/home/ians/git_repos/xHAMLET/logs/stage5_sdrf/status/PXD011974.exit	python src/main.py --pxd PXD011974 --config configs/config.yaml --no-download --nproc 1 --verbose
PXD011995	3136359	/home/ians/git_repos/xHAMLET/logs/stage5_sdrf/run/PXD011995.log	/home/ians/git_repos/xHAMLET/logs/stage5_sdrf/status/PXD011995.exit	python src/main.py --pxd PXD011995 --config configs/config.yaml --no-download --nproc 1 --verbose
PXD012109	3136539	/home/ians/git_repos/xHAMLET/logs/stage5_sdrf/run/PXD012109.log	/home/ians/git_repos/xHAMLET/logs/stage5_sdrf/status/PXD012109.exit	python src/main.py --pxd PXD012109 --config configs/config.yaml --no-download --nproc 1 --verbose
PXD012157	3136597	/home/ians/git_repos/xHAMLET/logs/stage5_sdrf/run/PXD012157.log	/home/ians/git_repos/xHAMLET/logs/stage5_sdrf/status/PXD012157.exit	python src/main.py --pxd PXD012157 --config configs/config.yaml --no-download --nproc 1 --verbose
PXD012225	3136619	/home/ians/git_repos/xHAMLET/logs/stage5_sdrf/run/PXD012225.log	/home/ians/git_repos/xHAMLET/logs/stage5_sdrf/status/PXD012225.exit	python src/main.py --pxd PXD012225 --config configs/config.yaml --no-download --nproc 1 --verbose
PXD012350	3137024	/home/ians/git_repos/xHAMLET/logs/stage5_sdrf/run/PXD012350.log	/home/ians/git_repos/xHAMLET/logs/stage5_sdrf/status/PXD012350.exit	python src/main.py --pxd PXD012350 --config configs/config.yaml --no-download --nproc 1 --verbose
PXD012427	3137093	/home/ians/git_repos/xHAMLET/logs/stage5_sdrf/run/PXD012427.log	/home/ians/git_repos/xHAMLET/logs/stage5_sdrf/status/PXD012427.exit	python src/main.py --pxd PXD012427 --config configs/config.yaml --no-download --nproc 1 --verbose
PXD012466	3137103	/home/ians/git_repos/xHAMLET/logs/stage5_sdrf/run/PXD012466.log	/home/ians/git_repos/xHAMLET/logs/stage5_sdrf/status/PXD012466.exit	python src/main.py --pxd PXD012466 --config configs/config.yaml --no-download --nproc 1 --verbose
PXD012494	3137163	/home/ians/git_repos/xHAMLET/logs/stage5_sdrf/run/PXD012494.log	/home/ians/git_repos/xHAMLET/logs/stage5_sdrf/status/PXD012494.exit	python src/main.py --pxd PXD012494 --config configs/config.yaml --no-download --nproc 1 --verbose
PXD012521	3137243	/home/ians/git_repos/xHAMLET/logs/stage5_sdrf/run/PXD012521.log	/home/ians/git_repos/xHAMLET/logs/stage5_sdrf/status/PXD012521.exit	python src/main.py --pxd PXD012521 --config configs/config.yaml --no-download --nproc 1 --verbose
PXD012546	3137334	/home/ians/git_repos/xHAMLET/logs/stage5_sdrf/run/PXD012546.log	/home/ians/git_repos/xHAMLET/logs/stage5_sdrf/status/PXD012546.exit	python src/main.py --pxd PXD012546 --config configs/config.yaml --no-download --nproc 1 --verbose
PXD012592	3137344	/home/ians/git_repos/xHAMLET/logs/stage5_sdrf/run/PXD012592.log	/home/ians/git_repos/xHAMLET/logs/stage5_sdrf/status/PXD012592.exit	python src/main.py --pxd PXD012592 --config configs/config.yaml --no-download --nproc 1 --verbose
PXD012624	3137467	/home/ians/git_repos/xHAMLET/logs/stage5_sdrf/run/PXD012624.log	/home/ians/git_repos/xHAMLET/logs/stage5_sdrf/status/PXD012624.exit	python src/main.py --pxd PXD012624 --config configs/config.yaml --no-download --nproc 1 --verbose
PXD012723	3137671	/home/ians/git_repos/xHAMLET/logs/stage5_sdrf/run/PXD012723.log	/home/ians/git_repos/xHAMLET/logs/stage5_sdrf/status/PXD012723.exit	python src/main.py --pxd PXD012723 --config configs/config.yaml --no-download --nproc 1 --verbose
PXD012759	3138051	/home/ians/git_repos/xHAMLET/logs/stage5_sdrf/run/PXD012759.log	/home/ians/git_repos/xHAMLET/logs/stage5_sdrf/status/PXD012759.exit	python src/main.py --pxd PXD012759 --config configs/config.yaml --no-download --nproc 1 --verbose
PXD012788	3138163	/home/ians/git_repos/xHAMLET/logs/stage5_sdrf/run/PXD012788.log	/home/ians/git_repos/xHAMLET/logs/stage5_sdrf/status/PXD012788.exit	python src/main.py --pxd PXD012788 --config configs/config.yaml --no-download --nproc 1 --verbose
PXD012882	3138510	/home/ians/git_repos/xHAMLET/logs/stage5_sdrf/run/PXD012882.log	/home/ians/git_repos/xHAMLET/logs/stage5_sdrf/status/PXD012882.exit	python src/main.py --pxd PXD012882 --config configs/config.yaml --no-download --nproc 1 --verbose
PXD012939	3138520	/home/ians/git_repos/xHAMLET/logs/stage5_sdrf/run/PXD012939.log	/home/ians/git_repos/xHAMLET/logs/stage5_sdrf/status/PXD012939.exit	python src/main.py --pxd PXD012939 --config configs/config.yaml --no-download --nproc 1 --verbose
PXD013032	3138632	/home/ians/git_repos/xHAMLET/logs/stage5_sdrf/run/PXD013032.log	/home/ians/git_repos/xHAMLET/logs/stage5_sdrf/status/PXD013032.exit	python src/main.py --pxd PXD013032 --config configs/config.yaml --no-download --nproc 1 --verbose
PXD013063	3138642	/home/ians/git_repos/xHAMLET/logs/stage5_sdrf/run/PXD013063.log	/home/ians/git_repos/xHAMLET/logs/stage5_sdrf/status/PXD013063.exit	python src/main.py --pxd PXD013063 --config configs/config.yaml --no-download --nproc 1 --verbose
PXD013083	3138652	/home/ians/git_repos/xHAMLET/logs/stage5_sdrf/run/PXD013083.log	/home/ians/git_repos/xHAMLET/logs/stage5_sdrf/status/PXD013083.exit	python src/main.py --pxd PXD013083 --config configs/config.yaml --no-download --nproc 1 --verbose
PXD013097	3138683	/home/ians/git_repos/xHAMLET/logs/stage5_sdrf/run/PXD013097.log	/home/ians/git_repos/xHAMLET/logs/stage5_sdrf/status/PXD013097.exit	python src/main.py --pxd PXD013097 --config configs/config.yaml --no-download --nproc 1 --verbose
PXD013144	3138797	/home/ians/git_repos/xHAMLET/logs/stage5_sdrf/run/PXD013144.log	/home/ians/git_repos/xHAMLET/logs/stage5_sdrf/status/PXD013144.exit	python src/main.py --pxd PXD013144 --config configs/config.yaml --no-download --nproc 1 --verbose
PXD013160	3138807	/home/ians/git_repos/xHAMLET/logs/stage5_sdrf/run/PXD013160.log	/home/ians/git_repos/xHAMLET/logs/stage5_sdrf/status/PXD013160.exit	python src/main.py --pxd PXD013160 --config configs/config.yaml --no-download --nproc 1 --verbose
PXD013183	3138910	/home/ians/git_repos/xHAMLET/logs/stage5_sdrf/run/PXD013183.log	/home/ians/git_repos/xHAMLET/logs/stage5_sdrf/status/PXD013183.exit	python src/main.py --pxd PXD013183 --config configs/config.yaml --no-download --nproc 1 --verbose
PXD013194	3139053	/home/ians/git_repos/xHAMLET/logs/stage5_sdrf/run/PXD013194.log	/home/ians/git_repos/xHAMLET/logs/stage5_sdrf/status/PXD013194.exit	python src/main.py --pxd PXD013194 --config configs/config.yaml --no-download --nproc 1 --verbose
PXD013209	3139131	/home/ians/git_repos/xHAMLET/logs/stage5_sdrf/run/PXD013209.log	/home/ians/git_repos/xHAMLET/logs/stage5_sdrf/status/PXD013209.exit	python src/main.py --pxd PXD013209 --config configs/config.yaml --no-download --nproc 1 --verbose
PXD013215	3139266	/home/ians/git_repos/xHAMLET/logs/stage5_sdrf/run/PXD013215.log	/home/ians/git_repos/xHAMLET/logs/stage5_sdrf/status/PXD013215.exit	python src/main.py --pxd PXD013215 --config configs/config.yaml --no-download --nproc 1 --verbose
PXD013338	3139356	/home/ians/git_repos/xHAMLET/logs/stage5_sdrf/run/PXD013338.log	/home/ians/git_repos/xHAMLET/logs/stage5_sdrf/status/PXD013338.exit	python src/main.py --pxd PXD013338 --config configs/config.yaml --no-download --nproc 1 --verbose
PXD013339	3139497	/home/ians/git_repos/xHAMLET/logs/stage5_sdrf/run/PXD013339.log	/home/ians/git_repos/xHAMLET/logs/stage5_sdrf/status/PXD013339.exit	python src/main.py --pxd PXD013339 --config configs/config.yaml --no-download --nproc 1 --verbose
PXD013470	3139507	/home/ians/git_repos/xHAMLET/logs/stage5_sdrf/run/PXD013470.log	/home/ians/git_repos/xHAMLET/logs/stage5_sdrf/status/PXD013470.exit	python src/main.py --pxd PXD013470 --config configs/config.yaml --no-download --nproc 1 --verbose
PXD013476	3139819	/home/ians/git_repos/xHAMLET/logs/stage5_sdrf/run/PXD013476.log	/home/ians/git_repos/xHAMLET/logs/stage5_sdrf/status/PXD013476.exit	python src/main.py --pxd PXD013476 --config configs/config.yaml --no-download --nproc 1 --verbose
PXD013601	3139883	/home/ians/git_repos/xHAMLET/logs/stage5_sdrf/run/PXD013601.log	/home/ians/git_repos/xHAMLET/logs/stage5_sdrf/status/PXD013601.exit	python src/main.py --pxd PXD013601 --config configs/config.yaml --no-download --nproc 1 --verbose
PXD013704	3140190	/home/ians/git_repos/xHAMLET/logs/stage5_sdrf/run/PXD013704.log	/home/ians/git_repos/xHAMLET/logs/stage5_sdrf/status/PXD013704.exit	python src/main.py --pxd PXD013704 --config configs/config.yaml --no-download --nproc 1 --verbose
PXD013720	3140221	/home/ians/git_repos/xHAMLET/logs/stage5_sdrf/run/PXD013720.log	/home/ians/git_repos/xHAMLET/logs/stage5_sdrf/status/PXD013720.exit	python src/main.py --pxd PXD013720 --config configs/config.yaml --no-download --nproc 1 --verbose
PXD013735	3140257	/home/ians/git_repos/xHAMLET/logs/stage5_sdrf/run/PXD013735.log	/home/ians/git_repos/xHAMLET/logs/stage5_sdrf/status/PXD013735.exit	python src/main.py --pxd PXD013735 --config configs/config.yaml --no-download --nproc 1 --verbose
PXD013769	3140304	/home/ians/git_repos/xHAMLET/logs/stage5_sdrf/run/PXD013769.log	/home/ians/git_repos/xHAMLET/logs/stage5_sdrf/status/PXD013769.exit	python src/main.py --pxd PXD013769 --config configs/config.yaml --no-download --nproc 1 --verbose
PXD013907	3140360	/home/ians/git_repos/xHAMLET/logs/stage5_sdrf/run/PXD013907.log	/home/ians/git_repos/xHAMLET/logs/stage5_sdrf/status/PXD013907.exit	python src/main.py --pxd PXD013907 --config configs/config.yaml --no-download --nproc 1 --verbose
PXD013928	3140414	/home/ians/git_repos/xHAMLET/logs/stage5_sdrf/run/PXD013928.log	/home/ians/git_repos/xHAMLET/logs/stage5_sdrf/status/PXD013928.exit	python src/main.py --pxd PXD013928 --config configs/config.yaml --no-download --nproc 1 --verbose
PXD014055	3140670	/home/ians/git_repos/xHAMLET/logs/stage5_sdrf/run/PXD014055.log	/home/ians/git_repos/xHAMLET/logs/stage5_sdrf/status/PXD014055.exit	python src/main.py --pxd PXD014055 --config configs/config.yaml --no-download --nproc 1 --verbose
PXD014067	3140692	/home/ians/git_repos/xHAMLET/logs/stage5_sdrf/run/PXD014067.log	/home/ians/git_repos/xHAMLET/logs/stage5_sdrf/status/PXD014067.exit	python src/main.py --pxd PXD014067 --config configs/config.yaml --no-download --nproc 1 --verbose
PXD014247	3140920	/home/ians/git_repos/xHAMLET/logs/stage5_sdrf/run/PXD014247.log	/home/ians/git_repos/xHAMLET/logs/stage5_sdrf/status/PXD014247.exit	python src/main.py --pxd PXD014247 --config configs/config.yaml --no-download --nproc 1 --verbose
PXD014337	3140930	/home/ians/git_repos/xHAMLET/logs/stage5_sdrf/run/PXD014337.log	/home/ians/git_repos/xHAMLET/logs/stage5_sdrf/status/PXD014337.exit	python src/main.py --pxd PXD014337 --config configs/config.yaml --no-download --nproc 1 --verbose
PXD014359	3140961	/home/ians/git_repos/xHAMLET/logs/stage5_sdrf/run/PXD014359.log	/home/ians/git_repos/xHAMLET/logs/stage5_sdrf/status/PXD014359.exit	python src/main.py --pxd PXD014359 --config configs/config.yaml --no-download --nproc 1 --verbose
PXD014426	3141099	/home/ians/git_repos/xHAMLET/logs/stage5_sdrf/run/PXD014426.log	/home/ians/git_repos/xHAMLET/logs/stage5_sdrf/status/PXD014426.exit	python src/main.py --pxd PXD014426 --config configs/config.yaml --no-download --nproc 1 --verbose
PXD014499	3141343	/home/ians/git_repos/xHAMLET/logs/stage5_sdrf/run/PXD014499.log	/home/ians/git_repos/xHAMLET/logs/stage5_sdrf/status/PXD014499.exit	python src/main.py --pxd PXD014499 --config configs/config.yaml --no-download --nproc 1 --verbose
PXD014500	3141483	/home/ians/git_repos/xHAMLET/logs/stage5_sdrf/run/PXD014500.log	/home/ians/git_repos/xHAMLET/logs/stage5_sdrf/status/PXD014500.exit	python src/main.py --pxd PXD014500 --config configs/config.yaml --no-download --nproc 1 --verbose
PXD014520	3141493	/home/ians/git_repos/xHAMLET/logs/stage5_sdrf/run/PXD014520.log	/home/ians/git_repos/xHAMLET/logs/stage5_sdrf/status/PXD014520.exit	python src/main.py --pxd PXD014520 --config configs/config.yaml --no-download --nproc 1 --verbose
PXD014523	3141575	/home/ians/git_repos/xHAMLET/logs/stage5_sdrf/run/PXD014523.log	/home/ians/git_repos/xHAMLET/logs/stage5_sdrf/status/PXD014523.exit	python src/main.py --pxd PXD014523 --config configs/config.yaml --no-download --nproc 1 --verbose
PXD014584	3141675	/home/ians/git_repos/xHAMLET/logs/stage5_sdrf/run/PXD014584.log	/home/ians/git_repos/xHAMLET/logs/stage5_sdrf/status/PXD014584.exit	python src/main.py --pxd PXD014584 --config configs/config.yaml --no-download --nproc 1 --verbose
PXD014642	3141686	/home/ians/git_repos/xHAMLET/logs/stage5_sdrf/run/PXD014642.log	/home/ians/git_repos/xHAMLET/logs/stage5_sdrf/status/PXD014642.exit	python src/main.py --pxd PXD014642 --config configs/config.yaml --no-download --nproc 1 --verbose
PXD014661	3141852	/home/ians/git_repos/xHAMLET/logs/stage5_sdrf/run/PXD014661.log	/home/ians/git_repos/xHAMLET/logs/stage5_sdrf/status/PXD014661.exit	python src/main.py --pxd PXD014661 --config configs/config.yaml --no-download --nproc 1 --verbose
PXD014673	3141875	/home/ians/git_repos/xHAMLET/logs/stage5_sdrf/run/PXD014673.log	/home/ians/git_repos/xHAMLET/logs/stage5_sdrf/status/PXD014673.exit	python src/main.py --pxd PXD014673 --config configs/config.yaml --no-download --nproc 1 --verbose
PXD014675	3141949	/home/ians/git_repos/xHAMLET/logs/stage5_sdrf/run/PXD014675.log	/home/ians/git_repos/xHAMLET/logs/stage5_sdrf/status/PXD014675.exit	python src/main.py --pxd PXD014675 --config configs/config.yaml --no-download --nproc 1 --verbose
PXD014738	3142045	/home/ians/git_repos/xHAMLET/logs/stage5_sdrf/run/PXD014738.log	/home/ians/git_repos/xHAMLET/logs/stage5_sdrf/status/PXD014738.exit	python src/main.py --pxd PXD014738 --config configs/config.yaml --no-download --nproc 1 --verbose
PXD014759	3142123	/home/ians/git_repos/xHAMLET/logs/stage5_sdrf/run/PXD014759.log	/home/ians/git_repos/xHAMLET/logs/stage5_sdrf/status/PXD014759.exit	python src/main.py --pxd PXD014759 --config configs/config.yaml --no-download --nproc 1 --verbose
PXD014898	3142302	/home/ians/git_repos/xHAMLET/logs/stage5_sdrf/run/PXD014898.log	/home/ians/git_repos/xHAMLET/logs/stage5_sdrf/status/PXD014898.exit	python src/main.py --pxd PXD014898 --config configs/config.yaml --no-download --nproc 1 --verbose
PXD014957	3142333	/home/ians/git_repos/xHAMLET/logs/stage5_sdrf/run/PXD014957.log	/home/ians/git_repos/xHAMLET/logs/stage5_sdrf/status/PXD014957.exit	python src/main.py --pxd PXD014957 --config configs/config.yaml --no-download --nproc 1 --verbose
PXD015037	3142434	/home/ians/git_repos/xHAMLET/logs/stage5_sdrf/run/PXD015037.log	/home/ians/git_repos/xHAMLET/logs/stage5_sdrf/status/PXD015037.exit	python src/main.py --pxd PXD015037 --config configs/config.yaml --no-download --nproc 1 --verbose
PXD015044	3142472	/home/ians/git_repos/xHAMLET/logs/stage5_sdrf/run/PXD015044.log	/home/ians/git_repos/xHAMLET/logs/stage5_sdrf/status/PXD015044.exit	python src/main.py --pxd PXD015044 --config configs/config.yaml --no-download --nproc 1 --verbose
PXD015080	3142482	/home/ians/git_repos/xHAMLET/logs/stage5_sdrf/run/PXD015080.log	/home/ians/git_repos/xHAMLET/logs/stage5_sdrf/status/PXD015080.exit	python src/main.py --pxd PXD015080 --config configs/config.yaml --no-download --nproc 1 --verbose
PXD015160	3142685	/home/ians/git_repos/xHAMLET/logs/stage5_sdrf/run/PXD015160.log	/home/ians/git_repos/xHAMLET/logs/stage5_sdrf/status/PXD015160.exit	python src/main.py --pxd PXD015160 --config configs/config.yaml --no-download --nproc 1 --verbose
PXD015161	3142796	/home/ians/git_repos/xHAMLET/logs/stage5_sdrf/run/PXD015161.log	/home/ians/git_repos/xHAMLET/logs/stage5_sdrf/status/PXD015161.exit	python src/main.py --pxd PXD015161 --config configs/config.yaml --no-download --nproc 1 --verbose
PXD015162	3143004	/home/ians/git_repos/xHAMLET/logs/stage5_sdrf/run/PXD015162.log	/home/ians/git_repos/xHAMLET/logs/stage5_sdrf/status/PXD015162.exit	python src/main.py --pxd PXD015162 --config configs/config.yaml --no-download --nproc 1 --verbose
PXD015285	3143047	/home/ians/git_repos/xHAMLET/logs/stage5_sdrf/run/PXD015285.log	/home/ians/git_repos/xHAMLET/logs/stage5_sdrf/status/PXD015285.exit	python src/main.py --pxd PXD015285 --config configs/config.yaml --no-download --nproc 1 --verbose
PXD015366	3143057	/home/ians/git_repos/xHAMLET/logs/stage5_sdrf/run/PXD015366.log	/home/ians/git_repos/xHAMLET/logs/stage5_sdrf/status/PXD015366.exit	python src/main.py --pxd PXD015366 --config configs/config.yaml --no-download --nproc 1 --verbose
PXD015394	3143097	/home/ians/git_repos/xHAMLET/logs/stage5_sdrf/run/PXD015394.log	/home/ians/git_repos/xHAMLET/logs/stage5_sdrf/status/PXD015394.exit	python src/main.py --pxd PXD015394 --config configs/config.yaml --no-download --nproc 1 --verbose
PXD015435	3143107	/home/ians/git_repos/xHAMLET/logs/stage5_sdrf/run/PXD015435.log	/home/ians/git_repos/xHAMLET/logs/stage5_sdrf/status/PXD015435.exit	python src/main.py --pxd PXD015435 --config configs/config.yaml --no-download --nproc 1 --verbose
PXD015479	3143325	/home/ians/git_repos/xHAMLET/logs/stage5_sdrf/run/PXD015479.log	/home/ians/git_repos/xHAMLET/logs/stage5_sdrf/status/PXD015479.exit	python src/main.py --pxd PXD015479 --config configs/config.yaml --no-download --nproc 1 --verbose
PXD015507	3143391	/home/ians/git_repos/xHAMLET/logs/stage5_sdrf/run/PXD015507.log	/home/ians/git_repos/xHAMLET/logs/stage5_sdrf/status/PXD015507.exit	python src/main.py --pxd PXD015507 --config configs/config.yaml --no-download --nproc 1 --verbose
PXD015549	3143688	/home/ians/git_repos/xHAMLET/logs/stage5_sdrf/run/PXD015549.log	/home/ians/git_repos/xHAMLET/logs/stage5_sdrf/status/PXD015549.exit	python src/main.py --pxd PXD015549 --config configs/config.yaml --no-download --nproc 1 --verbose
PXD015658	3143744	/home/ians/git_repos/xHAMLET/logs/stage5_sdrf/run/PXD015658.log	/home/ians/git_repos/xHAMLET/logs/stage5_sdrf/status/PXD015658.exit	python src/main.py --pxd PXD015658 --config configs/config.yaml --no-download --nproc 1 --verbose
PXD015682	3143754	/home/ians/git_repos/xHAMLET/logs/stage5_sdrf/run/PXD015682.log	/home/ians/git_repos/xHAMLET/logs/stage5_sdrf/status/PXD015682.exit	python src/main.py --pxd PXD015682 --config configs/config.yaml --no-download --nproc 1 --verbose
PXD015725	3143783	/home/ians/git_repos/xHAMLET/logs/stage5_sdrf/run/PXD015725.log	/home/ians/git_repos/xHAMLET/logs/stage5_sdrf/status/PXD015725.exit	python src/main.py --pxd PXD015725 --config configs/config.yaml --no-download --nproc 1 --verbose
PXD015751	3143793	/home/ians/git_repos/xHAMLET/logs/stage5_sdrf/run/PXD015751.log	/home/ians/git_repos/xHAMLET/logs/stage5_sdrf/status/PXD015751.exit	python src/main.py --pxd PXD015751 --config configs/config.yaml --no-download --nproc 1 --verbose
PXD015779	3144214	/home/ians/git_repos/xHAMLET/logs/stage5_sdrf/run/PXD015779.log	/home/ians/git_repos/xHAMLET/logs/stage5_sdrf/status/PXD015779.exit	python src/main.py --pxd PXD015779 --config configs/config.yaml --no-download --nproc 1 --verbose
PXD015793	3144224	/home/ians/git_repos/xHAMLET/logs/stage5_sdrf/run/PXD015793.log	/home/ians/git_repos/xHAMLET/logs/stage5_sdrf/status/PXD015793.exit	python src/main.py --pxd PXD015793 --config configs/config.yaml --no-download --nproc 1 --verbose
PXD015863	3144255	/home/ians/git_repos/xHAMLET/logs/stage5_sdrf/run/PXD015863.log	/home/ians/git_repos/xHAMLET/logs/stage5_sdrf/status/PXD015863.exit	python src/main.py --pxd PXD015863 --config configs/config.yaml --no-download --nproc 1 --verbose
PXD015883	3144381	/home/ians/git_repos/xHAMLET/logs/stage5_sdrf/run/PXD015883.log	/home/ians/git_repos/xHAMLET/logs/stage5_sdrf/status/PXD015883.exit	python src/main.py --pxd PXD015883 --config configs/config.yaml --no-download --nproc 1 --verbose
PXD015890	3144486	/home/ians/git_repos/xHAMLET/logs/stage5_sdrf/run/PXD015890.log	/home/ians/git_repos/xHAMLET/logs/stage5_sdrf/status/PXD015890.exit	python src/main.py --pxd PXD015890 --config configs/config.yaml --no-download --nproc 1 --verbose
PXD015941	3144646	/home/ians/git_repos/xHAMLET/logs/stage5_sdrf/run/PXD015941.log	/home/ians/git_repos/xHAMLET/logs/stage5_sdrf/status/PXD015941.exit	python src/main.py --pxd PXD015941 --config configs/config.yaml --no-download --nproc 1 --verbose
PXD015974	3144804	/home/ians/git_repos/xHAMLET/logs/stage5_sdrf/run/PXD015974.log	/home/ians/git_repos/xHAMLET/logs/stage5_sdrf/status/PXD015974.exit	python src/main.py --pxd PXD015974 --config configs/config.yaml --no-download --nproc 1 --verbose
PXD015985	3144814	/home/ians/git_repos/xHAMLET/logs/stage5_sdrf/run/PXD015985.log	/home/ians/git_repos/xHAMLET/logs/stage5_sdrf/status/PXD015985.exit	python src/main.py --pxd PXD015985 --config configs/config.yaml --no-download --nproc 1 --verbose
PXD015989	3144844	/home/ians/git_repos/xHAMLET/logs/stage5_sdrf/run/PXD015989.log	/home/ians/git_repos/xHAMLET/logs/stage5_sdrf/status/PXD015989.exit	python src/main.py --pxd PXD015989 --config configs/config.yaml --no-download --nproc 1 --verbose
PXD016196	3144878	/home/ians/git_repos/xHAMLET/logs/stage5_sdrf/run/PXD016196.log	/home/ians/git_repos/xHAMLET/logs/stage5_sdrf/status/PXD016196.exit	python src/main.py --pxd PXD016196 --config configs/config.yaml --no-download --nproc 1 --verbose
PXD016221	3144958	/home/ians/git_repos/xHAMLET/logs/stage5_sdrf/run/PXD016221.log	/home/ians/git_repos/xHAMLET/logs/stage5_sdrf/status/PXD016221.exit	python src/main.py --pxd PXD016221 --config configs/config.yaml --no-download --nproc 1 --verbose
PXD016224	3144968	/home/ians/git_repos/xHAMLET/logs/stage5_sdrf/run/PXD016224.log	/home/ians/git_repos/xHAMLET/logs/stage5_sdrf/status/PXD016224.exit	python src/main.py --pxd PXD016224 --config configs/config.yaml --no-download --nproc 1 --verbose
PXD016355	3145096	/home/ians/git_repos/xHAMLET/logs/stage5_sdrf/run/PXD016355.log	/home/ians/git_repos/xHAMLET/logs/stage5_sdrf/status/PXD016355.exit	python src/main.py --pxd PXD016355 --config configs/config.yaml --no-download --nproc 1 --verbose
PXD016554	3145319	/home/ians/git_repos/xHAMLET/logs/stage5_sdrf/run/PXD016554.log	/home/ians/git_repos/xHAMLET/logs/stage5_sdrf/status/PXD016554.exit	python src/main.py --pxd PXD016554 --config configs/config.yaml --no-download --nproc 1 --verbose
PXD016639	3145383	/home/ians/git_repos/xHAMLET/logs/stage5_sdrf/run/PXD016639.log	/home/ians/git_repos/xHAMLET/logs/stage5_sdrf/status/PXD016639.exit	python src/main.py --pxd PXD016639 --config configs/config.yaml --no-download --nproc 1 --verbose
PXD016963	3145471	/home/ians/git_repos/xHAMLET/logs/stage5_sdrf/run/PXD016963.log	/home/ians/git_repos/xHAMLET/logs/stage5_sdrf/status/PXD016963.exit	python src/main.py --pxd PXD016963 --config configs/config.yaml --no-download --nproc 1 --verbose
PXD016988	3145581	/home/ians/git_repos/xHAMLET/logs/stage5_sdrf/run/PXD016988.log	/home/ians/git_repos/xHAMLET/logs/stage5_sdrf/status/PXD016988.exit	python src/main.py --pxd PXD016988 --config configs/config.yaml --no-download --nproc 1 --verbose
PXD016993	3145611	/home/ians/git_repos/xHAMLET/logs/stage5_sdrf/run/PXD016993.log	/home/ians/git_repos/xHAMLET/logs/stage5_sdrf/status/PXD016993.exit	python src/main.py --pxd PXD016993 --config configs/config.yaml --no-download --nproc 1 --verbose
PXD017020	3145717	/home/ians/git_repos/xHAMLET/logs/stage5_sdrf/run/PXD017020.log	/home/ians/git_repos/xHAMLET/logs/stage5_sdrf/status/PXD017020.exit	python src/main.py --pxd PXD017020 --config configs/config.yaml --no-download --nproc 1 --verbose
PXD017066	3146031	/home/ians/git_repos/xHAMLET/logs/stage5_sdrf/run/PXD017066.log	/home/ians/git_repos/xHAMLET/logs/stage5_sdrf/status/PXD017066.exit	python src/main.py --pxd PXD017066 --config configs/config.yaml --no-download --nproc 1 --verbose
PXD017085	3146041	/home/ians/git_repos/xHAMLET/logs/stage5_sdrf/run/PXD017085.log	/home/ians/git_repos/xHAMLET/logs/stage5_sdrf/status/PXD017085.exit	python src/main.py --pxd PXD017085 --config configs/config.yaml --no-download --nproc 1 --verbose
PXD017128	3146073	/home/ians/git_repos/xHAMLET/logs/stage5_sdrf/run/PXD017128.log	/home/ians/git_repos/xHAMLET/logs/stage5_sdrf/status/PXD017128.exit	python src/main.py --pxd PXD017128 --config configs/config.yaml --no-download --nproc 1 --verbose
PXD017238	3146156	/home/ians/git_repos/xHAMLET/logs/stage5_sdrf/run/PXD017238.log	/home/ians/git_repos/xHAMLET/logs/stage5_sdrf/status/PXD017238.exit	python src/main.py --pxd PXD017238 --config configs/config.yaml --no-download --nproc 1 --verbose
PXD017241	3146294	/home/ians/git_repos/xHAMLET/logs/stage5_sdrf/run/PXD017241.log	/home/ians/git_repos/xHAMLET/logs/stage5_sdrf/status/PXD017241.exit	python src/main.py --pxd PXD017241 --config configs/config.yaml --no-download --nproc 1 --verbose
PXD017244	3146375	/home/ians/git_repos/xHAMLET/logs/stage5_sdrf/run/PXD017244.log	/home/ians/git_repos/xHAMLET/logs/stage5_sdrf/status/PXD017244.exit	python src/main.py --pxd PXD017244 --config configs/config.yaml --no-download --nproc 1 --verbose
PXD017299	3146385	/home/ians/git_repos/xHAMLET/logs/stage5_sdrf/run/PXD017299.log	/home/ians/git_repos/xHAMLET/logs/stage5_sdrf/status/PXD017299.exit	python src/main.py --pxd PXD017299 --config configs/config.yaml --no-download --nproc 1 --verbose
PXD017344	3146428	/home/ians/git_repos/xHAMLET/logs/stage5_sdrf/run/PXD017344.log	/home/ians/git_repos/xHAMLET/logs/stage5_sdrf/status/PXD017344.exit	python src/main.py --pxd PXD017344 --config configs/config.yaml --no-download --nproc 1 --verbose
PXD017378	3146438	/home/ians/git_repos/xHAMLET/logs/stage5_sdrf/run/PXD017378.log	/home/ians/git_repos/xHAMLET/logs/stage5_sdrf/status/PXD017378.exit	python src/main.py --pxd PXD017378 --config configs/config.yaml --no-download --nproc 1 --verbose
PXD017379	3146448	/home/ians/git_repos/xHAMLET/logs/stage5_sdrf/run/PXD017379.log	/home/ians/git_repos/xHAMLET/logs/stage5_sdrf/status/PXD017379.exit	python src/main.py --pxd PXD017379 --config configs/config.yaml --no-download --nproc 1 --verbose
PXD017531	3146559	/home/ians/git_repos/xHAMLET/logs/stage5_sdrf/run/PXD017531.log	/home/ians/git_repos/xHAMLET/logs/stage5_sdrf/status/PXD017531.exit	python src/main.py --pxd PXD017531 --config configs/config.yaml --no-download --nproc 1 --verbose
PXD017584	3146661	/home/ians/git_repos/xHAMLET/logs/stage5_sdrf/run/PXD017584.log	/home/ians/git_repos/xHAMLET/logs/stage5_sdrf/status/PXD017584.exit	python src/main.py --pxd PXD017584 --config configs/config.yaml --no-download --nproc 1 --verbose
PXD017620	3146818	/home/ians/git_repos/xHAMLET/logs/stage5_sdrf/run/PXD017620.log	/home/ians/git_repos/xHAMLET/logs/stage5_sdrf/status/PXD017620.exit	python src/main.py --pxd PXD017620 --config configs/config.yaml --no-download --nproc 1 --verbose
PXD017868	3146936	/home/ians/git_repos/xHAMLET/logs/stage5_sdrf/run/PXD017868.log	/home/ians/git_repos/xHAMLET/logs/stage5_sdrf/status/PXD017868.exit	python src/main.py --pxd PXD017868 --config configs/config.yaml --no-download --nproc 1 --verbose
PXD017873	3147003	/home/ians/git_repos/xHAMLET/logs/stage5_sdrf/run/PXD017873.log	/home/ians/git_repos/xHAMLET/logs/stage5_sdrf/status/PXD017873.exit	python src/main.py --pxd PXD017873 --config configs/config.yaml --no-download --nproc 1 --verbose
PXD017931	3147013	/home/ians/git_repos/xHAMLET/logs/stage5_sdrf/run/PXD017931.log	/home/ians/git_repos/xHAMLET/logs/stage5_sdrf/status/PXD017931.exit	python src/main.py --pxd PXD017931 --config configs/config.yaml --no-download --nproc 1 --verbose
PXD017933	3147053	/home/ians/git_repos/xHAMLET/logs/stage5_sdrf/run/PXD017933.log	/home/ians/git_repos/xHAMLET/logs/stage5_sdrf/status/PXD017933.exit	python src/main.py --pxd PXD017933 --config configs/config.yaml --no-download --nproc 1 --verbose
PXD017937	3147080	/home/ians/git_repos/xHAMLET/logs/stage5_sdrf/run/PXD017937.log	/home/ians/git_repos/xHAMLET/logs/stage5_sdrf/status/PXD017937.exit	python src/main.py --pxd PXD017937 --config configs/config.yaml --no-download --nproc 1 --verbose
PXD017951	3147161	/home/ians/git_repos/xHAMLET/logs/stage5_sdrf/run/PXD017951.log	/home/ians/git_repos/xHAMLET/logs/stage5_sdrf/status/PXD017951.exit	python src/main.py --pxd PXD017951 --config configs/config.yaml --no-download --nproc 1 --verbose
PXD017996	3147400	/home/ians/git_repos/xHAMLET/logs/stage5_sdrf/run/PXD017996.log	/home/ians/git_repos/xHAMLET/logs/stage5_sdrf/status/PXD017996.exit	python src/main.py --pxd PXD017996 --config configs/config.yaml --no-download --nproc 1 --verbose
PXD018040	3147562	/home/ians/git_repos/xHAMLET/logs/stage5_sdrf/run/PXD018040.log	/home/ians/git_repos/xHAMLET/logs/stage5_sdrf/status/PXD018040.exit	python src/main.py --pxd PXD018040 --config configs/config.yaml --no-download --nproc 1 --verbose
PXD018106	3147637	/home/ians/git_repos/xHAMLET/logs/stage5_sdrf/run/PXD018106.log	/home/ians/git_repos/xHAMLET/logs/stage5_sdrf/status/PXD018106.exit	python src/main.py --pxd PXD018106 --config configs/config.yaml --no-download --nproc 1 --verbose
PXD018189	3147647	/home/ians/git_repos/xHAMLET/logs/stage5_sdrf/run/PXD018189.log	/home/ians/git_repos/xHAMLET/logs/stage5_sdrf/status/PXD018189.exit	python src/main.py --pxd PXD018189 --config configs/config.yaml --no-download --nproc 1 --verbose
PXD018219	3147730	/home/ians/git_repos/xHAMLET/logs/stage5_sdrf/run/PXD018219.log	/home/ians/git_repos/xHAMLET/logs/stage5_sdrf/status/PXD018219.exit	python src/main.py --pxd PXD018219 --config configs/config.yaml --no-download --nproc 1 --verbose
PXD018232	3147741	/home/ians/git_repos/xHAMLET/logs/stage5_sdrf/run/PXD018232.log	/home/ians/git_repos/xHAMLET/logs/stage5_sdrf/status/PXD018232.exit	python src/main.py --pxd PXD018232 --config configs/config.yaml --no-download --nproc 1 --verbose
PXD018265	3147826	/home/ians/git_repos/xHAMLET/logs/stage5_sdrf/run/PXD018265.log	/home/ians/git_repos/xHAMLET/logs/stage5_sdrf/status/PXD018265.exit	python src/main.py --pxd PXD018265 --config configs/config.yaml --no-download --nproc 1 --verbose
PXD018291	3148003	/home/ians/git_repos/xHAMLET/logs/stage5_sdrf/run/PXD018291.log	/home/ians/git_repos/xHAMLET/logs/stage5_sdrf/status/PXD018291.exit	python src/main.py --pxd PXD018291 --config configs/config.yaml --no-download --nproc 1 --verbose
PXD018310	3148178	/home/ians/git_repos/xHAMLET/logs/stage5_sdrf/run/PXD018310.log	/home/ians/git_repos/xHAMLET/logs/stage5_sdrf/status/PXD018310.exit	python src/main.py --pxd PXD018310 --config configs/config.yaml --no-download --nproc 1 --verbose
PXD018383	3148208	/home/ians/git_repos/xHAMLET/logs/stage5_sdrf/run/PXD018383.log	/home/ians/git_repos/xHAMLET/logs/stage5_sdrf/status/PXD018383.exit	python src/main.py --pxd PXD018383 --config configs/config.yaml --no-download --nproc 1 --verbose
PXD018580	3148218	/home/ians/git_repos/xHAMLET/logs/stage5_sdrf/run/PXD018580.log	/home/ians/git_repos/xHAMLET/logs/stage5_sdrf/status/PXD018580.exit	python src/main.py --pxd PXD018580 --config configs/config.yaml --no-download --nproc 1 --verbose
PXD018608	3148228	/home/ians/git_repos/xHAMLET/logs/stage5_sdrf/run/PXD018608.log	/home/ians/git_repos/xHAMLET/logs/stage5_sdrf/status/PXD018608.exit	python src/main.py --pxd PXD018608 --config configs/config.yaml --no-download --nproc 1 --verbose
PXD018687	3148261	/home/ians/git_repos/xHAMLET/logs/stage5_sdrf/run/PXD018687.log	/home/ians/git_repos/xHAMLET/logs/stage5_sdrf/status/PXD018687.exit	python src/main.py --pxd PXD018687 --config configs/config.yaml --no-download --nproc 1 --verbose
PXD018771	3148364	/home/ians/git_repos/xHAMLET/logs/stage5_sdrf/run/PXD018771.log	/home/ians/git_repos/xHAMLET/logs/stage5_sdrf/status/PXD018771.exit	python src/main.py --pxd PXD018771 --config configs/config.yaml --no-download --nproc 1 --verbose
PXD018786	3148399	/home/ians/git_repos/xHAMLET/logs/stage5_sdrf/run/PXD018786.log	/home/ians/git_repos/xHAMLET/logs/stage5_sdrf/status/PXD018786.exit	python src/main.py --pxd PXD018786 --config configs/config.yaml --no-download --nproc 1 --verbose
PXD018935	3148465	/home/ians/git_repos/xHAMLET/logs/stage5_sdrf/run/PXD018935.log	/home/ians/git_repos/xHAMLET/logs/stage5_sdrf/status/PXD018935.exit	python src/main.py --pxd PXD018935 --config configs/config.yaml --no-download --nproc 1 --verbose
PXD019017	3148490	/home/ians/git_repos/xHAMLET/logs/stage5_sdrf/run/PXD019017.log	/home/ians/git_repos/xHAMLET/logs/stage5_sdrf/status/PXD019017.exit	python src/main.py --pxd PXD019017 --config configs/config.yaml --no-download --nproc 1 --verbose
PXD019043	3148633	/home/ians/git_repos/xHAMLET/logs/stage5_sdrf/run/PXD019043.log	/home/ians/git_repos/xHAMLET/logs/stage5_sdrf/status/PXD019043.exit	python src/main.py --pxd PXD019043 --config configs/config.yaml --no-download --nproc 1 --verbose
PXD019048	3148711	/home/ians/git_repos/xHAMLET/logs/stage5_sdrf/run/PXD019048.log	/home/ians/git_repos/xHAMLET/logs/stage5_sdrf/status/PXD019048.exit	python src/main.py --pxd PXD019048 --config configs/config.yaml --no-download --nproc 1 --verbose
PXD019101	3148757	/home/ians/git_repos/xHAMLET/logs/stage5_sdrf/run/PXD019101.log	/home/ians/git_repos/xHAMLET/logs/stage5_sdrf/status/PXD019101.exit	python src/main.py --pxd PXD019101 --config configs/config.yaml --no-download --nproc 1 --verbose
PXD019215	3149063	/home/ians/git_repos/xHAMLET/logs/stage5_sdrf/run/PXD019215.log	/home/ians/git_repos/xHAMLET/logs/stage5_sdrf/status/PXD019215.exit	python src/main.py --pxd PXD019215 --config configs/config.yaml --no-download --nproc 1 --verbose
PXD019251	3149073	/home/ians/git_repos/xHAMLET/logs/stage5_sdrf/run/PXD019251.log	/home/ians/git_repos/xHAMLET/logs/stage5_sdrf/status/PXD019251.exit	python src/main.py --pxd PXD019251 --config configs/config.yaml --no-download --nproc 1 --verbose
PXD019274	3149140	/home/ians/git_repos/xHAMLET/logs/stage5_sdrf/run/PXD019274.log	/home/ians/git_repos/xHAMLET/logs/stage5_sdrf/status/PXD019274.exit	python src/main.py --pxd PXD019274 --config configs/config.yaml --no-download --nproc 1 --verbose
PXD019338	3149322	/home/ians/git_repos/xHAMLET/logs/stage5_sdrf/run/PXD019338.log	/home/ians/git_repos/xHAMLET/logs/stage5_sdrf/status/PXD019338.exit	python src/main.py --pxd PXD019338 --config configs/config.yaml --no-download --nproc 1 --verbose
PXD019428	3149358	/home/ians/git_repos/xHAMLET/logs/stage5_sdrf/run/PXD019428.log	/home/ians/git_repos/xHAMLET/logs/stage5_sdrf/status/PXD019428.exit	python src/main.py --pxd PXD019428 --config configs/config.yaml --no-download --nproc 1 --verbose
PXD019484	3149511	/home/ians/git_repos/xHAMLET/logs/stage5_sdrf/run/PXD019484.log	/home/ians/git_repos/xHAMLET/logs/stage5_sdrf/status/PXD019484.exit	python src/main.py --pxd PXD019484 --config configs/config.yaml --no-download --nproc 1 --verbose
PXD019507	3149731	/home/ians/git_repos/xHAMLET/logs/stage5_sdrf/run/PXD019507.log	/home/ians/git_repos/xHAMLET/logs/stage5_sdrf/status/PXD019507.exit	python src/main.py --pxd PXD019507 --config configs/config.yaml --no-download --nproc 1 --verbose
PXD019508	3149741	/home/ians/git_repos/xHAMLET/logs/stage5_sdrf/run/PXD019508.log	/home/ians/git_repos/xHAMLET/logs/stage5_sdrf/status/PXD019508.exit	python src/main.py --pxd PXD019508 --config configs/config.yaml --no-download --nproc 1 --verbose
PXD019530	3149792	/home/ians/git_repos/xHAMLET/logs/stage5_sdrf/run/PXD019530.log	/home/ians/git_repos/xHAMLET/logs/stage5_sdrf/status/PXD019530.exit	python src/main.py --pxd PXD019530 --config configs/config.yaml --no-download --nproc 1 --verbose
PXD019599	3149829	/home/ians/git_repos/xHAMLET/logs/stage5_sdrf/run/PXD019599.log	/home/ians/git_repos/xHAMLET/logs/stage5_sdrf/status/PXD019599.exit	python src/main.py --pxd PXD019599 --config configs/config.yaml --no-download --nproc 1 --verbose
PXD019713	3149856	/home/ians/git_repos/xHAMLET/logs/stage5_sdrf/run/PXD019713.log	/home/ians/git_repos/xHAMLET/logs/stage5_sdrf/status/PXD019713.exit	python src/main.py --pxd PXD019713 --config configs/config.yaml --no-download --nproc 1 --verbose
PXD019724	3149878	/home/ians/git_repos/xHAMLET/logs/stage5_sdrf/run/PXD019724.log	/home/ians/git_repos/xHAMLET/logs/stage5_sdrf/status/PXD019724.exit	python src/main.py --pxd PXD019724 --config configs/config.yaml --no-download --nproc 1 --verbose
PXD019751	3149963	/home/ians/git_repos/xHAMLET/logs/stage5_sdrf/run/PXD019751.log	/home/ians/git_repos/xHAMLET/logs/stage5_sdrf/status/PXD019751.exit	python src/main.py --pxd PXD019751 --config configs/config.yaml --no-download --nproc 1 --verbose
PXD019771	3149995	/home/ians/git_repos/xHAMLET/logs/stage5_sdrf/run/PXD019771.log	/home/ians/git_repos/xHAMLET/logs/stage5_sdrf/status/PXD019771.exit	python src/main.py --pxd PXD019771 --config configs/config.yaml --no-download --nproc 1 --verbose
PXD019868	3150161	/home/ians/git_repos/xHAMLET/logs/stage5_sdrf/run/PXD019868.log	/home/ians/git_repos/xHAMLET/logs/stage5_sdrf/status/PXD019868.exit	python src/main.py --pxd PXD019868 --config configs/config.yaml --no-download --nproc 1 --verbose
PXD019926	3150292	/home/ians/git_repos/xHAMLET/logs/stage5_sdrf/run/PXD019926.log	/home/ians/git_repos/xHAMLET/logs/stage5_sdrf/status/PXD019926.exit	python src/main.py --pxd PXD019926 --config configs/config.yaml --no-download --nproc 1 --verbose
PXD019944	3150302	/home/ians/git_repos/xHAMLET/logs/stage5_sdrf/run/PXD019944.log	/home/ians/git_repos/xHAMLET/logs/stage5_sdrf/status/PXD019944.exit	python src/main.py --pxd PXD019944 --config configs/config.yaml --no-download --nproc 1 --verbose
PXD020014	3150397	/home/ians/git_repos/xHAMLET/logs/stage5_sdrf/run/PXD020014.log	/home/ians/git_repos/xHAMLET/logs/stage5_sdrf/status/PXD020014.exit	python src/main.py --pxd PXD020014 --config configs/config.yaml --no-download --nproc 1 --verbose
PXD020084	3150448	/home/ians/git_repos/xHAMLET/logs/stage5_sdrf/run/PXD020084.log	/home/ians/git_repos/xHAMLET/logs/stage5_sdrf/status/PXD020084.exit	python src/main.py --pxd PXD020084 --config configs/config.yaml --no-download --nproc 1 --verbose
PXD020119	3150478	/home/ians/git_repos/xHAMLET/logs/stage5_sdrf/run/PXD020119.log	/home/ians/git_repos/xHAMLET/logs/stage5_sdrf/status/PXD020119.exit	python src/main.py --pxd PXD020119 --config configs/config.yaml --no-download --nproc 1 --verbose
PXD020165	3150791	/home/ians/git_repos/xHAMLET/logs/stage5_sdrf/run/PXD020165.log	/home/ians/git_repos/xHAMLET/logs/stage5_sdrf/status/PXD020165.exit	python src/main.py --pxd PXD020165 --config configs/config.yaml --no-download --nproc 1 --verbose
PXD020229	3150824	/home/ians/git_repos/xHAMLET/logs/stage5_sdrf/run/PXD020229.log	/home/ians/git_repos/xHAMLET/logs/stage5_sdrf/status/PXD020229.exit	python src/main.py --pxd PXD020229 --config configs/config.yaml --no-download --nproc 1 --verbose
PXD020290	3150894	/home/ians/git_repos/xHAMLET/logs/stage5_sdrf/run/PXD020290.log	/home/ians/git_repos/xHAMLET/logs/stage5_sdrf/status/PXD020290.exit	python src/main.py --pxd PXD020290 --config configs/config.yaml --no-download --nproc 1 --verbose
PXD020302	3151016	/home/ians/git_repos/xHAMLET/logs/stage5_sdrf/run/PXD020302.log	/home/ians/git_repos/xHAMLET/logs/stage5_sdrf/status/PXD020302.exit	python src/main.py --pxd PXD020302 --config configs/config.yaml --no-download --nproc 1 --verbose
PXD020323	3151157	/home/ians/git_repos/xHAMLET/logs/stage5_sdrf/run/PXD020323.log	/home/ians/git_repos/xHAMLET/logs/stage5_sdrf/status/PXD020323.exit	python src/main.py --pxd PXD020323 --config configs/config.yaml --no-download --nproc 1 --verbose
PXD020340	3151228	/home/ians/git_repos/xHAMLET/logs/stage5_sdrf/run/PXD020340.log	/home/ians/git_repos/xHAMLET/logs/stage5_sdrf/status/PXD020340.exit	python src/main.py --pxd PXD020340 --config configs/config.yaml --no-download --nproc 1 --verbose
PXD020370	3151260	/home/ians/git_repos/xHAMLET/logs/stage5_sdrf/run/PXD020370.log	/home/ians/git_repos/xHAMLET/logs/stage5_sdrf/status/PXD020370.exit	python src/main.py --pxd PXD020370 --config configs/config.yaml --no-download --nproc 1 --verbose
PXD020418	3151319	/home/ians/git_repos/xHAMLET/logs/stage5_sdrf/run/PXD020418.log	/home/ians/git_repos/xHAMLET/logs/stage5_sdrf/status/PXD020418.exit	python src/main.py --pxd PXD020418 --config configs/config.yaml --no-download --nproc 1 --verbose
PXD020453	3151440	/home/ians/git_repos/xHAMLET/logs/stage5_sdrf/run/PXD020453.log	/home/ians/git_repos/xHAMLET/logs/stage5_sdrf/status/PXD020453.exit	python src/main.py --pxd PXD020453 --config configs/config.yaml --no-download --nproc 1 --verbose
PXD020542	3151484	/home/ians/git_repos/xHAMLET/logs/stage5_sdrf/run/PXD020542.log	/home/ians/git_repos/xHAMLET/logs/stage5_sdrf/status/PXD020542.exit	python src/main.py --pxd PXD020542 --config configs/config.yaml --no-download --nproc 1 --verbose
PXD020602	3151618	/home/ians/git_repos/xHAMLET/logs/stage5_sdrf/run/PXD020602.log	/home/ians/git_repos/xHAMLET/logs/stage5_sdrf/status/PXD020602.exit	python src/main.py --pxd PXD020602 --config configs/config.yaml --no-download --nproc 1 --verbose
PXD020636	3151805	/home/ians/git_repos/xHAMLET/logs/stage5_sdrf/run/PXD020636.log	/home/ians/git_repos/xHAMLET/logs/stage5_sdrf/status/PXD020636.exit	python src/main.py --pxd PXD020636 --config configs/config.yaml --no-download --nproc 1 --verbose
PXD020704	3151938	/home/ians/git_repos/xHAMLET/logs/stage5_sdrf/run/PXD020704.log	/home/ians/git_repos/xHAMLET/logs/stage5_sdrf/status/PXD020704.exit	python src/main.py --pxd PXD020704 --config configs/config.yaml --no-download --nproc 1 --verbose
PXD020709	3152048	/home/ians/git_repos/xHAMLET/logs/stage5_sdrf/run/PXD020709.log	/home/ians/git_repos/xHAMLET/logs/stage5_sdrf/status/PXD020709.exit	python src/main.py --pxd PXD020709 --config configs/config.yaml --no-download --nproc 1 --verbose
PXD020759	3152265	/home/ians/git_repos/xHAMLET/logs/stage5_sdrf/run/PXD020759.log	/home/ians/git_repos/xHAMLET/logs/stage5_sdrf/status/PXD020759.exit	python src/main.py --pxd PXD020759 --config configs/config.yaml --no-download --nproc 1 --verbose
PXD020817	3152294	/home/ians/git_repos/xHAMLET/logs/stage5_sdrf/run/PXD020817.log	/home/ians/git_repos/xHAMLET/logs/stage5_sdrf/status/PXD020817.exit	python src/main.py --pxd PXD020817 --config configs/config.yaml --no-download --nproc 1 --verbose
PXD020826	3152344	/home/ians/git_repos/xHAMLET/logs/stage5_sdrf/run/PXD020826.log	/home/ians/git_repos/xHAMLET/logs/stage5_sdrf/status/PXD020826.exit	python src/main.py --pxd PXD020826 --config configs/config.yaml --no-download --nproc 1 --verbose
PXD020859	3152380	/home/ians/git_repos/xHAMLET/logs/stage5_sdrf/run/PXD020859.log	/home/ians/git_repos/xHAMLET/logs/stage5_sdrf/status/PXD020859.exit	python src/main.py --pxd PXD020859 --config configs/config.yaml --no-download --nproc 1 --verbose
PXD021115	3152535	/home/ians/git_repos/xHAMLET/logs/stage5_sdrf/run/PXD021115.log	/home/ians/git_repos/xHAMLET/logs/stage5_sdrf/status/PXD021115.exit	python src/main.py --pxd PXD021115 --config configs/config.yaml --no-download --nproc 1 --verbose
PXD021126	3152545	/home/ians/git_repos/xHAMLET/logs/stage5_sdrf/run/PXD021126.log	/home/ians/git_repos/xHAMLET/logs/stage5_sdrf/status/PXD021126.exit	python src/main.py --pxd PXD021126 --config configs/config.yaml --no-download --nproc 1 --verbose
PXD021182	3152682	/home/ians/git_repos/xHAMLET/logs/stage5_sdrf/run/PXD021182.log	/home/ians/git_repos/xHAMLET/logs/stage5_sdrf/status/PXD021182.exit	python src/main.py --pxd PXD021182 --config configs/config.yaml --no-download --nproc 1 --verbose
PXD021375	3152775	/home/ians/git_repos/xHAMLET/logs/stage5_sdrf/run/PXD021375.log	/home/ians/git_repos/xHAMLET/logs/stage5_sdrf/status/PXD021375.exit	python src/main.py --pxd PXD021375 --config configs/config.yaml --no-download --nproc 1 --verbose
PXD021417	3153053	/home/ians/git_repos/xHAMLET/logs/stage5_sdrf/run/PXD021417.log	/home/ians/git_repos/xHAMLET/logs/stage5_sdrf/status/PXD021417.exit	python src/main.py --pxd PXD021417 --config configs/config.yaml --no-download --nproc 1 --verbose
PXD021434	3153100	/home/ians/git_repos/xHAMLET/logs/stage5_sdrf/run/PXD021434.log	/home/ians/git_repos/xHAMLET/logs/stage5_sdrf/status/PXD021434.exit	python src/main.py --pxd PXD021434 --config configs/config.yaml --no-download --nproc 1 --verbose
PXD021553	3153110	/home/ians/git_repos/xHAMLET/logs/stage5_sdrf/run/PXD021553.log	/home/ians/git_repos/xHAMLET/logs/stage5_sdrf/status/PXD021553.exit	python src/main.py --pxd PXD021553 --config configs/config.yaml --no-download --nproc 1 --verbose
PXD021622	3153120	/home/ians/git_repos/xHAMLET/logs/stage5_sdrf/run/PXD021622.log	/home/ians/git_repos/xHAMLET/logs/stage5_sdrf/status/PXD021622.exit	python src/main.py --pxd PXD021622 --config configs/config.yaml --no-download --nproc 1 --verbose
PXD021648	3153183	/home/ians/git_repos/xHAMLET/logs/stage5_sdrf/run/PXD021648.log	/home/ians/git_repos/xHAMLET/logs/stage5_sdrf/status/PXD021648.exit	python src/main.py --pxd PXD021648 --config configs/config.yaml --no-download --nproc 1 --verbose
PXD021691	3153288	/home/ians/git_repos/xHAMLET/logs/stage5_sdrf/run/PXD021691.log	/home/ians/git_repos/xHAMLET/logs/stage5_sdrf/status/PXD021691.exit	python src/main.py --pxd PXD021691 --config configs/config.yaml --no-download --nproc 1 --verbose
PXD021693	3153395	/home/ians/git_repos/xHAMLET/logs/stage5_sdrf/run/PXD021693.log	/home/ians/git_repos/xHAMLET/logs/stage5_sdrf/status/PXD021693.exit	python src/main.py --pxd PXD021693 --config configs/config.yaml --no-download --nproc 1 --verbose
PXD021708	3154049	/home/ians/git_repos/xHAMLET/logs/stage5_sdrf/run/PXD021708.log	/home/ians/git_repos/xHAMLET/logs/stage5_sdrf/status/PXD021708.exit	python src/main.py --pxd PXD021708 --config configs/config.yaml --no-download --nproc 1 --verbose
PXD021709	3154070	/home/ians/git_repos/xHAMLET/logs/stage5_sdrf/run/PXD021709.log	/home/ians/git_repos/xHAMLET/logs/stage5_sdrf/status/PXD021709.exit	python src/main.py --pxd PXD021709 --config configs/config.yaml --no-download --nproc 1 --verbose
PXD021770	3154092	/home/ians/git_repos/xHAMLET/logs/stage5_sdrf/run/PXD021770.log	/home/ians/git_repos/xHAMLET/logs/stage5_sdrf/status/PXD021770.exit	python src/main.py --pxd PXD021770 --config configs/config.yaml --no-download --nproc 1 --verbose
PXD021809	3154102	/home/ians/git_repos/xHAMLET/logs/stage5_sdrf/run/PXD021809.log	/home/ians/git_repos/xHAMLET/logs/stage5_sdrf/status/PXD021809.exit	python src/main.py --pxd PXD021809 --config configs/config.yaml --no-download --nproc 1 --verbose
PXD021822	3154169	/home/ians/git_repos/xHAMLET/logs/stage5_sdrf/run/PXD021822.log	/home/ians/git_repos/xHAMLET/logs/stage5_sdrf/status/PXD021822.exit	python src/main.py --pxd PXD021822 --config configs/config.yaml --no-download --nproc 1 --verbose
PXD021831	3154227	/home/ians/git_repos/xHAMLET/logs/stage5_sdrf/run/PXD021831.log	/home/ians/git_repos/xHAMLET/logs/stage5_sdrf/status/PXD021831.exit	python src/main.py --pxd PXD021831 --config configs/config.yaml --no-download --nproc 1 --verbose
PXD021870	3154317	/home/ians/git_repos/xHAMLET/logs/stage5_sdrf/run/PXD021870.log	/home/ians/git_repos/xHAMLET/logs/stage5_sdrf/status/PXD021870.exit	python src/main.py --pxd PXD021870 --config configs/config.yaml --no-download --nproc 1 --verbose
PXD021872	3154354	/home/ians/git_repos/xHAMLET/logs/stage5_sdrf/run/PXD021872.log	/home/ians/git_repos/xHAMLET/logs/stage5_sdrf/status/PXD021872.exit	python src/main.py --pxd PXD021872 --config configs/config.yaml --no-download --nproc 1 --verbose
PXD021923	3154364	/home/ians/git_repos/xHAMLET/logs/stage5_sdrf/run/PXD021923.log	/home/ians/git_repos/xHAMLET/logs/stage5_sdrf/status/PXD021923.exit	python src/main.py --pxd PXD021923 --config configs/config.yaml --no-download --nproc 1 --verbose
PXD022119	3154374	/home/ians/git_repos/xHAMLET/logs/stage5_sdrf/run/PXD022119.log	/home/ians/git_repos/xHAMLET/logs/stage5_sdrf/status/PXD022119.exit	python src/main.py --pxd PXD022119 --config configs/config.yaml --no-download --nproc 1 --verbose
PXD022279	3154567	/home/ians/git_repos/xHAMLET/logs/stage5_sdrf/run/PXD022279.log	/home/ians/git_repos/xHAMLET/logs/stage5_sdrf/status/PXD022279.exit	python src/main.py --pxd PXD022279 --config configs/config.yaml --no-download --nproc 1 --verbose
PXD022335	3154577	/home/ians/git_repos/xHAMLET/logs/stage5_sdrf/run/PXD022335.log	/home/ians/git_repos/xHAMLET/logs/stage5_sdrf/status/PXD022335.exit	python src/main.py --pxd PXD022335 --config configs/config.yaml --no-download --nproc 1 --verbose
PXD022440	3154689	/home/ians/git_repos/xHAMLET/logs/stage5_sdrf/run/PXD022440.log	/home/ians/git_repos/xHAMLET/logs/stage5_sdrf/status/PXD022440.exit	python src/main.py --pxd PXD022440 --config configs/config.yaml --no-download --nproc 1 --verbose
PXD022443	3154699	/home/ians/git_repos/xHAMLET/logs/stage5_sdrf/run/PXD022443.log	/home/ians/git_repos/xHAMLET/logs/stage5_sdrf/status/PXD022443.exit	python src/main.py --pxd PXD022443 --config configs/config.yaml --no-download --nproc 1 --verbose
PXD022608	3154926	/home/ians/git_repos/xHAMLET/logs/stage5_sdrf/run/PXD022608.log	/home/ians/git_repos/xHAMLET/logs/stage5_sdrf/status/PXD022608.exit	python src/main.py --pxd PXD022608 --config configs/config.yaml --no-download --nproc 1 --verbose
PXD022675	3154948	/home/ians/git_repos/xHAMLET/logs/stage5_sdrf/run/PXD022675.log	/home/ians/git_repos/xHAMLET/logs/stage5_sdrf/status/PXD022675.exit	python src/main.py --pxd PXD022675 --config configs/config.yaml --no-download --nproc 1 --verbose
PXD022690	3155109	/home/ians/git_repos/xHAMLET/logs/stage5_sdrf/run/PXD022690.log	/home/ians/git_repos/xHAMLET/logs/stage5_sdrf/status/PXD022690.exit	python src/main.py --pxd PXD022690 --config configs/config.yaml --no-download --nproc 1 --verbose
PXD022772	3155168	/home/ians/git_repos/xHAMLET/logs/stage5_sdrf/run/PXD022772.log	/home/ians/git_repos/xHAMLET/logs/stage5_sdrf/status/PXD022772.exit	python src/main.py --pxd PXD022772 --config configs/config.yaml --no-download --nproc 1 --verbose
PXD022785	3155264	/home/ians/git_repos/xHAMLET/logs/stage5_sdrf/run/PXD022785.log	/home/ians/git_repos/xHAMLET/logs/stage5_sdrf/status/PXD022785.exit	python src/main.py --pxd PXD022785 --config configs/config.yaml --no-download --nproc 1 --verbose
PXD022861	3155291	/home/ians/git_repos/xHAMLET/logs/stage5_sdrf/run/PXD022861.log	/home/ians/git_repos/xHAMLET/logs/stage5_sdrf/status/PXD022861.exit	python src/main.py --pxd PXD022861 --config configs/config.yaml --no-download --nproc 1 --verbose
PXD022903	3155301	/home/ians/git_repos/xHAMLET/logs/stage5_sdrf/run/PXD022903.log	/home/ians/git_repos/xHAMLET/logs/stage5_sdrf/status/PXD022903.exit	python src/main.py --pxd PXD022903 --config configs/config.yaml --no-download --nproc 1 --verbose
PXD022991	3155392	/home/ians/git_repos/xHAMLET/logs/stage5_sdrf/run/PXD022991.log	/home/ians/git_repos/xHAMLET/logs/stage5_sdrf/status/PXD022991.exit	python src/main.py --pxd PXD022991 --config configs/config.yaml --no-download --nproc 1 --verbose
PXD023022	3155516	/home/ians/git_repos/xHAMLET/logs/stage5_sdrf/run/PXD023022.log	/home/ians/git_repos/xHAMLET/logs/stage5_sdrf/status/PXD023022.exit	python src/main.py --pxd PXD023022 --config configs/config.yaml --no-download --nproc 1 --verbose
PXD023072	3155770	/home/ians/git_repos/xHAMLET/logs/stage5_sdrf/run/PXD023072.log	/home/ians/git_repos/xHAMLET/logs/stage5_sdrf/status/PXD023072.exit	python src/main.py --pxd PXD023072 --config configs/config.yaml --no-download --nproc 1 --verbose
PXD023073	3155837	/home/ians/git_repos/xHAMLET/logs/stage5_sdrf/run/PXD023073.log	/home/ians/git_repos/xHAMLET/logs/stage5_sdrf/status/PXD023073.exit	python src/main.py --pxd PXD023073 --config configs/config.yaml --no-download --nproc 1 --verbose
PXD023164	3155847	/home/ians/git_repos/xHAMLET/logs/stage5_sdrf/run/PXD023164.log	/home/ians/git_repos/xHAMLET/logs/stage5_sdrf/status/PXD023164.exit	python src/main.py --pxd PXD023164 --config configs/config.yaml --no-download --nproc 1 --verbose
PXD023192	3156008	/home/ians/git_repos/xHAMLET/logs/stage5_sdrf/run/PXD023192.log	/home/ians/git_repos/xHAMLET/logs/stage5_sdrf/status/PXD023192.exit	python src/main.py --pxd PXD023192 --config configs/config.yaml --no-download --nproc 1 --verbose
PXD023221	3156076	/home/ians/git_repos/xHAMLET/logs/stage5_sdrf/run/PXD023221.log	/home/ians/git_repos/xHAMLET/logs/stage5_sdrf/status/PXD023221.exit	python src/main.py --pxd PXD023221 --config configs/config.yaml --no-download --nproc 1 --verbose
PXD023239	3156169	/home/ians/git_repos/xHAMLET/logs/stage5_sdrf/run/PXD023239.log	/home/ians/git_repos/xHAMLET/logs/stage5_sdrf/status/PXD023239.exit	python src/main.py --pxd PXD023239 --config configs/config.yaml --no-download --nproc 1 --verbose
PXD023277	3156286	/home/ians/git_repos/xHAMLET/logs/stage5_sdrf/run/PXD023277.log	/home/ians/git_repos/xHAMLET/logs/stage5_sdrf/status/PXD023277.exit	python src/main.py --pxd PXD023277 --config configs/config.yaml --no-download --nproc 1 --verbose
PXD023487	3156511	/home/ians/git_repos/xHAMLET/logs/stage5_sdrf/run/PXD023487.log	/home/ians/git_repos/xHAMLET/logs/stage5_sdrf/status/PXD023487.exit	python src/main.py --pxd PXD023487 --config configs/config.yaml --no-download --nproc 1 --verbose
PXD023522	3156696	/home/ians/git_repos/xHAMLET/logs/stage5_sdrf/run/PXD023522.log	/home/ians/git_repos/xHAMLET/logs/stage5_sdrf/status/PXD023522.exit	python src/main.py --pxd PXD023522 --config configs/config.yaml --no-download --nproc 1 --verbose
PXD023525	3156826	/home/ians/git_repos/xHAMLET/logs/stage5_sdrf/run/PXD023525.log	/home/ians/git_repos/xHAMLET/logs/stage5_sdrf/status/PXD023525.exit	python src/main.py --pxd PXD023525 --config configs/config.yaml --no-download --nproc 1 --verbose
PXD023542	3156854	/home/ians/git_repos/xHAMLET/logs/stage5_sdrf/run/PXD023542.log	/home/ians/git_repos/xHAMLET/logs/stage5_sdrf/status/PXD023542.exit	python src/main.py --pxd PXD023542 --config configs/config.yaml --no-download --nproc 1 --verbose
PXD023577	3156950	/home/ians/git_repos/xHAMLET/logs/stage5_sdrf/run/PXD023577.log	/home/ians/git_repos/xHAMLET/logs/stage5_sdrf/status/PXD023577.exit	python src/main.py --pxd PXD023577 --config configs/config.yaml --no-download --nproc 1 --verbose
PXD023651	3156960	/home/ians/git_repos/xHAMLET/logs/stage5_sdrf/run/PXD023651.log	/home/ians/git_repos/xHAMLET/logs/stage5_sdrf/status/PXD023651.exit	python src/main.py --pxd PXD023651 --config configs/config.yaml --no-download --nproc 1 --verbose
PXD023814	3156997	/home/ians/git_repos/xHAMLET/logs/stage5_sdrf/run/PXD023814.log	/home/ians/git_repos/xHAMLET/logs/stage5_sdrf/status/PXD023814.exit	python src/main.py --pxd PXD023814 --config configs/config.yaml --no-download --nproc 1 --verbose
PXD023817	3157083	/home/ians/git_repos/xHAMLET/logs/stage5_sdrf/run/PXD023817.log	/home/ians/git_repos/xHAMLET/logs/stage5_sdrf/status/PXD023817.exit	python src/main.py --pxd PXD023817 --config configs/config.yaml --no-download --nproc 1 --verbose
PXD024010	3157115	/home/ians/git_repos/xHAMLET/logs/stage5_sdrf/run/PXD024010.log	/home/ians/git_repos/xHAMLET/logs/stage5_sdrf/status/PXD024010.exit	python src/main.py --pxd PXD024010 --config configs/config.yaml --no-download --nproc 1 --verbose
PXD024065	3157234	/home/ians/git_repos/xHAMLET/logs/stage5_sdrf/run/PXD024065.log	/home/ians/git_repos/xHAMLET/logs/stage5_sdrf/status/PXD024065.exit	python src/main.py --pxd PXD024065 --config configs/config.yaml --no-download --nproc 1 --verbose
PXD024120	3157297	/home/ians/git_repos/xHAMLET/logs/stage5_sdrf/run/PXD024120.log	/home/ians/git_repos/xHAMLET/logs/stage5_sdrf/status/PXD024120.exit	python src/main.py --pxd PXD024120 --config configs/config.yaml --no-download --nproc 1 --verbose
PXD024131	3157374	/home/ians/git_repos/xHAMLET/logs/stage5_sdrf/run/PXD024131.log	/home/ians/git_repos/xHAMLET/logs/stage5_sdrf/status/PXD024131.exit	python src/main.py --pxd PXD024131 --config configs/config.yaml --no-download --nproc 1 --verbose
PXD024160	3157489	/home/ians/git_repos/xHAMLET/logs/stage5_sdrf/run/PXD024160.log	/home/ians/git_repos/xHAMLET/logs/stage5_sdrf/status/PXD024160.exit	python src/main.py --pxd PXD024160 --config configs/config.yaml --no-download --nproc 1 --verbose
PXD024168	3157613	/home/ians/git_repos/xHAMLET/logs/stage5_sdrf/run/PXD024168.log	/home/ians/git_repos/xHAMLET/logs/stage5_sdrf/status/PXD024168.exit	python src/main.py --pxd PXD024168 --config configs/config.yaml --no-download --nproc 1 --verbose
PXD024253	3157623	/home/ians/git_repos/xHAMLET/logs/stage5_sdrf/run/PXD024253.log	/home/ians/git_repos/xHAMLET/logs/stage5_sdrf/status/PXD024253.exit	python src/main.py --pxd PXD024253 --config configs/config.yaml --no-download --nproc 1 --verbose
PXD024254	3157772	/home/ians/git_repos/xHAMLET/logs/stage5_sdrf/run/PXD024254.log	/home/ians/git_repos/xHAMLET/logs/stage5_sdrf/status/PXD024254.exit	python src/main.py --pxd PXD024254 --config configs/config.yaml --no-download --nproc 1 --verbose
PXD024335	3158139	/home/ians/git_repos/xHAMLET/logs/stage5_sdrf/run/PXD024335.log	/home/ians/git_repos/xHAMLET/logs/stage5_sdrf/status/PXD024335.exit	python src/main.py --pxd PXD024335 --config configs/config.yaml --no-download --nproc 1 --verbose
PXD024361	3158250	/home/ians/git_repos/xHAMLET/logs/stage5_sdrf/run/PXD024361.log	/home/ians/git_repos/xHAMLET/logs/stage5_sdrf/status/PXD024361.exit	python src/main.py --pxd PXD024361 --config configs/config.yaml --no-download --nproc 1 --verbose
PXD024366	3158299	/home/ians/git_repos/xHAMLET/logs/stage5_sdrf/run/PXD024366.log	/home/ians/git_repos/xHAMLET/logs/stage5_sdrf/status/PXD024366.exit	python src/main.py --pxd PXD024366 --config configs/config.yaml --no-download --nproc 1 --verbose
PXD024367	3158378	/home/ians/git_repos/xHAMLET/logs/stage5_sdrf/run/PXD024367.log	/home/ians/git_repos/xHAMLET/logs/stage5_sdrf/status/PXD024367.exit	python src/main.py --pxd PXD024367 --config configs/config.yaml --no-download --nproc 1 --verbose
PXD024399	3158388	/home/ians/git_repos/xHAMLET/logs/stage5_sdrf/run/PXD024399.log	/home/ians/git_repos/xHAMLET/logs/stage5_sdrf/status/PXD024399.exit	python src/main.py --pxd PXD024399 --config configs/config.yaml --no-download --nproc 1 --verbose
PXD024492	3158409	/home/ians/git_repos/xHAMLET/logs/stage5_sdrf/run/PXD024492.log	/home/ians/git_repos/xHAMLET/logs/stage5_sdrf/status/PXD024492.exit	python src/main.py --pxd PXD024492 --config configs/config.yaml --no-download --nproc 1 --verbose
PXD024493	3158543	/home/ians/git_repos/xHAMLET/logs/stage5_sdrf/run/PXD024493.log	/home/ians/git_repos/xHAMLET/logs/stage5_sdrf/status/PXD024493.exit	python src/main.py --pxd PXD024493 --config configs/config.yaml --no-download --nproc 1 --verbose
PXD024822	3158635	/home/ians/git_repos/xHAMLET/logs/stage5_sdrf/run/PXD024822.log	/home/ians/git_repos/xHAMLET/logs/stage5_sdrf/status/PXD024822.exit	python src/main.py --pxd PXD024822 --config configs/config.yaml --no-download --nproc 1 --verbose
PXD024946	3158765	/home/ians/git_repos/xHAMLET/logs/stage5_sdrf/run/PXD024946.log	/home/ians/git_repos/xHAMLET/logs/stage5_sdrf/status/PXD024946.exit	python src/main.py --pxd PXD024946 --config configs/config.yaml --no-download --nproc 1 --verbose
PXD025066	3158815	/home/ians/git_repos/xHAMLET/logs/stage5_sdrf/run/PXD025066.log	/home/ians/git_repos/xHAMLET/logs/stage5_sdrf/status/PXD025066.exit	python src/main.py --pxd PXD025066 --config configs/config.yaml --no-download --nproc 1 --verbose
PXD025099	3158911	/home/ians/git_repos/xHAMLET/logs/stage5_sdrf/run/PXD025099.log	/home/ians/git_repos/xHAMLET/logs/stage5_sdrf/status/PXD025099.exit	python src/main.py --pxd PXD025099 --config configs/config.yaml --no-download --nproc 1 --verbose
PXD025122	3158936	/home/ians/git_repos/xHAMLET/logs/stage5_sdrf/run/PXD025122.log	/home/ians/git_repos/xHAMLET/logs/stage5_sdrf/status/PXD025122.exit	python src/main.py --pxd PXD025122 --config configs/config.yaml --no-download --nproc 1 --verbose
PXD025141	3159016	/home/ians/git_repos/xHAMLET/logs/stage5_sdrf/run/PXD025141.log	/home/ians/git_repos/xHAMLET/logs/stage5_sdrf/status/PXD025141.exit	python src/main.py --pxd PXD025141 --config configs/config.yaml --no-download --nproc 1 --verbose
PXD025172	3159026	/home/ians/git_repos/xHAMLET/logs/stage5_sdrf/run/PXD025172.log	/home/ians/git_repos/xHAMLET/logs/stage5_sdrf/status/PXD025172.exit	python src/main.py --pxd PXD025172 --config configs/config.yaml --no-download --nproc 1 --verbose
PXD025179	3159226	/home/ians/git_repos/xHAMLET/logs/stage5_sdrf/run/PXD025179.log	/home/ians/git_repos/xHAMLET/logs/stage5_sdrf/status/PXD025179.exit	python src/main.py --pxd PXD025179 --config configs/config.yaml --no-download --nproc 1 --verbose
PXD025208	3159271	/home/ians/git_repos/xHAMLET/logs/stage5_sdrf/run/PXD025208.log	/home/ians/git_repos/xHAMLET/logs/stage5_sdrf/status/PXD025208.exit	python src/main.py --pxd PXD025208 --config configs/config.yaml --no-download --nproc 1 --verbose
PXD025220	3159497	/home/ians/git_repos/xHAMLET/logs/stage5_sdrf/run/PXD025220.log	/home/ians/git_repos/xHAMLET/logs/stage5_sdrf/status/PXD025220.exit	python src/main.py --pxd PXD025220 --config configs/config.yaml --no-download --nproc 1 --verbose
PXD025357	3159587	/home/ians/git_repos/xHAMLET/logs/stage5_sdrf/run/PXD025357.log	/home/ians/git_repos/xHAMLET/logs/stage5_sdrf/status/PXD025357.exit	python src/main.py --pxd PXD025357 --config configs/config.yaml --no-download --nproc 1 --verbose
PXD025391	3159597	/home/ians/git_repos/xHAMLET/logs/stage5_sdrf/run/PXD025391.log	/home/ians/git_repos/xHAMLET/logs/stage5_sdrf/status/PXD025391.exit	python src/main.py --pxd PXD025391 --config configs/config.yaml --no-download --nproc 1 --verbose
PXD025581	3159654	/home/ians/git_repos/xHAMLET/logs/stage5_sdrf/run/PXD025581.log	/home/ians/git_repos/xHAMLET/logs/stage5_sdrf/status/PXD025581.exit	python src/main.py --pxd PXD025581 --config configs/config.yaml --no-download --nproc 1 --verbose
PXD025662	3159823	/home/ians/git_repos/xHAMLET/logs/stage5_sdrf/run/PXD025662.log	/home/ians/git_repos/xHAMLET/logs/stage5_sdrf/status/PXD025662.exit	python src/main.py --pxd PXD025662 --config configs/config.yaml --no-download --nproc 1 --verbose
PXD025710	3159844	/home/ians/git_repos/xHAMLET/logs/stage5_sdrf/run/PXD025710.log	/home/ians/git_repos/xHAMLET/logs/stage5_sdrf/status/PXD025710.exit	python src/main.py --pxd PXD025710 --config configs/config.yaml --no-download --nproc 1 --verbose
PXD025796	3159877	/home/ians/git_repos/xHAMLET/logs/stage5_sdrf/run/PXD025796.log	/home/ians/git_repos/xHAMLET/logs/stage5_sdrf/status/PXD025796.exit	python src/main.py --pxd PXD025796 --config configs/config.yaml --no-download --nproc 1 --verbose
PXD025843	3160052	/home/ians/git_repos/xHAMLET/logs/stage5_sdrf/run/PXD025843.log	/home/ians/git_repos/xHAMLET/logs/stage5_sdrf/status/PXD025843.exit	python src/main.py --pxd PXD025843 --config configs/config.yaml --no-download --nproc 1 --verbose
PXD025903	3160197	/home/ians/git_repos/xHAMLET/logs/stage5_sdrf/run/PXD025903.log	/home/ians/git_repos/xHAMLET/logs/stage5_sdrf/status/PXD025903.exit	python src/main.py --pxd PXD025903 --config configs/config.yaml --no-download --nproc 1 --verbose
PXD025923	3160206	/home/ians/git_repos/xHAMLET/logs/stage5_sdrf/run/PXD025923.log	/home/ians/git_repos/xHAMLET/logs/stage5_sdrf/status/PXD025923.exit	python src/main.py --pxd PXD025923 --config configs/config.yaml --no-download --nproc 1 --verbose
PXD025980	3160295	/home/ians/git_repos/xHAMLET/logs/stage5_sdrf/run/PXD025980.log	/home/ians/git_repos/xHAMLET/logs/stage5_sdrf/status/PXD025980.exit	python src/main.py --pxd PXD025980 --config configs/config.yaml --no-download --nproc 1 --verbose
PXD026017	3160350	/home/ians/git_repos/xHAMLET/logs/stage5_sdrf/run/PXD026017.log	/home/ians/git_repos/xHAMLET/logs/stage5_sdrf/status/PXD026017.exit	python src/main.py --pxd PXD026017 --config configs/config.yaml --no-download --nproc 1 --verbose
PXD026037	3160571	/home/ians/git_repos/xHAMLET/logs/stage5_sdrf/run/PXD026037.log	/home/ians/git_repos/xHAMLET/logs/stage5_sdrf/status/PXD026037.exit	python src/main.py --pxd PXD026037 --config configs/config.yaml --no-download --nproc 1 --verbose
PXD026196	3160601	/home/ians/git_repos/xHAMLET/logs/stage5_sdrf/run/PXD026196.log	/home/ians/git_repos/xHAMLET/logs/stage5_sdrf/status/PXD026196.exit	python src/main.py --pxd PXD026196 --config configs/config.yaml --no-download --nproc 1 --verbose
PXD026229	3160656	/home/ians/git_repos/xHAMLET/logs/stage5_sdrf/run/PXD026229.log	/home/ians/git_repos/xHAMLET/logs/stage5_sdrf/status/PXD026229.exit	python src/main.py --pxd PXD026229 --config configs/config.yaml --no-download --nproc 1 --verbose
PXD026244	3160666	/home/ians/git_repos/xHAMLET/logs/stage5_sdrf/run/PXD026244.log	/home/ians/git_repos/xHAMLET/logs/stage5_sdrf/status/PXD026244.exit	python src/main.py --pxd PXD026244 --config configs/config.yaml --no-download --nproc 1 --verbose
PXD026433	3160676	/home/ians/git_repos/xHAMLET/logs/stage5_sdrf/run/PXD026433.log	/home/ians/git_repos/xHAMLET/logs/stage5_sdrf/status/PXD026433.exit	python src/main.py --pxd PXD026433 --config configs/config.yaml --no-download --nproc 1 --verbose
PXD026508	3160814	/home/ians/git_repos/xHAMLET/logs/stage5_sdrf/run/PXD026508.log	/home/ians/git_repos/xHAMLET/logs/stage5_sdrf/status/PXD026508.exit	python src/main.py --pxd PXD026508 --config configs/config.yaml --no-download --nproc 1 --verbose
PXD026603	3161159	/home/ians/git_repos/xHAMLET/logs/stage5_sdrf/run/PXD026603.log	/home/ians/git_repos/xHAMLET/logs/stage5_sdrf/status/PXD026603.exit	python src/main.py --pxd PXD026603 --config configs/config.yaml --no-download --nproc 1 --verbose
PXD026696	3161215	/home/ians/git_repos/xHAMLET/logs/stage5_sdrf/run/PXD026696.log	/home/ians/git_repos/xHAMLET/logs/stage5_sdrf/status/PXD026696.exit	python src/main.py --pxd PXD026696 --config configs/config.yaml --no-download --nproc 1 --verbose
PXD026718	3161225	/home/ians/git_repos/xHAMLET/logs/stage5_sdrf/run/PXD026718.log	/home/ians/git_repos/xHAMLET/logs/stage5_sdrf/status/PXD026718.exit	python src/main.py --pxd PXD026718 --config configs/config.yaml --no-download --nproc 1 --verbose
PXD026790	3161310	/home/ians/git_repos/xHAMLET/logs/stage5_sdrf/run/PXD026790.log	/home/ians/git_repos/xHAMLET/logs/stage5_sdrf/status/PXD026790.exit	python src/main.py --pxd PXD026790 --config configs/config.yaml --no-download --nproc 1 --verbose
PXD026793	3161320	/home/ians/git_repos/xHAMLET/logs/stage5_sdrf/run/PXD026793.log	/home/ians/git_repos/xHAMLET/logs/stage5_sdrf/status/PXD026793.exit	python src/main.py --pxd PXD026793 --config configs/config.yaml --no-download --nproc 1 --verbose
PXD026861	3161563	/home/ians/git_repos/xHAMLET/logs/stage5_sdrf/run/PXD026861.log	/home/ians/git_repos/xHAMLET/logs/stage5_sdrf/status/PXD026861.exit	python src/main.py --pxd PXD026861 --config configs/config.yaml --no-download --nproc 1 --verbose
PXD026926	3161573	/home/ians/git_repos/xHAMLET/logs/stage5_sdrf/run/PXD026926.log	/home/ians/git_repos/xHAMLET/logs/stage5_sdrf/status/PXD026926.exit	python src/main.py --pxd PXD026926 --config configs/config.yaml --no-download --nproc 1 --verbose
PXD026935	3161793	/home/ians/git_repos/xHAMLET/logs/stage5_sdrf/run/PXD026935.log	/home/ians/git_repos/xHAMLET/logs/stage5_sdrf/status/PXD026935.exit	python src/main.py --pxd PXD026935 --config configs/config.yaml --no-download --nproc 1 --verbose
PXD027068	3161931	/home/ians/git_repos/xHAMLET/logs/stage5_sdrf/run/PXD027068.log	/home/ians/git_repos/xHAMLET/logs/stage5_sdrf/status/PXD027068.exit	python src/main.py --pxd PXD027068 --config configs/config.yaml --no-download --nproc 1 --verbose
PXD027128	3162025	/home/ians/git_repos/xHAMLET/logs/stage5_sdrf/run/PXD027128.log	/home/ians/git_repos/xHAMLET/logs/stage5_sdrf/status/PXD027128.exit	python src/main.py --pxd PXD027128 --config configs/config.yaml --no-download --nproc 1 --verbose
PXD027149	3162058	/home/ians/git_repos/xHAMLET/logs/stage5_sdrf/run/PXD027149.log	/home/ians/git_repos/xHAMLET/logs/stage5_sdrf/status/PXD027149.exit	python src/main.py --pxd PXD027149 --config configs/config.yaml --no-download --nproc 1 --verbose
PXD027159	3162068	/home/ians/git_repos/xHAMLET/logs/stage5_sdrf/run/PXD027159.log	/home/ians/git_repos/xHAMLET/logs/stage5_sdrf/status/PXD027159.exit	python src/main.py --pxd PXD027159 --config configs/config.yaml --no-download --nproc 1 --verbose
PXD027161	3162114	/home/ians/git_repos/xHAMLET/logs/stage5_sdrf/run/PXD027161.log	/home/ians/git_repos/xHAMLET/logs/stage5_sdrf/status/PXD027161.exit	python src/main.py --pxd PXD027161 --config configs/config.yaml --no-download --nproc 1 --verbose
PXD027188	3162201	/home/ians/git_repos/xHAMLET/logs/stage5_sdrf/run/PXD027188.log	/home/ians/git_repos/xHAMLET/logs/stage5_sdrf/status/PXD027188.exit	python src/main.py --pxd PXD027188 --config configs/config.yaml --no-download --nproc 1 --verbose
PXD027189	3162493	/home/ians/git_repos/xHAMLET/logs/stage5_sdrf/run/PXD027189.log	/home/ians/git_repos/xHAMLET/logs/stage5_sdrf/status/PXD027189.exit	python src/main.py --pxd PXD027189 --config configs/config.yaml --no-download --nproc 1 --verbose
PXD027213	3162524	/home/ians/git_repos/xHAMLET/logs/stage5_sdrf/run/PXD027213.log	/home/ians/git_repos/xHAMLET/logs/stage5_sdrf/status/PXD027213.exit	python src/main.py --pxd PXD027213 --config configs/config.yaml --no-download --nproc 1 --verbose
PXD027234	3162589	/home/ians/git_repos/xHAMLET/logs/stage5_sdrf/run/PXD027234.log	/home/ians/git_repos/xHAMLET/logs/stage5_sdrf/status/PXD027234.exit	python src/main.py --pxd PXD027234 --config configs/config.yaml --no-download --nproc 1 --verbose
PXD027239	3162615	/home/ians/git_repos/xHAMLET/logs/stage5_sdrf/run/PXD027239.log	/home/ians/git_repos/xHAMLET/logs/stage5_sdrf/status/PXD027239.exit	python src/main.py --pxd PXD027239 --config configs/config.yaml --no-download --nproc 1 --verbose
PXD027267	3162710	/home/ians/git_repos/xHAMLET/logs/stage5_sdrf/run/PXD027267.log	/home/ians/git_repos/xHAMLET/logs/stage5_sdrf/status/PXD027267.exit	python src/main.py --pxd PXD027267 --config configs/config.yaml --no-download --nproc 1 --verbose
PXD027349	3162887	/home/ians/git_repos/xHAMLET/logs/stage5_sdrf/run/PXD027349.log	/home/ians/git_repos/xHAMLET/logs/stage5_sdrf/status/PXD027349.exit	python src/main.py --pxd PXD027349 --config configs/config.yaml --no-download --nproc 1 --verbose
PXD027394	3162946	/home/ians/git_repos/xHAMLET/logs/stage5_sdrf/run/PXD027394.log	/home/ians/git_repos/xHAMLET/logs/stage5_sdrf/status/PXD027394.exit	python src/main.py --pxd PXD027394 --config configs/config.yaml --no-download --nproc 1 --verbose
PXD027413	3163073	/home/ians/git_repos/xHAMLET/logs/stage5_sdrf/run/PXD027413.log	/home/ians/git_repos/xHAMLET/logs/stage5_sdrf/status/PXD027413.exit	python src/main.py --pxd PXD027413 --config configs/config.yaml --no-download --nproc 1 --verbose
PXD027488	3163095	/home/ians/git_repos/xHAMLET/logs/stage5_sdrf/run/PXD027488.log	/home/ians/git_repos/xHAMLET/logs/stage5_sdrf/status/PXD027488.exit	python src/main.py --pxd PXD027488 --config configs/config.yaml --no-download --nproc 1 --verbose
PXD027565	3163105	/home/ians/git_repos/xHAMLET/logs/stage5_sdrf/run/PXD027565.log	/home/ians/git_repos/xHAMLET/logs/stage5_sdrf/status/PXD027565.exit	python src/main.py --pxd PXD027565 --config configs/config.yaml --no-download --nproc 1 --verbose
PXD027611	3163208	/home/ians/git_repos/xHAMLET/logs/stage5_sdrf/run/PXD027611.log	/home/ians/git_repos/xHAMLET/logs/stage5_sdrf/status/PXD027611.exit	python src/main.py --pxd PXD027611 --config configs/config.yaml --no-download --nproc 1 --verbose
PXD027757	3163419	/home/ians/git_repos/xHAMLET/logs/stage5_sdrf/run/PXD027757.log	/home/ians/git_repos/xHAMLET/logs/stage5_sdrf/status/PXD027757.exit	python src/main.py --pxd PXD027757 --config configs/config.yaml --no-download --nproc 1 --verbose
PXD027759	3163458	/home/ians/git_repos/xHAMLET/logs/stage5_sdrf/run/PXD027759.log	/home/ians/git_repos/xHAMLET/logs/stage5_sdrf/status/PXD027759.exit	python src/main.py --pxd PXD027759 --config configs/config.yaml --no-download --nproc 1 --verbose
PXD027891	3163549	/home/ians/git_repos/xHAMLET/logs/stage5_sdrf/run/PXD027891.log	/home/ians/git_repos/xHAMLET/logs/stage5_sdrf/status/PXD027891.exit	python src/main.py --pxd PXD027891 --config configs/config.yaml --no-download --nproc 1 --verbose
PXD027905	3163629	/home/ians/git_repos/xHAMLET/logs/stage5_sdrf/run/PXD027905.log	/home/ians/git_repos/xHAMLET/logs/stage5_sdrf/status/PXD027905.exit	python src/main.py --pxd PXD027905 --config configs/config.yaml --no-download --nproc 1 --verbose
PXD027917	3163854	/home/ians/git_repos/xHAMLET/logs/stage5_sdrf/run/PXD027917.log	/home/ians/git_repos/xHAMLET/logs/stage5_sdrf/status/PXD027917.exit	python src/main.py --pxd PXD027917 --config configs/config.yaml --no-download --nproc 1 --verbose
PXD027953	3163891	/home/ians/git_repos/xHAMLET/logs/stage5_sdrf/run/PXD027953.log	/home/ians/git_repos/xHAMLET/logs/stage5_sdrf/status/PXD027953.exit	python src/main.py --pxd PXD027953 --config configs/config.yaml --no-download --nproc 1 --verbose
PXD027954	3164156	/home/ians/git_repos/xHAMLET/logs/stage5_sdrf/run/PXD027954.log	/home/ians/git_repos/xHAMLET/logs/stage5_sdrf/status/PXD027954.exit	python src/main.py --pxd PXD027954 --config configs/config.yaml --no-download --nproc 1 --verbose
PXD027998	3164303	/home/ians/git_repos/xHAMLET/logs/stage5_sdrf/run/PXD027998.log	/home/ians/git_repos/xHAMLET/logs/stage5_sdrf/status/PXD027998.exit	python src/main.py --pxd PXD027998 --config configs/config.yaml --no-download --nproc 1 --verbose
PXD028002	3164313	/home/ians/git_repos/xHAMLET/logs/stage5_sdrf/run/PXD028002.log	/home/ians/git_repos/xHAMLET/logs/stage5_sdrf/status/PXD028002.exit	python src/main.py --pxd PXD028002 --config configs/config.yaml --no-download --nproc 1 --verbose
PXD028005	3164334	/home/ians/git_repos/xHAMLET/logs/stage5_sdrf/run/PXD028005.log	/home/ians/git_repos/xHAMLET/logs/stage5_sdrf/status/PXD028005.exit	python src/main.py --pxd PXD028005 --config configs/config.yaml --no-download --nproc 1 --verbose
PXD028063	3164443	/home/ians/git_repos/xHAMLET/logs/stage5_sdrf/run/PXD028063.log	/home/ians/git_repos/xHAMLET/logs/stage5_sdrf/status/PXD028063.exit	python src/main.py --pxd PXD028063 --config configs/config.yaml --no-download --nproc 1 --verbose
PXD028150	3164477	/home/ians/git_repos/xHAMLET/logs/stage5_sdrf/run/PXD028150.log	/home/ians/git_repos/xHAMLET/logs/stage5_sdrf/status/PXD028150.exit	python src/main.py --pxd PXD028150 --config configs/config.yaml --no-download --nproc 1 --verbose
PXD028313	3164487	/home/ians/git_repos/xHAMLET/logs/stage5_sdrf/run/PXD028313.log	/home/ians/git_repos/xHAMLET/logs/stage5_sdrf/status/PXD028313.exit	python src/main.py --pxd PXD028313 --config configs/config.yaml --no-download --nproc 1 --verbose
PXD028415	3164618	/home/ians/git_repos/xHAMLET/logs/stage5_sdrf/run/PXD028415.log	/home/ians/git_repos/xHAMLET/logs/stage5_sdrf/status/PXD028415.exit	python src/main.py --pxd PXD028415 --config configs/config.yaml --no-download --nproc 1 --verbose
PXD028433	3164671	/home/ians/git_repos/xHAMLET/logs/stage5_sdrf/run/PXD028433.log	/home/ians/git_repos/xHAMLET/logs/stage5_sdrf/status/PXD028433.exit	python src/main.py --pxd PXD028433 --config configs/config.yaml --no-download --nproc 1 --verbose
PXD028462	3164681	/home/ians/git_repos/xHAMLET/logs/stage5_sdrf/run/PXD028462.log	/home/ians/git_repos/xHAMLET/logs/stage5_sdrf/status/PXD028462.exit	python src/main.py --pxd PXD028462 --config configs/config.yaml --no-download --nproc 1 --verbose
PXD028879	3164731	/home/ians/git_repos/xHAMLET/logs/stage5_sdrf/run/PXD028879.log	/home/ians/git_repos/xHAMLET/logs/stage5_sdrf/status/PXD028879.exit	python src/main.py --pxd PXD028879 --config configs/config.yaml --no-download --nproc 1 --verbose
PXD028980	3164923	/home/ians/git_repos/xHAMLET/logs/stage5_sdrf/run/PXD028980.log	/home/ians/git_repos/xHAMLET/logs/stage5_sdrf/status/PXD028980.exit	python src/main.py --pxd PXD028980 --config configs/config.yaml --no-download --nproc 1 --verbose
PXD029033	3164974	/home/ians/git_repos/xHAMLET/logs/stage5_sdrf/run/PXD029033.log	/home/ians/git_repos/xHAMLET/logs/stage5_sdrf/status/PXD029033.exit	python src/main.py --pxd PXD029033 --config configs/config.yaml --no-download --nproc 1 --verbose
PXD029034	3165158	/home/ians/git_repos/xHAMLET/logs/stage5_sdrf/run/PXD029034.log	/home/ians/git_repos/xHAMLET/logs/stage5_sdrf/status/PXD029034.exit	python src/main.py --pxd PXD029034 --config configs/config.yaml --no-download --nproc 1 --verbose
PXD029091	3165300	/home/ians/git_repos/xHAMLET/logs/stage5_sdrf/run/PXD029091.log	/home/ians/git_repos/xHAMLET/logs/stage5_sdrf/status/PXD029091.exit	python src/main.py --pxd PXD029091 --config configs/config.yaml --no-download --nproc 1 --verbose
PXD029252	3165560	/home/ians/git_repos/xHAMLET/logs/stage5_sdrf/run/PXD029252.log	/home/ians/git_repos/xHAMLET/logs/stage5_sdrf/status/PXD029252.exit	python src/main.py --pxd PXD029252 --config configs/config.yaml --no-download --nproc 1 --verbose
PXD029257	3165574	/home/ians/git_repos/xHAMLET/logs/stage5_sdrf/run/PXD029257.log	/home/ians/git_repos/xHAMLET/logs/stage5_sdrf/status/PXD029257.exit	python src/main.py --pxd PXD029257 --config configs/config.yaml --no-download --nproc 1 --verbose
PXD029350	3165646	/home/ians/git_repos/xHAMLET/logs/stage5_sdrf/run/PXD029350.log	/home/ians/git_repos/xHAMLET/logs/stage5_sdrf/status/PXD029350.exit	python src/main.py --pxd PXD029350 --config configs/config.yaml --no-download --nproc 1 --verbose
PXD029365	3165890	/home/ians/git_repos/xHAMLET/logs/stage5_sdrf/run/PXD029365.log	/home/ians/git_repos/xHAMLET/logs/stage5_sdrf/status/PXD029365.exit	python src/main.py --pxd PXD029365 --config configs/config.yaml --no-download --nproc 1 --verbose
PXD029505	3165900	/home/ians/git_repos/xHAMLET/logs/stage5_sdrf/run/PXD029505.log	/home/ians/git_repos/xHAMLET/logs/stage5_sdrf/status/PXD029505.exit	python src/main.py --pxd PXD029505 --config configs/config.yaml --no-download --nproc 1 --verbose
PXD029591	3165943	/home/ians/git_repos/xHAMLET/logs/stage5_sdrf/run/PXD029591.log	/home/ians/git_repos/xHAMLET/logs/stage5_sdrf/status/PXD029591.exit	python src/main.py --pxd PXD029591 --config configs/config.yaml --no-download --nproc 1 --verbose
PXD029675	3166002	/home/ians/git_repos/xHAMLET/logs/stage5_sdrf/run/PXD029675.log	/home/ians/git_repos/xHAMLET/logs/stage5_sdrf/status/PXD029675.exit	python src/main.py --pxd PXD029675 --config configs/config.yaml --no-download --nproc 1 --verbose
PXD029748	3166012	/home/ians/git_repos/xHAMLET/logs/stage5_sdrf/run/PXD029748.log	/home/ians/git_repos/xHAMLET/logs/stage5_sdrf/status/PXD029748.exit	python src/main.py --pxd PXD029748 --config configs/config.yaml --no-download --nproc 1 --verbose
PXD029749	3166140	/home/ians/git_repos/xHAMLET/logs/stage5_sdrf/run/PXD029749.log	/home/ians/git_repos/xHAMLET/logs/stage5_sdrf/status/PXD029749.exit	python src/main.py --pxd PXD029749 --config configs/config.yaml --no-download --nproc 1 --verbose
PXD029781	3166245	/home/ians/git_repos/xHAMLET/logs/stage5_sdrf/run/PXD029781.log	/home/ians/git_repos/xHAMLET/logs/stage5_sdrf/status/PXD029781.exit	python src/main.py --pxd PXD029781 --config configs/config.yaml --no-download --nproc 1 --verbose
PXD029833	3166255	/home/ians/git_repos/xHAMLET/logs/stage5_sdrf/run/PXD029833.log	/home/ians/git_repos/xHAMLET/logs/stage5_sdrf/status/PXD029833.exit	python src/main.py --pxd PXD029833 --config configs/config.yaml --no-download --nproc 1 --verbose
PXD029930	3166288	/home/ians/git_repos/xHAMLET/logs/stage5_sdrf/run/PXD029930.log	/home/ians/git_repos/xHAMLET/logs/stage5_sdrf/status/PXD029930.exit	python src/main.py --pxd PXD029930 --config configs/config.yaml --no-download --nproc 1 --verbose
PXD029944	3166297	/home/ians/git_repos/xHAMLET/logs/stage5_sdrf/run/PXD029944.log	/home/ians/git_repos/xHAMLET/logs/stage5_sdrf/status/PXD029944.exit	python src/main.py --pxd PXD029944 --config configs/config.yaml --no-download --nproc 1 --verbose
PXD029960	3166396	/home/ians/git_repos/xHAMLET/logs/stage5_sdrf/run/PXD029960.log	/home/ians/git_repos/xHAMLET/logs/stage5_sdrf/status/PXD029960.exit	python src/main.py --pxd PXD029960 --config configs/config.yaml --no-download --nproc 1 --verbose
PXD030048	3166424	/home/ians/git_repos/xHAMLET/logs/stage5_sdrf/run/PXD030048.log	/home/ians/git_repos/xHAMLET/logs/stage5_sdrf/status/PXD030048.exit	python src/main.py --pxd PXD030048 --config configs/config.yaml --no-download --nproc 1 --verbose
PXD030063	3166511	/home/ians/git_repos/xHAMLET/logs/stage5_sdrf/run/PXD030063.log	/home/ians/git_repos/xHAMLET/logs/stage5_sdrf/status/PXD030063.exit	python src/main.py --pxd PXD030063 --config configs/config.yaml --no-download --nproc 1 --verbose
PXD030072	3166763	/home/ians/git_repos/xHAMLET/logs/stage5_sdrf/run/PXD030072.log	/home/ians/git_repos/xHAMLET/logs/stage5_sdrf/status/PXD030072.exit	python src/main.py --pxd PXD030072 --config configs/config.yaml --no-download --nproc 1 --verbose
PXD030209	3166784	/home/ians/git_repos/xHAMLET/logs/stage5_sdrf/run/PXD030209.log	/home/ians/git_repos/xHAMLET/logs/stage5_sdrf/status/PXD030209.exit	python src/main.py --pxd PXD030209 --config configs/config.yaml --no-download --nproc 1 --verbose
PXD030274	3166995	/home/ians/git_repos/xHAMLET/logs/stage5_sdrf/run/PXD030274.log	/home/ians/git_repos/xHAMLET/logs/stage5_sdrf/status/PXD030274.exit	python src/main.py --pxd PXD030274 --config configs/config.yaml --no-download --nproc 1 --verbose
PXD030299	3167189	/home/ians/git_repos/xHAMLET/logs/stage5_sdrf/run/PXD030299.log	/home/ians/git_repos/xHAMLET/logs/stage5_sdrf/status/PXD030299.exit	python src/main.py --pxd PXD030299 --config configs/config.yaml --no-download --nproc 1 --verbose
PXD030429	3167440	/home/ians/git_repos/xHAMLET/logs/stage5_sdrf/run/PXD030429.log	/home/ians/git_repos/xHAMLET/logs/stage5_sdrf/status/PXD030429.exit	python src/main.py --pxd PXD030429 --config configs/config.yaml --no-download --nproc 1 --verbose
PXD030495	3167489	/home/ians/git_repos/xHAMLET/logs/stage5_sdrf/run/PXD030495.log	/home/ians/git_repos/xHAMLET/logs/stage5_sdrf/status/PXD030495.exit	python src/main.py --pxd PXD030495 --config configs/config.yaml --no-download --nproc 1 --verbose
PXD030532	3167499	/home/ians/git_repos/xHAMLET/logs/stage5_sdrf/run/PXD030532.log	/home/ians/git_repos/xHAMLET/logs/stage5_sdrf/status/PXD030532.exit	python src/main.py --pxd PXD030532 --config configs/config.yaml --no-download --nproc 1 --verbose
PXD030543	3167559	/home/ians/git_repos/xHAMLET/logs/stage5_sdrf/run/PXD030543.log	/home/ians/git_repos/xHAMLET/logs/stage5_sdrf/status/PXD030543.exit	python src/main.py --pxd PXD030543 --config configs/config.yaml --no-download --nproc 1 --verbose
PXD030578	3167600	/home/ians/git_repos/xHAMLET/logs/stage5_sdrf/run/PXD030578.log	/home/ians/git_repos/xHAMLET/logs/stage5_sdrf/status/PXD030578.exit	python src/main.py --pxd PXD030578 --config configs/config.yaml --no-download --nproc 1 --verbose
PXD030590	3167707	/home/ians/git_repos/xHAMLET/logs/stage5_sdrf/run/PXD030590.log	/home/ians/git_repos/xHAMLET/logs/stage5_sdrf/status/PXD030590.exit	python src/main.py --pxd PXD030590 --config configs/config.yaml --no-download --nproc 1 --verbose
PXD030619	3167739	/home/ians/git_repos/xHAMLET/logs/stage5_sdrf/run/PXD030619.log	/home/ians/git_repos/xHAMLET/logs/stage5_sdrf/status/PXD030619.exit	python src/main.py --pxd PXD030619 --config configs/config.yaml --no-download --nproc 1 --verbose
PXD030849	3167749	/home/ians/git_repos/xHAMLET/logs/stage5_sdrf/run/PXD030849.log	/home/ians/git_repos/xHAMLET/logs/stage5_sdrf/status/PXD030849.exit	python src/main.py --pxd PXD030849 --config configs/config.yaml --no-download --nproc 1 --verbose
PXD030864	3167885	/home/ians/git_repos/xHAMLET/logs/stage5_sdrf/run/PXD030864.log	/home/ians/git_repos/xHAMLET/logs/stage5_sdrf/status/PXD030864.exit	python src/main.py --pxd PXD030864 --config configs/config.yaml --no-download --nproc 1 --verbose
PXD030970	3167905	/home/ians/git_repos/xHAMLET/logs/stage5_sdrf/run/PXD030970.log	/home/ians/git_repos/xHAMLET/logs/stage5_sdrf/status/PXD030970.exit	python src/main.py --pxd PXD030970 --config configs/config.yaml --no-download --nproc 1 --verbose
PXD031033	3167928	/home/ians/git_repos/xHAMLET/logs/stage5_sdrf/run/PXD031033.log	/home/ians/git_repos/xHAMLET/logs/stage5_sdrf/status/PXD031033.exit	python src/main.py --pxd PXD031033 --config configs/config.yaml --no-download --nproc 1 --verbose
PXD031054	3167981	/home/ians/git_repos/xHAMLET/logs/stage5_sdrf/run/PXD031054.log	/home/ians/git_repos/xHAMLET/logs/stage5_sdrf/status/PXD031054.exit	python src/main.py --pxd PXD031054 --config configs/config.yaml --no-download --nproc 1 --verbose
PXD031096	3167991	/home/ians/git_repos/xHAMLET/logs/stage5_sdrf/run/PXD031096.log	/home/ians/git_repos/xHAMLET/logs/stage5_sdrf/status/PXD031096.exit	python src/main.py --pxd PXD031096 --config configs/config.yaml --no-download --nproc 1 --verbose
PXD031114	3168128	/home/ians/git_repos/xHAMLET/logs/stage5_sdrf/run/PXD031114.log	/home/ians/git_repos/xHAMLET/logs/stage5_sdrf/status/PXD031114.exit	python src/main.py --pxd PXD031114 --config configs/config.yaml --no-download --nproc 1 --verbose
PXD031159	3168154	/home/ians/git_repos/xHAMLET/logs/stage5_sdrf/run/PXD031159.log	/home/ians/git_repos/xHAMLET/logs/stage5_sdrf/status/PXD031159.exit	python src/main.py --pxd PXD031159 --config configs/config.yaml --no-download --nproc 1 --verbose
PXD031197	3168185	/home/ians/git_repos/xHAMLET/logs/stage5_sdrf/run/PXD031197.log	/home/ians/git_repos/xHAMLET/logs/stage5_sdrf/status/PXD031197.exit	python src/main.py --pxd PXD031197 --config configs/config.yaml --no-download --nproc 1 --verbose
PXD031214	3168271	/home/ians/git_repos/xHAMLET/logs/stage5_sdrf/run/PXD031214.log	/home/ians/git_repos/xHAMLET/logs/stage5_sdrf/status/PXD031214.exit	python src/main.py --pxd PXD031214 --config configs/config.yaml --no-download --nproc 1 --verbose
PXD031215	3168325	/home/ians/git_repos/xHAMLET/logs/stage5_sdrf/run/PXD031215.log	/home/ians/git_repos/xHAMLET/logs/stage5_sdrf/status/PXD031215.exit	python src/main.py --pxd PXD031215 --config configs/config.yaml --no-download --nproc 1 --verbose
PXD031339	3168517	/home/ians/git_repos/xHAMLET/logs/stage5_sdrf/run/PXD031339.log	/home/ians/git_repos/xHAMLET/logs/stage5_sdrf/status/PXD031339.exit	python src/main.py --pxd PXD031339 --config configs/config.yaml --no-download --nproc 1 --verbose
PXD031345	3168706	/home/ians/git_repos/xHAMLET/logs/stage5_sdrf/run/PXD031345.log	/home/ians/git_repos/xHAMLET/logs/stage5_sdrf/status/PXD031345.exit	python src/main.py --pxd PXD031345 --config configs/config.yaml --no-download --nproc 1 --verbose
PXD031381	3168864	/home/ians/git_repos/xHAMLET/logs/stage5_sdrf/run/PXD031381.log	/home/ians/git_repos/xHAMLET/logs/stage5_sdrf/status/PXD031381.exit	python src/main.py --pxd PXD031381 --config configs/config.yaml --no-download --nproc 1 --verbose
PXD031411	3168874	/home/ians/git_repos/xHAMLET/logs/stage5_sdrf/run/PXD031411.log	/home/ians/git_repos/xHAMLET/logs/stage5_sdrf/status/PXD031411.exit	python src/main.py --pxd PXD031411 --config configs/config.yaml --no-download --nproc 1 --verbose
PXD031415	3168999	/home/ians/git_repos/xHAMLET/logs/stage5_sdrf/run/PXD031415.log	/home/ians/git_repos/xHAMLET/logs/stage5_sdrf/status/PXD031415.exit	python src/main.py --pxd PXD031415 --config configs/config.yaml --no-download --nproc 1 --verbose
PXD031421	3169119	/home/ians/git_repos/xHAMLET/logs/stage5_sdrf/run/PXD031421.log	/home/ians/git_repos/xHAMLET/logs/stage5_sdrf/status/PXD031421.exit	python src/main.py --pxd PXD031421 --config configs/config.yaml --no-download --nproc 1 --verbose
PXD031519	3169198	/home/ians/git_repos/xHAMLET/logs/stage5_sdrf/run/PXD031519.log	/home/ians/git_repos/xHAMLET/logs/stage5_sdrf/status/PXD031519.exit	python src/main.py --pxd PXD031519 --config configs/config.yaml --no-download --nproc 1 --verbose
PXD031601	3169208	/home/ians/git_repos/xHAMLET/logs/stage5_sdrf/run/PXD031601.log	/home/ians/git_repos/xHAMLET/logs/stage5_sdrf/status/PXD031601.exit	python src/main.py --pxd PXD031601 --config configs/config.yaml --no-download --nproc 1 --verbose
PXD031643	3169264	/home/ians/git_repos/xHAMLET/logs/stage5_sdrf/run/PXD031643.log	/home/ians/git_repos/xHAMLET/logs/stage5_sdrf/status/PXD031643.exit	python src/main.py --pxd PXD031643 --config configs/config.yaml --no-download --nproc 1 --verbose
PXD031644	3169274	/home/ians/git_repos/xHAMLET/logs/stage5_sdrf/run/PXD031644.log	/home/ians/git_repos/xHAMLET/logs/stage5_sdrf/status/PXD031644.exit	python src/main.py --pxd PXD031644 --config configs/config.yaml --no-download --nproc 1 --verbose
PXD031827	3169474	/home/ians/git_repos/xHAMLET/logs/stage5_sdrf/run/PXD031827.log	/home/ians/git_repos/xHAMLET/logs/stage5_sdrf/status/PXD031827.exit	python src/main.py --pxd PXD031827 --config configs/config.yaml --no-download --nproc 1 --verbose
PXD031845	3169626	/home/ians/git_repos/xHAMLET/logs/stage5_sdrf/run/PXD031845.log	/home/ians/git_repos/xHAMLET/logs/stage5_sdrf/status/PXD031845.exit	python src/main.py --pxd PXD031845 --config configs/config.yaml --no-download --nproc 1 --verbose
PXD031911	3169636	/home/ians/git_repos/xHAMLET/logs/stage5_sdrf/run/PXD031911.log	/home/ians/git_repos/xHAMLET/logs/stage5_sdrf/status/PXD031911.exit	python src/main.py --pxd PXD031911 --config configs/config.yaml --no-download --nproc 1 --verbose
PXD031997	3169831	/home/ians/git_repos/xHAMLET/logs/stage5_sdrf/run/PXD031997.log	/home/ians/git_repos/xHAMLET/logs/stage5_sdrf/status/PXD031997.exit	python src/main.py --pxd PXD031997 --config configs/config.yaml --no-download --nproc 1 --verbose
PXD032132	3169882	/home/ians/git_repos/xHAMLET/logs/stage5_sdrf/run/PXD032132.log	/home/ians/git_repos/xHAMLET/logs/stage5_sdrf/status/PXD032132.exit	python src/main.py --pxd PXD032132 --config configs/config.yaml --no-download --nproc 1 --verbose
PXD032222	3169931	/home/ians/git_repos/xHAMLET/logs/stage5_sdrf/run/PXD032222.log	/home/ians/git_repos/xHAMLET/logs/stage5_sdrf/status/PXD032222.exit	python src/main.py --pxd PXD032222 --config configs/config.yaml --no-download --nproc 1 --verbose
PXD032297	3170078	/home/ians/git_repos/xHAMLET/logs/stage5_sdrf/run/PXD032297.log	/home/ians/git_repos/xHAMLET/logs/stage5_sdrf/status/PXD032297.exit	python src/main.py --pxd PXD032297 --config configs/config.yaml --no-download --nproc 1 --verbose
PXD032728	3170155	/home/ians/git_repos/xHAMLET/logs/stage5_sdrf/run/PXD032728.log	/home/ians/git_repos/xHAMLET/logs/stage5_sdrf/status/PXD032728.exit	python src/main.py --pxd PXD032728 --config configs/config.yaml --no-download --nproc 1 --verbose
PXD032821	3170165	/home/ians/git_repos/xHAMLET/logs/stage5_sdrf/run/PXD032821.log	/home/ians/git_repos/xHAMLET/logs/stage5_sdrf/status/PXD032821.exit	python src/main.py --pxd PXD032821 --config configs/config.yaml --no-download --nproc 1 --verbose
PXD032833	3170175	/home/ians/git_repos/xHAMLET/logs/stage5_sdrf/run/PXD032833.log	/home/ians/git_repos/xHAMLET/logs/stage5_sdrf/status/PXD032833.exit	python src/main.py --pxd PXD032833 --config configs/config.yaml --no-download --nproc 1 --verbose
PXD032906	3170499	/home/ians/git_repos/xHAMLET/logs/stage5_sdrf/run/PXD032906.log	/home/ians/git_repos/xHAMLET/logs/stage5_sdrf/status/PXD032906.exit	python src/main.py --pxd PXD032906 --config configs/config.yaml --no-download --nproc 1 --verbose
PXD032952	3170619	/home/ians/git_repos/xHAMLET/logs/stage5_sdrf/run/PXD032952.log	/home/ians/git_repos/xHAMLET/logs/stage5_sdrf/status/PXD032952.exit	python src/main.py --pxd PXD032952 --config configs/config.yaml --no-download --nproc 1 --verbose
PXD032976	3170743	/home/ians/git_repos/xHAMLET/logs/stage5_sdrf/run/PXD032976.log	/home/ians/git_repos/xHAMLET/logs/stage5_sdrf/status/PXD032976.exit	python src/main.py --pxd PXD032976 --config configs/config.yaml --no-download --nproc 1 --verbose
PXD033004	3170768	/home/ians/git_repos/xHAMLET/logs/stage5_sdrf/run/PXD033004.log	/home/ians/git_repos/xHAMLET/logs/stage5_sdrf/status/PXD033004.exit	python src/main.py --pxd PXD033004 --config configs/config.yaml --no-download --nproc 1 --verbose
PXD033008	3170905	/home/ians/git_repos/xHAMLET/logs/stage5_sdrf/run/PXD033008.log	/home/ians/git_repos/xHAMLET/logs/stage5_sdrf/status/PXD033008.exit	python src/main.py --pxd PXD033008 --config configs/config.yaml --no-download --nproc 1 --verbose
PXD033026	3170980	/home/ians/git_repos/xHAMLET/logs/stage5_sdrf/run/PXD033026.log	/home/ians/git_repos/xHAMLET/logs/stage5_sdrf/status/PXD033026.exit	python src/main.py --pxd PXD033026 --config configs/config.yaml --no-download --nproc 1 --verbose
PXD033043	3171054	/home/ians/git_repos/xHAMLET/logs/stage5_sdrf/run/PXD033043.log	/home/ians/git_repos/xHAMLET/logs/stage5_sdrf/status/PXD033043.exit	python src/main.py --pxd PXD033043 --config configs/config.yaml --no-download --nproc 1 --verbose
PXD033044	3171114	/home/ians/git_repos/xHAMLET/logs/stage5_sdrf/run/PXD033044.log	/home/ians/git_repos/xHAMLET/logs/stage5_sdrf/status/PXD033044.exit	python src/main.py --pxd PXD033044 --config configs/config.yaml --no-download --nproc 1 --verbose
PXD033062	3171192	/home/ians/git_repos/xHAMLET/logs/stage5_sdrf/run/PXD033062.log	/home/ians/git_repos/xHAMLET/logs/stage5_sdrf/status/PXD033062.exit	python src/main.py --pxd PXD033062 --config configs/config.yaml --no-download --nproc 1 --verbose
PXD033063	3171332	/home/ians/git_repos/xHAMLET/logs/stage5_sdrf/run/PXD033063.log	/home/ians/git_repos/xHAMLET/logs/stage5_sdrf/status/PXD033063.exit	python src/main.py --pxd PXD033063 --config configs/config.yaml --no-download --nproc 1 --verbose
PXD033066	3171378	/home/ians/git_repos/xHAMLET/logs/stage5_sdrf/run/PXD033066.log	/home/ians/git_repos/xHAMLET/logs/stage5_sdrf/status/PXD033066.exit	python src/main.py --pxd PXD033066 --config configs/config.yaml --no-download --nproc 1 --verbose
PXD033067	3171523	/home/ians/git_repos/xHAMLET/logs/stage5_sdrf/run/PXD033067.log	/home/ians/git_repos/xHAMLET/logs/stage5_sdrf/status/PXD033067.exit	python src/main.py --pxd PXD033067 --config configs/config.yaml --no-download --nproc 1 --verbose
PXD033107	3171572	/home/ians/git_repos/xHAMLET/logs/stage5_sdrf/run/PXD033107.log	/home/ians/git_repos/xHAMLET/logs/stage5_sdrf/status/PXD033107.exit	python src/main.py --pxd PXD033107 --config configs/config.yaml --no-download --nproc 1 --verbose
PXD033167	3171737	/home/ians/git_repos/xHAMLET/logs/stage5_sdrf/run/PXD033167.log	/home/ians/git_repos/xHAMLET/logs/stage5_sdrf/status/PXD033167.exit	python src/main.py --pxd PXD033167 --config configs/config.yaml --no-download --nproc 1 --verbose
PXD033175	3171767	/home/ians/git_repos/xHAMLET/logs/stage5_sdrf/run/PXD033175.log	/home/ians/git_repos/xHAMLET/logs/stage5_sdrf/status/PXD033175.exit	python src/main.py --pxd PXD033175 --config configs/config.yaml --no-download --nproc 1 --verbose
PXD033181	3171834	/home/ians/git_repos/xHAMLET/logs/stage5_sdrf/run/PXD033181.log	/home/ians/git_repos/xHAMLET/logs/stage5_sdrf/status/PXD033181.exit	python src/main.py --pxd PXD033181 --config configs/config.yaml --no-download --nproc 1 --verbose
PXD033205	3171844	/home/ians/git_repos/xHAMLET/logs/stage5_sdrf/run/PXD033205.log	/home/ians/git_repos/xHAMLET/logs/stage5_sdrf/status/PXD033205.exit	python src/main.py --pxd PXD033205 --config configs/config.yaml --no-download --nproc 1 --verbose
PXD033244	3171866	/home/ians/git_repos/xHAMLET/logs/stage5_sdrf/run/PXD033244.log	/home/ians/git_repos/xHAMLET/logs/stage5_sdrf/status/PXD033244.exit	python src/main.py --pxd PXD033244 --config configs/config.yaml --no-download --nproc 1 --verbose
PXD033391	3171986	/home/ians/git_repos/xHAMLET/logs/stage5_sdrf/run/PXD033391.log	/home/ians/git_repos/xHAMLET/logs/stage5_sdrf/status/PXD033391.exit	python src/main.py --pxd PXD033391 --config configs/config.yaml --no-download --nproc 1 --verbose
PXD033409	3172017	/home/ians/git_repos/xHAMLET/logs/stage5_sdrf/run/PXD033409.log	/home/ians/git_repos/xHAMLET/logs/stage5_sdrf/status/PXD033409.exit	python src/main.py --pxd PXD033409 --config configs/config.yaml --no-download --nproc 1 --verbose
PXD033446	3172093	/home/ians/git_repos/xHAMLET/logs/stage5_sdrf/run/PXD033446.log	/home/ians/git_repos/xHAMLET/logs/stage5_sdrf/status/PXD033446.exit	python src/main.py --pxd PXD033446 --config configs/config.yaml --no-download --nproc 1 --verbose
PXD033452	3172113	/home/ians/git_repos/xHAMLET/logs/stage5_sdrf/run/PXD033452.log	/home/ians/git_repos/xHAMLET/logs/stage5_sdrf/status/PXD033452.exit	python src/main.py --pxd PXD033452 --config configs/config.yaml --no-download --nproc 1 --verbose
PXD033466	3172123	/home/ians/git_repos/xHAMLET/logs/stage5_sdrf/run/PXD033466.log	/home/ians/git_repos/xHAMLET/logs/stage5_sdrf/status/PXD033466.exit	python src/main.py --pxd PXD033466 --config configs/config.yaml --no-download --nproc 1 --verbose
PXD033593	3172167	/home/ians/git_repos/xHAMLET/logs/stage5_sdrf/run/PXD033593.log	/home/ians/git_repos/xHAMLET/logs/stage5_sdrf/status/PXD033593.exit	python src/main.py --pxd PXD033593 --config configs/config.yaml --no-download --nproc 1 --verbose
PXD033633	3172205	/home/ians/git_repos/xHAMLET/logs/stage5_sdrf/run/PXD033633.log	/home/ians/git_repos/xHAMLET/logs/stage5_sdrf/status/PXD033633.exit	python src/main.py --pxd PXD033633 --config configs/config.yaml --no-download --nproc 1 --verbose
PXD033764	3172255	/home/ians/git_repos/xHAMLET/logs/stage5_sdrf/run/PXD033764.log	/home/ians/git_repos/xHAMLET/logs/stage5_sdrf/status/PXD033764.exit	python src/main.py --pxd PXD033764 --config configs/config.yaml --no-download --nproc 1 --verbose
PXD033846	3172368	/home/ians/git_repos/xHAMLET/logs/stage5_sdrf/run/PXD033846.log	/home/ians/git_repos/xHAMLET/logs/stage5_sdrf/status/PXD033846.exit	python src/main.py --pxd PXD033846 --config configs/config.yaml --no-download --nproc 1 --verbose
PXD033959	3172397	/home/ians/git_repos/xHAMLET/logs/stage5_sdrf/run/PXD033959.log	/home/ians/git_repos/xHAMLET/logs/stage5_sdrf/status/PXD033959.exit	python src/main.py --pxd PXD033959 --config configs/config.yaml --no-download --nproc 1 --verbose
PXD033960	3172428	/home/ians/git_repos/xHAMLET/logs/stage5_sdrf/run/PXD033960.log	/home/ians/git_repos/xHAMLET/logs/stage5_sdrf/status/PXD033960.exit	python src/main.py --pxd PXD033960 --config configs/config.yaml --no-download --nproc 1 --verbose
PXD034054	3172517	/home/ians/git_repos/xHAMLET/logs/stage5_sdrf/run/PXD034054.log	/home/ians/git_repos/xHAMLET/logs/stage5_sdrf/status/PXD034054.exit	python src/main.py --pxd PXD034054 --config configs/config.yaml --no-download --nproc 1 --verbose
PXD034115	3172841	/home/ians/git_repos/xHAMLET/logs/stage5_sdrf/run/PXD034115.log	/home/ians/git_repos/xHAMLET/logs/stage5_sdrf/status/PXD034115.exit	python src/main.py --pxd PXD034115 --config configs/config.yaml --no-download --nproc 1 --verbose
PXD034118	3172924	/home/ians/git_repos/xHAMLET/logs/stage5_sdrf/run/PXD034118.log	/home/ians/git_repos/xHAMLET/logs/stage5_sdrf/status/PXD034118.exit	python src/main.py --pxd PXD034118 --config configs/config.yaml --no-download --nproc 1 --verbose
PXD034163	3172968	/home/ians/git_repos/xHAMLET/logs/stage5_sdrf/run/PXD034163.log	/home/ians/git_repos/xHAMLET/logs/stage5_sdrf/status/PXD034163.exit	python src/main.py --pxd PXD034163 --config configs/config.yaml --no-download --nproc 1 --verbose
PXD034217	3173118	/home/ians/git_repos/xHAMLET/logs/stage5_sdrf/run/PXD034217.log	/home/ians/git_repos/xHAMLET/logs/stage5_sdrf/status/PXD034217.exit	python src/main.py --pxd PXD034217 --config configs/config.yaml --no-download --nproc 1 --verbose
PXD034241	3173201	/home/ians/git_repos/xHAMLET/logs/stage5_sdrf/run/PXD034241.log	/home/ians/git_repos/xHAMLET/logs/stage5_sdrf/status/PXD034241.exit	python src/main.py --pxd PXD034241 --config configs/config.yaml --no-download --nproc 1 --verbose
PXD034393	3173246	/home/ians/git_repos/xHAMLET/logs/stage5_sdrf/run/PXD034393.log	/home/ians/git_repos/xHAMLET/logs/stage5_sdrf/status/PXD034393.exit	python src/main.py --pxd PXD034393 --config configs/config.yaml --no-download --nproc 1 --verbose
PXD034475	3173408	/home/ians/git_repos/xHAMLET/logs/stage5_sdrf/run/PXD034475.log	/home/ians/git_repos/xHAMLET/logs/stage5_sdrf/status/PXD034475.exit	python src/main.py --pxd PXD034475 --config configs/config.yaml --no-download --nproc 1 --verbose
PXD034529	3173418	/home/ians/git_repos/xHAMLET/logs/stage5_sdrf/run/PXD034529.log	/home/ians/git_repos/xHAMLET/logs/stage5_sdrf/status/PXD034529.exit	python src/main.py --pxd PXD034529 --config configs/config.yaml --no-download --nproc 1 --verbose
PXD034627	3173507	/home/ians/git_repos/xHAMLET/logs/stage5_sdrf/run/PXD034627.log	/home/ians/git_repos/xHAMLET/logs/stage5_sdrf/status/PXD034627.exit	python src/main.py --pxd PXD034627 --config configs/config.yaml --no-download --nproc 1 --verbose
PXD034639	3173621	/home/ians/git_repos/xHAMLET/logs/stage5_sdrf/run/PXD034639.log	/home/ians/git_repos/xHAMLET/logs/stage5_sdrf/status/PXD034639.exit	python src/main.py --pxd PXD034639 --config configs/config.yaml --no-download --nproc 1 --verbose
PXD034796	3173685	/home/ians/git_repos/xHAMLET/logs/stage5_sdrf/run/PXD034796.log	/home/ians/git_repos/xHAMLET/logs/stage5_sdrf/status/PXD034796.exit	python src/main.py --pxd PXD034796 --config configs/config.yaml --no-download --nproc 1 --verbose
PXD034874	3173695	/home/ians/git_repos/xHAMLET/logs/stage5_sdrf/run/PXD034874.log	/home/ians/git_repos/xHAMLET/logs/stage5_sdrf/status/PXD034874.exit	python src/main.py --pxd PXD034874 --config configs/config.yaml --no-download --nproc 1 --verbose
PXD034894	3173801	/home/ians/git_repos/xHAMLET/logs/stage5_sdrf/run/PXD034894.log	/home/ians/git_repos/xHAMLET/logs/stage5_sdrf/status/PXD034894.exit	python src/main.py --pxd PXD034894 --config configs/config.yaml --no-download --nproc 1 --verbose
PXD034965	3173905	/home/ians/git_repos/xHAMLET/logs/stage5_sdrf/run/PXD034965.log	/home/ians/git_repos/xHAMLET/logs/stage5_sdrf/status/PXD034965.exit	python src/main.py --pxd PXD034965 --config configs/config.yaml --no-download --nproc 1 --verbose
PXD035001	3173915	/home/ians/git_repos/xHAMLET/logs/stage5_sdrf/run/PXD035001.log	/home/ians/git_repos/xHAMLET/logs/stage5_sdrf/status/PXD035001.exit	python src/main.py --pxd PXD035001 --config configs/config.yaml --no-download --nproc 1 --verbose
PXD035151	3174023	/home/ians/git_repos/xHAMLET/logs/stage5_sdrf/run/PXD035151.log	/home/ians/git_repos/xHAMLET/logs/stage5_sdrf/status/PXD035151.exit	python src/main.py --pxd PXD035151 --config configs/config.yaml --no-download --nproc 1 --verbose
PXD035153	3174077	/home/ians/git_repos/xHAMLET/logs/stage5_sdrf/run/PXD035153.log	/home/ians/git_repos/xHAMLET/logs/stage5_sdrf/status/PXD035153.exit	python src/main.py --pxd PXD035153 --config configs/config.yaml --no-download --nproc 1 --verbose
PXD035201	3174123	/home/ians/git_repos/xHAMLET/logs/stage5_sdrf/run/PXD035201.log	/home/ians/git_repos/xHAMLET/logs/stage5_sdrf/status/PXD035201.exit	python src/main.py --pxd PXD035201 --config configs/config.yaml --no-download --nproc 1 --verbose
PXD035265	3174414	/home/ians/git_repos/xHAMLET/logs/stage5_sdrf/run/PXD035265.log	/home/ians/git_repos/xHAMLET/logs/stage5_sdrf/status/PXD035265.exit	python src/main.py --pxd PXD035265 --config configs/config.yaml --no-download --nproc 1 --verbose
PXD035404	3174517	/home/ians/git_repos/xHAMLET/logs/stage5_sdrf/run/PXD035404.log	/home/ians/git_repos/xHAMLET/logs/stage5_sdrf/status/PXD035404.exit	python src/main.py --pxd PXD035404 --config configs/config.yaml --no-download --nproc 1 --verbose
PXD035433	3174694	/home/ians/git_repos/xHAMLET/logs/stage5_sdrf/run/PXD035433.log	/home/ians/git_repos/xHAMLET/logs/stage5_sdrf/status/PXD035433.exit	python src/main.py --pxd PXD035433 --config configs/config.yaml --no-download --nproc 1 --verbose
PXD035452	3174744	/home/ians/git_repos/xHAMLET/logs/stage5_sdrf/run/PXD035452.log	/home/ians/git_repos/xHAMLET/logs/stage5_sdrf/status/PXD035452.exit	python src/main.py --pxd PXD035452 --config configs/config.yaml --no-download --nproc 1 --verbose
PXD035589	3174765	/home/ians/git_repos/xHAMLET/logs/stage5_sdrf/run/PXD035589.log	/home/ians/git_repos/xHAMLET/logs/stage5_sdrf/status/PXD035589.exit	python src/main.py --pxd PXD035589 --config configs/config.yaml --no-download --nproc 1 --verbose
PXD035591	3174825	/home/ians/git_repos/xHAMLET/logs/stage5_sdrf/run/PXD035591.log	/home/ians/git_repos/xHAMLET/logs/stage5_sdrf/status/PXD035591.exit	python src/main.py --pxd PXD035591 --config configs/config.yaml --no-download --nproc 1 --verbose
PXD035622	3174891	/home/ians/git_repos/xHAMLET/logs/stage5_sdrf/run/PXD035622.log	/home/ians/git_repos/xHAMLET/logs/stage5_sdrf/status/PXD035622.exit	python src/main.py --pxd PXD035622 --config configs/config.yaml --no-download --nproc 1 --verbose
PXD035712	3174942	/home/ians/git_repos/xHAMLET/logs/stage5_sdrf/run/PXD035712.log	/home/ians/git_repos/xHAMLET/logs/stage5_sdrf/status/PXD035712.exit	python src/main.py --pxd PXD035712 --config configs/config.yaml --no-download --nproc 1 --verbose
PXD035764	3175008	/home/ians/git_repos/xHAMLET/logs/stage5_sdrf/run/PXD035764.log	/home/ians/git_repos/xHAMLET/logs/stage5_sdrf/status/PXD035764.exit	python src/main.py --pxd PXD035764 --config configs/config.yaml --no-download --nproc 1 --verbose
PXD035801	3175150	/home/ians/git_repos/xHAMLET/logs/stage5_sdrf/run/PXD035801.log	/home/ians/git_repos/xHAMLET/logs/stage5_sdrf/status/PXD035801.exit	python src/main.py --pxd PXD035801 --config configs/config.yaml --no-download --nproc 1 --verbose
PXD035813	3175220	/home/ians/git_repos/xHAMLET/logs/stage5_sdrf/run/PXD035813.log	/home/ians/git_repos/xHAMLET/logs/stage5_sdrf/status/PXD035813.exit	python src/main.py --pxd PXD035813 --config configs/config.yaml --no-download --nproc 1 --verbose
PXD035844	3175230	/home/ians/git_repos/xHAMLET/logs/stage5_sdrf/run/PXD035844.log	/home/ians/git_repos/xHAMLET/logs/stage5_sdrf/status/PXD035844.exit	python src/main.py --pxd PXD035844 --config configs/config.yaml --no-download --nproc 1 --verbose
PXD035916	3175459	/home/ians/git_repos/xHAMLET/logs/stage5_sdrf/run/PXD035916.log	/home/ians/git_repos/xHAMLET/logs/stage5_sdrf/status/PXD035916.exit	python src/main.py --pxd PXD035916 --config configs/config.yaml --no-download --nproc 1 --verbose
PXD035939	3175534	/home/ians/git_repos/xHAMLET/logs/stage5_sdrf/run/PXD035939.log	/home/ians/git_repos/xHAMLET/logs/stage5_sdrf/status/PXD035939.exit	python src/main.py --pxd PXD035939 --config configs/config.yaml --no-download --nproc 1 --verbose
PXD035980	3175703	/home/ians/git_repos/xHAMLET/logs/stage5_sdrf/run/PXD035980.log	/home/ians/git_repos/xHAMLET/logs/stage5_sdrf/status/PXD035980.exit	python src/main.py --pxd PXD035980 --config configs/config.yaml --no-download --nproc 1 --verbose
PXD036113	3175713	/home/ians/git_repos/xHAMLET/logs/stage5_sdrf/run/PXD036113.log	/home/ians/git_repos/xHAMLET/logs/stage5_sdrf/status/PXD036113.exit	python src/main.py --pxd PXD036113 --config configs/config.yaml --no-download --nproc 1 --verbose
PXD036182	3175739	/home/ians/git_repos/xHAMLET/logs/stage5_sdrf/run/PXD036182.log	/home/ians/git_repos/xHAMLET/logs/stage5_sdrf/status/PXD036182.exit	python src/main.py --pxd PXD036182 --config configs/config.yaml --no-download --nproc 1 --verbose
PXD036262	3175799	/home/ians/git_repos/xHAMLET/logs/stage5_sdrf/run/PXD036262.log	/home/ians/git_repos/xHAMLET/logs/stage5_sdrf/status/PXD036262.exit	python src/main.py --pxd PXD036262 --config configs/config.yaml --no-download --nproc 1 --verbose
PXD036463	3175809	/home/ians/git_repos/xHAMLET/logs/stage5_sdrf/run/PXD036463.log	/home/ians/git_repos/xHAMLET/logs/stage5_sdrf/status/PXD036463.exit	python src/main.py --pxd PXD036463 --config configs/config.yaml --no-download --nproc 1 --verbose
PXD036630	3175893	/home/ians/git_repos/xHAMLET/logs/stage5_sdrf/run/PXD036630.log	/home/ians/git_repos/xHAMLET/logs/stage5_sdrf/status/PXD036630.exit	python src/main.py --pxd PXD036630 --config configs/config.yaml --no-download --nproc 1 --verbose
PXD036640	3175903	/home/ians/git_repos/xHAMLET/logs/stage5_sdrf/run/PXD036640.log	/home/ians/git_repos/xHAMLET/logs/stage5_sdrf/status/PXD036640.exit	python src/main.py --pxd PXD036640 --config configs/config.yaml --no-download --nproc 1 --verbose
PXD036649	3176037	/home/ians/git_repos/xHAMLET/logs/stage5_sdrf/run/PXD036649.log	/home/ians/git_repos/xHAMLET/logs/stage5_sdrf/status/PXD036649.exit	python src/main.py --pxd PXD036649 --config configs/config.yaml --no-download --nproc 1 --verbose
PXD036675	3176202	/home/ians/git_repos/xHAMLET/logs/stage5_sdrf/run/PXD036675.log	/home/ians/git_repos/xHAMLET/logs/stage5_sdrf/status/PXD036675.exit	python src/main.py --pxd PXD036675 --config configs/config.yaml --no-download --nproc 1 --verbose
PXD036744	3176212	/home/ians/git_repos/xHAMLET/logs/stage5_sdrf/run/PXD036744.log	/home/ians/git_repos/xHAMLET/logs/stage5_sdrf/status/PXD036744.exit	python src/main.py --pxd PXD036744 --config configs/config.yaml --no-download --nproc 1 --verbose
PXD036884	3176290	/home/ians/git_repos/xHAMLET/logs/stage5_sdrf/run/PXD036884.log	/home/ians/git_repos/xHAMLET/logs/stage5_sdrf/status/PXD036884.exit	python src/main.py --pxd PXD036884 --config configs/config.yaml --no-download --nproc 1 --verbose
PXD037030	3176393	/home/ians/git_repos/xHAMLET/logs/stage5_sdrf/run/PXD037030.log	/home/ians/git_repos/xHAMLET/logs/stage5_sdrf/status/PXD037030.exit	python src/main.py --pxd PXD037030 --config configs/config.yaml --no-download --nproc 1 --verbose
PXD037183	3176503	/home/ians/git_repos/xHAMLET/logs/stage5_sdrf/run/PXD037183.log	/home/ians/git_repos/xHAMLET/logs/stage5_sdrf/status/PXD037183.exit	python src/main.py --pxd PXD037183 --config configs/config.yaml --no-download --nproc 1 --verbose
PXD037432	3176567	/home/ians/git_repos/xHAMLET/logs/stage5_sdrf/run/PXD037432.log	/home/ians/git_repos/xHAMLET/logs/stage5_sdrf/status/PXD037432.exit	python src/main.py --pxd PXD037432 --config configs/config.yaml --no-download --nproc 1 --verbose
PXD037438	3176687	/home/ians/git_repos/xHAMLET/logs/stage5_sdrf/run/PXD037438.log	/home/ians/git_repos/xHAMLET/logs/stage5_sdrf/status/PXD037438.exit	python src/main.py --pxd PXD037438 --config configs/config.yaml --no-download --nproc 1 --verbose
PXD037443	3176776	/home/ians/git_repos/xHAMLET/logs/stage5_sdrf/run/PXD037443.log	/home/ians/git_repos/xHAMLET/logs/stage5_sdrf/status/PXD037443.exit	python src/main.py --pxd PXD037443 --config configs/config.yaml --no-download --nproc 1 --verbose
PXD037492	3177030	/home/ians/git_repos/xHAMLET/logs/stage5_sdrf/run/PXD037492.log	/home/ians/git_repos/xHAMLET/logs/stage5_sdrf/status/PXD037492.exit	python src/main.py --pxd PXD037492 --config configs/config.yaml --no-download --nproc 1 --verbose
PXD037493	3177061	/home/ians/git_repos/xHAMLET/logs/stage5_sdrf/run/PXD037493.log	/home/ians/git_repos/xHAMLET/logs/stage5_sdrf/status/PXD037493.exit	python src/main.py --pxd PXD037493 --config configs/config.yaml --no-download --nproc 1 --verbose
PXD037569	3177133	/home/ians/git_repos/xHAMLET/logs/stage5_sdrf/run/PXD037569.log	/home/ians/git_repos/xHAMLET/logs/stage5_sdrf/status/PXD037569.exit	python src/main.py --pxd PXD037569 --config configs/config.yaml --no-download --nproc 1 --verbose
PXD037652	3177257	/home/ians/git_repos/xHAMLET/logs/stage5_sdrf/run/PXD037652.log	/home/ians/git_repos/xHAMLET/logs/stage5_sdrf/status/PXD037652.exit	python src/main.py --pxd PXD037652 --config configs/config.yaml --no-download --nproc 1 --verbose
PXD037678	3177311	/home/ians/git_repos/xHAMLET/logs/stage5_sdrf/run/PXD037678.log	/home/ians/git_repos/xHAMLET/logs/stage5_sdrf/status/PXD037678.exit	python src/main.py --pxd PXD037678 --config configs/config.yaml --no-download --nproc 1 --verbose
PXD037701	3177321	/home/ians/git_repos/xHAMLET/logs/stage5_sdrf/run/PXD037701.log	/home/ians/git_repos/xHAMLET/logs/stage5_sdrf/status/PXD037701.exit	python src/main.py --pxd PXD037701 --config configs/config.yaml --no-download --nproc 1 --verbose
PXD037703	3177371	/home/ians/git_repos/xHAMLET/logs/stage5_sdrf/run/PXD037703.log	/home/ians/git_repos/xHAMLET/logs/stage5_sdrf/status/PXD037703.exit	python src/main.py --pxd PXD037703 --config configs/config.yaml --no-download --nproc 1 --verbose
PXD037729	3177409	/home/ians/git_repos/xHAMLET/logs/stage5_sdrf/run/PXD037729.log	/home/ians/git_repos/xHAMLET/logs/stage5_sdrf/status/PXD037729.exit	python src/main.py --pxd PXD037729 --config configs/config.yaml --no-download --nproc 1 --verbose
PXD037894	3177456	/home/ians/git_repos/xHAMLET/logs/stage5_sdrf/run/PXD037894.log	/home/ians/git_repos/xHAMLET/logs/stage5_sdrf/status/PXD037894.exit	python src/main.py --pxd PXD037894 --config configs/config.yaml --no-download --nproc 1 --verbose
PXD038018	3177532	/home/ians/git_repos/xHAMLET/logs/stage5_sdrf/run/PXD038018.log	/home/ians/git_repos/xHAMLET/logs/stage5_sdrf/status/PXD038018.exit	python src/main.py --pxd PXD038018 --config configs/config.yaml --no-download --nproc 1 --verbose
PXD038067	3177558	/home/ians/git_repos/xHAMLET/logs/stage5_sdrf/run/PXD038067.log	/home/ians/git_repos/xHAMLET/logs/stage5_sdrf/status/PXD038067.exit	python src/main.py --pxd PXD038067 --config configs/config.yaml --no-download --nproc 1 --verbose
PXD038234	3177794	/home/ians/git_repos/xHAMLET/logs/stage5_sdrf/run/PXD038234.log	/home/ians/git_repos/xHAMLET/logs/stage5_sdrf/status/PXD038234.exit	python src/main.py --pxd PXD038234 --config configs/config.yaml --no-download --nproc 1 --verbose
PXD038286	3177880	/home/ians/git_repos/xHAMLET/logs/stage5_sdrf/run/PXD038286.log	/home/ians/git_repos/xHAMLET/logs/stage5_sdrf/status/PXD038286.exit	python src/main.py --pxd PXD038286 --config configs/config.yaml --no-download --nproc 1 --verbose
PXD038327	3177915	/home/ians/git_repos/xHAMLET/logs/stage5_sdrf/run/PXD038327.log	/home/ians/git_repos/xHAMLET/logs/stage5_sdrf/status/PXD038327.exit	python src/main.py --pxd PXD038327 --config configs/config.yaml --no-download --nproc 1 --verbose
PXD038332	3178013	/home/ians/git_repos/xHAMLET/logs/stage5_sdrf/run/PXD038332.log	/home/ians/git_repos/xHAMLET/logs/stage5_sdrf/status/PXD038332.exit	python src/main.py --pxd PXD038332 --config configs/config.yaml --no-download --nproc 1 --verbose
PXD038398	3178023	/home/ians/git_repos/xHAMLET/logs/stage5_sdrf/run/PXD038398.log	/home/ians/git_repos/xHAMLET/logs/stage5_sdrf/status/PXD038398.exit	python src/main.py --pxd PXD038398 --config configs/config.yaml --no-download --nproc 1 --verbose
PXD038487	3178103	/home/ians/git_repos/xHAMLET/logs/stage5_sdrf/run/PXD038487.log	/home/ians/git_repos/xHAMLET/logs/stage5_sdrf/status/PXD038487.exit	python src/main.py --pxd PXD038487 --config configs/config.yaml --no-download --nproc 1 --verbose
PXD038515	3178247	/home/ians/git_repos/xHAMLET/logs/stage5_sdrf/run/PXD038515.log	/home/ians/git_repos/xHAMLET/logs/stage5_sdrf/status/PXD038515.exit	python src/main.py --pxd PXD038515 --config configs/config.yaml --no-download --nproc 1 --verbose
PXD038572	3178277	/home/ians/git_repos/xHAMLET/logs/stage5_sdrf/run/PXD038572.log	/home/ians/git_repos/xHAMLET/logs/stage5_sdrf/status/PXD038572.exit	python src/main.py --pxd PXD038572 --config configs/config.yaml --no-download --nproc 1 --verbose
PXD038583	3178490	/home/ians/git_repos/xHAMLET/logs/stage5_sdrf/run/PXD038583.log	/home/ians/git_repos/xHAMLET/logs/stage5_sdrf/status/PXD038583.exit	python src/main.py --pxd PXD038583 --config configs/config.yaml --no-download --nproc 1 --verbose
PXD038615	3178606	/home/ians/git_repos/xHAMLET/logs/stage5_sdrf/run/PXD038615.log	/home/ians/git_repos/xHAMLET/logs/stage5_sdrf/status/PXD038615.exit	python src/main.py --pxd PXD038615 --config configs/config.yaml --no-download --nproc 1 --verbose
PXD038629	3178692	/home/ians/git_repos/xHAMLET/logs/stage5_sdrf/run/PXD038629.log	/home/ians/git_repos/xHAMLET/logs/stage5_sdrf/status/PXD038629.exit	python src/main.py --pxd PXD038629 --config configs/config.yaml --no-download --nproc 1 --verbose
PXD038640	3178787	/home/ians/git_repos/xHAMLET/logs/stage5_sdrf/run/PXD038640.log	/home/ians/git_repos/xHAMLET/logs/stage5_sdrf/status/PXD038640.exit	python src/main.py --pxd PXD038640 --config configs/config.yaml --no-download --nproc 1 --verbose
PXD038658	3178819	/home/ians/git_repos/xHAMLET/logs/stage5_sdrf/run/PXD038658.log	/home/ians/git_repos/xHAMLET/logs/stage5_sdrf/status/PXD038658.exit	python src/main.py --pxd PXD038658 --config configs/config.yaml --no-download --nproc 1 --verbose
PXD039008	3178918	/home/ians/git_repos/xHAMLET/logs/stage5_sdrf/run/PXD039008.log	/home/ians/git_repos/xHAMLET/logs/stage5_sdrf/status/PXD039008.exit	python src/main.py --pxd PXD039008 --config configs/config.yaml --no-download --nproc 1 --verbose
PXD039010	3179020	/home/ians/git_repos/xHAMLET/logs/stage5_sdrf/run/PXD039010.log	/home/ians/git_repos/xHAMLET/logs/stage5_sdrf/status/PXD039010.exit	python src/main.py --pxd PXD039010 --config configs/config.yaml --no-download --nproc 1 --verbose
PXD039068	3179060	/home/ians/git_repos/xHAMLET/logs/stage5_sdrf/run/PXD039068.log	/home/ians/git_repos/xHAMLET/logs/stage5_sdrf/status/PXD039068.exit	python src/main.py --pxd PXD039068 --config configs/config.yaml --no-download --nproc 1 --verbose
PXD039125	3179247	/home/ians/git_repos/xHAMLET/logs/stage5_sdrf/run/PXD039125.log	/home/ians/git_repos/xHAMLET/logs/stage5_sdrf/status/PXD039125.exit	python src/main.py --pxd PXD039125 --config configs/config.yaml --no-download --nproc 1 --verbose
PXD039289	3179257	/home/ians/git_repos/xHAMLET/logs/stage5_sdrf/run/PXD039289.log	/home/ians/git_repos/xHAMLET/logs/stage5_sdrf/status/PXD039289.exit	python src/main.py --pxd PXD039289 --config configs/config.yaml --no-download --nproc 1 --verbose
PXD039401	3179267	/home/ians/git_repos/xHAMLET/logs/stage5_sdrf/run/PXD039401.log	/home/ians/git_repos/xHAMLET/logs/stage5_sdrf/status/PXD039401.exit	python src/main.py --pxd PXD039401 --config configs/config.yaml --no-download --nproc 1 --verbose
PXD039467	3179357	/home/ians/git_repos/xHAMLET/logs/stage5_sdrf/run/PXD039467.log	/home/ians/git_repos/xHAMLET/logs/stage5_sdrf/status/PXD039467.exit	python src/main.py --pxd PXD039467 --config configs/config.yaml --no-download --nproc 1 --verbose
PXD039473	3179378	/home/ians/git_repos/xHAMLET/logs/stage5_sdrf/run/PXD039473.log	/home/ians/git_repos/xHAMLET/logs/stage5_sdrf/status/PXD039473.exit	python src/main.py --pxd PXD039473 --config configs/config.yaml --no-download --nproc 1 --verbose
PXD039589	3179768	/home/ians/git_repos/xHAMLET/logs/stage5_sdrf/run/PXD039589.log	/home/ians/git_repos/xHAMLET/logs/stage5_sdrf/status/PXD039589.exit	python src/main.py --pxd PXD039589 --config configs/config.yaml --no-download --nproc 1 --verbose
PXD039606	3179872	/home/ians/git_repos/xHAMLET/logs/stage5_sdrf/run/PXD039606.log	/home/ians/git_repos/xHAMLET/logs/stage5_sdrf/status/PXD039606.exit	python src/main.py --pxd PXD039606 --config configs/config.yaml --no-download --nproc 1 --verbose
PXD039612	3179907	/home/ians/git_repos/xHAMLET/logs/stage5_sdrf/run/PXD039612.log	/home/ians/git_repos/xHAMLET/logs/stage5_sdrf/status/PXD039612.exit	python src/main.py --pxd PXD039612 --config configs/config.yaml --no-download --nproc 1 --verbose
PXD039626	3179947	/home/ians/git_repos/xHAMLET/logs/stage5_sdrf/run/PXD039626.log	/home/ians/git_repos/xHAMLET/logs/stage5_sdrf/status/PXD039626.exit	python src/main.py --pxd PXD039626 --config configs/config.yaml --no-download --nproc 1 --verbose
PXD039694	3179962	/home/ians/git_repos/xHAMLET/logs/stage5_sdrf/run/PXD039694.log	/home/ians/git_repos/xHAMLET/logs/stage5_sdrf/status/PXD039694.exit	python src/main.py --pxd PXD039694 --config configs/config.yaml --no-download --nproc 1 --verbose
PXD039717	3180005	/home/ians/git_repos/xHAMLET/logs/stage5_sdrf/run/PXD039717.log	/home/ians/git_repos/xHAMLET/logs/stage5_sdrf/status/PXD039717.exit	python src/main.py --pxd PXD039717 --config configs/config.yaml --no-download --nproc 1 --verbose
PXD039754	3180151	/home/ians/git_repos/xHAMLET/logs/stage5_sdrf/run/PXD039754.log	/home/ians/git_repos/xHAMLET/logs/stage5_sdrf/status/PXD039754.exit	python src/main.py --pxd PXD039754 --config configs/config.yaml --no-download --nproc 1 --verbose
PXD039780	3180161	/home/ians/git_repos/xHAMLET/logs/stage5_sdrf/run/PXD039780.log	/home/ians/git_repos/xHAMLET/logs/stage5_sdrf/status/PXD039780.exit	python src/main.py --pxd PXD039780 --config configs/config.yaml --no-download --nproc 1 --verbose
PXD039864	3180171	/home/ians/git_repos/xHAMLET/logs/stage5_sdrf/run/PXD039864.log	/home/ians/git_repos/xHAMLET/logs/stage5_sdrf/status/PXD039864.exit	python src/main.py --pxd PXD039864 --config configs/config.yaml --no-download --nproc 1 --verbose
PXD039939	3180234	/home/ians/git_repos/xHAMLET/logs/stage5_sdrf/run/PXD039939.log	/home/ians/git_repos/xHAMLET/logs/stage5_sdrf/status/PXD039939.exit	python src/main.py --pxd PXD039939 --config configs/config.yaml --no-download --nproc 1 --verbose
PXD039983	3180277	/home/ians/git_repos/xHAMLET/logs/stage5_sdrf/run/PXD039983.log	/home/ians/git_repos/xHAMLET/logs/stage5_sdrf/status/PXD039983.exit	python src/main.py --pxd PXD039983 --config configs/config.yaml --no-download --nproc 1 --verbose
PXD039985	3180287	/home/ians/git_repos/xHAMLET/logs/stage5_sdrf/run/PXD039985.log	/home/ians/git_repos/xHAMLET/logs/stage5_sdrf/status/PXD039985.exit	python src/main.py --pxd PXD039985 --config configs/config.yaml --no-download --nproc 1 --verbose
PXD039986	3180318	/home/ians/git_repos/xHAMLET/logs/stage5_sdrf/run/PXD039986.log	/home/ians/git_repos/xHAMLET/logs/stage5_sdrf/status/PXD039986.exit	python src/main.py --pxd PXD039986 --config configs/config.yaml --no-download --nproc 1 --verbose
PXD040000	3180327	/home/ians/git_repos/xHAMLET/logs/stage5_sdrf/run/PXD040000.log	/home/ians/git_repos/xHAMLET/logs/stage5_sdrf/status/PXD040000.exit	python src/main.py --pxd PXD040000 --config configs/config.yaml --no-download --nproc 1 --verbose
PXD040144	3180467	/home/ians/git_repos/xHAMLET/logs/stage5_sdrf/run/PXD040144.log	/home/ians/git_repos/xHAMLET/logs/stage5_sdrf/status/PXD040144.exit	python src/main.py --pxd PXD040144 --config configs/config.yaml --no-download --nproc 1 --verbose
PXD040156	3180706	/home/ians/git_repos/xHAMLET/logs/stage5_sdrf/run/PXD040156.log	/home/ians/git_repos/xHAMLET/logs/stage5_sdrf/status/PXD040156.exit	python src/main.py --pxd PXD040156 --config configs/config.yaml --no-download --nproc 1 --verbose
PXD040262	3180738	/home/ians/git_repos/xHAMLET/logs/stage5_sdrf/run/PXD040262.log	/home/ians/git_repos/xHAMLET/logs/stage5_sdrf/status/PXD040262.exit	python src/main.py --pxd PXD040262 --config configs/config.yaml --no-download --nproc 1 --verbose
PXD040267	3180748	/home/ians/git_repos/xHAMLET/logs/stage5_sdrf/run/PXD040267.log	/home/ians/git_repos/xHAMLET/logs/stage5_sdrf/status/PXD040267.exit	python src/main.py --pxd PXD040267 --config configs/config.yaml --no-download --nproc 1 --verbose
PXD040310	3180830	/home/ians/git_repos/xHAMLET/logs/stage5_sdrf/run/PXD040310.log	/home/ians/git_repos/xHAMLET/logs/stage5_sdrf/status/PXD040310.exit	python src/main.py --pxd PXD040310 --config configs/config.yaml --no-download --nproc 1 --verbose
PXD040337	3181088	/home/ians/git_repos/xHAMLET/logs/stage5_sdrf/run/PXD040337.log	/home/ians/git_repos/xHAMLET/logs/stage5_sdrf/status/PXD040337.exit	python src/main.py --pxd PXD040337 --config configs/config.yaml --no-download --nproc 1 --verbose
PXD040374	3181302	/home/ians/git_repos/xHAMLET/logs/stage5_sdrf/run/PXD040374.log	/home/ians/git_repos/xHAMLET/logs/stage5_sdrf/status/PXD040374.exit	python src/main.py --pxd PXD040374 --config configs/config.yaml --no-download --nproc 1 --verbose
PXD040392	3181368	/home/ians/git_repos/xHAMLET/logs/stage5_sdrf/run/PXD040392.log	/home/ians/git_repos/xHAMLET/logs/stage5_sdrf/status/PXD040392.exit	python src/main.py --pxd PXD040392 --config configs/config.yaml --no-download --nproc 1 --verbose
PXD040412	3181421	/home/ians/git_repos/xHAMLET/logs/stage5_sdrf/run/PXD040412.log	/home/ians/git_repos/xHAMLET/logs/stage5_sdrf/status/PXD040412.exit	python src/main.py --pxd PXD040412 --config configs/config.yaml --no-download --nproc 1 --verbose
PXD040452	3181495	/home/ians/git_repos/xHAMLET/logs/stage5_sdrf/run/PXD040452.log	/home/ians/git_repos/xHAMLET/logs/stage5_sdrf/status/PXD040452.exit	python src/main.py --pxd PXD040452 --config configs/config.yaml --no-download --nproc 1 --verbose
PXD040547	3181563	/home/ians/git_repos/xHAMLET/logs/stage5_sdrf/run/PXD040547.log	/home/ians/git_repos/xHAMLET/logs/stage5_sdrf/status/PXD040547.exit	python src/main.py --pxd PXD040547 --config configs/config.yaml --no-download --nproc 1 --verbose
PXD040562	3181573	/home/ians/git_repos/xHAMLET/logs/stage5_sdrf/run/PXD040562.log	/home/ians/git_repos/xHAMLET/logs/stage5_sdrf/status/PXD040562.exit	python src/main.py --pxd PXD040562 --config configs/config.yaml --no-download --nproc 1 --verbose
PXD040690	3181666	/home/ians/git_repos/xHAMLET/logs/stage5_sdrf/run/PXD040690.log	/home/ians/git_repos/xHAMLET/logs/stage5_sdrf/status/PXD040690.exit	python src/main.py --pxd PXD040690 --config configs/config.yaml --no-download --nproc 1 --verbose
PXD040705	3181676	/home/ians/git_repos/xHAMLET/logs/stage5_sdrf/run/PXD040705.log	/home/ians/git_repos/xHAMLET/logs/stage5_sdrf/status/PXD040705.exit	python src/main.py --pxd PXD040705 --config configs/config.yaml --no-download --nproc 1 --verbose
PXD040736	3181774	/home/ians/git_repos/xHAMLET/logs/stage5_sdrf/run/PXD040736.log	/home/ians/git_repos/xHAMLET/logs/stage5_sdrf/status/PXD040736.exit	python src/main.py --pxd PXD040736 --config configs/config.yaml --no-download --nproc 1 --verbose
PXD040762	3181942	/home/ians/git_repos/xHAMLET/logs/stage5_sdrf/run/PXD040762.log	/home/ians/git_repos/xHAMLET/logs/stage5_sdrf/status/PXD040762.exit	python src/main.py --pxd PXD040762 --config configs/config.yaml --no-download --nproc 1 --verbose
PXD040864	3182008	/home/ians/git_repos/xHAMLET/logs/stage5_sdrf/run/PXD040864.log	/home/ians/git_repos/xHAMLET/logs/stage5_sdrf/status/PXD040864.exit	python src/main.py --pxd PXD040864 --config configs/config.yaml --no-download --nproc 1 --verbose
PXD040875	3182164	/home/ians/git_repos/xHAMLET/logs/stage5_sdrf/run/PXD040875.log	/home/ians/git_repos/xHAMLET/logs/stage5_sdrf/status/PXD040875.exit	python src/main.py --pxd PXD040875 --config configs/config.yaml --no-download --nproc 1 --verbose
PXD040902	3182267	/home/ians/git_repos/xHAMLET/logs/stage5_sdrf/run/PXD040902.log	/home/ians/git_repos/xHAMLET/logs/stage5_sdrf/status/PXD040902.exit	python src/main.py --pxd PXD040902 --config configs/config.yaml --no-download --nproc 1 --verbose
PXD040939	3182341	/home/ians/git_repos/xHAMLET/logs/stage5_sdrf/run/PXD040939.log	/home/ians/git_repos/xHAMLET/logs/stage5_sdrf/status/PXD040939.exit	python src/main.py --pxd PXD040939 --config configs/config.yaml --no-download --nproc 1 --verbose
PXD040984	3182391	/home/ians/git_repos/xHAMLET/logs/stage5_sdrf/run/PXD040984.log	/home/ians/git_repos/xHAMLET/logs/stage5_sdrf/status/PXD040984.exit	python src/main.py --pxd PXD040984 --config configs/config.yaml --no-download --nproc 1 --verbose
PXD040991	3182446	/home/ians/git_repos/xHAMLET/logs/stage5_sdrf/run/PXD040991.log	/home/ians/git_repos/xHAMLET/logs/stage5_sdrf/status/PXD040991.exit	python src/main.py --pxd PXD040991 --config configs/config.yaml --no-download --nproc 1 --verbose
PXD041011	3182514	/home/ians/git_repos/xHAMLET/logs/stage5_sdrf/run/PXD041011.log	/home/ians/git_repos/xHAMLET/logs/stage5_sdrf/status/PXD041011.exit	python src/main.py --pxd PXD041011 --config configs/config.yaml --no-download --nproc 1 --verbose
PXD041019	3182534	/home/ians/git_repos/xHAMLET/logs/stage5_sdrf/run/PXD041019.log	/home/ians/git_repos/xHAMLET/logs/stage5_sdrf/status/PXD041019.exit	python src/main.py --pxd PXD041019 --config configs/config.yaml --no-download --nproc 1 --verbose
PXD041135	3182714	/home/ians/git_repos/xHAMLET/logs/stage5_sdrf/run/PXD041135.log	/home/ians/git_repos/xHAMLET/logs/stage5_sdrf/status/PXD041135.exit	python src/main.py --pxd PXD041135 --config configs/config.yaml --no-download --nproc 1 --verbose
PXD041148	3182892	/home/ians/git_repos/xHAMLET/logs/stage5_sdrf/run/PXD041148.log	/home/ians/git_repos/xHAMLET/logs/stage5_sdrf/status/PXD041148.exit	python src/main.py --pxd PXD041148 --config configs/config.yaml --no-download --nproc 1 --verbose
PXD041309	3182902	/home/ians/git_repos/xHAMLET/logs/stage5_sdrf/run/PXD041309.log	/home/ians/git_repos/xHAMLET/logs/stage5_sdrf/status/PXD041309.exit	python src/main.py --pxd PXD041309 --config configs/config.yaml --no-download --nproc 1 --verbose
PXD041328	3182932	/home/ians/git_repos/xHAMLET/logs/stage5_sdrf/run/PXD041328.log	/home/ians/git_repos/xHAMLET/logs/stage5_sdrf/status/PXD041328.exit	python src/main.py --pxd PXD041328 --config configs/config.yaml --no-download --nproc 1 --verbose
PXD041378	3182967	/home/ians/git_repos/xHAMLET/logs/stage5_sdrf/run/PXD041378.log	/home/ians/git_repos/xHAMLET/logs/stage5_sdrf/status/PXD041378.exit	python src/main.py --pxd PXD041378 --config configs/config.yaml --no-download --nproc 1 --verbose
PXD041438	3183061	/home/ians/git_repos/xHAMLET/logs/stage5_sdrf/run/PXD041438.log	/home/ians/git_repos/xHAMLET/logs/stage5_sdrf/status/PXD041438.exit	python src/main.py --pxd PXD041438 --config configs/config.yaml --no-download --nproc 1 --verbose
PXD041519	3183170	/home/ians/git_repos/xHAMLET/logs/stage5_sdrf/run/PXD041519.log	/home/ians/git_repos/xHAMLET/logs/stage5_sdrf/status/PXD041519.exit	python src/main.py --pxd PXD041519 --config configs/config.yaml --no-download --nproc 1 --verbose
PXD041610	3183251	/home/ians/git_repos/xHAMLET/logs/stage5_sdrf/run/PXD041610.log	/home/ians/git_repos/xHAMLET/logs/stage5_sdrf/status/PXD041610.exit	python src/main.py --pxd PXD041610 --config configs/config.yaml --no-download --nproc 1 --verbose
PXD041684	3183308	/home/ians/git_repos/xHAMLET/logs/stage5_sdrf/run/PXD041684.log	/home/ians/git_repos/xHAMLET/logs/stage5_sdrf/status/PXD041684.exit	python src/main.py --pxd PXD041684 --config configs/config.yaml --no-download --nproc 1 --verbose
PXD041831	3183374	/home/ians/git_repos/xHAMLET/logs/stage5_sdrf/run/PXD041831.log	/home/ians/git_repos/xHAMLET/logs/stage5_sdrf/status/PXD041831.exit	python src/main.py --pxd PXD041831 --config configs/config.yaml --no-download --nproc 1 --verbose
PXD041908	3183512	/home/ians/git_repos/xHAMLET/logs/stage5_sdrf/run/PXD041908.log	/home/ians/git_repos/xHAMLET/logs/stage5_sdrf/status/PXD041908.exit	python src/main.py --pxd PXD041908 --config configs/config.yaml --no-download --nproc 1 --verbose
PXD041943	3183548	/home/ians/git_repos/xHAMLET/logs/stage5_sdrf/run/PXD041943.log	/home/ians/git_repos/xHAMLET/logs/stage5_sdrf/status/PXD041943.exit	python src/main.py --pxd PXD041943 --config configs/config.yaml --no-download --nproc 1 --verbose
PXD041955	3183594	/home/ians/git_repos/xHAMLET/logs/stage5_sdrf/run/PXD041955.log	/home/ians/git_repos/xHAMLET/logs/stage5_sdrf/status/PXD041955.exit	python src/main.py --pxd PXD041955 --config configs/config.yaml --no-download --nproc 1 --verbose
PXD042123	3183713	/home/ians/git_repos/xHAMLET/logs/stage5_sdrf/run/PXD042123.log	/home/ians/git_repos/xHAMLET/logs/stage5_sdrf/status/PXD042123.exit	python src/main.py --pxd PXD042123 --config configs/config.yaml --no-download --nproc 1 --verbose
PXD042173	3183743	/home/ians/git_repos/xHAMLET/logs/stage5_sdrf/run/PXD042173.log	/home/ians/git_repos/xHAMLET/logs/stage5_sdrf/status/PXD042173.exit	python src/main.py --pxd PXD042173 --config configs/config.yaml --no-download --nproc 1 --verbose
PXD042282	3183802	/home/ians/git_repos/xHAMLET/logs/stage5_sdrf/run/PXD042282.log	/home/ians/git_repos/xHAMLET/logs/stage5_sdrf/status/PXD042282.exit	python src/main.py --pxd PXD042282 --config configs/config.yaml --no-download --nproc 1 --verbose
PXD042301	3183812	/home/ians/git_repos/xHAMLET/logs/stage5_sdrf/run/PXD042301.log	/home/ians/git_repos/xHAMLET/logs/stage5_sdrf/status/PXD042301.exit	python src/main.py --pxd PXD042301 --config configs/config.yaml --no-download --nproc 1 --verbose
PXD042302	3183888	/home/ians/git_repos/xHAMLET/logs/stage5_sdrf/run/PXD042302.log	/home/ians/git_repos/xHAMLET/logs/stage5_sdrf/status/PXD042302.exit	python src/main.py --pxd PXD042302 --config configs/config.yaml --no-download --nproc 1 --verbose
PXD042343	3183968	/home/ians/git_repos/xHAMLET/logs/stage5_sdrf/run/PXD042343.log	/home/ians/git_repos/xHAMLET/logs/stage5_sdrf/status/PXD042343.exit	python src/main.py --pxd PXD042343 --config configs/config.yaml --no-download --nproc 1 --verbose
PXD042395	3184004	/home/ians/git_repos/xHAMLET/logs/stage5_sdrf/run/PXD042395.log	/home/ians/git_repos/xHAMLET/logs/stage5_sdrf/status/PXD042395.exit	python src/main.py --pxd PXD042395 --config configs/config.yaml --no-download --nproc 1 --verbose
PXD042501	3184014	/home/ians/git_repos/xHAMLET/logs/stage5_sdrf/run/PXD042501.log	/home/ians/git_repos/xHAMLET/logs/stage5_sdrf/status/PXD042501.exit	python src/main.py --pxd PXD042501 --config configs/config.yaml --no-download --nproc 1 --verbose
PXD042549	3184461	/home/ians/git_repos/xHAMLET/logs/stage5_sdrf/run/PXD042549.log	/home/ians/git_repos/xHAMLET/logs/stage5_sdrf/status/PXD042549.exit	python src/main.py --pxd PXD042549 --config configs/config.yaml --no-download --nproc 1 --verbose
PXD042584	3184470	/home/ians/git_repos/xHAMLET/logs/stage5_sdrf/run/PXD042584.log	/home/ians/git_repos/xHAMLET/logs/stage5_sdrf/status/PXD042584.exit	python src/main.py --pxd PXD042584 --config configs/config.yaml --no-download --nproc 1 --verbose
PXD042599	3184481	/home/ians/git_repos/xHAMLET/logs/stage5_sdrf/run/PXD042599.log	/home/ians/git_repos/xHAMLET/logs/stage5_sdrf/status/PXD042599.exit	python src/main.py --pxd PXD042599 --config configs/config.yaml --no-download --nproc 1 --verbose
PXD042625	3184596	/home/ians/git_repos/xHAMLET/logs/stage5_sdrf/run/PXD042625.log	/home/ians/git_repos/xHAMLET/logs/stage5_sdrf/status/PXD042625.exit	python src/main.py --pxd PXD042625 --config configs/config.yaml --no-download --nproc 1 --verbose
PXD042657	3184673	/home/ians/git_repos/xHAMLET/logs/stage5_sdrf/run/PXD042657.log	/home/ians/git_repos/xHAMLET/logs/stage5_sdrf/status/PXD042657.exit	python src/main.py --pxd PXD042657 --config configs/config.yaml --no-download --nproc 1 --verbose
PXD042673	3184698	/home/ians/git_repos/xHAMLET/logs/stage5_sdrf/run/PXD042673.log	/home/ians/git_repos/xHAMLET/logs/stage5_sdrf/status/PXD042673.exit	python src/main.py --pxd PXD042673 --config configs/config.yaml --no-download --nproc 1 --verbose
PXD042674	3184887	/home/ians/git_repos/xHAMLET/logs/stage5_sdrf/run/PXD042674.log	/home/ians/git_repos/xHAMLET/logs/stage5_sdrf/status/PXD042674.exit	python src/main.py --pxd PXD042674 --config configs/config.yaml --no-download --nproc 1 --verbose
PXD042687	3184897	/home/ians/git_repos/xHAMLET/logs/stage5_sdrf/run/PXD042687.log	/home/ians/git_repos/xHAMLET/logs/stage5_sdrf/status/PXD042687.exit	python src/main.py --pxd PXD042687 --config configs/config.yaml --no-download --nproc 1 --verbose
PXD042691	3184957	/home/ians/git_repos/xHAMLET/logs/stage5_sdrf/run/PXD042691.log	/home/ians/git_repos/xHAMLET/logs/stage5_sdrf/status/PXD042691.exit	python src/main.py --pxd PXD042691 --config configs/config.yaml --no-download --nproc 1 --verbose
PXD042693	3184984	/home/ians/git_repos/xHAMLET/logs/stage5_sdrf/run/PXD042693.log	/home/ians/git_repos/xHAMLET/logs/stage5_sdrf/status/PXD042693.exit	python src/main.py --pxd PXD042693 --config configs/config.yaml --no-download --nproc 1 --verbose
PXD042694	3185059	/home/ians/git_repos/xHAMLET/logs/stage5_sdrf/run/PXD042694.log	/home/ians/git_repos/xHAMLET/logs/stage5_sdrf/status/PXD042694.exit	python src/main.py --pxd PXD042694 --config configs/config.yaml --no-download --nproc 1 --verbose
PXD042697	3185122	/home/ians/git_repos/xHAMLET/logs/stage5_sdrf/run/PXD042697.log	/home/ians/git_repos/xHAMLET/logs/stage5_sdrf/status/PXD042697.exit	python src/main.py --pxd PXD042697 --config configs/config.yaml --no-download --nproc 1 --verbose
PXD042698	3185162	/home/ians/git_repos/xHAMLET/logs/stage5_sdrf/run/PXD042698.log	/home/ians/git_repos/xHAMLET/logs/stage5_sdrf/status/PXD042698.exit	python src/main.py --pxd PXD042698 --config configs/config.yaml --no-download --nproc 1 --verbose
PXD042700	3185172	/home/ians/git_repos/xHAMLET/logs/stage5_sdrf/run/PXD042700.log	/home/ians/git_repos/xHAMLET/logs/stage5_sdrf/status/PXD042700.exit	python src/main.py --pxd PXD042700 --config configs/config.yaml --no-download --nproc 1 --verbose
PXD042702	3185241	/home/ians/git_repos/xHAMLET/logs/stage5_sdrf/run/PXD042702.log	/home/ians/git_repos/xHAMLET/logs/stage5_sdrf/status/PXD042702.exit	python src/main.py --pxd PXD042702 --config configs/config.yaml --no-download --nproc 1 --verbose
PXD042706	3185341	/home/ians/git_repos/xHAMLET/logs/stage5_sdrf/run/PXD042706.log	/home/ians/git_repos/xHAMLET/logs/stage5_sdrf/status/PXD042706.exit	python src/main.py --pxd PXD042706 --config configs/config.yaml --no-download --nproc 1 --verbose
PXD042830	3185535	/home/ians/git_repos/xHAMLET/logs/stage5_sdrf/run/PXD042830.log	/home/ians/git_repos/xHAMLET/logs/stage5_sdrf/status/PXD042830.exit	python src/main.py --pxd PXD042830 --config configs/config.yaml --no-download --nproc 1 --verbose
PXD043041	3185701	/home/ians/git_repos/xHAMLET/logs/stage5_sdrf/run/PXD043041.log	/home/ians/git_repos/xHAMLET/logs/stage5_sdrf/status/PXD043041.exit	python src/main.py --pxd PXD043041 --config configs/config.yaml --no-download --nproc 1 --verbose
PXD043088	3185711	/home/ians/git_repos/xHAMLET/logs/stage5_sdrf/run/PXD043088.log	/home/ians/git_repos/xHAMLET/logs/stage5_sdrf/status/PXD043088.exit	python src/main.py --pxd PXD043088 --config configs/config.yaml --no-download --nproc 1 --verbose
PXD043093	3185889	/home/ians/git_repos/xHAMLET/logs/stage5_sdrf/run/PXD043093.log	/home/ians/git_repos/xHAMLET/logs/stage5_sdrf/status/PXD043093.exit	python src/main.py --pxd PXD043093 --config configs/config.yaml --no-download --nproc 1 --verbose
PXD043245	3185899	/home/ians/git_repos/xHAMLET/logs/stage5_sdrf/run/PXD043245.log	/home/ians/git_repos/xHAMLET/logs/stage5_sdrf/status/PXD043245.exit	python src/main.py --pxd PXD043245 --config configs/config.yaml --no-download --nproc 1 --verbose
PXD043294	3185946	/home/ians/git_repos/xHAMLET/logs/stage5_sdrf/run/PXD043294.log	/home/ians/git_repos/xHAMLET/logs/stage5_sdrf/status/PXD043294.exit	python src/main.py --pxd PXD043294 --config configs/config.yaml --no-download --nproc 1 --verbose
PXD043347	3185973	/home/ians/git_repos/xHAMLET/logs/stage5_sdrf/run/PXD043347.log	/home/ians/git_repos/xHAMLET/logs/stage5_sdrf/status/PXD043347.exit	python src/main.py --pxd PXD043347 --config configs/config.yaml --no-download --nproc 1 --verbose
PXD043531	3185983	/home/ians/git_repos/xHAMLET/logs/stage5_sdrf/run/PXD043531.log	/home/ians/git_repos/xHAMLET/logs/stage5_sdrf/status/PXD043531.exit	python src/main.py --pxd PXD043531 --config configs/config.yaml --no-download --nproc 1 --verbose
PXD043532	3186014	/home/ians/git_repos/xHAMLET/logs/stage5_sdrf/run/PXD043532.log	/home/ians/git_repos/xHAMLET/logs/stage5_sdrf/status/PXD043532.exit	python src/main.py --pxd PXD043532 --config configs/config.yaml --no-download --nproc 1 --verbose
PXD043595	3186024	/home/ians/git_repos/xHAMLET/logs/stage5_sdrf/run/PXD043595.log	/home/ians/git_repos/xHAMLET/logs/stage5_sdrf/status/PXD043595.exit	python src/main.py --pxd PXD043595 --config configs/config.yaml --no-download --nproc 1 --verbose
PXD043732	3186066	/home/ians/git_repos/xHAMLET/logs/stage5_sdrf/run/PXD043732.log	/home/ians/git_repos/xHAMLET/logs/stage5_sdrf/status/PXD043732.exit	python src/main.py --pxd PXD043732 --config configs/config.yaml --no-download --nproc 1 --verbose
PXD043789	3186119	/home/ians/git_repos/xHAMLET/logs/stage5_sdrf/run/PXD043789.log	/home/ians/git_repos/xHAMLET/logs/stage5_sdrf/status/PXD043789.exit	python src/main.py --pxd PXD043789 --config configs/config.yaml --no-download --nproc 1 --verbose
PXD043805	3186167	/home/ians/git_repos/xHAMLET/logs/stage5_sdrf/run/PXD043805.log	/home/ians/git_repos/xHAMLET/logs/stage5_sdrf/status/PXD043805.exit	python src/main.py --pxd PXD043805 --config configs/config.yaml --no-download --nproc 1 --verbose
PXD043900	3186222	/home/ians/git_repos/xHAMLET/logs/stage5_sdrf/run/PXD043900.log	/home/ians/git_repos/xHAMLET/logs/stage5_sdrf/status/PXD043900.exit	python src/main.py --pxd PXD043900 --config configs/config.yaml --no-download --nproc 1 --verbose
PXD043976	3186263	/home/ians/git_repos/xHAMLET/logs/stage5_sdrf/run/PXD043976.log	/home/ians/git_repos/xHAMLET/logs/stage5_sdrf/status/PXD043976.exit	python src/main.py --pxd PXD043976 --config configs/config.yaml --no-download --nproc 1 --verbose
PXD044285	3186273	/home/ians/git_repos/xHAMLET/logs/stage5_sdrf/run/PXD044285.log	/home/ians/git_repos/xHAMLET/logs/stage5_sdrf/status/PXD044285.exit	python src/main.py --pxd PXD044285 --config configs/config.yaml --no-download --nproc 1 --verbose
PXD044289	3186347	/home/ians/git_repos/xHAMLET/logs/stage5_sdrf/run/PXD044289.log	/home/ians/git_repos/xHAMLET/logs/stage5_sdrf/status/PXD044289.exit	python src/main.py --pxd PXD044289 --config configs/config.yaml --no-download --nproc 1 --verbose
PXD044328	3186462	/home/ians/git_repos/xHAMLET/logs/stage5_sdrf/run/PXD044328.log	/home/ians/git_repos/xHAMLET/logs/stage5_sdrf/status/PXD044328.exit	python src/main.py --pxd PXD044328 --config configs/config.yaml --no-download --nproc 1 --verbose
PXD044405	3186529	/home/ians/git_repos/xHAMLET/logs/stage5_sdrf/run/PXD044405.log	/home/ians/git_repos/xHAMLET/logs/stage5_sdrf/status/PXD044405.exit	python src/main.py --pxd PXD044405 --config configs/config.yaml --no-download --nproc 1 --verbose
PXD044574	3187053	/home/ians/git_repos/xHAMLET/logs/stage5_sdrf/run/PXD044574.log	/home/ians/git_repos/xHAMLET/logs/stage5_sdrf/status/PXD044574.exit	python src/main.py --pxd PXD044574 --config configs/config.yaml --no-download --nproc 1 --verbose
PXD044625	3187095	/home/ians/git_repos/xHAMLET/logs/stage5_sdrf/run/PXD044625.log	/home/ians/git_repos/xHAMLET/logs/stage5_sdrf/status/PXD044625.exit	python src/main.py --pxd PXD044625 --config configs/config.yaml --no-download --nproc 1 --verbose
PXD044750	3187274	/home/ians/git_repos/xHAMLET/logs/stage5_sdrf/run/PXD044750.log	/home/ians/git_repos/xHAMLET/logs/stage5_sdrf/status/PXD044750.exit	python src/main.py --pxd PXD044750 --config configs/config.yaml --no-download --nproc 1 --verbose
PXD044827	3187299	/home/ians/git_repos/xHAMLET/logs/stage5_sdrf/run/PXD044827.log	/home/ians/git_repos/xHAMLET/logs/stage5_sdrf/status/PXD044827.exit	python src/main.py --pxd PXD044827 --config configs/config.yaml --no-download --nproc 1 --verbose
PXD044921	3187330	/home/ians/git_repos/xHAMLET/logs/stage5_sdrf/run/PXD044921.log	/home/ians/git_repos/xHAMLET/logs/stage5_sdrf/status/PXD044921.exit	python src/main.py --pxd PXD044921 --config configs/config.yaml --no-download --nproc 1 --verbose
PXD044974	3187425	/home/ians/git_repos/xHAMLET/logs/stage5_sdrf/run/PXD044974.log	/home/ians/git_repos/xHAMLET/logs/stage5_sdrf/status/PXD044974.exit	python src/main.py --pxd PXD044974 --config configs/config.yaml --no-download --nproc 1 --verbose
PXD045071	3187473	/home/ians/git_repos/xHAMLET/logs/stage5_sdrf/run/PXD045071.log	/home/ians/git_repos/xHAMLET/logs/stage5_sdrf/status/PXD045071.exit	python src/main.py --pxd PXD045071 --config configs/config.yaml --no-download --nproc 1 --verbose
PXD045081	3187549	/home/ians/git_repos/xHAMLET/logs/stage5_sdrf/run/PXD045081.log	/home/ians/git_repos/xHAMLET/logs/stage5_sdrf/status/PXD045081.exit	python src/main.py --pxd PXD045081 --config configs/config.yaml --no-download --nproc 1 --verbose
PXD045105	3187559	/home/ians/git_repos/xHAMLET/logs/stage5_sdrf/run/PXD045105.log	/home/ians/git_repos/xHAMLET/logs/stage5_sdrf/status/PXD045105.exit	python src/main.py --pxd PXD045105 --config configs/config.yaml --no-download --nproc 1 --verbose
PXD045482	3187656	/home/ians/git_repos/xHAMLET/logs/stage5_sdrf/run/PXD045482.log	/home/ians/git_repos/xHAMLET/logs/stage5_sdrf/status/PXD045482.exit	python src/main.py --pxd PXD045482 --config configs/config.yaml --no-download --nproc 1 --verbose
PXD045575	3187666	/home/ians/git_repos/xHAMLET/logs/stage5_sdrf/run/PXD045575.log	/home/ians/git_repos/xHAMLET/logs/stage5_sdrf/status/PXD045575.exit	python src/main.py --pxd PXD045575 --config configs/config.yaml --no-download --nproc 1 --verbose
PXD045689	3187803	/home/ians/git_repos/xHAMLET/logs/stage5_sdrf/run/PXD045689.log	/home/ians/git_repos/xHAMLET/logs/stage5_sdrf/status/PXD045689.exit	python src/main.py --pxd PXD045689 --config configs/config.yaml --no-download --nproc 1 --verbose
PXD045791	3187880	/home/ians/git_repos/xHAMLET/logs/stage5_sdrf/run/PXD045791.log	/home/ians/git_repos/xHAMLET/logs/stage5_sdrf/status/PXD045791.exit	python src/main.py --pxd PXD045791 --config configs/config.yaml --no-download --nproc 1 --verbose
PXD045792	3187959	/home/ians/git_repos/xHAMLET/logs/stage5_sdrf/run/PXD045792.log	/home/ians/git_repos/xHAMLET/logs/stage5_sdrf/status/PXD045792.exit	python src/main.py --pxd PXD045792 --config configs/config.yaml --no-download --nproc 1 --verbose
PXD045837	3188022	/home/ians/git_repos/xHAMLET/logs/stage5_sdrf/run/PXD045837.log	/home/ians/git_repos/xHAMLET/logs/stage5_sdrf/status/PXD045837.exit	python src/main.py --pxd PXD045837 --config configs/config.yaml --no-download --nproc 1 --verbose
PXD045846	3188117	/home/ians/git_repos/xHAMLET/logs/stage5_sdrf/run/PXD045846.log	/home/ians/git_repos/xHAMLET/logs/stage5_sdrf/status/PXD045846.exit	python src/main.py --pxd PXD045846 --config configs/config.yaml --no-download --nproc 1 --verbose
PXD045858	3188147	/home/ians/git_repos/xHAMLET/logs/stage5_sdrf/run/PXD045858.log	/home/ians/git_repos/xHAMLET/logs/stage5_sdrf/status/PXD045858.exit	python src/main.py --pxd PXD045858 --config configs/config.yaml --no-download --nproc 1 --verbose
PXD045861	3188270	/home/ians/git_repos/xHAMLET/logs/stage5_sdrf/run/PXD045861.log	/home/ians/git_repos/xHAMLET/logs/stage5_sdrf/status/PXD045861.exit	python src/main.py --pxd PXD045861 --config configs/config.yaml --no-download --nproc 1 --verbose
PXD045987	3188465	/home/ians/git_repos/xHAMLET/logs/stage5_sdrf/run/PXD045987.log	/home/ians/git_repos/xHAMLET/logs/stage5_sdrf/status/PXD045987.exit	python src/main.py --pxd PXD045987 --config configs/config.yaml --no-download --nproc 1 --verbose
PXD046267	3188725	/home/ians/git_repos/xHAMLET/logs/stage5_sdrf/run/PXD046267.log	/home/ians/git_repos/xHAMLET/logs/stage5_sdrf/status/PXD046267.exit	python src/main.py --pxd PXD046267 --config configs/config.yaml --no-download --nproc 1 --verbose
PXD046382	3188735	/home/ians/git_repos/xHAMLET/logs/stage5_sdrf/run/PXD046382.log	/home/ians/git_repos/xHAMLET/logs/stage5_sdrf/status/PXD046382.exit	python src/main.py --pxd PXD046382 --config configs/config.yaml --no-download --nproc 1 --verbose
PXD046385	3188776	/home/ians/git_repos/xHAMLET/logs/stage5_sdrf/run/PXD046385.log	/home/ians/git_repos/xHAMLET/logs/stage5_sdrf/status/PXD046385.exit	python src/main.py --pxd PXD046385 --config configs/config.yaml --no-download --nproc 1 --verbose
PXD046392	3188786	/home/ians/git_repos/xHAMLET/logs/stage5_sdrf/run/PXD046392.log	/home/ians/git_repos/xHAMLET/logs/stage5_sdrf/status/PXD046392.exit	python src/main.py --pxd PXD046392 --config configs/config.yaml --no-download --nproc 1 --verbose
PXD046412	3188937	/home/ians/git_repos/xHAMLET/logs/stage5_sdrf/run/PXD046412.log	/home/ians/git_repos/xHAMLET/logs/stage5_sdrf/status/PXD046412.exit	python src/main.py --pxd PXD046412 --config configs/config.yaml --no-download --nproc 1 --verbose
PXD046413	3189186	/home/ians/git_repos/xHAMLET/logs/stage5_sdrf/run/PXD046413.log	/home/ians/git_repos/xHAMLET/logs/stage5_sdrf/status/PXD046413.exit	python src/main.py --pxd PXD046413 --config configs/config.yaml --no-download --nproc 1 --verbose
PXD046414	3189318	/home/ians/git_repos/xHAMLET/logs/stage5_sdrf/run/PXD046414.log	/home/ians/git_repos/xHAMLET/logs/stage5_sdrf/status/PXD046414.exit	python src/main.py --pxd PXD046414 --config configs/config.yaml --no-download --nproc 1 --verbose
PXD046472	3189365	/home/ians/git_repos/xHAMLET/logs/stage5_sdrf/run/PXD046472.log	/home/ians/git_repos/xHAMLET/logs/stage5_sdrf/status/PXD046472.exit	python src/main.py --pxd PXD046472 --config configs/config.yaml --no-download --nproc 1 --verbose
PXD046634	3189445	/home/ians/git_repos/xHAMLET/logs/stage5_sdrf/run/PXD046634.log	/home/ians/git_repos/xHAMLET/logs/stage5_sdrf/status/PXD046634.exit	python src/main.py --pxd PXD046634 --config configs/config.yaml --no-download --nproc 1 --verbose
PXD046652	3189471	/home/ians/git_repos/xHAMLET/logs/stage5_sdrf/run/PXD046652.log	/home/ians/git_repos/xHAMLET/logs/stage5_sdrf/status/PXD046652.exit	python src/main.py --pxd PXD046652 --config configs/config.yaml --no-download --nproc 1 --verbose
PXD046754	3189512	/home/ians/git_repos/xHAMLET/logs/stage5_sdrf/run/PXD046754.log	/home/ians/git_repos/xHAMLET/logs/stage5_sdrf/status/PXD046754.exit	python src/main.py --pxd PXD046754 --config configs/config.yaml --no-download --nproc 1 --verbose
PXD046895	3189522	/home/ians/git_repos/xHAMLET/logs/stage5_sdrf/run/PXD046895.log	/home/ians/git_repos/xHAMLET/logs/stage5_sdrf/status/PXD046895.exit	python src/main.py --pxd PXD046895 --config configs/config.yaml --no-download --nproc 1 --verbose
PXD046966	3189590	/home/ians/git_repos/xHAMLET/logs/stage5_sdrf/run/PXD046966.log	/home/ians/git_repos/xHAMLET/logs/stage5_sdrf/status/PXD046966.exit	python src/main.py --pxd PXD046966 --config configs/config.yaml --no-download --nproc 1 --verbose
PXD046990	3189732	/home/ians/git_repos/xHAMLET/logs/stage5_sdrf/run/PXD046990.log	/home/ians/git_repos/xHAMLET/logs/stage5_sdrf/status/PXD046990.exit	python src/main.py --pxd PXD046990 --config configs/config.yaml --no-download --nproc 1 --verbose
PXD047023	3189777	/home/ians/git_repos/xHAMLET/logs/stage5_sdrf/run/PXD047023.log	/home/ians/git_repos/xHAMLET/logs/stage5_sdrf/status/PXD047023.exit	python src/main.py --pxd PXD047023 --config configs/config.yaml --no-download --nproc 1 --verbose
PXD047030	3189810	/home/ians/git_repos/xHAMLET/logs/stage5_sdrf/run/PXD047030.log	/home/ians/git_repos/xHAMLET/logs/stage5_sdrf/status/PXD047030.exit	python src/main.py --pxd PXD047030 --config configs/config.yaml --no-download --nproc 1 --verbose
PXD047173	3189885	/home/ians/git_repos/xHAMLET/logs/stage5_sdrf/run/PXD047173.log	/home/ians/git_repos/xHAMLET/logs/stage5_sdrf/status/PXD047173.exit	python src/main.py --pxd PXD047173 --config configs/config.yaml --no-download --nproc 1 --verbose
PXD047274	3189994	/home/ians/git_repos/xHAMLET/logs/stage5_sdrf/run/PXD047274.log	/home/ians/git_repos/xHAMLET/logs/stage5_sdrf/status/PXD047274.exit	python src/main.py --pxd PXD047274 --config configs/config.yaml --no-download --nproc 1 --verbose
PXD047277	3190053	/home/ians/git_repos/xHAMLET/logs/stage5_sdrf/run/PXD047277.log	/home/ians/git_repos/xHAMLET/logs/stage5_sdrf/status/PXD047277.exit	python src/main.py --pxd PXD047277 --config configs/config.yaml --no-download --nproc 1 --verbose
PXD047368	3190169	/home/ians/git_repos/xHAMLET/logs/stage5_sdrf/run/PXD047368.log	/home/ians/git_repos/xHAMLET/logs/stage5_sdrf/status/PXD047368.exit	python src/main.py --pxd PXD047368 --config configs/config.yaml --no-download --nproc 1 --verbose
PXD047378	3190280	/home/ians/git_repos/xHAMLET/logs/stage5_sdrf/run/PXD047378.log	/home/ians/git_repos/xHAMLET/logs/stage5_sdrf/status/PXD047378.exit	python src/main.py --pxd PXD047378 --config configs/config.yaml --no-download --nproc 1 --verbose
PXD047422	3190441	/home/ians/git_repos/xHAMLET/logs/stage5_sdrf/run/PXD047422.log	/home/ians/git_repos/xHAMLET/logs/stage5_sdrf/status/PXD047422.exit	python src/main.py --pxd PXD047422 --config configs/config.yaml --no-download --nproc 1 --verbose
PXD047455	3190513	/home/ians/git_repos/xHAMLET/logs/stage5_sdrf/run/PXD047455.log	/home/ians/git_repos/xHAMLET/logs/stage5_sdrf/status/PXD047455.exit	python src/main.py --pxd PXD047455 --config configs/config.yaml --no-download --nproc 1 --verbose
PXD047543	3190523	/home/ians/git_repos/xHAMLET/logs/stage5_sdrf/run/PXD047543.log	/home/ians/git_repos/xHAMLET/logs/stage5_sdrf/status/PXD047543.exit	python src/main.py --pxd PXD047543 --config configs/config.yaml --no-download --nproc 1 --verbose
PXD047547	3190578	/home/ians/git_repos/xHAMLET/logs/stage5_sdrf/run/PXD047547.log	/home/ians/git_repos/xHAMLET/logs/stage5_sdrf/status/PXD047547.exit	python src/main.py --pxd PXD047547 --config configs/config.yaml --no-download --nproc 1 --verbose
PXD047569	3190588	/home/ians/git_repos/xHAMLET/logs/stage5_sdrf/run/PXD047569.log	/home/ians/git_repos/xHAMLET/logs/stage5_sdrf/status/PXD047569.exit	python src/main.py --pxd PXD047569 --config configs/config.yaml --no-download --nproc 1 --verbose
PXD047583	3190644	/home/ians/git_repos/xHAMLET/logs/stage5_sdrf/run/PXD047583.log	/home/ians/git_repos/xHAMLET/logs/stage5_sdrf/status/PXD047583.exit	python src/main.py --pxd PXD047583 --config configs/config.yaml --no-download --nproc 1 --verbose
PXD047725	3190708	/home/ians/git_repos/xHAMLET/logs/stage5_sdrf/run/PXD047725.log	/home/ians/git_repos/xHAMLET/logs/stage5_sdrf/status/PXD047725.exit	python src/main.py --pxd PXD047725 --config configs/config.yaml --no-download --nproc 1 --verbose
PXD047929	3190718	/home/ians/git_repos/xHAMLET/logs/stage5_sdrf/run/PXD047929.log	/home/ians/git_repos/xHAMLET/logs/stage5_sdrf/status/PXD047929.exit	python src/main.py --pxd PXD047929 --config configs/config.yaml --no-download --nproc 1 --verbose
PXD047979	3190933	/home/ians/git_repos/xHAMLET/logs/stage5_sdrf/run/PXD047979.log	/home/ians/git_repos/xHAMLET/logs/stage5_sdrf/status/PXD047979.exit	python src/main.py --pxd PXD047979 --config configs/config.yaml --no-download --nproc 1 --verbose
PXD048030	3191008	/home/ians/git_repos/xHAMLET/logs/stage5_sdrf/run/PXD048030.log	/home/ians/git_repos/xHAMLET/logs/stage5_sdrf/status/PXD048030.exit	python src/main.py --pxd PXD048030 --config configs/config.yaml --no-download --nproc 1 --verbose
PXD048046	3191181	/home/ians/git_repos/xHAMLET/logs/stage5_sdrf/run/PXD048046.log	/home/ians/git_repos/xHAMLET/logs/stage5_sdrf/status/PXD048046.exit	python src/main.py --pxd PXD048046 --config configs/config.yaml --no-download --nproc 1 --verbose
PXD048097	3191212	/home/ians/git_repos/xHAMLET/logs/stage5_sdrf/run/PXD048097.log	/home/ians/git_repos/xHAMLET/logs/stage5_sdrf/status/PXD048097.exit	python src/main.py --pxd PXD048097 --config configs/config.yaml --no-download --nproc 1 --verbose
PXD048145	3191303	/home/ians/git_repos/xHAMLET/logs/stage5_sdrf/run/PXD048145.log	/home/ians/git_repos/xHAMLET/logs/stage5_sdrf/status/PXD048145.exit	python src/main.py --pxd PXD048145 --config configs/config.yaml --no-download --nproc 1 --verbose
PXD048174	3191380	/home/ians/git_repos/xHAMLET/logs/stage5_sdrf/run/PXD048174.log	/home/ians/git_repos/xHAMLET/logs/stage5_sdrf/status/PXD048174.exit	python src/main.py --pxd PXD048174 --config configs/config.yaml --no-download --nproc 1 --verbose
PXD048180	3191407	/home/ians/git_repos/xHAMLET/logs/stage5_sdrf/run/PXD048180.log	/home/ians/git_repos/xHAMLET/logs/stage5_sdrf/status/PXD048180.exit	python src/main.py --pxd PXD048180 --config configs/config.yaml --no-download --nproc 1 --verbose
PXD048194	3191467	/home/ians/git_repos/xHAMLET/logs/stage5_sdrf/run/PXD048194.log	/home/ians/git_repos/xHAMLET/logs/stage5_sdrf/status/PXD048194.exit	python src/main.py --pxd PXD048194 --config configs/config.yaml --no-download --nproc 1 --verbose
PXD048297	3191609	/home/ians/git_repos/xHAMLET/logs/stage5_sdrf/run/PXD048297.log	/home/ians/git_repos/xHAMLET/logs/stage5_sdrf/status/PXD048297.exit	python src/main.py --pxd PXD048297 --config configs/config.yaml --no-download --nproc 1 --verbose
PXD048298	3191634	/home/ians/git_repos/xHAMLET/logs/stage5_sdrf/run/PXD048298.log	/home/ians/git_repos/xHAMLET/logs/stage5_sdrf/status/PXD048298.exit	python src/main.py --pxd PXD048298 --config configs/config.yaml --no-download --nproc 1 --verbose
PXD048452	3191644	/home/ians/git_repos/xHAMLET/logs/stage5_sdrf/run/PXD048452.log	/home/ians/git_repos/xHAMLET/logs/stage5_sdrf/status/PXD048452.exit	python src/main.py --pxd PXD048452 --config configs/config.yaml --no-download --nproc 1 --verbose
PXD048567	3191854	/home/ians/git_repos/xHAMLET/logs/stage5_sdrf/run/PXD048567.log	/home/ians/git_repos/xHAMLET/logs/stage5_sdrf/status/PXD048567.exit	python src/main.py --pxd PXD048567 --config configs/config.yaml --no-download --nproc 1 --verbose
PXD048614	3191997	/home/ians/git_repos/xHAMLET/logs/stage5_sdrf/run/PXD048614.log	/home/ians/git_repos/xHAMLET/logs/stage5_sdrf/status/PXD048614.exit	python src/main.py --pxd PXD048614 --config configs/config.yaml --no-download --nproc 1 --verbose
PXD048625	3192043	/home/ians/git_repos/xHAMLET/logs/stage5_sdrf/run/PXD048625.log	/home/ians/git_repos/xHAMLET/logs/stage5_sdrf/status/PXD048625.exit	python src/main.py --pxd PXD048625 --config configs/config.yaml --no-download --nproc 1 --verbose
PXD048632	3192175	/home/ians/git_repos/xHAMLET/logs/stage5_sdrf/run/PXD048632.log	/home/ians/git_repos/xHAMLET/logs/stage5_sdrf/status/PXD048632.exit	python src/main.py --pxd PXD048632 --config configs/config.yaml --no-download --nproc 1 --verbose
PXD048897	3192295	/home/ians/git_repos/xHAMLET/logs/stage5_sdrf/run/PXD048897.log	/home/ians/git_repos/xHAMLET/logs/stage5_sdrf/status/PXD048897.exit	python src/main.py --pxd PXD048897 --config configs/config.yaml --no-download --nproc 1 --verbose
PXD048937	3192327	/home/ians/git_repos/xHAMLET/logs/stage5_sdrf/run/PXD048937.log	/home/ians/git_repos/xHAMLET/logs/stage5_sdrf/status/PXD048937.exit	python src/main.py --pxd PXD048937 --config configs/config.yaml --no-download --nproc 1 --verbose
PXD048965	3192358	/home/ians/git_repos/xHAMLET/logs/stage5_sdrf/run/PXD048965.log	/home/ians/git_repos/xHAMLET/logs/stage5_sdrf/status/PXD048965.exit	python src/main.py --pxd PXD048965 --config configs/config.yaml --no-download --nproc 1 --verbose
PXD049047	3192443	/home/ians/git_repos/xHAMLET/logs/stage5_sdrf/run/PXD049047.log	/home/ians/git_repos/xHAMLET/logs/stage5_sdrf/status/PXD049047.exit	python src/main.py --pxd PXD049047 --config configs/config.yaml --no-download --nproc 1 --verbose
PXD049054	3192497	/home/ians/git_repos/xHAMLET/logs/stage5_sdrf/run/PXD049054.log	/home/ians/git_repos/xHAMLET/logs/stage5_sdrf/status/PXD049054.exit	python src/main.py --pxd PXD049054 --config configs/config.yaml --no-download --nproc 1 --verbose
PXD049094	3192705	/home/ians/git_repos/xHAMLET/logs/stage5_sdrf/run/PXD049094.log	/home/ians/git_repos/xHAMLET/logs/stage5_sdrf/status/PXD049094.exit	python src/main.py --pxd PXD049094 --config configs/config.yaml --no-download --nproc 1 --verbose
PXD049182	3192884	/home/ians/git_repos/xHAMLET/logs/stage5_sdrf/run/PXD049182.log	/home/ians/git_repos/xHAMLET/logs/stage5_sdrf/status/PXD049182.exit	python src/main.py --pxd PXD049182 --config configs/config.yaml --no-download --nproc 1 --verbose
PXD049300	3192895	/home/ians/git_repos/xHAMLET/logs/stage5_sdrf/run/PXD049300.log	/home/ians/git_repos/xHAMLET/logs/stage5_sdrf/status/PXD049300.exit	python src/main.py --pxd PXD049300 --config configs/config.yaml --no-download --nproc 1 --verbose
PXD049303	3192942	/home/ians/git_repos/xHAMLET/logs/stage5_sdrf/run/PXD049303.log	/home/ians/git_repos/xHAMLET/logs/stage5_sdrf/status/PXD049303.exit	python src/main.py --pxd PXD049303 --config configs/config.yaml --no-download --nproc 1 --verbose
PXD049360	3192984	/home/ians/git_repos/xHAMLET/logs/stage5_sdrf/run/PXD049360.log	/home/ians/git_repos/xHAMLET/logs/stage5_sdrf/status/PXD049360.exit	python src/main.py --pxd PXD049360 --config configs/config.yaml --no-download --nproc 1 --verbose
PXD049372	3193086	/home/ians/git_repos/xHAMLET/logs/stage5_sdrf/run/PXD049372.log	/home/ians/git_repos/xHAMLET/logs/stage5_sdrf/status/PXD049372.exit	python src/main.py --pxd PXD049372 --config configs/config.yaml --no-download --nproc 1 --verbose
PXD049375	3193126	/home/ians/git_repos/xHAMLET/logs/stage5_sdrf/run/PXD049375.log	/home/ians/git_repos/xHAMLET/logs/stage5_sdrf/status/PXD049375.exit	python src/main.py --pxd PXD049375 --config configs/config.yaml --no-download --nproc 1 --verbose
PXD049433	3193136	/home/ians/git_repos/xHAMLET/logs/stage5_sdrf/run/PXD049433.log	/home/ians/git_repos/xHAMLET/logs/stage5_sdrf/status/PXD049433.exit	python src/main.py --pxd PXD049433 --config configs/config.yaml --no-download --nproc 1 --verbose
PXD049681	3193236	/home/ians/git_repos/xHAMLET/logs/stage5_sdrf/run/PXD049681.log	/home/ians/git_repos/xHAMLET/logs/stage5_sdrf/status/PXD049681.exit	python src/main.py --pxd PXD049681 --config configs/config.yaml --no-download --nproc 1 --verbose
PXD049684	3193286	/home/ians/git_repos/xHAMLET/logs/stage5_sdrf/run/PXD049684.log	/home/ians/git_repos/xHAMLET/logs/stage5_sdrf/status/PXD049684.exit	python src/main.py --pxd PXD049684 --config configs/config.yaml --no-download --nproc 1 --verbose
PXD049689	3193420	/home/ians/git_repos/xHAMLET/logs/stage5_sdrf/run/PXD049689.log	/home/ians/git_repos/xHAMLET/logs/stage5_sdrf/status/PXD049689.exit	python src/main.py --pxd PXD049689 --config configs/config.yaml --no-download --nproc 1 --verbose
PXD049797	3193460	/home/ians/git_repos/xHAMLET/logs/stage5_sdrf/run/PXD049797.log	/home/ians/git_repos/xHAMLET/logs/stage5_sdrf/status/PXD049797.exit	python src/main.py --pxd PXD049797 --config configs/config.yaml --no-download --nproc 1 --verbose
PXD049991	3193492	/home/ians/git_repos/xHAMLET/logs/stage5_sdrf/run/PXD049991.log	/home/ians/git_repos/xHAMLET/logs/stage5_sdrf/status/PXD049991.exit	python src/main.py --pxd PXD049991 --config configs/config.yaml --no-download --nproc 1 --verbose
PXD050097	3193547	/home/ians/git_repos/xHAMLET/logs/stage5_sdrf/run/PXD050097.log	/home/ians/git_repos/xHAMLET/logs/stage5_sdrf/status/PXD050097.exit	python src/main.py --pxd PXD050097 --config configs/config.yaml --no-download --nproc 1 --verbose
PXD050222	3193628	/home/ians/git_repos/xHAMLET/logs/stage5_sdrf/run/PXD050222.log	/home/ians/git_repos/xHAMLET/logs/stage5_sdrf/status/PXD050222.exit	python src/main.py --pxd PXD050222 --config configs/config.yaml --no-download --nproc 1 --verbose
PXD050287	3193671	/home/ians/git_repos/xHAMLET/logs/stage5_sdrf/run/PXD050287.log	/home/ians/git_repos/xHAMLET/logs/stage5_sdrf/status/PXD050287.exit	python src/main.py --pxd PXD050287 --config configs/config.yaml --no-download --nproc 1 --verbose
PXD050493	3193711	/home/ians/git_repos/xHAMLET/logs/stage5_sdrf/run/PXD050493.log	/home/ians/git_repos/xHAMLET/logs/stage5_sdrf/status/PXD050493.exit	python src/main.py --pxd PXD050493 --config configs/config.yaml --no-download --nproc 1 --verbose
PXD050556	3194006	/home/ians/git_repos/xHAMLET/logs/stage5_sdrf/run/PXD050556.log	/home/ians/git_repos/xHAMLET/logs/stage5_sdrf/status/PXD050556.exit	python src/main.py --pxd PXD050556 --config configs/config.yaml --no-download --nproc 1 --verbose
PXD050824	3194215	/home/ians/git_repos/xHAMLET/logs/stage5_sdrf/run/PXD050824.log	/home/ians/git_repos/xHAMLET/logs/stage5_sdrf/status/PXD050824.exit	python src/main.py --pxd PXD050824 --config configs/config.yaml --no-download --nproc 1 --verbose
PXD050833	3194251	/home/ians/git_repos/xHAMLET/logs/stage5_sdrf/run/PXD050833.log	/home/ians/git_repos/xHAMLET/logs/stage5_sdrf/status/PXD050833.exit	python src/main.py --pxd PXD050833 --config configs/config.yaml --no-download --nproc 1 --verbose
PXD050928	3194311	/home/ians/git_repos/xHAMLET/logs/stage5_sdrf/run/PXD050928.log	/home/ians/git_repos/xHAMLET/logs/stage5_sdrf/status/PXD050928.exit	python src/main.py --pxd PXD050928 --config configs/config.yaml --no-download --nproc 1 --verbose
PXD050929	3194441	/home/ians/git_repos/xHAMLET/logs/stage5_sdrf/run/PXD050929.log	/home/ians/git_repos/xHAMLET/logs/stage5_sdrf/status/PXD050929.exit	python src/main.py --pxd PXD050929 --config configs/config.yaml --no-download --nproc 1 --verbose
PXD050930	3194468	/home/ians/git_repos/xHAMLET/logs/stage5_sdrf/run/PXD050930.log	/home/ians/git_repos/xHAMLET/logs/stage5_sdrf/status/PXD050930.exit	python src/main.py --pxd PXD050930 --config configs/config.yaml --no-download --nproc 1 --verbose
PXD050960	3194556	/home/ians/git_repos/xHAMLET/logs/stage5_sdrf/run/PXD050960.log	/home/ians/git_repos/xHAMLET/logs/stage5_sdrf/status/PXD050960.exit	python src/main.py --pxd PXD050960 --config configs/config.yaml --no-download --nproc 1 --verbose
PXD051014	3194619	/home/ians/git_repos/xHAMLET/logs/stage5_sdrf/run/PXD051014.log	/home/ians/git_repos/xHAMLET/logs/stage5_sdrf/status/PXD051014.exit	python src/main.py --pxd PXD051014 --config configs/config.yaml --no-download --nproc 1 --verbose
PXD051047	3194635	/home/ians/git_repos/xHAMLET/logs/stage5_sdrf/run/PXD051047.log	/home/ians/git_repos/xHAMLET/logs/stage5_sdrf/status/PXD051047.exit	python src/main.py --pxd PXD051047 --config configs/config.yaml --no-download --nproc 1 --verbose
PXD051075	3194727	/home/ians/git_repos/xHAMLET/logs/stage5_sdrf/run/PXD051075.log	/home/ians/git_repos/xHAMLET/logs/stage5_sdrf/status/PXD051075.exit	python src/main.py --pxd PXD051075 --config configs/config.yaml --no-download --nproc 1 --verbose
PXD051143	3194803	/home/ians/git_repos/xHAMLET/logs/stage5_sdrf/run/PXD051143.log	/home/ians/git_repos/xHAMLET/logs/stage5_sdrf/status/PXD051143.exit	python src/main.py --pxd PXD051143 --config configs/config.yaml --no-download --nproc 1 --verbose
PXD051261	3194866	/home/ians/git_repos/xHAMLET/logs/stage5_sdrf/run/PXD051261.log	/home/ians/git_repos/xHAMLET/logs/stage5_sdrf/status/PXD051261.exit	python src/main.py --pxd PXD051261 --config configs/config.yaml --no-download --nproc 1 --verbose
PXD051322	3194876	/home/ians/git_repos/xHAMLET/logs/stage5_sdrf/run/PXD051322.log	/home/ians/git_repos/xHAMLET/logs/stage5_sdrf/status/PXD051322.exit	python src/main.py --pxd PXD051322 --config configs/config.yaml --no-download --nproc 1 --verbose
PXD051348	3194886	/home/ians/git_repos/xHAMLET/logs/stage5_sdrf/run/PXD051348.log	/home/ians/git_repos/xHAMLET/logs/stage5_sdrf/status/PXD051348.exit	python src/main.py --pxd PXD051348 --config configs/config.yaml --no-download --nproc 1 --verbose
PXD051405	3194960	/home/ians/git_repos/xHAMLET/logs/stage5_sdrf/run/PXD051405.log	/home/ians/git_repos/xHAMLET/logs/stage5_sdrf/status/PXD051405.exit	python src/main.py --pxd PXD051405 --config configs/config.yaml --no-download --nproc 1 --verbose
PXD051493	3194970	/home/ians/git_repos/xHAMLET/logs/stage5_sdrf/run/PXD051493.log	/home/ians/git_repos/xHAMLET/logs/stage5_sdrf/status/PXD051493.exit	python src/main.py --pxd PXD051493 --config configs/config.yaml --no-download --nproc 1 --verbose
PXD051557	3195011	/home/ians/git_repos/xHAMLET/logs/stage5_sdrf/run/PXD051557.log	/home/ians/git_repos/xHAMLET/logs/stage5_sdrf/status/PXD051557.exit	python src/main.py --pxd PXD051557 --config configs/config.yaml --no-download --nproc 1 --verbose
PXD051602	3195189	/home/ians/git_repos/xHAMLET/logs/stage5_sdrf/run/PXD051602.log	/home/ians/git_repos/xHAMLET/logs/stage5_sdrf/status/PXD051602.exit	python src/main.py --pxd PXD051602 --config configs/config.yaml --no-download --nproc 1 --verbose
PXD051661	3195240	/home/ians/git_repos/xHAMLET/logs/stage5_sdrf/run/PXD051661.log	/home/ians/git_repos/xHAMLET/logs/stage5_sdrf/status/PXD051661.exit	python src/main.py --pxd PXD051661 --config configs/config.yaml --no-download --nproc 1 --verbose
PXD051693	3195382	/home/ians/git_repos/xHAMLET/logs/stage5_sdrf/run/PXD051693.log	/home/ians/git_repos/xHAMLET/logs/stage5_sdrf/status/PXD051693.exit	python src/main.py --pxd PXD051693 --config configs/config.yaml --no-download --nproc 1 --verbose
PXD051742	3195438	/home/ians/git_repos/xHAMLET/logs/stage5_sdrf/run/PXD051742.log	/home/ians/git_repos/xHAMLET/logs/stage5_sdrf/status/PXD051742.exit	python src/main.py --pxd PXD051742 --config configs/config.yaml --no-download --nproc 1 --verbose
PXD051886	3195448	/home/ians/git_repos/xHAMLET/logs/stage5_sdrf/run/PXD051886.log	/home/ians/git_repos/xHAMLET/logs/stage5_sdrf/status/PXD051886.exit	python src/main.py --pxd PXD051886 --config configs/config.yaml --no-download --nproc 1 --verbose
PXD051937	3195522	/home/ians/git_repos/xHAMLET/logs/stage5_sdrf/run/PXD051937.log	/home/ians/git_repos/xHAMLET/logs/stage5_sdrf/status/PXD051937.exit	python src/main.py --pxd PXD051937 --config configs/config.yaml --no-download --nproc 1 --verbose
PXD051971	3195616	/home/ians/git_repos/xHAMLET/logs/stage5_sdrf/run/PXD051971.log	/home/ians/git_repos/xHAMLET/logs/stage5_sdrf/status/PXD051971.exit	python src/main.py --pxd PXD051971 --config configs/config.yaml --no-download --nproc 1 --verbose
PXD052022	3195719	/home/ians/git_repos/xHAMLET/logs/stage5_sdrf/run/PXD052022.log	/home/ians/git_repos/xHAMLET/logs/stage5_sdrf/status/PXD052022.exit	python src/main.py --pxd PXD052022 --config configs/config.yaml --no-download --nproc 1 --verbose
PXD052032	3195754	/home/ians/git_repos/xHAMLET/logs/stage5_sdrf/run/PXD052032.log	/home/ians/git_repos/xHAMLET/logs/stage5_sdrf/status/PXD052032.exit	python src/main.py --pxd PXD052032 --config configs/config.yaml --no-download --nproc 1 --verbose
PXD052174	3195850	/home/ians/git_repos/xHAMLET/logs/stage5_sdrf/run/PXD052174.log	/home/ians/git_repos/xHAMLET/logs/stage5_sdrf/status/PXD052174.exit	python src/main.py --pxd PXD052174 --config configs/config.yaml --no-download --nproc 1 --verbose
PXD052310	3195973	/home/ians/git_repos/xHAMLET/logs/stage5_sdrf/run/PXD052310.log	/home/ians/git_repos/xHAMLET/logs/stage5_sdrf/status/PXD052310.exit	python src/main.py --pxd PXD052310 --config configs/config.yaml --no-download --nproc 1 --verbose
PXD052480	3196305	/home/ians/git_repos/xHAMLET/logs/stage5_sdrf/run/PXD052480.log	/home/ians/git_repos/xHAMLET/logs/stage5_sdrf/status/PXD052480.exit	python src/main.py --pxd PXD052480 --config configs/config.yaml --no-download --nproc 1 --verbose
PXD052552	3196315	/home/ians/git_repos/xHAMLET/logs/stage5_sdrf/run/PXD052552.log	/home/ians/git_repos/xHAMLET/logs/stage5_sdrf/status/PXD052552.exit	python src/main.py --pxd PXD052552 --config configs/config.yaml --no-download --nproc 1 --verbose
PXD052584	3196430	/home/ians/git_repos/xHAMLET/logs/stage5_sdrf/run/PXD052584.log	/home/ians/git_repos/xHAMLET/logs/stage5_sdrf/status/PXD052584.exit	python src/main.py --pxd PXD052584 --config configs/config.yaml --no-download --nproc 1 --verbose
PXD052623	3196603	/home/ians/git_repos/xHAMLET/logs/stage5_sdrf/run/PXD052623.log	/home/ians/git_repos/xHAMLET/logs/stage5_sdrf/status/PXD052623.exit	python src/main.py --pxd PXD052623 --config configs/config.yaml --no-download --nproc 1 --verbose
PXD052624	3196636	/home/ians/git_repos/xHAMLET/logs/stage5_sdrf/run/PXD052624.log	/home/ians/git_repos/xHAMLET/logs/stage5_sdrf/status/PXD052624.exit	python src/main.py --pxd PXD052624 --config configs/config.yaml --no-download --nproc 1 --verbose
PXD052637	3196646	/home/ians/git_repos/xHAMLET/logs/stage5_sdrf/run/PXD052637.log	/home/ians/git_repos/xHAMLET/logs/stage5_sdrf/status/PXD052637.exit	python src/main.py --pxd PXD052637 --config configs/config.yaml --no-download --nproc 1 --verbose
PXD052687	3196702	/home/ians/git_repos/xHAMLET/logs/stage5_sdrf/run/PXD052687.log	/home/ians/git_repos/xHAMLET/logs/stage5_sdrf/status/PXD052687.exit	python src/main.py --pxd PXD052687 --config configs/config.yaml --no-download --nproc 1 --verbose
PXD052694	3196815	/home/ians/git_repos/xHAMLET/logs/stage5_sdrf/run/PXD052694.log	/home/ians/git_repos/xHAMLET/logs/stage5_sdrf/status/PXD052694.exit	python src/main.py --pxd PXD052694 --config configs/config.yaml --no-download --nproc 1 --verbose
PXD052745	3196825	/home/ians/git_repos/xHAMLET/logs/stage5_sdrf/run/PXD052745.log	/home/ians/git_repos/xHAMLET/logs/stage5_sdrf/status/PXD052745.exit	python src/main.py --pxd PXD052745 --config configs/config.yaml --no-download --nproc 1 --verbose
PXD052746	3196858	/home/ians/git_repos/xHAMLET/logs/stage5_sdrf/run/PXD052746.log	/home/ians/git_repos/xHAMLET/logs/stage5_sdrf/status/PXD052746.exit	python src/main.py --pxd PXD052746 --config configs/config.yaml --no-download --nproc 1 --verbose
PXD052801	3197050	/home/ians/git_repos/xHAMLET/logs/stage5_sdrf/run/PXD052801.log	/home/ians/git_repos/xHAMLET/logs/stage5_sdrf/status/PXD052801.exit	python src/main.py --pxd PXD052801 --config configs/config.yaml --no-download --nproc 1 --verbose
PXD052817	3197114	/home/ians/git_repos/xHAMLET/logs/stage5_sdrf/run/PXD052817.log	/home/ians/git_repos/xHAMLET/logs/stage5_sdrf/status/PXD052817.exit	python src/main.py --pxd PXD052817 --config configs/config.yaml --no-download --nproc 1 --verbose
PXD052821	3197159	/home/ians/git_repos/xHAMLET/logs/stage5_sdrf/run/PXD052821.log	/home/ians/git_repos/xHAMLET/logs/stage5_sdrf/status/PXD052821.exit	python src/main.py --pxd PXD052821 --config configs/config.yaml --no-download --nproc 1 --verbose
PXD052825	3197169	/home/ians/git_repos/xHAMLET/logs/stage5_sdrf/run/PXD052825.log	/home/ians/git_repos/xHAMLET/logs/stage5_sdrf/status/PXD052825.exit	python src/main.py --pxd PXD052825 --config configs/config.yaml --no-download --nproc 1 --verbose
PXD052832	3197396	/home/ians/git_repos/xHAMLET/logs/stage5_sdrf/run/PXD052832.log	/home/ians/git_repos/xHAMLET/logs/stage5_sdrf/status/PXD052832.exit	python src/main.py --pxd PXD052832 --config configs/config.yaml --no-download --nproc 1 --verbose
PXD052867	3197551	/home/ians/git_repos/xHAMLET/logs/stage5_sdrf/run/PXD052867.log	/home/ians/git_repos/xHAMLET/logs/stage5_sdrf/status/PXD052867.exit	python src/main.py --pxd PXD052867 --config configs/config.yaml --no-download --nproc 1 --verbose
PXD052917	3197690	/home/ians/git_repos/xHAMLET/logs/stage5_sdrf/run/PXD052917.log	/home/ians/git_repos/xHAMLET/logs/stage5_sdrf/status/PXD052917.exit	python src/main.py --pxd PXD052917 --config configs/config.yaml --no-download --nproc 1 --verbose
PXD052923	3197738	/home/ians/git_repos/xHAMLET/logs/stage5_sdrf/run/PXD052923.log	/home/ians/git_repos/xHAMLET/logs/stage5_sdrf/status/PXD052923.exit	python src/main.py --pxd PXD052923 --config configs/config.yaml --no-download --nproc 1 --verbose
PXD052926	3197868	/home/ians/git_repos/xHAMLET/logs/stage5_sdrf/run/PXD052926.log	/home/ians/git_repos/xHAMLET/logs/stage5_sdrf/status/PXD052926.exit	python src/main.py --pxd PXD052926 --config configs/config.yaml --no-download --nproc 1 --verbose
PXD052930	3198003	/home/ians/git_repos/xHAMLET/logs/stage5_sdrf/run/PXD052930.log	/home/ians/git_repos/xHAMLET/logs/stage5_sdrf/status/PXD052930.exit	python src/main.py --pxd PXD052930 --config configs/config.yaml --no-download --nproc 1 --verbose
PXD053010	3198051	/home/ians/git_repos/xHAMLET/logs/stage5_sdrf/run/PXD053010.log	/home/ians/git_repos/xHAMLET/logs/stage5_sdrf/status/PXD053010.exit	python src/main.py --pxd PXD053010 --config configs/config.yaml --no-download --nproc 1 --verbose
PXD053341	3198111	/home/ians/git_repos/xHAMLET/logs/stage5_sdrf/run/PXD053341.log	/home/ians/git_repos/xHAMLET/logs/stage5_sdrf/status/PXD053341.exit	python src/main.py --pxd PXD053341 --config configs/config.yaml --no-download --nproc 1 --verbose
PXD053452	3198142	/home/ians/git_repos/xHAMLET/logs/stage5_sdrf/run/PXD053452.log	/home/ians/git_repos/xHAMLET/logs/stage5_sdrf/status/PXD053452.exit	python src/main.py --pxd PXD053452 --config configs/config.yaml --no-download --nproc 1 --verbose
PXD053481	3198152	/home/ians/git_repos/xHAMLET/logs/stage5_sdrf/run/PXD053481.log	/home/ians/git_repos/xHAMLET/logs/stage5_sdrf/status/PXD053481.exit	python src/main.py --pxd PXD053481 --config configs/config.yaml --no-download --nproc 1 --verbose
PXD053489	3198194	/home/ians/git_repos/xHAMLET/logs/stage5_sdrf/run/PXD053489.log	/home/ians/git_repos/xHAMLET/logs/stage5_sdrf/status/PXD053489.exit	python src/main.py --pxd PXD053489 --config configs/config.yaml --no-download --nproc 1 --verbose
PXD053494	3198378	/home/ians/git_repos/xHAMLET/logs/stage5_sdrf/run/PXD053494.log	/home/ians/git_repos/xHAMLET/logs/stage5_sdrf/status/PXD053494.exit	python src/main.py --pxd PXD053494 --config configs/config.yaml --no-download --nproc 1 --verbose
PXD053500	3198388	/home/ians/git_repos/xHAMLET/logs/stage5_sdrf/run/PXD053500.log	/home/ians/git_repos/xHAMLET/logs/stage5_sdrf/status/PXD053500.exit	python src/main.py --pxd PXD053500 --config configs/config.yaml --no-download --nproc 1 --verbose
PXD053509	3198470	/home/ians/git_repos/xHAMLET/logs/stage5_sdrf/run/PXD053509.log	/home/ians/git_repos/xHAMLET/logs/stage5_sdrf/status/PXD053509.exit	python src/main.py --pxd PXD053509 --config configs/config.yaml --no-download --nproc 1 --verbose
PXD053578	3198480	/home/ians/git_repos/xHAMLET/logs/stage5_sdrf/run/PXD053578.log	/home/ians/git_repos/xHAMLET/logs/stage5_sdrf/status/PXD053578.exit	python src/main.py --pxd PXD053578 --config configs/config.yaml --no-download --nproc 1 --verbose
PXD053607	3198490	/home/ians/git_repos/xHAMLET/logs/stage5_sdrf/run/PXD053607.log	/home/ians/git_repos/xHAMLET/logs/stage5_sdrf/status/PXD053607.exit	python src/main.py --pxd PXD053607 --config configs/config.yaml --no-download --nproc 1 --verbose
PXD053621	3198561	/home/ians/git_repos/xHAMLET/logs/stage5_sdrf/run/PXD053621.log	/home/ians/git_repos/xHAMLET/logs/stage5_sdrf/status/PXD053621.exit	python src/main.py --pxd PXD053621 --config configs/config.yaml --no-download --nproc 1 --verbose
PXD053636	3198571	/home/ians/git_repos/xHAMLET/logs/stage5_sdrf/run/PXD053636.log	/home/ians/git_repos/xHAMLET/logs/stage5_sdrf/status/PXD053636.exit	python src/main.py --pxd PXD053636 --config configs/config.yaml --no-download --nproc 1 --verbose
PXD053760	3198791	/home/ians/git_repos/xHAMLET/logs/stage5_sdrf/run/PXD053760.log	/home/ians/git_repos/xHAMLET/logs/stage5_sdrf/status/PXD053760.exit	python src/main.py --pxd PXD053760 --config configs/config.yaml --no-download --nproc 1 --verbose
PXD053814	3198897	/home/ians/git_repos/xHAMLET/logs/stage5_sdrf/run/PXD053814.log	/home/ians/git_repos/xHAMLET/logs/stage5_sdrf/status/PXD053814.exit	python src/main.py --pxd PXD053814 --config configs/config.yaml --no-download --nproc 1 --verbose
PXD053832	3199124	/home/ians/git_repos/xHAMLET/logs/stage5_sdrf/run/PXD053832.log	/home/ians/git_repos/xHAMLET/logs/stage5_sdrf/status/PXD053832.exit	python src/main.py --pxd PXD053832 --config configs/config.yaml --no-download --nproc 1 --verbose
PXD053924	3199355	/home/ians/git_repos/xHAMLET/logs/stage5_sdrf/run/PXD053924.log	/home/ians/git_repos/xHAMLET/logs/stage5_sdrf/status/PXD053924.exit	python src/main.py --pxd PXD053924 --config configs/config.yaml --no-download --nproc 1 --verbose
PXD053984	3199395	/home/ians/git_repos/xHAMLET/logs/stage5_sdrf/run/PXD053984.log	/home/ians/git_repos/xHAMLET/logs/stage5_sdrf/status/PXD053984.exit	python src/main.py --pxd PXD053984 --config configs/config.yaml --no-download --nproc 1 --verbose
PXD053999	3199421	/home/ians/git_repos/xHAMLET/logs/stage5_sdrf/run/PXD053999.log	/home/ians/git_repos/xHAMLET/logs/stage5_sdrf/status/PXD053999.exit	python src/main.py --pxd PXD053999 --config configs/config.yaml --no-download --nproc 1 --verbose
PXD054002	3199523	/home/ians/git_repos/xHAMLET/logs/stage5_sdrf/run/PXD054002.log	/home/ians/git_repos/xHAMLET/logs/stage5_sdrf/status/PXD054002.exit	python src/main.py --pxd PXD054002 --config configs/config.yaml --no-download --nproc 1 --verbose
PXD054003	3199570	/home/ians/git_repos/xHAMLET/logs/stage5_sdrf/run/PXD054003.log	/home/ians/git_repos/xHAMLET/logs/stage5_sdrf/status/PXD054003.exit	python src/main.py --pxd PXD054003 --config configs/config.yaml --no-download --nproc 1 --verbose
PXD054140	3199580	/home/ians/git_repos/xHAMLET/logs/stage5_sdrf/run/PXD054140.log	/home/ians/git_repos/xHAMLET/logs/stage5_sdrf/status/PXD054140.exit	python src/main.py --pxd PXD054140 --config configs/config.yaml --no-download --nproc 1 --verbose
PXD054141	3199639	/home/ians/git_repos/xHAMLET/logs/stage5_sdrf/run/PXD054141.log	/home/ians/git_repos/xHAMLET/logs/stage5_sdrf/status/PXD054141.exit	python src/main.py --pxd PXD054141 --config configs/config.yaml --no-download --nproc 1 --verbose
PXD054249	3199670	/home/ians/git_repos/xHAMLET/logs/stage5_sdrf/run/PXD054249.log	/home/ians/git_repos/xHAMLET/logs/stage5_sdrf/status/PXD054249.exit	python src/main.py --pxd PXD054249 --config configs/config.yaml --no-download --nproc 1 --verbose
PXD054381	3199789	/home/ians/git_repos/xHAMLET/logs/stage5_sdrf/run/PXD054381.log	/home/ians/git_repos/xHAMLET/logs/stage5_sdrf/status/PXD054381.exit	python src/main.py --pxd PXD054381 --config configs/config.yaml --no-download --nproc 1 --verbose
PXD054489	3199799	/home/ians/git_repos/xHAMLET/logs/stage5_sdrf/run/PXD054489.log	/home/ians/git_repos/xHAMLET/logs/stage5_sdrf/status/PXD054489.exit	python src/main.py --pxd PXD054489 --config configs/config.yaml --no-download --nproc 1 --verbose
PXD054551	3199809	/home/ians/git_repos/xHAMLET/logs/stage5_sdrf/run/PXD054551.log	/home/ians/git_repos/xHAMLET/logs/stage5_sdrf/status/PXD054551.exit	python src/main.py --pxd PXD054551 --config configs/config.yaml --no-download --nproc 1 --verbose
PXD054616	3199925	/home/ians/git_repos/xHAMLET/logs/stage5_sdrf/run/PXD054616.log	/home/ians/git_repos/xHAMLET/logs/stage5_sdrf/status/PXD054616.exit	python src/main.py --pxd PXD054616 --config configs/config.yaml --no-download --nproc 1 --verbose
PXD054720	3199977	/home/ians/git_repos/xHAMLET/logs/stage5_sdrf/run/PXD054720.log	/home/ians/git_repos/xHAMLET/logs/stage5_sdrf/status/PXD054720.exit	python src/main.py --pxd PXD054720 --config configs/config.yaml --no-download --nproc 1 --verbose
PXD054728	3200026	/home/ians/git_repos/xHAMLET/logs/stage5_sdrf/run/PXD054728.log	/home/ians/git_repos/xHAMLET/logs/stage5_sdrf/status/PXD054728.exit	python src/main.py --pxd PXD054728 --config configs/config.yaml --no-download --nproc 1 --verbose
PXD054757	3200140	/home/ians/git_repos/xHAMLET/logs/stage5_sdrf/run/PXD054757.log	/home/ians/git_repos/xHAMLET/logs/stage5_sdrf/status/PXD054757.exit	python src/main.py --pxd PXD054757 --config configs/config.yaml --no-download --nproc 1 --verbose
PXD054857	3200150	/home/ians/git_repos/xHAMLET/logs/stage5_sdrf/run/PXD054857.log	/home/ians/git_repos/xHAMLET/logs/stage5_sdrf/status/PXD054857.exit	python src/main.py --pxd PXD054857 --config configs/config.yaml --no-download --nproc 1 --verbose
PXD054875	3200399	/home/ians/git_repos/xHAMLET/logs/stage5_sdrf/run/PXD054875.log	/home/ians/git_repos/xHAMLET/logs/stage5_sdrf/status/PXD054875.exit	python src/main.py --pxd PXD054875 --config configs/config.yaml --no-download --nproc 1 --verbose
PXD054939	3200522	/home/ians/git_repos/xHAMLET/logs/stage5_sdrf/run/PXD054939.log	/home/ians/git_repos/xHAMLET/logs/stage5_sdrf/status/PXD054939.exit	python src/main.py --pxd PXD054939 --config configs/config.yaml --no-download --nproc 1 --verbose
PXD054973	3200722	/home/ians/git_repos/xHAMLET/logs/stage5_sdrf/run/PXD054973.log	/home/ians/git_repos/xHAMLET/logs/stage5_sdrf/status/PXD054973.exit	python src/main.py --pxd PXD054973 --config configs/config.yaml --no-download --nproc 1 --verbose
PXD055077	3200743	/home/ians/git_repos/xHAMLET/logs/stage5_sdrf/run/PXD055077.log	/home/ians/git_repos/xHAMLET/logs/stage5_sdrf/status/PXD055077.exit	python src/main.py --pxd PXD055077 --config configs/config.yaml --no-download --nproc 1 --verbose
PXD055085	3200774	/home/ians/git_repos/xHAMLET/logs/stage5_sdrf/run/PXD055085.log	/home/ians/git_repos/xHAMLET/logs/stage5_sdrf/status/PXD055085.exit	python src/main.py --pxd PXD055085 --config configs/config.yaml --no-download --nproc 1 --verbose
PXD055086	3200900	/home/ians/git_repos/xHAMLET/logs/stage5_sdrf/run/PXD055086.log	/home/ians/git_repos/xHAMLET/logs/stage5_sdrf/status/PXD055086.exit	python src/main.py --pxd PXD055086 --config configs/config.yaml --no-download --nproc 1 --verbose
PXD055147	3200910	/home/ians/git_repos/xHAMLET/logs/stage5_sdrf/run/PXD055147.log	/home/ians/git_repos/xHAMLET/logs/stage5_sdrf/status/PXD055147.exit	python src/main.py --pxd PXD055147 --config configs/config.yaml --no-download --nproc 1 --verbose
PXD055169	3200920	/home/ians/git_repos/xHAMLET/logs/stage5_sdrf/run/PXD055169.log	/home/ians/git_repos/xHAMLET/logs/stage5_sdrf/status/PXD055169.exit	python src/main.py --pxd PXD055169 --config configs/config.yaml --no-download --nproc 1 --verbose
PXD055235	3201002	/home/ians/git_repos/xHAMLET/logs/stage5_sdrf/run/PXD055235.log	/home/ians/git_repos/xHAMLET/logs/stage5_sdrf/status/PXD055235.exit	python src/main.py --pxd PXD055235 --config configs/config.yaml --no-download --nproc 1 --verbose
PXD055284	3201034	/home/ians/git_repos/xHAMLET/logs/stage5_sdrf/run/PXD055284.log	/home/ians/git_repos/xHAMLET/logs/stage5_sdrf/status/PXD055284.exit	python src/main.py --pxd PXD055284 --config configs/config.yaml --no-download --nproc 1 --verbose
PXD055305	3201115	/home/ians/git_repos/xHAMLET/logs/stage5_sdrf/run/PXD055305.log	/home/ians/git_repos/xHAMLET/logs/stage5_sdrf/status/PXD055305.exit	python src/main.py --pxd PXD055305 --config configs/config.yaml --no-download --nproc 1 --verbose
PXD055356	3201160	/home/ians/git_repos/xHAMLET/logs/stage5_sdrf/run/PXD055356.log	/home/ians/git_repos/xHAMLET/logs/stage5_sdrf/status/PXD055356.exit	python src/main.py --pxd PXD055356 --config configs/config.yaml --no-download --nproc 1 --verbose
PXD055488	3201233	/home/ians/git_repos/xHAMLET/logs/stage5_sdrf/run/PXD055488.log	/home/ians/git_repos/xHAMLET/logs/stage5_sdrf/status/PXD055488.exit	python src/main.py --pxd PXD055488 --config configs/config.yaml --no-download --nproc 1 --verbose
PXD055512	3201386	/home/ians/git_repos/xHAMLET/logs/stage5_sdrf/run/PXD055512.log	/home/ians/git_repos/xHAMLET/logs/stage5_sdrf/status/PXD055512.exit	python src/main.py --pxd PXD055512 --config configs/config.yaml --no-download --nproc 1 --verbose
PXD055649	3201468	/home/ians/git_repos/xHAMLET/logs/stage5_sdrf/run/PXD055649.log	/home/ians/git_repos/xHAMLET/logs/stage5_sdrf/status/PXD055649.exit	python src/main.py --pxd PXD055649 --config configs/config.yaml --no-download --nproc 1 --verbose
PXD055703	3201478	/home/ians/git_repos/xHAMLET/logs/stage5_sdrf/run/PXD055703.log	/home/ians/git_repos/xHAMLET/logs/stage5_sdrf/status/PXD055703.exit	python src/main.py --pxd PXD055703 --config configs/config.yaml --no-download --nproc 1 --verbose
PXD055708	3201488	/home/ians/git_repos/xHAMLET/logs/stage5_sdrf/run/PXD055708.log	/home/ians/git_repos/xHAMLET/logs/stage5_sdrf/status/PXD055708.exit	python src/main.py --pxd PXD055708 --config configs/config.yaml --no-download --nproc 1 --verbose
PXD055722	3201562	/home/ians/git_repos/xHAMLET/logs/stage5_sdrf/run/PXD055722.log	/home/ians/git_repos/xHAMLET/logs/stage5_sdrf/status/PXD055722.exit	python src/main.py --pxd PXD055722 --config configs/config.yaml --no-download --nproc 1 --verbose
PXD055749	3201582	/home/ians/git_repos/xHAMLET/logs/stage5_sdrf/run/PXD055749.log	/home/ians/git_repos/xHAMLET/logs/stage5_sdrf/status/PXD055749.exit	python src/main.py --pxd PXD055749 --config configs/config.yaml --no-download --nproc 1 --verbose
PXD055759	3201817	/home/ians/git_repos/xHAMLET/logs/stage5_sdrf/run/PXD055759.log	/home/ians/git_repos/xHAMLET/logs/stage5_sdrf/status/PXD055759.exit	python src/main.py --pxd PXD055759 --config configs/config.yaml --no-download --nproc 1 --verbose
PXD055775	3201919	/home/ians/git_repos/xHAMLET/logs/stage5_sdrf/run/PXD055775.log	/home/ians/git_repos/xHAMLET/logs/stage5_sdrf/status/PXD055775.exit	python src/main.py --pxd PXD055775 --config configs/config.yaml --no-download --nproc 1 --verbose
PXD055778	3202310	/home/ians/git_repos/xHAMLET/logs/stage5_sdrf/run/PXD055778.log	/home/ians/git_repos/xHAMLET/logs/stage5_sdrf/status/PXD055778.exit	python src/main.py --pxd PXD055778 --config configs/config.yaml --no-download --nproc 1 --verbose
PXD055874	3202340	/home/ians/git_repos/xHAMLET/logs/stage5_sdrf/run/PXD055874.log	/home/ians/git_repos/xHAMLET/logs/stage5_sdrf/status/PXD055874.exit	python src/main.py --pxd PXD055874 --config configs/config.yaml --no-download --nproc 1 --verbose
PXD055877	3202350	/home/ians/git_repos/xHAMLET/logs/stage5_sdrf/run/PXD055877.log	/home/ians/git_repos/xHAMLET/logs/stage5_sdrf/status/PXD055877.exit	python src/main.py --pxd PXD055877 --config configs/config.yaml --no-download --nproc 1 --verbose
PXD055943	3202418	/home/ians/git_repos/xHAMLET/logs/stage5_sdrf/run/PXD055943.log	/home/ians/git_repos/xHAMLET/logs/stage5_sdrf/status/PXD055943.exit	python src/main.py --pxd PXD055943 --config configs/config.yaml --no-download --nproc 1 --verbose
PXD056299	3202449	/home/ians/git_repos/xHAMLET/logs/stage5_sdrf/run/PXD056299.log	/home/ians/git_repos/xHAMLET/logs/stage5_sdrf/status/PXD056299.exit	python src/main.py --pxd PXD056299 --config configs/config.yaml --no-download --nproc 1 --verbose
PXD056360	3202555	/home/ians/git_repos/xHAMLET/logs/stage5_sdrf/run/PXD056360.log	/home/ians/git_repos/xHAMLET/logs/stage5_sdrf/status/PXD056360.exit	python src/main.py --pxd PXD056360 --config configs/config.yaml --no-download --nproc 1 --verbose
PXD056652	3202642	/home/ians/git_repos/xHAMLET/logs/stage5_sdrf/run/PXD056652.log	/home/ians/git_repos/xHAMLET/logs/stage5_sdrf/status/PXD056652.exit	python src/main.py --pxd PXD056652 --config configs/config.yaml --no-download --nproc 1 --verbose
PXD056787	3202652	/home/ians/git_repos/xHAMLET/logs/stage5_sdrf/run/PXD056787.log	/home/ians/git_repos/xHAMLET/logs/stage5_sdrf/status/PXD056787.exit	python src/main.py --pxd PXD056787 --config configs/config.yaml --no-download --nproc 1 --verbose
PXD056825	3202768	/home/ians/git_repos/xHAMLET/logs/stage5_sdrf/run/PXD056825.log	/home/ians/git_repos/xHAMLET/logs/stage5_sdrf/status/PXD056825.exit	python src/main.py --pxd PXD056825 --config configs/config.yaml --no-download --nproc 1 --verbose
PXD056910	3202873	/home/ians/git_repos/xHAMLET/logs/stage5_sdrf/run/PXD056910.log	/home/ians/git_repos/xHAMLET/logs/stage5_sdrf/status/PXD056910.exit	python src/main.py --pxd PXD056910 --config configs/config.yaml --no-download --nproc 1 --verbose
PXD056942	3202932	/home/ians/git_repos/xHAMLET/logs/stage5_sdrf/run/PXD056942.log	/home/ians/git_repos/xHAMLET/logs/stage5_sdrf/status/PXD056942.exit	python src/main.py --pxd PXD056942 --config configs/config.yaml --no-download --nproc 1 --verbose
PXD056954	3202967	/home/ians/git_repos/xHAMLET/logs/stage5_sdrf/run/PXD056954.log	/home/ians/git_repos/xHAMLET/logs/stage5_sdrf/status/PXD056954.exit	python src/main.py --pxd PXD056954 --config configs/config.yaml --no-download --nproc 1 --verbose
PXD056971	3202977	/home/ians/git_repos/xHAMLET/logs/stage5_sdrf/run/PXD056971.log	/home/ians/git_repos/xHAMLET/logs/stage5_sdrf/status/PXD056971.exit	python src/main.py --pxd PXD056971 --config configs/config.yaml --no-download --nproc 1 --verbose
PXD057009	3203086	/home/ians/git_repos/xHAMLET/logs/stage5_sdrf/run/PXD057009.log	/home/ians/git_repos/xHAMLET/logs/stage5_sdrf/status/PXD057009.exit	python src/main.py --pxd PXD057009 --config configs/config.yaml --no-download --nproc 1 --verbose
PXD057110	3203106	/home/ians/git_repos/xHAMLET/logs/stage5_sdrf/run/PXD057110.log	/home/ians/git_repos/xHAMLET/logs/stage5_sdrf/status/PXD057110.exit	python src/main.py --pxd PXD057110 --config configs/config.yaml --no-download --nproc 1 --verbose
PXD057245	3203271	/home/ians/git_repos/xHAMLET/logs/stage5_sdrf/run/PXD057245.log	/home/ians/git_repos/xHAMLET/logs/stage5_sdrf/status/PXD057245.exit	python src/main.py --pxd PXD057245 --config configs/config.yaml --no-download --nproc 1 --verbose
PXD057404	3203303	/home/ians/git_repos/xHAMLET/logs/stage5_sdrf/run/PXD057404.log	/home/ians/git_repos/xHAMLET/logs/stage5_sdrf/status/PXD057404.exit	python src/main.py --pxd PXD057404 --config configs/config.yaml --no-download --nproc 1 --verbose
PXD057492	3203313	/home/ians/git_repos/xHAMLET/logs/stage5_sdrf/run/PXD057492.log	/home/ians/git_repos/xHAMLET/logs/stage5_sdrf/status/PXD057492.exit	python src/main.py --pxd PXD057492 --config configs/config.yaml --no-download --nproc 1 --verbose
PXD057705	3203357	/home/ians/git_repos/xHAMLET/logs/stage5_sdrf/run/PXD057705.log	/home/ians/git_repos/xHAMLET/logs/stage5_sdrf/status/PXD057705.exit	python src/main.py --pxd PXD057705 --config configs/config.yaml --no-download --nproc 1 --verbose
PXD058056	3203396	/home/ians/git_repos/xHAMLET/logs/stage5_sdrf/run/PXD058056.log	/home/ians/git_repos/xHAMLET/logs/stage5_sdrf/status/PXD058056.exit	python src/main.py --pxd PXD058056 --config configs/config.yaml --no-download --nproc 1 --verbose
PXD058168	3203513	/home/ians/git_repos/xHAMLET/logs/stage5_sdrf/run/PXD058168.log	/home/ians/git_repos/xHAMLET/logs/stage5_sdrf/status/PXD058168.exit	python src/main.py --pxd PXD058168 --config configs/config.yaml --no-download --nproc 1 --verbose
PXD058191	3203654	/home/ians/git_repos/xHAMLET/logs/stage5_sdrf/run/PXD058191.log	/home/ians/git_repos/xHAMLET/logs/stage5_sdrf/status/PXD058191.exit	python src/main.py --pxd PXD058191 --config configs/config.yaml --no-download --nproc 1 --verbose
PXD058327	3203703	/home/ians/git_repos/xHAMLET/logs/stage5_sdrf/run/PXD058327.log	/home/ians/git_repos/xHAMLET/logs/stage5_sdrf/status/PXD058327.exit	python src/main.py --pxd PXD058327 --config configs/config.yaml --no-download --nproc 1 --verbose
PXD058694	3203861	/home/ians/git_repos/xHAMLET/logs/stage5_sdrf/run/PXD058694.log	/home/ians/git_repos/xHAMLET/logs/stage5_sdrf/status/PXD058694.exit	python src/main.py --pxd PXD058694 --config configs/config.yaml --no-download --nproc 1 --verbose
PXD058706	3204008	/home/ians/git_repos/xHAMLET/logs/stage5_sdrf/run/PXD058706.log	/home/ians/git_repos/xHAMLET/logs/stage5_sdrf/status/PXD058706.exit	python src/main.py --pxd PXD058706 --config configs/config.yaml --no-download --nproc 1 --verbose
PXD058941	3204116	/home/ians/git_repos/xHAMLET/logs/stage5_sdrf/run/PXD058941.log	/home/ians/git_repos/xHAMLET/logs/stage5_sdrf/status/PXD058941.exit	python src/main.py --pxd PXD058941 --config configs/config.yaml --no-download --nproc 1 --verbose
PXD059010	3204172	/home/ians/git_repos/xHAMLET/logs/stage5_sdrf/run/PXD059010.log	/home/ians/git_repos/xHAMLET/logs/stage5_sdrf/status/PXD059010.exit	python src/main.py --pxd PXD059010 --config configs/config.yaml --no-download --nproc 1 --verbose
PXD059118	3204203	/home/ians/git_repos/xHAMLET/logs/stage5_sdrf/run/PXD059118.log	/home/ians/git_repos/xHAMLET/logs/stage5_sdrf/status/PXD059118.exit	python src/main.py --pxd PXD059118 --config configs/config.yaml --no-download --nproc 1 --verbose
PXD059125	3204213	/home/ians/git_repos/xHAMLET/logs/stage5_sdrf/run/PXD059125.log	/home/ians/git_repos/xHAMLET/logs/stage5_sdrf/status/PXD059125.exit	python src/main.py --pxd PXD059125 --config configs/config.yaml --no-download --nproc 1 --verbose
PXD059137	3204286	/home/ians/git_repos/xHAMLET/logs/stage5_sdrf/run/PXD059137.log	/home/ians/git_repos/xHAMLET/logs/stage5_sdrf/status/PXD059137.exit	python src/main.py --pxd PXD059137 --config configs/config.yaml --no-download --nproc 1 --verbose
PXD059180	3204513	/home/ians/git_repos/xHAMLET/logs/stage5_sdrf/run/PXD059180.log	/home/ians/git_repos/xHAMLET/logs/stage5_sdrf/status/PXD059180.exit	python src/main.py --pxd PXD059180 --config configs/config.yaml --no-download --nproc 1 --verbose
PXD059211	3204649	/home/ians/git_repos/xHAMLET/logs/stage5_sdrf/run/PXD059211.log	/home/ians/git_repos/xHAMLET/logs/stage5_sdrf/status/PXD059211.exit	python src/main.py --pxd PXD059211 --config configs/config.yaml --no-download --nproc 1 --verbose
PXD059356	3204761	/home/ians/git_repos/xHAMLET/logs/stage5_sdrf/run/PXD059356.log	/home/ians/git_repos/xHAMLET/logs/stage5_sdrf/status/PXD059356.exit	python src/main.py --pxd PXD059356 --config configs/config.yaml --no-download --nproc 1 --verbose
PXD059369	3204771	/home/ians/git_repos/xHAMLET/logs/stage5_sdrf/run/PXD059369.log	/home/ians/git_repos/xHAMLET/logs/stage5_sdrf/status/PXD059369.exit	python src/main.py --pxd PXD059369 --config configs/config.yaml --no-download --nproc 1 --verbose
PXD059495	3204818	/home/ians/git_repos/xHAMLET/logs/stage5_sdrf/run/PXD059495.log	/home/ians/git_repos/xHAMLET/logs/stage5_sdrf/status/PXD059495.exit	python src/main.py --pxd PXD059495 --config configs/config.yaml --no-download --nproc 1 --verbose
PXD059547	3204878	/home/ians/git_repos/xHAMLET/logs/stage5_sdrf/run/PXD059547.log	/home/ians/git_repos/xHAMLET/logs/stage5_sdrf/status/PXD059547.exit	python src/main.py --pxd PXD059547 --config configs/config.yaml --no-download --nproc 1 --verbose
PXD059552	3204888	/home/ians/git_repos/xHAMLET/logs/stage5_sdrf/run/PXD059552.log	/home/ians/git_repos/xHAMLET/logs/stage5_sdrf/status/PXD059552.exit	python src/main.py --pxd PXD059552 --config configs/config.yaml --no-download --nproc 1 --verbose
PXD059554	3204948	/home/ians/git_repos/xHAMLET/logs/stage5_sdrf/run/PXD059554.log	/home/ians/git_repos/xHAMLET/logs/stage5_sdrf/status/PXD059554.exit	python src/main.py --pxd PXD059554 --config configs/config.yaml --no-download --nproc 1 --verbose
PXD059558	3204978	/home/ians/git_repos/xHAMLET/logs/stage5_sdrf/run/PXD059558.log	/home/ians/git_repos/xHAMLET/logs/stage5_sdrf/status/PXD059558.exit	python src/main.py --pxd PXD059558 --config configs/config.yaml --no-download --nproc 1 --verbose
PXD059579	3205022	/home/ians/git_repos/xHAMLET/logs/stage5_sdrf/run/PXD059579.log	/home/ians/git_repos/xHAMLET/logs/stage5_sdrf/status/PXD059579.exit	python src/main.py --pxd PXD059579 --config configs/config.yaml --no-download --nproc 1 --verbose
PXD059635	3205089	/home/ians/git_repos/xHAMLET/logs/stage5_sdrf/run/PXD059635.log	/home/ians/git_repos/xHAMLET/logs/stage5_sdrf/status/PXD059635.exit	python src/main.py --pxd PXD059635 --config configs/config.yaml --no-download --nproc 1 --verbose
PXD059716	3205161	/home/ians/git_repos/xHAMLET/logs/stage5_sdrf/run/PXD059716.log	/home/ians/git_repos/xHAMLET/logs/stage5_sdrf/status/PXD059716.exit	python src/main.py --pxd PXD059716 --config configs/config.yaml --no-download --nproc 1 --verbose
PXD059766	3205171	/home/ians/git_repos/xHAMLET/logs/stage5_sdrf/run/PXD059766.log	/home/ians/git_repos/xHAMLET/logs/stage5_sdrf/status/PXD059766.exit	python src/main.py --pxd PXD059766 --config configs/config.yaml --no-download --nproc 1 --verbose
PXD059888	3205284	/home/ians/git_repos/xHAMLET/logs/stage5_sdrf/run/PXD059888.log	/home/ians/git_repos/xHAMLET/logs/stage5_sdrf/status/PXD059888.exit	python src/main.py --pxd PXD059888 --config configs/config.yaml --no-download --nproc 1 --verbose
PXD059960	3205314	/home/ians/git_repos/xHAMLET/logs/stage5_sdrf/run/PXD059960.log	/home/ians/git_repos/xHAMLET/logs/stage5_sdrf/status/PXD059960.exit	python src/main.py --pxd PXD059960 --config configs/config.yaml --no-download --nproc 1 --verbose
PXD059974	3205324	/home/ians/git_repos/xHAMLET/logs/stage5_sdrf/run/PXD059974.log	/home/ians/git_repos/xHAMLET/logs/stage5_sdrf/status/PXD059974.exit	python src/main.py --pxd PXD059974 --config configs/config.yaml --no-download --nproc 1 --verbose
PXD060078	3205438	/home/ians/git_repos/xHAMLET/logs/stage5_sdrf/run/PXD060078.log	/home/ians/git_repos/xHAMLET/logs/stage5_sdrf/status/PXD060078.exit	python src/main.py --pxd PXD060078 --config configs/config.yaml --no-download --nproc 1 --verbose
PXD060106	3205529	/home/ians/git_repos/xHAMLET/logs/stage5_sdrf/run/PXD060106.log	/home/ians/git_repos/xHAMLET/logs/stage5_sdrf/status/PXD060106.exit	python src/main.py --pxd PXD060106 --config configs/config.yaml --no-download --nproc 1 --verbose
PXD060111	3205663	/home/ians/git_repos/xHAMLET/logs/stage5_sdrf/run/PXD060111.log	/home/ians/git_repos/xHAMLET/logs/stage5_sdrf/status/PXD060111.exit	python src/main.py --pxd PXD060111 --config configs/config.yaml --no-download --nproc 1 --verbose
PXD060112	3205695	/home/ians/git_repos/xHAMLET/logs/stage5_sdrf/run/PXD060112.log	/home/ians/git_repos/xHAMLET/logs/stage5_sdrf/status/PXD060112.exit	python src/main.py --pxd PXD060112 --config configs/config.yaml --no-download --nproc 1 --verbose
PXD060134	3205895	/home/ians/git_repos/xHAMLET/logs/stage5_sdrf/run/PXD060134.log	/home/ians/git_repos/xHAMLET/logs/stage5_sdrf/status/PXD060134.exit	python src/main.py --pxd PXD060134 --config configs/config.yaml --no-download --nproc 1 --verbose
PXD060138	3205948	/home/ians/git_repos/xHAMLET/logs/stage5_sdrf/run/PXD060138.log	/home/ians/git_repos/xHAMLET/logs/stage5_sdrf/status/PXD060138.exit	python src/main.py --pxd PXD060138 --config configs/config.yaml --no-download --nproc 1 --verbose
PXD060322	3206041	/home/ians/git_repos/xHAMLET/logs/stage5_sdrf/run/PXD060322.log	/home/ians/git_repos/xHAMLET/logs/stage5_sdrf/status/PXD060322.exit	python src/main.py --pxd PXD060322 --config configs/config.yaml --no-download --nproc 1 --verbose
PXD060469	3206225	/home/ians/git_repos/xHAMLET/logs/stage5_sdrf/run/PXD060469.log	/home/ians/git_repos/xHAMLET/logs/stage5_sdrf/status/PXD060469.exit	python src/main.py --pxd PXD060469 --config configs/config.yaml --no-download --nproc 1 --verbose
PXD060638	3206258	/home/ians/git_repos/xHAMLET/logs/stage5_sdrf/run/PXD060638.log	/home/ians/git_repos/xHAMLET/logs/stage5_sdrf/status/PXD060638.exit	python src/main.py --pxd PXD060638 --config configs/config.yaml --no-download --nproc 1 --verbose
PXD060724	3206268	/home/ians/git_repos/xHAMLET/logs/stage5_sdrf/run/PXD060724.log	/home/ians/git_repos/xHAMLET/logs/stage5_sdrf/status/PXD060724.exit	python src/main.py --pxd PXD060724 --config configs/config.yaml --no-download --nproc 1 --verbose
PXD060781	3206303	/home/ians/git_repos/xHAMLET/logs/stage5_sdrf/run/PXD060781.log	/home/ians/git_repos/xHAMLET/logs/stage5_sdrf/status/PXD060781.exit	python src/main.py --pxd PXD060781 --config configs/config.yaml --no-download --nproc 1 --verbose
PXD060825	3206313	/home/ians/git_repos/xHAMLET/logs/stage5_sdrf/run/PXD060825.log	/home/ians/git_repos/xHAMLET/logs/stage5_sdrf/status/PXD060825.exit	python src/main.py --pxd PXD060825 --config configs/config.yaml --no-download --nproc 1 --verbose
PXD061125	3206701	/home/ians/git_repos/xHAMLET/logs/stage5_sdrf/run/PXD061125.log	/home/ians/git_repos/xHAMLET/logs/stage5_sdrf/status/PXD061125.exit	python src/main.py --pxd PXD061125 --config configs/config.yaml --no-download --nproc 1 --verbose
PXD061173	3206711	/home/ians/git_repos/xHAMLET/logs/stage5_sdrf/run/PXD061173.log	/home/ians/git_repos/xHAMLET/logs/stage5_sdrf/status/PXD061173.exit	python src/main.py --pxd PXD061173 --config configs/config.yaml --no-download --nproc 1 --verbose
PXD061317	3206862	/home/ians/git_repos/xHAMLET/logs/stage5_sdrf/run/PXD061317.log	/home/ians/git_repos/xHAMLET/logs/stage5_sdrf/status/PXD061317.exit	python src/main.py --pxd PXD061317 --config configs/config.yaml --no-download --nproc 1 --verbose
PXD061540	3206940	/home/ians/git_repos/xHAMLET/logs/stage5_sdrf/run/PXD061540.log	/home/ians/git_repos/xHAMLET/logs/stage5_sdrf/status/PXD061540.exit	python src/main.py --pxd PXD061540 --config configs/config.yaml --no-download --nproc 1 --verbose
PXD061541	3206950	/home/ians/git_repos/xHAMLET/logs/stage5_sdrf/run/PXD061541.log	/home/ians/git_repos/xHAMLET/logs/stage5_sdrf/status/PXD061541.exit	python src/main.py --pxd PXD061541 --config configs/config.yaml --no-download --nproc 1 --verbose
PXD061560	3206972	/home/ians/git_repos/xHAMLET/logs/stage5_sdrf/run/PXD061560.log	/home/ians/git_repos/xHAMLET/logs/stage5_sdrf/status/PXD061560.exit	python src/main.py --pxd PXD061560 --config configs/config.yaml --no-download --nproc 1 --verbose
PXD061563	3206982	/home/ians/git_repos/xHAMLET/logs/stage5_sdrf/run/PXD061563.log	/home/ians/git_repos/xHAMLET/logs/stage5_sdrf/status/PXD061563.exit	python src/main.py --pxd PXD061563 --config configs/config.yaml --no-download --nproc 1 --verbose
PXD061564	3207096	/home/ians/git_repos/xHAMLET/logs/stage5_sdrf/run/PXD061564.log	/home/ians/git_repos/xHAMLET/logs/stage5_sdrf/status/PXD061564.exit	python src/main.py --pxd PXD061564 --config configs/config.yaml --no-download --nproc 1 --verbose
PXD061566	3207198	/home/ians/git_repos/xHAMLET/logs/stage5_sdrf/run/PXD061566.log	/home/ians/git_repos/xHAMLET/logs/stage5_sdrf/status/PXD061566.exit	python src/main.py --pxd PXD061566 --config configs/config.yaml --no-download --nproc 1 --verbose
PXD061667	3207281	/home/ians/git_repos/xHAMLET/logs/stage5_sdrf/run/PXD061667.log	/home/ians/git_repos/xHAMLET/logs/stage5_sdrf/status/PXD061667.exit	python src/main.py --pxd PXD061667 --config configs/config.yaml --no-download --nproc 1 --verbose
PXD061687	3207368	/home/ians/git_repos/xHAMLET/logs/stage5_sdrf/run/PXD061687.log	/home/ians/git_repos/xHAMLET/logs/stage5_sdrf/status/PXD061687.exit	python src/main.py --pxd PXD061687 --config configs/config.yaml --no-download --nproc 1 --verbose
PXD061691	3207405	/home/ians/git_repos/xHAMLET/logs/stage5_sdrf/run/PXD061691.log	/home/ians/git_repos/xHAMLET/logs/stage5_sdrf/status/PXD061691.exit	python src/main.py --pxd PXD061691 --config configs/config.yaml --no-download --nproc 1 --verbose
PXD061693	3207574	/home/ians/git_repos/xHAMLET/logs/stage5_sdrf/run/PXD061693.log	/home/ians/git_repos/xHAMLET/logs/stage5_sdrf/status/PXD061693.exit	python src/main.py --pxd PXD061693 --config configs/config.yaml --no-download --nproc 1 --verbose
PXD061712	3207606	/home/ians/git_repos/xHAMLET/logs/stage5_sdrf/run/PXD061712.log	/home/ians/git_repos/xHAMLET/logs/stage5_sdrf/status/PXD061712.exit	python src/main.py --pxd PXD061712 --config configs/config.yaml --no-download --nproc 1 --verbose
PXD061752	3207636	/home/ians/git_repos/xHAMLET/logs/stage5_sdrf/run/PXD061752.log	/home/ians/git_repos/xHAMLET/logs/stage5_sdrf/status/PXD061752.exit	python src/main.py --pxd PXD061752 --config configs/config.yaml --no-download --nproc 1 --verbose
PXD061911	3207724	/home/ians/git_repos/xHAMLET/logs/stage5_sdrf/run/PXD061911.log	/home/ians/git_repos/xHAMLET/logs/stage5_sdrf/status/PXD061911.exit	python src/main.py --pxd PXD061911 --config configs/config.yaml --no-download --nproc 1 --verbose
PXD062002	3207824	/home/ians/git_repos/xHAMLET/logs/stage5_sdrf/run/PXD062002.log	/home/ians/git_repos/xHAMLET/logs/stage5_sdrf/status/PXD062002.exit	python src/main.py --pxd PXD062002 --config configs/config.yaml --no-download --nproc 1 --verbose
PXD062101	3207877	/home/ians/git_repos/xHAMLET/logs/stage5_sdrf/run/PXD062101.log	/home/ians/git_repos/xHAMLET/logs/stage5_sdrf/status/PXD062101.exit	python src/main.py --pxd PXD062101 --config configs/config.yaml --no-download --nproc 1 --verbose
PXD062203	3207913	/home/ians/git_repos/xHAMLET/logs/stage5_sdrf/run/PXD062203.log	/home/ians/git_repos/xHAMLET/logs/stage5_sdrf/status/PXD062203.exit	python src/main.py --pxd PXD062203 --config configs/config.yaml --no-download --nproc 1 --verbose
PXD062293	3207971	/home/ians/git_repos/xHAMLET/logs/stage5_sdrf/run/PXD062293.log	/home/ians/git_repos/xHAMLET/logs/stage5_sdrf/status/PXD062293.exit	python src/main.py --pxd PXD062293 --config configs/config.yaml --no-download --nproc 1 --verbose
PXD062479	3207991	/home/ians/git_repos/xHAMLET/logs/stage5_sdrf/run/PXD062479.log	/home/ians/git_repos/xHAMLET/logs/stage5_sdrf/status/PXD062479.exit	python src/main.py --pxd PXD062479 --config configs/config.yaml --no-download --nproc 1 --verbose
PXD062557	3208092	/home/ians/git_repos/xHAMLET/logs/stage5_sdrf/run/PXD062557.log	/home/ians/git_repos/xHAMLET/logs/stage5_sdrf/status/PXD062557.exit	python src/main.py --pxd PXD062557 --config configs/config.yaml --no-download --nproc 1 --verbose
PXD062600	3208102	/home/ians/git_repos/xHAMLET/logs/stage5_sdrf/run/PXD062600.log	/home/ians/git_repos/xHAMLET/logs/stage5_sdrf/status/PXD062600.exit	python src/main.py --pxd PXD062600 --config configs/config.yaml --no-download --nproc 1 --verbose
PXD062688	3208128	/home/ians/git_repos/xHAMLET/logs/stage5_sdrf/run/PXD062688.log	/home/ians/git_repos/xHAMLET/logs/stage5_sdrf/status/PXD062688.exit	python src/main.py --pxd PXD062688 --config configs/config.yaml --no-download --nproc 1 --verbose
PXD062741	3208155	/home/ians/git_repos/xHAMLET/logs/stage5_sdrf/run/PXD062741.log	/home/ians/git_repos/xHAMLET/logs/stage5_sdrf/status/PXD062741.exit	python src/main.py --pxd PXD062741 --config configs/config.yaml --no-download --nproc 1 --verbose
PXD062870	3208165	/home/ians/git_repos/xHAMLET/logs/stage5_sdrf/run/PXD062870.log	/home/ians/git_repos/xHAMLET/logs/stage5_sdrf/status/PXD062870.exit	python src/main.py --pxd PXD062870 --config configs/config.yaml --no-download --nproc 1 --verbose
PXD062890	3208242	/home/ians/git_repos/xHAMLET/logs/stage5_sdrf/run/PXD062890.log	/home/ians/git_repos/xHAMLET/logs/stage5_sdrf/status/PXD062890.exit	python src/main.py --pxd PXD062890 --config configs/config.yaml --no-download --nproc 1 --verbose
PXD063033	3208746	/home/ians/git_repos/xHAMLET/logs/stage5_sdrf/run/PXD063033.log	/home/ians/git_repos/xHAMLET/logs/stage5_sdrf/status/PXD063033.exit	python src/main.py --pxd PXD063033 --config configs/config.yaml --no-download --nproc 1 --verbose
PXD063145	3208796	/home/ians/git_repos/xHAMLET/logs/stage5_sdrf/run/PXD063145.log	/home/ians/git_repos/xHAMLET/logs/stage5_sdrf/status/PXD063145.exit	python src/main.py --pxd PXD063145 --config configs/config.yaml --no-download --nproc 1 --verbose
PXD063191	3208846	/home/ians/git_repos/xHAMLET/logs/stage5_sdrf/run/PXD063191.log	/home/ians/git_repos/xHAMLET/logs/stage5_sdrf/status/PXD063191.exit	python src/main.py --pxd PXD063191 --config configs/config.yaml --no-download --nproc 1 --verbose
PXD063192	3208941	/home/ians/git_repos/xHAMLET/logs/stage5_sdrf/run/PXD063192.log	/home/ians/git_repos/xHAMLET/logs/stage5_sdrf/status/PXD063192.exit	python src/main.py --pxd PXD063192 --config configs/config.yaml --no-download --nproc 1 --verbose
PXD063709	3208951	/home/ians/git_repos/xHAMLET/logs/stage5_sdrf/run/PXD063709.log	/home/ians/git_repos/xHAMLET/logs/stage5_sdrf/status/PXD063709.exit	python src/main.py --pxd PXD063709 --config configs/config.yaml --no-download --nproc 1 --verbose
PXD063736	3208961	/home/ians/git_repos/xHAMLET/logs/stage5_sdrf/run/PXD063736.log	/home/ians/git_repos/xHAMLET/logs/stage5_sdrf/status/PXD063736.exit	python src/main.py --pxd PXD063736 --config configs/config.yaml --no-download --nproc 1 --verbose
PXD063786	3208971	/home/ians/git_repos/xHAMLET/logs/stage5_sdrf/run/PXD063786.log	/home/ians/git_repos/xHAMLET/logs/stage5_sdrf/status/PXD063786.exit	python src/main.py --pxd PXD063786 --config configs/config.yaml --no-download --nproc 1 --verbose
PXD063825	3209079	/home/ians/git_repos/xHAMLET/logs/stage5_sdrf/run/PXD063825.log	/home/ians/git_repos/xHAMLET/logs/stage5_sdrf/status/PXD063825.exit	python src/main.py --pxd PXD063825 --config configs/config.yaml --no-download --nproc 1 --verbose
PXD063839	3209122	/home/ians/git_repos/xHAMLET/logs/stage5_sdrf/run/PXD063839.log	/home/ians/git_repos/xHAMLET/logs/stage5_sdrf/status/PXD063839.exit	python src/main.py --pxd PXD063839 --config configs/config.yaml --no-download --nproc 1 --verbose
PXD063858	3209132	/home/ians/git_repos/xHAMLET/logs/stage5_sdrf/run/PXD063858.log	/home/ians/git_repos/xHAMLET/logs/stage5_sdrf/status/PXD063858.exit	python src/main.py --pxd PXD063858 --config configs/config.yaml --no-download --nproc 1 --verbose
PXD063968	3209172	/home/ians/git_repos/xHAMLET/logs/stage5_sdrf/run/PXD063968.log	/home/ians/git_repos/xHAMLET/logs/stage5_sdrf/status/PXD063968.exit	python src/main.py --pxd PXD063968 --config configs/config.yaml --no-download --nproc 1 --verbose
PXD064535	3209286	/home/ians/git_repos/xHAMLET/logs/stage5_sdrf/run/PXD064535.log	/home/ians/git_repos/xHAMLET/logs/stage5_sdrf/status/PXD064535.exit	python src/main.py --pxd PXD064535 --config configs/config.yaml --no-download --nproc 1 --verbose
PXD064557	3209375	/home/ians/git_repos/xHAMLET/logs/stage5_sdrf/run/PXD064557.log	/home/ians/git_repos/xHAMLET/logs/stage5_sdrf/status/PXD064557.exit	python src/main.py --pxd PXD064557 --config configs/config.yaml --no-download --nproc 1 --verbose
PXD064792	3209449	/home/ians/git_repos/xHAMLET/logs/stage5_sdrf/run/PXD064792.log	/home/ians/git_repos/xHAMLET/logs/stage5_sdrf/status/PXD064792.exit	python src/main.py --pxd PXD064792 --config configs/config.yaml --no-download --nproc 1 --verbose
PXD064795	3209459	/home/ians/git_repos/xHAMLET/logs/stage5_sdrf/run/PXD064795.log	/home/ians/git_repos/xHAMLET/logs/stage5_sdrf/status/PXD064795.exit	python src/main.py --pxd PXD064795 --config configs/config.yaml --no-download --nproc 1 --verbose
PXD064931	3209525	/home/ians/git_repos/xHAMLET/logs/stage5_sdrf/run/PXD064931.log	/home/ians/git_repos/xHAMLET/logs/stage5_sdrf/status/PXD064931.exit	python src/main.py --pxd PXD064931 --config configs/config.yaml --no-download --nproc 1 --verbose
PXD064932	3209788	/home/ians/git_repos/xHAMLET/logs/stage5_sdrf/run/PXD064932.log	/home/ians/git_repos/xHAMLET/logs/stage5_sdrf/status/PXD064932.exit	python src/main.py --pxd PXD064932 --config configs/config.yaml --no-download --nproc 1 --verbose
PXD065410	3209880	/home/ians/git_repos/xHAMLET/logs/stage5_sdrf/run/PXD065410.log	/home/ians/git_repos/xHAMLET/logs/stage5_sdrf/status/PXD065410.exit	python src/main.py --pxd PXD065410 --config configs/config.yaml --no-download --nproc 1 --verbose
PXD065739	3210033	/home/ians/git_repos/xHAMLET/logs/stage5_sdrf/run/PXD065739.log	/home/ians/git_repos/xHAMLET/logs/stage5_sdrf/status/PXD065739.exit	python src/main.py --pxd PXD065739 --config configs/config.yaml --no-download --nproc 1 --verbose
PXD065858	3210083	/home/ians/git_repos/xHAMLET/logs/stage5_sdrf/run/PXD065858.log	/home/ians/git_repos/xHAMLET/logs/stage5_sdrf/status/PXD065858.exit	python src/main.py --pxd PXD065858 --config configs/config.yaml --no-download --nproc 1 --verbose
PXD065859	3210196	/home/ians/git_repos/xHAMLET/logs/stage5_sdrf/run/PXD065859.log	/home/ians/git_repos/xHAMLET/logs/stage5_sdrf/status/PXD065859.exit	python src/main.py --pxd PXD065859 --config configs/config.yaml --no-download --nproc 1 --verbose
PXD065869	3210232	/home/ians/git_repos/xHAMLET/logs/stage5_sdrf/run/PXD065869.log	/home/ians/git_repos/xHAMLET/logs/stage5_sdrf/status/PXD065869.exit	python src/main.py --pxd PXD065869 --config configs/config.yaml --no-download --nproc 1 --verbose
PXD065870	3210242	/home/ians/git_repos/xHAMLET/logs/stage5_sdrf/run/PXD065870.log	/home/ians/git_repos/xHAMLET/logs/stage5_sdrf/status/PXD065870.exit	python src/main.py --pxd PXD065870 --config configs/config.yaml --no-download --nproc 1 --verbose
PXD065871	3210422	/home/ians/git_repos/xHAMLET/logs/stage5_sdrf/run/PXD065871.log	/home/ians/git_repos/xHAMLET/logs/stage5_sdrf/status/PXD065871.exit	python src/main.py --pxd PXD065871 --config configs/config.yaml --no-download --nproc 1 --verbose
PXD065905	3210474	/home/ians/git_repos/xHAMLET/logs/stage5_sdrf/run/PXD065905.log	/home/ians/git_repos/xHAMLET/logs/stage5_sdrf/status/PXD065905.exit	python src/main.py --pxd PXD065905 --config configs/config.yaml --no-download --nproc 1 --verbose
PXD065912	3210544	/home/ians/git_repos/xHAMLET/logs/stage5_sdrf/run/PXD065912.log	/home/ians/git_repos/xHAMLET/logs/stage5_sdrf/status/PXD065912.exit	python src/main.py --pxd PXD065912 --config configs/config.yaml --no-download --nproc 1 --verbose
PXD065946	3210593	/home/ians/git_repos/xHAMLET/logs/stage5_sdrf/run/PXD065946.log	/home/ians/git_repos/xHAMLET/logs/stage5_sdrf/status/PXD065946.exit	python src/main.py --pxd PXD065946 --config configs/config.yaml --no-download --nproc 1 --verbose
PXD065949	3210617	/home/ians/git_repos/xHAMLET/logs/stage5_sdrf/run/PXD065949.log	/home/ians/git_repos/xHAMLET/logs/stage5_sdrf/status/PXD065949.exit	python src/main.py --pxd PXD065949 --config configs/config.yaml --no-download --nproc 1 --verbose
PXD065956	3210627	/home/ians/git_repos/xHAMLET/logs/stage5_sdrf/run/PXD065956.log	/home/ians/git_repos/xHAMLET/logs/stage5_sdrf/status/PXD065956.exit	python src/main.py --pxd PXD065956 --config configs/config.yaml --no-download --nproc 1 --verbose
PXD065958	3210742	/home/ians/git_repos/xHAMLET/logs/stage5_sdrf/run/PXD065958.log	/home/ians/git_repos/xHAMLET/logs/stage5_sdrf/status/PXD065958.exit	python src/main.py --pxd PXD065958 --config configs/config.yaml --no-download --nproc 1 --verbose
PXD065961	3210752	/home/ians/git_repos/xHAMLET/logs/stage5_sdrf/run/PXD065961.log	/home/ians/git_repos/xHAMLET/logs/stage5_sdrf/status/PXD065961.exit	python src/main.py --pxd PXD065961 --config configs/config.yaml --no-download --nproc 1 --verbose
PXD066067	3210795	/home/ians/git_repos/xHAMLET/logs/stage5_sdrf/run/PXD066067.log	/home/ians/git_repos/xHAMLET/logs/stage5_sdrf/status/PXD066067.exit	python src/main.py --pxd PXD066067 --config configs/config.yaml --no-download --nproc 1 --verbose
PXD066251	3210870	/home/ians/git_repos/xHAMLET/logs/stage5_sdrf/run/PXD066251.log	/home/ians/git_repos/xHAMLET/logs/stage5_sdrf/status/PXD066251.exit	python src/main.py --pxd PXD066251 --config configs/config.yaml --no-download --nproc 1 --verbose
PXD066655	3210938	/home/ians/git_repos/xHAMLET/logs/stage5_sdrf/run/PXD066655.log	/home/ians/git_repos/xHAMLET/logs/stage5_sdrf/status/PXD066655.exit	python src/main.py --pxd PXD066655 --config configs/config.yaml --no-download --nproc 1 --verbose
PXD066874	3210992	/home/ians/git_repos/xHAMLET/logs/stage5_sdrf/run/PXD066874.log	/home/ians/git_repos/xHAMLET/logs/stage5_sdrf/status/PXD066874.exit	python src/main.py --pxd PXD066874 --config configs/config.yaml --no-download --nproc 1 --verbose
PXD067296	3211032	/home/ians/git_repos/xHAMLET/logs/stage5_sdrf/run/PXD067296.log	/home/ians/git_repos/xHAMLET/logs/stage5_sdrf/status/PXD067296.exit	python src/main.py --pxd PXD067296 --config configs/config.yaml --no-download --nproc 1 --verbose
PXD067324	3211223	/home/ians/git_repos/xHAMLET/logs/stage5_sdrf/run/PXD067324.log	/home/ians/git_repos/xHAMLET/logs/stage5_sdrf/status/PXD067324.exit	python src/main.py --pxd PXD067324 --config configs/config.yaml --no-download --nproc 1 --verbose
PXD067352	3211233	/home/ians/git_repos/xHAMLET/logs/stage5_sdrf/run/PXD067352.log	/home/ians/git_repos/xHAMLET/logs/stage5_sdrf/status/PXD067352.exit	python src/main.py --pxd PXD067352 --config configs/config.yaml --no-download --nproc 1 --verbose
PXD067354	3211269	/home/ians/git_repos/xHAMLET/logs/stage5_sdrf/run/PXD067354.log	/home/ians/git_repos/xHAMLET/logs/stage5_sdrf/status/PXD067354.exit	python src/main.py --pxd PXD067354 --config configs/config.yaml --no-download --nproc 1 --verbose
PXD068129	3211481	/home/ians/git_repos/xHAMLET/logs/stage5_sdrf/run/PXD068129.log	/home/ians/git_repos/xHAMLET/logs/stage5_sdrf/status/PXD068129.exit	python src/main.py --pxd PXD068129 --config configs/config.yaml --no-download --nproc 1 --verbose
PXD069219	3211523	/home/ians/git_repos/xHAMLET/logs/stage5_sdrf/run/PXD069219.log	/home/ians/git_repos/xHAMLET/logs/stage5_sdrf/status/PXD069219.exit	python src/main.py --pxd PXD069219 --config configs/config.yaml --no-download --nproc 1 --verbose
PXD069360	3211533	/home/ians/git_repos/xHAMLET/logs/stage5_sdrf/run/PXD069360.log	/home/ians/git_repos/xHAMLET/logs/stage5_sdrf/status/PXD069360.exit	python src/main.py --pxd PXD069360 --config configs/config.yaml --no-download --nproc 1 --verbose
PXD069512	3211583	/home/ians/git_repos/xHAMLET/logs/stage5_sdrf/run/PXD069512.log	/home/ians/git_repos/xHAMLET/logs/stage5_sdrf/status/PXD069512.exit	python src/main.py --pxd PXD069512 --config configs/config.yaml --no-download --nproc 1 --verbose
PXD069844	3211763	/home/ians/git_repos/xHAMLET/logs/stage5_sdrf/run/PXD069844.log	/home/ians/git_repos/xHAMLET/logs/stage5_sdrf/status/PXD069844.exit	python src/main.py --pxd PXD069844 --config configs/config.yaml --no-download --nproc 1 --verbose
