source name	characteristics[organism]	characteristics[organism part]	characteristics[cell type]	characteristics[biological replicate]	assay name	technology type	comment[proteomics data acquisition method]	comment[label]	comment[fraction identifier]	comment[technical replicate]	comment[instrument]	comment[cleavage agent details]	comment[modification parameters]	comment[modification parameters]	comment[collision energy]	comment[dissociation method]	comment[cross-linker]	comment[crosslink enrichment method]	comment[crosslinker concentration]	comment[crosslinker to protein ratio]	comment[crosslinking reaction time]	comment[crosslinking temperature]	comment[data file]	comment[sdrf template]	comment[sdrf template]	comment[sdrf template]
PXD025391_VE20160714-138	Homo sapiens	not available	not available	1	PXD025391_VE20160714-138_assay	proteomic profiling by mass spectrometry	data-dependent acquisition	NT=label free sample;AC=MS:1002038	1	1	not available	NT=Trypsin;AC=MS:1001251	NT=Carbamidomethyl;AC=UNIMOD:4;TA=C;MT=Fixed	NT=DSSO remnant;AC=null;TA=null;MT=Variable	not available	not available	NT=DSSO;AC=XLMOD:02126;CL=yes;TA=K,S,T,Y,nterm;MH=54.01;ML=85.98	not available	not available	not available	30 min	37 °C	VE20160714-138.raw	NT=ms-proteomics;VV=v1.1.0	NT=crosslinking;VV=v1.0.0	NT=human;VV=v1.1.0
PXD025391_VE20150103-09	Homo sapiens	not available	not available	2	PXD025391_VE20150103-09_assay	proteomic profiling by mass spectrometry	data-dependent acquisition	NT=label free sample;AC=MS:1002038	1	1	not available	NT=Trypsin;AC=MS:1001251	NT=Carbamidomethyl;AC=UNIMOD:4;TA=C;MT=Fixed	NT=DSSO remnant;AC=null;TA=null;MT=Variable	not available	not available	NT=DSSO;AC=XLMOD:02126;CL=yes;TA=K,S,T,Y,nterm;MH=54.01;ML=85.98	not available	not available	not available	30 min	37 °C	VE20150103-09.raw	NT=ms-proteomics;VV=v1.1.0	NT=crosslinking;VV=v1.0.0	NT=human;VV=v1.1.0
PXD025391_VE20160714-133	Homo sapiens	not available	not available	3	PXD025391_VE20160714-133_assay	proteomic profiling by mass spectrometry	data-dependent acquisition	NT=label free sample;AC=MS:1002038	1	1	not available	NT=Trypsin;AC=MS:1001251	NT=Carbamidomethyl;AC=UNIMOD:4;TA=C;MT=Fixed	NT=DSSO remnant;AC=null;TA=null;MT=Variable	not available	not available	NT=DSSO;AC=XLMOD:02126;CL=yes;TA=K,S,T,Y,nterm;MH=54.01;ML=85.98	not available	not available	not available	30 min	37 °C	VE20160714-133.raw	NT=ms-proteomics;VV=v1.1.0	NT=crosslinking;VV=v1.0.0	NT=human;VV=v1.1.0
PXD025391_QE20150802-19	Homo sapiens	not available	not available	4	PXD025391_QE20150802-19_assay	proteomic profiling by mass spectrometry	data-dependent acquisition	NT=label free sample;AC=MS:1002038	1	1	not available	NT=Trypsin;AC=MS:1001251	NT=Carbamidomethyl;AC=UNIMOD:4;TA=C;MT=Fixed	NT=DSSO remnant;AC=null;TA=null;MT=Variable	not available	not available	NT=DSSO;AC=XLMOD:02126;CL=yes;TA=K,S,T,Y,nterm;MH=54.01;ML=85.98	not available	not available	not available	30 min	37 °C	QE20150802-19.raw	NT=ms-proteomics;VV=v1.1.0	NT=crosslinking;VV=v1.0.0	NT=human;VV=v1.1.0
PXD025391_QE20150802-32	Homo sapiens	not available	not available	5	PXD025391_QE20150802-32_assay	proteomic profiling by mass spectrometry	data-dependent acquisition	NT=label free sample;AC=MS:1002038	1	1	not available	NT=Trypsin;AC=MS:1001251	NT=Carbamidomethyl;AC=UNIMOD:4;TA=C;MT=Fixed	NT=DSSO remnant;AC=null;TA=null;MT=Variable	not available	not available	NT=DSSO;AC=XLMOD:02126;CL=yes;TA=K,S,T,Y,nterm;MH=54.01;ML=85.98	not available	not available	not available	30 min	37 °C	QE20150802-32.raw	NT=ms-proteomics;VV=v1.1.0	NT=crosslinking;VV=v1.0.0	NT=human;VV=v1.1.0
PXD025391_VE20160105-13	Homo sapiens	not available	not available	6	PXD025391_VE20160105-13_assay	proteomic profiling by mass spectrometry	data-dependent acquisition	NT=label free sample;AC=MS:1002038	1	1	not available	NT=Trypsin;AC=MS:1001251	NT=Carbamidomethyl;AC=UNIMOD:4;TA=C;MT=Fixed	NT=DSSO remnant;AC=null;TA=null;MT=Variable	not available	not available	NT=DSSO;AC=XLMOD:02126;CL=yes;TA=K,S,T,Y,nterm;MH=54.01;ML=85.98	not available	not available	not available	30 min	37 °C	VE20160105-13.raw	NT=ms-proteomics;VV=v1.1.0	NT=crosslinking;VV=v1.0.0	NT=human;VV=v1.1.0
PXD025391_VE20150618-05_A	Homo sapiens	not available	not available	7	PXD025391_VE20150618-05_A_assay	proteomic profiling by mass spectrometry	data-dependent acquisition	NT=label free sample;AC=MS:1002038	1	1	not available	NT=Trypsin;AC=MS:1001251	NT=Carbamidomethyl;AC=UNIMOD:4;TA=C;MT=Fixed	NT=DSSO remnant;AC=null;TA=null;MT=Variable	not available	not available	NT=DSSO;AC=XLMOD:02126;CL=yes;TA=K,S,T,Y,nterm;MH=54.01;ML=85.98	not available	not available	not available	30 min	37 °C	VE20150618-05_A.raw	NT=ms-proteomics;VV=v1.1.0	NT=crosslinking;VV=v1.0.0	NT=human;VV=v1.1.0
PXD025391_VE20150103-32	Homo sapiens	not available	not available	8	PXD025391_VE20150103-32_assay	proteomic profiling by mass spectrometry	data-dependent acquisition	NT=label free sample;AC=MS:1002038	1	1	not available	NT=Trypsin;AC=MS:1001251	NT=Carbamidomethyl;AC=UNIMOD:4;TA=C;MT=Fixed	NT=DSSO remnant;AC=null;TA=null;MT=Variable	not available	not available	NT=DSSO;AC=XLMOD:02126;CL=yes;TA=K,S,T,Y,nterm;MH=54.01;ML=85.98	not available	not available	not available	30 min	37 °C	VE20150103-32.raw	NT=ms-proteomics;VV=v1.1.0	NT=crosslinking;VV=v1.0.0	NT=human;VV=v1.1.0
PXD025391_VE20160226-07	Homo sapiens	not available	not available	9	PXD025391_VE20160226-07_assay	proteomic profiling by mass spectrometry	data-dependent acquisition	NT=label free sample;AC=MS:1002038	1	1	not available	NT=Trypsin;AC=MS:1001251	NT=Carbamidomethyl;AC=UNIMOD:4;TA=C;MT=Fixed	NT=DSSO remnant;AC=null;TA=null;MT=Variable	not available	not available	NT=DSSO;AC=XLMOD:02126;CL=yes;TA=K,S,T,Y,nterm;MH=54.01;ML=85.98	not available	not available	not available	30 min	37 °C	VE20160226-07.raw	NT=ms-proteomics;VV=v1.1.0	NT=crosslinking;VV=v1.0.0	NT=human;VV=v1.1.0
PXD025391_QE20150802-18	Homo sapiens	not available	not available	10	PXD025391_QE20150802-18_assay	proteomic profiling by mass spectrometry	data-dependent acquisition	NT=label free sample;AC=MS:1002038	1	1	not available	NT=Trypsin;AC=MS:1001251	NT=Carbamidomethyl;AC=UNIMOD:4;TA=C;MT=Fixed	NT=DSSO remnant;AC=null;TA=null;MT=Variable	not available	not available	NT=DSSO;AC=XLMOD:02126;CL=yes;TA=K,S,T,Y,nterm;MH=54.01;ML=85.98	not available	not available	not available	30 min	37 °C	QE20150802-18.raw	NT=ms-proteomics;VV=v1.1.0	NT=crosslinking;VV=v1.0.0	NT=human;VV=v1.1.0
PXD025391_VE20160603-16	Homo sapiens	not available	not available	11	PXD025391_VE20160603-16_assay	proteomic profiling by mass spectrometry	data-dependent acquisition	NT=label free sample;AC=MS:1002038	1	1	not available	NT=Trypsin;AC=MS:1001251	NT=Carbamidomethyl;AC=UNIMOD:4;TA=C;MT=Fixed	NT=DSSO remnant;AC=null;TA=null;MT=Variable	not available	not available	NT=DSSO;AC=XLMOD:02126;CL=yes;TA=K,S,T,Y,nterm;MH=54.01;ML=85.98	not available	not available	not available	30 min	37 °C	VE20160603-16.raw	NT=ms-proteomics;VV=v1.1.0	NT=crosslinking;VV=v1.0.0	NT=human;VV=v1.1.0
PXD025391_VE20160714-01	Homo sapiens	not available	not available	12	PXD025391_VE20160714-01_assay	proteomic profiling by mass spectrometry	data-dependent acquisition	NT=label free sample;AC=MS:1002038	1	1	not available	NT=Trypsin;AC=MS:1001251	NT=Carbamidomethyl;AC=UNIMOD:4;TA=C;MT=Fixed	NT=DSSO remnant;AC=null;TA=null;MT=Variable	not available	not available	NT=DSSO;AC=XLMOD:02126;CL=yes;TA=K,S,T,Y,nterm;MH=54.01;ML=85.98	not available	not available	not available	30 min	37 °C	VE20160714-01.raw	NT=ms-proteomics;VV=v1.1.0	NT=crosslinking;VV=v1.0.0	NT=human;VV=v1.1.0
PXD025391_QE20150802-21	Homo sapiens	not available	not available	13	PXD025391_QE20150802-21_assay	proteomic profiling by mass spectrometry	data-dependent acquisition	NT=label free sample;AC=MS:1002038	1	1	not available	NT=Trypsin;AC=MS:1001251	NT=Carbamidomethyl;AC=UNIMOD:4;TA=C;MT=Fixed	NT=DSSO remnant;AC=null;TA=null;MT=Variable	not available	not available	NT=DSSO;AC=XLMOD:02126;CL=yes;TA=K,S,T,Y,nterm;MH=54.01;ML=85.98	not available	not available	not available	30 min	37 °C	QE20150802-21.raw	NT=ms-proteomics;VV=v1.1.0	NT=crosslinking;VV=v1.0.0	NT=human;VV=v1.1.0
PXD025391_VE20160714-23	Homo sapiens	not available	not available	14	PXD025391_VE20160714-23_assay	proteomic profiling by mass spectrometry	data-dependent acquisition	NT=label free sample;AC=MS:1002038	1	1	not available	NT=Trypsin;AC=MS:1001251	NT=Carbamidomethyl;AC=UNIMOD:4;TA=C;MT=Fixed	NT=DSSO remnant;AC=null;TA=null;MT=Variable	not available	not available	NT=DSSO;AC=XLMOD:02126;CL=yes;TA=K,S,T,Y,nterm;MH=54.01;ML=85.98	not available	not available	not available	30 min	37 °C	VE20160714-23.raw	NT=ms-proteomics;VV=v1.1.0	NT=crosslinking;VV=v1.0.0	NT=human;VV=v1.1.0
PXD025391_QE20150425-17	Homo sapiens	not available	not available	15	PXD025391_QE20150425-17_assay	proteomic profiling by mass spectrometry	data-dependent acquisition	NT=label free sample;AC=MS:1002038	1	1	not available	NT=Trypsin;AC=MS:1001251	NT=Carbamidomethyl;AC=UNIMOD:4;TA=C;MT=Fixed	NT=DSSO remnant;AC=null;TA=null;MT=Variable	not available	not available	NT=DSSO;AC=XLMOD:02126;CL=yes;TA=K,S,T,Y,nterm;MH=54.01;ML=85.98	not available	not available	not available	30 min	37 °C	QE20150425-17.raw	NT=ms-proteomics;VV=v1.1.0	NT=crosslinking;VV=v1.0.0	NT=human;VV=v1.1.0
PXD025391_VE20160714-62	Homo sapiens	not available	not available	16	PXD025391_VE20160714-62_assay	proteomic profiling by mass spectrometry	data-dependent acquisition	NT=label free sample;AC=MS:1002038	1	1	not available	NT=Trypsin;AC=MS:1001251	NT=Carbamidomethyl;AC=UNIMOD:4;TA=C;MT=Fixed	NT=DSSO remnant;AC=null;TA=null;MT=Variable	not available	not available	NT=DSSO;AC=XLMOD:02126;CL=yes;TA=K,S,T,Y,nterm;MH=54.01;ML=85.98	not available	not available	not available	30 min	37 °C	VE20160714-62.raw	NT=ms-proteomics;VV=v1.1.0	NT=crosslinking;VV=v1.0.0	NT=human;VV=v1.1.0
PXD025391_VE20150907-14	Homo sapiens	not available	not available	17	PXD025391_VE20150907-14_assay	proteomic profiling by mass spectrometry	data-dependent acquisition	NT=label free sample;AC=MS:1002038	1	1	not available	NT=Trypsin;AC=MS:1001251	NT=Carbamidomethyl;AC=UNIMOD:4;TA=C;MT=Fixed	NT=DSSO remnant;AC=null;TA=null;MT=Variable	not available	not available	NT=DSSO;AC=XLMOD:02126;CL=yes;TA=K,S,T,Y,nterm;MH=54.01;ML=85.98	not available	not available	not available	30 min	37 °C	VE20150907-14.raw	NT=ms-proteomics;VV=v1.1.0	NT=crosslinking;VV=v1.0.0	NT=human;VV=v1.1.0
PXD025391_VE20160714-34	Homo sapiens	not available	not available	18	PXD025391_VE20160714-34_assay	proteomic profiling by mass spectrometry	data-dependent acquisition	NT=label free sample;AC=MS:1002038	1	1	not available	NT=Trypsin;AC=MS:1001251	NT=Carbamidomethyl;AC=UNIMOD:4;TA=C;MT=Fixed	NT=DSSO remnant;AC=null;TA=null;MT=Variable	not available	not available	NT=DSSO;AC=XLMOD:02126;CL=yes;TA=K,S,T,Y,nterm;MH=54.01;ML=85.98	not available	not available	not available	30 min	37 °C	VE20160714-34.raw	NT=ms-proteomics;VV=v1.1.0	NT=crosslinking;VV=v1.0.0	NT=human;VV=v1.1.0
PXD025391_VE20160226-20	Homo sapiens	not available	not available	19	PXD025391_VE20160226-20_assay	proteomic profiling by mass spectrometry	data-dependent acquisition	NT=label free sample;AC=MS:1002038	1	1	not available	NT=Trypsin;AC=MS:1001251	NT=Carbamidomethyl;AC=UNIMOD:4;TA=C;MT=Fixed	NT=DSSO remnant;AC=null;TA=null;MT=Variable	not available	not available	NT=DSSO;AC=XLMOD:02126;CL=yes;TA=K,S,T,Y,nterm;MH=54.01;ML=85.98	not available	not available	not available	30 min	37 °C	VE20160226-20.raw	NT=ms-proteomics;VV=v1.1.0	NT=crosslinking;VV=v1.0.0	NT=human;VV=v1.1.0
PXD025391_QE20150802-27	Homo sapiens	not available	not available	20	PXD025391_QE20150802-27_assay	proteomic profiling by mass spectrometry	data-dependent acquisition	NT=label free sample;AC=MS:1002038	1	1	not available	NT=Trypsin;AC=MS:1001251	NT=Carbamidomethyl;AC=UNIMOD:4;TA=C;MT=Fixed	NT=DSSO remnant;AC=null;TA=null;MT=Variable	not available	not available	NT=DSSO;AC=XLMOD:02126;CL=yes;TA=K,S,T,Y,nterm;MH=54.01;ML=85.98	not available	not available	not available	30 min	37 °C	QE20150802-27.raw	NT=ms-proteomics;VV=v1.1.0	NT=crosslinking;VV=v1.0.0	NT=human;VV=v1.1.0
PXD025391_VE20160714-20	Homo sapiens	not available	not available	21	PXD025391_VE20160714-20_assay	proteomic profiling by mass spectrometry	data-dependent acquisition	NT=label free sample;AC=MS:1002038	1	1	not available	NT=Trypsin;AC=MS:1001251	NT=Carbamidomethyl;AC=UNIMOD:4;TA=C;MT=Fixed	NT=DSSO remnant;AC=null;TA=null;MT=Variable	not available	not available	NT=DSSO;AC=XLMOD:02126;CL=yes;TA=K,S,T,Y,nterm;MH=54.01;ML=85.98	not available	not available	not available	30 min	37 °C	VE20160714-20.raw	NT=ms-proteomics;VV=v1.1.0	NT=crosslinking;VV=v1.0.0	NT=human;VV=v1.1.0
PXD025391_VE20160714-63	Homo sapiens	not available	not available	22	PXD025391_VE20160714-63_assay	proteomic profiling by mass spectrometry	data-dependent acquisition	NT=label free sample;AC=MS:1002038	1	1	not available	NT=Trypsin;AC=MS:1001251	NT=Carbamidomethyl;AC=UNIMOD:4;TA=C;MT=Fixed	NT=DSSO remnant;AC=null;TA=null;MT=Variable	not available	not available	NT=DSSO;AC=XLMOD:02126;CL=yes;TA=K,S,T,Y,nterm;MH=54.01;ML=85.98	not available	not available	not available	30 min	37 °C	VE20160714-63.raw	NT=ms-proteomics;VV=v1.1.0	NT=crosslinking;VV=v1.0.0	NT=human;VV=v1.1.0
PXD025391_VE20160714-14	Homo sapiens	not available	not available	23	PXD025391_VE20160714-14_assay	proteomic profiling by mass spectrometry	data-dependent acquisition	NT=label free sample;AC=MS:1002038	1	1	not available	NT=Trypsin;AC=MS:1001251	NT=Carbamidomethyl;AC=UNIMOD:4;TA=C;MT=Fixed	NT=DSSO remnant;AC=null;TA=null;MT=Variable	not available	not available	NT=DSSO;AC=XLMOD:02126;CL=yes;TA=K,S,T,Y,nterm;MH=54.01;ML=85.98	not available	not available	not available	30 min	37 °C	VE20160714-14.raw	NT=ms-proteomics;VV=v1.1.0	NT=crosslinking;VV=v1.0.0	NT=human;VV=v1.1.0
PXD025391_QE20150802-33	Homo sapiens	not available	not available	24	PXD025391_QE20150802-33_assay	proteomic profiling by mass spectrometry	data-dependent acquisition	NT=label free sample;AC=MS:1002038	1	1	not available	NT=Trypsin;AC=MS:1001251	NT=Carbamidomethyl;AC=UNIMOD:4;TA=C;MT=Fixed	NT=DSSO remnant;AC=null;TA=null;MT=Variable	not available	not available	NT=DSSO;AC=XLMOD:02126;CL=yes;TA=K,S,T,Y,nterm;MH=54.01;ML=85.98	not available	not available	not available	30 min	37 °C	QE20150802-33.raw	NT=ms-proteomics;VV=v1.1.0	NT=crosslinking;VV=v1.0.0	NT=human;VV=v1.1.0
PXD025391_VE20150103-38	Homo sapiens	not available	not available	25	PXD025391_VE20150103-38_assay	proteomic profiling by mass spectrometry	data-dependent acquisition	NT=label free sample;AC=MS:1002038	1	1	not available	NT=Trypsin;AC=MS:1001251	NT=Carbamidomethyl;AC=UNIMOD:4;TA=C;MT=Fixed	NT=DSSO remnant;AC=null;TA=null;MT=Variable	not available	not available	NT=DSSO;AC=XLMOD:02126;CL=yes;TA=K,S,T,Y,nterm;MH=54.01;ML=85.98	not available	not available	not available	30 min	37 °C	VE20150103-38.raw	NT=ms-proteomics;VV=v1.1.0	NT=crosslinking;VV=v1.0.0	NT=human;VV=v1.1.0
PXD025391_QE20150613-13	Homo sapiens	not available	not available	26	PXD025391_QE20150613-13_assay	proteomic profiling by mass spectrometry	data-dependent acquisition	NT=label free sample;AC=MS:1002038	1	1	not available	NT=Trypsin;AC=MS:1001251	NT=Carbamidomethyl;AC=UNIMOD:4;TA=C;MT=Fixed	NT=DSSO remnant;AC=null;TA=null;MT=Variable	not available	not available	NT=DSSO;AC=XLMOD:02126;CL=yes;TA=K,S,T,Y,nterm;MH=54.01;ML=85.98	not available	not available	not available	30 min	37 °C	QE20150613-13.raw	NT=ms-proteomics;VV=v1.1.0	NT=crosslinking;VV=v1.0.0	NT=human;VV=v1.1.0
PXD025391_VE20160603-28	Homo sapiens	not available	not available	27	PXD025391_VE20160603-28_assay	proteomic profiling by mass spectrometry	data-dependent acquisition	NT=label free sample;AC=MS:1002038	1	1	not available	NT=Trypsin;AC=MS:1001251	NT=Carbamidomethyl;AC=UNIMOD:4;TA=C;MT=Fixed	NT=DSSO remnant;AC=null;TA=null;MT=Variable	not available	not available	NT=DSSO;AC=XLMOD:02126;CL=yes;TA=K,S,T,Y,nterm;MH=54.01;ML=85.98	not available	not available	not available	30 min	37 °C	VE20160603-28.raw	NT=ms-proteomics;VV=v1.1.0	NT=crosslinking;VV=v1.0.0	NT=human;VV=v1.1.0
PXD025391_VE20160603-14	Homo sapiens	not available	not available	28	PXD025391_VE20160603-14_assay	proteomic profiling by mass spectrometry	data-dependent acquisition	NT=label free sample;AC=MS:1002038	1	1	not available	NT=Trypsin;AC=MS:1001251	NT=Carbamidomethyl;AC=UNIMOD:4;TA=C;MT=Fixed	NT=DSSO remnant;AC=null;TA=null;MT=Variable	not available	not available	NT=DSSO;AC=XLMOD:02126;CL=yes;TA=K,S,T,Y,nterm;MH=54.01;ML=85.98	not available	not available	not available	30 min	37 °C	VE20160603-14.raw	NT=ms-proteomics;VV=v1.1.0	NT=crosslinking;VV=v1.0.0	NT=human;VV=v1.1.0
PXD025391_QE20150802-25	Homo sapiens	not available	not available	29	PXD025391_QE20150802-25_assay	proteomic profiling by mass spectrometry	data-dependent acquisition	NT=label free sample;AC=MS:1002038	1	1	not available	NT=Trypsin;AC=MS:1001251	NT=Carbamidomethyl;AC=UNIMOD:4;TA=C;MT=Fixed	NT=DSSO remnant;AC=null;TA=null;MT=Variable	not available	not available	NT=DSSO;AC=XLMOD:02126;CL=yes;TA=K,S,T,Y,nterm;MH=54.01;ML=85.98	not available	not available	not available	30 min	37 °C	QE20150802-25.raw	NT=ms-proteomics;VV=v1.1.0	NT=crosslinking;VV=v1.0.0	NT=human;VV=v1.1.0
PXD025391_QE20150425-09	Homo sapiens	not available	not available	30	PXD025391_QE20150425-09_assay	proteomic profiling by mass spectrometry	data-dependent acquisition	NT=label free sample;AC=MS:1002038	1	1	not available	NT=Trypsin;AC=MS:1001251	NT=Carbamidomethyl;AC=UNIMOD:4;TA=C;MT=Fixed	NT=DSSO remnant;AC=null;TA=null;MT=Variable	not available	not available	NT=DSSO;AC=XLMOD:02126;CL=yes;TA=K,S,T,Y,nterm;MH=54.01;ML=85.98	not available	not available	not available	30 min	37 °C	QE20150425-09.raw	NT=ms-proteomics;VV=v1.1.0	NT=crosslinking;VV=v1.0.0	NT=human;VV=v1.1.0
PXD025391_VE20150103-26	Homo sapiens	not available	not available	31	PXD025391_VE20150103-26_assay	proteomic profiling by mass spectrometry	data-dependent acquisition	NT=label free sample;AC=MS:1002038	1	1	not available	NT=Trypsin;AC=MS:1001251	NT=Carbamidomethyl;AC=UNIMOD:4;TA=C;MT=Fixed	NT=DSSO remnant;AC=null;TA=null;MT=Variable	not available	not available	NT=DSSO;AC=XLMOD:02126;CL=yes;TA=K,S,T,Y,nterm;MH=54.01;ML=85.98	not available	not available	not available	30 min	37 °C	VE20150103-26.raw	NT=ms-proteomics;VV=v1.1.0	NT=crosslinking;VV=v1.0.0	NT=human;VV=v1.1.0
PXD025391_VE20150618-02_A	Homo sapiens	not available	not available	32	PXD025391_VE20150618-02_A_assay	proteomic profiling by mass spectrometry	data-dependent acquisition	NT=label free sample;AC=MS:1002038	1	1	not available	NT=Trypsin;AC=MS:1001251	NT=Carbamidomethyl;AC=UNIMOD:4;TA=C;MT=Fixed	NT=DSSO remnant;AC=null;TA=null;MT=Variable	not available	not available	NT=DSSO;AC=XLMOD:02126;CL=yes;TA=K,S,T,Y,nterm;MH=54.01;ML=85.98	not available	not available	not available	30 min	37 °C	VE20150618-02_A.raw	NT=ms-proteomics;VV=v1.1.0	NT=crosslinking;VV=v1.0.0	NT=human;VV=v1.1.0
PXD025391_QE20150802-13	Homo sapiens	not available	not available	33	PXD025391_QE20150802-13_assay	proteomic profiling by mass spectrometry	data-dependent acquisition	NT=label free sample;AC=MS:1002038	1	1	not available	NT=Trypsin;AC=MS:1001251	NT=Carbamidomethyl;AC=UNIMOD:4;TA=C;MT=Fixed	NT=DSSO remnant;AC=null;TA=null;MT=Variable	not available	not available	NT=DSSO;AC=XLMOD:02126;CL=yes;TA=K,S,T,Y,nterm;MH=54.01;ML=85.98	not available	not available	not available	30 min	37 °C	QE20150802-13.raw	NT=ms-proteomics;VV=v1.1.0	NT=crosslinking;VV=v1.0.0	NT=human;VV=v1.1.0
PXD025391_QE20150802-10	Homo sapiens	not available	not available	34	PXD025391_QE20150802-10_assay	proteomic profiling by mass spectrometry	data-dependent acquisition	NT=label free sample;AC=MS:1002038	1	1	not available	NT=Trypsin;AC=MS:1001251	NT=Carbamidomethyl;AC=UNIMOD:4;TA=C;MT=Fixed	NT=DSSO remnant;AC=null;TA=null;MT=Variable	not available	not available	NT=DSSO;AC=XLMOD:02126;CL=yes;TA=K,S,T,Y,nterm;MH=54.01;ML=85.98	not available	not available	not available	30 min	37 °C	QE20150802-10.raw	NT=ms-proteomics;VV=v1.1.0	NT=crosslinking;VV=v1.0.0	NT=human;VV=v1.1.0
PXD025391_VE20160603-07	Homo sapiens	not available	not available	35	PXD025391_VE20160603-07_assay	proteomic profiling by mass spectrometry	data-dependent acquisition	NT=label free sample;AC=MS:1002038	1	1	not available	NT=Trypsin;AC=MS:1001251	NT=Carbamidomethyl;AC=UNIMOD:4;TA=C;MT=Fixed	NT=DSSO remnant;AC=null;TA=null;MT=Variable	not available	not available	NT=DSSO;AC=XLMOD:02126;CL=yes;TA=K,S,T,Y,nterm;MH=54.01;ML=85.98	not available	not available	not available	30 min	37 °C	VE20160603-07.raw	NT=ms-proteomics;VV=v1.1.0	NT=crosslinking;VV=v1.0.0	NT=human;VV=v1.1.0
PXD025391_QE20150425-16	Homo sapiens	not available	not available	36	PXD025391_QE20150425-16_assay	proteomic profiling by mass spectrometry	data-dependent acquisition	NT=label free sample;AC=MS:1002038	1	1	not available	NT=Trypsin;AC=MS:1001251	NT=Carbamidomethyl;AC=UNIMOD:4;TA=C;MT=Fixed	NT=DSSO remnant;AC=null;TA=null;MT=Variable	not available	not available	NT=DSSO;AC=XLMOD:02126;CL=yes;TA=K,S,T,Y,nterm;MH=54.01;ML=85.98	not available	not available	not available	30 min	37 °C	QE20150425-16.raw	NT=ms-proteomics;VV=v1.1.0	NT=crosslinking;VV=v1.0.0	NT=human;VV=v1.1.0
PXD025391_QE20150613-11	Homo sapiens	not available	not available	37	PXD025391_QE20150613-11_assay	proteomic profiling by mass spectrometry	data-dependent acquisition	NT=label free sample;AC=MS:1002038	1	1	not available	NT=Trypsin;AC=MS:1001251	NT=Carbamidomethyl;AC=UNIMOD:4;TA=C;MT=Fixed	NT=DSSO remnant;AC=null;TA=null;MT=Variable	not available	not available	NT=DSSO;AC=XLMOD:02126;CL=yes;TA=K,S,T,Y,nterm;MH=54.01;ML=85.98	not available	not available	not available	30 min	37 °C	QE20150613-11.raw	NT=ms-proteomics;VV=v1.1.0	NT=crosslinking;VV=v1.0.0	NT=human;VV=v1.1.0
PXD025391_VE20160714-80	Homo sapiens	not available	not available	38	PXD025391_VE20160714-80_assay	proteomic profiling by mass spectrometry	data-dependent acquisition	NT=label free sample;AC=MS:1002038	1	1	not available	NT=Trypsin;AC=MS:1001251	NT=Carbamidomethyl;AC=UNIMOD:4;TA=C;MT=Fixed	NT=DSSO remnant;AC=null;TA=null;MT=Variable	not available	not available	NT=DSSO;AC=XLMOD:02126;CL=yes;TA=K,S,T,Y,nterm;MH=54.01;ML=85.98	not available	not available	not available	30 min	37 °C	VE20160714-80.raw	NT=ms-proteomics;VV=v1.1.0	NT=crosslinking;VV=v1.0.0	NT=human;VV=v1.1.0
PXD025391_VE20150103-05	Homo sapiens	not available	not available	39	PXD025391_VE20150103-05_assay	proteomic profiling by mass spectrometry	data-dependent acquisition	NT=label free sample;AC=MS:1002038	1	1	not available	NT=Trypsin;AC=MS:1001251	NT=Carbamidomethyl;AC=UNIMOD:4;TA=C;MT=Fixed	NT=DSSO remnant;AC=null;TA=null;MT=Variable	not available	not available	NT=DSSO;AC=XLMOD:02126;CL=yes;TA=K,S,T,Y,nterm;MH=54.01;ML=85.98	not available	not available	not available	30 min	37 °C	VE20150103-05.raw	NT=ms-proteomics;VV=v1.1.0	NT=crosslinking;VV=v1.0.0	NT=human;VV=v1.1.0
PXD025391_QE20150802-20	Homo sapiens	not available	not available	40	PXD025391_QE20150802-20_assay	proteomic profiling by mass spectrometry	data-dependent acquisition	NT=label free sample;AC=MS:1002038	1	1	not available	NT=Trypsin;AC=MS:1001251	NT=Carbamidomethyl;AC=UNIMOD:4;TA=C;MT=Fixed	NT=DSSO remnant;AC=null;TA=null;MT=Variable	not available	not available	NT=DSSO;AC=XLMOD:02126;CL=yes;TA=K,S,T,Y,nterm;MH=54.01;ML=85.98	not available	not available	not available	30 min	37 °C	QE20150802-20.raw	NT=ms-proteomics;VV=v1.1.0	NT=crosslinking;VV=v1.0.0	NT=human;VV=v1.1.0
PXD025391_VE20150907-15	Homo sapiens	not available	not available	41	PXD025391_VE20150907-15_assay	proteomic profiling by mass spectrometry	data-dependent acquisition	NT=label free sample;AC=MS:1002038	1	1	not available	NT=Trypsin;AC=MS:1001251	NT=Carbamidomethyl;AC=UNIMOD:4;TA=C;MT=Fixed	NT=DSSO remnant;AC=null;TA=null;MT=Variable	not available	not available	NT=DSSO;AC=XLMOD:02126;CL=yes;TA=K,S,T,Y,nterm;MH=54.01;ML=85.98	not available	not available	not available	30 min	37 °C	VE20150907-15.raw	NT=ms-proteomics;VV=v1.1.0	NT=crosslinking;VV=v1.0.0	NT=human;VV=v1.1.0
PXD025391_QE20150425-25	Homo sapiens	not available	not available	42	PXD025391_QE20150425-25_assay	proteomic profiling by mass spectrometry	data-dependent acquisition	NT=label free sample;AC=MS:1002038	1	1	not available	NT=Trypsin;AC=MS:1001251	NT=Carbamidomethyl;AC=UNIMOD:4;TA=C;MT=Fixed	NT=DSSO remnant;AC=null;TA=null;MT=Variable	not available	not available	NT=DSSO;AC=XLMOD:02126;CL=yes;TA=K,S,T,Y,nterm;MH=54.01;ML=85.98	not available	not available	not available	30 min	37 °C	QE20150425-25.raw	NT=ms-proteomics;VV=v1.1.0	NT=crosslinking;VV=v1.0.0	NT=human;VV=v1.1.0
PXD025391_VE20150103-34	Homo sapiens	not available	not available	43	PXD025391_VE20150103-34_assay	proteomic profiling by mass spectrometry	data-dependent acquisition	NT=label free sample;AC=MS:1002038	1	1	not available	NT=Trypsin;AC=MS:1001251	NT=Carbamidomethyl;AC=UNIMOD:4;TA=C;MT=Fixed	NT=DSSO remnant;AC=null;TA=null;MT=Variable	not available	not available	NT=DSSO;AC=XLMOD:02126;CL=yes;TA=K,S,T,Y,nterm;MH=54.01;ML=85.98	not available	not available	not available	30 min	37 °C	VE20150103-34.raw	NT=ms-proteomics;VV=v1.1.0	NT=crosslinking;VV=v1.0.0	NT=human;VV=v1.1.0
PXD025391_VE20150103-07	Homo sapiens	not available	not available	44	PXD025391_VE20150103-07_assay	proteomic profiling by mass spectrometry	data-dependent acquisition	NT=label free sample;AC=MS:1002038	1	1	not available	NT=Trypsin;AC=MS:1001251	NT=Carbamidomethyl;AC=UNIMOD:4;TA=C;MT=Fixed	NT=DSSO remnant;AC=null;TA=null;MT=Variable	not available	not available	NT=DSSO;AC=XLMOD:02126;CL=yes;TA=K,S,T,Y,nterm;MH=54.01;ML=85.98	not available	not available	not available	30 min	37 °C	VE20150103-07.raw	NT=ms-proteomics;VV=v1.1.0	NT=crosslinking;VV=v1.0.0	NT=human;VV=v1.1.0
PXD025391_VE20160714-94	Homo sapiens	not available	not available	45	PXD025391_VE20160714-94_assay	proteomic profiling by mass spectrometry	data-dependent acquisition	NT=label free sample;AC=MS:1002038	1	1	not available	NT=Trypsin;AC=MS:1001251	NT=Carbamidomethyl;AC=UNIMOD:4;TA=C;MT=Fixed	NT=DSSO remnant;AC=null;TA=null;MT=Variable	not available	not available	NT=DSSO;AC=XLMOD:02126;CL=yes;TA=K,S,T,Y,nterm;MH=54.01;ML=85.98	not available	not available	not available	30 min	37 °C	VE20160714-94.raw	NT=ms-proteomics;VV=v1.1.0	NT=crosslinking;VV=v1.0.0	NT=human;VV=v1.1.0
PXD025391_VE20160714-129	Homo sapiens	not available	not available	46	PXD025391_VE20160714-129_assay	proteomic profiling by mass spectrometry	data-dependent acquisition	NT=label free sample;AC=MS:1002038	1	1	not available	NT=Trypsin;AC=MS:1001251	NT=Carbamidomethyl;AC=UNIMOD:4;TA=C;MT=Fixed	NT=DSSO remnant;AC=null;TA=null;MT=Variable	not available	not available	NT=DSSO;AC=XLMOD:02126;CL=yes;TA=K,S,T,Y,nterm;MH=54.01;ML=85.98	not available	not available	not available	30 min	37 °C	VE20160714-129.raw	NT=ms-proteomics;VV=v1.1.0	NT=crosslinking;VV=v1.0.0	NT=human;VV=v1.1.0
PXD025391_QE20150802-03	Homo sapiens	not available	not available	47	PXD025391_QE20150802-03_assay	proteomic profiling by mass spectrometry	data-dependent acquisition	NT=label free sample;AC=MS:1002038	1	1	not available	NT=Trypsin;AC=MS:1001251	NT=Carbamidomethyl;AC=UNIMOD:4;TA=C;MT=Fixed	NT=DSSO remnant;AC=null;TA=null;MT=Variable	not available	not available	NT=DSSO;AC=XLMOD:02126;CL=yes;TA=K,S,T,Y,nterm;MH=54.01;ML=85.98	not available	not available	not available	30 min	37 °C	QE20150802-03.raw	NT=ms-proteomics;VV=v1.1.0	NT=crosslinking;VV=v1.0.0	NT=human;VV=v1.1.0
PXD025391_VE20150902-15	Homo sapiens	not available	not available	48	PXD025391_VE20150902-15_assay	proteomic profiling by mass spectrometry	data-dependent acquisition	NT=label free sample;AC=MS:1002038	1	1	not available	NT=Trypsin;AC=MS:1001251	NT=Carbamidomethyl;AC=UNIMOD:4;TA=C;MT=Fixed	NT=DSSO remnant;AC=null;TA=null;MT=Variable	not available	not available	NT=DSSO;AC=XLMOD:02126;CL=yes;TA=K,S,T,Y,nterm;MH=54.01;ML=85.98	not available	not available	not available	30 min	37 °C	VE20150902-15.raw	NT=ms-proteomics;VV=v1.1.0	NT=crosslinking;VV=v1.0.0	NT=human;VV=v1.1.0
PXD025391_VE20160714-91	Homo sapiens	not available	not available	49	PXD025391_VE20160714-91_assay	proteomic profiling by mass spectrometry	data-dependent acquisition	NT=label free sample;AC=MS:1002038	1	1	not available	NT=Trypsin;AC=MS:1001251	NT=Carbamidomethyl;AC=UNIMOD:4;TA=C;MT=Fixed	NT=DSSO remnant;AC=null;TA=null;MT=Variable	not available	not available	NT=DSSO;AC=XLMOD:02126;CL=yes;TA=K,S,T,Y,nterm;MH=54.01;ML=85.98	not available	not available	not available	30 min	37 °C	VE20160714-91.raw	NT=ms-proteomics;VV=v1.1.0	NT=crosslinking;VV=v1.0.0	NT=human;VV=v1.1.0
PXD025391_VE20160226-05	Homo sapiens	not available	not available	50	PXD025391_VE20160226-05_assay	proteomic profiling by mass spectrometry	data-dependent acquisition	NT=label free sample;AC=MS:1002038	1	1	not available	NT=Trypsin;AC=MS:1001251	NT=Carbamidomethyl;AC=UNIMOD:4;TA=C;MT=Fixed	NT=DSSO remnant;AC=null;TA=null;MT=Variable	not available	not available	NT=DSSO;AC=XLMOD:02126;CL=yes;TA=K,S,T,Y,nterm;MH=54.01;ML=85.98	not available	not available	not available	30 min	37 °C	VE20160226-05.raw	NT=ms-proteomics;VV=v1.1.0	NT=crosslinking;VV=v1.0.0	NT=human;VV=v1.1.0
PXD025391_VE20160105-16	Homo sapiens	not available	not available	51	PXD025391_VE20160105-16_assay	proteomic profiling by mass spectrometry	data-dependent acquisition	NT=label free sample;AC=MS:1002038	1	1	not available	NT=Trypsin;AC=MS:1001251	NT=Carbamidomethyl;AC=UNIMOD:4;TA=C;MT=Fixed	NT=DSSO remnant;AC=null;TA=null;MT=Variable	not available	not available	NT=DSSO;AC=XLMOD:02126;CL=yes;TA=K,S,T,Y,nterm;MH=54.01;ML=85.98	not available	not available	not available	30 min	37 °C	VE20160105-16.raw	NT=ms-proteomics;VV=v1.1.0	NT=crosslinking;VV=v1.0.0	NT=human;VV=v1.1.0
PXD025391_QE20150425-24	Homo sapiens	not available	not available	52	PXD025391_QE20150425-24_assay	proteomic profiling by mass spectrometry	data-dependent acquisition	NT=label free sample;AC=MS:1002038	1	1	not available	NT=Trypsin;AC=MS:1001251	NT=Carbamidomethyl;AC=UNIMOD:4;TA=C;MT=Fixed	NT=DSSO remnant;AC=null;TA=null;MT=Variable	not available	not available	NT=DSSO;AC=XLMOD:02126;CL=yes;TA=K,S,T,Y,nterm;MH=54.01;ML=85.98	not available	not available	not available	30 min	37 °C	QE20150425-24.raw	NT=ms-proteomics;VV=v1.1.0	NT=crosslinking;VV=v1.0.0	NT=human;VV=v1.1.0
PXD025391_VE20150618-05	Homo sapiens	not available	not available	53	PXD025391_VE20150618-05_assay	proteomic profiling by mass spectrometry	data-dependent acquisition	NT=label free sample;AC=MS:1002038	1	1	not available	NT=Trypsin;AC=MS:1001251	NT=Carbamidomethyl;AC=UNIMOD:4;TA=C;MT=Fixed	NT=DSSO remnant;AC=null;TA=null;MT=Variable	not available	not available	NT=DSSO;AC=XLMOD:02126;CL=yes;TA=K,S,T,Y,nterm;MH=54.01;ML=85.98	not available	not available	not available	30 min	37 °C	VE20150618-05.raw	NT=ms-proteomics;VV=v1.1.0	NT=crosslinking;VV=v1.0.0	NT=human;VV=v1.1.0
PXD025391_VE20160226-16	Homo sapiens	not available	not available	54	PXD025391_VE20160226-16_assay	proteomic profiling by mass spectrometry	data-dependent acquisition	NT=label free sample;AC=MS:1002038	1	1	not available	NT=Trypsin;AC=MS:1001251	NT=Carbamidomethyl;AC=UNIMOD:4;TA=C;MT=Fixed	NT=DSSO remnant;AC=null;TA=null;MT=Variable	not available	not available	NT=DSSO;AC=XLMOD:02126;CL=yes;TA=K,S,T,Y,nterm;MH=54.01;ML=85.98	not available	not available	not available	30 min	37 °C	VE20160226-16.raw	NT=ms-proteomics;VV=v1.1.0	NT=crosslinking;VV=v1.0.0	NT=human;VV=v1.1.0
PXD025391_VE20160714-05	Homo sapiens	not available	not available	55	PXD025391_VE20160714-05_assay	proteomic profiling by mass spectrometry	data-dependent acquisition	NT=label free sample;AC=MS:1002038	1	1	not available	NT=Trypsin;AC=MS:1001251	NT=Carbamidomethyl;AC=UNIMOD:4;TA=C;MT=Fixed	NT=DSSO remnant;AC=null;TA=null;MT=Variable	not available	not available	NT=DSSO;AC=XLMOD:02126;CL=yes;TA=K,S,T,Y,nterm;MH=54.01;ML=85.98	not available	not available	not available	30 min	37 °C	VE20160714-05.raw	NT=ms-proteomics;VV=v1.1.0	NT=crosslinking;VV=v1.0.0	NT=human;VV=v1.1.0
PXD025391_VE20150618-01	Homo sapiens	not available	not available	56	PXD025391_VE20150618-01_assay	proteomic profiling by mass spectrometry	data-dependent acquisition	NT=label free sample;AC=MS:1002038	1	1	not available	NT=Trypsin;AC=MS:1001251	NT=Carbamidomethyl;AC=UNIMOD:4;TA=C;MT=Fixed	NT=DSSO remnant;AC=null;TA=null;MT=Variable	not available	not available	NT=DSSO;AC=XLMOD:02126;CL=yes;TA=K,S,T,Y,nterm;MH=54.01;ML=85.98	not available	not available	not available	30 min	37 °C	VE20150618-01.raw	NT=ms-proteomics;VV=v1.1.0	NT=crosslinking;VV=v1.0.0	NT=human;VV=v1.1.0
PXD025391_QE20150802-26	Homo sapiens	not available	not available	57	PXD025391_QE20150802-26_assay	proteomic profiling by mass spectrometry	data-dependent acquisition	NT=label free sample;AC=MS:1002038	1	1	not available	NT=Trypsin;AC=MS:1001251	NT=Carbamidomethyl;AC=UNIMOD:4;TA=C;MT=Fixed	NT=DSSO remnant;AC=null;TA=null;MT=Variable	not available	not available	NT=DSSO;AC=XLMOD:02126;CL=yes;TA=K,S,T,Y,nterm;MH=54.01;ML=85.98	not available	not available	not available	30 min	37 °C	QE20150802-26.raw	NT=ms-proteomics;VV=v1.1.0	NT=crosslinking;VV=v1.0.0	NT=human;VV=v1.1.0
PXD025391_QE20150802-07	Homo sapiens	not available	not available	58	PXD025391_QE20150802-07_assay	proteomic profiling by mass spectrometry	data-dependent acquisition	NT=label free sample;AC=MS:1002038	1	1	not available	NT=Trypsin;AC=MS:1001251	NT=Carbamidomethyl;AC=UNIMOD:4;TA=C;MT=Fixed	NT=DSSO remnant;AC=null;TA=null;MT=Variable	not available	not available	NT=DSSO;AC=XLMOD:02126;CL=yes;TA=K,S,T,Y,nterm;MH=54.01;ML=85.98	not available	not available	not available	30 min	37 °C	QE20150802-07.raw	NT=ms-proteomics;VV=v1.1.0	NT=crosslinking;VV=v1.0.0	NT=human;VV=v1.1.0
PXD025391_VE20160714-65	Homo sapiens	not available	not available	59	PXD025391_VE20160714-65_assay	proteomic profiling by mass spectrometry	data-dependent acquisition	NT=label free sample;AC=MS:1002038	1	1	not available	NT=Trypsin;AC=MS:1001251	NT=Carbamidomethyl;AC=UNIMOD:4;TA=C;MT=Fixed	NT=DSSO remnant;AC=null;TA=null;MT=Variable	not available	not available	NT=DSSO;AC=XLMOD:02126;CL=yes;TA=K,S,T,Y,nterm;MH=54.01;ML=85.98	not available	not available	not available	30 min	37 °C	VE20160714-65.raw	NT=ms-proteomics;VV=v1.1.0	NT=crosslinking;VV=v1.0.0	NT=human;VV=v1.1.0
PXD025391_VE20160714-25	Homo sapiens	not available	not available	60	PXD025391_VE20160714-25_assay	proteomic profiling by mass spectrometry	data-dependent acquisition	NT=label free sample;AC=MS:1002038	1	1	not available	NT=Trypsin;AC=MS:1001251	NT=Carbamidomethyl;AC=UNIMOD:4;TA=C;MT=Fixed	NT=DSSO remnant;AC=null;TA=null;MT=Variable	not available	not available	NT=DSSO;AC=XLMOD:02126;CL=yes;TA=K,S,T,Y,nterm;MH=54.01;ML=85.98	not available	not available	not available	30 min	37 °C	VE20160714-25.raw	NT=ms-proteomics;VV=v1.1.0	NT=crosslinking;VV=v1.0.0	NT=human;VV=v1.1.0
PXD025391_VE20150103-15	Homo sapiens	not available	not available	61	PXD025391_VE20150103-15_assay	proteomic profiling by mass spectrometry	data-dependent acquisition	NT=label free sample;AC=MS:1002038	1	1	not available	NT=Trypsin;AC=MS:1001251	NT=Carbamidomethyl;AC=UNIMOD:4;TA=C;MT=Fixed	NT=DSSO remnant;AC=null;TA=null;MT=Variable	not available	not available	NT=DSSO;AC=XLMOD:02126;CL=yes;TA=K,S,T,Y,nterm;MH=54.01;ML=85.98	not available	not available	not available	30 min	37 °C	VE20150103-15.raw	NT=ms-proteomics;VV=v1.1.0	NT=crosslinking;VV=v1.0.0	NT=human;VV=v1.1.0
PXD025391_QE20150425-11	Homo sapiens	not available	not available	62	PXD025391_QE20150425-11_assay	proteomic profiling by mass spectrometry	data-dependent acquisition	NT=label free sample;AC=MS:1002038	1	1	not available	NT=Trypsin;AC=MS:1001251	NT=Carbamidomethyl;AC=UNIMOD:4;TA=C;MT=Fixed	NT=DSSO remnant;AC=null;TA=null;MT=Variable	not available	not available	NT=DSSO;AC=XLMOD:02126;CL=yes;TA=K,S,T,Y,nterm;MH=54.01;ML=85.98	not available	not available	not available	30 min	37 °C	QE20150425-11.raw	NT=ms-proteomics;VV=v1.1.0	NT=crosslinking;VV=v1.0.0	NT=human;VV=v1.1.0
PXD025391_VE20160714-71	Homo sapiens	not available	not available	63	PXD025391_VE20160714-71_assay	proteomic profiling by mass spectrometry	data-dependent acquisition	NT=label free sample;AC=MS:1002038	1	1	not available	NT=Trypsin;AC=MS:1001251	NT=Carbamidomethyl;AC=UNIMOD:4;TA=C;MT=Fixed	NT=DSSO remnant;AC=null;TA=null;MT=Variable	not available	not available	NT=DSSO;AC=XLMOD:02126;CL=yes;TA=K,S,T,Y,nterm;MH=54.01;ML=85.98	not available	not available	not available	30 min	37 °C	VE20160714-71.raw	NT=ms-proteomics;VV=v1.1.0	NT=crosslinking;VV=v1.0.0	NT=human;VV=v1.1.0
PXD025391_VE20150902-10_A	Homo sapiens	not available	not available	64	PXD025391_VE20150902-10_A_assay	proteomic profiling by mass spectrometry	data-dependent acquisition	NT=label free sample;AC=MS:1002038	1	1	not available	NT=Trypsin;AC=MS:1001251	NT=Carbamidomethyl;AC=UNIMOD:4;TA=C;MT=Fixed	NT=DSSO remnant;AC=null;TA=null;MT=Variable	not available	not available	NT=DSSO;AC=XLMOD:02126;CL=yes;TA=K,S,T,Y,nterm;MH=54.01;ML=85.98	not available	not available	not available	30 min	37 °C	VE20150902-10_A.raw	NT=ms-proteomics;VV=v1.1.0	NT=crosslinking;VV=v1.0.0	NT=human;VV=v1.1.0
PXD025391_VE20160714-26	Homo sapiens	not available	not available	65	PXD025391_VE20160714-26_assay	proteomic profiling by mass spectrometry	data-dependent acquisition	NT=label free sample;AC=MS:1002038	1	1	not available	NT=Trypsin;AC=MS:1001251	NT=Carbamidomethyl;AC=UNIMOD:4;TA=C;MT=Fixed	NT=DSSO remnant;AC=null;TA=null;MT=Variable	not available	not available	NT=DSSO;AC=XLMOD:02126;CL=yes;TA=K,S,T,Y,nterm;MH=54.01;ML=85.98	not available	not available	not available	30 min	37 °C	VE20160714-26.raw	NT=ms-proteomics;VV=v1.1.0	NT=crosslinking;VV=v1.0.0	NT=human;VV=v1.1.0
PXD025391_VE20150103-04	Homo sapiens	not available	not available	66	PXD025391_VE20150103-04_assay	proteomic profiling by mass spectrometry	data-dependent acquisition	NT=label free sample;AC=MS:1002038	1	1	not available	NT=Trypsin;AC=MS:1001251	NT=Carbamidomethyl;AC=UNIMOD:4;TA=C;MT=Fixed	NT=DSSO remnant;AC=null;TA=null;MT=Variable	not available	not available	NT=DSSO;AC=XLMOD:02126;CL=yes;TA=K,S,T,Y,nterm;MH=54.01;ML=85.98	not available	not available	not available	30 min	37 °C	VE20150103-04.raw	NT=ms-proteomics;VV=v1.1.0	NT=crosslinking;VV=v1.0.0	NT=human;VV=v1.1.0
PXD025391_QE20150425-23	Homo sapiens	not available	not available	67	PXD025391_QE20150425-23_assay	proteomic profiling by mass spectrometry	data-dependent acquisition	NT=label free sample;AC=MS:1002038	1	1	not available	NT=Trypsin;AC=MS:1001251	NT=Carbamidomethyl;AC=UNIMOD:4;TA=C;MT=Fixed	NT=DSSO remnant;AC=null;TA=null;MT=Variable	not available	not available	NT=DSSO;AC=XLMOD:02126;CL=yes;TA=K,S,T,Y,nterm;MH=54.01;ML=85.98	not available	not available	not available	30 min	37 °C	QE20150425-23.raw	NT=ms-proteomics;VV=v1.1.0	NT=crosslinking;VV=v1.0.0	NT=human;VV=v1.1.0
PXD025391_VE20150103-10	Homo sapiens	not available	not available	68	PXD025391_VE20150103-10_assay	proteomic profiling by mass spectrometry	data-dependent acquisition	NT=label free sample;AC=MS:1002038	1	1	not available	NT=Trypsin;AC=MS:1001251	NT=Carbamidomethyl;AC=UNIMOD:4;TA=C;MT=Fixed	NT=DSSO remnant;AC=null;TA=null;MT=Variable	not available	not available	NT=DSSO;AC=XLMOD:02126;CL=yes;TA=K,S,T,Y,nterm;MH=54.01;ML=85.98	not available	not available	not available	30 min	37 °C	VE20150103-10.raw	NT=ms-proteomics;VV=v1.1.0	NT=crosslinking;VV=v1.0.0	NT=human;VV=v1.1.0
PXD025391_VE20160714-66	Homo sapiens	not available	not available	69	PXD025391_VE20160714-66_assay	proteomic profiling by mass spectrometry	data-dependent acquisition	NT=label free sample;AC=MS:1002038	1	1	not available	NT=Trypsin;AC=MS:1001251	NT=Carbamidomethyl;AC=UNIMOD:4;TA=C;MT=Fixed	NT=DSSO remnant;AC=null;TA=null;MT=Variable	not available	not available	NT=DSSO;AC=XLMOD:02126;CL=yes;TA=K,S,T,Y,nterm;MH=54.01;ML=85.98	not available	not available	not available	30 min	37 °C	VE20160714-66.raw	NT=ms-proteomics;VV=v1.1.0	NT=crosslinking;VV=v1.0.0	NT=human;VV=v1.1.0
PXD025391_VE20150103-31	Homo sapiens	not available	not available	70	PXD025391_VE20150103-31_assay	proteomic profiling by mass spectrometry	data-dependent acquisition	NT=label free sample;AC=MS:1002038	1	1	not available	NT=Trypsin;AC=MS:1001251	NT=Carbamidomethyl;AC=UNIMOD:4;TA=C;MT=Fixed	NT=DSSO remnant;AC=null;TA=null;MT=Variable	not available	not available	NT=DSSO;AC=XLMOD:02126;CL=yes;TA=K,S,T,Y,nterm;MH=54.01;ML=85.98	not available	not available	not available	30 min	37 °C	VE20150103-31.raw	NT=ms-proteomics;VV=v1.1.0	NT=crosslinking;VV=v1.0.0	NT=human;VV=v1.1.0
PXD025391_VE20150618-09	Homo sapiens	not available	not available	71	PXD025391_VE20150618-09_assay	proteomic profiling by mass spectrometry	data-dependent acquisition	NT=label free sample;AC=MS:1002038	1	1	not available	NT=Trypsin;AC=MS:1001251	NT=Carbamidomethyl;AC=UNIMOD:4;TA=C;MT=Fixed	NT=DSSO remnant;AC=null;TA=null;MT=Variable	not available	not available	NT=DSSO;AC=XLMOD:02126;CL=yes;TA=K,S,T,Y,nterm;MH=54.01;ML=85.98	not available	not available	not available	30 min	37 °C	VE20150618-09.raw	NT=ms-proteomics;VV=v1.1.0	NT=crosslinking;VV=v1.0.0	NT=human;VV=v1.1.0
PXD025391_VE20160714-88	Homo sapiens	not available	not available	72	PXD025391_VE20160714-88_assay	proteomic profiling by mass spectrometry	data-dependent acquisition	NT=label free sample;AC=MS:1002038	1	1	not available	NT=Trypsin;AC=MS:1001251	NT=Carbamidomethyl;AC=UNIMOD:4;TA=C;MT=Fixed	NT=DSSO remnant;AC=null;TA=null;MT=Variable	not available	not available	NT=DSSO;AC=XLMOD:02126;CL=yes;TA=K,S,T,Y,nterm;MH=54.01;ML=85.98	not available	not available	not available	30 min	37 °C	VE20160714-88.raw	NT=ms-proteomics;VV=v1.1.0	NT=crosslinking;VV=v1.0.0	NT=human;VV=v1.1.0
PXD025391_VE20150907-12	Homo sapiens	not available	not available	73	PXD025391_VE20150907-12_assay	proteomic profiling by mass spectrometry	data-dependent acquisition	NT=label free sample;AC=MS:1002038	1	1	not available	NT=Trypsin;AC=MS:1001251	NT=Carbamidomethyl;AC=UNIMOD:4;TA=C;MT=Fixed	NT=DSSO remnant;AC=null;TA=null;MT=Variable	not available	not available	NT=DSSO;AC=XLMOD:02126;CL=yes;TA=K,S,T,Y,nterm;MH=54.01;ML=85.98	not available	not available	not available	30 min	37 °C	VE20150907-12.raw	NT=ms-proteomics;VV=v1.1.0	NT=crosslinking;VV=v1.0.0	NT=human;VV=v1.1.0
PXD025391_VE20160714-31	Homo sapiens	not available	not available	74	PXD025391_VE20160714-31_assay	proteomic profiling by mass spectrometry	data-dependent acquisition	NT=label free sample;AC=MS:1002038	1	1	not available	NT=Trypsin;AC=MS:1001251	NT=Carbamidomethyl;AC=UNIMOD:4;TA=C;MT=Fixed	NT=DSSO remnant;AC=null;TA=null;MT=Variable	not available	not available	NT=DSSO;AC=XLMOD:02126;CL=yes;TA=K,S,T,Y,nterm;MH=54.01;ML=85.98	not available	not available	not available	30 min	37 °C	VE20160714-31.raw	NT=ms-proteomics;VV=v1.1.0	NT=crosslinking;VV=v1.0.0	NT=human;VV=v1.1.0
PXD025391_VE20160226-11	Homo sapiens	not available	not available	75	PXD025391_VE20160226-11_assay	proteomic profiling by mass spectrometry	data-dependent acquisition	NT=label free sample;AC=MS:1002038	1	1	not available	NT=Trypsin;AC=MS:1001251	NT=Carbamidomethyl;AC=UNIMOD:4;TA=C;MT=Fixed	NT=DSSO remnant;AC=null;TA=null;MT=Variable	not available	not available	NT=DSSO;AC=XLMOD:02126;CL=yes;TA=K,S,T,Y,nterm;MH=54.01;ML=85.98	not available	not available	not available	30 min	37 °C	VE20160226-11.raw	NT=ms-proteomics;VV=v1.1.0	NT=crosslinking;VV=v1.0.0	NT=human;VV=v1.1.0
PXD025391_VE20160603-02	Homo sapiens	not available	not available	76	PXD025391_VE20160603-02_assay	proteomic profiling by mass spectrometry	data-dependent acquisition	NT=label free sample;AC=MS:1002038	1	1	not available	NT=Trypsin;AC=MS:1001251	NT=Carbamidomethyl;AC=UNIMOD:4;TA=C;MT=Fixed	NT=DSSO remnant;AC=null;TA=null;MT=Variable	not available	not available	NT=DSSO;AC=XLMOD:02126;CL=yes;TA=K,S,T,Y,nterm;MH=54.01;ML=85.98	not available	not available	not available	30 min	37 °C	VE20160603-02.raw	NT=ms-proteomics;VV=v1.1.0	NT=crosslinking;VV=v1.0.0	NT=human;VV=v1.1.0
PXD025391_QE20150802-23	Homo sapiens	not available	not available	77	PXD025391_QE20150802-23_assay	proteomic profiling by mass spectrometry	data-dependent acquisition	NT=label free sample;AC=MS:1002038	1	1	not available	NT=Trypsin;AC=MS:1001251	NT=Carbamidomethyl;AC=UNIMOD:4;TA=C;MT=Fixed	NT=DSSO remnant;AC=null;TA=null;MT=Variable	not available	not available	NT=DSSO;AC=XLMOD:02126;CL=yes;TA=K,S,T,Y,nterm;MH=54.01;ML=85.98	not available	not available	not available	30 min	37 °C	QE20150802-23.raw	NT=ms-proteomics;VV=v1.1.0	NT=crosslinking;VV=v1.0.0	NT=human;VV=v1.1.0
PXD025391_QE20150802-05	Homo sapiens	not available	not available	78	PXD025391_QE20150802-05_assay	proteomic profiling by mass spectrometry	data-dependent acquisition	NT=label free sample;AC=MS:1002038	1	1	not available	NT=Trypsin;AC=MS:1001251	NT=Carbamidomethyl;AC=UNIMOD:4;TA=C;MT=Fixed	NT=DSSO remnant;AC=null;TA=null;MT=Variable	not available	not available	NT=DSSO;AC=XLMOD:02126;CL=yes;TA=K,S,T,Y,nterm;MH=54.01;ML=85.98	not available	not available	not available	30 min	37 °C	QE20150802-05.raw	NT=ms-proteomics;VV=v1.1.0	NT=crosslinking;VV=v1.0.0	NT=human;VV=v1.1.0
PXD025391_VE20160603-11	Homo sapiens	not available	not available	79	PXD025391_VE20160603-11_assay	proteomic profiling by mass spectrometry	data-dependent acquisition	NT=label free sample;AC=MS:1002038	1	1	not available	NT=Trypsin;AC=MS:1001251	NT=Carbamidomethyl;AC=UNIMOD:4;TA=C;MT=Fixed	NT=DSSO remnant;AC=null;TA=null;MT=Variable	not available	not available	NT=DSSO;AC=XLMOD:02126;CL=yes;TA=K,S,T,Y,nterm;MH=54.01;ML=85.98	not available	not available	not available	30 min	37 °C	VE20160603-11.raw	NT=ms-proteomics;VV=v1.1.0	NT=crosslinking;VV=v1.0.0	NT=human;VV=v1.1.0
PXD025391_VE20160714-154	Homo sapiens	not available	not available	80	PXD025391_VE20160714-154_assay	proteomic profiling by mass spectrometry	data-dependent acquisition	NT=label free sample;AC=MS:1002038	1	1	not available	NT=Trypsin;AC=MS:1001251	NT=Carbamidomethyl;AC=UNIMOD:4;TA=C;MT=Fixed	NT=DSSO remnant;AC=null;TA=null;MT=Variable	not available	not available	NT=DSSO;AC=XLMOD:02126;CL=yes;TA=K,S,T,Y,nterm;MH=54.01;ML=85.98	not available	not available	not available	30 min	37 °C	VE20160714-154.raw	NT=ms-proteomics;VV=v1.1.0	NT=crosslinking;VV=v1.0.0	NT=human;VV=v1.1.0
PXD025391_VE20160603-22	Homo sapiens	not available	not available	81	PXD025391_VE20160603-22_assay	proteomic profiling by mass spectrometry	data-dependent acquisition	NT=label free sample;AC=MS:1002038	1	1	not available	NT=Trypsin;AC=MS:1001251	NT=Carbamidomethyl;AC=UNIMOD:4;TA=C;MT=Fixed	NT=DSSO remnant;AC=null;TA=null;MT=Variable	not available	not available	NT=DSSO;AC=XLMOD:02126;CL=yes;TA=K,S,T,Y,nterm;MH=54.01;ML=85.98	not available	not available	not available	30 min	37 °C	VE20160603-22.raw	NT=ms-proteomics;VV=v1.1.0	NT=crosslinking;VV=v1.0.0	NT=human;VV=v1.1.0
PXD025391_QE20150802-28	Homo sapiens	not available	not available	82	PXD025391_QE20150802-28_assay	proteomic profiling by mass spectrometry	data-dependent acquisition	NT=label free sample;AC=MS:1002038	1	1	not available	NT=Trypsin;AC=MS:1001251	NT=Carbamidomethyl;AC=UNIMOD:4;TA=C;MT=Fixed	NT=DSSO remnant;AC=null;TA=null;MT=Variable	not available	not available	NT=DSSO;AC=XLMOD:02126;CL=yes;TA=K,S,T,Y,nterm;MH=54.01;ML=85.98	not available	not available	not available	30 min	37 °C	QE20150802-28.raw	NT=ms-proteomics;VV=v1.1.0	NT=crosslinking;VV=v1.0.0	NT=human;VV=v1.1.0
PXD025391_QE20150802-34	Homo sapiens	not available	not available	83	PXD025391_QE20150802-34_assay	proteomic profiling by mass spectrometry	data-dependent acquisition	NT=label free sample;AC=MS:1002038	1	1	not available	NT=Trypsin;AC=MS:1001251	NT=Carbamidomethyl;AC=UNIMOD:4;TA=C;MT=Fixed	NT=DSSO remnant;AC=null;TA=null;MT=Variable	not available	not available	NT=DSSO;AC=XLMOD:02126;CL=yes;TA=K,S,T,Y,nterm;MH=54.01;ML=85.98	not available	not available	not available	30 min	37 °C	QE20150802-34.raw	NT=ms-proteomics;VV=v1.1.0	NT=crosslinking;VV=v1.0.0	NT=human;VV=v1.1.0
PXD025391_VE20150618-04_A	Homo sapiens	not available	not available	84	PXD025391_VE20150618-04_A_assay	proteomic profiling by mass spectrometry	data-dependent acquisition	NT=label free sample;AC=MS:1002038	1	1	not available	NT=Trypsin;AC=MS:1001251	NT=Carbamidomethyl;AC=UNIMOD:4;TA=C;MT=Fixed	NT=DSSO remnant;AC=null;TA=null;MT=Variable	not available	not available	NT=DSSO;AC=XLMOD:02126;CL=yes;TA=K,S,T,Y,nterm;MH=54.01;ML=85.98	not available	not available	not available	30 min	37 °C	VE20150618-04_A.raw	NT=ms-proteomics;VV=v1.1.0	NT=crosslinking;VV=v1.0.0	NT=human;VV=v1.1.0
PXD025391_VE20160603-29	Homo sapiens	not available	not available	85	PXD025391_VE20160603-29_assay	proteomic profiling by mass spectrometry	data-dependent acquisition	NT=label free sample;AC=MS:1002038	1	1	not available	NT=Trypsin;AC=MS:1001251	NT=Carbamidomethyl;AC=UNIMOD:4;TA=C;MT=Fixed	NT=DSSO remnant;AC=null;TA=null;MT=Variable	not available	not available	NT=DSSO;AC=XLMOD:02126;CL=yes;TA=K,S,T,Y,nterm;MH=54.01;ML=85.98	not available	not available	not available	30 min	37 °C	VE20160603-29.raw	NT=ms-proteomics;VV=v1.1.0	NT=crosslinking;VV=v1.0.0	NT=human;VV=v1.1.0
PXD025391_VE20160603-23	Homo sapiens	not available	not available	86	PXD025391_VE20160603-23_assay	proteomic profiling by mass spectrometry	data-dependent acquisition	NT=label free sample;AC=MS:1002038	1	1	not available	NT=Trypsin;AC=MS:1001251	NT=Carbamidomethyl;AC=UNIMOD:4;TA=C;MT=Fixed	NT=DSSO remnant;AC=null;TA=null;MT=Variable	not available	not available	NT=DSSO;AC=XLMOD:02126;CL=yes;TA=K,S,T,Y,nterm;MH=54.01;ML=85.98	not available	not available	not available	30 min	37 °C	VE20160603-23.raw	NT=ms-proteomics;VV=v1.1.0	NT=crosslinking;VV=v1.0.0	NT=human;VV=v1.1.0
PXD025391_VE20160603-10	Homo sapiens	not available	not available	87	PXD025391_VE20160603-10_assay	proteomic profiling by mass spectrometry	data-dependent acquisition	NT=label free sample;AC=MS:1002038	1	1	not available	NT=Trypsin;AC=MS:1001251	NT=Carbamidomethyl;AC=UNIMOD:4;TA=C;MT=Fixed	NT=DSSO remnant;AC=null;TA=null;MT=Variable	not available	not available	NT=DSSO;AC=XLMOD:02126;CL=yes;TA=K,S,T,Y,nterm;MH=54.01;ML=85.98	not available	not available	not available	30 min	37 °C	VE20160603-10.raw	NT=ms-proteomics;VV=v1.1.0	NT=crosslinking;VV=v1.0.0	NT=human;VV=v1.1.0
PXD025391_VE20160226-02	Homo sapiens	not available	not available	88	PXD025391_VE20160226-02_assay	proteomic profiling by mass spectrometry	data-dependent acquisition	NT=label free sample;AC=MS:1002038	1	1	not available	NT=Trypsin;AC=MS:1001251	NT=Carbamidomethyl;AC=UNIMOD:4;TA=C;MT=Fixed	NT=DSSO remnant;AC=null;TA=null;MT=Variable	not available	not available	NT=DSSO;AC=XLMOD:02126;CL=yes;TA=K,S,T,Y,nterm;MH=54.01;ML=85.98	not available	not available	not available	30 min	37 °C	VE20160226-02.raw	NT=ms-proteomics;VV=v1.1.0	NT=crosslinking;VV=v1.0.0	NT=human;VV=v1.1.0
PXD025391_VE20160714-135	Homo sapiens	not available	not available	89	PXD025391_VE20160714-135_assay	proteomic profiling by mass spectrometry	data-dependent acquisition	NT=label free sample;AC=MS:1002038	1	1	not available	NT=Trypsin;AC=MS:1001251	NT=Carbamidomethyl;AC=UNIMOD:4;TA=C;MT=Fixed	NT=DSSO remnant;AC=null;TA=null;MT=Variable	not available	not available	NT=DSSO;AC=XLMOD:02126;CL=yes;TA=K,S,T,Y,nterm;MH=54.01;ML=85.98	not available	not available	not available	30 min	37 °C	VE20160714-135.raw	NT=ms-proteomics;VV=v1.1.0	NT=crosslinking;VV=v1.0.0	NT=human;VV=v1.1.0
PXD025391_QE20150613-12	Homo sapiens	not available	not available	90	PXD025391_QE20150613-12_assay	proteomic profiling by mass spectrometry	data-dependent acquisition	NT=label free sample;AC=MS:1002038	1	1	not available	NT=Trypsin;AC=MS:1001251	NT=Carbamidomethyl;AC=UNIMOD:4;TA=C;MT=Fixed	NT=DSSO remnant;AC=null;TA=null;MT=Variable	not available	not available	NT=DSSO;AC=XLMOD:02126;CL=yes;TA=K,S,T,Y,nterm;MH=54.01;ML=85.98	not available	not available	not available	30 min	37 °C	QE20150613-12.raw	NT=ms-proteomics;VV=v1.1.0	NT=crosslinking;VV=v1.0.0	NT=human;VV=v1.1.0
PXD025391_VE20150618-10	Homo sapiens	not available	not available	91	PXD025391_VE20150618-10_assay	proteomic profiling by mass spectrometry	data-dependent acquisition	NT=label free sample;AC=MS:1002038	1	1	not available	NT=Trypsin;AC=MS:1001251	NT=Carbamidomethyl;AC=UNIMOD:4;TA=C;MT=Fixed	NT=DSSO remnant;AC=null;TA=null;MT=Variable	not available	not available	NT=DSSO;AC=XLMOD:02126;CL=yes;TA=K,S,T,Y,nterm;MH=54.01;ML=85.98	not available	not available	not available	30 min	37 °C	VE20150618-10.raw	NT=ms-proteomics;VV=v1.1.0	NT=crosslinking;VV=v1.0.0	NT=human;VV=v1.1.0
PXD025391_VE20150903-13	Homo sapiens	not available	not available	92	PXD025391_VE20150903-13_assay	proteomic profiling by mass spectrometry	data-dependent acquisition	NT=label free sample;AC=MS:1002038	1	1	not available	NT=Trypsin;AC=MS:1001251	NT=Carbamidomethyl;AC=UNIMOD:4;TA=C;MT=Fixed	NT=DSSO remnant;AC=null;TA=null;MT=Variable	not available	not available	NT=DSSO;AC=XLMOD:02126;CL=yes;TA=K,S,T,Y,nterm;MH=54.01;ML=85.98	not available	not available	not available	30 min	37 °C	VE20150903-13.raw	NT=ms-proteomics;VV=v1.1.0	NT=crosslinking;VV=v1.0.0	NT=human;VV=v1.1.0
PXD025391_VE20150103-40	Homo sapiens	not available	not available	93	PXD025391_VE20150103-40_assay	proteomic profiling by mass spectrometry	data-dependent acquisition	NT=label free sample;AC=MS:1002038	1	1	not available	NT=Trypsin;AC=MS:1001251	NT=Carbamidomethyl;AC=UNIMOD:4;TA=C;MT=Fixed	NT=DSSO remnant;AC=null;TA=null;MT=Variable	not available	not available	NT=DSSO;AC=XLMOD:02126;CL=yes;TA=K,S,T,Y,nterm;MH=54.01;ML=85.98	not available	not available	not available	30 min	37 °C	VE20150103-40.raw	NT=ms-proteomics;VV=v1.1.0	NT=crosslinking;VV=v1.0.0	NT=human;VV=v1.1.0
PXD025391_VE20150103-33	Homo sapiens	not available	not available	94	PXD025391_VE20150103-33_assay	proteomic profiling by mass spectrometry	data-dependent acquisition	NT=label free sample;AC=MS:1002038	1	1	not available	NT=Trypsin;AC=MS:1001251	NT=Carbamidomethyl;AC=UNIMOD:4;TA=C;MT=Fixed	NT=DSSO remnant;AC=null;TA=null;MT=Variable	not available	not available	NT=DSSO;AC=XLMOD:02126;CL=yes;TA=K,S,T,Y,nterm;MH=54.01;ML=85.98	not available	not available	not available	30 min	37 °C	VE20150103-33.raw	NT=ms-proteomics;VV=v1.1.0	NT=crosslinking;VV=v1.0.0	NT=human;VV=v1.1.0
PXD025391_VE20160714-139	Homo sapiens	not available	not available	95	PXD025391_VE20160714-139_assay	proteomic profiling by mass spectrometry	data-dependent acquisition	NT=label free sample;AC=MS:1002038	1	1	not available	NT=Trypsin;AC=MS:1001251	NT=Carbamidomethyl;AC=UNIMOD:4;TA=C;MT=Fixed	NT=DSSO remnant;AC=null;TA=null;MT=Variable	not available	not available	NT=DSSO;AC=XLMOD:02126;CL=yes;TA=K,S,T,Y,nterm;MH=54.01;ML=85.98	not available	not available	not available	30 min	37 °C	VE20160714-139.raw	NT=ms-proteomics;VV=v1.1.0	NT=crosslinking;VV=v1.0.0	NT=human;VV=v1.1.0
PXD025391_VE20160226-10	Homo sapiens	not available	not available	96	PXD025391_VE20160226-10_assay	proteomic profiling by mass spectrometry	data-dependent acquisition	NT=label free sample;AC=MS:1002038	1	1	not available	NT=Trypsin;AC=MS:1001251	NT=Carbamidomethyl;AC=UNIMOD:4;TA=C;MT=Fixed	NT=DSSO remnant;AC=null;TA=null;MT=Variable	not available	not available	NT=DSSO;AC=XLMOD:02126;CL=yes;TA=K,S,T,Y,nterm;MH=54.01;ML=85.98	not available	not available	not available	30 min	37 °C	VE20160226-10.raw	NT=ms-proteomics;VV=v1.1.0	NT=crosslinking;VV=v1.0.0	NT=human;VV=v1.1.0
PXD025391_VE20160714-56	Homo sapiens	not available	not available	97	PXD025391_VE20160714-56_assay	proteomic profiling by mass spectrometry	data-dependent acquisition	NT=label free sample;AC=MS:1002038	1	1	not available	NT=Trypsin;AC=MS:1001251	NT=Carbamidomethyl;AC=UNIMOD:4;TA=C;MT=Fixed	NT=DSSO remnant;AC=null;TA=null;MT=Variable	not available	not available	NT=DSSO;AC=XLMOD:02126;CL=yes;TA=K,S,T,Y,nterm;MH=54.01;ML=85.98	not available	not available	not available	30 min	37 °C	VE20160714-56.raw	NT=ms-proteomics;VV=v1.1.0	NT=crosslinking;VV=v1.0.0	NT=human;VV=v1.1.0
PXD025391_VE20160714-13	Homo sapiens	not available	not available	98	PXD025391_VE20160714-13_assay	proteomic profiling by mass spectrometry	data-dependent acquisition	NT=label free sample;AC=MS:1002038	1	1	not available	NT=Trypsin;AC=MS:1001251	NT=Carbamidomethyl;AC=UNIMOD:4;TA=C;MT=Fixed	NT=DSSO remnant;AC=null;TA=null;MT=Variable	not available	not available	NT=DSSO;AC=XLMOD:02126;CL=yes;TA=K,S,T,Y,nterm;MH=54.01;ML=85.98	not available	not available	not available	30 min	37 °C	VE20160714-13.raw	NT=ms-proteomics;VV=v1.1.0	NT=crosslinking;VV=v1.0.0	NT=human;VV=v1.1.0
PXD025391_QE20150802-31	Homo sapiens	not available	not available	99	PXD025391_QE20150802-31_assay	proteomic profiling by mass spectrometry	data-dependent acquisition	NT=label free sample;AC=MS:1002038	1	1	not available	NT=Trypsin;AC=MS:1001251	NT=Carbamidomethyl;AC=UNIMOD:4;TA=C;MT=Fixed	NT=DSSO remnant;AC=null;TA=null;MT=Variable	not available	not available	NT=DSSO;AC=XLMOD:02126;CL=yes;TA=K,S,T,Y,nterm;MH=54.01;ML=85.98	not available	not available	not available	30 min	37 °C	QE20150802-31.raw	NT=ms-proteomics;VV=v1.1.0	NT=crosslinking;VV=v1.0.0	NT=human;VV=v1.1.0
PXD025391_VE20160714-77	Homo sapiens	not available	not available	100	PXD025391_VE20160714-77_assay	proteomic profiling by mass spectrometry	data-dependent acquisition	NT=label free sample;AC=MS:1002038	1	1	not available	NT=Trypsin;AC=MS:1001251	NT=Carbamidomethyl;AC=UNIMOD:4;TA=C;MT=Fixed	NT=DSSO remnant;AC=null;TA=null;MT=Variable	not available	not available	NT=DSSO;AC=XLMOD:02126;CL=yes;TA=K,S,T,Y,nterm;MH=54.01;ML=85.98	not available	not available	not available	30 min	37 °C	VE20160714-77.raw	NT=ms-proteomics;VV=v1.1.0	NT=crosslinking;VV=v1.0.0	NT=human;VV=v1.1.0
PXD025391_VE20150103-21	Homo sapiens	not available	not available	101	PXD025391_VE20150103-21_assay	proteomic profiling by mass spectrometry	data-dependent acquisition	NT=label free sample;AC=MS:1002038	1	1	not available	NT=Trypsin;AC=MS:1001251	NT=Carbamidomethyl;AC=UNIMOD:4;TA=C;MT=Fixed	NT=DSSO remnant;AC=null;TA=null;MT=Variable	not available	not available	NT=DSSO;AC=XLMOD:02126;CL=yes;TA=K,S,T,Y,nterm;MH=54.01;ML=85.98	not available	not available	not available	30 min	37 °C	VE20150103-21.raw	NT=ms-proteomics;VV=v1.1.0	NT=crosslinking;VV=v1.0.0	NT=human;VV=v1.1.0
PXD025391_QE20150802-24	Homo sapiens	not available	not available	102	PXD025391_QE20150802-24_assay	proteomic profiling by mass spectrometry	data-dependent acquisition	NT=label free sample;AC=MS:1002038	1	1	not available	NT=Trypsin;AC=MS:1001251	NT=Carbamidomethyl;AC=UNIMOD:4;TA=C;MT=Fixed	NT=DSSO remnant;AC=null;TA=null;MT=Variable	not available	not available	NT=DSSO;AC=XLMOD:02126;CL=yes;TA=K,S,T,Y,nterm;MH=54.01;ML=85.98	not available	not available	not available	30 min	37 °C	QE20150802-24.raw	NT=ms-proteomics;VV=v1.1.0	NT=crosslinking;VV=v1.0.0	NT=human;VV=v1.1.0
PXD025391_VE20150902-13	Homo sapiens	not available	not available	103	PXD025391_VE20150902-13_assay	proteomic profiling by mass spectrometry	data-dependent acquisition	NT=label free sample;AC=MS:1002038	1	1	not available	NT=Trypsin;AC=MS:1001251	NT=Carbamidomethyl;AC=UNIMOD:4;TA=C;MT=Fixed	NT=DSSO remnant;AC=null;TA=null;MT=Variable	not available	not available	NT=DSSO;AC=XLMOD:02126;CL=yes;TA=K,S,T,Y,nterm;MH=54.01;ML=85.98	not available	not available	not available	30 min	37 °C	VE20150902-13.raw	NT=ms-proteomics;VV=v1.1.0	NT=crosslinking;VV=v1.0.0	NT=human;VV=v1.1.0
PXD025391_QE20150802-30	Homo sapiens	not available	not available	104	PXD025391_QE20150802-30_assay	proteomic profiling by mass spectrometry	data-dependent acquisition	NT=label free sample;AC=MS:1002038	1	1	not available	NT=Trypsin;AC=MS:1001251	NT=Carbamidomethyl;AC=UNIMOD:4;TA=C;MT=Fixed	NT=DSSO remnant;AC=null;TA=null;MT=Variable	not available	not available	NT=DSSO;AC=XLMOD:02126;CL=yes;TA=K,S,T,Y,nterm;MH=54.01;ML=85.98	not available	not available	not available	30 min	37 °C	QE20150802-30.raw	NT=ms-proteomics;VV=v1.1.0	NT=crosslinking;VV=v1.0.0	NT=human;VV=v1.1.0
PXD025391_VE20160714-144	Homo sapiens	not available	not available	105	PXD025391_VE20160714-144_assay	proteomic profiling by mass spectrometry	data-dependent acquisition	NT=label free sample;AC=MS:1002038	1	1	not available	NT=Trypsin;AC=MS:1001251	NT=Carbamidomethyl;AC=UNIMOD:4;TA=C;MT=Fixed	NT=DSSO remnant;AC=null;TA=null;MT=Variable	not available	not available	NT=DSSO;AC=XLMOD:02126;CL=yes;TA=K,S,T,Y,nterm;MH=54.01;ML=85.98	not available	not available	not available	30 min	37 °C	VE20160714-144.raw	NT=ms-proteomics;VV=v1.1.0	NT=crosslinking;VV=v1.0.0	NT=human;VV=v1.1.0
PXD025391_VE20160603-20	Homo sapiens	not available	not available	106	PXD025391_VE20160603-20_assay	proteomic profiling by mass spectrometry	data-dependent acquisition	NT=label free sample;AC=MS:1002038	1	1	not available	NT=Trypsin;AC=MS:1001251	NT=Carbamidomethyl;AC=UNIMOD:4;TA=C;MT=Fixed	NT=DSSO remnant;AC=null;TA=null;MT=Variable	not available	not available	NT=DSSO;AC=XLMOD:02126;CL=yes;TA=K,S,T,Y,nterm;MH=54.01;ML=85.98	not available	not available	not available	30 min	37 °C	VE20160603-20.raw	NT=ms-proteomics;VV=v1.1.0	NT=crosslinking;VV=v1.0.0	NT=human;VV=v1.1.0
PXD025391_VE20160714-130	Homo sapiens	not available	not available	107	PXD025391_VE20160714-130_assay	proteomic profiling by mass spectrometry	data-dependent acquisition	NT=label free sample;AC=MS:1002038	1	1	not available	NT=Trypsin;AC=MS:1001251	NT=Carbamidomethyl;AC=UNIMOD:4;TA=C;MT=Fixed	NT=DSSO remnant;AC=null;TA=null;MT=Variable	not available	not available	NT=DSSO;AC=XLMOD:02126;CL=yes;TA=K,S,T,Y,nterm;MH=54.01;ML=85.98	not available	not available	not available	30 min	37 °C	VE20160714-130.raw	NT=ms-proteomics;VV=v1.1.0	NT=crosslinking;VV=v1.0.0	NT=human;VV=v1.1.0
PXD025391_QE20150613-09	Homo sapiens	not available	not available	108	PXD025391_QE20150613-09_assay	proteomic profiling by mass spectrometry	data-dependent acquisition	NT=label free sample;AC=MS:1002038	1	1	not available	NT=Trypsin;AC=MS:1001251	NT=Carbamidomethyl;AC=UNIMOD:4;TA=C;MT=Fixed	NT=DSSO remnant;AC=null;TA=null;MT=Variable	not available	not available	NT=DSSO;AC=XLMOD:02126;CL=yes;TA=K,S,T,Y,nterm;MH=54.01;ML=85.98	not available	not available	not available	30 min	37 °C	QE20150613-09.raw	NT=ms-proteomics;VV=v1.1.0	NT=crosslinking;VV=v1.0.0	NT=human;VV=v1.1.0
PXD025391_VE20150902-11	Homo sapiens	not available	not available	109	PXD025391_VE20150902-11_assay	proteomic profiling by mass spectrometry	data-dependent acquisition	NT=label free sample;AC=MS:1002038	1	1	not available	NT=Trypsin;AC=MS:1001251	NT=Carbamidomethyl;AC=UNIMOD:4;TA=C;MT=Fixed	NT=DSSO remnant;AC=null;TA=null;MT=Variable	not available	not available	NT=DSSO;AC=XLMOD:02126;CL=yes;TA=K,S,T,Y,nterm;MH=54.01;ML=85.98	not available	not available	not available	30 min	37 °C	VE20150902-11.raw	NT=ms-proteomics;VV=v1.1.0	NT=crosslinking;VV=v1.0.0	NT=human;VV=v1.1.0
PXD025391_VE20150103-03	Homo sapiens	not available	not available	110	PXD025391_VE20150103-03_assay	proteomic profiling by mass spectrometry	data-dependent acquisition	NT=label free sample;AC=MS:1002038	1	1	not available	NT=Trypsin;AC=MS:1001251	NT=Carbamidomethyl;AC=UNIMOD:4;TA=C;MT=Fixed	NT=DSSO remnant;AC=null;TA=null;MT=Variable	not available	not available	NT=DSSO;AC=XLMOD:02126;CL=yes;TA=K,S,T,Y,nterm;MH=54.01;ML=85.98	not available	not available	not available	30 min	37 °C	VE20150103-03.raw	NT=ms-proteomics;VV=v1.1.0	NT=crosslinking;VV=v1.0.0	NT=human;VV=v1.1.0
PXD025391_VE20150907-13	Homo sapiens	not available	not available	111	PXD025391_VE20150907-13_assay	proteomic profiling by mass spectrometry	data-dependent acquisition	NT=label free sample;AC=MS:1002038	1	1	not available	NT=Trypsin;AC=MS:1001251	NT=Carbamidomethyl;AC=UNIMOD:4;TA=C;MT=Fixed	NT=DSSO remnant;AC=null;TA=null;MT=Variable	not available	not available	NT=DSSO;AC=XLMOD:02126;CL=yes;TA=K,S,T,Y,nterm;MH=54.01;ML=85.98	not available	not available	not available	30 min	37 °C	VE20150907-13.raw	NT=ms-proteomics;VV=v1.1.0	NT=crosslinking;VV=v1.0.0	NT=human;VV=v1.1.0
PXD025391_VE20150103-06	Homo sapiens	not available	not available	112	PXD025391_VE20150103-06_assay	proteomic profiling by mass spectrometry	data-dependent acquisition	NT=label free sample;AC=MS:1002038	1	1	not available	NT=Trypsin;AC=MS:1001251	NT=Carbamidomethyl;AC=UNIMOD:4;TA=C;MT=Fixed	NT=DSSO remnant;AC=null;TA=null;MT=Variable	not available	not available	NT=DSSO;AC=XLMOD:02126;CL=yes;TA=K,S,T,Y,nterm;MH=54.01;ML=85.98	not available	not available	not available	30 min	37 °C	VE20150103-06.raw	NT=ms-proteomics;VV=v1.1.0	NT=crosslinking;VV=v1.0.0	NT=human;VV=v1.1.0
PXD025391_VE20160603-05	Homo sapiens	not available	not available	113	PXD025391_VE20160603-05_assay	proteomic profiling by mass spectrometry	data-dependent acquisition	NT=label free sample;AC=MS:1002038	1	1	not available	NT=Trypsin;AC=MS:1001251	NT=Carbamidomethyl;AC=UNIMOD:4;TA=C;MT=Fixed	NT=DSSO remnant;AC=null;TA=null;MT=Variable	not available	not available	NT=DSSO;AC=XLMOD:02126;CL=yes;TA=K,S,T,Y,nterm;MH=54.01;ML=85.98	not available	not available	not available	30 min	37 °C	VE20160603-05.raw	NT=ms-proteomics;VV=v1.1.0	NT=crosslinking;VV=v1.0.0	NT=human;VV=v1.1.0
PXD025391_QE20150425-12	Homo sapiens	not available	not available	114	PXD025391_QE20150425-12_assay	proteomic profiling by mass spectrometry	data-dependent acquisition	NT=label free sample;AC=MS:1002038	1	1	not available	NT=Trypsin;AC=MS:1001251	NT=Carbamidomethyl;AC=UNIMOD:4;TA=C;MT=Fixed	NT=DSSO remnant;AC=null;TA=null;MT=Variable	not available	not available	NT=DSSO;AC=XLMOD:02126;CL=yes;TA=K,S,T,Y,nterm;MH=54.01;ML=85.98	not available	not available	not available	30 min	37 °C	QE20150425-12.raw	NT=ms-proteomics;VV=v1.1.0	NT=crosslinking;VV=v1.0.0	NT=human;VV=v1.1.0
PXD025391_VE20150907-05	Homo sapiens	not available	not available	115	PXD025391_VE20150907-05_assay	proteomic profiling by mass spectrometry	data-dependent acquisition	NT=label free sample;AC=MS:1002038	1	1	not available	NT=Trypsin;AC=MS:1001251	NT=Carbamidomethyl;AC=UNIMOD:4;TA=C;MT=Fixed	NT=DSSO remnant;AC=null;TA=null;MT=Variable	not available	not available	NT=DSSO;AC=XLMOD:02126;CL=yes;TA=K,S,T,Y,nterm;MH=54.01;ML=85.98	not available	not available	not available	30 min	37 °C	VE20150907-05.raw	NT=ms-proteomics;VV=v1.1.0	NT=crosslinking;VV=v1.0.0	NT=human;VV=v1.1.0
PXD025391_VE20160714-127	Homo sapiens	not available	not available	116	PXD025391_VE20160714-127_assay	proteomic profiling by mass spectrometry	data-dependent acquisition	NT=label free sample;AC=MS:1002038	1	1	not available	NT=Trypsin;AC=MS:1001251	NT=Carbamidomethyl;AC=UNIMOD:4;TA=C;MT=Fixed	NT=DSSO remnant;AC=null;TA=null;MT=Variable	not available	not available	NT=DSSO;AC=XLMOD:02126;CL=yes;TA=K,S,T,Y,nterm;MH=54.01;ML=85.98	not available	not available	not available	30 min	37 °C	VE20160714-127.raw	NT=ms-proteomics;VV=v1.1.0	NT=crosslinking;VV=v1.0.0	NT=human;VV=v1.1.0
PXD025391_VE20160603-13	Homo sapiens	not available	not available	117	PXD025391_VE20160603-13_assay	proteomic profiling by mass spectrometry	data-dependent acquisition	NT=label free sample;AC=MS:1002038	1	1	not available	NT=Trypsin;AC=MS:1001251	NT=Carbamidomethyl;AC=UNIMOD:4;TA=C;MT=Fixed	NT=DSSO remnant;AC=null;TA=null;MT=Variable	not available	not available	NT=DSSO;AC=XLMOD:02126;CL=yes;TA=K,S,T,Y,nterm;MH=54.01;ML=85.98	not available	not available	not available	30 min	37 °C	VE20160603-13.raw	NT=ms-proteomics;VV=v1.1.0	NT=crosslinking;VV=v1.0.0	NT=human;VV=v1.1.0
PXD025391_VE20160714-72	Homo sapiens	not available	not available	118	PXD025391_VE20160714-72_assay	proteomic profiling by mass spectrometry	data-dependent acquisition	NT=label free sample;AC=MS:1002038	1	1	not available	NT=Trypsin;AC=MS:1001251	NT=Carbamidomethyl;AC=UNIMOD:4;TA=C;MT=Fixed	NT=DSSO remnant;AC=null;TA=null;MT=Variable	not available	not available	NT=DSSO;AC=XLMOD:02126;CL=yes;TA=K,S,T,Y,nterm;MH=54.01;ML=85.98	not available	not available	not available	30 min	37 °C	VE20160714-72.raw	NT=ms-proteomics;VV=v1.1.0	NT=crosslinking;VV=v1.0.0	NT=human;VV=v1.1.0
PXD025391_VE20160714-17	Homo sapiens	not available	not available	119	PXD025391_VE20160714-17_assay	proteomic profiling by mass spectrometry	data-dependent acquisition	NT=label free sample;AC=MS:1002038	1	1	not available	NT=Trypsin;AC=MS:1001251	NT=Carbamidomethyl;AC=UNIMOD:4;TA=C;MT=Fixed	NT=DSSO remnant;AC=null;TA=null;MT=Variable	not available	not available	NT=DSSO;AC=XLMOD:02126;CL=yes;TA=K,S,T,Y,nterm;MH=54.01;ML=85.98	not available	not available	not available	30 min	37 °C	VE20160714-17.raw	NT=ms-proteomics;VV=v1.1.0	NT=crosslinking;VV=v1.0.0	NT=human;VV=v1.1.0
PXD025391_QE20150802-08	Homo sapiens	not available	not available	120	PXD025391_QE20150802-08_assay	proteomic profiling by mass spectrometry	data-dependent acquisition	NT=label free sample;AC=MS:1002038	1	1	not available	NT=Trypsin;AC=MS:1001251	NT=Carbamidomethyl;AC=UNIMOD:4;TA=C;MT=Fixed	NT=DSSO remnant;AC=null;TA=null;MT=Variable	not available	not available	NT=DSSO;AC=XLMOD:02126;CL=yes;TA=K,S,T,Y,nterm;MH=54.01;ML=85.98	not available	not available	not available	30 min	37 °C	QE20150802-08.raw	NT=ms-proteomics;VV=v1.1.0	NT=crosslinking;VV=v1.0.0	NT=human;VV=v1.1.0
PXD025391_VE20160714-04	Homo sapiens	not available	not available	121	PXD025391_VE20160714-04_assay	proteomic profiling by mass spectrometry	data-dependent acquisition	NT=label free sample;AC=MS:1002038	1	1	not available	NT=Trypsin;AC=MS:1001251	NT=Carbamidomethyl;AC=UNIMOD:4;TA=C;MT=Fixed	NT=DSSO remnant;AC=null;TA=null;MT=Variable	not available	not available	NT=DSSO;AC=XLMOD:02126;CL=yes;TA=K,S,T,Y,nterm;MH=54.01;ML=85.98	not available	not available	not available	30 min	37 °C	VE20160714-04.raw	NT=ms-proteomics;VV=v1.1.0	NT=crosslinking;VV=v1.0.0	NT=human;VV=v1.1.0
PXD025391_VE20150902-12	Homo sapiens	not available	not available	122	PXD025391_VE20150902-12_assay	proteomic profiling by mass spectrometry	data-dependent acquisition	NT=label free sample;AC=MS:1002038	1	1	not available	NT=Trypsin;AC=MS:1001251	NT=Carbamidomethyl;AC=UNIMOD:4;TA=C;MT=Fixed	NT=DSSO remnant;AC=null;TA=null;MT=Variable	not available	not available	NT=DSSO;AC=XLMOD:02126;CL=yes;TA=K,S,T,Y,nterm;MH=54.01;ML=85.98	not available	not available	not available	30 min	37 °C	VE20150902-12.raw	NT=ms-proteomics;VV=v1.1.0	NT=crosslinking;VV=v1.0.0	NT=human;VV=v1.1.0
PXD025391_QE20150802-12	Homo sapiens	not available	not available	123	PXD025391_QE20150802-12_assay	proteomic profiling by mass spectrometry	data-dependent acquisition	NT=label free sample;AC=MS:1002038	1	1	not available	NT=Trypsin;AC=MS:1001251	NT=Carbamidomethyl;AC=UNIMOD:4;TA=C;MT=Fixed	NT=DSSO remnant;AC=null;TA=null;MT=Variable	not available	not available	NT=DSSO;AC=XLMOD:02126;CL=yes;TA=K,S,T,Y,nterm;MH=54.01;ML=85.98	not available	not available	not available	30 min	37 °C	QE20150802-12.raw	NT=ms-proteomics;VV=v1.1.0	NT=crosslinking;VV=v1.0.0	NT=human;VV=v1.1.0
PXD025391_VE20150618-06	Homo sapiens	not available	not available	124	PXD025391_VE20150618-06_assay	proteomic profiling by mass spectrometry	data-dependent acquisition	NT=label free sample;AC=MS:1002038	1	1	not available	NT=Trypsin;AC=MS:1001251	NT=Carbamidomethyl;AC=UNIMOD:4;TA=C;MT=Fixed	NT=DSSO remnant;AC=null;TA=null;MT=Variable	not available	not available	NT=DSSO;AC=XLMOD:02126;CL=yes;TA=K,S,T,Y,nterm;MH=54.01;ML=85.98	not available	not available	not available	30 min	37 °C	VE20150618-06.raw	NT=ms-proteomics;VV=v1.1.0	NT=crosslinking;VV=v1.0.0	NT=human;VV=v1.1.0
PXD025391_VE20160714-07	Homo sapiens	not available	not available	125	PXD025391_VE20160714-07_assay	proteomic profiling by mass spectrometry	data-dependent acquisition	NT=label free sample;AC=MS:1002038	1	1	not available	NT=Trypsin;AC=MS:1001251	NT=Carbamidomethyl;AC=UNIMOD:4;TA=C;MT=Fixed	NT=DSSO remnant;AC=null;TA=null;MT=Variable	not available	not available	NT=DSSO;AC=XLMOD:02126;CL=yes;TA=K,S,T,Y,nterm;MH=54.01;ML=85.98	not available	not available	not available	30 min	37 °C	VE20160714-07.raw	NT=ms-proteomics;VV=v1.1.0	NT=crosslinking;VV=v1.0.0	NT=human;VV=v1.1.0
PXD025391_VE20150103-35	Homo sapiens	not available	not available	126	PXD025391_VE20150103-35_assay	proteomic profiling by mass spectrometry	data-dependent acquisition	NT=label free sample;AC=MS:1002038	1	1	not available	NT=Trypsin;AC=MS:1001251	NT=Carbamidomethyl;AC=UNIMOD:4;TA=C;MT=Fixed	NT=DSSO remnant;AC=null;TA=null;MT=Variable	not available	not available	NT=DSSO;AC=XLMOD:02126;CL=yes;TA=K,S,T,Y,nterm;MH=54.01;ML=85.98	not available	not available	not available	30 min	37 °C	VE20150103-35.raw	NT=ms-proteomics;VV=v1.1.0	NT=crosslinking;VV=v1.0.0	NT=human;VV=v1.1.0
PXD025391_VE20160105-22	Homo sapiens	not available	not available	127	PXD025391_VE20160105-22_assay	proteomic profiling by mass spectrometry	data-dependent acquisition	NT=label free sample;AC=MS:1002038	1	1	not available	NT=Trypsin;AC=MS:1001251	NT=Carbamidomethyl;AC=UNIMOD:4;TA=C;MT=Fixed	NT=DSSO remnant;AC=null;TA=null;MT=Variable	not available	not available	NT=DSSO;AC=XLMOD:02126;CL=yes;TA=K,S,T,Y,nterm;MH=54.01;ML=85.98	not available	not available	not available	30 min	37 °C	VE20160105-22.raw	NT=ms-proteomics;VV=v1.1.0	NT=crosslinking;VV=v1.0.0	NT=human;VV=v1.1.0
PXD025391_VE20160714-16	Homo sapiens	not available	not available	128	PXD025391_VE20160714-16_assay	proteomic profiling by mass spectrometry	data-dependent acquisition	NT=label free sample;AC=MS:1002038	1	1	not available	NT=Trypsin;AC=MS:1001251	NT=Carbamidomethyl;AC=UNIMOD:4;TA=C;MT=Fixed	NT=DSSO remnant;AC=null;TA=null;MT=Variable	not available	not available	NT=DSSO;AC=XLMOD:02126;CL=yes;TA=K,S,T,Y,nterm;MH=54.01;ML=85.98	not available	not available	not available	30 min	37 °C	VE20160714-16.raw	NT=ms-proteomics;VV=v1.1.0	NT=crosslinking;VV=v1.0.0	NT=human;VV=v1.1.0
PXD025391_VE20160226-14	Homo sapiens	not available	not available	129	PXD025391_VE20160226-14_assay	proteomic profiling by mass spectrometry	data-dependent acquisition	NT=label free sample;AC=MS:1002038	1	1	not available	NT=Trypsin;AC=MS:1001251	NT=Carbamidomethyl;AC=UNIMOD:4;TA=C;MT=Fixed	NT=DSSO remnant;AC=null;TA=null;MT=Variable	not available	not available	NT=DSSO;AC=XLMOD:02126;CL=yes;TA=K,S,T,Y,nterm;MH=54.01;ML=85.98	not available	not available	not available	30 min	37 °C	VE20160226-14.raw	NT=ms-proteomics;VV=v1.1.0	NT=crosslinking;VV=v1.0.0	NT=human;VV=v1.1.0
PXD025391_QE20150802-11	Homo sapiens	not available	not available	130	PXD025391_QE20150802-11_assay	proteomic profiling by mass spectrometry	data-dependent acquisition	NT=label free sample;AC=MS:1002038	1	1	not available	NT=Trypsin;AC=MS:1001251	NT=Carbamidomethyl;AC=UNIMOD:4;TA=C;MT=Fixed	NT=DSSO remnant;AC=null;TA=null;MT=Variable	not available	not available	NT=DSSO;AC=XLMOD:02126;CL=yes;TA=K,S,T,Y,nterm;MH=54.01;ML=85.98	not available	not available	not available	30 min	37 °C	QE20150802-11.raw	NT=ms-proteomics;VV=v1.1.0	NT=crosslinking;VV=v1.0.0	NT=human;VV=v1.1.0
PXD025391_VE20160603-01	Homo sapiens	not available	not available	131	PXD025391_VE20160603-01_assay	proteomic profiling by mass spectrometry	data-dependent acquisition	NT=label free sample;AC=MS:1002038	1	1	not available	NT=Trypsin;AC=MS:1001251	NT=Carbamidomethyl;AC=UNIMOD:4;TA=C;MT=Fixed	NT=DSSO remnant;AC=null;TA=null;MT=Variable	not available	not available	NT=DSSO;AC=XLMOD:02126;CL=yes;TA=K,S,T,Y,nterm;MH=54.01;ML=85.98	not available	not available	not available	30 min	37 °C	VE20160603-01.raw	NT=ms-proteomics;VV=v1.1.0	NT=crosslinking;VV=v1.0.0	NT=human;VV=v1.1.0
PXD025391_QE20150425-07	Homo sapiens	not available	not available	132	PXD025391_QE20150425-07_assay	proteomic profiling by mass spectrometry	data-dependent acquisition	NT=label free sample;AC=MS:1002038	1	1	not available	NT=Trypsin;AC=MS:1001251	NT=Carbamidomethyl;AC=UNIMOD:4;TA=C;MT=Fixed	NT=DSSO remnant;AC=null;TA=null;MT=Variable	not available	not available	NT=DSSO;AC=XLMOD:02126;CL=yes;TA=K,S,T,Y,nterm;MH=54.01;ML=85.98	not available	not available	not available	30 min	37 °C	QE20150425-07.raw	NT=ms-proteomics;VV=v1.1.0	NT=crosslinking;VV=v1.0.0	NT=human;VV=v1.1.0
PXD025391_VE20150103-29	Homo sapiens	not available	not available	133	PXD025391_VE20150103-29_assay	proteomic profiling by mass spectrometry	data-dependent acquisition	NT=label free sample;AC=MS:1002038	1	1	not available	NT=Trypsin;AC=MS:1001251	NT=Carbamidomethyl;AC=UNIMOD:4;TA=C;MT=Fixed	NT=DSSO remnant;AC=null;TA=null;MT=Variable	not available	not available	NT=DSSO;AC=XLMOD:02126;CL=yes;TA=K,S,T,Y,nterm;MH=54.01;ML=85.98	not available	not available	not available	30 min	37 °C	VE20150103-29.raw	NT=ms-proteomics;VV=v1.1.0	NT=crosslinking;VV=v1.0.0	NT=human;VV=v1.1.0
PXD025391_QE20150425-19	Homo sapiens	not available	not available	134	PXD025391_QE20150425-19_assay	proteomic profiling by mass spectrometry	data-dependent acquisition	NT=label free sample;AC=MS:1002038	1	1	not available	NT=Trypsin;AC=MS:1001251	NT=Carbamidomethyl;AC=UNIMOD:4;TA=C;MT=Fixed	NT=DSSO remnant;AC=null;TA=null;MT=Variable	not available	not available	NT=DSSO;AC=XLMOD:02126;CL=yes;TA=K,S,T,Y,nterm;MH=54.01;ML=85.98	not available	not available	not available	30 min	37 °C	QE20150425-19.raw	NT=ms-proteomics;VV=v1.1.0	NT=crosslinking;VV=v1.0.0	NT=human;VV=v1.1.0
PXD025391_VE20160714-19	Homo sapiens	not available	not available	135	PXD025391_VE20160714-19_assay	proteomic profiling by mass spectrometry	data-dependent acquisition	NT=label free sample;AC=MS:1002038	1	1	not available	NT=Trypsin;AC=MS:1001251	NT=Carbamidomethyl;AC=UNIMOD:4;TA=C;MT=Fixed	NT=DSSO remnant;AC=null;TA=null;MT=Variable	not available	not available	NT=DSSO;AC=XLMOD:02126;CL=yes;TA=K,S,T,Y,nterm;MH=54.01;ML=85.98	not available	not available	not available	30 min	37 °C	VE20160714-19.raw	NT=ms-proteomics;VV=v1.1.0	NT=crosslinking;VV=v1.0.0	NT=human;VV=v1.1.0
PXD025391_VE20160714-92	Homo sapiens	not available	not available	136	PXD025391_VE20160714-92_assay	proteomic profiling by mass spectrometry	data-dependent acquisition	NT=label free sample;AC=MS:1002038	1	1	not available	NT=Trypsin;AC=MS:1001251	NT=Carbamidomethyl;AC=UNIMOD:4;TA=C;MT=Fixed	NT=DSSO remnant;AC=null;TA=null;MT=Variable	not available	not available	NT=DSSO;AC=XLMOD:02126;CL=yes;TA=K,S,T,Y,nterm;MH=54.01;ML=85.98	not available	not available	not available	30 min	37 °C	VE20160714-92.raw	NT=ms-proteomics;VV=v1.1.0	NT=crosslinking;VV=v1.0.0	NT=human;VV=v1.1.0
PXD025391_QE20150425-18	Homo sapiens	not available	not available	137	PXD025391_QE20150425-18_assay	proteomic profiling by mass spectrometry	data-dependent acquisition	NT=label free sample;AC=MS:1002038	1	1	not available	NT=Trypsin;AC=MS:1001251	NT=Carbamidomethyl;AC=UNIMOD:4;TA=C;MT=Fixed	NT=DSSO remnant;AC=null;TA=null;MT=Variable	not available	not available	NT=DSSO;AC=XLMOD:02126;CL=yes;TA=K,S,T,Y,nterm;MH=54.01;ML=85.98	not available	not available	not available	30 min	37 °C	QE20150425-18.raw	NT=ms-proteomics;VV=v1.1.0	NT=crosslinking;VV=v1.0.0	NT=human;VV=v1.1.0
PXD025391_VE20160603-08	Homo sapiens	not available	not available	138	PXD025391_VE20160603-08_assay	proteomic profiling by mass spectrometry	data-dependent acquisition	NT=label free sample;AC=MS:1002038	1	1	not available	NT=Trypsin;AC=MS:1001251	NT=Carbamidomethyl;AC=UNIMOD:4;TA=C;MT=Fixed	NT=DSSO remnant;AC=null;TA=null;MT=Variable	not available	not available	NT=DSSO;AC=XLMOD:02126;CL=yes;TA=K,S,T,Y,nterm;MH=54.01;ML=85.98	not available	not available	not available	30 min	37 °C	VE20160603-08.raw	NT=ms-proteomics;VV=v1.1.0	NT=crosslinking;VV=v1.0.0	NT=human;VV=v1.1.0
PXD025391_VE20150103-36	Homo sapiens	not available	not available	139	PXD025391_VE20150103-36_assay	proteomic profiling by mass spectrometry	data-dependent acquisition	NT=label free sample;AC=MS:1002038	1	1	not available	NT=Trypsin;AC=MS:1001251	NT=Carbamidomethyl;AC=UNIMOD:4;TA=C;MT=Fixed	NT=DSSO remnant;AC=null;TA=null;MT=Variable	not available	not available	NT=DSSO;AC=XLMOD:02126;CL=yes;TA=K,S,T,Y,nterm;MH=54.01;ML=85.98	not available	not available	not available	30 min	37 °C	VE20150103-36.raw	NT=ms-proteomics;VV=v1.1.0	NT=crosslinking;VV=v1.0.0	NT=human;VV=v1.1.0
PXD025391_QE20150425-08	Homo sapiens	not available	not available	140	PXD025391_QE20150425-08_assay	proteomic profiling by mass spectrometry	data-dependent acquisition	NT=label free sample;AC=MS:1002038	1	1	not available	NT=Trypsin;AC=MS:1001251	NT=Carbamidomethyl;AC=UNIMOD:4;TA=C;MT=Fixed	NT=DSSO remnant;AC=null;TA=null;MT=Variable	not available	not available	NT=DSSO;AC=XLMOD:02126;CL=yes;TA=K,S,T,Y,nterm;MH=54.01;ML=85.98	not available	not available	not available	30 min	37 °C	QE20150425-08.raw	NT=ms-proteomics;VV=v1.1.0	NT=crosslinking;VV=v1.0.0	NT=human;VV=v1.1.0
PXD025391_VE20160226-19	Homo sapiens	not available	not available	141	PXD025391_VE20160226-19_assay	proteomic profiling by mass spectrometry	data-dependent acquisition	NT=label free sample;AC=MS:1002038	1	1	not available	NT=Trypsin;AC=MS:1001251	NT=Carbamidomethyl;AC=UNIMOD:4;TA=C;MT=Fixed	NT=DSSO remnant;AC=null;TA=null;MT=Variable	not available	not available	NT=DSSO;AC=XLMOD:02126;CL=yes;TA=K,S,T,Y,nterm;MH=54.01;ML=85.98	not available	not available	not available	30 min	37 °C	VE20160226-19.raw	NT=ms-proteomics;VV=v1.1.0	NT=crosslinking;VV=v1.0.0	NT=human;VV=v1.1.0
PXD025391_VE20160226-17	Homo sapiens	not available	not available	142	PXD025391_VE20160226-17_assay	proteomic profiling by mass spectrometry	data-dependent acquisition	NT=label free sample;AC=MS:1002038	1	1	not available	NT=Trypsin;AC=MS:1001251	NT=Carbamidomethyl;AC=UNIMOD:4;TA=C;MT=Fixed	NT=DSSO remnant;AC=null;TA=null;MT=Variable	not available	not available	NT=DSSO;AC=XLMOD:02126;CL=yes;TA=K,S,T,Y,nterm;MH=54.01;ML=85.98	not available	not available	not available	30 min	37 °C	VE20160226-17.raw	NT=ms-proteomics;VV=v1.1.0	NT=crosslinking;VV=v1.0.0	NT=human;VV=v1.1.0
PXD025391_VE20150907-04	Homo sapiens	not available	not available	143	PXD025391_VE20150907-04_assay	proteomic profiling by mass spectrometry	data-dependent acquisition	NT=label free sample;AC=MS:1002038	1	1	not available	NT=Trypsin;AC=MS:1001251	NT=Carbamidomethyl;AC=UNIMOD:4;TA=C;MT=Fixed	NT=DSSO remnant;AC=null;TA=null;MT=Variable	not available	not available	NT=DSSO;AC=XLMOD:02126;CL=yes;TA=K,S,T,Y,nterm;MH=54.01;ML=85.98	not available	not available	not available	30 min	37 °C	VE20150907-04.raw	NT=ms-proteomics;VV=v1.1.0	NT=crosslinking;VV=v1.0.0	NT=human;VV=v1.1.0
PXD025391_VE20150103-17	Homo sapiens	not available	not available	144	PXD025391_VE20150103-17_assay	proteomic profiling by mass spectrometry	data-dependent acquisition	NT=label free sample;AC=MS:1002038	1	1	not available	NT=Trypsin;AC=MS:1001251	NT=Carbamidomethyl;AC=UNIMOD:4;TA=C;MT=Fixed	NT=DSSO remnant;AC=null;TA=null;MT=Variable	not available	not available	NT=DSSO;AC=XLMOD:02126;CL=yes;TA=K,S,T,Y,nterm;MH=54.01;ML=85.98	not available	not available	not available	30 min	37 °C	VE20150103-17.raw	NT=ms-proteomics;VV=v1.1.0	NT=crosslinking;VV=v1.0.0	NT=human;VV=v1.1.0
PXD025391_VE20150902-14_A	Homo sapiens	not available	not available	145	PXD025391_VE20150902-14_A_assay	proteomic profiling by mass spectrometry	data-dependent acquisition	NT=label free sample;AC=MS:1002038	1	1	not available	NT=Trypsin;AC=MS:1001251	NT=Carbamidomethyl;AC=UNIMOD:4;TA=C;MT=Fixed	NT=DSSO remnant;AC=null;TA=null;MT=Variable	not available	not available	NT=DSSO;AC=XLMOD:02126;CL=yes;TA=K,S,T,Y,nterm;MH=54.01;ML=85.98	not available	not available	not available	30 min	37 °C	VE20150902-14_A.raw	NT=ms-proteomics;VV=v1.1.0	NT=crosslinking;VV=v1.0.0	NT=human;VV=v1.1.0
PXD025391_VE20150907-10	Homo sapiens	not available	not available	146	PXD025391_VE20150907-10_assay	proteomic profiling by mass spectrometry	data-dependent acquisition	NT=label free sample;AC=MS:1002038	1	1	not available	NT=Trypsin;AC=MS:1001251	NT=Carbamidomethyl;AC=UNIMOD:4;TA=C;MT=Fixed	NT=DSSO remnant;AC=null;TA=null;MT=Variable	not available	not available	NT=DSSO;AC=XLMOD:02126;CL=yes;TA=K,S,T,Y,nterm;MH=54.01;ML=85.98	not available	not available	not available	30 min	37 °C	VE20150907-10.raw	NT=ms-proteomics;VV=v1.1.0	NT=crosslinking;VV=v1.0.0	NT=human;VV=v1.1.0
PXD025391_QE20150425-13	Homo sapiens	not available	not available	147	PXD025391_QE20150425-13_assay	proteomic profiling by mass spectrometry	data-dependent acquisition	NT=label free sample;AC=MS:1002038	1	1	not available	NT=Trypsin;AC=MS:1001251	NT=Carbamidomethyl;AC=UNIMOD:4;TA=C;MT=Fixed	NT=DSSO remnant;AC=null;TA=null;MT=Variable	not available	not available	NT=DSSO;AC=XLMOD:02126;CL=yes;TA=K,S,T,Y,nterm;MH=54.01;ML=85.98	not available	not available	not available	30 min	37 °C	QE20150425-13.raw	NT=ms-proteomics;VV=v1.1.0	NT=crosslinking;VV=v1.0.0	NT=human;VV=v1.1.0
PXD025391_VE20150103-28	Homo sapiens	not available	not available	148	PXD025391_VE20150103-28_assay	proteomic profiling by mass spectrometry	data-dependent acquisition	NT=label free sample;AC=MS:1002038	1	1	not available	NT=Trypsin;AC=MS:1001251	NT=Carbamidomethyl;AC=UNIMOD:4;TA=C;MT=Fixed	NT=DSSO remnant;AC=null;TA=null;MT=Variable	not available	not available	NT=DSSO;AC=XLMOD:02126;CL=yes;TA=K,S,T,Y,nterm;MH=54.01;ML=85.98	not available	not available	not available	30 min	37 °C	VE20150103-28.raw	NT=ms-proteomics;VV=v1.1.0	NT=crosslinking;VV=v1.0.0	NT=human;VV=v1.1.0
PXD025391_VE20160226-25	Homo sapiens	not available	not available	149	PXD025391_VE20160226-25_assay	proteomic profiling by mass spectrometry	data-dependent acquisition	NT=label free sample;AC=MS:1002038	1	1	not available	NT=Trypsin;AC=MS:1001251	NT=Carbamidomethyl;AC=UNIMOD:4;TA=C;MT=Fixed	NT=DSSO remnant;AC=null;TA=null;MT=Variable	not available	not available	NT=DSSO;AC=XLMOD:02126;CL=yes;TA=K,S,T,Y,nterm;MH=54.01;ML=85.98	not available	not available	not available	30 min	37 °C	VE20160226-25.raw	NT=ms-proteomics;VV=v1.1.0	NT=crosslinking;VV=v1.0.0	NT=human;VV=v1.1.0
PXD025391_VE20160226-22	Homo sapiens	not available	not available	150	PXD025391_VE20160226-22_assay	proteomic profiling by mass spectrometry	data-dependent acquisition	NT=label free sample;AC=MS:1002038	1	1	not available	NT=Trypsin;AC=MS:1001251	NT=Carbamidomethyl;AC=UNIMOD:4;TA=C;MT=Fixed	NT=DSSO remnant;AC=null;TA=null;MT=Variable	not available	not available	NT=DSSO;AC=XLMOD:02126;CL=yes;TA=K,S,T,Y,nterm;MH=54.01;ML=85.98	not available	not available	not available	30 min	37 °C	VE20160226-22.raw	NT=ms-proteomics;VV=v1.1.0	NT=crosslinking;VV=v1.0.0	NT=human;VV=v1.1.0
PXD025391_VE20160714-59	Homo sapiens	not available	not available	151	PXD025391_VE20160714-59_assay	proteomic profiling by mass spectrometry	data-dependent acquisition	NT=label free sample;AC=MS:1002038	1	1	not available	NT=Trypsin;AC=MS:1001251	NT=Carbamidomethyl;AC=UNIMOD:4;TA=C;MT=Fixed	NT=DSSO remnant;AC=null;TA=null;MT=Variable	not available	not available	NT=DSSO;AC=XLMOD:02126;CL=yes;TA=K,S,T,Y,nterm;MH=54.01;ML=85.98	not available	not available	not available	30 min	37 °C	VE20160714-59.raw	NT=ms-proteomics;VV=v1.1.0	NT=crosslinking;VV=v1.0.0	NT=human;VV=v1.1.0
PXD025391_VE20150103-25	Homo sapiens	not available	not available	152	PXD025391_VE20150103-25_assay	proteomic profiling by mass spectrometry	data-dependent acquisition	NT=label free sample;AC=MS:1002038	1	1	not available	NT=Trypsin;AC=MS:1001251	NT=Carbamidomethyl;AC=UNIMOD:4;TA=C;MT=Fixed	NT=DSSO remnant;AC=null;TA=null;MT=Variable	not available	not available	NT=DSSO;AC=XLMOD:02126;CL=yes;TA=K,S,T,Y,nterm;MH=54.01;ML=85.98	not available	not available	not available	30 min	37 °C	VE20150103-25.raw	NT=ms-proteomics;VV=v1.1.0	NT=crosslinking;VV=v1.0.0	NT=human;VV=v1.1.0
PXD025391_VE20150103-12	Homo sapiens	not available	not available	153	PXD025391_VE20150103-12_assay	proteomic profiling by mass spectrometry	data-dependent acquisition	NT=label free sample;AC=MS:1002038	1	1	not available	NT=Trypsin;AC=MS:1001251	NT=Carbamidomethyl;AC=UNIMOD:4;TA=C;MT=Fixed	NT=DSSO remnant;AC=null;TA=null;MT=Variable	not available	not available	NT=DSSO;AC=XLMOD:02126;CL=yes;TA=K,S,T,Y,nterm;MH=54.01;ML=85.98	not available	not available	not available	30 min	37 °C	VE20150103-12.raw	NT=ms-proteomics;VV=v1.1.0	NT=crosslinking;VV=v1.0.0	NT=human;VV=v1.1.0
PXD025391_VE20150103-30	Homo sapiens	not available	not available	154	PXD025391_VE20150103-30_assay	proteomic profiling by mass spectrometry	data-dependent acquisition	NT=label free sample;AC=MS:1002038	1	1	not available	NT=Trypsin;AC=MS:1001251	NT=Carbamidomethyl;AC=UNIMOD:4;TA=C;MT=Fixed	NT=DSSO remnant;AC=null;TA=null;MT=Variable	not available	not available	NT=DSSO;AC=XLMOD:02126;CL=yes;TA=K,S,T,Y,nterm;MH=54.01;ML=85.98	not available	not available	not available	30 min	37 °C	VE20150103-30.raw	NT=ms-proteomics;VV=v1.1.0	NT=crosslinking;VV=v1.0.0	NT=human;VV=v1.1.0
PXD025391_VE20150902-10	Homo sapiens	not available	not available	155	PXD025391_VE20150902-10_assay	proteomic profiling by mass spectrometry	data-dependent acquisition	NT=label free sample;AC=MS:1002038	1	1	not available	NT=Trypsin;AC=MS:1001251	NT=Carbamidomethyl;AC=UNIMOD:4;TA=C;MT=Fixed	NT=DSSO remnant;AC=null;TA=null;MT=Variable	not available	not available	NT=DSSO;AC=XLMOD:02126;CL=yes;TA=K,S,T,Y,nterm;MH=54.01;ML=85.98	not available	not available	not available	30 min	37 °C	VE20150902-10.raw	NT=ms-proteomics;VV=v1.1.0	NT=crosslinking;VV=v1.0.0	NT=human;VV=v1.1.0
PXD025391_QE20150802-14	Homo sapiens	not available	not available	156	PXD025391_QE20150802-14_assay	proteomic profiling by mass spectrometry	data-dependent acquisition	NT=label free sample;AC=MS:1002038	1	1	not available	NT=Trypsin;AC=MS:1001251	NT=Carbamidomethyl;AC=UNIMOD:4;TA=C;MT=Fixed	NT=DSSO remnant;AC=null;TA=null;MT=Variable	not available	not available	NT=DSSO;AC=XLMOD:02126;CL=yes;TA=K,S,T,Y,nterm;MH=54.01;ML=85.98	not available	not available	not available	30 min	37 °C	QE20150802-14.raw	NT=ms-proteomics;VV=v1.1.0	NT=crosslinking;VV=v1.0.0	NT=human;VV=v1.1.0
PXD025391_QE20150425-15	Homo sapiens	not available	not available	157	PXD025391_QE20150425-15_assay	proteomic profiling by mass spectrometry	data-dependent acquisition	NT=label free sample;AC=MS:1002038	1	1	not available	NT=Trypsin;AC=MS:1001251	NT=Carbamidomethyl;AC=UNIMOD:4;TA=C;MT=Fixed	NT=DSSO remnant;AC=null;TA=null;MT=Variable	not available	not available	NT=DSSO;AC=XLMOD:02126;CL=yes;TA=K,S,T,Y,nterm;MH=54.01;ML=85.98	not available	not available	not available	30 min	37 °C	QE20150425-15.raw	NT=ms-proteomics;VV=v1.1.0	NT=crosslinking;VV=v1.0.0	NT=human;VV=v1.1.0
PXD025391_VE20160714-10	Homo sapiens	not available	not available	158	PXD025391_VE20160714-10_assay	proteomic profiling by mass spectrometry	data-dependent acquisition	NT=label free sample;AC=MS:1002038	1	1	not available	NT=Trypsin;AC=MS:1001251	NT=Carbamidomethyl;AC=UNIMOD:4;TA=C;MT=Fixed	NT=DSSO remnant;AC=null;TA=null;MT=Variable	not available	not available	NT=DSSO;AC=XLMOD:02126;CL=yes;TA=K,S,T,Y,nterm;MH=54.01;ML=85.98	not available	not available	not available	30 min	37 °C	VE20160714-10.raw	NT=ms-proteomics;VV=v1.1.0	NT=crosslinking;VV=v1.0.0	NT=human;VV=v1.1.0
PXD025391_VE20160714-141	Homo sapiens	not available	not available	159	PXD025391_VE20160714-141_assay	proteomic profiling by mass spectrometry	data-dependent acquisition	NT=label free sample;AC=MS:1002038	1	1	not available	NT=Trypsin;AC=MS:1001251	NT=Carbamidomethyl;AC=UNIMOD:4;TA=C;MT=Fixed	NT=DSSO remnant;AC=null;TA=null;MT=Variable	not available	not available	NT=DSSO;AC=XLMOD:02126;CL=yes;TA=K,S,T,Y,nterm;MH=54.01;ML=85.98	not available	not available	not available	30 min	37 °C	VE20160714-141.raw	NT=ms-proteomics;VV=v1.1.0	NT=crosslinking;VV=v1.0.0	NT=human;VV=v1.1.0
PXD025391_VE20150618-03	Homo sapiens	not available	not available	160	PXD025391_VE20150618-03_assay	proteomic profiling by mass spectrometry	data-dependent acquisition	NT=label free sample;AC=MS:1002038	1	1	not available	NT=Trypsin;AC=MS:1001251	NT=Carbamidomethyl;AC=UNIMOD:4;TA=C;MT=Fixed	NT=DSSO remnant;AC=null;TA=null;MT=Variable	not available	not available	NT=DSSO;AC=XLMOD:02126;CL=yes;TA=K,S,T,Y,nterm;MH=54.01;ML=85.98	not available	not available	not available	30 min	37 °C	VE20150618-03.raw	NT=ms-proteomics;VV=v1.1.0	NT=crosslinking;VV=v1.0.0	NT=human;VV=v1.1.0
PXD025391_VE20150103-11	Homo sapiens	not available	not available	161	PXD025391_VE20150103-11_assay	proteomic profiling by mass spectrometry	data-dependent acquisition	NT=label free sample;AC=MS:1002038	1	1	not available	NT=Trypsin;AC=MS:1001251	NT=Carbamidomethyl;AC=UNIMOD:4;TA=C;MT=Fixed	NT=DSSO remnant;AC=null;TA=null;MT=Variable	not available	not available	NT=DSSO;AC=XLMOD:02126;CL=yes;TA=K,S,T,Y,nterm;MH=54.01;ML=85.98	not available	not available	not available	30 min	37 °C	VE20150103-11.raw	NT=ms-proteomics;VV=v1.1.0	NT=crosslinking;VV=v1.0.0	NT=human;VV=v1.1.0
PXD025391_VE20160226-04	Homo sapiens	not available	not available	162	PXD025391_VE20160226-04_assay	proteomic profiling by mass spectrometry	data-dependent acquisition	NT=label free sample;AC=MS:1002038	1	1	not available	NT=Trypsin;AC=MS:1001251	NT=Carbamidomethyl;AC=UNIMOD:4;TA=C;MT=Fixed	NT=DSSO remnant;AC=null;TA=null;MT=Variable	not available	not available	NT=DSSO;AC=XLMOD:02126;CL=yes;TA=K,S,T,Y,nterm;MH=54.01;ML=85.98	not available	not available	not available	30 min	37 °C	VE20160226-04.raw	NT=ms-proteomics;VV=v1.1.0	NT=crosslinking;VV=v1.0.0	NT=human;VV=v1.1.0
PXD025391_QE20150802-09	Homo sapiens	not available	not available	163	PXD025391_QE20150802-09_assay	proteomic profiling by mass spectrometry	data-dependent acquisition	NT=label free sample;AC=MS:1002038	1	1	not available	NT=Trypsin;AC=MS:1001251	NT=Carbamidomethyl;AC=UNIMOD:4;TA=C;MT=Fixed	NT=DSSO remnant;AC=null;TA=null;MT=Variable	not available	not available	NT=DSSO;AC=XLMOD:02126;CL=yes;TA=K,S,T,Y,nterm;MH=54.01;ML=85.98	not available	not available	not available	30 min	37 °C	QE20150802-09.raw	NT=ms-proteomics;VV=v1.1.0	NT=crosslinking;VV=v1.0.0	NT=human;VV=v1.1.0
PXD025391_QE20150802-15	Homo sapiens	not available	not available	164	PXD025391_QE20150802-15_assay	proteomic profiling by mass spectrometry	data-dependent acquisition	NT=label free sample;AC=MS:1002038	1	1	not available	NT=Trypsin;AC=MS:1001251	NT=Carbamidomethyl;AC=UNIMOD:4;TA=C;MT=Fixed	NT=DSSO remnant;AC=null;TA=null;MT=Variable	not available	not available	NT=DSSO;AC=XLMOD:02126;CL=yes;TA=K,S,T,Y,nterm;MH=54.01;ML=85.98	not available	not available	not available	30 min	37 °C	QE20150802-15.raw	NT=ms-proteomics;VV=v1.1.0	NT=crosslinking;VV=v1.0.0	NT=human;VV=v1.1.0
PXD025391_VE20160226-23	Homo sapiens	not available	not available	165	PXD025391_VE20160226-23_assay	proteomic profiling by mass spectrometry	data-dependent acquisition	NT=label free sample;AC=MS:1002038	1	1	not available	NT=Trypsin;AC=MS:1001251	NT=Carbamidomethyl;AC=UNIMOD:4;TA=C;MT=Fixed	NT=DSSO remnant;AC=null;TA=null;MT=Variable	not available	not available	NT=DSSO;AC=XLMOD:02126;CL=yes;TA=K,S,T,Y,nterm;MH=54.01;ML=85.98	not available	not available	not available	30 min	37 °C	VE20160226-23.raw	NT=ms-proteomics;VV=v1.1.0	NT=crosslinking;VV=v1.0.0	NT=human;VV=v1.1.0
PXD025391_VE20150618-03_A	Homo sapiens	not available	not available	166	PXD025391_VE20150618-03_A_assay	proteomic profiling by mass spectrometry	data-dependent acquisition	NT=label free sample;AC=MS:1002038	1	1	not available	NT=Trypsin;AC=MS:1001251	NT=Carbamidomethyl;AC=UNIMOD:4;TA=C;MT=Fixed	NT=DSSO remnant;AC=null;TA=null;MT=Variable	not available	not available	NT=DSSO;AC=XLMOD:02126;CL=yes;TA=K,S,T,Y,nterm;MH=54.01;ML=85.98	not available	not available	not available	30 min	37 °C	VE20150618-03_A.raw	NT=ms-proteomics;VV=v1.1.0	NT=crosslinking;VV=v1.0.0	NT=human;VV=v1.1.0
PXD025391_VE20150618-12	Homo sapiens	not available	not available	167	PXD025391_VE20150618-12_assay	proteomic profiling by mass spectrometry	data-dependent acquisition	NT=label free sample;AC=MS:1002038	1	1	not available	NT=Trypsin;AC=MS:1001251	NT=Carbamidomethyl;AC=UNIMOD:4;TA=C;MT=Fixed	NT=DSSO remnant;AC=null;TA=null;MT=Variable	not available	not available	NT=DSSO;AC=XLMOD:02126;CL=yes;TA=K,S,T,Y,nterm;MH=54.01;ML=85.98	not available	not available	not available	30 min	37 °C	VE20150618-12.raw	NT=ms-proteomics;VV=v1.1.0	NT=crosslinking;VV=v1.0.0	NT=human;VV=v1.1.0
PXD025391_VE20150907-09	Homo sapiens	not available	not available	168	PXD025391_VE20150907-09_assay	proteomic profiling by mass spectrometry	data-dependent acquisition	NT=label free sample;AC=MS:1002038	1	1	not available	NT=Trypsin;AC=MS:1001251	NT=Carbamidomethyl;AC=UNIMOD:4;TA=C;MT=Fixed	NT=DSSO remnant;AC=null;TA=null;MT=Variable	not available	not available	NT=DSSO;AC=XLMOD:02126;CL=yes;TA=K,S,T,Y,nterm;MH=54.01;ML=85.98	not available	not available	not available	30 min	37 °C	VE20150907-09.raw	NT=ms-proteomics;VV=v1.1.0	NT=crosslinking;VV=v1.0.0	NT=human;VV=v1.1.0
PXD025391_VE20160226-08	Homo sapiens	not available	not available	169	PXD025391_VE20160226-08_assay	proteomic profiling by mass spectrometry	data-dependent acquisition	NT=label free sample;AC=MS:1002038	1	1	not available	NT=Trypsin;AC=MS:1001251	NT=Carbamidomethyl;AC=UNIMOD:4;TA=C;MT=Fixed	NT=DSSO remnant;AC=null;TA=null;MT=Variable	not available	not available	NT=DSSO;AC=XLMOD:02126;CL=yes;TA=K,S,T,Y,nterm;MH=54.01;ML=85.98	not available	not available	not available	30 min	37 °C	VE20160226-08.raw	NT=ms-proteomics;VV=v1.1.0	NT=crosslinking;VV=v1.0.0	NT=human;VV=v1.1.0
PXD025391_VE20160714-151	Homo sapiens	not available	not available	170	PXD025391_VE20160714-151_assay	proteomic profiling by mass spectrometry	data-dependent acquisition	NT=label free sample;AC=MS:1002038	1	1	not available	NT=Trypsin;AC=MS:1001251	NT=Carbamidomethyl;AC=UNIMOD:4;TA=C;MT=Fixed	NT=DSSO remnant;AC=null;TA=null;MT=Variable	not available	not available	NT=DSSO;AC=XLMOD:02126;CL=yes;TA=K,S,T,Y,nterm;MH=54.01;ML=85.98	not available	not available	not available	30 min	37 °C	VE20160714-151.raw	NT=ms-proteomics;VV=v1.1.0	NT=crosslinking;VV=v1.0.0	NT=human;VV=v1.1.0
PXD025391_VE20160714-02	Homo sapiens	not available	not available	171	PXD025391_VE20160714-02_assay	proteomic profiling by mass spectrometry	data-dependent acquisition	NT=label free sample;AC=MS:1002038	1	1	not available	NT=Trypsin;AC=MS:1001251	NT=Carbamidomethyl;AC=UNIMOD:4;TA=C;MT=Fixed	NT=DSSO remnant;AC=null;TA=null;MT=Variable	not available	not available	NT=DSSO;AC=XLMOD:02126;CL=yes;TA=K,S,T,Y,nterm;MH=54.01;ML=85.98	not available	not available	not available	30 min	37 °C	VE20160714-02.raw	NT=ms-proteomics;VV=v1.1.0	NT=crosslinking;VV=v1.0.0	NT=human;VV=v1.1.0
PXD025391_VE20160226-13	Homo sapiens	not available	not available	172	PXD025391_VE20160226-13_assay	proteomic profiling by mass spectrometry	data-dependent acquisition	NT=label free sample;AC=MS:1002038	1	1	not available	NT=Trypsin;AC=MS:1001251	NT=Carbamidomethyl;AC=UNIMOD:4;TA=C;MT=Fixed	NT=DSSO remnant;AC=null;TA=null;MT=Variable	not available	not available	NT=DSSO;AC=XLMOD:02126;CL=yes;TA=K,S,T,Y,nterm;MH=54.01;ML=85.98	not available	not available	not available	30 min	37 °C	VE20160226-13.raw	NT=ms-proteomics;VV=v1.1.0	NT=crosslinking;VV=v1.0.0	NT=human;VV=v1.1.0
PXD025391_VE20150103-39	Homo sapiens	not available	not available	173	PXD025391_VE20150103-39_assay	proteomic profiling by mass spectrometry	data-dependent acquisition	NT=label free sample;AC=MS:1002038	1	1	not available	NT=Trypsin;AC=MS:1001251	NT=Carbamidomethyl;AC=UNIMOD:4;TA=C;MT=Fixed	NT=DSSO remnant;AC=null;TA=null;MT=Variable	not available	not available	NT=DSSO;AC=XLMOD:02126;CL=yes;TA=K,S,T,Y,nterm;MH=54.01;ML=85.98	not available	not available	not available	30 min	37 °C	VE20150103-39.raw	NT=ms-proteomics;VV=v1.1.0	NT=crosslinking;VV=v1.0.0	NT=human;VV=v1.1.0
PXD025391_VE20150103-13	Homo sapiens	not available	not available	174	PXD025391_VE20150103-13_assay	proteomic profiling by mass spectrometry	data-dependent acquisition	NT=label free sample;AC=MS:1002038	1	1	not available	NT=Trypsin;AC=MS:1001251	NT=Carbamidomethyl;AC=UNIMOD:4;TA=C;MT=Fixed	NT=DSSO remnant;AC=null;TA=null;MT=Variable	not available	not available	NT=DSSO;AC=XLMOD:02126;CL=yes;TA=K,S,T,Y,nterm;MH=54.01;ML=85.98	not available	not available	not available	30 min	37 °C	VE20150103-13.raw	NT=ms-proteomics;VV=v1.1.0	NT=crosslinking;VV=v1.0.0	NT=human;VV=v1.1.0
PXD025391_VE20160603-19	Homo sapiens	not available	not available	175	PXD025391_VE20160603-19_assay	proteomic profiling by mass spectrometry	data-dependent acquisition	NT=label free sample;AC=MS:1002038	1	1	not available	NT=Trypsin;AC=MS:1001251	NT=Carbamidomethyl;AC=UNIMOD:4;TA=C;MT=Fixed	NT=DSSO remnant;AC=null;TA=null;MT=Variable	not available	not available	NT=DSSO;AC=XLMOD:02126;CL=yes;TA=K,S,T,Y,nterm;MH=54.01;ML=85.98	not available	not available	not available	30 min	37 °C	VE20160603-19.raw	NT=ms-proteomics;VV=v1.1.0	NT=crosslinking;VV=v1.0.0	NT=human;VV=v1.1.0
PXD025391_VE20150903-17	Homo sapiens	not available	not available	176	PXD025391_VE20150903-17_assay	proteomic profiling by mass spectrometry	data-dependent acquisition	NT=label free sample;AC=MS:1002038	1	1	not available	NT=Trypsin;AC=MS:1001251	NT=Carbamidomethyl;AC=UNIMOD:4;TA=C;MT=Fixed	NT=DSSO remnant;AC=null;TA=null;MT=Variable	not available	not available	NT=DSSO;AC=XLMOD:02126;CL=yes;TA=K,S,T,Y,nterm;MH=54.01;ML=85.98	not available	not available	not available	30 min	37 °C	VE20150903-17.raw	NT=ms-proteomics;VV=v1.1.0	NT=crosslinking;VV=v1.0.0	NT=human;VV=v1.1.0
PXD025391_VE20150903-14	Homo sapiens	not available	not available	177	PXD025391_VE20150903-14_assay	proteomic profiling by mass spectrometry	data-dependent acquisition	NT=label free sample;AC=MS:1002038	1	1	not available	NT=Trypsin;AC=MS:1001251	NT=Carbamidomethyl;AC=UNIMOD:4;TA=C;MT=Fixed	NT=DSSO remnant;AC=null;TA=null;MT=Variable	not available	not available	NT=DSSO;AC=XLMOD:02126;CL=yes;TA=K,S,T,Y,nterm;MH=54.01;ML=85.98	not available	not available	not available	30 min	37 °C	VE20150903-14.raw	NT=ms-proteomics;VV=v1.1.0	NT=crosslinking;VV=v1.0.0	NT=human;VV=v1.1.0
PXD025391_VE20150618-08	Homo sapiens	not available	not available	178	PXD025391_VE20150618-08_assay	proteomic profiling by mass spectrometry	data-dependent acquisition	NT=label free sample;AC=MS:1002038	1	1	not available	NT=Trypsin;AC=MS:1001251	NT=Carbamidomethyl;AC=UNIMOD:4;TA=C;MT=Fixed	NT=DSSO remnant;AC=null;TA=null;MT=Variable	not available	not available	NT=DSSO;AC=XLMOD:02126;CL=yes;TA=K,S,T,Y,nterm;MH=54.01;ML=85.98	not available	not available	not available	30 min	37 °C	VE20150618-08.raw	NT=ms-proteomics;VV=v1.1.0	NT=crosslinking;VV=v1.0.0	NT=human;VV=v1.1.0
PXD025391_VE20160714-86	Homo sapiens	not available	not available	179	PXD025391_VE20160714-86_assay	proteomic profiling by mass spectrometry	data-dependent acquisition	NT=label free sample;AC=MS:1002038	1	1	not available	NT=Trypsin;AC=MS:1001251	NT=Carbamidomethyl;AC=UNIMOD:4;TA=C;MT=Fixed	NT=DSSO remnant;AC=null;TA=null;MT=Variable	not available	not available	NT=DSSO;AC=XLMOD:02126;CL=yes;TA=K,S,T,Y,nterm;MH=54.01;ML=85.98	not available	not available	not available	30 min	37 °C	VE20160714-86.raw	NT=ms-proteomics;VV=v1.1.0	NT=crosslinking;VV=v1.0.0	NT=human;VV=v1.1.0
PXD025391_VE20150903-18	Homo sapiens	not available	not available	180	PXD025391_VE20150903-18_assay	proteomic profiling by mass spectrometry	data-dependent acquisition	NT=label free sample;AC=MS:1002038	1	1	not available	NT=Trypsin;AC=MS:1001251	NT=Carbamidomethyl;AC=UNIMOD:4;TA=C;MT=Fixed	NT=DSSO remnant;AC=null;TA=null;MT=Variable	not available	not available	NT=DSSO;AC=XLMOD:02126;CL=yes;TA=K,S,T,Y,nterm;MH=54.01;ML=85.98	not available	not available	not available	30 min	37 °C	VE20150903-18.raw	NT=ms-proteomics;VV=v1.1.0	NT=crosslinking;VV=v1.0.0	NT=human;VV=v1.1.0
PXD025391_QE20150613-10	Homo sapiens	not available	not available	181	PXD025391_QE20150613-10_assay	proteomic profiling by mass spectrometry	data-dependent acquisition	NT=label free sample;AC=MS:1002038	1	1	not available	NT=Trypsin;AC=MS:1001251	NT=Carbamidomethyl;AC=UNIMOD:4;TA=C;MT=Fixed	NT=DSSO remnant;AC=null;TA=null;MT=Variable	not available	not available	NT=DSSO;AC=XLMOD:02126;CL=yes;TA=K,S,T,Y,nterm;MH=54.01;ML=85.98	not available	not available	not available	30 min	37 °C	QE20150613-10.raw	NT=ms-proteomics;VV=v1.1.0	NT=crosslinking;VV=v1.0.0	NT=human;VV=v1.1.0
PXD025391_VE20160714-78	Homo sapiens	not available	not available	182	PXD025391_VE20160714-78_assay	proteomic profiling by mass spectrometry	data-dependent acquisition	NT=label free sample;AC=MS:1002038	1	1	not available	NT=Trypsin;AC=MS:1001251	NT=Carbamidomethyl;AC=UNIMOD:4;TA=C;MT=Fixed	NT=DSSO remnant;AC=null;TA=null;MT=Variable	not available	not available	NT=DSSO;AC=XLMOD:02126;CL=yes;TA=K,S,T,Y,nterm;MH=54.01;ML=85.98	not available	not available	not available	30 min	37 °C	VE20160714-78.raw	NT=ms-proteomics;VV=v1.1.0	NT=crosslinking;VV=v1.0.0	NT=human;VV=v1.1.0
PXD025391_VE20150618-07	Homo sapiens	not available	not available	183	PXD025391_VE20150618-07_assay	proteomic profiling by mass spectrometry	data-dependent acquisition	NT=label free sample;AC=MS:1002038	1	1	not available	NT=Trypsin;AC=MS:1001251	NT=Carbamidomethyl;AC=UNIMOD:4;TA=C;MT=Fixed	NT=DSSO remnant;AC=null;TA=null;MT=Variable	not available	not available	NT=DSSO;AC=XLMOD:02126;CL=yes;TA=K,S,T,Y,nterm;MH=54.01;ML=85.98	not available	not available	not available	30 min	37 °C	VE20150618-07.raw	NT=ms-proteomics;VV=v1.1.0	NT=crosslinking;VV=v1.0.0	NT=human;VV=v1.1.0
PXD025391_VE20150618-02	Homo sapiens	not available	not available	184	PXD025391_VE20150618-02_assay	proteomic profiling by mass spectrometry	data-dependent acquisition	NT=label free sample;AC=MS:1002038	1	1	not available	NT=Trypsin;AC=MS:1001251	NT=Carbamidomethyl;AC=UNIMOD:4;TA=C;MT=Fixed	NT=DSSO remnant;AC=null;TA=null;MT=Variable	not available	not available	NT=DSSO;AC=XLMOD:02126;CL=yes;TA=K,S,T,Y,nterm;MH=54.01;ML=85.98	not available	not available	not available	30 min	37 °C	VE20150618-02.raw	NT=ms-proteomics;VV=v1.1.0	NT=crosslinking;VV=v1.0.0	NT=human;VV=v1.1.0
PXD025391_VE20150907-08	Homo sapiens	not available	not available	185	PXD025391_VE20150907-08_assay	proteomic profiling by mass spectrometry	data-dependent acquisition	NT=label free sample;AC=MS:1002038	1	1	not available	NT=Trypsin;AC=MS:1001251	NT=Carbamidomethyl;AC=UNIMOD:4;TA=C;MT=Fixed	NT=DSSO remnant;AC=null;TA=null;MT=Variable	not available	not available	NT=DSSO;AC=XLMOD:02126;CL=yes;TA=K,S,T,Y,nterm;MH=54.01;ML=85.98	not available	not available	not available	30 min	37 °C	VE20150907-08.raw	NT=ms-proteomics;VV=v1.1.0	NT=crosslinking;VV=v1.0.0	NT=human;VV=v1.1.0
PXD025391_VE20150103-14	Homo sapiens	not available	not available	186	PXD025391_VE20150103-14_assay	proteomic profiling by mass spectrometry	data-dependent acquisition	NT=label free sample;AC=MS:1002038	1	1	not available	NT=Trypsin;AC=MS:1001251	NT=Carbamidomethyl;AC=UNIMOD:4;TA=C;MT=Fixed	NT=DSSO remnant;AC=null;TA=null;MT=Variable	not available	not available	NT=DSSO;AC=XLMOD:02126;CL=yes;TA=K,S,T,Y,nterm;MH=54.01;ML=85.98	not available	not available	not available	30 min	37 °C	VE20150103-14.raw	NT=ms-proteomics;VV=v1.1.0	NT=crosslinking;VV=v1.0.0	NT=human;VV=v1.1.0
PXD025391_VE20160714-69	Homo sapiens	not available	not available	187	PXD025391_VE20160714-69_assay	proteomic profiling by mass spectrometry	data-dependent acquisition	NT=label free sample;AC=MS:1002038	1	1	not available	NT=Trypsin;AC=MS:1001251	NT=Carbamidomethyl;AC=UNIMOD:4;TA=C;MT=Fixed	NT=DSSO remnant;AC=null;TA=null;MT=Variable	not available	not available	NT=DSSO;AC=XLMOD:02126;CL=yes;TA=K,S,T,Y,nterm;MH=54.01;ML=85.98	not available	not available	not available	30 min	37 °C	VE20160714-69.raw	NT=ms-proteomics;VV=v1.1.0	NT=crosslinking;VV=v1.0.0	NT=human;VV=v1.1.0
PXD025391_VE20160714-60	Homo sapiens	not available	not available	188	PXD025391_VE20160714-60_assay	proteomic profiling by mass spectrometry	data-dependent acquisition	NT=label free sample;AC=MS:1002038	1	1	not available	NT=Trypsin;AC=MS:1001251	NT=Carbamidomethyl;AC=UNIMOD:4;TA=C;MT=Fixed	NT=DSSO remnant;AC=null;TA=null;MT=Variable	not available	not available	NT=DSSO;AC=XLMOD:02126;CL=yes;TA=K,S,T,Y,nterm;MH=54.01;ML=85.98	not available	not available	not available	30 min	37 °C	VE20160714-60.raw	NT=ms-proteomics;VV=v1.1.0	NT=crosslinking;VV=v1.0.0	NT=human;VV=v1.1.0
PXD025391_VE20160105-18	Homo sapiens	not available	not available	189	PXD025391_VE20160105-18_assay	proteomic profiling by mass spectrometry	data-dependent acquisition	NT=label free sample;AC=MS:1002038	1	1	not available	NT=Trypsin;AC=MS:1001251	NT=Carbamidomethyl;AC=UNIMOD:4;TA=C;MT=Fixed	NT=DSSO remnant;AC=null;TA=null;MT=Variable	not available	not available	NT=DSSO;AC=XLMOD:02126;CL=yes;TA=K,S,T,Y,nterm;MH=54.01;ML=85.98	not available	not available	not available	30 min	37 °C	VE20160105-18.raw	NT=ms-proteomics;VV=v1.1.0	NT=crosslinking;VV=v1.0.0	NT=human;VV=v1.1.0
PXD025391_VE20160714-150	Homo sapiens	not available	not available	190	PXD025391_VE20160714-150_assay	proteomic profiling by mass spectrometry	data-dependent acquisition	NT=label free sample;AC=MS:1002038	1	1	not available	NT=Trypsin;AC=MS:1001251	NT=Carbamidomethyl;AC=UNIMOD:4;TA=C;MT=Fixed	NT=DSSO remnant;AC=null;TA=null;MT=Variable	not available	not available	NT=DSSO;AC=XLMOD:02126;CL=yes;TA=K,S,T,Y,nterm;MH=54.01;ML=85.98	not available	not available	not available	30 min	37 °C	VE20160714-150.raw	NT=ms-proteomics;VV=v1.1.0	NT=crosslinking;VV=v1.0.0	NT=human;VV=v1.1.0
PXD025391_QE20150802-06	Homo sapiens	not available	not available	191	PXD025391_QE20150802-06_assay	proteomic profiling by mass spectrometry	data-dependent acquisition	NT=label free sample;AC=MS:1002038	1	1	not available	NT=Trypsin;AC=MS:1001251	NT=Carbamidomethyl;AC=UNIMOD:4;TA=C;MT=Fixed	NT=DSSO remnant;AC=null;TA=null;MT=Variable	not available	not available	NT=DSSO;AC=XLMOD:02126;CL=yes;TA=K,S,T,Y,nterm;MH=54.01;ML=85.98	not available	not available	not available	30 min	37 °C	QE20150802-06.raw	NT=ms-proteomics;VV=v1.1.0	NT=crosslinking;VV=v1.0.0	NT=human;VV=v1.1.0
PXD025391_VE20160714-147	Homo sapiens	not available	not available	192	PXD025391_VE20160714-147_assay	proteomic profiling by mass spectrometry	data-dependent acquisition	NT=label free sample;AC=MS:1002038	1	1	not available	NT=Trypsin;AC=MS:1001251	NT=Carbamidomethyl;AC=UNIMOD:4;TA=C;MT=Fixed	NT=DSSO remnant;AC=null;TA=null;MT=Variable	not available	not available	NT=DSSO;AC=XLMOD:02126;CL=yes;TA=K,S,T,Y,nterm;MH=54.01;ML=85.98	not available	not available	not available	30 min	37 °C	VE20160714-147.raw	NT=ms-proteomics;VV=v1.1.0	NT=crosslinking;VV=v1.0.0	NT=human;VV=v1.1.0
PXD025391_VE20160714-95	Homo sapiens	not available	not available	193	PXD025391_VE20160714-95_assay	proteomic profiling by mass spectrometry	data-dependent acquisition	NT=label free sample;AC=MS:1002038	1	1	not available	NT=Trypsin;AC=MS:1001251	NT=Carbamidomethyl;AC=UNIMOD:4;TA=C;MT=Fixed	NT=DSSO remnant;AC=null;TA=null;MT=Variable	not available	not available	NT=DSSO;AC=XLMOD:02126;CL=yes;TA=K,S,T,Y,nterm;MH=54.01;ML=85.98	not available	not available	not available	30 min	37 °C	VE20160714-95.raw	NT=ms-proteomics;VV=v1.1.0	NT=crosslinking;VV=v1.0.0	NT=human;VV=v1.1.0
PXD025391_VE20160714-75	Homo sapiens	not available	not available	194	PXD025391_VE20160714-75_assay	proteomic profiling by mass spectrometry	data-dependent acquisition	NT=label free sample;AC=MS:1002038	1	1	not available	NT=Trypsin;AC=MS:1001251	NT=Carbamidomethyl;AC=UNIMOD:4;TA=C;MT=Fixed	NT=DSSO remnant;AC=null;TA=null;MT=Variable	not available	not available	NT=DSSO;AC=XLMOD:02126;CL=yes;TA=K,S,T,Y,nterm;MH=54.01;ML=85.98	not available	not available	not available	30 min	37 °C	VE20160714-75.raw	NT=ms-proteomics;VV=v1.1.0	NT=crosslinking;VV=v1.0.0	NT=human;VV=v1.1.0
PXD025391_VE20160603-25	Homo sapiens	not available	not available	195	PXD025391_VE20160603-25_assay	proteomic profiling by mass spectrometry	data-dependent acquisition	NT=label free sample;AC=MS:1002038	1	1	not available	NT=Trypsin;AC=MS:1001251	NT=Carbamidomethyl;AC=UNIMOD:4;TA=C;MT=Fixed	NT=DSSO remnant;AC=null;TA=null;MT=Variable	not available	not available	NT=DSSO;AC=XLMOD:02126;CL=yes;TA=K,S,T,Y,nterm;MH=54.01;ML=85.98	not available	not available	not available	30 min	37 °C	VE20160603-25.raw	NT=ms-proteomics;VV=v1.1.0	NT=crosslinking;VV=v1.0.0	NT=human;VV=v1.1.0
PXD025391_VE20150618-06_A	Homo sapiens	not available	not available	196	PXD025391_VE20150618-06_A_assay	proteomic profiling by mass spectrometry	data-dependent acquisition	NT=label free sample;AC=MS:1002038	1	1	not available	NT=Trypsin;AC=MS:1001251	NT=Carbamidomethyl;AC=UNIMOD:4;TA=C;MT=Fixed	NT=DSSO remnant;AC=null;TA=null;MT=Variable	not available	not available	NT=DSSO;AC=XLMOD:02126;CL=yes;TA=K,S,T,Y,nterm;MH=54.01;ML=85.98	not available	not available	not available	30 min	37 °C	VE20150618-06_A.raw	NT=ms-proteomics;VV=v1.1.0	NT=crosslinking;VV=v1.0.0	NT=human;VV=v1.1.0
PXD025391_VE20160714-22	Homo sapiens	not available	not available	197	PXD025391_VE20160714-22_assay	proteomic profiling by mass spectrometry	data-dependent acquisition	NT=label free sample;AC=MS:1002038	1	1	not available	NT=Trypsin;AC=MS:1001251	NT=Carbamidomethyl;AC=UNIMOD:4;TA=C;MT=Fixed	NT=DSSO remnant;AC=null;TA=null;MT=Variable	not available	not available	NT=DSSO;AC=XLMOD:02126;CL=yes;TA=K,S,T,Y,nterm;MH=54.01;ML=85.98	not available	not available	not available	30 min	37 °C	VE20160714-22.raw	NT=ms-proteomics;VV=v1.1.0	NT=crosslinking;VV=v1.0.0	NT=human;VV=v1.1.0
PXD025391_QE20150802-16	Homo sapiens	not available	not available	198	PXD025391_QE20150802-16_assay	proteomic profiling by mass spectrometry	data-dependent acquisition	NT=label free sample;AC=MS:1002038	1	1	not available	NT=Trypsin;AC=MS:1001251	NT=Carbamidomethyl;AC=UNIMOD:4;TA=C;MT=Fixed	NT=DSSO remnant;AC=null;TA=null;MT=Variable	not available	not available	NT=DSSO;AC=XLMOD:02126;CL=yes;TA=K,S,T,Y,nterm;MH=54.01;ML=85.98	not available	not available	not available	30 min	37 °C	QE20150802-16.raw	NT=ms-proteomics;VV=v1.1.0	NT=crosslinking;VV=v1.0.0	NT=human;VV=v1.1.0
PXD025391_VE20160714-89	Homo sapiens	not available	not available	199	PXD025391_VE20160714-89_assay	proteomic profiling by mass spectrometry	data-dependent acquisition	NT=label free sample;AC=MS:1002038	1	1	not available	NT=Trypsin;AC=MS:1001251	NT=Carbamidomethyl;AC=UNIMOD:4;TA=C;MT=Fixed	NT=DSSO remnant;AC=null;TA=null;MT=Variable	not available	not available	NT=DSSO;AC=XLMOD:02126;CL=yes;TA=K,S,T,Y,nterm;MH=54.01;ML=85.98	not available	not available	not available	30 min	37 °C	VE20160714-89.raw	NT=ms-proteomics;VV=v1.1.0	NT=crosslinking;VV=v1.0.0	NT=human;VV=v1.1.0
PXD025391_VE20160714-148	Homo sapiens	not available	not available	200	PXD025391_VE20160714-148_assay	proteomic profiling by mass spectrometry	data-dependent acquisition	NT=label free sample;AC=MS:1002038	1	1	not available	NT=Trypsin;AC=MS:1001251	NT=Carbamidomethyl;AC=UNIMOD:4;TA=C;MT=Fixed	NT=DSSO remnant;AC=null;TA=null;MT=Variable	not available	not available	NT=DSSO;AC=XLMOD:02126;CL=yes;TA=K,S,T,Y,nterm;MH=54.01;ML=85.98	not available	not available	not available	30 min	37 °C	VE20160714-148.raw	NT=ms-proteomics;VV=v1.1.0	NT=crosslinking;VV=v1.0.0	NT=human;VV=v1.1.0
PXD025391_VE20150618-13	Homo sapiens	not available	not available	201	PXD025391_VE20150618-13_assay	proteomic profiling by mass spectrometry	data-dependent acquisition	NT=label free sample;AC=MS:1002038	1	1	not available	NT=Trypsin;AC=MS:1001251	NT=Carbamidomethyl;AC=UNIMOD:4;TA=C;MT=Fixed	NT=DSSO remnant;AC=null;TA=null;MT=Variable	not available	not available	NT=DSSO;AC=XLMOD:02126;CL=yes;TA=K,S,T,Y,nterm;MH=54.01;ML=85.98	not available	not available	not available	30 min	37 °C	VE20150618-13.raw	NT=ms-proteomics;VV=v1.1.0	NT=crosslinking;VV=v1.0.0	NT=human;VV=v1.1.0
PXD025391_VE20150618-04	Homo sapiens	not available	not available	202	PXD025391_VE20150618-04_assay	proteomic profiling by mass spectrometry	data-dependent acquisition	NT=label free sample;AC=MS:1002038	1	1	not available	NT=Trypsin;AC=MS:1001251	NT=Carbamidomethyl;AC=UNIMOD:4;TA=C;MT=Fixed	NT=DSSO remnant;AC=null;TA=null;MT=Variable	not available	not available	NT=DSSO;AC=XLMOD:02126;CL=yes;TA=K,S,T,Y,nterm;MH=54.01;ML=85.98	not available	not available	not available	30 min	37 °C	VE20150618-04.raw	NT=ms-proteomics;VV=v1.1.0	NT=crosslinking;VV=v1.0.0	NT=human;VV=v1.1.0
PXD025391_VE20160714-126	Homo sapiens	not available	not available	203	PXD025391_VE20160714-126_assay	proteomic profiling by mass spectrometry	data-dependent acquisition	NT=label free sample;AC=MS:1002038	1	1	not available	NT=Trypsin;AC=MS:1001251	NT=Carbamidomethyl;AC=UNIMOD:4;TA=C;MT=Fixed	NT=DSSO remnant;AC=null;TA=null;MT=Variable	not available	not available	NT=DSSO;AC=XLMOD:02126;CL=yes;TA=K,S,T,Y,nterm;MH=54.01;ML=85.98	not available	not available	not available	30 min	37 °C	VE20160714-126.raw	NT=ms-proteomics;VV=v1.1.0	NT=crosslinking;VV=v1.0.0	NT=human;VV=v1.1.0
PXD025391_VE20160714-68	Homo sapiens	not available	not available	204	PXD025391_VE20160714-68_assay	proteomic profiling by mass spectrometry	data-dependent acquisition	NT=label free sample;AC=MS:1002038	1	1	not available	NT=Trypsin;AC=MS:1001251	NT=Carbamidomethyl;AC=UNIMOD:4;TA=C;MT=Fixed	NT=DSSO remnant;AC=null;TA=null;MT=Variable	not available	not available	NT=DSSO;AC=XLMOD:02126;CL=yes;TA=K,S,T,Y,nterm;MH=54.01;ML=85.98	not available	not available	not available	30 min	37 °C	VE20160714-68.raw	NT=ms-proteomics;VV=v1.1.0	NT=crosslinking;VV=v1.0.0	NT=human;VV=v1.1.0
PXD025391_VE20160714-32	Homo sapiens	not available	not available	205	PXD025391_VE20160714-32_assay	proteomic profiling by mass spectrometry	data-dependent acquisition	NT=label free sample;AC=MS:1002038	1	1	not available	NT=Trypsin;AC=MS:1001251	NT=Carbamidomethyl;AC=UNIMOD:4;TA=C;MT=Fixed	NT=DSSO remnant;AC=null;TA=null;MT=Variable	not available	not available	NT=DSSO;AC=XLMOD:02126;CL=yes;TA=K,S,T,Y,nterm;MH=54.01;ML=85.98	not available	not available	not available	30 min	37 °C	VE20160714-32.raw	NT=ms-proteomics;VV=v1.1.0	NT=crosslinking;VV=v1.0.0	NT=human;VV=v1.1.0
PXD025391_QE20150802-36	Homo sapiens	not available	not available	206	PXD025391_QE20150802-36_assay	proteomic profiling by mass spectrometry	data-dependent acquisition	NT=label free sample;AC=MS:1002038	1	1	not available	NT=Trypsin;AC=MS:1001251	NT=Carbamidomethyl;AC=UNIMOD:4;TA=C;MT=Fixed	NT=DSSO remnant;AC=null;TA=null;MT=Variable	not available	not available	NT=DSSO;AC=XLMOD:02126;CL=yes;TA=K,S,T,Y,nterm;MH=54.01;ML=85.98	not available	not available	not available	30 min	37 °C	QE20150802-36.raw	NT=ms-proteomics;VV=v1.1.0	NT=crosslinking;VV=v1.0.0	NT=human;VV=v1.1.0
PXD025391_VE20150903-12	Homo sapiens	not available	not available	207	PXD025391_VE20150903-12_assay	proteomic profiling by mass spectrometry	data-dependent acquisition	NT=label free sample;AC=MS:1002038	1	1	not available	NT=Trypsin;AC=MS:1001251	NT=Carbamidomethyl;AC=UNIMOD:4;TA=C;MT=Fixed	NT=DSSO remnant;AC=null;TA=null;MT=Variable	not available	not available	NT=DSSO;AC=XLMOD:02126;CL=yes;TA=K,S,T,Y,nterm;MH=54.01;ML=85.98	not available	not available	not available	30 min	37 °C	VE20150903-12.raw	NT=ms-proteomics;VV=v1.1.0	NT=crosslinking;VV=v1.0.0	NT=human;VV=v1.1.0
PXD025391_VE20160714-99	Homo sapiens	not available	not available	208	PXD025391_VE20160714-99_assay	proteomic profiling by mass spectrometry	data-dependent acquisition	NT=label free sample;AC=MS:1002038	1	1	not available	NT=Trypsin;AC=MS:1001251	NT=Carbamidomethyl;AC=UNIMOD:4;TA=C;MT=Fixed	NT=DSSO remnant;AC=null;TA=null;MT=Variable	not available	not available	NT=DSSO;AC=XLMOD:02126;CL=yes;TA=K,S,T,Y,nterm;MH=54.01;ML=85.98	not available	not available	not available	30 min	37 °C	VE20160714-99.raw	NT=ms-proteomics;VV=v1.1.0	NT=crosslinking;VV=v1.0.0	NT=human;VV=v1.1.0
PXD025391_VE20160714-57	Homo sapiens	not available	not available	209	PXD025391_VE20160714-57_assay	proteomic profiling by mass spectrometry	data-dependent acquisition	NT=label free sample;AC=MS:1002038	1	1	not available	NT=Trypsin;AC=MS:1001251	NT=Carbamidomethyl;AC=UNIMOD:4;TA=C;MT=Fixed	NT=DSSO remnant;AC=null;TA=null;MT=Variable	not available	not available	NT=DSSO;AC=XLMOD:02126;CL=yes;TA=K,S,T,Y,nterm;MH=54.01;ML=85.98	not available	not available	not available	30 min	37 °C	VE20160714-57.raw	NT=ms-proteomics;VV=v1.1.0	NT=crosslinking;VV=v1.0.0	NT=human;VV=v1.1.0
PXD025391_VE20160714-74	Homo sapiens	not available	not available	210	PXD025391_VE20160714-74_assay	proteomic profiling by mass spectrometry	data-dependent acquisition	NT=label free sample;AC=MS:1002038	1	1	not available	NT=Trypsin;AC=MS:1001251	NT=Carbamidomethyl;AC=UNIMOD:4;TA=C;MT=Fixed	NT=DSSO remnant;AC=null;TA=null;MT=Variable	not available	not available	NT=DSSO;AC=XLMOD:02126;CL=yes;TA=K,S,T,Y,nterm;MH=54.01;ML=85.98	not available	not available	not available	30 min	37 °C	VE20160714-74.raw	NT=ms-proteomics;VV=v1.1.0	NT=crosslinking;VV=v1.0.0	NT=human;VV=v1.1.0
PXD025391_VE20160714-132	Homo sapiens	not available	not available	211	PXD025391_VE20160714-132_assay	proteomic profiling by mass spectrometry	data-dependent acquisition	NT=label free sample;AC=MS:1002038	1	1	not available	NT=Trypsin;AC=MS:1001251	NT=Carbamidomethyl;AC=UNIMOD:4;TA=C;MT=Fixed	NT=DSSO remnant;AC=null;TA=null;MT=Variable	not available	not available	NT=DSSO;AC=XLMOD:02126;CL=yes;TA=K,S,T,Y,nterm;MH=54.01;ML=85.98	not available	not available	not available	30 min	37 °C	VE20160714-132.raw	NT=ms-proteomics;VV=v1.1.0	NT=crosslinking;VV=v1.0.0	NT=human;VV=v1.1.0
PXD025391_VE20150618-11	Homo sapiens	not available	not available	212	PXD025391_VE20150618-11_assay	proteomic profiling by mass spectrometry	data-dependent acquisition	NT=label free sample;AC=MS:1002038	1	1	not available	NT=Trypsin;AC=MS:1001251	NT=Carbamidomethyl;AC=UNIMOD:4;TA=C;MT=Fixed	NT=DSSO remnant;AC=null;TA=null;MT=Variable	not available	not available	NT=DSSO;AC=XLMOD:02126;CL=yes;TA=K,S,T,Y,nterm;MH=54.01;ML=85.98	not available	not available	not available	30 min	37 °C	VE20150618-11.raw	NT=ms-proteomics;VV=v1.1.0	NT=crosslinking;VV=v1.0.0	NT=human;VV=v1.1.0
PXD025391_QE20150425-03	Homo sapiens	not available	not available	213	PXD025391_QE20150425-03_assay	proteomic profiling by mass spectrometry	data-dependent acquisition	NT=label free sample;AC=MS:1002038	1	1	not available	NT=Trypsin;AC=MS:1001251	NT=Carbamidomethyl;AC=UNIMOD:4;TA=C;MT=Fixed	NT=DSSO remnant;AC=null;TA=null;MT=Variable	not available	not available	NT=DSSO;AC=XLMOD:02126;CL=yes;TA=K,S,T,Y,nterm;MH=54.01;ML=85.98	not available	not available	not available	30 min	37 °C	QE20150425-03.raw	NT=ms-proteomics;VV=v1.1.0	NT=crosslinking;VV=v1.0.0	NT=human;VV=v1.1.0
PXD025391_VE20150907-11	Homo sapiens	not available	not available	214	PXD025391_VE20150907-11_assay	proteomic profiling by mass spectrometry	data-dependent acquisition	NT=label free sample;AC=MS:1002038	1	1	not available	NT=Trypsin;AC=MS:1001251	NT=Carbamidomethyl;AC=UNIMOD:4;TA=C;MT=Fixed	NT=DSSO remnant;AC=null;TA=null;MT=Variable	not available	not available	NT=DSSO;AC=XLMOD:02126;CL=yes;TA=K,S,T,Y,nterm;MH=54.01;ML=85.98	not available	not available	not available	30 min	37 °C	VE20150907-11.raw	NT=ms-proteomics;VV=v1.1.0	NT=crosslinking;VV=v1.0.0	NT=human;VV=v1.1.0
PXD025391_VE20150103-37	Homo sapiens	not available	not available	215	PXD025391_VE20150103-37_assay	proteomic profiling by mass spectrometry	data-dependent acquisition	NT=label free sample;AC=MS:1002038	1	1	not available	NT=Trypsin;AC=MS:1001251	NT=Carbamidomethyl;AC=UNIMOD:4;TA=C;MT=Fixed	NT=DSSO remnant;AC=null;TA=null;MT=Variable	not available	not available	NT=DSSO;AC=XLMOD:02126;CL=yes;TA=K,S,T,Y,nterm;MH=54.01;ML=85.98	not available	not available	not available	30 min	37 °C	VE20150103-37.raw	NT=ms-proteomics;VV=v1.1.0	NT=crosslinking;VV=v1.0.0	NT=human;VV=v1.1.0
PXD025391_QE20150425-14	Homo sapiens	not available	not available	216	PXD025391_QE20150425-14_assay	proteomic profiling by mass spectrometry	data-dependent acquisition	NT=label free sample;AC=MS:1002038	1	1	not available	NT=Trypsin;AC=MS:1001251	NT=Carbamidomethyl;AC=UNIMOD:4;TA=C;MT=Fixed	NT=DSSO remnant;AC=null;TA=null;MT=Variable	not available	not available	NT=DSSO;AC=XLMOD:02126;CL=yes;TA=K,S,T,Y,nterm;MH=54.01;ML=85.98	not available	not available	not available	30 min	37 °C	QE20150425-14.raw	NT=ms-proteomics;VV=v1.1.0	NT=crosslinking;VV=v1.0.0	NT=human;VV=v1.1.0
PXD025391_VE20150103-27	Homo sapiens	not available	not available	217	PXD025391_VE20150103-27_assay	proteomic profiling by mass spectrometry	data-dependent acquisition	NT=label free sample;AC=MS:1002038	1	1	not available	NT=Trypsin;AC=MS:1001251	NT=Carbamidomethyl;AC=UNIMOD:4;TA=C;MT=Fixed	NT=DSSO remnant;AC=null;TA=null;MT=Variable	not available	not available	NT=DSSO;AC=XLMOD:02126;CL=yes;TA=K,S,T,Y,nterm;MH=54.01;ML=85.98	not available	not available	not available	30 min	37 °C	VE20150103-27.raw	NT=ms-proteomics;VV=v1.1.0	NT=crosslinking;VV=v1.0.0	NT=human;VV=v1.1.0
PXD025391_VE20160105-12	Homo sapiens	not available	not available	218	PXD025391_VE20160105-12_assay	proteomic profiling by mass spectrometry	data-dependent acquisition	NT=label free sample;AC=MS:1002038	1	1	not available	NT=Trypsin;AC=MS:1001251	NT=Carbamidomethyl;AC=UNIMOD:4;TA=C;MT=Fixed	NT=DSSO remnant;AC=null;TA=null;MT=Variable	not available	not available	NT=DSSO;AC=XLMOD:02126;CL=yes;TA=K,S,T,Y,nterm;MH=54.01;ML=85.98	not available	not available	not available	30 min	37 °C	VE20160105-12.raw	NT=ms-proteomics;VV=v1.1.0	NT=crosslinking;VV=v1.0.0	NT=human;VV=v1.1.0
PXD025391_VE20160603-26	Homo sapiens	not available	not available	219	PXD025391_VE20160603-26_assay	proteomic profiling by mass spectrometry	data-dependent acquisition	NT=label free sample;AC=MS:1002038	1	1	not available	NT=Trypsin;AC=MS:1001251	NT=Carbamidomethyl;AC=UNIMOD:4;TA=C;MT=Fixed	NT=DSSO remnant;AC=null;TA=null;MT=Variable	not available	not available	NT=DSSO;AC=XLMOD:02126;CL=yes;TA=K,S,T,Y,nterm;MH=54.01;ML=85.98	not available	not available	not available	30 min	37 °C	VE20160603-26.raw	NT=ms-proteomics;VV=v1.1.0	NT=crosslinking;VV=v1.0.0	NT=human;VV=v1.1.0
PXD025391_VE20160714-28	Homo sapiens	not available	not available	220	PXD025391_VE20160714-28_assay	proteomic profiling by mass spectrometry	data-dependent acquisition	NT=label free sample;AC=MS:1002038	1	1	not available	NT=Trypsin;AC=MS:1001251	NT=Carbamidomethyl;AC=UNIMOD:4;TA=C;MT=Fixed	NT=DSSO remnant;AC=null;TA=null;MT=Variable	not available	not available	NT=DSSO;AC=XLMOD:02126;CL=yes;TA=K,S,T,Y,nterm;MH=54.01;ML=85.98	not available	not available	not available	30 min	37 °C	VE20160714-28.raw	NT=ms-proteomics;VV=v1.1.0	NT=crosslinking;VV=v1.0.0	NT=human;VV=v1.1.0
PXD025391_QE20150802-29	Homo sapiens	not available	not available	221	PXD025391_QE20150802-29_assay	proteomic profiling by mass spectrometry	data-dependent acquisition	NT=label free sample;AC=MS:1002038	1	1	not available	NT=Trypsin;AC=MS:1001251	NT=Carbamidomethyl;AC=UNIMOD:4;TA=C;MT=Fixed	NT=DSSO remnant;AC=null;TA=null;MT=Variable	not available	not available	NT=DSSO;AC=XLMOD:02126;CL=yes;TA=K,S,T,Y,nterm;MH=54.01;ML=85.98	not available	not available	not available	30 min	37 °C	QE20150802-29.raw	NT=ms-proteomics;VV=v1.1.0	NT=crosslinking;VV=v1.0.0	NT=human;VV=v1.1.0
PXD025391_VE20160105-21	Homo sapiens	not available	not available	222	PXD025391_VE20160105-21_assay	proteomic profiling by mass spectrometry	data-dependent acquisition	NT=label free sample;AC=MS:1002038	1	1	not available	NT=Trypsin;AC=MS:1001251	NT=Carbamidomethyl;AC=UNIMOD:4;TA=C;MT=Fixed	NT=DSSO remnant;AC=null;TA=null;MT=Variable	not available	not available	NT=DSSO;AC=XLMOD:02126;CL=yes;TA=K,S,T,Y,nterm;MH=54.01;ML=85.98	not available	not available	not available	30 min	37 °C	VE20160105-21.raw	NT=ms-proteomics;VV=v1.1.0	NT=crosslinking;VV=v1.0.0	NT=human;VV=v1.1.0
PXD025391_VE20160714-83	Homo sapiens	not available	not available	223	PXD025391_VE20160714-83_assay	proteomic profiling by mass spectrometry	data-dependent acquisition	NT=label free sample;AC=MS:1002038	1	1	not available	NT=Trypsin;AC=MS:1001251	NT=Carbamidomethyl;AC=UNIMOD:4;TA=C;MT=Fixed	NT=DSSO remnant;AC=null;TA=null;MT=Variable	not available	not available	NT=DSSO;AC=XLMOD:02126;CL=yes;TA=K,S,T,Y,nterm;MH=54.01;ML=85.98	not available	not available	not available	30 min	37 °C	VE20160714-83.raw	NT=ms-proteomics;VV=v1.1.0	NT=crosslinking;VV=v1.0.0	NT=human;VV=v1.1.0
PXD025391_VE20160105-19	Homo sapiens	not available	not available	224	PXD025391_VE20160105-19_assay	proteomic profiling by mass spectrometry	data-dependent acquisition	NT=label free sample;AC=MS:1002038	1	1	not available	NT=Trypsin;AC=MS:1001251	NT=Carbamidomethyl;AC=UNIMOD:4;TA=C;MT=Fixed	NT=DSSO remnant;AC=null;TA=null;MT=Variable	not available	not available	NT=DSSO;AC=XLMOD:02126;CL=yes;TA=K,S,T,Y,nterm;MH=54.01;ML=85.98	not available	not available	not available	30 min	37 °C	VE20160105-19.raw	NT=ms-proteomics;VV=v1.1.0	NT=crosslinking;VV=v1.0.0	NT=human;VV=v1.1.0
PXD025391_VE20160714-08	Homo sapiens	not available	not available	225	PXD025391_VE20160714-08_assay	proteomic profiling by mass spectrometry	data-dependent acquisition	NT=label free sample;AC=MS:1002038	1	1	not available	NT=Trypsin;AC=MS:1001251	NT=Carbamidomethyl;AC=UNIMOD:4;TA=C;MT=Fixed	NT=DSSO remnant;AC=null;TA=null;MT=Variable	not available	not available	NT=DSSO;AC=XLMOD:02126;CL=yes;TA=K,S,T,Y,nterm;MH=54.01;ML=85.98	not available	not available	not available	30 min	37 °C	VE20160714-08.raw	NT=ms-proteomics;VV=v1.1.0	NT=crosslinking;VV=v1.0.0	NT=human;VV=v1.1.0
PXD025391_QE20150425-10	Homo sapiens	not available	not available	226	PXD025391_QE20150425-10_assay	proteomic profiling by mass spectrometry	data-dependent acquisition	NT=label free sample;AC=MS:1002038	1	1	not available	NT=Trypsin;AC=MS:1001251	NT=Carbamidomethyl;AC=UNIMOD:4;TA=C;MT=Fixed	NT=DSSO remnant;AC=null;TA=null;MT=Variable	not available	not available	NT=DSSO;AC=XLMOD:02126;CL=yes;TA=K,S,T,Y,nterm;MH=54.01;ML=85.98	not available	not available	not available	30 min	37 °C	QE20150425-10.raw	NT=ms-proteomics;VV=v1.1.0	NT=crosslinking;VV=v1.0.0	NT=human;VV=v1.1.0
PXD025391_VE20160714-142	Homo sapiens	not available	not available	227	PXD025391_VE20160714-142_assay	proteomic profiling by mass spectrometry	data-dependent acquisition	NT=label free sample;AC=MS:1002038	1	1	not available	NT=Trypsin;AC=MS:1001251	NT=Carbamidomethyl;AC=UNIMOD:4;TA=C;MT=Fixed	NT=DSSO remnant;AC=null;TA=null;MT=Variable	not available	not available	NT=DSSO;AC=XLMOD:02126;CL=yes;TA=K,S,T,Y,nterm;MH=54.01;ML=85.98	not available	not available	not available	30 min	37 °C	VE20160714-142.raw	NT=ms-proteomics;VV=v1.1.0	NT=crosslinking;VV=v1.0.0	NT=human;VV=v1.1.0
PXD025391_QE20150802-04	Homo sapiens	not available	not available	228	PXD025391_QE20150802-04_assay	proteomic profiling by mass spectrometry	data-dependent acquisition	NT=label free sample;AC=MS:1002038	1	1	not available	NT=Trypsin;AC=MS:1001251	NT=Carbamidomethyl;AC=UNIMOD:4;TA=C;MT=Fixed	NT=DSSO remnant;AC=null;TA=null;MT=Variable	not available	not available	NT=DSSO;AC=XLMOD:02126;CL=yes;TA=K,S,T,Y,nterm;MH=54.01;ML=85.98	not available	not available	not available	30 min	37 °C	QE20150802-04.raw	NT=ms-proteomics;VV=v1.1.0	NT=crosslinking;VV=v1.0.0	NT=human;VV=v1.1.0
PXD025391_VE20160714-29	Homo sapiens	not available	not available	229	PXD025391_VE20160714-29_assay	proteomic profiling by mass spectrometry	data-dependent acquisition	NT=label free sample;AC=MS:1002038	1	1	not available	NT=Trypsin;AC=MS:1001251	NT=Carbamidomethyl;AC=UNIMOD:4;TA=C;MT=Fixed	NT=DSSO remnant;AC=null;TA=null;MT=Variable	not available	not available	NT=DSSO;AC=XLMOD:02126;CL=yes;TA=K,S,T,Y,nterm;MH=54.01;ML=85.98	not available	not available	not available	30 min	37 °C	VE20160714-29.raw	NT=ms-proteomics;VV=v1.1.0	NT=crosslinking;VV=v1.0.0	NT=human;VV=v1.1.0
PXD025391_VE20150903-15	Homo sapiens	not available	not available	230	PXD025391_VE20150903-15_assay	proteomic profiling by mass spectrometry	data-dependent acquisition	NT=label free sample;AC=MS:1002038	1	1	not available	NT=Trypsin;AC=MS:1001251	NT=Carbamidomethyl;AC=UNIMOD:4;TA=C;MT=Fixed	NT=DSSO remnant;AC=null;TA=null;MT=Variable	not available	not available	NT=DSSO;AC=XLMOD:02126;CL=yes;TA=K,S,T,Y,nterm;MH=54.01;ML=85.98	not available	not available	not available	30 min	37 °C	VE20150903-15.raw	NT=ms-proteomics;VV=v1.1.0	NT=crosslinking;VV=v1.0.0	NT=human;VV=v1.1.0
PXD025391_VE20160226-29	Homo sapiens	not available	not available	231	PXD025391_VE20160226-29_assay	proteomic profiling by mass spectrometry	data-dependent acquisition	NT=label free sample;AC=MS:1002038	1	1	not available	NT=Trypsin;AC=MS:1001251	NT=Carbamidomethyl;AC=UNIMOD:4;TA=C;MT=Fixed	NT=DSSO remnant;AC=null;TA=null;MT=Variable	not available	not available	NT=DSSO;AC=XLMOD:02126;CL=yes;TA=K,S,T,Y,nterm;MH=54.01;ML=85.98	not available	not available	not available	30 min	37 °C	VE20160226-29.raw	NT=ms-proteomics;VV=v1.1.0	NT=crosslinking;VV=v1.0.0	NT=human;VV=v1.1.0
PXD025391_VE20150902-14	Homo sapiens	not available	not available	232	PXD025391_VE20150902-14_assay	proteomic profiling by mass spectrometry	data-dependent acquisition	NT=label free sample;AC=MS:1002038	1	1	not available	NT=Trypsin;AC=MS:1001251	NT=Carbamidomethyl;AC=UNIMOD:4;TA=C;MT=Fixed	NT=DSSO remnant;AC=null;TA=null;MT=Variable	not available	not available	NT=DSSO;AC=XLMOD:02126;CL=yes;TA=K,S,T,Y,nterm;MH=54.01;ML=85.98	not available	not available	not available	30 min	37 °C	VE20150902-14.raw	NT=ms-proteomics;VV=v1.1.0	NT=crosslinking;VV=v1.0.0	NT=human;VV=v1.1.0
PXD025391_VE20160714-81	Homo sapiens	not available	not available	233	PXD025391_VE20160714-81_assay	proteomic profiling by mass spectrometry	data-dependent acquisition	NT=label free sample;AC=MS:1002038	1	1	not available	NT=Trypsin;AC=MS:1001251	NT=Carbamidomethyl;AC=UNIMOD:4;TA=C;MT=Fixed	NT=DSSO remnant;AC=null;TA=null;MT=Variable	not available	not available	NT=DSSO;AC=XLMOD:02126;CL=yes;TA=K,S,T,Y,nterm;MH=54.01;ML=85.98	not available	not available	not available	30 min	37 °C	VE20160714-81.raw	NT=ms-proteomics;VV=v1.1.0	NT=crosslinking;VV=v1.0.0	NT=human;VV=v1.1.0
PXD025391_VE20150103-08	Homo sapiens	not available	not available	234	PXD025391_VE20150103-08_assay	proteomic profiling by mass spectrometry	data-dependent acquisition	NT=label free sample;AC=MS:1002038	1	1	not available	NT=Trypsin;AC=MS:1001251	NT=Carbamidomethyl;AC=UNIMOD:4;TA=C;MT=Fixed	NT=DSSO remnant;AC=null;TA=null;MT=Variable	not available	not available	NT=DSSO;AC=XLMOD:02126;CL=yes;TA=K,S,T,Y,nterm;MH=54.01;ML=85.98	not available	not available	not available	30 min	37 °C	VE20150103-08.raw	NT=ms-proteomics;VV=v1.1.0	NT=crosslinking;VV=v1.0.0	NT=human;VV=v1.1.0
PXD025391_VE20160714-153	Homo sapiens	not available	not available	235	PXD025391_VE20160714-153_assay	proteomic profiling by mass spectrometry	data-dependent acquisition	NT=label free sample;AC=MS:1002038	1	1	not available	NT=Trypsin;AC=MS:1001251	NT=Carbamidomethyl;AC=UNIMOD:4;TA=C;MT=Fixed	NT=DSSO remnant;AC=null;TA=null;MT=Variable	not available	not available	NT=DSSO;AC=XLMOD:02126;CL=yes;TA=K,S,T,Y,nterm;MH=54.01;ML=85.98	not available	not available	not available	30 min	37 °C	VE20160714-153.raw	NT=ms-proteomics;VV=v1.1.0	NT=crosslinking;VV=v1.0.0	NT=human;VV=v1.1.0
PXD025391_QE20150802-22	Homo sapiens	not available	not available	236	PXD025391_QE20150802-22_assay	proteomic profiling by mass spectrometry	data-dependent acquisition	NT=label free sample;AC=MS:1002038	1	1	not available	NT=Trypsin;AC=MS:1001251	NT=Carbamidomethyl;AC=UNIMOD:4;TA=C;MT=Fixed	NT=DSSO remnant;AC=null;TA=null;MT=Variable	not available	not available	NT=DSSO;AC=XLMOD:02126;CL=yes;TA=K,S,T,Y,nterm;MH=54.01;ML=85.98	not available	not available	not available	30 min	37 °C	QE20150802-22.raw	NT=ms-proteomics;VV=v1.1.0	NT=crosslinking;VV=v1.0.0	NT=human;VV=v1.1.0
PXD025391_VE20160714-35	Homo sapiens	not available	not available	237	PXD025391_VE20160714-35_assay	proteomic profiling by mass spectrometry	data-dependent acquisition	NT=label free sample;AC=MS:1002038	1	1	not available	NT=Trypsin;AC=MS:1001251	NT=Carbamidomethyl;AC=UNIMOD:4;TA=C;MT=Fixed	NT=DSSO remnant;AC=null;TA=null;MT=Variable	not available	not available	NT=DSSO;AC=XLMOD:02126;CL=yes;TA=K,S,T,Y,nterm;MH=54.01;ML=85.98	not available	not available	not available	30 min	37 °C	VE20160714-35.raw	NT=ms-proteomics;VV=v1.1.0	NT=crosslinking;VV=v1.0.0	NT=human;VV=v1.1.0
PXD025391_VE20160714-136	Homo sapiens	not available	not available	238	PXD025391_VE20160714-136_assay	proteomic profiling by mass spectrometry	data-dependent acquisition	NT=label free sample;AC=MS:1002038	1	1	not available	NT=Trypsin;AC=MS:1001251	NT=Carbamidomethyl;AC=UNIMOD:4;TA=C;MT=Fixed	NT=DSSO remnant;AC=null;TA=null;MT=Variable	not available	not available	NT=DSSO;AC=XLMOD:02126;CL=yes;TA=K,S,T,Y,nterm;MH=54.01;ML=85.98	not available	not available	not available	30 min	37 °C	VE20160714-136.raw	NT=ms-proteomics;VV=v1.1.0	NT=crosslinking;VV=v1.0.0	NT=human;VV=v1.1.0
PXD025391_QE20150802-35	Homo sapiens	not available	not available	239	PXD025391_QE20150802-35_assay	proteomic profiling by mass spectrometry	data-dependent acquisition	NT=label free sample;AC=MS:1002038	1	1	not available	NT=Trypsin;AC=MS:1001251	NT=Carbamidomethyl;AC=UNIMOD:4;TA=C;MT=Fixed	NT=DSSO remnant;AC=null;TA=null;MT=Variable	not available	not available	NT=DSSO;AC=XLMOD:02126;CL=yes;TA=K,S,T,Y,nterm;MH=54.01;ML=85.98	not available	not available	not available	30 min	37 °C	QE20150802-35.raw	NT=ms-proteomics;VV=v1.1.0	NT=crosslinking;VV=v1.0.0	NT=human;VV=v1.1.0
PXD025391_VE20150907-06	Homo sapiens	not available	not available	240	PXD025391_VE20150907-06_assay	proteomic profiling by mass spectrometry	data-dependent acquisition	NT=label free sample;AC=MS:1002038	1	1	not available	NT=Trypsin;AC=MS:1001251	NT=Carbamidomethyl;AC=UNIMOD:4;TA=C;MT=Fixed	NT=DSSO remnant;AC=null;TA=null;MT=Variable	not available	not available	NT=DSSO;AC=XLMOD:02126;CL=yes;TA=K,S,T,Y,nterm;MH=54.01;ML=85.98	not available	not available	not available	30 min	37 °C	VE20150907-06.raw	NT=ms-proteomics;VV=v1.1.0	NT=crosslinking;VV=v1.0.0	NT=human;VV=v1.1.0
PXD025391_VE20160226-01	Homo sapiens	not available	not available	241	PXD025391_VE20160226-01_assay	proteomic profiling by mass spectrometry	data-dependent acquisition	NT=label free sample;AC=MS:1002038	1	1	not available	NT=Trypsin;AC=MS:1001251	NT=Carbamidomethyl;AC=UNIMOD:4;TA=C;MT=Fixed	NT=DSSO remnant;AC=null;TA=null;MT=Variable	not available	not available	NT=DSSO;AC=XLMOD:02126;CL=yes;TA=K,S,T,Y,nterm;MH=54.01;ML=85.98	not available	not available	not available	30 min	37 °C	VE20160226-01.raw	NT=ms-proteomics;VV=v1.1.0	NT=crosslinking;VV=v1.0.0	NT=human;VV=v1.1.0
PXD025391_VE20160603-17	Homo sapiens	not available	not available	242	PXD025391_VE20160603-17_assay	proteomic profiling by mass spectrometry	data-dependent acquisition	NT=label free sample;AC=MS:1002038	1	1	not available	NT=Trypsin;AC=MS:1001251	NT=Carbamidomethyl;AC=UNIMOD:4;TA=C;MT=Fixed	NT=DSSO remnant;AC=null;TA=null;MT=Variable	not available	not available	NT=DSSO;AC=XLMOD:02126;CL=yes;TA=K,S,T,Y,nterm;MH=54.01;ML=85.98	not available	not available	not available	30 min	37 °C	VE20160603-17.raw	NT=ms-proteomics;VV=v1.1.0	NT=crosslinking;VV=v1.0.0	NT=human;VV=v1.1.0
PXD025391_VE20150103-24	Homo sapiens	not available	not available	243	PXD025391_VE20150103-24_assay	proteomic profiling by mass spectrometry	data-dependent acquisition	NT=label free sample;AC=MS:1002038	1	1	not available	NT=Trypsin;AC=MS:1001251	NT=Carbamidomethyl;AC=UNIMOD:4;TA=C;MT=Fixed	NT=DSSO remnant;AC=null;TA=null;MT=Variable	not available	not available	NT=DSSO;AC=XLMOD:02126;CL=yes;TA=K,S,T,Y,nterm;MH=54.01;ML=85.98	not available	not available	not available	30 min	37 °C	VE20150103-24.raw	NT=ms-proteomics;VV=v1.1.0	NT=crosslinking;VV=v1.0.0	NT=human;VV=v1.1.0
PXD025391_QE20150802-17	Homo sapiens	not available	not available	244	PXD025391_QE20150802-17_assay	proteomic profiling by mass spectrometry	data-dependent acquisition	NT=label free sample;AC=MS:1002038	1	1	not available	NT=Trypsin;AC=MS:1001251	NT=Carbamidomethyl;AC=UNIMOD:4;TA=C;MT=Fixed	NT=DSSO remnant;AC=null;TA=null;MT=Variable	not available	not available	NT=DSSO;AC=XLMOD:02126;CL=yes;TA=K,S,T,Y,nterm;MH=54.01;ML=85.98	not available	not available	not available	30 min	37 °C	QE20150802-17.raw	NT=ms-proteomics;VV=v1.1.0	NT=crosslinking;VV=v1.0.0	NT=human;VV=v1.1.0
PXD025391_VE20150907-07	Homo sapiens	not available	not available	245	PXD025391_VE20150907-07_assay	proteomic profiling by mass spectrometry	data-dependent acquisition	NT=label free sample;AC=MS:1002038	1	1	not available	NT=Trypsin;AC=MS:1001251	NT=Carbamidomethyl;AC=UNIMOD:4;TA=C;MT=Fixed	NT=DSSO remnant;AC=null;TA=null;MT=Variable	not available	not available	NT=DSSO;AC=XLMOD:02126;CL=yes;TA=K,S,T,Y,nterm;MH=54.01;ML=85.98	not available	not available	not available	30 min	37 °C	VE20150907-07.raw	NT=ms-proteomics;VV=v1.1.0	NT=crosslinking;VV=v1.0.0	NT=human;VV=v1.1.0
PXD025391_VE20160714-145	Homo sapiens	not available	not available	246	PXD025391_VE20160714-145_assay	proteomic profiling by mass spectrometry	data-dependent acquisition	NT=label free sample;AC=MS:1002038	1	1	not available	NT=Trypsin;AC=MS:1001251	NT=Carbamidomethyl;AC=UNIMOD:4;TA=C;MT=Fixed	NT=DSSO remnant;AC=null;TA=null;MT=Variable	not available	not available	NT=DSSO;AC=XLMOD:02126;CL=yes;TA=K,S,T,Y,nterm;MH=54.01;ML=85.98	not available	not available	not available	30 min	37 °C	VE20160714-145.raw	NT=ms-proteomics;VV=v1.1.0	NT=crosslinking;VV=v1.0.0	NT=human;VV=v1.1.0
PXD025391_VE20160714-84	Homo sapiens	not available	not available	247	PXD025391_VE20160714-84_assay	proteomic profiling by mass spectrometry	data-dependent acquisition	NT=label free sample;AC=MS:1002038	1	1	not available	NT=Trypsin;AC=MS:1001251	NT=Carbamidomethyl;AC=UNIMOD:4;TA=C;MT=Fixed	NT=DSSO remnant;AC=null;TA=null;MT=Variable	not available	not available	NT=DSSO;AC=XLMOD:02126;CL=yes;TA=K,S,T,Y,nterm;MH=54.01;ML=85.98	not available	not available	not available	30 min	37 °C	VE20160714-84.raw	NT=ms-proteomics;VV=v1.1.0	NT=crosslinking;VV=v1.0.0	NT=human;VV=v1.1.0
