source name	characteristics[organism]	characteristics[organism part]	characteristics[cell type]	characteristics[biological replicate]	assay name	technology type	comment[proteomics data acquisition method]	comment[label]	comment[fraction identifier]	comment[technical replicate]	comment[instrument]	comment[cleavage agent details]	comment[modification parameters]	comment[modification parameters]	comment[collision energy]	comment[dissociation method]	comment[cross-linker]	comment[crosslink enrichment method]	comment[crosslinker concentration]	comment[crosslinker to protein ratio]	comment[crosslinking reaction time]	comment[crosslinking temperature]	comment[data file]	comment[sdrf template]	comment[sdrf template]
PXD026244_F1709_fuerschj_337	Saccharomyces cerevisiae	not available	not available	1	PXD026244_F1709_fuerschj_337_assay	proteomic profiling by mass spectrometry	data-dependent acquisition	NT=label free sample;AC=MS:1002038	1	1	not available	NT=Trypsin;AC=MS:1001251	NT=Carbamidomethyl;AC=UNIMOD:4;TA=C;MT=Fixed	NT=Oxidation;AC=UNIMOD:21;TA=M;MT=Variable	not available	not available	NT=DSS;AC=XLMOD:02001	size exclusion chromatography (SEC)	not available	not available	not available	not available	F1709_fuerschj_337.raw	NT=ms-proteomics;VV=v1.1.0	NT=crosslinking;VV=v1.0.0
PXD026244_F2011_fuerschj_113	Saccharomyces cerevisiae	not available	not available	2	PXD026244_F2011_fuerschj_113_assay	proteomic profiling by mass spectrometry	data-dependent acquisition	NT=label free sample;AC=MS:1002038	1	1	not available	NT=Trypsin;AC=MS:1001251	NT=Carbamidomethyl;AC=UNIMOD:4;TA=C;MT=Fixed	NT=Oxidation;AC=UNIMOD:21;TA=M;MT=Variable	not available	not available	NT=DSS;AC=XLMOD:02001	size exclusion chromatography (SEC)	not available	not available	not available	not available	F2011_fuerschj_113.raw	NT=ms-proteomics;VV=v1.1.0	NT=crosslinking;VV=v1.0.0
PXD026244_F1705_fuerschj_050	Saccharomyces cerevisiae	not available	not available	3	PXD026244_F1705_fuerschj_050_assay	proteomic profiling by mass spectrometry	data-dependent acquisition	NT=label free sample;AC=MS:1002038	1	1	not available	NT=Trypsin;AC=MS:1001251	NT=Carbamidomethyl;AC=UNIMOD:4;TA=C;MT=Fixed	NT=Oxidation;AC=UNIMOD:21;TA=M;MT=Variable	not available	not available	NT=DSS;AC=XLMOD:02001	size exclusion chromatography (SEC)	not available	not available	not available	not available	F1705_fuerschj_050.raw	NT=ms-proteomics;VV=v1.1.0	NT=crosslinking;VV=v1.0.0
PXD026244_F2011_fuerschj_092	Saccharomyces cerevisiae	not available	not available	4	PXD026244_F2011_fuerschj_092_assay	proteomic profiling by mass spectrometry	data-dependent acquisition	NT=label free sample;AC=MS:1002038	1	1	not available	NT=Trypsin;AC=MS:1001251	NT=Carbamidomethyl;AC=UNIMOD:4;TA=C;MT=Fixed	NT=Oxidation;AC=UNIMOD:21;TA=M;MT=Variable	not available	not available	NT=DSS;AC=XLMOD:02001	size exclusion chromatography (SEC)	not available	not available	not available	not available	F2011_fuerschj_092.raw	NT=ms-proteomics;VV=v1.1.0	NT=crosslinking;VV=v1.0.0
PXD026244_F1705_fuerschj_047	Saccharomyces cerevisiae	not available	not available	5	PXD026244_F1705_fuerschj_047_assay	proteomic profiling by mass spectrometry	data-dependent acquisition	NT=label free sample;AC=MS:1002038	1	1	not available	NT=Trypsin;AC=MS:1001251	NT=Carbamidomethyl;AC=UNIMOD:4;TA=C;MT=Fixed	NT=Oxidation;AC=UNIMOD:21;TA=M;MT=Variable	not available	not available	NT=DSS;AC=XLMOD:02001	size exclusion chromatography (SEC)	not available	not available	not available	not available	F1705_fuerschj_047.raw	NT=ms-proteomics;VV=v1.1.0	NT=crosslinking;VV=v1.0.0
PXD026244_F2011_fuerschj_293	Saccharomyces cerevisiae	not available	not available	6	PXD026244_F2011_fuerschj_293_assay	proteomic profiling by mass spectrometry	data-dependent acquisition	NT=label free sample;AC=MS:1002038	1	1	not available	NT=Trypsin;AC=MS:1001251	NT=Carbamidomethyl;AC=UNIMOD:4;TA=C;MT=Fixed	NT=Oxidation;AC=UNIMOD:21;TA=M;MT=Variable	not available	not available	NT=DSS;AC=XLMOD:02001	size exclusion chromatography (SEC)	not available	not available	not available	not available	F2011_fuerschj_293.raw	NT=ms-proteomics;VV=v1.1.0	NT=crosslinking;VV=v1.0.0
PXD026244_F1705_fuerschj_215	Saccharomyces cerevisiae	not available	not available	7	PXD026244_F1705_fuerschj_215_assay	proteomic profiling by mass spectrometry	data-dependent acquisition	NT=label free sample;AC=MS:1002038	1	1	not available	NT=Trypsin;AC=MS:1001251	NT=Carbamidomethyl;AC=UNIMOD:4;TA=C;MT=Fixed	NT=Oxidation;AC=UNIMOD:21;TA=M;MT=Variable	not available	not available	NT=DSS;AC=XLMOD:02001	size exclusion chromatography (SEC)	not available	not available	not available	not available	F1705_fuerschj_215.raw	NT=ms-proteomics;VV=v1.1.0	NT=crosslinking;VV=v1.0.0
PXD026244_F2011_fuerschj_192	Saccharomyces cerevisiae	not available	not available	8	PXD026244_F2011_fuerschj_192_assay	proteomic profiling by mass spectrometry	data-dependent acquisition	NT=label free sample;AC=MS:1002038	1	1	not available	NT=Trypsin;AC=MS:1001251	NT=Carbamidomethyl;AC=UNIMOD:4;TA=C;MT=Fixed	NT=Oxidation;AC=UNIMOD:21;TA=M;MT=Variable	not available	not available	NT=DSS;AC=XLMOD:02001	size exclusion chromatography (SEC)	not available	not available	not available	not available	F2011_fuerschj_192.raw	NT=ms-proteomics;VV=v1.1.0	NT=crosslinking;VV=v1.0.0
PXD026244_F2104_fuerschj_256	Saccharomyces cerevisiae	not available	not available	9	PXD026244_F2104_fuerschj_256_assay	proteomic profiling by mass spectrometry	data-dependent acquisition	NT=label free sample;AC=MS:1002038	1	1	not available	NT=Trypsin;AC=MS:1001251	NT=Carbamidomethyl;AC=UNIMOD:4;TA=C;MT=Fixed	NT=Oxidation;AC=UNIMOD:21;TA=M;MT=Variable	not available	not available	NT=DSS;AC=XLMOD:02001	size exclusion chromatography (SEC)	not available	not available	not available	not available	F2104_fuerschj_256.raw	NT=ms-proteomics;VV=v1.1.0	NT=crosslinking;VV=v1.0.0
PXD026244_F2011_fuerschj_125	Saccharomyces cerevisiae	not available	not available	10	PXD026244_F2011_fuerschj_125_assay	proteomic profiling by mass spectrometry	data-dependent acquisition	NT=label free sample;AC=MS:1002038	1	1	not available	NT=Trypsin;AC=MS:1001251	NT=Carbamidomethyl;AC=UNIMOD:4;TA=C;MT=Fixed	NT=Oxidation;AC=UNIMOD:21;TA=M;MT=Variable	not available	not available	NT=DSS;AC=XLMOD:02001	size exclusion chromatography (SEC)	not available	not available	not available	not available	F2011_fuerschj_125.raw	NT=ms-proteomics;VV=v1.1.0	NT=crosslinking;VV=v1.0.0
PXD026244_F1705_fuerschj_045	Saccharomyces cerevisiae	not available	not available	11	PXD026244_F1705_fuerschj_045_assay	proteomic profiling by mass spectrometry	data-dependent acquisition	NT=label free sample;AC=MS:1002038	1	1	not available	NT=Trypsin;AC=MS:1001251	NT=Carbamidomethyl;AC=UNIMOD:4;TA=C;MT=Fixed	NT=Oxidation;AC=UNIMOD:21;TA=M;MT=Variable	not available	not available	NT=DSS;AC=XLMOD:02001	size exclusion chromatography (SEC)	not available	not available	not available	not available	F1705_fuerschj_045.raw	NT=ms-proteomics;VV=v1.1.0	NT=crosslinking;VV=v1.0.0
PXD026244_F1707_fuerschj_133	Saccharomyces cerevisiae	not available	not available	12	PXD026244_F1707_fuerschj_133_assay	proteomic profiling by mass spectrometry	data-dependent acquisition	NT=label free sample;AC=MS:1002038	1	1	not available	NT=Trypsin;AC=MS:1001251	NT=Carbamidomethyl;AC=UNIMOD:4;TA=C;MT=Fixed	NT=Oxidation;AC=UNIMOD:21;TA=M;MT=Variable	not available	not available	NT=DSS;AC=XLMOD:02001	size exclusion chromatography (SEC)	not available	not available	not available	not available	F1707_fuerschj_133.raw	NT=ms-proteomics;VV=v1.1.0	NT=crosslinking;VV=v1.0.0
PXD026244_F2011_fuerschj_101	Saccharomyces cerevisiae	not available	not available	13	PXD026244_F2011_fuerschj_101_assay	proteomic profiling by mass spectrometry	data-dependent acquisition	NT=label free sample;AC=MS:1002038	1	1	not available	NT=Trypsin;AC=MS:1001251	NT=Carbamidomethyl;AC=UNIMOD:4;TA=C;MT=Fixed	NT=Oxidation;AC=UNIMOD:21;TA=M;MT=Variable	not available	not available	NT=DSS;AC=XLMOD:02001	size exclusion chromatography (SEC)	not available	not available	not available	not available	F2011_fuerschj_101.raw	NT=ms-proteomics;VV=v1.1.0	NT=crosslinking;VV=v1.0.0
PXD026244_F1705_fuerschj_041	Saccharomyces cerevisiae	not available	not available	14	PXD026244_F1705_fuerschj_041_assay	proteomic profiling by mass spectrometry	data-dependent acquisition	NT=label free sample;AC=MS:1002038	1	1	not available	NT=Trypsin;AC=MS:1001251	NT=Carbamidomethyl;AC=UNIMOD:4;TA=C;MT=Fixed	NT=Oxidation;AC=UNIMOD:21;TA=M;MT=Variable	not available	not available	NT=DSS;AC=XLMOD:02001	size exclusion chromatography (SEC)	not available	not available	not available	not available	F1705_fuerschj_041.raw	NT=ms-proteomics;VV=v1.1.0	NT=crosslinking;VV=v1.0.0
PXD026244_F1601_fuerschj_115	Saccharomyces cerevisiae	not available	not available	15	PXD026244_F1601_fuerschj_115_assay	proteomic profiling by mass spectrometry	data-dependent acquisition	NT=label free sample;AC=MS:1002038	1	1	not available	NT=Trypsin;AC=MS:1001251	NT=Carbamidomethyl;AC=UNIMOD:4;TA=C;MT=Fixed	NT=Oxidation;AC=UNIMOD:21;TA=M;MT=Variable	not available	not available	NT=DSS;AC=XLMOD:02001	size exclusion chromatography (SEC)	not available	not available	not available	not available	F1601_fuerschj_115.raw	NT=ms-proteomics;VV=v1.1.0	NT=crosslinking;VV=v1.0.0
PXD026244_F1705_fuerschj_211	Saccharomyces cerevisiae	not available	not available	16	PXD026244_F1705_fuerschj_211_assay	proteomic profiling by mass spectrometry	data-dependent acquisition	NT=label free sample;AC=MS:1002038	1	1	not available	NT=Trypsin;AC=MS:1001251	NT=Carbamidomethyl;AC=UNIMOD:4;TA=C;MT=Fixed	NT=Oxidation;AC=UNIMOD:21;TA=M;MT=Variable	not available	not available	NT=DSS;AC=XLMOD:02001	size exclusion chromatography (SEC)	not available	not available	not available	not available	F1705_fuerschj_211.raw	NT=ms-proteomics;VV=v1.1.0	NT=crosslinking;VV=v1.0.0
PXD026244_F1709_fuerschj_304	Saccharomyces cerevisiae	not available	not available	17	PXD026244_F1709_fuerschj_304_assay	proteomic profiling by mass spectrometry	data-dependent acquisition	NT=label free sample;AC=MS:1002038	1	1	not available	NT=Trypsin;AC=MS:1001251	NT=Carbamidomethyl;AC=UNIMOD:4;TA=C;MT=Fixed	NT=Oxidation;AC=UNIMOD:21;TA=M;MT=Variable	not available	not available	NT=DSS;AC=XLMOD:02001	size exclusion chromatography (SEC)	not available	not available	not available	not available	F1709_fuerschj_304.raw	NT=ms-proteomics;VV=v1.1.0	NT=crosslinking;VV=v1.0.0
PXD026244_F1709_fuerschj_312	Saccharomyces cerevisiae	not available	not available	18	PXD026244_F1709_fuerschj_312_assay	proteomic profiling by mass spectrometry	data-dependent acquisition	NT=label free sample;AC=MS:1002038	1	1	not available	NT=Trypsin;AC=MS:1001251	NT=Carbamidomethyl;AC=UNIMOD:4;TA=C;MT=Fixed	NT=Oxidation;AC=UNIMOD:21;TA=M;MT=Variable	not available	not available	NT=DSS;AC=XLMOD:02001	size exclusion chromatography (SEC)	not available	not available	not available	not available	F1709_fuerschj_312.raw	NT=ms-proteomics;VV=v1.1.0	NT=crosslinking;VV=v1.0.0
PXD026244_F1705_fuerschj_155	Saccharomyces cerevisiae	not available	not available	19	PXD026244_F1705_fuerschj_155_assay	proteomic profiling by mass spectrometry	data-dependent acquisition	NT=label free sample;AC=MS:1002038	1	1	not available	NT=Trypsin;AC=MS:1001251	NT=Carbamidomethyl;AC=UNIMOD:4;TA=C;MT=Fixed	NT=Oxidation;AC=UNIMOD:21;TA=M;MT=Variable	not available	not available	NT=DSS;AC=XLMOD:02001	size exclusion chromatography (SEC)	not available	not available	not available	not available	F1705_fuerschj_155.raw	NT=ms-proteomics;VV=v1.1.0	NT=crosslinking;VV=v1.0.0
PXD026244_F1709_fuerschj_309	Saccharomyces cerevisiae	not available	not available	20	PXD026244_F1709_fuerschj_309_assay	proteomic profiling by mass spectrometry	data-dependent acquisition	NT=label free sample;AC=MS:1002038	1	1	not available	NT=Trypsin;AC=MS:1001251	NT=Carbamidomethyl;AC=UNIMOD:4;TA=C;MT=Fixed	NT=Oxidation;AC=UNIMOD:21;TA=M;MT=Variable	not available	not available	NT=DSS;AC=XLMOD:02001	size exclusion chromatography (SEC)	not available	not available	not available	not available	F1709_fuerschj_309.raw	NT=ms-proteomics;VV=v1.1.0	NT=crosslinking;VV=v1.0.0
PXD026244_F2103_fuerschj_065	Saccharomyces cerevisiae	not available	not available	21	PXD026244_F2103_fuerschj_065_assay	proteomic profiling by mass spectrometry	data-dependent acquisition	NT=label free sample;AC=MS:1002038	1	1	not available	NT=Trypsin;AC=MS:1001251	NT=Carbamidomethyl;AC=UNIMOD:4;TA=C;MT=Fixed	NT=Oxidation;AC=UNIMOD:21;TA=M;MT=Variable	not available	not available	NT=DSS;AC=XLMOD:02001	size exclusion chromatography (SEC)	not available	not available	not available	not available	F2103_fuerschj_065.raw	NT=ms-proteomics;VV=v1.1.0	NT=crosslinking;VV=v1.0.0
PXD026244_F2011_fuerschj_164	Saccharomyces cerevisiae	not available	not available	22	PXD026244_F2011_fuerschj_164_assay	proteomic profiling by mass spectrometry	data-dependent acquisition	NT=label free sample;AC=MS:1002038	1	1	not available	NT=Trypsin;AC=MS:1001251	NT=Carbamidomethyl;AC=UNIMOD:4;TA=C;MT=Fixed	NT=Oxidation;AC=UNIMOD:21;TA=M;MT=Variable	not available	not available	NT=DSS;AC=XLMOD:02001	size exclusion chromatography (SEC)	not available	not available	not available	not available	F2011_fuerschj_164.raw	NT=ms-proteomics;VV=v1.1.0	NT=crosslinking;VV=v1.0.0
PXD026244_F1803_voormannc_014	Saccharomyces cerevisiae	not available	not available	23	PXD026244_F1803_voormannc_014_assay	proteomic profiling by mass spectrometry	data-dependent acquisition	NT=label free sample;AC=MS:1002038	1	1	not available	NT=Trypsin;AC=MS:1001251	NT=Carbamidomethyl;AC=UNIMOD:4;TA=C;MT=Fixed	NT=Oxidation;AC=UNIMOD:21;TA=M;MT=Variable	not available	not available	NT=DSS;AC=XLMOD:02001	size exclusion chromatography (SEC)	not available	not available	not available	not available	F1803_voormannc_014.raw	NT=ms-proteomics;VV=v1.1.0	NT=crosslinking;VV=v1.0.0
PXD026244_F2104_fuerschj_235	Saccharomyces cerevisiae	not available	not available	24	PXD026244_F2104_fuerschj_235_assay	proteomic profiling by mass spectrometry	data-dependent acquisition	NT=label free sample;AC=MS:1002038	1	1	not available	NT=Trypsin;AC=MS:1001251	NT=Carbamidomethyl;AC=UNIMOD:4;TA=C;MT=Fixed	NT=Oxidation;AC=UNIMOD:21;TA=M;MT=Variable	not available	not available	NT=DSS;AC=XLMOD:02001	size exclusion chromatography (SEC)	not available	not available	not available	not available	F2104_fuerschj_235.raw	NT=ms-proteomics;VV=v1.1.0	NT=crosslinking;VV=v1.0.0
PXD026244_F1705_fuerschj_058	Saccharomyces cerevisiae	not available	not available	25	PXD026244_F1705_fuerschj_058_assay	proteomic profiling by mass spectrometry	data-dependent acquisition	NT=label free sample;AC=MS:1002038	1	1	not available	NT=Trypsin;AC=MS:1001251	NT=Carbamidomethyl;AC=UNIMOD:4;TA=C;MT=Fixed	NT=Oxidation;AC=UNIMOD:21;TA=M;MT=Variable	not available	not available	NT=DSS;AC=XLMOD:02001	size exclusion chromatography (SEC)	not available	not available	not available	not available	F1705_fuerschj_058.raw	NT=ms-proteomics;VV=v1.1.0	NT=crosslinking;VV=v1.0.0
PXD026244_F1709_fuerschj_327	Saccharomyces cerevisiae	not available	not available	26	PXD026244_F1709_fuerschj_327_assay	proteomic profiling by mass spectrometry	data-dependent acquisition	NT=label free sample;AC=MS:1002038	1	1	not available	NT=Trypsin;AC=MS:1001251	NT=Carbamidomethyl;AC=UNIMOD:4;TA=C;MT=Fixed	NT=Oxidation;AC=UNIMOD:21;TA=M;MT=Variable	not available	not available	NT=DSS;AC=XLMOD:02001	size exclusion chromatography (SEC)	not available	not available	not available	not available	F1709_fuerschj_327.raw	NT=ms-proteomics;VV=v1.1.0	NT=crosslinking;VV=v1.0.0
PXD026244_F2104_fuerschj_250	Saccharomyces cerevisiae	not available	not available	27	PXD026244_F2104_fuerschj_250_assay	proteomic profiling by mass spectrometry	data-dependent acquisition	NT=label free sample;AC=MS:1002038	1	1	not available	NT=Trypsin;AC=MS:1001251	NT=Carbamidomethyl;AC=UNIMOD:4;TA=C;MT=Fixed	NT=Oxidation;AC=UNIMOD:21;TA=M;MT=Variable	not available	not available	NT=DSS;AC=XLMOD:02001	size exclusion chromatography (SEC)	not available	not available	not available	not available	F2104_fuerschj_250.raw	NT=ms-proteomics;VV=v1.1.0	NT=crosslinking;VV=v1.0.0
PXD026244_F1610_fuerschj_031	Saccharomyces cerevisiae	not available	not available	28	PXD026244_F1610_fuerschj_031_assay	proteomic profiling by mass spectrometry	data-dependent acquisition	NT=label free sample;AC=MS:1002038	1	1	not available	NT=Trypsin;AC=MS:1001251	NT=Carbamidomethyl;AC=UNIMOD:4;TA=C;MT=Fixed	NT=Oxidation;AC=UNIMOD:21;TA=M;MT=Variable	not available	not available	NT=DSS;AC=XLMOD:02001	size exclusion chromatography (SEC)	not available	not available	not available	not available	F1610_fuerschj_031.raw	NT=ms-proteomics;VV=v1.1.0	NT=crosslinking;VV=v1.0.0
PXD026244_F1803_voormannc_076	Saccharomyces cerevisiae	not available	not available	29	PXD026244_F1803_voormannc_076_assay	proteomic profiling by mass spectrometry	data-dependent acquisition	NT=label free sample;AC=MS:1002038	1	1	not available	NT=Trypsin;AC=MS:1001251	NT=Carbamidomethyl;AC=UNIMOD:4;TA=C;MT=Fixed	NT=Oxidation;AC=UNIMOD:21;TA=M;MT=Variable	not available	not available	NT=DSS;AC=XLMOD:02001	size exclusion chromatography (SEC)	not available	not available	not available	not available	F1803_voormannc_076.raw	NT=ms-proteomics;VV=v1.1.0	NT=crosslinking;VV=v1.0.0
PXD026244_F2011_fuerschj_171	Saccharomyces cerevisiae	not available	not available	30	PXD026244_F2011_fuerschj_171_assay	proteomic profiling by mass spectrometry	data-dependent acquisition	NT=label free sample;AC=MS:1002038	1	1	not available	NT=Trypsin;AC=MS:1001251	NT=Carbamidomethyl;AC=UNIMOD:4;TA=C;MT=Fixed	NT=Oxidation;AC=UNIMOD:21;TA=M;MT=Variable	not available	not available	NT=DSS;AC=XLMOD:02001	size exclusion chromatography (SEC)	not available	not available	not available	not available	F2011_fuerschj_171.raw	NT=ms-proteomics;VV=v1.1.0	NT=crosslinking;VV=v1.0.0
PXD026244_F2011_fuerschj_279	Saccharomyces cerevisiae	not available	not available	31	PXD026244_F2011_fuerschj_279_assay	proteomic profiling by mass spectrometry	data-dependent acquisition	NT=label free sample;AC=MS:1002038	1	1	not available	NT=Trypsin;AC=MS:1001251	NT=Carbamidomethyl;AC=UNIMOD:4;TA=C;MT=Fixed	NT=Oxidation;AC=UNIMOD:21;TA=M;MT=Variable	not available	not available	NT=DSS;AC=XLMOD:02001	size exclusion chromatography (SEC)	not available	not available	not available	not available	F2011_fuerschj_279.raw	NT=ms-proteomics;VV=v1.1.0	NT=crosslinking;VV=v1.0.0
PXD026244_F1709_fuerschj_302	Saccharomyces cerevisiae	not available	not available	32	PXD026244_F1709_fuerschj_302_assay	proteomic profiling by mass spectrometry	data-dependent acquisition	NT=label free sample;AC=MS:1002038	1	1	not available	NT=Trypsin;AC=MS:1001251	NT=Carbamidomethyl;AC=UNIMOD:4;TA=C;MT=Fixed	NT=Oxidation;AC=UNIMOD:21;TA=M;MT=Variable	not available	not available	NT=DSS;AC=XLMOD:02001	size exclusion chromatography (SEC)	not available	not available	not available	not available	F1709_fuerschj_302.raw	NT=ms-proteomics;VV=v1.1.0	NT=crosslinking;VV=v1.0.0
PXD026244_F1804_voormannc_061	Saccharomyces cerevisiae	not available	not available	33	PXD026244_F1804_voormannc_061_assay	proteomic profiling by mass spectrometry	data-dependent acquisition	NT=label free sample;AC=MS:1002038	1	1	not available	NT=Trypsin;AC=MS:1001251	NT=Carbamidomethyl;AC=UNIMOD:4;TA=C;MT=Fixed	NT=Oxidation;AC=UNIMOD:21;TA=M;MT=Variable	not available	not available	NT=DSS;AC=XLMOD:02001	size exclusion chromatography (SEC)	not available	not available	not available	not available	F1804_voormannc_061.raw	NT=ms-proteomics;VV=v1.1.0	NT=crosslinking;VV=v1.0.0
PXD026244_F2104_fuerschj_237	Saccharomyces cerevisiae	not available	not available	34	PXD026244_F2104_fuerschj_237_assay	proteomic profiling by mass spectrometry	data-dependent acquisition	NT=label free sample;AC=MS:1002038	1	1	not available	NT=Trypsin;AC=MS:1001251	NT=Carbamidomethyl;AC=UNIMOD:4;TA=C;MT=Fixed	NT=Oxidation;AC=UNIMOD:21;TA=M;MT=Variable	not available	not available	NT=DSS;AC=XLMOD:02001	size exclusion chromatography (SEC)	not available	not available	not available	not available	F2104_fuerschj_237.raw	NT=ms-proteomics;VV=v1.1.0	NT=crosslinking;VV=v1.0.0
PXD026244_F2011_fuerschj_109	Saccharomyces cerevisiae	not available	not available	35	PXD026244_F2011_fuerschj_109_assay	proteomic profiling by mass spectrometry	data-dependent acquisition	NT=label free sample;AC=MS:1002038	1	1	not available	NT=Trypsin;AC=MS:1001251	NT=Carbamidomethyl;AC=UNIMOD:4;TA=C;MT=Fixed	NT=Oxidation;AC=UNIMOD:21;TA=M;MT=Variable	not available	not available	NT=DSS;AC=XLMOD:02001	size exclusion chromatography (SEC)	not available	not available	not available	not available	F2011_fuerschj_109.raw	NT=ms-proteomics;VV=v1.1.0	NT=crosslinking;VV=v1.0.0
PXD026244_F1804_voormannc_060	Saccharomyces cerevisiae	not available	not available	36	PXD026244_F1804_voormannc_060_assay	proteomic profiling by mass spectrometry	data-dependent acquisition	NT=label free sample;AC=MS:1002038	1	1	not available	NT=Trypsin;AC=MS:1001251	NT=Carbamidomethyl;AC=UNIMOD:4;TA=C;MT=Fixed	NT=Oxidation;AC=UNIMOD:21;TA=M;MT=Variable	not available	not available	NT=DSS;AC=XLMOD:02001	size exclusion chromatography (SEC)	not available	not available	not available	not available	F1804_voormannc_060.raw	NT=ms-proteomics;VV=v1.1.0	NT=crosslinking;VV=v1.0.0
PXD026244_F1608_fuerschj_297	Saccharomyces cerevisiae	not available	not available	37	PXD026244_F1608_fuerschj_297_assay	proteomic profiling by mass spectrometry	data-dependent acquisition	NT=label free sample;AC=MS:1002038	1	1	not available	NT=Trypsin;AC=MS:1001251	NT=Carbamidomethyl;AC=UNIMOD:4;TA=C;MT=Fixed	NT=Oxidation;AC=UNIMOD:21;TA=M;MT=Variable	not available	not available	NT=DSS;AC=XLMOD:02001	size exclusion chromatography (SEC)	not available	not available	not available	not available	F1608_fuerschj_297.raw	NT=ms-proteomics;VV=v1.1.0	NT=crosslinking;VV=v1.0.0
PXD026244_F2011_fuerschj_181	Saccharomyces cerevisiae	not available	not available	38	PXD026244_F2011_fuerschj_181_assay	proteomic profiling by mass spectrometry	data-dependent acquisition	NT=label free sample;AC=MS:1002038	1	1	not available	NT=Trypsin;AC=MS:1001251	NT=Carbamidomethyl;AC=UNIMOD:4;TA=C;MT=Fixed	NT=Oxidation;AC=UNIMOD:21;TA=M;MT=Variable	not available	not available	NT=DSS;AC=XLMOD:02001	size exclusion chromatography (SEC)	not available	not available	not available	not available	F2011_fuerschj_181.raw	NT=ms-proteomics;VV=v1.1.0	NT=crosslinking;VV=v1.0.0
PXD026244_F2104_fuerschj_273	Saccharomyces cerevisiae	not available	not available	39	PXD026244_F2104_fuerschj_273_assay	proteomic profiling by mass spectrometry	data-dependent acquisition	NT=label free sample;AC=MS:1002038	1	1	not available	NT=Trypsin;AC=MS:1001251	NT=Carbamidomethyl;AC=UNIMOD:4;TA=C;MT=Fixed	NT=Oxidation;AC=UNIMOD:21;TA=M;MT=Variable	not available	not available	NT=DSS;AC=XLMOD:02001	size exclusion chromatography (SEC)	not available	not available	not available	not available	F2104_fuerschj_273.raw	NT=ms-proteomics;VV=v1.1.0	NT=crosslinking;VV=v1.0.0
PXD026244_F2104_fuerschj_304	Saccharomyces cerevisiae	not available	not available	40	PXD026244_F2104_fuerschj_304_assay	proteomic profiling by mass spectrometry	data-dependent acquisition	NT=label free sample;AC=MS:1002038	1	1	not available	NT=Trypsin;AC=MS:1001251	NT=Carbamidomethyl;AC=UNIMOD:4;TA=C;MT=Fixed	NT=Oxidation;AC=UNIMOD:21;TA=M;MT=Variable	not available	not available	NT=DSS;AC=XLMOD:02001	size exclusion chromatography (SEC)	not available	not available	not available	not available	F2104_fuerschj_304.raw	NT=ms-proteomics;VV=v1.1.0	NT=crosslinking;VV=v1.0.0
PXD026244_F2011_fuerschj_114	Saccharomyces cerevisiae	not available	not available	41	PXD026244_F2011_fuerschj_114_assay	proteomic profiling by mass spectrometry	data-dependent acquisition	NT=label free sample;AC=MS:1002038	1	1	not available	NT=Trypsin;AC=MS:1001251	NT=Carbamidomethyl;AC=UNIMOD:4;TA=C;MT=Fixed	NT=Oxidation;AC=UNIMOD:21;TA=M;MT=Variable	not available	not available	NT=DSS;AC=XLMOD:02001	size exclusion chromatography (SEC)	not available	not available	not available	not available	F2011_fuerschj_114.raw	NT=ms-proteomics;VV=v1.1.0	NT=crosslinking;VV=v1.0.0
PXD026244_F1803_voormannc_073	Saccharomyces cerevisiae	not available	not available	42	PXD026244_F1803_voormannc_073_assay	proteomic profiling by mass spectrometry	data-dependent acquisition	NT=label free sample;AC=MS:1002038	1	1	not available	NT=Trypsin;AC=MS:1001251	NT=Carbamidomethyl;AC=UNIMOD:4;TA=C;MT=Fixed	NT=Oxidation;AC=UNIMOD:21;TA=M;MT=Variable	not available	not available	NT=DSS;AC=XLMOD:02001	size exclusion chromatography (SEC)	not available	not available	not available	not available	F1803_voormannc_073.raw	NT=ms-proteomics;VV=v1.1.0	NT=crosslinking;VV=v1.0.0
PXD026244_F1803_voormannc_071	Saccharomyces cerevisiae	not available	not available	43	PXD026244_F1803_voormannc_071_assay	proteomic profiling by mass spectrometry	data-dependent acquisition	NT=label free sample;AC=MS:1002038	1	1	not available	NT=Trypsin;AC=MS:1001251	NT=Carbamidomethyl;AC=UNIMOD:4;TA=C;MT=Fixed	NT=Oxidation;AC=UNIMOD:21;TA=M;MT=Variable	not available	not available	NT=DSS;AC=XLMOD:02001	size exclusion chromatography (SEC)	not available	not available	not available	not available	F1803_voormannc_071.raw	NT=ms-proteomics;VV=v1.1.0	NT=crosslinking;VV=v1.0.0
PXD026244_F1707_fuerschj_95	Saccharomyces cerevisiae	not available	not available	44	PXD026244_F1707_fuerschj_95_assay	proteomic profiling by mass spectrometry	data-dependent acquisition	NT=label free sample;AC=MS:1002038	1	1	not available	NT=Trypsin;AC=MS:1001251	NT=Carbamidomethyl;AC=UNIMOD:4;TA=C;MT=Fixed	NT=Oxidation;AC=UNIMOD:21;TA=M;MT=Variable	not available	not available	NT=DSS;AC=XLMOD:02001	size exclusion chromatography (SEC)	not available	not available	not available	not available	F1707_fuerschj_95.raw	NT=ms-proteomics;VV=v1.1.0	NT=crosslinking;VV=v1.0.0
PXD026244_F1705_fuerschj_216	Saccharomyces cerevisiae	not available	not available	45	PXD026244_F1705_fuerschj_216_assay	proteomic profiling by mass spectrometry	data-dependent acquisition	NT=label free sample;AC=MS:1002038	1	1	not available	NT=Trypsin;AC=MS:1001251	NT=Carbamidomethyl;AC=UNIMOD:4;TA=C;MT=Fixed	NT=Oxidation;AC=UNIMOD:21;TA=M;MT=Variable	not available	not available	NT=DSS;AC=XLMOD:02001	size exclusion chromatography (SEC)	not available	not available	not available	not available	F1705_fuerschj_216.raw	NT=ms-proteomics;VV=v1.1.0	NT=crosslinking;VV=v1.0.0
PXD026244_F2011_fuerschj_096	Saccharomyces cerevisiae	not available	not available	46	PXD026244_F2011_fuerschj_096_assay	proteomic profiling by mass spectrometry	data-dependent acquisition	NT=label free sample;AC=MS:1002038	1	1	not available	NT=Trypsin;AC=MS:1001251	NT=Carbamidomethyl;AC=UNIMOD:4;TA=C;MT=Fixed	NT=Oxidation;AC=UNIMOD:21;TA=M;MT=Variable	not available	not available	NT=DSS;AC=XLMOD:02001	size exclusion chromatography (SEC)	not available	not available	not available	not available	F2011_fuerschj_096.raw	NT=ms-proteomics;VV=v1.1.0	NT=crosslinking;VV=v1.0.0
PXD026244_F2011_fuerschj_182	Saccharomyces cerevisiae	not available	not available	47	PXD026244_F2011_fuerschj_182_assay	proteomic profiling by mass spectrometry	data-dependent acquisition	NT=label free sample;AC=MS:1002038	1	1	not available	NT=Trypsin;AC=MS:1001251	NT=Carbamidomethyl;AC=UNIMOD:4;TA=C;MT=Fixed	NT=Oxidation;AC=UNIMOD:21;TA=M;MT=Variable	not available	not available	NT=DSS;AC=XLMOD:02001	size exclusion chromatography (SEC)	not available	not available	not available	not available	F2011_fuerschj_182.raw	NT=ms-proteomics;VV=v1.1.0	NT=crosslinking;VV=v1.0.0
PXD026244_F1610_fuerschj_020	Saccharomyces cerevisiae	not available	not available	48	PXD026244_F1610_fuerschj_020_assay	proteomic profiling by mass spectrometry	data-dependent acquisition	NT=label free sample;AC=MS:1002038	1	1	not available	NT=Trypsin;AC=MS:1001251	NT=Carbamidomethyl;AC=UNIMOD:4;TA=C;MT=Fixed	NT=Oxidation;AC=UNIMOD:21;TA=M;MT=Variable	not available	not available	NT=DSS;AC=XLMOD:02001	size exclusion chromatography (SEC)	not available	not available	not available	not available	F1610_fuerschj_020.raw	NT=ms-proteomics;VV=v1.1.0	NT=crosslinking;VV=v1.0.0
PXD026244_F1709_fuerschj_463	Saccharomyces cerevisiae	not available	not available	49	PXD026244_F1709_fuerschj_463_assay	proteomic profiling by mass spectrometry	data-dependent acquisition	NT=label free sample;AC=MS:1002038	1	1	not available	NT=Trypsin;AC=MS:1001251	NT=Carbamidomethyl;AC=UNIMOD:4;TA=C;MT=Fixed	NT=Oxidation;AC=UNIMOD:21;TA=M;MT=Variable	not available	not available	NT=DSS;AC=XLMOD:02001	size exclusion chromatography (SEC)	not available	not available	not available	not available	F1709_fuerschj_463.raw	NT=ms-proteomics;VV=v1.1.0	NT=crosslinking;VV=v1.0.0
PXD026244_F2104_fuerschj_234	Saccharomyces cerevisiae	not available	not available	50	PXD026244_F2104_fuerschj_234_assay	proteomic profiling by mass spectrometry	data-dependent acquisition	NT=label free sample;AC=MS:1002038	1	1	not available	NT=Trypsin;AC=MS:1001251	NT=Carbamidomethyl;AC=UNIMOD:4;TA=C;MT=Fixed	NT=Oxidation;AC=UNIMOD:21;TA=M;MT=Variable	not available	not available	NT=DSS;AC=XLMOD:02001	size exclusion chromatography (SEC)	not available	not available	not available	not available	F2104_fuerschj_234.raw	NT=ms-proteomics;VV=v1.1.0	NT=crosslinking;VV=v1.0.0
PXD026244_F2104_fuerschj_257	Saccharomyces cerevisiae	not available	not available	51	PXD026244_F2104_fuerschj_257_assay	proteomic profiling by mass spectrometry	data-dependent acquisition	NT=label free sample;AC=MS:1002038	1	1	not available	NT=Trypsin;AC=MS:1001251	NT=Carbamidomethyl;AC=UNIMOD:4;TA=C;MT=Fixed	NT=Oxidation;AC=UNIMOD:21;TA=M;MT=Variable	not available	not available	NT=DSS;AC=XLMOD:02001	size exclusion chromatography (SEC)	not available	not available	not available	not available	F2104_fuerschj_257.raw	NT=ms-proteomics;VV=v1.1.0	NT=crosslinking;VV=v1.0.0
PXD026244_F2103_fuerschj_066	Saccharomyces cerevisiae	not available	not available	52	PXD026244_F2103_fuerschj_066_assay	proteomic profiling by mass spectrometry	data-dependent acquisition	NT=label free sample;AC=MS:1002038	1	1	not available	NT=Trypsin;AC=MS:1001251	NT=Carbamidomethyl;AC=UNIMOD:4;TA=C;MT=Fixed	NT=Oxidation;AC=UNIMOD:21;TA=M;MT=Variable	not available	not available	NT=DSS;AC=XLMOD:02001	size exclusion chromatography (SEC)	not available	not available	not available	not available	F2103_fuerschj_066.raw	NT=ms-proteomics;VV=v1.1.0	NT=crosslinking;VV=v1.0.0
PXD026244_F2011_fuerschj_175	Saccharomyces cerevisiae	not available	not available	53	PXD026244_F2011_fuerschj_175_assay	proteomic profiling by mass spectrometry	data-dependent acquisition	NT=label free sample;AC=MS:1002038	1	1	not available	NT=Trypsin;AC=MS:1001251	NT=Carbamidomethyl;AC=UNIMOD:4;TA=C;MT=Fixed	NT=Oxidation;AC=UNIMOD:21;TA=M;MT=Variable	not available	not available	NT=DSS;AC=XLMOD:02001	size exclusion chromatography (SEC)	not available	not available	not available	not available	F2011_fuerschj_175.raw	NT=ms-proteomics;VV=v1.1.0	NT=crosslinking;VV=v1.0.0
PXD026244_F1705_fuerschj_052	Saccharomyces cerevisiae	not available	not available	54	PXD026244_F1705_fuerschj_052_assay	proteomic profiling by mass spectrometry	data-dependent acquisition	NT=label free sample;AC=MS:1002038	1	1	not available	NT=Trypsin;AC=MS:1001251	NT=Carbamidomethyl;AC=UNIMOD:4;TA=C;MT=Fixed	NT=Oxidation;AC=UNIMOD:21;TA=M;MT=Variable	not available	not available	NT=DSS;AC=XLMOD:02001	size exclusion chromatography (SEC)	not available	not available	not available	not available	F1705_fuerschj_052.raw	NT=ms-proteomics;VV=v1.1.0	NT=crosslinking;VV=v1.0.0
PXD026244_F2011_fuerschj_150	Saccharomyces cerevisiae	not available	not available	55	PXD026244_F2011_fuerschj_150_assay	proteomic profiling by mass spectrometry	data-dependent acquisition	NT=label free sample;AC=MS:1002038	1	1	not available	NT=Trypsin;AC=MS:1001251	NT=Carbamidomethyl;AC=UNIMOD:4;TA=C;MT=Fixed	NT=Oxidation;AC=UNIMOD:21;TA=M;MT=Variable	not available	not available	NT=DSS;AC=XLMOD:02001	size exclusion chromatography (SEC)	not available	not available	not available	not available	F2011_fuerschj_150.raw	NT=ms-proteomics;VV=v1.1.0	NT=crosslinking;VV=v1.0.0
PXD026244_F1707_fuerschj_126	Saccharomyces cerevisiae	not available	not available	56	PXD026244_F1707_fuerschj_126_assay	proteomic profiling by mass spectrometry	data-dependent acquisition	NT=label free sample;AC=MS:1002038	1	1	not available	NT=Trypsin;AC=MS:1001251	NT=Carbamidomethyl;AC=UNIMOD:4;TA=C;MT=Fixed	NT=Oxidation;AC=UNIMOD:21;TA=M;MT=Variable	not available	not available	NT=DSS;AC=XLMOD:02001	size exclusion chromatography (SEC)	not available	not available	not available	not available	F1707_fuerschj_126.raw	NT=ms-proteomics;VV=v1.1.0	NT=crosslinking;VV=v1.0.0
PXD026244_F1707_fuerschj_146	Saccharomyces cerevisiae	not available	not available	57	PXD026244_F1707_fuerschj_146_assay	proteomic profiling by mass spectrometry	data-dependent acquisition	NT=label free sample;AC=MS:1002038	1	1	not available	NT=Trypsin;AC=MS:1001251	NT=Carbamidomethyl;AC=UNIMOD:4;TA=C;MT=Fixed	NT=Oxidation;AC=UNIMOD:21;TA=M;MT=Variable	not available	not available	NT=DSS;AC=XLMOD:02001	size exclusion chromatography (SEC)	not available	not available	not available	not available	F1707_fuerschj_146.raw	NT=ms-proteomics;VV=v1.1.0	NT=crosslinking;VV=v1.0.0
PXD026244_F2011_fuerschj_300	Saccharomyces cerevisiae	not available	not available	58	PXD026244_F2011_fuerschj_300_assay	proteomic profiling by mass spectrometry	data-dependent acquisition	NT=label free sample;AC=MS:1002038	1	1	not available	NT=Trypsin;AC=MS:1001251	NT=Carbamidomethyl;AC=UNIMOD:4;TA=C;MT=Fixed	NT=Oxidation;AC=UNIMOD:21;TA=M;MT=Variable	not available	not available	NT=DSS;AC=XLMOD:02001	size exclusion chromatography (SEC)	not available	not available	not available	not available	F2011_fuerschj_300.raw	NT=ms-proteomics;VV=v1.1.0	NT=crosslinking;VV=v1.0.0
PXD026244_F1705_fuerschj_124	Saccharomyces cerevisiae	not available	not available	59	PXD026244_F1705_fuerschj_124_assay	proteomic profiling by mass spectrometry	data-dependent acquisition	NT=label free sample;AC=MS:1002038	1	1	not available	NT=Trypsin;AC=MS:1001251	NT=Carbamidomethyl;AC=UNIMOD:4;TA=C;MT=Fixed	NT=Oxidation;AC=UNIMOD:21;TA=M;MT=Variable	not available	not available	NT=DSS;AC=XLMOD:02001	size exclusion chromatography (SEC)	not available	not available	not available	not available	F1705_fuerschj_124.raw	NT=ms-proteomics;VV=v1.1.0	NT=crosslinking;VV=v1.0.0
PXD026244_F1804_voormannc_076	Saccharomyces cerevisiae	not available	not available	60	PXD026244_F1804_voormannc_076_assay	proteomic profiling by mass spectrometry	data-dependent acquisition	NT=label free sample;AC=MS:1002038	1	1	not available	NT=Trypsin;AC=MS:1001251	NT=Carbamidomethyl;AC=UNIMOD:4;TA=C;MT=Fixed	NT=Oxidation;AC=UNIMOD:21;TA=M;MT=Variable	not available	not available	NT=DSS;AC=XLMOD:02001	size exclusion chromatography (SEC)	not available	not available	not available	not available	F1804_voormannc_076.raw	NT=ms-proteomics;VV=v1.1.0	NT=crosslinking;VV=v1.0.0
PXD026244_F2011_fuerschj_117	Saccharomyces cerevisiae	not available	not available	61	PXD026244_F2011_fuerschj_117_assay	proteomic profiling by mass spectrometry	data-dependent acquisition	NT=label free sample;AC=MS:1002038	1	1	not available	NT=Trypsin;AC=MS:1001251	NT=Carbamidomethyl;AC=UNIMOD:4;TA=C;MT=Fixed	NT=Oxidation;AC=UNIMOD:21;TA=M;MT=Variable	not available	not available	NT=DSS;AC=XLMOD:02001	size exclusion chromatography (SEC)	not available	not available	not available	not available	F2011_fuerschj_117.raw	NT=ms-proteomics;VV=v1.1.0	NT=crosslinking;VV=v1.0.0
PXD026244_F2011_fuerschj_252	Saccharomyces cerevisiae	not available	not available	62	PXD026244_F2011_fuerschj_252_assay	proteomic profiling by mass spectrometry	data-dependent acquisition	NT=label free sample;AC=MS:1002038	1	1	not available	NT=Trypsin;AC=MS:1001251	NT=Carbamidomethyl;AC=UNIMOD:4;TA=C;MT=Fixed	NT=Oxidation;AC=UNIMOD:21;TA=M;MT=Variable	not available	not available	NT=DSS;AC=XLMOD:02001	size exclusion chromatography (SEC)	not available	not available	not available	not available	F2011_fuerschj_252.raw	NT=ms-proteomics;VV=v1.1.0	NT=crosslinking;VV=v1.0.0
PXD026244_F2011_fuerschj_146	Saccharomyces cerevisiae	not available	not available	63	PXD026244_F2011_fuerschj_146_assay	proteomic profiling by mass spectrometry	data-dependent acquisition	NT=label free sample;AC=MS:1002038	1	1	not available	NT=Trypsin;AC=MS:1001251	NT=Carbamidomethyl;AC=UNIMOD:4;TA=C;MT=Fixed	NT=Oxidation;AC=UNIMOD:21;TA=M;MT=Variable	not available	not available	NT=DSS;AC=XLMOD:02001	size exclusion chromatography (SEC)	not available	not available	not available	not available	F2011_fuerschj_146.raw	NT=ms-proteomics;VV=v1.1.0	NT=crosslinking;VV=v1.0.0
PXD026244_F1707_fuerschj_141	Saccharomyces cerevisiae	not available	not available	64	PXD026244_F1707_fuerschj_141_assay	proteomic profiling by mass spectrometry	data-dependent acquisition	NT=label free sample;AC=MS:1002038	1	1	not available	NT=Trypsin;AC=MS:1001251	NT=Carbamidomethyl;AC=UNIMOD:4;TA=C;MT=Fixed	NT=Oxidation;AC=UNIMOD:21;TA=M;MT=Variable	not available	not available	NT=DSS;AC=XLMOD:02001	size exclusion chromatography (SEC)	not available	not available	not available	not available	F1707_fuerschj_141.raw	NT=ms-proteomics;VV=v1.1.0	NT=crosslinking;VV=v1.0.0
PXD026244_F2104_fuerschj_274	Saccharomyces cerevisiae	not available	not available	65	PXD026244_F2104_fuerschj_274_assay	proteomic profiling by mass spectrometry	data-dependent acquisition	NT=label free sample;AC=MS:1002038	1	1	not available	NT=Trypsin;AC=MS:1001251	NT=Carbamidomethyl;AC=UNIMOD:4;TA=C;MT=Fixed	NT=Oxidation;AC=UNIMOD:21;TA=M;MT=Variable	not available	not available	NT=DSS;AC=XLMOD:02001	size exclusion chromatography (SEC)	not available	not available	not available	not available	F2104_fuerschj_274.raw	NT=ms-proteomics;VV=v1.1.0	NT=crosslinking;VV=v1.0.0
PXD026244_F2104_fuerschj_252	Saccharomyces cerevisiae	not available	not available	66	PXD026244_F2104_fuerschj_252_assay	proteomic profiling by mass spectrometry	data-dependent acquisition	NT=label free sample;AC=MS:1002038	1	1	not available	NT=Trypsin;AC=MS:1001251	NT=Carbamidomethyl;AC=UNIMOD:4;TA=C;MT=Fixed	NT=Oxidation;AC=UNIMOD:21;TA=M;MT=Variable	not available	not available	NT=DSS;AC=XLMOD:02001	size exclusion chromatography (SEC)	not available	not available	not available	not available	F2104_fuerschj_252.raw	NT=ms-proteomics;VV=v1.1.0	NT=crosslinking;VV=v1.0.0
PXD026244_F2011_fuerschj_144	Saccharomyces cerevisiae	not available	not available	67	PXD026244_F2011_fuerschj_144_assay	proteomic profiling by mass spectrometry	data-dependent acquisition	NT=label free sample;AC=MS:1002038	1	1	not available	NT=Trypsin;AC=MS:1001251	NT=Carbamidomethyl;AC=UNIMOD:4;TA=C;MT=Fixed	NT=Oxidation;AC=UNIMOD:21;TA=M;MT=Variable	not available	not available	NT=DSS;AC=XLMOD:02001	size exclusion chromatography (SEC)	not available	not available	not available	not available	F2011_fuerschj_144.raw	NT=ms-proteomics;VV=v1.1.0	NT=crosslinking;VV=v1.0.0
PXD026244_F2011_fuerschj_245	Saccharomyces cerevisiae	not available	not available	68	PXD026244_F2011_fuerschj_245_assay	proteomic profiling by mass spectrometry	data-dependent acquisition	NT=label free sample;AC=MS:1002038	1	1	not available	NT=Trypsin;AC=MS:1001251	NT=Carbamidomethyl;AC=UNIMOD:4;TA=C;MT=Fixed	NT=Oxidation;AC=UNIMOD:21;TA=M;MT=Variable	not available	not available	NT=DSS;AC=XLMOD:02001	size exclusion chromatography (SEC)	not available	not available	not available	not available	F2011_fuerschj_245.raw	NT=ms-proteomics;VV=v1.1.0	NT=crosslinking;VV=v1.0.0
PXD026244_F2104_fuerschj_270	Saccharomyces cerevisiae	not available	not available	69	PXD026244_F2104_fuerschj_270_assay	proteomic profiling by mass spectrometry	data-dependent acquisition	NT=label free sample;AC=MS:1002038	1	1	not available	NT=Trypsin;AC=MS:1001251	NT=Carbamidomethyl;AC=UNIMOD:4;TA=C;MT=Fixed	NT=Oxidation;AC=UNIMOD:21;TA=M;MT=Variable	not available	not available	NT=DSS;AC=XLMOD:02001	size exclusion chromatography (SEC)	not available	not available	not available	not available	F2104_fuerschj_270.raw	NT=ms-proteomics;VV=v1.1.0	NT=crosslinking;VV=v1.0.0
PXD026244_F2104_fuerschj_306	Saccharomyces cerevisiae	not available	not available	70	PXD026244_F2104_fuerschj_306_assay	proteomic profiling by mass spectrometry	data-dependent acquisition	NT=label free sample;AC=MS:1002038	1	1	not available	NT=Trypsin;AC=MS:1001251	NT=Carbamidomethyl;AC=UNIMOD:4;TA=C;MT=Fixed	NT=Oxidation;AC=UNIMOD:21;TA=M;MT=Variable	not available	not available	NT=DSS;AC=XLMOD:02001	size exclusion chromatography (SEC)	not available	not available	not available	not available	F2104_fuerschj_306.raw	NT=ms-proteomics;VV=v1.1.0	NT=crosslinking;VV=v1.0.0
PXD026244_F2011_fuerschj_127	Saccharomyces cerevisiae	not available	not available	71	PXD026244_F2011_fuerschj_127_assay	proteomic profiling by mass spectrometry	data-dependent acquisition	NT=label free sample;AC=MS:1002038	1	1	not available	NT=Trypsin;AC=MS:1001251	NT=Carbamidomethyl;AC=UNIMOD:4;TA=C;MT=Fixed	NT=Oxidation;AC=UNIMOD:21;TA=M;MT=Variable	not available	not available	NT=DSS;AC=XLMOD:02001	size exclusion chromatography (SEC)	not available	not available	not available	not available	F2011_fuerschj_127.raw	NT=ms-proteomics;VV=v1.1.0	NT=crosslinking;VV=v1.0.0
PXD026244_F1608_fuerschj_299	Saccharomyces cerevisiae	not available	not available	72	PXD026244_F1608_fuerschj_299_assay	proteomic profiling by mass spectrometry	data-dependent acquisition	NT=label free sample;AC=MS:1002038	1	1	not available	NT=Trypsin;AC=MS:1001251	NT=Carbamidomethyl;AC=UNIMOD:4;TA=C;MT=Fixed	NT=Oxidation;AC=UNIMOD:21;TA=M;MT=Variable	not available	not available	NT=DSS;AC=XLMOD:02001	size exclusion chromatography (SEC)	not available	not available	not available	not available	F1608_fuerschj_299.raw	NT=ms-proteomics;VV=v1.1.0	NT=crosslinking;VV=v1.0.0
PXD026244_F1705_fuerschj_213	Saccharomyces cerevisiae	not available	not available	73	PXD026244_F1705_fuerschj_213_assay	proteomic profiling by mass spectrometry	data-dependent acquisition	NT=label free sample;AC=MS:1002038	1	1	not available	NT=Trypsin;AC=MS:1001251	NT=Carbamidomethyl;AC=UNIMOD:4;TA=C;MT=Fixed	NT=Oxidation;AC=UNIMOD:21;TA=M;MT=Variable	not available	not available	NT=DSS;AC=XLMOD:02001	size exclusion chromatography (SEC)	not available	not available	not available	not available	F1705_fuerschj_213.raw	NT=ms-proteomics;VV=v1.1.0	NT=crosslinking;VV=v1.0.0
PXD026244_F1705_fuerschj_189	Saccharomyces cerevisiae	not available	not available	74	PXD026244_F1705_fuerschj_189_assay	proteomic profiling by mass spectrometry	data-dependent acquisition	NT=label free sample;AC=MS:1002038	1	1	not available	NT=Trypsin;AC=MS:1001251	NT=Carbamidomethyl;AC=UNIMOD:4;TA=C;MT=Fixed	NT=Oxidation;AC=UNIMOD:21;TA=M;MT=Variable	not available	not available	NT=DSS;AC=XLMOD:02001	size exclusion chromatography (SEC)	not available	not available	not available	not available	F1705_fuerschj_189.raw	NT=ms-proteomics;VV=v1.1.0	NT=crosslinking;VV=v1.0.0
PXD026244_F2011_fuerschj_285	Saccharomyces cerevisiae	not available	not available	75	PXD026244_F2011_fuerschj_285_assay	proteomic profiling by mass spectrometry	data-dependent acquisition	NT=label free sample;AC=MS:1002038	1	1	not available	NT=Trypsin;AC=MS:1001251	NT=Carbamidomethyl;AC=UNIMOD:4;TA=C;MT=Fixed	NT=Oxidation;AC=UNIMOD:21;TA=M;MT=Variable	not available	not available	NT=DSS;AC=XLMOD:02001	size exclusion chromatography (SEC)	not available	not available	not available	not available	F2011_fuerschj_285.raw	NT=ms-proteomics;VV=v1.1.0	NT=crosslinking;VV=v1.0.0
PXD026244_F2011_fuerschj_295	Saccharomyces cerevisiae	not available	not available	76	PXD026244_F2011_fuerschj_295_assay	proteomic profiling by mass spectrometry	data-dependent acquisition	NT=label free sample;AC=MS:1002038	1	1	not available	NT=Trypsin;AC=MS:1001251	NT=Carbamidomethyl;AC=UNIMOD:4;TA=C;MT=Fixed	NT=Oxidation;AC=UNIMOD:21;TA=M;MT=Variable	not available	not available	NT=DSS;AC=XLMOD:02001	size exclusion chromatography (SEC)	not available	not available	not available	not available	F2011_fuerschj_295.raw	NT=ms-proteomics;VV=v1.1.0	NT=crosslinking;VV=v1.0.0
PXD026244_F2011_fuerschj_137	Saccharomyces cerevisiae	not available	not available	77	PXD026244_F2011_fuerschj_137_assay	proteomic profiling by mass spectrometry	data-dependent acquisition	NT=label free sample;AC=MS:1002038	1	1	not available	NT=Trypsin;AC=MS:1001251	NT=Carbamidomethyl;AC=UNIMOD:4;TA=C;MT=Fixed	NT=Oxidation;AC=UNIMOD:21;TA=M;MT=Variable	not available	not available	NT=DSS;AC=XLMOD:02001	size exclusion chromatography (SEC)	not available	not available	not available	not available	F2011_fuerschj_137.raw	NT=ms-proteomics;VV=v1.1.0	NT=crosslinking;VV=v1.0.0
PXD026244_F2011_fuerschj_167	Saccharomyces cerevisiae	not available	not available	78	PXD026244_F2011_fuerschj_167_assay	proteomic profiling by mass spectrometry	data-dependent acquisition	NT=label free sample;AC=MS:1002038	1	1	not available	NT=Trypsin;AC=MS:1001251	NT=Carbamidomethyl;AC=UNIMOD:4;TA=C;MT=Fixed	NT=Oxidation;AC=UNIMOD:21;TA=M;MT=Variable	not available	not available	NT=DSS;AC=XLMOD:02001	size exclusion chromatography (SEC)	not available	not available	not available	not available	F2011_fuerschj_167.raw	NT=ms-proteomics;VV=v1.1.0	NT=crosslinking;VV=v1.0.0
PXD026244_F2104_fuerschj_269	Saccharomyces cerevisiae	not available	not available	79	PXD026244_F2104_fuerschj_269_assay	proteomic profiling by mass spectrometry	data-dependent acquisition	NT=label free sample;AC=MS:1002038	1	1	not available	NT=Trypsin;AC=MS:1001251	NT=Carbamidomethyl;AC=UNIMOD:4;TA=C;MT=Fixed	NT=Oxidation;AC=UNIMOD:21;TA=M;MT=Variable	not available	not available	NT=DSS;AC=XLMOD:02001	size exclusion chromatography (SEC)	not available	not available	not available	not available	F2104_fuerschj_269.raw	NT=ms-proteomics;VV=v1.1.0	NT=crosslinking;VV=v1.0.0
PXD026244_F2104_fuerschj_294	Saccharomyces cerevisiae	not available	not available	80	PXD026244_F2104_fuerschj_294_assay	proteomic profiling by mass spectrometry	data-dependent acquisition	NT=label free sample;AC=MS:1002038	1	1	not available	NT=Trypsin;AC=MS:1001251	NT=Carbamidomethyl;AC=UNIMOD:4;TA=C;MT=Fixed	NT=Oxidation;AC=UNIMOD:21;TA=M;MT=Variable	not available	not available	NT=DSS;AC=XLMOD:02001	size exclusion chromatography (SEC)	not available	not available	not available	not available	F2104_fuerschj_294.raw	NT=ms-proteomics;VV=v1.1.0	NT=crosslinking;VV=v1.0.0
PXD026244_F2011_fuerschj_102	Saccharomyces cerevisiae	not available	not available	81	PXD026244_F2011_fuerschj_102_assay	proteomic profiling by mass spectrometry	data-dependent acquisition	NT=label free sample;AC=MS:1002038	1	1	not available	NT=Trypsin;AC=MS:1001251	NT=Carbamidomethyl;AC=UNIMOD:4;TA=C;MT=Fixed	NT=Oxidation;AC=UNIMOD:21;TA=M;MT=Variable	not available	not available	NT=DSS;AC=XLMOD:02001	size exclusion chromatography (SEC)	not available	not available	not available	not available	F2011_fuerschj_102.raw	NT=ms-proteomics;VV=v1.1.0	NT=crosslinking;VV=v1.0.0
PXD026244_F2011_fuerschj_174	Saccharomyces cerevisiae	not available	not available	82	PXD026244_F2011_fuerschj_174_assay	proteomic profiling by mass spectrometry	data-dependent acquisition	NT=label free sample;AC=MS:1002038	1	1	not available	NT=Trypsin;AC=MS:1001251	NT=Carbamidomethyl;AC=UNIMOD:4;TA=C;MT=Fixed	NT=Oxidation;AC=UNIMOD:21;TA=M;MT=Variable	not available	not available	NT=DSS;AC=XLMOD:02001	size exclusion chromatography (SEC)	not available	not available	not available	not available	F2011_fuerschj_174.raw	NT=ms-proteomics;VV=v1.1.0	NT=crosslinking;VV=v1.0.0
PXD026244_F1705_fuerschj_122	Saccharomyces cerevisiae	not available	not available	83	PXD026244_F1705_fuerschj_122_assay	proteomic profiling by mass spectrometry	data-dependent acquisition	NT=label free sample;AC=MS:1002038	1	1	not available	NT=Trypsin;AC=MS:1001251	NT=Carbamidomethyl;AC=UNIMOD:4;TA=C;MT=Fixed	NT=Oxidation;AC=UNIMOD:21;TA=M;MT=Variable	not available	not available	NT=DSS;AC=XLMOD:02001	size exclusion chromatography (SEC)	not available	not available	not available	not available	F1705_fuerschj_122.raw	NT=ms-proteomics;VV=v1.1.0	NT=crosslinking;VV=v1.0.0
PXD026244_F1709_fuerschj_479	Saccharomyces cerevisiae	not available	not available	84	PXD026244_F1709_fuerschj_479_assay	proteomic profiling by mass spectrometry	data-dependent acquisition	NT=label free sample;AC=MS:1002038	1	1	not available	NT=Trypsin;AC=MS:1001251	NT=Carbamidomethyl;AC=UNIMOD:4;TA=C;MT=Fixed	NT=Oxidation;AC=UNIMOD:21;TA=M;MT=Variable	not available	not available	NT=DSS;AC=XLMOD:02001	size exclusion chromatography (SEC)	not available	not available	not available	not available	F1709_fuerschj_479.raw	NT=ms-proteomics;VV=v1.1.0	NT=crosslinking;VV=v1.0.0
PXD026244_F1709_fuerschj_326	Saccharomyces cerevisiae	not available	not available	85	PXD026244_F1709_fuerschj_326_assay	proteomic profiling by mass spectrometry	data-dependent acquisition	NT=label free sample;AC=MS:1002038	1	1	not available	NT=Trypsin;AC=MS:1001251	NT=Carbamidomethyl;AC=UNIMOD:4;TA=C;MT=Fixed	NT=Oxidation;AC=UNIMOD:21;TA=M;MT=Variable	not available	not available	NT=DSS;AC=XLMOD:02001	size exclusion chromatography (SEC)	not available	not available	not available	not available	F1709_fuerschj_326.raw	NT=ms-proteomics;VV=v1.1.0	NT=crosslinking;VV=v1.0.0
PXD026244_F1804_voormannc_073	Saccharomyces cerevisiae	not available	not available	86	PXD026244_F1804_voormannc_073_assay	proteomic profiling by mass spectrometry	data-dependent acquisition	NT=label free sample;AC=MS:1002038	1	1	not available	NT=Trypsin;AC=MS:1001251	NT=Carbamidomethyl;AC=UNIMOD:4;TA=C;MT=Fixed	NT=Oxidation;AC=UNIMOD:21;TA=M;MT=Variable	not available	not available	NT=DSS;AC=XLMOD:02001	size exclusion chromatography (SEC)	not available	not available	not available	not available	F1804_voormannc_073.raw	NT=ms-proteomics;VV=v1.1.0	NT=crosslinking;VV=v1.0.0
PXD026244_F2011_fuerschj_298	Saccharomyces cerevisiae	not available	not available	87	PXD026244_F2011_fuerschj_298_assay	proteomic profiling by mass spectrometry	data-dependent acquisition	NT=label free sample;AC=MS:1002038	1	1	not available	NT=Trypsin;AC=MS:1001251	NT=Carbamidomethyl;AC=UNIMOD:4;TA=C;MT=Fixed	NT=Oxidation;AC=UNIMOD:21;TA=M;MT=Variable	not available	not available	NT=DSS;AC=XLMOD:02001	size exclusion chromatography (SEC)	not available	not available	not available	not available	F2011_fuerschj_298.raw	NT=ms-proteomics;VV=v1.1.0	NT=crosslinking;VV=v1.0.0
PXD026244_F2011_fuerschj_188	Saccharomyces cerevisiae	not available	not available	88	PXD026244_F2011_fuerschj_188_assay	proteomic profiling by mass spectrometry	data-dependent acquisition	NT=label free sample;AC=MS:1002038	1	1	not available	NT=Trypsin;AC=MS:1001251	NT=Carbamidomethyl;AC=UNIMOD:4;TA=C;MT=Fixed	NT=Oxidation;AC=UNIMOD:21;TA=M;MT=Variable	not available	not available	NT=DSS;AC=XLMOD:02001	size exclusion chromatography (SEC)	not available	not available	not available	not available	F2011_fuerschj_188.raw	NT=ms-proteomics;VV=v1.1.0	NT=crosslinking;VV=v1.0.0
PXD026244_F1705_fuerschj_196	Saccharomyces cerevisiae	not available	not available	89	PXD026244_F1705_fuerschj_196_assay	proteomic profiling by mass spectrometry	data-dependent acquisition	NT=label free sample;AC=MS:1002038	1	1	not available	NT=Trypsin;AC=MS:1001251	NT=Carbamidomethyl;AC=UNIMOD:4;TA=C;MT=Fixed	NT=Oxidation;AC=UNIMOD:21;TA=M;MT=Variable	not available	not available	NT=DSS;AC=XLMOD:02001	size exclusion chromatography (SEC)	not available	not available	not available	not available	F1705_fuerschj_196.raw	NT=ms-proteomics;VV=v1.1.0	NT=crosslinking;VV=v1.0.0
PXD026244_F2011_fuerschj_190	Saccharomyces cerevisiae	not available	not available	90	PXD026244_F2011_fuerschj_190_assay	proteomic profiling by mass spectrometry	data-dependent acquisition	NT=label free sample;AC=MS:1002038	1	1	not available	NT=Trypsin;AC=MS:1001251	NT=Carbamidomethyl;AC=UNIMOD:4;TA=C;MT=Fixed	NT=Oxidation;AC=UNIMOD:21;TA=M;MT=Variable	not available	not available	NT=DSS;AC=XLMOD:02001	size exclusion chromatography (SEC)	not available	not available	not available	not available	F2011_fuerschj_190.raw	NT=ms-proteomics;VV=v1.1.0	NT=crosslinking;VV=v1.0.0
PXD026244_F2011_fuerschj_256	Saccharomyces cerevisiae	not available	not available	91	PXD026244_F2011_fuerschj_256_assay	proteomic profiling by mass spectrometry	data-dependent acquisition	NT=label free sample;AC=MS:1002038	1	1	not available	NT=Trypsin;AC=MS:1001251	NT=Carbamidomethyl;AC=UNIMOD:4;TA=C;MT=Fixed	NT=Oxidation;AC=UNIMOD:21;TA=M;MT=Variable	not available	not available	NT=DSS;AC=XLMOD:02001	size exclusion chromatography (SEC)	not available	not available	not available	not available	F2011_fuerschj_256.raw	NT=ms-proteomics;VV=v1.1.0	NT=crosslinking;VV=v1.0.0
PXD026244_F2011_fuerschj_149	Saccharomyces cerevisiae	not available	not available	92	PXD026244_F2011_fuerschj_149_assay	proteomic profiling by mass spectrometry	data-dependent acquisition	NT=label free sample;AC=MS:1002038	1	1	not available	NT=Trypsin;AC=MS:1001251	NT=Carbamidomethyl;AC=UNIMOD:4;TA=C;MT=Fixed	NT=Oxidation;AC=UNIMOD:21;TA=M;MT=Variable	not available	not available	NT=DSS;AC=XLMOD:02001	size exclusion chromatography (SEC)	not available	not available	not available	not available	F2011_fuerschj_149.raw	NT=ms-proteomics;VV=v1.1.0	NT=crosslinking;VV=v1.0.0
PXD026244_F1804_voormannc_079	Saccharomyces cerevisiae	not available	not available	93	PXD026244_F1804_voormannc_079_assay	proteomic profiling by mass spectrometry	data-dependent acquisition	NT=label free sample;AC=MS:1002038	1	1	not available	NT=Trypsin;AC=MS:1001251	NT=Carbamidomethyl;AC=UNIMOD:4;TA=C;MT=Fixed	NT=Oxidation;AC=UNIMOD:21;TA=M;MT=Variable	not available	not available	NT=DSS;AC=XLMOD:02001	size exclusion chromatography (SEC)	not available	not available	not available	not available	F1804_voormannc_079.raw	NT=ms-proteomics;VV=v1.1.0	NT=crosslinking;VV=v1.0.0
PXD026244_F1707_fuerschj_109	Saccharomyces cerevisiae	not available	not available	94	PXD026244_F1707_fuerschj_109_assay	proteomic profiling by mass spectrometry	data-dependent acquisition	NT=label free sample;AC=MS:1002038	1	1	not available	NT=Trypsin;AC=MS:1001251	NT=Carbamidomethyl;AC=UNIMOD:4;TA=C;MT=Fixed	NT=Oxidation;AC=UNIMOD:21;TA=M;MT=Variable	not available	not available	NT=DSS;AC=XLMOD:02001	size exclusion chromatography (SEC)	not available	not available	not available	not available	F1707_fuerschj_109.raw	NT=ms-proteomics;VV=v1.1.0	NT=crosslinking;VV=v1.0.0
PXD026244_F1705_fuerschj_057	Saccharomyces cerevisiae	not available	not available	95	PXD026244_F1705_fuerschj_057_assay	proteomic profiling by mass spectrometry	data-dependent acquisition	NT=label free sample;AC=MS:1002038	1	1	not available	NT=Trypsin;AC=MS:1001251	NT=Carbamidomethyl;AC=UNIMOD:4;TA=C;MT=Fixed	NT=Oxidation;AC=UNIMOD:21;TA=M;MT=Variable	not available	not available	NT=DSS;AC=XLMOD:02001	size exclusion chromatography (SEC)	not available	not available	not available	not available	F1705_fuerschj_057.raw	NT=ms-proteomics;VV=v1.1.0	NT=crosslinking;VV=v1.0.0
PXD026244_F1707_fuerschj_136	Saccharomyces cerevisiae	not available	not available	96	PXD026244_F1707_fuerschj_136_assay	proteomic profiling by mass spectrometry	data-dependent acquisition	NT=label free sample;AC=MS:1002038	1	1	not available	NT=Trypsin;AC=MS:1001251	NT=Carbamidomethyl;AC=UNIMOD:4;TA=C;MT=Fixed	NT=Oxidation;AC=UNIMOD:21;TA=M;MT=Variable	not available	not available	NT=DSS;AC=XLMOD:02001	size exclusion chromatography (SEC)	not available	not available	not available	not available	F1707_fuerschj_136.raw	NT=ms-proteomics;VV=v1.1.0	NT=crosslinking;VV=v1.0.0
PXD026244_F2011_fuerschj_286	Saccharomyces cerevisiae	not available	not available	97	PXD026244_F2011_fuerschj_286_assay	proteomic profiling by mass spectrometry	data-dependent acquisition	NT=label free sample;AC=MS:1002038	1	1	not available	NT=Trypsin;AC=MS:1001251	NT=Carbamidomethyl;AC=UNIMOD:4;TA=C;MT=Fixed	NT=Oxidation;AC=UNIMOD:21;TA=M;MT=Variable	not available	not available	NT=DSS;AC=XLMOD:02001	size exclusion chromatography (SEC)	not available	not available	not available	not available	F2011_fuerschj_286.raw	NT=ms-proteomics;VV=v1.1.0	NT=crosslinking;VV=v1.0.0
PXD026244_F1709_fuerschj_335	Saccharomyces cerevisiae	not available	not available	98	PXD026244_F1709_fuerschj_335_assay	proteomic profiling by mass spectrometry	data-dependent acquisition	NT=label free sample;AC=MS:1002038	1	1	not available	NT=Trypsin;AC=MS:1001251	NT=Carbamidomethyl;AC=UNIMOD:4;TA=C;MT=Fixed	NT=Oxidation;AC=UNIMOD:21;TA=M;MT=Variable	not available	not available	NT=DSS;AC=XLMOD:02001	size exclusion chromatography (SEC)	not available	not available	not available	not available	F1709_fuerschj_335.raw	NT=ms-proteomics;VV=v1.1.0	NT=crosslinking;VV=v1.0.0
PXD026244_F2011_fuerschj_147	Saccharomyces cerevisiae	not available	not available	99	PXD026244_F2011_fuerschj_147_assay	proteomic profiling by mass spectrometry	data-dependent acquisition	NT=label free sample;AC=MS:1002038	1	1	not available	NT=Trypsin;AC=MS:1001251	NT=Carbamidomethyl;AC=UNIMOD:4;TA=C;MT=Fixed	NT=Oxidation;AC=UNIMOD:21;TA=M;MT=Variable	not available	not available	NT=DSS;AC=XLMOD:02001	size exclusion chromatography (SEC)	not available	not available	not available	not available	F2011_fuerschj_147.raw	NT=ms-proteomics;VV=v1.1.0	NT=crosslinking;VV=v1.0.0
PXD026244_F2011_fuerschj_151	Saccharomyces cerevisiae	not available	not available	100	PXD026244_F2011_fuerschj_151_assay	proteomic profiling by mass spectrometry	data-dependent acquisition	NT=label free sample;AC=MS:1002038	1	1	not available	NT=Trypsin;AC=MS:1001251	NT=Carbamidomethyl;AC=UNIMOD:4;TA=C;MT=Fixed	NT=Oxidation;AC=UNIMOD:21;TA=M;MT=Variable	not available	not available	NT=DSS;AC=XLMOD:02001	size exclusion chromatography (SEC)	not available	not available	not available	not available	F2011_fuerschj_151.raw	NT=ms-proteomics;VV=v1.1.0	NT=crosslinking;VV=v1.0.0
PXD026244_F2011_fuerschj_162	Saccharomyces cerevisiae	not available	not available	101	PXD026244_F2011_fuerschj_162_assay	proteomic profiling by mass spectrometry	data-dependent acquisition	NT=label free sample;AC=MS:1002038	1	1	not available	NT=Trypsin;AC=MS:1001251	NT=Carbamidomethyl;AC=UNIMOD:4;TA=C;MT=Fixed	NT=Oxidation;AC=UNIMOD:21;TA=M;MT=Variable	not available	not available	NT=DSS;AC=XLMOD:02001	size exclusion chromatography (SEC)	not available	not available	not available	not available	F2011_fuerschj_162.raw	NT=ms-proteomics;VV=v1.1.0	NT=crosslinking;VV=v1.0.0
PXD026244_F1709_fuerschj_334	Saccharomyces cerevisiae	not available	not available	102	PXD026244_F1709_fuerschj_334_assay	proteomic profiling by mass spectrometry	data-dependent acquisition	NT=label free sample;AC=MS:1002038	1	1	not available	NT=Trypsin;AC=MS:1001251	NT=Carbamidomethyl;AC=UNIMOD:4;TA=C;MT=Fixed	NT=Oxidation;AC=UNIMOD:21;TA=M;MT=Variable	not available	not available	NT=DSS;AC=XLMOD:02001	size exclusion chromatography (SEC)	not available	not available	not available	not available	F1709_fuerschj_334.raw	NT=ms-proteomics;VV=v1.1.0	NT=crosslinking;VV=v1.0.0
PXD026244_F1709_fuerschj_336	Saccharomyces cerevisiae	not available	not available	103	PXD026244_F1709_fuerschj_336_assay	proteomic profiling by mass spectrometry	data-dependent acquisition	NT=label free sample;AC=MS:1002038	1	1	not available	NT=Trypsin;AC=MS:1001251	NT=Carbamidomethyl;AC=UNIMOD:4;TA=C;MT=Fixed	NT=Oxidation;AC=UNIMOD:21;TA=M;MT=Variable	not available	not available	NT=DSS;AC=XLMOD:02001	size exclusion chromatography (SEC)	not available	not available	not available	not available	F1709_fuerschj_336.raw	NT=ms-proteomics;VV=v1.1.0	NT=crosslinking;VV=v1.0.0
PXD026244_F1705_fuerschj_042	Saccharomyces cerevisiae	not available	not available	104	PXD026244_F1705_fuerschj_042_assay	proteomic profiling by mass spectrometry	data-dependent acquisition	NT=label free sample;AC=MS:1002038	1	1	not available	NT=Trypsin;AC=MS:1001251	NT=Carbamidomethyl;AC=UNIMOD:4;TA=C;MT=Fixed	NT=Oxidation;AC=UNIMOD:21;TA=M;MT=Variable	not available	not available	NT=DSS;AC=XLMOD:02001	size exclusion chromatography (SEC)	not available	not available	not available	not available	F1705_fuerschj_042.raw	NT=ms-proteomics;VV=v1.1.0	NT=crosslinking;VV=v1.0.0
PXD026244_F1709_fuerschj_317	Saccharomyces cerevisiae	not available	not available	105	PXD026244_F1709_fuerschj_317_assay	proteomic profiling by mass spectrometry	data-dependent acquisition	NT=label free sample;AC=MS:1002038	1	1	not available	NT=Trypsin;AC=MS:1001251	NT=Carbamidomethyl;AC=UNIMOD:4;TA=C;MT=Fixed	NT=Oxidation;AC=UNIMOD:21;TA=M;MT=Variable	not available	not available	NT=DSS;AC=XLMOD:02001	size exclusion chromatography (SEC)	not available	not available	not available	not available	F1709_fuerschj_317.raw	NT=ms-proteomics;VV=v1.1.0	NT=crosslinking;VV=v1.0.0
PXD026244_F2011_fuerschj_186	Saccharomyces cerevisiae	not available	not available	106	PXD026244_F2011_fuerschj_186_assay	proteomic profiling by mass spectrometry	data-dependent acquisition	NT=label free sample;AC=MS:1002038	1	1	not available	NT=Trypsin;AC=MS:1001251	NT=Carbamidomethyl;AC=UNIMOD:4;TA=C;MT=Fixed	NT=Oxidation;AC=UNIMOD:21;TA=M;MT=Variable	not available	not available	NT=DSS;AC=XLMOD:02001	size exclusion chromatography (SEC)	not available	not available	not available	not available	F2011_fuerschj_186.raw	NT=ms-proteomics;VV=v1.1.0	NT=crosslinking;VV=v1.0.0
PXD026244_F1608_fuerschj_298	Saccharomyces cerevisiae	not available	not available	107	PXD026244_F1608_fuerschj_298_assay	proteomic profiling by mass spectrometry	data-dependent acquisition	NT=label free sample;AC=MS:1002038	1	1	not available	NT=Trypsin;AC=MS:1001251	NT=Carbamidomethyl;AC=UNIMOD:4;TA=C;MT=Fixed	NT=Oxidation;AC=UNIMOD:21;TA=M;MT=Variable	not available	not available	NT=DSS;AC=XLMOD:02001	size exclusion chromatography (SEC)	not available	not available	not available	not available	F1608_fuerschj_298.raw	NT=ms-proteomics;VV=v1.1.0	NT=crosslinking;VV=v1.0.0
PXD026244_F2011_fuerschj_180	Saccharomyces cerevisiae	not available	not available	108	PXD026244_F2011_fuerschj_180_assay	proteomic profiling by mass spectrometry	data-dependent acquisition	NT=label free sample;AC=MS:1002038	1	1	not available	NT=Trypsin;AC=MS:1001251	NT=Carbamidomethyl;AC=UNIMOD:4;TA=C;MT=Fixed	NT=Oxidation;AC=UNIMOD:21;TA=M;MT=Variable	not available	not available	NT=DSS;AC=XLMOD:02001	size exclusion chromatography (SEC)	not available	not available	not available	not available	F2011_fuerschj_180.raw	NT=ms-proteomics;VV=v1.1.0	NT=crosslinking;VV=v1.0.0
PXD026244_F2011_fuerschj_193	Saccharomyces cerevisiae	not available	not available	109	PXD026244_F2011_fuerschj_193_assay	proteomic profiling by mass spectrometry	data-dependent acquisition	NT=label free sample;AC=MS:1002038	1	1	not available	NT=Trypsin;AC=MS:1001251	NT=Carbamidomethyl;AC=UNIMOD:4;TA=C;MT=Fixed	NT=Oxidation;AC=UNIMOD:21;TA=M;MT=Variable	not available	not available	NT=DSS;AC=XLMOD:02001	size exclusion chromatography (SEC)	not available	not available	not available	not available	F2011_fuerschj_193.raw	NT=ms-proteomics;VV=v1.1.0	NT=crosslinking;VV=v1.0.0
PXD026244_F1709_fuerschj_483	Saccharomyces cerevisiae	not available	not available	110	PXD026244_F1709_fuerschj_483_assay	proteomic profiling by mass spectrometry	data-dependent acquisition	NT=label free sample;AC=MS:1002038	1	1	not available	NT=Trypsin;AC=MS:1001251	NT=Carbamidomethyl;AC=UNIMOD:4;TA=C;MT=Fixed	NT=Oxidation;AC=UNIMOD:21;TA=M;MT=Variable	not available	not available	NT=DSS;AC=XLMOD:02001	size exclusion chromatography (SEC)	not available	not available	not available	not available	F1709_fuerschj_483.raw	NT=ms-proteomics;VV=v1.1.0	NT=crosslinking;VV=v1.0.0
PXD026244_F1707_fuerschj_131	Saccharomyces cerevisiae	not available	not available	111	PXD026244_F1707_fuerschj_131_assay	proteomic profiling by mass spectrometry	data-dependent acquisition	NT=label free sample;AC=MS:1002038	1	1	not available	NT=Trypsin;AC=MS:1001251	NT=Carbamidomethyl;AC=UNIMOD:4;TA=C;MT=Fixed	NT=Oxidation;AC=UNIMOD:21;TA=M;MT=Variable	not available	not available	NT=DSS;AC=XLMOD:02001	size exclusion chromatography (SEC)	not available	not available	not available	not available	F1707_fuerschj_131.raw	NT=ms-proteomics;VV=v1.1.0	NT=crosslinking;VV=v1.0.0
PXD026244_F1705_fuerschj_060	Saccharomyces cerevisiae	not available	not available	112	PXD026244_F1705_fuerschj_060_assay	proteomic profiling by mass spectrometry	data-dependent acquisition	NT=label free sample;AC=MS:1002038	1	1	not available	NT=Trypsin;AC=MS:1001251	NT=Carbamidomethyl;AC=UNIMOD:4;TA=C;MT=Fixed	NT=Oxidation;AC=UNIMOD:21;TA=M;MT=Variable	not available	not available	NT=DSS;AC=XLMOD:02001	size exclusion chromatography (SEC)	not available	not available	not available	not available	F1705_fuerschj_060.raw	NT=ms-proteomics;VV=v1.1.0	NT=crosslinking;VV=v1.0.0
PXD026244_F1608_fuerschj_296	Saccharomyces cerevisiae	not available	not available	113	PXD026244_F1608_fuerschj_296_assay	proteomic profiling by mass spectrometry	data-dependent acquisition	NT=label free sample;AC=MS:1002038	1	1	not available	NT=Trypsin;AC=MS:1001251	NT=Carbamidomethyl;AC=UNIMOD:4;TA=C;MT=Fixed	NT=Oxidation;AC=UNIMOD:21;TA=M;MT=Variable	not available	not available	NT=DSS;AC=XLMOD:02001	size exclusion chromatography (SEC)	not available	not available	not available	not available	F1608_fuerschj_296.raw	NT=ms-proteomics;VV=v1.1.0	NT=crosslinking;VV=v1.0.0
PXD026244_F1705_fuerschj_150	Saccharomyces cerevisiae	not available	not available	114	PXD026244_F1705_fuerschj_150_assay	proteomic profiling by mass spectrometry	data-dependent acquisition	NT=label free sample;AC=MS:1002038	1	1	not available	NT=Trypsin;AC=MS:1001251	NT=Carbamidomethyl;AC=UNIMOD:4;TA=C;MT=Fixed	NT=Oxidation;AC=UNIMOD:21;TA=M;MT=Variable	not available	not available	NT=DSS;AC=XLMOD:02001	size exclusion chromatography (SEC)	not available	not available	not available	not available	F1705_fuerschj_150.raw	NT=ms-proteomics;VV=v1.1.0	NT=crosslinking;VV=v1.0.0
PXD026244_F1709_fuerschj_484	Saccharomyces cerevisiae	not available	not available	115	PXD026244_F1709_fuerschj_484_assay	proteomic profiling by mass spectrometry	data-dependent acquisition	NT=label free sample;AC=MS:1002038	1	1	not available	NT=Trypsin;AC=MS:1001251	NT=Carbamidomethyl;AC=UNIMOD:4;TA=C;MT=Fixed	NT=Oxidation;AC=UNIMOD:21;TA=M;MT=Variable	not available	not available	NT=DSS;AC=XLMOD:02001	size exclusion chromatography (SEC)	not available	not available	not available	not available	F1709_fuerschj_484.raw	NT=ms-proteomics;VV=v1.1.0	NT=crosslinking;VV=v1.0.0
PXD026244_F2104_fuerschj_265	Saccharomyces cerevisiae	not available	not available	116	PXD026244_F2104_fuerschj_265_assay	proteomic profiling by mass spectrometry	data-dependent acquisition	NT=label free sample;AC=MS:1002038	1	1	not available	NT=Trypsin;AC=MS:1001251	NT=Carbamidomethyl;AC=UNIMOD:4;TA=C;MT=Fixed	NT=Oxidation;AC=UNIMOD:21;TA=M;MT=Variable	not available	not available	NT=DSS;AC=XLMOD:02001	size exclusion chromatography (SEC)	not available	not available	not available	not available	F2104_fuerschj_265.raw	NT=ms-proteomics;VV=v1.1.0	NT=crosslinking;VV=v1.0.0
PXD026244_F1705_fuerschj_193	Saccharomyces cerevisiae	not available	not available	117	PXD026244_F1705_fuerschj_193_assay	proteomic profiling by mass spectrometry	data-dependent acquisition	NT=label free sample;AC=MS:1002038	1	1	not available	NT=Trypsin;AC=MS:1001251	NT=Carbamidomethyl;AC=UNIMOD:4;TA=C;MT=Fixed	NT=Oxidation;AC=UNIMOD:21;TA=M;MT=Variable	not available	not available	NT=DSS;AC=XLMOD:02001	size exclusion chromatography (SEC)	not available	not available	not available	not available	F1705_fuerschj_193.raw	NT=ms-proteomics;VV=v1.1.0	NT=crosslinking;VV=v1.0.0
PXD026244_F2103_fuerschj_067	Saccharomyces cerevisiae	not available	not available	118	PXD026244_F2103_fuerschj_067_assay	proteomic profiling by mass spectrometry	data-dependent acquisition	NT=label free sample;AC=MS:1002038	1	1	not available	NT=Trypsin;AC=MS:1001251	NT=Carbamidomethyl;AC=UNIMOD:4;TA=C;MT=Fixed	NT=Oxidation;AC=UNIMOD:21;TA=M;MT=Variable	not available	not available	NT=DSS;AC=XLMOD:02001	size exclusion chromatography (SEC)	not available	not available	not available	not available	F2103_fuerschj_067.raw	NT=ms-proteomics;VV=v1.1.0	NT=crosslinking;VV=v1.0.0
PXD026244_F2011_fuerschj_106	Saccharomyces cerevisiae	not available	not available	119	PXD026244_F2011_fuerschj_106_assay	proteomic profiling by mass spectrometry	data-dependent acquisition	NT=label free sample;AC=MS:1002038	1	1	not available	NT=Trypsin;AC=MS:1001251	NT=Carbamidomethyl;AC=UNIMOD:4;TA=C;MT=Fixed	NT=Oxidation;AC=UNIMOD:21;TA=M;MT=Variable	not available	not available	NT=DSS;AC=XLMOD:02001	size exclusion chromatography (SEC)	not available	not available	not available	not available	F2011_fuerschj_106.raw	NT=ms-proteomics;VV=v1.1.0	NT=crosslinking;VV=v1.0.0
PXD026244_F2104_fuerschj_278	Saccharomyces cerevisiae	not available	not available	120	PXD026244_F2104_fuerschj_278_assay	proteomic profiling by mass spectrometry	data-dependent acquisition	NT=label free sample;AC=MS:1002038	1	1	not available	NT=Trypsin;AC=MS:1001251	NT=Carbamidomethyl;AC=UNIMOD:4;TA=C;MT=Fixed	NT=Oxidation;AC=UNIMOD:21;TA=M;MT=Variable	not available	not available	NT=DSS;AC=XLMOD:02001	size exclusion chromatography (SEC)	not available	not available	not available	not available	F2104_fuerschj_278.raw	NT=ms-proteomics;VV=v1.1.0	NT=crosslinking;VV=v1.0.0
PXD026244_F2104_fuerschj_262	Saccharomyces cerevisiae	not available	not available	121	PXD026244_F2104_fuerschj_262_assay	proteomic profiling by mass spectrometry	data-dependent acquisition	NT=label free sample;AC=MS:1002038	1	1	not available	NT=Trypsin;AC=MS:1001251	NT=Carbamidomethyl;AC=UNIMOD:4;TA=C;MT=Fixed	NT=Oxidation;AC=UNIMOD:21;TA=M;MT=Variable	not available	not available	NT=DSS;AC=XLMOD:02001	size exclusion chromatography (SEC)	not available	not available	not available	not available	F2104_fuerschj_262.raw	NT=ms-proteomics;VV=v1.1.0	NT=crosslinking;VV=v1.0.0
PXD026244_F1707_fuerschj_125	Saccharomyces cerevisiae	not available	not available	122	PXD026244_F1707_fuerschj_125_assay	proteomic profiling by mass spectrometry	data-dependent acquisition	NT=label free sample;AC=MS:1002038	1	1	not available	NT=Trypsin;AC=MS:1001251	NT=Carbamidomethyl;AC=UNIMOD:4;TA=C;MT=Fixed	NT=Oxidation;AC=UNIMOD:21;TA=M;MT=Variable	not available	not available	NT=DSS;AC=XLMOD:02001	size exclusion chromatography (SEC)	not available	not available	not available	not available	F1707_fuerschj_125.raw	NT=ms-proteomics;VV=v1.1.0	NT=crosslinking;VV=v1.0.0
PXD026244_F2104_fuerschj_258	Saccharomyces cerevisiae	not available	not available	123	PXD026244_F2104_fuerschj_258_assay	proteomic profiling by mass spectrometry	data-dependent acquisition	NT=label free sample;AC=MS:1002038	1	1	not available	NT=Trypsin;AC=MS:1001251	NT=Carbamidomethyl;AC=UNIMOD:4;TA=C;MT=Fixed	NT=Oxidation;AC=UNIMOD:21;TA=M;MT=Variable	not available	not available	NT=DSS;AC=XLMOD:02001	size exclusion chromatography (SEC)	not available	not available	not available	not available	F2104_fuerschj_258.raw	NT=ms-proteomics;VV=v1.1.0	NT=crosslinking;VV=v1.0.0
PXD026244_F2011_fuerschj_270	Saccharomyces cerevisiae	not available	not available	124	PXD026244_F2011_fuerschj_270_assay	proteomic profiling by mass spectrometry	data-dependent acquisition	NT=label free sample;AC=MS:1002038	1	1	not available	NT=Trypsin;AC=MS:1001251	NT=Carbamidomethyl;AC=UNIMOD:4;TA=C;MT=Fixed	NT=Oxidation;AC=UNIMOD:21;TA=M;MT=Variable	not available	not available	NT=DSS;AC=XLMOD:02001	size exclusion chromatography (SEC)	not available	not available	not available	not available	F2011_fuerschj_270.raw	NT=ms-proteomics;VV=v1.1.0	NT=crosslinking;VV=v1.0.0
PXD026244_F2011_fuerschj_138	Saccharomyces cerevisiae	not available	not available	125	PXD026244_F2011_fuerschj_138_assay	proteomic profiling by mass spectrometry	data-dependent acquisition	NT=label free sample;AC=MS:1002038	1	1	not available	NT=Trypsin;AC=MS:1001251	NT=Carbamidomethyl;AC=UNIMOD:4;TA=C;MT=Fixed	NT=Oxidation;AC=UNIMOD:21;TA=M;MT=Variable	not available	not available	NT=DSS;AC=XLMOD:02001	size exclusion chromatography (SEC)	not available	not available	not available	not available	F2011_fuerschj_138.raw	NT=ms-proteomics;VV=v1.1.0	NT=crosslinking;VV=v1.0.0
PXD026244_F2011_fuerschj_191	Saccharomyces cerevisiae	not available	not available	126	PXD026244_F2011_fuerschj_191_assay	proteomic profiling by mass spectrometry	data-dependent acquisition	NT=label free sample;AC=MS:1002038	1	1	not available	NT=Trypsin;AC=MS:1001251	NT=Carbamidomethyl;AC=UNIMOD:4;TA=C;MT=Fixed	NT=Oxidation;AC=UNIMOD:21;TA=M;MT=Variable	not available	not available	NT=DSS;AC=XLMOD:02001	size exclusion chromatography (SEC)	not available	not available	not available	not available	F2011_fuerschj_191.raw	NT=ms-proteomics;VV=v1.1.0	NT=crosslinking;VV=v1.0.0
PXD026244_F2104_fuerschj_266	Saccharomyces cerevisiae	not available	not available	127	PXD026244_F2104_fuerschj_266_assay	proteomic profiling by mass spectrometry	data-dependent acquisition	NT=label free sample;AC=MS:1002038	1	1	not available	NT=Trypsin;AC=MS:1001251	NT=Carbamidomethyl;AC=UNIMOD:4;TA=C;MT=Fixed	NT=Oxidation;AC=UNIMOD:21;TA=M;MT=Variable	not available	not available	NT=DSS;AC=XLMOD:02001	size exclusion chromatography (SEC)	not available	not available	not available	not available	F2104_fuerschj_266.raw	NT=ms-proteomics;VV=v1.1.0	NT=crosslinking;VV=v1.0.0
PXD026244_F2011_fuerschj_294	Saccharomyces cerevisiae	not available	not available	128	PXD026244_F2011_fuerschj_294_assay	proteomic profiling by mass spectrometry	data-dependent acquisition	NT=label free sample;AC=MS:1002038	1	1	not available	NT=Trypsin;AC=MS:1001251	NT=Carbamidomethyl;AC=UNIMOD:4;TA=C;MT=Fixed	NT=Oxidation;AC=UNIMOD:21;TA=M;MT=Variable	not available	not available	NT=DSS;AC=XLMOD:02001	size exclusion chromatography (SEC)	not available	not available	not available	not available	F2011_fuerschj_294.raw	NT=ms-proteomics;VV=v1.1.0	NT=crosslinking;VV=v1.0.0
PXD026244_F2011_fuerschj_260	Saccharomyces cerevisiae	not available	not available	129	PXD026244_F2011_fuerschj_260_assay	proteomic profiling by mass spectrometry	data-dependent acquisition	NT=label free sample;AC=MS:1002038	1	1	not available	NT=Trypsin;AC=MS:1001251	NT=Carbamidomethyl;AC=UNIMOD:4;TA=C;MT=Fixed	NT=Oxidation;AC=UNIMOD:21;TA=M;MT=Variable	not available	not available	NT=DSS;AC=XLMOD:02001	size exclusion chromatography (SEC)	not available	not available	not available	not available	F2011_fuerschj_260.raw	NT=ms-proteomics;VV=v1.1.0	NT=crosslinking;VV=v1.0.0
PXD026244_F1601_fuerschj_112	Saccharomyces cerevisiae	not available	not available	130	PXD026244_F1601_fuerschj_112_assay	proteomic profiling by mass spectrometry	data-dependent acquisition	NT=label free sample;AC=MS:1002038	1	1	not available	NT=Trypsin;AC=MS:1001251	NT=Carbamidomethyl;AC=UNIMOD:4;TA=C;MT=Fixed	NT=Oxidation;AC=UNIMOD:21;TA=M;MT=Variable	not available	not available	NT=DSS;AC=XLMOD:02001	size exclusion chromatography (SEC)	not available	not available	not available	not available	F1601_fuerschj_112.raw	NT=ms-proteomics;VV=v1.1.0	NT=crosslinking;VV=v1.0.0
PXD026244_F2011_fuerschj_246	Saccharomyces cerevisiae	not available	not available	131	PXD026244_F2011_fuerschj_246_assay	proteomic profiling by mass spectrometry	data-dependent acquisition	NT=label free sample;AC=MS:1002038	1	1	not available	NT=Trypsin;AC=MS:1001251	NT=Carbamidomethyl;AC=UNIMOD:4;TA=C;MT=Fixed	NT=Oxidation;AC=UNIMOD:21;TA=M;MT=Variable	not available	not available	NT=DSS;AC=XLMOD:02001	size exclusion chromatography (SEC)	not available	not available	not available	not available	F2011_fuerschj_246.raw	NT=ms-proteomics;VV=v1.1.0	NT=crosslinking;VV=v1.0.0
PXD026244_F1705_fuerschj_154	Saccharomyces cerevisiae	not available	not available	132	PXD026244_F1705_fuerschj_154_assay	proteomic profiling by mass spectrometry	data-dependent acquisition	NT=label free sample;AC=MS:1002038	1	1	not available	NT=Trypsin;AC=MS:1001251	NT=Carbamidomethyl;AC=UNIMOD:4;TA=C;MT=Fixed	NT=Oxidation;AC=UNIMOD:21;TA=M;MT=Variable	not available	not available	NT=DSS;AC=XLMOD:02001	size exclusion chromatography (SEC)	not available	not available	not available	not available	F1705_fuerschj_154.raw	NT=ms-proteomics;VV=v1.1.0	NT=crosslinking;VV=v1.0.0
PXD026244_F2011_fuerschj_099	Saccharomyces cerevisiae	not available	not available	133	PXD026244_F2011_fuerschj_099_assay	proteomic profiling by mass spectrometry	data-dependent acquisition	NT=label free sample;AC=MS:1002038	1	1	not available	NT=Trypsin;AC=MS:1001251	NT=Carbamidomethyl;AC=UNIMOD:4;TA=C;MT=Fixed	NT=Oxidation;AC=UNIMOD:21;TA=M;MT=Variable	not available	not available	NT=DSS;AC=XLMOD:02001	size exclusion chromatography (SEC)	not available	not available	not available	not available	F2011_fuerschj_099.raw	NT=ms-proteomics;VV=v1.1.0	NT=crosslinking;VV=v1.0.0
PXD026244_F2011_fuerschj_189	Saccharomyces cerevisiae	not available	not available	134	PXD026244_F2011_fuerschj_189_assay	proteomic profiling by mass spectrometry	data-dependent acquisition	NT=label free sample;AC=MS:1002038	1	1	not available	NT=Trypsin;AC=MS:1001251	NT=Carbamidomethyl;AC=UNIMOD:4;TA=C;MT=Fixed	NT=Oxidation;AC=UNIMOD:21;TA=M;MT=Variable	not available	not available	NT=DSS;AC=XLMOD:02001	size exclusion chromatography (SEC)	not available	not available	not available	not available	F2011_fuerschj_189.raw	NT=ms-proteomics;VV=v1.1.0	NT=crosslinking;VV=v1.0.0
PXD026244_F2011_fuerschj_297	Saccharomyces cerevisiae	not available	not available	135	PXD026244_F2011_fuerschj_297_assay	proteomic profiling by mass spectrometry	data-dependent acquisition	NT=label free sample;AC=MS:1002038	1	1	not available	NT=Trypsin;AC=MS:1001251	NT=Carbamidomethyl;AC=UNIMOD:4;TA=C;MT=Fixed	NT=Oxidation;AC=UNIMOD:21;TA=M;MT=Variable	not available	not available	NT=DSS;AC=XLMOD:02001	size exclusion chromatography (SEC)	not available	not available	not available	not available	F2011_fuerschj_297.raw	NT=ms-proteomics;VV=v1.1.0	NT=crosslinking;VV=v1.0.0
PXD026244_F2104_fuerschj_249	Saccharomyces cerevisiae	not available	not available	136	PXD026244_F2104_fuerschj_249_assay	proteomic profiling by mass spectrometry	data-dependent acquisition	NT=label free sample;AC=MS:1002038	1	1	not available	NT=Trypsin;AC=MS:1001251	NT=Carbamidomethyl;AC=UNIMOD:4;TA=C;MT=Fixed	NT=Oxidation;AC=UNIMOD:21;TA=M;MT=Variable	not available	not available	NT=DSS;AC=XLMOD:02001	size exclusion chromatography (SEC)	not available	not available	not available	not available	F2104_fuerschj_249.raw	NT=ms-proteomics;VV=v1.1.0	NT=crosslinking;VV=v1.0.0
PXD026244_F1707_fuerschj_147	Saccharomyces cerevisiae	not available	not available	137	PXD026244_F1707_fuerschj_147_assay	proteomic profiling by mass spectrometry	data-dependent acquisition	NT=label free sample;AC=MS:1002038	1	1	not available	NT=Trypsin;AC=MS:1001251	NT=Carbamidomethyl;AC=UNIMOD:4;TA=C;MT=Fixed	NT=Oxidation;AC=UNIMOD:21;TA=M;MT=Variable	not available	not available	NT=DSS;AC=XLMOD:02001	size exclusion chromatography (SEC)	not available	not available	not available	not available	F1707_fuerschj_147.raw	NT=ms-proteomics;VV=v1.1.0	NT=crosslinking;VV=v1.0.0
PXD026244_F2011_fuerschj_135	Saccharomyces cerevisiae	not available	not available	138	PXD026244_F2011_fuerschj_135_assay	proteomic profiling by mass spectrometry	data-dependent acquisition	NT=label free sample;AC=MS:1002038	1	1	not available	NT=Trypsin;AC=MS:1001251	NT=Carbamidomethyl;AC=UNIMOD:4;TA=C;MT=Fixed	NT=Oxidation;AC=UNIMOD:21;TA=M;MT=Variable	not available	not available	NT=DSS;AC=XLMOD:02001	size exclusion chromatography (SEC)	not available	not available	not available	not available	F2011_fuerschj_135.raw	NT=ms-proteomics;VV=v1.1.0	NT=crosslinking;VV=v1.0.0
PXD026244_F2011_fuerschj_108	Saccharomyces cerevisiae	not available	not available	139	PXD026244_F2011_fuerschj_108_assay	proteomic profiling by mass spectrometry	data-dependent acquisition	NT=label free sample;AC=MS:1002038	1	1	not available	NT=Trypsin;AC=MS:1001251	NT=Carbamidomethyl;AC=UNIMOD:4;TA=C;MT=Fixed	NT=Oxidation;AC=UNIMOD:21;TA=M;MT=Variable	not available	not available	NT=DSS;AC=XLMOD:02001	size exclusion chromatography (SEC)	not available	not available	not available	not available	F2011_fuerschj_108.raw	NT=ms-proteomics;VV=v1.1.0	NT=crosslinking;VV=v1.0.0
PXD026244_F2104_fuerschj_245	Saccharomyces cerevisiae	not available	not available	140	PXD026244_F2104_fuerschj_245_assay	proteomic profiling by mass spectrometry	data-dependent acquisition	NT=label free sample;AC=MS:1002038	1	1	not available	NT=Trypsin;AC=MS:1001251	NT=Carbamidomethyl;AC=UNIMOD:4;TA=C;MT=Fixed	NT=Oxidation;AC=UNIMOD:21;TA=M;MT=Variable	not available	not available	NT=DSS;AC=XLMOD:02001	size exclusion chromatography (SEC)	not available	not available	not available	not available	F2104_fuerschj_245.raw	NT=ms-proteomics;VV=v1.1.0	NT=crosslinking;VV=v1.0.0
PXD026244_F1705_fuerschj_118	Saccharomyces cerevisiae	not available	not available	141	PXD026244_F1705_fuerschj_118_assay	proteomic profiling by mass spectrometry	data-dependent acquisition	NT=label free sample;AC=MS:1002038	1	1	not available	NT=Trypsin;AC=MS:1001251	NT=Carbamidomethyl;AC=UNIMOD:4;TA=C;MT=Fixed	NT=Oxidation;AC=UNIMOD:21;TA=M;MT=Variable	not available	not available	NT=DSS;AC=XLMOD:02001	size exclusion chromatography (SEC)	not available	not available	not available	not available	F1705_fuerschj_118.raw	NT=ms-proteomics;VV=v1.1.0	NT=crosslinking;VV=v1.0.0
PXD026244_F1705_fuerschj_214	Saccharomyces cerevisiae	not available	not available	142	PXD026244_F1705_fuerschj_214_assay	proteomic profiling by mass spectrometry	data-dependent acquisition	NT=label free sample;AC=MS:1002038	1	1	not available	NT=Trypsin;AC=MS:1001251	NT=Carbamidomethyl;AC=UNIMOD:4;TA=C;MT=Fixed	NT=Oxidation;AC=UNIMOD:21;TA=M;MT=Variable	not available	not available	NT=DSS;AC=XLMOD:02001	size exclusion chromatography (SEC)	not available	not available	not available	not available	F1705_fuerschj_214.raw	NT=ms-proteomics;VV=v1.1.0	NT=crosslinking;VV=v1.0.0
PXD026244_F1610_fuerschj_019	Saccharomyces cerevisiae	not available	not available	143	PXD026244_F1610_fuerschj_019_assay	proteomic profiling by mass spectrometry	data-dependent acquisition	NT=label free sample;AC=MS:1002038	1	1	not available	NT=Trypsin;AC=MS:1001251	NT=Carbamidomethyl;AC=UNIMOD:4;TA=C;MT=Fixed	NT=Oxidation;AC=UNIMOD:21;TA=M;MT=Variable	not available	not available	NT=DSS;AC=XLMOD:02001	size exclusion chromatography (SEC)	not available	not available	not available	not available	F1610_fuerschj_019.raw	NT=ms-proteomics;VV=v1.1.0	NT=crosslinking;VV=v1.0.0
PXD026244_F2011_fuerschj_143	Saccharomyces cerevisiae	not available	not available	144	PXD026244_F2011_fuerschj_143_assay	proteomic profiling by mass spectrometry	data-dependent acquisition	NT=label free sample;AC=MS:1002038	1	1	not available	NT=Trypsin;AC=MS:1001251	NT=Carbamidomethyl;AC=UNIMOD:4;TA=C;MT=Fixed	NT=Oxidation;AC=UNIMOD:21;TA=M;MT=Variable	not available	not available	NT=DSS;AC=XLMOD:02001	size exclusion chromatography (SEC)	not available	not available	not available	not available	F2011_fuerschj_143.raw	NT=ms-proteomics;VV=v1.1.0	NT=crosslinking;VV=v1.0.0
PXD026244_F2011_fuerschj_152	Saccharomyces cerevisiae	not available	not available	145	PXD026244_F2011_fuerschj_152_assay	proteomic profiling by mass spectrometry	data-dependent acquisition	NT=label free sample;AC=MS:1002038	1	1	not available	NT=Trypsin;AC=MS:1001251	NT=Carbamidomethyl;AC=UNIMOD:4;TA=C;MT=Fixed	NT=Oxidation;AC=UNIMOD:21;TA=M;MT=Variable	not available	not available	NT=DSS;AC=XLMOD:02001	size exclusion chromatography (SEC)	not available	not available	not available	not available	F2011_fuerschj_152.raw	NT=ms-proteomics;VV=v1.1.0	NT=crosslinking;VV=v1.0.0
PXD026244_F1804_voormannc_080	Saccharomyces cerevisiae	not available	not available	146	PXD026244_F1804_voormannc_080_assay	proteomic profiling by mass spectrometry	data-dependent acquisition	NT=label free sample;AC=MS:1002038	1	1	not available	NT=Trypsin;AC=MS:1001251	NT=Carbamidomethyl;AC=UNIMOD:4;TA=C;MT=Fixed	NT=Oxidation;AC=UNIMOD:21;TA=M;MT=Variable	not available	not available	NT=DSS;AC=XLMOD:02001	size exclusion chromatography (SEC)	not available	not available	not available	not available	F1804_voormannc_080.raw	NT=ms-proteomics;VV=v1.1.0	NT=crosslinking;VV=v1.0.0
PXD026244_F1610_fuerschj_029	Saccharomyces cerevisiae	not available	not available	147	PXD026244_F1610_fuerschj_029_assay	proteomic profiling by mass spectrometry	data-dependent acquisition	NT=label free sample;AC=MS:1002038	1	1	not available	NT=Trypsin;AC=MS:1001251	NT=Carbamidomethyl;AC=UNIMOD:4;TA=C;MT=Fixed	NT=Oxidation;AC=UNIMOD:21;TA=M;MT=Variable	not available	not available	NT=DSS;AC=XLMOD:02001	size exclusion chromatography (SEC)	not available	not available	not available	not available	F1610_fuerschj_029.raw	NT=ms-proteomics;VV=v1.1.0	NT=crosslinking;VV=v1.0.0
PXD026244_F1707_fuerschj_88	Saccharomyces cerevisiae	not available	not available	148	PXD026244_F1707_fuerschj_88_assay	proteomic profiling by mass spectrometry	data-dependent acquisition	NT=label free sample;AC=MS:1002038	1	1	not available	NT=Trypsin;AC=MS:1001251	NT=Carbamidomethyl;AC=UNIMOD:4;TA=C;MT=Fixed	NT=Oxidation;AC=UNIMOD:21;TA=M;MT=Variable	not available	not available	NT=DSS;AC=XLMOD:02001	size exclusion chromatography (SEC)	not available	not available	not available	not available	F1707_fuerschj_88.raw	NT=ms-proteomics;VV=v1.1.0	NT=crosslinking;VV=v1.0.0
PXD026244_F1707_fuerschj_148	Saccharomyces cerevisiae	not available	not available	149	PXD026244_F1707_fuerschj_148_assay	proteomic profiling by mass spectrometry	data-dependent acquisition	NT=label free sample;AC=MS:1002038	1	1	not available	NT=Trypsin;AC=MS:1001251	NT=Carbamidomethyl;AC=UNIMOD:4;TA=C;MT=Fixed	NT=Oxidation;AC=UNIMOD:21;TA=M;MT=Variable	not available	not available	NT=DSS;AC=XLMOD:02001	size exclusion chromatography (SEC)	not available	not available	not available	not available	F1707_fuerschj_148.raw	NT=ms-proteomics;VV=v1.1.0	NT=crosslinking;VV=v1.0.0
PXD026244_F1709_fuerschj_329	Saccharomyces cerevisiae	not available	not available	150	PXD026244_F1709_fuerschj_329_assay	proteomic profiling by mass spectrometry	data-dependent acquisition	NT=label free sample;AC=MS:1002038	1	1	not available	NT=Trypsin;AC=MS:1001251	NT=Carbamidomethyl;AC=UNIMOD:4;TA=C;MT=Fixed	NT=Oxidation;AC=UNIMOD:21;TA=M;MT=Variable	not available	not available	NT=DSS;AC=XLMOD:02001	size exclusion chromatography (SEC)	not available	not available	not available	not available	F1709_fuerschj_329.raw	NT=ms-proteomics;VV=v1.1.0	NT=crosslinking;VV=v1.0.0
PXD026244_F1803_voormannc_080	Saccharomyces cerevisiae	not available	not available	151	PXD026244_F1803_voormannc_080_assay	proteomic profiling by mass spectrometry	data-dependent acquisition	NT=label free sample;AC=MS:1002038	1	1	not available	NT=Trypsin;AC=MS:1001251	NT=Carbamidomethyl;AC=UNIMOD:4;TA=C;MT=Fixed	NT=Oxidation;AC=UNIMOD:21;TA=M;MT=Variable	not available	not available	NT=DSS;AC=XLMOD:02001	size exclusion chromatography (SEC)	not available	not available	not available	not available	F1803_voormannc_080.raw	NT=ms-proteomics;VV=v1.1.0	NT=crosslinking;VV=v1.0.0
PXD026244_F2011_fuerschj_272	Saccharomyces cerevisiae	not available	not available	152	PXD026244_F2011_fuerschj_272_assay	proteomic profiling by mass spectrometry	data-dependent acquisition	NT=label free sample;AC=MS:1002038	1	1	not available	NT=Trypsin;AC=MS:1001251	NT=Carbamidomethyl;AC=UNIMOD:4;TA=C;MT=Fixed	NT=Oxidation;AC=UNIMOD:21;TA=M;MT=Variable	not available	not available	NT=DSS;AC=XLMOD:02001	size exclusion chromatography (SEC)	not available	not available	not available	not available	F2011_fuerschj_272.raw	NT=ms-proteomics;VV=v1.1.0	NT=crosslinking;VV=v1.0.0
PXD026244_F1705_fuerschj_066	Saccharomyces cerevisiae	not available	not available	153	PXD026244_F1705_fuerschj_066_assay	proteomic profiling by mass spectrometry	data-dependent acquisition	NT=label free sample;AC=MS:1002038	1	1	not available	NT=Trypsin;AC=MS:1001251	NT=Carbamidomethyl;AC=UNIMOD:4;TA=C;MT=Fixed	NT=Oxidation;AC=UNIMOD:21;TA=M;MT=Variable	not available	not available	NT=DSS;AC=XLMOD:02001	size exclusion chromatography (SEC)	not available	not available	not available	not available	F1705_fuerschj_066.raw	NT=ms-proteomics;VV=v1.1.0	NT=crosslinking;VV=v1.0.0
PXD026244_F2011_fuerschj_142	Saccharomyces cerevisiae	not available	not available	154	PXD026244_F2011_fuerschj_142_assay	proteomic profiling by mass spectrometry	data-dependent acquisition	NT=label free sample;AC=MS:1002038	1	1	not available	NT=Trypsin;AC=MS:1001251	NT=Carbamidomethyl;AC=UNIMOD:4;TA=C;MT=Fixed	NT=Oxidation;AC=UNIMOD:21;TA=M;MT=Variable	not available	not available	NT=DSS;AC=XLMOD:02001	size exclusion chromatography (SEC)	not available	not available	not available	not available	F2011_fuerschj_142.raw	NT=ms-proteomics;VV=v1.1.0	NT=crosslinking;VV=v1.0.0
PXD026244_F1707_fuerschj_110	Saccharomyces cerevisiae	not available	not available	155	PXD026244_F1707_fuerschj_110_assay	proteomic profiling by mass spectrometry	data-dependent acquisition	NT=label free sample;AC=MS:1002038	1	1	not available	NT=Trypsin;AC=MS:1001251	NT=Carbamidomethyl;AC=UNIMOD:4;TA=C;MT=Fixed	NT=Oxidation;AC=UNIMOD:21;TA=M;MT=Variable	not available	not available	NT=DSS;AC=XLMOD:02001	size exclusion chromatography (SEC)	not available	not available	not available	not available	F1707_fuerschj_110.raw	NT=ms-proteomics;VV=v1.1.0	NT=crosslinking;VV=v1.0.0
PXD026244_F1705_fuerschj_209	Saccharomyces cerevisiae	not available	not available	156	PXD026244_F1705_fuerschj_209_assay	proteomic profiling by mass spectrometry	data-dependent acquisition	NT=label free sample;AC=MS:1002038	1	1	not available	NT=Trypsin;AC=MS:1001251	NT=Carbamidomethyl;AC=UNIMOD:4;TA=C;MT=Fixed	NT=Oxidation;AC=UNIMOD:21;TA=M;MT=Variable	not available	not available	NT=DSS;AC=XLMOD:02001	size exclusion chromatography (SEC)	not available	not available	not available	not available	F1705_fuerschj_209.raw	NT=ms-proteomics;VV=v1.1.0	NT=crosslinking;VV=v1.0.0
PXD026244_F1705_fuerschj_055	Saccharomyces cerevisiae	not available	not available	157	PXD026244_F1705_fuerschj_055_assay	proteomic profiling by mass spectrometry	data-dependent acquisition	NT=label free sample;AC=MS:1002038	1	1	not available	NT=Trypsin;AC=MS:1001251	NT=Carbamidomethyl;AC=UNIMOD:4;TA=C;MT=Fixed	NT=Oxidation;AC=UNIMOD:21;TA=M;MT=Variable	not available	not available	NT=DSS;AC=XLMOD:02001	size exclusion chromatography (SEC)	not available	not available	not available	not available	F1705_fuerschj_055.raw	NT=ms-proteomics;VV=v1.1.0	NT=crosslinking;VV=v1.0.0
PXD026244_F1601_fuerschj_113	Saccharomyces cerevisiae	not available	not available	158	PXD026244_F1601_fuerschj_113_assay	proteomic profiling by mass spectrometry	data-dependent acquisition	NT=label free sample;AC=MS:1002038	1	1	not available	NT=Trypsin;AC=MS:1001251	NT=Carbamidomethyl;AC=UNIMOD:4;TA=C;MT=Fixed	NT=Oxidation;AC=UNIMOD:21;TA=M;MT=Variable	not available	not available	NT=DSS;AC=XLMOD:02001	size exclusion chromatography (SEC)	not available	not available	not available	not available	F1601_fuerschj_113.raw	NT=ms-proteomics;VV=v1.1.0	NT=crosslinking;VV=v1.0.0
PXD026244_F1705_fuerschj_188	Saccharomyces cerevisiae	not available	not available	159	PXD026244_F1705_fuerschj_188_assay	proteomic profiling by mass spectrometry	data-dependent acquisition	NT=label free sample;AC=MS:1002038	1	1	not available	NT=Trypsin;AC=MS:1001251	NT=Carbamidomethyl;AC=UNIMOD:4;TA=C;MT=Fixed	NT=Oxidation;AC=UNIMOD:21;TA=M;MT=Variable	not available	not available	NT=DSS;AC=XLMOD:02001	size exclusion chromatography (SEC)	not available	not available	not available	not available	F1705_fuerschj_188.raw	NT=ms-proteomics;VV=v1.1.0	NT=crosslinking;VV=v1.0.0
PXD026244_F1709_fuerschj_344	Saccharomyces cerevisiae	not available	not available	160	PXD026244_F1709_fuerschj_344_assay	proteomic profiling by mass spectrometry	data-dependent acquisition	NT=label free sample;AC=MS:1002038	1	1	not available	NT=Trypsin;AC=MS:1001251	NT=Carbamidomethyl;AC=UNIMOD:4;TA=C;MT=Fixed	NT=Oxidation;AC=UNIMOD:21;TA=M;MT=Variable	not available	not available	NT=DSS;AC=XLMOD:02001	size exclusion chromatography (SEC)	not available	not available	not available	not available	F1709_fuerschj_344.raw	NT=ms-proteomics;VV=v1.1.0	NT=crosslinking;VV=v1.0.0
PXD026244_F1707_fuerschj_135	Saccharomyces cerevisiae	not available	not available	161	PXD026244_F1707_fuerschj_135_assay	proteomic profiling by mass spectrometry	data-dependent acquisition	NT=label free sample;AC=MS:1002038	1	1	not available	NT=Trypsin;AC=MS:1001251	NT=Carbamidomethyl;AC=UNIMOD:4;TA=C;MT=Fixed	NT=Oxidation;AC=UNIMOD:21;TA=M;MT=Variable	not available	not available	NT=DSS;AC=XLMOD:02001	size exclusion chromatography (SEC)	not available	not available	not available	not available	F1707_fuerschj_135.raw	NT=ms-proteomics;VV=v1.1.0	NT=crosslinking;VV=v1.0.0
PXD026244_F2011_fuerschj_105	Saccharomyces cerevisiae	not available	not available	162	PXD026244_F2011_fuerschj_105_assay	proteomic profiling by mass spectrometry	data-dependent acquisition	NT=label free sample;AC=MS:1002038	1	1	not available	NT=Trypsin;AC=MS:1001251	NT=Carbamidomethyl;AC=UNIMOD:4;TA=C;MT=Fixed	NT=Oxidation;AC=UNIMOD:21;TA=M;MT=Variable	not available	not available	NT=DSS;AC=XLMOD:02001	size exclusion chromatography (SEC)	not available	not available	not available	not available	F2011_fuerschj_105.raw	NT=ms-proteomics;VV=v1.1.0	NT=crosslinking;VV=v1.0.0
PXD026244_F1709_fuerschj_303	Saccharomyces cerevisiae	not available	not available	163	PXD026244_F1709_fuerschj_303_assay	proteomic profiling by mass spectrometry	data-dependent acquisition	NT=label free sample;AC=MS:1002038	1	1	not available	NT=Trypsin;AC=MS:1001251	NT=Carbamidomethyl;AC=UNIMOD:4;TA=C;MT=Fixed	NT=Oxidation;AC=UNIMOD:21;TA=M;MT=Variable	not available	not available	NT=DSS;AC=XLMOD:02001	size exclusion chromatography (SEC)	not available	not available	not available	not available	F1709_fuerschj_303.raw	NT=ms-proteomics;VV=v1.1.0	NT=crosslinking;VV=v1.0.0
PXD026244_F1709_fuerschj_461	Saccharomyces cerevisiae	not available	not available	164	PXD026244_F1709_fuerschj_461_assay	proteomic profiling by mass spectrometry	data-dependent acquisition	NT=label free sample;AC=MS:1002038	1	1	not available	NT=Trypsin;AC=MS:1001251	NT=Carbamidomethyl;AC=UNIMOD:4;TA=C;MT=Fixed	NT=Oxidation;AC=UNIMOD:21;TA=M;MT=Variable	not available	not available	NT=DSS;AC=XLMOD:02001	size exclusion chromatography (SEC)	not available	not available	not available	not available	F1709_fuerschj_461.raw	NT=ms-proteomics;VV=v1.1.0	NT=crosslinking;VV=v1.0.0
PXD026244_F2011_fuerschj_282	Saccharomyces cerevisiae	not available	not available	165	PXD026244_F2011_fuerschj_282_assay	proteomic profiling by mass spectrometry	data-dependent acquisition	NT=label free sample;AC=MS:1002038	1	1	not available	NT=Trypsin;AC=MS:1001251	NT=Carbamidomethyl;AC=UNIMOD:4;TA=C;MT=Fixed	NT=Oxidation;AC=UNIMOD:21;TA=M;MT=Variable	not available	not available	NT=DSS;AC=XLMOD:02001	size exclusion chromatography (SEC)	not available	not available	not available	not available	F2011_fuerschj_282.raw	NT=ms-proteomics;VV=v1.1.0	NT=crosslinking;VV=v1.0.0
PXD026244_F2011_fuerschj_173	Saccharomyces cerevisiae	not available	not available	166	PXD026244_F2011_fuerschj_173_assay	proteomic profiling by mass spectrometry	data-dependent acquisition	NT=label free sample;AC=MS:1002038	1	1	not available	NT=Trypsin;AC=MS:1001251	NT=Carbamidomethyl;AC=UNIMOD:4;TA=C;MT=Fixed	NT=Oxidation;AC=UNIMOD:21;TA=M;MT=Variable	not available	not available	NT=DSS;AC=XLMOD:02001	size exclusion chromatography (SEC)	not available	not available	not available	not available	F2011_fuerschj_173.raw	NT=ms-proteomics;VV=v1.1.0	NT=crosslinking;VV=v1.0.0
PXD026244_F1608_fuerschj_286	Saccharomyces cerevisiae	not available	not available	167	PXD026244_F1608_fuerschj_286_assay	proteomic profiling by mass spectrometry	data-dependent acquisition	NT=label free sample;AC=MS:1002038	1	1	not available	NT=Trypsin;AC=MS:1001251	NT=Carbamidomethyl;AC=UNIMOD:4;TA=C;MT=Fixed	NT=Oxidation;AC=UNIMOD:21;TA=M;MT=Variable	not available	not available	NT=DSS;AC=XLMOD:02001	size exclusion chromatography (SEC)	not available	not available	not available	not available	F1608_fuerschj_286.raw	NT=ms-proteomics;VV=v1.1.0	NT=crosslinking;VV=v1.0.0
PXD026244_F1709_fuerschj_478	Saccharomyces cerevisiae	not available	not available	168	PXD026244_F1709_fuerschj_478_assay	proteomic profiling by mass spectrometry	data-dependent acquisition	NT=label free sample;AC=MS:1002038	1	1	not available	NT=Trypsin;AC=MS:1001251	NT=Carbamidomethyl;AC=UNIMOD:4;TA=C;MT=Fixed	NT=Oxidation;AC=UNIMOD:21;TA=M;MT=Variable	not available	not available	NT=DSS;AC=XLMOD:02001	size exclusion chromatography (SEC)	not available	not available	not available	not available	F1709_fuerschj_478.raw	NT=ms-proteomics;VV=v1.1.0	NT=crosslinking;VV=v1.0.0
PXD026244_F2011_fuerschj_165	Saccharomyces cerevisiae	not available	not available	169	PXD026244_F2011_fuerschj_165_assay	proteomic profiling by mass spectrometry	data-dependent acquisition	NT=label free sample;AC=MS:1002038	1	1	not available	NT=Trypsin;AC=MS:1001251	NT=Carbamidomethyl;AC=UNIMOD:4;TA=C;MT=Fixed	NT=Oxidation;AC=UNIMOD:21;TA=M;MT=Variable	not available	not available	NT=DSS;AC=XLMOD:02001	size exclusion chromatography (SEC)	not available	not available	not available	not available	F2011_fuerschj_165.raw	NT=ms-proteomics;VV=v1.1.0	NT=crosslinking;VV=v1.0.0
PXD026244_F1707_fuerschj_116	Saccharomyces cerevisiae	not available	not available	170	PXD026244_F1707_fuerschj_116_assay	proteomic profiling by mass spectrometry	data-dependent acquisition	NT=label free sample;AC=MS:1002038	1	1	not available	NT=Trypsin;AC=MS:1001251	NT=Carbamidomethyl;AC=UNIMOD:4;TA=C;MT=Fixed	NT=Oxidation;AC=UNIMOD:21;TA=M;MT=Variable	not available	not available	NT=DSS;AC=XLMOD:02001	size exclusion chromatography (SEC)	not available	not available	not available	not available	F1707_fuerschj_116.raw	NT=ms-proteomics;VV=v1.1.0	NT=crosslinking;VV=v1.0.0
PXD026244_F1705_fuerschj_053	Saccharomyces cerevisiae	not available	not available	171	PXD026244_F1705_fuerschj_053_assay	proteomic profiling by mass spectrometry	data-dependent acquisition	NT=label free sample;AC=MS:1002038	1	1	not available	NT=Trypsin;AC=MS:1001251	NT=Carbamidomethyl;AC=UNIMOD:4;TA=C;MT=Fixed	NT=Oxidation;AC=UNIMOD:21;TA=M;MT=Variable	not available	not available	NT=DSS;AC=XLMOD:02001	size exclusion chromatography (SEC)	not available	not available	not available	not available	F1705_fuerschj_053.raw	NT=ms-proteomics;VV=v1.1.0	NT=crosslinking;VV=v1.0.0
PXD026244_F1803_voormannc_069	Saccharomyces cerevisiae	not available	not available	172	PXD026244_F1803_voormannc_069_assay	proteomic profiling by mass spectrometry	data-dependent acquisition	NT=label free sample;AC=MS:1002038	1	1	not available	NT=Trypsin;AC=MS:1001251	NT=Carbamidomethyl;AC=UNIMOD:4;TA=C;MT=Fixed	NT=Oxidation;AC=UNIMOD:21;TA=M;MT=Variable	not available	not available	NT=DSS;AC=XLMOD:02001	size exclusion chromatography (SEC)	not available	not available	not available	not available	F1803_voormannc_069.raw	NT=ms-proteomics;VV=v1.1.0	NT=crosslinking;VV=v1.0.0
PXD026244_F2011_fuerschj_277	Saccharomyces cerevisiae	not available	not available	173	PXD026244_F2011_fuerschj_277_assay	proteomic profiling by mass spectrometry	data-dependent acquisition	NT=label free sample;AC=MS:1002038	1	1	not available	NT=Trypsin;AC=MS:1001251	NT=Carbamidomethyl;AC=UNIMOD:4;TA=C;MT=Fixed	NT=Oxidation;AC=UNIMOD:21;TA=M;MT=Variable	not available	not available	NT=DSS;AC=XLMOD:02001	size exclusion chromatography (SEC)	not available	not available	not available	not available	F2011_fuerschj_277.raw	NT=ms-proteomics;VV=v1.1.0	NT=crosslinking;VV=v1.0.0
PXD026244_F2011_fuerschj_122	Saccharomyces cerevisiae	not available	not available	174	PXD026244_F2011_fuerschj_122_assay	proteomic profiling by mass spectrometry	data-dependent acquisition	NT=label free sample;AC=MS:1002038	1	1	not available	NT=Trypsin;AC=MS:1001251	NT=Carbamidomethyl;AC=UNIMOD:4;TA=C;MT=Fixed	NT=Oxidation;AC=UNIMOD:21;TA=M;MT=Variable	not available	not available	NT=DSS;AC=XLMOD:02001	size exclusion chromatography (SEC)	not available	not available	not available	not available	F2011_fuerschj_122.raw	NT=ms-proteomics;VV=v1.1.0	NT=crosslinking;VV=v1.0.0
PXD026244_F2011_fuerschj_274	Saccharomyces cerevisiae	not available	not available	175	PXD026244_F2011_fuerschj_274_assay	proteomic profiling by mass spectrometry	data-dependent acquisition	NT=label free sample;AC=MS:1002038	1	1	not available	NT=Trypsin;AC=MS:1001251	NT=Carbamidomethyl;AC=UNIMOD:4;TA=C;MT=Fixed	NT=Oxidation;AC=UNIMOD:21;TA=M;MT=Variable	not available	not available	NT=DSS;AC=XLMOD:02001	size exclusion chromatography (SEC)	not available	not available	not available	not available	F2011_fuerschj_274.raw	NT=ms-proteomics;VV=v1.1.0	NT=crosslinking;VV=v1.0.0
PXD026244_F1804_voormannc_074	Saccharomyces cerevisiae	not available	not available	176	PXD026244_F1804_voormannc_074_assay	proteomic profiling by mass spectrometry	data-dependent acquisition	NT=label free sample;AC=MS:1002038	1	1	not available	NT=Trypsin;AC=MS:1001251	NT=Carbamidomethyl;AC=UNIMOD:4;TA=C;MT=Fixed	NT=Oxidation;AC=UNIMOD:21;TA=M;MT=Variable	not available	not available	NT=DSS;AC=XLMOD:02001	size exclusion chromatography (SEC)	not available	not available	not available	not available	F1804_voormannc_074.raw	NT=ms-proteomics;VV=v1.1.0	NT=crosslinking;VV=v1.0.0
PXD026244_F1608_fuerschj_289	Saccharomyces cerevisiae	not available	not available	177	PXD026244_F1608_fuerschj_289_assay	proteomic profiling by mass spectrometry	data-dependent acquisition	NT=label free sample;AC=MS:1002038	1	1	not available	NT=Trypsin;AC=MS:1001251	NT=Carbamidomethyl;AC=UNIMOD:4;TA=C;MT=Fixed	NT=Oxidation;AC=UNIMOD:21;TA=M;MT=Variable	not available	not available	NT=DSS;AC=XLMOD:02001	size exclusion chromatography (SEC)	not available	not available	not available	not available	F1608_fuerschj_289.raw	NT=ms-proteomics;VV=v1.1.0	NT=crosslinking;VV=v1.0.0
PXD026244_F1707_fuerschj_119	Saccharomyces cerevisiae	not available	not available	178	PXD026244_F1707_fuerschj_119_assay	proteomic profiling by mass spectrometry	data-dependent acquisition	NT=label free sample;AC=MS:1002038	1	1	not available	NT=Trypsin;AC=MS:1001251	NT=Carbamidomethyl;AC=UNIMOD:4;TA=C;MT=Fixed	NT=Oxidation;AC=UNIMOD:21;TA=M;MT=Variable	not available	not available	NT=DSS;AC=XLMOD:02001	size exclusion chromatography (SEC)	not available	not available	not available	not available	F1707_fuerschj_119.raw	NT=ms-proteomics;VV=v1.1.0	NT=crosslinking;VV=v1.0.0
PXD026244_F1705_fuerschj_148	Saccharomyces cerevisiae	not available	not available	179	PXD026244_F1705_fuerschj_148_assay	proteomic profiling by mass spectrometry	data-dependent acquisition	NT=label free sample;AC=MS:1002038	1	1	not available	NT=Trypsin;AC=MS:1001251	NT=Carbamidomethyl;AC=UNIMOD:4;TA=C;MT=Fixed	NT=Oxidation;AC=UNIMOD:21;TA=M;MT=Variable	not available	not available	NT=DSS;AC=XLMOD:02001	size exclusion chromatography (SEC)	not available	not available	not available	not available	F1705_fuerschj_148.raw	NT=ms-proteomics;VV=v1.1.0	NT=crosslinking;VV=v1.0.0
PXD026244_F1709_fuerschj_305	Saccharomyces cerevisiae	not available	not available	180	PXD026244_F1709_fuerschj_305_assay	proteomic profiling by mass spectrometry	data-dependent acquisition	NT=label free sample;AC=MS:1002038	1	1	not available	NT=Trypsin;AC=MS:1001251	NT=Carbamidomethyl;AC=UNIMOD:4;TA=C;MT=Fixed	NT=Oxidation;AC=UNIMOD:21;TA=M;MT=Variable	not available	not available	NT=DSS;AC=XLMOD:02001	size exclusion chromatography (SEC)	not available	not available	not available	not available	F1709_fuerschj_305.raw	NT=ms-proteomics;VV=v1.1.0	NT=crosslinking;VV=v1.0.0
PXD026244_F2011_fuerschj_276	Saccharomyces cerevisiae	not available	not available	181	PXD026244_F2011_fuerschj_276_assay	proteomic profiling by mass spectrometry	data-dependent acquisition	NT=label free sample;AC=MS:1002038	1	1	not available	NT=Trypsin;AC=MS:1001251	NT=Carbamidomethyl;AC=UNIMOD:4;TA=C;MT=Fixed	NT=Oxidation;AC=UNIMOD:21;TA=M;MT=Variable	not available	not available	NT=DSS;AC=XLMOD:02001	size exclusion chromatography (SEC)	not available	not available	not available	not available	F2011_fuerschj_276.raw	NT=ms-proteomics;VV=v1.1.0	NT=crosslinking;VV=v1.0.0
PXD026244_F2011_fuerschj_249	Saccharomyces cerevisiae	not available	not available	182	PXD026244_F2011_fuerschj_249_assay	proteomic profiling by mass spectrometry	data-dependent acquisition	NT=label free sample;AC=MS:1002038	1	1	not available	NT=Trypsin;AC=MS:1001251	NT=Carbamidomethyl;AC=UNIMOD:4;TA=C;MT=Fixed	NT=Oxidation;AC=UNIMOD:21;TA=M;MT=Variable	not available	not available	NT=DSS;AC=XLMOD:02001	size exclusion chromatography (SEC)	not available	not available	not available	not available	F2011_fuerschj_249.raw	NT=ms-proteomics;VV=v1.1.0	NT=crosslinking;VV=v1.0.0
PXD026244_F2011_fuerschj_278	Saccharomyces cerevisiae	not available	not available	183	PXD026244_F2011_fuerschj_278_assay	proteomic profiling by mass spectrometry	data-dependent acquisition	NT=label free sample;AC=MS:1002038	1	1	not available	NT=Trypsin;AC=MS:1001251	NT=Carbamidomethyl;AC=UNIMOD:4;TA=C;MT=Fixed	NT=Oxidation;AC=UNIMOD:21;TA=M;MT=Variable	not available	not available	NT=DSS;AC=XLMOD:02001	size exclusion chromatography (SEC)	not available	not available	not available	not available	F2011_fuerschj_278.raw	NT=ms-proteomics;VV=v1.1.0	NT=crosslinking;VV=v1.0.0
PXD026244_F1705_fuerschj_147	Saccharomyces cerevisiae	not available	not available	184	PXD026244_F1705_fuerschj_147_assay	proteomic profiling by mass spectrometry	data-dependent acquisition	NT=label free sample;AC=MS:1002038	1	1	not available	NT=Trypsin;AC=MS:1001251	NT=Carbamidomethyl;AC=UNIMOD:4;TA=C;MT=Fixed	NT=Oxidation;AC=UNIMOD:21;TA=M;MT=Variable	not available	not available	NT=DSS;AC=XLMOD:02001	size exclusion chromatography (SEC)	not available	not available	not available	not available	F1705_fuerschj_147.raw	NT=ms-proteomics;VV=v1.1.0	NT=crosslinking;VV=v1.0.0
PXD026244_F1707_fuerschj_114	Saccharomyces cerevisiae	not available	not available	185	PXD026244_F1707_fuerschj_114_assay	proteomic profiling by mass spectrometry	data-dependent acquisition	NT=label free sample;AC=MS:1002038	1	1	not available	NT=Trypsin;AC=MS:1001251	NT=Carbamidomethyl;AC=UNIMOD:4;TA=C;MT=Fixed	NT=Oxidation;AC=UNIMOD:21;TA=M;MT=Variable	not available	not available	NT=DSS;AC=XLMOD:02001	size exclusion chromatography (SEC)	not available	not available	not available	not available	F1707_fuerschj_114.raw	NT=ms-proteomics;VV=v1.1.0	NT=crosslinking;VV=v1.0.0
PXD026244_F1707_fuerschj_104	Saccharomyces cerevisiae	not available	not available	186	PXD026244_F1707_fuerschj_104_assay	proteomic profiling by mass spectrometry	data-dependent acquisition	NT=label free sample;AC=MS:1002038	1	1	not available	NT=Trypsin;AC=MS:1001251	NT=Carbamidomethyl;AC=UNIMOD:4;TA=C;MT=Fixed	NT=Oxidation;AC=UNIMOD:21;TA=M;MT=Variable	not available	not available	NT=DSS;AC=XLMOD:02001	size exclusion chromatography (SEC)	not available	not available	not available	not available	F1707_fuerschj_104.raw	NT=ms-proteomics;VV=v1.1.0	NT=crosslinking;VV=v1.0.0
PXD026244_F1709_fuerschj_328	Saccharomyces cerevisiae	not available	not available	187	PXD026244_F1709_fuerschj_328_assay	proteomic profiling by mass spectrometry	data-dependent acquisition	NT=label free sample;AC=MS:1002038	1	1	not available	NT=Trypsin;AC=MS:1001251	NT=Carbamidomethyl;AC=UNIMOD:4;TA=C;MT=Fixed	NT=Oxidation;AC=UNIMOD:21;TA=M;MT=Variable	not available	not available	NT=DSS;AC=XLMOD:02001	size exclusion chromatography (SEC)	not available	not available	not available	not available	F1709_fuerschj_328.raw	NT=ms-proteomics;VV=v1.1.0	NT=crosslinking;VV=v1.0.0
PXD026244_F2104_fuerschj_248	Saccharomyces cerevisiae	not available	not available	188	PXD026244_F2104_fuerschj_248_assay	proteomic profiling by mass spectrometry	data-dependent acquisition	NT=label free sample;AC=MS:1002038	1	1	not available	NT=Trypsin;AC=MS:1001251	NT=Carbamidomethyl;AC=UNIMOD:4;TA=C;MT=Fixed	NT=Oxidation;AC=UNIMOD:21;TA=M;MT=Variable	not available	not available	NT=DSS;AC=XLMOD:02001	size exclusion chromatography (SEC)	not available	not available	not available	not available	F2104_fuerschj_248.raw	NT=ms-proteomics;VV=v1.1.0	NT=crosslinking;VV=v1.0.0
PXD026244_F1610_fuerschj_028	Saccharomyces cerevisiae	not available	not available	189	PXD026244_F1610_fuerschj_028_assay	proteomic profiling by mass spectrometry	data-dependent acquisition	NT=label free sample;AC=MS:1002038	1	1	not available	NT=Trypsin;AC=MS:1001251	NT=Carbamidomethyl;AC=UNIMOD:4;TA=C;MT=Fixed	NT=Oxidation;AC=UNIMOD:21;TA=M;MT=Variable	not available	not available	NT=DSS;AC=XLMOD:02001	size exclusion chromatography (SEC)	not available	not available	not available	not available	F1610_fuerschj_028.raw	NT=ms-proteomics;VV=v1.1.0	NT=crosslinking;VV=v1.0.0
PXD026244_F2011_fuerschj_124	Saccharomyces cerevisiae	not available	not available	190	PXD026244_F2011_fuerschj_124_assay	proteomic profiling by mass spectrometry	data-dependent acquisition	NT=label free sample;AC=MS:1002038	1	1	not available	NT=Trypsin;AC=MS:1001251	NT=Carbamidomethyl;AC=UNIMOD:4;TA=C;MT=Fixed	NT=Oxidation;AC=UNIMOD:21;TA=M;MT=Variable	not available	not available	NT=DSS;AC=XLMOD:02001	size exclusion chromatography (SEC)	not available	not available	not available	not available	F2011_fuerschj_124.raw	NT=ms-proteomics;VV=v1.1.0	NT=crosslinking;VV=v1.0.0
PXD026244_F2104_fuerschj_255	Saccharomyces cerevisiae	not available	not available	191	PXD026244_F2104_fuerschj_255_assay	proteomic profiling by mass spectrometry	data-dependent acquisition	NT=label free sample;AC=MS:1002038	1	1	not available	NT=Trypsin;AC=MS:1001251	NT=Carbamidomethyl;AC=UNIMOD:4;TA=C;MT=Fixed	NT=Oxidation;AC=UNIMOD:21;TA=M;MT=Variable	not available	not available	NT=DSS;AC=XLMOD:02001	size exclusion chromatography (SEC)	not available	not available	not available	not available	F2104_fuerschj_255.raw	NT=ms-proteomics;VV=v1.1.0	NT=crosslinking;VV=v1.0.0
PXD026244_F2011_fuerschj_103	Saccharomyces cerevisiae	not available	not available	192	PXD026244_F2011_fuerschj_103_assay	proteomic profiling by mass spectrometry	data-dependent acquisition	NT=label free sample;AC=MS:1002038	1	1	not available	NT=Trypsin;AC=MS:1001251	NT=Carbamidomethyl;AC=UNIMOD:4;TA=C;MT=Fixed	NT=Oxidation;AC=UNIMOD:21;TA=M;MT=Variable	not available	not available	NT=DSS;AC=XLMOD:02001	size exclusion chromatography (SEC)	not available	not available	not available	not available	F2011_fuerschj_103.raw	NT=ms-proteomics;VV=v1.1.0	NT=crosslinking;VV=v1.0.0
PXD026244_F1705_fuerschj_125	Saccharomyces cerevisiae	not available	not available	193	PXD026244_F1705_fuerschj_125_assay	proteomic profiling by mass spectrometry	data-dependent acquisition	NT=label free sample;AC=MS:1002038	1	1	not available	NT=Trypsin;AC=MS:1001251	NT=Carbamidomethyl;AC=UNIMOD:4;TA=C;MT=Fixed	NT=Oxidation;AC=UNIMOD:21;TA=M;MT=Variable	not available	not available	NT=DSS;AC=XLMOD:02001	size exclusion chromatography (SEC)	not available	not available	not available	not available	F1705_fuerschj_125.raw	NT=ms-proteomics;VV=v1.1.0	NT=crosslinking;VV=v1.0.0
PXD026244_F1705_fuerschj_152	Saccharomyces cerevisiae	not available	not available	194	PXD026244_F1705_fuerschj_152_assay	proteomic profiling by mass spectrometry	data-dependent acquisition	NT=label free sample;AC=MS:1002038	1	1	not available	NT=Trypsin;AC=MS:1001251	NT=Carbamidomethyl;AC=UNIMOD:4;TA=C;MT=Fixed	NT=Oxidation;AC=UNIMOD:21;TA=M;MT=Variable	not available	not available	NT=DSS;AC=XLMOD:02001	size exclusion chromatography (SEC)	not available	not available	not available	not available	F1705_fuerschj_152.raw	NT=ms-proteomics;VV=v1.1.0	NT=crosslinking;VV=v1.0.0
PXD026244_F1705_fuerschj_065	Saccharomyces cerevisiae	not available	not available	195	PXD026244_F1705_fuerschj_065_assay	proteomic profiling by mass spectrometry	data-dependent acquisition	NT=label free sample;AC=MS:1002038	1	1	not available	NT=Trypsin;AC=MS:1001251	NT=Carbamidomethyl;AC=UNIMOD:4;TA=C;MT=Fixed	NT=Oxidation;AC=UNIMOD:21;TA=M;MT=Variable	not available	not available	NT=DSS;AC=XLMOD:02001	size exclusion chromatography (SEC)	not available	not available	not available	not available	F1705_fuerschj_065.raw	NT=ms-proteomics;VV=v1.1.0	NT=crosslinking;VV=v1.0.0
PXD026244_F1608_fuerschj_288	Saccharomyces cerevisiae	not available	not available	196	PXD026244_F1608_fuerschj_288_assay	proteomic profiling by mass spectrometry	data-dependent acquisition	NT=label free sample;AC=MS:1002038	1	1	not available	NT=Trypsin;AC=MS:1001251	NT=Carbamidomethyl;AC=UNIMOD:4;TA=C;MT=Fixed	NT=Oxidation;AC=UNIMOD:21;TA=M;MT=Variable	not available	not available	NT=DSS;AC=XLMOD:02001	size exclusion chromatography (SEC)	not available	not available	not available	not available	F1608_fuerschj_288.raw	NT=ms-proteomics;VV=v1.1.0	NT=crosslinking;VV=v1.0.0
PXD026244_F1608_fuerschj_287	Saccharomyces cerevisiae	not available	not available	197	PXD026244_F1608_fuerschj_287_assay	proteomic profiling by mass spectrometry	data-dependent acquisition	NT=label free sample;AC=MS:1002038	1	1	not available	NT=Trypsin;AC=MS:1001251	NT=Carbamidomethyl;AC=UNIMOD:4;TA=C;MT=Fixed	NT=Oxidation;AC=UNIMOD:21;TA=M;MT=Variable	not available	not available	NT=DSS;AC=XLMOD:02001	size exclusion chromatography (SEC)	not available	not available	not available	not available	F1608_fuerschj_287.raw	NT=ms-proteomics;VV=v1.1.0	NT=crosslinking;VV=v1.0.0
PXD026244_F2011_fuerschj_255	Saccharomyces cerevisiae	not available	not available	198	PXD026244_F2011_fuerschj_255_assay	proteomic profiling by mass spectrometry	data-dependent acquisition	NT=label free sample;AC=MS:1002038	1	1	not available	NT=Trypsin;AC=MS:1001251	NT=Carbamidomethyl;AC=UNIMOD:4;TA=C;MT=Fixed	NT=Oxidation;AC=UNIMOD:21;TA=M;MT=Variable	not available	not available	NT=DSS;AC=XLMOD:02001	size exclusion chromatography (SEC)	not available	not available	not available	not available	F2011_fuerschj_255.raw	NT=ms-proteomics;VV=v1.1.0	NT=crosslinking;VV=v1.0.0
PXD026244_F1803_voormannc_068	Saccharomyces cerevisiae	not available	not available	199	PXD026244_F1803_voormannc_068_assay	proteomic profiling by mass spectrometry	data-dependent acquisition	NT=label free sample;AC=MS:1002038	1	1	not available	NT=Trypsin;AC=MS:1001251	NT=Carbamidomethyl;AC=UNIMOD:4;TA=C;MT=Fixed	NT=Oxidation;AC=UNIMOD:21;TA=M;MT=Variable	not available	not available	NT=DSS;AC=XLMOD:02001	size exclusion chromatography (SEC)	not available	not available	not available	not available	F1803_voormannc_068.raw	NT=ms-proteomics;VV=v1.1.0	NT=crosslinking;VV=v1.0.0
PXD026244_F1709_fuerschj_476	Saccharomyces cerevisiae	not available	not available	200	PXD026244_F1709_fuerschj_476_assay	proteomic profiling by mass spectrometry	data-dependent acquisition	NT=label free sample;AC=MS:1002038	1	1	not available	NT=Trypsin;AC=MS:1001251	NT=Carbamidomethyl;AC=UNIMOD:4;TA=C;MT=Fixed	NT=Oxidation;AC=UNIMOD:21;TA=M;MT=Variable	not available	not available	NT=DSS;AC=XLMOD:02001	size exclusion chromatography (SEC)	not available	not available	not available	not available	F1709_fuerschj_476.raw	NT=ms-proteomics;VV=v1.1.0	NT=crosslinking;VV=v1.0.0
PXD026244_F1804_voormannc_081	Saccharomyces cerevisiae	not available	not available	201	PXD026244_F1804_voormannc_081_assay	proteomic profiling by mass spectrometry	data-dependent acquisition	NT=label free sample;AC=MS:1002038	1	1	not available	NT=Trypsin;AC=MS:1001251	NT=Carbamidomethyl;AC=UNIMOD:4;TA=C;MT=Fixed	NT=Oxidation;AC=UNIMOD:21;TA=M;MT=Variable	not available	not available	NT=DSS;AC=XLMOD:02001	size exclusion chromatography (SEC)	not available	not available	not available	not available	F1804_voormannc_081.raw	NT=ms-proteomics;VV=v1.1.0	NT=crosslinking;VV=v1.0.0
PXD026244_F2011_fuerschj_160	Saccharomyces cerevisiae	not available	not available	202	PXD026244_F2011_fuerschj_160_assay	proteomic profiling by mass spectrometry	data-dependent acquisition	NT=label free sample;AC=MS:1002038	1	1	not available	NT=Trypsin;AC=MS:1001251	NT=Carbamidomethyl;AC=UNIMOD:4;TA=C;MT=Fixed	NT=Oxidation;AC=UNIMOD:21;TA=M;MT=Variable	not available	not available	NT=DSS;AC=XLMOD:02001	size exclusion chromatography (SEC)	not available	not available	not available	not available	F2011_fuerschj_160.raw	NT=ms-proteomics;VV=v1.1.0	NT=crosslinking;VV=v1.0.0
PXD026244_F2011_fuerschj_288	Saccharomyces cerevisiae	not available	not available	203	PXD026244_F2011_fuerschj_288_assay	proteomic profiling by mass spectrometry	data-dependent acquisition	NT=label free sample;AC=MS:1002038	1	1	not available	NT=Trypsin;AC=MS:1001251	NT=Carbamidomethyl;AC=UNIMOD:4;TA=C;MT=Fixed	NT=Oxidation;AC=UNIMOD:21;TA=M;MT=Variable	not available	not available	NT=DSS;AC=XLMOD:02001	size exclusion chromatography (SEC)	not available	not available	not available	not available	F2011_fuerschj_288.raw	NT=ms-proteomics;VV=v1.1.0	NT=crosslinking;VV=v1.0.0
PXD026244_F1705_fuerschj_067	Saccharomyces cerevisiae	not available	not available	204	PXD026244_F1705_fuerschj_067_assay	proteomic profiling by mass spectrometry	data-dependent acquisition	NT=label free sample;AC=MS:1002038	1	1	not available	NT=Trypsin;AC=MS:1001251	NT=Carbamidomethyl;AC=UNIMOD:4;TA=C;MT=Fixed	NT=Oxidation;AC=UNIMOD:21;TA=M;MT=Variable	not available	not available	NT=DSS;AC=XLMOD:02001	size exclusion chromatography (SEC)	not available	not available	not available	not available	F1705_fuerschj_067.raw	NT=ms-proteomics;VV=v1.1.0	NT=crosslinking;VV=v1.0.0
PXD026244_F2104_fuerschj_243	Saccharomyces cerevisiae	not available	not available	205	PXD026244_F2104_fuerschj_243_assay	proteomic profiling by mass spectrometry	data-dependent acquisition	NT=label free sample;AC=MS:1002038	1	1	not available	NT=Trypsin;AC=MS:1001251	NT=Carbamidomethyl;AC=UNIMOD:4;TA=C;MT=Fixed	NT=Oxidation;AC=UNIMOD:21;TA=M;MT=Variable	not available	not available	NT=DSS;AC=XLMOD:02001	size exclusion chromatography (SEC)	not available	not available	not available	not available	F2104_fuerschj_243.raw	NT=ms-proteomics;VV=v1.1.0	NT=crosslinking;VV=v1.0.0
PXD026244_F2011_fuerschj_157	Saccharomyces cerevisiae	not available	not available	206	PXD026244_F2011_fuerschj_157_assay	proteomic profiling by mass spectrometry	data-dependent acquisition	NT=label free sample;AC=MS:1002038	1	1	not available	NT=Trypsin;AC=MS:1001251	NT=Carbamidomethyl;AC=UNIMOD:4;TA=C;MT=Fixed	NT=Oxidation;AC=UNIMOD:21;TA=M;MT=Variable	not available	not available	NT=DSS;AC=XLMOD:02001	size exclusion chromatography (SEC)	not available	not available	not available	not available	F2011_fuerschj_157.raw	NT=ms-proteomics;VV=v1.1.0	NT=crosslinking;VV=v1.0.0
PXD026244_F2011_fuerschj_145	Saccharomyces cerevisiae	not available	not available	207	PXD026244_F2011_fuerschj_145_assay	proteomic profiling by mass spectrometry	data-dependent acquisition	NT=label free sample;AC=MS:1002038	1	1	not available	NT=Trypsin;AC=MS:1001251	NT=Carbamidomethyl;AC=UNIMOD:4;TA=C;MT=Fixed	NT=Oxidation;AC=UNIMOD:21;TA=M;MT=Variable	not available	not available	NT=DSS;AC=XLMOD:02001	size exclusion chromatography (SEC)	not available	not available	not available	not available	F2011_fuerschj_145.raw	NT=ms-proteomics;VV=v1.1.0	NT=crosslinking;VV=v1.0.0
PXD026244_F2011_fuerschj_154	Saccharomyces cerevisiae	not available	not available	208	PXD026244_F2011_fuerschj_154_assay	proteomic profiling by mass spectrometry	data-dependent acquisition	NT=label free sample;AC=MS:1002038	1	1	not available	NT=Trypsin;AC=MS:1001251	NT=Carbamidomethyl;AC=UNIMOD:4;TA=C;MT=Fixed	NT=Oxidation;AC=UNIMOD:21;TA=M;MT=Variable	not available	not available	NT=DSS;AC=XLMOD:02001	size exclusion chromatography (SEC)	not available	not available	not available	not available	F2011_fuerschj_154.raw	NT=ms-proteomics;VV=v1.1.0	NT=crosslinking;VV=v1.0.0
PXD026244_F1709_fuerschj_340	Saccharomyces cerevisiae	not available	not available	209	PXD026244_F1709_fuerschj_340_assay	proteomic profiling by mass spectrometry	data-dependent acquisition	NT=label free sample;AC=MS:1002038	1	1	not available	NT=Trypsin;AC=MS:1001251	NT=Carbamidomethyl;AC=UNIMOD:4;TA=C;MT=Fixed	NT=Oxidation;AC=UNIMOD:21;TA=M;MT=Variable	not available	not available	NT=DSS;AC=XLMOD:02001	size exclusion chromatography (SEC)	not available	not available	not available	not available	F1709_fuerschj_340.raw	NT=ms-proteomics;VV=v1.1.0	NT=crosslinking;VV=v1.0.0
PXD026244_F2104_fuerschj_267	Saccharomyces cerevisiae	not available	not available	210	PXD026244_F2104_fuerschj_267_assay	proteomic profiling by mass spectrometry	data-dependent acquisition	NT=label free sample;AC=MS:1002038	1	1	not available	NT=Trypsin;AC=MS:1001251	NT=Carbamidomethyl;AC=UNIMOD:4;TA=C;MT=Fixed	NT=Oxidation;AC=UNIMOD:21;TA=M;MT=Variable	not available	not available	NT=DSS;AC=XLMOD:02001	size exclusion chromatography (SEC)	not available	not available	not available	not available	F2104_fuerschj_267.raw	NT=ms-proteomics;VV=v1.1.0	NT=crosslinking;VV=v1.0.0
PXD026244_F2104_fuerschj_236	Saccharomyces cerevisiae	not available	not available	211	PXD026244_F2104_fuerschj_236_assay	proteomic profiling by mass spectrometry	data-dependent acquisition	NT=label free sample;AC=MS:1002038	1	1	not available	NT=Trypsin;AC=MS:1001251	NT=Carbamidomethyl;AC=UNIMOD:4;TA=C;MT=Fixed	NT=Oxidation;AC=UNIMOD:21;TA=M;MT=Variable	not available	not available	NT=DSS;AC=XLMOD:02001	size exclusion chromatography (SEC)	not available	not available	not available	not available	F2104_fuerschj_236.raw	NT=ms-proteomics;VV=v1.1.0	NT=crosslinking;VV=v1.0.0
PXD026244_F1601_fuerschj_114	Saccharomyces cerevisiae	not available	not available	212	PXD026244_F1601_fuerschj_114_assay	proteomic profiling by mass spectrometry	data-dependent acquisition	NT=label free sample;AC=MS:1002038	1	1	not available	NT=Trypsin;AC=MS:1001251	NT=Carbamidomethyl;AC=UNIMOD:4;TA=C;MT=Fixed	NT=Oxidation;AC=UNIMOD:21;TA=M;MT=Variable	not available	not available	NT=DSS;AC=XLMOD:02001	size exclusion chromatography (SEC)	not available	not available	not available	not available	F1601_fuerschj_114.raw	NT=ms-proteomics;VV=v1.1.0	NT=crosslinking;VV=v1.0.0
PXD026244_F2104_fuerschj_264	Saccharomyces cerevisiae	not available	not available	213	PXD026244_F2104_fuerschj_264_assay	proteomic profiling by mass spectrometry	data-dependent acquisition	NT=label free sample;AC=MS:1002038	1	1	not available	NT=Trypsin;AC=MS:1001251	NT=Carbamidomethyl;AC=UNIMOD:4;TA=C;MT=Fixed	NT=Oxidation;AC=UNIMOD:21;TA=M;MT=Variable	not available	not available	NT=DSS;AC=XLMOD:02001	size exclusion chromatography (SEC)	not available	not available	not available	not available	F2104_fuerschj_264.raw	NT=ms-proteomics;VV=v1.1.0	NT=crosslinking;VV=v1.0.0
PXD026244_F2011_fuerschj_121	Saccharomyces cerevisiae	not available	not available	214	PXD026244_F2011_fuerschj_121_assay	proteomic profiling by mass spectrometry	data-dependent acquisition	NT=label free sample;AC=MS:1002038	1	1	not available	NT=Trypsin;AC=MS:1001251	NT=Carbamidomethyl;AC=UNIMOD:4;TA=C;MT=Fixed	NT=Oxidation;AC=UNIMOD:21;TA=M;MT=Variable	not available	not available	NT=DSS;AC=XLMOD:02001	size exclusion chromatography (SEC)	not available	not available	not available	not available	F2011_fuerschj_121.raw	NT=ms-proteomics;VV=v1.1.0	NT=crosslinking;VV=v1.0.0
PXD026244_F2011_fuerschj_129	Saccharomyces cerevisiae	not available	not available	215	PXD026244_F2011_fuerschj_129_assay	proteomic profiling by mass spectrometry	data-dependent acquisition	NT=label free sample;AC=MS:1002038	1	1	not available	NT=Trypsin;AC=MS:1001251	NT=Carbamidomethyl;AC=UNIMOD:4;TA=C;MT=Fixed	NT=Oxidation;AC=UNIMOD:21;TA=M;MT=Variable	not available	not available	NT=DSS;AC=XLMOD:02001	size exclusion chromatography (SEC)	not available	not available	not available	not available	F2011_fuerschj_129.raw	NT=ms-proteomics;VV=v1.1.0	NT=crosslinking;VV=v1.0.0
PXD026244_F2011_fuerschj_140	Saccharomyces cerevisiae	not available	not available	216	PXD026244_F2011_fuerschj_140_assay	proteomic profiling by mass spectrometry	data-dependent acquisition	NT=label free sample;AC=MS:1002038	1	1	not available	NT=Trypsin;AC=MS:1001251	NT=Carbamidomethyl;AC=UNIMOD:4;TA=C;MT=Fixed	NT=Oxidation;AC=UNIMOD:21;TA=M;MT=Variable	not available	not available	NT=DSS;AC=XLMOD:02001	size exclusion chromatography (SEC)	not available	not available	not available	not available	F2011_fuerschj_140.raw	NT=ms-proteomics;VV=v1.1.0	NT=crosslinking;VV=v1.0.0
PXD026244_F1608_fuerschj_356	Saccharomyces cerevisiae	not available	not available	217	PXD026244_F1608_fuerschj_356_assay	proteomic profiling by mass spectrometry	data-dependent acquisition	NT=label free sample;AC=MS:1002038	1	1	not available	NT=Trypsin;AC=MS:1001251	NT=Carbamidomethyl;AC=UNIMOD:4;TA=C;MT=Fixed	NT=Oxidation;AC=UNIMOD:21;TA=M;MT=Variable	not available	not available	NT=DSS;AC=XLMOD:02001	size exclusion chromatography (SEC)	not available	not available	not available	not available	F1608_fuerschj_356.raw	NT=ms-proteomics;VV=v1.1.0	NT=crosslinking;VV=v1.0.0
PXD026244_F1610_fuerschj_018	Saccharomyces cerevisiae	not available	not available	218	PXD026244_F1610_fuerschj_018_assay	proteomic profiling by mass spectrometry	data-dependent acquisition	NT=label free sample;AC=MS:1002038	1	1	not available	NT=Trypsin;AC=MS:1001251	NT=Carbamidomethyl;AC=UNIMOD:4;TA=C;MT=Fixed	NT=Oxidation;AC=UNIMOD:21;TA=M;MT=Variable	not available	not available	NT=DSS;AC=XLMOD:02001	size exclusion chromatography (SEC)	not available	not available	not available	not available	F1610_fuerschj_018.raw	NT=ms-proteomics;VV=v1.1.0	NT=crosslinking;VV=v1.0.0
PXD026244_F1707_fuerschj_115	Saccharomyces cerevisiae	not available	not available	219	PXD026244_F1707_fuerschj_115_assay	proteomic profiling by mass spectrometry	data-dependent acquisition	NT=label free sample;AC=MS:1002038	1	1	not available	NT=Trypsin;AC=MS:1001251	NT=Carbamidomethyl;AC=UNIMOD:4;TA=C;MT=Fixed	NT=Oxidation;AC=UNIMOD:21;TA=M;MT=Variable	not available	not available	NT=DSS;AC=XLMOD:02001	size exclusion chromatography (SEC)	not available	not available	not available	not available	F1707_fuerschj_115.raw	NT=ms-proteomics;VV=v1.1.0	NT=crosslinking;VV=v1.0.0
PXD026244_F1705_fuerschj_195	Saccharomyces cerevisiae	not available	not available	220	PXD026244_F1705_fuerschj_195_assay	proteomic profiling by mass spectrometry	data-dependent acquisition	NT=label free sample;AC=MS:1002038	1	1	not available	NT=Trypsin;AC=MS:1001251	NT=Carbamidomethyl;AC=UNIMOD:4;TA=C;MT=Fixed	NT=Oxidation;AC=UNIMOD:21;TA=M;MT=Variable	not available	not available	NT=DSS;AC=XLMOD:02001	size exclusion chromatography (SEC)	not available	not available	not available	not available	F1705_fuerschj_195.raw	NT=ms-proteomics;VV=v1.1.0	NT=crosslinking;VV=v1.0.0
PXD026244_F1707_fuerschj_120	Saccharomyces cerevisiae	not available	not available	221	PXD026244_F1707_fuerschj_120_assay	proteomic profiling by mass spectrometry	data-dependent acquisition	NT=label free sample;AC=MS:1002038	1	1	not available	NT=Trypsin;AC=MS:1001251	NT=Carbamidomethyl;AC=UNIMOD:4;TA=C;MT=Fixed	NT=Oxidation;AC=UNIMOD:21;TA=M;MT=Variable	not available	not available	NT=DSS;AC=XLMOD:02001	size exclusion chromatography (SEC)	not available	not available	not available	not available	F1707_fuerschj_120.raw	NT=ms-proteomics;VV=v1.1.0	NT=crosslinking;VV=v1.0.0
PXD026244_F2104_fuerschj_280	Saccharomyces cerevisiae	not available	not available	222	PXD026244_F2104_fuerschj_280_assay	proteomic profiling by mass spectrometry	data-dependent acquisition	NT=label free sample;AC=MS:1002038	1	1	not available	NT=Trypsin;AC=MS:1001251	NT=Carbamidomethyl;AC=UNIMOD:4;TA=C;MT=Fixed	NT=Oxidation;AC=UNIMOD:21;TA=M;MT=Variable	not available	not available	NT=DSS;AC=XLMOD:02001	size exclusion chromatography (SEC)	not available	not available	not available	not available	F2104_fuerschj_280.raw	NT=ms-proteomics;VV=v1.1.0	NT=crosslinking;VV=v1.0.0
PXD026244_F1705_fuerschj_032	Saccharomyces cerevisiae	not available	not available	223	PXD026244_F1705_fuerschj_032_assay	proteomic profiling by mass spectrometry	data-dependent acquisition	NT=label free sample;AC=MS:1002038	1	1	not available	NT=Trypsin;AC=MS:1001251	NT=Carbamidomethyl;AC=UNIMOD:4;TA=C;MT=Fixed	NT=Oxidation;AC=UNIMOD:21;TA=M;MT=Variable	not available	not available	NT=DSS;AC=XLMOD:02001	size exclusion chromatography (SEC)	not available	not available	not available	not available	F1705_fuerschj_032.raw	NT=ms-proteomics;VV=v1.1.0	NT=crosslinking;VV=v1.0.0
PXD026244_F1709_fuerschj_322	Saccharomyces cerevisiae	not available	not available	224	PXD026244_F1709_fuerschj_322_assay	proteomic profiling by mass spectrometry	data-dependent acquisition	NT=label free sample;AC=MS:1002038	1	1	not available	NT=Trypsin;AC=MS:1001251	NT=Carbamidomethyl;AC=UNIMOD:4;TA=C;MT=Fixed	NT=Oxidation;AC=UNIMOD:21;TA=M;MT=Variable	not available	not available	NT=DSS;AC=XLMOD:02001	size exclusion chromatography (SEC)	not available	not available	not available	not available	F1709_fuerschj_322.raw	NT=ms-proteomics;VV=v1.1.0	NT=crosslinking;VV=v1.0.0
PXD026244_F2011_fuerschj_248	Saccharomyces cerevisiae	not available	not available	225	PXD026244_F2011_fuerschj_248_assay	proteomic profiling by mass spectrometry	data-dependent acquisition	NT=label free sample;AC=MS:1002038	1	1	not available	NT=Trypsin;AC=MS:1001251	NT=Carbamidomethyl;AC=UNIMOD:4;TA=C;MT=Fixed	NT=Oxidation;AC=UNIMOD:21;TA=M;MT=Variable	not available	not available	NT=DSS;AC=XLMOD:02001	size exclusion chromatography (SEC)	not available	not available	not available	not available	F2011_fuerschj_248.raw	NT=ms-proteomics;VV=v1.1.0	NT=crosslinking;VV=v1.0.0
PXD026244_F1709_fuerschj_477	Saccharomyces cerevisiae	not available	not available	226	PXD026244_F1709_fuerschj_477_assay	proteomic profiling by mass spectrometry	data-dependent acquisition	NT=label free sample;AC=MS:1002038	1	1	not available	NT=Trypsin;AC=MS:1001251	NT=Carbamidomethyl;AC=UNIMOD:4;TA=C;MT=Fixed	NT=Oxidation;AC=UNIMOD:21;TA=M;MT=Variable	not available	not available	NT=DSS;AC=XLMOD:02001	size exclusion chromatography (SEC)	not available	not available	not available	not available	F1709_fuerschj_477.raw	NT=ms-proteomics;VV=v1.1.0	NT=crosslinking;VV=v1.0.0
PXD026244_F1705_fuerschj_037	Saccharomyces cerevisiae	not available	not available	227	PXD026244_F1705_fuerschj_037_assay	proteomic profiling by mass spectrometry	data-dependent acquisition	NT=label free sample;AC=MS:1002038	1	1	not available	NT=Trypsin;AC=MS:1001251	NT=Carbamidomethyl;AC=UNIMOD:4;TA=C;MT=Fixed	NT=Oxidation;AC=UNIMOD:21;TA=M;MT=Variable	not available	not available	NT=DSS;AC=XLMOD:02001	size exclusion chromatography (SEC)	not available	not available	not available	not available	F1705_fuerschj_037.raw	NT=ms-proteomics;VV=v1.1.0	NT=crosslinking;VV=v1.0.0
PXD026244_F2104_fuerschj_295	Saccharomyces cerevisiae	not available	not available	228	PXD026244_F2104_fuerschj_295_assay	proteomic profiling by mass spectrometry	data-dependent acquisition	NT=label free sample;AC=MS:1002038	1	1	not available	NT=Trypsin;AC=MS:1001251	NT=Carbamidomethyl;AC=UNIMOD:4;TA=C;MT=Fixed	NT=Oxidation;AC=UNIMOD:21;TA=M;MT=Variable	not available	not available	NT=DSS;AC=XLMOD:02001	size exclusion chromatography (SEC)	not available	not available	not available	not available	F2104_fuerschj_295.raw	NT=ms-proteomics;VV=v1.1.0	NT=crosslinking;VV=v1.0.0
PXD026244_F1709_fuerschj_310	Saccharomyces cerevisiae	not available	not available	229	PXD026244_F1709_fuerschj_310_assay	proteomic profiling by mass spectrometry	data-dependent acquisition	NT=label free sample;AC=MS:1002038	1	1	not available	NT=Trypsin;AC=MS:1001251	NT=Carbamidomethyl;AC=UNIMOD:4;TA=C;MT=Fixed	NT=Oxidation;AC=UNIMOD:21;TA=M;MT=Variable	not available	not available	NT=DSS;AC=XLMOD:02001	size exclusion chromatography (SEC)	not available	not available	not available	not available	F1709_fuerschj_310.raw	NT=ms-proteomics;VV=v1.1.0	NT=crosslinking;VV=v1.0.0
PXD026244_F1804_voormannc_058	Saccharomyces cerevisiae	not available	not available	230	PXD026244_F1804_voormannc_058_assay	proteomic profiling by mass spectrometry	data-dependent acquisition	NT=label free sample;AC=MS:1002038	1	1	not available	NT=Trypsin;AC=MS:1001251	NT=Carbamidomethyl;AC=UNIMOD:4;TA=C;MT=Fixed	NT=Oxidation;AC=UNIMOD:21;TA=M;MT=Variable	not available	not available	NT=DSS;AC=XLMOD:02001	size exclusion chromatography (SEC)	not available	not available	not available	not available	F1804_voormannc_058.raw	NT=ms-proteomics;VV=v1.1.0	NT=crosslinking;VV=v1.0.0
PXD026244_F1707_fuerschj_93	Saccharomyces cerevisiae	not available	not available	231	PXD026244_F1707_fuerschj_93_assay	proteomic profiling by mass spectrometry	data-dependent acquisition	NT=label free sample;AC=MS:1002038	1	1	not available	NT=Trypsin;AC=MS:1001251	NT=Carbamidomethyl;AC=UNIMOD:4;TA=C;MT=Fixed	NT=Oxidation;AC=UNIMOD:21;TA=M;MT=Variable	not available	not available	NT=DSS;AC=XLMOD:02001	size exclusion chromatography (SEC)	not available	not available	not available	not available	F1707_fuerschj_93.raw	NT=ms-proteomics;VV=v1.1.0	NT=crosslinking;VV=v1.0.0
PXD026244_F1707_fuerschj_94	Saccharomyces cerevisiae	not available	not available	232	PXD026244_F1707_fuerschj_94_assay	proteomic profiling by mass spectrometry	data-dependent acquisition	NT=label free sample;AC=MS:1002038	1	1	not available	NT=Trypsin;AC=MS:1001251	NT=Carbamidomethyl;AC=UNIMOD:4;TA=C;MT=Fixed	NT=Oxidation;AC=UNIMOD:21;TA=M;MT=Variable	not available	not available	NT=DSS;AC=XLMOD:02001	size exclusion chromatography (SEC)	not available	not available	not available	not available	F1707_fuerschj_94.raw	NT=ms-proteomics;VV=v1.1.0	NT=crosslinking;VV=v1.0.0
PXD026244_F1705_fuerschj_046	Saccharomyces cerevisiae	not available	not available	233	PXD026244_F1705_fuerschj_046_assay	proteomic profiling by mass spectrometry	data-dependent acquisition	NT=label free sample;AC=MS:1002038	1	1	not available	NT=Trypsin;AC=MS:1001251	NT=Carbamidomethyl;AC=UNIMOD:4;TA=C;MT=Fixed	NT=Oxidation;AC=UNIMOD:21;TA=M;MT=Variable	not available	not available	NT=DSS;AC=XLMOD:02001	size exclusion chromatography (SEC)	not available	not available	not available	not available	F1705_fuerschj_046.raw	NT=ms-proteomics;VV=v1.1.0	NT=crosslinking;VV=v1.0.0
PXD026244_F1705_fuerschj_038	Saccharomyces cerevisiae	not available	not available	234	PXD026244_F1705_fuerschj_038_assay	proteomic profiling by mass spectrometry	data-dependent acquisition	NT=label free sample;AC=MS:1002038	1	1	not available	NT=Trypsin;AC=MS:1001251	NT=Carbamidomethyl;AC=UNIMOD:4;TA=C;MT=Fixed	NT=Oxidation;AC=UNIMOD:21;TA=M;MT=Variable	not available	not available	NT=DSS;AC=XLMOD:02001	size exclusion chromatography (SEC)	not available	not available	not available	not available	F1705_fuerschj_038.raw	NT=ms-proteomics;VV=v1.1.0	NT=crosslinking;VV=v1.0.0
PXD026244_F2011_fuerschj_139	Saccharomyces cerevisiae	not available	not available	235	PXD026244_F2011_fuerschj_139_assay	proteomic profiling by mass spectrometry	data-dependent acquisition	NT=label free sample;AC=MS:1002038	1	1	not available	NT=Trypsin;AC=MS:1001251	NT=Carbamidomethyl;AC=UNIMOD:4;TA=C;MT=Fixed	NT=Oxidation;AC=UNIMOD:21;TA=M;MT=Variable	not available	not available	NT=DSS;AC=XLMOD:02001	size exclusion chromatography (SEC)	not available	not available	not available	not available	F2011_fuerschj_139.raw	NT=ms-proteomics;VV=v1.1.0	NT=crosslinking;VV=v1.0.0
PXD026244_F2011_fuerschj_091	Saccharomyces cerevisiae	not available	not available	236	PXD026244_F2011_fuerschj_091_assay	proteomic profiling by mass spectrometry	data-dependent acquisition	NT=label free sample;AC=MS:1002038	1	1	not available	NT=Trypsin;AC=MS:1001251	NT=Carbamidomethyl;AC=UNIMOD:4;TA=C;MT=Fixed	NT=Oxidation;AC=UNIMOD:21;TA=M;MT=Variable	not available	not available	NT=DSS;AC=XLMOD:02001	size exclusion chromatography (SEC)	not available	not available	not available	not available	F2011_fuerschj_091.raw	NT=ms-proteomics;VV=v1.1.0	NT=crosslinking;VV=v1.0.0
PXD026244_F2011_fuerschj_172	Saccharomyces cerevisiae	not available	not available	237	PXD026244_F2011_fuerschj_172_assay	proteomic profiling by mass spectrometry	data-dependent acquisition	NT=label free sample;AC=MS:1002038	1	1	not available	NT=Trypsin;AC=MS:1001251	NT=Carbamidomethyl;AC=UNIMOD:4;TA=C;MT=Fixed	NT=Oxidation;AC=UNIMOD:21;TA=M;MT=Variable	not available	not available	NT=DSS;AC=XLMOD:02001	size exclusion chromatography (SEC)	not available	not available	not available	not available	F2011_fuerschj_172.raw	NT=ms-proteomics;VV=v1.1.0	NT=crosslinking;VV=v1.0.0
PXD026244_F1709_fuerschj_314	Saccharomyces cerevisiae	not available	not available	238	PXD026244_F1709_fuerschj_314_assay	proteomic profiling by mass spectrometry	data-dependent acquisition	NT=label free sample;AC=MS:1002038	1	1	not available	NT=Trypsin;AC=MS:1001251	NT=Carbamidomethyl;AC=UNIMOD:4;TA=C;MT=Fixed	NT=Oxidation;AC=UNIMOD:21;TA=M;MT=Variable	not available	not available	NT=DSS;AC=XLMOD:02001	size exclusion chromatography (SEC)	not available	not available	not available	not available	F1709_fuerschj_314.raw	NT=ms-proteomics;VV=v1.1.0	NT=crosslinking;VV=v1.0.0
PXD026244_F2011_fuerschj_100	Saccharomyces cerevisiae	not available	not available	239	PXD026244_F2011_fuerschj_100_assay	proteomic profiling by mass spectrometry	data-dependent acquisition	NT=label free sample;AC=MS:1002038	1	1	not available	NT=Trypsin;AC=MS:1001251	NT=Carbamidomethyl;AC=UNIMOD:4;TA=C;MT=Fixed	NT=Oxidation;AC=UNIMOD:21;TA=M;MT=Variable	not available	not available	NT=DSS;AC=XLMOD:02001	size exclusion chromatography (SEC)	not available	not available	not available	not available	F2011_fuerschj_100.raw	NT=ms-proteomics;VV=v1.1.0	NT=crosslinking;VV=v1.0.0
PXD026244_F2104_fuerschj_251	Saccharomyces cerevisiae	not available	not available	240	PXD026244_F2104_fuerschj_251_assay	proteomic profiling by mass spectrometry	data-dependent acquisition	NT=label free sample;AC=MS:1002038	1	1	not available	NT=Trypsin;AC=MS:1001251	NT=Carbamidomethyl;AC=UNIMOD:4;TA=C;MT=Fixed	NT=Oxidation;AC=UNIMOD:21;TA=M;MT=Variable	not available	not available	NT=DSS;AC=XLMOD:02001	size exclusion chromatography (SEC)	not available	not available	not available	not available	F2104_fuerschj_251.raw	NT=ms-proteomics;VV=v1.1.0	NT=crosslinking;VV=v1.0.0
PXD026244_F2011_fuerschj_132	Saccharomyces cerevisiae	not available	not available	241	PXD026244_F2011_fuerschj_132_assay	proteomic profiling by mass spectrometry	data-dependent acquisition	NT=label free sample;AC=MS:1002038	1	1	not available	NT=Trypsin;AC=MS:1001251	NT=Carbamidomethyl;AC=UNIMOD:4;TA=C;MT=Fixed	NT=Oxidation;AC=UNIMOD:21;TA=M;MT=Variable	not available	not available	NT=DSS;AC=XLMOD:02001	size exclusion chromatography (SEC)	not available	not available	not available	not available	F2011_fuerschj_132.raw	NT=ms-proteomics;VV=v1.1.0	NT=crosslinking;VV=v1.0.0
PXD026244_F2011_fuerschj_130	Saccharomyces cerevisiae	not available	not available	242	PXD026244_F2011_fuerschj_130_assay	proteomic profiling by mass spectrometry	data-dependent acquisition	NT=label free sample;AC=MS:1002038	1	1	not available	NT=Trypsin;AC=MS:1001251	NT=Carbamidomethyl;AC=UNIMOD:4;TA=C;MT=Fixed	NT=Oxidation;AC=UNIMOD:21;TA=M;MT=Variable	not available	not available	NT=DSS;AC=XLMOD:02001	size exclusion chromatography (SEC)	not available	not available	not available	not available	F2011_fuerschj_130.raw	NT=ms-proteomics;VV=v1.1.0	NT=crosslinking;VV=v1.0.0
PXD026244_F1709_fuerschj_482	Saccharomyces cerevisiae	not available	not available	243	PXD026244_F1709_fuerschj_482_assay	proteomic profiling by mass spectrometry	data-dependent acquisition	NT=label free sample;AC=MS:1002038	1	1	not available	NT=Trypsin;AC=MS:1001251	NT=Carbamidomethyl;AC=UNIMOD:4;TA=C;MT=Fixed	NT=Oxidation;AC=UNIMOD:21;TA=M;MT=Variable	not available	not available	NT=DSS;AC=XLMOD:02001	size exclusion chromatography (SEC)	not available	not available	not available	not available	F1709_fuerschj_482.raw	NT=ms-proteomics;VV=v1.1.0	NT=crosslinking;VV=v1.0.0
PXD026244_F1707_fuerschj_132	Saccharomyces cerevisiae	not available	not available	244	PXD026244_F1707_fuerschj_132_assay	proteomic profiling by mass spectrometry	data-dependent acquisition	NT=label free sample;AC=MS:1002038	1	1	not available	NT=Trypsin;AC=MS:1001251	NT=Carbamidomethyl;AC=UNIMOD:4;TA=C;MT=Fixed	NT=Oxidation;AC=UNIMOD:21;TA=M;MT=Variable	not available	not available	NT=DSS;AC=XLMOD:02001	size exclusion chromatography (SEC)	not available	not available	not available	not available	F1707_fuerschj_132.raw	NT=ms-proteomics;VV=v1.1.0	NT=crosslinking;VV=v1.0.0
PXD026244_F1707_fuerschj_96	Saccharomyces cerevisiae	not available	not available	245	PXD026244_F1707_fuerschj_96_assay	proteomic profiling by mass spectrometry	data-dependent acquisition	NT=label free sample;AC=MS:1002038	1	1	not available	NT=Trypsin;AC=MS:1001251	NT=Carbamidomethyl;AC=UNIMOD:4;TA=C;MT=Fixed	NT=Oxidation;AC=UNIMOD:21;TA=M;MT=Variable	not available	not available	NT=DSS;AC=XLMOD:02001	size exclusion chromatography (SEC)	not available	not available	not available	not available	F1707_fuerschj_96.raw	NT=ms-proteomics;VV=v1.1.0	NT=crosslinking;VV=v1.0.0
PXD026244_F1707_fuerschj_105	Saccharomyces cerevisiae	not available	not available	246	PXD026244_F1707_fuerschj_105_assay	proteomic profiling by mass spectrometry	data-dependent acquisition	NT=label free sample;AC=MS:1002038	1	1	not available	NT=Trypsin;AC=MS:1001251	NT=Carbamidomethyl;AC=UNIMOD:4;TA=C;MT=Fixed	NT=Oxidation;AC=UNIMOD:21;TA=M;MT=Variable	not available	not available	NT=DSS;AC=XLMOD:02001	size exclusion chromatography (SEC)	not available	not available	not available	not available	F1707_fuerschj_105.raw	NT=ms-proteomics;VV=v1.1.0	NT=crosslinking;VV=v1.0.0
PXD026244_F1707_fuerschj_89	Saccharomyces cerevisiae	not available	not available	247	PXD026244_F1707_fuerschj_89_assay	proteomic profiling by mass spectrometry	data-dependent acquisition	NT=label free sample;AC=MS:1002038	1	1	not available	NT=Trypsin;AC=MS:1001251	NT=Carbamidomethyl;AC=UNIMOD:4;TA=C;MT=Fixed	NT=Oxidation;AC=UNIMOD:21;TA=M;MT=Variable	not available	not available	NT=DSS;AC=XLMOD:02001	size exclusion chromatography (SEC)	not available	not available	not available	not available	F1707_fuerschj_89.raw	NT=ms-proteomics;VV=v1.1.0	NT=crosslinking;VV=v1.0.0
PXD026244_F2104_fuerschj_309	Saccharomyces cerevisiae	not available	not available	248	PXD026244_F2104_fuerschj_309_assay	proteomic profiling by mass spectrometry	data-dependent acquisition	NT=label free sample;AC=MS:1002038	1	1	not available	NT=Trypsin;AC=MS:1001251	NT=Carbamidomethyl;AC=UNIMOD:4;TA=C;MT=Fixed	NT=Oxidation;AC=UNIMOD:21;TA=M;MT=Variable	not available	not available	NT=DSS;AC=XLMOD:02001	size exclusion chromatography (SEC)	not available	not available	not available	not available	F2104_fuerschj_309.raw	NT=ms-proteomics;VV=v1.1.0	NT=crosslinking;VV=v1.0.0
PXD026244_F1707_fuerschj_145	Saccharomyces cerevisiae	not available	not available	249	PXD026244_F1707_fuerschj_145_assay	proteomic profiling by mass spectrometry	data-dependent acquisition	NT=label free sample;AC=MS:1002038	1	1	not available	NT=Trypsin;AC=MS:1001251	NT=Carbamidomethyl;AC=UNIMOD:4;TA=C;MT=Fixed	NT=Oxidation;AC=UNIMOD:21;TA=M;MT=Variable	not available	not available	NT=DSS;AC=XLMOD:02001	size exclusion chromatography (SEC)	not available	not available	not available	not available	F1707_fuerschj_145.raw	NT=ms-proteomics;VV=v1.1.0	NT=crosslinking;VV=v1.0.0
PXD026244_F2011_fuerschj_287	Saccharomyces cerevisiae	not available	not available	250	PXD026244_F2011_fuerschj_287_assay	proteomic profiling by mass spectrometry	data-dependent acquisition	NT=label free sample;AC=MS:1002038	1	1	not available	NT=Trypsin;AC=MS:1001251	NT=Carbamidomethyl;AC=UNIMOD:4;TA=C;MT=Fixed	NT=Oxidation;AC=UNIMOD:21;TA=M;MT=Variable	not available	not available	NT=DSS;AC=XLMOD:02001	size exclusion chromatography (SEC)	not available	not available	not available	not available	F2011_fuerschj_287.raw	NT=ms-proteomics;VV=v1.1.0	NT=crosslinking;VV=v1.0.0
PXD026244_F2011_fuerschj_242	Saccharomyces cerevisiae	not available	not available	251	PXD026244_F2011_fuerschj_242_assay	proteomic profiling by mass spectrometry	data-dependent acquisition	NT=label free sample;AC=MS:1002038	1	1	not available	NT=Trypsin;AC=MS:1001251	NT=Carbamidomethyl;AC=UNIMOD:4;TA=C;MT=Fixed	NT=Oxidation;AC=UNIMOD:21;TA=M;MT=Variable	not available	not available	NT=DSS;AC=XLMOD:02001	size exclusion chromatography (SEC)	not available	not available	not available	not available	F2011_fuerschj_242.raw	NT=ms-proteomics;VV=v1.1.0	NT=crosslinking;VV=v1.0.0
PXD026244_F2104_fuerschj_233	Saccharomyces cerevisiae	not available	not available	252	PXD026244_F2104_fuerschj_233_assay	proteomic profiling by mass spectrometry	data-dependent acquisition	NT=label free sample;AC=MS:1002038	1	1	not available	NT=Trypsin;AC=MS:1001251	NT=Carbamidomethyl;AC=UNIMOD:4;TA=C;MT=Fixed	NT=Oxidation;AC=UNIMOD:21;TA=M;MT=Variable	not available	not available	NT=DSS;AC=XLMOD:02001	size exclusion chromatography (SEC)	not available	not available	not available	not available	F2104_fuerschj_233.raw	NT=ms-proteomics;VV=v1.1.0	NT=crosslinking;VV=v1.0.0
PXD026244_F2104_fuerschj_242	Saccharomyces cerevisiae	not available	not available	253	PXD026244_F2104_fuerschj_242_assay	proteomic profiling by mass spectrometry	data-dependent acquisition	NT=label free sample;AC=MS:1002038	1	1	not available	NT=Trypsin;AC=MS:1001251	NT=Carbamidomethyl;AC=UNIMOD:4;TA=C;MT=Fixed	NT=Oxidation;AC=UNIMOD:21;TA=M;MT=Variable	not available	not available	NT=DSS;AC=XLMOD:02001	size exclusion chromatography (SEC)	not available	not available	not available	not available	F2104_fuerschj_242.raw	NT=ms-proteomics;VV=v1.1.0	NT=crosslinking;VV=v1.0.0
PXD026244_F2104_fuerschj_308	Saccharomyces cerevisiae	not available	not available	254	PXD026244_F2104_fuerschj_308_assay	proteomic profiling by mass spectrometry	data-dependent acquisition	NT=label free sample;AC=MS:1002038	1	1	not available	NT=Trypsin;AC=MS:1001251	NT=Carbamidomethyl;AC=UNIMOD:4;TA=C;MT=Fixed	NT=Oxidation;AC=UNIMOD:21;TA=M;MT=Variable	not available	not available	NT=DSS;AC=XLMOD:02001	size exclusion chromatography (SEC)	not available	not available	not available	not available	F2104_fuerschj_308.raw	NT=ms-proteomics;VV=v1.1.0	NT=crosslinking;VV=v1.0.0
PXD026244_F1803_voormannc_079	Saccharomyces cerevisiae	not available	not available	255	PXD026244_F1803_voormannc_079_assay	proteomic profiling by mass spectrometry	data-dependent acquisition	NT=label free sample;AC=MS:1002038	1	1	not available	NT=Trypsin;AC=MS:1001251	NT=Carbamidomethyl;AC=UNIMOD:4;TA=C;MT=Fixed	NT=Oxidation;AC=UNIMOD:21;TA=M;MT=Variable	not available	not available	NT=DSS;AC=XLMOD:02001	size exclusion chromatography (SEC)	not available	not available	not available	not available	F1803_voormannc_079.raw	NT=ms-proteomics;VV=v1.1.0	NT=crosslinking;VV=v1.0.0
PXD026244_F2104_fuerschj_244	Saccharomyces cerevisiae	not available	not available	256	PXD026244_F2104_fuerschj_244_assay	proteomic profiling by mass spectrometry	data-dependent acquisition	NT=label free sample;AC=MS:1002038	1	1	not available	NT=Trypsin;AC=MS:1001251	NT=Carbamidomethyl;AC=UNIMOD:4;TA=C;MT=Fixed	NT=Oxidation;AC=UNIMOD:21;TA=M;MT=Variable	not available	not available	NT=DSS;AC=XLMOD:02001	size exclusion chromatography (SEC)	not available	not available	not available	not available	F2104_fuerschj_244.raw	NT=ms-proteomics;VV=v1.1.0	NT=crosslinking;VV=v1.0.0
PXD026244_F2011_fuerschj_115	Saccharomyces cerevisiae	not available	not available	257	PXD026244_F2011_fuerschj_115_assay	proteomic profiling by mass spectrometry	data-dependent acquisition	NT=label free sample;AC=MS:1002038	1	1	not available	NT=Trypsin;AC=MS:1001251	NT=Carbamidomethyl;AC=UNIMOD:4;TA=C;MT=Fixed	NT=Oxidation;AC=UNIMOD:21;TA=M;MT=Variable	not available	not available	NT=DSS;AC=XLMOD:02001	size exclusion chromatography (SEC)	not available	not available	not available	not available	F2011_fuerschj_115.raw	NT=ms-proteomics;VV=v1.1.0	NT=crosslinking;VV=v1.0.0
PXD026244_F2011_fuerschj_247	Saccharomyces cerevisiae	not available	not available	258	PXD026244_F2011_fuerschj_247_assay	proteomic profiling by mass spectrometry	data-dependent acquisition	NT=label free sample;AC=MS:1002038	1	1	not available	NT=Trypsin;AC=MS:1001251	NT=Carbamidomethyl;AC=UNIMOD:4;TA=C;MT=Fixed	NT=Oxidation;AC=UNIMOD:21;TA=M;MT=Variable	not available	not available	NT=DSS;AC=XLMOD:02001	size exclusion chromatography (SEC)	not available	not available	not available	not available	F2011_fuerschj_247.raw	NT=ms-proteomics;VV=v1.1.0	NT=crosslinking;VV=v1.0.0
PXD026244_F1707_fuerschj_113	Saccharomyces cerevisiae	not available	not available	259	PXD026244_F1707_fuerschj_113_assay	proteomic profiling by mass spectrometry	data-dependent acquisition	NT=label free sample;AC=MS:1002038	1	1	not available	NT=Trypsin;AC=MS:1001251	NT=Carbamidomethyl;AC=UNIMOD:4;TA=C;MT=Fixed	NT=Oxidation;AC=UNIMOD:21;TA=M;MT=Variable	not available	not available	NT=DSS;AC=XLMOD:02001	size exclusion chromatography (SEC)	not available	not available	not available	not available	F1707_fuerschj_113.raw	NT=ms-proteomics;VV=v1.1.0	NT=crosslinking;VV=v1.0.0
PXD026244_F2011_fuerschj_116	Saccharomyces cerevisiae	not available	not available	260	PXD026244_F2011_fuerschj_116_assay	proteomic profiling by mass spectrometry	data-dependent acquisition	NT=label free sample;AC=MS:1002038	1	1	not available	NT=Trypsin;AC=MS:1001251	NT=Carbamidomethyl;AC=UNIMOD:4;TA=C;MT=Fixed	NT=Oxidation;AC=UNIMOD:21;TA=M;MT=Variable	not available	not available	NT=DSS;AC=XLMOD:02001	size exclusion chromatography (SEC)	not available	not available	not available	not available	F2011_fuerschj_116.raw	NT=ms-proteomics;VV=v1.1.0	NT=crosslinking;VV=v1.0.0
PXD026244_F2104_fuerschj_247	Saccharomyces cerevisiae	not available	not available	261	PXD026244_F2104_fuerschj_247_assay	proteomic profiling by mass spectrometry	data-dependent acquisition	NT=label free sample;AC=MS:1002038	1	1	not available	NT=Trypsin;AC=MS:1001251	NT=Carbamidomethyl;AC=UNIMOD:4;TA=C;MT=Fixed	NT=Oxidation;AC=UNIMOD:21;TA=M;MT=Variable	not available	not available	NT=DSS;AC=XLMOD:02001	size exclusion chromatography (SEC)	not available	not available	not available	not available	F2104_fuerschj_247.raw	NT=ms-proteomics;VV=v1.1.0	NT=crosslinking;VV=v1.0.0
PXD026244_F1707_fuerschj_99	Saccharomyces cerevisiae	not available	not available	262	PXD026244_F1707_fuerschj_99_assay	proteomic profiling by mass spectrometry	data-dependent acquisition	NT=label free sample;AC=MS:1002038	1	1	not available	NT=Trypsin;AC=MS:1001251	NT=Carbamidomethyl;AC=UNIMOD:4;TA=C;MT=Fixed	NT=Oxidation;AC=UNIMOD:21;TA=M;MT=Variable	not available	not available	NT=DSS;AC=XLMOD:02001	size exclusion chromatography (SEC)	not available	not available	not available	not available	F1707_fuerschj_99.raw	NT=ms-proteomics;VV=v1.1.0	NT=crosslinking;VV=v1.0.0
PXD026244_F1709_fuerschj_464	Saccharomyces cerevisiae	not available	not available	263	PXD026244_F1709_fuerschj_464_assay	proteomic profiling by mass spectrometry	data-dependent acquisition	NT=label free sample;AC=MS:1002038	1	1	not available	NT=Trypsin;AC=MS:1001251	NT=Carbamidomethyl;AC=UNIMOD:4;TA=C;MT=Fixed	NT=Oxidation;AC=UNIMOD:21;TA=M;MT=Variable	not available	not available	NT=DSS;AC=XLMOD:02001	size exclusion chromatography (SEC)	not available	not available	not available	not available	F1709_fuerschj_464.raw	NT=ms-proteomics;VV=v1.1.0	NT=crosslinking;VV=v1.0.0
PXD026244_F2103_fuerschj_062	Saccharomyces cerevisiae	not available	not available	264	PXD026244_F2103_fuerschj_062_assay	proteomic profiling by mass spectrometry	data-dependent acquisition	NT=label free sample;AC=MS:1002038	1	1	not available	NT=Trypsin;AC=MS:1001251	NT=Carbamidomethyl;AC=UNIMOD:4;TA=C;MT=Fixed	NT=Oxidation;AC=UNIMOD:21;TA=M;MT=Variable	not available	not available	NT=DSS;AC=XLMOD:02001	size exclusion chromatography (SEC)	not available	not available	not available	not available	F2103_fuerschj_062.raw	NT=ms-proteomics;VV=v1.1.0	NT=crosslinking;VV=v1.0.0
PXD026244_F1709_fuerschj_474	Saccharomyces cerevisiae	not available	not available	265	PXD026244_F1709_fuerschj_474_assay	proteomic profiling by mass spectrometry	data-dependent acquisition	NT=label free sample;AC=MS:1002038	1	1	not available	NT=Trypsin;AC=MS:1001251	NT=Carbamidomethyl;AC=UNIMOD:4;TA=C;MT=Fixed	NT=Oxidation;AC=UNIMOD:21;TA=M;MT=Variable	not available	not available	NT=DSS;AC=XLMOD:02001	size exclusion chromatography (SEC)	not available	not available	not available	not available	F1709_fuerschj_474.raw	NT=ms-proteomics;VV=v1.1.0	NT=crosslinking;VV=v1.0.0
PXD026244_F1803_voormannc_012	Saccharomyces cerevisiae	not available	not available	266	PXD026244_F1803_voormannc_012_assay	proteomic profiling by mass spectrometry	data-dependent acquisition	NT=label free sample;AC=MS:1002038	1	1	not available	NT=Trypsin;AC=MS:1001251	NT=Carbamidomethyl;AC=UNIMOD:4;TA=C;MT=Fixed	NT=Oxidation;AC=UNIMOD:21;TA=M;MT=Variable	not available	not available	NT=DSS;AC=XLMOD:02001	size exclusion chromatography (SEC)	not available	not available	not available	not available	F1803_voormannc_012.raw	NT=ms-proteomics;VV=v1.1.0	NT=crosslinking;VV=v1.0.0
PXD026244_F1707_fuerschj_91	Saccharomyces cerevisiae	not available	not available	267	PXD026244_F1707_fuerschj_91_assay	proteomic profiling by mass spectrometry	data-dependent acquisition	NT=label free sample;AC=MS:1002038	1	1	not available	NT=Trypsin;AC=MS:1001251	NT=Carbamidomethyl;AC=UNIMOD:4;TA=C;MT=Fixed	NT=Oxidation;AC=UNIMOD:21;TA=M;MT=Variable	not available	not available	NT=DSS;AC=XLMOD:02001	size exclusion chromatography (SEC)	not available	not available	not available	not available	F1707_fuerschj_91.raw	NT=ms-proteomics;VV=v1.1.0	NT=crosslinking;VV=v1.0.0
PXD026244_F2011_fuerschj_254	Saccharomyces cerevisiae	not available	not available	268	PXD026244_F2011_fuerschj_254_assay	proteomic profiling by mass spectrometry	data-dependent acquisition	NT=label free sample;AC=MS:1002038	1	1	not available	NT=Trypsin;AC=MS:1001251	NT=Carbamidomethyl;AC=UNIMOD:4;TA=C;MT=Fixed	NT=Oxidation;AC=UNIMOD:21;TA=M;MT=Variable	not available	not available	NT=DSS;AC=XLMOD:02001	size exclusion chromatography (SEC)	not available	not available	not available	not available	F2011_fuerschj_254.raw	NT=ms-proteomics;VV=v1.1.0	NT=crosslinking;VV=v1.0.0
PXD026244_F1705_fuerschj_035	Saccharomyces cerevisiae	not available	not available	269	PXD026244_F1705_fuerschj_035_assay	proteomic profiling by mass spectrometry	data-dependent acquisition	NT=label free sample;AC=MS:1002038	1	1	not available	NT=Trypsin;AC=MS:1001251	NT=Carbamidomethyl;AC=UNIMOD:4;TA=C;MT=Fixed	NT=Oxidation;AC=UNIMOD:21;TA=M;MT=Variable	not available	not available	NT=DSS;AC=XLMOD:02001	size exclusion chromatography (SEC)	not available	not available	not available	not available	F1705_fuerschj_035.raw	NT=ms-proteomics;VV=v1.1.0	NT=crosslinking;VV=v1.0.0
PXD026244_F1709_fuerschj_339	Saccharomyces cerevisiae	not available	not available	270	PXD026244_F1709_fuerschj_339_assay	proteomic profiling by mass spectrometry	data-dependent acquisition	NT=label free sample;AC=MS:1002038	1	1	not available	NT=Trypsin;AC=MS:1001251	NT=Carbamidomethyl;AC=UNIMOD:4;TA=C;MT=Fixed	NT=Oxidation;AC=UNIMOD:21;TA=M;MT=Variable	not available	not available	NT=DSS;AC=XLMOD:02001	size exclusion chromatography (SEC)	not available	not available	not available	not available	F1709_fuerschj_339.raw	NT=ms-proteomics;VV=v1.1.0	NT=crosslinking;VV=v1.0.0
PXD026244_F2011_fuerschj_136	Saccharomyces cerevisiae	not available	not available	271	PXD026244_F2011_fuerschj_136_assay	proteomic profiling by mass spectrometry	data-dependent acquisition	NT=label free sample;AC=MS:1002038	1	1	not available	NT=Trypsin;AC=MS:1001251	NT=Carbamidomethyl;AC=UNIMOD:4;TA=C;MT=Fixed	NT=Oxidation;AC=UNIMOD:21;TA=M;MT=Variable	not available	not available	NT=DSS;AC=XLMOD:02001	size exclusion chromatography (SEC)	not available	not available	not available	not available	F2011_fuerschj_136.raw	NT=ms-proteomics;VV=v1.1.0	NT=crosslinking;VV=v1.0.0
PXD026244_F2011_fuerschj_261	Saccharomyces cerevisiae	not available	not available	272	PXD026244_F2011_fuerschj_261_assay	proteomic profiling by mass spectrometry	data-dependent acquisition	NT=label free sample;AC=MS:1002038	1	1	not available	NT=Trypsin;AC=MS:1001251	NT=Carbamidomethyl;AC=UNIMOD:4;TA=C;MT=Fixed	NT=Oxidation;AC=UNIMOD:21;TA=M;MT=Variable	not available	not available	NT=DSS;AC=XLMOD:02001	size exclusion chromatography (SEC)	not available	not available	not available	not available	F2011_fuerschj_261.raw	NT=ms-proteomics;VV=v1.1.0	NT=crosslinking;VV=v1.0.0
PXD026244_F2011_fuerschj_299	Saccharomyces cerevisiae	not available	not available	273	PXD026244_F2011_fuerschj_299_assay	proteomic profiling by mass spectrometry	data-dependent acquisition	NT=label free sample;AC=MS:1002038	1	1	not available	NT=Trypsin;AC=MS:1001251	NT=Carbamidomethyl;AC=UNIMOD:4;TA=C;MT=Fixed	NT=Oxidation;AC=UNIMOD:21;TA=M;MT=Variable	not available	not available	NT=DSS;AC=XLMOD:02001	size exclusion chromatography (SEC)	not available	not available	not available	not available	F2011_fuerschj_299.raw	NT=ms-proteomics;VV=v1.1.0	NT=crosslinking;VV=v1.0.0
PXD026244_F1705_fuerschj_030	Saccharomyces cerevisiae	not available	not available	274	PXD026244_F1705_fuerschj_030_assay	proteomic profiling by mass spectrometry	data-dependent acquisition	NT=label free sample;AC=MS:1002038	1	1	not available	NT=Trypsin;AC=MS:1001251	NT=Carbamidomethyl;AC=UNIMOD:4;TA=C;MT=Fixed	NT=Oxidation;AC=UNIMOD:21;TA=M;MT=Variable	not available	not available	NT=DSS;AC=XLMOD:02001	size exclusion chromatography (SEC)	not available	not available	not available	not available	F1705_fuerschj_030.raw	NT=ms-proteomics;VV=v1.1.0	NT=crosslinking;VV=v1.0.0
PXD026244_F1705_fuerschj_119	Saccharomyces cerevisiae	not available	not available	275	PXD026244_F1705_fuerschj_119_assay	proteomic profiling by mass spectrometry	data-dependent acquisition	NT=label free sample;AC=MS:1002038	1	1	not available	NT=Trypsin;AC=MS:1001251	NT=Carbamidomethyl;AC=UNIMOD:4;TA=C;MT=Fixed	NT=Oxidation;AC=UNIMOD:21;TA=M;MT=Variable	not available	not available	NT=DSS;AC=XLMOD:02001	size exclusion chromatography (SEC)	not available	not available	not available	not available	F1705_fuerschj_119.raw	NT=ms-proteomics;VV=v1.1.0	NT=crosslinking;VV=v1.0.0
PXD026244_F1804_voormannc_059	Saccharomyces cerevisiae	not available	not available	276	PXD026244_F1804_voormannc_059_assay	proteomic profiling by mass spectrometry	data-dependent acquisition	NT=label free sample;AC=MS:1002038	1	1	not available	NT=Trypsin;AC=MS:1001251	NT=Carbamidomethyl;AC=UNIMOD:4;TA=C;MT=Fixed	NT=Oxidation;AC=UNIMOD:21;TA=M;MT=Variable	not available	not available	NT=DSS;AC=XLMOD:02001	size exclusion chromatography (SEC)	not available	not available	not available	not available	F1804_voormannc_059.raw	NT=ms-proteomics;VV=v1.1.0	NT=crosslinking;VV=v1.0.0
PXD026244_F2011_fuerschj_290	Saccharomyces cerevisiae	not available	not available	277	PXD026244_F2011_fuerschj_290_assay	proteomic profiling by mass spectrometry	data-dependent acquisition	NT=label free sample;AC=MS:1002038	1	1	not available	NT=Trypsin;AC=MS:1001251	NT=Carbamidomethyl;AC=UNIMOD:4;TA=C;MT=Fixed	NT=Oxidation;AC=UNIMOD:21;TA=M;MT=Variable	not available	not available	NT=DSS;AC=XLMOD:02001	size exclusion chromatography (SEC)	not available	not available	not available	not available	F2011_fuerschj_290.raw	NT=ms-proteomics;VV=v1.1.0	NT=crosslinking;VV=v1.0.0
PXD026244_F2011_fuerschj_257	Saccharomyces cerevisiae	not available	not available	278	PXD026244_F2011_fuerschj_257_assay	proteomic profiling by mass spectrometry	data-dependent acquisition	NT=label free sample;AC=MS:1002038	1	1	not available	NT=Trypsin;AC=MS:1001251	NT=Carbamidomethyl;AC=UNIMOD:4;TA=C;MT=Fixed	NT=Oxidation;AC=UNIMOD:21;TA=M;MT=Variable	not available	not available	NT=DSS;AC=XLMOD:02001	size exclusion chromatography (SEC)	not available	not available	not available	not available	F2011_fuerschj_257.raw	NT=ms-proteomics;VV=v1.1.0	NT=crosslinking;VV=v1.0.0
PXD026244_F2011_fuerschj_166	Saccharomyces cerevisiae	not available	not available	279	PXD026244_F2011_fuerschj_166_assay	proteomic profiling by mass spectrometry	data-dependent acquisition	NT=label free sample;AC=MS:1002038	1	1	not available	NT=Trypsin;AC=MS:1001251	NT=Carbamidomethyl;AC=UNIMOD:4;TA=C;MT=Fixed	NT=Oxidation;AC=UNIMOD:21;TA=M;MT=Variable	not available	not available	NT=DSS;AC=XLMOD:02001	size exclusion chromatography (SEC)	not available	not available	not available	not available	F2011_fuerschj_166.raw	NT=ms-proteomics;VV=v1.1.0	NT=crosslinking;VV=v1.0.0
PXD026244_F2011_fuerschj_243	Saccharomyces cerevisiae	not available	not available	280	PXD026244_F2011_fuerschj_243_assay	proteomic profiling by mass spectrometry	data-dependent acquisition	NT=label free sample;AC=MS:1002038	1	1	not available	NT=Trypsin;AC=MS:1001251	NT=Carbamidomethyl;AC=UNIMOD:4;TA=C;MT=Fixed	NT=Oxidation;AC=UNIMOD:21;TA=M;MT=Variable	not available	not available	NT=DSS;AC=XLMOD:02001	size exclusion chromatography (SEC)	not available	not available	not available	not available	F2011_fuerschj_243.raw	NT=ms-proteomics;VV=v1.1.0	NT=crosslinking;VV=v1.0.0
PXD026244_F1707_fuerschj_100	Saccharomyces cerevisiae	not available	not available	281	PXD026244_F1707_fuerschj_100_assay	proteomic profiling by mass spectrometry	data-dependent acquisition	NT=label free sample;AC=MS:1002038	1	1	not available	NT=Trypsin;AC=MS:1001251	NT=Carbamidomethyl;AC=UNIMOD:4;TA=C;MT=Fixed	NT=Oxidation;AC=UNIMOD:21;TA=M;MT=Variable	not available	not available	NT=DSS;AC=XLMOD:02001	size exclusion chromatography (SEC)	not available	not available	not available	not available	F1707_fuerschj_100.raw	NT=ms-proteomics;VV=v1.1.0	NT=crosslinking;VV=v1.0.0
PXD026244_F2011_fuerschj_269	Saccharomyces cerevisiae	not available	not available	282	PXD026244_F2011_fuerschj_269_assay	proteomic profiling by mass spectrometry	data-dependent acquisition	NT=label free sample;AC=MS:1002038	1	1	not available	NT=Trypsin;AC=MS:1001251	NT=Carbamidomethyl;AC=UNIMOD:4;TA=C;MT=Fixed	NT=Oxidation;AC=UNIMOD:21;TA=M;MT=Variable	not available	not available	NT=DSS;AC=XLMOD:02001	size exclusion chromatography (SEC)	not available	not available	not available	not available	F2011_fuerschj_269.raw	NT=ms-proteomics;VV=v1.1.0	NT=crosslinking;VV=v1.0.0
PXD026244_F1707_fuerschj_124	Saccharomyces cerevisiae	not available	not available	283	PXD026244_F1707_fuerschj_124_assay	proteomic profiling by mass spectrometry	data-dependent acquisition	NT=label free sample;AC=MS:1002038	1	1	not available	NT=Trypsin;AC=MS:1001251	NT=Carbamidomethyl;AC=UNIMOD:4;TA=C;MT=Fixed	NT=Oxidation;AC=UNIMOD:21;TA=M;MT=Variable	not available	not available	NT=DSS;AC=XLMOD:02001	size exclusion chromatography (SEC)	not available	not available	not available	not available	F1707_fuerschj_124.raw	NT=ms-proteomics;VV=v1.1.0	NT=crosslinking;VV=v1.0.0
PXD026244_F2011_fuerschj_268	Saccharomyces cerevisiae	not available	not available	284	PXD026244_F2011_fuerschj_268_assay	proteomic profiling by mass spectrometry	data-dependent acquisition	NT=label free sample;AC=MS:1002038	1	1	not available	NT=Trypsin;AC=MS:1001251	NT=Carbamidomethyl;AC=UNIMOD:4;TA=C;MT=Fixed	NT=Oxidation;AC=UNIMOD:21;TA=M;MT=Variable	not available	not available	NT=DSS;AC=XLMOD:02001	size exclusion chromatography (SEC)	not available	not available	not available	not available	F2011_fuerschj_268.raw	NT=ms-proteomics;VV=v1.1.0	NT=crosslinking;VV=v1.0.0
PXD026244_F1707_fuerschj_142	Saccharomyces cerevisiae	not available	not available	285	PXD026244_F1707_fuerschj_142_assay	proteomic profiling by mass spectrometry	data-dependent acquisition	NT=label free sample;AC=MS:1002038	1	1	not available	NT=Trypsin;AC=MS:1001251	NT=Carbamidomethyl;AC=UNIMOD:4;TA=C;MT=Fixed	NT=Oxidation;AC=UNIMOD:21;TA=M;MT=Variable	not available	not available	NT=DSS;AC=XLMOD:02001	size exclusion chromatography (SEC)	not available	not available	not available	not available	F1707_fuerschj_142.raw	NT=ms-proteomics;VV=v1.1.0	NT=crosslinking;VV=v1.0.0
PXD026244_F2011_fuerschj_118	Saccharomyces cerevisiae	not available	not available	286	PXD026244_F2011_fuerschj_118_assay	proteomic profiling by mass spectrometry	data-dependent acquisition	NT=label free sample;AC=MS:1002038	1	1	not available	NT=Trypsin;AC=MS:1001251	NT=Carbamidomethyl;AC=UNIMOD:4;TA=C;MT=Fixed	NT=Oxidation;AC=UNIMOD:21;TA=M;MT=Variable	not available	not available	NT=DSS;AC=XLMOD:02001	size exclusion chromatography (SEC)	not available	not available	not available	not available	F2011_fuerschj_118.raw	NT=ms-proteomics;VV=v1.1.0	NT=crosslinking;VV=v1.0.0
PXD026244_F1705_fuerschj_051	Saccharomyces cerevisiae	not available	not available	287	PXD026244_F1705_fuerschj_051_assay	proteomic profiling by mass spectrometry	data-dependent acquisition	NT=label free sample;AC=MS:1002038	1	1	not available	NT=Trypsin;AC=MS:1001251	NT=Carbamidomethyl;AC=UNIMOD:4;TA=C;MT=Fixed	NT=Oxidation;AC=UNIMOD:21;TA=M;MT=Variable	not available	not available	NT=DSS;AC=XLMOD:02001	size exclusion chromatography (SEC)	not available	not available	not available	not available	F1705_fuerschj_051.raw	NT=ms-proteomics;VV=v1.1.0	NT=crosslinking;VV=v1.0.0
PXD026244_F2103_fuerschj_063	Saccharomyces cerevisiae	not available	not available	288	PXD026244_F2103_fuerschj_063_assay	proteomic profiling by mass spectrometry	data-dependent acquisition	NT=label free sample;AC=MS:1002038	1	1	not available	NT=Trypsin;AC=MS:1001251	NT=Carbamidomethyl;AC=UNIMOD:4;TA=C;MT=Fixed	NT=Oxidation;AC=UNIMOD:21;TA=M;MT=Variable	not available	not available	NT=DSS;AC=XLMOD:02001	size exclusion chromatography (SEC)	not available	not available	not available	not available	F2103_fuerschj_063.raw	NT=ms-proteomics;VV=v1.1.0	NT=crosslinking;VV=v1.0.0
PXD026244_F1705_fuerschj_208	Saccharomyces cerevisiae	not available	not available	289	PXD026244_F1705_fuerschj_208_assay	proteomic profiling by mass spectrometry	data-dependent acquisition	NT=label free sample;AC=MS:1002038	1	1	not available	NT=Trypsin;AC=MS:1001251	NT=Carbamidomethyl;AC=UNIMOD:4;TA=C;MT=Fixed	NT=Oxidation;AC=UNIMOD:21;TA=M;MT=Variable	not available	not available	NT=DSS;AC=XLMOD:02001	size exclusion chromatography (SEC)	not available	not available	not available	not available	F1705_fuerschj_208.raw	NT=ms-proteomics;VV=v1.1.0	NT=crosslinking;VV=v1.0.0
PXD026244_F1705_fuerschj_056	Saccharomyces cerevisiae	not available	not available	290	PXD026244_F1705_fuerschj_056_assay	proteomic profiling by mass spectrometry	data-dependent acquisition	NT=label free sample;AC=MS:1002038	1	1	not available	NT=Trypsin;AC=MS:1001251	NT=Carbamidomethyl;AC=UNIMOD:4;TA=C;MT=Fixed	NT=Oxidation;AC=UNIMOD:21;TA=M;MT=Variable	not available	not available	NT=DSS;AC=XLMOD:02001	size exclusion chromatography (SEC)	not available	not available	not available	not available	F1705_fuerschj_056.raw	NT=ms-proteomics;VV=v1.1.0	NT=crosslinking;VV=v1.0.0
PXD026244_F1709_fuerschj_324	Saccharomyces cerevisiae	not available	not available	291	PXD026244_F1709_fuerschj_324_assay	proteomic profiling by mass spectrometry	data-dependent acquisition	NT=label free sample;AC=MS:1002038	1	1	not available	NT=Trypsin;AC=MS:1001251	NT=Carbamidomethyl;AC=UNIMOD:4;TA=C;MT=Fixed	NT=Oxidation;AC=UNIMOD:21;TA=M;MT=Variable	not available	not available	NT=DSS;AC=XLMOD:02001	size exclusion chromatography (SEC)	not available	not available	not available	not available	F1709_fuerschj_324.raw	NT=ms-proteomics;VV=v1.1.0	NT=crosslinking;VV=v1.0.0
PXD026244_F1803_voormannc_074	Saccharomyces cerevisiae	not available	not available	292	PXD026244_F1803_voormannc_074_assay	proteomic profiling by mass spectrometry	data-dependent acquisition	NT=label free sample;AC=MS:1002038	1	1	not available	NT=Trypsin;AC=MS:1001251	NT=Carbamidomethyl;AC=UNIMOD:4;TA=C;MT=Fixed	NT=Oxidation;AC=UNIMOD:21;TA=M;MT=Variable	not available	not available	NT=DSS;AC=XLMOD:02001	size exclusion chromatography (SEC)	not available	not available	not available	not available	F1803_voormannc_074.raw	NT=ms-proteomics;VV=v1.1.0	NT=crosslinking;VV=v1.0.0
PXD026244_F2104_fuerschj_271	Saccharomyces cerevisiae	not available	not available	293	PXD026244_F2104_fuerschj_271_assay	proteomic profiling by mass spectrometry	data-dependent acquisition	NT=label free sample;AC=MS:1002038	1	1	not available	NT=Trypsin;AC=MS:1001251	NT=Carbamidomethyl;AC=UNIMOD:4;TA=C;MT=Fixed	NT=Oxidation;AC=UNIMOD:21;TA=M;MT=Variable	not available	not available	NT=DSS;AC=XLMOD:02001	size exclusion chromatography (SEC)	not available	not available	not available	not available	F2104_fuerschj_271.raw	NT=ms-proteomics;VV=v1.1.0	NT=crosslinking;VV=v1.0.0
PXD026244_F1804_voormannc_075	Saccharomyces cerevisiae	not available	not available	294	PXD026244_F1804_voormannc_075_assay	proteomic profiling by mass spectrometry	data-dependent acquisition	NT=label free sample;AC=MS:1002038	1	1	not available	NT=Trypsin;AC=MS:1001251	NT=Carbamidomethyl;AC=UNIMOD:4;TA=C;MT=Fixed	NT=Oxidation;AC=UNIMOD:21;TA=M;MT=Variable	not available	not available	NT=DSS;AC=XLMOD:02001	size exclusion chromatography (SEC)	not available	not available	not available	not available	F1804_voormannc_075.raw	NT=ms-proteomics;VV=v1.1.0	NT=crosslinking;VV=v1.0.0
PXD026244_F1709_fuerschj_485	Saccharomyces cerevisiae	not available	not available	295	PXD026244_F1709_fuerschj_485_assay	proteomic profiling by mass spectrometry	data-dependent acquisition	NT=label free sample;AC=MS:1002038	1	1	not available	NT=Trypsin;AC=MS:1001251	NT=Carbamidomethyl;AC=UNIMOD:4;TA=C;MT=Fixed	NT=Oxidation;AC=UNIMOD:21;TA=M;MT=Variable	not available	not available	NT=DSS;AC=XLMOD:02001	size exclusion chromatography (SEC)	not available	not available	not available	not available	F1709_fuerschj_485.raw	NT=ms-proteomics;VV=v1.1.0	NT=crosslinking;VV=v1.0.0
PXD026244_F1707_fuerschj_103	Saccharomyces cerevisiae	not available	not available	296	PXD026244_F1707_fuerschj_103_assay	proteomic profiling by mass spectrometry	data-dependent acquisition	NT=label free sample;AC=MS:1002038	1	1	not available	NT=Trypsin;AC=MS:1001251	NT=Carbamidomethyl;AC=UNIMOD:4;TA=C;MT=Fixed	NT=Oxidation;AC=UNIMOD:21;TA=M;MT=Variable	not available	not available	NT=DSS;AC=XLMOD:02001	size exclusion chromatography (SEC)	not available	not available	not available	not available	F1707_fuerschj_103.raw	NT=ms-proteomics;VV=v1.1.0	NT=crosslinking;VV=v1.0.0
PXD026244_F2011_fuerschj_291	Saccharomyces cerevisiae	not available	not available	297	PXD026244_F2011_fuerschj_291_assay	proteomic profiling by mass spectrometry	data-dependent acquisition	NT=label free sample;AC=MS:1002038	1	1	not available	NT=Trypsin;AC=MS:1001251	NT=Carbamidomethyl;AC=UNIMOD:4;TA=C;MT=Fixed	NT=Oxidation;AC=UNIMOD:21;TA=M;MT=Variable	not available	not available	NT=DSS;AC=XLMOD:02001	size exclusion chromatography (SEC)	not available	not available	not available	not available	F2011_fuerschj_291.raw	NT=ms-proteomics;VV=v1.1.0	NT=crosslinking;VV=v1.0.0
PXD026244_F2011_fuerschj_128	Saccharomyces cerevisiae	not available	not available	298	PXD026244_F2011_fuerschj_128_assay	proteomic profiling by mass spectrometry	data-dependent acquisition	NT=label free sample;AC=MS:1002038	1	1	not available	NT=Trypsin;AC=MS:1001251	NT=Carbamidomethyl;AC=UNIMOD:4;TA=C;MT=Fixed	NT=Oxidation;AC=UNIMOD:21;TA=M;MT=Variable	not available	not available	NT=DSS;AC=XLMOD:02001	size exclusion chromatography (SEC)	not available	not available	not available	not available	F2011_fuerschj_128.raw	NT=ms-proteomics;VV=v1.1.0	NT=crosslinking;VV=v1.0.0
PXD026244_F2011_fuerschj_169	Saccharomyces cerevisiae	not available	not available	299	PXD026244_F2011_fuerschj_169_assay	proteomic profiling by mass spectrometry	data-dependent acquisition	NT=label free sample;AC=MS:1002038	1	1	not available	NT=Trypsin;AC=MS:1001251	NT=Carbamidomethyl;AC=UNIMOD:4;TA=C;MT=Fixed	NT=Oxidation;AC=UNIMOD:21;TA=M;MT=Variable	not available	not available	NT=DSS;AC=XLMOD:02001	size exclusion chromatography (SEC)	not available	not available	not available	not available	F2011_fuerschj_169.raw	NT=ms-proteomics;VV=v1.1.0	NT=crosslinking;VV=v1.0.0
PXD026244_F2011_fuerschj_123	Saccharomyces cerevisiae	not available	not available	300	PXD026244_F2011_fuerschj_123_assay	proteomic profiling by mass spectrometry	data-dependent acquisition	NT=label free sample;AC=MS:1002038	1	1	not available	NT=Trypsin;AC=MS:1001251	NT=Carbamidomethyl;AC=UNIMOD:4;TA=C;MT=Fixed	NT=Oxidation;AC=UNIMOD:21;TA=M;MT=Variable	not available	not available	NT=DSS;AC=XLMOD:02001	size exclusion chromatography (SEC)	not available	not available	not available	not available	F2011_fuerschj_123.raw	NT=ms-proteomics;VV=v1.1.0	NT=crosslinking;VV=v1.0.0
PXD026244_F2011_fuerschj_168	Saccharomyces cerevisiae	not available	not available	301	PXD026244_F2011_fuerschj_168_assay	proteomic profiling by mass spectrometry	data-dependent acquisition	NT=label free sample;AC=MS:1002038	1	1	not available	NT=Trypsin;AC=MS:1001251	NT=Carbamidomethyl;AC=UNIMOD:4;TA=C;MT=Fixed	NT=Oxidation;AC=UNIMOD:21;TA=M;MT=Variable	not available	not available	NT=DSS;AC=XLMOD:02001	size exclusion chromatography (SEC)	not available	not available	not available	not available	F2011_fuerschj_168.raw	NT=ms-proteomics;VV=v1.1.0	NT=crosslinking;VV=v1.0.0
PXD026244_F2011_fuerschj_158	Saccharomyces cerevisiae	not available	not available	302	PXD026244_F2011_fuerschj_158_assay	proteomic profiling by mass spectrometry	data-dependent acquisition	NT=label free sample;AC=MS:1002038	1	1	not available	NT=Trypsin;AC=MS:1001251	NT=Carbamidomethyl;AC=UNIMOD:4;TA=C;MT=Fixed	NT=Oxidation;AC=UNIMOD:21;TA=M;MT=Variable	not available	not available	NT=DSS;AC=XLMOD:02001	size exclusion chromatography (SEC)	not available	not available	not available	not available	F2011_fuerschj_158.raw	NT=ms-proteomics;VV=v1.1.0	NT=crosslinking;VV=v1.0.0
PXD026244_F1705_fuerschj_120	Saccharomyces cerevisiae	not available	not available	303	PXD026244_F1705_fuerschj_120_assay	proteomic profiling by mass spectrometry	data-dependent acquisition	NT=label free sample;AC=MS:1002038	1	1	not available	NT=Trypsin;AC=MS:1001251	NT=Carbamidomethyl;AC=UNIMOD:4;TA=C;MT=Fixed	NT=Oxidation;AC=UNIMOD:21;TA=M;MT=Variable	not available	not available	NT=DSS;AC=XLMOD:02001	size exclusion chromatography (SEC)	not available	not available	not available	not available	F1705_fuerschj_120.raw	NT=ms-proteomics;VV=v1.1.0	NT=crosslinking;VV=v1.0.0
PXD026244_F2011_fuerschj_264	Saccharomyces cerevisiae	not available	not available	304	PXD026244_F2011_fuerschj_264_assay	proteomic profiling by mass spectrometry	data-dependent acquisition	NT=label free sample;AC=MS:1002038	1	1	not available	NT=Trypsin;AC=MS:1001251	NT=Carbamidomethyl;AC=UNIMOD:4;TA=C;MT=Fixed	NT=Oxidation;AC=UNIMOD:21;TA=M;MT=Variable	not available	not available	NT=DSS;AC=XLMOD:02001	size exclusion chromatography (SEC)	not available	not available	not available	not available	F2011_fuerschj_264.raw	NT=ms-proteomics;VV=v1.1.0	NT=crosslinking;VV=v1.0.0
PXD026244_F1707_fuerschj_121	Saccharomyces cerevisiae	not available	not available	305	PXD026244_F1707_fuerschj_121_assay	proteomic profiling by mass spectrometry	data-dependent acquisition	NT=label free sample;AC=MS:1002038	1	1	not available	NT=Trypsin;AC=MS:1001251	NT=Carbamidomethyl;AC=UNIMOD:4;TA=C;MT=Fixed	NT=Oxidation;AC=UNIMOD:21;TA=M;MT=Variable	not available	not available	NT=DSS;AC=XLMOD:02001	size exclusion chromatography (SEC)	not available	not available	not available	not available	F1707_fuerschj_121.raw	NT=ms-proteomics;VV=v1.1.0	NT=crosslinking;VV=v1.0.0
PXD026244_F1709_fuerschj_325	Saccharomyces cerevisiae	not available	not available	306	PXD026244_F1709_fuerschj_325_assay	proteomic profiling by mass spectrometry	data-dependent acquisition	NT=label free sample;AC=MS:1002038	1	1	not available	NT=Trypsin;AC=MS:1001251	NT=Carbamidomethyl;AC=UNIMOD:4;TA=C;MT=Fixed	NT=Oxidation;AC=UNIMOD:21;TA=M;MT=Variable	not available	not available	NT=DSS;AC=XLMOD:02001	size exclusion chromatography (SEC)	not available	not available	not available	not available	F1709_fuerschj_325.raw	NT=ms-proteomics;VV=v1.1.0	NT=crosslinking;VV=v1.0.0
PXD026244_F2104_fuerschj_307	Saccharomyces cerevisiae	not available	not available	307	PXD026244_F2104_fuerschj_307_assay	proteomic profiling by mass spectrometry	data-dependent acquisition	NT=label free sample;AC=MS:1002038	1	1	not available	NT=Trypsin;AC=MS:1001251	NT=Carbamidomethyl;AC=UNIMOD:4;TA=C;MT=Fixed	NT=Oxidation;AC=UNIMOD:21;TA=M;MT=Variable	not available	not available	NT=DSS;AC=XLMOD:02001	size exclusion chromatography (SEC)	not available	not available	not available	not available	F2104_fuerschj_307.raw	NT=ms-proteomics;VV=v1.1.0	NT=crosslinking;VV=v1.0.0
PXD026244_F1608_fuerschj_355	Saccharomyces cerevisiae	not available	not available	308	PXD026244_F1608_fuerschj_355_assay	proteomic profiling by mass spectrometry	data-dependent acquisition	NT=label free sample;AC=MS:1002038	1	1	not available	NT=Trypsin;AC=MS:1001251	NT=Carbamidomethyl;AC=UNIMOD:4;TA=C;MT=Fixed	NT=Oxidation;AC=UNIMOD:21;TA=M;MT=Variable	not available	not available	NT=DSS;AC=XLMOD:02001	size exclusion chromatography (SEC)	not available	not available	not available	not available	F1608_fuerschj_355.raw	NT=ms-proteomics;VV=v1.1.0	NT=crosslinking;VV=v1.0.0
PXD026244_F2104_fuerschj_240	Saccharomyces cerevisiae	not available	not available	309	PXD026244_F2104_fuerschj_240_assay	proteomic profiling by mass spectrometry	data-dependent acquisition	NT=label free sample;AC=MS:1002038	1	1	not available	NT=Trypsin;AC=MS:1001251	NT=Carbamidomethyl;AC=UNIMOD:4;TA=C;MT=Fixed	NT=Oxidation;AC=UNIMOD:21;TA=M;MT=Variable	not available	not available	NT=DSS;AC=XLMOD:02001	size exclusion chromatography (SEC)	not available	not available	not available	not available	F2104_fuerschj_240.raw	NT=ms-proteomics;VV=v1.1.0	NT=crosslinking;VV=v1.0.0
PXD026244_F1709_fuerschj_459	Saccharomyces cerevisiae	not available	not available	310	PXD026244_F1709_fuerschj_459_assay	proteomic profiling by mass spectrometry	data-dependent acquisition	NT=label free sample;AC=MS:1002038	1	1	not available	NT=Trypsin;AC=MS:1001251	NT=Carbamidomethyl;AC=UNIMOD:4;TA=C;MT=Fixed	NT=Oxidation;AC=UNIMOD:21;TA=M;MT=Variable	not available	not available	NT=DSS;AC=XLMOD:02001	size exclusion chromatography (SEC)	not available	not available	not available	not available	F1709_fuerschj_459.raw	NT=ms-proteomics;VV=v1.1.0	NT=crosslinking;VV=v1.0.0
PXD026244_F2104_fuerschj_279	Saccharomyces cerevisiae	not available	not available	311	PXD026244_F2104_fuerschj_279_assay	proteomic profiling by mass spectrometry	data-dependent acquisition	NT=label free sample;AC=MS:1002038	1	1	not available	NT=Trypsin;AC=MS:1001251	NT=Carbamidomethyl;AC=UNIMOD:4;TA=C;MT=Fixed	NT=Oxidation;AC=UNIMOD:21;TA=M;MT=Variable	not available	not available	NT=DSS;AC=XLMOD:02001	size exclusion chromatography (SEC)	not available	not available	not available	not available	F2104_fuerschj_279.raw	NT=ms-proteomics;VV=v1.1.0	NT=crosslinking;VV=v1.0.0
PXD026244_F1705_fuerschj_062	Saccharomyces cerevisiae	not available	not available	312	PXD026244_F1705_fuerschj_062_assay	proteomic profiling by mass spectrometry	data-dependent acquisition	NT=label free sample;AC=MS:1002038	1	1	not available	NT=Trypsin;AC=MS:1001251	NT=Carbamidomethyl;AC=UNIMOD:4;TA=C;MT=Fixed	NT=Oxidation;AC=UNIMOD:21;TA=M;MT=Variable	not available	not available	NT=DSS;AC=XLMOD:02001	size exclusion chromatography (SEC)	not available	not available	not available	not available	F1705_fuerschj_062.raw	NT=ms-proteomics;VV=v1.1.0	NT=crosslinking;VV=v1.0.0
PXD026244_F2011_fuerschj_183	Saccharomyces cerevisiae	not available	not available	313	PXD026244_F2011_fuerschj_183_assay	proteomic profiling by mass spectrometry	data-dependent acquisition	NT=label free sample;AC=MS:1002038	1	1	not available	NT=Trypsin;AC=MS:1001251	NT=Carbamidomethyl;AC=UNIMOD:4;TA=C;MT=Fixed	NT=Oxidation;AC=UNIMOD:21;TA=M;MT=Variable	not available	not available	NT=DSS;AC=XLMOD:02001	size exclusion chromatography (SEC)	not available	not available	not available	not available	F2011_fuerschj_183.raw	NT=ms-proteomics;VV=v1.1.0	NT=crosslinking;VV=v1.0.0
PXD026244_F2011_fuerschj_283	Saccharomyces cerevisiae	not available	not available	314	PXD026244_F2011_fuerschj_283_assay	proteomic profiling by mass spectrometry	data-dependent acquisition	NT=label free sample;AC=MS:1002038	1	1	not available	NT=Trypsin;AC=MS:1001251	NT=Carbamidomethyl;AC=UNIMOD:4;TA=C;MT=Fixed	NT=Oxidation;AC=UNIMOD:21;TA=M;MT=Variable	not available	not available	NT=DSS;AC=XLMOD:02001	size exclusion chromatography (SEC)	not available	not available	not available	not available	F2011_fuerschj_283.raw	NT=ms-proteomics;VV=v1.1.0	NT=crosslinking;VV=v1.0.0
PXD026244_F1705_fuerschj_031	Saccharomyces cerevisiae	not available	not available	315	PXD026244_F1705_fuerschj_031_assay	proteomic profiling by mass spectrometry	data-dependent acquisition	NT=label free sample;AC=MS:1002038	1	1	not available	NT=Trypsin;AC=MS:1001251	NT=Carbamidomethyl;AC=UNIMOD:4;TA=C;MT=Fixed	NT=Oxidation;AC=UNIMOD:21;TA=M;MT=Variable	not available	not available	NT=DSS;AC=XLMOD:02001	size exclusion chromatography (SEC)	not available	not available	not available	not available	F1705_fuerschj_031.raw	NT=ms-proteomics;VV=v1.1.0	NT=crosslinking;VV=v1.0.0
PXD026244_F1707_fuerschj_98	Saccharomyces cerevisiae	not available	not available	316	PXD026244_F1707_fuerschj_98_assay	proteomic profiling by mass spectrometry	data-dependent acquisition	NT=label free sample;AC=MS:1002038	1	1	not available	NT=Trypsin;AC=MS:1001251	NT=Carbamidomethyl;AC=UNIMOD:4;TA=C;MT=Fixed	NT=Oxidation;AC=UNIMOD:21;TA=M;MT=Variable	not available	not available	NT=DSS;AC=XLMOD:02001	size exclusion chromatography (SEC)	not available	not available	not available	not available	F1707_fuerschj_98.raw	NT=ms-proteomics;VV=v1.1.0	NT=crosslinking;VV=v1.0.0
PXD026244_F2104_fuerschj_281	Saccharomyces cerevisiae	not available	not available	317	PXD026244_F2104_fuerschj_281_assay	proteomic profiling by mass spectrometry	data-dependent acquisition	NT=label free sample;AC=MS:1002038	1	1	not available	NT=Trypsin;AC=MS:1001251	NT=Carbamidomethyl;AC=UNIMOD:4;TA=C;MT=Fixed	NT=Oxidation;AC=UNIMOD:21;TA=M;MT=Variable	not available	not available	NT=DSS;AC=XLMOD:02001	size exclusion chromatography (SEC)	not available	not available	not available	not available	F2104_fuerschj_281.raw	NT=ms-proteomics;VV=v1.1.0	NT=crosslinking;VV=v1.0.0
PXD026244_F1707_fuerschj_108	Saccharomyces cerevisiae	not available	not available	318	PXD026244_F1707_fuerschj_108_assay	proteomic profiling by mass spectrometry	data-dependent acquisition	NT=label free sample;AC=MS:1002038	1	1	not available	NT=Trypsin;AC=MS:1001251	NT=Carbamidomethyl;AC=UNIMOD:4;TA=C;MT=Fixed	NT=Oxidation;AC=UNIMOD:21;TA=M;MT=Variable	not available	not available	NT=DSS;AC=XLMOD:02001	size exclusion chromatography (SEC)	not available	not available	not available	not available	F1707_fuerschj_108.raw	NT=ms-proteomics;VV=v1.1.0	NT=crosslinking;VV=v1.0.0
PXD026244_F1601_fuerschj_081_161109192548	Saccharomyces cerevisiae	not available	not available	319	PXD026244_F1601_fuerschj_081_161109192548_assay	proteomic profiling by mass spectrometry	data-dependent acquisition	NT=label free sample;AC=MS:1002038	1	1	not available	NT=Trypsin;AC=MS:1001251	NT=Carbamidomethyl;AC=UNIMOD:4;TA=C;MT=Fixed	NT=Oxidation;AC=UNIMOD:21;TA=M;MT=Variable	not available	not available	NT=DSS;AC=XLMOD:02001	size exclusion chromatography (SEC)	not available	not available	not available	not available	F1601_fuerschj_081_161109192548.raw	NT=ms-proteomics;VV=v1.1.0	NT=crosslinking;VV=v1.0.0
PXD026244_F2011_fuerschj_185	Saccharomyces cerevisiae	not available	not available	320	PXD026244_F2011_fuerschj_185_assay	proteomic profiling by mass spectrometry	data-dependent acquisition	NT=label free sample;AC=MS:1002038	1	1	not available	NT=Trypsin;AC=MS:1001251	NT=Carbamidomethyl;AC=UNIMOD:4;TA=C;MT=Fixed	NT=Oxidation;AC=UNIMOD:21;TA=M;MT=Variable	not available	not available	NT=DSS;AC=XLMOD:02001	size exclusion chromatography (SEC)	not available	not available	not available	not available	F2011_fuerschj_185.raw	NT=ms-proteomics;VV=v1.1.0	NT=crosslinking;VV=v1.0.0
PXD026244_F2011_fuerschj_250	Saccharomyces cerevisiae	not available	not available	321	PXD026244_F2011_fuerschj_250_assay	proteomic profiling by mass spectrometry	data-dependent acquisition	NT=label free sample;AC=MS:1002038	1	1	not available	NT=Trypsin;AC=MS:1001251	NT=Carbamidomethyl;AC=UNIMOD:4;TA=C;MT=Fixed	NT=Oxidation;AC=UNIMOD:21;TA=M;MT=Variable	not available	not available	NT=DSS;AC=XLMOD:02001	size exclusion chromatography (SEC)	not available	not available	not available	not available	F2011_fuerschj_250.raw	NT=ms-proteomics;VV=v1.1.0	NT=crosslinking;VV=v1.0.0
PXD026244_F1707_fuerschj_122	Saccharomyces cerevisiae	not available	not available	322	PXD026244_F1707_fuerschj_122_assay	proteomic profiling by mass spectrometry	data-dependent acquisition	NT=label free sample;AC=MS:1002038	1	1	not available	NT=Trypsin;AC=MS:1001251	NT=Carbamidomethyl;AC=UNIMOD:4;TA=C;MT=Fixed	NT=Oxidation;AC=UNIMOD:21;TA=M;MT=Variable	not available	not available	NT=DSS;AC=XLMOD:02001	size exclusion chromatography (SEC)	not available	not available	not available	not available	F1707_fuerschj_122.raw	NT=ms-proteomics;VV=v1.1.0	NT=crosslinking;VV=v1.0.0
PXD026244_F1705_fuerschj_117	Saccharomyces cerevisiae	not available	not available	323	PXD026244_F1705_fuerschj_117_assay	proteomic profiling by mass spectrometry	data-dependent acquisition	NT=label free sample;AC=MS:1002038	1	1	not available	NT=Trypsin;AC=MS:1001251	NT=Carbamidomethyl;AC=UNIMOD:4;TA=C;MT=Fixed	NT=Oxidation;AC=UNIMOD:21;TA=M;MT=Variable	not available	not available	NT=DSS;AC=XLMOD:02001	size exclusion chromatography (SEC)	not available	not available	not available	not available	F1705_fuerschj_117.raw	NT=ms-proteomics;VV=v1.1.0	NT=crosslinking;VV=v1.0.0
PXD026244_F1803_voormannc_013	Saccharomyces cerevisiae	not available	not available	324	PXD026244_F1803_voormannc_013_assay	proteomic profiling by mass spectrometry	data-dependent acquisition	NT=label free sample;AC=MS:1002038	1	1	not available	NT=Trypsin;AC=MS:1001251	NT=Carbamidomethyl;AC=UNIMOD:4;TA=C;MT=Fixed	NT=Oxidation;AC=UNIMOD:21;TA=M;MT=Variable	not available	not available	NT=DSS;AC=XLMOD:02001	size exclusion chromatography (SEC)	not available	not available	not available	not available	F1803_voormannc_013.raw	NT=ms-proteomics;VV=v1.1.0	NT=crosslinking;VV=v1.0.0
PXD026244_F2011_fuerschj_110	Saccharomyces cerevisiae	not available	not available	325	PXD026244_F2011_fuerschj_110_assay	proteomic profiling by mass spectrometry	data-dependent acquisition	NT=label free sample;AC=MS:1002038	1	1	not available	NT=Trypsin;AC=MS:1001251	NT=Carbamidomethyl;AC=UNIMOD:4;TA=C;MT=Fixed	NT=Oxidation;AC=UNIMOD:21;TA=M;MT=Variable	not available	not available	NT=DSS;AC=XLMOD:02001	size exclusion chromatography (SEC)	not available	not available	not available	not available	F2011_fuerschj_110.raw	NT=ms-proteomics;VV=v1.1.0	NT=crosslinking;VV=v1.0.0
PXD026244_F1705_fuerschj_043	Saccharomyces cerevisiae	not available	not available	326	PXD026244_F1705_fuerschj_043_assay	proteomic profiling by mass spectrometry	data-dependent acquisition	NT=label free sample;AC=MS:1002038	1	1	not available	NT=Trypsin;AC=MS:1001251	NT=Carbamidomethyl;AC=UNIMOD:4;TA=C;MT=Fixed	NT=Oxidation;AC=UNIMOD:21;TA=M;MT=Variable	not available	not available	NT=DSS;AC=XLMOD:02001	size exclusion chromatography (SEC)	not available	not available	not available	not available	F1705_fuerschj_043.raw	NT=ms-proteomics;VV=v1.1.0	NT=crosslinking;VV=v1.0.0
PXD026244_F2011_fuerschj_265	Saccharomyces cerevisiae	not available	not available	327	PXD026244_F2011_fuerschj_265_assay	proteomic profiling by mass spectrometry	data-dependent acquisition	NT=label free sample;AC=MS:1002038	1	1	not available	NT=Trypsin;AC=MS:1001251	NT=Carbamidomethyl;AC=UNIMOD:4;TA=C;MT=Fixed	NT=Oxidation;AC=UNIMOD:21;TA=M;MT=Variable	not available	not available	NT=DSS;AC=XLMOD:02001	size exclusion chromatography (SEC)	not available	not available	not available	not available	F2011_fuerschj_265.raw	NT=ms-proteomics;VV=v1.1.0	NT=crosslinking;VV=v1.0.0
PXD026244_F1601_fuerschj_079_161109163803	Saccharomyces cerevisiae	not available	not available	328	PXD026244_F1601_fuerschj_079_161109163803_assay	proteomic profiling by mass spectrometry	data-dependent acquisition	NT=label free sample;AC=MS:1002038	1	1	not available	NT=Trypsin;AC=MS:1001251	NT=Carbamidomethyl;AC=UNIMOD:4;TA=C;MT=Fixed	NT=Oxidation;AC=UNIMOD:21;TA=M;MT=Variable	not available	not available	NT=DSS;AC=XLMOD:02001	size exclusion chromatography (SEC)	not available	not available	not available	not available	F1601_fuerschj_079_161109163803.raw	NT=ms-proteomics;VV=v1.1.0	NT=crosslinking;VV=v1.0.0
PXD026244_F2011_fuerschj_153	Saccharomyces cerevisiae	not available	not available	329	PXD026244_F2011_fuerschj_153_assay	proteomic profiling by mass spectrometry	data-dependent acquisition	NT=label free sample;AC=MS:1002038	1	1	not available	NT=Trypsin;AC=MS:1001251	NT=Carbamidomethyl;AC=UNIMOD:4;TA=C;MT=Fixed	NT=Oxidation;AC=UNIMOD:21;TA=M;MT=Variable	not available	not available	NT=DSS;AC=XLMOD:02001	size exclusion chromatography (SEC)	not available	not available	not available	not available	F2011_fuerschj_153.raw	NT=ms-proteomics;VV=v1.1.0	NT=crosslinking;VV=v1.0.0
PXD026244_F2011_fuerschj_253	Saccharomyces cerevisiae	not available	not available	330	PXD026244_F2011_fuerschj_253_assay	proteomic profiling by mass spectrometry	data-dependent acquisition	NT=label free sample;AC=MS:1002038	1	1	not available	NT=Trypsin;AC=MS:1001251	NT=Carbamidomethyl;AC=UNIMOD:4;TA=C;MT=Fixed	NT=Oxidation;AC=UNIMOD:21;TA=M;MT=Variable	not available	not available	NT=DSS;AC=XLMOD:02001	size exclusion chromatography (SEC)	not available	not available	not available	not available	F2011_fuerschj_253.raw	NT=ms-proteomics;VV=v1.1.0	NT=crosslinking;VV=v1.0.0
PXD026244_F2011_fuerschj_095	Saccharomyces cerevisiae	not available	not available	331	PXD026244_F2011_fuerschj_095_assay	proteomic profiling by mass spectrometry	data-dependent acquisition	NT=label free sample;AC=MS:1002038	1	1	not available	NT=Trypsin;AC=MS:1001251	NT=Carbamidomethyl;AC=UNIMOD:4;TA=C;MT=Fixed	NT=Oxidation;AC=UNIMOD:21;TA=M;MT=Variable	not available	not available	NT=DSS;AC=XLMOD:02001	size exclusion chromatography (SEC)	not available	not available	not available	not available	F2011_fuerschj_095.raw	NT=ms-proteomics;VV=v1.1.0	NT=crosslinking;VV=v1.0.0
PXD026244_F1709_fuerschj_333	Saccharomyces cerevisiae	not available	not available	332	PXD026244_F1709_fuerschj_333_assay	proteomic profiling by mass spectrometry	data-dependent acquisition	NT=label free sample;AC=MS:1002038	1	1	not available	NT=Trypsin;AC=MS:1001251	NT=Carbamidomethyl;AC=UNIMOD:4;TA=C;MT=Fixed	NT=Oxidation;AC=UNIMOD:21;TA=M;MT=Variable	not available	not available	NT=DSS;AC=XLMOD:02001	size exclusion chromatography (SEC)	not available	not available	not available	not available	F1709_fuerschj_333.raw	NT=ms-proteomics;VV=v1.1.0	NT=crosslinking;VV=v1.0.0
PXD026244_F2011_fuerschj_107	Saccharomyces cerevisiae	not available	not available	333	PXD026244_F2011_fuerschj_107_assay	proteomic profiling by mass spectrometry	data-dependent acquisition	NT=label free sample;AC=MS:1002038	1	1	not available	NT=Trypsin;AC=MS:1001251	NT=Carbamidomethyl;AC=UNIMOD:4;TA=C;MT=Fixed	NT=Oxidation;AC=UNIMOD:21;TA=M;MT=Variable	not available	not available	NT=DSS;AC=XLMOD:02001	size exclusion chromatography (SEC)	not available	not available	not available	not available	F2011_fuerschj_107.raw	NT=ms-proteomics;VV=v1.1.0	NT=crosslinking;VV=v1.0.0
PXD026244_F1709_fuerschj_306	Saccharomyces cerevisiae	not available	not available	334	PXD026244_F1709_fuerschj_306_assay	proteomic profiling by mass spectrometry	data-dependent acquisition	NT=label free sample;AC=MS:1002038	1	1	not available	NT=Trypsin;AC=MS:1001251	NT=Carbamidomethyl;AC=UNIMOD:4;TA=C;MT=Fixed	NT=Oxidation;AC=UNIMOD:21;TA=M;MT=Variable	not available	not available	NT=DSS;AC=XLMOD:02001	size exclusion chromatography (SEC)	not available	not available	not available	not available	F1709_fuerschj_306.raw	NT=ms-proteomics;VV=v1.1.0	NT=crosslinking;VV=v1.0.0
PXD026244_F2011_fuerschj_241	Saccharomyces cerevisiae	not available	not available	335	PXD026244_F2011_fuerschj_241_assay	proteomic profiling by mass spectrometry	data-dependent acquisition	NT=label free sample;AC=MS:1002038	1	1	not available	NT=Trypsin;AC=MS:1001251	NT=Carbamidomethyl;AC=UNIMOD:4;TA=C;MT=Fixed	NT=Oxidation;AC=UNIMOD:21;TA=M;MT=Variable	not available	not available	NT=DSS;AC=XLMOD:02001	size exclusion chromatography (SEC)	not available	not available	not available	not available	F2011_fuerschj_241.raw	NT=ms-proteomics;VV=v1.1.0	NT=crosslinking;VV=v1.0.0
PXD026244_F2011_fuerschj_301	Saccharomyces cerevisiae	not available	not available	336	PXD026244_F2011_fuerschj_301_assay	proteomic profiling by mass spectrometry	data-dependent acquisition	NT=label free sample;AC=MS:1002038	1	1	not available	NT=Trypsin;AC=MS:1001251	NT=Carbamidomethyl;AC=UNIMOD:4;TA=C;MT=Fixed	NT=Oxidation;AC=UNIMOD:21;TA=M;MT=Variable	not available	not available	NT=DSS;AC=XLMOD:02001	size exclusion chromatography (SEC)	not available	not available	not available	not available	F2011_fuerschj_301.raw	NT=ms-proteomics;VV=v1.1.0	NT=crosslinking;VV=v1.0.0
PXD026244_F2011_fuerschj_292	Saccharomyces cerevisiae	not available	not available	337	PXD026244_F2011_fuerschj_292_assay	proteomic profiling by mass spectrometry	data-dependent acquisition	NT=label free sample;AC=MS:1002038	1	1	not available	NT=Trypsin;AC=MS:1001251	NT=Carbamidomethyl;AC=UNIMOD:4;TA=C;MT=Fixed	NT=Oxidation;AC=UNIMOD:21;TA=M;MT=Variable	not available	not available	NT=DSS;AC=XLMOD:02001	size exclusion chromatography (SEC)	not available	not available	not available	not available	F2011_fuerschj_292.raw	NT=ms-proteomics;VV=v1.1.0	NT=crosslinking;VV=v1.0.0
PXD026244_F2104_fuerschj_260	Saccharomyces cerevisiae	not available	not available	338	PXD026244_F2104_fuerschj_260_assay	proteomic profiling by mass spectrometry	data-dependent acquisition	NT=label free sample;AC=MS:1002038	1	1	not available	NT=Trypsin;AC=MS:1001251	NT=Carbamidomethyl;AC=UNIMOD:4;TA=C;MT=Fixed	NT=Oxidation;AC=UNIMOD:21;TA=M;MT=Variable	not available	not available	NT=DSS;AC=XLMOD:02001	size exclusion chromatography (SEC)	not available	not available	not available	not available	F2104_fuerschj_260.raw	NT=ms-proteomics;VV=v1.1.0	NT=crosslinking;VV=v1.0.0
PXD026244_F1705_fuerschj_036	Saccharomyces cerevisiae	not available	not available	339	PXD026244_F1705_fuerschj_036_assay	proteomic profiling by mass spectrometry	data-dependent acquisition	NT=label free sample;AC=MS:1002038	1	1	not available	NT=Trypsin;AC=MS:1001251	NT=Carbamidomethyl;AC=UNIMOD:4;TA=C;MT=Fixed	NT=Oxidation;AC=UNIMOD:21;TA=M;MT=Variable	not available	not available	NT=DSS;AC=XLMOD:02001	size exclusion chromatography (SEC)	not available	not available	not available	not available	F1705_fuerschj_036.raw	NT=ms-proteomics;VV=v1.1.0	NT=crosslinking;VV=v1.0.0
PXD026244_F1803_voormannc_016	Saccharomyces cerevisiae	not available	not available	340	PXD026244_F1803_voormannc_016_assay	proteomic profiling by mass spectrometry	data-dependent acquisition	NT=label free sample;AC=MS:1002038	1	1	not available	NT=Trypsin;AC=MS:1001251	NT=Carbamidomethyl;AC=UNIMOD:4;TA=C;MT=Fixed	NT=Oxidation;AC=UNIMOD:21;TA=M;MT=Variable	not available	not available	NT=DSS;AC=XLMOD:02001	size exclusion chromatography (SEC)	not available	not available	not available	not available	F1803_voormannc_016.raw	NT=ms-proteomics;VV=v1.1.0	NT=crosslinking;VV=v1.0.0
PXD026244_F1601_fuerschj_080_161109180201	Saccharomyces cerevisiae	not available	not available	341	PXD026244_F1601_fuerschj_080_161109180201_assay	proteomic profiling by mass spectrometry	data-dependent acquisition	NT=label free sample;AC=MS:1002038	1	1	not available	NT=Trypsin;AC=MS:1001251	NT=Carbamidomethyl;AC=UNIMOD:4;TA=C;MT=Fixed	NT=Oxidation;AC=UNIMOD:21;TA=M;MT=Variable	not available	not available	NT=DSS;AC=XLMOD:02001	size exclusion chromatography (SEC)	not available	not available	not available	not available	F1601_fuerschj_080_161109180201.raw	NT=ms-proteomics;VV=v1.1.0	NT=crosslinking;VV=v1.0.0
PXD026244_F2104_fuerschj_272	Saccharomyces cerevisiae	not available	not available	342	PXD026244_F2104_fuerschj_272_assay	proteomic profiling by mass spectrometry	data-dependent acquisition	NT=label free sample;AC=MS:1002038	1	1	not available	NT=Trypsin;AC=MS:1001251	NT=Carbamidomethyl;AC=UNIMOD:4;TA=C;MT=Fixed	NT=Oxidation;AC=UNIMOD:21;TA=M;MT=Variable	not available	not available	NT=DSS;AC=XLMOD:02001	size exclusion chromatography (SEC)	not available	not available	not available	not available	F2104_fuerschj_272.raw	NT=ms-proteomics;VV=v1.1.0	NT=crosslinking;VV=v1.0.0
PXD026244_F2011_fuerschj_271	Saccharomyces cerevisiae	not available	not available	343	PXD026244_F2011_fuerschj_271_assay	proteomic profiling by mass spectrometry	data-dependent acquisition	NT=label free sample;AC=MS:1002038	1	1	not available	NT=Trypsin;AC=MS:1001251	NT=Carbamidomethyl;AC=UNIMOD:4;TA=C;MT=Fixed	NT=Oxidation;AC=UNIMOD:21;TA=M;MT=Variable	not available	not available	NT=DSS;AC=XLMOD:02001	size exclusion chromatography (SEC)	not available	not available	not available	not available	F2011_fuerschj_271.raw	NT=ms-proteomics;VV=v1.1.0	NT=crosslinking;VV=v1.0.0
PXD026244_F2011_fuerschj_267	Saccharomyces cerevisiae	not available	not available	344	PXD026244_F2011_fuerschj_267_assay	proteomic profiling by mass spectrometry	data-dependent acquisition	NT=label free sample;AC=MS:1002038	1	1	not available	NT=Trypsin;AC=MS:1001251	NT=Carbamidomethyl;AC=UNIMOD:4;TA=C;MT=Fixed	NT=Oxidation;AC=UNIMOD:21;TA=M;MT=Variable	not available	not available	NT=DSS;AC=XLMOD:02001	size exclusion chromatography (SEC)	not available	not available	not available	not available	F2011_fuerschj_267.raw	NT=ms-proteomics;VV=v1.1.0	NT=crosslinking;VV=v1.0.0
PXD026244_F1705_fuerschj_061	Saccharomyces cerevisiae	not available	not available	345	PXD026244_F1705_fuerschj_061_assay	proteomic profiling by mass spectrometry	data-dependent acquisition	NT=label free sample;AC=MS:1002038	1	1	not available	NT=Trypsin;AC=MS:1001251	NT=Carbamidomethyl;AC=UNIMOD:4;TA=C;MT=Fixed	NT=Oxidation;AC=UNIMOD:21;TA=M;MT=Variable	not available	not available	NT=DSS;AC=XLMOD:02001	size exclusion chromatography (SEC)	not available	not available	not available	not available	F1705_fuerschj_061.raw	NT=ms-proteomics;VV=v1.1.0	NT=crosslinking;VV=v1.0.0
PXD026244_F1610_fuerschj_030	Saccharomyces cerevisiae	not available	not available	346	PXD026244_F1610_fuerschj_030_assay	proteomic profiling by mass spectrometry	data-dependent acquisition	NT=label free sample;AC=MS:1002038	1	1	not available	NT=Trypsin;AC=MS:1001251	NT=Carbamidomethyl;AC=UNIMOD:4;TA=C;MT=Fixed	NT=Oxidation;AC=UNIMOD:21;TA=M;MT=Variable	not available	not available	NT=DSS;AC=XLMOD:02001	size exclusion chromatography (SEC)	not available	not available	not available	not available	F1610_fuerschj_030.raw	NT=ms-proteomics;VV=v1.1.0	NT=crosslinking;VV=v1.0.0
PXD026244_F1707_fuerschj_111	Saccharomyces cerevisiae	not available	not available	347	PXD026244_F1707_fuerschj_111_assay	proteomic profiling by mass spectrometry	data-dependent acquisition	NT=label free sample;AC=MS:1002038	1	1	not available	NT=Trypsin;AC=MS:1001251	NT=Carbamidomethyl;AC=UNIMOD:4;TA=C;MT=Fixed	NT=Oxidation;AC=UNIMOD:21;TA=M;MT=Variable	not available	not available	NT=DSS;AC=XLMOD:02001	size exclusion chromatography (SEC)	not available	not available	not available	not available	F1707_fuerschj_111.raw	NT=ms-proteomics;VV=v1.1.0	NT=crosslinking;VV=v1.0.0
PXD026244_F1709_fuerschj_341	Saccharomyces cerevisiae	not available	not available	348	PXD026244_F1709_fuerschj_341_assay	proteomic profiling by mass spectrometry	data-dependent acquisition	NT=label free sample;AC=MS:1002038	1	1	not available	NT=Trypsin;AC=MS:1001251	NT=Carbamidomethyl;AC=UNIMOD:4;TA=C;MT=Fixed	NT=Oxidation;AC=UNIMOD:21;TA=M;MT=Variable	not available	not available	NT=DSS;AC=XLMOD:02001	size exclusion chromatography (SEC)	not available	not available	not available	not available	F1709_fuerschj_341.raw	NT=ms-proteomics;VV=v1.1.0	NT=crosslinking;VV=v1.0.0
PXD026244_F1705_fuerschj_123	Saccharomyces cerevisiae	not available	not available	349	PXD026244_F1705_fuerschj_123_assay	proteomic profiling by mass spectrometry	data-dependent acquisition	NT=label free sample;AC=MS:1002038	1	1	not available	NT=Trypsin;AC=MS:1001251	NT=Carbamidomethyl;AC=UNIMOD:4;TA=C;MT=Fixed	NT=Oxidation;AC=UNIMOD:21;TA=M;MT=Variable	not available	not available	NT=DSS;AC=XLMOD:02001	size exclusion chromatography (SEC)	not available	not available	not available	not available	F1705_fuerschj_123.raw	NT=ms-proteomics;VV=v1.1.0	NT=crosslinking;VV=v1.0.0
PXD026244_F2104_fuerschj_296	Saccharomyces cerevisiae	not available	not available	350	PXD026244_F2104_fuerschj_296_assay	proteomic profiling by mass spectrometry	data-dependent acquisition	NT=label free sample;AC=MS:1002038	1	1	not available	NT=Trypsin;AC=MS:1001251	NT=Carbamidomethyl;AC=UNIMOD:4;TA=C;MT=Fixed	NT=Oxidation;AC=UNIMOD:21;TA=M;MT=Variable	not available	not available	NT=DSS;AC=XLMOD:02001	size exclusion chromatography (SEC)	not available	not available	not available	not available	F2104_fuerschj_296.raw	NT=ms-proteomics;VV=v1.1.0	NT=crosslinking;VV=v1.0.0
PXD026244_F1707_fuerschj_138	Saccharomyces cerevisiae	not available	not available	351	PXD026244_F1707_fuerschj_138_assay	proteomic profiling by mass spectrometry	data-dependent acquisition	NT=label free sample;AC=MS:1002038	1	1	not available	NT=Trypsin;AC=MS:1001251	NT=Carbamidomethyl;AC=UNIMOD:4;TA=C;MT=Fixed	NT=Oxidation;AC=UNIMOD:21;TA=M;MT=Variable	not available	not available	NT=DSS;AC=XLMOD:02001	size exclusion chromatography (SEC)	not available	not available	not available	not available	F1707_fuerschj_138.raw	NT=ms-proteomics;VV=v1.1.0	NT=crosslinking;VV=v1.0.0
PXD026244_F1705_fuerschj_033	Saccharomyces cerevisiae	not available	not available	352	PXD026244_F1705_fuerschj_033_assay	proteomic profiling by mass spectrometry	data-dependent acquisition	NT=label free sample;AC=MS:1002038	1	1	not available	NT=Trypsin;AC=MS:1001251	NT=Carbamidomethyl;AC=UNIMOD:4;TA=C;MT=Fixed	NT=Oxidation;AC=UNIMOD:21;TA=M;MT=Variable	not available	not available	NT=DSS;AC=XLMOD:02001	size exclusion chromatography (SEC)	not available	not available	not available	not available	F1705_fuerschj_033.raw	NT=ms-proteomics;VV=v1.1.0	NT=crosslinking;VV=v1.0.0
PXD026244_F1803_voormannc_075	Saccharomyces cerevisiae	not available	not available	353	PXD026244_F1803_voormannc_075_assay	proteomic profiling by mass spectrometry	data-dependent acquisition	NT=label free sample;AC=MS:1002038	1	1	not available	NT=Trypsin;AC=MS:1001251	NT=Carbamidomethyl;AC=UNIMOD:4;TA=C;MT=Fixed	NT=Oxidation;AC=UNIMOD:21;TA=M;MT=Variable	not available	not available	NT=DSS;AC=XLMOD:02001	size exclusion chromatography (SEC)	not available	not available	not available	not available	F1803_voormannc_075.raw	NT=ms-proteomics;VV=v1.1.0	NT=crosslinking;VV=v1.0.0
PXD026244_F1705_fuerschj_149	Saccharomyces cerevisiae	not available	not available	354	PXD026244_F1705_fuerschj_149_assay	proteomic profiling by mass spectrometry	data-dependent acquisition	NT=label free sample;AC=MS:1002038	1	1	not available	NT=Trypsin;AC=MS:1001251	NT=Carbamidomethyl;AC=UNIMOD:4;TA=C;MT=Fixed	NT=Oxidation;AC=UNIMOD:21;TA=M;MT=Variable	not available	not available	NT=DSS;AC=XLMOD:02001	size exclusion chromatography (SEC)	not available	not available	not available	not available	F1705_fuerschj_149.raw	NT=ms-proteomics;VV=v1.1.0	NT=crosslinking;VV=v1.0.0
PXD026244_F1709_fuerschj_342	Saccharomyces cerevisiae	not available	not available	355	PXD026244_F1709_fuerschj_342_assay	proteomic profiling by mass spectrometry	data-dependent acquisition	NT=label free sample;AC=MS:1002038	1	1	not available	NT=Trypsin;AC=MS:1001251	NT=Carbamidomethyl;AC=UNIMOD:4;TA=C;MT=Fixed	NT=Oxidation;AC=UNIMOD:21;TA=M;MT=Variable	not available	not available	NT=DSS;AC=XLMOD:02001	size exclusion chromatography (SEC)	not available	not available	not available	not available	F1709_fuerschj_342.raw	NT=ms-proteomics;VV=v1.1.0	NT=crosslinking;VV=v1.0.0
PXD026244_F2104_fuerschj_277	Saccharomyces cerevisiae	not available	not available	356	PXD026244_F2104_fuerschj_277_assay	proteomic profiling by mass spectrometry	data-dependent acquisition	NT=label free sample;AC=MS:1002038	1	1	not available	NT=Trypsin;AC=MS:1001251	NT=Carbamidomethyl;AC=UNIMOD:4;TA=C;MT=Fixed	NT=Oxidation;AC=UNIMOD:21;TA=M;MT=Variable	not available	not available	NT=DSS;AC=XLMOD:02001	size exclusion chromatography (SEC)	not available	not available	not available	not available	F2104_fuerschj_277.raw	NT=ms-proteomics;VV=v1.1.0	NT=crosslinking;VV=v1.0.0
PXD026244_F1705_fuerschj_210	Saccharomyces cerevisiae	not available	not available	357	PXD026244_F1705_fuerschj_210_assay	proteomic profiling by mass spectrometry	data-dependent acquisition	NT=label free sample;AC=MS:1002038	1	1	not available	NT=Trypsin;AC=MS:1001251	NT=Carbamidomethyl;AC=UNIMOD:4;TA=C;MT=Fixed	NT=Oxidation;AC=UNIMOD:21;TA=M;MT=Variable	not available	not available	NT=DSS;AC=XLMOD:02001	size exclusion chromatography (SEC)	not available	not available	not available	not available	F1705_fuerschj_210.raw	NT=ms-proteomics;VV=v1.1.0	NT=crosslinking;VV=v1.0.0
PXD026244_F1709_fuerschj_332	Saccharomyces cerevisiae	not available	not available	358	PXD026244_F1709_fuerschj_332_assay	proteomic profiling by mass spectrometry	data-dependent acquisition	NT=label free sample;AC=MS:1002038	1	1	not available	NT=Trypsin;AC=MS:1001251	NT=Carbamidomethyl;AC=UNIMOD:4;TA=C;MT=Fixed	NT=Oxidation;AC=UNIMOD:21;TA=M;MT=Variable	not available	not available	NT=DSS;AC=XLMOD:02001	size exclusion chromatography (SEC)	not available	not available	not available	not available	F1709_fuerschj_332.raw	NT=ms-proteomics;VV=v1.1.0	NT=crosslinking;VV=v1.0.0
PXD026244_F2011_fuerschj_131	Saccharomyces cerevisiae	not available	not available	359	PXD026244_F2011_fuerschj_131_assay	proteomic profiling by mass spectrometry	data-dependent acquisition	NT=label free sample;AC=MS:1002038	1	1	not available	NT=Trypsin;AC=MS:1001251	NT=Carbamidomethyl;AC=UNIMOD:4;TA=C;MT=Fixed	NT=Oxidation;AC=UNIMOD:21;TA=M;MT=Variable	not available	not available	NT=DSS;AC=XLMOD:02001	size exclusion chromatography (SEC)	not available	not available	not available	not available	F2011_fuerschj_131.raw	NT=ms-proteomics;VV=v1.1.0	NT=crosslinking;VV=v1.0.0
PXD026244_F1705_fuerschj_068	Saccharomyces cerevisiae	not available	not available	360	PXD026244_F1705_fuerschj_068_assay	proteomic profiling by mass spectrometry	data-dependent acquisition	NT=label free sample;AC=MS:1002038	1	1	not available	NT=Trypsin;AC=MS:1001251	NT=Carbamidomethyl;AC=UNIMOD:4;TA=C;MT=Fixed	NT=Oxidation;AC=UNIMOD:21;TA=M;MT=Variable	not available	not available	NT=DSS;AC=XLMOD:02001	size exclusion chromatography (SEC)	not available	not available	not available	not available	F1705_fuerschj_068.raw	NT=ms-proteomics;VV=v1.1.0	NT=crosslinking;VV=v1.0.0
PXD026244_F1705_fuerschj_040	Saccharomyces cerevisiae	not available	not available	361	PXD026244_F1705_fuerschj_040_assay	proteomic profiling by mass spectrometry	data-dependent acquisition	NT=label free sample;AC=MS:1002038	1	1	not available	NT=Trypsin;AC=MS:1001251	NT=Carbamidomethyl;AC=UNIMOD:4;TA=C;MT=Fixed	NT=Oxidation;AC=UNIMOD:21;TA=M;MT=Variable	not available	not available	NT=DSS;AC=XLMOD:02001	size exclusion chromatography (SEC)	not available	not available	not available	not available	F1705_fuerschj_040.raw	NT=ms-proteomics;VV=v1.1.0	NT=crosslinking;VV=v1.0.0
PXD026244_F2011_fuerschj_098	Saccharomyces cerevisiae	not available	not available	362	PXD026244_F2011_fuerschj_098_assay	proteomic profiling by mass spectrometry	data-dependent acquisition	NT=label free sample;AC=MS:1002038	1	1	not available	NT=Trypsin;AC=MS:1001251	NT=Carbamidomethyl;AC=UNIMOD:4;TA=C;MT=Fixed	NT=Oxidation;AC=UNIMOD:21;TA=M;MT=Variable	not available	not available	NT=DSS;AC=XLMOD:02001	size exclusion chromatography (SEC)	not available	not available	not available	not available	F2011_fuerschj_098.raw	NT=ms-proteomics;VV=v1.1.0	NT=crosslinking;VV=v1.0.0
PXD026244_F1709_fuerschj_307	Saccharomyces cerevisiae	not available	not available	363	PXD026244_F1709_fuerschj_307_assay	proteomic profiling by mass spectrometry	data-dependent acquisition	NT=label free sample;AC=MS:1002038	1	1	not available	NT=Trypsin;AC=MS:1001251	NT=Carbamidomethyl;AC=UNIMOD:4;TA=C;MT=Fixed	NT=Oxidation;AC=UNIMOD:21;TA=M;MT=Variable	not available	not available	NT=DSS;AC=XLMOD:02001	size exclusion chromatography (SEC)	not available	not available	not available	not available	F1709_fuerschj_307.raw	NT=ms-proteomics;VV=v1.1.0	NT=crosslinking;VV=v1.0.0
PXD026244_F1705_fuerschj_063	Saccharomyces cerevisiae	not available	not available	364	PXD026244_F1705_fuerschj_063_assay	proteomic profiling by mass spectrometry	data-dependent acquisition	NT=label free sample;AC=MS:1002038	1	1	not available	NT=Trypsin;AC=MS:1001251	NT=Carbamidomethyl;AC=UNIMOD:4;TA=C;MT=Fixed	NT=Oxidation;AC=UNIMOD:21;TA=M;MT=Variable	not available	not available	NT=DSS;AC=XLMOD:02001	size exclusion chromatography (SEC)	not available	not available	not available	not available	F1705_fuerschj_063.raw	NT=ms-proteomics;VV=v1.1.0	NT=crosslinking;VV=v1.0.0
PXD026244_F2104_fuerschj_297	Saccharomyces cerevisiae	not available	not available	365	PXD026244_F2104_fuerschj_297_assay	proteomic profiling by mass spectrometry	data-dependent acquisition	NT=label free sample;AC=MS:1002038	1	1	not available	NT=Trypsin;AC=MS:1001251	NT=Carbamidomethyl;AC=UNIMOD:4;TA=C;MT=Fixed	NT=Oxidation;AC=UNIMOD:21;TA=M;MT=Variable	not available	not available	NT=DSS;AC=XLMOD:02001	size exclusion chromatography (SEC)	not available	not available	not available	not available	F2104_fuerschj_297.raw	NT=ms-proteomics;VV=v1.1.0	NT=crosslinking;VV=v1.0.0
PXD026244_F1709_fuerschj_318	Saccharomyces cerevisiae	not available	not available	366	PXD026244_F1709_fuerschj_318_assay	proteomic profiling by mass spectrometry	data-dependent acquisition	NT=label free sample;AC=MS:1002038	1	1	not available	NT=Trypsin;AC=MS:1001251	NT=Carbamidomethyl;AC=UNIMOD:4;TA=C;MT=Fixed	NT=Oxidation;AC=UNIMOD:21;TA=M;MT=Variable	not available	not available	NT=DSS;AC=XLMOD:02001	size exclusion chromatography (SEC)	not available	not available	not available	not available	F1709_fuerschj_318.raw	NT=ms-proteomics;VV=v1.1.0	NT=crosslinking;VV=v1.0.0
PXD026244_F2011_fuerschj_159	Saccharomyces cerevisiae	not available	not available	367	PXD026244_F2011_fuerschj_159_assay	proteomic profiling by mass spectrometry	data-dependent acquisition	NT=label free sample;AC=MS:1002038	1	1	not available	NT=Trypsin;AC=MS:1001251	NT=Carbamidomethyl;AC=UNIMOD:4;TA=C;MT=Fixed	NT=Oxidation;AC=UNIMOD:21;TA=M;MT=Variable	not available	not available	NT=DSS;AC=XLMOD:02001	size exclusion chromatography (SEC)	not available	not available	not available	not available	F2011_fuerschj_159.raw	NT=ms-proteomics;VV=v1.1.0	NT=crosslinking;VV=v1.0.0
PXD026244_F2103_fuerschj_064	Saccharomyces cerevisiae	not available	not available	368	PXD026244_F2103_fuerschj_064_assay	proteomic profiling by mass spectrometry	data-dependent acquisition	NT=label free sample;AC=MS:1002038	1	1	not available	NT=Trypsin;AC=MS:1001251	NT=Carbamidomethyl;AC=UNIMOD:4;TA=C;MT=Fixed	NT=Oxidation;AC=UNIMOD:21;TA=M;MT=Variable	not available	not available	NT=DSS;AC=XLMOD:02001	size exclusion chromatography (SEC)	not available	not available	not available	not available	F2103_fuerschj_064.raw	NT=ms-proteomics;VV=v1.1.0	NT=crosslinking;VV=v1.0.0
PXD026244_F2011_fuerschj_262	Saccharomyces cerevisiae	not available	not available	369	PXD026244_F2011_fuerschj_262_assay	proteomic profiling by mass spectrometry	data-dependent acquisition	NT=label free sample;AC=MS:1002038	1	1	not available	NT=Trypsin;AC=MS:1001251	NT=Carbamidomethyl;AC=UNIMOD:4;TA=C;MT=Fixed	NT=Oxidation;AC=UNIMOD:21;TA=M;MT=Variable	not available	not available	NT=DSS;AC=XLMOD:02001	size exclusion chromatography (SEC)	not available	not available	not available	not available	F2011_fuerschj_262.raw	NT=ms-proteomics;VV=v1.1.0	NT=crosslinking;VV=v1.0.0
PXD026244_F2011_fuerschj_094	Saccharomyces cerevisiae	not available	not available	370	PXD026244_F2011_fuerschj_094_assay	proteomic profiling by mass spectrometry	data-dependent acquisition	NT=label free sample;AC=MS:1002038	1	1	not available	NT=Trypsin;AC=MS:1001251	NT=Carbamidomethyl;AC=UNIMOD:4;TA=C;MT=Fixed	NT=Oxidation;AC=UNIMOD:21;TA=M;MT=Variable	not available	not available	NT=DSS;AC=XLMOD:02001	size exclusion chromatography (SEC)	not available	not available	not available	not available	F2011_fuerschj_094.raw	NT=ms-proteomics;VV=v1.1.0	NT=crosslinking;VV=v1.0.0
PXD026244_F1610_fuerschj_021	Saccharomyces cerevisiae	not available	not available	371	PXD026244_F1610_fuerschj_021_assay	proteomic profiling by mass spectrometry	data-dependent acquisition	NT=label free sample;AC=MS:1002038	1	1	not available	NT=Trypsin;AC=MS:1001251	NT=Carbamidomethyl;AC=UNIMOD:4;TA=C;MT=Fixed	NT=Oxidation;AC=UNIMOD:21;TA=M;MT=Variable	not available	not available	NT=DSS;AC=XLMOD:02001	size exclusion chromatography (SEC)	not available	not available	not available	not available	F1610_fuerschj_021.raw	NT=ms-proteomics;VV=v1.1.0	NT=crosslinking;VV=v1.0.0
PXD026244_F1709_fuerschj_487	Saccharomyces cerevisiae	not available	not available	372	PXD026244_F1709_fuerschj_487_assay	proteomic profiling by mass spectrometry	data-dependent acquisition	NT=label free sample;AC=MS:1002038	1	1	not available	NT=Trypsin;AC=MS:1001251	NT=Carbamidomethyl;AC=UNIMOD:4;TA=C;MT=Fixed	NT=Oxidation;AC=UNIMOD:21;TA=M;MT=Variable	not available	not available	NT=DSS;AC=XLMOD:02001	size exclusion chromatography (SEC)	not available	not available	not available	not available	F1709_fuerschj_487.raw	NT=ms-proteomics;VV=v1.1.0	NT=crosslinking;VV=v1.0.0
PXD026244_F1707_fuerschj_90	Saccharomyces cerevisiae	not available	not available	373	PXD026244_F1707_fuerschj_90_assay	proteomic profiling by mass spectrometry	data-dependent acquisition	NT=label free sample;AC=MS:1002038	1	1	not available	NT=Trypsin;AC=MS:1001251	NT=Carbamidomethyl;AC=UNIMOD:4;TA=C;MT=Fixed	NT=Oxidation;AC=UNIMOD:21;TA=M;MT=Variable	not available	not available	NT=DSS;AC=XLMOD:02001	size exclusion chromatography (SEC)	not available	not available	not available	not available	F1707_fuerschj_90.raw	NT=ms-proteomics;VV=v1.1.0	NT=crosslinking;VV=v1.0.0
PXD026244_F2104_fuerschj_298	Saccharomyces cerevisiae	not available	not available	374	PXD026244_F2104_fuerschj_298_assay	proteomic profiling by mass spectrometry	data-dependent acquisition	NT=label free sample;AC=MS:1002038	1	1	not available	NT=Trypsin;AC=MS:1001251	NT=Carbamidomethyl;AC=UNIMOD:4;TA=C;MT=Fixed	NT=Oxidation;AC=UNIMOD:21;TA=M;MT=Variable	not available	not available	NT=DSS;AC=XLMOD:02001	size exclusion chromatography (SEC)	not available	not available	not available	not available	F2104_fuerschj_298.raw	NT=ms-proteomics;VV=v1.1.0	NT=crosslinking;VV=v1.0.0
PXD026244_F1601_fuerschj_078_161109151508	Saccharomyces cerevisiae	not available	not available	375	PXD026244_F1601_fuerschj_078_161109151508_assay	proteomic profiling by mass spectrometry	data-dependent acquisition	NT=label free sample;AC=MS:1002038	1	1	not available	NT=Trypsin;AC=MS:1001251	NT=Carbamidomethyl;AC=UNIMOD:4;TA=C;MT=Fixed	NT=Oxidation;AC=UNIMOD:21;TA=M;MT=Variable	not available	not available	NT=DSS;AC=XLMOD:02001	size exclusion chromatography (SEC)	not available	not available	not available	not available	F1601_fuerschj_078_161109151508.raw	NT=ms-proteomics;VV=v1.1.0	NT=crosslinking;VV=v1.0.0
PXD026244_F2011_fuerschj_275	Saccharomyces cerevisiae	not available	not available	376	PXD026244_F2011_fuerschj_275_assay	proteomic profiling by mass spectrometry	data-dependent acquisition	NT=label free sample;AC=MS:1002038	1	1	not available	NT=Trypsin;AC=MS:1001251	NT=Carbamidomethyl;AC=UNIMOD:4;TA=C;MT=Fixed	NT=Oxidation;AC=UNIMOD:21;TA=M;MT=Variable	not available	not available	NT=DSS;AC=XLMOD:02001	size exclusion chromatography (SEC)	not available	not available	not available	not available	F2011_fuerschj_275.raw	NT=ms-proteomics;VV=v1.1.0	NT=crosslinking;VV=v1.0.0
PXD026244_F2104_fuerschj_238	Saccharomyces cerevisiae	not available	not available	377	PXD026244_F2104_fuerschj_238_assay	proteomic profiling by mass spectrometry	data-dependent acquisition	NT=label free sample;AC=MS:1002038	1	1	not available	NT=Trypsin;AC=MS:1001251	NT=Carbamidomethyl;AC=UNIMOD:4;TA=C;MT=Fixed	NT=Oxidation;AC=UNIMOD:21;TA=M;MT=Variable	not available	not available	NT=DSS;AC=XLMOD:02001	size exclusion chromatography (SEC)	not available	not available	not available	not available	F2104_fuerschj_238.raw	NT=ms-proteomics;VV=v1.1.0	NT=crosslinking;VV=v1.0.0
PXD026244_F2104_fuerschj_263	Saccharomyces cerevisiae	not available	not available	378	PXD026244_F2104_fuerschj_263_assay	proteomic profiling by mass spectrometry	data-dependent acquisition	NT=label free sample;AC=MS:1002038	1	1	not available	NT=Trypsin;AC=MS:1001251	NT=Carbamidomethyl;AC=UNIMOD:4;TA=C;MT=Fixed	NT=Oxidation;AC=UNIMOD:21;TA=M;MT=Variable	not available	not available	NT=DSS;AC=XLMOD:02001	size exclusion chromatography (SEC)	not available	not available	not available	not available	F2104_fuerschj_263.raw	NT=ms-proteomics;VV=v1.1.0	NT=crosslinking;VV=v1.0.0
PXD026244_F1709_fuerschj_475	Saccharomyces cerevisiae	not available	not available	379	PXD026244_F1709_fuerschj_475_assay	proteomic profiling by mass spectrometry	data-dependent acquisition	NT=label free sample;AC=MS:1002038	1	1	not available	NT=Trypsin;AC=MS:1001251	NT=Carbamidomethyl;AC=UNIMOD:4;TA=C;MT=Fixed	NT=Oxidation;AC=UNIMOD:21;TA=M;MT=Variable	not available	not available	NT=DSS;AC=XLMOD:02001	size exclusion chromatography (SEC)	not available	not available	not available	not available	F1709_fuerschj_475.raw	NT=ms-proteomics;VV=v1.1.0	NT=crosslinking;VV=v1.0.0
PXD026244_F1707_fuerschj_130	Saccharomyces cerevisiae	not available	not available	380	PXD026244_F1707_fuerschj_130_assay	proteomic profiling by mass spectrometry	data-dependent acquisition	NT=label free sample;AC=MS:1002038	1	1	not available	NT=Trypsin;AC=MS:1001251	NT=Carbamidomethyl;AC=UNIMOD:4;TA=C;MT=Fixed	NT=Oxidation;AC=UNIMOD:21;TA=M;MT=Variable	not available	not available	NT=DSS;AC=XLMOD:02001	size exclusion chromatography (SEC)	not available	not available	not available	not available	F1707_fuerschj_130.raw	NT=ms-proteomics;VV=v1.1.0	NT=crosslinking;VV=v1.0.0
PXD026244_F2011_fuerschj_302	Saccharomyces cerevisiae	not available	not available	381	PXD026244_F2011_fuerschj_302_assay	proteomic profiling by mass spectrometry	data-dependent acquisition	NT=label free sample;AC=MS:1002038	1	1	not available	NT=Trypsin;AC=MS:1001251	NT=Carbamidomethyl;AC=UNIMOD:4;TA=C;MT=Fixed	NT=Oxidation;AC=UNIMOD:21;TA=M;MT=Variable	not available	not available	NT=DSS;AC=XLMOD:02001	size exclusion chromatography (SEC)	not available	not available	not available	not available	F2011_fuerschj_302.raw	NT=ms-proteomics;VV=v1.1.0	NT=crosslinking;VV=v1.0.0
PXD026244_F1705_fuerschj_048	Saccharomyces cerevisiae	not available	not available	382	PXD026244_F1705_fuerschj_048_assay	proteomic profiling by mass spectrometry	data-dependent acquisition	NT=label free sample;AC=MS:1002038	1	1	not available	NT=Trypsin;AC=MS:1001251	NT=Carbamidomethyl;AC=UNIMOD:4;TA=C;MT=Fixed	NT=Oxidation;AC=UNIMOD:21;TA=M;MT=Variable	not available	not available	NT=DSS;AC=XLMOD:02001	size exclusion chromatography (SEC)	not available	not available	not available	not available	F1705_fuerschj_048.raw	NT=ms-proteomics;VV=v1.1.0	NT=crosslinking;VV=v1.0.0
PXD026244_F2011_fuerschj_184	Saccharomyces cerevisiae	not available	not available	383	PXD026244_F2011_fuerschj_184_assay	proteomic profiling by mass spectrometry	data-dependent acquisition	NT=label free sample;AC=MS:1002038	1	1	not available	NT=Trypsin;AC=MS:1001251	NT=Carbamidomethyl;AC=UNIMOD:4;TA=C;MT=Fixed	NT=Oxidation;AC=UNIMOD:21;TA=M;MT=Variable	not available	not available	NT=DSS;AC=XLMOD:02001	size exclusion chromatography (SEC)	not available	not available	not available	not available	F2011_fuerschj_184.raw	NT=ms-proteomics;VV=v1.1.0	NT=crosslinking;VV=v1.0.0
PXD026244_F1707_fuerschj_140	Saccharomyces cerevisiae	not available	not available	384	PXD026244_F1707_fuerschj_140_assay	proteomic profiling by mass spectrometry	data-dependent acquisition	NT=label free sample;AC=MS:1002038	1	1	not available	NT=Trypsin;AC=MS:1001251	NT=Carbamidomethyl;AC=UNIMOD:4;TA=C;MT=Fixed	NT=Oxidation;AC=UNIMOD:21;TA=M;MT=Variable	not available	not available	NT=DSS;AC=XLMOD:02001	size exclusion chromatography (SEC)	not available	not available	not available	not available	F1707_fuerschj_140.raw	NT=ms-proteomics;VV=v1.1.0	NT=crosslinking;VV=v1.0.0
PXD026244_F1707_fuerschj_127	Saccharomyces cerevisiae	not available	not available	385	PXD026244_F1707_fuerschj_127_assay	proteomic profiling by mass spectrometry	data-dependent acquisition	NT=label free sample;AC=MS:1002038	1	1	not available	NT=Trypsin;AC=MS:1001251	NT=Carbamidomethyl;AC=UNIMOD:4;TA=C;MT=Fixed	NT=Oxidation;AC=UNIMOD:21;TA=M;MT=Variable	not available	not available	NT=DSS;AC=XLMOD:02001	size exclusion chromatography (SEC)	not available	not available	not available	not available	F1707_fuerschj_127.raw	NT=ms-proteomics;VV=v1.1.0	NT=crosslinking;VV=v1.0.0
PXD026244_F1709_fuerschj_321	Saccharomyces cerevisiae	not available	not available	386	PXD026244_F1709_fuerschj_321_assay	proteomic profiling by mass spectrometry	data-dependent acquisition	NT=label free sample;AC=MS:1002038	1	1	not available	NT=Trypsin;AC=MS:1001251	NT=Carbamidomethyl;AC=UNIMOD:4;TA=C;MT=Fixed	NT=Oxidation;AC=UNIMOD:21;TA=M;MT=Variable	not available	not available	NT=DSS;AC=XLMOD:02001	size exclusion chromatography (SEC)	not available	not available	not available	not available	F1709_fuerschj_321.raw	NT=ms-proteomics;VV=v1.1.0	NT=crosslinking;VV=v1.0.0
PXD026244_F1709_fuerschj_320	Saccharomyces cerevisiae	not available	not available	387	PXD026244_F1709_fuerschj_320_assay	proteomic profiling by mass spectrometry	data-dependent acquisition	NT=label free sample;AC=MS:1002038	1	1	not available	NT=Trypsin;AC=MS:1001251	NT=Carbamidomethyl;AC=UNIMOD:4;TA=C;MT=Fixed	NT=Oxidation;AC=UNIMOD:21;TA=M;MT=Variable	not available	not available	NT=DSS;AC=XLMOD:02001	size exclusion chromatography (SEC)	not available	not available	not available	not available	F1709_fuerschj_320.raw	NT=ms-proteomics;VV=v1.1.0	NT=crosslinking;VV=v1.0.0
PXD026244_F2011_fuerschj_093	Saccharomyces cerevisiae	not available	not available	388	PXD026244_F2011_fuerschj_093_assay	proteomic profiling by mass spectrometry	data-dependent acquisition	NT=label free sample;AC=MS:1002038	1	1	not available	NT=Trypsin;AC=MS:1001251	NT=Carbamidomethyl;AC=UNIMOD:4;TA=C;MT=Fixed	NT=Oxidation;AC=UNIMOD:21;TA=M;MT=Variable	not available	not available	NT=DSS;AC=XLMOD:02001	size exclusion chromatography (SEC)	not available	not available	not available	not available	F2011_fuerschj_093.raw	NT=ms-proteomics;VV=v1.1.0	NT=crosslinking;VV=v1.0.0
PXD026244_F1709_fuerschj_486	Saccharomyces cerevisiae	not available	not available	389	PXD026244_F1709_fuerschj_486_assay	proteomic profiling by mass spectrometry	data-dependent acquisition	NT=label free sample;AC=MS:1002038	1	1	not available	NT=Trypsin;AC=MS:1001251	NT=Carbamidomethyl;AC=UNIMOD:4;TA=C;MT=Fixed	NT=Oxidation;AC=UNIMOD:21;TA=M;MT=Variable	not available	not available	NT=DSS;AC=XLMOD:02001	size exclusion chromatography (SEC)	not available	not available	not available	not available	F1709_fuerschj_486.raw	NT=ms-proteomics;VV=v1.1.0	NT=crosslinking;VV=v1.0.0
PXD026244_F1709_fuerschj_460	Saccharomyces cerevisiae	not available	not available	390	PXD026244_F1709_fuerschj_460_assay	proteomic profiling by mass spectrometry	data-dependent acquisition	NT=label free sample;AC=MS:1002038	1	1	not available	NT=Trypsin;AC=MS:1001251	NT=Carbamidomethyl;AC=UNIMOD:4;TA=C;MT=Fixed	NT=Oxidation;AC=UNIMOD:21;TA=M;MT=Variable	not available	not available	NT=DSS;AC=XLMOD:02001	size exclusion chromatography (SEC)	not available	not available	not available	not available	F1709_fuerschj_460.raw	NT=ms-proteomics;VV=v1.1.0	NT=crosslinking;VV=v1.0.0
PXD026244_F1709_fuerschj_311	Saccharomyces cerevisiae	not available	not available	391	PXD026244_F1709_fuerschj_311_assay	proteomic profiling by mass spectrometry	data-dependent acquisition	NT=label free sample;AC=MS:1002038	1	1	not available	NT=Trypsin;AC=MS:1001251	NT=Carbamidomethyl;AC=UNIMOD:4;TA=C;MT=Fixed	NT=Oxidation;AC=UNIMOD:21;TA=M;MT=Variable	not available	not available	NT=DSS;AC=XLMOD:02001	size exclusion chromatography (SEC)	not available	not available	not available	not available	F1709_fuerschj_311.raw	NT=ms-proteomics;VV=v1.1.0	NT=crosslinking;VV=v1.0.0
PXD026244_F2104_fuerschj_241	Saccharomyces cerevisiae	not available	not available	392	PXD026244_F2104_fuerschj_241_assay	proteomic profiling by mass spectrometry	data-dependent acquisition	NT=label free sample;AC=MS:1002038	1	1	not available	NT=Trypsin;AC=MS:1001251	NT=Carbamidomethyl;AC=UNIMOD:4;TA=C;MT=Fixed	NT=Oxidation;AC=UNIMOD:21;TA=M;MT=Variable	not available	not available	NT=DSS;AC=XLMOD:02001	size exclusion chromatography (SEC)	not available	not available	not available	not available	F2104_fuerschj_241.raw	NT=ms-proteomics;VV=v1.1.0	NT=crosslinking;VV=v1.0.0
PXD026244_F1709_fuerschj_313	Saccharomyces cerevisiae	not available	not available	393	PXD026244_F1709_fuerschj_313_assay	proteomic profiling by mass spectrometry	data-dependent acquisition	NT=label free sample;AC=MS:1002038	1	1	not available	NT=Trypsin;AC=MS:1001251	NT=Carbamidomethyl;AC=UNIMOD:4;TA=C;MT=Fixed	NT=Oxidation;AC=UNIMOD:21;TA=M;MT=Variable	not available	not available	NT=DSS;AC=XLMOD:02001	size exclusion chromatography (SEC)	not available	not available	not available	not available	F1709_fuerschj_313.raw	NT=ms-proteomics;VV=v1.1.0	NT=crosslinking;VV=v1.0.0
PXD026244_F1705_fuerschj_190	Saccharomyces cerevisiae	not available	not available	394	PXD026244_F1705_fuerschj_190_assay	proteomic profiling by mass spectrometry	data-dependent acquisition	NT=label free sample;AC=MS:1002038	1	1	not available	NT=Trypsin;AC=MS:1001251	NT=Carbamidomethyl;AC=UNIMOD:4;TA=C;MT=Fixed	NT=Oxidation;AC=UNIMOD:21;TA=M;MT=Variable	not available	not available	NT=DSS;AC=XLMOD:02001	size exclusion chromatography (SEC)	not available	not available	not available	not available	F1705_fuerschj_190.raw	NT=ms-proteomics;VV=v1.1.0	NT=crosslinking;VV=v1.0.0
PXD026244_F1709_fuerschj_462	Saccharomyces cerevisiae	not available	not available	395	PXD026244_F1709_fuerschj_462_assay	proteomic profiling by mass spectrometry	data-dependent acquisition	NT=label free sample;AC=MS:1002038	1	1	not available	NT=Trypsin;AC=MS:1001251	NT=Carbamidomethyl;AC=UNIMOD:4;TA=C;MT=Fixed	NT=Oxidation;AC=UNIMOD:21;TA=M;MT=Variable	not available	not available	NT=DSS;AC=XLMOD:02001	size exclusion chromatography (SEC)	not available	not available	not available	not available	F1709_fuerschj_462.raw	NT=ms-proteomics;VV=v1.1.0	NT=crosslinking;VV=v1.0.0
PXD026244_F2104_fuerschj_259	Saccharomyces cerevisiae	not available	not available	396	PXD026244_F2104_fuerschj_259_assay	proteomic profiling by mass spectrometry	data-dependent acquisition	NT=label free sample;AC=MS:1002038	1	1	not available	NT=Trypsin;AC=MS:1001251	NT=Carbamidomethyl;AC=UNIMOD:4;TA=C;MT=Fixed	NT=Oxidation;AC=UNIMOD:21;TA=M;MT=Variable	not available	not available	NT=DSS;AC=XLMOD:02001	size exclusion chromatography (SEC)	not available	not available	not available	not available	F2104_fuerschj_259.raw	NT=ms-proteomics;VV=v1.1.0	NT=crosslinking;VV=v1.0.0
PXD026244_F2011_fuerschj_263	Saccharomyces cerevisiae	not available	not available	397	PXD026244_F2011_fuerschj_263_assay	proteomic profiling by mass spectrometry	data-dependent acquisition	NT=label free sample;AC=MS:1002038	1	1	not available	NT=Trypsin;AC=MS:1001251	NT=Carbamidomethyl;AC=UNIMOD:4;TA=C;MT=Fixed	NT=Oxidation;AC=UNIMOD:21;TA=M;MT=Variable	not available	not available	NT=DSS;AC=XLMOD:02001	size exclusion chromatography (SEC)	not available	not available	not available	not available	F2011_fuerschj_263.raw	NT=ms-proteomics;VV=v1.1.0	NT=crosslinking;VV=v1.0.0
PXD026244_F1803_voormannc_081	Saccharomyces cerevisiae	not available	not available	398	PXD026244_F1803_voormannc_081_assay	proteomic profiling by mass spectrometry	data-dependent acquisition	NT=label free sample;AC=MS:1002038	1	1	not available	NT=Trypsin;AC=MS:1001251	NT=Carbamidomethyl;AC=UNIMOD:4;TA=C;MT=Fixed	NT=Oxidation;AC=UNIMOD:21;TA=M;MT=Variable	not available	not available	NT=DSS;AC=XLMOD:02001	size exclusion chromatography (SEC)	not available	not available	not available	not available	F1803_voormannc_081.raw	NT=ms-proteomics;VV=v1.1.0	NT=crosslinking;VV=v1.0.0
PXD026244_F1705_fuerschj_153	Saccharomyces cerevisiae	not available	not available	399	PXD026244_F1705_fuerschj_153_assay	proteomic profiling by mass spectrometry	data-dependent acquisition	NT=label free sample;AC=MS:1002038	1	1	not available	NT=Trypsin;AC=MS:1001251	NT=Carbamidomethyl;AC=UNIMOD:4;TA=C;MT=Fixed	NT=Oxidation;AC=UNIMOD:21;TA=M;MT=Variable	not available	not available	NT=DSS;AC=XLMOD:02001	size exclusion chromatography (SEC)	not available	not available	not available	not available	F1705_fuerschj_153.raw	NT=ms-proteomics;VV=v1.1.0	NT=crosslinking;VV=v1.0.0
PXD026244_F1705_fuerschj_191	Saccharomyces cerevisiae	not available	not available	400	PXD026244_F1705_fuerschj_191_assay	proteomic profiling by mass spectrometry	data-dependent acquisition	NT=label free sample;AC=MS:1002038	1	1	not available	NT=Trypsin;AC=MS:1001251	NT=Carbamidomethyl;AC=UNIMOD:4;TA=C;MT=Fixed	NT=Oxidation;AC=UNIMOD:21;TA=M;MT=Variable	not available	not available	NT=DSS;AC=XLMOD:02001	size exclusion chromatography (SEC)	not available	not available	not available	not available	F1705_fuerschj_191.raw	NT=ms-proteomics;VV=v1.1.0	NT=crosslinking;VV=v1.0.0
PXD026244_F1709_fuerschj_319	Saccharomyces cerevisiae	not available	not available	401	PXD026244_F1709_fuerschj_319_assay	proteomic profiling by mass spectrometry	data-dependent acquisition	NT=label free sample;AC=MS:1002038	1	1	not available	NT=Trypsin;AC=MS:1001251	NT=Carbamidomethyl;AC=UNIMOD:4;TA=C;MT=Fixed	NT=Oxidation;AC=UNIMOD:21;TA=M;MT=Variable	not available	not available	NT=DSS;AC=XLMOD:02001	size exclusion chromatography (SEC)	not available	not available	not available	not available	F1709_fuerschj_319.raw	NT=ms-proteomics;VV=v1.1.0	NT=crosslinking;VV=v1.0.0
PXD026244_F2104_fuerschj_305	Saccharomyces cerevisiae	not available	not available	402	PXD026244_F2104_fuerschj_305_assay	proteomic profiling by mass spectrometry	data-dependent acquisition	NT=label free sample;AC=MS:1002038	1	1	not available	NT=Trypsin;AC=MS:1001251	NT=Carbamidomethyl;AC=UNIMOD:4;TA=C;MT=Fixed	NT=Oxidation;AC=UNIMOD:21;TA=M;MT=Variable	not available	not available	NT=DSS;AC=XLMOD:02001	size exclusion chromatography (SEC)	not available	not available	not available	not available	F2104_fuerschj_305.raw	NT=ms-proteomics;VV=v1.1.0	NT=crosslinking;VV=v1.0.0
PXD026244_F1705_fuerschj_194	Saccharomyces cerevisiae	not available	not available	403	PXD026244_F1705_fuerschj_194_assay	proteomic profiling by mass spectrometry	data-dependent acquisition	NT=label free sample;AC=MS:1002038	1	1	not available	NT=Trypsin;AC=MS:1001251	NT=Carbamidomethyl;AC=UNIMOD:4;TA=C;MT=Fixed	NT=Oxidation;AC=UNIMOD:21;TA=M;MT=Variable	not available	not available	NT=DSS;AC=XLMOD:02001	size exclusion chromatography (SEC)	not available	not available	not available	not available	F1705_fuerschj_194.raw	NT=ms-proteomics;VV=v1.1.0	NT=crosslinking;VV=v1.0.0
PXD026244_F1707_fuerschj_106	Saccharomyces cerevisiae	not available	not available	404	PXD026244_F1707_fuerschj_106_assay	proteomic profiling by mass spectrometry	data-dependent acquisition	NT=label free sample;AC=MS:1002038	1	1	not available	NT=Trypsin;AC=MS:1001251	NT=Carbamidomethyl;AC=UNIMOD:4;TA=C;MT=Fixed	NT=Oxidation;AC=UNIMOD:21;TA=M;MT=Variable	not available	not available	NT=DSS;AC=XLMOD:02001	size exclusion chromatography (SEC)	not available	not available	not available	not available	F1707_fuerschj_106.raw	NT=ms-proteomics;VV=v1.1.0	NT=crosslinking;VV=v1.0.0
PXD026244_F2011_fuerschj_284	Saccharomyces cerevisiae	not available	not available	405	PXD026244_F2011_fuerschj_284_assay	proteomic profiling by mass spectrometry	data-dependent acquisition	NT=label free sample;AC=MS:1002038	1	1	not available	NT=Trypsin;AC=MS:1001251	NT=Carbamidomethyl;AC=UNIMOD:4;TA=C;MT=Fixed	NT=Oxidation;AC=UNIMOD:21;TA=M;MT=Variable	not available	not available	NT=DSS;AC=XLMOD:02001	size exclusion chromatography (SEC)	not available	not available	not available	not available	F2011_fuerschj_284.raw	NT=ms-proteomics;VV=v1.1.0	NT=crosslinking;VV=v1.0.0
PXD026244_F2011_fuerschj_161	Saccharomyces cerevisiae	not available	not available	406	PXD026244_F2011_fuerschj_161_assay	proteomic profiling by mass spectrometry	data-dependent acquisition	NT=label free sample;AC=MS:1002038	1	1	not available	NT=Trypsin;AC=MS:1001251	NT=Carbamidomethyl;AC=UNIMOD:4;TA=C;MT=Fixed	NT=Oxidation;AC=UNIMOD:21;TA=M;MT=Variable	not available	not available	NT=DSS;AC=XLMOD:02001	size exclusion chromatography (SEC)	not available	not available	not available	not available	F2011_fuerschj_161.raw	NT=ms-proteomics;VV=v1.1.0	NT=crosslinking;VV=v1.0.0
PXD026244_F1707_fuerschj_137	Saccharomyces cerevisiae	not available	not available	407	PXD026244_F1707_fuerschj_137_assay	proteomic profiling by mass spectrometry	data-dependent acquisition	NT=label free sample;AC=MS:1002038	1	1	not available	NT=Trypsin;AC=MS:1001251	NT=Carbamidomethyl;AC=UNIMOD:4;TA=C;MT=Fixed	NT=Oxidation;AC=UNIMOD:21;TA=M;MT=Variable	not available	not available	NT=DSS;AC=XLMOD:02001	size exclusion chromatography (SEC)	not available	not available	not available	not available	F1707_fuerschj_137.raw	NT=ms-proteomics;VV=v1.1.0	NT=crosslinking;VV=v1.0.0
PXD026244_F1709_fuerschj_343	Saccharomyces cerevisiae	not available	not available	408	PXD026244_F1709_fuerschj_343_assay	proteomic profiling by mass spectrometry	data-dependent acquisition	NT=label free sample;AC=MS:1002038	1	1	not available	NT=Trypsin;AC=MS:1001251	NT=Carbamidomethyl;AC=UNIMOD:4;TA=C;MT=Fixed	NT=Oxidation;AC=UNIMOD:21;TA=M;MT=Variable	not available	not available	NT=DSS;AC=XLMOD:02001	size exclusion chromatography (SEC)	not available	not available	not available	not available	F1709_fuerschj_343.raw	NT=ms-proteomics;VV=v1.1.0	NT=crosslinking;VV=v1.0.0
PXD026244_F1803_voormannc_078	Saccharomyces cerevisiae	not available	not available	409	PXD026244_F1803_voormannc_078_assay	proteomic profiling by mass spectrometry	data-dependent acquisition	NT=label free sample;AC=MS:1002038	1	1	not available	NT=Trypsin;AC=MS:1001251	NT=Carbamidomethyl;AC=UNIMOD:4;TA=C;MT=Fixed	NT=Oxidation;AC=UNIMOD:21;TA=M;MT=Variable	not available	not available	NT=DSS;AC=XLMOD:02001	size exclusion chromatography (SEC)	not available	not available	not available	not available	F1803_voormannc_078.raw	NT=ms-proteomics;VV=v1.1.0	NT=crosslinking;VV=v1.0.0
PXD026244_F1707_fuerschj_143	Saccharomyces cerevisiae	not available	not available	410	PXD026244_F1707_fuerschj_143_assay	proteomic profiling by mass spectrometry	data-dependent acquisition	NT=label free sample;AC=MS:1002038	1	1	not available	NT=Trypsin;AC=MS:1001251	NT=Carbamidomethyl;AC=UNIMOD:4;TA=C;MT=Fixed	NT=Oxidation;AC=UNIMOD:21;TA=M;MT=Variable	not available	not available	NT=DSS;AC=XLMOD:02001	size exclusion chromatography (SEC)	not available	not available	not available	not available	F1707_fuerschj_143.raw	NT=ms-proteomics;VV=v1.1.0	NT=crosslinking;VV=v1.0.0
PXD026244_F2011_fuerschj_120	Saccharomyces cerevisiae	not available	not available	411	PXD026244_F2011_fuerschj_120_assay	proteomic profiling by mass spectrometry	data-dependent acquisition	NT=label free sample;AC=MS:1002038	1	1	not available	NT=Trypsin;AC=MS:1001251	NT=Carbamidomethyl;AC=UNIMOD:4;TA=C;MT=Fixed	NT=Oxidation;AC=UNIMOD:21;TA=M;MT=Variable	not available	not available	NT=DSS;AC=XLMOD:02001	size exclusion chromatography (SEC)	not available	not available	not available	not available	F2011_fuerschj_120.raw	NT=ms-proteomics;VV=v1.1.0	NT=crosslinking;VV=v1.0.0
PXD026244_F1707_fuerschj_101	Saccharomyces cerevisiae	not available	not available	412	PXD026244_F1707_fuerschj_101_assay	proteomic profiling by mass spectrometry	data-dependent acquisition	NT=label free sample;AC=MS:1002038	1	1	not available	NT=Trypsin;AC=MS:1001251	NT=Carbamidomethyl;AC=UNIMOD:4;TA=C;MT=Fixed	NT=Oxidation;AC=UNIMOD:21;TA=M;MT=Variable	not available	not available	NT=DSS;AC=XLMOD:02001	size exclusion chromatography (SEC)	not available	not available	not available	not available	F1707_fuerschj_101.raw	NT=ms-proteomics;VV=v1.1.0	NT=crosslinking;VV=v1.0.0
PXD026244_F2104_fuerschj_293	Saccharomyces cerevisiae	not available	not available	413	PXD026244_F2104_fuerschj_293_assay	proteomic profiling by mass spectrometry	data-dependent acquisition	NT=label free sample;AC=MS:1002038	1	1	not available	NT=Trypsin;AC=MS:1001251	NT=Carbamidomethyl;AC=UNIMOD:4;TA=C;MT=Fixed	NT=Oxidation;AC=UNIMOD:21;TA=M;MT=Variable	not available	not available	NT=DSS;AC=XLMOD:02001	size exclusion chromatography (SEC)	not available	not available	not available	not available	F2104_fuerschj_293.raw	NT=ms-proteomics;VV=v1.1.0	NT=crosslinking;VV=v1.0.0
