source name	characteristics[organism]	characteristics[organism part]	characteristics[cell type]	characteristics[biological replicate]	assay name	technology type	comment[proteomics data acquisition method]	comment[label]	comment[fraction identifier]	comment[technical replicate]	comment[instrument]	comment[cleavage agent details]	comment[modification parameters]	comment[modification parameters]	comment[collision energy]	comment[dissociation method]	comment[cross-linker]	comment[crosslink enrichment method]	comment[crosslinker concentration]	comment[crosslinker to protein ratio]	comment[crosslinking reaction time]	comment[crosslinking temperature]	comment[data file]	comment[sdrf template]	comment[sdrf template]	comment[sdrf template]
PXD019926_8PM_DSSO_FAIMS_50_65_90min_rep1	Homo sapiens	whole cell lysate	not available	1	PXD019926_8PM_DSSO_FAIMS_50_65_90min_rep1_assay	proteomic profiling by mass spectrometry	data-dependent acquisition	NT=label free sample;AC=MS:1002038	1	1	not available	NT=Lys-C;AC=MS:1001309	NT=Carbamidomethyl;AC=UNIMOD:4;TA=C;MT=Fixed	NT=Oxidation;AC=UNIMOD:21;TA=M;MT=Variable	not available	not available	NT=[{'NT': 'disuccinimidyl sulfoxide', 'AC': 'XLMOD:02126', 'CL': 'yes', 'TA': 'K,S,T,Y', 'structured': 'NT=disuccinimidyl sulfoxide;AC=XLMOD:02126;CL=yes;TA=K,S,T,Y'}, {'NT': 'disuccinimidyl suberate', 'AC': 'XLMOD:02001', 'CL': 'no', 'TA': 'K,nterm', 'structured': 'NT=disuccinimidyl suberate;AC=XLMOD:02001;CL=no;TA=K,nterm'}]	size exclusion chromatography (SEC)	0.5 mM	not available	1 h	room temperature	8PM_DSSO_FAIMS_50_65_90min_rep1.raw	NT=ms-proteomics;VV=v1.1.0	NT=crosslinking;VV=v1.0.0	NT=human;VV=v1.1.0
PXD019926_HEK293_FAIMS_5070_Fr5_BioRep2	Homo sapiens	whole cell lysate	not available	1	PXD019926_HEK293_FAIMS_5070_Fr5_BioRep2_assay	proteomic profiling by mass spectrometry	data-dependent acquisition	NT=label free sample;AC=MS:1002038	5	1	not available	NT=Lys-C;AC=MS:1001309	NT=Carbamidomethyl;AC=UNIMOD:4;TA=C;MT=Fixed	NT=Oxidation;AC=UNIMOD:21;TA=M;MT=Variable	not available	not available	NT=[{'NT': 'disuccinimidyl sulfoxide', 'AC': 'XLMOD:02126', 'CL': 'yes', 'TA': 'K,S,T,Y', 'structured': 'NT=disuccinimidyl sulfoxide;AC=XLMOD:02126;CL=yes;TA=K,S,T,Y'}, {'NT': 'disuccinimidyl suberate', 'AC': 'XLMOD:02001', 'CL': 'no', 'TA': 'K,nterm', 'structured': 'NT=disuccinimidyl suberate;AC=XLMOD:02001;CL=no;TA=K,nterm'}]	size exclusion chromatography (SEC)	0.5 mM	not available	1 h	room temperature	HEK293_FAIMS_5070_Fr5_BioRep2.raw	NT=ms-proteomics;VV=v1.1.0	NT=crosslinking;VV=v1.0.0	NT=human;VV=v1.1.0
PXD019926_8PM_DSSO_SEC_noFAIMS_D2_60min	Homo sapiens	whole cell lysate	not available	2	PXD019926_8PM_DSSO_SEC_noFAIMS_D2_60min_assay	proteomic profiling by mass spectrometry	data-dependent acquisition	NT=label free sample;AC=MS:1002038	1	1	not available	NT=Lys-C;AC=MS:1001309	NT=Carbamidomethyl;AC=UNIMOD:4;TA=C;MT=Fixed	NT=Oxidation;AC=UNIMOD:21;TA=M;MT=Variable	not available	not available	NT=[{'NT': 'disuccinimidyl sulfoxide', 'AC': 'XLMOD:02126', 'CL': 'yes', 'TA': 'K,S,T,Y', 'structured': 'NT=disuccinimidyl sulfoxide;AC=XLMOD:02126;CL=yes;TA=K,S,T,Y'}, {'NT': 'disuccinimidyl suberate', 'AC': 'XLMOD:02001', 'CL': 'no', 'TA': 'K,nterm', 'structured': 'NT=disuccinimidyl suberate;AC=XLMOD:02001;CL=no;TA=K,nterm'}]	size exclusion chromatography (SEC)	0.5 mM	not available	1 h	room temperature	8PM_DSSO_SEC_noFAIMS_D2_60min.raw	NT=ms-proteomics;VV=v1.1.0	NT=crosslinking;VV=v1.0.0	NT=human;VV=v1.1.0
PXD019926_8PM_DSSO_FAIMS_40_rep1_BioRep2	Homo sapiens	whole cell lysate	not available	3	PXD019926_8PM_DSSO_FAIMS_40_rep1_BioRep2_assay	proteomic profiling by mass spectrometry	data-dependent acquisition	NT=label free sample;AC=MS:1002038	1	1	not available	NT=Lys-C;AC=MS:1001309	NT=Carbamidomethyl;AC=UNIMOD:4;TA=C;MT=Fixed	NT=Oxidation;AC=UNIMOD:21;TA=M;MT=Variable	not available	not available	NT=[{'NT': 'disuccinimidyl sulfoxide', 'AC': 'XLMOD:02126', 'CL': 'yes', 'TA': 'K,S,T,Y', 'structured': 'NT=disuccinimidyl sulfoxide;AC=XLMOD:02126;CL=yes;TA=K,S,T,Y'}, {'NT': 'disuccinimidyl suberate', 'AC': 'XLMOD:02001', 'CL': 'no', 'TA': 'K,nterm', 'structured': 'NT=disuccinimidyl suberate;AC=XLMOD:02001;CL=no;TA=K,nterm'}]	size exclusion chromatography (SEC)	0.5 mM	not available	1 h	room temperature	8PM_DSSO_FAIMS_40_rep1_BioRep2.raw	NT=ms-proteomics;VV=v1.1.0	NT=crosslinking;VV=v1.0.0	NT=human;VV=v1.1.0
PXD019926_8PM_DSS_B_50_rep2	Homo sapiens	whole cell lysate	not available	4	PXD019926_8PM_DSS_B_50_rep2_assay	proteomic profiling by mass spectrometry	data-dependent acquisition	NT=label free sample;AC=MS:1002038	1	2	not available	NT=Lys-C;AC=MS:1001309	NT=Carbamidomethyl;AC=UNIMOD:4;TA=C;MT=Fixed	NT=Oxidation;AC=UNIMOD:21;TA=M;MT=Variable	not available	not available	NT=[{'NT': 'disuccinimidyl sulfoxide', 'AC': 'XLMOD:02126', 'CL': 'yes', 'TA': 'K,S,T,Y', 'structured': 'NT=disuccinimidyl sulfoxide;AC=XLMOD:02126;CL=yes;TA=K,S,T,Y'}, {'NT': 'disuccinimidyl suberate', 'AC': 'XLMOD:02001', 'CL': 'no', 'TA': 'K,nterm', 'structured': 'NT=disuccinimidyl suberate;AC=XLMOD:02001;CL=no;TA=K,nterm'}]	size exclusion chromatography (SEC)	0.5 mM	not available	1 h	room temperature	8PM_DSS_B_50_rep2.raw	NT=ms-proteomics;VV=v1.1.0	NT=crosslinking;VV=v1.0.0	NT=human;VV=v1.1.0
PXD019926_HEK293_DSS_FAIMS_405565_Fr3	Homo sapiens	whole cell lysate	not available	1	PXD019926_HEK293_DSS_FAIMS_405565_Fr3_assay	proteomic profiling by mass spectrometry	data-dependent acquisition	NT=label free sample;AC=MS:1002038	3	1	not available	NT=Lys-C;AC=MS:1001309	NT=Carbamidomethyl;AC=UNIMOD:4;TA=C;MT=Fixed	NT=Oxidation;AC=UNIMOD:21;TA=M;MT=Variable	not available	not available	NT=[{'NT': 'disuccinimidyl sulfoxide', 'AC': 'XLMOD:02126', 'CL': 'yes', 'TA': 'K,S,T,Y', 'structured': 'NT=disuccinimidyl sulfoxide;AC=XLMOD:02126;CL=yes;TA=K,S,T,Y'}, {'NT': 'disuccinimidyl suberate', 'AC': 'XLMOD:02001', 'CL': 'no', 'TA': 'K,nterm', 'structured': 'NT=disuccinimidyl suberate;AC=XLMOD:02001;CL=no;TA=K,nterm'}]	size exclusion chromatography (SEC)	0.5 mM	not available	1 h	room temperature	HEK293_DSS_FAIMS_405565_Fr3.raw	NT=ms-proteomics;VV=v1.1.0	NT=crosslinking;VV=v1.0.0	NT=human;VV=v1.1.0
PXD019926_8PM_DSSO_FAIMS_50_65_60min_rep1	Homo sapiens	whole cell lysate	not available	5	PXD019926_8PM_DSSO_FAIMS_50_65_60min_rep1_assay	proteomic profiling by mass spectrometry	data-dependent acquisition	NT=label free sample;AC=MS:1002038	1	1	not available	NT=Lys-C;AC=MS:1001309	NT=Carbamidomethyl;AC=UNIMOD:4;TA=C;MT=Fixed	NT=Oxidation;AC=UNIMOD:21;TA=M;MT=Variable	not available	not available	NT=[{'NT': 'disuccinimidyl sulfoxide', 'AC': 'XLMOD:02126', 'CL': 'yes', 'TA': 'K,S,T,Y', 'structured': 'NT=disuccinimidyl sulfoxide;AC=XLMOD:02126;CL=yes;TA=K,S,T,Y'}, {'NT': 'disuccinimidyl suberate', 'AC': 'XLMOD:02001', 'CL': 'no', 'TA': 'K,nterm', 'structured': 'NT=disuccinimidyl suberate;AC=XLMOD:02001;CL=no;TA=K,nterm'}]	size exclusion chromatography (SEC)	0.5 mM	not available	1 h	room temperature	8PM_DSSO_FAIMS_50_65_60min_rep1.raw	NT=ms-proteomics;VV=v1.1.0	NT=crosslinking;VV=v1.0.0	NT=human;VV=v1.1.0
PXD019926_8PM_DSS_A_75_rep1	Homo sapiens	whole cell lysate	not available	6	PXD019926_8PM_DSS_A_75_rep1_assay	proteomic profiling by mass spectrometry	data-dependent acquisition	NT=label free sample;AC=MS:1002038	1	1	not available	NT=Lys-C;AC=MS:1001309	NT=Carbamidomethyl;AC=UNIMOD:4;TA=C;MT=Fixed	NT=Oxidation;AC=UNIMOD:21;TA=M;MT=Variable	not available	not available	NT=[{'NT': 'disuccinimidyl sulfoxide', 'AC': 'XLMOD:02126', 'CL': 'yes', 'TA': 'K,S,T,Y', 'structured': 'NT=disuccinimidyl sulfoxide;AC=XLMOD:02126;CL=yes;TA=K,S,T,Y'}, {'NT': 'disuccinimidyl suberate', 'AC': 'XLMOD:02001', 'CL': 'no', 'TA': 'K,nterm', 'structured': 'NT=disuccinimidyl suberate;AC=XLMOD:02001;CL=no;TA=K,nterm'}]	size exclusion chromatography (SEC)	0.5 mM	not available	1 h	room temperature	8PM_DSS_A_75_rep1.raw	NT=ms-proteomics;VV=v1.1.0	NT=crosslinking;VV=v1.0.0	NT=human;VV=v1.1.0
PXD019926_HEK293_FAIMS_506075_Fr2_BioRep2	Homo sapiens	whole cell lysate	not available	1	PXD019926_HEK293_FAIMS_506075_Fr2_BioRep2_assay	proteomic profiling by mass spectrometry	data-dependent acquisition	NT=label free sample;AC=MS:1002038	2	1	not available	NT=Lys-C;AC=MS:1001309	NT=Carbamidomethyl;AC=UNIMOD:4;TA=C;MT=Fixed	NT=Oxidation;AC=UNIMOD:21;TA=M;MT=Variable	not available	not available	NT=[{'NT': 'disuccinimidyl sulfoxide', 'AC': 'XLMOD:02126', 'CL': 'yes', 'TA': 'K,S,T,Y', 'structured': 'NT=disuccinimidyl sulfoxide;AC=XLMOD:02126;CL=yes;TA=K,S,T,Y'}, {'NT': 'disuccinimidyl suberate', 'AC': 'XLMOD:02001', 'CL': 'no', 'TA': 'K,nterm', 'structured': 'NT=disuccinimidyl suberate;AC=XLMOD:02001;CL=no;TA=K,nterm'}]	size exclusion chromatography (SEC)	0.5 mM	not available	1 h	room temperature	HEK293_FAIMS_506075_Fr2_BioRep2.raw	NT=ms-proteomics;VV=v1.1.0	NT=crosslinking;VV=v1.0.0	NT=human;VV=v1.1.0
PXD019926_8PM_DSSO_FAIMS_rep1_50	Equus caballus (horse)	whole cell lysate	not available	7	PXD019926_8PM_DSSO_FAIMS_rep1_50_assay	proteomic profiling by mass spectrometry	data-dependent acquisition	NT=label free sample;AC=MS:1002038	1	1	not available	NT=Lys-C;AC=MS:1001309	NT=Carbamidomethyl;AC=UNIMOD:4;TA=C;MT=Fixed	NT=Oxidation;AC=UNIMOD:21;TA=M;MT=Variable	not available	not available	NT=[{'NT': 'disuccinimidyl sulfoxide', 'AC': 'XLMOD:02126', 'CL': 'yes', 'TA': 'K,S,T,Y', 'structured': 'NT=disuccinimidyl sulfoxide;AC=XLMOD:02126;CL=yes;TA=K,S,T,Y'}, {'NT': 'disuccinimidyl suberate', 'AC': 'XLMOD:02001', 'CL': 'no', 'TA': 'K,nterm', 'structured': 'NT=disuccinimidyl suberate;AC=XLMOD:02001;CL=no;TA=K,nterm'}]	size exclusion chromatography (SEC)	0.5 mM	not available	1 h	room temperature	8PM_DSSO_FAIMS_rep1_50.raw	NT=ms-proteomics;VV=v1.1.0	NT=crosslinking;VV=v1.0.0	NT=human;VV=v1.1.0
PXD019926_8PM_DSSO_FAIMS_40_55_70_60min_rep2	Homo sapiens	whole cell lysate	not available	8	PXD019926_8PM_DSSO_FAIMS_40_55_70_60min_rep2_assay	proteomic profiling by mass spectrometry	data-dependent acquisition	NT=label free sample;AC=MS:1002038	1	2	not available	NT=Lys-C;AC=MS:1001309	NT=Carbamidomethyl;AC=UNIMOD:4;TA=C;MT=Fixed	NT=Oxidation;AC=UNIMOD:21;TA=M;MT=Variable	not available	not available	NT=[{'NT': 'disuccinimidyl sulfoxide', 'AC': 'XLMOD:02126', 'CL': 'yes', 'TA': 'K,S,T,Y', 'structured': 'NT=disuccinimidyl sulfoxide;AC=XLMOD:02126;CL=yes;TA=K,S,T,Y'}, {'NT': 'disuccinimidyl suberate', 'AC': 'XLMOD:02001', 'CL': 'no', 'TA': 'K,nterm', 'structured': 'NT=disuccinimidyl suberate;AC=XLMOD:02001;CL=no;TA=K,nterm'}]	size exclusion chromatography (SEC)	0.5 mM	not available	1 h	room temperature	8PM_DSSO_FAIMS_40_55_70_60min_rep2.raw	NT=ms-proteomics;VV=v1.1.0	NT=crosslinking;VV=v1.0.0	NT=human;VV=v1.1.0
PXD019926_HEK293_FAIMS_60_70_80_Fr5	Homo sapiens	whole cell lysate	not available	2	PXD019926_HEK293_FAIMS_60_70_80_Fr5_assay	proteomic profiling by mass spectrometry	data-dependent acquisition	NT=label free sample;AC=MS:1002038	5	1	not available	NT=Lys-C;AC=MS:1001309	NT=Carbamidomethyl;AC=UNIMOD:4;TA=C;MT=Fixed	NT=Oxidation;AC=UNIMOD:21;TA=M;MT=Variable	not available	not available	NT=[{'NT': 'disuccinimidyl sulfoxide', 'AC': 'XLMOD:02126', 'CL': 'yes', 'TA': 'K,S,T,Y', 'structured': 'NT=disuccinimidyl sulfoxide;AC=XLMOD:02126;CL=yes;TA=K,S,T,Y'}, {'NT': 'disuccinimidyl suberate', 'AC': 'XLMOD:02001', 'CL': 'no', 'TA': 'K,nterm', 'structured': 'NT=disuccinimidyl suberate;AC=XLMOD:02001;CL=no;TA=K,nterm'}]	size exclusion chromatography (SEC)	0.5 mM	not available	1 h	room temperature	HEK293_FAIMS_60_70_80_Fr5.raw	NT=ms-proteomics;VV=v1.1.0	NT=crosslinking;VV=v1.0.0	NT=human;VV=v1.1.0
PXD019926_HEK293_DSS_FAIMS_405565_Fr2	Homo sapiens	whole cell lysate	not available	2	PXD019926_HEK293_DSS_FAIMS_405565_Fr2_assay	proteomic profiling by mass spectrometry	data-dependent acquisition	NT=label free sample;AC=MS:1002038	2	1	not available	NT=Lys-C;AC=MS:1001309	NT=Carbamidomethyl;AC=UNIMOD:4;TA=C;MT=Fixed	NT=Oxidation;AC=UNIMOD:21;TA=M;MT=Variable	not available	not available	NT=[{'NT': 'disuccinimidyl sulfoxide', 'AC': 'XLMOD:02126', 'CL': 'yes', 'TA': 'K,S,T,Y', 'structured': 'NT=disuccinimidyl sulfoxide;AC=XLMOD:02126;CL=yes;TA=K,S,T,Y'}, {'NT': 'disuccinimidyl suberate', 'AC': 'XLMOD:02001', 'CL': 'no', 'TA': 'K,nterm', 'structured': 'NT=disuccinimidyl suberate;AC=XLMOD:02001;CL=no;TA=K,nterm'}]	size exclusion chromatography (SEC)	0.5 mM	not available	1 h	room temperature	HEK293_DSS_FAIMS_405565_Fr2.raw	NT=ms-proteomics;VV=v1.1.0	NT=crosslinking;VV=v1.0.0	NT=human;VV=v1.1.0
PXD019926_8PM_DSSO_FAIMS_rep2_75	Equus caballus (horse)	whole cell lysate	not available	9	PXD019926_8PM_DSSO_FAIMS_rep2_75_assay	proteomic profiling by mass spectrometry	data-dependent acquisition	NT=label free sample;AC=MS:1002038	1	2	not available	NT=Lys-C;AC=MS:1001309	NT=Carbamidomethyl;AC=UNIMOD:4;TA=C;MT=Fixed	NT=Oxidation;AC=UNIMOD:21;TA=M;MT=Variable	not available	not available	NT=[{'NT': 'disuccinimidyl sulfoxide', 'AC': 'XLMOD:02126', 'CL': 'yes', 'TA': 'K,S,T,Y', 'structured': 'NT=disuccinimidyl sulfoxide;AC=XLMOD:02126;CL=yes;TA=K,S,T,Y'}, {'NT': 'disuccinimidyl suberate', 'AC': 'XLMOD:02001', 'CL': 'no', 'TA': 'K,nterm', 'structured': 'NT=disuccinimidyl suberate;AC=XLMOD:02001;CL=no;TA=K,nterm'}]	size exclusion chromatography (SEC)	0.5 mM	not available	1 h	room temperature	8PM_DSSO_FAIMS_rep2_75.raw	NT=ms-proteomics;VV=v1.1.0	NT=crosslinking;VV=v1.0.0	NT=human;VV=v1.1.0
PXD019926_8PM_DSSO_FAIMS_rep2_70	Equus caballus (horse)	whole cell lysate	not available	10	PXD019926_8PM_DSSO_FAIMS_rep2_70_assay	proteomic profiling by mass spectrometry	data-dependent acquisition	NT=label free sample;AC=MS:1002038	1	2	not available	NT=Lys-C;AC=MS:1001309	NT=Carbamidomethyl;AC=UNIMOD:4;TA=C;MT=Fixed	NT=Oxidation;AC=UNIMOD:21;TA=M;MT=Variable	not available	not available	NT=[{'NT': 'disuccinimidyl sulfoxide', 'AC': 'XLMOD:02126', 'CL': 'yes', 'TA': 'K,S,T,Y', 'structured': 'NT=disuccinimidyl sulfoxide;AC=XLMOD:02126;CL=yes;TA=K,S,T,Y'}, {'NT': 'disuccinimidyl suberate', 'AC': 'XLMOD:02001', 'CL': 'no', 'TA': 'K,nterm', 'structured': 'NT=disuccinimidyl suberate;AC=XLMOD:02001;CL=no;TA=K,nterm'}]	size exclusion chromatography (SEC)	0.5 mM	not available	1 h	room temperature	8PM_DSSO_FAIMS_rep2_70.raw	NT=ms-proteomics;VV=v1.1.0	NT=crosslinking;VV=v1.0.0	NT=human;VV=v1.1.0
PXD019926_8PM_DSSO_FAIMS_rep1_75	Equus caballus (horse)	whole cell lysate	not available	11	PXD019926_8PM_DSSO_FAIMS_rep1_75_assay	proteomic profiling by mass spectrometry	data-dependent acquisition	NT=label free sample;AC=MS:1002038	1	1	not available	NT=Lys-C;AC=MS:1001309	NT=Carbamidomethyl;AC=UNIMOD:4;TA=C;MT=Fixed	NT=Oxidation;AC=UNIMOD:21;TA=M;MT=Variable	not available	not available	NT=[{'NT': 'disuccinimidyl sulfoxide', 'AC': 'XLMOD:02126', 'CL': 'yes', 'TA': 'K,S,T,Y', 'structured': 'NT=disuccinimidyl sulfoxide;AC=XLMOD:02126;CL=yes;TA=K,S,T,Y'}, {'NT': 'disuccinimidyl suberate', 'AC': 'XLMOD:02001', 'CL': 'no', 'TA': 'K,nterm', 'structured': 'NT=disuccinimidyl suberate;AC=XLMOD:02001;CL=no;TA=K,nterm'}]	size exclusion chromatography (SEC)	0.5 mM	not available	1 h	room temperature	8PM_DSSO_FAIMS_rep1_75.raw	NT=ms-proteomics;VV=v1.1.0	NT=crosslinking;VV=v1.0.0	NT=human;VV=v1.1.0
PXD019926_8PM_DSS_60min_40_50_60_rep1	Homo sapiens	whole cell lysate	not available	12	PXD019926_8PM_DSS_60min_40_50_60_rep1_assay	proteomic profiling by mass spectrometry	data-dependent acquisition	NT=label free sample;AC=MS:1002038	1	1	not available	NT=Lys-C;AC=MS:1001309	NT=Carbamidomethyl;AC=UNIMOD:4;TA=C;MT=Fixed	NT=Oxidation;AC=UNIMOD:21;TA=M;MT=Variable	not available	not available	NT=[{'NT': 'disuccinimidyl sulfoxide', 'AC': 'XLMOD:02126', 'CL': 'yes', 'TA': 'K,S,T,Y', 'structured': 'NT=disuccinimidyl sulfoxide;AC=XLMOD:02126;CL=yes;TA=K,S,T,Y'}, {'NT': 'disuccinimidyl suberate', 'AC': 'XLMOD:02001', 'CL': 'no', 'TA': 'K,nterm', 'structured': 'NT=disuccinimidyl suberate;AC=XLMOD:02001;CL=no;TA=K,nterm'}]	size exclusion chromatography (SEC)	0.5 mM	not available	1 h	room temperature	8PM_DSS_60min_40_50_60_rep1.raw	NT=ms-proteomics;VV=v1.1.0	NT=crosslinking;VV=v1.0.0	NT=human;VV=v1.1.0
PXD019926_8PM_DSSO_FAIMS_50_70_120min_rep2	Homo sapiens	whole cell lysate	not available	13	PXD019926_8PM_DSSO_FAIMS_50_70_120min_rep2_assay	proteomic profiling by mass spectrometry	data-dependent acquisition	NT=label free sample;AC=MS:1002038	1	2	not available	NT=Lys-C;AC=MS:1001309	NT=Carbamidomethyl;AC=UNIMOD:4;TA=C;MT=Fixed	NT=Oxidation;AC=UNIMOD:21;TA=M;MT=Variable	not available	not available	NT=[{'NT': 'disuccinimidyl sulfoxide', 'AC': 'XLMOD:02126', 'CL': 'yes', 'TA': 'K,S,T,Y', 'structured': 'NT=disuccinimidyl sulfoxide;AC=XLMOD:02126;CL=yes;TA=K,S,T,Y'}, {'NT': 'disuccinimidyl suberate', 'AC': 'XLMOD:02001', 'CL': 'no', 'TA': 'K,nterm', 'structured': 'NT=disuccinimidyl suberate;AC=XLMOD:02001;CL=no;TA=K,nterm'}]	size exclusion chromatography (SEC)	0.5 mM	not available	1 h	room temperature	8PM_DSSO_FAIMS_50_70_120min_rep2.raw	NT=ms-proteomics;VV=v1.1.0	NT=crosslinking;VV=v1.0.0	NT=human;VV=v1.1.0
PXD019926_8PM_DSSO_SEC_noFAIMS_F2_60min	Homo sapiens	whole cell lysate	not available	3	PXD019926_8PM_DSSO_SEC_noFAIMS_F2_60min_assay	proteomic profiling by mass spectrometry	data-dependent acquisition	NT=label free sample;AC=MS:1002038	2	1	not available	NT=Lys-C;AC=MS:1001309	NT=Carbamidomethyl;AC=UNIMOD:4;TA=C;MT=Fixed	NT=Oxidation;AC=UNIMOD:21;TA=M;MT=Variable	not available	not available	NT=[{'NT': 'disuccinimidyl sulfoxide', 'AC': 'XLMOD:02126', 'CL': 'yes', 'TA': 'K,S,T,Y', 'structured': 'NT=disuccinimidyl sulfoxide;AC=XLMOD:02126;CL=yes;TA=K,S,T,Y'}, {'NT': 'disuccinimidyl suberate', 'AC': 'XLMOD:02001', 'CL': 'no', 'TA': 'K,nterm', 'structured': 'NT=disuccinimidyl suberate;AC=XLMOD:02001;CL=no;TA=K,nterm'}]	size exclusion chromatography (SEC)	0.5 mM	not available	1 h	room temperature	8PM_DSSO_SEC_noFAIMS_F2_60min.raw	NT=ms-proteomics;VV=v1.1.0	NT=crosslinking;VV=v1.0.0	NT=human;VV=v1.1.0
PXD019926_8PM_DSS_90min_40_55_65_rep2	Homo sapiens	whole cell lysate	not available	14	PXD019926_8PM_DSS_90min_40_55_65_rep2_assay	proteomic profiling by mass spectrometry	data-dependent acquisition	NT=label free sample;AC=MS:1002038	1	2	not available	NT=Lys-C;AC=MS:1001309	NT=Carbamidomethyl;AC=UNIMOD:4;TA=C;MT=Fixed	NT=Oxidation;AC=UNIMOD:21;TA=M;MT=Variable	not available	not available	NT=[{'NT': 'disuccinimidyl sulfoxide', 'AC': 'XLMOD:02126', 'CL': 'yes', 'TA': 'K,S,T,Y', 'structured': 'NT=disuccinimidyl sulfoxide;AC=XLMOD:02126;CL=yes;TA=K,S,T,Y'}, {'NT': 'disuccinimidyl suberate', 'AC': 'XLMOD:02001', 'CL': 'no', 'TA': 'K,nterm', 'structured': 'NT=disuccinimidyl suberate;AC=XLMOD:02001;CL=no;TA=K,nterm'}]	size exclusion chromatography (SEC)	0.5 mM	not available	1 h	room temperature	8PM_DSS_90min_40_55_65_rep2.raw	NT=ms-proteomics;VV=v1.1.0	NT=crosslinking;VV=v1.0.0	NT=human;VV=v1.1.0
PXD019926_HEK293_noFAIMS_Fr2	Homo sapiens	whole cell lysate	not available	4	PXD019926_HEK293_noFAIMS_Fr2_assay	proteomic profiling by mass spectrometry	data-dependent acquisition	NT=label free sample;AC=MS:1002038	2	1	not available	NT=Lys-C;AC=MS:1001309	NT=Carbamidomethyl;AC=UNIMOD:4;TA=C;MT=Fixed	NT=Oxidation;AC=UNIMOD:21;TA=M;MT=Variable	not available	not available	NT=[{'NT': 'disuccinimidyl sulfoxide', 'AC': 'XLMOD:02126', 'CL': 'yes', 'TA': 'K,S,T,Y', 'structured': 'NT=disuccinimidyl sulfoxide;AC=XLMOD:02126;CL=yes;TA=K,S,T,Y'}, {'NT': 'disuccinimidyl suberate', 'AC': 'XLMOD:02001', 'CL': 'no', 'TA': 'K,nterm', 'structured': 'NT=disuccinimidyl suberate;AC=XLMOD:02001;CL=no;TA=K,nterm'}]	size exclusion chromatography (SEC)	0.5 mM	not available	1 h	room temperature	HEK293_noFAIMS_Fr2.raw	NT=ms-proteomics;VV=v1.1.0	NT=crosslinking;VV=v1.0.0	NT=human;VV=v1.1.0
PXD019926_8PM_DSSO_FAIMS_75_rep1_BioRep2	Homo sapiens	whole cell lysate	not available	15	PXD019926_8PM_DSSO_FAIMS_75_rep1_BioRep2_assay	proteomic profiling by mass spectrometry	data-dependent acquisition	NT=label free sample;AC=MS:1002038	1	1	not available	NT=Lys-C;AC=MS:1001309	NT=Carbamidomethyl;AC=UNIMOD:4;TA=C;MT=Fixed	NT=Oxidation;AC=UNIMOD:21;TA=M;MT=Variable	not available	not available	NT=[{'NT': 'disuccinimidyl sulfoxide', 'AC': 'XLMOD:02126', 'CL': 'yes', 'TA': 'K,S,T,Y', 'structured': 'NT=disuccinimidyl sulfoxide;AC=XLMOD:02126;CL=yes;TA=K,S,T,Y'}, {'NT': 'disuccinimidyl suberate', 'AC': 'XLMOD:02001', 'CL': 'no', 'TA': 'K,nterm', 'structured': 'NT=disuccinimidyl suberate;AC=XLMOD:02001;CL=no;TA=K,nterm'}]	size exclusion chromatography (SEC)	0.5 mM	not available	1 h	room temperature	8PM_DSSO_FAIMS_75_rep1_BioRep2.raw	NT=ms-proteomics;VV=v1.1.0	NT=crosslinking;VV=v1.0.0	NT=human;VV=v1.1.0
PXD019926_HEK293_FAIMS_40_55_70_Fr3	Homo sapiens	whole cell lysate	not available	2	PXD019926_HEK293_FAIMS_40_55_70_Fr3_assay	proteomic profiling by mass spectrometry	data-dependent acquisition	NT=label free sample;AC=MS:1002038	3	1	not available	NT=Lys-C;AC=MS:1001309	NT=Carbamidomethyl;AC=UNIMOD:4;TA=C;MT=Fixed	NT=Oxidation;AC=UNIMOD:21;TA=M;MT=Variable	not available	not available	NT=[{'NT': 'disuccinimidyl sulfoxide', 'AC': 'XLMOD:02126', 'CL': 'yes', 'TA': 'K,S,T,Y', 'structured': 'NT=disuccinimidyl sulfoxide;AC=XLMOD:02126;CL=yes;TA=K,S,T,Y'}, {'NT': 'disuccinimidyl suberate', 'AC': 'XLMOD:02001', 'CL': 'no', 'TA': 'K,nterm', 'structured': 'NT=disuccinimidyl suberate;AC=XLMOD:02001;CL=no;TA=K,nterm'}]	size exclusion chromatography (SEC)	0.5 mM	not available	1 h	room temperature	HEK293_FAIMS_40_55_70_Fr3.raw	NT=ms-proteomics;VV=v1.1.0	NT=crosslinking;VV=v1.0.0	NT=human;VV=v1.1.0
PXD019926_HEK293_FAIMS_5070_Fr6_BioRep2	Homo sapiens	whole cell lysate	not available	1	PXD019926_HEK293_FAIMS_5070_Fr6_BioRep2_assay	proteomic profiling by mass spectrometry	data-dependent acquisition	NT=label free sample;AC=MS:1002038	6	1	not available	NT=Lys-C;AC=MS:1001309	NT=Carbamidomethyl;AC=UNIMOD:4;TA=C;MT=Fixed	NT=Oxidation;AC=UNIMOD:21;TA=M;MT=Variable	not available	not available	NT=[{'NT': 'disuccinimidyl sulfoxide', 'AC': 'XLMOD:02126', 'CL': 'yes', 'TA': 'K,S,T,Y', 'structured': 'NT=disuccinimidyl sulfoxide;AC=XLMOD:02126;CL=yes;TA=K,S,T,Y'}, {'NT': 'disuccinimidyl suberate', 'AC': 'XLMOD:02001', 'CL': 'no', 'TA': 'K,nterm', 'structured': 'NT=disuccinimidyl suberate;AC=XLMOD:02001;CL=no;TA=K,nterm'}]	size exclusion chromatography (SEC)	0.5 mM	not available	1 h	room temperature	HEK293_FAIMS_5070_Fr6_BioRep2.raw	NT=ms-proteomics;VV=v1.1.0	NT=crosslinking;VV=v1.0.0	NT=human;VV=v1.1.0
PXD019926_8PM_DSSO_FAIMS_rep2_55	Equus caballus (horse)	whole cell lysate	not available	16	PXD019926_8PM_DSSO_FAIMS_rep2_55_assay	proteomic profiling by mass spectrometry	data-dependent acquisition	NT=label free sample;AC=MS:1002038	1	2	not available	NT=Lys-C;AC=MS:1001309	NT=Carbamidomethyl;AC=UNIMOD:4;TA=C;MT=Fixed	NT=Oxidation;AC=UNIMOD:21;TA=M;MT=Variable	not available	not available	NT=[{'NT': 'disuccinimidyl sulfoxide', 'AC': 'XLMOD:02126', 'CL': 'yes', 'TA': 'K,S,T,Y', 'structured': 'NT=disuccinimidyl sulfoxide;AC=XLMOD:02126;CL=yes;TA=K,S,T,Y'}, {'NT': 'disuccinimidyl suberate', 'AC': 'XLMOD:02001', 'CL': 'no', 'TA': 'K,nterm', 'structured': 'NT=disuccinimidyl suberate;AC=XLMOD:02001;CL=no;TA=K,nterm'}]	size exclusion chromatography (SEC)	0.5 mM	not available	1 h	room temperature	8PM_DSSO_FAIMS_rep2_55.raw	NT=ms-proteomics;VV=v1.1.0	NT=crosslinking;VV=v1.0.0	NT=human;VV=v1.1.0
PXD019926_HEK293_FAIMS_5070_Fr2_BioRep2	Homo sapiens	whole cell lysate	not available	5	PXD019926_HEK293_FAIMS_5070_Fr2_BioRep2_assay	proteomic profiling by mass spectrometry	data-dependent acquisition	NT=label free sample;AC=MS:1002038	2	1	not available	NT=Lys-C;AC=MS:1001309	NT=Carbamidomethyl;AC=UNIMOD:4;TA=C;MT=Fixed	NT=Oxidation;AC=UNIMOD:21;TA=M;MT=Variable	not available	not available	NT=[{'NT': 'disuccinimidyl sulfoxide', 'AC': 'XLMOD:02126', 'CL': 'yes', 'TA': 'K,S,T,Y', 'structured': 'NT=disuccinimidyl sulfoxide;AC=XLMOD:02126;CL=yes;TA=K,S,T,Y'}, {'NT': 'disuccinimidyl suberate', 'AC': 'XLMOD:02001', 'CL': 'no', 'TA': 'K,nterm', 'structured': 'NT=disuccinimidyl suberate;AC=XLMOD:02001;CL=no;TA=K,nterm'}]	size exclusion chromatography (SEC)	0.5 mM	not available	1 h	room temperature	HEK293_FAIMS_5070_Fr2_BioRep2.raw	NT=ms-proteomics;VV=v1.1.0	NT=crosslinking;VV=v1.0.0	NT=human;VV=v1.1.0
PXD019926_8PM_DSS_A_60_rep1	Homo sapiens	whole cell lysate	not available	17	PXD019926_8PM_DSS_A_60_rep1_assay	proteomic profiling by mass spectrometry	data-dependent acquisition	NT=label free sample;AC=MS:1002038	1	1	not available	NT=Lys-C;AC=MS:1001309	NT=Carbamidomethyl;AC=UNIMOD:4;TA=C;MT=Fixed	NT=Oxidation;AC=UNIMOD:21;TA=M;MT=Variable	not available	not available	NT=[{'NT': 'disuccinimidyl sulfoxide', 'AC': 'XLMOD:02126', 'CL': 'yes', 'TA': 'K,S,T,Y', 'structured': 'NT=disuccinimidyl sulfoxide;AC=XLMOD:02126;CL=yes;TA=K,S,T,Y'}, {'NT': 'disuccinimidyl suberate', 'AC': 'XLMOD:02001', 'CL': 'no', 'TA': 'K,nterm', 'structured': 'NT=disuccinimidyl suberate;AC=XLMOD:02001;CL=no;TA=K,nterm'}]	size exclusion chromatography (SEC)	0.5 mM	not available	1 h	room temperature	8PM_DSS_A_60_rep1.raw	NT=ms-proteomics;VV=v1.1.0	NT=crosslinking;VV=v1.0.0	NT=human;VV=v1.1.0
PXD019926_8PM_DSS_A_70_rep2	Homo sapiens	whole cell lysate	not available	18	PXD019926_8PM_DSS_A_70_rep2_assay	proteomic profiling by mass spectrometry	data-dependent acquisition	NT=label free sample;AC=MS:1002038	1	2	not available	NT=Lys-C;AC=MS:1001309	NT=Carbamidomethyl;AC=UNIMOD:4;TA=C;MT=Fixed	NT=Oxidation;AC=UNIMOD:21;TA=M;MT=Variable	not available	not available	NT=[{'NT': 'disuccinimidyl sulfoxide', 'AC': 'XLMOD:02126', 'CL': 'yes', 'TA': 'K,S,T,Y', 'structured': 'NT=disuccinimidyl sulfoxide;AC=XLMOD:02126;CL=yes;TA=K,S,T,Y'}, {'NT': 'disuccinimidyl suberate', 'AC': 'XLMOD:02001', 'CL': 'no', 'TA': 'K,nterm', 'structured': 'NT=disuccinimidyl suberate;AC=XLMOD:02001;CL=no;TA=K,nterm'}]	size exclusion chromatography (SEC)	0.5 mM	not available	1 h	room temperature	8PM_DSS_A_70_rep2.raw	NT=ms-proteomics;VV=v1.1.0	NT=crosslinking;VV=v1.0.0	NT=human;VV=v1.1.0
PXD019926_HEK293_DSS_FAIMS_4055_Fr2	Homo sapiens	whole cell lysate	not available	6	PXD019926_HEK293_DSS_FAIMS_4055_Fr2_assay	proteomic profiling by mass spectrometry	data-dependent acquisition	NT=label free sample;AC=MS:1002038	2	1	not available	NT=Lys-C;AC=MS:1001309	NT=Carbamidomethyl;AC=UNIMOD:4;TA=C;MT=Fixed	NT=Oxidation;AC=UNIMOD:21;TA=M;MT=Variable	not available	not available	NT=[{'NT': 'disuccinimidyl sulfoxide', 'AC': 'XLMOD:02126', 'CL': 'yes', 'TA': 'K,S,T,Y', 'structured': 'NT=disuccinimidyl sulfoxide;AC=XLMOD:02126;CL=yes;TA=K,S,T,Y'}, {'NT': 'disuccinimidyl suberate', 'AC': 'XLMOD:02001', 'CL': 'no', 'TA': 'K,nterm', 'structured': 'NT=disuccinimidyl suberate;AC=XLMOD:02001;CL=no;TA=K,nterm'}]	size exclusion chromatography (SEC)	0.5 mM	not available	1 h	room temperature	HEK293_DSS_FAIMS_4055_Fr2.raw	NT=ms-proteomics;VV=v1.1.0	NT=crosslinking;VV=v1.0.0	NT=human;VV=v1.1.0
PXD019926_8PM_DSSO_noFAIMS_120min_rep1	Homo sapiens	whole cell lysate	not available	19	PXD019926_8PM_DSSO_noFAIMS_120min_rep1_assay	proteomic profiling by mass spectrometry	data-dependent acquisition	NT=label free sample;AC=MS:1002038	1	1	not available	NT=Lys-C;AC=MS:1001309	NT=Carbamidomethyl;AC=UNIMOD:4;TA=C;MT=Fixed	NT=Oxidation;AC=UNIMOD:21;TA=M;MT=Variable	not available	not available	NT=[{'NT': 'disuccinimidyl sulfoxide', 'AC': 'XLMOD:02126', 'CL': 'yes', 'TA': 'K,S,T,Y', 'structured': 'NT=disuccinimidyl sulfoxide;AC=XLMOD:02126;CL=yes;TA=K,S,T,Y'}, {'NT': 'disuccinimidyl suberate', 'AC': 'XLMOD:02001', 'CL': 'no', 'TA': 'K,nterm', 'structured': 'NT=disuccinimidyl suberate;AC=XLMOD:02001;CL=no;TA=K,nterm'}]	size exclusion chromatography (SEC)	0.5 mM	not available	1 h	room temperature	8PM_DSSO_noFAIMS_120min_rep1.raw	NT=ms-proteomics;VV=v1.1.0	NT=crosslinking;VV=v1.0.0	NT=human;VV=v1.1.0
PXD019926_8PM_DSS_B_75_rep1	Homo sapiens	whole cell lysate	not available	20	PXD019926_8PM_DSS_B_75_rep1_assay	proteomic profiling by mass spectrometry	data-dependent acquisition	NT=label free sample;AC=MS:1002038	1	1	not available	NT=Lys-C;AC=MS:1001309	NT=Carbamidomethyl;AC=UNIMOD:4;TA=C;MT=Fixed	NT=Oxidation;AC=UNIMOD:21;TA=M;MT=Variable	not available	not available	NT=[{'NT': 'disuccinimidyl sulfoxide', 'AC': 'XLMOD:02126', 'CL': 'yes', 'TA': 'K,S,T,Y', 'structured': 'NT=disuccinimidyl sulfoxide;AC=XLMOD:02126;CL=yes;TA=K,S,T,Y'}, {'NT': 'disuccinimidyl suberate', 'AC': 'XLMOD:02001', 'CL': 'no', 'TA': 'K,nterm', 'structured': 'NT=disuccinimidyl suberate;AC=XLMOD:02001;CL=no;TA=K,nterm'}]	size exclusion chromatography (SEC)	0.5 mM	not available	1 h	room temperature	8PM_DSS_B_75_rep1.raw	NT=ms-proteomics;VV=v1.1.0	NT=crosslinking;VV=v1.0.0	NT=human;VV=v1.1.0
PXD019926_8PM_DSSO_FAIMS_50_70_120min_rep1	Homo sapiens	whole cell lysate	not available	21	PXD019926_8PM_DSSO_FAIMS_50_70_120min_rep1_assay	proteomic profiling by mass spectrometry	data-dependent acquisition	NT=label free sample;AC=MS:1002038	1	1	not available	NT=Lys-C;AC=MS:1001309	NT=Carbamidomethyl;AC=UNIMOD:4;TA=C;MT=Fixed	NT=Oxidation;AC=UNIMOD:21;TA=M;MT=Variable	not available	not available	NT=[{'NT': 'disuccinimidyl sulfoxide', 'AC': 'XLMOD:02126', 'CL': 'yes', 'TA': 'K,S,T,Y', 'structured': 'NT=disuccinimidyl sulfoxide;AC=XLMOD:02126;CL=yes;TA=K,S,T,Y'}, {'NT': 'disuccinimidyl suberate', 'AC': 'XLMOD:02001', 'CL': 'no', 'TA': 'K,nterm', 'structured': 'NT=disuccinimidyl suberate;AC=XLMOD:02001;CL=no;TA=K,nterm'}]	size exclusion chromatography (SEC)	0.5 mM	not available	1 h	room temperature	8PM_DSSO_FAIMS_50_70_120min_rep1.raw	NT=ms-proteomics;VV=v1.1.0	NT=crosslinking;VV=v1.0.0	NT=human;VV=v1.1.0
PXD019926_8PM_DSS_B_80_rep1	Homo sapiens	whole cell lysate	not available	22	PXD019926_8PM_DSS_B_80_rep1_assay	proteomic profiling by mass spectrometry	data-dependent acquisition	NT=label free sample;AC=MS:1002038	1	1	not available	NT=Lys-C;AC=MS:1001309	NT=Carbamidomethyl;AC=UNIMOD:4;TA=C;MT=Fixed	NT=Oxidation;AC=UNIMOD:21;TA=M;MT=Variable	not available	not available	NT=[{'NT': 'disuccinimidyl sulfoxide', 'AC': 'XLMOD:02126', 'CL': 'yes', 'TA': 'K,S,T,Y', 'structured': 'NT=disuccinimidyl sulfoxide;AC=XLMOD:02126;CL=yes;TA=K,S,T,Y'}, {'NT': 'disuccinimidyl suberate', 'AC': 'XLMOD:02001', 'CL': 'no', 'TA': 'K,nterm', 'structured': 'NT=disuccinimidyl suberate;AC=XLMOD:02001;CL=no;TA=K,nterm'}]	size exclusion chromatography (SEC)	0.5 mM	not available	1 h	room temperature	8PM_DSS_B_80_rep1.raw	NT=ms-proteomics;VV=v1.1.0	NT=crosslinking;VV=v1.0.0	NT=human;VV=v1.1.0
PXD019926_8PM_DSSO_FAIMS_rep2_85	Equus caballus (horse)	whole cell lysate	not available	23	PXD019926_8PM_DSSO_FAIMS_rep2_85_assay	proteomic profiling by mass spectrometry	data-dependent acquisition	NT=label free sample;AC=MS:1002038	1	2	not available	NT=Lys-C;AC=MS:1001309	NT=Carbamidomethyl;AC=UNIMOD:4;TA=C;MT=Fixed	NT=Oxidation;AC=UNIMOD:21;TA=M;MT=Variable	not available	not available	NT=[{'NT': 'disuccinimidyl sulfoxide', 'AC': 'XLMOD:02126', 'CL': 'yes', 'TA': 'K,S,T,Y', 'structured': 'NT=disuccinimidyl sulfoxide;AC=XLMOD:02126;CL=yes;TA=K,S,T,Y'}, {'NT': 'disuccinimidyl suberate', 'AC': 'XLMOD:02001', 'CL': 'no', 'TA': 'K,nterm', 'structured': 'NT=disuccinimidyl suberate;AC=XLMOD:02001;CL=no;TA=K,nterm'}]	size exclusion chromatography (SEC)	0.5 mM	not available	1 h	room temperature	8PM_DSSO_FAIMS_rep2_85.raw	NT=ms-proteomics;VV=v1.1.0	NT=crosslinking;VV=v1.0.0	NT=human;VV=v1.1.0
PXD019926_HEK293_FAIMS_60_70_80_Fr3	Homo sapiens	whole cell lysate	not available	3	PXD019926_HEK293_FAIMS_60_70_80_Fr3_assay	proteomic profiling by mass spectrometry	data-dependent acquisition	NT=label free sample;AC=MS:1002038	3	1	not available	NT=Lys-C;AC=MS:1001309	NT=Carbamidomethyl;AC=UNIMOD:4;TA=C;MT=Fixed	NT=Oxidation;AC=UNIMOD:21;TA=M;MT=Variable	not available	not available	NT=[{'NT': 'disuccinimidyl sulfoxide', 'AC': 'XLMOD:02126', 'CL': 'yes', 'TA': 'K,S,T,Y', 'structured': 'NT=disuccinimidyl sulfoxide;AC=XLMOD:02126;CL=yes;TA=K,S,T,Y'}, {'NT': 'disuccinimidyl suberate', 'AC': 'XLMOD:02001', 'CL': 'no', 'TA': 'K,nterm', 'structured': 'NT=disuccinimidyl suberate;AC=XLMOD:02001;CL=no;TA=K,nterm'}]	size exclusion chromatography (SEC)	0.5 mM	not available	1 h	room temperature	HEK293_FAIMS_60_70_80_Fr3.raw	NT=ms-proteomics;VV=v1.1.0	NT=crosslinking;VV=v1.0.0	NT=human;VV=v1.1.0
PXD019926_8PM_DSS_60min_40_55_65_rep1	Homo sapiens	whole cell lysate	not available	24	PXD019926_8PM_DSS_60min_40_55_65_rep1_assay	proteomic profiling by mass spectrometry	data-dependent acquisition	NT=label free sample;AC=MS:1002038	1	1	not available	NT=Lys-C;AC=MS:1001309	NT=Carbamidomethyl;AC=UNIMOD:4;TA=C;MT=Fixed	NT=Oxidation;AC=UNIMOD:21;TA=M;MT=Variable	not available	not available	NT=[{'NT': 'disuccinimidyl sulfoxide', 'AC': 'XLMOD:02126', 'CL': 'yes', 'TA': 'K,S,T,Y', 'structured': 'NT=disuccinimidyl sulfoxide;AC=XLMOD:02126;CL=yes;TA=K,S,T,Y'}, {'NT': 'disuccinimidyl suberate', 'AC': 'XLMOD:02001', 'CL': 'no', 'TA': 'K,nterm', 'structured': 'NT=disuccinimidyl suberate;AC=XLMOD:02001;CL=no;TA=K,nterm'}]	size exclusion chromatography (SEC)	0.5 mM	not available	1 h	room temperature	8PM_DSS_60min_40_55_65_rep1.raw	NT=ms-proteomics;VV=v1.1.0	NT=crosslinking;VV=v1.0.0	NT=human;VV=v1.1.0
PXD019926_HEK293_FAIMS_50_60_75_Fr1	Homo sapiens	whole cell lysate	not available	25	PXD019926_HEK293_FAIMS_50_60_75_Fr1_assay	proteomic profiling by mass spectrometry	data-dependent acquisition	NT=label free sample;AC=MS:1002038	1	1	not available	NT=Lys-C;AC=MS:1001309	NT=Carbamidomethyl;AC=UNIMOD:4;TA=C;MT=Fixed	NT=Oxidation;AC=UNIMOD:21;TA=M;MT=Variable	not available	not available	NT=[{'NT': 'disuccinimidyl sulfoxide', 'AC': 'XLMOD:02126', 'CL': 'yes', 'TA': 'K,S,T,Y', 'structured': 'NT=disuccinimidyl sulfoxide;AC=XLMOD:02126;CL=yes;TA=K,S,T,Y'}, {'NT': 'disuccinimidyl suberate', 'AC': 'XLMOD:02001', 'CL': 'no', 'TA': 'K,nterm', 'structured': 'NT=disuccinimidyl suberate;AC=XLMOD:02001;CL=no;TA=K,nterm'}]	size exclusion chromatography (SEC)	0.5 mM	not available	1 h	room temperature	HEK293_FAIMS_50_60_75_Fr1.raw	NT=ms-proteomics;VV=v1.1.0	NT=crosslinking;VV=v1.0.0	NT=human;VV=v1.1.0
PXD019926_8PM_DSSO_SEC_noFAIMS_G2_90min	Equus caballus (horse)	whole cell lysate	not available	26	PXD019926_8PM_DSSO_SEC_noFAIMS_G2_90min_assay	proteomic profiling by mass spectrometry	data-dependent acquisition	NT=label free sample;AC=MS:1002038	1	1	not available	NT=Lys-C;AC=MS:1001309	NT=Carbamidomethyl;AC=UNIMOD:4;TA=C;MT=Fixed	NT=Oxidation;AC=UNIMOD:21;TA=M;MT=Variable	not available	not available	NT=[{'NT': 'disuccinimidyl sulfoxide', 'AC': 'XLMOD:02126', 'CL': 'yes', 'TA': 'K,S,T,Y', 'structured': 'NT=disuccinimidyl sulfoxide;AC=XLMOD:02126;CL=yes;TA=K,S,T,Y'}, {'NT': 'disuccinimidyl suberate', 'AC': 'XLMOD:02001', 'CL': 'no', 'TA': 'K,nterm', 'structured': 'NT=disuccinimidyl suberate;AC=XLMOD:02001;CL=no;TA=K,nterm'}]	size exclusion chromatography (SEC)	0.5 mM	not available	1 h	room temperature	8PM_DSSO_SEC_noFAIMS_G2_90min.raw	NT=ms-proteomics;VV=v1.1.0	NT=crosslinking;VV=v1.0.0	NT=human;VV=v1.1.0
PXD019926_HEK293_FAIMS_40_55_70_Fr1	Homo sapiens	whole cell lysate	not available	27	PXD019926_HEK293_FAIMS_40_55_70_Fr1_assay	proteomic profiling by mass spectrometry	data-dependent acquisition	NT=label free sample;AC=MS:1002038	1	1	not available	NT=Lys-C;AC=MS:1001309	NT=Carbamidomethyl;AC=UNIMOD:4;TA=C;MT=Fixed	NT=Oxidation;AC=UNIMOD:21;TA=M;MT=Variable	not available	not available	NT=[{'NT': 'disuccinimidyl sulfoxide', 'AC': 'XLMOD:02126', 'CL': 'yes', 'TA': 'K,S,T,Y', 'structured': 'NT=disuccinimidyl sulfoxide;AC=XLMOD:02126;CL=yes;TA=K,S,T,Y'}, {'NT': 'disuccinimidyl suberate', 'AC': 'XLMOD:02001', 'CL': 'no', 'TA': 'K,nterm', 'structured': 'NT=disuccinimidyl suberate;AC=XLMOD:02001;CL=no;TA=K,nterm'}]	size exclusion chromatography (SEC)	0.5 mM	not available	1 h	room temperature	HEK293_FAIMS_40_55_70_Fr1.raw	NT=ms-proteomics;VV=v1.1.0	NT=crosslinking;VV=v1.0.0	NT=human;VV=v1.1.0
PXD019926_8PM_DSSO_SEC_noFAIMS_E2_120min	Homo sapiens	whole cell lysate	not available	28	PXD019926_8PM_DSSO_SEC_noFAIMS_E2_120min_assay	proteomic profiling by mass spectrometry	data-dependent acquisition	NT=label free sample;AC=MS:1002038	1	1	not available	NT=Lys-C;AC=MS:1001309	NT=Carbamidomethyl;AC=UNIMOD:4;TA=C;MT=Fixed	NT=Oxidation;AC=UNIMOD:21;TA=M;MT=Variable	not available	not available	NT=[{'NT': 'disuccinimidyl sulfoxide', 'AC': 'XLMOD:02126', 'CL': 'yes', 'TA': 'K,S,T,Y', 'structured': 'NT=disuccinimidyl sulfoxide;AC=XLMOD:02126;CL=yes;TA=K,S,T,Y'}, {'NT': 'disuccinimidyl suberate', 'AC': 'XLMOD:02001', 'CL': 'no', 'TA': 'K,nterm', 'structured': 'NT=disuccinimidyl suberate;AC=XLMOD:02001;CL=no;TA=K,nterm'}]	size exclusion chromatography (SEC)	0.5 mM	not available	1 h	room temperature	8PM_DSSO_SEC_noFAIMS_E2_120min.raw	NT=ms-proteomics;VV=v1.1.0	NT=crosslinking;VV=v1.0.0	NT=human;VV=v1.1.0
PXD019926_HEK293_FAIMS_5070_Fr3_BioRep2	Homo sapiens	whole cell lysate	not available	4	PXD019926_HEK293_FAIMS_5070_Fr3_BioRep2_assay	proteomic profiling by mass spectrometry	data-dependent acquisition	NT=label free sample;AC=MS:1002038	3	1	not available	NT=Lys-C;AC=MS:1001309	NT=Carbamidomethyl;AC=UNIMOD:4;TA=C;MT=Fixed	NT=Oxidation;AC=UNIMOD:21;TA=M;MT=Variable	not available	not available	NT=[{'NT': 'disuccinimidyl sulfoxide', 'AC': 'XLMOD:02126', 'CL': 'yes', 'TA': 'K,S,T,Y', 'structured': 'NT=disuccinimidyl sulfoxide;AC=XLMOD:02126;CL=yes;TA=K,S,T,Y'}, {'NT': 'disuccinimidyl suberate', 'AC': 'XLMOD:02001', 'CL': 'no', 'TA': 'K,nterm', 'structured': 'NT=disuccinimidyl suberate;AC=XLMOD:02001;CL=no;TA=K,nterm'}]	size exclusion chromatography (SEC)	0.5 mM	not available	1 h	room temperature	HEK293_FAIMS_5070_Fr3_BioRep2.raw	NT=ms-proteomics;VV=v1.1.0	NT=crosslinking;VV=v1.0.0	NT=human;VV=v1.1.0
PXD019926_8PM_DSS_A_50_rep2	Homo sapiens	whole cell lysate	not available	29	PXD019926_8PM_DSS_A_50_rep2_assay	proteomic profiling by mass spectrometry	data-dependent acquisition	NT=label free sample;AC=MS:1002038	1	2	not available	NT=Lys-C;AC=MS:1001309	NT=Carbamidomethyl;AC=UNIMOD:4;TA=C;MT=Fixed	NT=Oxidation;AC=UNIMOD:21;TA=M;MT=Variable	not available	not available	NT=[{'NT': 'disuccinimidyl sulfoxide', 'AC': 'XLMOD:02126', 'CL': 'yes', 'TA': 'K,S,T,Y', 'structured': 'NT=disuccinimidyl sulfoxide;AC=XLMOD:02126;CL=yes;TA=K,S,T,Y'}, {'NT': 'disuccinimidyl suberate', 'AC': 'XLMOD:02001', 'CL': 'no', 'TA': 'K,nterm', 'structured': 'NT=disuccinimidyl suberate;AC=XLMOD:02001;CL=no;TA=K,nterm'}]	size exclusion chromatography (SEC)	0.5 mM	not available	1 h	room temperature	8PM_DSS_A_50_rep2.raw	NT=ms-proteomics;VV=v1.1.0	NT=crosslinking;VV=v1.0.0	NT=human;VV=v1.1.0
PXD019926_HEK293_DSS_FAIMS_405060_Fr2	Homo sapiens	whole cell lysate	not available	7	PXD019926_HEK293_DSS_FAIMS_405060_Fr2_assay	proteomic profiling by mass spectrometry	data-dependent acquisition	NT=label free sample;AC=MS:1002038	2	1	not available	NT=Lys-C;AC=MS:1001309	NT=Carbamidomethyl;AC=UNIMOD:4;TA=C;MT=Fixed	NT=Oxidation;AC=UNIMOD:21;TA=M;MT=Variable	not available	not available	NT=[{'NT': 'disuccinimidyl sulfoxide', 'AC': 'XLMOD:02126', 'CL': 'yes', 'TA': 'K,S,T,Y', 'structured': 'NT=disuccinimidyl sulfoxide;AC=XLMOD:02126;CL=yes;TA=K,S,T,Y'}, {'NT': 'disuccinimidyl suberate', 'AC': 'XLMOD:02001', 'CL': 'no', 'TA': 'K,nterm', 'structured': 'NT=disuccinimidyl suberate;AC=XLMOD:02001;CL=no;TA=K,nterm'}]	size exclusion chromatography (SEC)	0.5 mM	not available	1 h	room temperature	HEK293_DSS_FAIMS_405060_Fr2.raw	NT=ms-proteomics;VV=v1.1.0	NT=crosslinking;VV=v1.0.0	NT=human;VV=v1.1.0
PXD019926_8PM_DSS_A_60_rep2	Homo sapiens	whole cell lysate	not available	30	PXD019926_8PM_DSS_A_60_rep2_assay	proteomic profiling by mass spectrometry	data-dependent acquisition	NT=label free sample;AC=MS:1002038	1	2	not available	NT=Lys-C;AC=MS:1001309	NT=Carbamidomethyl;AC=UNIMOD:4;TA=C;MT=Fixed	NT=Oxidation;AC=UNIMOD:21;TA=M;MT=Variable	not available	not available	NT=[{'NT': 'disuccinimidyl sulfoxide', 'AC': 'XLMOD:02126', 'CL': 'yes', 'TA': 'K,S,T,Y', 'structured': 'NT=disuccinimidyl sulfoxide;AC=XLMOD:02126;CL=yes;TA=K,S,T,Y'}, {'NT': 'disuccinimidyl suberate', 'AC': 'XLMOD:02001', 'CL': 'no', 'TA': 'K,nterm', 'structured': 'NT=disuccinimidyl suberate;AC=XLMOD:02001;CL=no;TA=K,nterm'}]	size exclusion chromatography (SEC)	0.5 mM	not available	1 h	room temperature	8PM_DSS_A_60_rep2.raw	NT=ms-proteomics;VV=v1.1.0	NT=crosslinking;VV=v1.0.0	NT=human;VV=v1.1.0
PXD019926_8PM_DSSO_FAIMS_50_60_75_60min_rep2	Homo sapiens	whole cell lysate	not available	31	PXD019926_8PM_DSSO_FAIMS_50_60_75_60min_rep2_assay	proteomic profiling by mass spectrometry	data-dependent acquisition	NT=label free sample;AC=MS:1002038	1	2	not available	NT=Lys-C;AC=MS:1001309	NT=Carbamidomethyl;AC=UNIMOD:4;TA=C;MT=Fixed	NT=Oxidation;AC=UNIMOD:21;TA=M;MT=Variable	not available	not available	NT=[{'NT': 'disuccinimidyl sulfoxide', 'AC': 'XLMOD:02126', 'CL': 'yes', 'TA': 'K,S,T,Y', 'structured': 'NT=disuccinimidyl sulfoxide;AC=XLMOD:02126;CL=yes;TA=K,S,T,Y'}, {'NT': 'disuccinimidyl suberate', 'AC': 'XLMOD:02001', 'CL': 'no', 'TA': 'K,nterm', 'structured': 'NT=disuccinimidyl suberate;AC=XLMOD:02001;CL=no;TA=K,nterm'}]	size exclusion chromatography (SEC)	0.5 mM	not available	1 h	room temperature	8PM_DSSO_FAIMS_50_60_75_60min_rep2.raw	NT=ms-proteomics;VV=v1.1.0	NT=crosslinking;VV=v1.0.0	NT=human;VV=v1.1.0
PXD019926_HEK293_noFAIMS_Fr6_BioRep2	Homo sapiens	whole cell lysate	not available	2	PXD019926_HEK293_noFAIMS_Fr6_BioRep2_assay	proteomic profiling by mass spectrometry	data-dependent acquisition	NT=label free sample;AC=MS:1002038	6	1	not available	NT=Lys-C;AC=MS:1001309	NT=Carbamidomethyl;AC=UNIMOD:4;TA=C;MT=Fixed	NT=Oxidation;AC=UNIMOD:21;TA=M;MT=Variable	not available	not available	NT=[{'NT': 'disuccinimidyl sulfoxide', 'AC': 'XLMOD:02126', 'CL': 'yes', 'TA': 'K,S,T,Y', 'structured': 'NT=disuccinimidyl sulfoxide;AC=XLMOD:02126;CL=yes;TA=K,S,T,Y'}, {'NT': 'disuccinimidyl suberate', 'AC': 'XLMOD:02001', 'CL': 'no', 'TA': 'K,nterm', 'structured': 'NT=disuccinimidyl suberate;AC=XLMOD:02001;CL=no;TA=K,nterm'}]	size exclusion chromatography (SEC)	0.5 mM	not available	1 h	room temperature	HEK293_noFAIMS_Fr6_BioRep2.raw	NT=ms-proteomics;VV=v1.1.0	NT=crosslinking;VV=v1.0.0	NT=human;VV=v1.1.0
PXD019926_8PM_DSS_90min_50_60_rep2	Homo sapiens	whole cell lysate	not available	32	PXD019926_8PM_DSS_90min_50_60_rep2_assay	proteomic profiling by mass spectrometry	data-dependent acquisition	NT=label free sample;AC=MS:1002038	1	2	not available	NT=Lys-C;AC=MS:1001309	NT=Carbamidomethyl;AC=UNIMOD:4;TA=C;MT=Fixed	NT=Oxidation;AC=UNIMOD:21;TA=M;MT=Variable	not available	not available	NT=[{'NT': 'disuccinimidyl sulfoxide', 'AC': 'XLMOD:02126', 'CL': 'yes', 'TA': 'K,S,T,Y', 'structured': 'NT=disuccinimidyl sulfoxide;AC=XLMOD:02126;CL=yes;TA=K,S,T,Y'}, {'NT': 'disuccinimidyl suberate', 'AC': 'XLMOD:02001', 'CL': 'no', 'TA': 'K,nterm', 'structured': 'NT=disuccinimidyl suberate;AC=XLMOD:02001;CL=no;TA=K,nterm'}]	size exclusion chromatography (SEC)	0.5 mM	not available	1 h	room temperature	8PM_DSS_90min_50_60_rep2.raw	NT=ms-proteomics;VV=v1.1.0	NT=crosslinking;VV=v1.0.0	NT=human;VV=v1.1.0
PXD019926_8PM_DSS_A_30_rep2	Homo sapiens	whole cell lysate	not available	33	PXD019926_8PM_DSS_A_30_rep2_assay	proteomic profiling by mass spectrometry	data-dependent acquisition	NT=label free sample;AC=MS:1002038	1	2	not available	NT=Lys-C;AC=MS:1001309	NT=Carbamidomethyl;AC=UNIMOD:4;TA=C;MT=Fixed	NT=Oxidation;AC=UNIMOD:21;TA=M;MT=Variable	not available	not available	NT=[{'NT': 'disuccinimidyl sulfoxide', 'AC': 'XLMOD:02126', 'CL': 'yes', 'TA': 'K,S,T,Y', 'structured': 'NT=disuccinimidyl sulfoxide;AC=XLMOD:02126;CL=yes;TA=K,S,T,Y'}, {'NT': 'disuccinimidyl suberate', 'AC': 'XLMOD:02001', 'CL': 'no', 'TA': 'K,nterm', 'structured': 'NT=disuccinimidyl suberate;AC=XLMOD:02001;CL=no;TA=K,nterm'}]	size exclusion chromatography (SEC)	0.5 mM	not available	1 h	room temperature	8PM_DSS_A_30_rep2.raw	NT=ms-proteomics;VV=v1.1.0	NT=crosslinking;VV=v1.0.0	NT=human;VV=v1.1.0
PXD019926_HEK293_DSS_FAIMS_4055_Fr1	Homo sapiens	whole cell lysate	not available	34	PXD019926_HEK293_DSS_FAIMS_4055_Fr1_assay	proteomic profiling by mass spectrometry	data-dependent acquisition	NT=label free sample;AC=MS:1002038	1	1	not available	NT=Lys-C;AC=MS:1001309	NT=Carbamidomethyl;AC=UNIMOD:4;TA=C;MT=Fixed	NT=Oxidation;AC=UNIMOD:21;TA=M;MT=Variable	not available	not available	NT=[{'NT': 'disuccinimidyl sulfoxide', 'AC': 'XLMOD:02126', 'CL': 'yes', 'TA': 'K,S,T,Y', 'structured': 'NT=disuccinimidyl sulfoxide;AC=XLMOD:02126;CL=yes;TA=K,S,T,Y'}, {'NT': 'disuccinimidyl suberate', 'AC': 'XLMOD:02001', 'CL': 'no', 'TA': 'K,nterm', 'structured': 'NT=disuccinimidyl suberate;AC=XLMOD:02001;CL=no;TA=K,nterm'}]	size exclusion chromatography (SEC)	0.5 mM	not available	1 h	room temperature	HEK293_DSS_FAIMS_4055_Fr1.raw	NT=ms-proteomics;VV=v1.1.0	NT=crosslinking;VV=v1.0.0	NT=human;VV=v1.1.0
PXD019926_8PM_DSS_90min_noFAIMS_rep1	Homo sapiens	whole cell lysate	not available	35	PXD019926_8PM_DSS_90min_noFAIMS_rep1_assay	proteomic profiling by mass spectrometry	data-dependent acquisition	NT=label free sample;AC=MS:1002038	1	1	not available	NT=Lys-C;AC=MS:1001309	NT=Carbamidomethyl;AC=UNIMOD:4;TA=C;MT=Fixed	NT=Oxidation;AC=UNIMOD:21;TA=M;MT=Variable	not available	not available	NT=[{'NT': 'disuccinimidyl sulfoxide', 'AC': 'XLMOD:02126', 'CL': 'yes', 'TA': 'K,S,T,Y', 'structured': 'NT=disuccinimidyl sulfoxide;AC=XLMOD:02126;CL=yes;TA=K,S,T,Y'}, {'NT': 'disuccinimidyl suberate', 'AC': 'XLMOD:02001', 'CL': 'no', 'TA': 'K,nterm', 'structured': 'NT=disuccinimidyl suberate;AC=XLMOD:02001;CL=no;TA=K,nterm'}]	size exclusion chromatography (SEC)	0.5 mM	not available	1 h	room temperature	8PM_DSS_90min_noFAIMS_rep1.raw	NT=ms-proteomics;VV=v1.1.0	NT=crosslinking;VV=v1.0.0	NT=human;VV=v1.1.0
PXD019926_HEK293_noFAIMS_Fr5	Homo sapiens	whole cell lysate	not available	3	PXD019926_HEK293_noFAIMS_Fr5_assay	proteomic profiling by mass spectrometry	data-dependent acquisition	NT=label free sample;AC=MS:1002038	5	1	not available	NT=Lys-C;AC=MS:1001309	NT=Carbamidomethyl;AC=UNIMOD:4;TA=C;MT=Fixed	NT=Oxidation;AC=UNIMOD:21;TA=M;MT=Variable	not available	not available	NT=[{'NT': 'disuccinimidyl sulfoxide', 'AC': 'XLMOD:02126', 'CL': 'yes', 'TA': 'K,S,T,Y', 'structured': 'NT=disuccinimidyl sulfoxide;AC=XLMOD:02126;CL=yes;TA=K,S,T,Y'}, {'NT': 'disuccinimidyl suberate', 'AC': 'XLMOD:02001', 'CL': 'no', 'TA': 'K,nterm', 'structured': 'NT=disuccinimidyl suberate;AC=XLMOD:02001;CL=no;TA=K,nterm'}]	size exclusion chromatography (SEC)	0.5 mM	not available	1 h	room temperature	HEK293_noFAIMS_Fr5.raw	NT=ms-proteomics;VV=v1.1.0	NT=crosslinking;VV=v1.0.0	NT=human;VV=v1.1.0
PXD019926_8PM_DSS_A_85_rep2	Homo sapiens	whole cell lysate	not available	36	PXD019926_8PM_DSS_A_85_rep2_assay	proteomic profiling by mass spectrometry	data-dependent acquisition	NT=label free sample;AC=MS:1002038	1	2	not available	NT=Lys-C;AC=MS:1001309	NT=Carbamidomethyl;AC=UNIMOD:4;TA=C;MT=Fixed	NT=Oxidation;AC=UNIMOD:21;TA=M;MT=Variable	not available	not available	NT=[{'NT': 'disuccinimidyl sulfoxide', 'AC': 'XLMOD:02126', 'CL': 'yes', 'TA': 'K,S,T,Y', 'structured': 'NT=disuccinimidyl sulfoxide;AC=XLMOD:02126;CL=yes;TA=K,S,T,Y'}, {'NT': 'disuccinimidyl suberate', 'AC': 'XLMOD:02001', 'CL': 'no', 'TA': 'K,nterm', 'structured': 'NT=disuccinimidyl suberate;AC=XLMOD:02001;CL=no;TA=K,nterm'}]	size exclusion chromatography (SEC)	0.5 mM	not available	1 h	room temperature	8PM_DSS_A_85_rep2.raw	NT=ms-proteomics;VV=v1.1.0	NT=crosslinking;VV=v1.0.0	NT=human;VV=v1.1.0
PXD019926_HEK293_FAIMS_40_55_70_Fr6	Homo sapiens	whole cell lysate	not available	3	PXD019926_HEK293_FAIMS_40_55_70_Fr6_assay	proteomic profiling by mass spectrometry	data-dependent acquisition	NT=label free sample;AC=MS:1002038	6	1	not available	NT=Lys-C;AC=MS:1001309	NT=Carbamidomethyl;AC=UNIMOD:4;TA=C;MT=Fixed	NT=Oxidation;AC=UNIMOD:21;TA=M;MT=Variable	not available	not available	NT=[{'NT': 'disuccinimidyl sulfoxide', 'AC': 'XLMOD:02126', 'CL': 'yes', 'TA': 'K,S,T,Y', 'structured': 'NT=disuccinimidyl sulfoxide;AC=XLMOD:02126;CL=yes;TA=K,S,T,Y'}, {'NT': 'disuccinimidyl suberate', 'AC': 'XLMOD:02001', 'CL': 'no', 'TA': 'K,nterm', 'structured': 'NT=disuccinimidyl suberate;AC=XLMOD:02001;CL=no;TA=K,nterm'}]	size exclusion chromatography (SEC)	0.5 mM	not available	1 h	room temperature	HEK293_FAIMS_40_55_70_Fr6.raw	NT=ms-proteomics;VV=v1.1.0	NT=crosslinking;VV=v1.0.0	NT=human;VV=v1.1.0
PXD019926_8PM_DSS_B_30_rep2	Homo sapiens	whole cell lysate	not available	37	PXD019926_8PM_DSS_B_30_rep2_assay	proteomic profiling by mass spectrometry	data-dependent acquisition	NT=label free sample;AC=MS:1002038	1	2	not available	NT=Lys-C;AC=MS:1001309	NT=Carbamidomethyl;AC=UNIMOD:4;TA=C;MT=Fixed	NT=Oxidation;AC=UNIMOD:21;TA=M;MT=Variable	not available	not available	NT=[{'NT': 'disuccinimidyl sulfoxide', 'AC': 'XLMOD:02126', 'CL': 'yes', 'TA': 'K,S,T,Y', 'structured': 'NT=disuccinimidyl sulfoxide;AC=XLMOD:02126;CL=yes;TA=K,S,T,Y'}, {'NT': 'disuccinimidyl suberate', 'AC': 'XLMOD:02001', 'CL': 'no', 'TA': 'K,nterm', 'structured': 'NT=disuccinimidyl suberate;AC=XLMOD:02001;CL=no;TA=K,nterm'}]	size exclusion chromatography (SEC)	0.5 mM	not available	1 h	room temperature	8PM_DSS_B_30_rep2.raw	NT=ms-proteomics;VV=v1.1.0	NT=crosslinking;VV=v1.0.0	NT=human;VV=v1.1.0
PXD019926_HEK293_noFAIMS_Fr6	Homo sapiens	whole cell lysate	not available	4	PXD019926_HEK293_noFAIMS_Fr6_assay	proteomic profiling by mass spectrometry	data-dependent acquisition	NT=label free sample;AC=MS:1002038	6	1	not available	NT=Lys-C;AC=MS:1001309	NT=Carbamidomethyl;AC=UNIMOD:4;TA=C;MT=Fixed	NT=Oxidation;AC=UNIMOD:21;TA=M;MT=Variable	not available	not available	NT=[{'NT': 'disuccinimidyl sulfoxide', 'AC': 'XLMOD:02126', 'CL': 'yes', 'TA': 'K,S,T,Y', 'structured': 'NT=disuccinimidyl sulfoxide;AC=XLMOD:02126;CL=yes;TA=K,S,T,Y'}, {'NT': 'disuccinimidyl suberate', 'AC': 'XLMOD:02001', 'CL': 'no', 'TA': 'K,nterm', 'structured': 'NT=disuccinimidyl suberate;AC=XLMOD:02001;CL=no;TA=K,nterm'}]	size exclusion chromatography (SEC)	0.5 mM	not available	1 h	room temperature	HEK293_noFAIMS_Fr6.raw	NT=ms-proteomics;VV=v1.1.0	NT=crosslinking;VV=v1.0.0	NT=human;VV=v1.1.0
PXD019926_8PM_DSSO_FAIMS_75_rep2_BioRep2	Homo sapiens	whole cell lysate	not available	38	PXD019926_8PM_DSSO_FAIMS_75_rep2_BioRep2_assay	proteomic profiling by mass spectrometry	data-dependent acquisition	NT=label free sample;AC=MS:1002038	1	2	not available	NT=Lys-C;AC=MS:1001309	NT=Carbamidomethyl;AC=UNIMOD:4;TA=C;MT=Fixed	NT=Oxidation;AC=UNIMOD:21;TA=M;MT=Variable	not available	not available	NT=[{'NT': 'disuccinimidyl sulfoxide', 'AC': 'XLMOD:02126', 'CL': 'yes', 'TA': 'K,S,T,Y', 'structured': 'NT=disuccinimidyl sulfoxide;AC=XLMOD:02126;CL=yes;TA=K,S,T,Y'}, {'NT': 'disuccinimidyl suberate', 'AC': 'XLMOD:02001', 'CL': 'no', 'TA': 'K,nterm', 'structured': 'NT=disuccinimidyl suberate;AC=XLMOD:02001;CL=no;TA=K,nterm'}]	size exclusion chromatography (SEC)	0.5 mM	not available	1 h	room temperature	8PM_DSSO_FAIMS_75_rep2_BioRep2.raw	NT=ms-proteomics;VV=v1.1.0	NT=crosslinking;VV=v1.0.0	NT=human;VV=v1.1.0
PXD019926_8PM_DSS_A_65_rep1	Homo sapiens	whole cell lysate	not available	39	PXD019926_8PM_DSS_A_65_rep1_assay	proteomic profiling by mass spectrometry	data-dependent acquisition	NT=label free sample;AC=MS:1002038	1	1	not available	NT=Lys-C;AC=MS:1001309	NT=Carbamidomethyl;AC=UNIMOD:4;TA=C;MT=Fixed	NT=Oxidation;AC=UNIMOD:21;TA=M;MT=Variable	not available	not available	NT=[{'NT': 'disuccinimidyl sulfoxide', 'AC': 'XLMOD:02126', 'CL': 'yes', 'TA': 'K,S,T,Y', 'structured': 'NT=disuccinimidyl sulfoxide;AC=XLMOD:02126;CL=yes;TA=K,S,T,Y'}, {'NT': 'disuccinimidyl suberate', 'AC': 'XLMOD:02001', 'CL': 'no', 'TA': 'K,nterm', 'structured': 'NT=disuccinimidyl suberate;AC=XLMOD:02001;CL=no;TA=K,nterm'}]	size exclusion chromatography (SEC)	0.5 mM	not available	1 h	room temperature	8PM_DSS_A_65_rep1.raw	NT=ms-proteomics;VV=v1.1.0	NT=crosslinking;VV=v1.0.0	NT=human;VV=v1.1.0
PXD019926_HEK293_FAIMS_50_60_75_Fr2	Homo sapiens	whole cell lysate	not available	8	PXD019926_HEK293_FAIMS_50_60_75_Fr2_assay	proteomic profiling by mass spectrometry	data-dependent acquisition	NT=label free sample;AC=MS:1002038	2	1	not available	NT=Lys-C;AC=MS:1001309	NT=Carbamidomethyl;AC=UNIMOD:4;TA=C;MT=Fixed	NT=Oxidation;AC=UNIMOD:21;TA=M;MT=Variable	not available	not available	NT=[{'NT': 'disuccinimidyl sulfoxide', 'AC': 'XLMOD:02126', 'CL': 'yes', 'TA': 'K,S,T,Y', 'structured': 'NT=disuccinimidyl sulfoxide;AC=XLMOD:02126;CL=yes;TA=K,S,T,Y'}, {'NT': 'disuccinimidyl suberate', 'AC': 'XLMOD:02001', 'CL': 'no', 'TA': 'K,nterm', 'structured': 'NT=disuccinimidyl suberate;AC=XLMOD:02001;CL=no;TA=K,nterm'}]	size exclusion chromatography (SEC)	0.5 mM	not available	1 h	room temperature	HEK293_FAIMS_50_60_75_Fr2.raw	NT=ms-proteomics;VV=v1.1.0	NT=crosslinking;VV=v1.0.0	NT=human;VV=v1.1.0
PXD019926_8PM_DSS_B_80_rep2	Homo sapiens	whole cell lysate	not available	40	PXD019926_8PM_DSS_B_80_rep2_assay	proteomic profiling by mass spectrometry	data-dependent acquisition	NT=label free sample;AC=MS:1002038	1	2	not available	NT=Lys-C;AC=MS:1001309	NT=Carbamidomethyl;AC=UNIMOD:4;TA=C;MT=Fixed	NT=Oxidation;AC=UNIMOD:21;TA=M;MT=Variable	not available	not available	NT=[{'NT': 'disuccinimidyl sulfoxide', 'AC': 'XLMOD:02126', 'CL': 'yes', 'TA': 'K,S,T,Y', 'structured': 'NT=disuccinimidyl sulfoxide;AC=XLMOD:02126;CL=yes;TA=K,S,T,Y'}, {'NT': 'disuccinimidyl suberate', 'AC': 'XLMOD:02001', 'CL': 'no', 'TA': 'K,nterm', 'structured': 'NT=disuccinimidyl suberate;AC=XLMOD:02001;CL=no;TA=K,nterm'}]	size exclusion chromatography (SEC)	0.5 mM	not available	1 h	room temperature	8PM_DSS_B_80_rep2.raw	NT=ms-proteomics;VV=v1.1.0	NT=crosslinking;VV=v1.0.0	NT=human;VV=v1.1.0
PXD019926_HEK293_DSS_FAIMS_5060_Fr4	Homo sapiens	whole cell lysate	not available	1	PXD019926_HEK293_DSS_FAIMS_5060_Fr4_assay	proteomic profiling by mass spectrometry	data-dependent acquisition	NT=label free sample;AC=MS:1002038	4	1	not available	NT=Lys-C;AC=MS:1001309	NT=Carbamidomethyl;AC=UNIMOD:4;TA=C;MT=Fixed	NT=Oxidation;AC=UNIMOD:21;TA=M;MT=Variable	not available	not available	NT=[{'NT': 'disuccinimidyl sulfoxide', 'AC': 'XLMOD:02126', 'CL': 'yes', 'TA': 'K,S,T,Y', 'structured': 'NT=disuccinimidyl sulfoxide;AC=XLMOD:02126;CL=yes;TA=K,S,T,Y'}, {'NT': 'disuccinimidyl suberate', 'AC': 'XLMOD:02001', 'CL': 'no', 'TA': 'K,nterm', 'structured': 'NT=disuccinimidyl suberate;AC=XLMOD:02001;CL=no;TA=K,nterm'}]	size exclusion chromatography (SEC)	0.5 mM	not available	1 h	room temperature	HEK293_DSS_FAIMS_5060_Fr4.raw	NT=ms-proteomics;VV=v1.1.0	NT=crosslinking;VV=v1.0.0	NT=human;VV=v1.1.0
PXD019926_HEK293_FAIMS_60_70_80_Fr1	Homo sapiens	whole cell lysate	not available	41	PXD019926_HEK293_FAIMS_60_70_80_Fr1_assay	proteomic profiling by mass spectrometry	data-dependent acquisition	NT=label free sample;AC=MS:1002038	1	1	not available	NT=Lys-C;AC=MS:1001309	NT=Carbamidomethyl;AC=UNIMOD:4;TA=C;MT=Fixed	NT=Oxidation;AC=UNIMOD:21;TA=M;MT=Variable	not available	not available	NT=[{'NT': 'disuccinimidyl sulfoxide', 'AC': 'XLMOD:02126', 'CL': 'yes', 'TA': 'K,S,T,Y', 'structured': 'NT=disuccinimidyl sulfoxide;AC=XLMOD:02126;CL=yes;TA=K,S,T,Y'}, {'NT': 'disuccinimidyl suberate', 'AC': 'XLMOD:02001', 'CL': 'no', 'TA': 'K,nterm', 'structured': 'NT=disuccinimidyl suberate;AC=XLMOD:02001;CL=no;TA=K,nterm'}]	size exclusion chromatography (SEC)	0.5 mM	not available	1 h	room temperature	HEK293_FAIMS_60_70_80_Fr1.raw	NT=ms-proteomics;VV=v1.1.0	NT=crosslinking;VV=v1.0.0	NT=human;VV=v1.1.0
PXD019926_8PM_DSSO_FAIMS_50_60_75_90min_rep1	Homo sapiens	whole cell lysate	not available	42	PXD019926_8PM_DSSO_FAIMS_50_60_75_90min_rep1_assay	proteomic profiling by mass spectrometry	data-dependent acquisition	NT=label free sample;AC=MS:1002038	1	1	not available	NT=Lys-C;AC=MS:1001309	NT=Carbamidomethyl;AC=UNIMOD:4;TA=C;MT=Fixed	NT=Oxidation;AC=UNIMOD:21;TA=M;MT=Variable	not available	not available	NT=[{'NT': 'disuccinimidyl sulfoxide', 'AC': 'XLMOD:02126', 'CL': 'yes', 'TA': 'K,S,T,Y', 'structured': 'NT=disuccinimidyl sulfoxide;AC=XLMOD:02126;CL=yes;TA=K,S,T,Y'}, {'NT': 'disuccinimidyl suberate', 'AC': 'XLMOD:02001', 'CL': 'no', 'TA': 'K,nterm', 'structured': 'NT=disuccinimidyl suberate;AC=XLMOD:02001;CL=no;TA=K,nterm'}]	size exclusion chromatography (SEC)	0.5 mM	not available	1 h	room temperature	8PM_DSSO_FAIMS_50_60_75_90min_rep1.raw	NT=ms-proteomics;VV=v1.1.0	NT=crosslinking;VV=v1.0.0	NT=human;VV=v1.1.0
PXD019926_8PM_DSSO_SEC_noFAIMS_D2_120min	Homo sapiens	whole cell lysate	not available	43	PXD019926_8PM_DSSO_SEC_noFAIMS_D2_120min_assay	proteomic profiling by mass spectrometry	data-dependent acquisition	NT=label free sample;AC=MS:1002038	1	1	not available	NT=Lys-C;AC=MS:1001309	NT=Carbamidomethyl;AC=UNIMOD:4;TA=C;MT=Fixed	NT=Oxidation;AC=UNIMOD:21;TA=M;MT=Variable	not available	not available	NT=[{'NT': 'disuccinimidyl sulfoxide', 'AC': 'XLMOD:02126', 'CL': 'yes', 'TA': 'K,S,T,Y', 'structured': 'NT=disuccinimidyl sulfoxide;AC=XLMOD:02126;CL=yes;TA=K,S,T,Y'}, {'NT': 'disuccinimidyl suberate', 'AC': 'XLMOD:02001', 'CL': 'no', 'TA': 'K,nterm', 'structured': 'NT=disuccinimidyl suberate;AC=XLMOD:02001;CL=no;TA=K,nterm'}]	size exclusion chromatography (SEC)	0.5 mM	not available	1 h	room temperature	8PM_DSSO_SEC_noFAIMS_D2_120min.raw	NT=ms-proteomics;VV=v1.1.0	NT=crosslinking;VV=v1.0.0	NT=human;VV=v1.1.0
PXD019926_8PM_DSSO_FAIMS_65_rep2_BioRep2	Homo sapiens	whole cell lysate	not available	44	PXD019926_8PM_DSSO_FAIMS_65_rep2_BioRep2_assay	proteomic profiling by mass spectrometry	data-dependent acquisition	NT=label free sample;AC=MS:1002038	1	2	not available	NT=Lys-C;AC=MS:1001309	NT=Carbamidomethyl;AC=UNIMOD:4;TA=C;MT=Fixed	NT=Oxidation;AC=UNIMOD:21;TA=M;MT=Variable	not available	not available	NT=[{'NT': 'disuccinimidyl sulfoxide', 'AC': 'XLMOD:02126', 'CL': 'yes', 'TA': 'K,S,T,Y', 'structured': 'NT=disuccinimidyl sulfoxide;AC=XLMOD:02126;CL=yes;TA=K,S,T,Y'}, {'NT': 'disuccinimidyl suberate', 'AC': 'XLMOD:02001', 'CL': 'no', 'TA': 'K,nterm', 'structured': 'NT=disuccinimidyl suberate;AC=XLMOD:02001;CL=no;TA=K,nterm'}]	size exclusion chromatography (SEC)	0.5 mM	not available	1 h	room temperature	8PM_DSSO_FAIMS_65_rep2_BioRep2.raw	NT=ms-proteomics;VV=v1.1.0	NT=crosslinking;VV=v1.0.0	NT=human;VV=v1.1.0
PXD019926_8PM_DSSO_FAIMS_rep1_85	Equus caballus (horse)	whole cell lysate	not available	45	PXD019926_8PM_DSSO_FAIMS_rep1_85_assay	proteomic profiling by mass spectrometry	data-dependent acquisition	NT=label free sample;AC=MS:1002038	1	1	not available	NT=Lys-C;AC=MS:1001309	NT=Carbamidomethyl;AC=UNIMOD:4;TA=C;MT=Fixed	NT=Oxidation;AC=UNIMOD:21;TA=M;MT=Variable	not available	not available	NT=[{'NT': 'disuccinimidyl sulfoxide', 'AC': 'XLMOD:02126', 'CL': 'yes', 'TA': 'K,S,T,Y', 'structured': 'NT=disuccinimidyl sulfoxide;AC=XLMOD:02126;CL=yes;TA=K,S,T,Y'}, {'NT': 'disuccinimidyl suberate', 'AC': 'XLMOD:02001', 'CL': 'no', 'TA': 'K,nterm', 'structured': 'NT=disuccinimidyl suberate;AC=XLMOD:02001;CL=no;TA=K,nterm'}]	size exclusion chromatography (SEC)	0.5 mM	not available	1 h	room temperature	8PM_DSSO_FAIMS_rep1_85.raw	NT=ms-proteomics;VV=v1.1.0	NT=crosslinking;VV=v1.0.0	NT=human;VV=v1.1.0
PXD019926_8PM_DSS_120min_40_55_65_rep2	Homo sapiens	whole cell lysate	not available	46	PXD019926_8PM_DSS_120min_40_55_65_rep2_assay	proteomic profiling by mass spectrometry	data-dependent acquisition	NT=label free sample;AC=MS:1002038	1	2	not available	NT=Lys-C;AC=MS:1001309	NT=Carbamidomethyl;AC=UNIMOD:4;TA=C;MT=Fixed	NT=Oxidation;AC=UNIMOD:21;TA=M;MT=Variable	not available	not available	NT=[{'NT': 'disuccinimidyl sulfoxide', 'AC': 'XLMOD:02126', 'CL': 'yes', 'TA': 'K,S,T,Y', 'structured': 'NT=disuccinimidyl sulfoxide;AC=XLMOD:02126;CL=yes;TA=K,S,T,Y'}, {'NT': 'disuccinimidyl suberate', 'AC': 'XLMOD:02001', 'CL': 'no', 'TA': 'K,nterm', 'structured': 'NT=disuccinimidyl suberate;AC=XLMOD:02001;CL=no;TA=K,nterm'}]	size exclusion chromatography (SEC)	0.5 mM	not available	1 h	room temperature	8PM_DSS_120min_40_55_65_rep2.raw	NT=ms-proteomics;VV=v1.1.0	NT=crosslinking;VV=v1.0.0	NT=human;VV=v1.1.0
PXD019926_8PM_DSS_90min_40_55_rep1	Homo sapiens	whole cell lysate	not available	47	PXD019926_8PM_DSS_90min_40_55_rep1_assay	proteomic profiling by mass spectrometry	data-dependent acquisition	NT=label free sample;AC=MS:1002038	1	1	not available	NT=Lys-C;AC=MS:1001309	NT=Carbamidomethyl;AC=UNIMOD:4;TA=C;MT=Fixed	NT=Oxidation;AC=UNIMOD:21;TA=M;MT=Variable	not available	not available	NT=[{'NT': 'disuccinimidyl sulfoxide', 'AC': 'XLMOD:02126', 'CL': 'yes', 'TA': 'K,S,T,Y', 'structured': 'NT=disuccinimidyl sulfoxide;AC=XLMOD:02126;CL=yes;TA=K,S,T,Y'}, {'NT': 'disuccinimidyl suberate', 'AC': 'XLMOD:02001', 'CL': 'no', 'TA': 'K,nterm', 'structured': 'NT=disuccinimidyl suberate;AC=XLMOD:02001;CL=no;TA=K,nterm'}]	size exclusion chromatography (SEC)	0.5 mM	not available	1 h	room temperature	8PM_DSS_90min_40_55_rep1.raw	NT=ms-proteomics;VV=v1.1.0	NT=crosslinking;VV=v1.0.0	NT=human;VV=v1.1.0
PXD019926_8PM_DSSO_FAIMS_50_60_75_90min_rep2	Homo sapiens	whole cell lysate	not available	48	PXD019926_8PM_DSSO_FAIMS_50_60_75_90min_rep2_assay	proteomic profiling by mass spectrometry	data-dependent acquisition	NT=label free sample;AC=MS:1002038	1	2	not available	NT=Lys-C;AC=MS:1001309	NT=Carbamidomethyl;AC=UNIMOD:4;TA=C;MT=Fixed	NT=Oxidation;AC=UNIMOD:21;TA=M;MT=Variable	not available	not available	NT=[{'NT': 'disuccinimidyl sulfoxide', 'AC': 'XLMOD:02126', 'CL': 'yes', 'TA': 'K,S,T,Y', 'structured': 'NT=disuccinimidyl sulfoxide;AC=XLMOD:02126;CL=yes;TA=K,S,T,Y'}, {'NT': 'disuccinimidyl suberate', 'AC': 'XLMOD:02001', 'CL': 'no', 'TA': 'K,nterm', 'structured': 'NT=disuccinimidyl suberate;AC=XLMOD:02001;CL=no;TA=K,nterm'}]	size exclusion chromatography (SEC)	0.5 mM	not available	1 h	room temperature	8PM_DSSO_FAIMS_50_60_75_90min_rep2.raw	NT=ms-proteomics;VV=v1.1.0	NT=crosslinking;VV=v1.0.0	NT=human;VV=v1.1.0
PXD019926_8PM_DSSO_FAIMS_rep1_70	Equus caballus (horse)	whole cell lysate	not available	49	PXD019926_8PM_DSSO_FAIMS_rep1_70_assay	proteomic profiling by mass spectrometry	data-dependent acquisition	NT=label free sample;AC=MS:1002038	1	1	not available	NT=Lys-C;AC=MS:1001309	NT=Carbamidomethyl;AC=UNIMOD:4;TA=C;MT=Fixed	NT=Oxidation;AC=UNIMOD:21;TA=M;MT=Variable	not available	not available	NT=[{'NT': 'disuccinimidyl sulfoxide', 'AC': 'XLMOD:02126', 'CL': 'yes', 'TA': 'K,S,T,Y', 'structured': 'NT=disuccinimidyl sulfoxide;AC=XLMOD:02126;CL=yes;TA=K,S,T,Y'}, {'NT': 'disuccinimidyl suberate', 'AC': 'XLMOD:02001', 'CL': 'no', 'TA': 'K,nterm', 'structured': 'NT=disuccinimidyl suberate;AC=XLMOD:02001;CL=no;TA=K,nterm'}]	size exclusion chromatography (SEC)	0.5 mM	not available	1 h	room temperature	8PM_DSSO_FAIMS_rep1_70.raw	NT=ms-proteomics;VV=v1.1.0	NT=crosslinking;VV=v1.0.0	NT=human;VV=v1.1.0
PXD019926_8PM_DSSO_FAIMS_50_70_60min_rep1	Homo sapiens	whole cell lysate	not available	50	PXD019926_8PM_DSSO_FAIMS_50_70_60min_rep1_assay	proteomic profiling by mass spectrometry	data-dependent acquisition	NT=label free sample;AC=MS:1002038	1	1	not available	NT=Lys-C;AC=MS:1001309	NT=Carbamidomethyl;AC=UNIMOD:4;TA=C;MT=Fixed	NT=Oxidation;AC=UNIMOD:21;TA=M;MT=Variable	not available	not available	NT=[{'NT': 'disuccinimidyl sulfoxide', 'AC': 'XLMOD:02126', 'CL': 'yes', 'TA': 'K,S,T,Y', 'structured': 'NT=disuccinimidyl sulfoxide;AC=XLMOD:02126;CL=yes;TA=K,S,T,Y'}, {'NT': 'disuccinimidyl suberate', 'AC': 'XLMOD:02001', 'CL': 'no', 'TA': 'K,nterm', 'structured': 'NT=disuccinimidyl suberate;AC=XLMOD:02001;CL=no;TA=K,nterm'}]	size exclusion chromatography (SEC)	0.5 mM	not available	1 h	room temperature	8PM_DSSO_FAIMS_50_70_60min_rep1.raw	NT=ms-proteomics;VV=v1.1.0	NT=crosslinking;VV=v1.0.0	NT=human;VV=v1.1.0
PXD019926_8PM_DSS_90min_40_50_60_rep1	Homo sapiens	whole cell lysate	not available	51	PXD019926_8PM_DSS_90min_40_50_60_rep1_assay	proteomic profiling by mass spectrometry	data-dependent acquisition	NT=label free sample;AC=MS:1002038	1	1	not available	NT=Lys-C;AC=MS:1001309	NT=Carbamidomethyl;AC=UNIMOD:4;TA=C;MT=Fixed	NT=Oxidation;AC=UNIMOD:21;TA=M;MT=Variable	not available	not available	NT=[{'NT': 'disuccinimidyl sulfoxide', 'AC': 'XLMOD:02126', 'CL': 'yes', 'TA': 'K,S,T,Y', 'structured': 'NT=disuccinimidyl sulfoxide;AC=XLMOD:02126;CL=yes;TA=K,S,T,Y'}, {'NT': 'disuccinimidyl suberate', 'AC': 'XLMOD:02001', 'CL': 'no', 'TA': 'K,nterm', 'structured': 'NT=disuccinimidyl suberate;AC=XLMOD:02001;CL=no;TA=K,nterm'}]	size exclusion chromatography (SEC)	0.5 mM	not available	1 h	room temperature	8PM_DSS_90min_40_50_60_rep1.raw	NT=ms-proteomics;VV=v1.1.0	NT=crosslinking;VV=v1.0.0	NT=human;VV=v1.1.0
PXD019926_8PM_DSSO_FAIMS_85_rep2_BioRep2	Homo sapiens	whole cell lysate	not available	52	PXD019926_8PM_DSSO_FAIMS_85_rep2_BioRep2_assay	proteomic profiling by mass spectrometry	data-dependent acquisition	NT=label free sample;AC=MS:1002038	1	2	not available	NT=Lys-C;AC=MS:1001309	NT=Carbamidomethyl;AC=UNIMOD:4;TA=C;MT=Fixed	NT=Oxidation;AC=UNIMOD:21;TA=M;MT=Variable	not available	not available	NT=[{'NT': 'disuccinimidyl sulfoxide', 'AC': 'XLMOD:02126', 'CL': 'yes', 'TA': 'K,S,T,Y', 'structured': 'NT=disuccinimidyl sulfoxide;AC=XLMOD:02126;CL=yes;TA=K,S,T,Y'}, {'NT': 'disuccinimidyl suberate', 'AC': 'XLMOD:02001', 'CL': 'no', 'TA': 'K,nterm', 'structured': 'NT=disuccinimidyl suberate;AC=XLMOD:02001;CL=no;TA=K,nterm'}]	size exclusion chromatography (SEC)	0.5 mM	not available	1 h	room temperature	8PM_DSSO_FAIMS_85_rep2_BioRep2.raw	NT=ms-proteomics;VV=v1.1.0	NT=crosslinking;VV=v1.0.0	NT=human;VV=v1.1.0
PXD019926_8PM_DSS_B_65_rep2	Homo sapiens	whole cell lysate	not available	53	PXD019926_8PM_DSS_B_65_rep2_assay	proteomic profiling by mass spectrometry	data-dependent acquisition	NT=label free sample;AC=MS:1002038	1	2	not available	NT=Lys-C;AC=MS:1001309	NT=Carbamidomethyl;AC=UNIMOD:4;TA=C;MT=Fixed	NT=Oxidation;AC=UNIMOD:21;TA=M;MT=Variable	not available	not available	NT=[{'NT': 'disuccinimidyl sulfoxide', 'AC': 'XLMOD:02126', 'CL': 'yes', 'TA': 'K,S,T,Y', 'structured': 'NT=disuccinimidyl sulfoxide;AC=XLMOD:02126;CL=yes;TA=K,S,T,Y'}, {'NT': 'disuccinimidyl suberate', 'AC': 'XLMOD:02001', 'CL': 'no', 'TA': 'K,nterm', 'structured': 'NT=disuccinimidyl suberate;AC=XLMOD:02001;CL=no;TA=K,nterm'}]	size exclusion chromatography (SEC)	0.5 mM	not available	1 h	room temperature	8PM_DSS_B_65_rep2.raw	NT=ms-proteomics;VV=v1.1.0	NT=crosslinking;VV=v1.0.0	NT=human;VV=v1.1.0
PXD019926_8PM_DSS_B_40_rep2	Homo sapiens	whole cell lysate	not available	54	PXD019926_8PM_DSS_B_40_rep2_assay	proteomic profiling by mass spectrometry	data-dependent acquisition	NT=label free sample;AC=MS:1002038	1	2	not available	NT=Lys-C;AC=MS:1001309	NT=Carbamidomethyl;AC=UNIMOD:4;TA=C;MT=Fixed	NT=Oxidation;AC=UNIMOD:21;TA=M;MT=Variable	not available	not available	NT=[{'NT': 'disuccinimidyl sulfoxide', 'AC': 'XLMOD:02126', 'CL': 'yes', 'TA': 'K,S,T,Y', 'structured': 'NT=disuccinimidyl sulfoxide;AC=XLMOD:02126;CL=yes;TA=K,S,T,Y'}, {'NT': 'disuccinimidyl suberate', 'AC': 'XLMOD:02001', 'CL': 'no', 'TA': 'K,nterm', 'structured': 'NT=disuccinimidyl suberate;AC=XLMOD:02001;CL=no;TA=K,nterm'}]	size exclusion chromatography (SEC)	0.5 mM	not available	1 h	room temperature	8PM_DSS_B_40_rep2.raw	NT=ms-proteomics;VV=v1.1.0	NT=crosslinking;VV=v1.0.0	NT=human;VV=v1.1.0
PXD019926_8PM_DSS_B_85_rep1	Homo sapiens	whole cell lysate	not available	55	PXD019926_8PM_DSS_B_85_rep1_assay	proteomic profiling by mass spectrometry	data-dependent acquisition	NT=label free sample;AC=MS:1002038	1	1	not available	NT=Lys-C;AC=MS:1001309	NT=Carbamidomethyl;AC=UNIMOD:4;TA=C;MT=Fixed	NT=Oxidation;AC=UNIMOD:21;TA=M;MT=Variable	not available	not available	NT=[{'NT': 'disuccinimidyl sulfoxide', 'AC': 'XLMOD:02126', 'CL': 'yes', 'TA': 'K,S,T,Y', 'structured': 'NT=disuccinimidyl sulfoxide;AC=XLMOD:02126;CL=yes;TA=K,S,T,Y'}, {'NT': 'disuccinimidyl suberate', 'AC': 'XLMOD:02001', 'CL': 'no', 'TA': 'K,nterm', 'structured': 'NT=disuccinimidyl suberate;AC=XLMOD:02001;CL=no;TA=K,nterm'}]	size exclusion chromatography (SEC)	0.5 mM	not available	1 h	room temperature	8PM_DSS_B_85_rep1.raw	NT=ms-proteomics;VV=v1.1.0	NT=crosslinking;VV=v1.0.0	NT=human;VV=v1.1.0
PXD019926_8PM_DSS_120min_40_55_65_rep1	Homo sapiens	whole cell lysate	not available	56	PXD019926_8PM_DSS_120min_40_55_65_rep1_assay	proteomic profiling by mass spectrometry	data-dependent acquisition	NT=label free sample;AC=MS:1002038	1	1	not available	NT=Lys-C;AC=MS:1001309	NT=Carbamidomethyl;AC=UNIMOD:4;TA=C;MT=Fixed	NT=Oxidation;AC=UNIMOD:21;TA=M;MT=Variable	not available	not available	NT=[{'NT': 'disuccinimidyl sulfoxide', 'AC': 'XLMOD:02126', 'CL': 'yes', 'TA': 'K,S,T,Y', 'structured': 'NT=disuccinimidyl sulfoxide;AC=XLMOD:02126;CL=yes;TA=K,S,T,Y'}, {'NT': 'disuccinimidyl suberate', 'AC': 'XLMOD:02001', 'CL': 'no', 'TA': 'K,nterm', 'structured': 'NT=disuccinimidyl suberate;AC=XLMOD:02001;CL=no;TA=K,nterm'}]	size exclusion chromatography (SEC)	0.5 mM	not available	1 h	room temperature	8PM_DSS_120min_40_55_65_rep1.raw	NT=ms-proteomics;VV=v1.1.0	NT=crosslinking;VV=v1.0.0	NT=human;VV=v1.1.0
PXD019926_8PM_DSSO_FAIMS_55_rep1_BioRep2	Homo sapiens	whole cell lysate	not available	57	PXD019926_8PM_DSSO_FAIMS_55_rep1_BioRep2_assay	proteomic profiling by mass spectrometry	data-dependent acquisition	NT=label free sample;AC=MS:1002038	1	1	not available	NT=Lys-C;AC=MS:1001309	NT=Carbamidomethyl;AC=UNIMOD:4;TA=C;MT=Fixed	NT=Oxidation;AC=UNIMOD:21;TA=M;MT=Variable	not available	not available	NT=[{'NT': 'disuccinimidyl sulfoxide', 'AC': 'XLMOD:02126', 'CL': 'yes', 'TA': 'K,S,T,Y', 'structured': 'NT=disuccinimidyl sulfoxide;AC=XLMOD:02126;CL=yes;TA=K,S,T,Y'}, {'NT': 'disuccinimidyl suberate', 'AC': 'XLMOD:02001', 'CL': 'no', 'TA': 'K,nterm', 'structured': 'NT=disuccinimidyl suberate;AC=XLMOD:02001;CL=no;TA=K,nterm'}]	size exclusion chromatography (SEC)	0.5 mM	not available	1 h	room temperature	8PM_DSSO_FAIMS_55_rep1_BioRep2.raw	NT=ms-proteomics;VV=v1.1.0	NT=crosslinking;VV=v1.0.0	NT=human;VV=v1.1.0
PXD019926_8PM_DSSO_noFAIMS_90min_rep1	Homo sapiens	whole cell lysate	not available	58	PXD019926_8PM_DSSO_noFAIMS_90min_rep1_assay	proteomic profiling by mass spectrometry	data-dependent acquisition	NT=label free sample;AC=MS:1002038	1	1	not available	NT=Lys-C;AC=MS:1001309	NT=Carbamidomethyl;AC=UNIMOD:4;TA=C;MT=Fixed	NT=Oxidation;AC=UNIMOD:21;TA=M;MT=Variable	not available	not available	NT=[{'NT': 'disuccinimidyl sulfoxide', 'AC': 'XLMOD:02126', 'CL': 'yes', 'TA': 'K,S,T,Y', 'structured': 'NT=disuccinimidyl sulfoxide;AC=XLMOD:02126;CL=yes;TA=K,S,T,Y'}, {'NT': 'disuccinimidyl suberate', 'AC': 'XLMOD:02001', 'CL': 'no', 'TA': 'K,nterm', 'structured': 'NT=disuccinimidyl suberate;AC=XLMOD:02001;CL=no;TA=K,nterm'}]	size exclusion chromatography (SEC)	0.5 mM	not available	1 h	room temperature	8PM_DSSO_noFAIMS_90min_rep1.raw	NT=ms-proteomics;VV=v1.1.0	NT=crosslinking;VV=v1.0.0	NT=human;VV=v1.1.0
PXD019926_8PM_DSSO_FAIMS_rep2_65	Equus caballus (horse)	whole cell lysate	not available	59	PXD019926_8PM_DSSO_FAIMS_rep2_65_assay	proteomic profiling by mass spectrometry	data-dependent acquisition	NT=label free sample;AC=MS:1002038	1	2	not available	NT=Lys-C;AC=MS:1001309	NT=Carbamidomethyl;AC=UNIMOD:4;TA=C;MT=Fixed	NT=Oxidation;AC=UNIMOD:21;TA=M;MT=Variable	not available	not available	NT=[{'NT': 'disuccinimidyl sulfoxide', 'AC': 'XLMOD:02126', 'CL': 'yes', 'TA': 'K,S,T,Y', 'structured': 'NT=disuccinimidyl sulfoxide;AC=XLMOD:02126;CL=yes;TA=K,S,T,Y'}, {'NT': 'disuccinimidyl suberate', 'AC': 'XLMOD:02001', 'CL': 'no', 'TA': 'K,nterm', 'structured': 'NT=disuccinimidyl suberate;AC=XLMOD:02001;CL=no;TA=K,nterm'}]	size exclusion chromatography (SEC)	0.5 mM	not available	1 h	room temperature	8PM_DSSO_FAIMS_rep2_65.raw	NT=ms-proteomics;VV=v1.1.0	NT=crosslinking;VV=v1.0.0	NT=human;VV=v1.1.0
PXD019926_8PM_DSSO_FAIMS_rep2_40	Equus caballus (horse)	whole cell lysate	not available	60	PXD019926_8PM_DSSO_FAIMS_rep2_40_assay	proteomic profiling by mass spectrometry	data-dependent acquisition	NT=label free sample;AC=MS:1002038	1	2	not available	NT=Lys-C;AC=MS:1001309	NT=Carbamidomethyl;AC=UNIMOD:4;TA=C;MT=Fixed	NT=Oxidation;AC=UNIMOD:21;TA=M;MT=Variable	not available	not available	NT=[{'NT': 'disuccinimidyl sulfoxide', 'AC': 'XLMOD:02126', 'CL': 'yes', 'TA': 'K,S,T,Y', 'structured': 'NT=disuccinimidyl sulfoxide;AC=XLMOD:02126;CL=yes;TA=K,S,T,Y'}, {'NT': 'disuccinimidyl suberate', 'AC': 'XLMOD:02001', 'CL': 'no', 'TA': 'K,nterm', 'structured': 'NT=disuccinimidyl suberate;AC=XLMOD:02001;CL=no;TA=K,nterm'}]	size exclusion chromatography (SEC)	0.5 mM	not available	1 h	room temperature	8PM_DSSO_FAIMS_rep2_40.raw	NT=ms-proteomics;VV=v1.1.0	NT=crosslinking;VV=v1.0.0	NT=human;VV=v1.1.0
PXD019926_8PM_DSSO_noFAIMS_rep2_BioRep2	Homo sapiens	whole cell lysate	not available	61	PXD019926_8PM_DSSO_noFAIMS_rep2_BioRep2_assay	proteomic profiling by mass spectrometry	data-dependent acquisition	NT=label free sample;AC=MS:1002038	1	2	not available	NT=Lys-C;AC=MS:1001309	NT=Carbamidomethyl;AC=UNIMOD:4;TA=C;MT=Fixed	NT=Oxidation;AC=UNIMOD:21;TA=M;MT=Variable	not available	not available	NT=[{'NT': 'disuccinimidyl sulfoxide', 'AC': 'XLMOD:02126', 'CL': 'yes', 'TA': 'K,S,T,Y', 'structured': 'NT=disuccinimidyl sulfoxide;AC=XLMOD:02126;CL=yes;TA=K,S,T,Y'}, {'NT': 'disuccinimidyl suberate', 'AC': 'XLMOD:02001', 'CL': 'no', 'TA': 'K,nterm', 'structured': 'NT=disuccinimidyl suberate;AC=XLMOD:02001;CL=no;TA=K,nterm'}]	size exclusion chromatography (SEC)	0.5 mM	not available	1 h	room temperature	8PM_DSSO_noFAIMS_rep2_BioRep2.raw	NT=ms-proteomics;VV=v1.1.0	NT=crosslinking;VV=v1.0.0	NT=human;VV=v1.1.0
PXD019926_8PM_DSSO_FAIMS_50_rep2_BioRep2	Homo sapiens	whole cell lysate	not available	62	PXD019926_8PM_DSSO_FAIMS_50_rep2_BioRep2_assay	proteomic profiling by mass spectrometry	data-dependent acquisition	NT=label free sample;AC=MS:1002038	1	2	not available	NT=Lys-C;AC=MS:1001309	NT=Carbamidomethyl;AC=UNIMOD:4;TA=C;MT=Fixed	NT=Oxidation;AC=UNIMOD:21;TA=M;MT=Variable	not available	not available	NT=[{'NT': 'disuccinimidyl sulfoxide', 'AC': 'XLMOD:02126', 'CL': 'yes', 'TA': 'K,S,T,Y', 'structured': 'NT=disuccinimidyl sulfoxide;AC=XLMOD:02126;CL=yes;TA=K,S,T,Y'}, {'NT': 'disuccinimidyl suberate', 'AC': 'XLMOD:02001', 'CL': 'no', 'TA': 'K,nterm', 'structured': 'NT=disuccinimidyl suberate;AC=XLMOD:02001;CL=no;TA=K,nterm'}]	size exclusion chromatography (SEC)	0.5 mM	not available	1 h	room temperature	8PM_DSSO_FAIMS_50_rep2_BioRep2.raw	NT=ms-proteomics;VV=v1.1.0	NT=crosslinking;VV=v1.0.0	NT=human;VV=v1.1.0
PXD019926_8PM_DSSO_FAIMS_rep2_50	Equus caballus (horse)	whole cell lysate	not available	63	PXD019926_8PM_DSSO_FAIMS_rep2_50_assay	proteomic profiling by mass spectrometry	data-dependent acquisition	NT=label free sample;AC=MS:1002038	1	2	not available	NT=Lys-C;AC=MS:1001309	NT=Carbamidomethyl;AC=UNIMOD:4;TA=C;MT=Fixed	NT=Oxidation;AC=UNIMOD:21;TA=M;MT=Variable	not available	not available	NT=[{'NT': 'disuccinimidyl sulfoxide', 'AC': 'XLMOD:02126', 'CL': 'yes', 'TA': 'K,S,T,Y', 'structured': 'NT=disuccinimidyl sulfoxide;AC=XLMOD:02126;CL=yes;TA=K,S,T,Y'}, {'NT': 'disuccinimidyl suberate', 'AC': 'XLMOD:02001', 'CL': 'no', 'TA': 'K,nterm', 'structured': 'NT=disuccinimidyl suberate;AC=XLMOD:02001;CL=no;TA=K,nterm'}]	size exclusion chromatography (SEC)	0.5 mM	not available	1 h	room temperature	8PM_DSSO_FAIMS_rep2_50.raw	NT=ms-proteomics;VV=v1.1.0	NT=crosslinking;VV=v1.0.0	NT=human;VV=v1.1.0
PXD019926_HEK293_DSS_FAIMS_5060_Fr1	Homo sapiens	whole cell lysate	not available	64	PXD019926_HEK293_DSS_FAIMS_5060_Fr1_assay	proteomic profiling by mass spectrometry	data-dependent acquisition	NT=label free sample;AC=MS:1002038	1	1	not available	NT=Lys-C;AC=MS:1001309	NT=Carbamidomethyl;AC=UNIMOD:4;TA=C;MT=Fixed	NT=Oxidation;AC=UNIMOD:21;TA=M;MT=Variable	not available	not available	NT=[{'NT': 'disuccinimidyl sulfoxide', 'AC': 'XLMOD:02126', 'CL': 'yes', 'TA': 'K,S,T,Y', 'structured': 'NT=disuccinimidyl sulfoxide;AC=XLMOD:02126;CL=yes;TA=K,S,T,Y'}, {'NT': 'disuccinimidyl suberate', 'AC': 'XLMOD:02001', 'CL': 'no', 'TA': 'K,nterm', 'structured': 'NT=disuccinimidyl suberate;AC=XLMOD:02001;CL=no;TA=K,nterm'}]	size exclusion chromatography (SEC)	0.5 mM	not available	1 h	room temperature	HEK293_DSS_FAIMS_5060_Fr1.raw	NT=ms-proteomics;VV=v1.1.0	NT=crosslinking;VV=v1.0.0	NT=human;VV=v1.1.0
PXD019926_8PM_DSSO_FAIMS_rep1_65	Equus caballus (horse)	whole cell lysate	not available	65	PXD019926_8PM_DSSO_FAIMS_rep1_65_assay	proteomic profiling by mass spectrometry	data-dependent acquisition	NT=label free sample;AC=MS:1002038	1	1	not available	NT=Lys-C;AC=MS:1001309	NT=Carbamidomethyl;AC=UNIMOD:4;TA=C;MT=Fixed	NT=Oxidation;AC=UNIMOD:21;TA=M;MT=Variable	not available	not available	NT=[{'NT': 'disuccinimidyl sulfoxide', 'AC': 'XLMOD:02126', 'CL': 'yes', 'TA': 'K,S,T,Y', 'structured': 'NT=disuccinimidyl sulfoxide;AC=XLMOD:02126;CL=yes;TA=K,S,T,Y'}, {'NT': 'disuccinimidyl suberate', 'AC': 'XLMOD:02001', 'CL': 'no', 'TA': 'K,nterm', 'structured': 'NT=disuccinimidyl suberate;AC=XLMOD:02001;CL=no;TA=K,nterm'}]	size exclusion chromatography (SEC)	0.5 mM	not available	1 h	room temperature	8PM_DSSO_FAIMS_rep1_65.raw	NT=ms-proteomics;VV=v1.1.0	NT=crosslinking;VV=v1.0.0	NT=human;VV=v1.1.0
PXD019926_HEK293_noFAIMS_Fr5_BioRep2	Homo sapiens	whole cell lysate	not available	4	PXD019926_HEK293_noFAIMS_Fr5_BioRep2_assay	proteomic profiling by mass spectrometry	data-dependent acquisition	NT=label free sample;AC=MS:1002038	5	1	not available	NT=Lys-C;AC=MS:1001309	NT=Carbamidomethyl;AC=UNIMOD:4;TA=C;MT=Fixed	NT=Oxidation;AC=UNIMOD:21;TA=M;MT=Variable	not available	not available	NT=[{'NT': 'disuccinimidyl sulfoxide', 'AC': 'XLMOD:02126', 'CL': 'yes', 'TA': 'K,S,T,Y', 'structured': 'NT=disuccinimidyl sulfoxide;AC=XLMOD:02126;CL=yes;TA=K,S,T,Y'}, {'NT': 'disuccinimidyl suberate', 'AC': 'XLMOD:02001', 'CL': 'no', 'TA': 'K,nterm', 'structured': 'NT=disuccinimidyl suberate;AC=XLMOD:02001;CL=no;TA=K,nterm'}]	size exclusion chromatography (SEC)	0.5 mM	not available	1 h	room temperature	HEK293_noFAIMS_Fr5_BioRep2.raw	NT=ms-proteomics;VV=v1.1.0	NT=crosslinking;VV=v1.0.0	NT=human;VV=v1.1.0
PXD019926_8PM_DSS_A_75_rep2	Homo sapiens	whole cell lysate	not available	66	PXD019926_8PM_DSS_A_75_rep2_assay	proteomic profiling by mass spectrometry	data-dependent acquisition	NT=label free sample;AC=MS:1002038	1	2	not available	NT=Lys-C;AC=MS:1001309	NT=Carbamidomethyl;AC=UNIMOD:4;TA=C;MT=Fixed	NT=Oxidation;AC=UNIMOD:21;TA=M;MT=Variable	not available	not available	NT=[{'NT': 'disuccinimidyl sulfoxide', 'AC': 'XLMOD:02126', 'CL': 'yes', 'TA': 'K,S,T,Y', 'structured': 'NT=disuccinimidyl sulfoxide;AC=XLMOD:02126;CL=yes;TA=K,S,T,Y'}, {'NT': 'disuccinimidyl suberate', 'AC': 'XLMOD:02001', 'CL': 'no', 'TA': 'K,nterm', 'structured': 'NT=disuccinimidyl suberate;AC=XLMOD:02001;CL=no;TA=K,nterm'}]	size exclusion chromatography (SEC)	0.5 mM	not available	1 h	room temperature	8PM_DSS_A_75_rep2.raw	NT=ms-proteomics;VV=v1.1.0	NT=crosslinking;VV=v1.0.0	NT=human;VV=v1.1.0
PXD019926_HEK293_FAIMS_60_70_80_Fr4	Homo sapiens	whole cell lysate	not available	2	PXD019926_HEK293_FAIMS_60_70_80_Fr4_assay	proteomic profiling by mass spectrometry	data-dependent acquisition	NT=label free sample;AC=MS:1002038	4	1	not available	NT=Lys-C;AC=MS:1001309	NT=Carbamidomethyl;AC=UNIMOD:4;TA=C;MT=Fixed	NT=Oxidation;AC=UNIMOD:21;TA=M;MT=Variable	not available	not available	NT=[{'NT': 'disuccinimidyl sulfoxide', 'AC': 'XLMOD:02126', 'CL': 'yes', 'TA': 'K,S,T,Y', 'structured': 'NT=disuccinimidyl sulfoxide;AC=XLMOD:02126;CL=yes;TA=K,S,T,Y'}, {'NT': 'disuccinimidyl suberate', 'AC': 'XLMOD:02001', 'CL': 'no', 'TA': 'K,nterm', 'structured': 'NT=disuccinimidyl suberate;AC=XLMOD:02001;CL=no;TA=K,nterm'}]	size exclusion chromatography (SEC)	0.5 mM	not available	1 h	room temperature	HEK293_FAIMS_60_70_80_Fr4.raw	NT=ms-proteomics;VV=v1.1.0	NT=crosslinking;VV=v1.0.0	NT=human;VV=v1.1.0
PXD019926_8PM_DSSO_SEC_noFAIMS_E2_60min	Homo sapiens	whole cell lysate	not available	67	PXD019926_8PM_DSSO_SEC_noFAIMS_E2_60min_assay	proteomic profiling by mass spectrometry	data-dependent acquisition	NT=label free sample;AC=MS:1002038	1	1	not available	NT=Lys-C;AC=MS:1001309	NT=Carbamidomethyl;AC=UNIMOD:4;TA=C;MT=Fixed	NT=Oxidation;AC=UNIMOD:21;TA=M;MT=Variable	not available	not available	NT=[{'NT': 'disuccinimidyl sulfoxide', 'AC': 'XLMOD:02126', 'CL': 'yes', 'TA': 'K,S,T,Y', 'structured': 'NT=disuccinimidyl sulfoxide;AC=XLMOD:02126;CL=yes;TA=K,S,T,Y'}, {'NT': 'disuccinimidyl suberate', 'AC': 'XLMOD:02001', 'CL': 'no', 'TA': 'K,nterm', 'structured': 'NT=disuccinimidyl suberate;AC=XLMOD:02001;CL=no;TA=K,nterm'}]	size exclusion chromatography (SEC)	0.5 mM	not available	1 h	room temperature	8PM_DSSO_SEC_noFAIMS_E2_60min.raw	NT=ms-proteomics;VV=v1.1.0	NT=crosslinking;VV=v1.0.0	NT=human;VV=v1.1.0
PXD019926_8PM_DSS_B_75_rep2	Homo sapiens	whole cell lysate	not available	68	PXD019926_8PM_DSS_B_75_rep2_assay	proteomic profiling by mass spectrometry	data-dependent acquisition	NT=label free sample;AC=MS:1002038	1	2	not available	NT=Lys-C;AC=MS:1001309	NT=Carbamidomethyl;AC=UNIMOD:4;TA=C;MT=Fixed	NT=Oxidation;AC=UNIMOD:21;TA=M;MT=Variable	not available	not available	NT=[{'NT': 'disuccinimidyl sulfoxide', 'AC': 'XLMOD:02126', 'CL': 'yes', 'TA': 'K,S,T,Y', 'structured': 'NT=disuccinimidyl sulfoxide;AC=XLMOD:02126;CL=yes;TA=K,S,T,Y'}, {'NT': 'disuccinimidyl suberate', 'AC': 'XLMOD:02001', 'CL': 'no', 'TA': 'K,nterm', 'structured': 'NT=disuccinimidyl suberate;AC=XLMOD:02001;CL=no;TA=K,nterm'}]	size exclusion chromatography (SEC)	0.5 mM	not available	1 h	room temperature	8PM_DSS_B_75_rep2.raw	NT=ms-proteomics;VV=v1.1.0	NT=crosslinking;VV=v1.0.0	NT=human;VV=v1.1.0
PXD019926_8PM_DSSO_SEC_noFAIMS_E2_90min	Homo sapiens	whole cell lysate	not available	69	PXD019926_8PM_DSSO_SEC_noFAIMS_E2_90min_assay	proteomic profiling by mass spectrometry	data-dependent acquisition	NT=label free sample;AC=MS:1002038	1	1	not available	NT=Lys-C;AC=MS:1001309	NT=Carbamidomethyl;AC=UNIMOD:4;TA=C;MT=Fixed	NT=Oxidation;AC=UNIMOD:21;TA=M;MT=Variable	not available	not available	NT=[{'NT': 'disuccinimidyl sulfoxide', 'AC': 'XLMOD:02126', 'CL': 'yes', 'TA': 'K,S,T,Y', 'structured': 'NT=disuccinimidyl sulfoxide;AC=XLMOD:02126;CL=yes;TA=K,S,T,Y'}, {'NT': 'disuccinimidyl suberate', 'AC': 'XLMOD:02001', 'CL': 'no', 'TA': 'K,nterm', 'structured': 'NT=disuccinimidyl suberate;AC=XLMOD:02001;CL=no;TA=K,nterm'}]	size exclusion chromatography (SEC)	0.5 mM	not available	1 h	room temperature	8PM_DSSO_SEC_noFAIMS_E2_90min.raw	NT=ms-proteomics;VV=v1.1.0	NT=crosslinking;VV=v1.0.0	NT=human;VV=v1.1.0
PXD019926_HEK293_DSS_noFAIMS_Fr3	Homo sapiens	whole cell lysate	not available	5	PXD019926_HEK293_DSS_noFAIMS_Fr3_assay	proteomic profiling by mass spectrometry	data-dependent acquisition	NT=label free sample;AC=MS:1002038	3	1	not available	NT=Lys-C;AC=MS:1001309	NT=Carbamidomethyl;AC=UNIMOD:4;TA=C;MT=Fixed	NT=Oxidation;AC=UNIMOD:21;TA=M;MT=Variable	not available	not available	NT=[{'NT': 'disuccinimidyl sulfoxide', 'AC': 'XLMOD:02126', 'CL': 'yes', 'TA': 'K,S,T,Y', 'structured': 'NT=disuccinimidyl sulfoxide;AC=XLMOD:02126;CL=yes;TA=K,S,T,Y'}, {'NT': 'disuccinimidyl suberate', 'AC': 'XLMOD:02001', 'CL': 'no', 'TA': 'K,nterm', 'structured': 'NT=disuccinimidyl suberate;AC=XLMOD:02001;CL=no;TA=K,nterm'}]	size exclusion chromatography (SEC)	0.5 mM	not available	1 h	room temperature	HEK293_DSS_noFAIMS_Fr3.raw	NT=ms-proteomics;VV=v1.1.0	NT=crosslinking;VV=v1.0.0	NT=human;VV=v1.1.0
PXD019926_HEK293_FAIMS_405570_Fr3_BioRep2	Homo sapiens	whole cell lysate	not available	6	PXD019926_HEK293_FAIMS_405570_Fr3_BioRep2_assay	proteomic profiling by mass spectrometry	data-dependent acquisition	NT=label free sample;AC=MS:1002038	3	1	not available	NT=Lys-C;AC=MS:1001309	NT=Carbamidomethyl;AC=UNIMOD:4;TA=C;MT=Fixed	NT=Oxidation;AC=UNIMOD:21;TA=M;MT=Variable	not available	not available	NT=[{'NT': 'disuccinimidyl sulfoxide', 'AC': 'XLMOD:02126', 'CL': 'yes', 'TA': 'K,S,T,Y', 'structured': 'NT=disuccinimidyl sulfoxide;AC=XLMOD:02126;CL=yes;TA=K,S,T,Y'}, {'NT': 'disuccinimidyl suberate', 'AC': 'XLMOD:02001', 'CL': 'no', 'TA': 'K,nterm', 'structured': 'NT=disuccinimidyl suberate;AC=XLMOD:02001;CL=no;TA=K,nterm'}]	size exclusion chromatography (SEC)	0.5 mM	not available	1 h	room temperature	HEK293_FAIMS_405570_Fr3_BioRep2.raw	NT=ms-proteomics;VV=v1.1.0	NT=crosslinking;VV=v1.0.0	NT=human;VV=v1.1.0
PXD019926_HEK293_FAIMS_60_70_80_Fr6	Homo sapiens	whole cell lysate	not available	5	PXD019926_HEK293_FAIMS_60_70_80_Fr6_assay	proteomic profiling by mass spectrometry	data-dependent acquisition	NT=label free sample;AC=MS:1002038	6	1	not available	NT=Lys-C;AC=MS:1001309	NT=Carbamidomethyl;AC=UNIMOD:4;TA=C;MT=Fixed	NT=Oxidation;AC=UNIMOD:21;TA=M;MT=Variable	not available	not available	NT=[{'NT': 'disuccinimidyl sulfoxide', 'AC': 'XLMOD:02126', 'CL': 'yes', 'TA': 'K,S,T,Y', 'structured': 'NT=disuccinimidyl sulfoxide;AC=XLMOD:02126;CL=yes;TA=K,S,T,Y'}, {'NT': 'disuccinimidyl suberate', 'AC': 'XLMOD:02001', 'CL': 'no', 'TA': 'K,nterm', 'structured': 'NT=disuccinimidyl suberate;AC=XLMOD:02001;CL=no;TA=K,nterm'}]	size exclusion chromatography (SEC)	0.5 mM	not available	1 h	room temperature	HEK293_FAIMS_60_70_80_Fr6.raw	NT=ms-proteomics;VV=v1.1.0	NT=crosslinking;VV=v1.0.0	NT=human;VV=v1.1.0
PXD019926_8PM_DSSO_SEC_noFAIMS_C2_120min	Homo sapiens	whole cell lysate	not available	70	PXD019926_8PM_DSSO_SEC_noFAIMS_C2_120min_assay	proteomic profiling by mass spectrometry	data-dependent acquisition	NT=label free sample;AC=MS:1002038	1	1	not available	NT=Lys-C;AC=MS:1001309	NT=Carbamidomethyl;AC=UNIMOD:4;TA=C;MT=Fixed	NT=Oxidation;AC=UNIMOD:21;TA=M;MT=Variable	not available	not available	NT=[{'NT': 'disuccinimidyl sulfoxide', 'AC': 'XLMOD:02126', 'CL': 'yes', 'TA': 'K,S,T,Y', 'structured': 'NT=disuccinimidyl sulfoxide;AC=XLMOD:02126;CL=yes;TA=K,S,T,Y'}, {'NT': 'disuccinimidyl suberate', 'AC': 'XLMOD:02001', 'CL': 'no', 'TA': 'K,nterm', 'structured': 'NT=disuccinimidyl suberate;AC=XLMOD:02001;CL=no;TA=K,nterm'}]	size exclusion chromatography (SEC)	0.5 mM	not available	1 h	room temperature	8PM_DSSO_SEC_noFAIMS_C2_120min.raw	NT=ms-proteomics;VV=v1.1.0	NT=crosslinking;VV=v1.0.0	NT=human;VV=v1.1.0
PXD019926_8PM_DSSO_FAIMS_50_rep1_BioRep2	Homo sapiens	whole cell lysate	not available	71	PXD019926_8PM_DSSO_FAIMS_50_rep1_BioRep2_assay	proteomic profiling by mass spectrometry	data-dependent acquisition	NT=label free sample;AC=MS:1002038	1	1	not available	NT=Lys-C;AC=MS:1001309	NT=Carbamidomethyl;AC=UNIMOD:4;TA=C;MT=Fixed	NT=Oxidation;AC=UNIMOD:21;TA=M;MT=Variable	not available	not available	NT=[{'NT': 'disuccinimidyl sulfoxide', 'AC': 'XLMOD:02126', 'CL': 'yes', 'TA': 'K,S,T,Y', 'structured': 'NT=disuccinimidyl sulfoxide;AC=XLMOD:02126;CL=yes;TA=K,S,T,Y'}, {'NT': 'disuccinimidyl suberate', 'AC': 'XLMOD:02001', 'CL': 'no', 'TA': 'K,nterm', 'structured': 'NT=disuccinimidyl suberate;AC=XLMOD:02001;CL=no;TA=K,nterm'}]	size exclusion chromatography (SEC)	0.5 mM	not available	1 h	room temperature	8PM_DSSO_FAIMS_50_rep1_BioRep2.raw	NT=ms-proteomics;VV=v1.1.0	NT=crosslinking;VV=v1.0.0	NT=human;VV=v1.1.0
PXD019926_8PM_DSSO_FAIMS_rep2_60	Equus caballus (horse)	whole cell lysate	not available	72	PXD019926_8PM_DSSO_FAIMS_rep2_60_assay	proteomic profiling by mass spectrometry	data-dependent acquisition	NT=label free sample;AC=MS:1002038	1	2	not available	NT=Lys-C;AC=MS:1001309	NT=Carbamidomethyl;AC=UNIMOD:4;TA=C;MT=Fixed	NT=Oxidation;AC=UNIMOD:21;TA=M;MT=Variable	not available	not available	NT=[{'NT': 'disuccinimidyl sulfoxide', 'AC': 'XLMOD:02126', 'CL': 'yes', 'TA': 'K,S,T,Y', 'structured': 'NT=disuccinimidyl sulfoxide;AC=XLMOD:02126;CL=yes;TA=K,S,T,Y'}, {'NT': 'disuccinimidyl suberate', 'AC': 'XLMOD:02001', 'CL': 'no', 'TA': 'K,nterm', 'structured': 'NT=disuccinimidyl suberate;AC=XLMOD:02001;CL=no;TA=K,nterm'}]	size exclusion chromatography (SEC)	0.5 mM	not available	1 h	room temperature	8PM_DSSO_FAIMS_rep2_60.raw	NT=ms-proteomics;VV=v1.1.0	NT=crosslinking;VV=v1.0.0	NT=human;VV=v1.1.0
PXD019926_8PM_DSSO_FAIMS_50_70_90min_rep1	Homo sapiens	whole cell lysate	not available	73	PXD019926_8PM_DSSO_FAIMS_50_70_90min_rep1_assay	proteomic profiling by mass spectrometry	data-dependent acquisition	NT=label free sample;AC=MS:1002038	1	1	not available	NT=Lys-C;AC=MS:1001309	NT=Carbamidomethyl;AC=UNIMOD:4;TA=C;MT=Fixed	NT=Oxidation;AC=UNIMOD:21;TA=M;MT=Variable	not available	not available	NT=[{'NT': 'disuccinimidyl sulfoxide', 'AC': 'XLMOD:02126', 'CL': 'yes', 'TA': 'K,S,T,Y', 'structured': 'NT=disuccinimidyl sulfoxide;AC=XLMOD:02126;CL=yes;TA=K,S,T,Y'}, {'NT': 'disuccinimidyl suberate', 'AC': 'XLMOD:02001', 'CL': 'no', 'TA': 'K,nterm', 'structured': 'NT=disuccinimidyl suberate;AC=XLMOD:02001;CL=no;TA=K,nterm'}]	size exclusion chromatography (SEC)	0.5 mM	not available	1 h	room temperature	8PM_DSSO_FAIMS_50_70_90min_rep1.raw	NT=ms-proteomics;VV=v1.1.0	NT=crosslinking;VV=v1.0.0	NT=human;VV=v1.1.0
PXD019926_8PM_DSS_60min_40_50_60_rep2	Homo sapiens	whole cell lysate	not available	74	PXD019926_8PM_DSS_60min_40_50_60_rep2_assay	proteomic profiling by mass spectrometry	data-dependent acquisition	NT=label free sample;AC=MS:1002038	1	2	not available	NT=Lys-C;AC=MS:1001309	NT=Carbamidomethyl;AC=UNIMOD:4;TA=C;MT=Fixed	NT=Oxidation;AC=UNIMOD:21;TA=M;MT=Variable	not available	not available	NT=[{'NT': 'disuccinimidyl sulfoxide', 'AC': 'XLMOD:02126', 'CL': 'yes', 'TA': 'K,S,T,Y', 'structured': 'NT=disuccinimidyl sulfoxide;AC=XLMOD:02126;CL=yes;TA=K,S,T,Y'}, {'NT': 'disuccinimidyl suberate', 'AC': 'XLMOD:02001', 'CL': 'no', 'TA': 'K,nterm', 'structured': 'NT=disuccinimidyl suberate;AC=XLMOD:02001;CL=no;TA=K,nterm'}]	size exclusion chromatography (SEC)	0.5 mM	not available	1 h	room temperature	8PM_DSS_60min_40_50_60_rep2.raw	NT=ms-proteomics;VV=v1.1.0	NT=crosslinking;VV=v1.0.0	NT=human;VV=v1.1.0
PXD019926_8PM_DSS_B_noFAIMS_rep1	Homo sapiens	whole cell lysate	not available	75	PXD019926_8PM_DSS_B_noFAIMS_rep1_assay	proteomic profiling by mass spectrometry	data-dependent acquisition	NT=label free sample;AC=MS:1002038	1	1	not available	NT=Lys-C;AC=MS:1001309	NT=Carbamidomethyl;AC=UNIMOD:4;TA=C;MT=Fixed	NT=Oxidation;AC=UNIMOD:21;TA=M;MT=Variable	not available	not available	NT=[{'NT': 'disuccinimidyl sulfoxide', 'AC': 'XLMOD:02126', 'CL': 'yes', 'TA': 'K,S,T,Y', 'structured': 'NT=disuccinimidyl sulfoxide;AC=XLMOD:02126;CL=yes;TA=K,S,T,Y'}, {'NT': 'disuccinimidyl suberate', 'AC': 'XLMOD:02001', 'CL': 'no', 'TA': 'K,nterm', 'structured': 'NT=disuccinimidyl suberate;AC=XLMOD:02001;CL=no;TA=K,nterm'}]	size exclusion chromatography (SEC)	0.5 mM	not available	1 h	room temperature	8PM_DSS_B_noFAIMS_rep1.raw	NT=ms-proteomics;VV=v1.1.0	NT=crosslinking;VV=v1.0.0	NT=human;VV=v1.1.0
PXD019926_HEK293_FAIMS_405570_Fr4_BioRep2	Homo sapiens	whole cell lysate	not available	3	PXD019926_HEK293_FAIMS_405570_Fr4_BioRep2_assay	proteomic profiling by mass spectrometry	data-dependent acquisition	NT=label free sample;AC=MS:1002038	4	1	not available	NT=Lys-C;AC=MS:1001309	NT=Carbamidomethyl;AC=UNIMOD:4;TA=C;MT=Fixed	NT=Oxidation;AC=UNIMOD:21;TA=M;MT=Variable	not available	not available	NT=[{'NT': 'disuccinimidyl sulfoxide', 'AC': 'XLMOD:02126', 'CL': 'yes', 'TA': 'K,S,T,Y', 'structured': 'NT=disuccinimidyl sulfoxide;AC=XLMOD:02126;CL=yes;TA=K,S,T,Y'}, {'NT': 'disuccinimidyl suberate', 'AC': 'XLMOD:02001', 'CL': 'no', 'TA': 'K,nterm', 'structured': 'NT=disuccinimidyl suberate;AC=XLMOD:02001;CL=no;TA=K,nterm'}]	size exclusion chromatography (SEC)	0.5 mM	not available	1 h	room temperature	HEK293_FAIMS_405570_Fr4_BioRep2.raw	NT=ms-proteomics;VV=v1.1.0	NT=crosslinking;VV=v1.0.0	NT=human;VV=v1.1.0
PXD019926_HEK293_FAIMS_5070_Fr4_BioRep2	Homo sapiens	whole cell lysate	not available	4	PXD019926_HEK293_FAIMS_5070_Fr4_BioRep2_assay	proteomic profiling by mass spectrometry	data-dependent acquisition	NT=label free sample;AC=MS:1002038	4	1	not available	NT=Lys-C;AC=MS:1001309	NT=Carbamidomethyl;AC=UNIMOD:4;TA=C;MT=Fixed	NT=Oxidation;AC=UNIMOD:21;TA=M;MT=Variable	not available	not available	NT=[{'NT': 'disuccinimidyl sulfoxide', 'AC': 'XLMOD:02126', 'CL': 'yes', 'TA': 'K,S,T,Y', 'structured': 'NT=disuccinimidyl sulfoxide;AC=XLMOD:02126;CL=yes;TA=K,S,T,Y'}, {'NT': 'disuccinimidyl suberate', 'AC': 'XLMOD:02001', 'CL': 'no', 'TA': 'K,nterm', 'structured': 'NT=disuccinimidyl suberate;AC=XLMOD:02001;CL=no;TA=K,nterm'}]	size exclusion chromatography (SEC)	0.5 mM	not available	1 h	room temperature	HEK293_FAIMS_5070_Fr4_BioRep2.raw	NT=ms-proteomics;VV=v1.1.0	NT=crosslinking;VV=v1.0.0	NT=human;VV=v1.1.0
PXD019926_8PM_DSS_90min_noFAIMS_rep2	Homo sapiens	whole cell lysate	not available	76	PXD019926_8PM_DSS_90min_noFAIMS_rep2_assay	proteomic profiling by mass spectrometry	data-dependent acquisition	NT=label free sample;AC=MS:1002038	1	2	not available	NT=Lys-C;AC=MS:1001309	NT=Carbamidomethyl;AC=UNIMOD:4;TA=C;MT=Fixed	NT=Oxidation;AC=UNIMOD:21;TA=M;MT=Variable	not available	not available	NT=[{'NT': 'disuccinimidyl sulfoxide', 'AC': 'XLMOD:02126', 'CL': 'yes', 'TA': 'K,S,T,Y', 'structured': 'NT=disuccinimidyl sulfoxide;AC=XLMOD:02126;CL=yes;TA=K,S,T,Y'}, {'NT': 'disuccinimidyl suberate', 'AC': 'XLMOD:02001', 'CL': 'no', 'TA': 'K,nterm', 'structured': 'NT=disuccinimidyl suberate;AC=XLMOD:02001;CL=no;TA=K,nterm'}]	size exclusion chromatography (SEC)	0.5 mM	not available	1 h	room temperature	8PM_DSS_90min_noFAIMS_rep2.raw	NT=ms-proteomics;VV=v1.1.0	NT=crosslinking;VV=v1.0.0	NT=human;VV=v1.1.0
PXD019926_8PM_DSSO_FAIMS_50_65_120min_rep1	Homo sapiens	whole cell lysate	not available	77	PXD019926_8PM_DSSO_FAIMS_50_65_120min_rep1_assay	proteomic profiling by mass spectrometry	data-dependent acquisition	NT=label free sample;AC=MS:1002038	1	1	not available	NT=Lys-C;AC=MS:1001309	NT=Carbamidomethyl;AC=UNIMOD:4;TA=C;MT=Fixed	NT=Oxidation;AC=UNIMOD:21;TA=M;MT=Variable	not available	not available	NT=[{'NT': 'disuccinimidyl sulfoxide', 'AC': 'XLMOD:02126', 'CL': 'yes', 'TA': 'K,S,T,Y', 'structured': 'NT=disuccinimidyl sulfoxide;AC=XLMOD:02126;CL=yes;TA=K,S,T,Y'}, {'NT': 'disuccinimidyl suberate', 'AC': 'XLMOD:02001', 'CL': 'no', 'TA': 'K,nterm', 'structured': 'NT=disuccinimidyl suberate;AC=XLMOD:02001;CL=no;TA=K,nterm'}]	size exclusion chromatography (SEC)	0.5 mM	not available	1 h	room temperature	8PM_DSSO_FAIMS_50_65_120min_rep1.raw	NT=ms-proteomics;VV=v1.1.0	NT=crosslinking;VV=v1.0.0	NT=human;VV=v1.1.0
PXD019926_HEK293_DSS_FAIMS_405565_Fr1	Homo sapiens	whole cell lysate	not available	78	PXD019926_HEK293_DSS_FAIMS_405565_Fr1_assay	proteomic profiling by mass spectrometry	data-dependent acquisition	NT=label free sample;AC=MS:1002038	1	1	not available	NT=Lys-C;AC=MS:1001309	NT=Carbamidomethyl;AC=UNIMOD:4;TA=C;MT=Fixed	NT=Oxidation;AC=UNIMOD:21;TA=M;MT=Variable	not available	not available	NT=[{'NT': 'disuccinimidyl sulfoxide', 'AC': 'XLMOD:02126', 'CL': 'yes', 'TA': 'K,S,T,Y', 'structured': 'NT=disuccinimidyl sulfoxide;AC=XLMOD:02126;CL=yes;TA=K,S,T,Y'}, {'NT': 'disuccinimidyl suberate', 'AC': 'XLMOD:02001', 'CL': 'no', 'TA': 'K,nterm', 'structured': 'NT=disuccinimidyl suberate;AC=XLMOD:02001;CL=no;TA=K,nterm'}]	size exclusion chromatography (SEC)	0.5 mM	not available	1 h	room temperature	HEK293_DSS_FAIMS_405565_Fr1.raw	NT=ms-proteomics;VV=v1.1.0	NT=crosslinking;VV=v1.0.0	NT=human;VV=v1.1.0
PXD019926_HEK293_DSS_FAIMS_4055_Fr4	Homo sapiens	whole cell lysate	not available	5	PXD019926_HEK293_DSS_FAIMS_4055_Fr4_assay	proteomic profiling by mass spectrometry	data-dependent acquisition	NT=label free sample;AC=MS:1002038	4	1	not available	NT=Lys-C;AC=MS:1001309	NT=Carbamidomethyl;AC=UNIMOD:4;TA=C;MT=Fixed	NT=Oxidation;AC=UNIMOD:21;TA=M;MT=Variable	not available	not available	NT=[{'NT': 'disuccinimidyl sulfoxide', 'AC': 'XLMOD:02126', 'CL': 'yes', 'TA': 'K,S,T,Y', 'structured': 'NT=disuccinimidyl sulfoxide;AC=XLMOD:02126;CL=yes;TA=K,S,T,Y'}, {'NT': 'disuccinimidyl suberate', 'AC': 'XLMOD:02001', 'CL': 'no', 'TA': 'K,nterm', 'structured': 'NT=disuccinimidyl suberate;AC=XLMOD:02001;CL=no;TA=K,nterm'}]	size exclusion chromatography (SEC)	0.5 mM	not available	1 h	room temperature	HEK293_DSS_FAIMS_4055_Fr4.raw	NT=ms-proteomics;VV=v1.1.0	NT=crosslinking;VV=v1.0.0	NT=human;VV=v1.1.0
PXD019926_HEK293_noFAIMS_Fr1	Homo sapiens	whole cell lysate	not available	79	PXD019926_HEK293_noFAIMS_Fr1_assay	proteomic profiling by mass spectrometry	data-dependent acquisition	NT=label free sample;AC=MS:1002038	1	1	not available	NT=Lys-C;AC=MS:1001309	NT=Carbamidomethyl;AC=UNIMOD:4;TA=C;MT=Fixed	NT=Oxidation;AC=UNIMOD:21;TA=M;MT=Variable	not available	not available	NT=[{'NT': 'disuccinimidyl sulfoxide', 'AC': 'XLMOD:02126', 'CL': 'yes', 'TA': 'K,S,T,Y', 'structured': 'NT=disuccinimidyl sulfoxide;AC=XLMOD:02126;CL=yes;TA=K,S,T,Y'}, {'NT': 'disuccinimidyl suberate', 'AC': 'XLMOD:02001', 'CL': 'no', 'TA': 'K,nterm', 'structured': 'NT=disuccinimidyl suberate;AC=XLMOD:02001;CL=no;TA=K,nterm'}]	size exclusion chromatography (SEC)	0.5 mM	not available	1 h	room temperature	HEK293_noFAIMS_Fr1.raw	NT=ms-proteomics;VV=v1.1.0	NT=crosslinking;VV=v1.0.0	NT=human;VV=v1.1.0
PXD019926_8PM_DSSO_SEC_noFAIMS_C2_60min	Homo sapiens	whole cell lysate	not available	80	PXD019926_8PM_DSSO_SEC_noFAIMS_C2_60min_assay	proteomic profiling by mass spectrometry	data-dependent acquisition	NT=label free sample;AC=MS:1002038	1	1	not available	NT=Lys-C;AC=MS:1001309	NT=Carbamidomethyl;AC=UNIMOD:4;TA=C;MT=Fixed	NT=Oxidation;AC=UNIMOD:21;TA=M;MT=Variable	not available	not available	NT=[{'NT': 'disuccinimidyl sulfoxide', 'AC': 'XLMOD:02126', 'CL': 'yes', 'TA': 'K,S,T,Y', 'structured': 'NT=disuccinimidyl sulfoxide;AC=XLMOD:02126;CL=yes;TA=K,S,T,Y'}, {'NT': 'disuccinimidyl suberate', 'AC': 'XLMOD:02001', 'CL': 'no', 'TA': 'K,nterm', 'structured': 'NT=disuccinimidyl suberate;AC=XLMOD:02001;CL=no;TA=K,nterm'}]	size exclusion chromatography (SEC)	0.5 mM	not available	1 h	room temperature	8PM_DSSO_SEC_noFAIMS_C2_60min.raw	NT=ms-proteomics;VV=v1.1.0	NT=crosslinking;VV=v1.0.0	NT=human;VV=v1.1.0
PXD019926_8PM_DSSO_FAIMS_rep1_40	Equus caballus (horse)	whole cell lysate	not available	81	PXD019926_8PM_DSSO_FAIMS_rep1_40_assay	proteomic profiling by mass spectrometry	data-dependent acquisition	NT=label free sample;AC=MS:1002038	1	1	not available	NT=Lys-C;AC=MS:1001309	NT=Carbamidomethyl;AC=UNIMOD:4;TA=C;MT=Fixed	NT=Oxidation;AC=UNIMOD:21;TA=M;MT=Variable	not available	not available	NT=[{'NT': 'disuccinimidyl sulfoxide', 'AC': 'XLMOD:02126', 'CL': 'yes', 'TA': 'K,S,T,Y', 'structured': 'NT=disuccinimidyl sulfoxide;AC=XLMOD:02126;CL=yes;TA=K,S,T,Y'}, {'NT': 'disuccinimidyl suberate', 'AC': 'XLMOD:02001', 'CL': 'no', 'TA': 'K,nterm', 'structured': 'NT=disuccinimidyl suberate;AC=XLMOD:02001;CL=no;TA=K,nterm'}]	size exclusion chromatography (SEC)	0.5 mM	not available	1 h	room temperature	8PM_DSSO_FAIMS_rep1_40.raw	NT=ms-proteomics;VV=v1.1.0	NT=crosslinking;VV=v1.0.0	NT=human;VV=v1.1.0
PXD019926_8PM_DSS_B_60_rep1	Homo sapiens	whole cell lysate	not available	82	PXD019926_8PM_DSS_B_60_rep1_assay	proteomic profiling by mass spectrometry	data-dependent acquisition	NT=label free sample;AC=MS:1002038	1	1	not available	NT=Lys-C;AC=MS:1001309	NT=Carbamidomethyl;AC=UNIMOD:4;TA=C;MT=Fixed	NT=Oxidation;AC=UNIMOD:21;TA=M;MT=Variable	not available	not available	NT=[{'NT': 'disuccinimidyl sulfoxide', 'AC': 'XLMOD:02126', 'CL': 'yes', 'TA': 'K,S,T,Y', 'structured': 'NT=disuccinimidyl sulfoxide;AC=XLMOD:02126;CL=yes;TA=K,S,T,Y'}, {'NT': 'disuccinimidyl suberate', 'AC': 'XLMOD:02001', 'CL': 'no', 'TA': 'K,nterm', 'structured': 'NT=disuccinimidyl suberate;AC=XLMOD:02001;CL=no;TA=K,nterm'}]	size exclusion chromatography (SEC)	0.5 mM	not available	1 h	room temperature	8PM_DSS_B_60_rep1.raw	NT=ms-proteomics;VV=v1.1.0	NT=crosslinking;VV=v1.0.0	NT=human;VV=v1.1.0
PXD019926_8PM_DSSO_FAIMS_65_rep1_BioRep2	Homo sapiens	whole cell lysate	not available	83	PXD019926_8PM_DSSO_FAIMS_65_rep1_BioRep2_assay	proteomic profiling by mass spectrometry	data-dependent acquisition	NT=label free sample;AC=MS:1002038	1	1	not available	NT=Lys-C;AC=MS:1001309	NT=Carbamidomethyl;AC=UNIMOD:4;TA=C;MT=Fixed	NT=Oxidation;AC=UNIMOD:21;TA=M;MT=Variable	not available	not available	NT=[{'NT': 'disuccinimidyl sulfoxide', 'AC': 'XLMOD:02126', 'CL': 'yes', 'TA': 'K,S,T,Y', 'structured': 'NT=disuccinimidyl sulfoxide;AC=XLMOD:02126;CL=yes;TA=K,S,T,Y'}, {'NT': 'disuccinimidyl suberate', 'AC': 'XLMOD:02001', 'CL': 'no', 'TA': 'K,nterm', 'structured': 'NT=disuccinimidyl suberate;AC=XLMOD:02001;CL=no;TA=K,nterm'}]	size exclusion chromatography (SEC)	0.5 mM	not available	1 h	room temperature	8PM_DSSO_FAIMS_65_rep1_BioRep2.raw	NT=ms-proteomics;VV=v1.1.0	NT=crosslinking;VV=v1.0.0	NT=human;VV=v1.1.0
PXD019926_8PM_DSS_A_55_rep2	Homo sapiens	whole cell lysate	not available	84	PXD019926_8PM_DSS_A_55_rep2_assay	proteomic profiling by mass spectrometry	data-dependent acquisition	NT=label free sample;AC=MS:1002038	1	2	not available	NT=Lys-C;AC=MS:1001309	NT=Carbamidomethyl;AC=UNIMOD:4;TA=C;MT=Fixed	NT=Oxidation;AC=UNIMOD:21;TA=M;MT=Variable	not available	not available	NT=[{'NT': 'disuccinimidyl sulfoxide', 'AC': 'XLMOD:02126', 'CL': 'yes', 'TA': 'K,S,T,Y', 'structured': 'NT=disuccinimidyl sulfoxide;AC=XLMOD:02126;CL=yes;TA=K,S,T,Y'}, {'NT': 'disuccinimidyl suberate', 'AC': 'XLMOD:02001', 'CL': 'no', 'TA': 'K,nterm', 'structured': 'NT=disuccinimidyl suberate;AC=XLMOD:02001;CL=no;TA=K,nterm'}]	size exclusion chromatography (SEC)	0.5 mM	not available	1 h	room temperature	8PM_DSS_A_55_rep2.raw	NT=ms-proteomics;VV=v1.1.0	NT=crosslinking;VV=v1.0.0	NT=human;VV=v1.1.0
PXD019926_8PM_DSS_120min_40_50_60_rep1	Homo sapiens	whole cell lysate	not available	85	PXD019926_8PM_DSS_120min_40_50_60_rep1_assay	proteomic profiling by mass spectrometry	data-dependent acquisition	NT=label free sample;AC=MS:1002038	1	1	not available	NT=Lys-C;AC=MS:1001309	NT=Carbamidomethyl;AC=UNIMOD:4;TA=C;MT=Fixed	NT=Oxidation;AC=UNIMOD:21;TA=M;MT=Variable	not available	not available	NT=[{'NT': 'disuccinimidyl sulfoxide', 'AC': 'XLMOD:02126', 'CL': 'yes', 'TA': 'K,S,T,Y', 'structured': 'NT=disuccinimidyl sulfoxide;AC=XLMOD:02126;CL=yes;TA=K,S,T,Y'}, {'NT': 'disuccinimidyl suberate', 'AC': 'XLMOD:02001', 'CL': 'no', 'TA': 'K,nterm', 'structured': 'NT=disuccinimidyl suberate;AC=XLMOD:02001;CL=no;TA=K,nterm'}]	size exclusion chromatography (SEC)	0.5 mM	not available	1 h	room temperature	8PM_DSS_120min_40_50_60_rep1.raw	NT=ms-proteomics;VV=v1.1.0	NT=crosslinking;VV=v1.0.0	NT=human;VV=v1.1.0
PXD019926_8PM_DSSO_noFAIMS_60min_rep1	Homo sapiens	whole cell lysate	not available	86	PXD019926_8PM_DSSO_noFAIMS_60min_rep1_assay	proteomic profiling by mass spectrometry	data-dependent acquisition	NT=label free sample;AC=MS:1002038	1	1	not available	NT=Lys-C;AC=MS:1001309	NT=Carbamidomethyl;AC=UNIMOD:4;TA=C;MT=Fixed	NT=Oxidation;AC=UNIMOD:21;TA=M;MT=Variable	not available	not available	NT=[{'NT': 'disuccinimidyl sulfoxide', 'AC': 'XLMOD:02126', 'CL': 'yes', 'TA': 'K,S,T,Y', 'structured': 'NT=disuccinimidyl sulfoxide;AC=XLMOD:02126;CL=yes;TA=K,S,T,Y'}, {'NT': 'disuccinimidyl suberate', 'AC': 'XLMOD:02001', 'CL': 'no', 'TA': 'K,nterm', 'structured': 'NT=disuccinimidyl suberate;AC=XLMOD:02001;CL=no;TA=K,nterm'}]	size exclusion chromatography (SEC)	0.5 mM	not available	1 h	room temperature	8PM_DSSO_noFAIMS_60min_rep1.raw	NT=ms-proteomics;VV=v1.1.0	NT=crosslinking;VV=v1.0.0	NT=human;VV=v1.1.0
PXD019926_HEK293_noFAIMS_Fr3_BioRep2	Homo sapiens	whole cell lysate	not available	7	PXD019926_HEK293_noFAIMS_Fr3_BioRep2_assay	proteomic profiling by mass spectrometry	data-dependent acquisition	NT=label free sample;AC=MS:1002038	3	1	not available	NT=Lys-C;AC=MS:1001309	NT=Carbamidomethyl;AC=UNIMOD:4;TA=C;MT=Fixed	NT=Oxidation;AC=UNIMOD:21;TA=M;MT=Variable	not available	not available	NT=[{'NT': 'disuccinimidyl sulfoxide', 'AC': 'XLMOD:02126', 'CL': 'yes', 'TA': 'K,S,T,Y', 'structured': 'NT=disuccinimidyl sulfoxide;AC=XLMOD:02126;CL=yes;TA=K,S,T,Y'}, {'NT': 'disuccinimidyl suberate', 'AC': 'XLMOD:02001', 'CL': 'no', 'TA': 'K,nterm', 'structured': 'NT=disuccinimidyl suberate;AC=XLMOD:02001;CL=no;TA=K,nterm'}]	size exclusion chromatography (SEC)	0.5 mM	not available	1 h	room temperature	HEK293_noFAIMS_Fr3_BioRep2.raw	NT=ms-proteomics;VV=v1.1.0	NT=crosslinking;VV=v1.0.0	NT=human;VV=v1.1.0
PXD019926_8PM_DSSO_FAIMS_rep1_60	Equus caballus (horse)	whole cell lysate	not available	87	PXD019926_8PM_DSSO_FAIMS_rep1_60_assay	proteomic profiling by mass spectrometry	data-dependent acquisition	NT=label free sample;AC=MS:1002038	1	1	not available	NT=Lys-C;AC=MS:1001309	NT=Carbamidomethyl;AC=UNIMOD:4;TA=C;MT=Fixed	NT=Oxidation;AC=UNIMOD:21;TA=M;MT=Variable	not available	not available	NT=[{'NT': 'disuccinimidyl sulfoxide', 'AC': 'XLMOD:02126', 'CL': 'yes', 'TA': 'K,S,T,Y', 'structured': 'NT=disuccinimidyl sulfoxide;AC=XLMOD:02126;CL=yes;TA=K,S,T,Y'}, {'NT': 'disuccinimidyl suberate', 'AC': 'XLMOD:02001', 'CL': 'no', 'TA': 'K,nterm', 'structured': 'NT=disuccinimidyl suberate;AC=XLMOD:02001;CL=no;TA=K,nterm'}]	size exclusion chromatography (SEC)	0.5 mM	not available	1 h	room temperature	8PM_DSSO_FAIMS_rep1_60.raw	NT=ms-proteomics;VV=v1.1.0	NT=crosslinking;VV=v1.0.0	NT=human;VV=v1.1.0
PXD019926_8PM_DSSO_FAIMS_90_rep2_BioRep2	Homo sapiens	whole cell lysate	not available	88	PXD019926_8PM_DSSO_FAIMS_90_rep2_BioRep2_assay	proteomic profiling by mass spectrometry	data-dependent acquisition	NT=label free sample;AC=MS:1002038	1	2	not available	NT=Lys-C;AC=MS:1001309	NT=Carbamidomethyl;AC=UNIMOD:4;TA=C;MT=Fixed	NT=Oxidation;AC=UNIMOD:21;TA=M;MT=Variable	not available	not available	NT=[{'NT': 'disuccinimidyl sulfoxide', 'AC': 'XLMOD:02126', 'CL': 'yes', 'TA': 'K,S,T,Y', 'structured': 'NT=disuccinimidyl sulfoxide;AC=XLMOD:02126;CL=yes;TA=K,S,T,Y'}, {'NT': 'disuccinimidyl suberate', 'AC': 'XLMOD:02001', 'CL': 'no', 'TA': 'K,nterm', 'structured': 'NT=disuccinimidyl suberate;AC=XLMOD:02001;CL=no;TA=K,nterm'}]	size exclusion chromatography (SEC)	0.5 mM	not available	1 h	room temperature	8PM_DSSO_FAIMS_90_rep2_BioRep2.raw	NT=ms-proteomics;VV=v1.1.0	NT=crosslinking;VV=v1.0.0	NT=human;VV=v1.1.0
PXD019926_HEK293_FAIMS_60_70_80_Fr2	Homo sapiens	whole cell lysate	not available	9	PXD019926_HEK293_FAIMS_60_70_80_Fr2_assay	proteomic profiling by mass spectrometry	data-dependent acquisition	NT=label free sample;AC=MS:1002038	2	1	not available	NT=Lys-C;AC=MS:1001309	NT=Carbamidomethyl;AC=UNIMOD:4;TA=C;MT=Fixed	NT=Oxidation;AC=UNIMOD:21;TA=M;MT=Variable	not available	not available	NT=[{'NT': 'disuccinimidyl sulfoxide', 'AC': 'XLMOD:02126', 'CL': 'yes', 'TA': 'K,S,T,Y', 'structured': 'NT=disuccinimidyl sulfoxide;AC=XLMOD:02126;CL=yes;TA=K,S,T,Y'}, {'NT': 'disuccinimidyl suberate', 'AC': 'XLMOD:02001', 'CL': 'no', 'TA': 'K,nterm', 'structured': 'NT=disuccinimidyl suberate;AC=XLMOD:02001;CL=no;TA=K,nterm'}]	size exclusion chromatography (SEC)	0.5 mM	not available	1 h	room temperature	HEK293_FAIMS_60_70_80_Fr2.raw	NT=ms-proteomics;VV=v1.1.0	NT=crosslinking;VV=v1.0.0	NT=human;VV=v1.1.0
PXD019926_8PM_DSSO_FAIMS_40_55_70_90min_rep1	Homo sapiens	whole cell lysate	not available	89	PXD019926_8PM_DSSO_FAIMS_40_55_70_90min_rep1_assay	proteomic profiling by mass spectrometry	data-dependent acquisition	NT=label free sample;AC=MS:1002038	1	1	not available	NT=Lys-C;AC=MS:1001309	NT=Carbamidomethyl;AC=UNIMOD:4;TA=C;MT=Fixed	NT=Oxidation;AC=UNIMOD:21;TA=M;MT=Variable	not available	not available	NT=[{'NT': 'disuccinimidyl sulfoxide', 'AC': 'XLMOD:02126', 'CL': 'yes', 'TA': 'K,S,T,Y', 'structured': 'NT=disuccinimidyl sulfoxide;AC=XLMOD:02126;CL=yes;TA=K,S,T,Y'}, {'NT': 'disuccinimidyl suberate', 'AC': 'XLMOD:02001', 'CL': 'no', 'TA': 'K,nterm', 'structured': 'NT=disuccinimidyl suberate;AC=XLMOD:02001;CL=no;TA=K,nterm'}]	size exclusion chromatography (SEC)	0.5 mM	not available	1 h	room temperature	8PM_DSSO_FAIMS_40_55_70_90min_rep1.raw	NT=ms-proteomics;VV=v1.1.0	NT=crosslinking;VV=v1.0.0	NT=human;VV=v1.1.0
PXD019926_8PM_DSSO_FAIMS_50_60_75_120min_rep1	Homo sapiens	whole cell lysate	not available	90	PXD019926_8PM_DSSO_FAIMS_50_60_75_120min_rep1_assay	proteomic profiling by mass spectrometry	data-dependent acquisition	NT=label free sample;AC=MS:1002038	1	1	not available	NT=Lys-C;AC=MS:1001309	NT=Carbamidomethyl;AC=UNIMOD:4;TA=C;MT=Fixed	NT=Oxidation;AC=UNIMOD:21;TA=M;MT=Variable	not available	not available	NT=[{'NT': 'disuccinimidyl sulfoxide', 'AC': 'XLMOD:02126', 'CL': 'yes', 'TA': 'K,S,T,Y', 'structured': 'NT=disuccinimidyl sulfoxide;AC=XLMOD:02126;CL=yes;TA=K,S,T,Y'}, {'NT': 'disuccinimidyl suberate', 'AC': 'XLMOD:02001', 'CL': 'no', 'TA': 'K,nterm', 'structured': 'NT=disuccinimidyl suberate;AC=XLMOD:02001;CL=no;TA=K,nterm'}]	size exclusion chromatography (SEC)	0.5 mM	not available	1 h	room temperature	8PM_DSSO_FAIMS_50_60_75_120min_rep1.raw	NT=ms-proteomics;VV=v1.1.0	NT=crosslinking;VV=v1.0.0	NT=human;VV=v1.1.0
PXD019926_HEK293_FAIMS_506075_Fr5_BioRep2	Homo sapiens	whole cell lysate	not available	5	PXD019926_HEK293_FAIMS_506075_Fr5_BioRep2_assay	proteomic profiling by mass spectrometry	data-dependent acquisition	NT=label free sample;AC=MS:1002038	5	1	not available	NT=Lys-C;AC=MS:1001309	NT=Carbamidomethyl;AC=UNIMOD:4;TA=C;MT=Fixed	NT=Oxidation;AC=UNIMOD:21;TA=M;MT=Variable	not available	not available	NT=[{'NT': 'disuccinimidyl sulfoxide', 'AC': 'XLMOD:02126', 'CL': 'yes', 'TA': 'K,S,T,Y', 'structured': 'NT=disuccinimidyl sulfoxide;AC=XLMOD:02126;CL=yes;TA=K,S,T,Y'}, {'NT': 'disuccinimidyl suberate', 'AC': 'XLMOD:02001', 'CL': 'no', 'TA': 'K,nterm', 'structured': 'NT=disuccinimidyl suberate;AC=XLMOD:02001;CL=no;TA=K,nterm'}]	size exclusion chromatography (SEC)	0.5 mM	not available	1 h	room temperature	HEK293_FAIMS_506075_Fr5_BioRep2.raw	NT=ms-proteomics;VV=v1.1.0	NT=crosslinking;VV=v1.0.0	NT=human;VV=v1.1.0
PXD019926_8PM_DSSO_FAIMS_rep1_55	Equus caballus (horse)	whole cell lysate	not available	91	PXD019926_8PM_DSSO_FAIMS_rep1_55_assay	proteomic profiling by mass spectrometry	data-dependent acquisition	NT=label free sample;AC=MS:1002038	1	1	not available	NT=Lys-C;AC=MS:1001309	NT=Carbamidomethyl;AC=UNIMOD:4;TA=C;MT=Fixed	NT=Oxidation;AC=UNIMOD:21;TA=M;MT=Variable	not available	not available	NT=[{'NT': 'disuccinimidyl sulfoxide', 'AC': 'XLMOD:02126', 'CL': 'yes', 'TA': 'K,S,T,Y', 'structured': 'NT=disuccinimidyl sulfoxide;AC=XLMOD:02126;CL=yes;TA=K,S,T,Y'}, {'NT': 'disuccinimidyl suberate', 'AC': 'XLMOD:02001', 'CL': 'no', 'TA': 'K,nterm', 'structured': 'NT=disuccinimidyl suberate;AC=XLMOD:02001;CL=no;TA=K,nterm'}]	size exclusion chromatography (SEC)	0.5 mM	not available	1 h	room temperature	8PM_DSSO_FAIMS_rep1_55.raw	NT=ms-proteomics;VV=v1.1.0	NT=crosslinking;VV=v1.0.0	NT=human;VV=v1.1.0
PXD019926_HEK293_FAIMS_50_60_75_Fr6	Homo sapiens	whole cell lysate	not available	6	PXD019926_HEK293_FAIMS_50_60_75_Fr6_assay	proteomic profiling by mass spectrometry	data-dependent acquisition	NT=label free sample;AC=MS:1002038	6	1	not available	NT=Lys-C;AC=MS:1001309	NT=Carbamidomethyl;AC=UNIMOD:4;TA=C;MT=Fixed	NT=Oxidation;AC=UNIMOD:21;TA=M;MT=Variable	not available	not available	NT=[{'NT': 'disuccinimidyl sulfoxide', 'AC': 'XLMOD:02126', 'CL': 'yes', 'TA': 'K,S,T,Y', 'structured': 'NT=disuccinimidyl sulfoxide;AC=XLMOD:02126;CL=yes;TA=K,S,T,Y'}, {'NT': 'disuccinimidyl suberate', 'AC': 'XLMOD:02001', 'CL': 'no', 'TA': 'K,nterm', 'structured': 'NT=disuccinimidyl suberate;AC=XLMOD:02001;CL=no;TA=K,nterm'}]	size exclusion chromatography (SEC)	0.5 mM	not available	1 h	room temperature	HEK293_FAIMS_50_60_75_Fr6.raw	NT=ms-proteomics;VV=v1.1.0	NT=crosslinking;VV=v1.0.0	NT=human;VV=v1.1.0
PXD019926_8PM_DSSO_FAIMS_90_rep1_BioRep2	Homo sapiens	whole cell lysate	not available	92	PXD019926_8PM_DSSO_FAIMS_90_rep1_BioRep2_assay	proteomic profiling by mass spectrometry	data-dependent acquisition	NT=label free sample;AC=MS:1002038	1	1	not available	NT=Lys-C;AC=MS:1001309	NT=Carbamidomethyl;AC=UNIMOD:4;TA=C;MT=Fixed	NT=Oxidation;AC=UNIMOD:21;TA=M;MT=Variable	not available	not available	NT=[{'NT': 'disuccinimidyl sulfoxide', 'AC': 'XLMOD:02126', 'CL': 'yes', 'TA': 'K,S,T,Y', 'structured': 'NT=disuccinimidyl sulfoxide;AC=XLMOD:02126;CL=yes;TA=K,S,T,Y'}, {'NT': 'disuccinimidyl suberate', 'AC': 'XLMOD:02001', 'CL': 'no', 'TA': 'K,nterm', 'structured': 'NT=disuccinimidyl suberate;AC=XLMOD:02001;CL=no;TA=K,nterm'}]	size exclusion chromatography (SEC)	0.5 mM	not available	1 h	room temperature	8PM_DSSO_FAIMS_90_rep1_BioRep2.raw	NT=ms-proteomics;VV=v1.1.0	NT=crosslinking;VV=v1.0.0	NT=human;VV=v1.1.0
PXD019926_HEK293_noFAIMS_Fr4	Homo sapiens	whole cell lysate	not available	6	PXD019926_HEK293_noFAIMS_Fr4_assay	proteomic profiling by mass spectrometry	data-dependent acquisition	NT=label free sample;AC=MS:1002038	4	1	not available	NT=Lys-C;AC=MS:1001309	NT=Carbamidomethyl;AC=UNIMOD:4;TA=C;MT=Fixed	NT=Oxidation;AC=UNIMOD:21;TA=M;MT=Variable	not available	not available	NT=[{'NT': 'disuccinimidyl sulfoxide', 'AC': 'XLMOD:02126', 'CL': 'yes', 'TA': 'K,S,T,Y', 'structured': 'NT=disuccinimidyl sulfoxide;AC=XLMOD:02126;CL=yes;TA=K,S,T,Y'}, {'NT': 'disuccinimidyl suberate', 'AC': 'XLMOD:02001', 'CL': 'no', 'TA': 'K,nterm', 'structured': 'NT=disuccinimidyl suberate;AC=XLMOD:02001;CL=no;TA=K,nterm'}]	size exclusion chromatography (SEC)	0.5 mM	not available	1 h	room temperature	HEK293_noFAIMS_Fr4.raw	NT=ms-proteomics;VV=v1.1.0	NT=crosslinking;VV=v1.0.0	NT=human;VV=v1.1.0
PXD019926_8PM_DSS_A_90_rep1	Homo sapiens	whole cell lysate	not available	93	PXD019926_8PM_DSS_A_90_rep1_assay	proteomic profiling by mass spectrometry	data-dependent acquisition	NT=label free sample;AC=MS:1002038	1	1	not available	NT=Lys-C;AC=MS:1001309	NT=Carbamidomethyl;AC=UNIMOD:4;TA=C;MT=Fixed	NT=Oxidation;AC=UNIMOD:21;TA=M;MT=Variable	not available	not available	NT=[{'NT': 'disuccinimidyl sulfoxide', 'AC': 'XLMOD:02126', 'CL': 'yes', 'TA': 'K,S,T,Y', 'structured': 'NT=disuccinimidyl sulfoxide;AC=XLMOD:02126;CL=yes;TA=K,S,T,Y'}, {'NT': 'disuccinimidyl suberate', 'AC': 'XLMOD:02001', 'CL': 'no', 'TA': 'K,nterm', 'structured': 'NT=disuccinimidyl suberate;AC=XLMOD:02001;CL=no;TA=K,nterm'}]	size exclusion chromatography (SEC)	0.5 mM	not available	1 h	room temperature	8PM_DSS_A_90_rep1.raw	NT=ms-proteomics;VV=v1.1.0	NT=crosslinking;VV=v1.0.0	NT=human;VV=v1.1.0
PXD019926_8PM_DSSO_FAIMS_40_55_70_60min_rep1	Homo sapiens	whole cell lysate	not available	94	PXD019926_8PM_DSSO_FAIMS_40_55_70_60min_rep1_assay	proteomic profiling by mass spectrometry	data-dependent acquisition	NT=label free sample;AC=MS:1002038	1	1	not available	NT=Lys-C;AC=MS:1001309	NT=Carbamidomethyl;AC=UNIMOD:4;TA=C;MT=Fixed	NT=Oxidation;AC=UNIMOD:21;TA=M;MT=Variable	not available	not available	NT=[{'NT': 'disuccinimidyl sulfoxide', 'AC': 'XLMOD:02126', 'CL': 'yes', 'TA': 'K,S,T,Y', 'structured': 'NT=disuccinimidyl sulfoxide;AC=XLMOD:02126;CL=yes;TA=K,S,T,Y'}, {'NT': 'disuccinimidyl suberate', 'AC': 'XLMOD:02001', 'CL': 'no', 'TA': 'K,nterm', 'structured': 'NT=disuccinimidyl suberate;AC=XLMOD:02001;CL=no;TA=K,nterm'}]	size exclusion chromatography (SEC)	0.5 mM	not available	1 h	room temperature	8PM_DSSO_FAIMS_40_55_70_60min_rep1.raw	NT=ms-proteomics;VV=v1.1.0	NT=crosslinking;VV=v1.0.0	NT=human;VV=v1.1.0
PXD019926_8PM_DSSO_noFAIMS_60min_rep2	Homo sapiens	whole cell lysate	not available	95	PXD019926_8PM_DSSO_noFAIMS_60min_rep2_assay	proteomic profiling by mass spectrometry	data-dependent acquisition	NT=label free sample;AC=MS:1002038	1	2	not available	NT=Lys-C;AC=MS:1001309	NT=Carbamidomethyl;AC=UNIMOD:4;TA=C;MT=Fixed	NT=Oxidation;AC=UNIMOD:21;TA=M;MT=Variable	not available	not available	NT=[{'NT': 'disuccinimidyl sulfoxide', 'AC': 'XLMOD:02126', 'CL': 'yes', 'TA': 'K,S,T,Y', 'structured': 'NT=disuccinimidyl sulfoxide;AC=XLMOD:02126;CL=yes;TA=K,S,T,Y'}, {'NT': 'disuccinimidyl suberate', 'AC': 'XLMOD:02001', 'CL': 'no', 'TA': 'K,nterm', 'structured': 'NT=disuccinimidyl suberate;AC=XLMOD:02001;CL=no;TA=K,nterm'}]	size exclusion chromatography (SEC)	0.5 mM	not available	1 h	room temperature	8PM_DSSO_noFAIMS_60min_rep2.raw	NT=ms-proteomics;VV=v1.1.0	NT=crosslinking;VV=v1.0.0	NT=human;VV=v1.1.0
PXD019926_8PM_DSS_B_55_rep1	Homo sapiens	whole cell lysate	not available	96	PXD019926_8PM_DSS_B_55_rep1_assay	proteomic profiling by mass spectrometry	data-dependent acquisition	NT=label free sample;AC=MS:1002038	1	1	not available	NT=Lys-C;AC=MS:1001309	NT=Carbamidomethyl;AC=UNIMOD:4;TA=C;MT=Fixed	NT=Oxidation;AC=UNIMOD:21;TA=M;MT=Variable	not available	not available	NT=[{'NT': 'disuccinimidyl sulfoxide', 'AC': 'XLMOD:02126', 'CL': 'yes', 'TA': 'K,S,T,Y', 'structured': 'NT=disuccinimidyl sulfoxide;AC=XLMOD:02126;CL=yes;TA=K,S,T,Y'}, {'NT': 'disuccinimidyl suberate', 'AC': 'XLMOD:02001', 'CL': 'no', 'TA': 'K,nterm', 'structured': 'NT=disuccinimidyl suberate;AC=XLMOD:02001;CL=no;TA=K,nterm'}]	size exclusion chromatography (SEC)	0.5 mM	not available	1 h	room temperature	8PM_DSS_B_55_rep1.raw	NT=ms-proteomics;VV=v1.1.0	NT=crosslinking;VV=v1.0.0	NT=human;VV=v1.1.0
PXD019926_8PM_DSS_A_70_rep1	Homo sapiens	whole cell lysate	not available	97	PXD019926_8PM_DSS_A_70_rep1_assay	proteomic profiling by mass spectrometry	data-dependent acquisition	NT=label free sample;AC=MS:1002038	1	1	not available	NT=Lys-C;AC=MS:1001309	NT=Carbamidomethyl;AC=UNIMOD:4;TA=C;MT=Fixed	NT=Oxidation;AC=UNIMOD:21;TA=M;MT=Variable	not available	not available	NT=[{'NT': 'disuccinimidyl sulfoxide', 'AC': 'XLMOD:02126', 'CL': 'yes', 'TA': 'K,S,T,Y', 'structured': 'NT=disuccinimidyl sulfoxide;AC=XLMOD:02126;CL=yes;TA=K,S,T,Y'}, {'NT': 'disuccinimidyl suberate', 'AC': 'XLMOD:02001', 'CL': 'no', 'TA': 'K,nterm', 'structured': 'NT=disuccinimidyl suberate;AC=XLMOD:02001;CL=no;TA=K,nterm'}]	size exclusion chromatography (SEC)	0.5 mM	not available	1 h	room temperature	8PM_DSS_A_70_rep1.raw	NT=ms-proteomics;VV=v1.1.0	NT=crosslinking;VV=v1.0.0	NT=human;VV=v1.1.0
PXD019926_HEK293_DSS_FAIMS_405060_Fr4	Homo sapiens	whole cell lysate	not available	7	PXD019926_HEK293_DSS_FAIMS_405060_Fr4_assay	proteomic profiling by mass spectrometry	data-dependent acquisition	NT=label free sample;AC=MS:1002038	4	1	not available	NT=Lys-C;AC=MS:1001309	NT=Carbamidomethyl;AC=UNIMOD:4;TA=C;MT=Fixed	NT=Oxidation;AC=UNIMOD:21;TA=M;MT=Variable	not available	not available	NT=[{'NT': 'disuccinimidyl sulfoxide', 'AC': 'XLMOD:02126', 'CL': 'yes', 'TA': 'K,S,T,Y', 'structured': 'NT=disuccinimidyl sulfoxide;AC=XLMOD:02126;CL=yes;TA=K,S,T,Y'}, {'NT': 'disuccinimidyl suberate', 'AC': 'XLMOD:02001', 'CL': 'no', 'TA': 'K,nterm', 'structured': 'NT=disuccinimidyl suberate;AC=XLMOD:02001;CL=no;TA=K,nterm'}]	size exclusion chromatography (SEC)	0.5 mM	not available	1 h	room temperature	HEK293_DSS_FAIMS_405060_Fr4.raw	NT=ms-proteomics;VV=v1.1.0	NT=crosslinking;VV=v1.0.0	NT=human;VV=v1.1.0
PXD019926_8PM_DSS_60min_40_55_rep1	Homo sapiens	whole cell lysate	not available	98	PXD019926_8PM_DSS_60min_40_55_rep1_assay	proteomic profiling by mass spectrometry	data-dependent acquisition	NT=label free sample;AC=MS:1002038	1	1	not available	NT=Lys-C;AC=MS:1001309	NT=Carbamidomethyl;AC=UNIMOD:4;TA=C;MT=Fixed	NT=Oxidation;AC=UNIMOD:21;TA=M;MT=Variable	not available	not available	NT=[{'NT': 'disuccinimidyl sulfoxide', 'AC': 'XLMOD:02126', 'CL': 'yes', 'TA': 'K,S,T,Y', 'structured': 'NT=disuccinimidyl sulfoxide;AC=XLMOD:02126;CL=yes;TA=K,S,T,Y'}, {'NT': 'disuccinimidyl suberate', 'AC': 'XLMOD:02001', 'CL': 'no', 'TA': 'K,nterm', 'structured': 'NT=disuccinimidyl suberate;AC=XLMOD:02001;CL=no;TA=K,nterm'}]	size exclusion chromatography (SEC)	0.5 mM	not available	1 h	room temperature	8PM_DSS_60min_40_55_rep1.raw	NT=ms-proteomics;VV=v1.1.0	NT=crosslinking;VV=v1.0.0	NT=human;VV=v1.1.0
PXD019926_8PM_DSSO_noFAIMS_120min_rep2	Homo sapiens	whole cell lysate	not available	99	PXD019926_8PM_DSSO_noFAIMS_120min_rep2_assay	proteomic profiling by mass spectrometry	data-dependent acquisition	NT=label free sample;AC=MS:1002038	1	2	not available	NT=Lys-C;AC=MS:1001309	NT=Carbamidomethyl;AC=UNIMOD:4;TA=C;MT=Fixed	NT=Oxidation;AC=UNIMOD:21;TA=M;MT=Variable	not available	not available	NT=[{'NT': 'disuccinimidyl sulfoxide', 'AC': 'XLMOD:02126', 'CL': 'yes', 'TA': 'K,S,T,Y', 'structured': 'NT=disuccinimidyl sulfoxide;AC=XLMOD:02126;CL=yes;TA=K,S,T,Y'}, {'NT': 'disuccinimidyl suberate', 'AC': 'XLMOD:02001', 'CL': 'no', 'TA': 'K,nterm', 'structured': 'NT=disuccinimidyl suberate;AC=XLMOD:02001;CL=no;TA=K,nterm'}]	size exclusion chromatography (SEC)	0.5 mM	not available	1 h	room temperature	8PM_DSSO_noFAIMS_120min_rep2.raw	NT=ms-proteomics;VV=v1.1.0	NT=crosslinking;VV=v1.0.0	NT=human;VV=v1.1.0
PXD019926_8PM_DSS_A_30_rep1	Homo sapiens	whole cell lysate	not available	100	PXD019926_8PM_DSS_A_30_rep1_assay	proteomic profiling by mass spectrometry	data-dependent acquisition	NT=label free sample;AC=MS:1002038	1	1	not available	NT=Lys-C;AC=MS:1001309	NT=Carbamidomethyl;AC=UNIMOD:4;TA=C;MT=Fixed	NT=Oxidation;AC=UNIMOD:21;TA=M;MT=Variable	not available	not available	NT=[{'NT': 'disuccinimidyl sulfoxide', 'AC': 'XLMOD:02126', 'CL': 'yes', 'TA': 'K,S,T,Y', 'structured': 'NT=disuccinimidyl sulfoxide;AC=XLMOD:02126;CL=yes;TA=K,S,T,Y'}, {'NT': 'disuccinimidyl suberate', 'AC': 'XLMOD:02001', 'CL': 'no', 'TA': 'K,nterm', 'structured': 'NT=disuccinimidyl suberate;AC=XLMOD:02001;CL=no;TA=K,nterm'}]	size exclusion chromatography (SEC)	0.5 mM	not available	1 h	room temperature	8PM_DSS_A_30_rep1.raw	NT=ms-proteomics;VV=v1.1.0	NT=crosslinking;VV=v1.0.0	NT=human;VV=v1.1.0
PXD019926_HEK293_FAIMS_405570_Fr2_BioRep2	Homo sapiens	whole cell lysate	not available	10	PXD019926_HEK293_FAIMS_405570_Fr2_BioRep2_assay	proteomic profiling by mass spectrometry	data-dependent acquisition	NT=label free sample;AC=MS:1002038	2	1	not available	NT=Lys-C;AC=MS:1001309	NT=Carbamidomethyl;AC=UNIMOD:4;TA=C;MT=Fixed	NT=Oxidation;AC=UNIMOD:21;TA=M;MT=Variable	not available	not available	NT=[{'NT': 'disuccinimidyl sulfoxide', 'AC': 'XLMOD:02126', 'CL': 'yes', 'TA': 'K,S,T,Y', 'structured': 'NT=disuccinimidyl sulfoxide;AC=XLMOD:02126;CL=yes;TA=K,S,T,Y'}, {'NT': 'disuccinimidyl suberate', 'AC': 'XLMOD:02001', 'CL': 'no', 'TA': 'K,nterm', 'structured': 'NT=disuccinimidyl suberate;AC=XLMOD:02001;CL=no;TA=K,nterm'}]	size exclusion chromatography (SEC)	0.5 mM	not available	1 h	room temperature	HEK293_FAIMS_405570_Fr2_BioRep2.raw	NT=ms-proteomics;VV=v1.1.0	NT=crosslinking;VV=v1.0.0	NT=human;VV=v1.1.0
PXD019926_HEK293_DSS_FAIMS_405060_Fr1	Homo sapiens	whole cell lysate	not available	101	PXD019926_HEK293_DSS_FAIMS_405060_Fr1_assay	proteomic profiling by mass spectrometry	data-dependent acquisition	NT=label free sample;AC=MS:1002038	1	1	not available	NT=Lys-C;AC=MS:1001309	NT=Carbamidomethyl;AC=UNIMOD:4;TA=C;MT=Fixed	NT=Oxidation;AC=UNIMOD:21;TA=M;MT=Variable	not available	not available	NT=[{'NT': 'disuccinimidyl sulfoxide', 'AC': 'XLMOD:02126', 'CL': 'yes', 'TA': 'K,S,T,Y', 'structured': 'NT=disuccinimidyl sulfoxide;AC=XLMOD:02126;CL=yes;TA=K,S,T,Y'}, {'NT': 'disuccinimidyl suberate', 'AC': 'XLMOD:02001', 'CL': 'no', 'TA': 'K,nterm', 'structured': 'NT=disuccinimidyl suberate;AC=XLMOD:02001;CL=no;TA=K,nterm'}]	size exclusion chromatography (SEC)	0.5 mM	not available	1 h	room temperature	HEK293_DSS_FAIMS_405060_Fr1.raw	NT=ms-proteomics;VV=v1.1.0	NT=crosslinking;VV=v1.0.0	NT=human;VV=v1.1.0
PXD019926_8PM_DSSO_FAIMS_rep2_80	Equus caballus (horse)	whole cell lysate	not available	102	PXD019926_8PM_DSSO_FAIMS_rep2_80_assay	proteomic profiling by mass spectrometry	data-dependent acquisition	NT=label free sample;AC=MS:1002038	1	2	not available	NT=Lys-C;AC=MS:1001309	NT=Carbamidomethyl;AC=UNIMOD:4;TA=C;MT=Fixed	NT=Oxidation;AC=UNIMOD:21;TA=M;MT=Variable	not available	not available	NT=[{'NT': 'disuccinimidyl sulfoxide', 'AC': 'XLMOD:02126', 'CL': 'yes', 'TA': 'K,S,T,Y', 'structured': 'NT=disuccinimidyl sulfoxide;AC=XLMOD:02126;CL=yes;TA=K,S,T,Y'}, {'NT': 'disuccinimidyl suberate', 'AC': 'XLMOD:02001', 'CL': 'no', 'TA': 'K,nterm', 'structured': 'NT=disuccinimidyl suberate;AC=XLMOD:02001;CL=no;TA=K,nterm'}]	size exclusion chromatography (SEC)	0.5 mM	not available	1 h	room temperature	8PM_DSSO_FAIMS_rep2_80.raw	NT=ms-proteomics;VV=v1.1.0	NT=crosslinking;VV=v1.0.0	NT=human;VV=v1.1.0
PXD019926_8PM_DSS_B_90_rep1	Homo sapiens	whole cell lysate	not available	103	PXD019926_8PM_DSS_B_90_rep1_assay	proteomic profiling by mass spectrometry	data-dependent acquisition	NT=label free sample;AC=MS:1002038	1	1	not available	NT=Lys-C;AC=MS:1001309	NT=Carbamidomethyl;AC=UNIMOD:4;TA=C;MT=Fixed	NT=Oxidation;AC=UNIMOD:21;TA=M;MT=Variable	not available	not available	NT=[{'NT': 'disuccinimidyl sulfoxide', 'AC': 'XLMOD:02126', 'CL': 'yes', 'TA': 'K,S,T,Y', 'structured': 'NT=disuccinimidyl sulfoxide;AC=XLMOD:02126;CL=yes;TA=K,S,T,Y'}, {'NT': 'disuccinimidyl suberate', 'AC': 'XLMOD:02001', 'CL': 'no', 'TA': 'K,nterm', 'structured': 'NT=disuccinimidyl suberate;AC=XLMOD:02001;CL=no;TA=K,nterm'}]	size exclusion chromatography (SEC)	0.5 mM	not available	1 h	room temperature	8PM_DSS_B_90_rep1.raw	NT=ms-proteomics;VV=v1.1.0	NT=crosslinking;VV=v1.0.0	NT=human;VV=v1.1.0
PXD019926_8PM_DSSO_FAIMS_70_rep2_BioRep2	Homo sapiens	whole cell lysate	not available	104	PXD019926_8PM_DSSO_FAIMS_70_rep2_BioRep2_assay	proteomic profiling by mass spectrometry	data-dependent acquisition	NT=label free sample;AC=MS:1002038	1	2	not available	NT=Lys-C;AC=MS:1001309	NT=Carbamidomethyl;AC=UNIMOD:4;TA=C;MT=Fixed	NT=Oxidation;AC=UNIMOD:21;TA=M;MT=Variable	not available	not available	NT=[{'NT': 'disuccinimidyl sulfoxide', 'AC': 'XLMOD:02126', 'CL': 'yes', 'TA': 'K,S,T,Y', 'structured': 'NT=disuccinimidyl sulfoxide;AC=XLMOD:02126;CL=yes;TA=K,S,T,Y'}, {'NT': 'disuccinimidyl suberate', 'AC': 'XLMOD:02001', 'CL': 'no', 'TA': 'K,nterm', 'structured': 'NT=disuccinimidyl suberate;AC=XLMOD:02001;CL=no;TA=K,nterm'}]	size exclusion chromatography (SEC)	0.5 mM	not available	1 h	room temperature	8PM_DSSO_FAIMS_70_rep2_BioRep2.raw	NT=ms-proteomics;VV=v1.1.0	NT=crosslinking;VV=v1.0.0	NT=human;VV=v1.1.0
PXD019926_8PM_DSSO_SEC_noFAIMS_D2_90min	Homo sapiens	whole cell lysate	not available	105	PXD019926_8PM_DSSO_SEC_noFAIMS_D2_90min_assay	proteomic profiling by mass spectrometry	data-dependent acquisition	NT=label free sample;AC=MS:1002038	1	1	not available	NT=Lys-C;AC=MS:1001309	NT=Carbamidomethyl;AC=UNIMOD:4;TA=C;MT=Fixed	NT=Oxidation;AC=UNIMOD:21;TA=M;MT=Variable	not available	not available	NT=[{'NT': 'disuccinimidyl sulfoxide', 'AC': 'XLMOD:02126', 'CL': 'yes', 'TA': 'K,S,T,Y', 'structured': 'NT=disuccinimidyl sulfoxide;AC=XLMOD:02126;CL=yes;TA=K,S,T,Y'}, {'NT': 'disuccinimidyl suberate', 'AC': 'XLMOD:02001', 'CL': 'no', 'TA': 'K,nterm', 'structured': 'NT=disuccinimidyl suberate;AC=XLMOD:02001;CL=no;TA=K,nterm'}]	size exclusion chromatography (SEC)	0.5 mM	not available	1 h	room temperature	8PM_DSSO_SEC_noFAIMS_D2_90min.raw	NT=ms-proteomics;VV=v1.1.0	NT=crosslinking;VV=v1.0.0	NT=human;VV=v1.1.0
PXD019926_8PM_DSSO_SEC_noFAIMS_G2_60min	Equus caballus (horse)	whole cell lysate	not available	106	PXD019926_8PM_DSSO_SEC_noFAIMS_G2_60min_assay	proteomic profiling by mass spectrometry	data-dependent acquisition	NT=label free sample;AC=MS:1002038	1	1	not available	NT=Lys-C;AC=MS:1001309	NT=Carbamidomethyl;AC=UNIMOD:4;TA=C;MT=Fixed	NT=Oxidation;AC=UNIMOD:21;TA=M;MT=Variable	not available	not available	NT=[{'NT': 'disuccinimidyl sulfoxide', 'AC': 'XLMOD:02126', 'CL': 'yes', 'TA': 'K,S,T,Y', 'structured': 'NT=disuccinimidyl sulfoxide;AC=XLMOD:02126;CL=yes;TA=K,S,T,Y'}, {'NT': 'disuccinimidyl suberate', 'AC': 'XLMOD:02001', 'CL': 'no', 'TA': 'K,nterm', 'structured': 'NT=disuccinimidyl suberate;AC=XLMOD:02001;CL=no;TA=K,nterm'}]	size exclusion chromatography (SEC)	0.5 mM	not available	1 h	room temperature	8PM_DSSO_SEC_noFAIMS_G2_60min.raw	NT=ms-proteomics;VV=v1.1.0	NT=crosslinking;VV=v1.0.0	NT=human;VV=v1.1.0
PXD019926_HEK293_FAIMS_506075_Fr4_BioRep2	Homo sapiens	whole cell lysate	not available	8	PXD019926_HEK293_FAIMS_506075_Fr4_BioRep2_assay	proteomic profiling by mass spectrometry	data-dependent acquisition	NT=label free sample;AC=MS:1002038	4	1	not available	NT=Lys-C;AC=MS:1001309	NT=Carbamidomethyl;AC=UNIMOD:4;TA=C;MT=Fixed	NT=Oxidation;AC=UNIMOD:21;TA=M;MT=Variable	not available	not available	NT=[{'NT': 'disuccinimidyl sulfoxide', 'AC': 'XLMOD:02126', 'CL': 'yes', 'TA': 'K,S,T,Y', 'structured': 'NT=disuccinimidyl sulfoxide;AC=XLMOD:02126;CL=yes;TA=K,S,T,Y'}, {'NT': 'disuccinimidyl suberate', 'AC': 'XLMOD:02001', 'CL': 'no', 'TA': 'K,nterm', 'structured': 'NT=disuccinimidyl suberate;AC=XLMOD:02001;CL=no;TA=K,nterm'}]	size exclusion chromatography (SEC)	0.5 mM	not available	1 h	room temperature	HEK293_FAIMS_506075_Fr4_BioRep2.raw	NT=ms-proteomics;VV=v1.1.0	NT=crosslinking;VV=v1.0.0	NT=human;VV=v1.1.0
PXD019926_8PM_DSSO_SEC_noFAIMS_C2_90min	Homo sapiens	whole cell lysate	not available	107	PXD019926_8PM_DSSO_SEC_noFAIMS_C2_90min_assay	proteomic profiling by mass spectrometry	data-dependent acquisition	NT=label free sample;AC=MS:1002038	1	1	not available	NT=Lys-C;AC=MS:1001309	NT=Carbamidomethyl;AC=UNIMOD:4;TA=C;MT=Fixed	NT=Oxidation;AC=UNIMOD:21;TA=M;MT=Variable	not available	not available	NT=[{'NT': 'disuccinimidyl sulfoxide', 'AC': 'XLMOD:02126', 'CL': 'yes', 'TA': 'K,S,T,Y', 'structured': 'NT=disuccinimidyl sulfoxide;AC=XLMOD:02126;CL=yes;TA=K,S,T,Y'}, {'NT': 'disuccinimidyl suberate', 'AC': 'XLMOD:02001', 'CL': 'no', 'TA': 'K,nterm', 'structured': 'NT=disuccinimidyl suberate;AC=XLMOD:02001;CL=no;TA=K,nterm'}]	size exclusion chromatography (SEC)	0.5 mM	not available	1 h	room temperature	8PM_DSSO_SEC_noFAIMS_C2_90min.raw	NT=ms-proteomics;VV=v1.1.0	NT=crosslinking;VV=v1.0.0	NT=human;VV=v1.1.0
PXD019926_8PM_DSS_120min_40_55_rep2	Homo sapiens	whole cell lysate	not available	108	PXD019926_8PM_DSS_120min_40_55_rep2_assay	proteomic profiling by mass spectrometry	data-dependent acquisition	NT=label free sample;AC=MS:1002038	1	2	not available	NT=Lys-C;AC=MS:1001309	NT=Carbamidomethyl;AC=UNIMOD:4;TA=C;MT=Fixed	NT=Oxidation;AC=UNIMOD:21;TA=M;MT=Variable	not available	not available	NT=[{'NT': 'disuccinimidyl sulfoxide', 'AC': 'XLMOD:02126', 'CL': 'yes', 'TA': 'K,S,T,Y', 'structured': 'NT=disuccinimidyl sulfoxide;AC=XLMOD:02126;CL=yes;TA=K,S,T,Y'}, {'NT': 'disuccinimidyl suberate', 'AC': 'XLMOD:02001', 'CL': 'no', 'TA': 'K,nterm', 'structured': 'NT=disuccinimidyl suberate;AC=XLMOD:02001;CL=no;TA=K,nterm'}]	size exclusion chromatography (SEC)	0.5 mM	not available	1 h	room temperature	8PM_DSS_120min_40_55_rep2.raw	NT=ms-proteomics;VV=v1.1.0	NT=crosslinking;VV=v1.0.0	NT=human;VV=v1.1.0
PXD019926_8PM_DSS_A_90_rep2	Homo sapiens	whole cell lysate	not available	109	PXD019926_8PM_DSS_A_90_rep2_assay	proteomic profiling by mass spectrometry	data-dependent acquisition	NT=label free sample;AC=MS:1002038	1	2	not available	NT=Lys-C;AC=MS:1001309	NT=Carbamidomethyl;AC=UNIMOD:4;TA=C;MT=Fixed	NT=Oxidation;AC=UNIMOD:21;TA=M;MT=Variable	not available	not available	NT=[{'NT': 'disuccinimidyl sulfoxide', 'AC': 'XLMOD:02126', 'CL': 'yes', 'TA': 'K,S,T,Y', 'structured': 'NT=disuccinimidyl sulfoxide;AC=XLMOD:02126;CL=yes;TA=K,S,T,Y'}, {'NT': 'disuccinimidyl suberate', 'AC': 'XLMOD:02001', 'CL': 'no', 'TA': 'K,nterm', 'structured': 'NT=disuccinimidyl suberate;AC=XLMOD:02001;CL=no;TA=K,nterm'}]	size exclusion chromatography (SEC)	0.5 mM	not available	1 h	room temperature	8PM_DSS_A_90_rep2.raw	NT=ms-proteomics;VV=v1.1.0	NT=crosslinking;VV=v1.0.0	NT=human;VV=v1.1.0
PXD019926_8PM_DSS_A_80_rep2	Homo sapiens	whole cell lysate	not available	110	PXD019926_8PM_DSS_A_80_rep2_assay	proteomic profiling by mass spectrometry	data-dependent acquisition	NT=label free sample;AC=MS:1002038	1	2	not available	NT=Lys-C;AC=MS:1001309	NT=Carbamidomethyl;AC=UNIMOD:4;TA=C;MT=Fixed	NT=Oxidation;AC=UNIMOD:21;TA=M;MT=Variable	not available	not available	NT=[{'NT': 'disuccinimidyl sulfoxide', 'AC': 'XLMOD:02126', 'CL': 'yes', 'TA': 'K,S,T,Y', 'structured': 'NT=disuccinimidyl sulfoxide;AC=XLMOD:02126;CL=yes;TA=K,S,T,Y'}, {'NT': 'disuccinimidyl suberate', 'AC': 'XLMOD:02001', 'CL': 'no', 'TA': 'K,nterm', 'structured': 'NT=disuccinimidyl suberate;AC=XLMOD:02001;CL=no;TA=K,nterm'}]	size exclusion chromatography (SEC)	0.5 mM	not available	1 h	room temperature	8PM_DSS_A_80_rep2.raw	NT=ms-proteomics;VV=v1.1.0	NT=crosslinking;VV=v1.0.0	NT=human;VV=v1.1.0
PXD019926_HEK293_FAIMS_506075_Fr6_BioRep2	Homo sapiens	whole cell lysate	not available	7	PXD019926_HEK293_FAIMS_506075_Fr6_BioRep2_assay	proteomic profiling by mass spectrometry	data-dependent acquisition	NT=label free sample;AC=MS:1002038	6	1	not available	NT=Lys-C;AC=MS:1001309	NT=Carbamidomethyl;AC=UNIMOD:4;TA=C;MT=Fixed	NT=Oxidation;AC=UNIMOD:21;TA=M;MT=Variable	not available	not available	NT=[{'NT': 'disuccinimidyl sulfoxide', 'AC': 'XLMOD:02126', 'CL': 'yes', 'TA': 'K,S,T,Y', 'structured': 'NT=disuccinimidyl sulfoxide;AC=XLMOD:02126;CL=yes;TA=K,S,T,Y'}, {'NT': 'disuccinimidyl suberate', 'AC': 'XLMOD:02001', 'CL': 'no', 'TA': 'K,nterm', 'structured': 'NT=disuccinimidyl suberate;AC=XLMOD:02001;CL=no;TA=K,nterm'}]	size exclusion chromatography (SEC)	0.5 mM	not available	1 h	room temperature	HEK293_FAIMS_506075_Fr6_BioRep2.raw	NT=ms-proteomics;VV=v1.1.0	NT=crosslinking;VV=v1.0.0	NT=human;VV=v1.1.0
PXD019926_8PM_DSSO_FAIMS_50_70_60min_rep2	Homo sapiens	whole cell lysate	not available	111	PXD019926_8PM_DSSO_FAIMS_50_70_60min_rep2_assay	proteomic profiling by mass spectrometry	data-dependent acquisition	NT=label free sample;AC=MS:1002038	1	2	not available	NT=Lys-C;AC=MS:1001309	NT=Carbamidomethyl;AC=UNIMOD:4;TA=C;MT=Fixed	NT=Oxidation;AC=UNIMOD:21;TA=M;MT=Variable	not available	not available	NT=[{'NT': 'disuccinimidyl sulfoxide', 'AC': 'XLMOD:02126', 'CL': 'yes', 'TA': 'K,S,T,Y', 'structured': 'NT=disuccinimidyl sulfoxide;AC=XLMOD:02126;CL=yes;TA=K,S,T,Y'}, {'NT': 'disuccinimidyl suberate', 'AC': 'XLMOD:02001', 'CL': 'no', 'TA': 'K,nterm', 'structured': 'NT=disuccinimidyl suberate;AC=XLMOD:02001;CL=no;TA=K,nterm'}]	size exclusion chromatography (SEC)	0.5 mM	not available	1 h	room temperature	8PM_DSSO_FAIMS_50_70_60min_rep2.raw	NT=ms-proteomics;VV=v1.1.0	NT=crosslinking;VV=v1.0.0	NT=human;VV=v1.1.0
PXD019926_HEK293_DSS_noFAIMS_Fr2	Homo sapiens	whole cell lysate	not available	11	PXD019926_HEK293_DSS_noFAIMS_Fr2_assay	proteomic profiling by mass spectrometry	data-dependent acquisition	NT=label free sample;AC=MS:1002038	2	1	not available	NT=Lys-C;AC=MS:1001309	NT=Carbamidomethyl;AC=UNIMOD:4;TA=C;MT=Fixed	NT=Oxidation;AC=UNIMOD:21;TA=M;MT=Variable	not available	not available	NT=[{'NT': 'disuccinimidyl sulfoxide', 'AC': 'XLMOD:02126', 'CL': 'yes', 'TA': 'K,S,T,Y', 'structured': 'NT=disuccinimidyl sulfoxide;AC=XLMOD:02126;CL=yes;TA=K,S,T,Y'}, {'NT': 'disuccinimidyl suberate', 'AC': 'XLMOD:02001', 'CL': 'no', 'TA': 'K,nterm', 'structured': 'NT=disuccinimidyl suberate;AC=XLMOD:02001;CL=no;TA=K,nterm'}]	size exclusion chromatography (SEC)	0.5 mM	not available	1 h	room temperature	HEK293_DSS_noFAIMS_Fr2.raw	NT=ms-proteomics;VV=v1.1.0	NT=crosslinking;VV=v1.0.0	NT=human;VV=v1.1.0
PXD019926_8PM_DSSO_FAIMS_50_60_75_60min_rep1	Homo sapiens	whole cell lysate	not available	112	PXD019926_8PM_DSSO_FAIMS_50_60_75_60min_rep1_assay	proteomic profiling by mass spectrometry	data-dependent acquisition	NT=label free sample;AC=MS:1002038	1	1	not available	NT=Lys-C;AC=MS:1001309	NT=Carbamidomethyl;AC=UNIMOD:4;TA=C;MT=Fixed	NT=Oxidation;AC=UNIMOD:21;TA=M;MT=Variable	not available	not available	NT=[{'NT': 'disuccinimidyl sulfoxide', 'AC': 'XLMOD:02126', 'CL': 'yes', 'TA': 'K,S,T,Y', 'structured': 'NT=disuccinimidyl sulfoxide;AC=XLMOD:02126;CL=yes;TA=K,S,T,Y'}, {'NT': 'disuccinimidyl suberate', 'AC': 'XLMOD:02001', 'CL': 'no', 'TA': 'K,nterm', 'structured': 'NT=disuccinimidyl suberate;AC=XLMOD:02001;CL=no;TA=K,nterm'}]	size exclusion chromatography (SEC)	0.5 mM	not available	1 h	room temperature	8PM_DSSO_FAIMS_50_60_75_60min_rep1.raw	NT=ms-proteomics;VV=v1.1.0	NT=crosslinking;VV=v1.0.0	NT=human;VV=v1.1.0
PXD019926_HEK293_FAIMS_40_55_70_Fr2	Homo sapiens	whole cell lysate	not available	12	PXD019926_HEK293_FAIMS_40_55_70_Fr2_assay	proteomic profiling by mass spectrometry	data-dependent acquisition	NT=label free sample;AC=MS:1002038	2	1	not available	NT=Lys-C;AC=MS:1001309	NT=Carbamidomethyl;AC=UNIMOD:4;TA=C;MT=Fixed	NT=Oxidation;AC=UNIMOD:21;TA=M;MT=Variable	not available	not available	NT=[{'NT': 'disuccinimidyl sulfoxide', 'AC': 'XLMOD:02126', 'CL': 'yes', 'TA': 'K,S,T,Y', 'structured': 'NT=disuccinimidyl sulfoxide;AC=XLMOD:02126;CL=yes;TA=K,S,T,Y'}, {'NT': 'disuccinimidyl suberate', 'AC': 'XLMOD:02001', 'CL': 'no', 'TA': 'K,nterm', 'structured': 'NT=disuccinimidyl suberate;AC=XLMOD:02001;CL=no;TA=K,nterm'}]	size exclusion chromatography (SEC)	0.5 mM	not available	1 h	room temperature	HEK293_FAIMS_40_55_70_Fr2.raw	NT=ms-proteomics;VV=v1.1.0	NT=crosslinking;VV=v1.0.0	NT=human;VV=v1.1.0
PXD019926_HEK293_noFAIMS_Fr1_BioRep2	Homo sapiens	whole cell lysate	not available	113	PXD019926_HEK293_noFAIMS_Fr1_BioRep2_assay	proteomic profiling by mass spectrometry	data-dependent acquisition	NT=label free sample;AC=MS:1002038	1	1	not available	NT=Lys-C;AC=MS:1001309	NT=Carbamidomethyl;AC=UNIMOD:4;TA=C;MT=Fixed	NT=Oxidation;AC=UNIMOD:21;TA=M;MT=Variable	not available	not available	NT=[{'NT': 'disuccinimidyl sulfoxide', 'AC': 'XLMOD:02126', 'CL': 'yes', 'TA': 'K,S,T,Y', 'structured': 'NT=disuccinimidyl sulfoxide;AC=XLMOD:02126;CL=yes;TA=K,S,T,Y'}, {'NT': 'disuccinimidyl suberate', 'AC': 'XLMOD:02001', 'CL': 'no', 'TA': 'K,nterm', 'structured': 'NT=disuccinimidyl suberate;AC=XLMOD:02001;CL=no;TA=K,nterm'}]	size exclusion chromatography (SEC)	0.5 mM	not available	1 h	room temperature	HEK293_noFAIMS_Fr1_BioRep2.raw	NT=ms-proteomics;VV=v1.1.0	NT=crosslinking;VV=v1.0.0	NT=human;VV=v1.1.0
PXD019926_8PM_DSS_B_noFAIMS_rep2	Homo sapiens	whole cell lysate	not available	114	PXD019926_8PM_DSS_B_noFAIMS_rep2_assay	proteomic profiling by mass spectrometry	data-dependent acquisition	NT=label free sample;AC=MS:1002038	1	2	not available	NT=Lys-C;AC=MS:1001309	NT=Carbamidomethyl;AC=UNIMOD:4;TA=C;MT=Fixed	NT=Oxidation;AC=UNIMOD:21;TA=M;MT=Variable	not available	not available	NT=[{'NT': 'disuccinimidyl sulfoxide', 'AC': 'XLMOD:02126', 'CL': 'yes', 'TA': 'K,S,T,Y', 'structured': 'NT=disuccinimidyl sulfoxide;AC=XLMOD:02126;CL=yes;TA=K,S,T,Y'}, {'NT': 'disuccinimidyl suberate', 'AC': 'XLMOD:02001', 'CL': 'no', 'TA': 'K,nterm', 'structured': 'NT=disuccinimidyl suberate;AC=XLMOD:02001;CL=no;TA=K,nterm'}]	size exclusion chromatography (SEC)	0.5 mM	not available	1 h	room temperature	8PM_DSS_B_noFAIMS_rep2.raw	NT=ms-proteomics;VV=v1.1.0	NT=crosslinking;VV=v1.0.0	NT=human;VV=v1.1.0
PXD019926_8PM_DSS_60min_40_55_65_rep2	Homo sapiens	whole cell lysate	not available	115	PXD019926_8PM_DSS_60min_40_55_65_rep2_assay	proteomic profiling by mass spectrometry	data-dependent acquisition	NT=label free sample;AC=MS:1002038	1	2	not available	NT=Lys-C;AC=MS:1001309	NT=Carbamidomethyl;AC=UNIMOD:4;TA=C;MT=Fixed	NT=Oxidation;AC=UNIMOD:21;TA=M;MT=Variable	not available	not available	NT=[{'NT': 'disuccinimidyl sulfoxide', 'AC': 'XLMOD:02126', 'CL': 'yes', 'TA': 'K,S,T,Y', 'structured': 'NT=disuccinimidyl sulfoxide;AC=XLMOD:02126;CL=yes;TA=K,S,T,Y'}, {'NT': 'disuccinimidyl suberate', 'AC': 'XLMOD:02001', 'CL': 'no', 'TA': 'K,nterm', 'structured': 'NT=disuccinimidyl suberate;AC=XLMOD:02001;CL=no;TA=K,nterm'}]	size exclusion chromatography (SEC)	0.5 mM	not available	1 h	room temperature	8PM_DSS_60min_40_55_65_rep2.raw	NT=ms-proteomics;VV=v1.1.0	NT=crosslinking;VV=v1.0.0	NT=human;VV=v1.1.0
PXD019926_8PM_DSS_90min_40_50_60_rep2	Homo sapiens	whole cell lysate	not available	116	PXD019926_8PM_DSS_90min_40_50_60_rep2_assay	proteomic profiling by mass spectrometry	data-dependent acquisition	NT=label free sample;AC=MS:1002038	1	2	not available	NT=Lys-C;AC=MS:1001309	NT=Carbamidomethyl;AC=UNIMOD:4;TA=C;MT=Fixed	NT=Oxidation;AC=UNIMOD:21;TA=M;MT=Variable	not available	not available	NT=[{'NT': 'disuccinimidyl sulfoxide', 'AC': 'XLMOD:02126', 'CL': 'yes', 'TA': 'K,S,T,Y', 'structured': 'NT=disuccinimidyl sulfoxide;AC=XLMOD:02126;CL=yes;TA=K,S,T,Y'}, {'NT': 'disuccinimidyl suberate', 'AC': 'XLMOD:02001', 'CL': 'no', 'TA': 'K,nterm', 'structured': 'NT=disuccinimidyl suberate;AC=XLMOD:02001;CL=no;TA=K,nterm'}]	size exclusion chromatography (SEC)	0.5 mM	not available	1 h	room temperature	8PM_DSS_90min_40_50_60_rep2.raw	NT=ms-proteomics;VV=v1.1.0	NT=crosslinking;VV=v1.0.0	NT=human;VV=v1.1.0
PXD019926_8PM_DSSO_FAIMS_50_65_90min_rep2	Homo sapiens	whole cell lysate	not available	117	PXD019926_8PM_DSSO_FAIMS_50_65_90min_rep2_assay	proteomic profiling by mass spectrometry	data-dependent acquisition	NT=label free sample;AC=MS:1002038	1	2	not available	NT=Lys-C;AC=MS:1001309	NT=Carbamidomethyl;AC=UNIMOD:4;TA=C;MT=Fixed	NT=Oxidation;AC=UNIMOD:21;TA=M;MT=Variable	not available	not available	NT=[{'NT': 'disuccinimidyl sulfoxide', 'AC': 'XLMOD:02126', 'CL': 'yes', 'TA': 'K,S,T,Y', 'structured': 'NT=disuccinimidyl sulfoxide;AC=XLMOD:02126;CL=yes;TA=K,S,T,Y'}, {'NT': 'disuccinimidyl suberate', 'AC': 'XLMOD:02001', 'CL': 'no', 'TA': 'K,nterm', 'structured': 'NT=disuccinimidyl suberate;AC=XLMOD:02001;CL=no;TA=K,nterm'}]	size exclusion chromatography (SEC)	0.5 mM	not available	1 h	room temperature	8PM_DSSO_FAIMS_50_65_90min_rep2.raw	NT=ms-proteomics;VV=v1.1.0	NT=crosslinking;VV=v1.0.0	NT=human;VV=v1.1.0
PXD019926_8PM_DSS_B_30_rep1	Homo sapiens	whole cell lysate	not available	118	PXD019926_8PM_DSS_B_30_rep1_assay	proteomic profiling by mass spectrometry	data-dependent acquisition	NT=label free sample;AC=MS:1002038	1	1	not available	NT=Lys-C;AC=MS:1001309	NT=Carbamidomethyl;AC=UNIMOD:4;TA=C;MT=Fixed	NT=Oxidation;AC=UNIMOD:21;TA=M;MT=Variable	not available	not available	NT=[{'NT': 'disuccinimidyl sulfoxide', 'AC': 'XLMOD:02126', 'CL': 'yes', 'TA': 'K,S,T,Y', 'structured': 'NT=disuccinimidyl sulfoxide;AC=XLMOD:02126;CL=yes;TA=K,S,T,Y'}, {'NT': 'disuccinimidyl suberate', 'AC': 'XLMOD:02001', 'CL': 'no', 'TA': 'K,nterm', 'structured': 'NT=disuccinimidyl suberate;AC=XLMOD:02001;CL=no;TA=K,nterm'}]	size exclusion chromatography (SEC)	0.5 mM	not available	1 h	room temperature	8PM_DSS_B_30_rep1.raw	NT=ms-proteomics;VV=v1.1.0	NT=crosslinking;VV=v1.0.0	NT=human;VV=v1.1.0
PXD019926_HEK293_FAIMS_5070_Fr1_BioRep2	Homo sapiens	whole cell lysate	not available	119	PXD019926_HEK293_FAIMS_5070_Fr1_BioRep2_assay	proteomic profiling by mass spectrometry	data-dependent acquisition	NT=label free sample;AC=MS:1002038	1	1	not available	NT=Lys-C;AC=MS:1001309	NT=Carbamidomethyl;AC=UNIMOD:4;TA=C;MT=Fixed	NT=Oxidation;AC=UNIMOD:21;TA=M;MT=Variable	not available	not available	NT=[{'NT': 'disuccinimidyl sulfoxide', 'AC': 'XLMOD:02126', 'CL': 'yes', 'TA': 'K,S,T,Y', 'structured': 'NT=disuccinimidyl sulfoxide;AC=XLMOD:02126;CL=yes;TA=K,S,T,Y'}, {'NT': 'disuccinimidyl suberate', 'AC': 'XLMOD:02001', 'CL': 'no', 'TA': 'K,nterm', 'structured': 'NT=disuccinimidyl suberate;AC=XLMOD:02001;CL=no;TA=K,nterm'}]	size exclusion chromatography (SEC)	0.5 mM	not available	1 h	room temperature	HEK293_FAIMS_5070_Fr1_BioRep2.raw	NT=ms-proteomics;VV=v1.1.0	NT=crosslinking;VV=v1.0.0	NT=human;VV=v1.1.0
PXD019926_8PM_DSS_A_40_rep2	Homo sapiens	whole cell lysate	not available	120	PXD019926_8PM_DSS_A_40_rep2_assay	proteomic profiling by mass spectrometry	data-dependent acquisition	NT=label free sample;AC=MS:1002038	1	2	not available	NT=Lys-C;AC=MS:1001309	NT=Carbamidomethyl;AC=UNIMOD:4;TA=C;MT=Fixed	NT=Oxidation;AC=UNIMOD:21;TA=M;MT=Variable	not available	not available	NT=[{'NT': 'disuccinimidyl sulfoxide', 'AC': 'XLMOD:02126', 'CL': 'yes', 'TA': 'K,S,T,Y', 'structured': 'NT=disuccinimidyl sulfoxide;AC=XLMOD:02126;CL=yes;TA=K,S,T,Y'}, {'NT': 'disuccinimidyl suberate', 'AC': 'XLMOD:02001', 'CL': 'no', 'TA': 'K,nterm', 'structured': 'NT=disuccinimidyl suberate;AC=XLMOD:02001;CL=no;TA=K,nterm'}]	size exclusion chromatography (SEC)	0.5 mM	not available	1 h	room temperature	8PM_DSS_A_40_rep2.raw	NT=ms-proteomics;VV=v1.1.0	NT=crosslinking;VV=v1.0.0	NT=human;VV=v1.1.0
PXD019926_8PM_DSSO_FAIMS_40_55_70_90min_rep2	Homo sapiens	whole cell lysate	not available	121	PXD019926_8PM_DSSO_FAIMS_40_55_70_90min_rep2_assay	proteomic profiling by mass spectrometry	data-dependent acquisition	NT=label free sample;AC=MS:1002038	1	2	not available	NT=Lys-C;AC=MS:1001309	NT=Carbamidomethyl;AC=UNIMOD:4;TA=C;MT=Fixed	NT=Oxidation;AC=UNIMOD:21;TA=M;MT=Variable	not available	not available	NT=[{'NT': 'disuccinimidyl sulfoxide', 'AC': 'XLMOD:02126', 'CL': 'yes', 'TA': 'K,S,T,Y', 'structured': 'NT=disuccinimidyl sulfoxide;AC=XLMOD:02126;CL=yes;TA=K,S,T,Y'}, {'NT': 'disuccinimidyl suberate', 'AC': 'XLMOD:02001', 'CL': 'no', 'TA': 'K,nterm', 'structured': 'NT=disuccinimidyl suberate;AC=XLMOD:02001;CL=no;TA=K,nterm'}]	size exclusion chromatography (SEC)	0.5 mM	not available	1 h	room temperature	8PM_DSSO_FAIMS_40_55_70_90min_rep2.raw	NT=ms-proteomics;VV=v1.1.0	NT=crosslinking;VV=v1.0.0	NT=human;VV=v1.1.0
PXD019926_8PM_DSSO_FAIMS_50_60_75_120min_rep2	Homo sapiens	whole cell lysate	not available	122	PXD019926_8PM_DSSO_FAIMS_50_60_75_120min_rep2_assay	proteomic profiling by mass spectrometry	data-dependent acquisition	NT=label free sample;AC=MS:1002038	1	2	not available	NT=Lys-C;AC=MS:1001309	NT=Carbamidomethyl;AC=UNIMOD:4;TA=C;MT=Fixed	NT=Oxidation;AC=UNIMOD:21;TA=M;MT=Variable	not available	not available	NT=[{'NT': 'disuccinimidyl sulfoxide', 'AC': 'XLMOD:02126', 'CL': 'yes', 'TA': 'K,S,T,Y', 'structured': 'NT=disuccinimidyl sulfoxide;AC=XLMOD:02126;CL=yes;TA=K,S,T,Y'}, {'NT': 'disuccinimidyl suberate', 'AC': 'XLMOD:02001', 'CL': 'no', 'TA': 'K,nterm', 'structured': 'NT=disuccinimidyl suberate;AC=XLMOD:02001;CL=no;TA=K,nterm'}]	size exclusion chromatography (SEC)	0.5 mM	not available	1 h	room temperature	8PM_DSSO_FAIMS_50_60_75_120min_rep2.raw	NT=ms-proteomics;VV=v1.1.0	NT=crosslinking;VV=v1.0.0	NT=human;VV=v1.1.0
PXD019926_8PM_DSS_A_65_rep2	Homo sapiens	whole cell lysate	not available	123	PXD019926_8PM_DSS_A_65_rep2_assay	proteomic profiling by mass spectrometry	data-dependent acquisition	NT=label free sample;AC=MS:1002038	1	2	not available	NT=Lys-C;AC=MS:1001309	NT=Carbamidomethyl;AC=UNIMOD:4;TA=C;MT=Fixed	NT=Oxidation;AC=UNIMOD:21;TA=M;MT=Variable	not available	not available	NT=[{'NT': 'disuccinimidyl sulfoxide', 'AC': 'XLMOD:02126', 'CL': 'yes', 'TA': 'K,S,T,Y', 'structured': 'NT=disuccinimidyl sulfoxide;AC=XLMOD:02126;CL=yes;TA=K,S,T,Y'}, {'NT': 'disuccinimidyl suberate', 'AC': 'XLMOD:02001', 'CL': 'no', 'TA': 'K,nterm', 'structured': 'NT=disuccinimidyl suberate;AC=XLMOD:02001;CL=no;TA=K,nterm'}]	size exclusion chromatography (SEC)	0.5 mM	not available	1 h	room temperature	8PM_DSS_A_65_rep2.raw	NT=ms-proteomics;VV=v1.1.0	NT=crosslinking;VV=v1.0.0	NT=human;VV=v1.1.0
PXD019926_8PM_DSS_B_50_rep1	Homo sapiens	whole cell lysate	not available	124	PXD019926_8PM_DSS_B_50_rep1_assay	proteomic profiling by mass spectrometry	data-dependent acquisition	NT=label free sample;AC=MS:1002038	1	1	not available	NT=Lys-C;AC=MS:1001309	NT=Carbamidomethyl;AC=UNIMOD:4;TA=C;MT=Fixed	NT=Oxidation;AC=UNIMOD:21;TA=M;MT=Variable	not available	not available	NT=[{'NT': 'disuccinimidyl sulfoxide', 'AC': 'XLMOD:02126', 'CL': 'yes', 'TA': 'K,S,T,Y', 'structured': 'NT=disuccinimidyl sulfoxide;AC=XLMOD:02126;CL=yes;TA=K,S,T,Y'}, {'NT': 'disuccinimidyl suberate', 'AC': 'XLMOD:02001', 'CL': 'no', 'TA': 'K,nterm', 'structured': 'NT=disuccinimidyl suberate;AC=XLMOD:02001;CL=no;TA=K,nterm'}]	size exclusion chromatography (SEC)	0.5 mM	not available	1 h	room temperature	8PM_DSS_B_50_rep1.raw	NT=ms-proteomics;VV=v1.1.0	NT=crosslinking;VV=v1.0.0	NT=human;VV=v1.1.0
PXD019926_8PM_DSSO_noFAIMS_rep1_BioRep2	Homo sapiens	whole cell lysate	not available	125	PXD019926_8PM_DSSO_noFAIMS_rep1_BioRep2_assay	proteomic profiling by mass spectrometry	data-dependent acquisition	NT=label free sample;AC=MS:1002038	1	1	not available	NT=Lys-C;AC=MS:1001309	NT=Carbamidomethyl;AC=UNIMOD:4;TA=C;MT=Fixed	NT=Oxidation;AC=UNIMOD:21;TA=M;MT=Variable	not available	not available	NT=[{'NT': 'disuccinimidyl sulfoxide', 'AC': 'XLMOD:02126', 'CL': 'yes', 'TA': 'K,S,T,Y', 'structured': 'NT=disuccinimidyl sulfoxide;AC=XLMOD:02126;CL=yes;TA=K,S,T,Y'}, {'NT': 'disuccinimidyl suberate', 'AC': 'XLMOD:02001', 'CL': 'no', 'TA': 'K,nterm', 'structured': 'NT=disuccinimidyl suberate;AC=XLMOD:02001;CL=no;TA=K,nterm'}]	size exclusion chromatography (SEC)	0.5 mM	not available	1 h	room temperature	8PM_DSSO_noFAIMS_rep1_BioRep2.raw	NT=ms-proteomics;VV=v1.1.0	NT=crosslinking;VV=v1.0.0	NT=human;VV=v1.1.0
PXD019926_8PM_DSS_120min_noFAIMS_rep2	Homo sapiens	whole cell lysate	not available	126	PXD019926_8PM_DSS_120min_noFAIMS_rep2_assay	proteomic profiling by mass spectrometry	data-dependent acquisition	NT=label free sample;AC=MS:1002038	1	2	not available	NT=Lys-C;AC=MS:1001309	NT=Carbamidomethyl;AC=UNIMOD:4;TA=C;MT=Fixed	NT=Oxidation;AC=UNIMOD:21;TA=M;MT=Variable	not available	not available	NT=[{'NT': 'disuccinimidyl sulfoxide', 'AC': 'XLMOD:02126', 'CL': 'yes', 'TA': 'K,S,T,Y', 'structured': 'NT=disuccinimidyl sulfoxide;AC=XLMOD:02126;CL=yes;TA=K,S,T,Y'}, {'NT': 'disuccinimidyl suberate', 'AC': 'XLMOD:02001', 'CL': 'no', 'TA': 'K,nterm', 'structured': 'NT=disuccinimidyl suberate;AC=XLMOD:02001;CL=no;TA=K,nterm'}]	size exclusion chromatography (SEC)	0.5 mM	not available	1 h	room temperature	8PM_DSS_120min_noFAIMS_rep2.raw	NT=ms-proteomics;VV=v1.1.0	NT=crosslinking;VV=v1.0.0	NT=human;VV=v1.1.0
PXD019926_8PM_DSS_B_55_rep2	Homo sapiens	whole cell lysate	not available	127	PXD019926_8PM_DSS_B_55_rep2_assay	proteomic profiling by mass spectrometry	data-dependent acquisition	NT=label free sample;AC=MS:1002038	1	2	not available	NT=Lys-C;AC=MS:1001309	NT=Carbamidomethyl;AC=UNIMOD:4;TA=C;MT=Fixed	NT=Oxidation;AC=UNIMOD:21;TA=M;MT=Variable	not available	not available	NT=[{'NT': 'disuccinimidyl sulfoxide', 'AC': 'XLMOD:02126', 'CL': 'yes', 'TA': 'K,S,T,Y', 'structured': 'NT=disuccinimidyl sulfoxide;AC=XLMOD:02126;CL=yes;TA=K,S,T,Y'}, {'NT': 'disuccinimidyl suberate', 'AC': 'XLMOD:02001', 'CL': 'no', 'TA': 'K,nterm', 'structured': 'NT=disuccinimidyl suberate;AC=XLMOD:02001;CL=no;TA=K,nterm'}]	size exclusion chromatography (SEC)	0.5 mM	not available	1 h	room temperature	8PM_DSS_B_55_rep2.raw	NT=ms-proteomics;VV=v1.1.0	NT=crosslinking;VV=v1.0.0	NT=human;VV=v1.1.0
PXD019926_HEK293_FAIMS_405570_Fr5_BioRep2	Homo sapiens	whole cell lysate	not available	6	PXD019926_HEK293_FAIMS_405570_Fr5_BioRep2_assay	proteomic profiling by mass spectrometry	data-dependent acquisition	NT=label free sample;AC=MS:1002038	5	1	not available	NT=Lys-C;AC=MS:1001309	NT=Carbamidomethyl;AC=UNIMOD:4;TA=C;MT=Fixed	NT=Oxidation;AC=UNIMOD:21;TA=M;MT=Variable	not available	not available	NT=[{'NT': 'disuccinimidyl sulfoxide', 'AC': 'XLMOD:02126', 'CL': 'yes', 'TA': 'K,S,T,Y', 'structured': 'NT=disuccinimidyl sulfoxide;AC=XLMOD:02126;CL=yes;TA=K,S,T,Y'}, {'NT': 'disuccinimidyl suberate', 'AC': 'XLMOD:02001', 'CL': 'no', 'TA': 'K,nterm', 'structured': 'NT=disuccinimidyl suberate;AC=XLMOD:02001;CL=no;TA=K,nterm'}]	size exclusion chromatography (SEC)	0.5 mM	not available	1 h	room temperature	HEK293_FAIMS_405570_Fr5_BioRep2.raw	NT=ms-proteomics;VV=v1.1.0	NT=crosslinking;VV=v1.0.0	NT=human;VV=v1.1.0
PXD019926_8PM_DSS_A_50_rep1	Homo sapiens	whole cell lysate	not available	128	PXD019926_8PM_DSS_A_50_rep1_assay	proteomic profiling by mass spectrometry	data-dependent acquisition	NT=label free sample;AC=MS:1002038	1	1	not available	NT=Lys-C;AC=MS:1001309	NT=Carbamidomethyl;AC=UNIMOD:4;TA=C;MT=Fixed	NT=Oxidation;AC=UNIMOD:21;TA=M;MT=Variable	not available	not available	NT=[{'NT': 'disuccinimidyl sulfoxide', 'AC': 'XLMOD:02126', 'CL': 'yes', 'TA': 'K,S,T,Y', 'structured': 'NT=disuccinimidyl sulfoxide;AC=XLMOD:02126;CL=yes;TA=K,S,T,Y'}, {'NT': 'disuccinimidyl suberate', 'AC': 'XLMOD:02001', 'CL': 'no', 'TA': 'K,nterm', 'structured': 'NT=disuccinimidyl suberate;AC=XLMOD:02001;CL=no;TA=K,nterm'}]	size exclusion chromatography (SEC)	0.5 mM	not available	1 h	room temperature	8PM_DSS_A_50_rep1.raw	NT=ms-proteomics;VV=v1.1.0	NT=crosslinking;VV=v1.0.0	NT=human;VV=v1.1.0
PXD019926_8PM_DSS_60min_noFAIMS_rep1	Homo sapiens	whole cell lysate	not available	129	PXD019926_8PM_DSS_60min_noFAIMS_rep1_assay	proteomic profiling by mass spectrometry	data-dependent acquisition	NT=label free sample;AC=MS:1002038	1	1	not available	NT=Lys-C;AC=MS:1001309	NT=Carbamidomethyl;AC=UNIMOD:4;TA=C;MT=Fixed	NT=Oxidation;AC=UNIMOD:21;TA=M;MT=Variable	not available	not available	NT=[{'NT': 'disuccinimidyl sulfoxide', 'AC': 'XLMOD:02126', 'CL': 'yes', 'TA': 'K,S,T,Y', 'structured': 'NT=disuccinimidyl sulfoxide;AC=XLMOD:02126;CL=yes;TA=K,S,T,Y'}, {'NT': 'disuccinimidyl suberate', 'AC': 'XLMOD:02001', 'CL': 'no', 'TA': 'K,nterm', 'structured': 'NT=disuccinimidyl suberate;AC=XLMOD:02001;CL=no;TA=K,nterm'}]	size exclusion chromatography (SEC)	0.5 mM	not available	1 h	room temperature	8PM_DSS_60min_noFAIMS_rep1.raw	NT=ms-proteomics;VV=v1.1.0	NT=crosslinking;VV=v1.0.0	NT=human;VV=v1.1.0
PXD019926_8PM_DSSO_SEC_noFAIMS_F2_120min	Homo sapiens	whole cell lysate	not available	13	PXD019926_8PM_DSSO_SEC_noFAIMS_F2_120min_assay	proteomic profiling by mass spectrometry	data-dependent acquisition	NT=label free sample;AC=MS:1002038	2	1	not available	NT=Lys-C;AC=MS:1001309	NT=Carbamidomethyl;AC=UNIMOD:4;TA=C;MT=Fixed	NT=Oxidation;AC=UNIMOD:21;TA=M;MT=Variable	not available	not available	NT=[{'NT': 'disuccinimidyl sulfoxide', 'AC': 'XLMOD:02126', 'CL': 'yes', 'TA': 'K,S,T,Y', 'structured': 'NT=disuccinimidyl sulfoxide;AC=XLMOD:02126;CL=yes;TA=K,S,T,Y'}, {'NT': 'disuccinimidyl suberate', 'AC': 'XLMOD:02001', 'CL': 'no', 'TA': 'K,nterm', 'structured': 'NT=disuccinimidyl suberate;AC=XLMOD:02001;CL=no;TA=K,nterm'}]	size exclusion chromatography (SEC)	0.5 mM	not available	1 h	room temperature	8PM_DSSO_SEC_noFAIMS_F2_120min.raw	NT=ms-proteomics;VV=v1.1.0	NT=crosslinking;VV=v1.0.0	NT=human;VV=v1.1.0
PXD019926_HEK293_FAIMS_50_60_75_Fr5	Homo sapiens	whole cell lysate	not available	7	PXD019926_HEK293_FAIMS_50_60_75_Fr5_assay	proteomic profiling by mass spectrometry	data-dependent acquisition	NT=label free sample;AC=MS:1002038	5	1	not available	NT=Lys-C;AC=MS:1001309	NT=Carbamidomethyl;AC=UNIMOD:4;TA=C;MT=Fixed	NT=Oxidation;AC=UNIMOD:21;TA=M;MT=Variable	not available	not available	NT=[{'NT': 'disuccinimidyl sulfoxide', 'AC': 'XLMOD:02126', 'CL': 'yes', 'TA': 'K,S,T,Y', 'structured': 'NT=disuccinimidyl sulfoxide;AC=XLMOD:02126;CL=yes;TA=K,S,T,Y'}, {'NT': 'disuccinimidyl suberate', 'AC': 'XLMOD:02001', 'CL': 'no', 'TA': 'K,nterm', 'structured': 'NT=disuccinimidyl suberate;AC=XLMOD:02001;CL=no;TA=K,nterm'}]	size exclusion chromatography (SEC)	0.5 mM	not available	1 h	room temperature	HEK293_FAIMS_50_60_75_Fr5.raw	NT=ms-proteomics;VV=v1.1.0	NT=crosslinking;VV=v1.0.0	NT=human;VV=v1.1.0
PXD019926_8PM_DSSO_FAIMS_50_70_90min_rep2	Homo sapiens	whole cell lysate	not available	130	PXD019926_8PM_DSSO_FAIMS_50_70_90min_rep2_assay	proteomic profiling by mass spectrometry	data-dependent acquisition	NT=label free sample;AC=MS:1002038	1	2	not available	NT=Lys-C;AC=MS:1001309	NT=Carbamidomethyl;AC=UNIMOD:4;TA=C;MT=Fixed	NT=Oxidation;AC=UNIMOD:21;TA=M;MT=Variable	not available	not available	NT=[{'NT': 'disuccinimidyl sulfoxide', 'AC': 'XLMOD:02126', 'CL': 'yes', 'TA': 'K,S,T,Y', 'structured': 'NT=disuccinimidyl sulfoxide;AC=XLMOD:02126;CL=yes;TA=K,S,T,Y'}, {'NT': 'disuccinimidyl suberate', 'AC': 'XLMOD:02001', 'CL': 'no', 'TA': 'K,nterm', 'structured': 'NT=disuccinimidyl suberate;AC=XLMOD:02001;CL=no;TA=K,nterm'}]	size exclusion chromatography (SEC)	0.5 mM	not available	1 h	room temperature	8PM_DSSO_FAIMS_50_70_90min_rep2.raw	NT=ms-proteomics;VV=v1.1.0	NT=crosslinking;VV=v1.0.0	NT=human;VV=v1.1.0
PXD019926_8PM_DSSO_SEC_noFAIMS_G2_120min	Equus caballus (horse)	whole cell lysate	not available	131	PXD019926_8PM_DSSO_SEC_noFAIMS_G2_120min_assay	proteomic profiling by mass spectrometry	data-dependent acquisition	NT=label free sample;AC=MS:1002038	1	1	not available	NT=Lys-C;AC=MS:1001309	NT=Carbamidomethyl;AC=UNIMOD:4;TA=C;MT=Fixed	NT=Oxidation;AC=UNIMOD:21;TA=M;MT=Variable	not available	not available	NT=[{'NT': 'disuccinimidyl sulfoxide', 'AC': 'XLMOD:02126', 'CL': 'yes', 'TA': 'K,S,T,Y', 'structured': 'NT=disuccinimidyl sulfoxide;AC=XLMOD:02126;CL=yes;TA=K,S,T,Y'}, {'NT': 'disuccinimidyl suberate', 'AC': 'XLMOD:02001', 'CL': 'no', 'TA': 'K,nterm', 'structured': 'NT=disuccinimidyl suberate;AC=XLMOD:02001;CL=no;TA=K,nterm'}]	size exclusion chromatography (SEC)	0.5 mM	not available	1 h	room temperature	8PM_DSSO_SEC_noFAIMS_G2_120min.raw	NT=ms-proteomics;VV=v1.1.0	NT=crosslinking;VV=v1.0.0	NT=human;VV=v1.1.0
PXD019926_8PM_DSS_A_20_rep2	Homo sapiens	whole cell lysate	not available	132	PXD019926_8PM_DSS_A_20_rep2_assay	proteomic profiling by mass spectrometry	data-dependent acquisition	NT=label free sample;AC=MS:1002038	1	2	not available	NT=Lys-C;AC=MS:1001309	NT=Carbamidomethyl;AC=UNIMOD:4;TA=C;MT=Fixed	NT=Oxidation;AC=UNIMOD:21;TA=M;MT=Variable	not available	not available	NT=[{'NT': 'disuccinimidyl sulfoxide', 'AC': 'XLMOD:02126', 'CL': 'yes', 'TA': 'K,S,T,Y', 'structured': 'NT=disuccinimidyl sulfoxide;AC=XLMOD:02126;CL=yes;TA=K,S,T,Y'}, {'NT': 'disuccinimidyl suberate', 'AC': 'XLMOD:02001', 'CL': 'no', 'TA': 'K,nterm', 'structured': 'NT=disuccinimidyl suberate;AC=XLMOD:02001;CL=no;TA=K,nterm'}]	size exclusion chromatography (SEC)	0.5 mM	not available	1 h	room temperature	8PM_DSS_A_20_rep2.raw	NT=ms-proteomics;VV=v1.1.0	NT=crosslinking;VV=v1.0.0	NT=human;VV=v1.1.0
PXD019926_8PM_DSS_B_20_rep1	Homo sapiens	whole cell lysate	not available	133	PXD019926_8PM_DSS_B_20_rep1_assay	proteomic profiling by mass spectrometry	data-dependent acquisition	NT=label free sample;AC=MS:1002038	1	1	not available	NT=Lys-C;AC=MS:1001309	NT=Carbamidomethyl;AC=UNIMOD:4;TA=C;MT=Fixed	NT=Oxidation;AC=UNIMOD:21;TA=M;MT=Variable	not available	not available	NT=[{'NT': 'disuccinimidyl sulfoxide', 'AC': 'XLMOD:02126', 'CL': 'yes', 'TA': 'K,S,T,Y', 'structured': 'NT=disuccinimidyl sulfoxide;AC=XLMOD:02126;CL=yes;TA=K,S,T,Y'}, {'NT': 'disuccinimidyl suberate', 'AC': 'XLMOD:02001', 'CL': 'no', 'TA': 'K,nterm', 'structured': 'NT=disuccinimidyl suberate;AC=XLMOD:02001;CL=no;TA=K,nterm'}]	size exclusion chromatography (SEC)	0.5 mM	not available	1 h	room temperature	8PM_DSS_B_20_rep1.raw	NT=ms-proteomics;VV=v1.1.0	NT=crosslinking;VV=v1.0.0	NT=human;VV=v1.1.0
PXD019926_8PM_DSSO_FAIMS_60_rep2_BioRep2	Homo sapiens	whole cell lysate	not available	134	PXD019926_8PM_DSSO_FAIMS_60_rep2_BioRep2_assay	proteomic profiling by mass spectrometry	data-dependent acquisition	NT=label free sample;AC=MS:1002038	1	2	not available	NT=Lys-C;AC=MS:1001309	NT=Carbamidomethyl;AC=UNIMOD:4;TA=C;MT=Fixed	NT=Oxidation;AC=UNIMOD:21;TA=M;MT=Variable	not available	not available	NT=[{'NT': 'disuccinimidyl sulfoxide', 'AC': 'XLMOD:02126', 'CL': 'yes', 'TA': 'K,S,T,Y', 'structured': 'NT=disuccinimidyl sulfoxide;AC=XLMOD:02126;CL=yes;TA=K,S,T,Y'}, {'NT': 'disuccinimidyl suberate', 'AC': 'XLMOD:02001', 'CL': 'no', 'TA': 'K,nterm', 'structured': 'NT=disuccinimidyl suberate;AC=XLMOD:02001;CL=no;TA=K,nterm'}]	size exclusion chromatography (SEC)	0.5 mM	not available	1 h	room temperature	8PM_DSSO_FAIMS_60_rep2_BioRep2.raw	NT=ms-proteomics;VV=v1.1.0	NT=crosslinking;VV=v1.0.0	NT=human;VV=v1.1.0
PXD019926_8PM_DSSO_FAIMS_40_55_70_120min_rep1	Homo sapiens	whole cell lysate	not available	135	PXD019926_8PM_DSSO_FAIMS_40_55_70_120min_rep1_assay	proteomic profiling by mass spectrometry	data-dependent acquisition	NT=label free sample;AC=MS:1002038	1	1	not available	NT=Lys-C;AC=MS:1001309	NT=Carbamidomethyl;AC=UNIMOD:4;TA=C;MT=Fixed	NT=Oxidation;AC=UNIMOD:21;TA=M;MT=Variable	not available	not available	NT=[{'NT': 'disuccinimidyl sulfoxide', 'AC': 'XLMOD:02126', 'CL': 'yes', 'TA': 'K,S,T,Y', 'structured': 'NT=disuccinimidyl sulfoxide;AC=XLMOD:02126;CL=yes;TA=K,S,T,Y'}, {'NT': 'disuccinimidyl suberate', 'AC': 'XLMOD:02001', 'CL': 'no', 'TA': 'K,nterm', 'structured': 'NT=disuccinimidyl suberate;AC=XLMOD:02001;CL=no;TA=K,nterm'}]	size exclusion chromatography (SEC)	0.5 mM	not available	1 h	room temperature	8PM_DSSO_FAIMS_40_55_70_120min_rep1.raw	NT=ms-proteomics;VV=v1.1.0	NT=crosslinking;VV=v1.0.0	NT=human;VV=v1.1.0
PXD019926_8PM_DSS_A_85_rep1	Homo sapiens	whole cell lysate	not available	136	PXD019926_8PM_DSS_A_85_rep1_assay	proteomic profiling by mass spectrometry	data-dependent acquisition	NT=label free sample;AC=MS:1002038	1	1	not available	NT=Lys-C;AC=MS:1001309	NT=Carbamidomethyl;AC=UNIMOD:4;TA=C;MT=Fixed	NT=Oxidation;AC=UNIMOD:21;TA=M;MT=Variable	not available	not available	NT=[{'NT': 'disuccinimidyl sulfoxide', 'AC': 'XLMOD:02126', 'CL': 'yes', 'TA': 'K,S,T,Y', 'structured': 'NT=disuccinimidyl sulfoxide;AC=XLMOD:02126;CL=yes;TA=K,S,T,Y'}, {'NT': 'disuccinimidyl suberate', 'AC': 'XLMOD:02001', 'CL': 'no', 'TA': 'K,nterm', 'structured': 'NT=disuccinimidyl suberate;AC=XLMOD:02001;CL=no;TA=K,nterm'}]	size exclusion chromatography (SEC)	0.5 mM	not available	1 h	room temperature	8PM_DSS_A_85_rep1.raw	NT=ms-proteomics;VV=v1.1.0	NT=crosslinking;VV=v1.0.0	NT=human;VV=v1.1.0
PXD019926_8PM_DSS_120min_50_60_rep1	Homo sapiens	whole cell lysate	not available	137	PXD019926_8PM_DSS_120min_50_60_rep1_assay	proteomic profiling by mass spectrometry	data-dependent acquisition	NT=label free sample;AC=MS:1002038	1	1	not available	NT=Lys-C;AC=MS:1001309	NT=Carbamidomethyl;AC=UNIMOD:4;TA=C;MT=Fixed	NT=Oxidation;AC=UNIMOD:21;TA=M;MT=Variable	not available	not available	NT=[{'NT': 'disuccinimidyl sulfoxide', 'AC': 'XLMOD:02126', 'CL': 'yes', 'TA': 'K,S,T,Y', 'structured': 'NT=disuccinimidyl sulfoxide;AC=XLMOD:02126;CL=yes;TA=K,S,T,Y'}, {'NT': 'disuccinimidyl suberate', 'AC': 'XLMOD:02001', 'CL': 'no', 'TA': 'K,nterm', 'structured': 'NT=disuccinimidyl suberate;AC=XLMOD:02001;CL=no;TA=K,nterm'}]	size exclusion chromatography (SEC)	0.5 mM	not available	1 h	room temperature	8PM_DSS_120min_50_60_rep1.raw	NT=ms-proteomics;VV=v1.1.0	NT=crosslinking;VV=v1.0.0	NT=human;VV=v1.1.0
PXD019926_HEK293_noFAIMS_Fr2_BioRep2	Homo sapiens	whole cell lysate	not available	14	PXD019926_HEK293_noFAIMS_Fr2_BioRep2_assay	proteomic profiling by mass spectrometry	data-dependent acquisition	NT=label free sample;AC=MS:1002038	2	1	not available	NT=Lys-C;AC=MS:1001309	NT=Carbamidomethyl;AC=UNIMOD:4;TA=C;MT=Fixed	NT=Oxidation;AC=UNIMOD:21;TA=M;MT=Variable	not available	not available	NT=[{'NT': 'disuccinimidyl sulfoxide', 'AC': 'XLMOD:02126', 'CL': 'yes', 'TA': 'K,S,T,Y', 'structured': 'NT=disuccinimidyl sulfoxide;AC=XLMOD:02126;CL=yes;TA=K,S,T,Y'}, {'NT': 'disuccinimidyl suberate', 'AC': 'XLMOD:02001', 'CL': 'no', 'TA': 'K,nterm', 'structured': 'NT=disuccinimidyl suberate;AC=XLMOD:02001;CL=no;TA=K,nterm'}]	size exclusion chromatography (SEC)	0.5 mM	not available	1 h	room temperature	HEK293_noFAIMS_Fr2_BioRep2.raw	NT=ms-proteomics;VV=v1.1.0	NT=crosslinking;VV=v1.0.0	NT=human;VV=v1.1.0
PXD019926_8PM_DSS_60min_50_60_rep1	Homo sapiens	whole cell lysate	not available	138	PXD019926_8PM_DSS_60min_50_60_rep1_assay	proteomic profiling by mass spectrometry	data-dependent acquisition	NT=label free sample;AC=MS:1002038	1	1	not available	NT=Lys-C;AC=MS:1001309	NT=Carbamidomethyl;AC=UNIMOD:4;TA=C;MT=Fixed	NT=Oxidation;AC=UNIMOD:21;TA=M;MT=Variable	not available	not available	NT=[{'NT': 'disuccinimidyl sulfoxide', 'AC': 'XLMOD:02126', 'CL': 'yes', 'TA': 'K,S,T,Y', 'structured': 'NT=disuccinimidyl sulfoxide;AC=XLMOD:02126;CL=yes;TA=K,S,T,Y'}, {'NT': 'disuccinimidyl suberate', 'AC': 'XLMOD:02001', 'CL': 'no', 'TA': 'K,nterm', 'structured': 'NT=disuccinimidyl suberate;AC=XLMOD:02001;CL=no;TA=K,nterm'}]	size exclusion chromatography (SEC)	0.5 mM	not available	1 h	room temperature	8PM_DSS_60min_50_60_rep1.raw	NT=ms-proteomics;VV=v1.1.0	NT=crosslinking;VV=v1.0.0	NT=human;VV=v1.1.0
PXD019926_HEK293_FAIMS_405570_Fr6_BioRep2	Homo sapiens	whole cell lysate	not available	8	PXD019926_HEK293_FAIMS_405570_Fr6_BioRep2_assay	proteomic profiling by mass spectrometry	data-dependent acquisition	NT=label free sample;AC=MS:1002038	6	1	not available	NT=Lys-C;AC=MS:1001309	NT=Carbamidomethyl;AC=UNIMOD:4;TA=C;MT=Fixed	NT=Oxidation;AC=UNIMOD:21;TA=M;MT=Variable	not available	not available	NT=[{'NT': 'disuccinimidyl sulfoxide', 'AC': 'XLMOD:02126', 'CL': 'yes', 'TA': 'K,S,T,Y', 'structured': 'NT=disuccinimidyl sulfoxide;AC=XLMOD:02126;CL=yes;TA=K,S,T,Y'}, {'NT': 'disuccinimidyl suberate', 'AC': 'XLMOD:02001', 'CL': 'no', 'TA': 'K,nterm', 'structured': 'NT=disuccinimidyl suberate;AC=XLMOD:02001;CL=no;TA=K,nterm'}]	size exclusion chromatography (SEC)	0.5 mM	not available	1 h	room temperature	HEK293_FAIMS_405570_Fr6_BioRep2.raw	NT=ms-proteomics;VV=v1.1.0	NT=crosslinking;VV=v1.0.0	NT=human;VV=v1.1.0
PXD019926_HEK293_noFAIMS_Fr3	Homo sapiens	whole cell lysate	not available	8	PXD019926_HEK293_noFAIMS_Fr3_assay	proteomic profiling by mass spectrometry	data-dependent acquisition	NT=label free sample;AC=MS:1002038	3	1	not available	NT=Lys-C;AC=MS:1001309	NT=Carbamidomethyl;AC=UNIMOD:4;TA=C;MT=Fixed	NT=Oxidation;AC=UNIMOD:21;TA=M;MT=Variable	not available	not available	NT=[{'NT': 'disuccinimidyl sulfoxide', 'AC': 'XLMOD:02126', 'CL': 'yes', 'TA': 'K,S,T,Y', 'structured': 'NT=disuccinimidyl sulfoxide;AC=XLMOD:02126;CL=yes;TA=K,S,T,Y'}, {'NT': 'disuccinimidyl suberate', 'AC': 'XLMOD:02001', 'CL': 'no', 'TA': 'K,nterm', 'structured': 'NT=disuccinimidyl suberate;AC=XLMOD:02001;CL=no;TA=K,nterm'}]	size exclusion chromatography (SEC)	0.5 mM	not available	1 h	room temperature	HEK293_noFAIMS_Fr3.raw	NT=ms-proteomics;VV=v1.1.0	NT=crosslinking;VV=v1.0.0	NT=human;VV=v1.1.0
PXD019926_8PM_DSSO_FAIMS_80_rep1_BioRep2	Homo sapiens	whole cell lysate	not available	139	PXD019926_8PM_DSSO_FAIMS_80_rep1_BioRep2_assay	proteomic profiling by mass spectrometry	data-dependent acquisition	NT=label free sample;AC=MS:1002038	1	1	not available	NT=Lys-C;AC=MS:1001309	NT=Carbamidomethyl;AC=UNIMOD:4;TA=C;MT=Fixed	NT=Oxidation;AC=UNIMOD:21;TA=M;MT=Variable	not available	not available	NT=[{'NT': 'disuccinimidyl sulfoxide', 'AC': 'XLMOD:02126', 'CL': 'yes', 'TA': 'K,S,T,Y', 'structured': 'NT=disuccinimidyl sulfoxide;AC=XLMOD:02126;CL=yes;TA=K,S,T,Y'}, {'NT': 'disuccinimidyl suberate', 'AC': 'XLMOD:02001', 'CL': 'no', 'TA': 'K,nterm', 'structured': 'NT=disuccinimidyl suberate;AC=XLMOD:02001;CL=no;TA=K,nterm'}]	size exclusion chromatography (SEC)	0.5 mM	not available	1 h	room temperature	8PM_DSSO_FAIMS_80_rep1_BioRep2.raw	NT=ms-proteomics;VV=v1.1.0	NT=crosslinking;VV=v1.0.0	NT=human;VV=v1.1.0
PXD019926_HEK293_DSS_FAIMS_405565_Fr4	Homo sapiens	whole cell lysate	not available	9	PXD019926_HEK293_DSS_FAIMS_405565_Fr4_assay	proteomic profiling by mass spectrometry	data-dependent acquisition	NT=label free sample;AC=MS:1002038	4	1	not available	NT=Lys-C;AC=MS:1001309	NT=Carbamidomethyl;AC=UNIMOD:4;TA=C;MT=Fixed	NT=Oxidation;AC=UNIMOD:21;TA=M;MT=Variable	not available	not available	NT=[{'NT': 'disuccinimidyl sulfoxide', 'AC': 'XLMOD:02126', 'CL': 'yes', 'TA': 'K,S,T,Y', 'structured': 'NT=disuccinimidyl sulfoxide;AC=XLMOD:02126;CL=yes;TA=K,S,T,Y'}, {'NT': 'disuccinimidyl suberate', 'AC': 'XLMOD:02001', 'CL': 'no', 'TA': 'K,nterm', 'structured': 'NT=disuccinimidyl suberate;AC=XLMOD:02001;CL=no;TA=K,nterm'}]	size exclusion chromatography (SEC)	0.5 mM	not available	1 h	room temperature	HEK293_DSS_FAIMS_405565_Fr4.raw	NT=ms-proteomics;VV=v1.1.0	NT=crosslinking;VV=v1.0.0	NT=human;VV=v1.1.0
PXD019926_8PM_DSSO_FAIMS_rep2_90	Equus caballus (horse)	whole cell lysate	not available	140	PXD019926_8PM_DSSO_FAIMS_rep2_90_assay	proteomic profiling by mass spectrometry	data-dependent acquisition	NT=label free sample;AC=MS:1002038	1	2	not available	NT=Lys-C;AC=MS:1001309	NT=Carbamidomethyl;AC=UNIMOD:4;TA=C;MT=Fixed	NT=Oxidation;AC=UNIMOD:21;TA=M;MT=Variable	not available	not available	NT=[{'NT': 'disuccinimidyl sulfoxide', 'AC': 'XLMOD:02126', 'CL': 'yes', 'TA': 'K,S,T,Y', 'structured': 'NT=disuccinimidyl sulfoxide;AC=XLMOD:02126;CL=yes;TA=K,S,T,Y'}, {'NT': 'disuccinimidyl suberate', 'AC': 'XLMOD:02001', 'CL': 'no', 'TA': 'K,nterm', 'structured': 'NT=disuccinimidyl suberate;AC=XLMOD:02001;CL=no;TA=K,nterm'}]	size exclusion chromatography (SEC)	0.5 mM	not available	1 h	room temperature	8PM_DSSO_FAIMS_rep2_90.raw	NT=ms-proteomics;VV=v1.1.0	NT=crosslinking;VV=v1.0.0	NT=human;VV=v1.1.0
PXD019926_8PM_DSS_B_40_rep1	Homo sapiens	whole cell lysate	not available	141	PXD019926_8PM_DSS_B_40_rep1_assay	proteomic profiling by mass spectrometry	data-dependent acquisition	NT=label free sample;AC=MS:1002038	1	1	not available	NT=Lys-C;AC=MS:1001309	NT=Carbamidomethyl;AC=UNIMOD:4;TA=C;MT=Fixed	NT=Oxidation;AC=UNIMOD:21;TA=M;MT=Variable	not available	not available	NT=[{'NT': 'disuccinimidyl sulfoxide', 'AC': 'XLMOD:02126', 'CL': 'yes', 'TA': 'K,S,T,Y', 'structured': 'NT=disuccinimidyl sulfoxide;AC=XLMOD:02126;CL=yes;TA=K,S,T,Y'}, {'NT': 'disuccinimidyl suberate', 'AC': 'XLMOD:02001', 'CL': 'no', 'TA': 'K,nterm', 'structured': 'NT=disuccinimidyl suberate;AC=XLMOD:02001;CL=no;TA=K,nterm'}]	size exclusion chromatography (SEC)	0.5 mM	not available	1 h	room temperature	8PM_DSS_B_40_rep1.raw	NT=ms-proteomics;VV=v1.1.0	NT=crosslinking;VV=v1.0.0	NT=human;VV=v1.1.0
PXD019926_8PM_DSS_B_60_rep2	Homo sapiens	whole cell lysate	not available	142	PXD019926_8PM_DSS_B_60_rep2_assay	proteomic profiling by mass spectrometry	data-dependent acquisition	NT=label free sample;AC=MS:1002038	1	2	not available	NT=Lys-C;AC=MS:1001309	NT=Carbamidomethyl;AC=UNIMOD:4;TA=C;MT=Fixed	NT=Oxidation;AC=UNIMOD:21;TA=M;MT=Variable	not available	not available	NT=[{'NT': 'disuccinimidyl sulfoxide', 'AC': 'XLMOD:02126', 'CL': 'yes', 'TA': 'K,S,T,Y', 'structured': 'NT=disuccinimidyl sulfoxide;AC=XLMOD:02126;CL=yes;TA=K,S,T,Y'}, {'NT': 'disuccinimidyl suberate', 'AC': 'XLMOD:02001', 'CL': 'no', 'TA': 'K,nterm', 'structured': 'NT=disuccinimidyl suberate;AC=XLMOD:02001;CL=no;TA=K,nterm'}]	size exclusion chromatography (SEC)	0.5 mM	not available	1 h	room temperature	8PM_DSS_B_60_rep2.raw	NT=ms-proteomics;VV=v1.1.0	NT=crosslinking;VV=v1.0.0	NT=human;VV=v1.1.0
PXD019926_HEK293_noFAIMS_Fr4_BioRep2	Homo sapiens	whole cell lysate	not available	10	PXD019926_HEK293_noFAIMS_Fr4_BioRep2_assay	proteomic profiling by mass spectrometry	data-dependent acquisition	NT=label free sample;AC=MS:1002038	4	1	not available	NT=Lys-C;AC=MS:1001309	NT=Carbamidomethyl;AC=UNIMOD:4;TA=C;MT=Fixed	NT=Oxidation;AC=UNIMOD:21;TA=M;MT=Variable	not available	not available	NT=[{'NT': 'disuccinimidyl sulfoxide', 'AC': 'XLMOD:02126', 'CL': 'yes', 'TA': 'K,S,T,Y', 'structured': 'NT=disuccinimidyl sulfoxide;AC=XLMOD:02126;CL=yes;TA=K,S,T,Y'}, {'NT': 'disuccinimidyl suberate', 'AC': 'XLMOD:02001', 'CL': 'no', 'TA': 'K,nterm', 'structured': 'NT=disuccinimidyl suberate;AC=XLMOD:02001;CL=no;TA=K,nterm'}]	size exclusion chromatography (SEC)	0.5 mM	not available	1 h	room temperature	HEK293_noFAIMS_Fr4_BioRep2.raw	NT=ms-proteomics;VV=v1.1.0	NT=crosslinking;VV=v1.0.0	NT=human;VV=v1.1.0
PXD019926_8PM_DSSO_FAIMS_50_65_120min_rep2	Homo sapiens	whole cell lysate	not available	143	PXD019926_8PM_DSSO_FAIMS_50_65_120min_rep2_assay	proteomic profiling by mass spectrometry	data-dependent acquisition	NT=label free sample;AC=MS:1002038	1	2	not available	NT=Lys-C;AC=MS:1001309	NT=Carbamidomethyl;AC=UNIMOD:4;TA=C;MT=Fixed	NT=Oxidation;AC=UNIMOD:21;TA=M;MT=Variable	not available	not available	NT=[{'NT': 'disuccinimidyl sulfoxide', 'AC': 'XLMOD:02126', 'CL': 'yes', 'TA': 'K,S,T,Y', 'structured': 'NT=disuccinimidyl sulfoxide;AC=XLMOD:02126;CL=yes;TA=K,S,T,Y'}, {'NT': 'disuccinimidyl suberate', 'AC': 'XLMOD:02001', 'CL': 'no', 'TA': 'K,nterm', 'structured': 'NT=disuccinimidyl suberate;AC=XLMOD:02001;CL=no;TA=K,nterm'}]	size exclusion chromatography (SEC)	0.5 mM	not available	1 h	room temperature	8PM_DSSO_FAIMS_50_65_120min_rep2.raw	NT=ms-proteomics;VV=v1.1.0	NT=crosslinking;VV=v1.0.0	NT=human;VV=v1.1.0
PXD019926_8PM_DSSO_FAIMS_80_rep2_BioRep2	Homo sapiens	whole cell lysate	not available	144	PXD019926_8PM_DSSO_FAIMS_80_rep2_BioRep2_assay	proteomic profiling by mass spectrometry	data-dependent acquisition	NT=label free sample;AC=MS:1002038	1	2	not available	NT=Lys-C;AC=MS:1001309	NT=Carbamidomethyl;AC=UNIMOD:4;TA=C;MT=Fixed	NT=Oxidation;AC=UNIMOD:21;TA=M;MT=Variable	not available	not available	NT=[{'NT': 'disuccinimidyl sulfoxide', 'AC': 'XLMOD:02126', 'CL': 'yes', 'TA': 'K,S,T,Y', 'structured': 'NT=disuccinimidyl sulfoxide;AC=XLMOD:02126;CL=yes;TA=K,S,T,Y'}, {'NT': 'disuccinimidyl suberate', 'AC': 'XLMOD:02001', 'CL': 'no', 'TA': 'K,nterm', 'structured': 'NT=disuccinimidyl suberate;AC=XLMOD:02001;CL=no;TA=K,nterm'}]	size exclusion chromatography (SEC)	0.5 mM	not available	1 h	room temperature	8PM_DSSO_FAIMS_80_rep2_BioRep2.raw	NT=ms-proteomics;VV=v1.1.0	NT=crosslinking;VV=v1.0.0	NT=human;VV=v1.1.0
PXD019926_8PM_DSSO_FAIMS_50_65_60min_rep2	Homo sapiens	whole cell lysate	not available	145	PXD019926_8PM_DSSO_FAIMS_50_65_60min_rep2_assay	proteomic profiling by mass spectrometry	data-dependent acquisition	NT=label free sample;AC=MS:1002038	1	2	not available	NT=Lys-C;AC=MS:1001309	NT=Carbamidomethyl;AC=UNIMOD:4;TA=C;MT=Fixed	NT=Oxidation;AC=UNIMOD:21;TA=M;MT=Variable	not available	not available	NT=[{'NT': 'disuccinimidyl sulfoxide', 'AC': 'XLMOD:02126', 'CL': 'yes', 'TA': 'K,S,T,Y', 'structured': 'NT=disuccinimidyl sulfoxide;AC=XLMOD:02126;CL=yes;TA=K,S,T,Y'}, {'NT': 'disuccinimidyl suberate', 'AC': 'XLMOD:02001', 'CL': 'no', 'TA': 'K,nterm', 'structured': 'NT=disuccinimidyl suberate;AC=XLMOD:02001;CL=no;TA=K,nterm'}]	size exclusion chromatography (SEC)	0.5 mM	not available	1 h	room temperature	8PM_DSSO_FAIMS_50_65_60min_rep2.raw	NT=ms-proteomics;VV=v1.1.0	NT=crosslinking;VV=v1.0.0	NT=human;VV=v1.1.0
PXD019926_8PM_DSS_120min_50_60_rep2	Homo sapiens	whole cell lysate	not available	146	PXD019926_8PM_DSS_120min_50_60_rep2_assay	proteomic profiling by mass spectrometry	data-dependent acquisition	NT=label free sample;AC=MS:1002038	1	2	not available	NT=Lys-C;AC=MS:1001309	NT=Carbamidomethyl;AC=UNIMOD:4;TA=C;MT=Fixed	NT=Oxidation;AC=UNIMOD:21;TA=M;MT=Variable	not available	not available	NT=[{'NT': 'disuccinimidyl sulfoxide', 'AC': 'XLMOD:02126', 'CL': 'yes', 'TA': 'K,S,T,Y', 'structured': 'NT=disuccinimidyl sulfoxide;AC=XLMOD:02126;CL=yes;TA=K,S,T,Y'}, {'NT': 'disuccinimidyl suberate', 'AC': 'XLMOD:02001', 'CL': 'no', 'TA': 'K,nterm', 'structured': 'NT=disuccinimidyl suberate;AC=XLMOD:02001;CL=no;TA=K,nterm'}]	size exclusion chromatography (SEC)	0.5 mM	not available	1 h	room temperature	8PM_DSS_120min_50_60_rep2.raw	NT=ms-proteomics;VV=v1.1.0	NT=crosslinking;VV=v1.0.0	NT=human;VV=v1.1.0
PXD019926_8PM_DSS_B_70_rep1	Homo sapiens	whole cell lysate	not available	147	PXD019926_8PM_DSS_B_70_rep1_assay	proteomic profiling by mass spectrometry	data-dependent acquisition	NT=label free sample;AC=MS:1002038	1	1	not available	NT=Lys-C;AC=MS:1001309	NT=Carbamidomethyl;AC=UNIMOD:4;TA=C;MT=Fixed	NT=Oxidation;AC=UNIMOD:21;TA=M;MT=Variable	not available	not available	NT=[{'NT': 'disuccinimidyl sulfoxide', 'AC': 'XLMOD:02126', 'CL': 'yes', 'TA': 'K,S,T,Y', 'structured': 'NT=disuccinimidyl sulfoxide;AC=XLMOD:02126;CL=yes;TA=K,S,T,Y'}, {'NT': 'disuccinimidyl suberate', 'AC': 'XLMOD:02001', 'CL': 'no', 'TA': 'K,nterm', 'structured': 'NT=disuccinimidyl suberate;AC=XLMOD:02001;CL=no;TA=K,nterm'}]	size exclusion chromatography (SEC)	0.5 mM	not available	1 h	room temperature	8PM_DSS_B_70_rep1.raw	NT=ms-proteomics;VV=v1.1.0	NT=crosslinking;VV=v1.0.0	NT=human;VV=v1.1.0
PXD019926_8PM_DSS_120min_40_55_rep1	Homo sapiens	whole cell lysate	not available	148	PXD019926_8PM_DSS_120min_40_55_rep1_assay	proteomic profiling by mass spectrometry	data-dependent acquisition	NT=label free sample;AC=MS:1002038	1	1	not available	NT=Lys-C;AC=MS:1001309	NT=Carbamidomethyl;AC=UNIMOD:4;TA=C;MT=Fixed	NT=Oxidation;AC=UNIMOD:21;TA=M;MT=Variable	not available	not available	NT=[{'NT': 'disuccinimidyl sulfoxide', 'AC': 'XLMOD:02126', 'CL': 'yes', 'TA': 'K,S,T,Y', 'structured': 'NT=disuccinimidyl sulfoxide;AC=XLMOD:02126;CL=yes;TA=K,S,T,Y'}, {'NT': 'disuccinimidyl suberate', 'AC': 'XLMOD:02001', 'CL': 'no', 'TA': 'K,nterm', 'structured': 'NT=disuccinimidyl suberate;AC=XLMOD:02001;CL=no;TA=K,nterm'}]	size exclusion chromatography (SEC)	0.5 mM	not available	1 h	room temperature	8PM_DSS_120min_40_55_rep1.raw	NT=ms-proteomics;VV=v1.1.0	NT=crosslinking;VV=v1.0.0	NT=human;VV=v1.1.0
PXD019926_HEK293_DSS_FAIMS_405060_Fr3	Homo sapiens	whole cell lysate	not available	9	PXD019926_HEK293_DSS_FAIMS_405060_Fr3_assay	proteomic profiling by mass spectrometry	data-dependent acquisition	NT=label free sample;AC=MS:1002038	3	1	not available	NT=Lys-C;AC=MS:1001309	NT=Carbamidomethyl;AC=UNIMOD:4;TA=C;MT=Fixed	NT=Oxidation;AC=UNIMOD:21;TA=M;MT=Variable	not available	not available	NT=[{'NT': 'disuccinimidyl sulfoxide', 'AC': 'XLMOD:02126', 'CL': 'yes', 'TA': 'K,S,T,Y', 'structured': 'NT=disuccinimidyl sulfoxide;AC=XLMOD:02126;CL=yes;TA=K,S,T,Y'}, {'NT': 'disuccinimidyl suberate', 'AC': 'XLMOD:02001', 'CL': 'no', 'TA': 'K,nterm', 'structured': 'NT=disuccinimidyl suberate;AC=XLMOD:02001;CL=no;TA=K,nterm'}]	size exclusion chromatography (SEC)	0.5 mM	not available	1 h	room temperature	HEK293_DSS_FAIMS_405060_Fr3.raw	NT=ms-proteomics;VV=v1.1.0	NT=crosslinking;VV=v1.0.0	NT=human;VV=v1.1.0
PXD019926_8PM_DSSO_FAIMS_40_55_70_120min_rep2	Homo sapiens	whole cell lysate	not available	149	PXD019926_8PM_DSSO_FAIMS_40_55_70_120min_rep2_assay	proteomic profiling by mass spectrometry	data-dependent acquisition	NT=label free sample;AC=MS:1002038	1	2	not available	NT=Lys-C;AC=MS:1001309	NT=Carbamidomethyl;AC=UNIMOD:4;TA=C;MT=Fixed	NT=Oxidation;AC=UNIMOD:21;TA=M;MT=Variable	not available	not available	NT=[{'NT': 'disuccinimidyl sulfoxide', 'AC': 'XLMOD:02126', 'CL': 'yes', 'TA': 'K,S,T,Y', 'structured': 'NT=disuccinimidyl sulfoxide;AC=XLMOD:02126;CL=yes;TA=K,S,T,Y'}, {'NT': 'disuccinimidyl suberate', 'AC': 'XLMOD:02001', 'CL': 'no', 'TA': 'K,nterm', 'structured': 'NT=disuccinimidyl suberate;AC=XLMOD:02001;CL=no;TA=K,nterm'}]	size exclusion chromatography (SEC)	0.5 mM	not available	1 h	room temperature	8PM_DSSO_FAIMS_40_55_70_120min_rep2.raw	NT=ms-proteomics;VV=v1.1.0	NT=crosslinking;VV=v1.0.0	NT=human;VV=v1.1.0
PXD019926_8PM_DSSO_noFAIMS_90min_rep2	Homo sapiens	whole cell lysate	not available	150	PXD019926_8PM_DSSO_noFAIMS_90min_rep2_assay	proteomic profiling by mass spectrometry	data-dependent acquisition	NT=label free sample;AC=MS:1002038	1	2	not available	NT=Lys-C;AC=MS:1001309	NT=Carbamidomethyl;AC=UNIMOD:4;TA=C;MT=Fixed	NT=Oxidation;AC=UNIMOD:21;TA=M;MT=Variable	not available	not available	NT=[{'NT': 'disuccinimidyl sulfoxide', 'AC': 'XLMOD:02126', 'CL': 'yes', 'TA': 'K,S,T,Y', 'structured': 'NT=disuccinimidyl sulfoxide;AC=XLMOD:02126;CL=yes;TA=K,S,T,Y'}, {'NT': 'disuccinimidyl suberate', 'AC': 'XLMOD:02001', 'CL': 'no', 'TA': 'K,nterm', 'structured': 'NT=disuccinimidyl suberate;AC=XLMOD:02001;CL=no;TA=K,nterm'}]	size exclusion chromatography (SEC)	0.5 mM	not available	1 h	room temperature	8PM_DSSO_noFAIMS_90min_rep2.raw	NT=ms-proteomics;VV=v1.1.0	NT=crosslinking;VV=v1.0.0	NT=human;VV=v1.1.0
PXD019926_8PM_DSSO_FAIMS_85_rep1_BioRep2	Homo sapiens	whole cell lysate	not available	151	PXD019926_8PM_DSSO_FAIMS_85_rep1_BioRep2_assay	proteomic profiling by mass spectrometry	data-dependent acquisition	NT=label free sample;AC=MS:1002038	1	1	not available	NT=Lys-C;AC=MS:1001309	NT=Carbamidomethyl;AC=UNIMOD:4;TA=C;MT=Fixed	NT=Oxidation;AC=UNIMOD:21;TA=M;MT=Variable	not available	not available	NT=[{'NT': 'disuccinimidyl sulfoxide', 'AC': 'XLMOD:02126', 'CL': 'yes', 'TA': 'K,S,T,Y', 'structured': 'NT=disuccinimidyl sulfoxide;AC=XLMOD:02126;CL=yes;TA=K,S,T,Y'}, {'NT': 'disuccinimidyl suberate', 'AC': 'XLMOD:02001', 'CL': 'no', 'TA': 'K,nterm', 'structured': 'NT=disuccinimidyl suberate;AC=XLMOD:02001;CL=no;TA=K,nterm'}]	size exclusion chromatography (SEC)	0.5 mM	not available	1 h	room temperature	8PM_DSSO_FAIMS_85_rep1_BioRep2.raw	NT=ms-proteomics;VV=v1.1.0	NT=crosslinking;VV=v1.0.0	NT=human;VV=v1.1.0
PXD019926_HEK293_DSS_FAIMS_5060_Fr2	Homo sapiens	whole cell lysate	not available	15	PXD019926_HEK293_DSS_FAIMS_5060_Fr2_assay	proteomic profiling by mass spectrometry	data-dependent acquisition	NT=label free sample;AC=MS:1002038	2	1	not available	NT=Lys-C;AC=MS:1001309	NT=Carbamidomethyl;AC=UNIMOD:4;TA=C;MT=Fixed	NT=Oxidation;AC=UNIMOD:21;TA=M;MT=Variable	not available	not available	NT=[{'NT': 'disuccinimidyl sulfoxide', 'AC': 'XLMOD:02126', 'CL': 'yes', 'TA': 'K,S,T,Y', 'structured': 'NT=disuccinimidyl sulfoxide;AC=XLMOD:02126;CL=yes;TA=K,S,T,Y'}, {'NT': 'disuccinimidyl suberate', 'AC': 'XLMOD:02001', 'CL': 'no', 'TA': 'K,nterm', 'structured': 'NT=disuccinimidyl suberate;AC=XLMOD:02001;CL=no;TA=K,nterm'}]	size exclusion chromatography (SEC)	0.5 mM	not available	1 h	room temperature	HEK293_DSS_FAIMS_5060_Fr2.raw	NT=ms-proteomics;VV=v1.1.0	NT=crosslinking;VV=v1.0.0	NT=human;VV=v1.1.0
PXD019926_8PM_DSS_B_90_rep2	Homo sapiens	whole cell lysate	not available	152	PXD019926_8PM_DSS_B_90_rep2_assay	proteomic profiling by mass spectrometry	data-dependent acquisition	NT=label free sample;AC=MS:1002038	1	2	not available	NT=Lys-C;AC=MS:1001309	NT=Carbamidomethyl;AC=UNIMOD:4;TA=C;MT=Fixed	NT=Oxidation;AC=UNIMOD:21;TA=M;MT=Variable	not available	not available	NT=[{'NT': 'disuccinimidyl sulfoxide', 'AC': 'XLMOD:02126', 'CL': 'yes', 'TA': 'K,S,T,Y', 'structured': 'NT=disuccinimidyl sulfoxide;AC=XLMOD:02126;CL=yes;TA=K,S,T,Y'}, {'NT': 'disuccinimidyl suberate', 'AC': 'XLMOD:02001', 'CL': 'no', 'TA': 'K,nterm', 'structured': 'NT=disuccinimidyl suberate;AC=XLMOD:02001;CL=no;TA=K,nterm'}]	size exclusion chromatography (SEC)	0.5 mM	not available	1 h	room temperature	8PM_DSS_B_90_rep2.raw	NT=ms-proteomics;VV=v1.1.0	NT=crosslinking;VV=v1.0.0	NT=human;VV=v1.1.0
PXD019926_8PM_DSS_B_70_rep2	Homo sapiens	whole cell lysate	not available	153	PXD019926_8PM_DSS_B_70_rep2_assay	proteomic profiling by mass spectrometry	data-dependent acquisition	NT=label free sample;AC=MS:1002038	1	2	not available	NT=Lys-C;AC=MS:1001309	NT=Carbamidomethyl;AC=UNIMOD:4;TA=C;MT=Fixed	NT=Oxidation;AC=UNIMOD:21;TA=M;MT=Variable	not available	not available	NT=[{'NT': 'disuccinimidyl sulfoxide', 'AC': 'XLMOD:02126', 'CL': 'yes', 'TA': 'K,S,T,Y', 'structured': 'NT=disuccinimidyl sulfoxide;AC=XLMOD:02126;CL=yes;TA=K,S,T,Y'}, {'NT': 'disuccinimidyl suberate', 'AC': 'XLMOD:02001', 'CL': 'no', 'TA': 'K,nterm', 'structured': 'NT=disuccinimidyl suberate;AC=XLMOD:02001;CL=no;TA=K,nterm'}]	size exclusion chromatography (SEC)	0.5 mM	not available	1 h	room temperature	8PM_DSS_B_70_rep2.raw	NT=ms-proteomics;VV=v1.1.0	NT=crosslinking;VV=v1.0.0	NT=human;VV=v1.1.0
PXD019926_8PM_DSS_A_80_rep1	Homo sapiens	whole cell lysate	not available	154	PXD019926_8PM_DSS_A_80_rep1_assay	proteomic profiling by mass spectrometry	data-dependent acquisition	NT=label free sample;AC=MS:1002038	1	1	not available	NT=Lys-C;AC=MS:1001309	NT=Carbamidomethyl;AC=UNIMOD:4;TA=C;MT=Fixed	NT=Oxidation;AC=UNIMOD:21;TA=M;MT=Variable	not available	not available	NT=[{'NT': 'disuccinimidyl sulfoxide', 'AC': 'XLMOD:02126', 'CL': 'yes', 'TA': 'K,S,T,Y', 'structured': 'NT=disuccinimidyl sulfoxide;AC=XLMOD:02126;CL=yes;TA=K,S,T,Y'}, {'NT': 'disuccinimidyl suberate', 'AC': 'XLMOD:02001', 'CL': 'no', 'TA': 'K,nterm', 'structured': 'NT=disuccinimidyl suberate;AC=XLMOD:02001;CL=no;TA=K,nterm'}]	size exclusion chromatography (SEC)	0.5 mM	not available	1 h	room temperature	8PM_DSS_A_80_rep1.raw	NT=ms-proteomics;VV=v1.1.0	NT=crosslinking;VV=v1.0.0	NT=human;VV=v1.1.0
PXD019926_8PM_DSS_B_20_rep2	Homo sapiens	whole cell lysate	not available	155	PXD019926_8PM_DSS_B_20_rep2_assay	proteomic profiling by mass spectrometry	data-dependent acquisition	NT=label free sample;AC=MS:1002038	1	2	not available	NT=Lys-C;AC=MS:1001309	NT=Carbamidomethyl;AC=UNIMOD:4;TA=C;MT=Fixed	NT=Oxidation;AC=UNIMOD:21;TA=M;MT=Variable	not available	not available	NT=[{'NT': 'disuccinimidyl sulfoxide', 'AC': 'XLMOD:02126', 'CL': 'yes', 'TA': 'K,S,T,Y', 'structured': 'NT=disuccinimidyl sulfoxide;AC=XLMOD:02126;CL=yes;TA=K,S,T,Y'}, {'NT': 'disuccinimidyl suberate', 'AC': 'XLMOD:02001', 'CL': 'no', 'TA': 'K,nterm', 'structured': 'NT=disuccinimidyl suberate;AC=XLMOD:02001;CL=no;TA=K,nterm'}]	size exclusion chromatography (SEC)	0.5 mM	not available	1 h	room temperature	8PM_DSS_B_20_rep2.raw	NT=ms-proteomics;VV=v1.1.0	NT=crosslinking;VV=v1.0.0	NT=human;VV=v1.1.0
PXD019926_HEK293_FAIMS_40_55_70_Fr4	Homo sapiens	whole cell lysate	not available	11	PXD019926_HEK293_FAIMS_40_55_70_Fr4_assay	proteomic profiling by mass spectrometry	data-dependent acquisition	NT=label free sample;AC=MS:1002038	4	1	not available	NT=Lys-C;AC=MS:1001309	NT=Carbamidomethyl;AC=UNIMOD:4;TA=C;MT=Fixed	NT=Oxidation;AC=UNIMOD:21;TA=M;MT=Variable	not available	not available	NT=[{'NT': 'disuccinimidyl sulfoxide', 'AC': 'XLMOD:02126', 'CL': 'yes', 'TA': 'K,S,T,Y', 'structured': 'NT=disuccinimidyl sulfoxide;AC=XLMOD:02126;CL=yes;TA=K,S,T,Y'}, {'NT': 'disuccinimidyl suberate', 'AC': 'XLMOD:02001', 'CL': 'no', 'TA': 'K,nterm', 'structured': 'NT=disuccinimidyl suberate;AC=XLMOD:02001;CL=no;TA=K,nterm'}]	size exclusion chromatography (SEC)	0.5 mM	not available	1 h	room temperature	HEK293_FAIMS_40_55_70_Fr4.raw	NT=ms-proteomics;VV=v1.1.0	NT=crosslinking;VV=v1.0.0	NT=human;VV=v1.1.0
PXD019926_8PM_DSSO_FAIMS_rep1_90	Equus caballus (horse)	whole cell lysate	not available	156	PXD019926_8PM_DSSO_FAIMS_rep1_90_assay	proteomic profiling by mass spectrometry	data-dependent acquisition	NT=label free sample;AC=MS:1002038	1	1	not available	NT=Lys-C;AC=MS:1001309	NT=Carbamidomethyl;AC=UNIMOD:4;TA=C;MT=Fixed	NT=Oxidation;AC=UNIMOD:21;TA=M;MT=Variable	not available	not available	NT=[{'NT': 'disuccinimidyl sulfoxide', 'AC': 'XLMOD:02126', 'CL': 'yes', 'TA': 'K,S,T,Y', 'structured': 'NT=disuccinimidyl sulfoxide;AC=XLMOD:02126;CL=yes;TA=K,S,T,Y'}, {'NT': 'disuccinimidyl suberate', 'AC': 'XLMOD:02001', 'CL': 'no', 'TA': 'K,nterm', 'structured': 'NT=disuccinimidyl suberate;AC=XLMOD:02001;CL=no;TA=K,nterm'}]	size exclusion chromatography (SEC)	0.5 mM	not available	1 h	room temperature	8PM_DSSO_FAIMS_rep1_90.raw	NT=ms-proteomics;VV=v1.1.0	NT=crosslinking;VV=v1.0.0	NT=human;VV=v1.1.0
PXD019926_8PM_DSS_120min_40_50_60_rep2	Homo sapiens	whole cell lysate	not available	157	PXD019926_8PM_DSS_120min_40_50_60_rep2_assay	proteomic profiling by mass spectrometry	data-dependent acquisition	NT=label free sample;AC=MS:1002038	1	2	not available	NT=Lys-C;AC=MS:1001309	NT=Carbamidomethyl;AC=UNIMOD:4;TA=C;MT=Fixed	NT=Oxidation;AC=UNIMOD:21;TA=M;MT=Variable	not available	not available	NT=[{'NT': 'disuccinimidyl sulfoxide', 'AC': 'XLMOD:02126', 'CL': 'yes', 'TA': 'K,S,T,Y', 'structured': 'NT=disuccinimidyl sulfoxide;AC=XLMOD:02126;CL=yes;TA=K,S,T,Y'}, {'NT': 'disuccinimidyl suberate', 'AC': 'XLMOD:02001', 'CL': 'no', 'TA': 'K,nterm', 'structured': 'NT=disuccinimidyl suberate;AC=XLMOD:02001;CL=no;TA=K,nterm'}]	size exclusion chromatography (SEC)	0.5 mM	not available	1 h	room temperature	8PM_DSS_120min_40_50_60_rep2.raw	NT=ms-proteomics;VV=v1.1.0	NT=crosslinking;VV=v1.0.0	NT=human;VV=v1.1.0
PXD019926_8PM_DSS_90min_50_60_rep1	Homo sapiens	whole cell lysate	not available	158	PXD019926_8PM_DSS_90min_50_60_rep1_assay	proteomic profiling by mass spectrometry	data-dependent acquisition	NT=label free sample;AC=MS:1002038	1	1	not available	NT=Lys-C;AC=MS:1001309	NT=Carbamidomethyl;AC=UNIMOD:4;TA=C;MT=Fixed	NT=Oxidation;AC=UNIMOD:21;TA=M;MT=Variable	not available	not available	NT=[{'NT': 'disuccinimidyl sulfoxide', 'AC': 'XLMOD:02126', 'CL': 'yes', 'TA': 'K,S,T,Y', 'structured': 'NT=disuccinimidyl sulfoxide;AC=XLMOD:02126;CL=yes;TA=K,S,T,Y'}, {'NT': 'disuccinimidyl suberate', 'AC': 'XLMOD:02001', 'CL': 'no', 'TA': 'K,nterm', 'structured': 'NT=disuccinimidyl suberate;AC=XLMOD:02001;CL=no;TA=K,nterm'}]	size exclusion chromatography (SEC)	0.5 mM	not available	1 h	room temperature	8PM_DSS_90min_50_60_rep1.raw	NT=ms-proteomics;VV=v1.1.0	NT=crosslinking;VV=v1.0.0	NT=human;VV=v1.1.0
PXD019926_HEK293_FAIMS_506075_Fr3_BioRep2	Homo sapiens	whole cell lysate	not available	10	PXD019926_HEK293_FAIMS_506075_Fr3_BioRep2_assay	proteomic profiling by mass spectrometry	data-dependent acquisition	NT=label free sample;AC=MS:1002038	3	1	not available	NT=Lys-C;AC=MS:1001309	NT=Carbamidomethyl;AC=UNIMOD:4;TA=C;MT=Fixed	NT=Oxidation;AC=UNIMOD:21;TA=M;MT=Variable	not available	not available	NT=[{'NT': 'disuccinimidyl sulfoxide', 'AC': 'XLMOD:02126', 'CL': 'yes', 'TA': 'K,S,T,Y', 'structured': 'NT=disuccinimidyl sulfoxide;AC=XLMOD:02126;CL=yes;TA=K,S,T,Y'}, {'NT': 'disuccinimidyl suberate', 'AC': 'XLMOD:02001', 'CL': 'no', 'TA': 'K,nterm', 'structured': 'NT=disuccinimidyl suberate;AC=XLMOD:02001;CL=no;TA=K,nterm'}]	size exclusion chromatography (SEC)	0.5 mM	not available	1 h	room temperature	HEK293_FAIMS_506075_Fr3_BioRep2.raw	NT=ms-proteomics;VV=v1.1.0	NT=crosslinking;VV=v1.0.0	NT=human;VV=v1.1.0
PXD019926_8PM_DSS_120min_noFAIMS_rep1	Homo sapiens	whole cell lysate	not available	159	PXD019926_8PM_DSS_120min_noFAIMS_rep1_assay	proteomic profiling by mass spectrometry	data-dependent acquisition	NT=label free sample;AC=MS:1002038	1	1	not available	NT=Lys-C;AC=MS:1001309	NT=Carbamidomethyl;AC=UNIMOD:4;TA=C;MT=Fixed	NT=Oxidation;AC=UNIMOD:21;TA=M;MT=Variable	not available	not available	NT=[{'NT': 'disuccinimidyl sulfoxide', 'AC': 'XLMOD:02126', 'CL': 'yes', 'TA': 'K,S,T,Y', 'structured': 'NT=disuccinimidyl sulfoxide;AC=XLMOD:02126;CL=yes;TA=K,S,T,Y'}, {'NT': 'disuccinimidyl suberate', 'AC': 'XLMOD:02001', 'CL': 'no', 'TA': 'K,nterm', 'structured': 'NT=disuccinimidyl suberate;AC=XLMOD:02001;CL=no;TA=K,nterm'}]	size exclusion chromatography (SEC)	0.5 mM	not available	1 h	room temperature	8PM_DSS_120min_noFAIMS_rep1.raw	NT=ms-proteomics;VV=v1.1.0	NT=crosslinking;VV=v1.0.0	NT=human;VV=v1.1.0
PXD019926_8PM_DSS_90min_40_55_rep2	Homo sapiens	whole cell lysate	not available	160	PXD019926_8PM_DSS_90min_40_55_rep2_assay	proteomic profiling by mass spectrometry	data-dependent acquisition	NT=label free sample;AC=MS:1002038	1	2	not available	NT=Lys-C;AC=MS:1001309	NT=Carbamidomethyl;AC=UNIMOD:4;TA=C;MT=Fixed	NT=Oxidation;AC=UNIMOD:21;TA=M;MT=Variable	not available	not available	NT=[{'NT': 'disuccinimidyl sulfoxide', 'AC': 'XLMOD:02126', 'CL': 'yes', 'TA': 'K,S,T,Y', 'structured': 'NT=disuccinimidyl sulfoxide;AC=XLMOD:02126;CL=yes;TA=K,S,T,Y'}, {'NT': 'disuccinimidyl suberate', 'AC': 'XLMOD:02001', 'CL': 'no', 'TA': 'K,nterm', 'structured': 'NT=disuccinimidyl suberate;AC=XLMOD:02001;CL=no;TA=K,nterm'}]	size exclusion chromatography (SEC)	0.5 mM	not available	1 h	room temperature	8PM_DSS_90min_40_55_rep2.raw	NT=ms-proteomics;VV=v1.1.0	NT=crosslinking;VV=v1.0.0	NT=human;VV=v1.1.0
PXD019926_8PM_DSS_60min_40_55_rep2	Homo sapiens	whole cell lysate	not available	161	PXD019926_8PM_DSS_60min_40_55_rep2_assay	proteomic profiling by mass spectrometry	data-dependent acquisition	NT=label free sample;AC=MS:1002038	1	2	not available	NT=Lys-C;AC=MS:1001309	NT=Carbamidomethyl;AC=UNIMOD:4;TA=C;MT=Fixed	NT=Oxidation;AC=UNIMOD:21;TA=M;MT=Variable	not available	not available	NT=[{'NT': 'disuccinimidyl sulfoxide', 'AC': 'XLMOD:02126', 'CL': 'yes', 'TA': 'K,S,T,Y', 'structured': 'NT=disuccinimidyl sulfoxide;AC=XLMOD:02126;CL=yes;TA=K,S,T,Y'}, {'NT': 'disuccinimidyl suberate', 'AC': 'XLMOD:02001', 'CL': 'no', 'TA': 'K,nterm', 'structured': 'NT=disuccinimidyl suberate;AC=XLMOD:02001;CL=no;TA=K,nterm'}]	size exclusion chromatography (SEC)	0.5 mM	not available	1 h	room temperature	8PM_DSS_60min_40_55_rep2.raw	NT=ms-proteomics;VV=v1.1.0	NT=crosslinking;VV=v1.0.0	NT=human;VV=v1.1.0
PXD019926_8PM_DSSO_FAIMS_60_rep1_BioRep2	Homo sapiens	whole cell lysate	not available	162	PXD019926_8PM_DSSO_FAIMS_60_rep1_BioRep2_assay	proteomic profiling by mass spectrometry	data-dependent acquisition	NT=label free sample;AC=MS:1002038	1	1	not available	NT=Lys-C;AC=MS:1001309	NT=Carbamidomethyl;AC=UNIMOD:4;TA=C;MT=Fixed	NT=Oxidation;AC=UNIMOD:21;TA=M;MT=Variable	not available	not available	NT=[{'NT': 'disuccinimidyl sulfoxide', 'AC': 'XLMOD:02126', 'CL': 'yes', 'TA': 'K,S,T,Y', 'structured': 'NT=disuccinimidyl sulfoxide;AC=XLMOD:02126;CL=yes;TA=K,S,T,Y'}, {'NT': 'disuccinimidyl suberate', 'AC': 'XLMOD:02001', 'CL': 'no', 'TA': 'K,nterm', 'structured': 'NT=disuccinimidyl suberate;AC=XLMOD:02001;CL=no;TA=K,nterm'}]	size exclusion chromatography (SEC)	0.5 mM	not available	1 h	room temperature	8PM_DSSO_FAIMS_60_rep1_BioRep2.raw	NT=ms-proteomics;VV=v1.1.0	NT=crosslinking;VV=v1.0.0	NT=human;VV=v1.1.0
PXD019926_8PM_DSS_A_55_rep1	Homo sapiens	whole cell lysate	not available	163	PXD019926_8PM_DSS_A_55_rep1_assay	proteomic profiling by mass spectrometry	data-dependent acquisition	NT=label free sample;AC=MS:1002038	1	1	not available	NT=Lys-C;AC=MS:1001309	NT=Carbamidomethyl;AC=UNIMOD:4;TA=C;MT=Fixed	NT=Oxidation;AC=UNIMOD:21;TA=M;MT=Variable	not available	not available	NT=[{'NT': 'disuccinimidyl sulfoxide', 'AC': 'XLMOD:02126', 'CL': 'yes', 'TA': 'K,S,T,Y', 'structured': 'NT=disuccinimidyl sulfoxide;AC=XLMOD:02126;CL=yes;TA=K,S,T,Y'}, {'NT': 'disuccinimidyl suberate', 'AC': 'XLMOD:02001', 'CL': 'no', 'TA': 'K,nterm', 'structured': 'NT=disuccinimidyl suberate;AC=XLMOD:02001;CL=no;TA=K,nterm'}]	size exclusion chromatography (SEC)	0.5 mM	not available	1 h	room temperature	8PM_DSS_A_55_rep1.raw	NT=ms-proteomics;VV=v1.1.0	NT=crosslinking;VV=v1.0.0	NT=human;VV=v1.1.0
PXD019926_8PM_DSS_A_noFAIMS_rep1	Homo sapiens	whole cell lysate	not available	164	PXD019926_8PM_DSS_A_noFAIMS_rep1_assay	proteomic profiling by mass spectrometry	data-dependent acquisition	NT=label free sample;AC=MS:1002038	1	1	not available	NT=Lys-C;AC=MS:1001309	NT=Carbamidomethyl;AC=UNIMOD:4;TA=C;MT=Fixed	NT=Oxidation;AC=UNIMOD:21;TA=M;MT=Variable	not available	not available	NT=[{'NT': 'disuccinimidyl sulfoxide', 'AC': 'XLMOD:02126', 'CL': 'yes', 'TA': 'K,S,T,Y', 'structured': 'NT=disuccinimidyl sulfoxide;AC=XLMOD:02126;CL=yes;TA=K,S,T,Y'}, {'NT': 'disuccinimidyl suberate', 'AC': 'XLMOD:02001', 'CL': 'no', 'TA': 'K,nterm', 'structured': 'NT=disuccinimidyl suberate;AC=XLMOD:02001;CL=no;TA=K,nterm'}]	size exclusion chromatography (SEC)	0.5 mM	not available	1 h	room temperature	8PM_DSS_A_noFAIMS_rep1.raw	NT=ms-proteomics;VV=v1.1.0	NT=crosslinking;VV=v1.0.0	NT=human;VV=v1.1.0
PXD019926_HEK293_DSS_FAIMS_5060_Fr3	Homo sapiens	whole cell lysate	not available	11	PXD019926_HEK293_DSS_FAIMS_5060_Fr3_assay	proteomic profiling by mass spectrometry	data-dependent acquisition	NT=label free sample;AC=MS:1002038	3	1	not available	NT=Lys-C;AC=MS:1001309	NT=Carbamidomethyl;AC=UNIMOD:4;TA=C;MT=Fixed	NT=Oxidation;AC=UNIMOD:21;TA=M;MT=Variable	not available	not available	NT=[{'NT': 'disuccinimidyl sulfoxide', 'AC': 'XLMOD:02126', 'CL': 'yes', 'TA': 'K,S,T,Y', 'structured': 'NT=disuccinimidyl sulfoxide;AC=XLMOD:02126;CL=yes;TA=K,S,T,Y'}, {'NT': 'disuccinimidyl suberate', 'AC': 'XLMOD:02001', 'CL': 'no', 'TA': 'K,nterm', 'structured': 'NT=disuccinimidyl suberate;AC=XLMOD:02001;CL=no;TA=K,nterm'}]	size exclusion chromatography (SEC)	0.5 mM	not available	1 h	room temperature	HEK293_DSS_FAIMS_5060_Fr3.raw	NT=ms-proteomics;VV=v1.1.0	NT=crosslinking;VV=v1.0.0	NT=human;VV=v1.1.0
PXD019926_HEK293_FAIMS_50_60_75_Fr4	Homo sapiens	whole cell lysate	not available	12	PXD019926_HEK293_FAIMS_50_60_75_Fr4_assay	proteomic profiling by mass spectrometry	data-dependent acquisition	NT=label free sample;AC=MS:1002038	4	1	not available	NT=Lys-C;AC=MS:1001309	NT=Carbamidomethyl;AC=UNIMOD:4;TA=C;MT=Fixed	NT=Oxidation;AC=UNIMOD:21;TA=M;MT=Variable	not available	not available	NT=[{'NT': 'disuccinimidyl sulfoxide', 'AC': 'XLMOD:02126', 'CL': 'yes', 'TA': 'K,S,T,Y', 'structured': 'NT=disuccinimidyl sulfoxide;AC=XLMOD:02126;CL=yes;TA=K,S,T,Y'}, {'NT': 'disuccinimidyl suberate', 'AC': 'XLMOD:02001', 'CL': 'no', 'TA': 'K,nterm', 'structured': 'NT=disuccinimidyl suberate;AC=XLMOD:02001;CL=no;TA=K,nterm'}]	size exclusion chromatography (SEC)	0.5 mM	not available	1 h	room temperature	HEK293_FAIMS_50_60_75_Fr4.raw	NT=ms-proteomics;VV=v1.1.0	NT=crosslinking;VV=v1.0.0	NT=human;VV=v1.1.0
PXD019926_8PM_DSS_B_85_rep2	Homo sapiens	whole cell lysate	not available	165	PXD019926_8PM_DSS_B_85_rep2_assay	proteomic profiling by mass spectrometry	data-dependent acquisition	NT=label free sample;AC=MS:1002038	1	2	not available	NT=Lys-C;AC=MS:1001309	NT=Carbamidomethyl;AC=UNIMOD:4;TA=C;MT=Fixed	NT=Oxidation;AC=UNIMOD:21;TA=M;MT=Variable	not available	not available	NT=[{'NT': 'disuccinimidyl sulfoxide', 'AC': 'XLMOD:02126', 'CL': 'yes', 'TA': 'K,S,T,Y', 'structured': 'NT=disuccinimidyl sulfoxide;AC=XLMOD:02126;CL=yes;TA=K,S,T,Y'}, {'NT': 'disuccinimidyl suberate', 'AC': 'XLMOD:02001', 'CL': 'no', 'TA': 'K,nterm', 'structured': 'NT=disuccinimidyl suberate;AC=XLMOD:02001;CL=no;TA=K,nterm'}]	size exclusion chromatography (SEC)	0.5 mM	not available	1 h	room temperature	8PM_DSS_B_85_rep2.raw	NT=ms-proteomics;VV=v1.1.0	NT=crosslinking;VV=v1.0.0	NT=human;VV=v1.1.0
PXD019926_8PM_DSS_A_20_rep1	Homo sapiens	whole cell lysate	not available	166	PXD019926_8PM_DSS_A_20_rep1_assay	proteomic profiling by mass spectrometry	data-dependent acquisition	NT=label free sample;AC=MS:1002038	1	1	not available	NT=Lys-C;AC=MS:1001309	NT=Carbamidomethyl;AC=UNIMOD:4;TA=C;MT=Fixed	NT=Oxidation;AC=UNIMOD:21;TA=M;MT=Variable	not available	not available	NT=[{'NT': 'disuccinimidyl sulfoxide', 'AC': 'XLMOD:02126', 'CL': 'yes', 'TA': 'K,S,T,Y', 'structured': 'NT=disuccinimidyl sulfoxide;AC=XLMOD:02126;CL=yes;TA=K,S,T,Y'}, {'NT': 'disuccinimidyl suberate', 'AC': 'XLMOD:02001', 'CL': 'no', 'TA': 'K,nterm', 'structured': 'NT=disuccinimidyl suberate;AC=XLMOD:02001;CL=no;TA=K,nterm'}]	size exclusion chromatography (SEC)	0.5 mM	not available	1 h	room temperature	8PM_DSS_A_20_rep1.raw	NT=ms-proteomics;VV=v1.1.0	NT=crosslinking;VV=v1.0.0	NT=human;VV=v1.1.0
PXD019926_8PM_DSSO_FAIMS_40_rep2_BioRep2	Homo sapiens	whole cell lysate	not available	167	PXD019926_8PM_DSSO_FAIMS_40_rep2_BioRep2_assay	proteomic profiling by mass spectrometry	data-dependent acquisition	NT=label free sample;AC=MS:1002038	1	2	not available	NT=Lys-C;AC=MS:1001309	NT=Carbamidomethyl;AC=UNIMOD:4;TA=C;MT=Fixed	NT=Oxidation;AC=UNIMOD:21;TA=M;MT=Variable	not available	not available	NT=[{'NT': 'disuccinimidyl sulfoxide', 'AC': 'XLMOD:02126', 'CL': 'yes', 'TA': 'K,S,T,Y', 'structured': 'NT=disuccinimidyl sulfoxide;AC=XLMOD:02126;CL=yes;TA=K,S,T,Y'}, {'NT': 'disuccinimidyl suberate', 'AC': 'XLMOD:02001', 'CL': 'no', 'TA': 'K,nterm', 'structured': 'NT=disuccinimidyl suberate;AC=XLMOD:02001;CL=no;TA=K,nterm'}]	size exclusion chromatography (SEC)	0.5 mM	not available	1 h	room temperature	8PM_DSSO_FAIMS_40_rep2_BioRep2.raw	NT=ms-proteomics;VV=v1.1.0	NT=crosslinking;VV=v1.0.0	NT=human;VV=v1.1.0
PXD019926_8PM_DSS_B_65_rep1	Homo sapiens	whole cell lysate	not available	168	PXD019926_8PM_DSS_B_65_rep1_assay	proteomic profiling by mass spectrometry	data-dependent acquisition	NT=label free sample;AC=MS:1002038	1	1	not available	NT=Lys-C;AC=MS:1001309	NT=Carbamidomethyl;AC=UNIMOD:4;TA=C;MT=Fixed	NT=Oxidation;AC=UNIMOD:21;TA=M;MT=Variable	not available	not available	NT=[{'NT': 'disuccinimidyl sulfoxide', 'AC': 'XLMOD:02126', 'CL': 'yes', 'TA': 'K,S,T,Y', 'structured': 'NT=disuccinimidyl sulfoxide;AC=XLMOD:02126;CL=yes;TA=K,S,T,Y'}, {'NT': 'disuccinimidyl suberate', 'AC': 'XLMOD:02001', 'CL': 'no', 'TA': 'K,nterm', 'structured': 'NT=disuccinimidyl suberate;AC=XLMOD:02001;CL=no;TA=K,nterm'}]	size exclusion chromatography (SEC)	0.5 mM	not available	1 h	room temperature	8PM_DSS_B_65_rep1.raw	NT=ms-proteomics;VV=v1.1.0	NT=crosslinking;VV=v1.0.0	NT=human;VV=v1.1.0
PXD019926_8PM_DSSO_FAIMS_70_rep1_BioRep2	Homo sapiens	whole cell lysate	not available	169	PXD019926_8PM_DSSO_FAIMS_70_rep1_BioRep2_assay	proteomic profiling by mass spectrometry	data-dependent acquisition	NT=label free sample;AC=MS:1002038	1	1	not available	NT=Lys-C;AC=MS:1001309	NT=Carbamidomethyl;AC=UNIMOD:4;TA=C;MT=Fixed	NT=Oxidation;AC=UNIMOD:21;TA=M;MT=Variable	not available	not available	NT=[{'NT': 'disuccinimidyl sulfoxide', 'AC': 'XLMOD:02126', 'CL': 'yes', 'TA': 'K,S,T,Y', 'structured': 'NT=disuccinimidyl sulfoxide;AC=XLMOD:02126;CL=yes;TA=K,S,T,Y'}, {'NT': 'disuccinimidyl suberate', 'AC': 'XLMOD:02001', 'CL': 'no', 'TA': 'K,nterm', 'structured': 'NT=disuccinimidyl suberate;AC=XLMOD:02001;CL=no;TA=K,nterm'}]	size exclusion chromatography (SEC)	0.5 mM	not available	1 h	room temperature	8PM_DSSO_FAIMS_70_rep1_BioRep2.raw	NT=ms-proteomics;VV=v1.1.0	NT=crosslinking;VV=v1.0.0	NT=human;VV=v1.1.0
PXD019926_8PM_DSS_60min_noFAIMS_rep2	Homo sapiens	whole cell lysate	not available	170	PXD019926_8PM_DSS_60min_noFAIMS_rep2_assay	proteomic profiling by mass spectrometry	data-dependent acquisition	NT=label free sample;AC=MS:1002038	1	2	not available	NT=Lys-C;AC=MS:1001309	NT=Carbamidomethyl;AC=UNIMOD:4;TA=C;MT=Fixed	NT=Oxidation;AC=UNIMOD:21;TA=M;MT=Variable	not available	not available	NT=[{'NT': 'disuccinimidyl sulfoxide', 'AC': 'XLMOD:02126', 'CL': 'yes', 'TA': 'K,S,T,Y', 'structured': 'NT=disuccinimidyl sulfoxide;AC=XLMOD:02126;CL=yes;TA=K,S,T,Y'}, {'NT': 'disuccinimidyl suberate', 'AC': 'XLMOD:02001', 'CL': 'no', 'TA': 'K,nterm', 'structured': 'NT=disuccinimidyl suberate;AC=XLMOD:02001;CL=no;TA=K,nterm'}]	size exclusion chromatography (SEC)	0.5 mM	not available	1 h	room temperature	8PM_DSS_60min_noFAIMS_rep2.raw	NT=ms-proteomics;VV=v1.1.0	NT=crosslinking;VV=v1.0.0	NT=human;VV=v1.1.0
PXD019926_8PM_DSS_60min_50_60_rep2	Homo sapiens	whole cell lysate	not available	171	PXD019926_8PM_DSS_60min_50_60_rep2_assay	proteomic profiling by mass spectrometry	data-dependent acquisition	NT=label free sample;AC=MS:1002038	1	2	not available	NT=Lys-C;AC=MS:1001309	NT=Carbamidomethyl;AC=UNIMOD:4;TA=C;MT=Fixed	NT=Oxidation;AC=UNIMOD:21;TA=M;MT=Variable	not available	not available	NT=[{'NT': 'disuccinimidyl sulfoxide', 'AC': 'XLMOD:02126', 'CL': 'yes', 'TA': 'K,S,T,Y', 'structured': 'NT=disuccinimidyl sulfoxide;AC=XLMOD:02126;CL=yes;TA=K,S,T,Y'}, {'NT': 'disuccinimidyl suberate', 'AC': 'XLMOD:02001', 'CL': 'no', 'TA': 'K,nterm', 'structured': 'NT=disuccinimidyl suberate;AC=XLMOD:02001;CL=no;TA=K,nterm'}]	size exclusion chromatography (SEC)	0.5 mM	not available	1 h	room temperature	8PM_DSS_60min_50_60_rep2.raw	NT=ms-proteomics;VV=v1.1.0	NT=crosslinking;VV=v1.0.0	NT=human;VV=v1.1.0
PXD019926_HEK293_DSS_noFAIMS_Fr4	Homo sapiens	whole cell lysate	not available	13	PXD019926_HEK293_DSS_noFAIMS_Fr4_assay	proteomic profiling by mass spectrometry	data-dependent acquisition	NT=label free sample;AC=MS:1002038	4	1	not available	NT=Lys-C;AC=MS:1001309	NT=Carbamidomethyl;AC=UNIMOD:4;TA=C;MT=Fixed	NT=Oxidation;AC=UNIMOD:21;TA=M;MT=Variable	not available	not available	NT=[{'NT': 'disuccinimidyl sulfoxide', 'AC': 'XLMOD:02126', 'CL': 'yes', 'TA': 'K,S,T,Y', 'structured': 'NT=disuccinimidyl sulfoxide;AC=XLMOD:02126;CL=yes;TA=K,S,T,Y'}, {'NT': 'disuccinimidyl suberate', 'AC': 'XLMOD:02001', 'CL': 'no', 'TA': 'K,nterm', 'structured': 'NT=disuccinimidyl suberate;AC=XLMOD:02001;CL=no;TA=K,nterm'}]	size exclusion chromatography (SEC)	0.5 mM	not available	1 h	room temperature	HEK293_DSS_noFAIMS_Fr4.raw	NT=ms-proteomics;VV=v1.1.0	NT=crosslinking;VV=v1.0.0	NT=human;VV=v1.1.0
PXD019926_8PM_DSS_90min_40_55_65_rep1	Homo sapiens	whole cell lysate	not available	172	PXD019926_8PM_DSS_90min_40_55_65_rep1_assay	proteomic profiling by mass spectrometry	data-dependent acquisition	NT=label free sample;AC=MS:1002038	1	1	not available	NT=Lys-C;AC=MS:1001309	NT=Carbamidomethyl;AC=UNIMOD:4;TA=C;MT=Fixed	NT=Oxidation;AC=UNIMOD:21;TA=M;MT=Variable	not available	not available	NT=[{'NT': 'disuccinimidyl sulfoxide', 'AC': 'XLMOD:02126', 'CL': 'yes', 'TA': 'K,S,T,Y', 'structured': 'NT=disuccinimidyl sulfoxide;AC=XLMOD:02126;CL=yes;TA=K,S,T,Y'}, {'NT': 'disuccinimidyl suberate', 'AC': 'XLMOD:02001', 'CL': 'no', 'TA': 'K,nterm', 'structured': 'NT=disuccinimidyl suberate;AC=XLMOD:02001;CL=no;TA=K,nterm'}]	size exclusion chromatography (SEC)	0.5 mM	not available	1 h	room temperature	8PM_DSS_90min_40_55_65_rep1.raw	NT=ms-proteomics;VV=v1.1.0	NT=crosslinking;VV=v1.0.0	NT=human;VV=v1.1.0
PXD019926_HEK293_DSS_FAIMS_4055_Fr3	Homo sapiens	whole cell lysate	not available	12	PXD019926_HEK293_DSS_FAIMS_4055_Fr3_assay	proteomic profiling by mass spectrometry	data-dependent acquisition	NT=label free sample;AC=MS:1002038	3	1	not available	NT=Lys-C;AC=MS:1001309	NT=Carbamidomethyl;AC=UNIMOD:4;TA=C;MT=Fixed	NT=Oxidation;AC=UNIMOD:21;TA=M;MT=Variable	not available	not available	NT=[{'NT': 'disuccinimidyl sulfoxide', 'AC': 'XLMOD:02126', 'CL': 'yes', 'TA': 'K,S,T,Y', 'structured': 'NT=disuccinimidyl sulfoxide;AC=XLMOD:02126;CL=yes;TA=K,S,T,Y'}, {'NT': 'disuccinimidyl suberate', 'AC': 'XLMOD:02001', 'CL': 'no', 'TA': 'K,nterm', 'structured': 'NT=disuccinimidyl suberate;AC=XLMOD:02001;CL=no;TA=K,nterm'}]	size exclusion chromatography (SEC)	0.5 mM	not available	1 h	room temperature	HEK293_DSS_FAIMS_4055_Fr3.raw	NT=ms-proteomics;VV=v1.1.0	NT=crosslinking;VV=v1.0.0	NT=human;VV=v1.1.0
PXD019926_8PM_DSS_A_noFAIMS_rep2	Homo sapiens	whole cell lysate	not available	173	PXD019926_8PM_DSS_A_noFAIMS_rep2_assay	proteomic profiling by mass spectrometry	data-dependent acquisition	NT=label free sample;AC=MS:1002038	1	2	not available	NT=Lys-C;AC=MS:1001309	NT=Carbamidomethyl;AC=UNIMOD:4;TA=C;MT=Fixed	NT=Oxidation;AC=UNIMOD:21;TA=M;MT=Variable	not available	not available	NT=[{'NT': 'disuccinimidyl sulfoxide', 'AC': 'XLMOD:02126', 'CL': 'yes', 'TA': 'K,S,T,Y', 'structured': 'NT=disuccinimidyl sulfoxide;AC=XLMOD:02126;CL=yes;TA=K,S,T,Y'}, {'NT': 'disuccinimidyl suberate', 'AC': 'XLMOD:02001', 'CL': 'no', 'TA': 'K,nterm', 'structured': 'NT=disuccinimidyl suberate;AC=XLMOD:02001;CL=no;TA=K,nterm'}]	size exclusion chromatography (SEC)	0.5 mM	not available	1 h	room temperature	8PM_DSS_A_noFAIMS_rep2.raw	NT=ms-proteomics;VV=v1.1.0	NT=crosslinking;VV=v1.0.0	NT=human;VV=v1.1.0
PXD019926_8PM_DSSO_SEC_noFAIMS_F2_90min	Homo sapiens	whole cell lysate	not available	16	PXD019926_8PM_DSSO_SEC_noFAIMS_F2_90min_assay	proteomic profiling by mass spectrometry	data-dependent acquisition	NT=label free sample;AC=MS:1002038	2	1	not available	NT=Lys-C;AC=MS:1001309	NT=Carbamidomethyl;AC=UNIMOD:4;TA=C;MT=Fixed	NT=Oxidation;AC=UNIMOD:21;TA=M;MT=Variable	not available	not available	NT=[{'NT': 'disuccinimidyl sulfoxide', 'AC': 'XLMOD:02126', 'CL': 'yes', 'TA': 'K,S,T,Y', 'structured': 'NT=disuccinimidyl sulfoxide;AC=XLMOD:02126;CL=yes;TA=K,S,T,Y'}, {'NT': 'disuccinimidyl suberate', 'AC': 'XLMOD:02001', 'CL': 'no', 'TA': 'K,nterm', 'structured': 'NT=disuccinimidyl suberate;AC=XLMOD:02001;CL=no;TA=K,nterm'}]	size exclusion chromatography (SEC)	0.5 mM	not available	1 h	room temperature	8PM_DSSO_SEC_noFAIMS_F2_90min.raw	NT=ms-proteomics;VV=v1.1.0	NT=crosslinking;VV=v1.0.0	NT=human;VV=v1.1.0
PXD019926_HEK293_DSS_noFAIMS_Fr1	Homo sapiens	whole cell lysate	not available	174	PXD019926_HEK293_DSS_noFAIMS_Fr1_assay	proteomic profiling by mass spectrometry	data-dependent acquisition	NT=label free sample;AC=MS:1002038	1	1	not available	NT=Lys-C;AC=MS:1001309	NT=Carbamidomethyl;AC=UNIMOD:4;TA=C;MT=Fixed	NT=Oxidation;AC=UNIMOD:21;TA=M;MT=Variable	not available	not available	NT=[{'NT': 'disuccinimidyl sulfoxide', 'AC': 'XLMOD:02126', 'CL': 'yes', 'TA': 'K,S,T,Y', 'structured': 'NT=disuccinimidyl sulfoxide;AC=XLMOD:02126;CL=yes;TA=K,S,T,Y'}, {'NT': 'disuccinimidyl suberate', 'AC': 'XLMOD:02001', 'CL': 'no', 'TA': 'K,nterm', 'structured': 'NT=disuccinimidyl suberate;AC=XLMOD:02001;CL=no;TA=K,nterm'}]	size exclusion chromatography (SEC)	0.5 mM	not available	1 h	room temperature	HEK293_DSS_noFAIMS_Fr1.raw	NT=ms-proteomics;VV=v1.1.0	NT=crosslinking;VV=v1.0.0	NT=human;VV=v1.1.0
PXD019926_8PM_DSS_A_40_rep1	Homo sapiens	whole cell lysate	not available	175	PXD019926_8PM_DSS_A_40_rep1_assay	proteomic profiling by mass spectrometry	data-dependent acquisition	NT=label free sample;AC=MS:1002038	1	1	not available	NT=Lys-C;AC=MS:1001309	NT=Carbamidomethyl;AC=UNIMOD:4;TA=C;MT=Fixed	NT=Oxidation;AC=UNIMOD:21;TA=M;MT=Variable	not available	not available	NT=[{'NT': 'disuccinimidyl sulfoxide', 'AC': 'XLMOD:02126', 'CL': 'yes', 'TA': 'K,S,T,Y', 'structured': 'NT=disuccinimidyl sulfoxide;AC=XLMOD:02126;CL=yes;TA=K,S,T,Y'}, {'NT': 'disuccinimidyl suberate', 'AC': 'XLMOD:02001', 'CL': 'no', 'TA': 'K,nterm', 'structured': 'NT=disuccinimidyl suberate;AC=XLMOD:02001;CL=no;TA=K,nterm'}]	size exclusion chromatography (SEC)	0.5 mM	not available	1 h	room temperature	8PM_DSS_A_40_rep1.raw	NT=ms-proteomics;VV=v1.1.0	NT=crosslinking;VV=v1.0.0	NT=human;VV=v1.1.0
PXD019926_8PM_DSSO_FAIMS_55_rep2_BioRep2	Homo sapiens	whole cell lysate	not available	176	PXD019926_8PM_DSSO_FAIMS_55_rep2_BioRep2_assay	proteomic profiling by mass spectrometry	data-dependent acquisition	NT=label free sample;AC=MS:1002038	1	2	not available	NT=Lys-C;AC=MS:1001309	NT=Carbamidomethyl;AC=UNIMOD:4;TA=C;MT=Fixed	NT=Oxidation;AC=UNIMOD:21;TA=M;MT=Variable	not available	not available	NT=[{'NT': 'disuccinimidyl sulfoxide', 'AC': 'XLMOD:02126', 'CL': 'yes', 'TA': 'K,S,T,Y', 'structured': 'NT=disuccinimidyl sulfoxide;AC=XLMOD:02126;CL=yes;TA=K,S,T,Y'}, {'NT': 'disuccinimidyl suberate', 'AC': 'XLMOD:02001', 'CL': 'no', 'TA': 'K,nterm', 'structured': 'NT=disuccinimidyl suberate;AC=XLMOD:02001;CL=no;TA=K,nterm'}]	size exclusion chromatography (SEC)	0.5 mM	not available	1 h	room temperature	8PM_DSSO_FAIMS_55_rep2_BioRep2.raw	NT=ms-proteomics;VV=v1.1.0	NT=crosslinking;VV=v1.0.0	NT=human;VV=v1.1.0
PXD019926_HEK293_FAIMS_50_60_75_Fr3	Homo sapiens	whole cell lysate	not available	13	PXD019926_HEK293_FAIMS_50_60_75_Fr3_assay	proteomic profiling by mass spectrometry	data-dependent acquisition	NT=label free sample;AC=MS:1002038	3	1	not available	NT=Lys-C;AC=MS:1001309	NT=Carbamidomethyl;AC=UNIMOD:4;TA=C;MT=Fixed	NT=Oxidation;AC=UNIMOD:21;TA=M;MT=Variable	not available	not available	NT=[{'NT': 'disuccinimidyl sulfoxide', 'AC': 'XLMOD:02126', 'CL': 'yes', 'TA': 'K,S,T,Y', 'structured': 'NT=disuccinimidyl sulfoxide;AC=XLMOD:02126;CL=yes;TA=K,S,T,Y'}, {'NT': 'disuccinimidyl suberate', 'AC': 'XLMOD:02001', 'CL': 'no', 'TA': 'K,nterm', 'structured': 'NT=disuccinimidyl suberate;AC=XLMOD:02001;CL=no;TA=K,nterm'}]	size exclusion chromatography (SEC)	0.5 mM	not available	1 h	room temperature	HEK293_FAIMS_50_60_75_Fr3.raw	NT=ms-proteomics;VV=v1.1.0	NT=crosslinking;VV=v1.0.0	NT=human;VV=v1.1.0
PXD019926_8PM_DSSO_FAIMS_rep1_80	Equus caballus (horse)	whole cell lysate	not available	177	PXD019926_8PM_DSSO_FAIMS_rep1_80_assay	proteomic profiling by mass spectrometry	data-dependent acquisition	NT=label free sample;AC=MS:1002038	1	1	not available	NT=Lys-C;AC=MS:1001309	NT=Carbamidomethyl;AC=UNIMOD:4;TA=C;MT=Fixed	NT=Oxidation;AC=UNIMOD:21;TA=M;MT=Variable	not available	not available	NT=[{'NT': 'disuccinimidyl sulfoxide', 'AC': 'XLMOD:02126', 'CL': 'yes', 'TA': 'K,S,T,Y', 'structured': 'NT=disuccinimidyl sulfoxide;AC=XLMOD:02126;CL=yes;TA=K,S,T,Y'}, {'NT': 'disuccinimidyl suberate', 'AC': 'XLMOD:02001', 'CL': 'no', 'TA': 'K,nterm', 'structured': 'NT=disuccinimidyl suberate;AC=XLMOD:02001;CL=no;TA=K,nterm'}]	size exclusion chromatography (SEC)	0.5 mM	not available	1 h	room temperature	8PM_DSSO_FAIMS_rep1_80.raw	NT=ms-proteomics;VV=v1.1.0	NT=crosslinking;VV=v1.0.0	NT=human;VV=v1.1.0
PXD019926_HEK293_FAIMS_40_55_70_Fr5	Homo sapiens	whole cell lysate	not available	8	PXD019926_HEK293_FAIMS_40_55_70_Fr5_assay	proteomic profiling by mass spectrometry	data-dependent acquisition	NT=label free sample;AC=MS:1002038	5	1	not available	NT=Lys-C;AC=MS:1001309	NT=Carbamidomethyl;AC=UNIMOD:4;TA=C;MT=Fixed	NT=Oxidation;AC=UNIMOD:21;TA=M;MT=Variable	not available	not available	NT=[{'NT': 'disuccinimidyl sulfoxide', 'AC': 'XLMOD:02126', 'CL': 'yes', 'TA': 'K,S,T,Y', 'structured': 'NT=disuccinimidyl sulfoxide;AC=XLMOD:02126;CL=yes;TA=K,S,T,Y'}, {'NT': 'disuccinimidyl suberate', 'AC': 'XLMOD:02001', 'CL': 'no', 'TA': 'K,nterm', 'structured': 'NT=disuccinimidyl suberate;AC=XLMOD:02001;CL=no;TA=K,nterm'}]	size exclusion chromatography (SEC)	0.5 mM	not available	1 h	room temperature	HEK293_FAIMS_40_55_70_Fr5.raw	NT=ms-proteomics;VV=v1.1.0	NT=crosslinking;VV=v1.0.0	NT=human;VV=v1.1.0
