source name	characteristics[organism]	characteristics[organism part]	characteristics[cell type]	characteristics[biological replicate]	assay name	technology type	comment[proteomics data acquisition method]	comment[label]	comment[fraction identifier]	comment[technical replicate]	comment[instrument]	comment[cleavage agent details]	comment[modification parameters]	comment[modification parameters]	comment[collision energy]	comment[dissociation method]	comment[cross-linker]	comment[crosslink enrichment method]	comment[crosslinker concentration]	comment[crosslinker to protein ratio]	comment[crosslinking reaction time]	comment[crosslinking temperature]	comment[data file]	comment[sdrf template]	comment[sdrf template]	comment[sdrf template]
PXD044405_ejensen_C1902_241	Homo sapiens	not available	not available	1	PXD044405_ejensen_C1902_241_assay	proteomic profiling by mass spectrometry	data-dependent acquisition	NT=label free sample;AC=MS:1002038	1	1	not available	NT=Lys-C;AC=MS:1001309	NT=Carbamidomethyl;AC=UNIMOD:4;TA=C;MT=Fixed	NT=Oxidation;AC=UNIMOD:21;TA=M;MT=Variable	not available	not available	NT=[{'NT': 'DSS', 'AC': 'XLMOD:02001', 'CL': 'no', 'TA': 'K,nterm'}, {'NT': 'PDH', 'AC': None, 'CL': None, 'TA': None}, {'NT': 'DMTMM', 'AC': None, 'CL': None, 'TA': None}, {'NT': 'hexanediamine', 'AC': None, 'CL': None, 'TA': None}, {'NT': 'N-hydroxybenzotriazole', 'AC': None, 'CL': None, 'TA': None}]	not available	not available	not available	not available	not available	ejensen_C1902_241.raw	NT=ms-proteomics;VV=v1.1.0	NT=crosslinking;VV=v1.0.0	NT=human;VV=v1.1.0
PXD044405_ejensen_C1911_143	Homo sapiens	not available	not available	2	PXD044405_ejensen_C1911_143_assay	proteomic profiling by mass spectrometry	data-dependent acquisition	NT=label free sample;AC=MS:1002038	1	1	not available	NT=Lys-C;AC=MS:1001309	NT=Carbamidomethyl;AC=UNIMOD:4;TA=C;MT=Fixed	NT=Oxidation;AC=UNIMOD:21;TA=M;MT=Variable	not available	not available	NT=[{'NT': 'DSS', 'AC': 'XLMOD:02001', 'CL': 'no', 'TA': 'K,nterm'}, {'NT': 'PDH', 'AC': None, 'CL': None, 'TA': None}, {'NT': 'DMTMM', 'AC': None, 'CL': None, 'TA': None}, {'NT': 'hexanediamine', 'AC': None, 'CL': None, 'TA': None}, {'NT': 'N-hydroxybenzotriazole', 'AC': None, 'CL': None, 'TA': None}]	not available	not available	not available	not available	not available	ejensen_C1911_143.raw	NT=ms-proteomics;VV=v1.1.0	NT=crosslinking;VV=v1.0.0	NT=human;VV=v1.1.0
PXD044405_ejensen_C1911_123	Homo sapiens	not available	not available	3	PXD044405_ejensen_C1911_123_assay	proteomic profiling by mass spectrometry	data-dependent acquisition	NT=label free sample;AC=MS:1002038	1	1	not available	NT=Lys-C;AC=MS:1001309	NT=Carbamidomethyl;AC=UNIMOD:4;TA=C;MT=Fixed	NT=Oxidation;AC=UNIMOD:21;TA=M;MT=Variable	not available	not available	NT=[{'NT': 'DSS', 'AC': 'XLMOD:02001', 'CL': 'no', 'TA': 'K,nterm'}, {'NT': 'PDH', 'AC': None, 'CL': None, 'TA': None}, {'NT': 'DMTMM', 'AC': None, 'CL': None, 'TA': None}, {'NT': 'hexanediamine', 'AC': None, 'CL': None, 'TA': None}, {'NT': 'N-hydroxybenzotriazole', 'AC': None, 'CL': None, 'TA': None}]	not available	not available	not available	not available	not available	ejensen_C1911_123.raw	NT=ms-proteomics;VV=v1.1.0	NT=crosslinking;VV=v1.0.0	NT=human;VV=v1.1.0
PXD044405_ejensen_C1911_018	Homo sapiens	not available	not available	4	PXD044405_ejensen_C1911_018_assay	proteomic profiling by mass spectrometry	data-dependent acquisition	NT=label free sample;AC=MS:1002038	1	1	not available	NT=Lys-C;AC=MS:1001309	NT=Carbamidomethyl;AC=UNIMOD:4;TA=C;MT=Fixed	NT=Oxidation;AC=UNIMOD:21;TA=M;MT=Variable	not available	not available	NT=[{'NT': 'DSS', 'AC': 'XLMOD:02001', 'CL': 'no', 'TA': 'K,nterm'}, {'NT': 'PDH', 'AC': None, 'CL': None, 'TA': None}, {'NT': 'DMTMM', 'AC': None, 'CL': None, 'TA': None}, {'NT': 'hexanediamine', 'AC': None, 'CL': None, 'TA': None}, {'NT': 'N-hydroxybenzotriazole', 'AC': None, 'CL': None, 'TA': None}]	not available	not available	not available	not available	not available	ejensen_C1911_018.raw	NT=ms-proteomics;VV=v1.1.0	NT=crosslinking;VV=v1.0.0	NT=human;VV=v1.1.0
PXD044405_ejensen_C1907_039	Homo sapiens	not available	not available	5	PXD044405_ejensen_C1907_039_assay	proteomic profiling by mass spectrometry	data-dependent acquisition	NT=label free sample;AC=MS:1002038	1	1	not available	NT=Lys-C;AC=MS:1001309	NT=Carbamidomethyl;AC=UNIMOD:4;TA=C;MT=Fixed	NT=Oxidation;AC=UNIMOD:21;TA=M;MT=Variable	not available	not available	NT=[{'NT': 'DSS', 'AC': 'XLMOD:02001', 'CL': 'no', 'TA': 'K,nterm'}, {'NT': 'PDH', 'AC': None, 'CL': None, 'TA': None}, {'NT': 'DMTMM', 'AC': None, 'CL': None, 'TA': None}, {'NT': 'hexanediamine', 'AC': None, 'CL': None, 'TA': None}, {'NT': 'N-hydroxybenzotriazole', 'AC': None, 'CL': None, 'TA': None}]	not available	not available	not available	not available	not available	ejensen_C1907_039.raw	NT=ms-proteomics;VV=v1.1.0	NT=crosslinking;VV=v1.0.0	NT=human;VV=v1.1.0
PXD044405_ejensen_C1911_033	Homo sapiens	not available	not available	6	PXD044405_ejensen_C1911_033_assay	proteomic profiling by mass spectrometry	data-dependent acquisition	NT=label free sample;AC=MS:1002038	1	1	not available	NT=Lys-C;AC=MS:1001309	NT=Carbamidomethyl;AC=UNIMOD:4;TA=C;MT=Fixed	NT=Oxidation;AC=UNIMOD:21;TA=M;MT=Variable	not available	not available	NT=[{'NT': 'DSS', 'AC': 'XLMOD:02001', 'CL': 'no', 'TA': 'K,nterm'}, {'NT': 'PDH', 'AC': None, 'CL': None, 'TA': None}, {'NT': 'DMTMM', 'AC': None, 'CL': None, 'TA': None}, {'NT': 'hexanediamine', 'AC': None, 'CL': None, 'TA': None}, {'NT': 'N-hydroxybenzotriazole', 'AC': None, 'CL': None, 'TA': None}]	not available	not available	not available	not available	not available	ejensen_C1911_033.raw	NT=ms-proteomics;VV=v1.1.0	NT=crosslinking;VV=v1.0.0	NT=human;VV=v1.1.0
PXD044405_ejensen_C1907_048	Homo sapiens	not available	not available	7	PXD044405_ejensen_C1907_048_assay	proteomic profiling by mass spectrometry	data-dependent acquisition	NT=label free sample;AC=MS:1002038	1	1	not available	NT=Lys-C;AC=MS:1001309	NT=Carbamidomethyl;AC=UNIMOD:4;TA=C;MT=Fixed	NT=Oxidation;AC=UNIMOD:21;TA=M;MT=Variable	not available	not available	NT=[{'NT': 'DSS', 'AC': 'XLMOD:02001', 'CL': 'no', 'TA': 'K,nterm'}, {'NT': 'PDH', 'AC': None, 'CL': None, 'TA': None}, {'NT': 'DMTMM', 'AC': None, 'CL': None, 'TA': None}, {'NT': 'hexanediamine', 'AC': None, 'CL': None, 'TA': None}, {'NT': 'N-hydroxybenzotriazole', 'AC': None, 'CL': None, 'TA': None}]	not available	not available	not available	not available	not available	ejensen_C1907_048.raw	NT=ms-proteomics;VV=v1.1.0	NT=crosslinking;VV=v1.0.0	NT=human;VV=v1.1.0
PXD044405_ejensen_C1902_243	Homo sapiens	not available	not available	8	PXD044405_ejensen_C1902_243_assay	proteomic profiling by mass spectrometry	data-dependent acquisition	NT=label free sample;AC=MS:1002038	1	1	not available	NT=Lys-C;AC=MS:1001309	NT=Carbamidomethyl;AC=UNIMOD:4;TA=C;MT=Fixed	NT=Oxidation;AC=UNIMOD:21;TA=M;MT=Variable	not available	not available	NT=[{'NT': 'DSS', 'AC': 'XLMOD:02001', 'CL': 'no', 'TA': 'K,nterm'}, {'NT': 'PDH', 'AC': None, 'CL': None, 'TA': None}, {'NT': 'DMTMM', 'AC': None, 'CL': None, 'TA': None}, {'NT': 'hexanediamine', 'AC': None, 'CL': None, 'TA': None}, {'NT': 'N-hydroxybenzotriazole', 'AC': None, 'CL': None, 'TA': None}]	not available	not available	not available	not available	not available	ejensen_C1902_243.raw	NT=ms-proteomics;VV=v1.1.0	NT=crosslinking;VV=v1.0.0	NT=human;VV=v1.1.0
PXD044405_ejensen_C1911_047	Homo sapiens	not available	not available	9	PXD044405_ejensen_C1911_047_assay	proteomic profiling by mass spectrometry	data-dependent acquisition	NT=label free sample;AC=MS:1002038	1	1	not available	NT=Lys-C;AC=MS:1001309	NT=Carbamidomethyl;AC=UNIMOD:4;TA=C;MT=Fixed	NT=Oxidation;AC=UNIMOD:21;TA=M;MT=Variable	not available	not available	NT=[{'NT': 'DSS', 'AC': 'XLMOD:02001', 'CL': 'no', 'TA': 'K,nterm'}, {'NT': 'PDH', 'AC': None, 'CL': None, 'TA': None}, {'NT': 'DMTMM', 'AC': None, 'CL': None, 'TA': None}, {'NT': 'hexanediamine', 'AC': None, 'CL': None, 'TA': None}, {'NT': 'N-hydroxybenzotriazole', 'AC': None, 'CL': None, 'TA': None}]	not available	not available	not available	not available	not available	ejensen_C1911_047.raw	NT=ms-proteomics;VV=v1.1.0	NT=crosslinking;VV=v1.0.0	NT=human;VV=v1.1.0
PXD044405_ejensen_C1902_180	Homo sapiens	not available	not available	10	PXD044405_ejensen_C1902_180_assay	proteomic profiling by mass spectrometry	data-dependent acquisition	NT=label free sample;AC=MS:1002038	1	1	not available	NT=Lys-C;AC=MS:1001309	NT=Carbamidomethyl;AC=UNIMOD:4;TA=C;MT=Fixed	NT=Oxidation;AC=UNIMOD:21;TA=M;MT=Variable	not available	not available	NT=[{'NT': 'DSS', 'AC': 'XLMOD:02001', 'CL': 'no', 'TA': 'K,nterm'}, {'NT': 'PDH', 'AC': None, 'CL': None, 'TA': None}, {'NT': 'DMTMM', 'AC': None, 'CL': None, 'TA': None}, {'NT': 'hexanediamine', 'AC': None, 'CL': None, 'TA': None}, {'NT': 'N-hydroxybenzotriazole', 'AC': None, 'CL': None, 'TA': None}]	not available	not available	not available	not available	not available	ejensen_C1902_180.raw	NT=ms-proteomics;VV=v1.1.0	NT=crosslinking;VV=v1.0.0	NT=human;VV=v1.1.0
PXD044405_ejensen_C1811_046	Homo sapiens	not available	not available	11	PXD044405_ejensen_C1811_046_assay	proteomic profiling by mass spectrometry	data-dependent acquisition	NT=label free sample;AC=MS:1002038	1	1	not available	NT=Lys-C;AC=MS:1001309	NT=Carbamidomethyl;AC=UNIMOD:4;TA=C;MT=Fixed	NT=Oxidation;AC=UNIMOD:21;TA=M;MT=Variable	not available	not available	NT=[{'NT': 'DSS', 'AC': 'XLMOD:02001', 'CL': 'no', 'TA': 'K,nterm'}, {'NT': 'PDH', 'AC': None, 'CL': None, 'TA': None}, {'NT': 'DMTMM', 'AC': None, 'CL': None, 'TA': None}, {'NT': 'hexanediamine', 'AC': None, 'CL': None, 'TA': None}, {'NT': 'N-hydroxybenzotriazole', 'AC': None, 'CL': None, 'TA': None}]	not available	not available	not available	not available	not available	ejensen_C1811_046.raw	NT=ms-proteomics;VV=v1.1.0	NT=crosslinking;VV=v1.0.0	NT=human;VV=v1.1.0
PXD044405_ejensen_C1911_107	Homo sapiens	not available	not available	12	PXD044405_ejensen_C1911_107_assay	proteomic profiling by mass spectrometry	data-dependent acquisition	NT=label free sample;AC=MS:1002038	1	1	not available	NT=Lys-C;AC=MS:1001309	NT=Carbamidomethyl;AC=UNIMOD:4;TA=C;MT=Fixed	NT=Oxidation;AC=UNIMOD:21;TA=M;MT=Variable	not available	not available	NT=[{'NT': 'DSS', 'AC': 'XLMOD:02001', 'CL': 'no', 'TA': 'K,nterm'}, {'NT': 'PDH', 'AC': None, 'CL': None, 'TA': None}, {'NT': 'DMTMM', 'AC': None, 'CL': None, 'TA': None}, {'NT': 'hexanediamine', 'AC': None, 'CL': None, 'TA': None}, {'NT': 'N-hydroxybenzotriazole', 'AC': None, 'CL': None, 'TA': None}]	not available	not available	not available	not available	not available	ejensen_C1911_107.raw	NT=ms-proteomics;VV=v1.1.0	NT=crosslinking;VV=v1.0.0	NT=human;VV=v1.1.0
PXD044405_ejensen_C1902_177	Homo sapiens	not available	not available	13	PXD044405_ejensen_C1902_177_assay	proteomic profiling by mass spectrometry	data-dependent acquisition	NT=label free sample;AC=MS:1002038	1	1	not available	NT=Lys-C;AC=MS:1001309	NT=Carbamidomethyl;AC=UNIMOD:4;TA=C;MT=Fixed	NT=Oxidation;AC=UNIMOD:21;TA=M;MT=Variable	not available	not available	NT=[{'NT': 'DSS', 'AC': 'XLMOD:02001', 'CL': 'no', 'TA': 'K,nterm'}, {'NT': 'PDH', 'AC': None, 'CL': None, 'TA': None}, {'NT': 'DMTMM', 'AC': None, 'CL': None, 'TA': None}, {'NT': 'hexanediamine', 'AC': None, 'CL': None, 'TA': None}, {'NT': 'N-hydroxybenzotriazole', 'AC': None, 'CL': None, 'TA': None}]	not available	not available	not available	not available	not available	ejensen_C1902_177.raw	NT=ms-proteomics;VV=v1.1.0	NT=crosslinking;VV=v1.0.0	NT=human;VV=v1.1.0
PXD044405_ejensen_C1907_074	Homo sapiens	not available	not available	14	PXD044405_ejensen_C1907_074_assay	proteomic profiling by mass spectrometry	data-dependent acquisition	NT=label free sample;AC=MS:1002038	1	1	not available	NT=Lys-C;AC=MS:1001309	NT=Carbamidomethyl;AC=UNIMOD:4;TA=C;MT=Fixed	NT=Oxidation;AC=UNIMOD:21;TA=M;MT=Variable	not available	not available	NT=[{'NT': 'DSS', 'AC': 'XLMOD:02001', 'CL': 'no', 'TA': 'K,nterm'}, {'NT': 'PDH', 'AC': None, 'CL': None, 'TA': None}, {'NT': 'DMTMM', 'AC': None, 'CL': None, 'TA': None}, {'NT': 'hexanediamine', 'AC': None, 'CL': None, 'TA': None}, {'NT': 'N-hydroxybenzotriazole', 'AC': None, 'CL': None, 'TA': None}]	not available	not available	not available	not available	not available	ejensen_C1907_074.raw	NT=ms-proteomics;VV=v1.1.0	NT=crosslinking;VV=v1.0.0	NT=human;VV=v1.1.0
PXD044405_ejensen_C1907_098	Homo sapiens	not available	not available	15	PXD044405_ejensen_C1907_098_assay	proteomic profiling by mass spectrometry	data-dependent acquisition	NT=label free sample;AC=MS:1002038	1	1	not available	NT=Lys-C;AC=MS:1001309	NT=Carbamidomethyl;AC=UNIMOD:4;TA=C;MT=Fixed	NT=Oxidation;AC=UNIMOD:21;TA=M;MT=Variable	not available	not available	NT=[{'NT': 'DSS', 'AC': 'XLMOD:02001', 'CL': 'no', 'TA': 'K,nterm'}, {'NT': 'PDH', 'AC': None, 'CL': None, 'TA': None}, {'NT': 'DMTMM', 'AC': None, 'CL': None, 'TA': None}, {'NT': 'hexanediamine', 'AC': None, 'CL': None, 'TA': None}, {'NT': 'N-hydroxybenzotriazole', 'AC': None, 'CL': None, 'TA': None}]	not available	not available	not available	not available	not available	ejensen_C1907_098.raw	NT=ms-proteomics;VV=v1.1.0	NT=crosslinking;VV=v1.0.0	NT=human;VV=v1.1.0
PXD044405_ejensen_C1907_076	Homo sapiens	not available	not available	16	PXD044405_ejensen_C1907_076_assay	proteomic profiling by mass spectrometry	data-dependent acquisition	NT=label free sample;AC=MS:1002038	1	1	not available	NT=Lys-C;AC=MS:1001309	NT=Carbamidomethyl;AC=UNIMOD:4;TA=C;MT=Fixed	NT=Oxidation;AC=UNIMOD:21;TA=M;MT=Variable	not available	not available	NT=[{'NT': 'DSS', 'AC': 'XLMOD:02001', 'CL': 'no', 'TA': 'K,nterm'}, {'NT': 'PDH', 'AC': None, 'CL': None, 'TA': None}, {'NT': 'DMTMM', 'AC': None, 'CL': None, 'TA': None}, {'NT': 'hexanediamine', 'AC': None, 'CL': None, 'TA': None}, {'NT': 'N-hydroxybenzotriazole', 'AC': None, 'CL': None, 'TA': None}]	not available	not available	not available	not available	not available	ejensen_C1907_076.raw	NT=ms-proteomics;VV=v1.1.0	NT=crosslinking;VV=v1.0.0	NT=human;VV=v1.1.0
PXD044405_ejensen_C1911_118	Homo sapiens	not available	not available	17	PXD044405_ejensen_C1911_118_assay	proteomic profiling by mass spectrometry	data-dependent acquisition	NT=label free sample;AC=MS:1002038	1	1	not available	NT=Lys-C;AC=MS:1001309	NT=Carbamidomethyl;AC=UNIMOD:4;TA=C;MT=Fixed	NT=Oxidation;AC=UNIMOD:21;TA=M;MT=Variable	not available	not available	NT=[{'NT': 'DSS', 'AC': 'XLMOD:02001', 'CL': 'no', 'TA': 'K,nterm'}, {'NT': 'PDH', 'AC': None, 'CL': None, 'TA': None}, {'NT': 'DMTMM', 'AC': None, 'CL': None, 'TA': None}, {'NT': 'hexanediamine', 'AC': None, 'CL': None, 'TA': None}, {'NT': 'N-hydroxybenzotriazole', 'AC': None, 'CL': None, 'TA': None}]	not available	not available	not available	not available	not available	ejensen_C1911_118.raw	NT=ms-proteomics;VV=v1.1.0	NT=crosslinking;VV=v1.0.0	NT=human;VV=v1.1.0
PXD044405_ejensen_C1912_179	Homo sapiens	not available	not available	18	PXD044405_ejensen_C1912_179_assay	proteomic profiling by mass spectrometry	data-dependent acquisition	NT=label free sample;AC=MS:1002038	1	1	not available	NT=Lys-C;AC=MS:1001309	NT=Carbamidomethyl;AC=UNIMOD:4;TA=C;MT=Fixed	NT=Oxidation;AC=UNIMOD:21;TA=M;MT=Variable	not available	not available	NT=[{'NT': 'DSS', 'AC': 'XLMOD:02001', 'CL': 'no', 'TA': 'K,nterm'}, {'NT': 'PDH', 'AC': None, 'CL': None, 'TA': None}, {'NT': 'DMTMM', 'AC': None, 'CL': None, 'TA': None}, {'NT': 'hexanediamine', 'AC': None, 'CL': None, 'TA': None}, {'NT': 'N-hydroxybenzotriazole', 'AC': None, 'CL': None, 'TA': None}]	not available	not available	not available	not available	not available	ejensen_C1912_179.raw	NT=ms-proteomics;VV=v1.1.0	NT=crosslinking;VV=v1.0.0	NT=human;VV=v1.1.0
PXD044405_ejensen_C1803_433	Homo sapiens	not available	not available	19	PXD044405_ejensen_C1803_433_assay	proteomic profiling by mass spectrometry	data-dependent acquisition	NT=label free sample;AC=MS:1002038	1	1	not available	NT=Lys-C;AC=MS:1001309	NT=Carbamidomethyl;AC=UNIMOD:4;TA=C;MT=Fixed	NT=Oxidation;AC=UNIMOD:21;TA=M;MT=Variable	not available	not available	NT=[{'NT': 'DSS', 'AC': 'XLMOD:02001', 'CL': 'no', 'TA': 'K,nterm'}, {'NT': 'PDH', 'AC': None, 'CL': None, 'TA': None}, {'NT': 'DMTMM', 'AC': None, 'CL': None, 'TA': None}, {'NT': 'hexanediamine', 'AC': None, 'CL': None, 'TA': None}, {'NT': 'N-hydroxybenzotriazole', 'AC': None, 'CL': None, 'TA': None}]	not available	not available	not available	not available	not available	ejensen_C1803_433.raw	NT=ms-proteomics;VV=v1.1.0	NT=crosslinking;VV=v1.0.0	NT=human;VV=v1.1.0
PXD044405_ejensen_C1912_180	Homo sapiens	not available	not available	20	PXD044405_ejensen_C1912_180_assay	proteomic profiling by mass spectrometry	data-dependent acquisition	NT=label free sample;AC=MS:1002038	1	1	not available	NT=Lys-C;AC=MS:1001309	NT=Carbamidomethyl;AC=UNIMOD:4;TA=C;MT=Fixed	NT=Oxidation;AC=UNIMOD:21;TA=M;MT=Variable	not available	not available	NT=[{'NT': 'DSS', 'AC': 'XLMOD:02001', 'CL': 'no', 'TA': 'K,nterm'}, {'NT': 'PDH', 'AC': None, 'CL': None, 'TA': None}, {'NT': 'DMTMM', 'AC': None, 'CL': None, 'TA': None}, {'NT': 'hexanediamine', 'AC': None, 'CL': None, 'TA': None}, {'NT': 'N-hydroxybenzotriazole', 'AC': None, 'CL': None, 'TA': None}]	not available	not available	not available	not available	not available	ejensen_C1912_180.raw	NT=ms-proteomics;VV=v1.1.0	NT=crosslinking;VV=v1.0.0	NT=human;VV=v1.1.0
PXD044405_ejensen_C1912_187	Homo sapiens	not available	not available	21	PXD044405_ejensen_C1912_187_assay	proteomic profiling by mass spectrometry	data-dependent acquisition	NT=label free sample;AC=MS:1002038	1	1	not available	NT=Lys-C;AC=MS:1001309	NT=Carbamidomethyl;AC=UNIMOD:4;TA=C;MT=Fixed	NT=Oxidation;AC=UNIMOD:21;TA=M;MT=Variable	not available	not available	NT=[{'NT': 'DSS', 'AC': 'XLMOD:02001', 'CL': 'no', 'TA': 'K,nterm'}, {'NT': 'PDH', 'AC': None, 'CL': None, 'TA': None}, {'NT': 'DMTMM', 'AC': None, 'CL': None, 'TA': None}, {'NT': 'hexanediamine', 'AC': None, 'CL': None, 'TA': None}, {'NT': 'N-hydroxybenzotriazole', 'AC': None, 'CL': None, 'TA': None}]	not available	not available	not available	not available	not available	ejensen_C1912_187.raw	NT=ms-proteomics;VV=v1.1.0	NT=crosslinking;VV=v1.0.0	NT=human;VV=v1.1.0
PXD044405_ejensen_C1911_027	Homo sapiens	not available	not available	22	PXD044405_ejensen_C1911_027_assay	proteomic profiling by mass spectrometry	data-dependent acquisition	NT=label free sample;AC=MS:1002038	1	1	not available	NT=Lys-C;AC=MS:1001309	NT=Carbamidomethyl;AC=UNIMOD:4;TA=C;MT=Fixed	NT=Oxidation;AC=UNIMOD:21;TA=M;MT=Variable	not available	not available	NT=[{'NT': 'DSS', 'AC': 'XLMOD:02001', 'CL': 'no', 'TA': 'K,nterm'}, {'NT': 'PDH', 'AC': None, 'CL': None, 'TA': None}, {'NT': 'DMTMM', 'AC': None, 'CL': None, 'TA': None}, {'NT': 'hexanediamine', 'AC': None, 'CL': None, 'TA': None}, {'NT': 'N-hydroxybenzotriazole', 'AC': None, 'CL': None, 'TA': None}]	not available	not available	not available	not available	not available	ejensen_C1911_027.raw	NT=ms-proteomics;VV=v1.1.0	NT=crosslinking;VV=v1.0.0	NT=human;VV=v1.1.0
PXD044405_ejensen_C1806_240	Homo sapiens	not available	not available	23	PXD044405_ejensen_C1806_240_assay	proteomic profiling by mass spectrometry	data-dependent acquisition	NT=label free sample;AC=MS:1002038	1	1	not available	NT=Lys-C;AC=MS:1001309	NT=Carbamidomethyl;AC=UNIMOD:4;TA=C;MT=Fixed	NT=Oxidation;AC=UNIMOD:21;TA=M;MT=Variable	not available	not available	NT=[{'NT': 'DSS', 'AC': 'XLMOD:02001', 'CL': 'no', 'TA': 'K,nterm'}, {'NT': 'PDH', 'AC': None, 'CL': None, 'TA': None}, {'NT': 'DMTMM', 'AC': None, 'CL': None, 'TA': None}, {'NT': 'hexanediamine', 'AC': None, 'CL': None, 'TA': None}, {'NT': 'N-hydroxybenzotriazole', 'AC': None, 'CL': None, 'TA': None}]	not available	not available	not available	not available	not available	ejensen_C1806_240.raw	NT=ms-proteomics;VV=v1.1.0	NT=crosslinking;VV=v1.0.0	NT=human;VV=v1.1.0
PXD044405_ejensen_C1902_184	Homo sapiens	not available	not available	24	PXD044405_ejensen_C1902_184_assay	proteomic profiling by mass spectrometry	data-dependent acquisition	NT=label free sample;AC=MS:1002038	1	1	not available	NT=Lys-C;AC=MS:1001309	NT=Carbamidomethyl;AC=UNIMOD:4;TA=C;MT=Fixed	NT=Oxidation;AC=UNIMOD:21;TA=M;MT=Variable	not available	not available	NT=[{'NT': 'DSS', 'AC': 'XLMOD:02001', 'CL': 'no', 'TA': 'K,nterm'}, {'NT': 'PDH', 'AC': None, 'CL': None, 'TA': None}, {'NT': 'DMTMM', 'AC': None, 'CL': None, 'TA': None}, {'NT': 'hexanediamine', 'AC': None, 'CL': None, 'TA': None}, {'NT': 'N-hydroxybenzotriazole', 'AC': None, 'CL': None, 'TA': None}]	not available	not available	not available	not available	not available	ejensen_C1902_184.raw	NT=ms-proteomics;VV=v1.1.0	NT=crosslinking;VV=v1.0.0	NT=human;VV=v1.1.0
PXD044405_ejensen_C1911_117	Homo sapiens	not available	not available	25	PXD044405_ejensen_C1911_117_assay	proteomic profiling by mass spectrometry	data-dependent acquisition	NT=label free sample;AC=MS:1002038	1	1	not available	NT=Lys-C;AC=MS:1001309	NT=Carbamidomethyl;AC=UNIMOD:4;TA=C;MT=Fixed	NT=Oxidation;AC=UNIMOD:21;TA=M;MT=Variable	not available	not available	NT=[{'NT': 'DSS', 'AC': 'XLMOD:02001', 'CL': 'no', 'TA': 'K,nterm'}, {'NT': 'PDH', 'AC': None, 'CL': None, 'TA': None}, {'NT': 'DMTMM', 'AC': None, 'CL': None, 'TA': None}, {'NT': 'hexanediamine', 'AC': None, 'CL': None, 'TA': None}, {'NT': 'N-hydroxybenzotriazole', 'AC': None, 'CL': None, 'TA': None}]	not available	not available	not available	not available	not available	ejensen_C1911_117.raw	NT=ms-proteomics;VV=v1.1.0	NT=crosslinking;VV=v1.0.0	NT=human;VV=v1.1.0
PXD044405_ejensen_C1912_186	Homo sapiens	not available	not available	26	PXD044405_ejensen_C1912_186_assay	proteomic profiling by mass spectrometry	data-dependent acquisition	NT=label free sample;AC=MS:1002038	1	1	not available	NT=Lys-C;AC=MS:1001309	NT=Carbamidomethyl;AC=UNIMOD:4;TA=C;MT=Fixed	NT=Oxidation;AC=UNIMOD:21;TA=M;MT=Variable	not available	not available	NT=[{'NT': 'DSS', 'AC': 'XLMOD:02001', 'CL': 'no', 'TA': 'K,nterm'}, {'NT': 'PDH', 'AC': None, 'CL': None, 'TA': None}, {'NT': 'DMTMM', 'AC': None, 'CL': None, 'TA': None}, {'NT': 'hexanediamine', 'AC': None, 'CL': None, 'TA': None}, {'NT': 'N-hydroxybenzotriazole', 'AC': None, 'CL': None, 'TA': None}]	not available	not available	not available	not available	not available	ejensen_C1912_186.raw	NT=ms-proteomics;VV=v1.1.0	NT=crosslinking;VV=v1.0.0	NT=human;VV=v1.1.0
PXD044405_ejensen_C1911_035	Homo sapiens	not available	not available	27	PXD044405_ejensen_C1911_035_assay	proteomic profiling by mass spectrometry	data-dependent acquisition	NT=label free sample;AC=MS:1002038	1	1	not available	NT=Lys-C;AC=MS:1001309	NT=Carbamidomethyl;AC=UNIMOD:4;TA=C;MT=Fixed	NT=Oxidation;AC=UNIMOD:21;TA=M;MT=Variable	not available	not available	NT=[{'NT': 'DSS', 'AC': 'XLMOD:02001', 'CL': 'no', 'TA': 'K,nterm'}, {'NT': 'PDH', 'AC': None, 'CL': None, 'TA': None}, {'NT': 'DMTMM', 'AC': None, 'CL': None, 'TA': None}, {'NT': 'hexanediamine', 'AC': None, 'CL': None, 'TA': None}, {'NT': 'N-hydroxybenzotriazole', 'AC': None, 'CL': None, 'TA': None}]	not available	not available	not available	not available	not available	ejensen_C1911_035.raw	NT=ms-proteomics;VV=v1.1.0	NT=crosslinking;VV=v1.0.0	NT=human;VV=v1.1.0
PXD044405_ejensen_C1806_245	Homo sapiens	not available	not available	28	PXD044405_ejensen_C1806_245_assay	proteomic profiling by mass spectrometry	data-dependent acquisition	NT=label free sample;AC=MS:1002038	1	1	not available	NT=Lys-C;AC=MS:1001309	NT=Carbamidomethyl;AC=UNIMOD:4;TA=C;MT=Fixed	NT=Oxidation;AC=UNIMOD:21;TA=M;MT=Variable	not available	not available	NT=[{'NT': 'DSS', 'AC': 'XLMOD:02001', 'CL': 'no', 'TA': 'K,nterm'}, {'NT': 'PDH', 'AC': None, 'CL': None, 'TA': None}, {'NT': 'DMTMM', 'AC': None, 'CL': None, 'TA': None}, {'NT': 'hexanediamine', 'AC': None, 'CL': None, 'TA': None}, {'NT': 'N-hydroxybenzotriazole', 'AC': None, 'CL': None, 'TA': None}]	not available	not available	not available	not available	not available	ejensen_C1806_245.raw	NT=ms-proteomics;VV=v1.1.0	NT=crosslinking;VV=v1.0.0	NT=human;VV=v1.1.0
PXD044405_ejensen_C1907_106	Homo sapiens	not available	not available	29	PXD044405_ejensen_C1907_106_assay	proteomic profiling by mass spectrometry	data-dependent acquisition	NT=label free sample;AC=MS:1002038	1	1	not available	NT=Lys-C;AC=MS:1001309	NT=Carbamidomethyl;AC=UNIMOD:4;TA=C;MT=Fixed	NT=Oxidation;AC=UNIMOD:21;TA=M;MT=Variable	not available	not available	NT=[{'NT': 'DSS', 'AC': 'XLMOD:02001', 'CL': 'no', 'TA': 'K,nterm'}, {'NT': 'PDH', 'AC': None, 'CL': None, 'TA': None}, {'NT': 'DMTMM', 'AC': None, 'CL': None, 'TA': None}, {'NT': 'hexanediamine', 'AC': None, 'CL': None, 'TA': None}, {'NT': 'N-hydroxybenzotriazole', 'AC': None, 'CL': None, 'TA': None}]	not available	not available	not available	not available	not available	ejensen_C1907_106.raw	NT=ms-proteomics;VV=v1.1.0	NT=crosslinking;VV=v1.0.0	NT=human;VV=v1.1.0
PXD044405_ejensen_C1902_179	Homo sapiens	not available	not available	30	PXD044405_ejensen_C1902_179_assay	proteomic profiling by mass spectrometry	data-dependent acquisition	NT=label free sample;AC=MS:1002038	1	1	not available	NT=Lys-C;AC=MS:1001309	NT=Carbamidomethyl;AC=UNIMOD:4;TA=C;MT=Fixed	NT=Oxidation;AC=UNIMOD:21;TA=M;MT=Variable	not available	not available	NT=[{'NT': 'DSS', 'AC': 'XLMOD:02001', 'CL': 'no', 'TA': 'K,nterm'}, {'NT': 'PDH', 'AC': None, 'CL': None, 'TA': None}, {'NT': 'DMTMM', 'AC': None, 'CL': None, 'TA': None}, {'NT': 'hexanediamine', 'AC': None, 'CL': None, 'TA': None}, {'NT': 'N-hydroxybenzotriazole', 'AC': None, 'CL': None, 'TA': None}]	not available	not available	not available	not available	not available	ejensen_C1902_179.raw	NT=ms-proteomics;VV=v1.1.0	NT=crosslinking;VV=v1.0.0	NT=human;VV=v1.1.0
PXD044405_ejensen_C1911_153	Homo sapiens	not available	not available	31	PXD044405_ejensen_C1911_153_assay	proteomic profiling by mass spectrometry	data-dependent acquisition	NT=label free sample;AC=MS:1002038	1	1	not available	NT=Lys-C;AC=MS:1001309	NT=Carbamidomethyl;AC=UNIMOD:4;TA=C;MT=Fixed	NT=Oxidation;AC=UNIMOD:21;TA=M;MT=Variable	not available	not available	NT=[{'NT': 'DSS', 'AC': 'XLMOD:02001', 'CL': 'no', 'TA': 'K,nterm'}, {'NT': 'PDH', 'AC': None, 'CL': None, 'TA': None}, {'NT': 'DMTMM', 'AC': None, 'CL': None, 'TA': None}, {'NT': 'hexanediamine', 'AC': None, 'CL': None, 'TA': None}, {'NT': 'N-hydroxybenzotriazole', 'AC': None, 'CL': None, 'TA': None}]	not available	not available	not available	not available	not available	ejensen_C1911_153.raw	NT=ms-proteomics;VV=v1.1.0	NT=crosslinking;VV=v1.0.0	NT=human;VV=v1.1.0
PXD044405_ejensen_C1911_028	Homo sapiens	not available	not available	32	PXD044405_ejensen_C1911_028_assay	proteomic profiling by mass spectrometry	data-dependent acquisition	NT=label free sample;AC=MS:1002038	1	1	not available	NT=Lys-C;AC=MS:1001309	NT=Carbamidomethyl;AC=UNIMOD:4;TA=C;MT=Fixed	NT=Oxidation;AC=UNIMOD:21;TA=M;MT=Variable	not available	not available	NT=[{'NT': 'DSS', 'AC': 'XLMOD:02001', 'CL': 'no', 'TA': 'K,nterm'}, {'NT': 'PDH', 'AC': None, 'CL': None, 'TA': None}, {'NT': 'DMTMM', 'AC': None, 'CL': None, 'TA': None}, {'NT': 'hexanediamine', 'AC': None, 'CL': None, 'TA': None}, {'NT': 'N-hydroxybenzotriazole', 'AC': None, 'CL': None, 'TA': None}]	not available	not available	not available	not available	not available	ejensen_C1911_028.raw	NT=ms-proteomics;VV=v1.1.0	NT=crosslinking;VV=v1.0.0	NT=human;VV=v1.1.0
PXD044405_ejensen_C1911_108	Homo sapiens	not available	not available	33	PXD044405_ejensen_C1911_108_assay	proteomic profiling by mass spectrometry	data-dependent acquisition	NT=label free sample;AC=MS:1002038	1	1	not available	NT=Lys-C;AC=MS:1001309	NT=Carbamidomethyl;AC=UNIMOD:4;TA=C;MT=Fixed	NT=Oxidation;AC=UNIMOD:21;TA=M;MT=Variable	not available	not available	NT=[{'NT': 'DSS', 'AC': 'XLMOD:02001', 'CL': 'no', 'TA': 'K,nterm'}, {'NT': 'PDH', 'AC': None, 'CL': None, 'TA': None}, {'NT': 'DMTMM', 'AC': None, 'CL': None, 'TA': None}, {'NT': 'hexanediamine', 'AC': None, 'CL': None, 'TA': None}, {'NT': 'N-hydroxybenzotriazole', 'AC': None, 'CL': None, 'TA': None}]	not available	not available	not available	not available	not available	ejensen_C1911_108.raw	NT=ms-proteomics;VV=v1.1.0	NT=crosslinking;VV=v1.0.0	NT=human;VV=v1.1.0
PXD044405_ejensen_C1911_016	Homo sapiens	not available	not available	34	PXD044405_ejensen_C1911_016_assay	proteomic profiling by mass spectrometry	data-dependent acquisition	NT=label free sample;AC=MS:1002038	1	1	not available	NT=Lys-C;AC=MS:1001309	NT=Carbamidomethyl;AC=UNIMOD:4;TA=C;MT=Fixed	NT=Oxidation;AC=UNIMOD:21;TA=M;MT=Variable	not available	not available	NT=[{'NT': 'DSS', 'AC': 'XLMOD:02001', 'CL': 'no', 'TA': 'K,nterm'}, {'NT': 'PDH', 'AC': None, 'CL': None, 'TA': None}, {'NT': 'DMTMM', 'AC': None, 'CL': None, 'TA': None}, {'NT': 'hexanediamine', 'AC': None, 'CL': None, 'TA': None}, {'NT': 'N-hydroxybenzotriazole', 'AC': None, 'CL': None, 'TA': None}]	not available	not available	not available	not available	not available	ejensen_C1911_016.raw	NT=ms-proteomics;VV=v1.1.0	NT=crosslinking;VV=v1.0.0	NT=human;VV=v1.1.0
PXD044405_ejensen_C1911_041	Homo sapiens	not available	not available	35	PXD044405_ejensen_C1911_041_assay	proteomic profiling by mass spectrometry	data-dependent acquisition	NT=label free sample;AC=MS:1002038	1	1	not available	NT=Lys-C;AC=MS:1001309	NT=Carbamidomethyl;AC=UNIMOD:4;TA=C;MT=Fixed	NT=Oxidation;AC=UNIMOD:21;TA=M;MT=Variable	not available	not available	NT=[{'NT': 'DSS', 'AC': 'XLMOD:02001', 'CL': 'no', 'TA': 'K,nterm'}, {'NT': 'PDH', 'AC': None, 'CL': None, 'TA': None}, {'NT': 'DMTMM', 'AC': None, 'CL': None, 'TA': None}, {'NT': 'hexanediamine', 'AC': None, 'CL': None, 'TA': None}, {'NT': 'N-hydroxybenzotriazole', 'AC': None, 'CL': None, 'TA': None}]	not available	not available	not available	not available	not available	ejensen_C1911_041.raw	NT=ms-proteomics;VV=v1.1.0	NT=crosslinking;VV=v1.0.0	NT=human;VV=v1.1.0
PXD044405_ejensen_C1902_211	Homo sapiens	not available	not available	36	PXD044405_ejensen_C1902_211_assay	proteomic profiling by mass spectrometry	data-dependent acquisition	NT=label free sample;AC=MS:1002038	1	1	not available	NT=Lys-C;AC=MS:1001309	NT=Carbamidomethyl;AC=UNIMOD:4;TA=C;MT=Fixed	NT=Oxidation;AC=UNIMOD:21;TA=M;MT=Variable	not available	not available	NT=[{'NT': 'DSS', 'AC': 'XLMOD:02001', 'CL': 'no', 'TA': 'K,nterm'}, {'NT': 'PDH', 'AC': None, 'CL': None, 'TA': None}, {'NT': 'DMTMM', 'AC': None, 'CL': None, 'TA': None}, {'NT': 'hexanediamine', 'AC': None, 'CL': None, 'TA': None}, {'NT': 'N-hydroxybenzotriazole', 'AC': None, 'CL': None, 'TA': None}]	not available	not available	not available	not available	not available	ejensen_C1902_211.raw	NT=ms-proteomics;VV=v1.1.0	NT=crosslinking;VV=v1.0.0	NT=human;VV=v1.1.0
PXD044405_ejensen_C1912_183	Homo sapiens	not available	not available	37	PXD044405_ejensen_C1912_183_assay	proteomic profiling by mass spectrometry	data-dependent acquisition	NT=label free sample;AC=MS:1002038	1	1	not available	NT=Lys-C;AC=MS:1001309	NT=Carbamidomethyl;AC=UNIMOD:4;TA=C;MT=Fixed	NT=Oxidation;AC=UNIMOD:21;TA=M;MT=Variable	not available	not available	NT=[{'NT': 'DSS', 'AC': 'XLMOD:02001', 'CL': 'no', 'TA': 'K,nterm'}, {'NT': 'PDH', 'AC': None, 'CL': None, 'TA': None}, {'NT': 'DMTMM', 'AC': None, 'CL': None, 'TA': None}, {'NT': 'hexanediamine', 'AC': None, 'CL': None, 'TA': None}, {'NT': 'N-hydroxybenzotriazole', 'AC': None, 'CL': None, 'TA': None}]	not available	not available	not available	not available	not available	ejensen_C1912_183.raw	NT=ms-proteomics;VV=v1.1.0	NT=crosslinking;VV=v1.0.0	NT=human;VV=v1.1.0
PXD044405_ejensen_C1911_139	Homo sapiens	not available	not available	38	PXD044405_ejensen_C1911_139_assay	proteomic profiling by mass spectrometry	data-dependent acquisition	NT=label free sample;AC=MS:1002038	1	1	not available	NT=Lys-C;AC=MS:1001309	NT=Carbamidomethyl;AC=UNIMOD:4;TA=C;MT=Fixed	NT=Oxidation;AC=UNIMOD:21;TA=M;MT=Variable	not available	not available	NT=[{'NT': 'DSS', 'AC': 'XLMOD:02001', 'CL': 'no', 'TA': 'K,nterm'}, {'NT': 'PDH', 'AC': None, 'CL': None, 'TA': None}, {'NT': 'DMTMM', 'AC': None, 'CL': None, 'TA': None}, {'NT': 'hexanediamine', 'AC': None, 'CL': None, 'TA': None}, {'NT': 'N-hydroxybenzotriazole', 'AC': None, 'CL': None, 'TA': None}]	not available	not available	not available	not available	not available	ejensen_C1911_139.raw	NT=ms-proteomics;VV=v1.1.0	NT=crosslinking;VV=v1.0.0	NT=human;VV=v1.1.0
PXD044405_ejensen_C1911_040	Homo sapiens	not available	not available	39	PXD044405_ejensen_C1911_040_assay	proteomic profiling by mass spectrometry	data-dependent acquisition	NT=label free sample;AC=MS:1002038	1	1	not available	NT=Lys-C;AC=MS:1001309	NT=Carbamidomethyl;AC=UNIMOD:4;TA=C;MT=Fixed	NT=Oxidation;AC=UNIMOD:21;TA=M;MT=Variable	not available	not available	NT=[{'NT': 'DSS', 'AC': 'XLMOD:02001', 'CL': 'no', 'TA': 'K,nterm'}, {'NT': 'PDH', 'AC': None, 'CL': None, 'TA': None}, {'NT': 'DMTMM', 'AC': None, 'CL': None, 'TA': None}, {'NT': 'hexanediamine', 'AC': None, 'CL': None, 'TA': None}, {'NT': 'N-hydroxybenzotriazole', 'AC': None, 'CL': None, 'TA': None}]	not available	not available	not available	not available	not available	ejensen_C1911_040.raw	NT=ms-proteomics;VV=v1.1.0	NT=crosslinking;VV=v1.0.0	NT=human;VV=v1.1.0
PXD044405_ejensen_C1911_119	Homo sapiens	not available	not available	40	PXD044405_ejensen_C1911_119_assay	proteomic profiling by mass spectrometry	data-dependent acquisition	NT=label free sample;AC=MS:1002038	1	1	not available	NT=Lys-C;AC=MS:1001309	NT=Carbamidomethyl;AC=UNIMOD:4;TA=C;MT=Fixed	NT=Oxidation;AC=UNIMOD:21;TA=M;MT=Variable	not available	not available	NT=[{'NT': 'DSS', 'AC': 'XLMOD:02001', 'CL': 'no', 'TA': 'K,nterm'}, {'NT': 'PDH', 'AC': None, 'CL': None, 'TA': None}, {'NT': 'DMTMM', 'AC': None, 'CL': None, 'TA': None}, {'NT': 'hexanediamine', 'AC': None, 'CL': None, 'TA': None}, {'NT': 'N-hydroxybenzotriazole', 'AC': None, 'CL': None, 'TA': None}]	not available	not available	not available	not available	not available	ejensen_C1911_119.raw	NT=ms-proteomics;VV=v1.1.0	NT=crosslinking;VV=v1.0.0	NT=human;VV=v1.1.0
PXD044405_ejensen_C1803_432	Homo sapiens	not available	not available	41	PXD044405_ejensen_C1803_432_assay	proteomic profiling by mass spectrometry	data-dependent acquisition	NT=label free sample;AC=MS:1002038	1	1	not available	NT=Lys-C;AC=MS:1001309	NT=Carbamidomethyl;AC=UNIMOD:4;TA=C;MT=Fixed	NT=Oxidation;AC=UNIMOD:21;TA=M;MT=Variable	not available	not available	NT=[{'NT': 'DSS', 'AC': 'XLMOD:02001', 'CL': 'no', 'TA': 'K,nterm'}, {'NT': 'PDH', 'AC': None, 'CL': None, 'TA': None}, {'NT': 'DMTMM', 'AC': None, 'CL': None, 'TA': None}, {'NT': 'hexanediamine', 'AC': None, 'CL': None, 'TA': None}, {'NT': 'N-hydroxybenzotriazole', 'AC': None, 'CL': None, 'TA': None}]	not available	not available	not available	not available	not available	ejensen_C1803_432.raw	NT=ms-proteomics;VV=v1.1.0	NT=crosslinking;VV=v1.0.0	NT=human;VV=v1.1.0
PXD044405_ejensen_C1806_235	Homo sapiens	not available	not available	42	PXD044405_ejensen_C1806_235_assay	proteomic profiling by mass spectrometry	data-dependent acquisition	NT=label free sample;AC=MS:1002038	1	1	not available	NT=Lys-C;AC=MS:1001309	NT=Carbamidomethyl;AC=UNIMOD:4;TA=C;MT=Fixed	NT=Oxidation;AC=UNIMOD:21;TA=M;MT=Variable	not available	not available	NT=[{'NT': 'DSS', 'AC': 'XLMOD:02001', 'CL': 'no', 'TA': 'K,nterm'}, {'NT': 'PDH', 'AC': None, 'CL': None, 'TA': None}, {'NT': 'DMTMM', 'AC': None, 'CL': None, 'TA': None}, {'NT': 'hexanediamine', 'AC': None, 'CL': None, 'TA': None}, {'NT': 'N-hydroxybenzotriazole', 'AC': None, 'CL': None, 'TA': None}]	not available	not available	not available	not available	not available	ejensen_C1806_235.raw	NT=ms-proteomics;VV=v1.1.0	NT=crosslinking;VV=v1.0.0	NT=human;VV=v1.1.0
PXD044405_ejensen_C1902_094	Homo sapiens	not available	not available	43	PXD044405_ejensen_C1902_094_assay	proteomic profiling by mass spectrometry	data-dependent acquisition	NT=label free sample;AC=MS:1002038	1	1	not available	NT=Lys-C;AC=MS:1001309	NT=Carbamidomethyl;AC=UNIMOD:4;TA=C;MT=Fixed	NT=Oxidation;AC=UNIMOD:21;TA=M;MT=Variable	not available	not available	NT=[{'NT': 'DSS', 'AC': 'XLMOD:02001', 'CL': 'no', 'TA': 'K,nterm'}, {'NT': 'PDH', 'AC': None, 'CL': None, 'TA': None}, {'NT': 'DMTMM', 'AC': None, 'CL': None, 'TA': None}, {'NT': 'hexanediamine', 'AC': None, 'CL': None, 'TA': None}, {'NT': 'N-hydroxybenzotriazole', 'AC': None, 'CL': None, 'TA': None}]	not available	not available	not available	not available	not available	ejensen_C1902_094.raw	NT=ms-proteomics;VV=v1.1.0	NT=crosslinking;VV=v1.0.0	NT=human;VV=v1.1.0
PXD044405_ejensen_C1911_142	Homo sapiens	not available	not available	44	PXD044405_ejensen_C1911_142_assay	proteomic profiling by mass spectrometry	data-dependent acquisition	NT=label free sample;AC=MS:1002038	1	1	not available	NT=Lys-C;AC=MS:1001309	NT=Carbamidomethyl;AC=UNIMOD:4;TA=C;MT=Fixed	NT=Oxidation;AC=UNIMOD:21;TA=M;MT=Variable	not available	not available	NT=[{'NT': 'DSS', 'AC': 'XLMOD:02001', 'CL': 'no', 'TA': 'K,nterm'}, {'NT': 'PDH', 'AC': None, 'CL': None, 'TA': None}, {'NT': 'DMTMM', 'AC': None, 'CL': None, 'TA': None}, {'NT': 'hexanediamine', 'AC': None, 'CL': None, 'TA': None}, {'NT': 'N-hydroxybenzotriazole', 'AC': None, 'CL': None, 'TA': None}]	not available	not available	not available	not available	not available	ejensen_C1911_142.raw	NT=ms-proteomics;VV=v1.1.0	NT=crosslinking;VV=v1.0.0	NT=human;VV=v1.1.0
PXD044405_ejensen_C1812_228	Homo sapiens	not available	not available	45	PXD044405_ejensen_C1812_228_assay	proteomic profiling by mass spectrometry	data-dependent acquisition	NT=label free sample;AC=MS:1002038	1	1	not available	NT=Lys-C;AC=MS:1001309	NT=Carbamidomethyl;AC=UNIMOD:4;TA=C;MT=Fixed	NT=Oxidation;AC=UNIMOD:21;TA=M;MT=Variable	not available	not available	NT=[{'NT': 'DSS', 'AC': 'XLMOD:02001', 'CL': 'no', 'TA': 'K,nterm'}, {'NT': 'PDH', 'AC': None, 'CL': None, 'TA': None}, {'NT': 'DMTMM', 'AC': None, 'CL': None, 'TA': None}, {'NT': 'hexanediamine', 'AC': None, 'CL': None, 'TA': None}, {'NT': 'N-hydroxybenzotriazole', 'AC': None, 'CL': None, 'TA': None}]	not available	not available	not available	not available	not available	ejensen_C1812_228.raw	NT=ms-proteomics;VV=v1.1.0	NT=crosslinking;VV=v1.0.0	NT=human;VV=v1.1.0
PXD044405_ejensen_C1907_036	Homo sapiens	not available	not available	46	PXD044405_ejensen_C1907_036_assay	proteomic profiling by mass spectrometry	data-dependent acquisition	NT=label free sample;AC=MS:1002038	1	1	not available	NT=Lys-C;AC=MS:1001309	NT=Carbamidomethyl;AC=UNIMOD:4;TA=C;MT=Fixed	NT=Oxidation;AC=UNIMOD:21;TA=M;MT=Variable	not available	not available	NT=[{'NT': 'DSS', 'AC': 'XLMOD:02001', 'CL': 'no', 'TA': 'K,nterm'}, {'NT': 'PDH', 'AC': None, 'CL': None, 'TA': None}, {'NT': 'DMTMM', 'AC': None, 'CL': None, 'TA': None}, {'NT': 'hexanediamine', 'AC': None, 'CL': None, 'TA': None}, {'NT': 'N-hydroxybenzotriazole', 'AC': None, 'CL': None, 'TA': None}]	not available	not available	not available	not available	not available	ejensen_C1907_036.raw	NT=ms-proteomics;VV=v1.1.0	NT=crosslinking;VV=v1.0.0	NT=human;VV=v1.1.0
PXD044405_ejensen_C1907_032	Homo sapiens	not available	not available	47	PXD044405_ejensen_C1907_032_assay	proteomic profiling by mass spectrometry	data-dependent acquisition	NT=label free sample;AC=MS:1002038	1	1	not available	NT=Lys-C;AC=MS:1001309	NT=Carbamidomethyl;AC=UNIMOD:4;TA=C;MT=Fixed	NT=Oxidation;AC=UNIMOD:21;TA=M;MT=Variable	not available	not available	NT=[{'NT': 'DSS', 'AC': 'XLMOD:02001', 'CL': 'no', 'TA': 'K,nterm'}, {'NT': 'PDH', 'AC': None, 'CL': None, 'TA': None}, {'NT': 'DMTMM', 'AC': None, 'CL': None, 'TA': None}, {'NT': 'hexanediamine', 'AC': None, 'CL': None, 'TA': None}, {'NT': 'N-hydroxybenzotriazole', 'AC': None, 'CL': None, 'TA': None}]	not available	not available	not available	not available	not available	ejensen_C1907_032.raw	NT=ms-proteomics;VV=v1.1.0	NT=crosslinking;VV=v1.0.0	NT=human;VV=v1.1.0
PXD044405_ejensen_C1806_237	Homo sapiens	not available	not available	48	PXD044405_ejensen_C1806_237_assay	proteomic profiling by mass spectrometry	data-dependent acquisition	NT=label free sample;AC=MS:1002038	1	1	not available	NT=Lys-C;AC=MS:1001309	NT=Carbamidomethyl;AC=UNIMOD:4;TA=C;MT=Fixed	NT=Oxidation;AC=UNIMOD:21;TA=M;MT=Variable	not available	not available	NT=[{'NT': 'DSS', 'AC': 'XLMOD:02001', 'CL': 'no', 'TA': 'K,nterm'}, {'NT': 'PDH', 'AC': None, 'CL': None, 'TA': None}, {'NT': 'DMTMM', 'AC': None, 'CL': None, 'TA': None}, {'NT': 'hexanediamine', 'AC': None, 'CL': None, 'TA': None}, {'NT': 'N-hydroxybenzotriazole', 'AC': None, 'CL': None, 'TA': None}]	not available	not available	not available	not available	not available	ejensen_C1806_237.raw	NT=ms-proteomics;VV=v1.1.0	NT=crosslinking;VV=v1.0.0	NT=human;VV=v1.1.0
PXD044405_ejensen_C1902_210	Homo sapiens	not available	not available	49	PXD044405_ejensen_C1902_210_assay	proteomic profiling by mass spectrometry	data-dependent acquisition	NT=label free sample;AC=MS:1002038	1	1	not available	NT=Lys-C;AC=MS:1001309	NT=Carbamidomethyl;AC=UNIMOD:4;TA=C;MT=Fixed	NT=Oxidation;AC=UNIMOD:21;TA=M;MT=Variable	not available	not available	NT=[{'NT': 'DSS', 'AC': 'XLMOD:02001', 'CL': 'no', 'TA': 'K,nterm'}, {'NT': 'PDH', 'AC': None, 'CL': None, 'TA': None}, {'NT': 'DMTMM', 'AC': None, 'CL': None, 'TA': None}, {'NT': 'hexanediamine', 'AC': None, 'CL': None, 'TA': None}, {'NT': 'N-hydroxybenzotriazole', 'AC': None, 'CL': None, 'TA': None}]	not available	not available	not available	not available	not available	ejensen_C1902_210.raw	NT=ms-proteomics;VV=v1.1.0	NT=crosslinking;VV=v1.0.0	NT=human;VV=v1.1.0
PXD044405_ejensen_C1902_207	Homo sapiens	not available	not available	50	PXD044405_ejensen_C1902_207_assay	proteomic profiling by mass spectrometry	data-dependent acquisition	NT=label free sample;AC=MS:1002038	1	1	not available	NT=Lys-C;AC=MS:1001309	NT=Carbamidomethyl;AC=UNIMOD:4;TA=C;MT=Fixed	NT=Oxidation;AC=UNIMOD:21;TA=M;MT=Variable	not available	not available	NT=[{'NT': 'DSS', 'AC': 'XLMOD:02001', 'CL': 'no', 'TA': 'K,nterm'}, {'NT': 'PDH', 'AC': None, 'CL': None, 'TA': None}, {'NT': 'DMTMM', 'AC': None, 'CL': None, 'TA': None}, {'NT': 'hexanediamine', 'AC': None, 'CL': None, 'TA': None}, {'NT': 'N-hydroxybenzotriazole', 'AC': None, 'CL': None, 'TA': None}]	not available	not available	not available	not available	not available	ejensen_C1902_207.raw	NT=ms-proteomics;VV=v1.1.0	NT=crosslinking;VV=v1.0.0	NT=human;VV=v1.1.0
PXD044405_ejensen_C1902_175	Homo sapiens	not available	not available	51	PXD044405_ejensen_C1902_175_assay	proteomic profiling by mass spectrometry	data-dependent acquisition	NT=label free sample;AC=MS:1002038	1	1	not available	NT=Lys-C;AC=MS:1001309	NT=Carbamidomethyl;AC=UNIMOD:4;TA=C;MT=Fixed	NT=Oxidation;AC=UNIMOD:21;TA=M;MT=Variable	not available	not available	NT=[{'NT': 'DSS', 'AC': 'XLMOD:02001', 'CL': 'no', 'TA': 'K,nterm'}, {'NT': 'PDH', 'AC': None, 'CL': None, 'TA': None}, {'NT': 'DMTMM', 'AC': None, 'CL': None, 'TA': None}, {'NT': 'hexanediamine', 'AC': None, 'CL': None, 'TA': None}, {'NT': 'N-hydroxybenzotriazole', 'AC': None, 'CL': None, 'TA': None}]	not available	not available	not available	not available	not available	ejensen_C1902_175.raw	NT=ms-proteomics;VV=v1.1.0	NT=crosslinking;VV=v1.0.0	NT=human;VV=v1.1.0
PXD044405_ejensen_C1803_206	Homo sapiens	not available	not available	52	PXD044405_ejensen_C1803_206_assay	proteomic profiling by mass spectrometry	data-dependent acquisition	NT=label free sample;AC=MS:1002038	1	1	not available	NT=Lys-C;AC=MS:1001309	NT=Carbamidomethyl;AC=UNIMOD:4;TA=C;MT=Fixed	NT=Oxidation;AC=UNIMOD:21;TA=M;MT=Variable	not available	not available	NT=[{'NT': 'DSS', 'AC': 'XLMOD:02001', 'CL': 'no', 'TA': 'K,nterm'}, {'NT': 'PDH', 'AC': None, 'CL': None, 'TA': None}, {'NT': 'DMTMM', 'AC': None, 'CL': None, 'TA': None}, {'NT': 'hexanediamine', 'AC': None, 'CL': None, 'TA': None}, {'NT': 'N-hydroxybenzotriazole', 'AC': None, 'CL': None, 'TA': None}]	not available	not available	not available	not available	not available	ejensen_C1803_206.raw	NT=ms-proteomics;VV=v1.1.0	NT=crosslinking;VV=v1.0.0	NT=human;VV=v1.1.0
PXD044405_ejensen_C1902_097	Homo sapiens	not available	not available	53	PXD044405_ejensen_C1902_097_assay	proteomic profiling by mass spectrometry	data-dependent acquisition	NT=label free sample;AC=MS:1002038	1	1	not available	NT=Lys-C;AC=MS:1001309	NT=Carbamidomethyl;AC=UNIMOD:4;TA=C;MT=Fixed	NT=Oxidation;AC=UNIMOD:21;TA=M;MT=Variable	not available	not available	NT=[{'NT': 'DSS', 'AC': 'XLMOD:02001', 'CL': 'no', 'TA': 'K,nterm'}, {'NT': 'PDH', 'AC': None, 'CL': None, 'TA': None}, {'NT': 'DMTMM', 'AC': None, 'CL': None, 'TA': None}, {'NT': 'hexanediamine', 'AC': None, 'CL': None, 'TA': None}, {'NT': 'N-hydroxybenzotriazole', 'AC': None, 'CL': None, 'TA': None}]	not available	not available	not available	not available	not available	ejensen_C1902_097.raw	NT=ms-proteomics;VV=v1.1.0	NT=crosslinking;VV=v1.0.0	NT=human;VV=v1.1.0
PXD044405_ejensen_C1811_032	Homo sapiens	not available	not available	54	PXD044405_ejensen_C1811_032_assay	proteomic profiling by mass spectrometry	data-dependent acquisition	NT=label free sample;AC=MS:1002038	1	1	not available	NT=Lys-C;AC=MS:1001309	NT=Carbamidomethyl;AC=UNIMOD:4;TA=C;MT=Fixed	NT=Oxidation;AC=UNIMOD:21;TA=M;MT=Variable	not available	not available	NT=[{'NT': 'DSS', 'AC': 'XLMOD:02001', 'CL': 'no', 'TA': 'K,nterm'}, {'NT': 'PDH', 'AC': None, 'CL': None, 'TA': None}, {'NT': 'DMTMM', 'AC': None, 'CL': None, 'TA': None}, {'NT': 'hexanediamine', 'AC': None, 'CL': None, 'TA': None}, {'NT': 'N-hydroxybenzotriazole', 'AC': None, 'CL': None, 'TA': None}]	not available	not available	not available	not available	not available	ejensen_C1811_032.raw	NT=ms-proteomics;VV=v1.1.0	NT=crosslinking;VV=v1.0.0	NT=human;VV=v1.1.0
PXD044405_ejensen_C1911_017	Homo sapiens	not available	not available	55	PXD044405_ejensen_C1911_017_assay	proteomic profiling by mass spectrometry	data-dependent acquisition	NT=label free sample;AC=MS:1002038	1	1	not available	NT=Lys-C;AC=MS:1001309	NT=Carbamidomethyl;AC=UNIMOD:4;TA=C;MT=Fixed	NT=Oxidation;AC=UNIMOD:21;TA=M;MT=Variable	not available	not available	NT=[{'NT': 'DSS', 'AC': 'XLMOD:02001', 'CL': 'no', 'TA': 'K,nterm'}, {'NT': 'PDH', 'AC': None, 'CL': None, 'TA': None}, {'NT': 'DMTMM', 'AC': None, 'CL': None, 'TA': None}, {'NT': 'hexanediamine', 'AC': None, 'CL': None, 'TA': None}, {'NT': 'N-hydroxybenzotriazole', 'AC': None, 'CL': None, 'TA': None}]	not available	not available	not available	not available	not available	ejensen_C1911_017.raw	NT=ms-proteomics;VV=v1.1.0	NT=crosslinking;VV=v1.0.0	NT=human;VV=v1.1.0
PXD044405_ejensen_C1907_033	Homo sapiens	not available	not available	56	PXD044405_ejensen_C1907_033_assay	proteomic profiling by mass spectrometry	data-dependent acquisition	NT=label free sample;AC=MS:1002038	1	1	not available	NT=Lys-C;AC=MS:1001309	NT=Carbamidomethyl;AC=UNIMOD:4;TA=C;MT=Fixed	NT=Oxidation;AC=UNIMOD:21;TA=M;MT=Variable	not available	not available	NT=[{'NT': 'DSS', 'AC': 'XLMOD:02001', 'CL': 'no', 'TA': 'K,nterm'}, {'NT': 'PDH', 'AC': None, 'CL': None, 'TA': None}, {'NT': 'DMTMM', 'AC': None, 'CL': None, 'TA': None}, {'NT': 'hexanediamine', 'AC': None, 'CL': None, 'TA': None}, {'NT': 'N-hydroxybenzotriazole', 'AC': None, 'CL': None, 'TA': None}]	not available	not available	not available	not available	not available	ejensen_C1907_033.raw	NT=ms-proteomics;VV=v1.1.0	NT=crosslinking;VV=v1.0.0	NT=human;VV=v1.1.0
PXD044405_ejensen_C1911_032	Homo sapiens	not available	not available	57	PXD044405_ejensen_C1911_032_assay	proteomic profiling by mass spectrometry	data-dependent acquisition	NT=label free sample;AC=MS:1002038	1	1	not available	NT=Lys-C;AC=MS:1001309	NT=Carbamidomethyl;AC=UNIMOD:4;TA=C;MT=Fixed	NT=Oxidation;AC=UNIMOD:21;TA=M;MT=Variable	not available	not available	NT=[{'NT': 'DSS', 'AC': 'XLMOD:02001', 'CL': 'no', 'TA': 'K,nterm'}, {'NT': 'PDH', 'AC': None, 'CL': None, 'TA': None}, {'NT': 'DMTMM', 'AC': None, 'CL': None, 'TA': None}, {'NT': 'hexanediamine', 'AC': None, 'CL': None, 'TA': None}, {'NT': 'N-hydroxybenzotriazole', 'AC': None, 'CL': None, 'TA': None}]	not available	not available	not available	not available	not available	ejensen_C1911_032.raw	NT=ms-proteomics;VV=v1.1.0	NT=crosslinking;VV=v1.0.0	NT=human;VV=v1.1.0
PXD044405_ejensen_C1907_051	Homo sapiens	not available	not available	58	PXD044405_ejensen_C1907_051_assay	proteomic profiling by mass spectrometry	data-dependent acquisition	NT=label free sample;AC=MS:1002038	1	1	not available	NT=Lys-C;AC=MS:1001309	NT=Carbamidomethyl;AC=UNIMOD:4;TA=C;MT=Fixed	NT=Oxidation;AC=UNIMOD:21;TA=M;MT=Variable	not available	not available	NT=[{'NT': 'DSS', 'AC': 'XLMOD:02001', 'CL': 'no', 'TA': 'K,nterm'}, {'NT': 'PDH', 'AC': None, 'CL': None, 'TA': None}, {'NT': 'DMTMM', 'AC': None, 'CL': None, 'TA': None}, {'NT': 'hexanediamine', 'AC': None, 'CL': None, 'TA': None}, {'NT': 'N-hydroxybenzotriazole', 'AC': None, 'CL': None, 'TA': None}]	not available	not available	not available	not available	not available	ejensen_C1907_051.raw	NT=ms-proteomics;VV=v1.1.0	NT=crosslinking;VV=v1.0.0	NT=human;VV=v1.1.0
PXD044405_ejensen_C1911_121	Homo sapiens	not available	not available	59	PXD044405_ejensen_C1911_121_assay	proteomic profiling by mass spectrometry	data-dependent acquisition	NT=label free sample;AC=MS:1002038	1	1	not available	NT=Lys-C;AC=MS:1001309	NT=Carbamidomethyl;AC=UNIMOD:4;TA=C;MT=Fixed	NT=Oxidation;AC=UNIMOD:21;TA=M;MT=Variable	not available	not available	NT=[{'NT': 'DSS', 'AC': 'XLMOD:02001', 'CL': 'no', 'TA': 'K,nterm'}, {'NT': 'PDH', 'AC': None, 'CL': None, 'TA': None}, {'NT': 'DMTMM', 'AC': None, 'CL': None, 'TA': None}, {'NT': 'hexanediamine', 'AC': None, 'CL': None, 'TA': None}, {'NT': 'N-hydroxybenzotriazole', 'AC': None, 'CL': None, 'TA': None}]	not available	not available	not available	not available	not available	ejensen_C1911_121.raw	NT=ms-proteomics;VV=v1.1.0	NT=crosslinking;VV=v1.0.0	NT=human;VV=v1.1.0
PXD044405_ejensen_C1902_186	Homo sapiens	not available	not available	60	PXD044405_ejensen_C1902_186_assay	proteomic profiling by mass spectrometry	data-dependent acquisition	NT=label free sample;AC=MS:1002038	1	1	not available	NT=Lys-C;AC=MS:1001309	NT=Carbamidomethyl;AC=UNIMOD:4;TA=C;MT=Fixed	NT=Oxidation;AC=UNIMOD:21;TA=M;MT=Variable	not available	not available	NT=[{'NT': 'DSS', 'AC': 'XLMOD:02001', 'CL': 'no', 'TA': 'K,nterm'}, {'NT': 'PDH', 'AC': None, 'CL': None, 'TA': None}, {'NT': 'DMTMM', 'AC': None, 'CL': None, 'TA': None}, {'NT': 'hexanediamine', 'AC': None, 'CL': None, 'TA': None}, {'NT': 'N-hydroxybenzotriazole', 'AC': None, 'CL': None, 'TA': None}]	not available	not available	not available	not available	not available	ejensen_C1902_186.raw	NT=ms-proteomics;VV=v1.1.0	NT=crosslinking;VV=v1.0.0	NT=human;VV=v1.1.0
PXD044405_ejensen_C1811_038	Homo sapiens	not available	not available	61	PXD044405_ejensen_C1811_038_assay	proteomic profiling by mass spectrometry	data-dependent acquisition	NT=label free sample;AC=MS:1002038	1	1	not available	NT=Lys-C;AC=MS:1001309	NT=Carbamidomethyl;AC=UNIMOD:4;TA=C;MT=Fixed	NT=Oxidation;AC=UNIMOD:21;TA=M;MT=Variable	not available	not available	NT=[{'NT': 'DSS', 'AC': 'XLMOD:02001', 'CL': 'no', 'TA': 'K,nterm'}, {'NT': 'PDH', 'AC': None, 'CL': None, 'TA': None}, {'NT': 'DMTMM', 'AC': None, 'CL': None, 'TA': None}, {'NT': 'hexanediamine', 'AC': None, 'CL': None, 'TA': None}, {'NT': 'N-hydroxybenzotriazole', 'AC': None, 'CL': None, 'TA': None}]	not available	not available	not available	not available	not available	ejensen_C1811_038.raw	NT=ms-proteomics;VV=v1.1.0	NT=crosslinking;VV=v1.0.0	NT=human;VV=v1.1.0
PXD044405_ejensen_C1912_178	Homo sapiens	not available	not available	62	PXD044405_ejensen_C1912_178_assay	proteomic profiling by mass spectrometry	data-dependent acquisition	NT=label free sample;AC=MS:1002038	1	1	not available	NT=Lys-C;AC=MS:1001309	NT=Carbamidomethyl;AC=UNIMOD:4;TA=C;MT=Fixed	NT=Oxidation;AC=UNIMOD:21;TA=M;MT=Variable	not available	not available	NT=[{'NT': 'DSS', 'AC': 'XLMOD:02001', 'CL': 'no', 'TA': 'K,nterm'}, {'NT': 'PDH', 'AC': None, 'CL': None, 'TA': None}, {'NT': 'DMTMM', 'AC': None, 'CL': None, 'TA': None}, {'NT': 'hexanediamine', 'AC': None, 'CL': None, 'TA': None}, {'NT': 'N-hydroxybenzotriazole', 'AC': None, 'CL': None, 'TA': None}]	not available	not available	not available	not available	not available	ejensen_C1912_178.raw	NT=ms-proteomics;VV=v1.1.0	NT=crosslinking;VV=v1.0.0	NT=human;VV=v1.1.0
PXD044405_ejensen_C1812_219	Homo sapiens	not available	not available	63	PXD044405_ejensen_C1812_219_assay	proteomic profiling by mass spectrometry	data-dependent acquisition	NT=label free sample;AC=MS:1002038	1	1	not available	NT=Lys-C;AC=MS:1001309	NT=Carbamidomethyl;AC=UNIMOD:4;TA=C;MT=Fixed	NT=Oxidation;AC=UNIMOD:21;TA=M;MT=Variable	not available	not available	NT=[{'NT': 'DSS', 'AC': 'XLMOD:02001', 'CL': 'no', 'TA': 'K,nterm'}, {'NT': 'PDH', 'AC': None, 'CL': None, 'TA': None}, {'NT': 'DMTMM', 'AC': None, 'CL': None, 'TA': None}, {'NT': 'hexanediamine', 'AC': None, 'CL': None, 'TA': None}, {'NT': 'N-hydroxybenzotriazole', 'AC': None, 'CL': None, 'TA': None}]	not available	not available	not available	not available	not available	ejensen_C1812_219.raw	NT=ms-proteomics;VV=v1.1.0	NT=crosslinking;VV=v1.0.0	NT=human;VV=v1.1.0
PXD044405_ejensen_C1907_073	Homo sapiens	not available	not available	64	PXD044405_ejensen_C1907_073_assay	proteomic profiling by mass spectrometry	data-dependent acquisition	NT=label free sample;AC=MS:1002038	1	1	not available	NT=Lys-C;AC=MS:1001309	NT=Carbamidomethyl;AC=UNIMOD:4;TA=C;MT=Fixed	NT=Oxidation;AC=UNIMOD:21;TA=M;MT=Variable	not available	not available	NT=[{'NT': 'DSS', 'AC': 'XLMOD:02001', 'CL': 'no', 'TA': 'K,nterm'}, {'NT': 'PDH', 'AC': None, 'CL': None, 'TA': None}, {'NT': 'DMTMM', 'AC': None, 'CL': None, 'TA': None}, {'NT': 'hexanediamine', 'AC': None, 'CL': None, 'TA': None}, {'NT': 'N-hydroxybenzotriazole', 'AC': None, 'CL': None, 'TA': None}]	not available	not available	not available	not available	not available	ejensen_C1907_073.raw	NT=ms-proteomics;VV=v1.1.0	NT=crosslinking;VV=v1.0.0	NT=human;VV=v1.1.0
PXD044405_ejensen_C1911_112	Homo sapiens	not available	not available	65	PXD044405_ejensen_C1911_112_assay	proteomic profiling by mass spectrometry	data-dependent acquisition	NT=label free sample;AC=MS:1002038	1	1	not available	NT=Lys-C;AC=MS:1001309	NT=Carbamidomethyl;AC=UNIMOD:4;TA=C;MT=Fixed	NT=Oxidation;AC=UNIMOD:21;TA=M;MT=Variable	not available	not available	NT=[{'NT': 'DSS', 'AC': 'XLMOD:02001', 'CL': 'no', 'TA': 'K,nterm'}, {'NT': 'PDH', 'AC': None, 'CL': None, 'TA': None}, {'NT': 'DMTMM', 'AC': None, 'CL': None, 'TA': None}, {'NT': 'hexanediamine', 'AC': None, 'CL': None, 'TA': None}, {'NT': 'N-hydroxybenzotriazole', 'AC': None, 'CL': None, 'TA': None}]	not available	not available	not available	not available	not available	ejensen_C1911_112.raw	NT=ms-proteomics;VV=v1.1.0	NT=crosslinking;VV=v1.0.0	NT=human;VV=v1.1.0
PXD044405_ejensen_C1902_204	Homo sapiens	not available	not available	66	PXD044405_ejensen_C1902_204_assay	proteomic profiling by mass spectrometry	data-dependent acquisition	NT=label free sample;AC=MS:1002038	1	1	not available	NT=Lys-C;AC=MS:1001309	NT=Carbamidomethyl;AC=UNIMOD:4;TA=C;MT=Fixed	NT=Oxidation;AC=UNIMOD:21;TA=M;MT=Variable	not available	not available	NT=[{'NT': 'DSS', 'AC': 'XLMOD:02001', 'CL': 'no', 'TA': 'K,nterm'}, {'NT': 'PDH', 'AC': None, 'CL': None, 'TA': None}, {'NT': 'DMTMM', 'AC': None, 'CL': None, 'TA': None}, {'NT': 'hexanediamine', 'AC': None, 'CL': None, 'TA': None}, {'NT': 'N-hydroxybenzotriazole', 'AC': None, 'CL': None, 'TA': None}]	not available	not available	not available	not available	not available	ejensen_C1902_204.raw	NT=ms-proteomics;VV=v1.1.0	NT=crosslinking;VV=v1.0.0	NT=human;VV=v1.1.0
PXD044405_ejensen_C1911_109	Homo sapiens	not available	not available	67	PXD044405_ejensen_C1911_109_assay	proteomic profiling by mass spectrometry	data-dependent acquisition	NT=label free sample;AC=MS:1002038	1	1	not available	NT=Lys-C;AC=MS:1001309	NT=Carbamidomethyl;AC=UNIMOD:4;TA=C;MT=Fixed	NT=Oxidation;AC=UNIMOD:21;TA=M;MT=Variable	not available	not available	NT=[{'NT': 'DSS', 'AC': 'XLMOD:02001', 'CL': 'no', 'TA': 'K,nterm'}, {'NT': 'PDH', 'AC': None, 'CL': None, 'TA': None}, {'NT': 'DMTMM', 'AC': None, 'CL': None, 'TA': None}, {'NT': 'hexanediamine', 'AC': None, 'CL': None, 'TA': None}, {'NT': 'N-hydroxybenzotriazole', 'AC': None, 'CL': None, 'TA': None}]	not available	not available	not available	not available	not available	ejensen_C1911_109.raw	NT=ms-proteomics;VV=v1.1.0	NT=crosslinking;VV=v1.0.0	NT=human;VV=v1.1.0
PXD044405_ejensen_C1803_203	Homo sapiens	not available	not available	68	PXD044405_ejensen_C1803_203_assay	proteomic profiling by mass spectrometry	data-dependent acquisition	NT=label free sample;AC=MS:1002038	1	1	not available	NT=Lys-C;AC=MS:1001309	NT=Carbamidomethyl;AC=UNIMOD:4;TA=C;MT=Fixed	NT=Oxidation;AC=UNIMOD:21;TA=M;MT=Variable	not available	not available	NT=[{'NT': 'DSS', 'AC': 'XLMOD:02001', 'CL': 'no', 'TA': 'K,nterm'}, {'NT': 'PDH', 'AC': None, 'CL': None, 'TA': None}, {'NT': 'DMTMM', 'AC': None, 'CL': None, 'TA': None}, {'NT': 'hexanediamine', 'AC': None, 'CL': None, 'TA': None}, {'NT': 'N-hydroxybenzotriazole', 'AC': None, 'CL': None, 'TA': None}]	not available	not available	not available	not available	not available	ejensen_C1803_203.raw	NT=ms-proteomics;VV=v1.1.0	NT=crosslinking;VV=v1.0.0	NT=human;VV=v1.1.0
PXD044405_ejensen_C1803_428	Homo sapiens	not available	not available	69	PXD044405_ejensen_C1803_428_assay	proteomic profiling by mass spectrometry	data-dependent acquisition	NT=label free sample;AC=MS:1002038	1	1	not available	NT=Lys-C;AC=MS:1001309	NT=Carbamidomethyl;AC=UNIMOD:4;TA=C;MT=Fixed	NT=Oxidation;AC=UNIMOD:21;TA=M;MT=Variable	not available	not available	NT=[{'NT': 'DSS', 'AC': 'XLMOD:02001', 'CL': 'no', 'TA': 'K,nterm'}, {'NT': 'PDH', 'AC': None, 'CL': None, 'TA': None}, {'NT': 'DMTMM', 'AC': None, 'CL': None, 'TA': None}, {'NT': 'hexanediamine', 'AC': None, 'CL': None, 'TA': None}, {'NT': 'N-hydroxybenzotriazole', 'AC': None, 'CL': None, 'TA': None}]	not available	not available	not available	not available	not available	ejensen_C1803_428.raw	NT=ms-proteomics;VV=v1.1.0	NT=crosslinking;VV=v1.0.0	NT=human;VV=v1.1.0
PXD044405_ejensen_C1912_185	Homo sapiens	not available	not available	70	PXD044405_ejensen_C1912_185_assay	proteomic profiling by mass spectrometry	data-dependent acquisition	NT=label free sample;AC=MS:1002038	1	1	not available	NT=Lys-C;AC=MS:1001309	NT=Carbamidomethyl;AC=UNIMOD:4;TA=C;MT=Fixed	NT=Oxidation;AC=UNIMOD:21;TA=M;MT=Variable	not available	not available	NT=[{'NT': 'DSS', 'AC': 'XLMOD:02001', 'CL': 'no', 'TA': 'K,nterm'}, {'NT': 'PDH', 'AC': None, 'CL': None, 'TA': None}, {'NT': 'DMTMM', 'AC': None, 'CL': None, 'TA': None}, {'NT': 'hexanediamine', 'AC': None, 'CL': None, 'TA': None}, {'NT': 'N-hydroxybenzotriazole', 'AC': None, 'CL': None, 'TA': None}]	not available	not available	not available	not available	not available	ejensen_C1912_185.raw	NT=ms-proteomics;VV=v1.1.0	NT=crosslinking;VV=v1.0.0	NT=human;VV=v1.1.0
PXD044405_ejensen_C1907_097	Homo sapiens	not available	not available	71	PXD044405_ejensen_C1907_097_assay	proteomic profiling by mass spectrometry	data-dependent acquisition	NT=label free sample;AC=MS:1002038	1	1	not available	NT=Lys-C;AC=MS:1001309	NT=Carbamidomethyl;AC=UNIMOD:4;TA=C;MT=Fixed	NT=Oxidation;AC=UNIMOD:21;TA=M;MT=Variable	not available	not available	NT=[{'NT': 'DSS', 'AC': 'XLMOD:02001', 'CL': 'no', 'TA': 'K,nterm'}, {'NT': 'PDH', 'AC': None, 'CL': None, 'TA': None}, {'NT': 'DMTMM', 'AC': None, 'CL': None, 'TA': None}, {'NT': 'hexanediamine', 'AC': None, 'CL': None, 'TA': None}, {'NT': 'N-hydroxybenzotriazole', 'AC': None, 'CL': None, 'TA': None}]	not available	not available	not available	not available	not available	ejensen_C1907_097.raw	NT=ms-proteomics;VV=v1.1.0	NT=crosslinking;VV=v1.0.0	NT=human;VV=v1.1.0
PXD044405_ejensen_C1902_244	Homo sapiens	not available	not available	72	PXD044405_ejensen_C1902_244_assay	proteomic profiling by mass spectrometry	data-dependent acquisition	NT=label free sample;AC=MS:1002038	1	1	not available	NT=Lys-C;AC=MS:1001309	NT=Carbamidomethyl;AC=UNIMOD:4;TA=C;MT=Fixed	NT=Oxidation;AC=UNIMOD:21;TA=M;MT=Variable	not available	not available	NT=[{'NT': 'DSS', 'AC': 'XLMOD:02001', 'CL': 'no', 'TA': 'K,nterm'}, {'NT': 'PDH', 'AC': None, 'CL': None, 'TA': None}, {'NT': 'DMTMM', 'AC': None, 'CL': None, 'TA': None}, {'NT': 'hexanediamine', 'AC': None, 'CL': None, 'TA': None}, {'NT': 'N-hydroxybenzotriazole', 'AC': None, 'CL': None, 'TA': None}]	not available	not available	not available	not available	not available	ejensen_C1902_244.raw	NT=ms-proteomics;VV=v1.1.0	NT=crosslinking;VV=v1.0.0	NT=human;VV=v1.1.0
PXD044405_ejensen_C1911_150	Homo sapiens	not available	not available	73	PXD044405_ejensen_C1911_150_assay	proteomic profiling by mass spectrometry	data-dependent acquisition	NT=label free sample;AC=MS:1002038	1	1	not available	NT=Lys-C;AC=MS:1001309	NT=Carbamidomethyl;AC=UNIMOD:4;TA=C;MT=Fixed	NT=Oxidation;AC=UNIMOD:21;TA=M;MT=Variable	not available	not available	NT=[{'NT': 'DSS', 'AC': 'XLMOD:02001', 'CL': 'no', 'TA': 'K,nterm'}, {'NT': 'PDH', 'AC': None, 'CL': None, 'TA': None}, {'NT': 'DMTMM', 'AC': None, 'CL': None, 'TA': None}, {'NT': 'hexanediamine', 'AC': None, 'CL': None, 'TA': None}, {'NT': 'N-hydroxybenzotriazole', 'AC': None, 'CL': None, 'TA': None}]	not available	not available	not available	not available	not available	ejensen_C1911_150.raw	NT=ms-proteomics;VV=v1.1.0	NT=crosslinking;VV=v1.0.0	NT=human;VV=v1.1.0
PXD044405_ejensen_C1812_224	Homo sapiens	not available	not available	74	PXD044405_ejensen_C1812_224_assay	proteomic profiling by mass spectrometry	data-dependent acquisition	NT=label free sample;AC=MS:1002038	1	1	not available	NT=Lys-C;AC=MS:1001309	NT=Carbamidomethyl;AC=UNIMOD:4;TA=C;MT=Fixed	NT=Oxidation;AC=UNIMOD:21;TA=M;MT=Variable	not available	not available	NT=[{'NT': 'DSS', 'AC': 'XLMOD:02001', 'CL': 'no', 'TA': 'K,nterm'}, {'NT': 'PDH', 'AC': None, 'CL': None, 'TA': None}, {'NT': 'DMTMM', 'AC': None, 'CL': None, 'TA': None}, {'NT': 'hexanediamine', 'AC': None, 'CL': None, 'TA': None}, {'NT': 'N-hydroxybenzotriazole', 'AC': None, 'CL': None, 'TA': None}]	not available	not available	not available	not available	not available	ejensen_C1812_224.raw	NT=ms-proteomics;VV=v1.1.0	NT=crosslinking;VV=v1.0.0	NT=human;VV=v1.1.0
PXD044405_ejensen_C1803_214	Homo sapiens	not available	not available	75	PXD044405_ejensen_C1803_214_assay	proteomic profiling by mass spectrometry	data-dependent acquisition	NT=label free sample;AC=MS:1002038	1	1	not available	NT=Lys-C;AC=MS:1001309	NT=Carbamidomethyl;AC=UNIMOD:4;TA=C;MT=Fixed	NT=Oxidation;AC=UNIMOD:21;TA=M;MT=Variable	not available	not available	NT=[{'NT': 'DSS', 'AC': 'XLMOD:02001', 'CL': 'no', 'TA': 'K,nterm'}, {'NT': 'PDH', 'AC': None, 'CL': None, 'TA': None}, {'NT': 'DMTMM', 'AC': None, 'CL': None, 'TA': None}, {'NT': 'hexanediamine', 'AC': None, 'CL': None, 'TA': None}, {'NT': 'N-hydroxybenzotriazole', 'AC': None, 'CL': None, 'TA': None}]	not available	not available	not available	not available	not available	ejensen_C1803_214.raw	NT=ms-proteomics;VV=v1.1.0	NT=crosslinking;VV=v1.0.0	NT=human;VV=v1.1.0
PXD044405_ejensen_C1902_174	Homo sapiens	not available	not available	76	PXD044405_ejensen_C1902_174_assay	proteomic profiling by mass spectrometry	data-dependent acquisition	NT=label free sample;AC=MS:1002038	1	1	not available	NT=Lys-C;AC=MS:1001309	NT=Carbamidomethyl;AC=UNIMOD:4;TA=C;MT=Fixed	NT=Oxidation;AC=UNIMOD:21;TA=M;MT=Variable	not available	not available	NT=[{'NT': 'DSS', 'AC': 'XLMOD:02001', 'CL': 'no', 'TA': 'K,nterm'}, {'NT': 'PDH', 'AC': None, 'CL': None, 'TA': None}, {'NT': 'DMTMM', 'AC': None, 'CL': None, 'TA': None}, {'NT': 'hexanediamine', 'AC': None, 'CL': None, 'TA': None}, {'NT': 'N-hydroxybenzotriazole', 'AC': None, 'CL': None, 'TA': None}]	not available	not available	not available	not available	not available	ejensen_C1902_174.raw	NT=ms-proteomics;VV=v1.1.0	NT=crosslinking;VV=v1.0.0	NT=human;VV=v1.1.0
PXD044405_ejensen_C1911_122	Homo sapiens	not available	not available	77	PXD044405_ejensen_C1911_122_assay	proteomic profiling by mass spectrometry	data-dependent acquisition	NT=label free sample;AC=MS:1002038	1	1	not available	NT=Lys-C;AC=MS:1001309	NT=Carbamidomethyl;AC=UNIMOD:4;TA=C;MT=Fixed	NT=Oxidation;AC=UNIMOD:21;TA=M;MT=Variable	not available	not available	NT=[{'NT': 'DSS', 'AC': 'XLMOD:02001', 'CL': 'no', 'TA': 'K,nterm'}, {'NT': 'PDH', 'AC': None, 'CL': None, 'TA': None}, {'NT': 'DMTMM', 'AC': None, 'CL': None, 'TA': None}, {'NT': 'hexanediamine', 'AC': None, 'CL': None, 'TA': None}, {'NT': 'N-hydroxybenzotriazole', 'AC': None, 'CL': None, 'TA': None}]	not available	not available	not available	not available	not available	ejensen_C1911_122.raw	NT=ms-proteomics;VV=v1.1.0	NT=crosslinking;VV=v1.0.0	NT=human;VV=v1.1.0
PXD044405_ejensen_C1811_033	Homo sapiens	not available	not available	78	PXD044405_ejensen_C1811_033_assay	proteomic profiling by mass spectrometry	data-dependent acquisition	NT=label free sample;AC=MS:1002038	1	1	not available	NT=Lys-C;AC=MS:1001309	NT=Carbamidomethyl;AC=UNIMOD:4;TA=C;MT=Fixed	NT=Oxidation;AC=UNIMOD:21;TA=M;MT=Variable	not available	not available	NT=[{'NT': 'DSS', 'AC': 'XLMOD:02001', 'CL': 'no', 'TA': 'K,nterm'}, {'NT': 'PDH', 'AC': None, 'CL': None, 'TA': None}, {'NT': 'DMTMM', 'AC': None, 'CL': None, 'TA': None}, {'NT': 'hexanediamine', 'AC': None, 'CL': None, 'TA': None}, {'NT': 'N-hydroxybenzotriazole', 'AC': None, 'CL': None, 'TA': None}]	not available	not available	not available	not available	not available	ejensen_C1811_033.raw	NT=ms-proteomics;VV=v1.1.0	NT=crosslinking;VV=v1.0.0	NT=human;VV=v1.1.0
PXD044405_ejensen_C1911_034	Homo sapiens	not available	not available	79	PXD044405_ejensen_C1911_034_assay	proteomic profiling by mass spectrometry	data-dependent acquisition	NT=label free sample;AC=MS:1002038	1	1	not available	NT=Lys-C;AC=MS:1001309	NT=Carbamidomethyl;AC=UNIMOD:4;TA=C;MT=Fixed	NT=Oxidation;AC=UNIMOD:21;TA=M;MT=Variable	not available	not available	NT=[{'NT': 'DSS', 'AC': 'XLMOD:02001', 'CL': 'no', 'TA': 'K,nterm'}, {'NT': 'PDH', 'AC': None, 'CL': None, 'TA': None}, {'NT': 'DMTMM', 'AC': None, 'CL': None, 'TA': None}, {'NT': 'hexanediamine', 'AC': None, 'CL': None, 'TA': None}, {'NT': 'N-hydroxybenzotriazole', 'AC': None, 'CL': None, 'TA': None}]	not available	not available	not available	not available	not available	ejensen_C1911_034.raw	NT=ms-proteomics;VV=v1.1.0	NT=crosslinking;VV=v1.0.0	NT=human;VV=v1.1.0
PXD044405_ejensen_C1812_231	Homo sapiens	not available	not available	80	PXD044405_ejensen_C1812_231_assay	proteomic profiling by mass spectrometry	data-dependent acquisition	NT=label free sample;AC=MS:1002038	1	1	not available	NT=Lys-C;AC=MS:1001309	NT=Carbamidomethyl;AC=UNIMOD:4;TA=C;MT=Fixed	NT=Oxidation;AC=UNIMOD:21;TA=M;MT=Variable	not available	not available	NT=[{'NT': 'DSS', 'AC': 'XLMOD:02001', 'CL': 'no', 'TA': 'K,nterm'}, {'NT': 'PDH', 'AC': None, 'CL': None, 'TA': None}, {'NT': 'DMTMM', 'AC': None, 'CL': None, 'TA': None}, {'NT': 'hexanediamine', 'AC': None, 'CL': None, 'TA': None}, {'NT': 'N-hydroxybenzotriazole', 'AC': None, 'CL': None, 'TA': None}]	not available	not available	not available	not available	not available	ejensen_C1812_231.raw	NT=ms-proteomics;VV=v1.1.0	NT=crosslinking;VV=v1.0.0	NT=human;VV=v1.1.0
PXD044405_ejensen_C1806_190	Homo sapiens	not available	not available	81	PXD044405_ejensen_C1806_190_assay	proteomic profiling by mass spectrometry	data-dependent acquisition	NT=label free sample;AC=MS:1002038	1	1	not available	NT=Lys-C;AC=MS:1001309	NT=Carbamidomethyl;AC=UNIMOD:4;TA=C;MT=Fixed	NT=Oxidation;AC=UNIMOD:21;TA=M;MT=Variable	not available	not available	NT=[{'NT': 'DSS', 'AC': 'XLMOD:02001', 'CL': 'no', 'TA': 'K,nterm'}, {'NT': 'PDH', 'AC': None, 'CL': None, 'TA': None}, {'NT': 'DMTMM', 'AC': None, 'CL': None, 'TA': None}, {'NT': 'hexanediamine', 'AC': None, 'CL': None, 'TA': None}, {'NT': 'N-hydroxybenzotriazole', 'AC': None, 'CL': None, 'TA': None}]	not available	not available	not available	not available	not available	ejensen_C1806_190.raw	NT=ms-proteomics;VV=v1.1.0	NT=crosslinking;VV=v1.0.0	NT=human;VV=v1.1.0
PXD044405_ejensen_C1911_120	Homo sapiens	not available	not available	82	PXD044405_ejensen_C1911_120_assay	proteomic profiling by mass spectrometry	data-dependent acquisition	NT=label free sample;AC=MS:1002038	1	1	not available	NT=Lys-C;AC=MS:1001309	NT=Carbamidomethyl;AC=UNIMOD:4;TA=C;MT=Fixed	NT=Oxidation;AC=UNIMOD:21;TA=M;MT=Variable	not available	not available	NT=[{'NT': 'DSS', 'AC': 'XLMOD:02001', 'CL': 'no', 'TA': 'K,nterm'}, {'NT': 'PDH', 'AC': None, 'CL': None, 'TA': None}, {'NT': 'DMTMM', 'AC': None, 'CL': None, 'TA': None}, {'NT': 'hexanediamine', 'AC': None, 'CL': None, 'TA': None}, {'NT': 'N-hydroxybenzotriazole', 'AC': None, 'CL': None, 'TA': None}]	not available	not available	not available	not available	not available	ejensen_C1911_120.raw	NT=ms-proteomics;VV=v1.1.0	NT=crosslinking;VV=v1.0.0	NT=human;VV=v1.1.0
PXD044405_ejensen_C1812_220	Homo sapiens	not available	not available	83	PXD044405_ejensen_C1812_220_assay	proteomic profiling by mass spectrometry	data-dependent acquisition	NT=label free sample;AC=MS:1002038	1	1	not available	NT=Lys-C;AC=MS:1001309	NT=Carbamidomethyl;AC=UNIMOD:4;TA=C;MT=Fixed	NT=Oxidation;AC=UNIMOD:21;TA=M;MT=Variable	not available	not available	NT=[{'NT': 'DSS', 'AC': 'XLMOD:02001', 'CL': 'no', 'TA': 'K,nterm'}, {'NT': 'PDH', 'AC': None, 'CL': None, 'TA': None}, {'NT': 'DMTMM', 'AC': None, 'CL': None, 'TA': None}, {'NT': 'hexanediamine', 'AC': None, 'CL': None, 'TA': None}, {'NT': 'N-hydroxybenzotriazole', 'AC': None, 'CL': None, 'TA': None}]	not available	not available	not available	not available	not available	ejensen_C1812_220.raw	NT=ms-proteomics;VV=v1.1.0	NT=crosslinking;VV=v1.0.0	NT=human;VV=v1.1.0
PXD044405_ejensen_C1902_099	Homo sapiens	not available	not available	84	PXD044405_ejensen_C1902_099_assay	proteomic profiling by mass spectrometry	data-dependent acquisition	NT=label free sample;AC=MS:1002038	1	1	not available	NT=Lys-C;AC=MS:1001309	NT=Carbamidomethyl;AC=UNIMOD:4;TA=C;MT=Fixed	NT=Oxidation;AC=UNIMOD:21;TA=M;MT=Variable	not available	not available	NT=[{'NT': 'DSS', 'AC': 'XLMOD:02001', 'CL': 'no', 'TA': 'K,nterm'}, {'NT': 'PDH', 'AC': None, 'CL': None, 'TA': None}, {'NT': 'DMTMM', 'AC': None, 'CL': None, 'TA': None}, {'NT': 'hexanediamine', 'AC': None, 'CL': None, 'TA': None}, {'NT': 'N-hydroxybenzotriazole', 'AC': None, 'CL': None, 'TA': None}]	not available	not available	not available	not available	not available	ejensen_C1902_099.raw	NT=ms-proteomics;VV=v1.1.0	NT=crosslinking;VV=v1.0.0	NT=human;VV=v1.1.0
PXD044405_ejensen_C1907_078	Homo sapiens	not available	not available	85	PXD044405_ejensen_C1907_078_assay	proteomic profiling by mass spectrometry	data-dependent acquisition	NT=label free sample;AC=MS:1002038	1	1	not available	NT=Lys-C;AC=MS:1001309	NT=Carbamidomethyl;AC=UNIMOD:4;TA=C;MT=Fixed	NT=Oxidation;AC=UNIMOD:21;TA=M;MT=Variable	not available	not available	NT=[{'NT': 'DSS', 'AC': 'XLMOD:02001', 'CL': 'no', 'TA': 'K,nterm'}, {'NT': 'PDH', 'AC': None, 'CL': None, 'TA': None}, {'NT': 'DMTMM', 'AC': None, 'CL': None, 'TA': None}, {'NT': 'hexanediamine', 'AC': None, 'CL': None, 'TA': None}, {'NT': 'N-hydroxybenzotriazole', 'AC': None, 'CL': None, 'TA': None}]	not available	not available	not available	not available	not available	ejensen_C1907_078.raw	NT=ms-proteomics;VV=v1.1.0	NT=crosslinking;VV=v1.0.0	NT=human;VV=v1.1.0
PXD044405_ejensen_C1902_096	Homo sapiens	not available	not available	86	PXD044405_ejensen_C1902_096_assay	proteomic profiling by mass spectrometry	data-dependent acquisition	NT=label free sample;AC=MS:1002038	1	1	not available	NT=Lys-C;AC=MS:1001309	NT=Carbamidomethyl;AC=UNIMOD:4;TA=C;MT=Fixed	NT=Oxidation;AC=UNIMOD:21;TA=M;MT=Variable	not available	not available	NT=[{'NT': 'DSS', 'AC': 'XLMOD:02001', 'CL': 'no', 'TA': 'K,nterm'}, {'NT': 'PDH', 'AC': None, 'CL': None, 'TA': None}, {'NT': 'DMTMM', 'AC': None, 'CL': None, 'TA': None}, {'NT': 'hexanediamine', 'AC': None, 'CL': None, 'TA': None}, {'NT': 'N-hydroxybenzotriazole', 'AC': None, 'CL': None, 'TA': None}]	not available	not available	not available	not available	not available	ejensen_C1902_096.raw	NT=ms-proteomics;VV=v1.1.0	NT=crosslinking;VV=v1.0.0	NT=human;VV=v1.1.0
PXD044405_ejensen_C1811_044	Homo sapiens	not available	not available	87	PXD044405_ejensen_C1811_044_assay	proteomic profiling by mass spectrometry	data-dependent acquisition	NT=label free sample;AC=MS:1002038	1	1	not available	NT=Lys-C;AC=MS:1001309	NT=Carbamidomethyl;AC=UNIMOD:4;TA=C;MT=Fixed	NT=Oxidation;AC=UNIMOD:21;TA=M;MT=Variable	not available	not available	NT=[{'NT': 'DSS', 'AC': 'XLMOD:02001', 'CL': 'no', 'TA': 'K,nterm'}, {'NT': 'PDH', 'AC': None, 'CL': None, 'TA': None}, {'NT': 'DMTMM', 'AC': None, 'CL': None, 'TA': None}, {'NT': 'hexanediamine', 'AC': None, 'CL': None, 'TA': None}, {'NT': 'N-hydroxybenzotriazole', 'AC': None, 'CL': None, 'TA': None}]	not available	not available	not available	not available	not available	ejensen_C1811_044.raw	NT=ms-proteomics;VV=v1.1.0	NT=crosslinking;VV=v1.0.0	NT=human;VV=v1.1.0
PXD044405_ejensen_C1907_099	Homo sapiens	not available	not available	88	PXD044405_ejensen_C1907_099_assay	proteomic profiling by mass spectrometry	data-dependent acquisition	NT=label free sample;AC=MS:1002038	1	1	not available	NT=Lys-C;AC=MS:1001309	NT=Carbamidomethyl;AC=UNIMOD:4;TA=C;MT=Fixed	NT=Oxidation;AC=UNIMOD:21;TA=M;MT=Variable	not available	not available	NT=[{'NT': 'DSS', 'AC': 'XLMOD:02001', 'CL': 'no', 'TA': 'K,nterm'}, {'NT': 'PDH', 'AC': None, 'CL': None, 'TA': None}, {'NT': 'DMTMM', 'AC': None, 'CL': None, 'TA': None}, {'NT': 'hexanediamine', 'AC': None, 'CL': None, 'TA': None}, {'NT': 'N-hydroxybenzotriazole', 'AC': None, 'CL': None, 'TA': None}]	not available	not available	not available	not available	not available	ejensen_C1907_099.raw	NT=ms-proteomics;VV=v1.1.0	NT=crosslinking;VV=v1.0.0	NT=human;VV=v1.1.0
PXD044405_ejensen_C1812_230	Homo sapiens	not available	not available	89	PXD044405_ejensen_C1812_230_assay	proteomic profiling by mass spectrometry	data-dependent acquisition	NT=label free sample;AC=MS:1002038	1	1	not available	NT=Lys-C;AC=MS:1001309	NT=Carbamidomethyl;AC=UNIMOD:4;TA=C;MT=Fixed	NT=Oxidation;AC=UNIMOD:21;TA=M;MT=Variable	not available	not available	NT=[{'NT': 'DSS', 'AC': 'XLMOD:02001', 'CL': 'no', 'TA': 'K,nterm'}, {'NT': 'PDH', 'AC': None, 'CL': None, 'TA': None}, {'NT': 'DMTMM', 'AC': None, 'CL': None, 'TA': None}, {'NT': 'hexanediamine', 'AC': None, 'CL': None, 'TA': None}, {'NT': 'N-hydroxybenzotriazole', 'AC': None, 'CL': None, 'TA': None}]	not available	not available	not available	not available	not available	ejensen_C1812_230.raw	NT=ms-proteomics;VV=v1.1.0	NT=crosslinking;VV=v1.0.0	NT=human;VV=v1.1.0
PXD044405_ejensen_C1911_113	Homo sapiens	not available	not available	90	PXD044405_ejensen_C1911_113_assay	proteomic profiling by mass spectrometry	data-dependent acquisition	NT=label free sample;AC=MS:1002038	1	1	not available	NT=Lys-C;AC=MS:1001309	NT=Carbamidomethyl;AC=UNIMOD:4;TA=C;MT=Fixed	NT=Oxidation;AC=UNIMOD:21;TA=M;MT=Variable	not available	not available	NT=[{'NT': 'DSS', 'AC': 'XLMOD:02001', 'CL': 'no', 'TA': 'K,nterm'}, {'NT': 'PDH', 'AC': None, 'CL': None, 'TA': None}, {'NT': 'DMTMM', 'AC': None, 'CL': None, 'TA': None}, {'NT': 'hexanediamine', 'AC': None, 'CL': None, 'TA': None}, {'NT': 'N-hydroxybenzotriazole', 'AC': None, 'CL': None, 'TA': None}]	not available	not available	not available	not available	not available	ejensen_C1911_113.raw	NT=ms-proteomics;VV=v1.1.0	NT=crosslinking;VV=v1.0.0	NT=human;VV=v1.1.0
PXD044405_ejensen_C1803_205	Homo sapiens	not available	not available	91	PXD044405_ejensen_C1803_205_assay	proteomic profiling by mass spectrometry	data-dependent acquisition	NT=label free sample;AC=MS:1002038	1	1	not available	NT=Lys-C;AC=MS:1001309	NT=Carbamidomethyl;AC=UNIMOD:4;TA=C;MT=Fixed	NT=Oxidation;AC=UNIMOD:21;TA=M;MT=Variable	not available	not available	NT=[{'NT': 'DSS', 'AC': 'XLMOD:02001', 'CL': 'no', 'TA': 'K,nterm'}, {'NT': 'PDH', 'AC': None, 'CL': None, 'TA': None}, {'NT': 'DMTMM', 'AC': None, 'CL': None, 'TA': None}, {'NT': 'hexanediamine', 'AC': None, 'CL': None, 'TA': None}, {'NT': 'N-hydroxybenzotriazole', 'AC': None, 'CL': None, 'TA': None}]	not available	not available	not available	not available	not available	ejensen_C1803_205.raw	NT=ms-proteomics;VV=v1.1.0	NT=crosslinking;VV=v1.0.0	NT=human;VV=v1.1.0
PXD044405_ejensen_C1907_043	Homo sapiens	not available	not available	92	PXD044405_ejensen_C1907_043_assay	proteomic profiling by mass spectrometry	data-dependent acquisition	NT=label free sample;AC=MS:1002038	1	1	not available	NT=Lys-C;AC=MS:1001309	NT=Carbamidomethyl;AC=UNIMOD:4;TA=C;MT=Fixed	NT=Oxidation;AC=UNIMOD:21;TA=M;MT=Variable	not available	not available	NT=[{'NT': 'DSS', 'AC': 'XLMOD:02001', 'CL': 'no', 'TA': 'K,nterm'}, {'NT': 'PDH', 'AC': None, 'CL': None, 'TA': None}, {'NT': 'DMTMM', 'AC': None, 'CL': None, 'TA': None}, {'NT': 'hexanediamine', 'AC': None, 'CL': None, 'TA': None}, {'NT': 'N-hydroxybenzotriazole', 'AC': None, 'CL': None, 'TA': None}]	not available	not available	not available	not available	not available	ejensen_C1907_043.raw	NT=ms-proteomics;VV=v1.1.0	NT=crosslinking;VV=v1.0.0	NT=human;VV=v1.1.0
PXD044405_ejensen_C1803_211	Homo sapiens	not available	not available	93	PXD044405_ejensen_C1803_211_assay	proteomic profiling by mass spectrometry	data-dependent acquisition	NT=label free sample;AC=MS:1002038	1	1	not available	NT=Lys-C;AC=MS:1001309	NT=Carbamidomethyl;AC=UNIMOD:4;TA=C;MT=Fixed	NT=Oxidation;AC=UNIMOD:21;TA=M;MT=Variable	not available	not available	NT=[{'NT': 'DSS', 'AC': 'XLMOD:02001', 'CL': 'no', 'TA': 'K,nterm'}, {'NT': 'PDH', 'AC': None, 'CL': None, 'TA': None}, {'NT': 'DMTMM', 'AC': None, 'CL': None, 'TA': None}, {'NT': 'hexanediamine', 'AC': None, 'CL': None, 'TA': None}, {'NT': 'N-hydroxybenzotriazole', 'AC': None, 'CL': None, 'TA': None}]	not available	not available	not available	not available	not available	ejensen_C1803_211.raw	NT=ms-proteomics;VV=v1.1.0	NT=crosslinking;VV=v1.0.0	NT=human;VV=v1.1.0
PXD044405_ejensen_C1902_173	Homo sapiens	not available	not available	94	PXD044405_ejensen_C1902_173_assay	proteomic profiling by mass spectrometry	data-dependent acquisition	NT=label free sample;AC=MS:1002038	1	1	not available	NT=Lys-C;AC=MS:1001309	NT=Carbamidomethyl;AC=UNIMOD:4;TA=C;MT=Fixed	NT=Oxidation;AC=UNIMOD:21;TA=M;MT=Variable	not available	not available	NT=[{'NT': 'DSS', 'AC': 'XLMOD:02001', 'CL': 'no', 'TA': 'K,nterm'}, {'NT': 'PDH', 'AC': None, 'CL': None, 'TA': None}, {'NT': 'DMTMM', 'AC': None, 'CL': None, 'TA': None}, {'NT': 'hexanediamine', 'AC': None, 'CL': None, 'TA': None}, {'NT': 'N-hydroxybenzotriazole', 'AC': None, 'CL': None, 'TA': None}]	not available	not available	not available	not available	not available	ejensen_C1902_173.raw	NT=ms-proteomics;VV=v1.1.0	NT=crosslinking;VV=v1.0.0	NT=human;VV=v1.1.0
PXD044405_ejensen_C1912_181	Homo sapiens	not available	not available	95	PXD044405_ejensen_C1912_181_assay	proteomic profiling by mass spectrometry	data-dependent acquisition	NT=label free sample;AC=MS:1002038	1	1	not available	NT=Lys-C;AC=MS:1001309	NT=Carbamidomethyl;AC=UNIMOD:4;TA=C;MT=Fixed	NT=Oxidation;AC=UNIMOD:21;TA=M;MT=Variable	not available	not available	NT=[{'NT': 'DSS', 'AC': 'XLMOD:02001', 'CL': 'no', 'TA': 'K,nterm'}, {'NT': 'PDH', 'AC': None, 'CL': None, 'TA': None}, {'NT': 'DMTMM', 'AC': None, 'CL': None, 'TA': None}, {'NT': 'hexanediamine', 'AC': None, 'CL': None, 'TA': None}, {'NT': 'N-hydroxybenzotriazole', 'AC': None, 'CL': None, 'TA': None}]	not available	not available	not available	not available	not available	ejensen_C1912_181.raw	NT=ms-proteomics;VV=v1.1.0	NT=crosslinking;VV=v1.0.0	NT=human;VV=v1.1.0
PXD044405_ejensen_C1902_214	Homo sapiens	not available	not available	96	PXD044405_ejensen_C1902_214_assay	proteomic profiling by mass spectrometry	data-dependent acquisition	NT=label free sample;AC=MS:1002038	1	1	not available	NT=Lys-C;AC=MS:1001309	NT=Carbamidomethyl;AC=UNIMOD:4;TA=C;MT=Fixed	NT=Oxidation;AC=UNIMOD:21;TA=M;MT=Variable	not available	not available	NT=[{'NT': 'DSS', 'AC': 'XLMOD:02001', 'CL': 'no', 'TA': 'K,nterm'}, {'NT': 'PDH', 'AC': None, 'CL': None, 'TA': None}, {'NT': 'DMTMM', 'AC': None, 'CL': None, 'TA': None}, {'NT': 'hexanediamine', 'AC': None, 'CL': None, 'TA': None}, {'NT': 'N-hydroxybenzotriazole', 'AC': None, 'CL': None, 'TA': None}]	not available	not available	not available	not available	not available	ejensen_C1902_214.raw	NT=ms-proteomics;VV=v1.1.0	NT=crosslinking;VV=v1.0.0	NT=human;VV=v1.1.0
PXD044405_ejensen_C1907_096	Homo sapiens	not available	not available	97	PXD044405_ejensen_C1907_096_assay	proteomic profiling by mass spectrometry	data-dependent acquisition	NT=label free sample;AC=MS:1002038	1	1	not available	NT=Lys-C;AC=MS:1001309	NT=Carbamidomethyl;AC=UNIMOD:4;TA=C;MT=Fixed	NT=Oxidation;AC=UNIMOD:21;TA=M;MT=Variable	not available	not available	NT=[{'NT': 'DSS', 'AC': 'XLMOD:02001', 'CL': 'no', 'TA': 'K,nterm'}, {'NT': 'PDH', 'AC': None, 'CL': None, 'TA': None}, {'NT': 'DMTMM', 'AC': None, 'CL': None, 'TA': None}, {'NT': 'hexanediamine', 'AC': None, 'CL': None, 'TA': None}, {'NT': 'N-hydroxybenzotriazole', 'AC': None, 'CL': None, 'TA': None}]	not available	not available	not available	not available	not available	ejensen_C1907_096.raw	NT=ms-proteomics;VV=v1.1.0	NT=crosslinking;VV=v1.0.0	NT=human;VV=v1.1.0
PXD044405_ejensen_C1911_050	Homo sapiens	not available	not available	98	PXD044405_ejensen_C1911_050_assay	proteomic profiling by mass spectrometry	data-dependent acquisition	NT=label free sample;AC=MS:1002038	1	1	not available	NT=Lys-C;AC=MS:1001309	NT=Carbamidomethyl;AC=UNIMOD:4;TA=C;MT=Fixed	NT=Oxidation;AC=UNIMOD:21;TA=M;MT=Variable	not available	not available	NT=[{'NT': 'DSS', 'AC': 'XLMOD:02001', 'CL': 'no', 'TA': 'K,nterm'}, {'NT': 'PDH', 'AC': None, 'CL': None, 'TA': None}, {'NT': 'DMTMM', 'AC': None, 'CL': None, 'TA': None}, {'NT': 'hexanediamine', 'AC': None, 'CL': None, 'TA': None}, {'NT': 'N-hydroxybenzotriazole', 'AC': None, 'CL': None, 'TA': None}]	not available	not available	not available	not available	not available	ejensen_C1911_050.raw	NT=ms-proteomics;VV=v1.1.0	NT=crosslinking;VV=v1.0.0	NT=human;VV=v1.1.0
PXD044405_ejensen_C1911_147	Homo sapiens	not available	not available	99	PXD044405_ejensen_C1911_147_assay	proteomic profiling by mass spectrometry	data-dependent acquisition	NT=label free sample;AC=MS:1002038	1	1	not available	NT=Lys-C;AC=MS:1001309	NT=Carbamidomethyl;AC=UNIMOD:4;TA=C;MT=Fixed	NT=Oxidation;AC=UNIMOD:21;TA=M;MT=Variable	not available	not available	NT=[{'NT': 'DSS', 'AC': 'XLMOD:02001', 'CL': 'no', 'TA': 'K,nterm'}, {'NT': 'PDH', 'AC': None, 'CL': None, 'TA': None}, {'NT': 'DMTMM', 'AC': None, 'CL': None, 'TA': None}, {'NT': 'hexanediamine', 'AC': None, 'CL': None, 'TA': None}, {'NT': 'N-hydroxybenzotriazole', 'AC': None, 'CL': None, 'TA': None}]	not available	not available	not available	not available	not available	ejensen_C1911_147.raw	NT=ms-proteomics;VV=v1.1.0	NT=crosslinking;VV=v1.0.0	NT=human;VV=v1.1.0
PXD044405_ejensen_C1806_189	Homo sapiens	not available	not available	100	PXD044405_ejensen_C1806_189_assay	proteomic profiling by mass spectrometry	data-dependent acquisition	NT=label free sample;AC=MS:1002038	1	1	not available	NT=Lys-C;AC=MS:1001309	NT=Carbamidomethyl;AC=UNIMOD:4;TA=C;MT=Fixed	NT=Oxidation;AC=UNIMOD:21;TA=M;MT=Variable	not available	not available	NT=[{'NT': 'DSS', 'AC': 'XLMOD:02001', 'CL': 'no', 'TA': 'K,nterm'}, {'NT': 'PDH', 'AC': None, 'CL': None, 'TA': None}, {'NT': 'DMTMM', 'AC': None, 'CL': None, 'TA': None}, {'NT': 'hexanediamine', 'AC': None, 'CL': None, 'TA': None}, {'NT': 'N-hydroxybenzotriazole', 'AC': None, 'CL': None, 'TA': None}]	not available	not available	not available	not available	not available	ejensen_C1806_189.raw	NT=ms-proteomics;VV=v1.1.0	NT=crosslinking;VV=v1.0.0	NT=human;VV=v1.1.0
PXD044405_ejensen_C1907_047	Homo sapiens	not available	not available	101	PXD044405_ejensen_C1907_047_assay	proteomic profiling by mass spectrometry	data-dependent acquisition	NT=label free sample;AC=MS:1002038	1	1	not available	NT=Lys-C;AC=MS:1001309	NT=Carbamidomethyl;AC=UNIMOD:4;TA=C;MT=Fixed	NT=Oxidation;AC=UNIMOD:21;TA=M;MT=Variable	not available	not available	NT=[{'NT': 'DSS', 'AC': 'XLMOD:02001', 'CL': 'no', 'TA': 'K,nterm'}, {'NT': 'PDH', 'AC': None, 'CL': None, 'TA': None}, {'NT': 'DMTMM', 'AC': None, 'CL': None, 'TA': None}, {'NT': 'hexanediamine', 'AC': None, 'CL': None, 'TA': None}, {'NT': 'N-hydroxybenzotriazole', 'AC': None, 'CL': None, 'TA': None}]	not available	not available	not available	not available	not available	ejensen_C1907_047.raw	NT=ms-proteomics;VV=v1.1.0	NT=crosslinking;VV=v1.0.0	NT=human;VV=v1.1.0
PXD044405_ejensen_C1907_049	Homo sapiens	not available	not available	102	PXD044405_ejensen_C1907_049_assay	proteomic profiling by mass spectrometry	data-dependent acquisition	NT=label free sample;AC=MS:1002038	1	1	not available	NT=Lys-C;AC=MS:1001309	NT=Carbamidomethyl;AC=UNIMOD:4;TA=C;MT=Fixed	NT=Oxidation;AC=UNIMOD:21;TA=M;MT=Variable	not available	not available	NT=[{'NT': 'DSS', 'AC': 'XLMOD:02001', 'CL': 'no', 'TA': 'K,nterm'}, {'NT': 'PDH', 'AC': None, 'CL': None, 'TA': None}, {'NT': 'DMTMM', 'AC': None, 'CL': None, 'TA': None}, {'NT': 'hexanediamine', 'AC': None, 'CL': None, 'TA': None}, {'NT': 'N-hydroxybenzotriazole', 'AC': None, 'CL': None, 'TA': None}]	not available	not available	not available	not available	not available	ejensen_C1907_049.raw	NT=ms-proteomics;VV=v1.1.0	NT=crosslinking;VV=v1.0.0	NT=human;VV=v1.1.0
PXD044405_ejensen_C1911_048	Homo sapiens	not available	not available	103	PXD044405_ejensen_C1911_048_assay	proteomic profiling by mass spectrometry	data-dependent acquisition	NT=label free sample;AC=MS:1002038	1	1	not available	NT=Lys-C;AC=MS:1001309	NT=Carbamidomethyl;AC=UNIMOD:4;TA=C;MT=Fixed	NT=Oxidation;AC=UNIMOD:21;TA=M;MT=Variable	not available	not available	NT=[{'NT': 'DSS', 'AC': 'XLMOD:02001', 'CL': 'no', 'TA': 'K,nterm'}, {'NT': 'PDH', 'AC': None, 'CL': None, 'TA': None}, {'NT': 'DMTMM', 'AC': None, 'CL': None, 'TA': None}, {'NT': 'hexanediamine', 'AC': None, 'CL': None, 'TA': None}, {'NT': 'N-hydroxybenzotriazole', 'AC': None, 'CL': None, 'TA': None}]	not available	not available	not available	not available	not available	ejensen_C1911_048.raw	NT=ms-proteomics;VV=v1.1.0	NT=crosslinking;VV=v1.0.0	NT=human;VV=v1.1.0
PXD044405_ejensen_C1907_054	Homo sapiens	not available	not available	104	PXD044405_ejensen_C1907_054_assay	proteomic profiling by mass spectrometry	data-dependent acquisition	NT=label free sample;AC=MS:1002038	1	1	not available	NT=Lys-C;AC=MS:1001309	NT=Carbamidomethyl;AC=UNIMOD:4;TA=C;MT=Fixed	NT=Oxidation;AC=UNIMOD:21;TA=M;MT=Variable	not available	not available	NT=[{'NT': 'DSS', 'AC': 'XLMOD:02001', 'CL': 'no', 'TA': 'K,nterm'}, {'NT': 'PDH', 'AC': None, 'CL': None, 'TA': None}, {'NT': 'DMTMM', 'AC': None, 'CL': None, 'TA': None}, {'NT': 'hexanediamine', 'AC': None, 'CL': None, 'TA': None}, {'NT': 'N-hydroxybenzotriazole', 'AC': None, 'CL': None, 'TA': None}]	not available	not available	not available	not available	not available	ejensen_C1907_054.raw	NT=ms-proteomics;VV=v1.1.0	NT=crosslinking;VV=v1.0.0	NT=human;VV=v1.1.0
PXD044405_ejensen_C1803_208	Homo sapiens	not available	not available	105	PXD044405_ejensen_C1803_208_assay	proteomic profiling by mass spectrometry	data-dependent acquisition	NT=label free sample;AC=MS:1002038	1	1	not available	NT=Lys-C;AC=MS:1001309	NT=Carbamidomethyl;AC=UNIMOD:4;TA=C;MT=Fixed	NT=Oxidation;AC=UNIMOD:21;TA=M;MT=Variable	not available	not available	NT=[{'NT': 'DSS', 'AC': 'XLMOD:02001', 'CL': 'no', 'TA': 'K,nterm'}, {'NT': 'PDH', 'AC': None, 'CL': None, 'TA': None}, {'NT': 'DMTMM', 'AC': None, 'CL': None, 'TA': None}, {'NT': 'hexanediamine', 'AC': None, 'CL': None, 'TA': None}, {'NT': 'N-hydroxybenzotriazole', 'AC': None, 'CL': None, 'TA': None}]	not available	not available	not available	not available	not available	ejensen_C1803_208.raw	NT=ms-proteomics;VV=v1.1.0	NT=crosslinking;VV=v1.0.0	NT=human;VV=v1.1.0
PXD044405_ejensen_C1902_181	Homo sapiens	not available	not available	106	PXD044405_ejensen_C1902_181_assay	proteomic profiling by mass spectrometry	data-dependent acquisition	NT=label free sample;AC=MS:1002038	1	1	not available	NT=Lys-C;AC=MS:1001309	NT=Carbamidomethyl;AC=UNIMOD:4;TA=C;MT=Fixed	NT=Oxidation;AC=UNIMOD:21;TA=M;MT=Variable	not available	not available	NT=[{'NT': 'DSS', 'AC': 'XLMOD:02001', 'CL': 'no', 'TA': 'K,nterm'}, {'NT': 'PDH', 'AC': None, 'CL': None, 'TA': None}, {'NT': 'DMTMM', 'AC': None, 'CL': None, 'TA': None}, {'NT': 'hexanediamine', 'AC': None, 'CL': None, 'TA': None}, {'NT': 'N-hydroxybenzotriazole', 'AC': None, 'CL': None, 'TA': None}]	not available	not available	not available	not available	not available	ejensen_C1902_181.raw	NT=ms-proteomics;VV=v1.1.0	NT=crosslinking;VV=v1.0.0	NT=human;VV=v1.1.0
PXD044405_ejensen_C1907_044	Homo sapiens	not available	not available	107	PXD044405_ejensen_C1907_044_assay	proteomic profiling by mass spectrometry	data-dependent acquisition	NT=label free sample;AC=MS:1002038	1	1	not available	NT=Lys-C;AC=MS:1001309	NT=Carbamidomethyl;AC=UNIMOD:4;TA=C;MT=Fixed	NT=Oxidation;AC=UNIMOD:21;TA=M;MT=Variable	not available	not available	NT=[{'NT': 'DSS', 'AC': 'XLMOD:02001', 'CL': 'no', 'TA': 'K,nterm'}, {'NT': 'PDH', 'AC': None, 'CL': None, 'TA': None}, {'NT': 'DMTMM', 'AC': None, 'CL': None, 'TA': None}, {'NT': 'hexanediamine', 'AC': None, 'CL': None, 'TA': None}, {'NT': 'N-hydroxybenzotriazole', 'AC': None, 'CL': None, 'TA': None}]	not available	not available	not available	not available	not available	ejensen_C1907_044.raw	NT=ms-proteomics;VV=v1.1.0	NT=crosslinking;VV=v1.0.0	NT=human;VV=v1.1.0
PXD044405_ejensen_C1912_189	Homo sapiens	not available	not available	108	PXD044405_ejensen_C1912_189_assay	proteomic profiling by mass spectrometry	data-dependent acquisition	NT=label free sample;AC=MS:1002038	1	1	not available	NT=Lys-C;AC=MS:1001309	NT=Carbamidomethyl;AC=UNIMOD:4;TA=C;MT=Fixed	NT=Oxidation;AC=UNIMOD:21;TA=M;MT=Variable	not available	not available	NT=[{'NT': 'DSS', 'AC': 'XLMOD:02001', 'CL': 'no', 'TA': 'K,nterm'}, {'NT': 'PDH', 'AC': None, 'CL': None, 'TA': None}, {'NT': 'DMTMM', 'AC': None, 'CL': None, 'TA': None}, {'NT': 'hexanediamine', 'AC': None, 'CL': None, 'TA': None}, {'NT': 'N-hydroxybenzotriazole', 'AC': None, 'CL': None, 'TA': None}]	not available	not available	not available	not available	not available	ejensen_C1912_189.raw	NT=ms-proteomics;VV=v1.1.0	NT=crosslinking;VV=v1.0.0	NT=human;VV=v1.1.0
PXD044405_ejensen_C1803_429	Homo sapiens	not available	not available	109	PXD044405_ejensen_C1803_429_assay	proteomic profiling by mass spectrometry	data-dependent acquisition	NT=label free sample;AC=MS:1002038	1	1	not available	NT=Lys-C;AC=MS:1001309	NT=Carbamidomethyl;AC=UNIMOD:4;TA=C;MT=Fixed	NT=Oxidation;AC=UNIMOD:21;TA=M;MT=Variable	not available	not available	NT=[{'NT': 'DSS', 'AC': 'XLMOD:02001', 'CL': 'no', 'TA': 'K,nterm'}, {'NT': 'PDH', 'AC': None, 'CL': None, 'TA': None}, {'NT': 'DMTMM', 'AC': None, 'CL': None, 'TA': None}, {'NT': 'hexanediamine', 'AC': None, 'CL': None, 'TA': None}, {'NT': 'N-hydroxybenzotriazole', 'AC': None, 'CL': None, 'TA': None}]	not available	not available	not available	not available	not available	ejensen_C1803_429.raw	NT=ms-proteomics;VV=v1.1.0	NT=crosslinking;VV=v1.0.0	NT=human;VV=v1.1.0
PXD044405_ejensen_C1911_042	Homo sapiens	not available	not available	110	PXD044405_ejensen_C1911_042_assay	proteomic profiling by mass spectrometry	data-dependent acquisition	NT=label free sample;AC=MS:1002038	1	1	not available	NT=Lys-C;AC=MS:1001309	NT=Carbamidomethyl;AC=UNIMOD:4;TA=C;MT=Fixed	NT=Oxidation;AC=UNIMOD:21;TA=M;MT=Variable	not available	not available	NT=[{'NT': 'DSS', 'AC': 'XLMOD:02001', 'CL': 'no', 'TA': 'K,nterm'}, {'NT': 'PDH', 'AC': None, 'CL': None, 'TA': None}, {'NT': 'DMTMM', 'AC': None, 'CL': None, 'TA': None}, {'NT': 'hexanediamine', 'AC': None, 'CL': None, 'TA': None}, {'NT': 'N-hydroxybenzotriazole', 'AC': None, 'CL': None, 'TA': None}]	not available	not available	not available	not available	not available	ejensen_C1911_042.raw	NT=ms-proteomics;VV=v1.1.0	NT=crosslinking;VV=v1.0.0	NT=human;VV=v1.1.0
PXD044405_ejensen_C1907_042	Homo sapiens	not available	not available	111	PXD044405_ejensen_C1907_042_assay	proteomic profiling by mass spectrometry	data-dependent acquisition	NT=label free sample;AC=MS:1002038	1	1	not available	NT=Lys-C;AC=MS:1001309	NT=Carbamidomethyl;AC=UNIMOD:4;TA=C;MT=Fixed	NT=Oxidation;AC=UNIMOD:21;TA=M;MT=Variable	not available	not available	NT=[{'NT': 'DSS', 'AC': 'XLMOD:02001', 'CL': 'no', 'TA': 'K,nterm'}, {'NT': 'PDH', 'AC': None, 'CL': None, 'TA': None}, {'NT': 'DMTMM', 'AC': None, 'CL': None, 'TA': None}, {'NT': 'hexanediamine', 'AC': None, 'CL': None, 'TA': None}, {'NT': 'N-hydroxybenzotriazole', 'AC': None, 'CL': None, 'TA': None}]	not available	not available	not available	not available	not available	ejensen_C1907_042.raw	NT=ms-proteomics;VV=v1.1.0	NT=crosslinking;VV=v1.0.0	NT=human;VV=v1.1.0
PXD044405_ejensen_C1911_138	Homo sapiens	not available	not available	112	PXD044405_ejensen_C1911_138_assay	proteomic profiling by mass spectrometry	data-dependent acquisition	NT=label free sample;AC=MS:1002038	1	1	not available	NT=Lys-C;AC=MS:1001309	NT=Carbamidomethyl;AC=UNIMOD:4;TA=C;MT=Fixed	NT=Oxidation;AC=UNIMOD:21;TA=M;MT=Variable	not available	not available	NT=[{'NT': 'DSS', 'AC': 'XLMOD:02001', 'CL': 'no', 'TA': 'K,nterm'}, {'NT': 'PDH', 'AC': None, 'CL': None, 'TA': None}, {'NT': 'DMTMM', 'AC': None, 'CL': None, 'TA': None}, {'NT': 'hexanediamine', 'AC': None, 'CL': None, 'TA': None}, {'NT': 'N-hydroxybenzotriazole', 'AC': None, 'CL': None, 'TA': None}]	not available	not available	not available	not available	not available	ejensen_C1911_138.raw	NT=ms-proteomics;VV=v1.1.0	NT=crosslinking;VV=v1.0.0	NT=human;VV=v1.1.0
PXD044405_ejensen_C1907_050	Homo sapiens	not available	not available	113	PXD044405_ejensen_C1907_050_assay	proteomic profiling by mass spectrometry	data-dependent acquisition	NT=label free sample;AC=MS:1002038	1	1	not available	NT=Lys-C;AC=MS:1001309	NT=Carbamidomethyl;AC=UNIMOD:4;TA=C;MT=Fixed	NT=Oxidation;AC=UNIMOD:21;TA=M;MT=Variable	not available	not available	NT=[{'NT': 'DSS', 'AC': 'XLMOD:02001', 'CL': 'no', 'TA': 'K,nterm'}, {'NT': 'PDH', 'AC': None, 'CL': None, 'TA': None}, {'NT': 'DMTMM', 'AC': None, 'CL': None, 'TA': None}, {'NT': 'hexanediamine', 'AC': None, 'CL': None, 'TA': None}, {'NT': 'N-hydroxybenzotriazole', 'AC': None, 'CL': None, 'TA': None}]	not available	not available	not available	not available	not available	ejensen_C1907_050.raw	NT=ms-proteomics;VV=v1.1.0	NT=crosslinking;VV=v1.0.0	NT=human;VV=v1.1.0
PXD044405_ejensen_C1812_218	Homo sapiens	not available	not available	114	PXD044405_ejensen_C1812_218_assay	proteomic profiling by mass spectrometry	data-dependent acquisition	NT=label free sample;AC=MS:1002038	1	1	not available	NT=Lys-C;AC=MS:1001309	NT=Carbamidomethyl;AC=UNIMOD:4;TA=C;MT=Fixed	NT=Oxidation;AC=UNIMOD:21;TA=M;MT=Variable	not available	not available	NT=[{'NT': 'DSS', 'AC': 'XLMOD:02001', 'CL': 'no', 'TA': 'K,nterm'}, {'NT': 'PDH', 'AC': None, 'CL': None, 'TA': None}, {'NT': 'DMTMM', 'AC': None, 'CL': None, 'TA': None}, {'NT': 'hexanediamine', 'AC': None, 'CL': None, 'TA': None}, {'NT': 'N-hydroxybenzotriazole', 'AC': None, 'CL': None, 'TA': None}]	not available	not available	not available	not available	not available	ejensen_C1812_218.raw	NT=ms-proteomics;VV=v1.1.0	NT=crosslinking;VV=v1.0.0	NT=human;VV=v1.1.0
PXD044405_ejensen_C1907_095	Homo sapiens	not available	not available	115	PXD044405_ejensen_C1907_095_assay	proteomic profiling by mass spectrometry	data-dependent acquisition	NT=label free sample;AC=MS:1002038	1	1	not available	NT=Lys-C;AC=MS:1001309	NT=Carbamidomethyl;AC=UNIMOD:4;TA=C;MT=Fixed	NT=Oxidation;AC=UNIMOD:21;TA=M;MT=Variable	not available	not available	NT=[{'NT': 'DSS', 'AC': 'XLMOD:02001', 'CL': 'no', 'TA': 'K,nterm'}, {'NT': 'PDH', 'AC': None, 'CL': None, 'TA': None}, {'NT': 'DMTMM', 'AC': None, 'CL': None, 'TA': None}, {'NT': 'hexanediamine', 'AC': None, 'CL': None, 'TA': None}, {'NT': 'N-hydroxybenzotriazole', 'AC': None, 'CL': None, 'TA': None}]	not available	not available	not available	not available	not available	ejensen_C1907_095.raw	NT=ms-proteomics;VV=v1.1.0	NT=crosslinking;VV=v1.0.0	NT=human;VV=v1.1.0
PXD044405_ejensen_C1911_044	Homo sapiens	not available	not available	116	PXD044405_ejensen_C1911_044_assay	proteomic profiling by mass spectrometry	data-dependent acquisition	NT=label free sample;AC=MS:1002038	1	1	not available	NT=Lys-C;AC=MS:1001309	NT=Carbamidomethyl;AC=UNIMOD:4;TA=C;MT=Fixed	NT=Oxidation;AC=UNIMOD:21;TA=M;MT=Variable	not available	not available	NT=[{'NT': 'DSS', 'AC': 'XLMOD:02001', 'CL': 'no', 'TA': 'K,nterm'}, {'NT': 'PDH', 'AC': None, 'CL': None, 'TA': None}, {'NT': 'DMTMM', 'AC': None, 'CL': None, 'TA': None}, {'NT': 'hexanediamine', 'AC': None, 'CL': None, 'TA': None}, {'NT': 'N-hydroxybenzotriazole', 'AC': None, 'CL': None, 'TA': None}]	not available	not available	not available	not available	not available	ejensen_C1911_044.raw	NT=ms-proteomics;VV=v1.1.0	NT=crosslinking;VV=v1.0.0	NT=human;VV=v1.1.0
PXD044405_ejensen_C1907_093	Homo sapiens	not available	not available	117	PXD044405_ejensen_C1907_093_assay	proteomic profiling by mass spectrometry	data-dependent acquisition	NT=label free sample;AC=MS:1002038	1	1	not available	NT=Lys-C;AC=MS:1001309	NT=Carbamidomethyl;AC=UNIMOD:4;TA=C;MT=Fixed	NT=Oxidation;AC=UNIMOD:21;TA=M;MT=Variable	not available	not available	NT=[{'NT': 'DSS', 'AC': 'XLMOD:02001', 'CL': 'no', 'TA': 'K,nterm'}, {'NT': 'PDH', 'AC': None, 'CL': None, 'TA': None}, {'NT': 'DMTMM', 'AC': None, 'CL': None, 'TA': None}, {'NT': 'hexanediamine', 'AC': None, 'CL': None, 'TA': None}, {'NT': 'N-hydroxybenzotriazole', 'AC': None, 'CL': None, 'TA': None}]	not available	not available	not available	not available	not available	ejensen_C1907_093.raw	NT=ms-proteomics;VV=v1.1.0	NT=crosslinking;VV=v1.0.0	NT=human;VV=v1.1.0
PXD044405_ejensen_C1902_221	Homo sapiens	not available	not available	118	PXD044405_ejensen_C1902_221_assay	proteomic profiling by mass spectrometry	data-dependent acquisition	NT=label free sample;AC=MS:1002038	1	1	not available	NT=Lys-C;AC=MS:1001309	NT=Carbamidomethyl;AC=UNIMOD:4;TA=C;MT=Fixed	NT=Oxidation;AC=UNIMOD:21;TA=M;MT=Variable	not available	not available	NT=[{'NT': 'DSS', 'AC': 'XLMOD:02001', 'CL': 'no', 'TA': 'K,nterm'}, {'NT': 'PDH', 'AC': None, 'CL': None, 'TA': None}, {'NT': 'DMTMM', 'AC': None, 'CL': None, 'TA': None}, {'NT': 'hexanediamine', 'AC': None, 'CL': None, 'TA': None}, {'NT': 'N-hydroxybenzotriazole', 'AC': None, 'CL': None, 'TA': None}]	not available	not available	not available	not available	not available	ejensen_C1902_221.raw	NT=ms-proteomics;VV=v1.1.0	NT=crosslinking;VV=v1.0.0	NT=human;VV=v1.1.0
PXD044405_ejensen_C1911_144	Homo sapiens	not available	not available	119	PXD044405_ejensen_C1911_144_assay	proteomic profiling by mass spectrometry	data-dependent acquisition	NT=label free sample;AC=MS:1002038	1	1	not available	NT=Lys-C;AC=MS:1001309	NT=Carbamidomethyl;AC=UNIMOD:4;TA=C;MT=Fixed	NT=Oxidation;AC=UNIMOD:21;TA=M;MT=Variable	not available	not available	NT=[{'NT': 'DSS', 'AC': 'XLMOD:02001', 'CL': 'no', 'TA': 'K,nterm'}, {'NT': 'PDH', 'AC': None, 'CL': None, 'TA': None}, {'NT': 'DMTMM', 'AC': None, 'CL': None, 'TA': None}, {'NT': 'hexanediamine', 'AC': None, 'CL': None, 'TA': None}, {'NT': 'N-hydroxybenzotriazole', 'AC': None, 'CL': None, 'TA': None}]	not available	not available	not available	not available	not available	ejensen_C1911_144.raw	NT=ms-proteomics;VV=v1.1.0	NT=crosslinking;VV=v1.0.0	NT=human;VV=v1.1.0
PXD044405_ejensen_C1811_037	Homo sapiens	not available	not available	120	PXD044405_ejensen_C1811_037_assay	proteomic profiling by mass spectrometry	data-dependent acquisition	NT=label free sample;AC=MS:1002038	1	1	not available	NT=Lys-C;AC=MS:1001309	NT=Carbamidomethyl;AC=UNIMOD:4;TA=C;MT=Fixed	NT=Oxidation;AC=UNIMOD:21;TA=M;MT=Variable	not available	not available	NT=[{'NT': 'DSS', 'AC': 'XLMOD:02001', 'CL': 'no', 'TA': 'K,nterm'}, {'NT': 'PDH', 'AC': None, 'CL': None, 'TA': None}, {'NT': 'DMTMM', 'AC': None, 'CL': None, 'TA': None}, {'NT': 'hexanediamine', 'AC': None, 'CL': None, 'TA': None}, {'NT': 'N-hydroxybenzotriazole', 'AC': None, 'CL': None, 'TA': None}]	not available	not available	not available	not available	not available	ejensen_C1811_037.raw	NT=ms-proteomics;VV=v1.1.0	NT=crosslinking;VV=v1.0.0	NT=human;VV=v1.1.0
PXD044405_ejensen_C1811_034	Homo sapiens	not available	not available	121	PXD044405_ejensen_C1811_034_assay	proteomic profiling by mass spectrometry	data-dependent acquisition	NT=label free sample;AC=MS:1002038	1	1	not available	NT=Lys-C;AC=MS:1001309	NT=Carbamidomethyl;AC=UNIMOD:4;TA=C;MT=Fixed	NT=Oxidation;AC=UNIMOD:21;TA=M;MT=Variable	not available	not available	NT=[{'NT': 'DSS', 'AC': 'XLMOD:02001', 'CL': 'no', 'TA': 'K,nterm'}, {'NT': 'PDH', 'AC': None, 'CL': None, 'TA': None}, {'NT': 'DMTMM', 'AC': None, 'CL': None, 'TA': None}, {'NT': 'hexanediamine', 'AC': None, 'CL': None, 'TA': None}, {'NT': 'N-hydroxybenzotriazole', 'AC': None, 'CL': None, 'TA': None}]	not available	not available	not available	not available	not available	ejensen_C1811_034.raw	NT=ms-proteomics;VV=v1.1.0	NT=crosslinking;VV=v1.0.0	NT=human;VV=v1.1.0
PXD044405_ejensen_C1803_215	Homo sapiens	not available	not available	122	PXD044405_ejensen_C1803_215_assay	proteomic profiling by mass spectrometry	data-dependent acquisition	NT=label free sample;AC=MS:1002038	1	1	not available	NT=Lys-C;AC=MS:1001309	NT=Carbamidomethyl;AC=UNIMOD:4;TA=C;MT=Fixed	NT=Oxidation;AC=UNIMOD:21;TA=M;MT=Variable	not available	not available	NT=[{'NT': 'DSS', 'AC': 'XLMOD:02001', 'CL': 'no', 'TA': 'K,nterm'}, {'NT': 'PDH', 'AC': None, 'CL': None, 'TA': None}, {'NT': 'DMTMM', 'AC': None, 'CL': None, 'TA': None}, {'NT': 'hexanediamine', 'AC': None, 'CL': None, 'TA': None}, {'NT': 'N-hydroxybenzotriazole', 'AC': None, 'CL': None, 'TA': None}]	not available	not available	not available	not available	not available	ejensen_C1803_215.raw	NT=ms-proteomics;VV=v1.1.0	NT=crosslinking;VV=v1.0.0	NT=human;VV=v1.1.0
PXD044405_ejensen_C1907_103	Homo sapiens	not available	not available	123	PXD044405_ejensen_C1907_103_assay	proteomic profiling by mass spectrometry	data-dependent acquisition	NT=label free sample;AC=MS:1002038	1	1	not available	NT=Lys-C;AC=MS:1001309	NT=Carbamidomethyl;AC=UNIMOD:4;TA=C;MT=Fixed	NT=Oxidation;AC=UNIMOD:21;TA=M;MT=Variable	not available	not available	NT=[{'NT': 'DSS', 'AC': 'XLMOD:02001', 'CL': 'no', 'TA': 'K,nterm'}, {'NT': 'PDH', 'AC': None, 'CL': None, 'TA': None}, {'NT': 'DMTMM', 'AC': None, 'CL': None, 'TA': None}, {'NT': 'hexanediamine', 'AC': None, 'CL': None, 'TA': None}, {'NT': 'N-hydroxybenzotriazole', 'AC': None, 'CL': None, 'TA': None}]	not available	not available	not available	not available	not available	ejensen_C1907_103.raw	NT=ms-proteomics;VV=v1.1.0	NT=crosslinking;VV=v1.0.0	NT=human;VV=v1.1.0
PXD044405_ejensen_C1902_183	Homo sapiens	not available	not available	124	PXD044405_ejensen_C1902_183_assay	proteomic profiling by mass spectrometry	data-dependent acquisition	NT=label free sample;AC=MS:1002038	1	1	not available	NT=Lys-C;AC=MS:1001309	NT=Carbamidomethyl;AC=UNIMOD:4;TA=C;MT=Fixed	NT=Oxidation;AC=UNIMOD:21;TA=M;MT=Variable	not available	not available	NT=[{'NT': 'DSS', 'AC': 'XLMOD:02001', 'CL': 'no', 'TA': 'K,nterm'}, {'NT': 'PDH', 'AC': None, 'CL': None, 'TA': None}, {'NT': 'DMTMM', 'AC': None, 'CL': None, 'TA': None}, {'NT': 'hexanediamine', 'AC': None, 'CL': None, 'TA': None}, {'NT': 'N-hydroxybenzotriazole', 'AC': None, 'CL': None, 'TA': None}]	not available	not available	not available	not available	not available	ejensen_C1902_183.raw	NT=ms-proteomics;VV=v1.1.0	NT=crosslinking;VV=v1.0.0	NT=human;VV=v1.1.0
PXD044405_ejensen_C1911_052	Homo sapiens	not available	not available	125	PXD044405_ejensen_C1911_052_assay	proteomic profiling by mass spectrometry	data-dependent acquisition	NT=label free sample;AC=MS:1002038	1	1	not available	NT=Lys-C;AC=MS:1001309	NT=Carbamidomethyl;AC=UNIMOD:4;TA=C;MT=Fixed	NT=Oxidation;AC=UNIMOD:21;TA=M;MT=Variable	not available	not available	NT=[{'NT': 'DSS', 'AC': 'XLMOD:02001', 'CL': 'no', 'TA': 'K,nterm'}, {'NT': 'PDH', 'AC': None, 'CL': None, 'TA': None}, {'NT': 'DMTMM', 'AC': None, 'CL': None, 'TA': None}, {'NT': 'hexanediamine', 'AC': None, 'CL': None, 'TA': None}, {'NT': 'N-hydroxybenzotriazole', 'AC': None, 'CL': None, 'TA': None}]	not available	not available	not available	not available	not available	ejensen_C1911_052.raw	NT=ms-proteomics;VV=v1.1.0	NT=crosslinking;VV=v1.0.0	NT=human;VV=v1.1.0
PXD044405_ejensen_C1803_213	Homo sapiens	not available	not available	126	PXD044405_ejensen_C1803_213_assay	proteomic profiling by mass spectrometry	data-dependent acquisition	NT=label free sample;AC=MS:1002038	1	1	not available	NT=Lys-C;AC=MS:1001309	NT=Carbamidomethyl;AC=UNIMOD:4;TA=C;MT=Fixed	NT=Oxidation;AC=UNIMOD:21;TA=M;MT=Variable	not available	not available	NT=[{'NT': 'DSS', 'AC': 'XLMOD:02001', 'CL': 'no', 'TA': 'K,nterm'}, {'NT': 'PDH', 'AC': None, 'CL': None, 'TA': None}, {'NT': 'DMTMM', 'AC': None, 'CL': None, 'TA': None}, {'NT': 'hexanediamine', 'AC': None, 'CL': None, 'TA': None}, {'NT': 'N-hydroxybenzotriazole', 'AC': None, 'CL': None, 'TA': None}]	not available	not available	not available	not available	not available	ejensen_C1803_213.raw	NT=ms-proteomics;VV=v1.1.0	NT=crosslinking;VV=v1.0.0	NT=human;VV=v1.1.0
PXD044405_ejensen_C1806_234	Homo sapiens	not available	not available	127	PXD044405_ejensen_C1806_234_assay	proteomic profiling by mass spectrometry	data-dependent acquisition	NT=label free sample;AC=MS:1002038	1	1	not available	NT=Lys-C;AC=MS:1001309	NT=Carbamidomethyl;AC=UNIMOD:4;TA=C;MT=Fixed	NT=Oxidation;AC=UNIMOD:21;TA=M;MT=Variable	not available	not available	NT=[{'NT': 'DSS', 'AC': 'XLMOD:02001', 'CL': 'no', 'TA': 'K,nterm'}, {'NT': 'PDH', 'AC': None, 'CL': None, 'TA': None}, {'NT': 'DMTMM', 'AC': None, 'CL': None, 'TA': None}, {'NT': 'hexanediamine', 'AC': None, 'CL': None, 'TA': None}, {'NT': 'N-hydroxybenzotriazole', 'AC': None, 'CL': None, 'TA': None}]	not available	not available	not available	not available	not available	ejensen_C1806_234.raw	NT=ms-proteomics;VV=v1.1.0	NT=crosslinking;VV=v1.0.0	NT=human;VV=v1.1.0
PXD044405_ejensen_C1907_108	Homo sapiens	not available	not available	128	PXD044405_ejensen_C1907_108_assay	proteomic profiling by mass spectrometry	data-dependent acquisition	NT=label free sample;AC=MS:1002038	1	1	not available	NT=Lys-C;AC=MS:1001309	NT=Carbamidomethyl;AC=UNIMOD:4;TA=C;MT=Fixed	NT=Oxidation;AC=UNIMOD:21;TA=M;MT=Variable	not available	not available	NT=[{'NT': 'DSS', 'AC': 'XLMOD:02001', 'CL': 'no', 'TA': 'K,nterm'}, {'NT': 'PDH', 'AC': None, 'CL': None, 'TA': None}, {'NT': 'DMTMM', 'AC': None, 'CL': None, 'TA': None}, {'NT': 'hexanediamine', 'AC': None, 'CL': None, 'TA': None}, {'NT': 'N-hydroxybenzotriazole', 'AC': None, 'CL': None, 'TA': None}]	not available	not available	not available	not available	not available	ejensen_C1907_108.raw	NT=ms-proteomics;VV=v1.1.0	NT=crosslinking;VV=v1.0.0	NT=human;VV=v1.1.0
PXD044405_ejensen_C1907_040	Homo sapiens	not available	not available	129	PXD044405_ejensen_C1907_040_assay	proteomic profiling by mass spectrometry	data-dependent acquisition	NT=label free sample;AC=MS:1002038	1	1	not available	NT=Lys-C;AC=MS:1001309	NT=Carbamidomethyl;AC=UNIMOD:4;TA=C;MT=Fixed	NT=Oxidation;AC=UNIMOD:21;TA=M;MT=Variable	not available	not available	NT=[{'NT': 'DSS', 'AC': 'XLMOD:02001', 'CL': 'no', 'TA': 'K,nterm'}, {'NT': 'PDH', 'AC': None, 'CL': None, 'TA': None}, {'NT': 'DMTMM', 'AC': None, 'CL': None, 'TA': None}, {'NT': 'hexanediamine', 'AC': None, 'CL': None, 'TA': None}, {'NT': 'N-hydroxybenzotriazole', 'AC': None, 'CL': None, 'TA': None}]	not available	not available	not available	not available	not available	ejensen_C1907_040.raw	NT=ms-proteomics;VV=v1.1.0	NT=crosslinking;VV=v1.0.0	NT=human;VV=v1.1.0
PXD044405_ejensen_C1812_229	Homo sapiens	not available	not available	130	PXD044405_ejensen_C1812_229_assay	proteomic profiling by mass spectrometry	data-dependent acquisition	NT=label free sample;AC=MS:1002038	1	1	not available	NT=Lys-C;AC=MS:1001309	NT=Carbamidomethyl;AC=UNIMOD:4;TA=C;MT=Fixed	NT=Oxidation;AC=UNIMOD:21;TA=M;MT=Variable	not available	not available	NT=[{'NT': 'DSS', 'AC': 'XLMOD:02001', 'CL': 'no', 'TA': 'K,nterm'}, {'NT': 'PDH', 'AC': None, 'CL': None, 'TA': None}, {'NT': 'DMTMM', 'AC': None, 'CL': None, 'TA': None}, {'NT': 'hexanediamine', 'AC': None, 'CL': None, 'TA': None}, {'NT': 'N-hydroxybenzotriazole', 'AC': None, 'CL': None, 'TA': None}]	not available	not available	not available	not available	not available	ejensen_C1812_229.raw	NT=ms-proteomics;VV=v1.1.0	NT=crosslinking;VV=v1.0.0	NT=human;VV=v1.1.0
PXD044405_ejensen_C1911_141	Homo sapiens	not available	not available	131	PXD044405_ejensen_C1911_141_assay	proteomic profiling by mass spectrometry	data-dependent acquisition	NT=label free sample;AC=MS:1002038	1	1	not available	NT=Lys-C;AC=MS:1001309	NT=Carbamidomethyl;AC=UNIMOD:4;TA=C;MT=Fixed	NT=Oxidation;AC=UNIMOD:21;TA=M;MT=Variable	not available	not available	NT=[{'NT': 'DSS', 'AC': 'XLMOD:02001', 'CL': 'no', 'TA': 'K,nterm'}, {'NT': 'PDH', 'AC': None, 'CL': None, 'TA': None}, {'NT': 'DMTMM', 'AC': None, 'CL': None, 'TA': None}, {'NT': 'hexanediamine', 'AC': None, 'CL': None, 'TA': None}, {'NT': 'N-hydroxybenzotriazole', 'AC': None, 'CL': None, 'TA': None}]	not available	not available	not available	not available	not available	ejensen_C1911_141.raw	NT=ms-proteomics;VV=v1.1.0	NT=crosslinking;VV=v1.0.0	NT=human;VV=v1.1.0
PXD044405_ejensen_C1912_188	Homo sapiens	not available	not available	132	PXD044405_ejensen_C1912_188_assay	proteomic profiling by mass spectrometry	data-dependent acquisition	NT=label free sample;AC=MS:1002038	1	1	not available	NT=Lys-C;AC=MS:1001309	NT=Carbamidomethyl;AC=UNIMOD:4;TA=C;MT=Fixed	NT=Oxidation;AC=UNIMOD:21;TA=M;MT=Variable	not available	not available	NT=[{'NT': 'DSS', 'AC': 'XLMOD:02001', 'CL': 'no', 'TA': 'K,nterm'}, {'NT': 'PDH', 'AC': None, 'CL': None, 'TA': None}, {'NT': 'DMTMM', 'AC': None, 'CL': None, 'TA': None}, {'NT': 'hexanediamine', 'AC': None, 'CL': None, 'TA': None}, {'NT': 'N-hydroxybenzotriazole', 'AC': None, 'CL': None, 'TA': None}]	not available	not available	not available	not available	not available	ejensen_C1912_188.raw	NT=ms-proteomics;VV=v1.1.0	NT=crosslinking;VV=v1.0.0	NT=human;VV=v1.1.0
PXD044405_ejensen_C1907_079	Homo sapiens	not available	not available	133	PXD044405_ejensen_C1907_079_assay	proteomic profiling by mass spectrometry	data-dependent acquisition	NT=label free sample;AC=MS:1002038	1	1	not available	NT=Lys-C;AC=MS:1001309	NT=Carbamidomethyl;AC=UNIMOD:4;TA=C;MT=Fixed	NT=Oxidation;AC=UNIMOD:21;TA=M;MT=Variable	not available	not available	NT=[{'NT': 'DSS', 'AC': 'XLMOD:02001', 'CL': 'no', 'TA': 'K,nterm'}, {'NT': 'PDH', 'AC': None, 'CL': None, 'TA': None}, {'NT': 'DMTMM', 'AC': None, 'CL': None, 'TA': None}, {'NT': 'hexanediamine', 'AC': None, 'CL': None, 'TA': None}, {'NT': 'N-hydroxybenzotriazole', 'AC': None, 'CL': None, 'TA': None}]	not available	not available	not available	not available	not available	ejensen_C1907_079.raw	NT=ms-proteomics;VV=v1.1.0	NT=crosslinking;VV=v1.0.0	NT=human;VV=v1.1.0
PXD044405_ejensen_C1902_203	Homo sapiens	not available	not available	134	PXD044405_ejensen_C1902_203_assay	proteomic profiling by mass spectrometry	data-dependent acquisition	NT=label free sample;AC=MS:1002038	1	1	not available	NT=Lys-C;AC=MS:1001309	NT=Carbamidomethyl;AC=UNIMOD:4;TA=C;MT=Fixed	NT=Oxidation;AC=UNIMOD:21;TA=M;MT=Variable	not available	not available	NT=[{'NT': 'DSS', 'AC': 'XLMOD:02001', 'CL': 'no', 'TA': 'K,nterm'}, {'NT': 'PDH', 'AC': None, 'CL': None, 'TA': None}, {'NT': 'DMTMM', 'AC': None, 'CL': None, 'TA': None}, {'NT': 'hexanediamine', 'AC': None, 'CL': None, 'TA': None}, {'NT': 'N-hydroxybenzotriazole', 'AC': None, 'CL': None, 'TA': None}]	not available	not available	not available	not available	not available	ejensen_C1902_203.raw	NT=ms-proteomics;VV=v1.1.0	NT=crosslinking;VV=v1.0.0	NT=human;VV=v1.1.0
PXD044405_ejensen_C1812_216	Homo sapiens	not available	not available	135	PXD044405_ejensen_C1812_216_assay	proteomic profiling by mass spectrometry	data-dependent acquisition	NT=label free sample;AC=MS:1002038	1	1	not available	NT=Lys-C;AC=MS:1001309	NT=Carbamidomethyl;AC=UNIMOD:4;TA=C;MT=Fixed	NT=Oxidation;AC=UNIMOD:21;TA=M;MT=Variable	not available	not available	NT=[{'NT': 'DSS', 'AC': 'XLMOD:02001', 'CL': 'no', 'TA': 'K,nterm'}, {'NT': 'PDH', 'AC': None, 'CL': None, 'TA': None}, {'NT': 'DMTMM', 'AC': None, 'CL': None, 'TA': None}, {'NT': 'hexanediamine', 'AC': None, 'CL': None, 'TA': None}, {'NT': 'N-hydroxybenzotriazole', 'AC': None, 'CL': None, 'TA': None}]	not available	not available	not available	not available	not available	ejensen_C1812_216.raw	NT=ms-proteomics;VV=v1.1.0	NT=crosslinking;VV=v1.0.0	NT=human;VV=v1.1.0
PXD044405_ejensen_C1911_051	Homo sapiens	not available	not available	136	PXD044405_ejensen_C1911_051_assay	proteomic profiling by mass spectrometry	data-dependent acquisition	NT=label free sample;AC=MS:1002038	1	1	not available	NT=Lys-C;AC=MS:1001309	NT=Carbamidomethyl;AC=UNIMOD:4;TA=C;MT=Fixed	NT=Oxidation;AC=UNIMOD:21;TA=M;MT=Variable	not available	not available	NT=[{'NT': 'DSS', 'AC': 'XLMOD:02001', 'CL': 'no', 'TA': 'K,nterm'}, {'NT': 'PDH', 'AC': None, 'CL': None, 'TA': None}, {'NT': 'DMTMM', 'AC': None, 'CL': None, 'TA': None}, {'NT': 'hexanediamine', 'AC': None, 'CL': None, 'TA': None}, {'NT': 'N-hydroxybenzotriazole', 'AC': None, 'CL': None, 'TA': None}]	not available	not available	not available	not available	not available	ejensen_C1911_051.raw	NT=ms-proteomics;VV=v1.1.0	NT=crosslinking;VV=v1.0.0	NT=human;VV=v1.1.0
PXD044405_ejensen_C1812_221	Homo sapiens	not available	not available	137	PXD044405_ejensen_C1812_221_assay	proteomic profiling by mass spectrometry	data-dependent acquisition	NT=label free sample;AC=MS:1002038	1	1	not available	NT=Lys-C;AC=MS:1001309	NT=Carbamidomethyl;AC=UNIMOD:4;TA=C;MT=Fixed	NT=Oxidation;AC=UNIMOD:21;TA=M;MT=Variable	not available	not available	NT=[{'NT': 'DSS', 'AC': 'XLMOD:02001', 'CL': 'no', 'TA': 'K,nterm'}, {'NT': 'PDH', 'AC': None, 'CL': None, 'TA': None}, {'NT': 'DMTMM', 'AC': None, 'CL': None, 'TA': None}, {'NT': 'hexanediamine', 'AC': None, 'CL': None, 'TA': None}, {'NT': 'N-hydroxybenzotriazole', 'AC': None, 'CL': None, 'TA': None}]	not available	not available	not available	not available	not available	ejensen_C1812_221.raw	NT=ms-proteomics;VV=v1.1.0	NT=crosslinking;VV=v1.0.0	NT=human;VV=v1.1.0
PXD044405_ejensen_C1811_041	Homo sapiens	not available	not available	138	PXD044405_ejensen_C1811_041_assay	proteomic profiling by mass spectrometry	data-dependent acquisition	NT=label free sample;AC=MS:1002038	1	1	not available	NT=Lys-C;AC=MS:1001309	NT=Carbamidomethyl;AC=UNIMOD:4;TA=C;MT=Fixed	NT=Oxidation;AC=UNIMOD:21;TA=M;MT=Variable	not available	not available	NT=[{'NT': 'DSS', 'AC': 'XLMOD:02001', 'CL': 'no', 'TA': 'K,nterm'}, {'NT': 'PDH', 'AC': None, 'CL': None, 'TA': None}, {'NT': 'DMTMM', 'AC': None, 'CL': None, 'TA': None}, {'NT': 'hexanediamine', 'AC': None, 'CL': None, 'TA': None}, {'NT': 'N-hydroxybenzotriazole', 'AC': None, 'CL': None, 'TA': None}]	not available	not available	not available	not available	not available	ejensen_C1811_041.raw	NT=ms-proteomics;VV=v1.1.0	NT=crosslinking;VV=v1.0.0	NT=human;VV=v1.1.0
PXD044405_ejensen_C1902_185	Homo sapiens	not available	not available	139	PXD044405_ejensen_C1902_185_assay	proteomic profiling by mass spectrometry	data-dependent acquisition	NT=label free sample;AC=MS:1002038	1	1	not available	NT=Lys-C;AC=MS:1001309	NT=Carbamidomethyl;AC=UNIMOD:4;TA=C;MT=Fixed	NT=Oxidation;AC=UNIMOD:21;TA=M;MT=Variable	not available	not available	NT=[{'NT': 'DSS', 'AC': 'XLMOD:02001', 'CL': 'no', 'TA': 'K,nterm'}, {'NT': 'PDH', 'AC': None, 'CL': None, 'TA': None}, {'NT': 'DMTMM', 'AC': None, 'CL': None, 'TA': None}, {'NT': 'hexanediamine', 'AC': None, 'CL': None, 'TA': None}, {'NT': 'N-hydroxybenzotriazole', 'AC': None, 'CL': None, 'TA': None}]	not available	not available	not available	not available	not available	ejensen_C1902_185.raw	NT=ms-proteomics;VV=v1.1.0	NT=crosslinking;VV=v1.0.0	NT=human;VV=v1.1.0
PXD044405_ejensen_C1902_098	Homo sapiens	not available	not available	140	PXD044405_ejensen_C1902_098_assay	proteomic profiling by mass spectrometry	data-dependent acquisition	NT=label free sample;AC=MS:1002038	1	1	not available	NT=Lys-C;AC=MS:1001309	NT=Carbamidomethyl;AC=UNIMOD:4;TA=C;MT=Fixed	NT=Oxidation;AC=UNIMOD:21;TA=M;MT=Variable	not available	not available	NT=[{'NT': 'DSS', 'AC': 'XLMOD:02001', 'CL': 'no', 'TA': 'K,nterm'}, {'NT': 'PDH', 'AC': None, 'CL': None, 'TA': None}, {'NT': 'DMTMM', 'AC': None, 'CL': None, 'TA': None}, {'NT': 'hexanediamine', 'AC': None, 'CL': None, 'TA': None}, {'NT': 'N-hydroxybenzotriazole', 'AC': None, 'CL': None, 'TA': None}]	not available	not available	not available	not available	not available	ejensen_C1902_098.raw	NT=ms-proteomics;VV=v1.1.0	NT=crosslinking;VV=v1.0.0	NT=human;VV=v1.1.0
PXD044405_ejensen_C1812_225	Homo sapiens	not available	not available	141	PXD044405_ejensen_C1812_225_assay	proteomic profiling by mass spectrometry	data-dependent acquisition	NT=label free sample;AC=MS:1002038	1	1	not available	NT=Lys-C;AC=MS:1001309	NT=Carbamidomethyl;AC=UNIMOD:4;TA=C;MT=Fixed	NT=Oxidation;AC=UNIMOD:21;TA=M;MT=Variable	not available	not available	NT=[{'NT': 'DSS', 'AC': 'XLMOD:02001', 'CL': 'no', 'TA': 'K,nterm'}, {'NT': 'PDH', 'AC': None, 'CL': None, 'TA': None}, {'NT': 'DMTMM', 'AC': None, 'CL': None, 'TA': None}, {'NT': 'hexanediamine', 'AC': None, 'CL': None, 'TA': None}, {'NT': 'N-hydroxybenzotriazole', 'AC': None, 'CL': None, 'TA': None}]	not available	not available	not available	not available	not available	ejensen_C1812_225.raw	NT=ms-proteomics;VV=v1.1.0	NT=crosslinking;VV=v1.0.0	NT=human;VV=v1.1.0
PXD044405_ejensen_C1902_240	Homo sapiens	not available	not available	142	PXD044405_ejensen_C1902_240_assay	proteomic profiling by mass spectrometry	data-dependent acquisition	NT=label free sample;AC=MS:1002038	1	1	not available	NT=Lys-C;AC=MS:1001309	NT=Carbamidomethyl;AC=UNIMOD:4;TA=C;MT=Fixed	NT=Oxidation;AC=UNIMOD:21;TA=M;MT=Variable	not available	not available	NT=[{'NT': 'DSS', 'AC': 'XLMOD:02001', 'CL': 'no', 'TA': 'K,nterm'}, {'NT': 'PDH', 'AC': None, 'CL': None, 'TA': None}, {'NT': 'DMTMM', 'AC': None, 'CL': None, 'TA': None}, {'NT': 'hexanediamine', 'AC': None, 'CL': None, 'TA': None}, {'NT': 'N-hydroxybenzotriazole', 'AC': None, 'CL': None, 'TA': None}]	not available	not available	not available	not available	not available	ejensen_C1902_240.raw	NT=ms-proteomics;VV=v1.1.0	NT=crosslinking;VV=v1.0.0	NT=human;VV=v1.1.0
PXD044405_ejensen_C1911_154	Homo sapiens	not available	not available	143	PXD044405_ejensen_C1911_154_assay	proteomic profiling by mass spectrometry	data-dependent acquisition	NT=label free sample;AC=MS:1002038	1	1	not available	NT=Lys-C;AC=MS:1001309	NT=Carbamidomethyl;AC=UNIMOD:4;TA=C;MT=Fixed	NT=Oxidation;AC=UNIMOD:21;TA=M;MT=Variable	not available	not available	NT=[{'NT': 'DSS', 'AC': 'XLMOD:02001', 'CL': 'no', 'TA': 'K,nterm'}, {'NT': 'PDH', 'AC': None, 'CL': None, 'TA': None}, {'NT': 'DMTMM', 'AC': None, 'CL': None, 'TA': None}, {'NT': 'hexanediamine', 'AC': None, 'CL': None, 'TA': None}, {'NT': 'N-hydroxybenzotriazole', 'AC': None, 'CL': None, 'TA': None}]	not available	not available	not available	not available	not available	ejensen_C1911_154.raw	NT=ms-proteomics;VV=v1.1.0	NT=crosslinking;VV=v1.0.0	NT=human;VV=v1.1.0
PXD044405_ejensen_C1907_102	Homo sapiens	not available	not available	144	PXD044405_ejensen_C1907_102_assay	proteomic profiling by mass spectrometry	data-dependent acquisition	NT=label free sample;AC=MS:1002038	1	1	not available	NT=Lys-C;AC=MS:1001309	NT=Carbamidomethyl;AC=UNIMOD:4;TA=C;MT=Fixed	NT=Oxidation;AC=UNIMOD:21;TA=M;MT=Variable	not available	not available	NT=[{'NT': 'DSS', 'AC': 'XLMOD:02001', 'CL': 'no', 'TA': 'K,nterm'}, {'NT': 'PDH', 'AC': None, 'CL': None, 'TA': None}, {'NT': 'DMTMM', 'AC': None, 'CL': None, 'TA': None}, {'NT': 'hexanediamine', 'AC': None, 'CL': None, 'TA': None}, {'NT': 'N-hydroxybenzotriazole', 'AC': None, 'CL': None, 'TA': None}]	not available	not available	not available	not available	not available	ejensen_C1907_102.raw	NT=ms-proteomics;VV=v1.1.0	NT=crosslinking;VV=v1.0.0	NT=human;VV=v1.1.0
PXD044405_ejensen_C1907_107	Homo sapiens	not available	not available	145	PXD044405_ejensen_C1907_107_assay	proteomic profiling by mass spectrometry	data-dependent acquisition	NT=label free sample;AC=MS:1002038	1	1	not available	NT=Lys-C;AC=MS:1001309	NT=Carbamidomethyl;AC=UNIMOD:4;TA=C;MT=Fixed	NT=Oxidation;AC=UNIMOD:21;TA=M;MT=Variable	not available	not available	NT=[{'NT': 'DSS', 'AC': 'XLMOD:02001', 'CL': 'no', 'TA': 'K,nterm'}, {'NT': 'PDH', 'AC': None, 'CL': None, 'TA': None}, {'NT': 'DMTMM', 'AC': None, 'CL': None, 'TA': None}, {'NT': 'hexanediamine', 'AC': None, 'CL': None, 'TA': None}, {'NT': 'N-hydroxybenzotriazole', 'AC': None, 'CL': None, 'TA': None}]	not available	not available	not available	not available	not available	ejensen_C1907_107.raw	NT=ms-proteomics;VV=v1.1.0	NT=crosslinking;VV=v1.0.0	NT=human;VV=v1.1.0
PXD044405_ejensen_C1907_077	Homo sapiens	not available	not available	146	PXD044405_ejensen_C1907_077_assay	proteomic profiling by mass spectrometry	data-dependent acquisition	NT=label free sample;AC=MS:1002038	1	1	not available	NT=Lys-C;AC=MS:1001309	NT=Carbamidomethyl;AC=UNIMOD:4;TA=C;MT=Fixed	NT=Oxidation;AC=UNIMOD:21;TA=M;MT=Variable	not available	not available	NT=[{'NT': 'DSS', 'AC': 'XLMOD:02001', 'CL': 'no', 'TA': 'K,nterm'}, {'NT': 'PDH', 'AC': None, 'CL': None, 'TA': None}, {'NT': 'DMTMM', 'AC': None, 'CL': None, 'TA': None}, {'NT': 'hexanediamine', 'AC': None, 'CL': None, 'TA': None}, {'NT': 'N-hydroxybenzotriazole', 'AC': None, 'CL': None, 'TA': None}]	not available	not available	not available	not available	not available	ejensen_C1907_077.raw	NT=ms-proteomics;VV=v1.1.0	NT=crosslinking;VV=v1.0.0	NT=human;VV=v1.1.0
PXD044405_ejensen_C1911_140	Homo sapiens	not available	not available	147	PXD044405_ejensen_C1911_140_assay	proteomic profiling by mass spectrometry	data-dependent acquisition	NT=label free sample;AC=MS:1002038	1	1	not available	NT=Lys-C;AC=MS:1001309	NT=Carbamidomethyl;AC=UNIMOD:4;TA=C;MT=Fixed	NT=Oxidation;AC=UNIMOD:21;TA=M;MT=Variable	not available	not available	NT=[{'NT': 'DSS', 'AC': 'XLMOD:02001', 'CL': 'no', 'TA': 'K,nterm'}, {'NT': 'PDH', 'AC': None, 'CL': None, 'TA': None}, {'NT': 'DMTMM', 'AC': None, 'CL': None, 'TA': None}, {'NT': 'hexanediamine', 'AC': None, 'CL': None, 'TA': None}, {'NT': 'N-hydroxybenzotriazole', 'AC': None, 'CL': None, 'TA': None}]	not available	not available	not available	not available	not available	ejensen_C1911_140.raw	NT=ms-proteomics;VV=v1.1.0	NT=crosslinking;VV=v1.0.0	NT=human;VV=v1.1.0
PXD044405_ejensen_C1907_037	Homo sapiens	not available	not available	148	PXD044405_ejensen_C1907_037_assay	proteomic profiling by mass spectrometry	data-dependent acquisition	NT=label free sample;AC=MS:1002038	1	1	not available	NT=Lys-C;AC=MS:1001309	NT=Carbamidomethyl;AC=UNIMOD:4;TA=C;MT=Fixed	NT=Oxidation;AC=UNIMOD:21;TA=M;MT=Variable	not available	not available	NT=[{'NT': 'DSS', 'AC': 'XLMOD:02001', 'CL': 'no', 'TA': 'K,nterm'}, {'NT': 'PDH', 'AC': None, 'CL': None, 'TA': None}, {'NT': 'DMTMM', 'AC': None, 'CL': None, 'TA': None}, {'NT': 'hexanediamine', 'AC': None, 'CL': None, 'TA': None}, {'NT': 'N-hydroxybenzotriazole', 'AC': None, 'CL': None, 'TA': None}]	not available	not available	not available	not available	not available	ejensen_C1907_037.raw	NT=ms-proteomics;VV=v1.1.0	NT=crosslinking;VV=v1.0.0	NT=human;VV=v1.1.0
PXD044405_ejensen_C1902_242	Homo sapiens	not available	not available	149	PXD044405_ejensen_C1902_242_assay	proteomic profiling by mass spectrometry	data-dependent acquisition	NT=label free sample;AC=MS:1002038	1	1	not available	NT=Lys-C;AC=MS:1001309	NT=Carbamidomethyl;AC=UNIMOD:4;TA=C;MT=Fixed	NT=Oxidation;AC=UNIMOD:21;TA=M;MT=Variable	not available	not available	NT=[{'NT': 'DSS', 'AC': 'XLMOD:02001', 'CL': 'no', 'TA': 'K,nterm'}, {'NT': 'PDH', 'AC': None, 'CL': None, 'TA': None}, {'NT': 'DMTMM', 'AC': None, 'CL': None, 'TA': None}, {'NT': 'hexanediamine', 'AC': None, 'CL': None, 'TA': None}, {'NT': 'N-hydroxybenzotriazole', 'AC': None, 'CL': None, 'TA': None}]	not available	not available	not available	not available	not available	ejensen_C1902_242.raw	NT=ms-proteomics;VV=v1.1.0	NT=crosslinking;VV=v1.0.0	NT=human;VV=v1.1.0
PXD044405_ejensen_C1907_105	Homo sapiens	not available	not available	150	PXD044405_ejensen_C1907_105_assay	proteomic profiling by mass spectrometry	data-dependent acquisition	NT=label free sample;AC=MS:1002038	1	1	not available	NT=Lys-C;AC=MS:1001309	NT=Carbamidomethyl;AC=UNIMOD:4;TA=C;MT=Fixed	NT=Oxidation;AC=UNIMOD:21;TA=M;MT=Variable	not available	not available	NT=[{'NT': 'DSS', 'AC': 'XLMOD:02001', 'CL': 'no', 'TA': 'K,nterm'}, {'NT': 'PDH', 'AC': None, 'CL': None, 'TA': None}, {'NT': 'DMTMM', 'AC': None, 'CL': None, 'TA': None}, {'NT': 'hexanediamine', 'AC': None, 'CL': None, 'TA': None}, {'NT': 'N-hydroxybenzotriazole', 'AC': None, 'CL': None, 'TA': None}]	not available	not available	not available	not available	not available	ejensen_C1907_105.raw	NT=ms-proteomics;VV=v1.1.0	NT=crosslinking;VV=v1.0.0	NT=human;VV=v1.1.0
PXD044405_ejensen_C1911_148	Homo sapiens	not available	not available	151	PXD044405_ejensen_C1911_148_assay	proteomic profiling by mass spectrometry	data-dependent acquisition	NT=label free sample;AC=MS:1002038	1	1	not available	NT=Lys-C;AC=MS:1001309	NT=Carbamidomethyl;AC=UNIMOD:4;TA=C;MT=Fixed	NT=Oxidation;AC=UNIMOD:21;TA=M;MT=Variable	not available	not available	NT=[{'NT': 'DSS', 'AC': 'XLMOD:02001', 'CL': 'no', 'TA': 'K,nterm'}, {'NT': 'PDH', 'AC': None, 'CL': None, 'TA': None}, {'NT': 'DMTMM', 'AC': None, 'CL': None, 'TA': None}, {'NT': 'hexanediamine', 'AC': None, 'CL': None, 'TA': None}, {'NT': 'N-hydroxybenzotriazole', 'AC': None, 'CL': None, 'TA': None}]	not available	not available	not available	not available	not available	ejensen_C1911_148.raw	NT=ms-proteomics;VV=v1.1.0	NT=crosslinking;VV=v1.0.0	NT=human;VV=v1.1.0
PXD044405_ejensen_C1902_095	Homo sapiens	not available	not available	152	PXD044405_ejensen_C1902_095_assay	proteomic profiling by mass spectrometry	data-dependent acquisition	NT=label free sample;AC=MS:1002038	1	1	not available	NT=Lys-C;AC=MS:1001309	NT=Carbamidomethyl;AC=UNIMOD:4;TA=C;MT=Fixed	NT=Oxidation;AC=UNIMOD:21;TA=M;MT=Variable	not available	not available	NT=[{'NT': 'DSS', 'AC': 'XLMOD:02001', 'CL': 'no', 'TA': 'K,nterm'}, {'NT': 'PDH', 'AC': None, 'CL': None, 'TA': None}, {'NT': 'DMTMM', 'AC': None, 'CL': None, 'TA': None}, {'NT': 'hexanediamine', 'AC': None, 'CL': None, 'TA': None}, {'NT': 'N-hydroxybenzotriazole', 'AC': None, 'CL': None, 'TA': None}]	not available	not available	not available	not available	not available	ejensen_C1902_095.raw	NT=ms-proteomics;VV=v1.1.0	NT=crosslinking;VV=v1.0.0	NT=human;VV=v1.1.0
PXD044405_ejensen_C1911_031	Homo sapiens	not available	not available	153	PXD044405_ejensen_C1911_031_assay	proteomic profiling by mass spectrometry	data-dependent acquisition	NT=label free sample;AC=MS:1002038	1	1	not available	NT=Lys-C;AC=MS:1001309	NT=Carbamidomethyl;AC=UNIMOD:4;TA=C;MT=Fixed	NT=Oxidation;AC=UNIMOD:21;TA=M;MT=Variable	not available	not available	NT=[{'NT': 'DSS', 'AC': 'XLMOD:02001', 'CL': 'no', 'TA': 'K,nterm'}, {'NT': 'PDH', 'AC': None, 'CL': None, 'TA': None}, {'NT': 'DMTMM', 'AC': None, 'CL': None, 'TA': None}, {'NT': 'hexanediamine', 'AC': None, 'CL': None, 'TA': None}, {'NT': 'N-hydroxybenzotriazole', 'AC': None, 'CL': None, 'TA': None}]	not available	not available	not available	not available	not available	ejensen_C1911_031.raw	NT=ms-proteomics;VV=v1.1.0	NT=crosslinking;VV=v1.0.0	NT=human;VV=v1.1.0
PXD044405_ejensen_C1812_215	Homo sapiens	not available	not available	154	PXD044405_ejensen_C1812_215_assay	proteomic profiling by mass spectrometry	data-dependent acquisition	NT=label free sample;AC=MS:1002038	1	1	not available	NT=Lys-C;AC=MS:1001309	NT=Carbamidomethyl;AC=UNIMOD:4;TA=C;MT=Fixed	NT=Oxidation;AC=UNIMOD:21;TA=M;MT=Variable	not available	not available	NT=[{'NT': 'DSS', 'AC': 'XLMOD:02001', 'CL': 'no', 'TA': 'K,nterm'}, {'NT': 'PDH', 'AC': None, 'CL': None, 'TA': None}, {'NT': 'DMTMM', 'AC': None, 'CL': None, 'TA': None}, {'NT': 'hexanediamine', 'AC': None, 'CL': None, 'TA': None}, {'NT': 'N-hydroxybenzotriazole', 'AC': None, 'CL': None, 'TA': None}]	not available	not available	not available	not available	not available	ejensen_C1812_215.raw	NT=ms-proteomics;VV=v1.1.0	NT=crosslinking;VV=v1.0.0	NT=human;VV=v1.1.0
PXD044405_ejensen_C1803_207	Homo sapiens	not available	not available	155	PXD044405_ejensen_C1803_207_assay	proteomic profiling by mass spectrometry	data-dependent acquisition	NT=label free sample;AC=MS:1002038	1	1	not available	NT=Lys-C;AC=MS:1001309	NT=Carbamidomethyl;AC=UNIMOD:4;TA=C;MT=Fixed	NT=Oxidation;AC=UNIMOD:21;TA=M;MT=Variable	not available	not available	NT=[{'NT': 'DSS', 'AC': 'XLMOD:02001', 'CL': 'no', 'TA': 'K,nterm'}, {'NT': 'PDH', 'AC': None, 'CL': None, 'TA': None}, {'NT': 'DMTMM', 'AC': None, 'CL': None, 'TA': None}, {'NT': 'hexanediamine', 'AC': None, 'CL': None, 'TA': None}, {'NT': 'N-hydroxybenzotriazole', 'AC': None, 'CL': None, 'TA': None}]	not available	not available	not available	not available	not available	ejensen_C1803_207.raw	NT=ms-proteomics;VV=v1.1.0	NT=crosslinking;VV=v1.0.0	NT=human;VV=v1.1.0
PXD044405_ejensen_C1911_030	Homo sapiens	not available	not available	156	PXD044405_ejensen_C1911_030_assay	proteomic profiling by mass spectrometry	data-dependent acquisition	NT=label free sample;AC=MS:1002038	1	1	not available	NT=Lys-C;AC=MS:1001309	NT=Carbamidomethyl;AC=UNIMOD:4;TA=C;MT=Fixed	NT=Oxidation;AC=UNIMOD:21;TA=M;MT=Variable	not available	not available	NT=[{'NT': 'DSS', 'AC': 'XLMOD:02001', 'CL': 'no', 'TA': 'K,nterm'}, {'NT': 'PDH', 'AC': None, 'CL': None, 'TA': None}, {'NT': 'DMTMM', 'AC': None, 'CL': None, 'TA': None}, {'NT': 'hexanediamine', 'AC': None, 'CL': None, 'TA': None}, {'NT': 'N-hydroxybenzotriazole', 'AC': None, 'CL': None, 'TA': None}]	not available	not available	not available	not available	not available	ejensen_C1911_030.raw	NT=ms-proteomics;VV=v1.1.0	NT=crosslinking;VV=v1.0.0	NT=human;VV=v1.1.0
PXD044405_ejensen_C1811_042	Homo sapiens	not available	not available	157	PXD044405_ejensen_C1811_042_assay	proteomic profiling by mass spectrometry	data-dependent acquisition	NT=label free sample;AC=MS:1002038	1	1	not available	NT=Lys-C;AC=MS:1001309	NT=Carbamidomethyl;AC=UNIMOD:4;TA=C;MT=Fixed	NT=Oxidation;AC=UNIMOD:21;TA=M;MT=Variable	not available	not available	NT=[{'NT': 'DSS', 'AC': 'XLMOD:02001', 'CL': 'no', 'TA': 'K,nterm'}, {'NT': 'PDH', 'AC': None, 'CL': None, 'TA': None}, {'NT': 'DMTMM', 'AC': None, 'CL': None, 'TA': None}, {'NT': 'hexanediamine', 'AC': None, 'CL': None, 'TA': None}, {'NT': 'N-hydroxybenzotriazole', 'AC': None, 'CL': None, 'TA': None}]	not available	not available	not available	not available	not available	ejensen_C1811_042.raw	NT=ms-proteomics;VV=v1.1.0	NT=crosslinking;VV=v1.0.0	NT=human;VV=v1.1.0
PXD044405_ejensen_C1902_208	Homo sapiens	not available	not available	158	PXD044405_ejensen_C1902_208_assay	proteomic profiling by mass spectrometry	data-dependent acquisition	NT=label free sample;AC=MS:1002038	1	1	not available	NT=Lys-C;AC=MS:1001309	NT=Carbamidomethyl;AC=UNIMOD:4;TA=C;MT=Fixed	NT=Oxidation;AC=UNIMOD:21;TA=M;MT=Variable	not available	not available	NT=[{'NT': 'DSS', 'AC': 'XLMOD:02001', 'CL': 'no', 'TA': 'K,nterm'}, {'NT': 'PDH', 'AC': None, 'CL': None, 'TA': None}, {'NT': 'DMTMM', 'AC': None, 'CL': None, 'TA': None}, {'NT': 'hexanediamine', 'AC': None, 'CL': None, 'TA': None}, {'NT': 'N-hydroxybenzotriazole', 'AC': None, 'CL': None, 'TA': None}]	not available	not available	not available	not available	not available	ejensen_C1902_208.raw	NT=ms-proteomics;VV=v1.1.0	NT=crosslinking;VV=v1.0.0	NT=human;VV=v1.1.0
PXD044405_ejensen_C1806_243	Homo sapiens	not available	not available	159	PXD044405_ejensen_C1806_243_assay	proteomic profiling by mass spectrometry	data-dependent acquisition	NT=label free sample;AC=MS:1002038	1	1	not available	NT=Lys-C;AC=MS:1001309	NT=Carbamidomethyl;AC=UNIMOD:4;TA=C;MT=Fixed	NT=Oxidation;AC=UNIMOD:21;TA=M;MT=Variable	not available	not available	NT=[{'NT': 'DSS', 'AC': 'XLMOD:02001', 'CL': 'no', 'TA': 'K,nterm'}, {'NT': 'PDH', 'AC': None, 'CL': None, 'TA': None}, {'NT': 'DMTMM', 'AC': None, 'CL': None, 'TA': None}, {'NT': 'hexanediamine', 'AC': None, 'CL': None, 'TA': None}, {'NT': 'N-hydroxybenzotriazole', 'AC': None, 'CL': None, 'TA': None}]	not available	not available	not available	not available	not available	ejensen_C1806_243.raw	NT=ms-proteomics;VV=v1.1.0	NT=crosslinking;VV=v1.0.0	NT=human;VV=v1.1.0
PXD044405_ejensen_C1806_191	Homo sapiens	not available	not available	160	PXD044405_ejensen_C1806_191_assay	proteomic profiling by mass spectrometry	data-dependent acquisition	NT=label free sample;AC=MS:1002038	1	1	not available	NT=Lys-C;AC=MS:1001309	NT=Carbamidomethyl;AC=UNIMOD:4;TA=C;MT=Fixed	NT=Oxidation;AC=UNIMOD:21;TA=M;MT=Variable	not available	not available	NT=[{'NT': 'DSS', 'AC': 'XLMOD:02001', 'CL': 'no', 'TA': 'K,nterm'}, {'NT': 'PDH', 'AC': None, 'CL': None, 'TA': None}, {'NT': 'DMTMM', 'AC': None, 'CL': None, 'TA': None}, {'NT': 'hexanediamine', 'AC': None, 'CL': None, 'TA': None}, {'NT': 'N-hydroxybenzotriazole', 'AC': None, 'CL': None, 'TA': None}]	not available	not available	not available	not available	not available	ejensen_C1806_191.raw	NT=ms-proteomics;VV=v1.1.0	NT=crosslinking;VV=v1.0.0	NT=human;VV=v1.1.0
PXD044405_ejensen_C1902_247	Homo sapiens	not available	not available	161	PXD044405_ejensen_C1902_247_assay	proteomic profiling by mass spectrometry	data-dependent acquisition	NT=label free sample;AC=MS:1002038	1	1	not available	NT=Lys-C;AC=MS:1001309	NT=Carbamidomethyl;AC=UNIMOD:4;TA=C;MT=Fixed	NT=Oxidation;AC=UNIMOD:21;TA=M;MT=Variable	not available	not available	NT=[{'NT': 'DSS', 'AC': 'XLMOD:02001', 'CL': 'no', 'TA': 'K,nterm'}, {'NT': 'PDH', 'AC': None, 'CL': None, 'TA': None}, {'NT': 'DMTMM', 'AC': None, 'CL': None, 'TA': None}, {'NT': 'hexanediamine', 'AC': None, 'CL': None, 'TA': None}, {'NT': 'N-hydroxybenzotriazole', 'AC': None, 'CL': None, 'TA': None}]	not available	not available	not available	not available	not available	ejensen_C1902_247.raw	NT=ms-proteomics;VV=v1.1.0	NT=crosslinking;VV=v1.0.0	NT=human;VV=v1.1.0
PXD044405_ejensen_C1803_430	Homo sapiens	not available	not available	162	PXD044405_ejensen_C1803_430_assay	proteomic profiling by mass spectrometry	data-dependent acquisition	NT=label free sample;AC=MS:1002038	1	1	not available	NT=Lys-C;AC=MS:1001309	NT=Carbamidomethyl;AC=UNIMOD:4;TA=C;MT=Fixed	NT=Oxidation;AC=UNIMOD:21;TA=M;MT=Variable	not available	not available	NT=[{'NT': 'DSS', 'AC': 'XLMOD:02001', 'CL': 'no', 'TA': 'K,nterm'}, {'NT': 'PDH', 'AC': None, 'CL': None, 'TA': None}, {'NT': 'DMTMM', 'AC': None, 'CL': None, 'TA': None}, {'NT': 'hexanediamine', 'AC': None, 'CL': None, 'TA': None}, {'NT': 'N-hydroxybenzotriazole', 'AC': None, 'CL': None, 'TA': None}]	not available	not available	not available	not available	not available	ejensen_C1803_430.raw	NT=ms-proteomics;VV=v1.1.0	NT=crosslinking;VV=v1.0.0	NT=human;VV=v1.1.0
PXD044405_ejensen_C1803_212	Homo sapiens	not available	not available	163	PXD044405_ejensen_C1803_212_assay	proteomic profiling by mass spectrometry	data-dependent acquisition	NT=label free sample;AC=MS:1002038	1	1	not available	NT=Lys-C;AC=MS:1001309	NT=Carbamidomethyl;AC=UNIMOD:4;TA=C;MT=Fixed	NT=Oxidation;AC=UNIMOD:21;TA=M;MT=Variable	not available	not available	NT=[{'NT': 'DSS', 'AC': 'XLMOD:02001', 'CL': 'no', 'TA': 'K,nterm'}, {'NT': 'PDH', 'AC': None, 'CL': None, 'TA': None}, {'NT': 'DMTMM', 'AC': None, 'CL': None, 'TA': None}, {'NT': 'hexanediamine', 'AC': None, 'CL': None, 'TA': None}, {'NT': 'N-hydroxybenzotriazole', 'AC': None, 'CL': None, 'TA': None}]	not available	not available	not available	not available	not available	ejensen_C1803_212.raw	NT=ms-proteomics;VV=v1.1.0	NT=crosslinking;VV=v1.0.0	NT=human;VV=v1.1.0
PXD044405_ejensen_C1907_072	Homo sapiens	not available	not available	164	PXD044405_ejensen_C1907_072_assay	proteomic profiling by mass spectrometry	data-dependent acquisition	NT=label free sample;AC=MS:1002038	1	1	not available	NT=Lys-C;AC=MS:1001309	NT=Carbamidomethyl;AC=UNIMOD:4;TA=C;MT=Fixed	NT=Oxidation;AC=UNIMOD:21;TA=M;MT=Variable	not available	not available	NT=[{'NT': 'DSS', 'AC': 'XLMOD:02001', 'CL': 'no', 'TA': 'K,nterm'}, {'NT': 'PDH', 'AC': None, 'CL': None, 'TA': None}, {'NT': 'DMTMM', 'AC': None, 'CL': None, 'TA': None}, {'NT': 'hexanediamine', 'AC': None, 'CL': None, 'TA': None}, {'NT': 'N-hydroxybenzotriazole', 'AC': None, 'CL': None, 'TA': None}]	not available	not available	not available	not available	not available	ejensen_C1907_072.raw	NT=ms-proteomics;VV=v1.1.0	NT=crosslinking;VV=v1.0.0	NT=human;VV=v1.1.0
PXD044405_ejensen_C1806_188	Homo sapiens	not available	not available	165	PXD044405_ejensen_C1806_188_assay	proteomic profiling by mass spectrometry	data-dependent acquisition	NT=label free sample;AC=MS:1002038	1	1	not available	NT=Lys-C;AC=MS:1001309	NT=Carbamidomethyl;AC=UNIMOD:4;TA=C;MT=Fixed	NT=Oxidation;AC=UNIMOD:21;TA=M;MT=Variable	not available	not available	NT=[{'NT': 'DSS', 'AC': 'XLMOD:02001', 'CL': 'no', 'TA': 'K,nterm'}, {'NT': 'PDH', 'AC': None, 'CL': None, 'TA': None}, {'NT': 'DMTMM', 'AC': None, 'CL': None, 'TA': None}, {'NT': 'hexanediamine', 'AC': None, 'CL': None, 'TA': None}, {'NT': 'N-hydroxybenzotriazole', 'AC': None, 'CL': None, 'TA': None}]	not available	not available	not available	not available	not available	ejensen_C1806_188.raw	NT=ms-proteomics;VV=v1.1.0	NT=crosslinking;VV=v1.0.0	NT=human;VV=v1.1.0
PXD044405_ejensen_C1911_045	Homo sapiens	not available	not available	166	PXD044405_ejensen_C1911_045_assay	proteomic profiling by mass spectrometry	data-dependent acquisition	NT=label free sample;AC=MS:1002038	1	1	not available	NT=Lys-C;AC=MS:1001309	NT=Carbamidomethyl;AC=UNIMOD:4;TA=C;MT=Fixed	NT=Oxidation;AC=UNIMOD:21;TA=M;MT=Variable	not available	not available	NT=[{'NT': 'DSS', 'AC': 'XLMOD:02001', 'CL': 'no', 'TA': 'K,nterm'}, {'NT': 'PDH', 'AC': None, 'CL': None, 'TA': None}, {'NT': 'DMTMM', 'AC': None, 'CL': None, 'TA': None}, {'NT': 'hexanediamine', 'AC': None, 'CL': None, 'TA': None}, {'NT': 'N-hydroxybenzotriazole', 'AC': None, 'CL': None, 'TA': None}]	not available	not available	not available	not available	not available	ejensen_C1911_045.raw	NT=ms-proteomics;VV=v1.1.0	NT=crosslinking;VV=v1.0.0	NT=human;VV=v1.1.0
PXD044405_ejensen_C1907_059	Homo sapiens	not available	not available	167	PXD044405_ejensen_C1907_059_assay	proteomic profiling by mass spectrometry	data-dependent acquisition	NT=label free sample;AC=MS:1002038	1	1	not available	NT=Lys-C;AC=MS:1001309	NT=Carbamidomethyl;AC=UNIMOD:4;TA=C;MT=Fixed	NT=Oxidation;AC=UNIMOD:21;TA=M;MT=Variable	not available	not available	NT=[{'NT': 'DSS', 'AC': 'XLMOD:02001', 'CL': 'no', 'TA': 'K,nterm'}, {'NT': 'PDH', 'AC': None, 'CL': None, 'TA': None}, {'NT': 'DMTMM', 'AC': None, 'CL': None, 'TA': None}, {'NT': 'hexanediamine', 'AC': None, 'CL': None, 'TA': None}, {'NT': 'N-hydroxybenzotriazole', 'AC': None, 'CL': None, 'TA': None}]	not available	not available	not available	not available	not available	ejensen_C1907_059.raw	NT=ms-proteomics;VV=v1.1.0	NT=crosslinking;VV=v1.0.0	NT=human;VV=v1.1.0
PXD044405_ejensen_C1902_205	Homo sapiens	not available	not available	168	PXD044405_ejensen_C1902_205_assay	proteomic profiling by mass spectrometry	data-dependent acquisition	NT=label free sample;AC=MS:1002038	1	1	not available	NT=Lys-C;AC=MS:1001309	NT=Carbamidomethyl;AC=UNIMOD:4;TA=C;MT=Fixed	NT=Oxidation;AC=UNIMOD:21;TA=M;MT=Variable	not available	not available	NT=[{'NT': 'DSS', 'AC': 'XLMOD:02001', 'CL': 'no', 'TA': 'K,nterm'}, {'NT': 'PDH', 'AC': None, 'CL': None, 'TA': None}, {'NT': 'DMTMM', 'AC': None, 'CL': None, 'TA': None}, {'NT': 'hexanediamine', 'AC': None, 'CL': None, 'TA': None}, {'NT': 'N-hydroxybenzotriazole', 'AC': None, 'CL': None, 'TA': None}]	not available	not available	not available	not available	not available	ejensen_C1902_205.raw	NT=ms-proteomics;VV=v1.1.0	NT=crosslinking;VV=v1.0.0	NT=human;VV=v1.1.0
PXD044405_ejensen_C1806_242	Homo sapiens	not available	not available	169	PXD044405_ejensen_C1806_242_assay	proteomic profiling by mass spectrometry	data-dependent acquisition	NT=label free sample;AC=MS:1002038	1	1	not available	NT=Lys-C;AC=MS:1001309	NT=Carbamidomethyl;AC=UNIMOD:4;TA=C;MT=Fixed	NT=Oxidation;AC=UNIMOD:21;TA=M;MT=Variable	not available	not available	NT=[{'NT': 'DSS', 'AC': 'XLMOD:02001', 'CL': 'no', 'TA': 'K,nterm'}, {'NT': 'PDH', 'AC': None, 'CL': None, 'TA': None}, {'NT': 'DMTMM', 'AC': None, 'CL': None, 'TA': None}, {'NT': 'hexanediamine', 'AC': None, 'CL': None, 'TA': None}, {'NT': 'N-hydroxybenzotriazole', 'AC': None, 'CL': None, 'TA': None}]	not available	not available	not available	not available	not available	ejensen_C1806_242.raw	NT=ms-proteomics;VV=v1.1.0	NT=crosslinking;VV=v1.0.0	NT=human;VV=v1.1.0
PXD044405_ejensen_C1803_204	Homo sapiens	not available	not available	170	PXD044405_ejensen_C1803_204_assay	proteomic profiling by mass spectrometry	data-dependent acquisition	NT=label free sample;AC=MS:1002038	1	1	not available	NT=Lys-C;AC=MS:1001309	NT=Carbamidomethyl;AC=UNIMOD:4;TA=C;MT=Fixed	NT=Oxidation;AC=UNIMOD:21;TA=M;MT=Variable	not available	not available	NT=[{'NT': 'DSS', 'AC': 'XLMOD:02001', 'CL': 'no', 'TA': 'K,nterm'}, {'NT': 'PDH', 'AC': None, 'CL': None, 'TA': None}, {'NT': 'DMTMM', 'AC': None, 'CL': None, 'TA': None}, {'NT': 'hexanediamine', 'AC': None, 'CL': None, 'TA': None}, {'NT': 'N-hydroxybenzotriazole', 'AC': None, 'CL': None, 'TA': None}]	not available	not available	not available	not available	not available	ejensen_C1803_204.raw	NT=ms-proteomics;VV=v1.1.0	NT=crosslinking;VV=v1.0.0	NT=human;VV=v1.1.0
PXD044405_ejensen_C1907_052	Homo sapiens	not available	not available	171	PXD044405_ejensen_C1907_052_assay	proteomic profiling by mass spectrometry	data-dependent acquisition	NT=label free sample;AC=MS:1002038	1	1	not available	NT=Lys-C;AC=MS:1001309	NT=Carbamidomethyl;AC=UNIMOD:4;TA=C;MT=Fixed	NT=Oxidation;AC=UNIMOD:21;TA=M;MT=Variable	not available	not available	NT=[{'NT': 'DSS', 'AC': 'XLMOD:02001', 'CL': 'no', 'TA': 'K,nterm'}, {'NT': 'PDH', 'AC': None, 'CL': None, 'TA': None}, {'NT': 'DMTMM', 'AC': None, 'CL': None, 'TA': None}, {'NT': 'hexanediamine', 'AC': None, 'CL': None, 'TA': None}, {'NT': 'N-hydroxybenzotriazole', 'AC': None, 'CL': None, 'TA': None}]	not available	not available	not available	not available	not available	ejensen_C1907_052.raw	NT=ms-proteomics;VV=v1.1.0	NT=crosslinking;VV=v1.0.0	NT=human;VV=v1.1.0
PXD044405_ejensen_C1806_236	Homo sapiens	not available	not available	172	PXD044405_ejensen_C1806_236_assay	proteomic profiling by mass spectrometry	data-dependent acquisition	NT=label free sample;AC=MS:1002038	1	1	not available	NT=Lys-C;AC=MS:1001309	NT=Carbamidomethyl;AC=UNIMOD:4;TA=C;MT=Fixed	NT=Oxidation;AC=UNIMOD:21;TA=M;MT=Variable	not available	not available	NT=[{'NT': 'DSS', 'AC': 'XLMOD:02001', 'CL': 'no', 'TA': 'K,nterm'}, {'NT': 'PDH', 'AC': None, 'CL': None, 'TA': None}, {'NT': 'DMTMM', 'AC': None, 'CL': None, 'TA': None}, {'NT': 'hexanediamine', 'AC': None, 'CL': None, 'TA': None}, {'NT': 'N-hydroxybenzotriazole', 'AC': None, 'CL': None, 'TA': None}]	not available	not available	not available	not available	not available	ejensen_C1806_236.raw	NT=ms-proteomics;VV=v1.1.0	NT=crosslinking;VV=v1.0.0	NT=human;VV=v1.1.0
PXD044405_ejensen_C1902_176	Homo sapiens	not available	not available	173	PXD044405_ejensen_C1902_176_assay	proteomic profiling by mass spectrometry	data-dependent acquisition	NT=label free sample;AC=MS:1002038	1	1	not available	NT=Lys-C;AC=MS:1001309	NT=Carbamidomethyl;AC=UNIMOD:4;TA=C;MT=Fixed	NT=Oxidation;AC=UNIMOD:21;TA=M;MT=Variable	not available	not available	NT=[{'NT': 'DSS', 'AC': 'XLMOD:02001', 'CL': 'no', 'TA': 'K,nterm'}, {'NT': 'PDH', 'AC': None, 'CL': None, 'TA': None}, {'NT': 'DMTMM', 'AC': None, 'CL': None, 'TA': None}, {'NT': 'hexanediamine', 'AC': None, 'CL': None, 'TA': None}, {'NT': 'N-hydroxybenzotriazole', 'AC': None, 'CL': None, 'TA': None}]	not available	not available	not available	not available	not available	ejensen_C1902_176.raw	NT=ms-proteomics;VV=v1.1.0	NT=crosslinking;VV=v1.0.0	NT=human;VV=v1.1.0
PXD044405_ejensen_C1806_241	Homo sapiens	not available	not available	174	PXD044405_ejensen_C1806_241_assay	proteomic profiling by mass spectrometry	data-dependent acquisition	NT=label free sample;AC=MS:1002038	1	1	not available	NT=Lys-C;AC=MS:1001309	NT=Carbamidomethyl;AC=UNIMOD:4;TA=C;MT=Fixed	NT=Oxidation;AC=UNIMOD:21;TA=M;MT=Variable	not available	not available	NT=[{'NT': 'DSS', 'AC': 'XLMOD:02001', 'CL': 'no', 'TA': 'K,nterm'}, {'NT': 'PDH', 'AC': None, 'CL': None, 'TA': None}, {'NT': 'DMTMM', 'AC': None, 'CL': None, 'TA': None}, {'NT': 'hexanediamine', 'AC': None, 'CL': None, 'TA': None}, {'NT': 'N-hydroxybenzotriazole', 'AC': None, 'CL': None, 'TA': None}]	not available	not available	not available	not available	not available	ejensen_C1806_241.raw	NT=ms-proteomics;VV=v1.1.0	NT=crosslinking;VV=v1.0.0	NT=human;VV=v1.1.0
PXD044405_ejensen_C1907_058	Homo sapiens	not available	not available	175	PXD044405_ejensen_C1907_058_assay	proteomic profiling by mass spectrometry	data-dependent acquisition	NT=label free sample;AC=MS:1002038	1	1	not available	NT=Lys-C;AC=MS:1001309	NT=Carbamidomethyl;AC=UNIMOD:4;TA=C;MT=Fixed	NT=Oxidation;AC=UNIMOD:21;TA=M;MT=Variable	not available	not available	NT=[{'NT': 'DSS', 'AC': 'XLMOD:02001', 'CL': 'no', 'TA': 'K,nterm'}, {'NT': 'PDH', 'AC': None, 'CL': None, 'TA': None}, {'NT': 'DMTMM', 'AC': None, 'CL': None, 'TA': None}, {'NT': 'hexanediamine', 'AC': None, 'CL': None, 'TA': None}, {'NT': 'N-hydroxybenzotriazole', 'AC': None, 'CL': None, 'TA': None}]	not available	not available	not available	not available	not available	ejensen_C1907_058.raw	NT=ms-proteomics;VV=v1.1.0	NT=crosslinking;VV=v1.0.0	NT=human;VV=v1.1.0
PXD044405_ejensen_C1907_055	Homo sapiens	not available	not available	176	PXD044405_ejensen_C1907_055_assay	proteomic profiling by mass spectrometry	data-dependent acquisition	NT=label free sample;AC=MS:1002038	1	1	not available	NT=Lys-C;AC=MS:1001309	NT=Carbamidomethyl;AC=UNIMOD:4;TA=C;MT=Fixed	NT=Oxidation;AC=UNIMOD:21;TA=M;MT=Variable	not available	not available	NT=[{'NT': 'DSS', 'AC': 'XLMOD:02001', 'CL': 'no', 'TA': 'K,nterm'}, {'NT': 'PDH', 'AC': None, 'CL': None, 'TA': None}, {'NT': 'DMTMM', 'AC': None, 'CL': None, 'TA': None}, {'NT': 'hexanediamine', 'AC': None, 'CL': None, 'TA': None}, {'NT': 'N-hydroxybenzotriazole', 'AC': None, 'CL': None, 'TA': None}]	not available	not available	not available	not available	not available	ejensen_C1907_055.raw	NT=ms-proteomics;VV=v1.1.0	NT=crosslinking;VV=v1.0.0	NT=human;VV=v1.1.0
PXD044405_ejensen_C1902_172	Homo sapiens	not available	not available	177	PXD044405_ejensen_C1902_172_assay	proteomic profiling by mass spectrometry	data-dependent acquisition	NT=label free sample;AC=MS:1002038	1	1	not available	NT=Lys-C;AC=MS:1001309	NT=Carbamidomethyl;AC=UNIMOD:4;TA=C;MT=Fixed	NT=Oxidation;AC=UNIMOD:21;TA=M;MT=Variable	not available	not available	NT=[{'NT': 'DSS', 'AC': 'XLMOD:02001', 'CL': 'no', 'TA': 'K,nterm'}, {'NT': 'PDH', 'AC': None, 'CL': None, 'TA': None}, {'NT': 'DMTMM', 'AC': None, 'CL': None, 'TA': None}, {'NT': 'hexanediamine', 'AC': None, 'CL': None, 'TA': None}, {'NT': 'N-hydroxybenzotriazole', 'AC': None, 'CL': None, 'TA': None}]	not available	not available	not available	not available	not available	ejensen_C1902_172.raw	NT=ms-proteomics;VV=v1.1.0	NT=crosslinking;VV=v1.0.0	NT=human;VV=v1.1.0
PXD044405_ejensen_C1907_057	Homo sapiens	not available	not available	178	PXD044405_ejensen_C1907_057_assay	proteomic profiling by mass spectrometry	data-dependent acquisition	NT=label free sample;AC=MS:1002038	1	1	not available	NT=Lys-C;AC=MS:1001309	NT=Carbamidomethyl;AC=UNIMOD:4;TA=C;MT=Fixed	NT=Oxidation;AC=UNIMOD:21;TA=M;MT=Variable	not available	not available	NT=[{'NT': 'DSS', 'AC': 'XLMOD:02001', 'CL': 'no', 'TA': 'K,nterm'}, {'NT': 'PDH', 'AC': None, 'CL': None, 'TA': None}, {'NT': 'DMTMM', 'AC': None, 'CL': None, 'TA': None}, {'NT': 'hexanediamine', 'AC': None, 'CL': None, 'TA': None}, {'NT': 'N-hydroxybenzotriazole', 'AC': None, 'CL': None, 'TA': None}]	not available	not available	not available	not available	not available	ejensen_C1907_057.raw	NT=ms-proteomics;VV=v1.1.0	NT=crosslinking;VV=v1.0.0	NT=human;VV=v1.1.0
PXD044405_ejensen_C1812_227	Homo sapiens	not available	not available	179	PXD044405_ejensen_C1812_227_assay	proteomic profiling by mass spectrometry	data-dependent acquisition	NT=label free sample;AC=MS:1002038	1	1	not available	NT=Lys-C;AC=MS:1001309	NT=Carbamidomethyl;AC=UNIMOD:4;TA=C;MT=Fixed	NT=Oxidation;AC=UNIMOD:21;TA=M;MT=Variable	not available	not available	NT=[{'NT': 'DSS', 'AC': 'XLMOD:02001', 'CL': 'no', 'TA': 'K,nterm'}, {'NT': 'PDH', 'AC': None, 'CL': None, 'TA': None}, {'NT': 'DMTMM', 'AC': None, 'CL': None, 'TA': None}, {'NT': 'hexanediamine', 'AC': None, 'CL': None, 'TA': None}, {'NT': 'N-hydroxybenzotriazole', 'AC': None, 'CL': None, 'TA': None}]	not available	not available	not available	not available	not available	ejensen_C1812_227.raw	NT=ms-proteomics;VV=v1.1.0	NT=crosslinking;VV=v1.0.0	NT=human;VV=v1.1.0
PXD044405_ejensen_C1812_226	Homo sapiens	not available	not available	180	PXD044405_ejensen_C1812_226_assay	proteomic profiling by mass spectrometry	data-dependent acquisition	NT=label free sample;AC=MS:1002038	1	1	not available	NT=Lys-C;AC=MS:1001309	NT=Carbamidomethyl;AC=UNIMOD:4;TA=C;MT=Fixed	NT=Oxidation;AC=UNIMOD:21;TA=M;MT=Variable	not available	not available	NT=[{'NT': 'DSS', 'AC': 'XLMOD:02001', 'CL': 'no', 'TA': 'K,nterm'}, {'NT': 'PDH', 'AC': None, 'CL': None, 'TA': None}, {'NT': 'DMTMM', 'AC': None, 'CL': None, 'TA': None}, {'NT': 'hexanediamine', 'AC': None, 'CL': None, 'TA': None}, {'NT': 'N-hydroxybenzotriazole', 'AC': None, 'CL': None, 'TA': None}]	not available	not available	not available	not available	not available	ejensen_C1812_226.raw	NT=ms-proteomics;VV=v1.1.0	NT=crosslinking;VV=v1.0.0	NT=human;VV=v1.1.0
PXD044405_ejensen_C1911_114	Homo sapiens	not available	not available	181	PXD044405_ejensen_C1911_114_assay	proteomic profiling by mass spectrometry	data-dependent acquisition	NT=label free sample;AC=MS:1002038	1	1	not available	NT=Lys-C;AC=MS:1001309	NT=Carbamidomethyl;AC=UNIMOD:4;TA=C;MT=Fixed	NT=Oxidation;AC=UNIMOD:21;TA=M;MT=Variable	not available	not available	NT=[{'NT': 'DSS', 'AC': 'XLMOD:02001', 'CL': 'no', 'TA': 'K,nterm'}, {'NT': 'PDH', 'AC': None, 'CL': None, 'TA': None}, {'NT': 'DMTMM', 'AC': None, 'CL': None, 'TA': None}, {'NT': 'hexanediamine', 'AC': None, 'CL': None, 'TA': None}, {'NT': 'N-hydroxybenzotriazole', 'AC': None, 'CL': None, 'TA': None}]	not available	not available	not available	not available	not available	ejensen_C1911_114.raw	NT=ms-proteomics;VV=v1.1.0	NT=crosslinking;VV=v1.0.0	NT=human;VV=v1.1.0
PXD044405_ejensen_C1811_045	Homo sapiens	not available	not available	182	PXD044405_ejensen_C1811_045_assay	proteomic profiling by mass spectrometry	data-dependent acquisition	NT=label free sample;AC=MS:1002038	1	1	not available	NT=Lys-C;AC=MS:1001309	NT=Carbamidomethyl;AC=UNIMOD:4;TA=C;MT=Fixed	NT=Oxidation;AC=UNIMOD:21;TA=M;MT=Variable	not available	not available	NT=[{'NT': 'DSS', 'AC': 'XLMOD:02001', 'CL': 'no', 'TA': 'K,nterm'}, {'NT': 'PDH', 'AC': None, 'CL': None, 'TA': None}, {'NT': 'DMTMM', 'AC': None, 'CL': None, 'TA': None}, {'NT': 'hexanediamine', 'AC': None, 'CL': None, 'TA': None}, {'NT': 'N-hydroxybenzotriazole', 'AC': None, 'CL': None, 'TA': None}]	not available	not available	not available	not available	not available	ejensen_C1811_045.raw	NT=ms-proteomics;VV=v1.1.0	NT=crosslinking;VV=v1.0.0	NT=human;VV=v1.1.0
PXD044405_ejensen_C1911_043	Homo sapiens	not available	not available	183	PXD044405_ejensen_C1911_043_assay	proteomic profiling by mass spectrometry	data-dependent acquisition	NT=label free sample;AC=MS:1002038	1	1	not available	NT=Lys-C;AC=MS:1001309	NT=Carbamidomethyl;AC=UNIMOD:4;TA=C;MT=Fixed	NT=Oxidation;AC=UNIMOD:21;TA=M;MT=Variable	not available	not available	NT=[{'NT': 'DSS', 'AC': 'XLMOD:02001', 'CL': 'no', 'TA': 'K,nterm'}, {'NT': 'PDH', 'AC': None, 'CL': None, 'TA': None}, {'NT': 'DMTMM', 'AC': None, 'CL': None, 'TA': None}, {'NT': 'hexanediamine', 'AC': None, 'CL': None, 'TA': None}, {'NT': 'N-hydroxybenzotriazole', 'AC': None, 'CL': None, 'TA': None}]	not available	not available	not available	not available	not available	ejensen_C1911_043.raw	NT=ms-proteomics;VV=v1.1.0	NT=crosslinking;VV=v1.0.0	NT=human;VV=v1.1.0
PXD044405_ejensen_C1907_104	Homo sapiens	not available	not available	184	PXD044405_ejensen_C1907_104_assay	proteomic profiling by mass spectrometry	data-dependent acquisition	NT=label free sample;AC=MS:1002038	1	1	not available	NT=Lys-C;AC=MS:1001309	NT=Carbamidomethyl;AC=UNIMOD:4;TA=C;MT=Fixed	NT=Oxidation;AC=UNIMOD:21;TA=M;MT=Variable	not available	not available	NT=[{'NT': 'DSS', 'AC': 'XLMOD:02001', 'CL': 'no', 'TA': 'K,nterm'}, {'NT': 'PDH', 'AC': None, 'CL': None, 'TA': None}, {'NT': 'DMTMM', 'AC': None, 'CL': None, 'TA': None}, {'NT': 'hexanediamine', 'AC': None, 'CL': None, 'TA': None}, {'NT': 'N-hydroxybenzotriazole', 'AC': None, 'CL': None, 'TA': None}]	not available	not available	not available	not available	not available	ejensen_C1907_104.raw	NT=ms-proteomics;VV=v1.1.0	NT=crosslinking;VV=v1.0.0	NT=human;VV=v1.1.0
PXD044405_ejensen_C1907_034	Homo sapiens	not available	not available	185	PXD044405_ejensen_C1907_034_assay	proteomic profiling by mass spectrometry	data-dependent acquisition	NT=label free sample;AC=MS:1002038	1	1	not available	NT=Lys-C;AC=MS:1001309	NT=Carbamidomethyl;AC=UNIMOD:4;TA=C;MT=Fixed	NT=Oxidation;AC=UNIMOD:21;TA=M;MT=Variable	not available	not available	NT=[{'NT': 'DSS', 'AC': 'XLMOD:02001', 'CL': 'no', 'TA': 'K,nterm'}, {'NT': 'PDH', 'AC': None, 'CL': None, 'TA': None}, {'NT': 'DMTMM', 'AC': None, 'CL': None, 'TA': None}, {'NT': 'hexanediamine', 'AC': None, 'CL': None, 'TA': None}, {'NT': 'N-hydroxybenzotriazole', 'AC': None, 'CL': None, 'TA': None}]	not available	not available	not available	not available	not available	ejensen_C1907_034.raw	NT=ms-proteomics;VV=v1.1.0	NT=crosslinking;VV=v1.0.0	NT=human;VV=v1.1.0
PXD044405_ejensen_C1902_246	Homo sapiens	not available	not available	186	PXD044405_ejensen_C1902_246_assay	proteomic profiling by mass spectrometry	data-dependent acquisition	NT=label free sample;AC=MS:1002038	1	1	not available	NT=Lys-C;AC=MS:1001309	NT=Carbamidomethyl;AC=UNIMOD:4;TA=C;MT=Fixed	NT=Oxidation;AC=UNIMOD:21;TA=M;MT=Variable	not available	not available	NT=[{'NT': 'DSS', 'AC': 'XLMOD:02001', 'CL': 'no', 'TA': 'K,nterm'}, {'NT': 'PDH', 'AC': None, 'CL': None, 'TA': None}, {'NT': 'DMTMM', 'AC': None, 'CL': None, 'TA': None}, {'NT': 'hexanediamine', 'AC': None, 'CL': None, 'TA': None}, {'NT': 'N-hydroxybenzotriazole', 'AC': None, 'CL': None, 'TA': None}]	not available	not available	not available	not available	not available	ejensen_C1902_246.raw	NT=ms-proteomics;VV=v1.1.0	NT=crosslinking;VV=v1.0.0	NT=human;VV=v1.1.0
PXD044405_ejensen_C1911_111	Homo sapiens	not available	not available	187	PXD044405_ejensen_C1911_111_assay	proteomic profiling by mass spectrometry	data-dependent acquisition	NT=label free sample;AC=MS:1002038	1	1	not available	NT=Lys-C;AC=MS:1001309	NT=Carbamidomethyl;AC=UNIMOD:4;TA=C;MT=Fixed	NT=Oxidation;AC=UNIMOD:21;TA=M;MT=Variable	not available	not available	NT=[{'NT': 'DSS', 'AC': 'XLMOD:02001', 'CL': 'no', 'TA': 'K,nterm'}, {'NT': 'PDH', 'AC': None, 'CL': None, 'TA': None}, {'NT': 'DMTMM', 'AC': None, 'CL': None, 'TA': None}, {'NT': 'hexanediamine', 'AC': None, 'CL': None, 'TA': None}, {'NT': 'N-hydroxybenzotriazole', 'AC': None, 'CL': None, 'TA': None}]	not available	not available	not available	not available	not available	ejensen_C1911_111.raw	NT=ms-proteomics;VV=v1.1.0	NT=crosslinking;VV=v1.0.0	NT=human;VV=v1.1.0
PXD044405_ejensen_C1812_217	Homo sapiens	not available	not available	188	PXD044405_ejensen_C1812_217_assay	proteomic profiling by mass spectrometry	data-dependent acquisition	NT=label free sample;AC=MS:1002038	1	1	not available	NT=Lys-C;AC=MS:1001309	NT=Carbamidomethyl;AC=UNIMOD:4;TA=C;MT=Fixed	NT=Oxidation;AC=UNIMOD:21;TA=M;MT=Variable	not available	not available	NT=[{'NT': 'DSS', 'AC': 'XLMOD:02001', 'CL': 'no', 'TA': 'K,nterm'}, {'NT': 'PDH', 'AC': None, 'CL': None, 'TA': None}, {'NT': 'DMTMM', 'AC': None, 'CL': None, 'TA': None}, {'NT': 'hexanediamine', 'AC': None, 'CL': None, 'TA': None}, {'NT': 'N-hydroxybenzotriazole', 'AC': None, 'CL': None, 'TA': None}]	not available	not available	not available	not available	not available	ejensen_C1812_217.raw	NT=ms-proteomics;VV=v1.1.0	NT=crosslinking;VV=v1.0.0	NT=human;VV=v1.1.0
PXD044405_ejensen_C1812_222	Homo sapiens	not available	not available	189	PXD044405_ejensen_C1812_222_assay	proteomic profiling by mass spectrometry	data-dependent acquisition	NT=label free sample;AC=MS:1002038	1	1	not available	NT=Lys-C;AC=MS:1001309	NT=Carbamidomethyl;AC=UNIMOD:4;TA=C;MT=Fixed	NT=Oxidation;AC=UNIMOD:21;TA=M;MT=Variable	not available	not available	NT=[{'NT': 'DSS', 'AC': 'XLMOD:02001', 'CL': 'no', 'TA': 'K,nterm'}, {'NT': 'PDH', 'AC': None, 'CL': None, 'TA': None}, {'NT': 'DMTMM', 'AC': None, 'CL': None, 'TA': None}, {'NT': 'hexanediamine', 'AC': None, 'CL': None, 'TA': None}, {'NT': 'N-hydroxybenzotriazole', 'AC': None, 'CL': None, 'TA': None}]	not available	not available	not available	not available	not available	ejensen_C1812_222.raw	NT=ms-proteomics;VV=v1.1.0	NT=crosslinking;VV=v1.0.0	NT=human;VV=v1.1.0
PXD044405_ejensen_C1902_182	Homo sapiens	not available	not available	190	PXD044405_ejensen_C1902_182_assay	proteomic profiling by mass spectrometry	data-dependent acquisition	NT=label free sample;AC=MS:1002038	1	1	not available	NT=Lys-C;AC=MS:1001309	NT=Carbamidomethyl;AC=UNIMOD:4;TA=C;MT=Fixed	NT=Oxidation;AC=UNIMOD:21;TA=M;MT=Variable	not available	not available	NT=[{'NT': 'DSS', 'AC': 'XLMOD:02001', 'CL': 'no', 'TA': 'K,nterm'}, {'NT': 'PDH', 'AC': None, 'CL': None, 'TA': None}, {'NT': 'DMTMM', 'AC': None, 'CL': None, 'TA': None}, {'NT': 'hexanediamine', 'AC': None, 'CL': None, 'TA': None}, {'NT': 'N-hydroxybenzotriazole', 'AC': None, 'CL': None, 'TA': None}]	not available	not available	not available	not available	not available	ejensen_C1902_182.raw	NT=ms-proteomics;VV=v1.1.0	NT=crosslinking;VV=v1.0.0	NT=human;VV=v1.1.0
PXD044405_ejensen_C1912_190	Homo sapiens	not available	not available	191	PXD044405_ejensen_C1912_190_assay	proteomic profiling by mass spectrometry	data-dependent acquisition	NT=label free sample;AC=MS:1002038	1	1	not available	NT=Lys-C;AC=MS:1001309	NT=Carbamidomethyl;AC=UNIMOD:4;TA=C;MT=Fixed	NT=Oxidation;AC=UNIMOD:21;TA=M;MT=Variable	not available	not available	NT=[{'NT': 'DSS', 'AC': 'XLMOD:02001', 'CL': 'no', 'TA': 'K,nterm'}, {'NT': 'PDH', 'AC': None, 'CL': None, 'TA': None}, {'NT': 'DMTMM', 'AC': None, 'CL': None, 'TA': None}, {'NT': 'hexanediamine', 'AC': None, 'CL': None, 'TA': None}, {'NT': 'N-hydroxybenzotriazole', 'AC': None, 'CL': None, 'TA': None}]	not available	not available	not available	not available	not available	ejensen_C1912_190.raw	NT=ms-proteomics;VV=v1.1.0	NT=crosslinking;VV=v1.0.0	NT=human;VV=v1.1.0
PXD044405_ejensen_C1806_192	Homo sapiens	not available	not available	192	PXD044405_ejensen_C1806_192_assay	proteomic profiling by mass spectrometry	data-dependent acquisition	NT=label free sample;AC=MS:1002038	1	1	not available	NT=Lys-C;AC=MS:1001309	NT=Carbamidomethyl;AC=UNIMOD:4;TA=C;MT=Fixed	NT=Oxidation;AC=UNIMOD:21;TA=M;MT=Variable	not available	not available	NT=[{'NT': 'DSS', 'AC': 'XLMOD:02001', 'CL': 'no', 'TA': 'K,nterm'}, {'NT': 'PDH', 'AC': None, 'CL': None, 'TA': None}, {'NT': 'DMTMM', 'AC': None, 'CL': None, 'TA': None}, {'NT': 'hexanediamine', 'AC': None, 'CL': None, 'TA': None}, {'NT': 'N-hydroxybenzotriazole', 'AC': None, 'CL': None, 'TA': None}]	not available	not available	not available	not available	not available	ejensen_C1806_192.raw	NT=ms-proteomics;VV=v1.1.0	NT=crosslinking;VV=v1.0.0	NT=human;VV=v1.1.0
PXD044405_ejensen_C1911_145	Homo sapiens	not available	not available	193	PXD044405_ejensen_C1911_145_assay	proteomic profiling by mass spectrometry	data-dependent acquisition	NT=label free sample;AC=MS:1002038	1	1	not available	NT=Lys-C;AC=MS:1001309	NT=Carbamidomethyl;AC=UNIMOD:4;TA=C;MT=Fixed	NT=Oxidation;AC=UNIMOD:21;TA=M;MT=Variable	not available	not available	NT=[{'NT': 'DSS', 'AC': 'XLMOD:02001', 'CL': 'no', 'TA': 'K,nterm'}, {'NT': 'PDH', 'AC': None, 'CL': None, 'TA': None}, {'NT': 'DMTMM', 'AC': None, 'CL': None, 'TA': None}, {'NT': 'hexanediamine', 'AC': None, 'CL': None, 'TA': None}, {'NT': 'N-hydroxybenzotriazole', 'AC': None, 'CL': None, 'TA': None}]	not available	not available	not available	not available	not available	ejensen_C1911_145.raw	NT=ms-proteomics;VV=v1.1.0	NT=crosslinking;VV=v1.0.0	NT=human;VV=v1.1.0
PXD044405_ejensen_C1806_233	Homo sapiens	not available	not available	194	PXD044405_ejensen_C1806_233_assay	proteomic profiling by mass spectrometry	data-dependent acquisition	NT=label free sample;AC=MS:1002038	1	1	not available	NT=Lys-C;AC=MS:1001309	NT=Carbamidomethyl;AC=UNIMOD:4;TA=C;MT=Fixed	NT=Oxidation;AC=UNIMOD:21;TA=M;MT=Variable	not available	not available	NT=[{'NT': 'DSS', 'AC': 'XLMOD:02001', 'CL': 'no', 'TA': 'K,nterm'}, {'NT': 'PDH', 'AC': None, 'CL': None, 'TA': None}, {'NT': 'DMTMM', 'AC': None, 'CL': None, 'TA': None}, {'NT': 'hexanediamine', 'AC': None, 'CL': None, 'TA': None}, {'NT': 'N-hydroxybenzotriazole', 'AC': None, 'CL': None, 'TA': None}]	not available	not available	not available	not available	not available	ejensen_C1806_233.raw	NT=ms-proteomics;VV=v1.1.0	NT=crosslinking;VV=v1.0.0	NT=human;VV=v1.1.0
PXD044405_ejensen_C1907_056	Homo sapiens	not available	not available	195	PXD044405_ejensen_C1907_056_assay	proteomic profiling by mass spectrometry	data-dependent acquisition	NT=label free sample;AC=MS:1002038	1	1	not available	NT=Lys-C;AC=MS:1001309	NT=Carbamidomethyl;AC=UNIMOD:4;TA=C;MT=Fixed	NT=Oxidation;AC=UNIMOD:21;TA=M;MT=Variable	not available	not available	NT=[{'NT': 'DSS', 'AC': 'XLMOD:02001', 'CL': 'no', 'TA': 'K,nterm'}, {'NT': 'PDH', 'AC': None, 'CL': None, 'TA': None}, {'NT': 'DMTMM', 'AC': None, 'CL': None, 'TA': None}, {'NT': 'hexanediamine', 'AC': None, 'CL': None, 'TA': None}, {'NT': 'N-hydroxybenzotriazole', 'AC': None, 'CL': None, 'TA': None}]	not available	not available	not available	not available	not available	ejensen_C1907_056.raw	NT=ms-proteomics;VV=v1.1.0	NT=crosslinking;VV=v1.0.0	NT=human;VV=v1.1.0
PXD044405_ejensen_C1902_213	Homo sapiens	not available	not available	196	PXD044405_ejensen_C1902_213_assay	proteomic profiling by mass spectrometry	data-dependent acquisition	NT=label free sample;AC=MS:1002038	1	1	not available	NT=Lys-C;AC=MS:1001309	NT=Carbamidomethyl;AC=UNIMOD:4;TA=C;MT=Fixed	NT=Oxidation;AC=UNIMOD:21;TA=M;MT=Variable	not available	not available	NT=[{'NT': 'DSS', 'AC': 'XLMOD:02001', 'CL': 'no', 'TA': 'K,nterm'}, {'NT': 'PDH', 'AC': None, 'CL': None, 'TA': None}, {'NT': 'DMTMM', 'AC': None, 'CL': None, 'TA': None}, {'NT': 'hexanediamine', 'AC': None, 'CL': None, 'TA': None}, {'NT': 'N-hydroxybenzotriazole', 'AC': None, 'CL': None, 'TA': None}]	not available	not available	not available	not available	not available	ejensen_C1902_213.raw	NT=ms-proteomics;VV=v1.1.0	NT=crosslinking;VV=v1.0.0	NT=human;VV=v1.1.0
PXD044405_ejensen_C1806_193	Homo sapiens	not available	not available	197	PXD044405_ejensen_C1806_193_assay	proteomic profiling by mass spectrometry	data-dependent acquisition	NT=label free sample;AC=MS:1002038	1	1	not available	NT=Lys-C;AC=MS:1001309	NT=Carbamidomethyl;AC=UNIMOD:4;TA=C;MT=Fixed	NT=Oxidation;AC=UNIMOD:21;TA=M;MT=Variable	not available	not available	NT=[{'NT': 'DSS', 'AC': 'XLMOD:02001', 'CL': 'no', 'TA': 'K,nterm'}, {'NT': 'PDH', 'AC': None, 'CL': None, 'TA': None}, {'NT': 'DMTMM', 'AC': None, 'CL': None, 'TA': None}, {'NT': 'hexanediamine', 'AC': None, 'CL': None, 'TA': None}, {'NT': 'N-hydroxybenzotriazole', 'AC': None, 'CL': None, 'TA': None}]	not available	not available	not available	not available	not available	ejensen_C1806_193.raw	NT=ms-proteomics;VV=v1.1.0	NT=crosslinking;VV=v1.0.0	NT=human;VV=v1.1.0
PXD044405_ejensen_C1911_152	Homo sapiens	not available	not available	198	PXD044405_ejensen_C1911_152_assay	proteomic profiling by mass spectrometry	data-dependent acquisition	NT=label free sample;AC=MS:1002038	1	1	not available	NT=Lys-C;AC=MS:1001309	NT=Carbamidomethyl;AC=UNIMOD:4;TA=C;MT=Fixed	NT=Oxidation;AC=UNIMOD:21;TA=M;MT=Variable	not available	not available	NT=[{'NT': 'DSS', 'AC': 'XLMOD:02001', 'CL': 'no', 'TA': 'K,nterm'}, {'NT': 'PDH', 'AC': None, 'CL': None, 'TA': None}, {'NT': 'DMTMM', 'AC': None, 'CL': None, 'TA': None}, {'NT': 'hexanediamine', 'AC': None, 'CL': None, 'TA': None}, {'NT': 'N-hydroxybenzotriazole', 'AC': None, 'CL': None, 'TA': None}]	not available	not available	not available	not available	not available	ejensen_C1911_152.raw	NT=ms-proteomics;VV=v1.1.0	NT=crosslinking;VV=v1.0.0	NT=human;VV=v1.1.0
PXD044405_ejensen_C1806_244	Homo sapiens	not available	not available	199	PXD044405_ejensen_C1806_244_assay	proteomic profiling by mass spectrometry	data-dependent acquisition	NT=label free sample;AC=MS:1002038	1	1	not available	NT=Lys-C;AC=MS:1001309	NT=Carbamidomethyl;AC=UNIMOD:4;TA=C;MT=Fixed	NT=Oxidation;AC=UNIMOD:21;TA=M;MT=Variable	not available	not available	NT=[{'NT': 'DSS', 'AC': 'XLMOD:02001', 'CL': 'no', 'TA': 'K,nterm'}, {'NT': 'PDH', 'AC': None, 'CL': None, 'TA': None}, {'NT': 'DMTMM', 'AC': None, 'CL': None, 'TA': None}, {'NT': 'hexanediamine', 'AC': None, 'CL': None, 'TA': None}, {'NT': 'N-hydroxybenzotriazole', 'AC': None, 'CL': None, 'TA': None}]	not available	not available	not available	not available	not available	ejensen_C1806_244.raw	NT=ms-proteomics;VV=v1.1.0	NT=crosslinking;VV=v1.0.0	NT=human;VV=v1.1.0
PXD044405_ejensen_C1811_040	Homo sapiens	not available	not available	200	PXD044405_ejensen_C1811_040_assay	proteomic profiling by mass spectrometry	data-dependent acquisition	NT=label free sample;AC=MS:1002038	1	1	not available	NT=Lys-C;AC=MS:1001309	NT=Carbamidomethyl;AC=UNIMOD:4;TA=C;MT=Fixed	NT=Oxidation;AC=UNIMOD:21;TA=M;MT=Variable	not available	not available	NT=[{'NT': 'DSS', 'AC': 'XLMOD:02001', 'CL': 'no', 'TA': 'K,nterm'}, {'NT': 'PDH', 'AC': None, 'CL': None, 'TA': None}, {'NT': 'DMTMM', 'AC': None, 'CL': None, 'TA': None}, {'NT': 'hexanediamine', 'AC': None, 'CL': None, 'TA': None}, {'NT': 'N-hydroxybenzotriazole', 'AC': None, 'CL': None, 'TA': None}]	not available	not available	not available	not available	not available	ejensen_C1811_040.raw	NT=ms-proteomics;VV=v1.1.0	NT=crosslinking;VV=v1.0.0	NT=human;VV=v1.1.0
PXD044405_ejensen_C1907_035	Homo sapiens	not available	not available	201	PXD044405_ejensen_C1907_035_assay	proteomic profiling by mass spectrometry	data-dependent acquisition	NT=label free sample;AC=MS:1002038	1	1	not available	NT=Lys-C;AC=MS:1001309	NT=Carbamidomethyl;AC=UNIMOD:4;TA=C;MT=Fixed	NT=Oxidation;AC=UNIMOD:21;TA=M;MT=Variable	not available	not available	NT=[{'NT': 'DSS', 'AC': 'XLMOD:02001', 'CL': 'no', 'TA': 'K,nterm'}, {'NT': 'PDH', 'AC': None, 'CL': None, 'TA': None}, {'NT': 'DMTMM', 'AC': None, 'CL': None, 'TA': None}, {'NT': 'hexanediamine', 'AC': None, 'CL': None, 'TA': None}, {'NT': 'N-hydroxybenzotriazole', 'AC': None, 'CL': None, 'TA': None}]	not available	not available	not available	not available	not available	ejensen_C1907_035.raw	NT=ms-proteomics;VV=v1.1.0	NT=crosslinking;VV=v1.0.0	NT=human;VV=v1.1.0
PXD044405_ejensen_C1907_075	Homo sapiens	not available	not available	202	PXD044405_ejensen_C1907_075_assay	proteomic profiling by mass spectrometry	data-dependent acquisition	NT=label free sample;AC=MS:1002038	1	1	not available	NT=Lys-C;AC=MS:1001309	NT=Carbamidomethyl;AC=UNIMOD:4;TA=C;MT=Fixed	NT=Oxidation;AC=UNIMOD:21;TA=M;MT=Variable	not available	not available	NT=[{'NT': 'DSS', 'AC': 'XLMOD:02001', 'CL': 'no', 'TA': 'K,nterm'}, {'NT': 'PDH', 'AC': None, 'CL': None, 'TA': None}, {'NT': 'DMTMM', 'AC': None, 'CL': None, 'TA': None}, {'NT': 'hexanediamine', 'AC': None, 'CL': None, 'TA': None}, {'NT': 'N-hydroxybenzotriazole', 'AC': None, 'CL': None, 'TA': None}]	not available	not available	not available	not available	not available	ejensen_C1907_075.raw	NT=ms-proteomics;VV=v1.1.0	NT=crosslinking;VV=v1.0.0	NT=human;VV=v1.1.0
PXD044405_ejensen_C1902_215	Homo sapiens	not available	not available	203	PXD044405_ejensen_C1902_215_assay	proteomic profiling by mass spectrometry	data-dependent acquisition	NT=label free sample;AC=MS:1002038	1	1	not available	NT=Lys-C;AC=MS:1001309	NT=Carbamidomethyl;AC=UNIMOD:4;TA=C;MT=Fixed	NT=Oxidation;AC=UNIMOD:21;TA=M;MT=Variable	not available	not available	NT=[{'NT': 'DSS', 'AC': 'XLMOD:02001', 'CL': 'no', 'TA': 'K,nterm'}, {'NT': 'PDH', 'AC': None, 'CL': None, 'TA': None}, {'NT': 'DMTMM', 'AC': None, 'CL': None, 'TA': None}, {'NT': 'hexanediamine', 'AC': None, 'CL': None, 'TA': None}, {'NT': 'N-hydroxybenzotriazole', 'AC': None, 'CL': None, 'TA': None}]	not available	not available	not available	not available	not available	ejensen_C1902_215.raw	NT=ms-proteomics;VV=v1.1.0	NT=crosslinking;VV=v1.0.0	NT=human;VV=v1.1.0
PXD044405_ejensen_C1911_110	Homo sapiens	not available	not available	204	PXD044405_ejensen_C1911_110_assay	proteomic profiling by mass spectrometry	data-dependent acquisition	NT=label free sample;AC=MS:1002038	1	1	not available	NT=Lys-C;AC=MS:1001309	NT=Carbamidomethyl;AC=UNIMOD:4;TA=C;MT=Fixed	NT=Oxidation;AC=UNIMOD:21;TA=M;MT=Variable	not available	not available	NT=[{'NT': 'DSS', 'AC': 'XLMOD:02001', 'CL': 'no', 'TA': 'K,nterm'}, {'NT': 'PDH', 'AC': None, 'CL': None, 'TA': None}, {'NT': 'DMTMM', 'AC': None, 'CL': None, 'TA': None}, {'NT': 'hexanediamine', 'AC': None, 'CL': None, 'TA': None}, {'NT': 'N-hydroxybenzotriazole', 'AC': None, 'CL': None, 'TA': None}]	not available	not available	not available	not available	not available	ejensen_C1911_110.raw	NT=ms-proteomics;VV=v1.1.0	NT=crosslinking;VV=v1.0.0	NT=human;VV=v1.1.0
PXD044405_ejensen_C1911_149	Homo sapiens	not available	not available	205	PXD044405_ejensen_C1911_149_assay	proteomic profiling by mass spectrometry	data-dependent acquisition	NT=label free sample;AC=MS:1002038	1	1	not available	NT=Lys-C;AC=MS:1001309	NT=Carbamidomethyl;AC=UNIMOD:4;TA=C;MT=Fixed	NT=Oxidation;AC=UNIMOD:21;TA=M;MT=Variable	not available	not available	NT=[{'NT': 'DSS', 'AC': 'XLMOD:02001', 'CL': 'no', 'TA': 'K,nterm'}, {'NT': 'PDH', 'AC': None, 'CL': None, 'TA': None}, {'NT': 'DMTMM', 'AC': None, 'CL': None, 'TA': None}, {'NT': 'hexanediamine', 'AC': None, 'CL': None, 'TA': None}, {'NT': 'N-hydroxybenzotriazole', 'AC': None, 'CL': None, 'TA': None}]	not available	not available	not available	not available	not available	ejensen_C1911_149.raw	NT=ms-proteomics;VV=v1.1.0	NT=crosslinking;VV=v1.0.0	NT=human;VV=v1.1.0
PXD044405_ejensen_C1902_245	Homo sapiens	not available	not available	206	PXD044405_ejensen_C1902_245_assay	proteomic profiling by mass spectrometry	data-dependent acquisition	NT=label free sample;AC=MS:1002038	1	1	not available	NT=Lys-C;AC=MS:1001309	NT=Carbamidomethyl;AC=UNIMOD:4;TA=C;MT=Fixed	NT=Oxidation;AC=UNIMOD:21;TA=M;MT=Variable	not available	not available	NT=[{'NT': 'DSS', 'AC': 'XLMOD:02001', 'CL': 'no', 'TA': 'K,nterm'}, {'NT': 'PDH', 'AC': None, 'CL': None, 'TA': None}, {'NT': 'DMTMM', 'AC': None, 'CL': None, 'TA': None}, {'NT': 'hexanediamine', 'AC': None, 'CL': None, 'TA': None}, {'NT': 'N-hydroxybenzotriazole', 'AC': None, 'CL': None, 'TA': None}]	not available	not available	not available	not available	not available	ejensen_C1902_245.raw	NT=ms-proteomics;VV=v1.1.0	NT=crosslinking;VV=v1.0.0	NT=human;VV=v1.1.0
PXD044405_ejensen_C1907_041	Homo sapiens	not available	not available	207	PXD044405_ejensen_C1907_041_assay	proteomic profiling by mass spectrometry	data-dependent acquisition	NT=label free sample;AC=MS:1002038	1	1	not available	NT=Lys-C;AC=MS:1001309	NT=Carbamidomethyl;AC=UNIMOD:4;TA=C;MT=Fixed	NT=Oxidation;AC=UNIMOD:21;TA=M;MT=Variable	not available	not available	NT=[{'NT': 'DSS', 'AC': 'XLMOD:02001', 'CL': 'no', 'TA': 'K,nterm'}, {'NT': 'PDH', 'AC': None, 'CL': None, 'TA': None}, {'NT': 'DMTMM', 'AC': None, 'CL': None, 'TA': None}, {'NT': 'hexanediamine', 'AC': None, 'CL': None, 'TA': None}, {'NT': 'N-hydroxybenzotriazole', 'AC': None, 'CL': None, 'TA': None}]	not available	not available	not available	not available	not available	ejensen_C1907_041.raw	NT=ms-proteomics;VV=v1.1.0	NT=crosslinking;VV=v1.0.0	NT=human;VV=v1.1.0
PXD044405_ejensen_C1811_036	Homo sapiens	not available	not available	208	PXD044405_ejensen_C1811_036_assay	proteomic profiling by mass spectrometry	data-dependent acquisition	NT=label free sample;AC=MS:1002038	1	1	not available	NT=Lys-C;AC=MS:1001309	NT=Carbamidomethyl;AC=UNIMOD:4;TA=C;MT=Fixed	NT=Oxidation;AC=UNIMOD:21;TA=M;MT=Variable	not available	not available	NT=[{'NT': 'DSS', 'AC': 'XLMOD:02001', 'CL': 'no', 'TA': 'K,nterm'}, {'NT': 'PDH', 'AC': None, 'CL': None, 'TA': None}, {'NT': 'DMTMM', 'AC': None, 'CL': None, 'TA': None}, {'NT': 'hexanediamine', 'AC': None, 'CL': None, 'TA': None}, {'NT': 'N-hydroxybenzotriazole', 'AC': None, 'CL': None, 'TA': None}]	not available	not available	not available	not available	not available	ejensen_C1811_036.raw	NT=ms-proteomics;VV=v1.1.0	NT=crosslinking;VV=v1.0.0	NT=human;VV=v1.1.0
PXD044405_ejensen_C1911_049	Homo sapiens	not available	not available	209	PXD044405_ejensen_C1911_049_assay	proteomic profiling by mass spectrometry	data-dependent acquisition	NT=label free sample;AC=MS:1002038	1	1	not available	NT=Lys-C;AC=MS:1001309	NT=Carbamidomethyl;AC=UNIMOD:4;TA=C;MT=Fixed	NT=Oxidation;AC=UNIMOD:21;TA=M;MT=Variable	not available	not available	NT=[{'NT': 'DSS', 'AC': 'XLMOD:02001', 'CL': 'no', 'TA': 'K,nterm'}, {'NT': 'PDH', 'AC': None, 'CL': None, 'TA': None}, {'NT': 'DMTMM', 'AC': None, 'CL': None, 'TA': None}, {'NT': 'hexanediamine', 'AC': None, 'CL': None, 'TA': None}, {'NT': 'N-hydroxybenzotriazole', 'AC': None, 'CL': None, 'TA': None}]	not available	not available	not available	not available	not available	ejensen_C1911_049.raw	NT=ms-proteomics;VV=v1.1.0	NT=crosslinking;VV=v1.0.0	NT=human;VV=v1.1.0
PXD044405_ejensen_C1911_019	Homo sapiens	not available	not available	210	PXD044405_ejensen_C1911_019_assay	proteomic profiling by mass spectrometry	data-dependent acquisition	NT=label free sample;AC=MS:1002038	1	1	not available	NT=Lys-C;AC=MS:1001309	NT=Carbamidomethyl;AC=UNIMOD:4;TA=C;MT=Fixed	NT=Oxidation;AC=UNIMOD:21;TA=M;MT=Variable	not available	not available	NT=[{'NT': 'DSS', 'AC': 'XLMOD:02001', 'CL': 'no', 'TA': 'K,nterm'}, {'NT': 'PDH', 'AC': None, 'CL': None, 'TA': None}, {'NT': 'DMTMM', 'AC': None, 'CL': None, 'TA': None}, {'NT': 'hexanediamine', 'AC': None, 'CL': None, 'TA': None}, {'NT': 'N-hydroxybenzotriazole', 'AC': None, 'CL': None, 'TA': None}]	not available	not available	not available	not available	not available	ejensen_C1911_019.raw	NT=ms-proteomics;VV=v1.1.0	NT=crosslinking;VV=v1.0.0	NT=human;VV=v1.1.0
PXD044405_ejensen_C1911_151	Homo sapiens	not available	not available	211	PXD044405_ejensen_C1911_151_assay	proteomic profiling by mass spectrometry	data-dependent acquisition	NT=label free sample;AC=MS:1002038	1	1	not available	NT=Lys-C;AC=MS:1001309	NT=Carbamidomethyl;AC=UNIMOD:4;TA=C;MT=Fixed	NT=Oxidation;AC=UNIMOD:21;TA=M;MT=Variable	not available	not available	NT=[{'NT': 'DSS', 'AC': 'XLMOD:02001', 'CL': 'no', 'TA': 'K,nterm'}, {'NT': 'PDH', 'AC': None, 'CL': None, 'TA': None}, {'NT': 'DMTMM', 'AC': None, 'CL': None, 'TA': None}, {'NT': 'hexanediamine', 'AC': None, 'CL': None, 'TA': None}, {'NT': 'N-hydroxybenzotriazole', 'AC': None, 'CL': None, 'TA': None}]	not available	not available	not available	not available	not available	ejensen_C1911_151.raw	NT=ms-proteomics;VV=v1.1.0	NT=crosslinking;VV=v1.0.0	NT=human;VV=v1.1.0
PXD044405_ejensen_C1902_220	Homo sapiens	not available	not available	212	PXD044405_ejensen_C1902_220_assay	proteomic profiling by mass spectrometry	data-dependent acquisition	NT=label free sample;AC=MS:1002038	1	1	not available	NT=Lys-C;AC=MS:1001309	NT=Carbamidomethyl;AC=UNIMOD:4;TA=C;MT=Fixed	NT=Oxidation;AC=UNIMOD:21;TA=M;MT=Variable	not available	not available	NT=[{'NT': 'DSS', 'AC': 'XLMOD:02001', 'CL': 'no', 'TA': 'K,nterm'}, {'NT': 'PDH', 'AC': None, 'CL': None, 'TA': None}, {'NT': 'DMTMM', 'AC': None, 'CL': None, 'TA': None}, {'NT': 'hexanediamine', 'AC': None, 'CL': None, 'TA': None}, {'NT': 'N-hydroxybenzotriazole', 'AC': None, 'CL': None, 'TA': None}]	not available	not available	not available	not available	not available	ejensen_C1902_220.raw	NT=ms-proteomics;VV=v1.1.0	NT=crosslinking;VV=v1.0.0	NT=human;VV=v1.1.0
PXD044405_ejensen_C1907_094	Homo sapiens	not available	not available	213	PXD044405_ejensen_C1907_094_assay	proteomic profiling by mass spectrometry	data-dependent acquisition	NT=label free sample;AC=MS:1002038	1	1	not available	NT=Lys-C;AC=MS:1001309	NT=Carbamidomethyl;AC=UNIMOD:4;TA=C;MT=Fixed	NT=Oxidation;AC=UNIMOD:21;TA=M;MT=Variable	not available	not available	NT=[{'NT': 'DSS', 'AC': 'XLMOD:02001', 'CL': 'no', 'TA': 'K,nterm'}, {'NT': 'PDH', 'AC': None, 'CL': None, 'TA': None}, {'NT': 'DMTMM', 'AC': None, 'CL': None, 'TA': None}, {'NT': 'hexanediamine', 'AC': None, 'CL': None, 'TA': None}, {'NT': 'N-hydroxybenzotriazole', 'AC': None, 'CL': None, 'TA': None}]	not available	not available	not available	not available	not available	ejensen_C1907_094.raw	NT=ms-proteomics;VV=v1.1.0	NT=crosslinking;VV=v1.0.0	NT=human;VV=v1.1.0
PXD044405_ejensen_C1911_116	Homo sapiens	not available	not available	214	PXD044405_ejensen_C1911_116_assay	proteomic profiling by mass spectrometry	data-dependent acquisition	NT=label free sample;AC=MS:1002038	1	1	not available	NT=Lys-C;AC=MS:1001309	NT=Carbamidomethyl;AC=UNIMOD:4;TA=C;MT=Fixed	NT=Oxidation;AC=UNIMOD:21;TA=M;MT=Variable	not available	not available	NT=[{'NT': 'DSS', 'AC': 'XLMOD:02001', 'CL': 'no', 'TA': 'K,nterm'}, {'NT': 'PDH', 'AC': None, 'CL': None, 'TA': None}, {'NT': 'DMTMM', 'AC': None, 'CL': None, 'TA': None}, {'NT': 'hexanediamine', 'AC': None, 'CL': None, 'TA': None}, {'NT': 'N-hydroxybenzotriazole', 'AC': None, 'CL': None, 'TA': None}]	not available	not available	not available	not available	not available	ejensen_C1911_116.raw	NT=ms-proteomics;VV=v1.1.0	NT=crosslinking;VV=v1.0.0	NT=human;VV=v1.1.0
PXD044405_ejensen_C1902_206	Homo sapiens	not available	not available	215	PXD044405_ejensen_C1902_206_assay	proteomic profiling by mass spectrometry	data-dependent acquisition	NT=label free sample;AC=MS:1002038	1	1	not available	NT=Lys-C;AC=MS:1001309	NT=Carbamidomethyl;AC=UNIMOD:4;TA=C;MT=Fixed	NT=Oxidation;AC=UNIMOD:21;TA=M;MT=Variable	not available	not available	NT=[{'NT': 'DSS', 'AC': 'XLMOD:02001', 'CL': 'no', 'TA': 'K,nterm'}, {'NT': 'PDH', 'AC': None, 'CL': None, 'TA': None}, {'NT': 'DMTMM', 'AC': None, 'CL': None, 'TA': None}, {'NT': 'hexanediamine', 'AC': None, 'CL': None, 'TA': None}, {'NT': 'N-hydroxybenzotriazole', 'AC': None, 'CL': None, 'TA': None}]	not available	not available	not available	not available	not available	ejensen_C1902_206.raw	NT=ms-proteomics;VV=v1.1.0	NT=crosslinking;VV=v1.0.0	NT=human;VV=v1.1.0
PXD044405_ejensen_C1806_238	Homo sapiens	not available	not available	216	PXD044405_ejensen_C1806_238_assay	proteomic profiling by mass spectrometry	data-dependent acquisition	NT=label free sample;AC=MS:1002038	1	1	not available	NT=Lys-C;AC=MS:1001309	NT=Carbamidomethyl;AC=UNIMOD:4;TA=C;MT=Fixed	NT=Oxidation;AC=UNIMOD:21;TA=M;MT=Variable	not available	not available	NT=[{'NT': 'DSS', 'AC': 'XLMOD:02001', 'CL': 'no', 'TA': 'K,nterm'}, {'NT': 'PDH', 'AC': None, 'CL': None, 'TA': None}, {'NT': 'DMTMM', 'AC': None, 'CL': None, 'TA': None}, {'NT': 'hexanediamine', 'AC': None, 'CL': None, 'TA': None}, {'NT': 'N-hydroxybenzotriazole', 'AC': None, 'CL': None, 'TA': None}]	not available	not available	not available	not available	not available	ejensen_C1806_238.raw	NT=ms-proteomics;VV=v1.1.0	NT=crosslinking;VV=v1.0.0	NT=human;VV=v1.1.0
PXD044405_ejensen_C1803_431	Homo sapiens	not available	not available	217	PXD044405_ejensen_C1803_431_assay	proteomic profiling by mass spectrometry	data-dependent acquisition	NT=label free sample;AC=MS:1002038	1	1	not available	NT=Lys-C;AC=MS:1001309	NT=Carbamidomethyl;AC=UNIMOD:4;TA=C;MT=Fixed	NT=Oxidation;AC=UNIMOD:21;TA=M;MT=Variable	not available	not available	NT=[{'NT': 'DSS', 'AC': 'XLMOD:02001', 'CL': 'no', 'TA': 'K,nterm'}, {'NT': 'PDH', 'AC': None, 'CL': None, 'TA': None}, {'NT': 'DMTMM', 'AC': None, 'CL': None, 'TA': None}, {'NT': 'hexanediamine', 'AC': None, 'CL': None, 'TA': None}, {'NT': 'N-hydroxybenzotriazole', 'AC': None, 'CL': None, 'TA': None}]	not available	not available	not available	not available	not available	ejensen_C1803_431.raw	NT=ms-proteomics;VV=v1.1.0	NT=crosslinking;VV=v1.0.0	NT=human;VV=v1.1.0
PXD044405_ejensen_C1912_182	Homo sapiens	not available	not available	218	PXD044405_ejensen_C1912_182_assay	proteomic profiling by mass spectrometry	data-dependent acquisition	NT=label free sample;AC=MS:1002038	1	1	not available	NT=Lys-C;AC=MS:1001309	NT=Carbamidomethyl;AC=UNIMOD:4;TA=C;MT=Fixed	NT=Oxidation;AC=UNIMOD:21;TA=M;MT=Variable	not available	not available	NT=[{'NT': 'DSS', 'AC': 'XLMOD:02001', 'CL': 'no', 'TA': 'K,nterm'}, {'NT': 'PDH', 'AC': None, 'CL': None, 'TA': None}, {'NT': 'DMTMM', 'AC': None, 'CL': None, 'TA': None}, {'NT': 'hexanediamine', 'AC': None, 'CL': None, 'TA': None}, {'NT': 'N-hydroxybenzotriazole', 'AC': None, 'CL': None, 'TA': None}]	not available	not available	not available	not available	not available	ejensen_C1912_182.raw	NT=ms-proteomics;VV=v1.1.0	NT=crosslinking;VV=v1.0.0	NT=human;VV=v1.1.0
PXD044405_ejensen_C1902_219	Homo sapiens	not available	not available	219	PXD044405_ejensen_C1902_219_assay	proteomic profiling by mass spectrometry	data-dependent acquisition	NT=label free sample;AC=MS:1002038	1	1	not available	NT=Lys-C;AC=MS:1001309	NT=Carbamidomethyl;AC=UNIMOD:4;TA=C;MT=Fixed	NT=Oxidation;AC=UNIMOD:21;TA=M;MT=Variable	not available	not available	NT=[{'NT': 'DSS', 'AC': 'XLMOD:02001', 'CL': 'no', 'TA': 'K,nterm'}, {'NT': 'PDH', 'AC': None, 'CL': None, 'TA': None}, {'NT': 'DMTMM', 'AC': None, 'CL': None, 'TA': None}, {'NT': 'hexanediamine', 'AC': None, 'CL': None, 'TA': None}, {'NT': 'N-hydroxybenzotriazole', 'AC': None, 'CL': None, 'TA': None}]	not available	not available	not available	not available	not available	ejensen_C1902_219.raw	NT=ms-proteomics;VV=v1.1.0	NT=crosslinking;VV=v1.0.0	NT=human;VV=v1.1.0
PXD044405_ejensen_C1803_210	Homo sapiens	not available	not available	220	PXD044405_ejensen_C1803_210_assay	proteomic profiling by mass spectrometry	data-dependent acquisition	NT=label free sample;AC=MS:1002038	1	1	not available	NT=Lys-C;AC=MS:1001309	NT=Carbamidomethyl;AC=UNIMOD:4;TA=C;MT=Fixed	NT=Oxidation;AC=UNIMOD:21;TA=M;MT=Variable	not available	not available	NT=[{'NT': 'DSS', 'AC': 'XLMOD:02001', 'CL': 'no', 'TA': 'K,nterm'}, {'NT': 'PDH', 'AC': None, 'CL': None, 'TA': None}, {'NT': 'DMTMM', 'AC': None, 'CL': None, 'TA': None}, {'NT': 'hexanediamine', 'AC': None, 'CL': None, 'TA': None}, {'NT': 'N-hydroxybenzotriazole', 'AC': None, 'CL': None, 'TA': None}]	not available	not available	not available	not available	not available	ejensen_C1803_210.raw	NT=ms-proteomics;VV=v1.1.0	NT=crosslinking;VV=v1.0.0	NT=human;VV=v1.1.0
