source name	characteristics[organism]	characteristics[organism part]	characteristics[cell type]	characteristics[biological replicate]	assay name	technology type	comment[proteomics data acquisition method]	comment[label]	comment[fraction identifier]	comment[technical replicate]	comment[instrument]	comment[cleavage agent details]	comment[modification parameters]	comment[modification parameters]	comment[collision energy]	comment[dissociation method]	comment[cross-linker]	comment[crosslink enrichment method]	comment[crosslinker concentration]	comment[crosslinker to protein ratio]	comment[crosslinking reaction time]	comment[crosslinking temperature]	comment[data file]	comment[sdrf template]	comment[sdrf template]	comment[sdrf template]
PXD059118_20240721_A549_PropargylAzide_1xLabeling_Clicked_SEC9_HighpH_F12	Homo sapiens	whole cell lysate	not available	1	PXD059118_20240721_A549_PropargylAzide_1xLabeling_Clicked_SEC9_HighpH_F12_assay	proteomic profiling by mass spectrometry	data-dependent acquisition	NT=label free sample;AC=MS:1002038	9	1	not available	NT=Trypsin;AC=MS:1001251	NT=Carbamidomethyl;AC=UNIMOD:4;TA=C;MT=Fixed	NT=Oxidation;AC=UNIMOD:21;TA=M;MT=Variable	not available	not available	NT=['DSS', 'PhoX'];AC=['XLMOD:02001', 'XLMOD:02258'];TA=['K,nterm', 'K,nterm']	Fe-NTA magnetic beads	1 mM	not available	60 min	not available	20240721_A549_PropargylAzide_1xLabeling_Clicked_SEC9_HighpH_F12.raw	NT=ms-proteomics;VV=v1.1.0	NT=crosslinking;VV=v1.0.0	NT=human;VV=v1.1.0
PXD059118_20240524_A549_PropargylAzide_1xLabeling_Clicked_HighpH_F16	Homo sapiens	whole cell lysate	not available	1	PXD059118_20240524_A549_PropargylAzide_1xLabeling_Clicked_HighpH_F16_assay	proteomic profiling by mass spectrometry	data-dependent acquisition	NT=label free sample;AC=MS:1002038	16	1	not available	NT=Trypsin;AC=MS:1001251	NT=Carbamidomethyl;AC=UNIMOD:4;TA=C;MT=Fixed	NT=Oxidation;AC=UNIMOD:21;TA=M;MT=Variable	not available	not available	NT=['DSS', 'PhoX'];AC=['XLMOD:02001', 'XLMOD:02258'];TA=['K,nterm', 'K,nterm']	Fe-NTA magnetic beads	1 mM	not available	60 min	not available	20240524_A549_PropargylAzide_1xLabeling_Clicked_HighpH_F16.raw	NT=ms-proteomics;VV=v1.1.0	NT=crosslinking;VV=v1.0.0	NT=human;VV=v1.1.0
PXD059118_20240524_A549_PropargylAzide_1xLabeling_Clicked_HighpH_F06	Homo sapiens	whole cell lysate	not available	1	PXD059118_20240524_A549_PropargylAzide_1xLabeling_Clicked_HighpH_F06_assay	proteomic profiling by mass spectrometry	data-dependent acquisition	NT=label free sample;AC=MS:1002038	06	1	not available	NT=Trypsin;AC=MS:1001251	NT=Carbamidomethyl;AC=UNIMOD:4;TA=C;MT=Fixed	NT=Oxidation;AC=UNIMOD:21;TA=M;MT=Variable	not available	not available	NT=['DSS', 'PhoX'];AC=['XLMOD:02001', 'XLMOD:02258'];TA=['K,nterm', 'K,nterm']	Fe-NTA magnetic beads	1 mM	not available	60 min	not available	20240524_A549_PropargylAzide_1xLabeling_Clicked_HighpH_F06.raw	NT=ms-proteomics;VV=v1.1.0	NT=crosslinking;VV=v1.0.0	NT=human;VV=v1.1.0
PXD059118_20241107_A549_PropargylAzide_1xLabeling_NoClick_HighpH_Rep1_F06	Homo sapiens	whole cell lysate	not available	2	PXD059118_20241107_A549_PropargylAzide_1xLabeling_NoClick_HighpH_Rep1_F06_assay	proteomic profiling by mass spectrometry	data-dependent acquisition	NT=label free sample;AC=MS:1002038	06	1	not available	NT=Trypsin;AC=MS:1001251	NT=Carbamidomethyl;AC=UNIMOD:4;TA=C;MT=Fixed	NT=Oxidation;AC=UNIMOD:21;TA=M;MT=Variable	not available	not available	NT=['DSS', 'PhoX'];AC=['XLMOD:02001', 'XLMOD:02258'];TA=['K,nterm', 'K,nterm']	Fe-NTA magnetic beads	1 mM	not available	60 min	not available	20241107_A549_PropargylAzide_1xLabeling_NoClick_HighpH_Rep1_F06.raw	NT=ms-proteomics;VV=v1.1.0	NT=crosslinking;VV=v1.0.0	NT=human;VV=v1.1.0
PXD059118_20241023_A549_Lysate_Propargyl_AzidoPEGOH_NoCatalysts_Rep2	Homo sapiens	whole cell lysate	not available	1	PXD059118_20241023_A549_Lysate_Propargyl_AzidoPEGOH_NoCatalysts_Rep2_assay	proteomic profiling by mass spectrometry	data-dependent acquisition	NT=label free sample;AC=MS:1002038	1	2	not available	NT=Trypsin;AC=MS:1001251	NT=Carbamidomethyl;AC=UNIMOD:4;TA=C;MT=Fixed	NT=Oxidation;AC=UNIMOD:21;TA=M;MT=Variable	not available	not available	NT=['DSS', 'PhoX'];AC=['XLMOD:02001', 'XLMOD:02258'];TA=['K,nterm', 'K,nterm']	Fe-NTA magnetic beads	1 mM	not available	60 min	not available	20241023_A549_Lysate_Propargyl_AzidoPEGOH_NoCatalysts_Rep2.raw	NT=ms-proteomics;VV=v1.1.0	NT=crosslinking;VV=v1.0.0	NT=human;VV=v1.1.0
PXD059118_20240524_A549_PropargylAzide_1xLabeling_Clicked_HighpH_F23	Homo sapiens	whole cell lysate	not available	1	PXD059118_20240524_A549_PropargylAzide_1xLabeling_Clicked_HighpH_F23_assay	proteomic profiling by mass spectrometry	data-dependent acquisition	NT=label free sample;AC=MS:1002038	23	1	not available	NT=Trypsin;AC=MS:1001251	NT=Carbamidomethyl;AC=UNIMOD:4;TA=C;MT=Fixed	NT=Oxidation;AC=UNIMOD:21;TA=M;MT=Variable	not available	not available	NT=['DSS', 'PhoX'];AC=['XLMOD:02001', 'XLMOD:02258'];TA=['K,nterm', 'K,nterm']	Fe-NTA magnetic beads	1 mM	not available	60 min	not available	20240524_A549_PropargylAzide_1xLabeling_Clicked_HighpH_F23.raw	NT=ms-proteomics;VV=v1.1.0	NT=crosslinking;VV=v1.0.0	NT=human;VV=v1.1.0
PXD059118_20240721_A549_PropargylAzide_1xLabeling_Clicked_SEC1-7_HighpH_F05	Homo sapiens	whole cell lysate	not available	2	PXD059118_20240721_A549_PropargylAzide_1xLabeling_Clicked_SEC1-7_HighpH_F05_assay	proteomic profiling by mass spectrometry	data-dependent acquisition	NT=label free sample;AC=MS:1002038	1	1	not available	NT=Trypsin;AC=MS:1001251	NT=Carbamidomethyl;AC=UNIMOD:4;TA=C;MT=Fixed	NT=Oxidation;AC=UNIMOD:21;TA=M;MT=Variable	not available	not available	NT=['DSS', 'PhoX'];AC=['XLMOD:02001', 'XLMOD:02258'];TA=['K,nterm', 'K,nterm']	Fe-NTA magnetic beads	1 mM	not available	60 min	not available	20240721_A549_PropargylAzide_1xLabeling_Clicked_SEC1-7_HighpH_F05.raw	NT=ms-proteomics;VV=v1.1.0	NT=crosslinking;VV=v1.0.0	NT=human;VV=v1.1.0
PXD059118_20240721_A549_PropargylAzide_1xLabeling_Clicked_SEC9_HighpH_F15	Homo sapiens	whole cell lysate	not available	2	PXD059118_20240721_A549_PropargylAzide_1xLabeling_Clicked_SEC9_HighpH_F15_assay	proteomic profiling by mass spectrometry	data-dependent acquisition	NT=label free sample;AC=MS:1002038	9	1	not available	NT=Trypsin;AC=MS:1001251	NT=Carbamidomethyl;AC=UNIMOD:4;TA=C;MT=Fixed	NT=Oxidation;AC=UNIMOD:21;TA=M;MT=Variable	not available	not available	NT=['DSS', 'PhoX'];AC=['XLMOD:02001', 'XLMOD:02258'];TA=['K,nterm', 'K,nterm']	Fe-NTA magnetic beads	1 mM	not available	60 min	not available	20240721_A549_PropargylAzide_1xLabeling_Clicked_SEC9_HighpH_F15.raw	NT=ms-proteomics;VV=v1.1.0	NT=crosslinking;VV=v1.0.0	NT=human;VV=v1.1.0
PXD059118_20240721_A549_PropargylAzide_1xLabeling_Clicked_SEC1-7_HighpH_F14	Homo sapiens	whole cell lysate	not available	3	PXD059118_20240721_A549_PropargylAzide_1xLabeling_Clicked_SEC1-7_HighpH_F14_assay	proteomic profiling by mass spectrometry	data-dependent acquisition	NT=label free sample;AC=MS:1002038	1	1	not available	NT=Trypsin;AC=MS:1001251	NT=Carbamidomethyl;AC=UNIMOD:4;TA=C;MT=Fixed	NT=Oxidation;AC=UNIMOD:21;TA=M;MT=Variable	not available	not available	NT=['DSS', 'PhoX'];AC=['XLMOD:02001', 'XLMOD:02258'];TA=['K,nterm', 'K,nterm']	Fe-NTA magnetic beads	1 mM	not available	60 min	not available	20240721_A549_PropargylAzide_1xLabeling_Clicked_SEC1-7_HighpH_F14.raw	NT=ms-proteomics;VV=v1.1.0	NT=crosslinking;VV=v1.0.0	NT=human;VV=v1.1.0
PXD059118_20240721_A549_PropargylAzide_1xLabeling_Clicked_SEC1-7_HighpH_F20	Homo sapiens	whole cell lysate	not available	4	PXD059118_20240721_A549_PropargylAzide_1xLabeling_Clicked_SEC1-7_HighpH_F20_assay	proteomic profiling by mass spectrometry	data-dependent acquisition	NT=label free sample;AC=MS:1002038	1	1	not available	NT=Trypsin;AC=MS:1001251	NT=Carbamidomethyl;AC=UNIMOD:4;TA=C;MT=Fixed	NT=Oxidation;AC=UNIMOD:21;TA=M;MT=Variable	not available	not available	NT=['DSS', 'PhoX'];AC=['XLMOD:02001', 'XLMOD:02258'];TA=['K,nterm', 'K,nterm']	Fe-NTA magnetic beads	1 mM	not available	60 min	not available	20240721_A549_PropargylAzide_1xLabeling_Clicked_SEC1-7_HighpH_F20.raw	NT=ms-proteomics;VV=v1.1.0	NT=crosslinking;VV=v1.0.0	NT=human;VV=v1.1.0
PXD059118_20240721_A549_PropargylAzide_1xLabeling_Clicked_SEC9_HighpH_F19	Homo sapiens	whole cell lysate	not available	3	PXD059118_20240721_A549_PropargylAzide_1xLabeling_Clicked_SEC9_HighpH_F19_assay	proteomic profiling by mass spectrometry	data-dependent acquisition	NT=label free sample;AC=MS:1002038	9	1	not available	NT=Trypsin;AC=MS:1001251	NT=Carbamidomethyl;AC=UNIMOD:4;TA=C;MT=Fixed	NT=Oxidation;AC=UNIMOD:21;TA=M;MT=Variable	not available	not available	NT=['DSS', 'PhoX'];AC=['XLMOD:02001', 'XLMOD:02258'];TA=['K,nterm', 'K,nterm']	Fe-NTA magnetic beads	1 mM	not available	60 min	not available	20240721_A549_PropargylAzide_1xLabeling_Clicked_SEC9_HighpH_F19.raw	NT=ms-proteomics;VV=v1.1.0	NT=crosslinking;VV=v1.0.0	NT=human;VV=v1.1.0
PXD059118_20231224_A549_1xPhoX_FIXMS_IMAC_HighpH_F12	Homo sapiens	whole cell lysate	not available	1	PXD059118_20231224_A549_1xPhoX_FIXMS_IMAC_HighpH_F12_assay	proteomic profiling by mass spectrometry	data-dependent acquisition	NT=label free sample;AC=MS:1002038	12	1	not available	NT=Trypsin;AC=MS:1001251	NT=Carbamidomethyl;AC=UNIMOD:4;TA=C;MT=Fixed	NT=Oxidation;AC=UNIMOD:21;TA=M;MT=Variable	not available	not available	NT=['DSS', 'PhoX'];AC=['XLMOD:02001', 'XLMOD:02258'];TA=['K,nterm', 'K,nterm']	Fe-NTA magnetic beads	1 mM	not available	60 min	not available	20231224_A549_1xPhoX_FIXMS_IMAC_HighpH_F12.raw	NT=ms-proteomics;VV=v1.1.0	NT=crosslinking;VV=v1.0.0	NT=human;VV=v1.1.0
PXD059118_20240412_A549_PropargylAzide_1xLabeling_NoClick_Rep1	Homo sapiens	whole cell lysate	not available	5	PXD059118_20240412_A549_PropargylAzide_1xLabeling_NoClick_Rep1_assay	proteomic profiling by mass spectrometry	data-dependent acquisition	NT=label free sample;AC=MS:1002038	1	1	not available	NT=Trypsin;AC=MS:1001251	NT=Carbamidomethyl;AC=UNIMOD:4;TA=C;MT=Fixed	NT=Oxidation;AC=UNIMOD:21;TA=M;MT=Variable	not available	not available	NT=['DSS', 'PhoX'];AC=['XLMOD:02001', 'XLMOD:02258'];TA=['K,nterm', 'K,nterm']	Fe-NTA magnetic beads	1 mM	not available	60 min	not available	20240412_A549_PropargylAzide_1xLabeling_NoClick_Rep1.raw	NT=ms-proteomics;VV=v1.1.0	NT=crosslinking;VV=v1.0.0	NT=human;VV=v1.1.0
PXD059118_20241107_A549_PropargylAzide_1xLabeling_NoClick_HighpH_Rep2_F25	Homo sapiens	whole cell lysate	not available	1	PXD059118_20241107_A549_PropargylAzide_1xLabeling_NoClick_HighpH_Rep2_F25_assay	proteomic profiling by mass spectrometry	data-dependent acquisition	NT=label free sample;AC=MS:1002038	25	2	not available	NT=Trypsin;AC=MS:1001251	NT=Carbamidomethyl;AC=UNIMOD:4;TA=C;MT=Fixed	NT=Oxidation;AC=UNIMOD:21;TA=M;MT=Variable	not available	not available	NT=['DSS', 'PhoX'];AC=['XLMOD:02001', 'XLMOD:02258'];TA=['K,nterm', 'K,nterm']	Fe-NTA magnetic beads	1 mM	not available	60 min	not available	20241107_A549_PropargylAzide_1xLabeling_NoClick_HighpH_Rep2_F25.raw	NT=ms-proteomics;VV=v1.1.0	NT=crosslinking;VV=v1.0.0	NT=human;VV=v1.1.0
PXD059118_20240721_A549_PropargylAzide_1xLabeling_Clicked_SEC1-7_HighpH_F23	Homo sapiens	whole cell lysate	not available	6	PXD059118_20240721_A549_PropargylAzide_1xLabeling_Clicked_SEC1-7_HighpH_F23_assay	proteomic profiling by mass spectrometry	data-dependent acquisition	NT=label free sample;AC=MS:1002038	1	1	not available	NT=Trypsin;AC=MS:1001251	NT=Carbamidomethyl;AC=UNIMOD:4;TA=C;MT=Fixed	NT=Oxidation;AC=UNIMOD:21;TA=M;MT=Variable	not available	not available	NT=['DSS', 'PhoX'];AC=['XLMOD:02001', 'XLMOD:02258'];TA=['K,nterm', 'K,nterm']	Fe-NTA magnetic beads	1 mM	not available	60 min	not available	20240721_A549_PropargylAzide_1xLabeling_Clicked_SEC1-7_HighpH_F23.raw	NT=ms-proteomics;VV=v1.1.0	NT=crosslinking;VV=v1.0.0	NT=human;VV=v1.1.0
PXD059118_20241107_A549_PropargylAzide_1xLabeling_NoClick_HighpH_Rep2_F01	Homo sapiens	whole cell lysate	not available	1	PXD059118_20241107_A549_PropargylAzide_1xLabeling_NoClick_HighpH_Rep2_F01_assay	proteomic profiling by mass spectrometry	data-dependent acquisition	NT=label free sample;AC=MS:1002038	01	2	not available	NT=Trypsin;AC=MS:1001251	NT=Carbamidomethyl;AC=UNIMOD:4;TA=C;MT=Fixed	NT=Oxidation;AC=UNIMOD:21;TA=M;MT=Variable	not available	not available	NT=['DSS', 'PhoX'];AC=['XLMOD:02001', 'XLMOD:02258'];TA=['K,nterm', 'K,nterm']	Fe-NTA magnetic beads	1 mM	not available	60 min	not available	20241107_A549_PropargylAzide_1xLabeling_NoClick_HighpH_Rep2_F01.raw	NT=ms-proteomics;VV=v1.1.0	NT=crosslinking;VV=v1.0.0	NT=human;VV=v1.1.0
PXD059118_20240721_A549_PropargylAzide_1xLabeling_Clicked_SEC1-7_HighpH_F03	Homo sapiens	whole cell lysate	not available	7	PXD059118_20240721_A549_PropargylAzide_1xLabeling_Clicked_SEC1-7_HighpH_F03_assay	proteomic profiling by mass spectrometry	data-dependent acquisition	NT=label free sample;AC=MS:1002038	1	1	not available	NT=Trypsin;AC=MS:1001251	NT=Carbamidomethyl;AC=UNIMOD:4;TA=C;MT=Fixed	NT=Oxidation;AC=UNIMOD:21;TA=M;MT=Variable	not available	not available	NT=['DSS', 'PhoX'];AC=['XLMOD:02001', 'XLMOD:02258'];TA=['K,nterm', 'K,nterm']	Fe-NTA magnetic beads	1 mM	not available	60 min	not available	20240721_A549_PropargylAzide_1xLabeling_Clicked_SEC1-7_HighpH_F03.raw	NT=ms-proteomics;VV=v1.1.0	NT=crosslinking;VV=v1.0.0	NT=human;VV=v1.1.0
PXD059118_20240721_A549_PropargylAzide_1xLabeling_Clicked_SEC1-7_HighpH_F12	Homo sapiens	whole cell lysate	not available	8	PXD059118_20240721_A549_PropargylAzide_1xLabeling_Clicked_SEC1-7_HighpH_F12_assay	proteomic profiling by mass spectrometry	data-dependent acquisition	NT=label free sample;AC=MS:1002038	1	1	not available	NT=Trypsin;AC=MS:1001251	NT=Carbamidomethyl;AC=UNIMOD:4;TA=C;MT=Fixed	NT=Oxidation;AC=UNIMOD:21;TA=M;MT=Variable	not available	not available	NT=['DSS', 'PhoX'];AC=['XLMOD:02001', 'XLMOD:02258'];TA=['K,nterm', 'K,nterm']	Fe-NTA magnetic beads	1 mM	not available	60 min	not available	20240721_A549_PropargylAzide_1xLabeling_Clicked_SEC1-7_HighpH_F12.raw	NT=ms-proteomics;VV=v1.1.0	NT=crosslinking;VV=v1.0.0	NT=human;VV=v1.1.0
PXD059118_20240721_A549_PropargylAzide_1xLabeling_Clicked_SEC10_HighpH_F05	Homo sapiens	whole cell lysate	not available	1	PXD059118_20240721_A549_PropargylAzide_1xLabeling_Clicked_SEC10_HighpH_F05_assay	proteomic profiling by mass spectrometry	data-dependent acquisition	NT=label free sample;AC=MS:1002038	10	1	not available	NT=Trypsin;AC=MS:1001251	NT=Carbamidomethyl;AC=UNIMOD:4;TA=C;MT=Fixed	NT=Oxidation;AC=UNIMOD:21;TA=M;MT=Variable	not available	not available	NT=['DSS', 'PhoX'];AC=['XLMOD:02001', 'XLMOD:02258'];TA=['K,nterm', 'K,nterm']	Fe-NTA magnetic beads	1 mM	not available	60 min	not available	20240721_A549_PropargylAzide_1xLabeling_Clicked_SEC10_HighpH_F05.raw	NT=ms-proteomics;VV=v1.1.0	NT=crosslinking;VV=v1.0.0	NT=human;VV=v1.1.0
PXD059118_20240721_A549_PropargylAzide_1xLabeling_Clicked_SEC8_HighpH_F08	Homo sapiens	whole cell lysate	not available	1	PXD059118_20240721_A549_PropargylAzide_1xLabeling_Clicked_SEC8_HighpH_F08_assay	proteomic profiling by mass spectrometry	data-dependent acquisition	NT=label free sample;AC=MS:1002038	8	1	not available	NT=Trypsin;AC=MS:1001251	NT=Carbamidomethyl;AC=UNIMOD:4;TA=C;MT=Fixed	NT=Oxidation;AC=UNIMOD:21;TA=M;MT=Variable	not available	not available	NT=['DSS', 'PhoX'];AC=['XLMOD:02001', 'XLMOD:02258'];TA=['K,nterm', 'K,nterm']	Fe-NTA magnetic beads	1 mM	not available	60 min	not available	20240721_A549_PropargylAzide_1xLabeling_Clicked_SEC8_HighpH_F08.raw	NT=ms-proteomics;VV=v1.1.0	NT=crosslinking;VV=v1.0.0	NT=human;VV=v1.1.0
PXD059118_20240721_A549_PropargylAzide_1xLabeling_Clicked_SEC1-7_HighpH_F30	Homo sapiens	whole cell lysate	not available	9	PXD059118_20240721_A549_PropargylAzide_1xLabeling_Clicked_SEC1-7_HighpH_F30_assay	proteomic profiling by mass spectrometry	data-dependent acquisition	NT=label free sample;AC=MS:1002038	1	1	not available	NT=Trypsin;AC=MS:1001251	NT=Carbamidomethyl;AC=UNIMOD:4;TA=C;MT=Fixed	NT=Oxidation;AC=UNIMOD:21;TA=M;MT=Variable	not available	not available	NT=['DSS', 'PhoX'];AC=['XLMOD:02001', 'XLMOD:02258'];TA=['K,nterm', 'K,nterm']	Fe-NTA magnetic beads	1 mM	not available	60 min	not available	20240721_A549_PropargylAzide_1xLabeling_Clicked_SEC1-7_HighpH_F30.raw	NT=ms-proteomics;VV=v1.1.0	NT=crosslinking;VV=v1.0.0	NT=human;VV=v1.1.0
PXD059118_20240721_A549_PropargylAzide_1xLabeling_Clicked_SEC8_HighpH_F20	Homo sapiens	whole cell lysate	not available	2	PXD059118_20240721_A549_PropargylAzide_1xLabeling_Clicked_SEC8_HighpH_F20_assay	proteomic profiling by mass spectrometry	data-dependent acquisition	NT=label free sample;AC=MS:1002038	8	1	not available	NT=Trypsin;AC=MS:1001251	NT=Carbamidomethyl;AC=UNIMOD:4;TA=C;MT=Fixed	NT=Oxidation;AC=UNIMOD:21;TA=M;MT=Variable	not available	not available	NT=['DSS', 'PhoX'];AC=['XLMOD:02001', 'XLMOD:02258'];TA=['K,nterm', 'K,nterm']	Fe-NTA magnetic beads	1 mM	not available	60 min	not available	20240721_A549_PropargylAzide_1xLabeling_Clicked_SEC8_HighpH_F20.raw	NT=ms-proteomics;VV=v1.1.0	NT=crosslinking;VV=v1.0.0	NT=human;VV=v1.1.0
PXD059118_20240721_A549_PropargylAzide_1xLabeling_Clicked_SEC8_HighpH_F05	Homo sapiens	whole cell lysate	not available	3	PXD059118_20240721_A549_PropargylAzide_1xLabeling_Clicked_SEC8_HighpH_F05_assay	proteomic profiling by mass spectrometry	data-dependent acquisition	NT=label free sample;AC=MS:1002038	8	1	not available	NT=Trypsin;AC=MS:1001251	NT=Carbamidomethyl;AC=UNIMOD:4;TA=C;MT=Fixed	NT=Oxidation;AC=UNIMOD:21;TA=M;MT=Variable	not available	not available	NT=['DSS', 'PhoX'];AC=['XLMOD:02001', 'XLMOD:02258'];TA=['K,nterm', 'K,nterm']	Fe-NTA magnetic beads	1 mM	not available	60 min	not available	20240721_A549_PropargylAzide_1xLabeling_Clicked_SEC8_HighpH_F05.raw	NT=ms-proteomics;VV=v1.1.0	NT=crosslinking;VV=v1.0.0	NT=human;VV=v1.1.0
PXD059118_20240524_A549_PropargylAzide_1xLabeling_Clicked_HighpH_F11	Homo sapiens	whole cell lysate	not available	1	PXD059118_20240524_A549_PropargylAzide_1xLabeling_Clicked_HighpH_F11_assay	proteomic profiling by mass spectrometry	data-dependent acquisition	NT=label free sample;AC=MS:1002038	11	1	not available	NT=Trypsin;AC=MS:1001251	NT=Carbamidomethyl;AC=UNIMOD:4;TA=C;MT=Fixed	NT=Oxidation;AC=UNIMOD:21;TA=M;MT=Variable	not available	not available	NT=['DSS', 'PhoX'];AC=['XLMOD:02001', 'XLMOD:02258'];TA=['K,nterm', 'K,nterm']	Fe-NTA magnetic beads	1 mM	not available	60 min	not available	20240524_A549_PropargylAzide_1xLabeling_Clicked_HighpH_F11.raw	NT=ms-proteomics;VV=v1.1.0	NT=crosslinking;VV=v1.0.0	NT=human;VV=v1.1.0
PXD059118_20240403_Ecoli_Propargyl_AzidePEGOH_Clicked_1BTTES_1CuSO4_Rep1	Escherichia coli	whole cell lysate	not available	10	PXD059118_20240403_Ecoli_Propargyl_AzidePEGOH_Clicked_1BTTES_1CuSO4_Rep1_assay	proteomic profiling by mass spectrometry	data-dependent acquisition	NT=label free sample;AC=MS:1002038	1	1	not available	NT=Trypsin;AC=MS:1001251	NT=Carbamidomethyl;AC=UNIMOD:4;TA=C;MT=Fixed	NT=Oxidation;AC=UNIMOD:21;TA=M;MT=Variable	not available	not available	NT=['DSS', 'PhoX'];AC=['XLMOD:02001', 'XLMOD:02258'];TA=['K,nterm', 'K,nterm']	Fe-NTA magnetic beads	1 mM	not available	60 min	not available	20240403_Ecoli_Propargyl_AzidePEGOH_Clicked_1BTTES_1CuSO4_Rep1.raw	NT=ms-proteomics;VV=v1.1.0	NT=crosslinking;VV=v1.0.0	NT=human;VV=v1.1.0
PXD059118_20240721_A549_PropargylAzide_1xLabeling_Clicked_SEC8_HighpH_F10	Homo sapiens	whole cell lysate	not available	4	PXD059118_20240721_A549_PropargylAzide_1xLabeling_Clicked_SEC8_HighpH_F10_assay	proteomic profiling by mass spectrometry	data-dependent acquisition	NT=label free sample;AC=MS:1002038	8	1	not available	NT=Trypsin;AC=MS:1001251	NT=Carbamidomethyl;AC=UNIMOD:4;TA=C;MT=Fixed	NT=Oxidation;AC=UNIMOD:21;TA=M;MT=Variable	not available	not available	NT=['DSS', 'PhoX'];AC=['XLMOD:02001', 'XLMOD:02258'];TA=['K,nterm', 'K,nterm']	Fe-NTA magnetic beads	1 mM	not available	60 min	not available	20240721_A549_PropargylAzide_1xLabeling_Clicked_SEC8_HighpH_F10.raw	NT=ms-proteomics;VV=v1.1.0	NT=crosslinking;VV=v1.0.0	NT=human;VV=v1.1.0
PXD059118_20241018_A549_Lysate_Propargyl_AzidoPEGOH_Clicked_Clicked_60min_Rep3	Homo sapiens	whole cell lysate	not available	11	PXD059118_20241018_A549_Lysate_Propargyl_AzidoPEGOH_Clicked_Clicked_60min_Rep3_assay	proteomic profiling by mass spectrometry	data-dependent acquisition	NT=label free sample;AC=MS:1002038	1	3	not available	NT=Trypsin;AC=MS:1001251	NT=Carbamidomethyl;AC=UNIMOD:4;TA=C;MT=Fixed	NT=Oxidation;AC=UNIMOD:21;TA=M;MT=Variable	not available	not available	NT=['DSS', 'PhoX'];AC=['XLMOD:02001', 'XLMOD:02258'];TA=['K,nterm', 'K,nterm']	Fe-NTA magnetic beads	1 mM	not available	60 min	not available	20241018_A549_Lysate_Propargyl_AzidoPEGOH_Clicked_Clicked_60min_Rep3.raw	NT=ms-proteomics;VV=v1.1.0	NT=crosslinking;VV=v1.0.0	NT=human;VV=v1.1.0
PXD059118_20240403_Ecoli_Propargyl_AzidePEGOH_Clicked_3BTTES_1CuSO4_Rep1	Escherichia coli	whole cell lysate	not available	12	PXD059118_20240403_Ecoli_Propargyl_AzidePEGOH_Clicked_3BTTES_1CuSO4_Rep1_assay	proteomic profiling by mass spectrometry	data-dependent acquisition	NT=label free sample;AC=MS:1002038	1	1	not available	NT=Trypsin;AC=MS:1001251	NT=Carbamidomethyl;AC=UNIMOD:4;TA=C;MT=Fixed	NT=Oxidation;AC=UNIMOD:21;TA=M;MT=Variable	not available	not available	NT=['DSS', 'PhoX'];AC=['XLMOD:02001', 'XLMOD:02258'];TA=['K,nterm', 'K,nterm']	Fe-NTA magnetic beads	1 mM	not available	60 min	not available	20240403_Ecoli_Propargyl_AzidePEGOH_Clicked_3BTTES_1CuSO4_Rep1.raw	NT=ms-proteomics;VV=v1.1.0	NT=crosslinking;VV=v1.0.0	NT=human;VV=v1.1.0
PXD059118_20240721_A549_PropargylAzide_1xLabeling_Clicked_SEC9_HighpH_F22	Homo sapiens	whole cell lysate	not available	4	PXD059118_20240721_A549_PropargylAzide_1xLabeling_Clicked_SEC9_HighpH_F22_assay	proteomic profiling by mass spectrometry	data-dependent acquisition	NT=label free sample;AC=MS:1002038	9	1	not available	NT=Trypsin;AC=MS:1001251	NT=Carbamidomethyl;AC=UNIMOD:4;TA=C;MT=Fixed	NT=Oxidation;AC=UNIMOD:21;TA=M;MT=Variable	not available	not available	NT=['DSS', 'PhoX'];AC=['XLMOD:02001', 'XLMOD:02258'];TA=['K,nterm', 'K,nterm']	Fe-NTA magnetic beads	1 mM	not available	60 min	not available	20240721_A549_PropargylAzide_1xLabeling_Clicked_SEC9_HighpH_F22.raw	NT=ms-proteomics;VV=v1.1.0	NT=crosslinking;VV=v1.0.0	NT=human;VV=v1.1.0
PXD059118_20240721_A549_PropargylAzide_1xLabeling_Clicked_SEC11_HighpH_F25	Homo sapiens	whole cell lysate	not available	2	PXD059118_20240721_A549_PropargylAzide_1xLabeling_Clicked_SEC11_HighpH_F25_assay	proteomic profiling by mass spectrometry	data-dependent acquisition	NT=label free sample;AC=MS:1002038	11	1	not available	NT=Trypsin;AC=MS:1001251	NT=Carbamidomethyl;AC=UNIMOD:4;TA=C;MT=Fixed	NT=Oxidation;AC=UNIMOD:21;TA=M;MT=Variable	not available	not available	NT=['DSS', 'PhoX'];AC=['XLMOD:02001', 'XLMOD:02258'];TA=['K,nterm', 'K,nterm']	Fe-NTA magnetic beads	1 mM	not available	60 min	not available	20240721_A549_PropargylAzide_1xLabeling_Clicked_SEC11_HighpH_F25.raw	NT=ms-proteomics;VV=v1.1.0	NT=crosslinking;VV=v1.0.0	NT=human;VV=v1.1.0
PXD059118_20241107_A549_PropargylAzide_1xLabeling_NoClick_HighpH_Rep1_F29	Homo sapiens	whole cell lysate	not available	1	PXD059118_20241107_A549_PropargylAzide_1xLabeling_NoClick_HighpH_Rep1_F29_assay	proteomic profiling by mass spectrometry	data-dependent acquisition	NT=label free sample;AC=MS:1002038	29	1	not available	NT=Trypsin;AC=MS:1001251	NT=Carbamidomethyl;AC=UNIMOD:4;TA=C;MT=Fixed	NT=Oxidation;AC=UNIMOD:21;TA=M;MT=Variable	not available	not available	NT=['DSS', 'PhoX'];AC=['XLMOD:02001', 'XLMOD:02258'];TA=['K,nterm', 'K,nterm']	Fe-NTA magnetic beads	1 mM	not available	60 min	not available	20241107_A549_PropargylAzide_1xLabeling_NoClick_HighpH_Rep1_F29.raw	NT=ms-proteomics;VV=v1.1.0	NT=crosslinking;VV=v1.0.0	NT=human;VV=v1.1.0
PXD059118_20240721_A549_PropargylAzide_1xLabeling_Clicked_SEC10_HighpH_F23	Homo sapiens	whole cell lysate	not available	2	PXD059118_20240721_A549_PropargylAzide_1xLabeling_Clicked_SEC10_HighpH_F23_assay	proteomic profiling by mass spectrometry	data-dependent acquisition	NT=label free sample;AC=MS:1002038	10	1	not available	NT=Trypsin;AC=MS:1001251	NT=Carbamidomethyl;AC=UNIMOD:4;TA=C;MT=Fixed	NT=Oxidation;AC=UNIMOD:21;TA=M;MT=Variable	not available	not available	NT=['DSS', 'PhoX'];AC=['XLMOD:02001', 'XLMOD:02258'];TA=['K,nterm', 'K,nterm']	Fe-NTA magnetic beads	1 mM	not available	60 min	not available	20240721_A549_PropargylAzide_1xLabeling_Clicked_SEC10_HighpH_F23.raw	NT=ms-proteomics;VV=v1.1.0	NT=crosslinking;VV=v1.0.0	NT=human;VV=v1.1.0
PXD059118_20240721_A549_PropargylAzide_1xLabeling_Clicked_SEC8_HighpH_F30	Homo sapiens	whole cell lysate	not available	5	PXD059118_20240721_A549_PropargylAzide_1xLabeling_Clicked_SEC8_HighpH_F30_assay	proteomic profiling by mass spectrometry	data-dependent acquisition	NT=label free sample;AC=MS:1002038	8	1	not available	NT=Trypsin;AC=MS:1001251	NT=Carbamidomethyl;AC=UNIMOD:4;TA=C;MT=Fixed	NT=Oxidation;AC=UNIMOD:21;TA=M;MT=Variable	not available	not available	NT=['DSS', 'PhoX'];AC=['XLMOD:02001', 'XLMOD:02258'];TA=['K,nterm', 'K,nterm']	Fe-NTA magnetic beads	1 mM	not available	60 min	not available	20240721_A549_PropargylAzide_1xLabeling_Clicked_SEC8_HighpH_F30.raw	NT=ms-proteomics;VV=v1.1.0	NT=crosslinking;VV=v1.0.0	NT=human;VV=v1.1.0
PXD059118_20241107_A549_PropargylAzide_1xLabeling_NoClick_HighpH_Rep1_F10	Homo sapiens	whole cell lysate	not available	3	PXD059118_20241107_A549_PropargylAzide_1xLabeling_NoClick_HighpH_Rep1_F10_assay	proteomic profiling by mass spectrometry	data-dependent acquisition	NT=label free sample;AC=MS:1002038	10	1	not available	NT=Trypsin;AC=MS:1001251	NT=Carbamidomethyl;AC=UNIMOD:4;TA=C;MT=Fixed	NT=Oxidation;AC=UNIMOD:21;TA=M;MT=Variable	not available	not available	NT=['DSS', 'PhoX'];AC=['XLMOD:02001', 'XLMOD:02258'];TA=['K,nterm', 'K,nterm']	Fe-NTA magnetic beads	1 mM	not available	60 min	not available	20241107_A549_PropargylAzide_1xLabeling_NoClick_HighpH_Rep1_F10.raw	NT=ms-proteomics;VV=v1.1.0	NT=crosslinking;VV=v1.0.0	NT=human;VV=v1.1.0
PXD059118_20240721_A549_PropargylAzide_1xLabeling_Clicked_SEC9_HighpH_F14	Homo sapiens	whole cell lysate	not available	5	PXD059118_20240721_A549_PropargylAzide_1xLabeling_Clicked_SEC9_HighpH_F14_assay	proteomic profiling by mass spectrometry	data-dependent acquisition	NT=label free sample;AC=MS:1002038	9	1	not available	NT=Trypsin;AC=MS:1001251	NT=Carbamidomethyl;AC=UNIMOD:4;TA=C;MT=Fixed	NT=Oxidation;AC=UNIMOD:21;TA=M;MT=Variable	not available	not available	NT=['DSS', 'PhoX'];AC=['XLMOD:02001', 'XLMOD:02258'];TA=['K,nterm', 'K,nterm']	Fe-NTA magnetic beads	1 mM	not available	60 min	not available	20240721_A549_PropargylAzide_1xLabeling_Clicked_SEC9_HighpH_F14.raw	NT=ms-proteomics;VV=v1.1.0	NT=crosslinking;VV=v1.0.0	NT=human;VV=v1.1.0
PXD059118_20241107_A549_PropargylAzide_1xLabeling_NoClick_HighpH_Rep2_F14	Homo sapiens	whole cell lysate	not available	1	PXD059118_20241107_A549_PropargylAzide_1xLabeling_NoClick_HighpH_Rep2_F14_assay	proteomic profiling by mass spectrometry	data-dependent acquisition	NT=label free sample;AC=MS:1002038	14	2	not available	NT=Trypsin;AC=MS:1001251	NT=Carbamidomethyl;AC=UNIMOD:4;TA=C;MT=Fixed	NT=Oxidation;AC=UNIMOD:21;TA=M;MT=Variable	not available	not available	NT=['DSS', 'PhoX'];AC=['XLMOD:02001', 'XLMOD:02258'];TA=['K,nterm', 'K,nterm']	Fe-NTA magnetic beads	1 mM	not available	60 min	not available	20241107_A549_PropargylAzide_1xLabeling_NoClick_HighpH_Rep2_F14.raw	NT=ms-proteomics;VV=v1.1.0	NT=crosslinking;VV=v1.0.0	NT=human;VV=v1.1.0
PXD059118_20240721_A549_PropargylAzide_1xLabeling_Clicked_SEC10_HighpH_F25	Homo sapiens	whole cell lysate	not available	4	PXD059118_20240721_A549_PropargylAzide_1xLabeling_Clicked_SEC10_HighpH_F25_assay	proteomic profiling by mass spectrometry	data-dependent acquisition	NT=label free sample;AC=MS:1002038	10	1	not available	NT=Trypsin;AC=MS:1001251	NT=Carbamidomethyl;AC=UNIMOD:4;TA=C;MT=Fixed	NT=Oxidation;AC=UNIMOD:21;TA=M;MT=Variable	not available	not available	NT=['DSS', 'PhoX'];AC=['XLMOD:02001', 'XLMOD:02258'];TA=['K,nterm', 'K,nterm']	Fe-NTA magnetic beads	1 mM	not available	60 min	not available	20240721_A549_PropargylAzide_1xLabeling_Clicked_SEC10_HighpH_F25.raw	NT=ms-proteomics;VV=v1.1.0	NT=crosslinking;VV=v1.0.0	NT=human;VV=v1.1.0
PXD059118_20240721_A549_PropargylAzide_1xLabeling_Clicked_SEC1-7_HighpH_F21	Homo sapiens	whole cell lysate	not available	13	PXD059118_20240721_A549_PropargylAzide_1xLabeling_Clicked_SEC1-7_HighpH_F21_assay	proteomic profiling by mass spectrometry	data-dependent acquisition	NT=label free sample;AC=MS:1002038	1	1	not available	NT=Trypsin;AC=MS:1001251	NT=Carbamidomethyl;AC=UNIMOD:4;TA=C;MT=Fixed	NT=Oxidation;AC=UNIMOD:21;TA=M;MT=Variable	not available	not available	NT=['DSS', 'PhoX'];AC=['XLMOD:02001', 'XLMOD:02258'];TA=['K,nterm', 'K,nterm']	Fe-NTA magnetic beads	1 mM	not available	60 min	not available	20240721_A549_PropargylAzide_1xLabeling_Clicked_SEC1-7_HighpH_F21.raw	NT=ms-proteomics;VV=v1.1.0	NT=crosslinking;VV=v1.0.0	NT=human;VV=v1.1.0
PXD059118_20230901_A549_1xDSS_FIXMS_HighpH_F10	Homo sapiens	whole cell lysate	not available	5	PXD059118_20230901_A549_1xDSS_FIXMS_HighpH_F10_assay	proteomic profiling by mass spectrometry	data-dependent acquisition	NT=label free sample;AC=MS:1002038	10	1	not available	NT=Trypsin;AC=MS:1001251	NT=Carbamidomethyl;AC=UNIMOD:4;TA=C;MT=Fixed	NT=Oxidation;AC=UNIMOD:21;TA=M;MT=Variable	not available	not available	NT=['DSS', 'PhoX'];AC=['XLMOD:02001', 'XLMOD:02258'];TA=['K,nterm', 'K,nterm']	Fe-NTA magnetic beads	1 mM	not available	60 min	not available	20230901_A549_1xDSS_FIXMS_HighpH_F10.raw	NT=ms-proteomics;VV=v1.1.0	NT=crosslinking;VV=v1.0.0	NT=human;VV=v1.1.0
PXD059118_20240412_A549_PropargylAzide_1xLabeling_Clicked_Rep1	Homo sapiens	whole cell lysate	not available	14	PXD059118_20240412_A549_PropargylAzide_1xLabeling_Clicked_Rep1_assay	proteomic profiling by mass spectrometry	data-dependent acquisition	NT=label free sample;AC=MS:1002038	1	1	not available	NT=Trypsin;AC=MS:1001251	NT=Carbamidomethyl;AC=UNIMOD:4;TA=C;MT=Fixed	NT=Oxidation;AC=UNIMOD:21;TA=M;MT=Variable	not available	not available	NT=['DSS', 'PhoX'];AC=['XLMOD:02001', 'XLMOD:02258'];TA=['K,nterm', 'K,nterm']	Fe-NTA magnetic beads	1 mM	not available	60 min	not available	20240412_A549_PropargylAzide_1xLabeling_Clicked_Rep1.raw	NT=ms-proteomics;VV=v1.1.0	NT=crosslinking;VV=v1.0.0	NT=human;VV=v1.1.0
PXD059118_20240721_A549_PropargylAzide_1xLabeling_Clicked_SEC8_HighpH_F18	Homo sapiens	whole cell lysate	not available	6	PXD059118_20240721_A549_PropargylAzide_1xLabeling_Clicked_SEC8_HighpH_F18_assay	proteomic profiling by mass spectrometry	data-dependent acquisition	NT=label free sample;AC=MS:1002038	8	1	not available	NT=Trypsin;AC=MS:1001251	NT=Carbamidomethyl;AC=UNIMOD:4;TA=C;MT=Fixed	NT=Oxidation;AC=UNIMOD:21;TA=M;MT=Variable	not available	not available	NT=['DSS', 'PhoX'];AC=['XLMOD:02001', 'XLMOD:02258'];TA=['K,nterm', 'K,nterm']	Fe-NTA magnetic beads	1 mM	not available	60 min	not available	20240721_A549_PropargylAzide_1xLabeling_Clicked_SEC8_HighpH_F18.raw	NT=ms-proteomics;VV=v1.1.0	NT=crosslinking;VV=v1.0.0	NT=human;VV=v1.1.0
PXD059118_20241107_A549_PropargylAzide_1xLabeling_NoClick_HighpH_Rep1_F24	Homo sapiens	whole cell lysate	not available	1	PXD059118_20241107_A549_PropargylAzide_1xLabeling_NoClick_HighpH_Rep1_F24_assay	proteomic profiling by mass spectrometry	data-dependent acquisition	NT=label free sample;AC=MS:1002038	24	1	not available	NT=Trypsin;AC=MS:1001251	NT=Carbamidomethyl;AC=UNIMOD:4;TA=C;MT=Fixed	NT=Oxidation;AC=UNIMOD:21;TA=M;MT=Variable	not available	not available	NT=['DSS', 'PhoX'];AC=['XLMOD:02001', 'XLMOD:02258'];TA=['K,nterm', 'K,nterm']	Fe-NTA magnetic beads	1 mM	not available	60 min	not available	20241107_A549_PropargylAzide_1xLabeling_NoClick_HighpH_Rep1_F24.raw	NT=ms-proteomics;VV=v1.1.0	NT=crosslinking;VV=v1.0.0	NT=human;VV=v1.1.0
PXD059118_20240721_A549_PropargylAzide_1xLabeling_Clicked_SEC9_HighpH_F29	Homo sapiens	whole cell lysate	not available	6	PXD059118_20240721_A549_PropargylAzide_1xLabeling_Clicked_SEC9_HighpH_F29_assay	proteomic profiling by mass spectrometry	data-dependent acquisition	NT=label free sample;AC=MS:1002038	9	1	not available	NT=Trypsin;AC=MS:1001251	NT=Carbamidomethyl;AC=UNIMOD:4;TA=C;MT=Fixed	NT=Oxidation;AC=UNIMOD:21;TA=M;MT=Variable	not available	not available	NT=['DSS', 'PhoX'];AC=['XLMOD:02001', 'XLMOD:02258'];TA=['K,nterm', 'K,nterm']	Fe-NTA magnetic beads	1 mM	not available	60 min	not available	20240721_A549_PropargylAzide_1xLabeling_Clicked_SEC9_HighpH_F29.raw	NT=ms-proteomics;VV=v1.1.0	NT=crosslinking;VV=v1.0.0	NT=human;VV=v1.1.0
PXD059118_20230901_A549_1xDSS_FIXMS_HighpH_F07	Homo sapiens	whole cell lysate	not available	1	PXD059118_20230901_A549_1xDSS_FIXMS_HighpH_F07_assay	proteomic profiling by mass spectrometry	data-dependent acquisition	NT=label free sample;AC=MS:1002038	07	1	not available	NT=Trypsin;AC=MS:1001251	NT=Carbamidomethyl;AC=UNIMOD:4;TA=C;MT=Fixed	NT=Oxidation;AC=UNIMOD:21;TA=M;MT=Variable	not available	not available	NT=['DSS', 'PhoX'];AC=['XLMOD:02001', 'XLMOD:02258'];TA=['K,nterm', 'K,nterm']	Fe-NTA magnetic beads	1 mM	not available	60 min	not available	20230901_A549_1xDSS_FIXMS_HighpH_F07.raw	NT=ms-proteomics;VV=v1.1.0	NT=crosslinking;VV=v1.0.0	NT=human;VV=v1.1.0
PXD059118_20240524_A549_PropargylAzide_1xLabeling_Clicked_HighpH_F15	Homo sapiens	whole cell lysate	not available	1	PXD059118_20240524_A549_PropargylAzide_1xLabeling_Clicked_HighpH_F15_assay	proteomic profiling by mass spectrometry	data-dependent acquisition	NT=label free sample;AC=MS:1002038	15	1	not available	NT=Trypsin;AC=MS:1001251	NT=Carbamidomethyl;AC=UNIMOD:4;TA=C;MT=Fixed	NT=Oxidation;AC=UNIMOD:21;TA=M;MT=Variable	not available	not available	NT=['DSS', 'PhoX'];AC=['XLMOD:02001', 'XLMOD:02258'];TA=['K,nterm', 'K,nterm']	Fe-NTA magnetic beads	1 mM	not available	60 min	not available	20240524_A549_PropargylAzide_1xLabeling_Clicked_HighpH_F15.raw	NT=ms-proteomics;VV=v1.1.0	NT=crosslinking;VV=v1.0.0	NT=human;VV=v1.1.0
PXD059118_20241107_A549_PropargylAzide_1xLabeling_NoClick_HighpH_Rep2_F18	Homo sapiens	whole cell lysate	not available	1	PXD059118_20241107_A549_PropargylAzide_1xLabeling_NoClick_HighpH_Rep2_F18_assay	proteomic profiling by mass spectrometry	data-dependent acquisition	NT=label free sample;AC=MS:1002038	18	2	not available	NT=Trypsin;AC=MS:1001251	NT=Carbamidomethyl;AC=UNIMOD:4;TA=C;MT=Fixed	NT=Oxidation;AC=UNIMOD:21;TA=M;MT=Variable	not available	not available	NT=['DSS', 'PhoX'];AC=['XLMOD:02001', 'XLMOD:02258'];TA=['K,nterm', 'K,nterm']	Fe-NTA magnetic beads	1 mM	not available	60 min	not available	20241107_A549_PropargylAzide_1xLabeling_NoClick_HighpH_Rep2_F18.raw	NT=ms-proteomics;VV=v1.1.0	NT=crosslinking;VV=v1.0.0	NT=human;VV=v1.1.0
PXD059118_20240524_A549_PropargylAzide_1xLabeling_Clicked_HighpH_F01	Homo sapiens	whole cell lysate	not available	2	PXD059118_20240524_A549_PropargylAzide_1xLabeling_Clicked_HighpH_F01_assay	proteomic profiling by mass spectrometry	data-dependent acquisition	NT=label free sample;AC=MS:1002038	01	1	not available	NT=Trypsin;AC=MS:1001251	NT=Carbamidomethyl;AC=UNIMOD:4;TA=C;MT=Fixed	NT=Oxidation;AC=UNIMOD:21;TA=M;MT=Variable	not available	not available	NT=['DSS', 'PhoX'];AC=['XLMOD:02001', 'XLMOD:02258'];TA=['K,nterm', 'K,nterm']	Fe-NTA magnetic beads	1 mM	not available	60 min	not available	20240524_A549_PropargylAzide_1xLabeling_Clicked_HighpH_F01.raw	NT=ms-proteomics;VV=v1.1.0	NT=crosslinking;VV=v1.0.0	NT=human;VV=v1.1.0
PXD059118_20240524_A549_PropargylAzide_1xLabeling_Clicked_HighpH_F17	Homo sapiens	whole cell lysate	not available	1	PXD059118_20240524_A549_PropargylAzide_1xLabeling_Clicked_HighpH_F17_assay	proteomic profiling by mass spectrometry	data-dependent acquisition	NT=label free sample;AC=MS:1002038	17	1	not available	NT=Trypsin;AC=MS:1001251	NT=Carbamidomethyl;AC=UNIMOD:4;TA=C;MT=Fixed	NT=Oxidation;AC=UNIMOD:21;TA=M;MT=Variable	not available	not available	NT=['DSS', 'PhoX'];AC=['XLMOD:02001', 'XLMOD:02258'];TA=['K,nterm', 'K,nterm']	Fe-NTA magnetic beads	1 mM	not available	60 min	not available	20240524_A549_PropargylAzide_1xLabeling_Clicked_HighpH_F17.raw	NT=ms-proteomics;VV=v1.1.0	NT=crosslinking;VV=v1.0.0	NT=human;VV=v1.1.0
PXD059118_20240721_A549_PropargylAzide_1xLabeling_Clicked_SEC9_HighpH_F21	Homo sapiens	whole cell lysate	not available	7	PXD059118_20240721_A549_PropargylAzide_1xLabeling_Clicked_SEC9_HighpH_F21_assay	proteomic profiling by mass spectrometry	data-dependent acquisition	NT=label free sample;AC=MS:1002038	9	1	not available	NT=Trypsin;AC=MS:1001251	NT=Carbamidomethyl;AC=UNIMOD:4;TA=C;MT=Fixed	NT=Oxidation;AC=UNIMOD:21;TA=M;MT=Variable	not available	not available	NT=['DSS', 'PhoX'];AC=['XLMOD:02001', 'XLMOD:02258'];TA=['K,nterm', 'K,nterm']	Fe-NTA magnetic beads	1 mM	not available	60 min	not available	20240721_A549_PropargylAzide_1xLabeling_Clicked_SEC9_HighpH_F21.raw	NT=ms-proteomics;VV=v1.1.0	NT=crosslinking;VV=v1.0.0	NT=human;VV=v1.1.0
PXD059118_20231224_A549_1xPhoX_FIXMS_IMAC_HighpH_F02	Homo sapiens	whole cell lysate	not available	1	PXD059118_20231224_A549_1xPhoX_FIXMS_IMAC_HighpH_F02_assay	proteomic profiling by mass spectrometry	data-dependent acquisition	NT=label free sample;AC=MS:1002038	02	1	not available	NT=Trypsin;AC=MS:1001251	NT=Carbamidomethyl;AC=UNIMOD:4;TA=C;MT=Fixed	NT=Oxidation;AC=UNIMOD:21;TA=M;MT=Variable	not available	not available	NT=['DSS', 'PhoX'];AC=['XLMOD:02001', 'XLMOD:02258'];TA=['K,nterm', 'K,nterm']	Fe-NTA magnetic beads	1 mM	not available	60 min	not available	20231224_A549_1xPhoX_FIXMS_IMAC_HighpH_F02.raw	NT=ms-proteomics;VV=v1.1.0	NT=crosslinking;VV=v1.0.0	NT=human;VV=v1.1.0
PXD059118_20241018_A549_Lysate_Propargyl_AzidoPEGOH_Clicked_Clicked_10min_Rep1	Homo sapiens	whole cell lysate	not available	15	PXD059118_20241018_A549_Lysate_Propargyl_AzidoPEGOH_Clicked_Clicked_10min_Rep1_assay	proteomic profiling by mass spectrometry	data-dependent acquisition	NT=label free sample;AC=MS:1002038	1	1	not available	NT=Trypsin;AC=MS:1001251	NT=Carbamidomethyl;AC=UNIMOD:4;TA=C;MT=Fixed	NT=Oxidation;AC=UNIMOD:21;TA=M;MT=Variable	not available	not available	NT=['DSS', 'PhoX'];AC=['XLMOD:02001', 'XLMOD:02258'];TA=['K,nterm', 'K,nterm']	Fe-NTA magnetic beads	1 mM	not available	60 min	not available	20241018_A549_Lysate_Propargyl_AzidoPEGOH_Clicked_Clicked_10min_Rep1.raw	NT=ms-proteomics;VV=v1.1.0	NT=crosslinking;VV=v1.0.0	NT=human;VV=v1.1.0
PXD059118_20230816_A549_1xDSS_LiveCells_HighpH_F02	Homo sapiens	whole cell lysate	not available	2	PXD059118_20230816_A549_1xDSS_LiveCells_HighpH_F02_assay	proteomic profiling by mass spectrometry	data-dependent acquisition	NT=label free sample;AC=MS:1002038	02	1	not available	NT=Trypsin;AC=MS:1001251	NT=Carbamidomethyl;AC=UNIMOD:4;TA=C;MT=Fixed	NT=Oxidation;AC=UNIMOD:21;TA=M;MT=Variable	not available	not available	NT=['DSS', 'PhoX'];AC=['XLMOD:02001', 'XLMOD:02258'];TA=['K,nterm', 'K,nterm']	Fe-NTA magnetic beads	1 mM	not available	60 min	not available	20230816_A549_1xDSS_LiveCells_HighpH_F02.raw	NT=ms-proteomics;VV=v1.1.0	NT=crosslinking;VV=v1.0.0	NT=human;VV=v1.1.0
PXD059118_20240721_A549_PropargylAzide_1xLabeling_Clicked_SEC11_HighpH_F24	Homo sapiens	whole cell lysate	not available	3	PXD059118_20240721_A549_PropargylAzide_1xLabeling_Clicked_SEC11_HighpH_F24_assay	proteomic profiling by mass spectrometry	data-dependent acquisition	NT=label free sample;AC=MS:1002038	11	1	not available	NT=Trypsin;AC=MS:1001251	NT=Carbamidomethyl;AC=UNIMOD:4;TA=C;MT=Fixed	NT=Oxidation;AC=UNIMOD:21;TA=M;MT=Variable	not available	not available	NT=['DSS', 'PhoX'];AC=['XLMOD:02001', 'XLMOD:02258'];TA=['K,nterm', 'K,nterm']	Fe-NTA magnetic beads	1 mM	not available	60 min	not available	20240721_A549_PropargylAzide_1xLabeling_Clicked_SEC11_HighpH_F24.raw	NT=ms-proteomics;VV=v1.1.0	NT=crosslinking;VV=v1.0.0	NT=human;VV=v1.1.0
PXD059118_20240721_A549_PropargylAzide_1xLabeling_Clicked_SEC10_HighpH_F27	Homo sapiens	whole cell lysate	not available	6	PXD059118_20240721_A549_PropargylAzide_1xLabeling_Clicked_SEC10_HighpH_F27_assay	proteomic profiling by mass spectrometry	data-dependent acquisition	NT=label free sample;AC=MS:1002038	10	1	not available	NT=Trypsin;AC=MS:1001251	NT=Carbamidomethyl;AC=UNIMOD:4;TA=C;MT=Fixed	NT=Oxidation;AC=UNIMOD:21;TA=M;MT=Variable	not available	not available	NT=['DSS', 'PhoX'];AC=['XLMOD:02001', 'XLMOD:02258'];TA=['K,nterm', 'K,nterm']	Fe-NTA magnetic beads	1 mM	not available	60 min	not available	20240721_A549_PropargylAzide_1xLabeling_Clicked_SEC10_HighpH_F27.raw	NT=ms-proteomics;VV=v1.1.0	NT=crosslinking;VV=v1.0.0	NT=human;VV=v1.1.0
PXD059118_20241107_A549_PropargylAzide_1xLabeling_NoClick_HighpH_Rep1_F12	Homo sapiens	whole cell lysate	not available	2	PXD059118_20241107_A549_PropargylAzide_1xLabeling_NoClick_HighpH_Rep1_F12_assay	proteomic profiling by mass spectrometry	data-dependent acquisition	NT=label free sample;AC=MS:1002038	12	1	not available	NT=Trypsin;AC=MS:1001251	NT=Carbamidomethyl;AC=UNIMOD:4;TA=C;MT=Fixed	NT=Oxidation;AC=UNIMOD:21;TA=M;MT=Variable	not available	not available	NT=['DSS', 'PhoX'];AC=['XLMOD:02001', 'XLMOD:02258'];TA=['K,nterm', 'K,nterm']	Fe-NTA magnetic beads	1 mM	not available	60 min	not available	20241107_A549_PropargylAzide_1xLabeling_NoClick_HighpH_Rep1_F12.raw	NT=ms-proteomics;VV=v1.1.0	NT=crosslinking;VV=v1.0.0	NT=human;VV=v1.1.0
PXD059118_20240721_A549_PropargylAzide_1xLabeling_Clicked_SEC1-7_HighpH_F07	Homo sapiens	whole cell lysate	not available	16	PXD059118_20240721_A549_PropargylAzide_1xLabeling_Clicked_SEC1-7_HighpH_F07_assay	proteomic profiling by mass spectrometry	data-dependent acquisition	NT=label free sample;AC=MS:1002038	1	1	not available	NT=Trypsin;AC=MS:1001251	NT=Carbamidomethyl;AC=UNIMOD:4;TA=C;MT=Fixed	NT=Oxidation;AC=UNIMOD:21;TA=M;MT=Variable	not available	not available	NT=['DSS', 'PhoX'];AC=['XLMOD:02001', 'XLMOD:02258'];TA=['K,nterm', 'K,nterm']	Fe-NTA magnetic beads	1 mM	not available	60 min	not available	20240721_A549_PropargylAzide_1xLabeling_Clicked_SEC1-7_HighpH_F07.raw	NT=ms-proteomics;VV=v1.1.0	NT=crosslinking;VV=v1.0.0	NT=human;VV=v1.1.0
PXD059118_20231224_A549_1xPhoX_FIXMS_IMAC_HighpH_F07	Homo sapiens	whole cell lysate	not available	2	PXD059118_20231224_A549_1xPhoX_FIXMS_IMAC_HighpH_F07_assay	proteomic profiling by mass spectrometry	data-dependent acquisition	NT=label free sample;AC=MS:1002038	07	1	not available	NT=Trypsin;AC=MS:1001251	NT=Carbamidomethyl;AC=UNIMOD:4;TA=C;MT=Fixed	NT=Oxidation;AC=UNIMOD:21;TA=M;MT=Variable	not available	not available	NT=['DSS', 'PhoX'];AC=['XLMOD:02001', 'XLMOD:02258'];TA=['K,nterm', 'K,nterm']	Fe-NTA magnetic beads	1 mM	not available	60 min	not available	20231224_A549_1xPhoX_FIXMS_IMAC_HighpH_F07.raw	NT=ms-proteomics;VV=v1.1.0	NT=crosslinking;VV=v1.0.0	NT=human;VV=v1.1.0
PXD059118_20240721_A549_PropargylAzide_1xLabeling_Clicked_SEC11_HighpH_F19	Homo sapiens	whole cell lysate	not available	4	PXD059118_20240721_A549_PropargylAzide_1xLabeling_Clicked_SEC11_HighpH_F19_assay	proteomic profiling by mass spectrometry	data-dependent acquisition	NT=label free sample;AC=MS:1002038	11	1	not available	NT=Trypsin;AC=MS:1001251	NT=Carbamidomethyl;AC=UNIMOD:4;TA=C;MT=Fixed	NT=Oxidation;AC=UNIMOD:21;TA=M;MT=Variable	not available	not available	NT=['DSS', 'PhoX'];AC=['XLMOD:02001', 'XLMOD:02258'];TA=['K,nterm', 'K,nterm']	Fe-NTA magnetic beads	1 mM	not available	60 min	not available	20240721_A549_PropargylAzide_1xLabeling_Clicked_SEC11_HighpH_F19.raw	NT=ms-proteomics;VV=v1.1.0	NT=crosslinking;VV=v1.0.0	NT=human;VV=v1.1.0
PXD059118_20240721_A549_PropargylAzide_1xLabeling_Clicked_SEC11_HighpH_F13	Homo sapiens	whole cell lysate	not available	5	PXD059118_20240721_A549_PropargylAzide_1xLabeling_Clicked_SEC11_HighpH_F13_assay	proteomic profiling by mass spectrometry	data-dependent acquisition	NT=label free sample;AC=MS:1002038	11	1	not available	NT=Trypsin;AC=MS:1001251	NT=Carbamidomethyl;AC=UNIMOD:4;TA=C;MT=Fixed	NT=Oxidation;AC=UNIMOD:21;TA=M;MT=Variable	not available	not available	NT=['DSS', 'PhoX'];AC=['XLMOD:02001', 'XLMOD:02258'];TA=['K,nterm', 'K,nterm']	Fe-NTA magnetic beads	1 mM	not available	60 min	not available	20240721_A549_PropargylAzide_1xLabeling_Clicked_SEC11_HighpH_F13.raw	NT=ms-proteomics;VV=v1.1.0	NT=crosslinking;VV=v1.0.0	NT=human;VV=v1.1.0
PXD059118_20240721_A549_PropargylAzide_1xLabeling_Clicked_SEC8_HighpH_F22	Homo sapiens	whole cell lysate	not available	7	PXD059118_20240721_A549_PropargylAzide_1xLabeling_Clicked_SEC8_HighpH_F22_assay	proteomic profiling by mass spectrometry	data-dependent acquisition	NT=label free sample;AC=MS:1002038	8	1	not available	NT=Trypsin;AC=MS:1001251	NT=Carbamidomethyl;AC=UNIMOD:4;TA=C;MT=Fixed	NT=Oxidation;AC=UNIMOD:21;TA=M;MT=Variable	not available	not available	NT=['DSS', 'PhoX'];AC=['XLMOD:02001', 'XLMOD:02258'];TA=['K,nterm', 'K,nterm']	Fe-NTA magnetic beads	1 mM	not available	60 min	not available	20240721_A549_PropargylAzide_1xLabeling_Clicked_SEC8_HighpH_F22.raw	NT=ms-proteomics;VV=v1.1.0	NT=crosslinking;VV=v1.0.0	NT=human;VV=v1.1.0
PXD059118_20240403_Ecoli_Propargyl_AzidePEGOH_Clicked_5BTTES_1CuSO4_Rep1	Escherichia coli	whole cell lysate	not available	17	PXD059118_20240403_Ecoli_Propargyl_AzidePEGOH_Clicked_5BTTES_1CuSO4_Rep1_assay	proteomic profiling by mass spectrometry	data-dependent acquisition	NT=label free sample;AC=MS:1002038	1	1	not available	NT=Trypsin;AC=MS:1001251	NT=Carbamidomethyl;AC=UNIMOD:4;TA=C;MT=Fixed	NT=Oxidation;AC=UNIMOD:21;TA=M;MT=Variable	not available	not available	NT=['DSS', 'PhoX'];AC=['XLMOD:02001', 'XLMOD:02258'];TA=['K,nterm', 'K,nterm']	Fe-NTA magnetic beads	1 mM	not available	60 min	not available	20240403_Ecoli_Propargyl_AzidePEGOH_Clicked_5BTTES_1CuSO4_Rep1.raw	NT=ms-proteomics;VV=v1.1.0	NT=crosslinking;VV=v1.0.0	NT=human;VV=v1.1.0
PXD059118_20241107_A549_PropargylAzide_1xLabeling_NoClick_HighpH_Rep1_F04	Homo sapiens	whole cell lysate	not available	1	PXD059118_20241107_A549_PropargylAzide_1xLabeling_NoClick_HighpH_Rep1_F04_assay	proteomic profiling by mass spectrometry	data-dependent acquisition	NT=label free sample;AC=MS:1002038	04	1	not available	NT=Trypsin;AC=MS:1001251	NT=Carbamidomethyl;AC=UNIMOD:4;TA=C;MT=Fixed	NT=Oxidation;AC=UNIMOD:21;TA=M;MT=Variable	not available	not available	NT=['DSS', 'PhoX'];AC=['XLMOD:02001', 'XLMOD:02258'];TA=['K,nterm', 'K,nterm']	Fe-NTA magnetic beads	1 mM	not available	60 min	not available	20241107_A549_PropargylAzide_1xLabeling_NoClick_HighpH_Rep1_F04.raw	NT=ms-proteomics;VV=v1.1.0	NT=crosslinking;VV=v1.0.0	NT=human;VV=v1.1.0
PXD059118_20241107_A549_PropargylAzide_1xLabeling_NoClick_HighpH_Rep2_F04	Homo sapiens	whole cell lysate	not available	2	PXD059118_20241107_A549_PropargylAzide_1xLabeling_NoClick_HighpH_Rep2_F04_assay	proteomic profiling by mass spectrometry	data-dependent acquisition	NT=label free sample;AC=MS:1002038	04	2	not available	NT=Trypsin;AC=MS:1001251	NT=Carbamidomethyl;AC=UNIMOD:4;TA=C;MT=Fixed	NT=Oxidation;AC=UNIMOD:21;TA=M;MT=Variable	not available	not available	NT=['DSS', 'PhoX'];AC=['XLMOD:02001', 'XLMOD:02258'];TA=['K,nterm', 'K,nterm']	Fe-NTA magnetic beads	1 mM	not available	60 min	not available	20241107_A549_PropargylAzide_1xLabeling_NoClick_HighpH_Rep2_F04.raw	NT=ms-proteomics;VV=v1.1.0	NT=crosslinking;VV=v1.0.0	NT=human;VV=v1.1.0
PXD059118_20240721_A549_PropargylAzide_1xLabeling_Clicked_SEC8_HighpH_F23	Homo sapiens	whole cell lysate	not available	8	PXD059118_20240721_A549_PropargylAzide_1xLabeling_Clicked_SEC8_HighpH_F23_assay	proteomic profiling by mass spectrometry	data-dependent acquisition	NT=label free sample;AC=MS:1002038	8	1	not available	NT=Trypsin;AC=MS:1001251	NT=Carbamidomethyl;AC=UNIMOD:4;TA=C;MT=Fixed	NT=Oxidation;AC=UNIMOD:21;TA=M;MT=Variable	not available	not available	NT=['DSS', 'PhoX'];AC=['XLMOD:02001', 'XLMOD:02258'];TA=['K,nterm', 'K,nterm']	Fe-NTA magnetic beads	1 mM	not available	60 min	not available	20240721_A549_PropargylAzide_1xLabeling_Clicked_SEC8_HighpH_F23.raw	NT=ms-proteomics;VV=v1.1.0	NT=crosslinking;VV=v1.0.0	NT=human;VV=v1.1.0
PXD059118_20241018_A549_Lysate_Propargyl_AzidoPEGOH_Clicked_Clicked_15min_Rep1	Homo sapiens	whole cell lysate	not available	18	PXD059118_20241018_A549_Lysate_Propargyl_AzidoPEGOH_Clicked_Clicked_15min_Rep1_assay	proteomic profiling by mass spectrometry	data-dependent acquisition	NT=label free sample;AC=MS:1002038	1	1	not available	NT=Trypsin;AC=MS:1001251	NT=Carbamidomethyl;AC=UNIMOD:4;TA=C;MT=Fixed	NT=Oxidation;AC=UNIMOD:21;TA=M;MT=Variable	not available	not available	NT=['DSS', 'PhoX'];AC=['XLMOD:02001', 'XLMOD:02258'];TA=['K,nterm', 'K,nterm']	Fe-NTA magnetic beads	1 mM	not available	60 min	not available	20241018_A549_Lysate_Propargyl_AzidoPEGOH_Clicked_Clicked_15min_Rep1.raw	NT=ms-proteomics;VV=v1.1.0	NT=crosslinking;VV=v1.0.0	NT=human;VV=v1.1.0
PXD059118_20241018_A549_Lysate_Propargyl_AzidoPEGOH_Clicked_Clicked_5min_Rep1	Homo sapiens	whole cell lysate	not available	19	PXD059118_20241018_A549_Lysate_Propargyl_AzidoPEGOH_Clicked_Clicked_5min_Rep1_assay	proteomic profiling by mass spectrometry	data-dependent acquisition	NT=label free sample;AC=MS:1002038	1	1	not available	NT=Trypsin;AC=MS:1001251	NT=Carbamidomethyl;AC=UNIMOD:4;TA=C;MT=Fixed	NT=Oxidation;AC=UNIMOD:21;TA=M;MT=Variable	not available	not available	NT=['DSS', 'PhoX'];AC=['XLMOD:02001', 'XLMOD:02258'];TA=['K,nterm', 'K,nterm']	Fe-NTA magnetic beads	1 mM	not available	60 min	not available	20241018_A549_Lysate_Propargyl_AzidoPEGOH_Clicked_Clicked_5min_Rep1.raw	NT=ms-proteomics;VV=v1.1.0	NT=crosslinking;VV=v1.0.0	NT=human;VV=v1.1.0
PXD059118_20230901_A549_1xDSS_FIXMS_HighpH_F09	Homo sapiens	whole cell lysate	not available	1	PXD059118_20230901_A549_1xDSS_FIXMS_HighpH_F09_assay	proteomic profiling by mass spectrometry	data-dependent acquisition	NT=label free sample;AC=MS:1002038	09	1	not available	NT=Trypsin;AC=MS:1001251	NT=Carbamidomethyl;AC=UNIMOD:4;TA=C;MT=Fixed	NT=Oxidation;AC=UNIMOD:21;TA=M;MT=Variable	not available	not available	NT=['DSS', 'PhoX'];AC=['XLMOD:02001', 'XLMOD:02258'];TA=['K,nterm', 'K,nterm']	Fe-NTA magnetic beads	1 mM	not available	60 min	not available	20230901_A549_1xDSS_FIXMS_HighpH_F09.raw	NT=ms-proteomics;VV=v1.1.0	NT=crosslinking;VV=v1.0.0	NT=human;VV=v1.1.0
PXD059118_20230901_A549_1xDSS_FIXMS_HighpH_F02	Homo sapiens	whole cell lysate	not available	3	PXD059118_20230901_A549_1xDSS_FIXMS_HighpH_F02_assay	proteomic profiling by mass spectrometry	data-dependent acquisition	NT=label free sample;AC=MS:1002038	02	1	not available	NT=Trypsin;AC=MS:1001251	NT=Carbamidomethyl;AC=UNIMOD:4;TA=C;MT=Fixed	NT=Oxidation;AC=UNIMOD:21;TA=M;MT=Variable	not available	not available	NT=['DSS', 'PhoX'];AC=['XLMOD:02001', 'XLMOD:02258'];TA=['K,nterm', 'K,nterm']	Fe-NTA magnetic beads	1 mM	not available	60 min	not available	20230901_A549_1xDSS_FIXMS_HighpH_F02.raw	NT=ms-proteomics;VV=v1.1.0	NT=crosslinking;VV=v1.0.0	NT=human;VV=v1.1.0
PXD059118_20240403_Ecoli_Propargyl_AzidePEGOH_Clicked_1BTTES_1CuSO4_Rep2	Escherichia coli	whole cell lysate	not available	20	PXD059118_20240403_Ecoli_Propargyl_AzidePEGOH_Clicked_1BTTES_1CuSO4_Rep2_assay	proteomic profiling by mass spectrometry	data-dependent acquisition	NT=label free sample;AC=MS:1002038	1	2	not available	NT=Trypsin;AC=MS:1001251	NT=Carbamidomethyl;AC=UNIMOD:4;TA=C;MT=Fixed	NT=Oxidation;AC=UNIMOD:21;TA=M;MT=Variable	not available	not available	NT=['DSS', 'PhoX'];AC=['XLMOD:02001', 'XLMOD:02258'];TA=['K,nterm', 'K,nterm']	Fe-NTA magnetic beads	1 mM	not available	60 min	not available	20240403_Ecoli_Propargyl_AzidePEGOH_Clicked_1BTTES_1CuSO4_Rep2.raw	NT=ms-proteomics;VV=v1.1.0	NT=crosslinking;VV=v1.0.0	NT=human;VV=v1.1.0
PXD059118_20240721_A549_PropargylAzide_1xLabeling_Clicked_SEC10_HighpH_F21	Homo sapiens	whole cell lysate	not available	7	PXD059118_20240721_A549_PropargylAzide_1xLabeling_Clicked_SEC10_HighpH_F21_assay	proteomic profiling by mass spectrometry	data-dependent acquisition	NT=label free sample;AC=MS:1002038	10	1	not available	NT=Trypsin;AC=MS:1001251	NT=Carbamidomethyl;AC=UNIMOD:4;TA=C;MT=Fixed	NT=Oxidation;AC=UNIMOD:21;TA=M;MT=Variable	not available	not available	NT=['DSS', 'PhoX'];AC=['XLMOD:02001', 'XLMOD:02258'];TA=['K,nterm', 'K,nterm']	Fe-NTA magnetic beads	1 mM	not available	60 min	not available	20240721_A549_PropargylAzide_1xLabeling_Clicked_SEC10_HighpH_F21.raw	NT=ms-proteomics;VV=v1.1.0	NT=crosslinking;VV=v1.0.0	NT=human;VV=v1.1.0
PXD059118_20240721_A549_PropargylAzide_1xLabeling_Clicked_SEC8_HighpH_F26	Homo sapiens	whole cell lysate	not available	9	PXD059118_20240721_A549_PropargylAzide_1xLabeling_Clicked_SEC8_HighpH_F26_assay	proteomic profiling by mass spectrometry	data-dependent acquisition	NT=label free sample;AC=MS:1002038	8	1	not available	NT=Trypsin;AC=MS:1001251	NT=Carbamidomethyl;AC=UNIMOD:4;TA=C;MT=Fixed	NT=Oxidation;AC=UNIMOD:21;TA=M;MT=Variable	not available	not available	NT=['DSS', 'PhoX'];AC=['XLMOD:02001', 'XLMOD:02258'];TA=['K,nterm', 'K,nterm']	Fe-NTA magnetic beads	1 mM	not available	60 min	not available	20240721_A549_PropargylAzide_1xLabeling_Clicked_SEC8_HighpH_F26.raw	NT=ms-proteomics;VV=v1.1.0	NT=crosslinking;VV=v1.0.0	NT=human;VV=v1.1.0
PXD059118_20240524_A549_PropargylAzide_1xLabeling_Clicked_HighpH_F18	Homo sapiens	whole cell lysate	not available	2	PXD059118_20240524_A549_PropargylAzide_1xLabeling_Clicked_HighpH_F18_assay	proteomic profiling by mass spectrometry	data-dependent acquisition	NT=label free sample;AC=MS:1002038	18	1	not available	NT=Trypsin;AC=MS:1001251	NT=Carbamidomethyl;AC=UNIMOD:4;TA=C;MT=Fixed	NT=Oxidation;AC=UNIMOD:21;TA=M;MT=Variable	not available	not available	NT=['DSS', 'PhoX'];AC=['XLMOD:02001', 'XLMOD:02258'];TA=['K,nterm', 'K,nterm']	Fe-NTA magnetic beads	1 mM	not available	60 min	not available	20240524_A549_PropargylAzide_1xLabeling_Clicked_HighpH_F18.raw	NT=ms-proteomics;VV=v1.1.0	NT=crosslinking;VV=v1.0.0	NT=human;VV=v1.1.0
PXD059118_20240721_A549_PropargylAzide_1xLabeling_Clicked_SEC9_HighpH_F10	Homo sapiens	whole cell lysate	not available	8	PXD059118_20240721_A549_PropargylAzide_1xLabeling_Clicked_SEC9_HighpH_F10_assay	proteomic profiling by mass spectrometry	data-dependent acquisition	NT=label free sample;AC=MS:1002038	9	1	not available	NT=Trypsin;AC=MS:1001251	NT=Carbamidomethyl;AC=UNIMOD:4;TA=C;MT=Fixed	NT=Oxidation;AC=UNIMOD:21;TA=M;MT=Variable	not available	not available	NT=['DSS', 'PhoX'];AC=['XLMOD:02001', 'XLMOD:02258'];TA=['K,nterm', 'K,nterm']	Fe-NTA magnetic beads	1 mM	not available	60 min	not available	20240721_A549_PropargylAzide_1xLabeling_Clicked_SEC9_HighpH_F10.raw	NT=ms-proteomics;VV=v1.1.0	NT=crosslinking;VV=v1.0.0	NT=human;VV=v1.1.0
PXD059118_20241107_A549_PropargylAzide_1xLabeling_NoClick_HighpH_Rep1_F22	Homo sapiens	whole cell lysate	not available	1	PXD059118_20241107_A549_PropargylAzide_1xLabeling_NoClick_HighpH_Rep1_F22_assay	proteomic profiling by mass spectrometry	data-dependent acquisition	NT=label free sample;AC=MS:1002038	22	1	not available	NT=Trypsin;AC=MS:1001251	NT=Carbamidomethyl;AC=UNIMOD:4;TA=C;MT=Fixed	NT=Oxidation;AC=UNIMOD:21;TA=M;MT=Variable	not available	not available	NT=['DSS', 'PhoX'];AC=['XLMOD:02001', 'XLMOD:02258'];TA=['K,nterm', 'K,nterm']	Fe-NTA magnetic beads	1 mM	not available	60 min	not available	20241107_A549_PropargylAzide_1xLabeling_NoClick_HighpH_Rep1_F22.raw	NT=ms-proteomics;VV=v1.1.0	NT=crosslinking;VV=v1.0.0	NT=human;VV=v1.1.0
PXD059118_20241107_A549_PropargylAzide_1xLabeling_NoClick_HighpH_Rep2_F10	Homo sapiens	whole cell lysate	not available	8	PXD059118_20241107_A549_PropargylAzide_1xLabeling_NoClick_HighpH_Rep2_F10_assay	proteomic profiling by mass spectrometry	data-dependent acquisition	NT=label free sample;AC=MS:1002038	10	2	not available	NT=Trypsin;AC=MS:1001251	NT=Carbamidomethyl;AC=UNIMOD:4;TA=C;MT=Fixed	NT=Oxidation;AC=UNIMOD:21;TA=M;MT=Variable	not available	not available	NT=['DSS', 'PhoX'];AC=['XLMOD:02001', 'XLMOD:02258'];TA=['K,nterm', 'K,nterm']	Fe-NTA magnetic beads	1 mM	not available	60 min	not available	20241107_A549_PropargylAzide_1xLabeling_NoClick_HighpH_Rep2_F10.raw	NT=ms-proteomics;VV=v1.1.0	NT=crosslinking;VV=v1.0.0	NT=human;VV=v1.1.0
PXD059118_20240721_A549_PropargylAzide_1xLabeling_Clicked_SEC1-7_HighpH_F26	Homo sapiens	whole cell lysate	not available	21	PXD059118_20240721_A549_PropargylAzide_1xLabeling_Clicked_SEC1-7_HighpH_F26_assay	proteomic profiling by mass spectrometry	data-dependent acquisition	NT=label free sample;AC=MS:1002038	1	1	not available	NT=Trypsin;AC=MS:1001251	NT=Carbamidomethyl;AC=UNIMOD:4;TA=C;MT=Fixed	NT=Oxidation;AC=UNIMOD:21;TA=M;MT=Variable	not available	not available	NT=['DSS', 'PhoX'];AC=['XLMOD:02001', 'XLMOD:02258'];TA=['K,nterm', 'K,nterm']	Fe-NTA magnetic beads	1 mM	not available	60 min	not available	20240721_A549_PropargylAzide_1xLabeling_Clicked_SEC1-7_HighpH_F26.raw	NT=ms-proteomics;VV=v1.1.0	NT=crosslinking;VV=v1.0.0	NT=human;VV=v1.1.0
PXD059118_20240721_A549_PropargylAzide_1xLabeling_Clicked_SEC11_HighpH_F09	Homo sapiens	whole cell lysate	not available	6	PXD059118_20240721_A549_PropargylAzide_1xLabeling_Clicked_SEC11_HighpH_F09_assay	proteomic profiling by mass spectrometry	data-dependent acquisition	NT=label free sample;AC=MS:1002038	11	1	not available	NT=Trypsin;AC=MS:1001251	NT=Carbamidomethyl;AC=UNIMOD:4;TA=C;MT=Fixed	NT=Oxidation;AC=UNIMOD:21;TA=M;MT=Variable	not available	not available	NT=['DSS', 'PhoX'];AC=['XLMOD:02001', 'XLMOD:02258'];TA=['K,nterm', 'K,nterm']	Fe-NTA magnetic beads	1 mM	not available	60 min	not available	20240721_A549_PropargylAzide_1xLabeling_Clicked_SEC11_HighpH_F09.raw	NT=ms-proteomics;VV=v1.1.0	NT=crosslinking;VV=v1.0.0	NT=human;VV=v1.1.0
PXD059118_20240721_A549_PropargylAzide_1xLabeling_Clicked_SEC8_HighpH_F11	Homo sapiens	whole cell lysate	not available	10	PXD059118_20240721_A549_PropargylAzide_1xLabeling_Clicked_SEC8_HighpH_F11_assay	proteomic profiling by mass spectrometry	data-dependent acquisition	NT=label free sample;AC=MS:1002038	8	1	not available	NT=Trypsin;AC=MS:1001251	NT=Carbamidomethyl;AC=UNIMOD:4;TA=C;MT=Fixed	NT=Oxidation;AC=UNIMOD:21;TA=M;MT=Variable	not available	not available	NT=['DSS', 'PhoX'];AC=['XLMOD:02001', 'XLMOD:02258'];TA=['K,nterm', 'K,nterm']	Fe-NTA magnetic beads	1 mM	not available	60 min	not available	20240721_A549_PropargylAzide_1xLabeling_Clicked_SEC8_HighpH_F11.raw	NT=ms-proteomics;VV=v1.1.0	NT=crosslinking;VV=v1.0.0	NT=human;VV=v1.1.0
PXD059118_20230816_A549_1xDSS_LiveCells_HighpH_F03	Homo sapiens	whole cell lysate	not available	1	PXD059118_20230816_A549_1xDSS_LiveCells_HighpH_F03_assay	proteomic profiling by mass spectrometry	data-dependent acquisition	NT=label free sample;AC=MS:1002038	03	1	not available	NT=Trypsin;AC=MS:1001251	NT=Carbamidomethyl;AC=UNIMOD:4;TA=C;MT=Fixed	NT=Oxidation;AC=UNIMOD:21;TA=M;MT=Variable	not available	not available	NT=['DSS', 'PhoX'];AC=['XLMOD:02001', 'XLMOD:02258'];TA=['K,nterm', 'K,nterm']	Fe-NTA magnetic beads	1 mM	not available	60 min	not available	20230816_A549_1xDSS_LiveCells_HighpH_F03.raw	NT=ms-proteomics;VV=v1.1.0	NT=crosslinking;VV=v1.0.0	NT=human;VV=v1.1.0
PXD059118_20240721_A549_PropargylAzide_1xLabeling_Clicked_SEC11_HighpH_F01	Homo sapiens	whole cell lysate	not available	7	PXD059118_20240721_A549_PropargylAzide_1xLabeling_Clicked_SEC11_HighpH_F01_assay	proteomic profiling by mass spectrometry	data-dependent acquisition	NT=label free sample;AC=MS:1002038	11	1	not available	NT=Trypsin;AC=MS:1001251	NT=Carbamidomethyl;AC=UNIMOD:4;TA=C;MT=Fixed	NT=Oxidation;AC=UNIMOD:21;TA=M;MT=Variable	not available	not available	NT=['DSS', 'PhoX'];AC=['XLMOD:02001', 'XLMOD:02258'];TA=['K,nterm', 'K,nterm']	Fe-NTA magnetic beads	1 mM	not available	60 min	not available	20240721_A549_PropargylAzide_1xLabeling_Clicked_SEC11_HighpH_F01.raw	NT=ms-proteomics;VV=v1.1.0	NT=crosslinking;VV=v1.0.0	NT=human;VV=v1.1.0
PXD059118_20240721_A549_PropargylAzide_1xLabeling_Clicked_SEC11_HighpH_F28	Homo sapiens	whole cell lysate	not available	8	PXD059118_20240721_A549_PropargylAzide_1xLabeling_Clicked_SEC11_HighpH_F28_assay	proteomic profiling by mass spectrometry	data-dependent acquisition	NT=label free sample;AC=MS:1002038	11	1	not available	NT=Trypsin;AC=MS:1001251	NT=Carbamidomethyl;AC=UNIMOD:4;TA=C;MT=Fixed	NT=Oxidation;AC=UNIMOD:21;TA=M;MT=Variable	not available	not available	NT=['DSS', 'PhoX'];AC=['XLMOD:02001', 'XLMOD:02258'];TA=['K,nterm', 'K,nterm']	Fe-NTA magnetic beads	1 mM	not available	60 min	not available	20240721_A549_PropargylAzide_1xLabeling_Clicked_SEC11_HighpH_F28.raw	NT=ms-proteomics;VV=v1.1.0	NT=crosslinking;VV=v1.0.0	NT=human;VV=v1.1.0
PXD059118_20230816_A549_1xDSS_LiveCells_HighpH_F10	Homo sapiens	whole cell lysate	not available	9	PXD059118_20230816_A549_1xDSS_LiveCells_HighpH_F10_assay	proteomic profiling by mass spectrometry	data-dependent acquisition	NT=label free sample;AC=MS:1002038	10	1	not available	NT=Trypsin;AC=MS:1001251	NT=Carbamidomethyl;AC=UNIMOD:4;TA=C;MT=Fixed	NT=Oxidation;AC=UNIMOD:21;TA=M;MT=Variable	not available	not available	NT=['DSS', 'PhoX'];AC=['XLMOD:02001', 'XLMOD:02258'];TA=['K,nterm', 'K,nterm']	Fe-NTA magnetic beads	1 mM	not available	60 min	not available	20230816_A549_1xDSS_LiveCells_HighpH_F10.raw	NT=ms-proteomics;VV=v1.1.0	NT=crosslinking;VV=v1.0.0	NT=human;VV=v1.1.0
PXD059118_20240721_A549_PropargylAzide_1xLabeling_Clicked_SEC10_HighpH_F22	Homo sapiens	whole cell lysate	not available	10	PXD059118_20240721_A549_PropargylAzide_1xLabeling_Clicked_SEC10_HighpH_F22_assay	proteomic profiling by mass spectrometry	data-dependent acquisition	NT=label free sample;AC=MS:1002038	10	1	not available	NT=Trypsin;AC=MS:1001251	NT=Carbamidomethyl;AC=UNIMOD:4;TA=C;MT=Fixed	NT=Oxidation;AC=UNIMOD:21;TA=M;MT=Variable	not available	not available	NT=['DSS', 'PhoX'];AC=['XLMOD:02001', 'XLMOD:02258'];TA=['K,nterm', 'K,nterm']	Fe-NTA magnetic beads	1 mM	not available	60 min	not available	20240721_A549_PropargylAzide_1xLabeling_Clicked_SEC10_HighpH_F22.raw	NT=ms-proteomics;VV=v1.1.0	NT=crosslinking;VV=v1.0.0	NT=human;VV=v1.1.0
PXD059118_20240721_A549_PropargylAzide_1xLabeling_Clicked_SEC10_HighpH_F24	Homo sapiens	whole cell lysate	not available	11	PXD059118_20240721_A549_PropargylAzide_1xLabeling_Clicked_SEC10_HighpH_F24_assay	proteomic profiling by mass spectrometry	data-dependent acquisition	NT=label free sample;AC=MS:1002038	10	1	not available	NT=Trypsin;AC=MS:1001251	NT=Carbamidomethyl;AC=UNIMOD:4;TA=C;MT=Fixed	NT=Oxidation;AC=UNIMOD:21;TA=M;MT=Variable	not available	not available	NT=['DSS', 'PhoX'];AC=['XLMOD:02001', 'XLMOD:02258'];TA=['K,nterm', 'K,nterm']	Fe-NTA magnetic beads	1 mM	not available	60 min	not available	20240721_A549_PropargylAzide_1xLabeling_Clicked_SEC10_HighpH_F24.raw	NT=ms-proteomics;VV=v1.1.0	NT=crosslinking;VV=v1.0.0	NT=human;VV=v1.1.0
PXD059118_20240721_A549_PropargylAzide_1xLabeling_Clicked_SEC10_HighpH_F12	Homo sapiens	whole cell lysate	not available	12	PXD059118_20240721_A549_PropargylAzide_1xLabeling_Clicked_SEC10_HighpH_F12_assay	proteomic profiling by mass spectrometry	data-dependent acquisition	NT=label free sample;AC=MS:1002038	10	1	not available	NT=Trypsin;AC=MS:1001251	NT=Carbamidomethyl;AC=UNIMOD:4;TA=C;MT=Fixed	NT=Oxidation;AC=UNIMOD:21;TA=M;MT=Variable	not available	not available	NT=['DSS', 'PhoX'];AC=['XLMOD:02001', 'XLMOD:02258'];TA=['K,nterm', 'K,nterm']	Fe-NTA magnetic beads	1 mM	not available	60 min	not available	20240721_A549_PropargylAzide_1xLabeling_Clicked_SEC10_HighpH_F12.raw	NT=ms-proteomics;VV=v1.1.0	NT=crosslinking;VV=v1.0.0	NT=human;VV=v1.1.0
PXD059118_20240524_A549_PropargylAzide_1xLabeling_Clicked_HighpH_F09	Homo sapiens	whole cell lysate	not available	2	PXD059118_20240524_A549_PropargylAzide_1xLabeling_Clicked_HighpH_F09_assay	proteomic profiling by mass spectrometry	data-dependent acquisition	NT=label free sample;AC=MS:1002038	09	1	not available	NT=Trypsin;AC=MS:1001251	NT=Carbamidomethyl;AC=UNIMOD:4;TA=C;MT=Fixed	NT=Oxidation;AC=UNIMOD:21;TA=M;MT=Variable	not available	not available	NT=['DSS', 'PhoX'];AC=['XLMOD:02001', 'XLMOD:02258'];TA=['K,nterm', 'K,nterm']	Fe-NTA magnetic beads	1 mM	not available	60 min	not available	20240524_A549_PropargylAzide_1xLabeling_Clicked_HighpH_F09.raw	NT=ms-proteomics;VV=v1.1.0	NT=crosslinking;VV=v1.0.0	NT=human;VV=v1.1.0
PXD059118_20241107_A549_PropargylAzide_1xLabeling_NoClick_HighpH_Rep1_F16	Homo sapiens	whole cell lysate	not available	2	PXD059118_20241107_A549_PropargylAzide_1xLabeling_NoClick_HighpH_Rep1_F16_assay	proteomic profiling by mass spectrometry	data-dependent acquisition	NT=label free sample;AC=MS:1002038	16	1	not available	NT=Trypsin;AC=MS:1001251	NT=Carbamidomethyl;AC=UNIMOD:4;TA=C;MT=Fixed	NT=Oxidation;AC=UNIMOD:21;TA=M;MT=Variable	not available	not available	NT=['DSS', 'PhoX'];AC=['XLMOD:02001', 'XLMOD:02258'];TA=['K,nterm', 'K,nterm']	Fe-NTA magnetic beads	1 mM	not available	60 min	not available	20241107_A549_PropargylAzide_1xLabeling_NoClick_HighpH_Rep1_F16.raw	NT=ms-proteomics;VV=v1.1.0	NT=crosslinking;VV=v1.0.0	NT=human;VV=v1.1.0
PXD059118_20240721_A549_PropargylAzide_1xLabeling_Clicked_SEC8_HighpH_F17	Homo sapiens	whole cell lysate	not available	11	PXD059118_20240721_A549_PropargylAzide_1xLabeling_Clicked_SEC8_HighpH_F17_assay	proteomic profiling by mass spectrometry	data-dependent acquisition	NT=label free sample;AC=MS:1002038	8	1	not available	NT=Trypsin;AC=MS:1001251	NT=Carbamidomethyl;AC=UNIMOD:4;TA=C;MT=Fixed	NT=Oxidation;AC=UNIMOD:21;TA=M;MT=Variable	not available	not available	NT=['DSS', 'PhoX'];AC=['XLMOD:02001', 'XLMOD:02258'];TA=['K,nterm', 'K,nterm']	Fe-NTA magnetic beads	1 mM	not available	60 min	not available	20240721_A549_PropargylAzide_1xLabeling_Clicked_SEC8_HighpH_F17.raw	NT=ms-proteomics;VV=v1.1.0	NT=crosslinking;VV=v1.0.0	NT=human;VV=v1.1.0
PXD059118_20240721_A549_PropargylAzide_1xLabeling_Clicked_SEC11_HighpH_F26	Homo sapiens	whole cell lysate	not available	9	PXD059118_20240721_A549_PropargylAzide_1xLabeling_Clicked_SEC11_HighpH_F26_assay	proteomic profiling by mass spectrometry	data-dependent acquisition	NT=label free sample;AC=MS:1002038	11	1	not available	NT=Trypsin;AC=MS:1001251	NT=Carbamidomethyl;AC=UNIMOD:4;TA=C;MT=Fixed	NT=Oxidation;AC=UNIMOD:21;TA=M;MT=Variable	not available	not available	NT=['DSS', 'PhoX'];AC=['XLMOD:02001', 'XLMOD:02258'];TA=['K,nterm', 'K,nterm']	Fe-NTA magnetic beads	1 mM	not available	60 min	not available	20240721_A549_PropargylAzide_1xLabeling_Clicked_SEC11_HighpH_F26.raw	NT=ms-proteomics;VV=v1.1.0	NT=crosslinking;VV=v1.0.0	NT=human;VV=v1.1.0
PXD059118_20240721_A549_PropargylAzide_1xLabeling_Clicked_SEC11_HighpH_F03	Homo sapiens	whole cell lysate	not available	10	PXD059118_20240721_A549_PropargylAzide_1xLabeling_Clicked_SEC11_HighpH_F03_assay	proteomic profiling by mass spectrometry	data-dependent acquisition	NT=label free sample;AC=MS:1002038	11	1	not available	NT=Trypsin;AC=MS:1001251	NT=Carbamidomethyl;AC=UNIMOD:4;TA=C;MT=Fixed	NT=Oxidation;AC=UNIMOD:21;TA=M;MT=Variable	not available	not available	NT=['DSS', 'PhoX'];AC=['XLMOD:02001', 'XLMOD:02258'];TA=['K,nterm', 'K,nterm']	Fe-NTA magnetic beads	1 mM	not available	60 min	not available	20240721_A549_PropargylAzide_1xLabeling_Clicked_SEC11_HighpH_F03.raw	NT=ms-proteomics;VV=v1.1.0	NT=crosslinking;VV=v1.0.0	NT=human;VV=v1.1.0
PXD059118_20241125_U2OS_NoLabeling_Control_HighpH_F08	Homo sapiens	whole cell lysate	not available	1	PXD059118_20241125_U2OS_NoLabeling_Control_HighpH_F08_assay	proteomic profiling by mass spectrometry	data-dependent acquisition	NT=label free sample;AC=MS:1002038	08	1	not available	NT=Trypsin;AC=MS:1001251	NT=Carbamidomethyl;AC=UNIMOD:4;TA=C;MT=Fixed	NT=Oxidation;AC=UNIMOD:21;TA=M;MT=Variable	not available	not available	NT=['DSS', 'PhoX'];AC=['XLMOD:02001', 'XLMOD:02258'];TA=['K,nterm', 'K,nterm']	Fe-NTA magnetic beads	1 mM	not available	60 min	not available	20241125_U2OS_NoLabeling_Control_HighpH_F08.raw	NT=ms-proteomics;VV=v1.1.0	NT=crosslinking;VV=v1.0.0	NT=human;VV=v1.1.0
PXD059118_20240721_A549_PropargylAzide_1xLabeling_Clicked_SEC10_HighpH_F13	Homo sapiens	whole cell lysate	not available	13	PXD059118_20240721_A549_PropargylAzide_1xLabeling_Clicked_SEC10_HighpH_F13_assay	proteomic profiling by mass spectrometry	data-dependent acquisition	NT=label free sample;AC=MS:1002038	10	1	not available	NT=Trypsin;AC=MS:1001251	NT=Carbamidomethyl;AC=UNIMOD:4;TA=C;MT=Fixed	NT=Oxidation;AC=UNIMOD:21;TA=M;MT=Variable	not available	not available	NT=['DSS', 'PhoX'];AC=['XLMOD:02001', 'XLMOD:02258'];TA=['K,nterm', 'K,nterm']	Fe-NTA magnetic beads	1 mM	not available	60 min	not available	20240721_A549_PropargylAzide_1xLabeling_Clicked_SEC10_HighpH_F13.raw	NT=ms-proteomics;VV=v1.1.0	NT=crosslinking;VV=v1.0.0	NT=human;VV=v1.1.0
PXD059118_20240721_A549_PropargylAzide_1xLabeling_Clicked_SEC10_HighpH_F26	Homo sapiens	whole cell lysate	not available	14	PXD059118_20240721_A549_PropargylAzide_1xLabeling_Clicked_SEC10_HighpH_F26_assay	proteomic profiling by mass spectrometry	data-dependent acquisition	NT=label free sample;AC=MS:1002038	10	1	not available	NT=Trypsin;AC=MS:1001251	NT=Carbamidomethyl;AC=UNIMOD:4;TA=C;MT=Fixed	NT=Oxidation;AC=UNIMOD:21;TA=M;MT=Variable	not available	not available	NT=['DSS', 'PhoX'];AC=['XLMOD:02001', 'XLMOD:02258'];TA=['K,nterm', 'K,nterm']	Fe-NTA magnetic beads	1 mM	not available	60 min	not available	20240721_A549_PropargylAzide_1xLabeling_Clicked_SEC10_HighpH_F26.raw	NT=ms-proteomics;VV=v1.1.0	NT=crosslinking;VV=v1.0.0	NT=human;VV=v1.1.0
PXD059118_20240721_A549_PropargylAzide_1xLabeling_Clicked_SEC9_HighpH_F11	Homo sapiens	whole cell lysate	not available	9	PXD059118_20240721_A549_PropargylAzide_1xLabeling_Clicked_SEC9_HighpH_F11_assay	proteomic profiling by mass spectrometry	data-dependent acquisition	NT=label free sample;AC=MS:1002038	9	1	not available	NT=Trypsin;AC=MS:1001251	NT=Carbamidomethyl;AC=UNIMOD:4;TA=C;MT=Fixed	NT=Oxidation;AC=UNIMOD:21;TA=M;MT=Variable	not available	not available	NT=['DSS', 'PhoX'];AC=['XLMOD:02001', 'XLMOD:02258'];TA=['K,nterm', 'K,nterm']	Fe-NTA magnetic beads	1 mM	not available	60 min	not available	20240721_A549_PropargylAzide_1xLabeling_Clicked_SEC9_HighpH_F11.raw	NT=ms-proteomics;VV=v1.1.0	NT=crosslinking;VV=v1.0.0	NT=human;VV=v1.1.0
PXD059118_20241107_A549_PropargylAzide_1xLabeling_NoClick_HighpH_Rep1_F13	Homo sapiens	whole cell lysate	not available	1	PXD059118_20241107_A549_PropargylAzide_1xLabeling_NoClick_HighpH_Rep1_F13_assay	proteomic profiling by mass spectrometry	data-dependent acquisition	NT=label free sample;AC=MS:1002038	13	1	not available	NT=Trypsin;AC=MS:1001251	NT=Carbamidomethyl;AC=UNIMOD:4;TA=C;MT=Fixed	NT=Oxidation;AC=UNIMOD:21;TA=M;MT=Variable	not available	not available	NT=['DSS', 'PhoX'];AC=['XLMOD:02001', 'XLMOD:02258'];TA=['K,nterm', 'K,nterm']	Fe-NTA magnetic beads	1 mM	not available	60 min	not available	20241107_A549_PropargylAzide_1xLabeling_NoClick_HighpH_Rep1_F13.raw	NT=ms-proteomics;VV=v1.1.0	NT=crosslinking;VV=v1.0.0	NT=human;VV=v1.1.0
PXD059118_20240721_A549_PropargylAzide_1xLabeling_Clicked_SEC11_HighpH_F14	Homo sapiens	whole cell lysate	not available	11	PXD059118_20240721_A549_PropargylAzide_1xLabeling_Clicked_SEC11_HighpH_F14_assay	proteomic profiling by mass spectrometry	data-dependent acquisition	NT=label free sample;AC=MS:1002038	11	1	not available	NT=Trypsin;AC=MS:1001251	NT=Carbamidomethyl;AC=UNIMOD:4;TA=C;MT=Fixed	NT=Oxidation;AC=UNIMOD:21;TA=M;MT=Variable	not available	not available	NT=['DSS', 'PhoX'];AC=['XLMOD:02001', 'XLMOD:02258'];TA=['K,nterm', 'K,nterm']	Fe-NTA magnetic beads	1 mM	not available	60 min	not available	20240721_A549_PropargylAzide_1xLabeling_Clicked_SEC11_HighpH_F14.raw	NT=ms-proteomics;VV=v1.1.0	NT=crosslinking;VV=v1.0.0	NT=human;VV=v1.1.0
PXD059118_20241018_A549_Lysate_Propargyl_AzidoPEGOH_Clicked_Clicked_120min_Rep3	Homo sapiens	whole cell lysate	not available	22	PXD059118_20241018_A549_Lysate_Propargyl_AzidoPEGOH_Clicked_Clicked_120min_Rep3_assay	proteomic profiling by mass spectrometry	data-dependent acquisition	NT=label free sample;AC=MS:1002038	1	3	not available	NT=Trypsin;AC=MS:1001251	NT=Carbamidomethyl;AC=UNIMOD:4;TA=C;MT=Fixed	NT=Oxidation;AC=UNIMOD:21;TA=M;MT=Variable	not available	not available	NT=['DSS', 'PhoX'];AC=['XLMOD:02001', 'XLMOD:02258'];TA=['K,nterm', 'K,nterm']	Fe-NTA magnetic beads	1 mM	not available	60 min	not available	20241018_A549_Lysate_Propargyl_AzidoPEGOH_Clicked_Clicked_120min_Rep3.raw	NT=ms-proteomics;VV=v1.1.0	NT=crosslinking;VV=v1.0.0	NT=human;VV=v1.1.0
PXD059118_20240721_A549_PropargylAzide_1xLabeling_Clicked_SEC8_HighpH_F01	Homo sapiens	whole cell lysate	not available	12	PXD059118_20240721_A549_PropargylAzide_1xLabeling_Clicked_SEC8_HighpH_F01_assay	proteomic profiling by mass spectrometry	data-dependent acquisition	NT=label free sample;AC=MS:1002038	8	1	not available	NT=Trypsin;AC=MS:1001251	NT=Carbamidomethyl;AC=UNIMOD:4;TA=C;MT=Fixed	NT=Oxidation;AC=UNIMOD:21;TA=M;MT=Variable	not available	not available	NT=['DSS', 'PhoX'];AC=['XLMOD:02001', 'XLMOD:02258'];TA=['K,nterm', 'K,nterm']	Fe-NTA magnetic beads	1 mM	not available	60 min	not available	20240721_A549_PropargylAzide_1xLabeling_Clicked_SEC8_HighpH_F01.raw	NT=ms-proteomics;VV=v1.1.0	NT=crosslinking;VV=v1.0.0	NT=human;VV=v1.1.0
PXD059118_20240524_A549_PropargylAzide_1xLabeling_Clicked_HighpH_F27	Homo sapiens	whole cell lysate	not available	1	PXD059118_20240524_A549_PropargylAzide_1xLabeling_Clicked_HighpH_F27_assay	proteomic profiling by mass spectrometry	data-dependent acquisition	NT=label free sample;AC=MS:1002038	27	1	not available	NT=Trypsin;AC=MS:1001251	NT=Carbamidomethyl;AC=UNIMOD:4;TA=C;MT=Fixed	NT=Oxidation;AC=UNIMOD:21;TA=M;MT=Variable	not available	not available	NT=['DSS', 'PhoX'];AC=['XLMOD:02001', 'XLMOD:02258'];TA=['K,nterm', 'K,nterm']	Fe-NTA magnetic beads	1 mM	not available	60 min	not available	20240524_A549_PropargylAzide_1xLabeling_Clicked_HighpH_F27.raw	NT=ms-proteomics;VV=v1.1.0	NT=crosslinking;VV=v1.0.0	NT=human;VV=v1.1.0
PXD059118_20231224_A549_1xPhoX_FIXMS_IMAC_HighpH_F05	Homo sapiens	whole cell lysate	not available	1	PXD059118_20231224_A549_1xPhoX_FIXMS_IMAC_HighpH_F05_assay	proteomic profiling by mass spectrometry	data-dependent acquisition	NT=label free sample;AC=MS:1002038	05	1	not available	NT=Trypsin;AC=MS:1001251	NT=Carbamidomethyl;AC=UNIMOD:4;TA=C;MT=Fixed	NT=Oxidation;AC=UNIMOD:21;TA=M;MT=Variable	not available	not available	NT=['DSS', 'PhoX'];AC=['XLMOD:02001', 'XLMOD:02258'];TA=['K,nterm', 'K,nterm']	Fe-NTA magnetic beads	1 mM	not available	60 min	not available	20231224_A549_1xPhoX_FIXMS_IMAC_HighpH_F05.raw	NT=ms-proteomics;VV=v1.1.0	NT=crosslinking;VV=v1.0.0	NT=human;VV=v1.1.0
PXD059118_20240721_A549_PropargylAzide_1xLabeling_Clicked_SEC1-7_HighpH_F08	Homo sapiens	whole cell lysate	not available	23	PXD059118_20240721_A549_PropargylAzide_1xLabeling_Clicked_SEC1-7_HighpH_F08_assay	proteomic profiling by mass spectrometry	data-dependent acquisition	NT=label free sample;AC=MS:1002038	1	1	not available	NT=Trypsin;AC=MS:1001251	NT=Carbamidomethyl;AC=UNIMOD:4;TA=C;MT=Fixed	NT=Oxidation;AC=UNIMOD:21;TA=M;MT=Variable	not available	not available	NT=['DSS', 'PhoX'];AC=['XLMOD:02001', 'XLMOD:02258'];TA=['K,nterm', 'K,nterm']	Fe-NTA magnetic beads	1 mM	not available	60 min	not available	20240721_A549_PropargylAzide_1xLabeling_Clicked_SEC1-7_HighpH_F08.raw	NT=ms-proteomics;VV=v1.1.0	NT=crosslinking;VV=v1.0.0	NT=human;VV=v1.1.0
PXD059118_20241125_U2OS_NoLabeling_Control_HighpH_F10	Homo sapiens	whole cell lysate	not available	15	PXD059118_20241125_U2OS_NoLabeling_Control_HighpH_F10_assay	proteomic profiling by mass spectrometry	data-dependent acquisition	NT=label free sample;AC=MS:1002038	10	1	not available	NT=Trypsin;AC=MS:1001251	NT=Carbamidomethyl;AC=UNIMOD:4;TA=C;MT=Fixed	NT=Oxidation;AC=UNIMOD:21;TA=M;MT=Variable	not available	not available	NT=['DSS', 'PhoX'];AC=['XLMOD:02001', 'XLMOD:02258'];TA=['K,nterm', 'K,nterm']	Fe-NTA magnetic beads	1 mM	not available	60 min	not available	20241125_U2OS_NoLabeling_Control_HighpH_F10.raw	NT=ms-proteomics;VV=v1.1.0	NT=crosslinking;VV=v1.0.0	NT=human;VV=v1.1.0
PXD059118_20241107_A549_PropargylAzide_1xLabeling_NoClick_HighpH_Rep1_F27	Homo sapiens	whole cell lysate	not available	2	PXD059118_20241107_A549_PropargylAzide_1xLabeling_NoClick_HighpH_Rep1_F27_assay	proteomic profiling by mass spectrometry	data-dependent acquisition	NT=label free sample;AC=MS:1002038	27	1	not available	NT=Trypsin;AC=MS:1001251	NT=Carbamidomethyl;AC=UNIMOD:4;TA=C;MT=Fixed	NT=Oxidation;AC=UNIMOD:21;TA=M;MT=Variable	not available	not available	NT=['DSS', 'PhoX'];AC=['XLMOD:02001', 'XLMOD:02258'];TA=['K,nterm', 'K,nterm']	Fe-NTA magnetic beads	1 mM	not available	60 min	not available	20241107_A549_PropargylAzide_1xLabeling_NoClick_HighpH_Rep1_F27.raw	NT=ms-proteomics;VV=v1.1.0	NT=crosslinking;VV=v1.0.0	NT=human;VV=v1.1.0
PXD059118_20240721_A549_PropargylAzide_1xLabeling_Clicked_SEC8_HighpH_F19	Homo sapiens	whole cell lysate	not available	13	PXD059118_20240721_A549_PropargylAzide_1xLabeling_Clicked_SEC8_HighpH_F19_assay	proteomic profiling by mass spectrometry	data-dependent acquisition	NT=label free sample;AC=MS:1002038	8	1	not available	NT=Trypsin;AC=MS:1001251	NT=Carbamidomethyl;AC=UNIMOD:4;TA=C;MT=Fixed	NT=Oxidation;AC=UNIMOD:21;TA=M;MT=Variable	not available	not available	NT=['DSS', 'PhoX'];AC=['XLMOD:02001', 'XLMOD:02258'];TA=['K,nterm', 'K,nterm']	Fe-NTA magnetic beads	1 mM	not available	60 min	not available	20240721_A549_PropargylAzide_1xLabeling_Clicked_SEC8_HighpH_F19.raw	NT=ms-proteomics;VV=v1.1.0	NT=crosslinking;VV=v1.0.0	NT=human;VV=v1.1.0
PXD059118_20230816_A549_1xDSS_LiveCells_HighpH_F01	Homo sapiens	whole cell lysate	not available	3	PXD059118_20230816_A549_1xDSS_LiveCells_HighpH_F01_assay	proteomic profiling by mass spectrometry	data-dependent acquisition	NT=label free sample;AC=MS:1002038	01	1	not available	NT=Trypsin;AC=MS:1001251	NT=Carbamidomethyl;AC=UNIMOD:4;TA=C;MT=Fixed	NT=Oxidation;AC=UNIMOD:21;TA=M;MT=Variable	not available	not available	NT=['DSS', 'PhoX'];AC=['XLMOD:02001', 'XLMOD:02258'];TA=['K,nterm', 'K,nterm']	Fe-NTA magnetic beads	1 mM	not available	60 min	not available	20230816_A549_1xDSS_LiveCells_HighpH_F01.raw	NT=ms-proteomics;VV=v1.1.0	NT=crosslinking;VV=v1.0.0	NT=human;VV=v1.1.0
PXD059118_20240721_A549_PropargylAzide_1xLabeling_Clicked_SEC9_HighpH_F07	Homo sapiens	whole cell lysate	not available	10	PXD059118_20240721_A549_PropargylAzide_1xLabeling_Clicked_SEC9_HighpH_F07_assay	proteomic profiling by mass spectrometry	data-dependent acquisition	NT=label free sample;AC=MS:1002038	9	1	not available	NT=Trypsin;AC=MS:1001251	NT=Carbamidomethyl;AC=UNIMOD:4;TA=C;MT=Fixed	NT=Oxidation;AC=UNIMOD:21;TA=M;MT=Variable	not available	not available	NT=['DSS', 'PhoX'];AC=['XLMOD:02001', 'XLMOD:02258'];TA=['K,nterm', 'K,nterm']	Fe-NTA magnetic beads	1 mM	not available	60 min	not available	20240721_A549_PropargylAzide_1xLabeling_Clicked_SEC9_HighpH_F07.raw	NT=ms-proteomics;VV=v1.1.0	NT=crosslinking;VV=v1.0.0	NT=human;VV=v1.1.0
PXD059118_20241107_A549_PropargylAzide_1xLabeling_NoClick_HighpH_Rep1_F19	Homo sapiens	whole cell lysate	not available	1	PXD059118_20241107_A549_PropargylAzide_1xLabeling_NoClick_HighpH_Rep1_F19_assay	proteomic profiling by mass spectrometry	data-dependent acquisition	NT=label free sample;AC=MS:1002038	19	1	not available	NT=Trypsin;AC=MS:1001251	NT=Carbamidomethyl;AC=UNIMOD:4;TA=C;MT=Fixed	NT=Oxidation;AC=UNIMOD:21;TA=M;MT=Variable	not available	not available	NT=['DSS', 'PhoX'];AC=['XLMOD:02001', 'XLMOD:02258'];TA=['K,nterm', 'K,nterm']	Fe-NTA magnetic beads	1 mM	not available	60 min	not available	20241107_A549_PropargylAzide_1xLabeling_NoClick_HighpH_Rep1_F19.raw	NT=ms-proteomics;VV=v1.1.0	NT=crosslinking;VV=v1.0.0	NT=human;VV=v1.1.0
PXD059118_20240721_A549_PropargylAzide_1xLabeling_Clicked_SEC9_HighpH_F20	Homo sapiens	whole cell lysate	not available	11	PXD059118_20240721_A549_PropargylAzide_1xLabeling_Clicked_SEC9_HighpH_F20_assay	proteomic profiling by mass spectrometry	data-dependent acquisition	NT=label free sample;AC=MS:1002038	9	1	not available	NT=Trypsin;AC=MS:1001251	NT=Carbamidomethyl;AC=UNIMOD:4;TA=C;MT=Fixed	NT=Oxidation;AC=UNIMOD:21;TA=M;MT=Variable	not available	not available	NT=['DSS', 'PhoX'];AC=['XLMOD:02001', 'XLMOD:02258'];TA=['K,nterm', 'K,nterm']	Fe-NTA magnetic beads	1 mM	not available	60 min	not available	20240721_A549_PropargylAzide_1xLabeling_Clicked_SEC9_HighpH_F20.raw	NT=ms-proteomics;VV=v1.1.0	NT=crosslinking;VV=v1.0.0	NT=human;VV=v1.1.0
PXD059118_20240403_Ecoli_Propargyl_AzidePEGOH_Clicked_4BTTES_1CuSO4_Rep1	Escherichia coli	whole cell lysate	not available	24	PXD059118_20240403_Ecoli_Propargyl_AzidePEGOH_Clicked_4BTTES_1CuSO4_Rep1_assay	proteomic profiling by mass spectrometry	data-dependent acquisition	NT=label free sample;AC=MS:1002038	1	1	not available	NT=Trypsin;AC=MS:1001251	NT=Carbamidomethyl;AC=UNIMOD:4;TA=C;MT=Fixed	NT=Oxidation;AC=UNIMOD:21;TA=M;MT=Variable	not available	not available	NT=['DSS', 'PhoX'];AC=['XLMOD:02001', 'XLMOD:02258'];TA=['K,nterm', 'K,nterm']	Fe-NTA magnetic beads	1 mM	not available	60 min	not available	20240403_Ecoli_Propargyl_AzidePEGOH_Clicked_4BTTES_1CuSO4_Rep1.raw	NT=ms-proteomics;VV=v1.1.0	NT=crosslinking;VV=v1.0.0	NT=human;VV=v1.1.0
PXD059118_20241018_A549_Lysate_Propargyl_AzidoPEGOH_Clicked_Clicked_30min_Rep2	Homo sapiens	whole cell lysate	not available	25	PXD059118_20241018_A549_Lysate_Propargyl_AzidoPEGOH_Clicked_Clicked_30min_Rep2_assay	proteomic profiling by mass spectrometry	data-dependent acquisition	NT=label free sample;AC=MS:1002038	1	2	not available	NT=Trypsin;AC=MS:1001251	NT=Carbamidomethyl;AC=UNIMOD:4;TA=C;MT=Fixed	NT=Oxidation;AC=UNIMOD:21;TA=M;MT=Variable	not available	not available	NT=['DSS', 'PhoX'];AC=['XLMOD:02001', 'XLMOD:02258'];TA=['K,nterm', 'K,nterm']	Fe-NTA magnetic beads	1 mM	not available	60 min	not available	20241018_A549_Lysate_Propargyl_AzidoPEGOH_Clicked_Clicked_30min_Rep2.raw	NT=ms-proteomics;VV=v1.1.0	NT=crosslinking;VV=v1.0.0	NT=human;VV=v1.1.0
PXD059118_20241107_A549_PropargylAzide_1xLabeling_NoClick_HighpH_Rep2_F21	Homo sapiens	whole cell lysate	not available	1	PXD059118_20241107_A549_PropargylAzide_1xLabeling_NoClick_HighpH_Rep2_F21_assay	proteomic profiling by mass spectrometry	data-dependent acquisition	NT=label free sample;AC=MS:1002038	21	2	not available	NT=Trypsin;AC=MS:1001251	NT=Carbamidomethyl;AC=UNIMOD:4;TA=C;MT=Fixed	NT=Oxidation;AC=UNIMOD:21;TA=M;MT=Variable	not available	not available	NT=['DSS', 'PhoX'];AC=['XLMOD:02001', 'XLMOD:02258'];TA=['K,nterm', 'K,nterm']	Fe-NTA magnetic beads	1 mM	not available	60 min	not available	20241107_A549_PropargylAzide_1xLabeling_NoClick_HighpH_Rep2_F21.raw	NT=ms-proteomics;VV=v1.1.0	NT=crosslinking;VV=v1.0.0	NT=human;VV=v1.1.0
PXD059118_20241107_A549_PropargylAzide_1xLabeling_NoClick_HighpH_Rep2_F27	Homo sapiens	whole cell lysate	not available	3	PXD059118_20241107_A549_PropargylAzide_1xLabeling_NoClick_HighpH_Rep2_F27_assay	proteomic profiling by mass spectrometry	data-dependent acquisition	NT=label free sample;AC=MS:1002038	27	2	not available	NT=Trypsin;AC=MS:1001251	NT=Carbamidomethyl;AC=UNIMOD:4;TA=C;MT=Fixed	NT=Oxidation;AC=UNIMOD:21;TA=M;MT=Variable	not available	not available	NT=['DSS', 'PhoX'];AC=['XLMOD:02001', 'XLMOD:02258'];TA=['K,nterm', 'K,nterm']	Fe-NTA magnetic beads	1 mM	not available	60 min	not available	20241107_A549_PropargylAzide_1xLabeling_NoClick_HighpH_Rep2_F27.raw	NT=ms-proteomics;VV=v1.1.0	NT=crosslinking;VV=v1.0.0	NT=human;VV=v1.1.0
PXD059118_20240721_A549_PropargylAzide_1xLabeling_Clicked_SEC11_HighpH_F22	Homo sapiens	whole cell lysate	not available	12	PXD059118_20240721_A549_PropargylAzide_1xLabeling_Clicked_SEC11_HighpH_F22_assay	proteomic profiling by mass spectrometry	data-dependent acquisition	NT=label free sample;AC=MS:1002038	11	1	not available	NT=Trypsin;AC=MS:1001251	NT=Carbamidomethyl;AC=UNIMOD:4;TA=C;MT=Fixed	NT=Oxidation;AC=UNIMOD:21;TA=M;MT=Variable	not available	not available	NT=['DSS', 'PhoX'];AC=['XLMOD:02001', 'XLMOD:02258'];TA=['K,nterm', 'K,nterm']	Fe-NTA magnetic beads	1 mM	not available	60 min	not available	20240721_A549_PropargylAzide_1xLabeling_Clicked_SEC11_HighpH_F22.raw	NT=ms-proteomics;VV=v1.1.0	NT=crosslinking;VV=v1.0.0	NT=human;VV=v1.1.0
PXD059118_20241107_A549_PropargylAzide_1xLabeling_NoClick_HighpH_Rep1_F18	Homo sapiens	whole cell lysate	not available	3	PXD059118_20241107_A549_PropargylAzide_1xLabeling_NoClick_HighpH_Rep1_F18_assay	proteomic profiling by mass spectrometry	data-dependent acquisition	NT=label free sample;AC=MS:1002038	18	1	not available	NT=Trypsin;AC=MS:1001251	NT=Carbamidomethyl;AC=UNIMOD:4;TA=C;MT=Fixed	NT=Oxidation;AC=UNIMOD:21;TA=M;MT=Variable	not available	not available	NT=['DSS', 'PhoX'];AC=['XLMOD:02001', 'XLMOD:02258'];TA=['K,nterm', 'K,nterm']	Fe-NTA magnetic beads	1 mM	not available	60 min	not available	20241107_A549_PropargylAzide_1xLabeling_NoClick_HighpH_Rep1_F18.raw	NT=ms-proteomics;VV=v1.1.0	NT=crosslinking;VV=v1.0.0	NT=human;VV=v1.1.0
PXD059118_20240721_A549_PropargylAzide_1xLabeling_Clicked_SEC11_HighpH_F11	Homo sapiens	whole cell lysate	not available	13	PXD059118_20240721_A549_PropargylAzide_1xLabeling_Clicked_SEC11_HighpH_F11_assay	proteomic profiling by mass spectrometry	data-dependent acquisition	NT=label free sample;AC=MS:1002038	11	1	not available	NT=Trypsin;AC=MS:1001251	NT=Carbamidomethyl;AC=UNIMOD:4;TA=C;MT=Fixed	NT=Oxidation;AC=UNIMOD:21;TA=M;MT=Variable	not available	not available	NT=['DSS', 'PhoX'];AC=['XLMOD:02001', 'XLMOD:02258'];TA=['K,nterm', 'K,nterm']	Fe-NTA magnetic beads	1 mM	not available	60 min	not available	20240721_A549_PropargylAzide_1xLabeling_Clicked_SEC11_HighpH_F11.raw	NT=ms-proteomics;VV=v1.1.0	NT=crosslinking;VV=v1.0.0	NT=human;VV=v1.1.0
PXD059118_20241107_A549_PropargylAzide_1xLabeling_NoClick_HighpH_Rep2_F05	Homo sapiens	whole cell lysate	not available	2	PXD059118_20241107_A549_PropargylAzide_1xLabeling_NoClick_HighpH_Rep2_F05_assay	proteomic profiling by mass spectrometry	data-dependent acquisition	NT=label free sample;AC=MS:1002038	05	2	not available	NT=Trypsin;AC=MS:1001251	NT=Carbamidomethyl;AC=UNIMOD:4;TA=C;MT=Fixed	NT=Oxidation;AC=UNIMOD:21;TA=M;MT=Variable	not available	not available	NT=['DSS', 'PhoX'];AC=['XLMOD:02001', 'XLMOD:02258'];TA=['K,nterm', 'K,nterm']	Fe-NTA magnetic beads	1 mM	not available	60 min	not available	20241107_A549_PropargylAzide_1xLabeling_NoClick_HighpH_Rep2_F05.raw	NT=ms-proteomics;VV=v1.1.0	NT=crosslinking;VV=v1.0.0	NT=human;VV=v1.1.0
PXD059118_20241107_A549_PropargylAzide_1xLabeling_NoClick_HighpH_Rep1_F03	Homo sapiens	whole cell lysate	not available	2	PXD059118_20241107_A549_PropargylAzide_1xLabeling_NoClick_HighpH_Rep1_F03_assay	proteomic profiling by mass spectrometry	data-dependent acquisition	NT=label free sample;AC=MS:1002038	03	1	not available	NT=Trypsin;AC=MS:1001251	NT=Carbamidomethyl;AC=UNIMOD:4;TA=C;MT=Fixed	NT=Oxidation;AC=UNIMOD:21;TA=M;MT=Variable	not available	not available	NT=['DSS', 'PhoX'];AC=['XLMOD:02001', 'XLMOD:02258'];TA=['K,nterm', 'K,nterm']	Fe-NTA magnetic beads	1 mM	not available	60 min	not available	20241107_A549_PropargylAzide_1xLabeling_NoClick_HighpH_Rep1_F03.raw	NT=ms-proteomics;VV=v1.1.0	NT=crosslinking;VV=v1.0.0	NT=human;VV=v1.1.0
PXD059118_20240721_A549_PropargylAzide_1xLabeling_Clicked_SEC1-7_HighpH_F02	Homo sapiens	whole cell lysate	not available	26	PXD059118_20240721_A549_PropargylAzide_1xLabeling_Clicked_SEC1-7_HighpH_F02_assay	proteomic profiling by mass spectrometry	data-dependent acquisition	NT=label free sample;AC=MS:1002038	1	1	not available	NT=Trypsin;AC=MS:1001251	NT=Carbamidomethyl;AC=UNIMOD:4;TA=C;MT=Fixed	NT=Oxidation;AC=UNIMOD:21;TA=M;MT=Variable	not available	not available	NT=['DSS', 'PhoX'];AC=['XLMOD:02001', 'XLMOD:02258'];TA=['K,nterm', 'K,nterm']	Fe-NTA magnetic beads	1 mM	not available	60 min	not available	20240721_A549_PropargylAzide_1xLabeling_Clicked_SEC1-7_HighpH_F02.raw	NT=ms-proteomics;VV=v1.1.0	NT=crosslinking;VV=v1.0.0	NT=human;VV=v1.1.0
PXD059118_20240721_A549_PropargylAzide_1xLabeling_Clicked_SEC11_HighpH_F17	Homo sapiens	whole cell lysate	not available	14	PXD059118_20240721_A549_PropargylAzide_1xLabeling_Clicked_SEC11_HighpH_F17_assay	proteomic profiling by mass spectrometry	data-dependent acquisition	NT=label free sample;AC=MS:1002038	11	1	not available	NT=Trypsin;AC=MS:1001251	NT=Carbamidomethyl;AC=UNIMOD:4;TA=C;MT=Fixed	NT=Oxidation;AC=UNIMOD:21;TA=M;MT=Variable	not available	not available	NT=['DSS', 'PhoX'];AC=['XLMOD:02001', 'XLMOD:02258'];TA=['K,nterm', 'K,nterm']	Fe-NTA magnetic beads	1 mM	not available	60 min	not available	20240721_A549_PropargylAzide_1xLabeling_Clicked_SEC11_HighpH_F17.raw	NT=ms-proteomics;VV=v1.1.0	NT=crosslinking;VV=v1.0.0	NT=human;VV=v1.1.0
PXD059118_20241107_A549_PropargylAzide_1xLabeling_NoClick_HighpH_Rep2_F23	Homo sapiens	whole cell lysate	not available	2	PXD059118_20241107_A549_PropargylAzide_1xLabeling_NoClick_HighpH_Rep2_F23_assay	proteomic profiling by mass spectrometry	data-dependent acquisition	NT=label free sample;AC=MS:1002038	23	2	not available	NT=Trypsin;AC=MS:1001251	NT=Carbamidomethyl;AC=UNIMOD:4;TA=C;MT=Fixed	NT=Oxidation;AC=UNIMOD:21;TA=M;MT=Variable	not available	not available	NT=['DSS', 'PhoX'];AC=['XLMOD:02001', 'XLMOD:02258'];TA=['K,nterm', 'K,nterm']	Fe-NTA magnetic beads	1 mM	not available	60 min	not available	20241107_A549_PropargylAzide_1xLabeling_NoClick_HighpH_Rep2_F23.raw	NT=ms-proteomics;VV=v1.1.0	NT=crosslinking;VV=v1.0.0	NT=human;VV=v1.1.0
PXD059118_20240721_A549_PropargylAzide_1xLabeling_Clicked_SEC1-7_HighpH_F11	Homo sapiens	whole cell lysate	not available	27	PXD059118_20240721_A549_PropargylAzide_1xLabeling_Clicked_SEC1-7_HighpH_F11_assay	proteomic profiling by mass spectrometry	data-dependent acquisition	NT=label free sample;AC=MS:1002038	1	1	not available	NT=Trypsin;AC=MS:1001251	NT=Carbamidomethyl;AC=UNIMOD:4;TA=C;MT=Fixed	NT=Oxidation;AC=UNIMOD:21;TA=M;MT=Variable	not available	not available	NT=['DSS', 'PhoX'];AC=['XLMOD:02001', 'XLMOD:02258'];TA=['K,nterm', 'K,nterm']	Fe-NTA magnetic beads	1 mM	not available	60 min	not available	20240721_A549_PropargylAzide_1xLabeling_Clicked_SEC1-7_HighpH_F11.raw	NT=ms-proteomics;VV=v1.1.0	NT=crosslinking;VV=v1.0.0	NT=human;VV=v1.1.0
PXD059118_20241023_A549_Lysate_Propargyl_AzidoPEGOH_Clicked_Clicked_2-5min_Rep2	Homo sapiens	whole cell lysate	not available	28	PXD059118_20241023_A549_Lysate_Propargyl_AzidoPEGOH_Clicked_Clicked_2-5min_Rep2_assay	proteomic profiling by mass spectrometry	data-dependent acquisition	NT=label free sample;AC=MS:1002038	1	2	not available	NT=Trypsin;AC=MS:1001251	NT=Carbamidomethyl;AC=UNIMOD:4;TA=C;MT=Fixed	NT=Oxidation;AC=UNIMOD:21;TA=M;MT=Variable	not available	not available	NT=['DSS', 'PhoX'];AC=['XLMOD:02001', 'XLMOD:02258'];TA=['K,nterm', 'K,nterm']	Fe-NTA magnetic beads	1 mM	not available	60 min	not available	20241023_A549_Lysate_Propargyl_AzidoPEGOH_Clicked_Clicked_2-5min_Rep2.raw	NT=ms-proteomics;VV=v1.1.0	NT=crosslinking;VV=v1.0.0	NT=human;VV=v1.1.0
PXD059118_20240403_Ecoli_Propargyl_AzidePEGOH_NoClick_Rep2	Escherichia coli	whole cell lysate	not available	29	PXD059118_20240403_Ecoli_Propargyl_AzidePEGOH_NoClick_Rep2_assay	proteomic profiling by mass spectrometry	data-dependent acquisition	NT=label free sample;AC=MS:1002038	1	2	not available	NT=Trypsin;AC=MS:1001251	NT=Carbamidomethyl;AC=UNIMOD:4;TA=C;MT=Fixed	NT=Oxidation;AC=UNIMOD:21;TA=M;MT=Variable	not available	not available	NT=['DSS', 'PhoX'];AC=['XLMOD:02001', 'XLMOD:02258'];TA=['K,nterm', 'K,nterm']	Fe-NTA magnetic beads	1 mM	not available	60 min	not available	20240403_Ecoli_Propargyl_AzidePEGOH_NoClick_Rep2.raw	NT=ms-proteomics;VV=v1.1.0	NT=crosslinking;VV=v1.0.0	NT=human;VV=v1.1.0
PXD059118_20240721_A549_PropargylAzide_1xLabeling_Clicked_SEC11_HighpH_F08	Homo sapiens	whole cell lysate	not available	15	PXD059118_20240721_A549_PropargylAzide_1xLabeling_Clicked_SEC11_HighpH_F08_assay	proteomic profiling by mass spectrometry	data-dependent acquisition	NT=label free sample;AC=MS:1002038	11	1	not available	NT=Trypsin;AC=MS:1001251	NT=Carbamidomethyl;AC=UNIMOD:4;TA=C;MT=Fixed	NT=Oxidation;AC=UNIMOD:21;TA=M;MT=Variable	not available	not available	NT=['DSS', 'PhoX'];AC=['XLMOD:02001', 'XLMOD:02258'];TA=['K,nterm', 'K,nterm']	Fe-NTA magnetic beads	1 mM	not available	60 min	not available	20240721_A549_PropargylAzide_1xLabeling_Clicked_SEC11_HighpH_F08.raw	NT=ms-proteomics;VV=v1.1.0	NT=crosslinking;VV=v1.0.0	NT=human;VV=v1.1.0
PXD059118_20240721_A549_PropargylAzide_1xLabeling_Clicked_SEC8_HighpH_F04	Homo sapiens	whole cell lysate	not available	14	PXD059118_20240721_A549_PropargylAzide_1xLabeling_Clicked_SEC8_HighpH_F04_assay	proteomic profiling by mass spectrometry	data-dependent acquisition	NT=label free sample;AC=MS:1002038	8	1	not available	NT=Trypsin;AC=MS:1001251	NT=Carbamidomethyl;AC=UNIMOD:4;TA=C;MT=Fixed	NT=Oxidation;AC=UNIMOD:21;TA=M;MT=Variable	not available	not available	NT=['DSS', 'PhoX'];AC=['XLMOD:02001', 'XLMOD:02258'];TA=['K,nterm', 'K,nterm']	Fe-NTA magnetic beads	1 mM	not available	60 min	not available	20240721_A549_PropargylAzide_1xLabeling_Clicked_SEC8_HighpH_F04.raw	NT=ms-proteomics;VV=v1.1.0	NT=crosslinking;VV=v1.0.0	NT=human;VV=v1.1.0
PXD059118_20241125_U2OS_NoLabeling_Control_HighpH_F07	Homo sapiens	whole cell lysate	not available	3	PXD059118_20241125_U2OS_NoLabeling_Control_HighpH_F07_assay	proteomic profiling by mass spectrometry	data-dependent acquisition	NT=label free sample;AC=MS:1002038	07	1	not available	NT=Trypsin;AC=MS:1001251	NT=Carbamidomethyl;AC=UNIMOD:4;TA=C;MT=Fixed	NT=Oxidation;AC=UNIMOD:21;TA=M;MT=Variable	not available	not available	NT=['DSS', 'PhoX'];AC=['XLMOD:02001', 'XLMOD:02258'];TA=['K,nterm', 'K,nterm']	Fe-NTA magnetic beads	1 mM	not available	60 min	not available	20241125_U2OS_NoLabeling_Control_HighpH_F07.raw	NT=ms-proteomics;VV=v1.1.0	NT=crosslinking;VV=v1.0.0	NT=human;VV=v1.1.0
PXD059118_20240524_A549_PropargylAzide_1xLabeling_Clicked_HighpH_F28	Homo sapiens	whole cell lysate	not available	1	PXD059118_20240524_A549_PropargylAzide_1xLabeling_Clicked_HighpH_F28_assay	proteomic profiling by mass spectrometry	data-dependent acquisition	NT=label free sample;AC=MS:1002038	28	1	not available	NT=Trypsin;AC=MS:1001251	NT=Carbamidomethyl;AC=UNIMOD:4;TA=C;MT=Fixed	NT=Oxidation;AC=UNIMOD:21;TA=M;MT=Variable	not available	not available	NT=['DSS', 'PhoX'];AC=['XLMOD:02001', 'XLMOD:02258'];TA=['K,nterm', 'K,nterm']	Fe-NTA magnetic beads	1 mM	not available	60 min	not available	20240524_A549_PropargylAzide_1xLabeling_Clicked_HighpH_F28.raw	NT=ms-proteomics;VV=v1.1.0	NT=crosslinking;VV=v1.0.0	NT=human;VV=v1.1.0
PXD059118_20241107_A549_PropargylAzide_1xLabeling_NoClick_HighpH_Rep2_F07	Homo sapiens	whole cell lysate	not available	4	PXD059118_20241107_A549_PropargylAzide_1xLabeling_NoClick_HighpH_Rep2_F07_assay	proteomic profiling by mass spectrometry	data-dependent acquisition	NT=label free sample;AC=MS:1002038	07	2	not available	NT=Trypsin;AC=MS:1001251	NT=Carbamidomethyl;AC=UNIMOD:4;TA=C;MT=Fixed	NT=Oxidation;AC=UNIMOD:21;TA=M;MT=Variable	not available	not available	NT=['DSS', 'PhoX'];AC=['XLMOD:02001', 'XLMOD:02258'];TA=['K,nterm', 'K,nterm']	Fe-NTA magnetic beads	1 mM	not available	60 min	not available	20241107_A549_PropargylAzide_1xLabeling_NoClick_HighpH_Rep2_F07.raw	NT=ms-proteomics;VV=v1.1.0	NT=crosslinking;VV=v1.0.0	NT=human;VV=v1.1.0
PXD059118_20241018_A549_Lysate_Propargyl_AzidoPEGOH_Clicked_Clicked_15min_Rep3	Homo sapiens	whole cell lysate	not available	30	PXD059118_20241018_A549_Lysate_Propargyl_AzidoPEGOH_Clicked_Clicked_15min_Rep3_assay	proteomic profiling by mass spectrometry	data-dependent acquisition	NT=label free sample;AC=MS:1002038	1	3	not available	NT=Trypsin;AC=MS:1001251	NT=Carbamidomethyl;AC=UNIMOD:4;TA=C;MT=Fixed	NT=Oxidation;AC=UNIMOD:21;TA=M;MT=Variable	not available	not available	NT=['DSS', 'PhoX'];AC=['XLMOD:02001', 'XLMOD:02258'];TA=['K,nterm', 'K,nterm']	Fe-NTA magnetic beads	1 mM	not available	60 min	not available	20241018_A549_Lysate_Propargyl_AzidoPEGOH_Clicked_Clicked_15min_Rep3.raw	NT=ms-proteomics;VV=v1.1.0	NT=crosslinking;VV=v1.0.0	NT=human;VV=v1.1.0
PXD059118_20241107_A549_PropargylAzide_1xLabeling_NoClick_HighpH_Rep1_F30	Homo sapiens	whole cell lysate	not available	1	PXD059118_20241107_A549_PropargylAzide_1xLabeling_NoClick_HighpH_Rep1_F30_assay	proteomic profiling by mass spectrometry	data-dependent acquisition	NT=label free sample;AC=MS:1002038	30	1	not available	NT=Trypsin;AC=MS:1001251	NT=Carbamidomethyl;AC=UNIMOD:4;TA=C;MT=Fixed	NT=Oxidation;AC=UNIMOD:21;TA=M;MT=Variable	not available	not available	NT=['DSS', 'PhoX'];AC=['XLMOD:02001', 'XLMOD:02258'];TA=['K,nterm', 'K,nterm']	Fe-NTA magnetic beads	1 mM	not available	60 min	not available	20241107_A549_PropargylAzide_1xLabeling_NoClick_HighpH_Rep1_F30.raw	NT=ms-proteomics;VV=v1.1.0	NT=crosslinking;VV=v1.0.0	NT=human;VV=v1.1.0
PXD059118_20230816_A549_1xDSS_LiveCells_HighpH_F04	Homo sapiens	whole cell lysate	not available	3	PXD059118_20230816_A549_1xDSS_LiveCells_HighpH_F04_assay	proteomic profiling by mass spectrometry	data-dependent acquisition	NT=label free sample;AC=MS:1002038	04	1	not available	NT=Trypsin;AC=MS:1001251	NT=Carbamidomethyl;AC=UNIMOD:4;TA=C;MT=Fixed	NT=Oxidation;AC=UNIMOD:21;TA=M;MT=Variable	not available	not available	NT=['DSS', 'PhoX'];AC=['XLMOD:02001', 'XLMOD:02258'];TA=['K,nterm', 'K,nterm']	Fe-NTA magnetic beads	1 mM	not available	60 min	not available	20230816_A549_1xDSS_LiveCells_HighpH_F04.raw	NT=ms-proteomics;VV=v1.1.0	NT=crosslinking;VV=v1.0.0	NT=human;VV=v1.1.0
PXD059118_20240524_A549_PropargylAzide_1xLabeling_Clicked_HighpH_F29	Homo sapiens	whole cell lysate	not available	2	PXD059118_20240524_A549_PropargylAzide_1xLabeling_Clicked_HighpH_F29_assay	proteomic profiling by mass spectrometry	data-dependent acquisition	NT=label free sample;AC=MS:1002038	29	1	not available	NT=Trypsin;AC=MS:1001251	NT=Carbamidomethyl;AC=UNIMOD:4;TA=C;MT=Fixed	NT=Oxidation;AC=UNIMOD:21;TA=M;MT=Variable	not available	not available	NT=['DSS', 'PhoX'];AC=['XLMOD:02001', 'XLMOD:02258'];TA=['K,nterm', 'K,nterm']	Fe-NTA magnetic beads	1 mM	not available	60 min	not available	20240524_A549_PropargylAzide_1xLabeling_Clicked_HighpH_F29.raw	NT=ms-proteomics;VV=v1.1.0	NT=crosslinking;VV=v1.0.0	NT=human;VV=v1.1.0
PXD059118_20240524_A549_PropargylAzide_1xLabeling_Clicked_HighpH_F12	Homo sapiens	whole cell lysate	not available	3	PXD059118_20240524_A549_PropargylAzide_1xLabeling_Clicked_HighpH_F12_assay	proteomic profiling by mass spectrometry	data-dependent acquisition	NT=label free sample;AC=MS:1002038	12	1	not available	NT=Trypsin;AC=MS:1001251	NT=Carbamidomethyl;AC=UNIMOD:4;TA=C;MT=Fixed	NT=Oxidation;AC=UNIMOD:21;TA=M;MT=Variable	not available	not available	NT=['DSS', 'PhoX'];AC=['XLMOD:02001', 'XLMOD:02258'];TA=['K,nterm', 'K,nterm']	Fe-NTA magnetic beads	1 mM	not available	60 min	not available	20240524_A549_PropargylAzide_1xLabeling_Clicked_HighpH_F12.raw	NT=ms-proteomics;VV=v1.1.0	NT=crosslinking;VV=v1.0.0	NT=human;VV=v1.1.0
PXD059118_20230816_A549_1xDSS_LiveCells_HighpH_F06	Homo sapiens	whole cell lysate	not available	3	PXD059118_20230816_A549_1xDSS_LiveCells_HighpH_F06_assay	proteomic profiling by mass spectrometry	data-dependent acquisition	NT=label free sample;AC=MS:1002038	06	1	not available	NT=Trypsin;AC=MS:1001251	NT=Carbamidomethyl;AC=UNIMOD:4;TA=C;MT=Fixed	NT=Oxidation;AC=UNIMOD:21;TA=M;MT=Variable	not available	not available	NT=['DSS', 'PhoX'];AC=['XLMOD:02001', 'XLMOD:02258'];TA=['K,nterm', 'K,nterm']	Fe-NTA magnetic beads	1 mM	not available	60 min	not available	20230816_A549_1xDSS_LiveCells_HighpH_F06.raw	NT=ms-proteomics;VV=v1.1.0	NT=crosslinking;VV=v1.0.0	NT=human;VV=v1.1.0
PXD059118_20241107_A549_PropargylAzide_1xLabeling_NoClick_HighpH_Rep2_F15	Homo sapiens	whole cell lysate	not available	2	PXD059118_20241107_A549_PropargylAzide_1xLabeling_NoClick_HighpH_Rep2_F15_assay	proteomic profiling by mass spectrometry	data-dependent acquisition	NT=label free sample;AC=MS:1002038	15	2	not available	NT=Trypsin;AC=MS:1001251	NT=Carbamidomethyl;AC=UNIMOD:4;TA=C;MT=Fixed	NT=Oxidation;AC=UNIMOD:21;TA=M;MT=Variable	not available	not available	NT=['DSS', 'PhoX'];AC=['XLMOD:02001', 'XLMOD:02258'];TA=['K,nterm', 'K,nterm']	Fe-NTA magnetic beads	1 mM	not available	60 min	not available	20241107_A549_PropargylAzide_1xLabeling_NoClick_HighpH_Rep2_F15.raw	NT=ms-proteomics;VV=v1.1.0	NT=crosslinking;VV=v1.0.0	NT=human;VV=v1.1.0
PXD059118_20240721_A549_PropargylAzide_1xLabeling_Clicked_SEC11_HighpH_F02	Homo sapiens	whole cell lysate	not available	16	PXD059118_20240721_A549_PropargylAzide_1xLabeling_Clicked_SEC11_HighpH_F02_assay	proteomic profiling by mass spectrometry	data-dependent acquisition	NT=label free sample;AC=MS:1002038	11	1	not available	NT=Trypsin;AC=MS:1001251	NT=Carbamidomethyl;AC=UNIMOD:4;TA=C;MT=Fixed	NT=Oxidation;AC=UNIMOD:21;TA=M;MT=Variable	not available	not available	NT=['DSS', 'PhoX'];AC=['XLMOD:02001', 'XLMOD:02258'];TA=['K,nterm', 'K,nterm']	Fe-NTA magnetic beads	1 mM	not available	60 min	not available	20240721_A549_PropargylAzide_1xLabeling_Clicked_SEC11_HighpH_F02.raw	NT=ms-proteomics;VV=v1.1.0	NT=crosslinking;VV=v1.0.0	NT=human;VV=v1.1.0
PXD059118_20241107_A549_PropargylAzide_1xLabeling_NoClick_HighpH_Rep2_F20	Homo sapiens	whole cell lysate	not available	1	PXD059118_20241107_A549_PropargylAzide_1xLabeling_NoClick_HighpH_Rep2_F20_assay	proteomic profiling by mass spectrometry	data-dependent acquisition	NT=label free sample;AC=MS:1002038	20	2	not available	NT=Trypsin;AC=MS:1001251	NT=Carbamidomethyl;AC=UNIMOD:4;TA=C;MT=Fixed	NT=Oxidation;AC=UNIMOD:21;TA=M;MT=Variable	not available	not available	NT=['DSS', 'PhoX'];AC=['XLMOD:02001', 'XLMOD:02258'];TA=['K,nterm', 'K,nterm']	Fe-NTA magnetic beads	1 mM	not available	60 min	not available	20241107_A549_PropargylAzide_1xLabeling_NoClick_HighpH_Rep2_F20.raw	NT=ms-proteomics;VV=v1.1.0	NT=crosslinking;VV=v1.0.0	NT=human;VV=v1.1.0
PXD059118_20241107_A549_PropargylAzide_1xLabeling_NoClick_HighpH_Rep2_F11	Homo sapiens	whole cell lysate	not available	17	PXD059118_20241107_A549_PropargylAzide_1xLabeling_NoClick_HighpH_Rep2_F11_assay	proteomic profiling by mass spectrometry	data-dependent acquisition	NT=label free sample;AC=MS:1002038	11	2	not available	NT=Trypsin;AC=MS:1001251	NT=Carbamidomethyl;AC=UNIMOD:4;TA=C;MT=Fixed	NT=Oxidation;AC=UNIMOD:21;TA=M;MT=Variable	not available	not available	NT=['DSS', 'PhoX'];AC=['XLMOD:02001', 'XLMOD:02258'];TA=['K,nterm', 'K,nterm']	Fe-NTA magnetic beads	1 mM	not available	60 min	not available	20241107_A549_PropargylAzide_1xLabeling_NoClick_HighpH_Rep2_F11.raw	NT=ms-proteomics;VV=v1.1.0	NT=crosslinking;VV=v1.0.0	NT=human;VV=v1.1.0
PXD059118_20241107_A549_PropargylAzide_1xLabeling_NoClick_HighpH_Rep2_F29	Homo sapiens	whole cell lysate	not available	3	PXD059118_20241107_A549_PropargylAzide_1xLabeling_NoClick_HighpH_Rep2_F29_assay	proteomic profiling by mass spectrometry	data-dependent acquisition	NT=label free sample;AC=MS:1002038	29	2	not available	NT=Trypsin;AC=MS:1001251	NT=Carbamidomethyl;AC=UNIMOD:4;TA=C;MT=Fixed	NT=Oxidation;AC=UNIMOD:21;TA=M;MT=Variable	not available	not available	NT=['DSS', 'PhoX'];AC=['XLMOD:02001', 'XLMOD:02258'];TA=['K,nterm', 'K,nterm']	Fe-NTA magnetic beads	1 mM	not available	60 min	not available	20241107_A549_PropargylAzide_1xLabeling_NoClick_HighpH_Rep2_F29.raw	NT=ms-proteomics;VV=v1.1.0	NT=crosslinking;VV=v1.0.0	NT=human;VV=v1.1.0
PXD059118_20241018_A549_Lysate_Propargyl_AzidoPEGOH_Clicked_Clicked_120min_Rep2	Homo sapiens	whole cell lysate	not available	31	PXD059118_20241018_A549_Lysate_Propargyl_AzidoPEGOH_Clicked_Clicked_120min_Rep2_assay	proteomic profiling by mass spectrometry	data-dependent acquisition	NT=label free sample;AC=MS:1002038	1	2	not available	NT=Trypsin;AC=MS:1001251	NT=Carbamidomethyl;AC=UNIMOD:4;TA=C;MT=Fixed	NT=Oxidation;AC=UNIMOD:21;TA=M;MT=Variable	not available	not available	NT=['DSS', 'PhoX'];AC=['XLMOD:02001', 'XLMOD:02258'];TA=['K,nterm', 'K,nterm']	Fe-NTA magnetic beads	1 mM	not available	60 min	not available	20241018_A549_Lysate_Propargyl_AzidoPEGOH_Clicked_Clicked_120min_Rep2.raw	NT=ms-proteomics;VV=v1.1.0	NT=crosslinking;VV=v1.0.0	NT=human;VV=v1.1.0
PXD059118_20240721_A549_PropargylAzide_1xLabeling_Clicked_SEC1-7_HighpH_F28	Homo sapiens	whole cell lysate	not available	32	PXD059118_20240721_A549_PropargylAzide_1xLabeling_Clicked_SEC1-7_HighpH_F28_assay	proteomic profiling by mass spectrometry	data-dependent acquisition	NT=label free sample;AC=MS:1002038	1	1	not available	NT=Trypsin;AC=MS:1001251	NT=Carbamidomethyl;AC=UNIMOD:4;TA=C;MT=Fixed	NT=Oxidation;AC=UNIMOD:21;TA=M;MT=Variable	not available	not available	NT=['DSS', 'PhoX'];AC=['XLMOD:02001', 'XLMOD:02258'];TA=['K,nterm', 'K,nterm']	Fe-NTA magnetic beads	1 mM	not available	60 min	not available	20240721_A549_PropargylAzide_1xLabeling_Clicked_SEC1-7_HighpH_F28.raw	NT=ms-proteomics;VV=v1.1.0	NT=crosslinking;VV=v1.0.0	NT=human;VV=v1.1.0
PXD059118_20241107_A549_PropargylAzide_1xLabeling_NoClick_HighpH_Rep1_F26	Homo sapiens	whole cell lysate	not available	1	PXD059118_20241107_A549_PropargylAzide_1xLabeling_NoClick_HighpH_Rep1_F26_assay	proteomic profiling by mass spectrometry	data-dependent acquisition	NT=label free sample;AC=MS:1002038	26	1	not available	NT=Trypsin;AC=MS:1001251	NT=Carbamidomethyl;AC=UNIMOD:4;TA=C;MT=Fixed	NT=Oxidation;AC=UNIMOD:21;TA=M;MT=Variable	not available	not available	NT=['DSS', 'PhoX'];AC=['XLMOD:02001', 'XLMOD:02258'];TA=['K,nterm', 'K,nterm']	Fe-NTA magnetic beads	1 mM	not available	60 min	not available	20241107_A549_PropargylAzide_1xLabeling_NoClick_HighpH_Rep1_F26.raw	NT=ms-proteomics;VV=v1.1.0	NT=crosslinking;VV=v1.0.0	NT=human;VV=v1.1.0
PXD059118_20241107_A549_PropargylAzide_1xLabeling_NoClick_HighpH_Rep1_F05	Homo sapiens	whole cell lysate	not available	3	PXD059118_20241107_A549_PropargylAzide_1xLabeling_NoClick_HighpH_Rep1_F05_assay	proteomic profiling by mass spectrometry	data-dependent acquisition	NT=label free sample;AC=MS:1002038	05	1	not available	NT=Trypsin;AC=MS:1001251	NT=Carbamidomethyl;AC=UNIMOD:4;TA=C;MT=Fixed	NT=Oxidation;AC=UNIMOD:21;TA=M;MT=Variable	not available	not available	NT=['DSS', 'PhoX'];AC=['XLMOD:02001', 'XLMOD:02258'];TA=['K,nterm', 'K,nterm']	Fe-NTA magnetic beads	1 mM	not available	60 min	not available	20241107_A549_PropargylAzide_1xLabeling_NoClick_HighpH_Rep1_F05.raw	NT=ms-proteomics;VV=v1.1.0	NT=crosslinking;VV=v1.0.0	NT=human;VV=v1.1.0
PXD059118_20241023_A549_Lysate_Propargyl_NoAzidoPEGOH_NoClick_Rep2	Homo sapiens	whole cell lysate	not available	33	PXD059118_20241023_A549_Lysate_Propargyl_NoAzidoPEGOH_NoClick_Rep2_assay	proteomic profiling by mass spectrometry	data-dependent acquisition	NT=label free sample;AC=MS:1002038	1	2	not available	NT=Trypsin;AC=MS:1001251	NT=Carbamidomethyl;AC=UNIMOD:4;TA=C;MT=Fixed	NT=Oxidation;AC=UNIMOD:21;TA=M;MT=Variable	not available	not available	NT=['DSS', 'PhoX'];AC=['XLMOD:02001', 'XLMOD:02258'];TA=['K,nterm', 'K,nterm']	Fe-NTA magnetic beads	1 mM	not available	60 min	not available	20241023_A549_Lysate_Propargyl_NoAzidoPEGOH_NoClick_Rep2.raw	NT=ms-proteomics;VV=v1.1.0	NT=crosslinking;VV=v1.0.0	NT=human;VV=v1.1.0
PXD059118_20240524_A549_PropargylAzide_1xLabeling_Clicked_HighpH_F03	Homo sapiens	whole cell lysate	not available	3	PXD059118_20240524_A549_PropargylAzide_1xLabeling_Clicked_HighpH_F03_assay	proteomic profiling by mass spectrometry	data-dependent acquisition	NT=label free sample;AC=MS:1002038	03	1	not available	NT=Trypsin;AC=MS:1001251	NT=Carbamidomethyl;AC=UNIMOD:4;TA=C;MT=Fixed	NT=Oxidation;AC=UNIMOD:21;TA=M;MT=Variable	not available	not available	NT=['DSS', 'PhoX'];AC=['XLMOD:02001', 'XLMOD:02258'];TA=['K,nterm', 'K,nterm']	Fe-NTA magnetic beads	1 mM	not available	60 min	not available	20240524_A549_PropargylAzide_1xLabeling_Clicked_HighpH_F03.raw	NT=ms-proteomics;VV=v1.1.0	NT=crosslinking;VV=v1.0.0	NT=human;VV=v1.1.0
PXD059118_20241018_A549_Lysate_Propargyl_AzidoPEGOH_Clicked_Clicked_5min_Rep3	Homo sapiens	whole cell lysate	not available	34	PXD059118_20241018_A549_Lysate_Propargyl_AzidoPEGOH_Clicked_Clicked_5min_Rep3_assay	proteomic profiling by mass spectrometry	data-dependent acquisition	NT=label free sample;AC=MS:1002038	1	3	not available	NT=Trypsin;AC=MS:1001251	NT=Carbamidomethyl;AC=UNIMOD:4;TA=C;MT=Fixed	NT=Oxidation;AC=UNIMOD:21;TA=M;MT=Variable	not available	not available	NT=['DSS', 'PhoX'];AC=['XLMOD:02001', 'XLMOD:02258'];TA=['K,nterm', 'K,nterm']	Fe-NTA magnetic beads	1 mM	not available	60 min	not available	20241018_A549_Lysate_Propargyl_AzidoPEGOH_Clicked_Clicked_5min_Rep3.raw	NT=ms-proteomics;VV=v1.1.0	NT=crosslinking;VV=v1.0.0	NT=human;VV=v1.1.0
PXD059118_20241107_A549_PropargylAzide_1xLabeling_NoClick_HighpH_Rep2_F19	Homo sapiens	whole cell lysate	not available	2	PXD059118_20241107_A549_PropargylAzide_1xLabeling_NoClick_HighpH_Rep2_F19_assay	proteomic profiling by mass spectrometry	data-dependent acquisition	NT=label free sample;AC=MS:1002038	19	2	not available	NT=Trypsin;AC=MS:1001251	NT=Carbamidomethyl;AC=UNIMOD:4;TA=C;MT=Fixed	NT=Oxidation;AC=UNIMOD:21;TA=M;MT=Variable	not available	not available	NT=['DSS', 'PhoX'];AC=['XLMOD:02001', 'XLMOD:02258'];TA=['K,nterm', 'K,nterm']	Fe-NTA magnetic beads	1 mM	not available	60 min	not available	20241107_A549_PropargylAzide_1xLabeling_NoClick_HighpH_Rep2_F19.raw	NT=ms-proteomics;VV=v1.1.0	NT=crosslinking;VV=v1.0.0	NT=human;VV=v1.1.0
PXD059118_20241018_A549_Lysate_Propargyl_AzidoPEGOH_Clicked_Clicked_120min_Rep1	Homo sapiens	whole cell lysate	not available	35	PXD059118_20241018_A549_Lysate_Propargyl_AzidoPEGOH_Clicked_Clicked_120min_Rep1_assay	proteomic profiling by mass spectrometry	data-dependent acquisition	NT=label free sample;AC=MS:1002038	1	1	not available	NT=Trypsin;AC=MS:1001251	NT=Carbamidomethyl;AC=UNIMOD:4;TA=C;MT=Fixed	NT=Oxidation;AC=UNIMOD:21;TA=M;MT=Variable	not available	not available	NT=['DSS', 'PhoX'];AC=['XLMOD:02001', 'XLMOD:02258'];TA=['K,nterm', 'K,nterm']	Fe-NTA magnetic beads	1 mM	not available	60 min	not available	20241018_A549_Lysate_Propargyl_AzidoPEGOH_Clicked_Clicked_120min_Rep1.raw	NT=ms-proteomics;VV=v1.1.0	NT=crosslinking;VV=v1.0.0	NT=human;VV=v1.1.0
PXD059118_20240721_A549_PropargylAzide_1xLabeling_Clicked_SEC8_HighpH_F12	Homo sapiens	whole cell lysate	not available	15	PXD059118_20240721_A549_PropargylAzide_1xLabeling_Clicked_SEC8_HighpH_F12_assay	proteomic profiling by mass spectrometry	data-dependent acquisition	NT=label free sample;AC=MS:1002038	8	1	not available	NT=Trypsin;AC=MS:1001251	NT=Carbamidomethyl;AC=UNIMOD:4;TA=C;MT=Fixed	NT=Oxidation;AC=UNIMOD:21;TA=M;MT=Variable	not available	not available	NT=['DSS', 'PhoX'];AC=['XLMOD:02001', 'XLMOD:02258'];TA=['K,nterm', 'K,nterm']	Fe-NTA magnetic beads	1 mM	not available	60 min	not available	20240721_A549_PropargylAzide_1xLabeling_Clicked_SEC8_HighpH_F12.raw	NT=ms-proteomics;VV=v1.1.0	NT=crosslinking;VV=v1.0.0	NT=human;VV=v1.1.0
PXD059118_20240721_A549_PropargylAzide_1xLabeling_Clicked_SEC10_HighpH_F14	Homo sapiens	whole cell lysate	not available	16	PXD059118_20240721_A549_PropargylAzide_1xLabeling_Clicked_SEC10_HighpH_F14_assay	proteomic profiling by mass spectrometry	data-dependent acquisition	NT=label free sample;AC=MS:1002038	10	1	not available	NT=Trypsin;AC=MS:1001251	NT=Carbamidomethyl;AC=UNIMOD:4;TA=C;MT=Fixed	NT=Oxidation;AC=UNIMOD:21;TA=M;MT=Variable	not available	not available	NT=['DSS', 'PhoX'];AC=['XLMOD:02001', 'XLMOD:02258'];TA=['K,nterm', 'K,nterm']	Fe-NTA magnetic beads	1 mM	not available	60 min	not available	20240721_A549_PropargylAzide_1xLabeling_Clicked_SEC10_HighpH_F14.raw	NT=ms-proteomics;VV=v1.1.0	NT=crosslinking;VV=v1.0.0	NT=human;VV=v1.1.0
PXD059118_20240721_A549_PropargylAzide_1xLabeling_Clicked_SEC10_HighpH_F18	Homo sapiens	whole cell lysate	not available	17	PXD059118_20240721_A549_PropargylAzide_1xLabeling_Clicked_SEC10_HighpH_F18_assay	proteomic profiling by mass spectrometry	data-dependent acquisition	NT=label free sample;AC=MS:1002038	10	1	not available	NT=Trypsin;AC=MS:1001251	NT=Carbamidomethyl;AC=UNIMOD:4;TA=C;MT=Fixed	NT=Oxidation;AC=UNIMOD:21;TA=M;MT=Variable	not available	not available	NT=['DSS', 'PhoX'];AC=['XLMOD:02001', 'XLMOD:02258'];TA=['K,nterm', 'K,nterm']	Fe-NTA magnetic beads	1 mM	not available	60 min	not available	20240721_A549_PropargylAzide_1xLabeling_Clicked_SEC10_HighpH_F18.raw	NT=ms-proteomics;VV=v1.1.0	NT=crosslinking;VV=v1.0.0	NT=human;VV=v1.1.0
PXD059118_20241107_A549_PropargylAzide_1xLabeling_NoClick_HighpH_Rep2_F13	Homo sapiens	whole cell lysate	not available	2	PXD059118_20241107_A549_PropargylAzide_1xLabeling_NoClick_HighpH_Rep2_F13_assay	proteomic profiling by mass spectrometry	data-dependent acquisition	NT=label free sample;AC=MS:1002038	13	2	not available	NT=Trypsin;AC=MS:1001251	NT=Carbamidomethyl;AC=UNIMOD:4;TA=C;MT=Fixed	NT=Oxidation;AC=UNIMOD:21;TA=M;MT=Variable	not available	not available	NT=['DSS', 'PhoX'];AC=['XLMOD:02001', 'XLMOD:02258'];TA=['K,nterm', 'K,nterm']	Fe-NTA magnetic beads	1 mM	not available	60 min	not available	20241107_A549_PropargylAzide_1xLabeling_NoClick_HighpH_Rep2_F13.raw	NT=ms-proteomics;VV=v1.1.0	NT=crosslinking;VV=v1.0.0	NT=human;VV=v1.1.0
PXD059118_20241107_A549_PropargylAzide_1xLabeling_NoClick_HighpH_Rep2_F16	Homo sapiens	whole cell lysate	not available	3	PXD059118_20241107_A549_PropargylAzide_1xLabeling_NoClick_HighpH_Rep2_F16_assay	proteomic profiling by mass spectrometry	data-dependent acquisition	NT=label free sample;AC=MS:1002038	16	2	not available	NT=Trypsin;AC=MS:1001251	NT=Carbamidomethyl;AC=UNIMOD:4;TA=C;MT=Fixed	NT=Oxidation;AC=UNIMOD:21;TA=M;MT=Variable	not available	not available	NT=['DSS', 'PhoX'];AC=['XLMOD:02001', 'XLMOD:02258'];TA=['K,nterm', 'K,nterm']	Fe-NTA magnetic beads	1 mM	not available	60 min	not available	20241107_A549_PropargylAzide_1xLabeling_NoClick_HighpH_Rep2_F16.raw	NT=ms-proteomics;VV=v1.1.0	NT=crosslinking;VV=v1.0.0	NT=human;VV=v1.1.0
PXD059118_20241107_A549_PropargylAzide_1xLabeling_NoClick_HighpH_Rep1_F08	Homo sapiens	whole cell lysate	not available	2	PXD059118_20241107_A549_PropargylAzide_1xLabeling_NoClick_HighpH_Rep1_F08_assay	proteomic profiling by mass spectrometry	data-dependent acquisition	NT=label free sample;AC=MS:1002038	08	1	not available	NT=Trypsin;AC=MS:1001251	NT=Carbamidomethyl;AC=UNIMOD:4;TA=C;MT=Fixed	NT=Oxidation;AC=UNIMOD:21;TA=M;MT=Variable	not available	not available	NT=['DSS', 'PhoX'];AC=['XLMOD:02001', 'XLMOD:02258'];TA=['K,nterm', 'K,nterm']	Fe-NTA magnetic beads	1 mM	not available	60 min	not available	20241107_A549_PropargylAzide_1xLabeling_NoClick_HighpH_Rep1_F08.raw	NT=ms-proteomics;VV=v1.1.0	NT=crosslinking;VV=v1.0.0	NT=human;VV=v1.1.0
PXD059118_20240721_A549_PropargylAzide_1xLabeling_Clicked_SEC11_HighpH_F27	Homo sapiens	whole cell lysate	not available	18	PXD059118_20240721_A549_PropargylAzide_1xLabeling_Clicked_SEC11_HighpH_F27_assay	proteomic profiling by mass spectrometry	data-dependent acquisition	NT=label free sample;AC=MS:1002038	11	1	not available	NT=Trypsin;AC=MS:1001251	NT=Carbamidomethyl;AC=UNIMOD:4;TA=C;MT=Fixed	NT=Oxidation;AC=UNIMOD:21;TA=M;MT=Variable	not available	not available	NT=['DSS', 'PhoX'];AC=['XLMOD:02001', 'XLMOD:02258'];TA=['K,nterm', 'K,nterm']	Fe-NTA magnetic beads	1 mM	not available	60 min	not available	20240721_A549_PropargylAzide_1xLabeling_Clicked_SEC11_HighpH_F27.raw	NT=ms-proteomics;VV=v1.1.0	NT=crosslinking;VV=v1.0.0	NT=human;VV=v1.1.0
PXD059118_20241107_A549_PropargylAzide_1xLabeling_NoClick_HighpH_Rep2_F30	Homo sapiens	whole cell lysate	not available	2	PXD059118_20241107_A549_PropargylAzide_1xLabeling_NoClick_HighpH_Rep2_F30_assay	proteomic profiling by mass spectrometry	data-dependent acquisition	NT=label free sample;AC=MS:1002038	30	2	not available	NT=Trypsin;AC=MS:1001251	NT=Carbamidomethyl;AC=UNIMOD:4;TA=C;MT=Fixed	NT=Oxidation;AC=UNIMOD:21;TA=M;MT=Variable	not available	not available	NT=['DSS', 'PhoX'];AC=['XLMOD:02001', 'XLMOD:02258'];TA=['K,nterm', 'K,nterm']	Fe-NTA magnetic beads	1 mM	not available	60 min	not available	20241107_A549_PropargylAzide_1xLabeling_NoClick_HighpH_Rep2_F30.raw	NT=ms-proteomics;VV=v1.1.0	NT=crosslinking;VV=v1.0.0	NT=human;VV=v1.1.0
PXD059118_20240721_A549_PropargylAzide_1xLabeling_Clicked_SEC9_HighpH_F28	Homo sapiens	whole cell lysate	not available	12	PXD059118_20240721_A549_PropargylAzide_1xLabeling_Clicked_SEC9_HighpH_F28_assay	proteomic profiling by mass spectrometry	data-dependent acquisition	NT=label free sample;AC=MS:1002038	9	1	not available	NT=Trypsin;AC=MS:1001251	NT=Carbamidomethyl;AC=UNIMOD:4;TA=C;MT=Fixed	NT=Oxidation;AC=UNIMOD:21;TA=M;MT=Variable	not available	not available	NT=['DSS', 'PhoX'];AC=['XLMOD:02001', 'XLMOD:02258'];TA=['K,nterm', 'K,nterm']	Fe-NTA magnetic beads	1 mM	not available	60 min	not available	20240721_A549_PropargylAzide_1xLabeling_Clicked_SEC9_HighpH_F28.raw	NT=ms-proteomics;VV=v1.1.0	NT=crosslinking;VV=v1.0.0	NT=human;VV=v1.1.0
PXD059118_20240721_A549_PropargylAzide_1xLabeling_Clicked_SEC9_HighpH_F18	Homo sapiens	whole cell lysate	not available	13	PXD059118_20240721_A549_PropargylAzide_1xLabeling_Clicked_SEC9_HighpH_F18_assay	proteomic profiling by mass spectrometry	data-dependent acquisition	NT=label free sample;AC=MS:1002038	9	1	not available	NT=Trypsin;AC=MS:1001251	NT=Carbamidomethyl;AC=UNIMOD:4;TA=C;MT=Fixed	NT=Oxidation;AC=UNIMOD:21;TA=M;MT=Variable	not available	not available	NT=['DSS', 'PhoX'];AC=['XLMOD:02001', 'XLMOD:02258'];TA=['K,nterm', 'K,nterm']	Fe-NTA magnetic beads	1 mM	not available	60 min	not available	20240721_A549_PropargylAzide_1xLabeling_Clicked_SEC9_HighpH_F18.raw	NT=ms-proteomics;VV=v1.1.0	NT=crosslinking;VV=v1.0.0	NT=human;VV=v1.1.0
PXD059118_20240829_A549_PropargylAzide_3xLabeling_NoClick_Rep1	Homo sapiens	whole cell lysate	not available	36	PXD059118_20240829_A549_PropargylAzide_3xLabeling_NoClick_Rep1_assay	proteomic profiling by mass spectrometry	data-dependent acquisition	NT=label free sample;AC=MS:1002038	1	1	not available	NT=Trypsin;AC=MS:1001251	NT=Carbamidomethyl;AC=UNIMOD:4;TA=C;MT=Fixed	NT=Oxidation;AC=UNIMOD:21;TA=M;MT=Variable	not available	not available	NT=['DSS', 'PhoX'];AC=['XLMOD:02001', 'XLMOD:02258'];TA=['K,nterm', 'K,nterm']	Fe-NTA magnetic beads	1 mM	not available	60 min	not available	20240829_A549_PropargylAzide_3xLabeling_NoClick_Rep1.raw	NT=ms-proteomics;VV=v1.1.0	NT=crosslinking;VV=v1.0.0	NT=human;VV=v1.1.0
PXD059118_20240721_A549_PropargylAzide_1xLabeling_Clicked_SEC10_HighpH_F30	Homo sapiens	whole cell lysate	not available	18	PXD059118_20240721_A549_PropargylAzide_1xLabeling_Clicked_SEC10_HighpH_F30_assay	proteomic profiling by mass spectrometry	data-dependent acquisition	NT=label free sample;AC=MS:1002038	10	1	not available	NT=Trypsin;AC=MS:1001251	NT=Carbamidomethyl;AC=UNIMOD:4;TA=C;MT=Fixed	NT=Oxidation;AC=UNIMOD:21;TA=M;MT=Variable	not available	not available	NT=['DSS', 'PhoX'];AC=['XLMOD:02001', 'XLMOD:02258'];TA=['K,nterm', 'K,nterm']	Fe-NTA magnetic beads	1 mM	not available	60 min	not available	20240721_A549_PropargylAzide_1xLabeling_Clicked_SEC10_HighpH_F30.raw	NT=ms-proteomics;VV=v1.1.0	NT=crosslinking;VV=v1.0.0	NT=human;VV=v1.1.0
PXD059118_20240721_A549_PropargylAzide_1xLabeling_Clicked_SEC8_HighpH_F09	Homo sapiens	whole cell lysate	not available	16	PXD059118_20240721_A549_PropargylAzide_1xLabeling_Clicked_SEC8_HighpH_F09_assay	proteomic profiling by mass spectrometry	data-dependent acquisition	NT=label free sample;AC=MS:1002038	8	1	not available	NT=Trypsin;AC=MS:1001251	NT=Carbamidomethyl;AC=UNIMOD:4;TA=C;MT=Fixed	NT=Oxidation;AC=UNIMOD:21;TA=M;MT=Variable	not available	not available	NT=['DSS', 'PhoX'];AC=['XLMOD:02001', 'XLMOD:02258'];TA=['K,nterm', 'K,nterm']	Fe-NTA magnetic beads	1 mM	not available	60 min	not available	20240721_A549_PropargylAzide_1xLabeling_Clicked_SEC8_HighpH_F09.raw	NT=ms-proteomics;VV=v1.1.0	NT=crosslinking;VV=v1.0.0	NT=human;VV=v1.1.0
PXD059118_20240721_A549_PropargylAzide_1xLabeling_Clicked_SEC10_HighpH_F04	Homo sapiens	whole cell lysate	not available	19	PXD059118_20240721_A549_PropargylAzide_1xLabeling_Clicked_SEC10_HighpH_F04_assay	proteomic profiling by mass spectrometry	data-dependent acquisition	NT=label free sample;AC=MS:1002038	10	1	not available	NT=Trypsin;AC=MS:1001251	NT=Carbamidomethyl;AC=UNIMOD:4;TA=C;MT=Fixed	NT=Oxidation;AC=UNIMOD:21;TA=M;MT=Variable	not available	not available	NT=['DSS', 'PhoX'];AC=['XLMOD:02001', 'XLMOD:02258'];TA=['K,nterm', 'K,nterm']	Fe-NTA magnetic beads	1 mM	not available	60 min	not available	20240721_A549_PropargylAzide_1xLabeling_Clicked_SEC10_HighpH_F04.raw	NT=ms-proteomics;VV=v1.1.0	NT=crosslinking;VV=v1.0.0	NT=human;VV=v1.1.0
PXD059118_20231224_A549_1xPhoX_FIXMS_IMAC_HighpH_F04	Homo sapiens	whole cell lysate	not available	4	PXD059118_20231224_A549_1xPhoX_FIXMS_IMAC_HighpH_F04_assay	proteomic profiling by mass spectrometry	data-dependent acquisition	NT=label free sample;AC=MS:1002038	04	1	not available	NT=Trypsin;AC=MS:1001251	NT=Carbamidomethyl;AC=UNIMOD:4;TA=C;MT=Fixed	NT=Oxidation;AC=UNIMOD:21;TA=M;MT=Variable	not available	not available	NT=['DSS', 'PhoX'];AC=['XLMOD:02001', 'XLMOD:02258'];TA=['K,nterm', 'K,nterm']	Fe-NTA magnetic beads	1 mM	not available	60 min	not available	20231224_A549_1xPhoX_FIXMS_IMAC_HighpH_F04.raw	NT=ms-proteomics;VV=v1.1.0	NT=crosslinking;VV=v1.0.0	NT=human;VV=v1.1.0
PXD059118_20240721_A549_PropargylAzide_1xLabeling_Clicked_SEC8_HighpH_F13	Homo sapiens	whole cell lysate	not available	17	PXD059118_20240721_A549_PropargylAzide_1xLabeling_Clicked_SEC8_HighpH_F13_assay	proteomic profiling by mass spectrometry	data-dependent acquisition	NT=label free sample;AC=MS:1002038	8	1	not available	NT=Trypsin;AC=MS:1001251	NT=Carbamidomethyl;AC=UNIMOD:4;TA=C;MT=Fixed	NT=Oxidation;AC=UNIMOD:21;TA=M;MT=Variable	not available	not available	NT=['DSS', 'PhoX'];AC=['XLMOD:02001', 'XLMOD:02258'];TA=['K,nterm', 'K,nterm']	Fe-NTA magnetic beads	1 mM	not available	60 min	not available	20240721_A549_PropargylAzide_1xLabeling_Clicked_SEC8_HighpH_F13.raw	NT=ms-proteomics;VV=v1.1.0	NT=crosslinking;VV=v1.0.0	NT=human;VV=v1.1.0
PXD059118_20240721_A549_PropargylAzide_1xLabeling_Clicked_SEC1-7_HighpH_F27	Homo sapiens	whole cell lysate	not available	37	PXD059118_20240721_A549_PropargylAzide_1xLabeling_Clicked_SEC1-7_HighpH_F27_assay	proteomic profiling by mass spectrometry	data-dependent acquisition	NT=label free sample;AC=MS:1002038	1	1	not available	NT=Trypsin;AC=MS:1001251	NT=Carbamidomethyl;AC=UNIMOD:4;TA=C;MT=Fixed	NT=Oxidation;AC=UNIMOD:21;TA=M;MT=Variable	not available	not available	NT=['DSS', 'PhoX'];AC=['XLMOD:02001', 'XLMOD:02258'];TA=['K,nterm', 'K,nterm']	Fe-NTA magnetic beads	1 mM	not available	60 min	not available	20240721_A549_PropargylAzide_1xLabeling_Clicked_SEC1-7_HighpH_F27.raw	NT=ms-proteomics;VV=v1.1.0	NT=crosslinking;VV=v1.0.0	NT=human;VV=v1.1.0
PXD059118_20241125_U2OS_NoLabeling_Control_HighpH_F01	Homo sapiens	whole cell lysate	not available	4	PXD059118_20241125_U2OS_NoLabeling_Control_HighpH_F01_assay	proteomic profiling by mass spectrometry	data-dependent acquisition	NT=label free sample;AC=MS:1002038	01	1	not available	NT=Trypsin;AC=MS:1001251	NT=Carbamidomethyl;AC=UNIMOD:4;TA=C;MT=Fixed	NT=Oxidation;AC=UNIMOD:21;TA=M;MT=Variable	not available	not available	NT=['DSS', 'PhoX'];AC=['XLMOD:02001', 'XLMOD:02258'];TA=['K,nterm', 'K,nterm']	Fe-NTA magnetic beads	1 mM	not available	60 min	not available	20241125_U2OS_NoLabeling_Control_HighpH_F01.raw	NT=ms-proteomics;VV=v1.1.0	NT=crosslinking;VV=v1.0.0	NT=human;VV=v1.1.0
PXD059118_20240412_A549_PropargylAzide_1xLabeling_Clicked_Rep2	Homo sapiens	whole cell lysate	not available	38	PXD059118_20240412_A549_PropargylAzide_1xLabeling_Clicked_Rep2_assay	proteomic profiling by mass spectrometry	data-dependent acquisition	NT=label free sample;AC=MS:1002038	1	2	not available	NT=Trypsin;AC=MS:1001251	NT=Carbamidomethyl;AC=UNIMOD:4;TA=C;MT=Fixed	NT=Oxidation;AC=UNIMOD:21;TA=M;MT=Variable	not available	not available	NT=['DSS', 'PhoX'];AC=['XLMOD:02001', 'XLMOD:02258'];TA=['K,nterm', 'K,nterm']	Fe-NTA magnetic beads	1 mM	not available	60 min	not available	20240412_A549_PropargylAzide_1xLabeling_Clicked_Rep2.raw	NT=ms-proteomics;VV=v1.1.0	NT=crosslinking;VV=v1.0.0	NT=human;VV=v1.1.0
PXD059118_20240721_A549_PropargylAzide_1xLabeling_Clicked_SEC11_HighpH_F15	Homo sapiens	whole cell lysate	not available	19	PXD059118_20240721_A549_PropargylAzide_1xLabeling_Clicked_SEC11_HighpH_F15_assay	proteomic profiling by mass spectrometry	data-dependent acquisition	NT=label free sample;AC=MS:1002038	11	1	not available	NT=Trypsin;AC=MS:1001251	NT=Carbamidomethyl;AC=UNIMOD:4;TA=C;MT=Fixed	NT=Oxidation;AC=UNIMOD:21;TA=M;MT=Variable	not available	not available	NT=['DSS', 'PhoX'];AC=['XLMOD:02001', 'XLMOD:02258'];TA=['K,nterm', 'K,nterm']	Fe-NTA magnetic beads	1 mM	not available	60 min	not available	20240721_A549_PropargylAzide_1xLabeling_Clicked_SEC11_HighpH_F15.raw	NT=ms-proteomics;VV=v1.1.0	NT=crosslinking;VV=v1.0.0	NT=human;VV=v1.1.0
PXD059118_20240524_A549_PropargylAzide_1xLabeling_Clicked_HighpH_F21	Homo sapiens	whole cell lysate	not available	2	PXD059118_20240524_A549_PropargylAzide_1xLabeling_Clicked_HighpH_F21_assay	proteomic profiling by mass spectrometry	data-dependent acquisition	NT=label free sample;AC=MS:1002038	21	1	not available	NT=Trypsin;AC=MS:1001251	NT=Carbamidomethyl;AC=UNIMOD:4;TA=C;MT=Fixed	NT=Oxidation;AC=UNIMOD:21;TA=M;MT=Variable	not available	not available	NT=['DSS', 'PhoX'];AC=['XLMOD:02001', 'XLMOD:02258'];TA=['K,nterm', 'K,nterm']	Fe-NTA magnetic beads	1 mM	not available	60 min	not available	20240524_A549_PropargylAzide_1xLabeling_Clicked_HighpH_F21.raw	NT=ms-proteomics;VV=v1.1.0	NT=crosslinking;VV=v1.0.0	NT=human;VV=v1.1.0
PXD059118_20231224_A549_1xPhoX_FIXMS_IMAC_HighpH_F01	Homo sapiens	whole cell lysate	not available	5	PXD059118_20231224_A549_1xPhoX_FIXMS_IMAC_HighpH_F01_assay	proteomic profiling by mass spectrometry	data-dependent acquisition	NT=label free sample;AC=MS:1002038	01	1	not available	NT=Trypsin;AC=MS:1001251	NT=Carbamidomethyl;AC=UNIMOD:4;TA=C;MT=Fixed	NT=Oxidation;AC=UNIMOD:21;TA=M;MT=Variable	not available	not available	NT=['DSS', 'PhoX'];AC=['XLMOD:02001', 'XLMOD:02258'];TA=['K,nterm', 'K,nterm']	Fe-NTA magnetic beads	1 mM	not available	60 min	not available	20231224_A549_1xPhoX_FIXMS_IMAC_HighpH_F01.raw	NT=ms-proteomics;VV=v1.1.0	NT=crosslinking;VV=v1.0.0	NT=human;VV=v1.1.0
PXD059118_20240721_A549_PropargylAzide_1xLabeling_Clicked_SEC10_HighpH_F02	Homo sapiens	whole cell lysate	not available	20	PXD059118_20240721_A549_PropargylAzide_1xLabeling_Clicked_SEC10_HighpH_F02_assay	proteomic profiling by mass spectrometry	data-dependent acquisition	NT=label free sample;AC=MS:1002038	10	1	not available	NT=Trypsin;AC=MS:1001251	NT=Carbamidomethyl;AC=UNIMOD:4;TA=C;MT=Fixed	NT=Oxidation;AC=UNIMOD:21;TA=M;MT=Variable	not available	not available	NT=['DSS', 'PhoX'];AC=['XLMOD:02001', 'XLMOD:02258'];TA=['K,nterm', 'K,nterm']	Fe-NTA magnetic beads	1 mM	not available	60 min	not available	20240721_A549_PropargylAzide_1xLabeling_Clicked_SEC10_HighpH_F02.raw	NT=ms-proteomics;VV=v1.1.0	NT=crosslinking;VV=v1.0.0	NT=human;VV=v1.1.0
PXD059118_20240721_A549_PropargylAzide_1xLabeling_Clicked_SEC9_HighpH_F13	Homo sapiens	whole cell lysate	not available	14	PXD059118_20240721_A549_PropargylAzide_1xLabeling_Clicked_SEC9_HighpH_F13_assay	proteomic profiling by mass spectrometry	data-dependent acquisition	NT=label free sample;AC=MS:1002038	9	1	not available	NT=Trypsin;AC=MS:1001251	NT=Carbamidomethyl;AC=UNIMOD:4;TA=C;MT=Fixed	NT=Oxidation;AC=UNIMOD:21;TA=M;MT=Variable	not available	not available	NT=['DSS', 'PhoX'];AC=['XLMOD:02001', 'XLMOD:02258'];TA=['K,nterm', 'K,nterm']	Fe-NTA magnetic beads	1 mM	not available	60 min	not available	20240721_A549_PropargylAzide_1xLabeling_Clicked_SEC9_HighpH_F13.raw	NT=ms-proteomics;VV=v1.1.0	NT=crosslinking;VV=v1.0.0	NT=human;VV=v1.1.0
PXD059118_20240721_A549_PropargylAzide_1xLabeling_Clicked_SEC1-7_HighpH_F01	Homo sapiens	whole cell lysate	not available	39	PXD059118_20240721_A549_PropargylAzide_1xLabeling_Clicked_SEC1-7_HighpH_F01_assay	proteomic profiling by mass spectrometry	data-dependent acquisition	NT=label free sample;AC=MS:1002038	1	1	not available	NT=Trypsin;AC=MS:1001251	NT=Carbamidomethyl;AC=UNIMOD:4;TA=C;MT=Fixed	NT=Oxidation;AC=UNIMOD:21;TA=M;MT=Variable	not available	not available	NT=['DSS', 'PhoX'];AC=['XLMOD:02001', 'XLMOD:02258'];TA=['K,nterm', 'K,nterm']	Fe-NTA magnetic beads	1 mM	not available	60 min	not available	20240721_A549_PropargylAzide_1xLabeling_Clicked_SEC1-7_HighpH_F01.raw	NT=ms-proteomics;VV=v1.1.0	NT=crosslinking;VV=v1.0.0	NT=human;VV=v1.1.0
PXD059118_20240721_A549_PropargylAzide_1xLabeling_Clicked_SEC1-7_HighpH_F17	Homo sapiens	whole cell lysate	not available	40	PXD059118_20240721_A549_PropargylAzide_1xLabeling_Clicked_SEC1-7_HighpH_F17_assay	proteomic profiling by mass spectrometry	data-dependent acquisition	NT=label free sample;AC=MS:1002038	1	1	not available	NT=Trypsin;AC=MS:1001251	NT=Carbamidomethyl;AC=UNIMOD:4;TA=C;MT=Fixed	NT=Oxidation;AC=UNIMOD:21;TA=M;MT=Variable	not available	not available	NT=['DSS', 'PhoX'];AC=['XLMOD:02001', 'XLMOD:02258'];TA=['K,nterm', 'K,nterm']	Fe-NTA magnetic beads	1 mM	not available	60 min	not available	20240721_A549_PropargylAzide_1xLabeling_Clicked_SEC1-7_HighpH_F17.raw	NT=ms-proteomics;VV=v1.1.0	NT=crosslinking;VV=v1.0.0	NT=human;VV=v1.1.0
PXD059118_20240524_A549_PropargylAzide_1xLabeling_Clicked_HighpH_F04	Homo sapiens	whole cell lysate	not available	5	PXD059118_20240524_A549_PropargylAzide_1xLabeling_Clicked_HighpH_F04_assay	proteomic profiling by mass spectrometry	data-dependent acquisition	NT=label free sample;AC=MS:1002038	04	1	not available	NT=Trypsin;AC=MS:1001251	NT=Carbamidomethyl;AC=UNIMOD:4;TA=C;MT=Fixed	NT=Oxidation;AC=UNIMOD:21;TA=M;MT=Variable	not available	not available	NT=['DSS', 'PhoX'];AC=['XLMOD:02001', 'XLMOD:02258'];TA=['K,nterm', 'K,nterm']	Fe-NTA magnetic beads	1 mM	not available	60 min	not available	20240524_A549_PropargylAzide_1xLabeling_Clicked_HighpH_F04.raw	NT=ms-proteomics;VV=v1.1.0	NT=crosslinking;VV=v1.0.0	NT=human;VV=v1.1.0
PXD059118_20241023_A549_Lysate_Propargyl_AzidoPEGOH_Clicked_Clicked_1min_Rep2	Homo sapiens	whole cell lysate	not available	41	PXD059118_20241023_A549_Lysate_Propargyl_AzidoPEGOH_Clicked_Clicked_1min_Rep2_assay	proteomic profiling by mass spectrometry	data-dependent acquisition	NT=label free sample;AC=MS:1002038	1	2	not available	NT=Trypsin;AC=MS:1001251	NT=Carbamidomethyl;AC=UNIMOD:4;TA=C;MT=Fixed	NT=Oxidation;AC=UNIMOD:21;TA=M;MT=Variable	not available	not available	NT=['DSS', 'PhoX'];AC=['XLMOD:02001', 'XLMOD:02258'];TA=['K,nterm', 'K,nterm']	Fe-NTA magnetic beads	1 mM	not available	60 min	not available	20241023_A549_Lysate_Propargyl_AzidoPEGOH_Clicked_Clicked_1min_Rep2.raw	NT=ms-proteomics;VV=v1.1.0	NT=crosslinking;VV=v1.0.0	NT=human;VV=v1.1.0
PXD059118_20241107_A549_PropargylAzide_1xLabeling_NoClick_HighpH_Rep1_F01	Homo sapiens	whole cell lysate	not available	6	PXD059118_20241107_A549_PropargylAzide_1xLabeling_NoClick_HighpH_Rep1_F01_assay	proteomic profiling by mass spectrometry	data-dependent acquisition	NT=label free sample;AC=MS:1002038	01	1	not available	NT=Trypsin;AC=MS:1001251	NT=Carbamidomethyl;AC=UNIMOD:4;TA=C;MT=Fixed	NT=Oxidation;AC=UNIMOD:21;TA=M;MT=Variable	not available	not available	NT=['DSS', 'PhoX'];AC=['XLMOD:02001', 'XLMOD:02258'];TA=['K,nterm', 'K,nterm']	Fe-NTA magnetic beads	1 mM	not available	60 min	not available	20241107_A549_PropargylAzide_1xLabeling_NoClick_HighpH_Rep1_F01.raw	NT=ms-proteomics;VV=v1.1.0	NT=crosslinking;VV=v1.0.0	NT=human;VV=v1.1.0
PXD059118_20230901_A549_1xDSS_FIXMS_HighpH_F04	Homo sapiens	whole cell lysate	not available	6	PXD059118_20230901_A549_1xDSS_FIXMS_HighpH_F04_assay	proteomic profiling by mass spectrometry	data-dependent acquisition	NT=label free sample;AC=MS:1002038	04	1	not available	NT=Trypsin;AC=MS:1001251	NT=Carbamidomethyl;AC=UNIMOD:4;TA=C;MT=Fixed	NT=Oxidation;AC=UNIMOD:21;TA=M;MT=Variable	not available	not available	NT=['DSS', 'PhoX'];AC=['XLMOD:02001', 'XLMOD:02258'];TA=['K,nterm', 'K,nterm']	Fe-NTA magnetic beads	1 mM	not available	60 min	not available	20230901_A549_1xDSS_FIXMS_HighpH_F04.raw	NT=ms-proteomics;VV=v1.1.0	NT=crosslinking;VV=v1.0.0	NT=human;VV=v1.1.0
PXD059118_20240403_Ecoli_Propargyl_AzidePEGOH_NoClick_Rep1	Escherichia coli	whole cell lysate	not available	42	PXD059118_20240403_Ecoli_Propargyl_AzidePEGOH_NoClick_Rep1_assay	proteomic profiling by mass spectrometry	data-dependent acquisition	NT=label free sample;AC=MS:1002038	1	1	not available	NT=Trypsin;AC=MS:1001251	NT=Carbamidomethyl;AC=UNIMOD:4;TA=C;MT=Fixed	NT=Oxidation;AC=UNIMOD:21;TA=M;MT=Variable	not available	not available	NT=['DSS', 'PhoX'];AC=['XLMOD:02001', 'XLMOD:02258'];TA=['K,nterm', 'K,nterm']	Fe-NTA magnetic beads	1 mM	not available	60 min	not available	20240403_Ecoli_Propargyl_AzidePEGOH_NoClick_Rep1.raw	NT=ms-proteomics;VV=v1.1.0	NT=crosslinking;VV=v1.0.0	NT=human;VV=v1.1.0
PXD059118_20240524_A549_PropargylAzide_1xLabeling_Clicked_HighpH_F02	Homo sapiens	whole cell lysate	not available	4	PXD059118_20240524_A549_PropargylAzide_1xLabeling_Clicked_HighpH_F02_assay	proteomic profiling by mass spectrometry	data-dependent acquisition	NT=label free sample;AC=MS:1002038	02	1	not available	NT=Trypsin;AC=MS:1001251	NT=Carbamidomethyl;AC=UNIMOD:4;TA=C;MT=Fixed	NT=Oxidation;AC=UNIMOD:21;TA=M;MT=Variable	not available	not available	NT=['DSS', 'PhoX'];AC=['XLMOD:02001', 'XLMOD:02258'];TA=['K,nterm', 'K,nterm']	Fe-NTA magnetic beads	1 mM	not available	60 min	not available	20240524_A549_PropargylAzide_1xLabeling_Clicked_HighpH_F02.raw	NT=ms-proteomics;VV=v1.1.0	NT=crosslinking;VV=v1.0.0	NT=human;VV=v1.1.0
PXD059118_20241125_U2OS_NoLabeling_Control_HighpH_F12	Homo sapiens	whole cell lysate	not available	4	PXD059118_20241125_U2OS_NoLabeling_Control_HighpH_F12_assay	proteomic profiling by mass spectrometry	data-dependent acquisition	NT=label free sample;AC=MS:1002038	12	1	not available	NT=Trypsin;AC=MS:1001251	NT=Carbamidomethyl;AC=UNIMOD:4;TA=C;MT=Fixed	NT=Oxidation;AC=UNIMOD:21;TA=M;MT=Variable	not available	not available	NT=['DSS', 'PhoX'];AC=['XLMOD:02001', 'XLMOD:02258'];TA=['K,nterm', 'K,nterm']	Fe-NTA magnetic beads	1 mM	not available	60 min	not available	20241125_U2OS_NoLabeling_Control_HighpH_F12.raw	NT=ms-proteomics;VV=v1.1.0	NT=crosslinking;VV=v1.0.0	NT=human;VV=v1.1.0
PXD059118_20240721_A549_PropargylAzide_1xLabeling_Clicked_SEC8_HighpH_F06	Homo sapiens	whole cell lysate	not available	18	PXD059118_20240721_A549_PropargylAzide_1xLabeling_Clicked_SEC8_HighpH_F06_assay	proteomic profiling by mass spectrometry	data-dependent acquisition	NT=label free sample;AC=MS:1002038	8	1	not available	NT=Trypsin;AC=MS:1001251	NT=Carbamidomethyl;AC=UNIMOD:4;TA=C;MT=Fixed	NT=Oxidation;AC=UNIMOD:21;TA=M;MT=Variable	not available	not available	NT=['DSS', 'PhoX'];AC=['XLMOD:02001', 'XLMOD:02258'];TA=['K,nterm', 'K,nterm']	Fe-NTA magnetic beads	1 mM	not available	60 min	not available	20240721_A549_PropargylAzide_1xLabeling_Clicked_SEC8_HighpH_F06.raw	NT=ms-proteomics;VV=v1.1.0	NT=crosslinking;VV=v1.0.0	NT=human;VV=v1.1.0
PXD059118_20241107_A549_PropargylAzide_1xLabeling_NoClick_HighpH_Rep1_F28	Homo sapiens	whole cell lysate	not available	2	PXD059118_20241107_A549_PropargylAzide_1xLabeling_NoClick_HighpH_Rep1_F28_assay	proteomic profiling by mass spectrometry	data-dependent acquisition	NT=label free sample;AC=MS:1002038	28	1	not available	NT=Trypsin;AC=MS:1001251	NT=Carbamidomethyl;AC=UNIMOD:4;TA=C;MT=Fixed	NT=Oxidation;AC=UNIMOD:21;TA=M;MT=Variable	not available	not available	NT=['DSS', 'PhoX'];AC=['XLMOD:02001', 'XLMOD:02258'];TA=['K,nterm', 'K,nterm']	Fe-NTA magnetic beads	1 mM	not available	60 min	not available	20241107_A549_PropargylAzide_1xLabeling_NoClick_HighpH_Rep1_F28.raw	NT=ms-proteomics;VV=v1.1.0	NT=crosslinking;VV=v1.0.0	NT=human;VV=v1.1.0
PXD059118_20240721_A549_PropargylAzide_1xLabeling_Clicked_SEC1-7_HighpH_F24	Homo sapiens	whole cell lysate	not available	43	PXD059118_20240721_A549_PropargylAzide_1xLabeling_Clicked_SEC1-7_HighpH_F24_assay	proteomic profiling by mass spectrometry	data-dependent acquisition	NT=label free sample;AC=MS:1002038	1	1	not available	NT=Trypsin;AC=MS:1001251	NT=Carbamidomethyl;AC=UNIMOD:4;TA=C;MT=Fixed	NT=Oxidation;AC=UNIMOD:21;TA=M;MT=Variable	not available	not available	NT=['DSS', 'PhoX'];AC=['XLMOD:02001', 'XLMOD:02258'];TA=['K,nterm', 'K,nterm']	Fe-NTA magnetic beads	1 mM	not available	60 min	not available	20240721_A549_PropargylAzide_1xLabeling_Clicked_SEC1-7_HighpH_F24.raw	NT=ms-proteomics;VV=v1.1.0	NT=crosslinking;VV=v1.0.0	NT=human;VV=v1.1.0
PXD059118_20240721_A549_PropargylAzide_1xLabeling_Clicked_SEC9_HighpH_F05	Homo sapiens	whole cell lysate	not available	15	PXD059118_20240721_A549_PropargylAzide_1xLabeling_Clicked_SEC9_HighpH_F05_assay	proteomic profiling by mass spectrometry	data-dependent acquisition	NT=label free sample;AC=MS:1002038	9	1	not available	NT=Trypsin;AC=MS:1001251	NT=Carbamidomethyl;AC=UNIMOD:4;TA=C;MT=Fixed	NT=Oxidation;AC=UNIMOD:21;TA=M;MT=Variable	not available	not available	NT=['DSS', 'PhoX'];AC=['XLMOD:02001', 'XLMOD:02258'];TA=['K,nterm', 'K,nterm']	Fe-NTA magnetic beads	1 mM	not available	60 min	not available	20240721_A549_PropargylAzide_1xLabeling_Clicked_SEC9_HighpH_F05.raw	NT=ms-proteomics;VV=v1.1.0	NT=crosslinking;VV=v1.0.0	NT=human;VV=v1.1.0
PXD059118_20240721_A549_PropargylAzide_1xLabeling_Clicked_SEC10_HighpH_F17	Homo sapiens	whole cell lysate	not available	21	PXD059118_20240721_A549_PropargylAzide_1xLabeling_Clicked_SEC10_HighpH_F17_assay	proteomic profiling by mass spectrometry	data-dependent acquisition	NT=label free sample;AC=MS:1002038	10	1	not available	NT=Trypsin;AC=MS:1001251	NT=Carbamidomethyl;AC=UNIMOD:4;TA=C;MT=Fixed	NT=Oxidation;AC=UNIMOD:21;TA=M;MT=Variable	not available	not available	NT=['DSS', 'PhoX'];AC=['XLMOD:02001', 'XLMOD:02258'];TA=['K,nterm', 'K,nterm']	Fe-NTA magnetic beads	1 mM	not available	60 min	not available	20240721_A549_PropargylAzide_1xLabeling_Clicked_SEC10_HighpH_F17.raw	NT=ms-proteomics;VV=v1.1.0	NT=crosslinking;VV=v1.0.0	NT=human;VV=v1.1.0
PXD059118_20240721_A549_PropargylAzide_1xLabeling_Clicked_SEC10_HighpH_F15	Homo sapiens	whole cell lysate	not available	22	PXD059118_20240721_A549_PropargylAzide_1xLabeling_Clicked_SEC10_HighpH_F15_assay	proteomic profiling by mass spectrometry	data-dependent acquisition	NT=label free sample;AC=MS:1002038	10	1	not available	NT=Trypsin;AC=MS:1001251	NT=Carbamidomethyl;AC=UNIMOD:4;TA=C;MT=Fixed	NT=Oxidation;AC=UNIMOD:21;TA=M;MT=Variable	not available	not available	NT=['DSS', 'PhoX'];AC=['XLMOD:02001', 'XLMOD:02258'];TA=['K,nterm', 'K,nterm']	Fe-NTA magnetic beads	1 mM	not available	60 min	not available	20240721_A549_PropargylAzide_1xLabeling_Clicked_SEC10_HighpH_F15.raw	NT=ms-proteomics;VV=v1.1.0	NT=crosslinking;VV=v1.0.0	NT=human;VV=v1.1.0
PXD059118_20240721_A549_PropargylAzide_1xLabeling_Clicked_SEC8_HighpH_F16	Homo sapiens	whole cell lysate	not available	19	PXD059118_20240721_A549_PropargylAzide_1xLabeling_Clicked_SEC8_HighpH_F16_assay	proteomic profiling by mass spectrometry	data-dependent acquisition	NT=label free sample;AC=MS:1002038	8	1	not available	NT=Trypsin;AC=MS:1001251	NT=Carbamidomethyl;AC=UNIMOD:4;TA=C;MT=Fixed	NT=Oxidation;AC=UNIMOD:21;TA=M;MT=Variable	not available	not available	NT=['DSS', 'PhoX'];AC=['XLMOD:02001', 'XLMOD:02258'];TA=['K,nterm', 'K,nterm']	Fe-NTA magnetic beads	1 mM	not available	60 min	not available	20240721_A549_PropargylAzide_1xLabeling_Clicked_SEC8_HighpH_F16.raw	NT=ms-proteomics;VV=v1.1.0	NT=crosslinking;VV=v1.0.0	NT=human;VV=v1.1.0
PXD059118_20240524_A549_PropargylAzide_1xLabeling_Clicked_HighpH_F30	Homo sapiens	whole cell lysate	not available	3	PXD059118_20240524_A549_PropargylAzide_1xLabeling_Clicked_HighpH_F30_assay	proteomic profiling by mass spectrometry	data-dependent acquisition	NT=label free sample;AC=MS:1002038	30	1	not available	NT=Trypsin;AC=MS:1001251	NT=Carbamidomethyl;AC=UNIMOD:4;TA=C;MT=Fixed	NT=Oxidation;AC=UNIMOD:21;TA=M;MT=Variable	not available	not available	NT=['DSS', 'PhoX'];AC=['XLMOD:02001', 'XLMOD:02258'];TA=['K,nterm', 'K,nterm']	Fe-NTA magnetic beads	1 mM	not available	60 min	not available	20240524_A549_PropargylAzide_1xLabeling_Clicked_HighpH_F30.raw	NT=ms-proteomics;VV=v1.1.0	NT=crosslinking;VV=v1.0.0	NT=human;VV=v1.1.0
PXD059118_20240721_A549_PropargylAzide_1xLabeling_Clicked_SEC10_HighpH_F08	Homo sapiens	whole cell lysate	not available	23	PXD059118_20240721_A549_PropargylAzide_1xLabeling_Clicked_SEC10_HighpH_F08_assay	proteomic profiling by mass spectrometry	data-dependent acquisition	NT=label free sample;AC=MS:1002038	10	1	not available	NT=Trypsin;AC=MS:1001251	NT=Carbamidomethyl;AC=UNIMOD:4;TA=C;MT=Fixed	NT=Oxidation;AC=UNIMOD:21;TA=M;MT=Variable	not available	not available	NT=['DSS', 'PhoX'];AC=['XLMOD:02001', 'XLMOD:02258'];TA=['K,nterm', 'K,nterm']	Fe-NTA magnetic beads	1 mM	not available	60 min	not available	20240721_A549_PropargylAzide_1xLabeling_Clicked_SEC10_HighpH_F08.raw	NT=ms-proteomics;VV=v1.1.0	NT=crosslinking;VV=v1.0.0	NT=human;VV=v1.1.0
PXD059118_20240721_A549_PropargylAzide_1xLabeling_Clicked_SEC11_HighpH_F29	Homo sapiens	whole cell lysate	not available	20	PXD059118_20240721_A549_PropargylAzide_1xLabeling_Clicked_SEC11_HighpH_F29_assay	proteomic profiling by mass spectrometry	data-dependent acquisition	NT=label free sample;AC=MS:1002038	11	1	not available	NT=Trypsin;AC=MS:1001251	NT=Carbamidomethyl;AC=UNIMOD:4;TA=C;MT=Fixed	NT=Oxidation;AC=UNIMOD:21;TA=M;MT=Variable	not available	not available	NT=['DSS', 'PhoX'];AC=['XLMOD:02001', 'XLMOD:02258'];TA=['K,nterm', 'K,nterm']	Fe-NTA magnetic beads	1 mM	not available	60 min	not available	20240721_A549_PropargylAzide_1xLabeling_Clicked_SEC11_HighpH_F29.raw	NT=ms-proteomics;VV=v1.1.0	NT=crosslinking;VV=v1.0.0	NT=human;VV=v1.1.0
PXD059118_20240721_A549_PropargylAzide_1xLabeling_Clicked_SEC11_HighpH_F23	Homo sapiens	whole cell lysate	not available	21	PXD059118_20240721_A549_PropargylAzide_1xLabeling_Clicked_SEC11_HighpH_F23_assay	proteomic profiling by mass spectrometry	data-dependent acquisition	NT=label free sample;AC=MS:1002038	11	1	not available	NT=Trypsin;AC=MS:1001251	NT=Carbamidomethyl;AC=UNIMOD:4;TA=C;MT=Fixed	NT=Oxidation;AC=UNIMOD:21;TA=M;MT=Variable	not available	not available	NT=['DSS', 'PhoX'];AC=['XLMOD:02001', 'XLMOD:02258'];TA=['K,nterm', 'K,nterm']	Fe-NTA magnetic beads	1 mM	not available	60 min	not available	20240721_A549_PropargylAzide_1xLabeling_Clicked_SEC11_HighpH_F23.raw	NT=ms-proteomics;VV=v1.1.0	NT=crosslinking;VV=v1.0.0	NT=human;VV=v1.1.0
PXD059118_20241125_U2OS_NoLabeling_Control_HighpH_F03	Homo sapiens	whole cell lysate	not available	4	PXD059118_20241125_U2OS_NoLabeling_Control_HighpH_F03_assay	proteomic profiling by mass spectrometry	data-dependent acquisition	NT=label free sample;AC=MS:1002038	03	1	not available	NT=Trypsin;AC=MS:1001251	NT=Carbamidomethyl;AC=UNIMOD:4;TA=C;MT=Fixed	NT=Oxidation;AC=UNIMOD:21;TA=M;MT=Variable	not available	not available	NT=['DSS', 'PhoX'];AC=['XLMOD:02001', 'XLMOD:02258'];TA=['K,nterm', 'K,nterm']	Fe-NTA magnetic beads	1 mM	not available	60 min	not available	20241125_U2OS_NoLabeling_Control_HighpH_F03.raw	NT=ms-proteomics;VV=v1.1.0	NT=crosslinking;VV=v1.0.0	NT=human;VV=v1.1.0
PXD059118_20240721_A549_PropargylAzide_1xLabeling_Clicked_SEC1-7_HighpH_F04	Homo sapiens	whole cell lysate	not available	44	PXD059118_20240721_A549_PropargylAzide_1xLabeling_Clicked_SEC1-7_HighpH_F04_assay	proteomic profiling by mass spectrometry	data-dependent acquisition	NT=label free sample;AC=MS:1002038	1	1	not available	NT=Trypsin;AC=MS:1001251	NT=Carbamidomethyl;AC=UNIMOD:4;TA=C;MT=Fixed	NT=Oxidation;AC=UNIMOD:21;TA=M;MT=Variable	not available	not available	NT=['DSS', 'PhoX'];AC=['XLMOD:02001', 'XLMOD:02258'];TA=['K,nterm', 'K,nterm']	Fe-NTA magnetic beads	1 mM	not available	60 min	not available	20240721_A549_PropargylAzide_1xLabeling_Clicked_SEC1-7_HighpH_F04.raw	NT=ms-proteomics;VV=v1.1.0	NT=crosslinking;VV=v1.0.0	NT=human;VV=v1.1.0
PXD059118_20240721_A549_PropargylAzide_1xLabeling_Clicked_SEC8_HighpH_F24	Homo sapiens	whole cell lysate	not available	20	PXD059118_20240721_A549_PropargylAzide_1xLabeling_Clicked_SEC8_HighpH_F24_assay	proteomic profiling by mass spectrometry	data-dependent acquisition	NT=label free sample;AC=MS:1002038	8	1	not available	NT=Trypsin;AC=MS:1001251	NT=Carbamidomethyl;AC=UNIMOD:4;TA=C;MT=Fixed	NT=Oxidation;AC=UNIMOD:21;TA=M;MT=Variable	not available	not available	NT=['DSS', 'PhoX'];AC=['XLMOD:02001', 'XLMOD:02258'];TA=['K,nterm', 'K,nterm']	Fe-NTA magnetic beads	1 mM	not available	60 min	not available	20240721_A549_PropargylAzide_1xLabeling_Clicked_SEC8_HighpH_F24.raw	NT=ms-proteomics;VV=v1.1.0	NT=crosslinking;VV=v1.0.0	NT=human;VV=v1.1.0
PXD059118_20241107_A549_PropargylAzide_1xLabeling_NoClick_HighpH_Rep1_F11	Homo sapiens	whole cell lysate	not available	22	PXD059118_20241107_A549_PropargylAzide_1xLabeling_NoClick_HighpH_Rep1_F11_assay	proteomic profiling by mass spectrometry	data-dependent acquisition	NT=label free sample;AC=MS:1002038	11	1	not available	NT=Trypsin;AC=MS:1001251	NT=Carbamidomethyl;AC=UNIMOD:4;TA=C;MT=Fixed	NT=Oxidation;AC=UNIMOD:21;TA=M;MT=Variable	not available	not available	NT=['DSS', 'PhoX'];AC=['XLMOD:02001', 'XLMOD:02258'];TA=['K,nterm', 'K,nterm']	Fe-NTA magnetic beads	1 mM	not available	60 min	not available	20241107_A549_PropargylAzide_1xLabeling_NoClick_HighpH_Rep1_F11.raw	NT=ms-proteomics;VV=v1.1.0	NT=crosslinking;VV=v1.0.0	NT=human;VV=v1.1.0
PXD059118_20241107_A549_PropargylAzide_1xLabeling_NoClick_HighpH_Rep1_F09	Homo sapiens	whole cell lysate	not available	3	PXD059118_20241107_A549_PropargylAzide_1xLabeling_NoClick_HighpH_Rep1_F09_assay	proteomic profiling by mass spectrometry	data-dependent acquisition	NT=label free sample;AC=MS:1002038	09	1	not available	NT=Trypsin;AC=MS:1001251	NT=Carbamidomethyl;AC=UNIMOD:4;TA=C;MT=Fixed	NT=Oxidation;AC=UNIMOD:21;TA=M;MT=Variable	not available	not available	NT=['DSS', 'PhoX'];AC=['XLMOD:02001', 'XLMOD:02258'];TA=['K,nterm', 'K,nterm']	Fe-NTA magnetic beads	1 mM	not available	60 min	not available	20241107_A549_PropargylAzide_1xLabeling_NoClick_HighpH_Rep1_F09.raw	NT=ms-proteomics;VV=v1.1.0	NT=crosslinking;VV=v1.0.0	NT=human;VV=v1.1.0
PXD059118_20241125_U2OS_NoLabeling_Control_HighpH_F09	Homo sapiens	whole cell lysate	not available	4	PXD059118_20241125_U2OS_NoLabeling_Control_HighpH_F09_assay	proteomic profiling by mass spectrometry	data-dependent acquisition	NT=label free sample;AC=MS:1002038	09	1	not available	NT=Trypsin;AC=MS:1001251	NT=Carbamidomethyl;AC=UNIMOD:4;TA=C;MT=Fixed	NT=Oxidation;AC=UNIMOD:21;TA=M;MT=Variable	not available	not available	NT=['DSS', 'PhoX'];AC=['XLMOD:02001', 'XLMOD:02258'];TA=['K,nterm', 'K,nterm']	Fe-NTA magnetic beads	1 mM	not available	60 min	not available	20241125_U2OS_NoLabeling_Control_HighpH_F09.raw	NT=ms-proteomics;VV=v1.1.0	NT=crosslinking;VV=v1.0.0	NT=human;VV=v1.1.0
PXD059118_20231224_A549_1xPhoX_FIXMS_IMAC_HighpH_F11	Homo sapiens	whole cell lysate	not available	23	PXD059118_20231224_A549_1xPhoX_FIXMS_IMAC_HighpH_F11_assay	proteomic profiling by mass spectrometry	data-dependent acquisition	NT=label free sample;AC=MS:1002038	11	1	not available	NT=Trypsin;AC=MS:1001251	NT=Carbamidomethyl;AC=UNIMOD:4;TA=C;MT=Fixed	NT=Oxidation;AC=UNIMOD:21;TA=M;MT=Variable	not available	not available	NT=['DSS', 'PhoX'];AC=['XLMOD:02001', 'XLMOD:02258'];TA=['K,nterm', 'K,nterm']	Fe-NTA magnetic beads	1 mM	not available	60 min	not available	20231224_A549_1xPhoX_FIXMS_IMAC_HighpH_F11.raw	NT=ms-proteomics;VV=v1.1.0	NT=crosslinking;VV=v1.0.0	NT=human;VV=v1.1.0
PXD059118_20240721_A549_PropargylAzide_1xLabeling_Clicked_SEC1-7_HighpH_F09	Homo sapiens	whole cell lysate	not available	45	PXD059118_20240721_A549_PropargylAzide_1xLabeling_Clicked_SEC1-7_HighpH_F09_assay	proteomic profiling by mass spectrometry	data-dependent acquisition	NT=label free sample;AC=MS:1002038	1	1	not available	NT=Trypsin;AC=MS:1001251	NT=Carbamidomethyl;AC=UNIMOD:4;TA=C;MT=Fixed	NT=Oxidation;AC=UNIMOD:21;TA=M;MT=Variable	not available	not available	NT=['DSS', 'PhoX'];AC=['XLMOD:02001', 'XLMOD:02258'];TA=['K,nterm', 'K,nterm']	Fe-NTA magnetic beads	1 mM	not available	60 min	not available	20240721_A549_PropargylAzide_1xLabeling_Clicked_SEC1-7_HighpH_F09.raw	NT=ms-proteomics;VV=v1.1.0	NT=crosslinking;VV=v1.0.0	NT=human;VV=v1.1.0
PXD059118_20240721_A549_PropargylAzide_1xLabeling_Clicked_SEC1-7_HighpH_F25	Homo sapiens	whole cell lysate	not available	46	PXD059118_20240721_A549_PropargylAzide_1xLabeling_Clicked_SEC1-7_HighpH_F25_assay	proteomic profiling by mass spectrometry	data-dependent acquisition	NT=label free sample;AC=MS:1002038	1	1	not available	NT=Trypsin;AC=MS:1001251	NT=Carbamidomethyl;AC=UNIMOD:4;TA=C;MT=Fixed	NT=Oxidation;AC=UNIMOD:21;TA=M;MT=Variable	not available	not available	NT=['DSS', 'PhoX'];AC=['XLMOD:02001', 'XLMOD:02258'];TA=['K,nterm', 'K,nterm']	Fe-NTA magnetic beads	1 mM	not available	60 min	not available	20240721_A549_PropargylAzide_1xLabeling_Clicked_SEC1-7_HighpH_F25.raw	NT=ms-proteomics;VV=v1.1.0	NT=crosslinking;VV=v1.0.0	NT=human;VV=v1.1.0
PXD059118_20240721_A549_PropargylAzide_1xLabeling_Clicked_SEC1-7_HighpH_F16	Homo sapiens	whole cell lysate	not available	47	PXD059118_20240721_A549_PropargylAzide_1xLabeling_Clicked_SEC1-7_HighpH_F16_assay	proteomic profiling by mass spectrometry	data-dependent acquisition	NT=label free sample;AC=MS:1002038	1	1	not available	NT=Trypsin;AC=MS:1001251	NT=Carbamidomethyl;AC=UNIMOD:4;TA=C;MT=Fixed	NT=Oxidation;AC=UNIMOD:21;TA=M;MT=Variable	not available	not available	NT=['DSS', 'PhoX'];AC=['XLMOD:02001', 'XLMOD:02258'];TA=['K,nterm', 'K,nterm']	Fe-NTA magnetic beads	1 mM	not available	60 min	not available	20240721_A549_PropargylAzide_1xLabeling_Clicked_SEC1-7_HighpH_F16.raw	NT=ms-proteomics;VV=v1.1.0	NT=crosslinking;VV=v1.0.0	NT=human;VV=v1.1.0
PXD059118_20240721_A549_PropargylAzide_1xLabeling_Clicked_SEC8_HighpH_F03	Homo sapiens	whole cell lysate	not available	21	PXD059118_20240721_A549_PropargylAzide_1xLabeling_Clicked_SEC8_HighpH_F03_assay	proteomic profiling by mass spectrometry	data-dependent acquisition	NT=label free sample;AC=MS:1002038	8	1	not available	NT=Trypsin;AC=MS:1001251	NT=Carbamidomethyl;AC=UNIMOD:4;TA=C;MT=Fixed	NT=Oxidation;AC=UNIMOD:21;TA=M;MT=Variable	not available	not available	NT=['DSS', 'PhoX'];AC=['XLMOD:02001', 'XLMOD:02258'];TA=['K,nterm', 'K,nterm']	Fe-NTA magnetic beads	1 mM	not available	60 min	not available	20240721_A549_PropargylAzide_1xLabeling_Clicked_SEC8_HighpH_F03.raw	NT=ms-proteomics;VV=v1.1.0	NT=crosslinking;VV=v1.0.0	NT=human;VV=v1.1.0
PXD059118_20241125_U2OS_NoLabeling_Control_HighpH_F06	Homo sapiens	whole cell lysate	not available	4	PXD059118_20241125_U2OS_NoLabeling_Control_HighpH_F06_assay	proteomic profiling by mass spectrometry	data-dependent acquisition	NT=label free sample;AC=MS:1002038	06	1	not available	NT=Trypsin;AC=MS:1001251	NT=Carbamidomethyl;AC=UNIMOD:4;TA=C;MT=Fixed	NT=Oxidation;AC=UNIMOD:21;TA=M;MT=Variable	not available	not available	NT=['DSS', 'PhoX'];AC=['XLMOD:02001', 'XLMOD:02258'];TA=['K,nterm', 'K,nterm']	Fe-NTA magnetic beads	1 mM	not available	60 min	not available	20241125_U2OS_NoLabeling_Control_HighpH_F06.raw	NT=ms-proteomics;VV=v1.1.0	NT=crosslinking;VV=v1.0.0	NT=human;VV=v1.1.0
PXD059118_20240721_A549_PropargylAzide_1xLabeling_Clicked_SEC1-7_HighpH_F22	Homo sapiens	whole cell lysate	not available	48	PXD059118_20240721_A549_PropargylAzide_1xLabeling_Clicked_SEC1-7_HighpH_F22_assay	proteomic profiling by mass spectrometry	data-dependent acquisition	NT=label free sample;AC=MS:1002038	1	1	not available	NT=Trypsin;AC=MS:1001251	NT=Carbamidomethyl;AC=UNIMOD:4;TA=C;MT=Fixed	NT=Oxidation;AC=UNIMOD:21;TA=M;MT=Variable	not available	not available	NT=['DSS', 'PhoX'];AC=['XLMOD:02001', 'XLMOD:02258'];TA=['K,nterm', 'K,nterm']	Fe-NTA magnetic beads	1 mM	not available	60 min	not available	20240721_A549_PropargylAzide_1xLabeling_Clicked_SEC1-7_HighpH_F22.raw	NT=ms-proteomics;VV=v1.1.0	NT=crosslinking;VV=v1.0.0	NT=human;VV=v1.1.0
PXD059118_20240721_A549_PropargylAzide_1xLabeling_Clicked_SEC9_HighpH_F27	Homo sapiens	whole cell lysate	not available	16	PXD059118_20240721_A549_PropargylAzide_1xLabeling_Clicked_SEC9_HighpH_F27_assay	proteomic profiling by mass spectrometry	data-dependent acquisition	NT=label free sample;AC=MS:1002038	9	1	not available	NT=Trypsin;AC=MS:1001251	NT=Carbamidomethyl;AC=UNIMOD:4;TA=C;MT=Fixed	NT=Oxidation;AC=UNIMOD:21;TA=M;MT=Variable	not available	not available	NT=['DSS', 'PhoX'];AC=['XLMOD:02001', 'XLMOD:02258'];TA=['K,nterm', 'K,nterm']	Fe-NTA magnetic beads	1 mM	not available	60 min	not available	20240721_A549_PropargylAzide_1xLabeling_Clicked_SEC9_HighpH_F27.raw	NT=ms-proteomics;VV=v1.1.0	NT=crosslinking;VV=v1.0.0	NT=human;VV=v1.1.0
PXD059118_20231224_A549_1xPhoX_FIXMS_IMAC_HighpH_F03	Homo sapiens	whole cell lysate	not available	5	PXD059118_20231224_A549_1xPhoX_FIXMS_IMAC_HighpH_F03_assay	proteomic profiling by mass spectrometry	data-dependent acquisition	NT=label free sample;AC=MS:1002038	03	1	not available	NT=Trypsin;AC=MS:1001251	NT=Carbamidomethyl;AC=UNIMOD:4;TA=C;MT=Fixed	NT=Oxidation;AC=UNIMOD:21;TA=M;MT=Variable	not available	not available	NT=['DSS', 'PhoX'];AC=['XLMOD:02001', 'XLMOD:02258'];TA=['K,nterm', 'K,nterm']	Fe-NTA magnetic beads	1 mM	not available	60 min	not available	20231224_A549_1xPhoX_FIXMS_IMAC_HighpH_F03.raw	NT=ms-proteomics;VV=v1.1.0	NT=crosslinking;VV=v1.0.0	NT=human;VV=v1.1.0
PXD059118_20241023_A549_Lysate_Propargyl_AzidoPEGOH_Clicked_Clicked_1min_Rep1	Homo sapiens	whole cell lysate	not available	49	PXD059118_20241023_A549_Lysate_Propargyl_AzidoPEGOH_Clicked_Clicked_1min_Rep1_assay	proteomic profiling by mass spectrometry	data-dependent acquisition	NT=label free sample;AC=MS:1002038	1	1	not available	NT=Trypsin;AC=MS:1001251	NT=Carbamidomethyl;AC=UNIMOD:4;TA=C;MT=Fixed	NT=Oxidation;AC=UNIMOD:21;TA=M;MT=Variable	not available	not available	NT=['DSS', 'PhoX'];AC=['XLMOD:02001', 'XLMOD:02258'];TA=['K,nterm', 'K,nterm']	Fe-NTA magnetic beads	1 mM	not available	60 min	not available	20241023_A549_Lysate_Propargyl_AzidoPEGOH_Clicked_Clicked_1min_Rep1.raw	NT=ms-proteomics;VV=v1.1.0	NT=crosslinking;VV=v1.0.0	NT=human;VV=v1.1.0
PXD059118_20241125_U2OS_NoLabeling_Control_HighpH_F05	Homo sapiens	whole cell lysate	not available	4	PXD059118_20241125_U2OS_NoLabeling_Control_HighpH_F05_assay	proteomic profiling by mass spectrometry	data-dependent acquisition	NT=label free sample;AC=MS:1002038	05	1	not available	NT=Trypsin;AC=MS:1001251	NT=Carbamidomethyl;AC=UNIMOD:4;TA=C;MT=Fixed	NT=Oxidation;AC=UNIMOD:21;TA=M;MT=Variable	not available	not available	NT=['DSS', 'PhoX'];AC=['XLMOD:02001', 'XLMOD:02258'];TA=['K,nterm', 'K,nterm']	Fe-NTA magnetic beads	1 mM	not available	60 min	not available	20241125_U2OS_NoLabeling_Control_HighpH_F05.raw	NT=ms-proteomics;VV=v1.1.0	NT=crosslinking;VV=v1.0.0	NT=human;VV=v1.1.0
PXD059118_20240721_A549_PropargylAzide_1xLabeling_Clicked_SEC8_HighpH_F07	Homo sapiens	whole cell lysate	not available	22	PXD059118_20240721_A549_PropargylAzide_1xLabeling_Clicked_SEC8_HighpH_F07_assay	proteomic profiling by mass spectrometry	data-dependent acquisition	NT=label free sample;AC=MS:1002038	8	1	not available	NT=Trypsin;AC=MS:1001251	NT=Carbamidomethyl;AC=UNIMOD:4;TA=C;MT=Fixed	NT=Oxidation;AC=UNIMOD:21;TA=M;MT=Variable	not available	not available	NT=['DSS', 'PhoX'];AC=['XLMOD:02001', 'XLMOD:02258'];TA=['K,nterm', 'K,nterm']	Fe-NTA magnetic beads	1 mM	not available	60 min	not available	20240721_A549_PropargylAzide_1xLabeling_Clicked_SEC8_HighpH_F07.raw	NT=ms-proteomics;VV=v1.1.0	NT=crosslinking;VV=v1.0.0	NT=human;VV=v1.1.0
PXD059118_20240524_A549_PropargylAzide_1xLabeling_Clicked_HighpH_F14	Homo sapiens	whole cell lysate	not available	2	PXD059118_20240524_A549_PropargylAzide_1xLabeling_Clicked_HighpH_F14_assay	proteomic profiling by mass spectrometry	data-dependent acquisition	NT=label free sample;AC=MS:1002038	14	1	not available	NT=Trypsin;AC=MS:1001251	NT=Carbamidomethyl;AC=UNIMOD:4;TA=C;MT=Fixed	NT=Oxidation;AC=UNIMOD:21;TA=M;MT=Variable	not available	not available	NT=['DSS', 'PhoX'];AC=['XLMOD:02001', 'XLMOD:02258'];TA=['K,nterm', 'K,nterm']	Fe-NTA magnetic beads	1 mM	not available	60 min	not available	20240524_A549_PropargylAzide_1xLabeling_Clicked_HighpH_F14.raw	NT=ms-proteomics;VV=v1.1.0	NT=crosslinking;VV=v1.0.0	NT=human;VV=v1.1.0
PXD059118_20240721_A549_PropargylAzide_1xLabeling_Clicked_SEC11_HighpH_F16	Homo sapiens	whole cell lysate	not available	24	PXD059118_20240721_A549_PropargylAzide_1xLabeling_Clicked_SEC11_HighpH_F16_assay	proteomic profiling by mass spectrometry	data-dependent acquisition	NT=label free sample;AC=MS:1002038	11	1	not available	NT=Trypsin;AC=MS:1001251	NT=Carbamidomethyl;AC=UNIMOD:4;TA=C;MT=Fixed	NT=Oxidation;AC=UNIMOD:21;TA=M;MT=Variable	not available	not available	NT=['DSS', 'PhoX'];AC=['XLMOD:02001', 'XLMOD:02258'];TA=['K,nterm', 'K,nterm']	Fe-NTA magnetic beads	1 mM	not available	60 min	not available	20240721_A549_PropargylAzide_1xLabeling_Clicked_SEC11_HighpH_F16.raw	NT=ms-proteomics;VV=v1.1.0	NT=crosslinking;VV=v1.0.0	NT=human;VV=v1.1.0
PXD059118_20241107_A549_PropargylAzide_1xLabeling_NoClick_HighpH_Rep1_F17	Homo sapiens	whole cell lysate	not available	2	PXD059118_20241107_A549_PropargylAzide_1xLabeling_NoClick_HighpH_Rep1_F17_assay	proteomic profiling by mass spectrometry	data-dependent acquisition	NT=label free sample;AC=MS:1002038	17	1	not available	NT=Trypsin;AC=MS:1001251	NT=Carbamidomethyl;AC=UNIMOD:4;TA=C;MT=Fixed	NT=Oxidation;AC=UNIMOD:21;TA=M;MT=Variable	not available	not available	NT=['DSS', 'PhoX'];AC=['XLMOD:02001', 'XLMOD:02258'];TA=['K,nterm', 'K,nterm']	Fe-NTA magnetic beads	1 mM	not available	60 min	not available	20241107_A549_PropargylAzide_1xLabeling_NoClick_HighpH_Rep1_F17.raw	NT=ms-proteomics;VV=v1.1.0	NT=crosslinking;VV=v1.0.0	NT=human;VV=v1.1.0
PXD059118_20240412_A549_PropargylAzide_1xLabeling_NoClick_Rep2	Homo sapiens	whole cell lysate	not available	50	PXD059118_20240412_A549_PropargylAzide_1xLabeling_NoClick_Rep2_assay	proteomic profiling by mass spectrometry	data-dependent acquisition	NT=label free sample;AC=MS:1002038	1	2	not available	NT=Trypsin;AC=MS:1001251	NT=Carbamidomethyl;AC=UNIMOD:4;TA=C;MT=Fixed	NT=Oxidation;AC=UNIMOD:21;TA=M;MT=Variable	not available	not available	NT=['DSS', 'PhoX'];AC=['XLMOD:02001', 'XLMOD:02258'];TA=['K,nterm', 'K,nterm']	Fe-NTA magnetic beads	1 mM	not available	60 min	not available	20240412_A549_PropargylAzide_1xLabeling_NoClick_Rep2.raw	NT=ms-proteomics;VV=v1.1.0	NT=crosslinking;VV=v1.0.0	NT=human;VV=v1.1.0
PXD059118_20230816_A549_1xDSS_LiveCells_HighpH_F05	Homo sapiens	whole cell lysate	not available	5	PXD059118_20230816_A549_1xDSS_LiveCells_HighpH_F05_assay	proteomic profiling by mass spectrometry	data-dependent acquisition	NT=label free sample;AC=MS:1002038	05	1	not available	NT=Trypsin;AC=MS:1001251	NT=Carbamidomethyl;AC=UNIMOD:4;TA=C;MT=Fixed	NT=Oxidation;AC=UNIMOD:21;TA=M;MT=Variable	not available	not available	NT=['DSS', 'PhoX'];AC=['XLMOD:02001', 'XLMOD:02258'];TA=['K,nterm', 'K,nterm']	Fe-NTA magnetic beads	1 mM	not available	60 min	not available	20230816_A549_1xDSS_LiveCells_HighpH_F05.raw	NT=ms-proteomics;VV=v1.1.0	NT=crosslinking;VV=v1.0.0	NT=human;VV=v1.1.0
PXD059118_20240403_Ecoli_Propargyl_AzidePEGOH_Clicked_2BTTES_1CuSO4_Rep1	Escherichia coli	whole cell lysate	not available	51	PXD059118_20240403_Ecoli_Propargyl_AzidePEGOH_Clicked_2BTTES_1CuSO4_Rep1_assay	proteomic profiling by mass spectrometry	data-dependent acquisition	NT=label free sample;AC=MS:1002038	1	1	not available	NT=Trypsin;AC=MS:1001251	NT=Carbamidomethyl;AC=UNIMOD:4;TA=C;MT=Fixed	NT=Oxidation;AC=UNIMOD:21;TA=M;MT=Variable	not available	not available	NT=['DSS', 'PhoX'];AC=['XLMOD:02001', 'XLMOD:02258'];TA=['K,nterm', 'K,nterm']	Fe-NTA magnetic beads	1 mM	not available	60 min	not available	20240403_Ecoli_Propargyl_AzidePEGOH_Clicked_2BTTES_1CuSO4_Rep1.raw	NT=ms-proteomics;VV=v1.1.0	NT=crosslinking;VV=v1.0.0	NT=human;VV=v1.1.0
PXD059118_20240721_A549_PropargylAzide_1xLabeling_Clicked_SEC11_HighpH_F05	Homo sapiens	whole cell lysate	not available	25	PXD059118_20240721_A549_PropargylAzide_1xLabeling_Clicked_SEC11_HighpH_F05_assay	proteomic profiling by mass spectrometry	data-dependent acquisition	NT=label free sample;AC=MS:1002038	11	1	not available	NT=Trypsin;AC=MS:1001251	NT=Carbamidomethyl;AC=UNIMOD:4;TA=C;MT=Fixed	NT=Oxidation;AC=UNIMOD:21;TA=M;MT=Variable	not available	not available	NT=['DSS', 'PhoX'];AC=['XLMOD:02001', 'XLMOD:02258'];TA=['K,nterm', 'K,nterm']	Fe-NTA magnetic beads	1 mM	not available	60 min	not available	20240721_A549_PropargylAzide_1xLabeling_Clicked_SEC11_HighpH_F05.raw	NT=ms-proteomics;VV=v1.1.0	NT=crosslinking;VV=v1.0.0	NT=human;VV=v1.1.0
PXD059118_20231224_A549_1xPhoX_FIXMS_IMAC_HighpH_F06	Homo sapiens	whole cell lysate	not available	5	PXD059118_20231224_A549_1xPhoX_FIXMS_IMAC_HighpH_F06_assay	proteomic profiling by mass spectrometry	data-dependent acquisition	NT=label free sample;AC=MS:1002038	06	1	not available	NT=Trypsin;AC=MS:1001251	NT=Carbamidomethyl;AC=UNIMOD:4;TA=C;MT=Fixed	NT=Oxidation;AC=UNIMOD:21;TA=M;MT=Variable	not available	not available	NT=['DSS', 'PhoX'];AC=['XLMOD:02001', 'XLMOD:02258'];TA=['K,nterm', 'K,nterm']	Fe-NTA magnetic beads	1 mM	not available	60 min	not available	20231224_A549_1xPhoX_FIXMS_IMAC_HighpH_F06.raw	NT=ms-proteomics;VV=v1.1.0	NT=crosslinking;VV=v1.0.0	NT=human;VV=v1.1.0
PXD059118_20240721_A549_PropargylAzide_1xLabeling_Clicked_SEC10_HighpH_F16	Homo sapiens	whole cell lysate	not available	24	PXD059118_20240721_A549_PropargylAzide_1xLabeling_Clicked_SEC10_HighpH_F16_assay	proteomic profiling by mass spectrometry	data-dependent acquisition	NT=label free sample;AC=MS:1002038	10	1	not available	NT=Trypsin;AC=MS:1001251	NT=Carbamidomethyl;AC=UNIMOD:4;TA=C;MT=Fixed	NT=Oxidation;AC=UNIMOD:21;TA=M;MT=Variable	not available	not available	NT=['DSS', 'PhoX'];AC=['XLMOD:02001', 'XLMOD:02258'];TA=['K,nterm', 'K,nterm']	Fe-NTA magnetic beads	1 mM	not available	60 min	not available	20240721_A549_PropargylAzide_1xLabeling_Clicked_SEC10_HighpH_F16.raw	NT=ms-proteomics;VV=v1.1.0	NT=crosslinking;VV=v1.0.0	NT=human;VV=v1.1.0
PXD059118_20240721_A549_PropargylAzide_1xLabeling_Clicked_SEC10_HighpH_F03	Homo sapiens	whole cell lysate	not available	25	PXD059118_20240721_A549_PropargylAzide_1xLabeling_Clicked_SEC10_HighpH_F03_assay	proteomic profiling by mass spectrometry	data-dependent acquisition	NT=label free sample;AC=MS:1002038	10	1	not available	NT=Trypsin;AC=MS:1001251	NT=Carbamidomethyl;AC=UNIMOD:4;TA=C;MT=Fixed	NT=Oxidation;AC=UNIMOD:21;TA=M;MT=Variable	not available	not available	NT=['DSS', 'PhoX'];AC=['XLMOD:02001', 'XLMOD:02258'];TA=['K,nterm', 'K,nterm']	Fe-NTA magnetic beads	1 mM	not available	60 min	not available	20240721_A549_PropargylAzide_1xLabeling_Clicked_SEC10_HighpH_F03.raw	NT=ms-proteomics;VV=v1.1.0	NT=crosslinking;VV=v1.0.0	NT=human;VV=v1.1.0
PXD059118_20240721_A549_PropargylAzide_1xLabeling_Clicked_SEC1-7_HighpH_F18	Homo sapiens	whole cell lysate	not available	52	PXD059118_20240721_A549_PropargylAzide_1xLabeling_Clicked_SEC1-7_HighpH_F18_assay	proteomic profiling by mass spectrometry	data-dependent acquisition	NT=label free sample;AC=MS:1002038	1	1	not available	NT=Trypsin;AC=MS:1001251	NT=Carbamidomethyl;AC=UNIMOD:4;TA=C;MT=Fixed	NT=Oxidation;AC=UNIMOD:21;TA=M;MT=Variable	not available	not available	NT=['DSS', 'PhoX'];AC=['XLMOD:02001', 'XLMOD:02258'];TA=['K,nterm', 'K,nterm']	Fe-NTA magnetic beads	1 mM	not available	60 min	not available	20240721_A549_PropargylAzide_1xLabeling_Clicked_SEC1-7_HighpH_F18.raw	NT=ms-proteomics;VV=v1.1.0	NT=crosslinking;VV=v1.0.0	NT=human;VV=v1.1.0
PXD059118_20240721_A549_PropargylAzide_1xLabeling_Clicked_SEC1-7_HighpH_F06	Homo sapiens	whole cell lysate	not available	53	PXD059118_20240721_A549_PropargylAzide_1xLabeling_Clicked_SEC1-7_HighpH_F06_assay	proteomic profiling by mass spectrometry	data-dependent acquisition	NT=label free sample;AC=MS:1002038	1	1	not available	NT=Trypsin;AC=MS:1001251	NT=Carbamidomethyl;AC=UNIMOD:4;TA=C;MT=Fixed	NT=Oxidation;AC=UNIMOD:21;TA=M;MT=Variable	not available	not available	NT=['DSS', 'PhoX'];AC=['XLMOD:02001', 'XLMOD:02258'];TA=['K,nterm', 'K,nterm']	Fe-NTA magnetic beads	1 mM	not available	60 min	not available	20240721_A549_PropargylAzide_1xLabeling_Clicked_SEC1-7_HighpH_F06.raw	NT=ms-proteomics;VV=v1.1.0	NT=crosslinking;VV=v1.0.0	NT=human;VV=v1.1.0
PXD059118_20240721_A549_PropargylAzide_1xLabeling_Clicked_SEC9_HighpH_F04	Homo sapiens	whole cell lysate	not available	17	PXD059118_20240721_A549_PropargylAzide_1xLabeling_Clicked_SEC9_HighpH_F04_assay	proteomic profiling by mass spectrometry	data-dependent acquisition	NT=label free sample;AC=MS:1002038	9	1	not available	NT=Trypsin;AC=MS:1001251	NT=Carbamidomethyl;AC=UNIMOD:4;TA=C;MT=Fixed	NT=Oxidation;AC=UNIMOD:21;TA=M;MT=Variable	not available	not available	NT=['DSS', 'PhoX'];AC=['XLMOD:02001', 'XLMOD:02258'];TA=['K,nterm', 'K,nterm']	Fe-NTA magnetic beads	1 mM	not available	60 min	not available	20240721_A549_PropargylAzide_1xLabeling_Clicked_SEC9_HighpH_F04.raw	NT=ms-proteomics;VV=v1.1.0	NT=crosslinking;VV=v1.0.0	NT=human;VV=v1.1.0
PXD059118_20240721_A549_PropargylAzide_1xLabeling_Clicked_SEC11_HighpH_F21	Homo sapiens	whole cell lysate	not available	26	PXD059118_20240721_A549_PropargylAzide_1xLabeling_Clicked_SEC11_HighpH_F21_assay	proteomic profiling by mass spectrometry	data-dependent acquisition	NT=label free sample;AC=MS:1002038	11	1	not available	NT=Trypsin;AC=MS:1001251	NT=Carbamidomethyl;AC=UNIMOD:4;TA=C;MT=Fixed	NT=Oxidation;AC=UNIMOD:21;TA=M;MT=Variable	not available	not available	NT=['DSS', 'PhoX'];AC=['XLMOD:02001', 'XLMOD:02258'];TA=['K,nterm', 'K,nterm']	Fe-NTA magnetic beads	1 mM	not available	60 min	not available	20240721_A549_PropargylAzide_1xLabeling_Clicked_SEC11_HighpH_F21.raw	NT=ms-proteomics;VV=v1.1.0	NT=crosslinking;VV=v1.0.0	NT=human;VV=v1.1.0
PXD059118_20240721_A549_PropargylAzide_1xLabeling_Clicked_SEC10_HighpH_F11	Homo sapiens	whole cell lysate	not available	26	PXD059118_20240721_A549_PropargylAzide_1xLabeling_Clicked_SEC10_HighpH_F11_assay	proteomic profiling by mass spectrometry	data-dependent acquisition	NT=label free sample;AC=MS:1002038	10	1	not available	NT=Trypsin;AC=MS:1001251	NT=Carbamidomethyl;AC=UNIMOD:4;TA=C;MT=Fixed	NT=Oxidation;AC=UNIMOD:21;TA=M;MT=Variable	not available	not available	NT=['DSS', 'PhoX'];AC=['XLMOD:02001', 'XLMOD:02258'];TA=['K,nterm', 'K,nterm']	Fe-NTA magnetic beads	1 mM	not available	60 min	not available	20240721_A549_PropargylAzide_1xLabeling_Clicked_SEC10_HighpH_F11.raw	NT=ms-proteomics;VV=v1.1.0	NT=crosslinking;VV=v1.0.0	NT=human;VV=v1.1.0
PXD059118_20240721_A549_PropargylAzide_1xLabeling_Clicked_SEC9_HighpH_F17	Homo sapiens	whole cell lysate	not available	18	PXD059118_20240721_A549_PropargylAzide_1xLabeling_Clicked_SEC9_HighpH_F17_assay	proteomic profiling by mass spectrometry	data-dependent acquisition	NT=label free sample;AC=MS:1002038	9	1	not available	NT=Trypsin;AC=MS:1001251	NT=Carbamidomethyl;AC=UNIMOD:4;TA=C;MT=Fixed	NT=Oxidation;AC=UNIMOD:21;TA=M;MT=Variable	not available	not available	NT=['DSS', 'PhoX'];AC=['XLMOD:02001', 'XLMOD:02258'];TA=['K,nterm', 'K,nterm']	Fe-NTA magnetic beads	1 mM	not available	60 min	not available	20240721_A549_PropargylAzide_1xLabeling_Clicked_SEC9_HighpH_F17.raw	NT=ms-proteomics;VV=v1.1.0	NT=crosslinking;VV=v1.0.0	NT=human;VV=v1.1.0
PXD059118_20241107_A549_PropargylAzide_1xLabeling_NoClick_HighpH_Rep1_F20	Homo sapiens	whole cell lysate	not available	2	PXD059118_20241107_A549_PropargylAzide_1xLabeling_NoClick_HighpH_Rep1_F20_assay	proteomic profiling by mass spectrometry	data-dependent acquisition	NT=label free sample;AC=MS:1002038	20	1	not available	NT=Trypsin;AC=MS:1001251	NT=Carbamidomethyl;AC=UNIMOD:4;TA=C;MT=Fixed	NT=Oxidation;AC=UNIMOD:21;TA=M;MT=Variable	not available	not available	NT=['DSS', 'PhoX'];AC=['XLMOD:02001', 'XLMOD:02258'];TA=['K,nterm', 'K,nterm']	Fe-NTA magnetic beads	1 mM	not available	60 min	not available	20241107_A549_PropargylAzide_1xLabeling_NoClick_HighpH_Rep1_F20.raw	NT=ms-proteomics;VV=v1.1.0	NT=crosslinking;VV=v1.0.0	NT=human;VV=v1.1.0
PXD059118_20241107_A549_PropargylAzide_1xLabeling_NoClick_HighpH_Rep1_F21	Homo sapiens	whole cell lysate	not available	3	PXD059118_20241107_A549_PropargylAzide_1xLabeling_NoClick_HighpH_Rep1_F21_assay	proteomic profiling by mass spectrometry	data-dependent acquisition	NT=label free sample;AC=MS:1002038	21	1	not available	NT=Trypsin;AC=MS:1001251	NT=Carbamidomethyl;AC=UNIMOD:4;TA=C;MT=Fixed	NT=Oxidation;AC=UNIMOD:21;TA=M;MT=Variable	not available	not available	NT=['DSS', 'PhoX'];AC=['XLMOD:02001', 'XLMOD:02258'];TA=['K,nterm', 'K,nterm']	Fe-NTA magnetic beads	1 mM	not available	60 min	not available	20241107_A549_PropargylAzide_1xLabeling_NoClick_HighpH_Rep1_F21.raw	NT=ms-proteomics;VV=v1.1.0	NT=crosslinking;VV=v1.0.0	NT=human;VV=v1.1.0
PXD059118_20240721_A549_PropargylAzide_1xLabeling_Clicked_SEC1-7_HighpH_F13	Homo sapiens	whole cell lysate	not available	54	PXD059118_20240721_A549_PropargylAzide_1xLabeling_Clicked_SEC1-7_HighpH_F13_assay	proteomic profiling by mass spectrometry	data-dependent acquisition	NT=label free sample;AC=MS:1002038	1	1	not available	NT=Trypsin;AC=MS:1001251	NT=Carbamidomethyl;AC=UNIMOD:4;TA=C;MT=Fixed	NT=Oxidation;AC=UNIMOD:21;TA=M;MT=Variable	not available	not available	NT=['DSS', 'PhoX'];AC=['XLMOD:02001', 'XLMOD:02258'];TA=['K,nterm', 'K,nterm']	Fe-NTA magnetic beads	1 mM	not available	60 min	not available	20240721_A549_PropargylAzide_1xLabeling_Clicked_SEC1-7_HighpH_F13.raw	NT=ms-proteomics;VV=v1.1.0	NT=crosslinking;VV=v1.0.0	NT=human;VV=v1.1.0
PXD059118_20240721_A549_PropargylAzide_1xLabeling_Clicked_SEC8_HighpH_F02	Homo sapiens	whole cell lysate	not available	23	PXD059118_20240721_A549_PropargylAzide_1xLabeling_Clicked_SEC8_HighpH_F02_assay	proteomic profiling by mass spectrometry	data-dependent acquisition	NT=label free sample;AC=MS:1002038	8	1	not available	NT=Trypsin;AC=MS:1001251	NT=Carbamidomethyl;AC=UNIMOD:4;TA=C;MT=Fixed	NT=Oxidation;AC=UNIMOD:21;TA=M;MT=Variable	not available	not available	NT=['DSS', 'PhoX'];AC=['XLMOD:02001', 'XLMOD:02258'];TA=['K,nterm', 'K,nterm']	Fe-NTA magnetic beads	1 mM	not available	60 min	not available	20240721_A549_PropargylAzide_1xLabeling_Clicked_SEC8_HighpH_F02.raw	NT=ms-proteomics;VV=v1.1.0	NT=crosslinking;VV=v1.0.0	NT=human;VV=v1.1.0
PXD059118_20240721_A549_PropargylAzide_1xLabeling_Clicked_SEC10_HighpH_F01	Homo sapiens	whole cell lysate	not available	27	PXD059118_20240721_A549_PropargylAzide_1xLabeling_Clicked_SEC10_HighpH_F01_assay	proteomic profiling by mass spectrometry	data-dependent acquisition	NT=label free sample;AC=MS:1002038	10	1	not available	NT=Trypsin;AC=MS:1001251	NT=Carbamidomethyl;AC=UNIMOD:4;TA=C;MT=Fixed	NT=Oxidation;AC=UNIMOD:21;TA=M;MT=Variable	not available	not available	NT=['DSS', 'PhoX'];AC=['XLMOD:02001', 'XLMOD:02258'];TA=['K,nterm', 'K,nterm']	Fe-NTA magnetic beads	1 mM	not available	60 min	not available	20240721_A549_PropargylAzide_1xLabeling_Clicked_SEC10_HighpH_F01.raw	NT=ms-proteomics;VV=v1.1.0	NT=crosslinking;VV=v1.0.0	NT=human;VV=v1.1.0
PXD059118_20240524_A549_PropargylAzide_1xLabeling_Clicked_HighpH_F24	Homo sapiens	whole cell lysate	not available	2	PXD059118_20240524_A549_PropargylAzide_1xLabeling_Clicked_HighpH_F24_assay	proteomic profiling by mass spectrometry	data-dependent acquisition	NT=label free sample;AC=MS:1002038	24	1	not available	NT=Trypsin;AC=MS:1001251	NT=Carbamidomethyl;AC=UNIMOD:4;TA=C;MT=Fixed	NT=Oxidation;AC=UNIMOD:21;TA=M;MT=Variable	not available	not available	NT=['DSS', 'PhoX'];AC=['XLMOD:02001', 'XLMOD:02258'];TA=['K,nterm', 'K,nterm']	Fe-NTA magnetic beads	1 mM	not available	60 min	not available	20240524_A549_PropargylAzide_1xLabeling_Clicked_HighpH_F24.raw	NT=ms-proteomics;VV=v1.1.0	NT=crosslinking;VV=v1.0.0	NT=human;VV=v1.1.0
PXD059118_20240721_A549_PropargylAzide_1xLabeling_Clicked_SEC11_HighpH_F07	Homo sapiens	whole cell lysate	not available	27	PXD059118_20240721_A549_PropargylAzide_1xLabeling_Clicked_SEC11_HighpH_F07_assay	proteomic profiling by mass spectrometry	data-dependent acquisition	NT=label free sample;AC=MS:1002038	11	1	not available	NT=Trypsin;AC=MS:1001251	NT=Carbamidomethyl;AC=UNIMOD:4;TA=C;MT=Fixed	NT=Oxidation;AC=UNIMOD:21;TA=M;MT=Variable	not available	not available	NT=['DSS', 'PhoX'];AC=['XLMOD:02001', 'XLMOD:02258'];TA=['K,nterm', 'K,nterm']	Fe-NTA magnetic beads	1 mM	not available	60 min	not available	20240721_A549_PropargylAzide_1xLabeling_Clicked_SEC11_HighpH_F07.raw	NT=ms-proteomics;VV=v1.1.0	NT=crosslinking;VV=v1.0.0	NT=human;VV=v1.1.0
PXD059118_20230816_A549_1xDSS_LiveCells_HighpH_F08	Homo sapiens	whole cell lysate	not available	3	PXD059118_20230816_A549_1xDSS_LiveCells_HighpH_F08_assay	proteomic profiling by mass spectrometry	data-dependent acquisition	NT=label free sample;AC=MS:1002038	08	1	not available	NT=Trypsin;AC=MS:1001251	NT=Carbamidomethyl;AC=UNIMOD:4;TA=C;MT=Fixed	NT=Oxidation;AC=UNIMOD:21;TA=M;MT=Variable	not available	not available	NT=['DSS', 'PhoX'];AC=['XLMOD:02001', 'XLMOD:02258'];TA=['K,nterm', 'K,nterm']	Fe-NTA magnetic beads	1 mM	not available	60 min	not available	20230816_A549_1xDSS_LiveCells_HighpH_F08.raw	NT=ms-proteomics;VV=v1.1.0	NT=crosslinking;VV=v1.0.0	NT=human;VV=v1.1.0
PXD059118_20240524_A549_PropargylAzide_1xLabeling_Clicked_HighpH_F08	Homo sapiens	whole cell lysate	not available	4	PXD059118_20240524_A549_PropargylAzide_1xLabeling_Clicked_HighpH_F08_assay	proteomic profiling by mass spectrometry	data-dependent acquisition	NT=label free sample;AC=MS:1002038	08	1	not available	NT=Trypsin;AC=MS:1001251	NT=Carbamidomethyl;AC=UNIMOD:4;TA=C;MT=Fixed	NT=Oxidation;AC=UNIMOD:21;TA=M;MT=Variable	not available	not available	NT=['DSS', 'PhoX'];AC=['XLMOD:02001', 'XLMOD:02258'];TA=['K,nterm', 'K,nterm']	Fe-NTA magnetic beads	1 mM	not available	60 min	not available	20240524_A549_PropargylAzide_1xLabeling_Clicked_HighpH_F08.raw	NT=ms-proteomics;VV=v1.1.0	NT=crosslinking;VV=v1.0.0	NT=human;VV=v1.1.0
PXD059118_20241018_A549_Lysate_Propargyl_AzidoPEGOH_Clicked_Clicked_60min_Rep1	Homo sapiens	whole cell lysate	not available	55	PXD059118_20241018_A549_Lysate_Propargyl_AzidoPEGOH_Clicked_Clicked_60min_Rep1_assay	proteomic profiling by mass spectrometry	data-dependent acquisition	NT=label free sample;AC=MS:1002038	1	1	not available	NT=Trypsin;AC=MS:1001251	NT=Carbamidomethyl;AC=UNIMOD:4;TA=C;MT=Fixed	NT=Oxidation;AC=UNIMOD:21;TA=M;MT=Variable	not available	not available	NT=['DSS', 'PhoX'];AC=['XLMOD:02001', 'XLMOD:02258'];TA=['K,nterm', 'K,nterm']	Fe-NTA magnetic beads	1 mM	not available	60 min	not available	20241018_A549_Lysate_Propargyl_AzidoPEGOH_Clicked_Clicked_60min_Rep1.raw	NT=ms-proteomics;VV=v1.1.0	NT=crosslinking;VV=v1.0.0	NT=human;VV=v1.1.0
PXD059118_20240403_Ecoli_Propargyl_AzidePEGOH_Clicked_5BTTES_1CuSO4_Rep2	Escherichia coli	whole cell lysate	not available	56	PXD059118_20240403_Ecoli_Propargyl_AzidePEGOH_Clicked_5BTTES_1CuSO4_Rep2_assay	proteomic profiling by mass spectrometry	data-dependent acquisition	NT=label free sample;AC=MS:1002038	1	2	not available	NT=Trypsin;AC=MS:1001251	NT=Carbamidomethyl;AC=UNIMOD:4;TA=C;MT=Fixed	NT=Oxidation;AC=UNIMOD:21;TA=M;MT=Variable	not available	not available	NT=['DSS', 'PhoX'];AC=['XLMOD:02001', 'XLMOD:02258'];TA=['K,nterm', 'K,nterm']	Fe-NTA magnetic beads	1 mM	not available	60 min	not available	20240403_Ecoli_Propargyl_AzidePEGOH_Clicked_5BTTES_1CuSO4_Rep2.raw	NT=ms-proteomics;VV=v1.1.0	NT=crosslinking;VV=v1.0.0	NT=human;VV=v1.1.0
PXD059118_20240721_A549_PropargylAzide_1xLabeling_Clicked_SEC9_HighpH_F08	Homo sapiens	whole cell lysate	not available	19	PXD059118_20240721_A549_PropargylAzide_1xLabeling_Clicked_SEC9_HighpH_F08_assay	proteomic profiling by mass spectrometry	data-dependent acquisition	NT=label free sample;AC=MS:1002038	9	1	not available	NT=Trypsin;AC=MS:1001251	NT=Carbamidomethyl;AC=UNIMOD:4;TA=C;MT=Fixed	NT=Oxidation;AC=UNIMOD:21;TA=M;MT=Variable	not available	not available	NT=['DSS', 'PhoX'];AC=['XLMOD:02001', 'XLMOD:02258'];TA=['K,nterm', 'K,nterm']	Fe-NTA magnetic beads	1 mM	not available	60 min	not available	20240721_A549_PropargylAzide_1xLabeling_Clicked_SEC9_HighpH_F08.raw	NT=ms-proteomics;VV=v1.1.0	NT=crosslinking;VV=v1.0.0	NT=human;VV=v1.1.0
PXD059118_20240721_A549_PropargylAzide_1xLabeling_Clicked_SEC10_HighpH_F10	Homo sapiens	whole cell lysate	not available	28	PXD059118_20240721_A549_PropargylAzide_1xLabeling_Clicked_SEC10_HighpH_F10_assay	proteomic profiling by mass spectrometry	data-dependent acquisition	NT=label free sample;AC=MS:1002038	10	1	not available	NT=Trypsin;AC=MS:1001251	NT=Carbamidomethyl;AC=UNIMOD:4;TA=C;MT=Fixed	NT=Oxidation;AC=UNIMOD:21;TA=M;MT=Variable	not available	not available	NT=['DSS', 'PhoX'];AC=['XLMOD:02001', 'XLMOD:02258'];TA=['K,nterm', 'K,nterm']	Fe-NTA magnetic beads	1 mM	not available	60 min	not available	20240721_A549_PropargylAzide_1xLabeling_Clicked_SEC10_HighpH_F10.raw	NT=ms-proteomics;VV=v1.1.0	NT=crosslinking;VV=v1.0.0	NT=human;VV=v1.1.0
PXD059118_20230901_A549_1xDSS_FIXMS_HighpH_F08	Homo sapiens	whole cell lysate	not available	5	PXD059118_20230901_A549_1xDSS_FIXMS_HighpH_F08_assay	proteomic profiling by mass spectrometry	data-dependent acquisition	NT=label free sample;AC=MS:1002038	08	1	not available	NT=Trypsin;AC=MS:1001251	NT=Carbamidomethyl;AC=UNIMOD:4;TA=C;MT=Fixed	NT=Oxidation;AC=UNIMOD:21;TA=M;MT=Variable	not available	not available	NT=['DSS', 'PhoX'];AC=['XLMOD:02001', 'XLMOD:02258'];TA=['K,nterm', 'K,nterm']	Fe-NTA magnetic beads	1 mM	not available	60 min	not available	20230901_A549_1xDSS_FIXMS_HighpH_F08.raw	NT=ms-proteomics;VV=v1.1.0	NT=crosslinking;VV=v1.0.0	NT=human;VV=v1.1.0
PXD059118_20241107_A549_PropargylAzide_1xLabeling_NoClick_HighpH_Rep2_F09	Homo sapiens	whole cell lysate	not available	5	PXD059118_20241107_A549_PropargylAzide_1xLabeling_NoClick_HighpH_Rep2_F09_assay	proteomic profiling by mass spectrometry	data-dependent acquisition	NT=label free sample;AC=MS:1002038	09	2	not available	NT=Trypsin;AC=MS:1001251	NT=Carbamidomethyl;AC=UNIMOD:4;TA=C;MT=Fixed	NT=Oxidation;AC=UNIMOD:21;TA=M;MT=Variable	not available	not available	NT=['DSS', 'PhoX'];AC=['XLMOD:02001', 'XLMOD:02258'];TA=['K,nterm', 'K,nterm']	Fe-NTA magnetic beads	1 mM	not available	60 min	not available	20241107_A549_PropargylAzide_1xLabeling_NoClick_HighpH_Rep2_F09.raw	NT=ms-proteomics;VV=v1.1.0	NT=crosslinking;VV=v1.0.0	NT=human;VV=v1.1.0
PXD059118_20241107_A549_PropargylAzide_1xLabeling_NoClick_HighpH_Rep2_F08	Homo sapiens	whole cell lysate	not available	6	PXD059118_20241107_A549_PropargylAzide_1xLabeling_NoClick_HighpH_Rep2_F08_assay	proteomic profiling by mass spectrometry	data-dependent acquisition	NT=label free sample;AC=MS:1002038	08	2	not available	NT=Trypsin;AC=MS:1001251	NT=Carbamidomethyl;AC=UNIMOD:4;TA=C;MT=Fixed	NT=Oxidation;AC=UNIMOD:21;TA=M;MT=Variable	not available	not available	NT=['DSS', 'PhoX'];AC=['XLMOD:02001', 'XLMOD:02258'];TA=['K,nterm', 'K,nterm']	Fe-NTA magnetic beads	1 mM	not available	60 min	not available	20241107_A549_PropargylAzide_1xLabeling_NoClick_HighpH_Rep2_F08.raw	NT=ms-proteomics;VV=v1.1.0	NT=crosslinking;VV=v1.0.0	NT=human;VV=v1.1.0
PXD059118_20240721_A549_PropargylAzide_1xLabeling_Clicked_SEC11_HighpH_F10	Homo sapiens	whole cell lysate	not available	28	PXD059118_20240721_A549_PropargylAzide_1xLabeling_Clicked_SEC11_HighpH_F10_assay	proteomic profiling by mass spectrometry	data-dependent acquisition	NT=label free sample;AC=MS:1002038	11	1	not available	NT=Trypsin;AC=MS:1001251	NT=Carbamidomethyl;AC=UNIMOD:4;TA=C;MT=Fixed	NT=Oxidation;AC=UNIMOD:21;TA=M;MT=Variable	not available	not available	NT=['DSS', 'PhoX'];AC=['XLMOD:02001', 'XLMOD:02258'];TA=['K,nterm', 'K,nterm']	Fe-NTA magnetic beads	1 mM	not available	60 min	not available	20240721_A549_PropargylAzide_1xLabeling_Clicked_SEC11_HighpH_F10.raw	NT=ms-proteomics;VV=v1.1.0	NT=crosslinking;VV=v1.0.0	NT=human;VV=v1.1.0
PXD059118_20240524_A549_PropargylAzide_1xLabeling_Clicked_HighpH_F07	Homo sapiens	whole cell lysate	not available	5	PXD059118_20240524_A549_PropargylAzide_1xLabeling_Clicked_HighpH_F07_assay	proteomic profiling by mass spectrometry	data-dependent acquisition	NT=label free sample;AC=MS:1002038	07	1	not available	NT=Trypsin;AC=MS:1001251	NT=Carbamidomethyl;AC=UNIMOD:4;TA=C;MT=Fixed	NT=Oxidation;AC=UNIMOD:21;TA=M;MT=Variable	not available	not available	NT=['DSS', 'PhoX'];AC=['XLMOD:02001', 'XLMOD:02258'];TA=['K,nterm', 'K,nterm']	Fe-NTA magnetic beads	1 mM	not available	60 min	not available	20240524_A549_PropargylAzide_1xLabeling_Clicked_HighpH_F07.raw	NT=ms-proteomics;VV=v1.1.0	NT=crosslinking;VV=v1.0.0	NT=human;VV=v1.1.0
PXD059118_20240721_A549_PropargylAzide_1xLabeling_Clicked_SEC8_HighpH_F21	Homo sapiens	whole cell lysate	not available	24	PXD059118_20240721_A549_PropargylAzide_1xLabeling_Clicked_SEC8_HighpH_F21_assay	proteomic profiling by mass spectrometry	data-dependent acquisition	NT=label free sample;AC=MS:1002038	8	1	not available	NT=Trypsin;AC=MS:1001251	NT=Carbamidomethyl;AC=UNIMOD:4;TA=C;MT=Fixed	NT=Oxidation;AC=UNIMOD:21;TA=M;MT=Variable	not available	not available	NT=['DSS', 'PhoX'];AC=['XLMOD:02001', 'XLMOD:02258'];TA=['K,nterm', 'K,nterm']	Fe-NTA magnetic beads	1 mM	not available	60 min	not available	20240721_A549_PropargylAzide_1xLabeling_Clicked_SEC8_HighpH_F21.raw	NT=ms-proteomics;VV=v1.1.0	NT=crosslinking;VV=v1.0.0	NT=human;VV=v1.1.0
PXD059118_20241018_A549_Lysate_Propargyl_AzidoPEGOH_Clicked_Clicked_30min_Rep1	Homo sapiens	whole cell lysate	not available	57	PXD059118_20241018_A549_Lysate_Propargyl_AzidoPEGOH_Clicked_Clicked_30min_Rep1_assay	proteomic profiling by mass spectrometry	data-dependent acquisition	NT=label free sample;AC=MS:1002038	1	1	not available	NT=Trypsin;AC=MS:1001251	NT=Carbamidomethyl;AC=UNIMOD:4;TA=C;MT=Fixed	NT=Oxidation;AC=UNIMOD:21;TA=M;MT=Variable	not available	not available	NT=['DSS', 'PhoX'];AC=['XLMOD:02001', 'XLMOD:02258'];TA=['K,nterm', 'K,nterm']	Fe-NTA magnetic beads	1 mM	not available	60 min	not available	20241018_A549_Lysate_Propargyl_AzidoPEGOH_Clicked_Clicked_30min_Rep1.raw	NT=ms-proteomics;VV=v1.1.0	NT=crosslinking;VV=v1.0.0	NT=human;VV=v1.1.0
PXD059118_20240524_A549_PropargylAzide_1xLabeling_Clicked_HighpH_F19	Homo sapiens	whole cell lysate	not available	3	PXD059118_20240524_A549_PropargylAzide_1xLabeling_Clicked_HighpH_F19_assay	proteomic profiling by mass spectrometry	data-dependent acquisition	NT=label free sample;AC=MS:1002038	19	1	not available	NT=Trypsin;AC=MS:1001251	NT=Carbamidomethyl;AC=UNIMOD:4;TA=C;MT=Fixed	NT=Oxidation;AC=UNIMOD:21;TA=M;MT=Variable	not available	not available	NT=['DSS', 'PhoX'];AC=['XLMOD:02001', 'XLMOD:02258'];TA=['K,nterm', 'K,nterm']	Fe-NTA magnetic beads	1 mM	not available	60 min	not available	20240524_A549_PropargylAzide_1xLabeling_Clicked_HighpH_F19.raw	NT=ms-proteomics;VV=v1.1.0	NT=crosslinking;VV=v1.0.0	NT=human;VV=v1.1.0
PXD059118_20230901_A549_1xDSS_FIXMS_HighpH_F06	Homo sapiens	whole cell lysate	not available	6	PXD059118_20230901_A549_1xDSS_FIXMS_HighpH_F06_assay	proteomic profiling by mass spectrometry	data-dependent acquisition	NT=label free sample;AC=MS:1002038	06	1	not available	NT=Trypsin;AC=MS:1001251	NT=Carbamidomethyl;AC=UNIMOD:4;TA=C;MT=Fixed	NT=Oxidation;AC=UNIMOD:21;TA=M;MT=Variable	not available	not available	NT=['DSS', 'PhoX'];AC=['XLMOD:02001', 'XLMOD:02258'];TA=['K,nterm', 'K,nterm']	Fe-NTA magnetic beads	1 mM	not available	60 min	not available	20230901_A549_1xDSS_FIXMS_HighpH_F06.raw	NT=ms-proteomics;VV=v1.1.0	NT=crosslinking;VV=v1.0.0	NT=human;VV=v1.1.0
PXD059118_20240721_A549_PropargylAzide_1xLabeling_Clicked_SEC10_HighpH_F06	Homo sapiens	whole cell lysate	not available	29	PXD059118_20240721_A549_PropargylAzide_1xLabeling_Clicked_SEC10_HighpH_F06_assay	proteomic profiling by mass spectrometry	data-dependent acquisition	NT=label free sample;AC=MS:1002038	10	1	not available	NT=Trypsin;AC=MS:1001251	NT=Carbamidomethyl;AC=UNIMOD:4;TA=C;MT=Fixed	NT=Oxidation;AC=UNIMOD:21;TA=M;MT=Variable	not available	not available	NT=['DSS', 'PhoX'];AC=['XLMOD:02001', 'XLMOD:02258'];TA=['K,nterm', 'K,nterm']	Fe-NTA magnetic beads	1 mM	not available	60 min	not available	20240721_A549_PropargylAzide_1xLabeling_Clicked_SEC10_HighpH_F06.raw	NT=ms-proteomics;VV=v1.1.0	NT=crosslinking;VV=v1.0.0	NT=human;VV=v1.1.0
PXD059118_20241018_A549_Lysate_Propargyl_AzidoPEGOH_Clicked_Clicked_10min_Rep3	Homo sapiens	whole cell lysate	not available	58	PXD059118_20241018_A549_Lysate_Propargyl_AzidoPEGOH_Clicked_Clicked_10min_Rep3_assay	proteomic profiling by mass spectrometry	data-dependent acquisition	NT=label free sample;AC=MS:1002038	1	3	not available	NT=Trypsin;AC=MS:1001251	NT=Carbamidomethyl;AC=UNIMOD:4;TA=C;MT=Fixed	NT=Oxidation;AC=UNIMOD:21;TA=M;MT=Variable	not available	not available	NT=['DSS', 'PhoX'];AC=['XLMOD:02001', 'XLMOD:02258'];TA=['K,nterm', 'K,nterm']	Fe-NTA magnetic beads	1 mM	not available	60 min	not available	20241018_A549_Lysate_Propargyl_AzidoPEGOH_Clicked_Clicked_10min_Rep3.raw	NT=ms-proteomics;VV=v1.1.0	NT=crosslinking;VV=v1.0.0	NT=human;VV=v1.1.0
PXD059118_20241107_A549_PropargylAzide_1xLabeling_NoClick_HighpH_Rep1_F02	Homo sapiens	whole cell lysate	not available	5	PXD059118_20241107_A549_PropargylAzide_1xLabeling_NoClick_HighpH_Rep1_F02_assay	proteomic profiling by mass spectrometry	data-dependent acquisition	NT=label free sample;AC=MS:1002038	02	1	not available	NT=Trypsin;AC=MS:1001251	NT=Carbamidomethyl;AC=UNIMOD:4;TA=C;MT=Fixed	NT=Oxidation;AC=UNIMOD:21;TA=M;MT=Variable	not available	not available	NT=['DSS', 'PhoX'];AC=['XLMOD:02001', 'XLMOD:02258'];TA=['K,nterm', 'K,nterm']	Fe-NTA magnetic beads	1 mM	not available	60 min	not available	20241107_A549_PropargylAzide_1xLabeling_NoClick_HighpH_Rep1_F02.raw	NT=ms-proteomics;VV=v1.1.0	NT=crosslinking;VV=v1.0.0	NT=human;VV=v1.1.0
PXD059118_20240524_A549_PropargylAzide_1xLabeling_Clicked_HighpH_F13	Homo sapiens	whole cell lysate	not available	3	PXD059118_20240524_A549_PropargylAzide_1xLabeling_Clicked_HighpH_F13_assay	proteomic profiling by mass spectrometry	data-dependent acquisition	NT=label free sample;AC=MS:1002038	13	1	not available	NT=Trypsin;AC=MS:1001251	NT=Carbamidomethyl;AC=UNIMOD:4;TA=C;MT=Fixed	NT=Oxidation;AC=UNIMOD:21;TA=M;MT=Variable	not available	not available	NT=['DSS', 'PhoX'];AC=['XLMOD:02001', 'XLMOD:02258'];TA=['K,nterm', 'K,nterm']	Fe-NTA magnetic beads	1 mM	not available	60 min	not available	20240524_A549_PropargylAzide_1xLabeling_Clicked_HighpH_F13.raw	NT=ms-proteomics;VV=v1.1.0	NT=crosslinking;VV=v1.0.0	NT=human;VV=v1.1.0
PXD059118_20240721_A549_PropargylAzide_1xLabeling_Clicked_SEC1-7_HighpH_F15	Homo sapiens	whole cell lysate	not available	59	PXD059118_20240721_A549_PropargylAzide_1xLabeling_Clicked_SEC1-7_HighpH_F15_assay	proteomic profiling by mass spectrometry	data-dependent acquisition	NT=label free sample;AC=MS:1002038	1	1	not available	NT=Trypsin;AC=MS:1001251	NT=Carbamidomethyl;AC=UNIMOD:4;TA=C;MT=Fixed	NT=Oxidation;AC=UNIMOD:21;TA=M;MT=Variable	not available	not available	NT=['DSS', 'PhoX'];AC=['XLMOD:02001', 'XLMOD:02258'];TA=['K,nterm', 'K,nterm']	Fe-NTA magnetic beads	1 mM	not available	60 min	not available	20240721_A549_PropargylAzide_1xLabeling_Clicked_SEC1-7_HighpH_F15.raw	NT=ms-proteomics;VV=v1.1.0	NT=crosslinking;VV=v1.0.0	NT=human;VV=v1.1.0
PXD059118_20240721_A549_PropargylAzide_1xLabeling_Clicked_SEC9_HighpH_F01	Homo sapiens	whole cell lysate	not available	20	PXD059118_20240721_A549_PropargylAzide_1xLabeling_Clicked_SEC9_HighpH_F01_assay	proteomic profiling by mass spectrometry	data-dependent acquisition	NT=label free sample;AC=MS:1002038	9	1	not available	NT=Trypsin;AC=MS:1001251	NT=Carbamidomethyl;AC=UNIMOD:4;TA=C;MT=Fixed	NT=Oxidation;AC=UNIMOD:21;TA=M;MT=Variable	not available	not available	NT=['DSS', 'PhoX'];AC=['XLMOD:02001', 'XLMOD:02258'];TA=['K,nterm', 'K,nterm']	Fe-NTA magnetic beads	1 mM	not available	60 min	not available	20240721_A549_PropargylAzide_1xLabeling_Clicked_SEC9_HighpH_F01.raw	NT=ms-proteomics;VV=v1.1.0	NT=crosslinking;VV=v1.0.0	NT=human;VV=v1.1.0
PXD059118_20241107_A549_PropargylAzide_1xLabeling_NoClick_HighpH_Rep2_F22	Homo sapiens	whole cell lysate	not available	2	PXD059118_20241107_A549_PropargylAzide_1xLabeling_NoClick_HighpH_Rep2_F22_assay	proteomic profiling by mass spectrometry	data-dependent acquisition	NT=label free sample;AC=MS:1002038	22	2	not available	NT=Trypsin;AC=MS:1001251	NT=Carbamidomethyl;AC=UNIMOD:4;TA=C;MT=Fixed	NT=Oxidation;AC=UNIMOD:21;TA=M;MT=Variable	not available	not available	NT=['DSS', 'PhoX'];AC=['XLMOD:02001', 'XLMOD:02258'];TA=['K,nterm', 'K,nterm']	Fe-NTA magnetic beads	1 mM	not available	60 min	not available	20241107_A549_PropargylAzide_1xLabeling_NoClick_HighpH_Rep2_F22.raw	NT=ms-proteomics;VV=v1.1.0	NT=crosslinking;VV=v1.0.0	NT=human;VV=v1.1.0
PXD059118_20240403_Ecoli_Propargyl_AzidePEGOH_Clicked_4BTTES_1CuSO4_Rep2	Escherichia coli	whole cell lysate	not available	60	PXD059118_20240403_Ecoli_Propargyl_AzidePEGOH_Clicked_4BTTES_1CuSO4_Rep2_assay	proteomic profiling by mass spectrometry	data-dependent acquisition	NT=label free sample;AC=MS:1002038	1	2	not available	NT=Trypsin;AC=MS:1001251	NT=Carbamidomethyl;AC=UNIMOD:4;TA=C;MT=Fixed	NT=Oxidation;AC=UNIMOD:21;TA=M;MT=Variable	not available	not available	NT=['DSS', 'PhoX'];AC=['XLMOD:02001', 'XLMOD:02258'];TA=['K,nterm', 'K,nterm']	Fe-NTA magnetic beads	1 mM	not available	60 min	not available	20240403_Ecoli_Propargyl_AzidePEGOH_Clicked_4BTTES_1CuSO4_Rep2.raw	NT=ms-proteomics;VV=v1.1.0	NT=crosslinking;VV=v1.0.0	NT=human;VV=v1.1.0
PXD059118_20240721_A549_PropargylAzide_1xLabeling_Clicked_SEC9_HighpH_F06	Homo sapiens	whole cell lysate	not available	21	PXD059118_20240721_A549_PropargylAzide_1xLabeling_Clicked_SEC9_HighpH_F06_assay	proteomic profiling by mass spectrometry	data-dependent acquisition	NT=label free sample;AC=MS:1002038	9	1	not available	NT=Trypsin;AC=MS:1001251	NT=Carbamidomethyl;AC=UNIMOD:4;TA=C;MT=Fixed	NT=Oxidation;AC=UNIMOD:21;TA=M;MT=Variable	not available	not available	NT=['DSS', 'PhoX'];AC=['XLMOD:02001', 'XLMOD:02258'];TA=['K,nterm', 'K,nterm']	Fe-NTA magnetic beads	1 mM	not available	60 min	not available	20240721_A549_PropargylAzide_1xLabeling_Clicked_SEC9_HighpH_F06.raw	NT=ms-proteomics;VV=v1.1.0	NT=crosslinking;VV=v1.0.0	NT=human;VV=v1.1.0
PXD059118_20240829_A549_PropargylAzide_3xLabeling_NoClick_Rep2	Homo sapiens	whole cell lysate	not available	61	PXD059118_20240829_A549_PropargylAzide_3xLabeling_NoClick_Rep2_assay	proteomic profiling by mass spectrometry	data-dependent acquisition	NT=label free sample;AC=MS:1002038	1	2	not available	NT=Trypsin;AC=MS:1001251	NT=Carbamidomethyl;AC=UNIMOD:4;TA=C;MT=Fixed	NT=Oxidation;AC=UNIMOD:21;TA=M;MT=Variable	not available	not available	NT=['DSS', 'PhoX'];AC=['XLMOD:02001', 'XLMOD:02258'];TA=['K,nterm', 'K,nterm']	Fe-NTA magnetic beads	1 mM	not available	60 min	not available	20240829_A549_PropargylAzide_3xLabeling_NoClick_Rep2.raw	NT=ms-proteomics;VV=v1.1.0	NT=crosslinking;VV=v1.0.0	NT=human;VV=v1.1.0
PXD059118_20240524_A549_PropargylAzide_1xLabeling_Clicked_HighpH_F10	Homo sapiens	whole cell lysate	not available	30	PXD059118_20240524_A549_PropargylAzide_1xLabeling_Clicked_HighpH_F10_assay	proteomic profiling by mass spectrometry	data-dependent acquisition	NT=label free sample;AC=MS:1002038	10	1	not available	NT=Trypsin;AC=MS:1001251	NT=Carbamidomethyl;AC=UNIMOD:4;TA=C;MT=Fixed	NT=Oxidation;AC=UNIMOD:21;TA=M;MT=Variable	not available	not available	NT=['DSS', 'PhoX'];AC=['XLMOD:02001', 'XLMOD:02258'];TA=['K,nterm', 'K,nterm']	Fe-NTA magnetic beads	1 mM	not available	60 min	not available	20240524_A549_PropargylAzide_1xLabeling_Clicked_HighpH_F10.raw	NT=ms-proteomics;VV=v1.1.0	NT=crosslinking;VV=v1.0.0	NT=human;VV=v1.1.0
PXD059118_20240721_A549_PropargylAzide_1xLabeling_Clicked_SEC11_HighpH_F06	Homo sapiens	whole cell lysate	not available	29	PXD059118_20240721_A549_PropargylAzide_1xLabeling_Clicked_SEC11_HighpH_F06_assay	proteomic profiling by mass spectrometry	data-dependent acquisition	NT=label free sample;AC=MS:1002038	11	1	not available	NT=Trypsin;AC=MS:1001251	NT=Carbamidomethyl;AC=UNIMOD:4;TA=C;MT=Fixed	NT=Oxidation;AC=UNIMOD:21;TA=M;MT=Variable	not available	not available	NT=['DSS', 'PhoX'];AC=['XLMOD:02001', 'XLMOD:02258'];TA=['K,nterm', 'K,nterm']	Fe-NTA magnetic beads	1 mM	not available	60 min	not available	20240721_A549_PropargylAzide_1xLabeling_Clicked_SEC11_HighpH_F06.raw	NT=ms-proteomics;VV=v1.1.0	NT=crosslinking;VV=v1.0.0	NT=human;VV=v1.1.0
PXD059118_20240721_A549_PropargylAzide_1xLabeling_Clicked_SEC11_HighpH_F12	Homo sapiens	whole cell lysate	not available	30	PXD059118_20240721_A549_PropargylAzide_1xLabeling_Clicked_SEC11_HighpH_F12_assay	proteomic profiling by mass spectrometry	data-dependent acquisition	NT=label free sample;AC=MS:1002038	11	1	not available	NT=Trypsin;AC=MS:1001251	NT=Carbamidomethyl;AC=UNIMOD:4;TA=C;MT=Fixed	NT=Oxidation;AC=UNIMOD:21;TA=M;MT=Variable	not available	not available	NT=['DSS', 'PhoX'];AC=['XLMOD:02001', 'XLMOD:02258'];TA=['K,nterm', 'K,nterm']	Fe-NTA magnetic beads	1 mM	not available	60 min	not available	20240721_A549_PropargylAzide_1xLabeling_Clicked_SEC11_HighpH_F12.raw	NT=ms-proteomics;VV=v1.1.0	NT=crosslinking;VV=v1.0.0	NT=human;VV=v1.1.0
PXD059118_20230816_A549_1xDSS_LiveCells_HighpH_F12	Homo sapiens	whole cell lysate	not available	5	PXD059118_20230816_A549_1xDSS_LiveCells_HighpH_F12_assay	proteomic profiling by mass spectrometry	data-dependent acquisition	NT=label free sample;AC=MS:1002038	12	1	not available	NT=Trypsin;AC=MS:1001251	NT=Carbamidomethyl;AC=UNIMOD:4;TA=C;MT=Fixed	NT=Oxidation;AC=UNIMOD:21;TA=M;MT=Variable	not available	not available	NT=['DSS', 'PhoX'];AC=['XLMOD:02001', 'XLMOD:02258'];TA=['K,nterm', 'K,nterm']	Fe-NTA magnetic beads	1 mM	not available	60 min	not available	20230816_A549_1xDSS_LiveCells_HighpH_F12.raw	NT=ms-proteomics;VV=v1.1.0	NT=crosslinking;VV=v1.0.0	NT=human;VV=v1.1.0
PXD059118_20240721_A549_PropargylAzide_1xLabeling_Clicked_SEC1-7_HighpH_F19	Homo sapiens	whole cell lysate	not available	62	PXD059118_20240721_A549_PropargylAzide_1xLabeling_Clicked_SEC1-7_HighpH_F19_assay	proteomic profiling by mass spectrometry	data-dependent acquisition	NT=label free sample;AC=MS:1002038	1	1	not available	NT=Trypsin;AC=MS:1001251	NT=Carbamidomethyl;AC=UNIMOD:4;TA=C;MT=Fixed	NT=Oxidation;AC=UNIMOD:21;TA=M;MT=Variable	not available	not available	NT=['DSS', 'PhoX'];AC=['XLMOD:02001', 'XLMOD:02258'];TA=['K,nterm', 'K,nterm']	Fe-NTA magnetic beads	1 mM	not available	60 min	not available	20240721_A549_PropargylAzide_1xLabeling_Clicked_SEC1-7_HighpH_F19.raw	NT=ms-proteomics;VV=v1.1.0	NT=crosslinking;VV=v1.0.0	NT=human;VV=v1.1.0
PXD059118_20231224_A549_1xPhoX_FIXMS_IMAC_HighpH_F08	Homo sapiens	whole cell lysate	not available	7	PXD059118_20231224_A549_1xPhoX_FIXMS_IMAC_HighpH_F08_assay	proteomic profiling by mass spectrometry	data-dependent acquisition	NT=label free sample;AC=MS:1002038	08	1	not available	NT=Trypsin;AC=MS:1001251	NT=Carbamidomethyl;AC=UNIMOD:4;TA=C;MT=Fixed	NT=Oxidation;AC=UNIMOD:21;TA=M;MT=Variable	not available	not available	NT=['DSS', 'PhoX'];AC=['XLMOD:02001', 'XLMOD:02258'];TA=['K,nterm', 'K,nterm']	Fe-NTA magnetic beads	1 mM	not available	60 min	not available	20231224_A549_1xPhoX_FIXMS_IMAC_HighpH_F08.raw	NT=ms-proteomics;VV=v1.1.0	NT=crosslinking;VV=v1.0.0	NT=human;VV=v1.1.0
PXD059118_20240721_A549_PropargylAzide_1xLabeling_Clicked_SEC10_HighpH_F07	Homo sapiens	whole cell lysate	not available	31	PXD059118_20240721_A549_PropargylAzide_1xLabeling_Clicked_SEC10_HighpH_F07_assay	proteomic profiling by mass spectrometry	data-dependent acquisition	NT=label free sample;AC=MS:1002038	10	1	not available	NT=Trypsin;AC=MS:1001251	NT=Carbamidomethyl;AC=UNIMOD:4;TA=C;MT=Fixed	NT=Oxidation;AC=UNIMOD:21;TA=M;MT=Variable	not available	not available	NT=['DSS', 'PhoX'];AC=['XLMOD:02001', 'XLMOD:02258'];TA=['K,nterm', 'K,nterm']	Fe-NTA magnetic beads	1 mM	not available	60 min	not available	20240721_A549_PropargylAzide_1xLabeling_Clicked_SEC10_HighpH_F07.raw	NT=ms-proteomics;VV=v1.1.0	NT=crosslinking;VV=v1.0.0	NT=human;VV=v1.1.0
PXD059118_20241018_A549_Lysate_Propargyl_AzidoPEGOH_Clicked_Clicked_60min_Rep2	Homo sapiens	whole cell lysate	not available	63	PXD059118_20241018_A549_Lysate_Propargyl_AzidoPEGOH_Clicked_Clicked_60min_Rep2_assay	proteomic profiling by mass spectrometry	data-dependent acquisition	NT=label free sample;AC=MS:1002038	1	2	not available	NT=Trypsin;AC=MS:1001251	NT=Carbamidomethyl;AC=UNIMOD:4;TA=C;MT=Fixed	NT=Oxidation;AC=UNIMOD:21;TA=M;MT=Variable	not available	not available	NT=['DSS', 'PhoX'];AC=['XLMOD:02001', 'XLMOD:02258'];TA=['K,nterm', 'K,nterm']	Fe-NTA magnetic beads	1 mM	not available	60 min	not available	20241018_A549_Lysate_Propargyl_AzidoPEGOH_Clicked_Clicked_60min_Rep2.raw	NT=ms-proteomics;VV=v1.1.0	NT=crosslinking;VV=v1.0.0	NT=human;VV=v1.1.0
PXD059118_20241107_A549_PropargylAzide_1xLabeling_NoClick_HighpH_Rep2_F24	Homo sapiens	whole cell lysate	not available	3	PXD059118_20241107_A549_PropargylAzide_1xLabeling_NoClick_HighpH_Rep2_F24_assay	proteomic profiling by mass spectrometry	data-dependent acquisition	NT=label free sample;AC=MS:1002038	24	2	not available	NT=Trypsin;AC=MS:1001251	NT=Carbamidomethyl;AC=UNIMOD:4;TA=C;MT=Fixed	NT=Oxidation;AC=UNIMOD:21;TA=M;MT=Variable	not available	not available	NT=['DSS', 'PhoX'];AC=['XLMOD:02001', 'XLMOD:02258'];TA=['K,nterm', 'K,nterm']	Fe-NTA magnetic beads	1 mM	not available	60 min	not available	20241107_A549_PropargylAzide_1xLabeling_NoClick_HighpH_Rep2_F24.raw	NT=ms-proteomics;VV=v1.1.0	NT=crosslinking;VV=v1.0.0	NT=human;VV=v1.1.0
PXD059118_20241018_A549_Lysate_Propargyl_AzidoPEGOH_Clicked_Clicked_10min_Rep2	Homo sapiens	whole cell lysate	not available	64	PXD059118_20241018_A549_Lysate_Propargyl_AzidoPEGOH_Clicked_Clicked_10min_Rep2_assay	proteomic profiling by mass spectrometry	data-dependent acquisition	NT=label free sample;AC=MS:1002038	1	2	not available	NT=Trypsin;AC=MS:1001251	NT=Carbamidomethyl;AC=UNIMOD:4;TA=C;MT=Fixed	NT=Oxidation;AC=UNIMOD:21;TA=M;MT=Variable	not available	not available	NT=['DSS', 'PhoX'];AC=['XLMOD:02001', 'XLMOD:02258'];TA=['K,nterm', 'K,nterm']	Fe-NTA magnetic beads	1 mM	not available	60 min	not available	20241018_A549_Lysate_Propargyl_AzidoPEGOH_Clicked_Clicked_10min_Rep2.raw	NT=ms-proteomics;VV=v1.1.0	NT=crosslinking;VV=v1.0.0	NT=human;VV=v1.1.0
PXD059118_20240721_A549_PropargylAzide_1xLabeling_Clicked_SEC8_HighpH_F15	Homo sapiens	whole cell lysate	not available	25	PXD059118_20240721_A549_PropargylAzide_1xLabeling_Clicked_SEC8_HighpH_F15_assay	proteomic profiling by mass spectrometry	data-dependent acquisition	NT=label free sample;AC=MS:1002038	8	1	not available	NT=Trypsin;AC=MS:1001251	NT=Carbamidomethyl;AC=UNIMOD:4;TA=C;MT=Fixed	NT=Oxidation;AC=UNIMOD:21;TA=M;MT=Variable	not available	not available	NT=['DSS', 'PhoX'];AC=['XLMOD:02001', 'XLMOD:02258'];TA=['K,nterm', 'K,nterm']	Fe-NTA magnetic beads	1 mM	not available	60 min	not available	20240721_A549_PropargylAzide_1xLabeling_Clicked_SEC8_HighpH_F15.raw	NT=ms-proteomics;VV=v1.1.0	NT=crosslinking;VV=v1.0.0	NT=human;VV=v1.1.0
PXD059118_20240524_A549_PropargylAzide_1xLabeling_Clicked_HighpH_F05	Homo sapiens	whole cell lysate	not available	6	PXD059118_20240524_A549_PropargylAzide_1xLabeling_Clicked_HighpH_F05_assay	proteomic profiling by mass spectrometry	data-dependent acquisition	NT=label free sample;AC=MS:1002038	05	1	not available	NT=Trypsin;AC=MS:1001251	NT=Carbamidomethyl;AC=UNIMOD:4;TA=C;MT=Fixed	NT=Oxidation;AC=UNIMOD:21;TA=M;MT=Variable	not available	not available	NT=['DSS', 'PhoX'];AC=['XLMOD:02001', 'XLMOD:02258'];TA=['K,nterm', 'K,nterm']	Fe-NTA magnetic beads	1 mM	not available	60 min	not available	20240524_A549_PropargylAzide_1xLabeling_Clicked_HighpH_F05.raw	NT=ms-proteomics;VV=v1.1.0	NT=crosslinking;VV=v1.0.0	NT=human;VV=v1.1.0
PXD059118_20240721_A549_PropargylAzide_1xLabeling_Clicked_SEC1-7_HighpH_F10	Homo sapiens	whole cell lysate	not available	65	PXD059118_20240721_A549_PropargylAzide_1xLabeling_Clicked_SEC1-7_HighpH_F10_assay	proteomic profiling by mass spectrometry	data-dependent acquisition	NT=label free sample;AC=MS:1002038	1	1	not available	NT=Trypsin;AC=MS:1001251	NT=Carbamidomethyl;AC=UNIMOD:4;TA=C;MT=Fixed	NT=Oxidation;AC=UNIMOD:21;TA=M;MT=Variable	not available	not available	NT=['DSS', 'PhoX'];AC=['XLMOD:02001', 'XLMOD:02258'];TA=['K,nterm', 'K,nterm']	Fe-NTA magnetic beads	1 mM	not available	60 min	not available	20240721_A549_PropargylAzide_1xLabeling_Clicked_SEC1-7_HighpH_F10.raw	NT=ms-proteomics;VV=v1.1.0	NT=crosslinking;VV=v1.0.0	NT=human;VV=v1.1.0
PXD059118_20230901_A549_1xDSS_FIXMS_HighpH_F03	Homo sapiens	whole cell lysate	not available	6	PXD059118_20230901_A549_1xDSS_FIXMS_HighpH_F03_assay	proteomic profiling by mass spectrometry	data-dependent acquisition	NT=label free sample;AC=MS:1002038	03	1	not available	NT=Trypsin;AC=MS:1001251	NT=Carbamidomethyl;AC=UNIMOD:4;TA=C;MT=Fixed	NT=Oxidation;AC=UNIMOD:21;TA=M;MT=Variable	not available	not available	NT=['DSS', 'PhoX'];AC=['XLMOD:02001', 'XLMOD:02258'];TA=['K,nterm', 'K,nterm']	Fe-NTA magnetic beads	1 mM	not available	60 min	not available	20230901_A549_1xDSS_FIXMS_HighpH_F03.raw	NT=ms-proteomics;VV=v1.1.0	NT=crosslinking;VV=v1.0.0	NT=human;VV=v1.1.0
PXD059118_20240721_A549_PropargylAzide_1xLabeling_Clicked_SEC11_HighpH_F18	Homo sapiens	whole cell lysate	not available	31	PXD059118_20240721_A549_PropargylAzide_1xLabeling_Clicked_SEC11_HighpH_F18_assay	proteomic profiling by mass spectrometry	data-dependent acquisition	NT=label free sample;AC=MS:1002038	11	1	not available	NT=Trypsin;AC=MS:1001251	NT=Carbamidomethyl;AC=UNIMOD:4;TA=C;MT=Fixed	NT=Oxidation;AC=UNIMOD:21;TA=M;MT=Variable	not available	not available	NT=['DSS', 'PhoX'];AC=['XLMOD:02001', 'XLMOD:02258'];TA=['K,nterm', 'K,nterm']	Fe-NTA magnetic beads	1 mM	not available	60 min	not available	20240721_A549_PropargylAzide_1xLabeling_Clicked_SEC11_HighpH_F18.raw	NT=ms-proteomics;VV=v1.1.0	NT=crosslinking;VV=v1.0.0	NT=human;VV=v1.1.0
PXD059118_20240721_A549_PropargylAzide_1xLabeling_Clicked_SEC1-7_HighpH_F29	Homo sapiens	whole cell lysate	not available	66	PXD059118_20240721_A549_PropargylAzide_1xLabeling_Clicked_SEC1-7_HighpH_F29_assay	proteomic profiling by mass spectrometry	data-dependent acquisition	NT=label free sample;AC=MS:1002038	1	1	not available	NT=Trypsin;AC=MS:1001251	NT=Carbamidomethyl;AC=UNIMOD:4;TA=C;MT=Fixed	NT=Oxidation;AC=UNIMOD:21;TA=M;MT=Variable	not available	not available	NT=['DSS', 'PhoX'];AC=['XLMOD:02001', 'XLMOD:02258'];TA=['K,nterm', 'K,nterm']	Fe-NTA magnetic beads	1 mM	not available	60 min	not available	20240721_A549_PropargylAzide_1xLabeling_Clicked_SEC1-7_HighpH_F29.raw	NT=ms-proteomics;VV=v1.1.0	NT=crosslinking;VV=v1.0.0	NT=human;VV=v1.1.0
PXD059118_20240721_A549_PropargylAzide_1xLabeling_Clicked_SEC11_HighpH_F04	Homo sapiens	whole cell lysate	not available	32	PXD059118_20240721_A549_PropargylAzide_1xLabeling_Clicked_SEC11_HighpH_F04_assay	proteomic profiling by mass spectrometry	data-dependent acquisition	NT=label free sample;AC=MS:1002038	11	1	not available	NT=Trypsin;AC=MS:1001251	NT=Carbamidomethyl;AC=UNIMOD:4;TA=C;MT=Fixed	NT=Oxidation;AC=UNIMOD:21;TA=M;MT=Variable	not available	not available	NT=['DSS', 'PhoX'];AC=['XLMOD:02001', 'XLMOD:02258'];TA=['K,nterm', 'K,nterm']	Fe-NTA magnetic beads	1 mM	not available	60 min	not available	20240721_A549_PropargylAzide_1xLabeling_Clicked_SEC11_HighpH_F04.raw	NT=ms-proteomics;VV=v1.1.0	NT=crosslinking;VV=v1.0.0	NT=human;VV=v1.1.0
PXD059118_20241107_A549_PropargylAzide_1xLabeling_NoClick_HighpH_Rep2_F17	Homo sapiens	whole cell lysate	not available	3	PXD059118_20241107_A549_PropargylAzide_1xLabeling_NoClick_HighpH_Rep2_F17_assay	proteomic profiling by mass spectrometry	data-dependent acquisition	NT=label free sample;AC=MS:1002038	17	2	not available	NT=Trypsin;AC=MS:1001251	NT=Carbamidomethyl;AC=UNIMOD:4;TA=C;MT=Fixed	NT=Oxidation;AC=UNIMOD:21;TA=M;MT=Variable	not available	not available	NT=['DSS', 'PhoX'];AC=['XLMOD:02001', 'XLMOD:02258'];TA=['K,nterm', 'K,nterm']	Fe-NTA magnetic beads	1 mM	not available	60 min	not available	20241107_A549_PropargylAzide_1xLabeling_NoClick_HighpH_Rep2_F17.raw	NT=ms-proteomics;VV=v1.1.0	NT=crosslinking;VV=v1.0.0	NT=human;VV=v1.1.0
PXD059118_20231224_A549_1xPhoX_FIXMS_IMAC_HighpH_F09	Homo sapiens	whole cell lysate	not available	6	PXD059118_20231224_A549_1xPhoX_FIXMS_IMAC_HighpH_F09_assay	proteomic profiling by mass spectrometry	data-dependent acquisition	NT=label free sample;AC=MS:1002038	09	1	not available	NT=Trypsin;AC=MS:1001251	NT=Carbamidomethyl;AC=UNIMOD:4;TA=C;MT=Fixed	NT=Oxidation;AC=UNIMOD:21;TA=M;MT=Variable	not available	not available	NT=['DSS', 'PhoX'];AC=['XLMOD:02001', 'XLMOD:02258'];TA=['K,nterm', 'K,nterm']	Fe-NTA magnetic beads	1 mM	not available	60 min	not available	20231224_A549_1xPhoX_FIXMS_IMAC_HighpH_F09.raw	NT=ms-proteomics;VV=v1.1.0	NT=crosslinking;VV=v1.0.0	NT=human;VV=v1.1.0
PXD059118_20240721_A549_PropargylAzide_1xLabeling_Clicked_SEC10_HighpH_F09	Homo sapiens	whole cell lysate	not available	32	PXD059118_20240721_A549_PropargylAzide_1xLabeling_Clicked_SEC10_HighpH_F09_assay	proteomic profiling by mass spectrometry	data-dependent acquisition	NT=label free sample;AC=MS:1002038	10	1	not available	NT=Trypsin;AC=MS:1001251	NT=Carbamidomethyl;AC=UNIMOD:4;TA=C;MT=Fixed	NT=Oxidation;AC=UNIMOD:21;TA=M;MT=Variable	not available	not available	NT=['DSS', 'PhoX'];AC=['XLMOD:02001', 'XLMOD:02258'];TA=['K,nterm', 'K,nterm']	Fe-NTA magnetic beads	1 mM	not available	60 min	not available	20240721_A549_PropargylAzide_1xLabeling_Clicked_SEC10_HighpH_F09.raw	NT=ms-proteomics;VV=v1.1.0	NT=crosslinking;VV=v1.0.0	NT=human;VV=v1.1.0
PXD059118_20230901_A549_1xDSS_FIXMS_HighpH_F12	Homo sapiens	whole cell lysate	not available	6	PXD059118_20230901_A549_1xDSS_FIXMS_HighpH_F12_assay	proteomic profiling by mass spectrometry	data-dependent acquisition	NT=label free sample;AC=MS:1002038	12	1	not available	NT=Trypsin;AC=MS:1001251	NT=Carbamidomethyl;AC=UNIMOD:4;TA=C;MT=Fixed	NT=Oxidation;AC=UNIMOD:21;TA=M;MT=Variable	not available	not available	NT=['DSS', 'PhoX'];AC=['XLMOD:02001', 'XLMOD:02258'];TA=['K,nterm', 'K,nterm']	Fe-NTA magnetic beads	1 mM	not available	60 min	not available	20230901_A549_1xDSS_FIXMS_HighpH_F12.raw	NT=ms-proteomics;VV=v1.1.0	NT=crosslinking;VV=v1.0.0	NT=human;VV=v1.1.0
PXD059118_20231224_A549_1xPhoX_FIXMS_IMAC_HighpH_F10	Homo sapiens	whole cell lysate	not available	33	PXD059118_20231224_A549_1xPhoX_FIXMS_IMAC_HighpH_F10_assay	proteomic profiling by mass spectrometry	data-dependent acquisition	NT=label free sample;AC=MS:1002038	10	1	not available	NT=Trypsin;AC=MS:1001251	NT=Carbamidomethyl;AC=UNIMOD:4;TA=C;MT=Fixed	NT=Oxidation;AC=UNIMOD:21;TA=M;MT=Variable	not available	not available	NT=['DSS', 'PhoX'];AC=['XLMOD:02001', 'XLMOD:02258'];TA=['K,nterm', 'K,nterm']	Fe-NTA magnetic beads	1 mM	not available	60 min	not available	20231224_A549_1xPhoX_FIXMS_IMAC_HighpH_F10.raw	NT=ms-proteomics;VV=v1.1.0	NT=crosslinking;VV=v1.0.0	NT=human;VV=v1.1.0
PXD059118_20240721_A549_PropargylAzide_1xLabeling_Clicked_SEC9_HighpH_F30	Homo sapiens	whole cell lysate	not available	22	PXD059118_20240721_A549_PropargylAzide_1xLabeling_Clicked_SEC9_HighpH_F30_assay	proteomic profiling by mass spectrometry	data-dependent acquisition	NT=label free sample;AC=MS:1002038	9	1	not available	NT=Trypsin;AC=MS:1001251	NT=Carbamidomethyl;AC=UNIMOD:4;TA=C;MT=Fixed	NT=Oxidation;AC=UNIMOD:21;TA=M;MT=Variable	not available	not available	NT=['DSS', 'PhoX'];AC=['XLMOD:02001', 'XLMOD:02258'];TA=['K,nterm', 'K,nterm']	Fe-NTA magnetic beads	1 mM	not available	60 min	not available	20240721_A549_PropargylAzide_1xLabeling_Clicked_SEC9_HighpH_F30.raw	NT=ms-proteomics;VV=v1.1.0	NT=crosslinking;VV=v1.0.0	NT=human;VV=v1.1.0
PXD059118_20240721_A549_PropargylAzide_1xLabeling_Clicked_SEC9_HighpH_F02	Homo sapiens	whole cell lysate	not available	23	PXD059118_20240721_A549_PropargylAzide_1xLabeling_Clicked_SEC9_HighpH_F02_assay	proteomic profiling by mass spectrometry	data-dependent acquisition	NT=label free sample;AC=MS:1002038	9	1	not available	NT=Trypsin;AC=MS:1001251	NT=Carbamidomethyl;AC=UNIMOD:4;TA=C;MT=Fixed	NT=Oxidation;AC=UNIMOD:21;TA=M;MT=Variable	not available	not available	NT=['DSS', 'PhoX'];AC=['XLMOD:02001', 'XLMOD:02258'];TA=['K,nterm', 'K,nterm']	Fe-NTA magnetic beads	1 mM	not available	60 min	not available	20240721_A549_PropargylAzide_1xLabeling_Clicked_SEC9_HighpH_F02.raw	NT=ms-proteomics;VV=v1.1.0	NT=crosslinking;VV=v1.0.0	NT=human;VV=v1.1.0
PXD059118_20230901_A549_1xDSS_FIXMS_HighpH_F05	Homo sapiens	whole cell lysate	not available	7	PXD059118_20230901_A549_1xDSS_FIXMS_HighpH_F05_assay	proteomic profiling by mass spectrometry	data-dependent acquisition	NT=label free sample;AC=MS:1002038	05	1	not available	NT=Trypsin;AC=MS:1001251	NT=Carbamidomethyl;AC=UNIMOD:4;TA=C;MT=Fixed	NT=Oxidation;AC=UNIMOD:21;TA=M;MT=Variable	not available	not available	NT=['DSS', 'PhoX'];AC=['XLMOD:02001', 'XLMOD:02258'];TA=['K,nterm', 'K,nterm']	Fe-NTA magnetic beads	1 mM	not available	60 min	not available	20230901_A549_1xDSS_FIXMS_HighpH_F05.raw	NT=ms-proteomics;VV=v1.1.0	NT=crosslinking;VV=v1.0.0	NT=human;VV=v1.1.0
PXD059118_20240721_A549_PropargylAzide_1xLabeling_Clicked_SEC10_HighpH_F29	Homo sapiens	whole cell lysate	not available	34	PXD059118_20240721_A549_PropargylAzide_1xLabeling_Clicked_SEC10_HighpH_F29_assay	proteomic profiling by mass spectrometry	data-dependent acquisition	NT=label free sample;AC=MS:1002038	10	1	not available	NT=Trypsin;AC=MS:1001251	NT=Carbamidomethyl;AC=UNIMOD:4;TA=C;MT=Fixed	NT=Oxidation;AC=UNIMOD:21;TA=M;MT=Variable	not available	not available	NT=['DSS', 'PhoX'];AC=['XLMOD:02001', 'XLMOD:02258'];TA=['K,nterm', 'K,nterm']	Fe-NTA magnetic beads	1 mM	not available	60 min	not available	20240721_A549_PropargylAzide_1xLabeling_Clicked_SEC10_HighpH_F29.raw	NT=ms-proteomics;VV=v1.1.0	NT=crosslinking;VV=v1.0.0	NT=human;VV=v1.1.0
PXD059118_20240721_A549_PropargylAzide_1xLabeling_Clicked_SEC8_HighpH_F25	Homo sapiens	whole cell lysate	not available	26	PXD059118_20240721_A549_PropargylAzide_1xLabeling_Clicked_SEC8_HighpH_F25_assay	proteomic profiling by mass spectrometry	data-dependent acquisition	NT=label free sample;AC=MS:1002038	8	1	not available	NT=Trypsin;AC=MS:1001251	NT=Carbamidomethyl;AC=UNIMOD:4;TA=C;MT=Fixed	NT=Oxidation;AC=UNIMOD:21;TA=M;MT=Variable	not available	not available	NT=['DSS', 'PhoX'];AC=['XLMOD:02001', 'XLMOD:02258'];TA=['K,nterm', 'K,nterm']	Fe-NTA magnetic beads	1 mM	not available	60 min	not available	20240721_A549_PropargylAzide_1xLabeling_Clicked_SEC8_HighpH_F25.raw	NT=ms-proteomics;VV=v1.1.0	NT=crosslinking;VV=v1.0.0	NT=human;VV=v1.1.0
PXD059118_20240721_A549_PropargylAzide_1xLabeling_Clicked_SEC9_HighpH_F03	Homo sapiens	whole cell lysate	not available	24	PXD059118_20240721_A549_PropargylAzide_1xLabeling_Clicked_SEC9_HighpH_F03_assay	proteomic profiling by mass spectrometry	data-dependent acquisition	NT=label free sample;AC=MS:1002038	9	1	not available	NT=Trypsin;AC=MS:1001251	NT=Carbamidomethyl;AC=UNIMOD:4;TA=C;MT=Fixed	NT=Oxidation;AC=UNIMOD:21;TA=M;MT=Variable	not available	not available	NT=['DSS', 'PhoX'];AC=['XLMOD:02001', 'XLMOD:02258'];TA=['K,nterm', 'K,nterm']	Fe-NTA magnetic beads	1 mM	not available	60 min	not available	20240721_A549_PropargylAzide_1xLabeling_Clicked_SEC9_HighpH_F03.raw	NT=ms-proteomics;VV=v1.1.0	NT=crosslinking;VV=v1.0.0	NT=human;VV=v1.1.0
PXD059118_20241023_A549_Lysate_Propargyl_AzidoPEGOH_Clicked_Clicked_2-5min_Rep1	Homo sapiens	whole cell lysate	not available	67	PXD059118_20241023_A549_Lysate_Propargyl_AzidoPEGOH_Clicked_Clicked_2-5min_Rep1_assay	proteomic profiling by mass spectrometry	data-dependent acquisition	NT=label free sample;AC=MS:1002038	1	1	not available	NT=Trypsin;AC=MS:1001251	NT=Carbamidomethyl;AC=UNIMOD:4;TA=C;MT=Fixed	NT=Oxidation;AC=UNIMOD:21;TA=M;MT=Variable	not available	not available	NT=['DSS', 'PhoX'];AC=['XLMOD:02001', 'XLMOD:02258'];TA=['K,nterm', 'K,nterm']	Fe-NTA magnetic beads	1 mM	not available	60 min	not available	20241023_A549_Lysate_Propargyl_AzidoPEGOH_Clicked_Clicked_2-5min_Rep1.raw	NT=ms-proteomics;VV=v1.1.0	NT=crosslinking;VV=v1.0.0	NT=human;VV=v1.1.0
PXD059118_20230816_A549_1xDSS_LiveCells_HighpH_F07	Homo sapiens	whole cell lysate	not available	6	PXD059118_20230816_A549_1xDSS_LiveCells_HighpH_F07_assay	proteomic profiling by mass spectrometry	data-dependent acquisition	NT=label free sample;AC=MS:1002038	07	1	not available	NT=Trypsin;AC=MS:1001251	NT=Carbamidomethyl;AC=UNIMOD:4;TA=C;MT=Fixed	NT=Oxidation;AC=UNIMOD:21;TA=M;MT=Variable	not available	not available	NT=['DSS', 'PhoX'];AC=['XLMOD:02001', 'XLMOD:02258'];TA=['K,nterm', 'K,nterm']	Fe-NTA magnetic beads	1 mM	not available	60 min	not available	20230816_A549_1xDSS_LiveCells_HighpH_F07.raw	NT=ms-proteomics;VV=v1.1.0	NT=crosslinking;VV=v1.0.0	NT=human;VV=v1.1.0
PXD059118_20240721_A549_PropargylAzide_1xLabeling_Clicked_SEC9_HighpH_F25	Homo sapiens	whole cell lysate	not available	25	PXD059118_20240721_A549_PropargylAzide_1xLabeling_Clicked_SEC9_HighpH_F25_assay	proteomic profiling by mass spectrometry	data-dependent acquisition	NT=label free sample;AC=MS:1002038	9	1	not available	NT=Trypsin;AC=MS:1001251	NT=Carbamidomethyl;AC=UNIMOD:4;TA=C;MT=Fixed	NT=Oxidation;AC=UNIMOD:21;TA=M;MT=Variable	not available	not available	NT=['DSS', 'PhoX'];AC=['XLMOD:02001', 'XLMOD:02258'];TA=['K,nterm', 'K,nterm']	Fe-NTA magnetic beads	1 mM	not available	60 min	not available	20240721_A549_PropargylAzide_1xLabeling_Clicked_SEC9_HighpH_F25.raw	NT=ms-proteomics;VV=v1.1.0	NT=crosslinking;VV=v1.0.0	NT=human;VV=v1.1.0
PXD059118_20240721_A549_PropargylAzide_1xLabeling_Clicked_SEC9_HighpH_F23	Homo sapiens	whole cell lysate	not available	26	PXD059118_20240721_A549_PropargylAzide_1xLabeling_Clicked_SEC9_HighpH_F23_assay	proteomic profiling by mass spectrometry	data-dependent acquisition	NT=label free sample;AC=MS:1002038	9	1	not available	NT=Trypsin;AC=MS:1001251	NT=Carbamidomethyl;AC=UNIMOD:4;TA=C;MT=Fixed	NT=Oxidation;AC=UNIMOD:21;TA=M;MT=Variable	not available	not available	NT=['DSS', 'PhoX'];AC=['XLMOD:02001', 'XLMOD:02258'];TA=['K,nterm', 'K,nterm']	Fe-NTA magnetic beads	1 mM	not available	60 min	not available	20240721_A549_PropargylAzide_1xLabeling_Clicked_SEC9_HighpH_F23.raw	NT=ms-proteomics;VV=v1.1.0	NT=crosslinking;VV=v1.0.0	NT=human;VV=v1.1.0
PXD059118_20240721_A549_PropargylAzide_1xLabeling_Clicked_SEC9_HighpH_F26	Homo sapiens	whole cell lysate	not available	27	PXD059118_20240721_A549_PropargylAzide_1xLabeling_Clicked_SEC9_HighpH_F26_assay	proteomic profiling by mass spectrometry	data-dependent acquisition	NT=label free sample;AC=MS:1002038	9	1	not available	NT=Trypsin;AC=MS:1001251	NT=Carbamidomethyl;AC=UNIMOD:4;TA=C;MT=Fixed	NT=Oxidation;AC=UNIMOD:21;TA=M;MT=Variable	not available	not available	NT=['DSS', 'PhoX'];AC=['XLMOD:02001', 'XLMOD:02258'];TA=['K,nterm', 'K,nterm']	Fe-NTA magnetic beads	1 mM	not available	60 min	not available	20240721_A549_PropargylAzide_1xLabeling_Clicked_SEC9_HighpH_F26.raw	NT=ms-proteomics;VV=v1.1.0	NT=crosslinking;VV=v1.0.0	NT=human;VV=v1.1.0
PXD059118_20241107_A549_PropargylAzide_1xLabeling_NoClick_HighpH_Rep2_F03	Homo sapiens	whole cell lysate	not available	7	PXD059118_20241107_A549_PropargylAzide_1xLabeling_NoClick_HighpH_Rep2_F03_assay	proteomic profiling by mass spectrometry	data-dependent acquisition	NT=label free sample;AC=MS:1002038	03	2	not available	NT=Trypsin;AC=MS:1001251	NT=Carbamidomethyl;AC=UNIMOD:4;TA=C;MT=Fixed	NT=Oxidation;AC=UNIMOD:21;TA=M;MT=Variable	not available	not available	NT=['DSS', 'PhoX'];AC=['XLMOD:02001', 'XLMOD:02258'];TA=['K,nterm', 'K,nterm']	Fe-NTA magnetic beads	1 mM	not available	60 min	not available	20241107_A549_PropargylAzide_1xLabeling_NoClick_HighpH_Rep2_F03.raw	NT=ms-proteomics;VV=v1.1.0	NT=crosslinking;VV=v1.0.0	NT=human;VV=v1.1.0
PXD059118_20240721_A549_PropargylAzide_1xLabeling_Clicked_SEC8_HighpH_F14	Homo sapiens	whole cell lysate	not available	27	PXD059118_20240721_A549_PropargylAzide_1xLabeling_Clicked_SEC8_HighpH_F14_assay	proteomic profiling by mass spectrometry	data-dependent acquisition	NT=label free sample;AC=MS:1002038	8	1	not available	NT=Trypsin;AC=MS:1001251	NT=Carbamidomethyl;AC=UNIMOD:4;TA=C;MT=Fixed	NT=Oxidation;AC=UNIMOD:21;TA=M;MT=Variable	not available	not available	NT=['DSS', 'PhoX'];AC=['XLMOD:02001', 'XLMOD:02258'];TA=['K,nterm', 'K,nterm']	Fe-NTA magnetic beads	1 mM	not available	60 min	not available	20240721_A549_PropargylAzide_1xLabeling_Clicked_SEC8_HighpH_F14.raw	NT=ms-proteomics;VV=v1.1.0	NT=crosslinking;VV=v1.0.0	NT=human;VV=v1.1.0
PXD059118_20241023_A549_Lysate_Propargyl_NoAzidoPEGOH_NoClick_Rep1	Homo sapiens	whole cell lysate	not available	68	PXD059118_20241023_A549_Lysate_Propargyl_NoAzidoPEGOH_NoClick_Rep1_assay	proteomic profiling by mass spectrometry	data-dependent acquisition	NT=label free sample;AC=MS:1002038	1	1	not available	NT=Trypsin;AC=MS:1001251	NT=Carbamidomethyl;AC=UNIMOD:4;TA=C;MT=Fixed	NT=Oxidation;AC=UNIMOD:21;TA=M;MT=Variable	not available	not available	NT=['DSS', 'PhoX'];AC=['XLMOD:02001', 'XLMOD:02258'];TA=['K,nterm', 'K,nterm']	Fe-NTA magnetic beads	1 mM	not available	60 min	not available	20241023_A549_Lysate_Propargyl_NoAzidoPEGOH_NoClick_Rep1.raw	NT=ms-proteomics;VV=v1.1.0	NT=crosslinking;VV=v1.0.0	NT=human;VV=v1.1.0
PXD059118_20240721_A549_PropargylAzide_1xLabeling_Clicked_SEC10_HighpH_F20	Homo sapiens	whole cell lysate	not available	35	PXD059118_20240721_A549_PropargylAzide_1xLabeling_Clicked_SEC10_HighpH_F20_assay	proteomic profiling by mass spectrometry	data-dependent acquisition	NT=label free sample;AC=MS:1002038	10	1	not available	NT=Trypsin;AC=MS:1001251	NT=Carbamidomethyl;AC=UNIMOD:4;TA=C;MT=Fixed	NT=Oxidation;AC=UNIMOD:21;TA=M;MT=Variable	not available	not available	NT=['DSS', 'PhoX'];AC=['XLMOD:02001', 'XLMOD:02258'];TA=['K,nterm', 'K,nterm']	Fe-NTA magnetic beads	1 mM	not available	60 min	not available	20240721_A549_PropargylAzide_1xLabeling_Clicked_SEC10_HighpH_F20.raw	NT=ms-proteomics;VV=v1.1.0	NT=crosslinking;VV=v1.0.0	NT=human;VV=v1.1.0
PXD059118_20240524_A549_PropargylAzide_1xLabeling_Clicked_HighpH_F25	Homo sapiens	whole cell lysate	not available	2	PXD059118_20240524_A549_PropargylAzide_1xLabeling_Clicked_HighpH_F25_assay	proteomic profiling by mass spectrometry	data-dependent acquisition	NT=label free sample;AC=MS:1002038	25	1	not available	NT=Trypsin;AC=MS:1001251	NT=Carbamidomethyl;AC=UNIMOD:4;TA=C;MT=Fixed	NT=Oxidation;AC=UNIMOD:21;TA=M;MT=Variable	not available	not available	NT=['DSS', 'PhoX'];AC=['XLMOD:02001', 'XLMOD:02258'];TA=['K,nterm', 'K,nterm']	Fe-NTA magnetic beads	1 mM	not available	60 min	not available	20240524_A549_PropargylAzide_1xLabeling_Clicked_HighpH_F25.raw	NT=ms-proteomics;VV=v1.1.0	NT=crosslinking;VV=v1.0.0	NT=human;VV=v1.1.0
PXD059118_20240721_A549_PropargylAzide_1xLabeling_Clicked_SEC10_HighpH_F28	Homo sapiens	whole cell lysate	not available	36	PXD059118_20240721_A549_PropargylAzide_1xLabeling_Clicked_SEC10_HighpH_F28_assay	proteomic profiling by mass spectrometry	data-dependent acquisition	NT=label free sample;AC=MS:1002038	10	1	not available	NT=Trypsin;AC=MS:1001251	NT=Carbamidomethyl;AC=UNIMOD:4;TA=C;MT=Fixed	NT=Oxidation;AC=UNIMOD:21;TA=M;MT=Variable	not available	not available	NT=['DSS', 'PhoX'];AC=['XLMOD:02001', 'XLMOD:02258'];TA=['K,nterm', 'K,nterm']	Fe-NTA magnetic beads	1 mM	not available	60 min	not available	20240721_A549_PropargylAzide_1xLabeling_Clicked_SEC10_HighpH_F28.raw	NT=ms-proteomics;VV=v1.1.0	NT=crosslinking;VV=v1.0.0	NT=human;VV=v1.1.0
PXD059118_20241018_A549_Lysate_Propargyl_AzidoPEGOH_Clicked_Clicked_5min_Rep2	Homo sapiens	whole cell lysate	not available	69	PXD059118_20241018_A549_Lysate_Propargyl_AzidoPEGOH_Clicked_Clicked_5min_Rep2_assay	proteomic profiling by mass spectrometry	data-dependent acquisition	NT=label free sample;AC=MS:1002038	1	2	not available	NT=Trypsin;AC=MS:1001251	NT=Carbamidomethyl;AC=UNIMOD:4;TA=C;MT=Fixed	NT=Oxidation;AC=UNIMOD:21;TA=M;MT=Variable	not available	not available	NT=['DSS', 'PhoX'];AC=['XLMOD:02001', 'XLMOD:02258'];TA=['K,nterm', 'K,nterm']	Fe-NTA magnetic beads	1 mM	not available	60 min	not available	20241018_A549_Lysate_Propargyl_AzidoPEGOH_Clicked_Clicked_5min_Rep2.raw	NT=ms-proteomics;VV=v1.1.0	NT=crosslinking;VV=v1.0.0	NT=human;VV=v1.1.0
PXD059118_20241023_A549_Lysate_Propargyl_AzidoPEGOH_NoCatalysts_Rep1	Homo sapiens	whole cell lysate	not available	70	PXD059118_20241023_A549_Lysate_Propargyl_AzidoPEGOH_NoCatalysts_Rep1_assay	proteomic profiling by mass spectrometry	data-dependent acquisition	NT=label free sample;AC=MS:1002038	1	1	not available	NT=Trypsin;AC=MS:1001251	NT=Carbamidomethyl;AC=UNIMOD:4;TA=C;MT=Fixed	NT=Oxidation;AC=UNIMOD:21;TA=M;MT=Variable	not available	not available	NT=['DSS', 'PhoX'];AC=['XLMOD:02001', 'XLMOD:02258'];TA=['K,nterm', 'K,nterm']	Fe-NTA magnetic beads	1 mM	not available	60 min	not available	20241023_A549_Lysate_Propargyl_AzidoPEGOH_NoCatalysts_Rep1.raw	NT=ms-proteomics;VV=v1.1.0	NT=crosslinking;VV=v1.0.0	NT=human;VV=v1.1.0
PXD059118_20241018_A549_Lysate_Propargyl_AzidoPEGOH_Clicked_Clicked_15min_Rep2	Homo sapiens	whole cell lysate	not available	71	PXD059118_20241018_A549_Lysate_Propargyl_AzidoPEGOH_Clicked_Clicked_15min_Rep2_assay	proteomic profiling by mass spectrometry	data-dependent acquisition	NT=label free sample;AC=MS:1002038	1	2	not available	NT=Trypsin;AC=MS:1001251	NT=Carbamidomethyl;AC=UNIMOD:4;TA=C;MT=Fixed	NT=Oxidation;AC=UNIMOD:21;TA=M;MT=Variable	not available	not available	NT=['DSS', 'PhoX'];AC=['XLMOD:02001', 'XLMOD:02258'];TA=['K,nterm', 'K,nterm']	Fe-NTA magnetic beads	1 mM	not available	60 min	not available	20241018_A549_Lysate_Propargyl_AzidoPEGOH_Clicked_Clicked_15min_Rep2.raw	NT=ms-proteomics;VV=v1.1.0	NT=crosslinking;VV=v1.0.0	NT=human;VV=v1.1.0
PXD059118_20240721_A549_PropargylAzide_1xLabeling_Clicked_SEC8_HighpH_F28	Homo sapiens	whole cell lysate	not available	28	PXD059118_20240721_A549_PropargylAzide_1xLabeling_Clicked_SEC8_HighpH_F28_assay	proteomic profiling by mass spectrometry	data-dependent acquisition	NT=label free sample;AC=MS:1002038	8	1	not available	NT=Trypsin;AC=MS:1001251	NT=Carbamidomethyl;AC=UNIMOD:4;TA=C;MT=Fixed	NT=Oxidation;AC=UNIMOD:21;TA=M;MT=Variable	not available	not available	NT=['DSS', 'PhoX'];AC=['XLMOD:02001', 'XLMOD:02258'];TA=['K,nterm', 'K,nterm']	Fe-NTA magnetic beads	1 mM	not available	60 min	not available	20240721_A549_PropargylAzide_1xLabeling_Clicked_SEC8_HighpH_F28.raw	NT=ms-proteomics;VV=v1.1.0	NT=crosslinking;VV=v1.0.0	NT=human;VV=v1.1.0
PXD059118_20241107_A549_PropargylAzide_1xLabeling_NoClick_HighpH_Rep2_F06	Homo sapiens	whole cell lysate	not available	7	PXD059118_20241107_A549_PropargylAzide_1xLabeling_NoClick_HighpH_Rep2_F06_assay	proteomic profiling by mass spectrometry	data-dependent acquisition	NT=label free sample;AC=MS:1002038	06	2	not available	NT=Trypsin;AC=MS:1001251	NT=Carbamidomethyl;AC=UNIMOD:4;TA=C;MT=Fixed	NT=Oxidation;AC=UNIMOD:21;TA=M;MT=Variable	not available	not available	NT=['DSS', 'PhoX'];AC=['XLMOD:02001', 'XLMOD:02258'];TA=['K,nterm', 'K,nterm']	Fe-NTA magnetic beads	1 mM	not available	60 min	not available	20241107_A549_PropargylAzide_1xLabeling_NoClick_HighpH_Rep2_F06.raw	NT=ms-proteomics;VV=v1.1.0	NT=crosslinking;VV=v1.0.0	NT=human;VV=v1.1.0
PXD059118_20240721_A549_PropargylAzide_1xLabeling_Clicked_SEC11_HighpH_F30	Homo sapiens	whole cell lysate	not available	33	PXD059118_20240721_A549_PropargylAzide_1xLabeling_Clicked_SEC11_HighpH_F30_assay	proteomic profiling by mass spectrometry	data-dependent acquisition	NT=label free sample;AC=MS:1002038	11	1	not available	NT=Trypsin;AC=MS:1001251	NT=Carbamidomethyl;AC=UNIMOD:4;TA=C;MT=Fixed	NT=Oxidation;AC=UNIMOD:21;TA=M;MT=Variable	not available	not available	NT=['DSS', 'PhoX'];AC=['XLMOD:02001', 'XLMOD:02258'];TA=['K,nterm', 'K,nterm']	Fe-NTA magnetic beads	1 mM	not available	60 min	not available	20240721_A549_PropargylAzide_1xLabeling_Clicked_SEC11_HighpH_F30.raw	NT=ms-proteomics;VV=v1.1.0	NT=crosslinking;VV=v1.0.0	NT=human;VV=v1.1.0
PXD059118_20241107_A549_PropargylAzide_1xLabeling_NoClick_HighpH_Rep1_F25	Homo sapiens	whole cell lysate	not available	3	PXD059118_20241107_A549_PropargylAzide_1xLabeling_NoClick_HighpH_Rep1_F25_assay	proteomic profiling by mass spectrometry	data-dependent acquisition	NT=label free sample;AC=MS:1002038	25	1	not available	NT=Trypsin;AC=MS:1001251	NT=Carbamidomethyl;AC=UNIMOD:4;TA=C;MT=Fixed	NT=Oxidation;AC=UNIMOD:21;TA=M;MT=Variable	not available	not available	NT=['DSS', 'PhoX'];AC=['XLMOD:02001', 'XLMOD:02258'];TA=['K,nterm', 'K,nterm']	Fe-NTA magnetic beads	1 mM	not available	60 min	not available	20241107_A549_PropargylAzide_1xLabeling_NoClick_HighpH_Rep1_F25.raw	NT=ms-proteomics;VV=v1.1.0	NT=crosslinking;VV=v1.0.0	NT=human;VV=v1.1.0
PXD059118_20230901_A549_1xDSS_FIXMS_HighpH_F11	Homo sapiens	whole cell lysate	not available	34	PXD059118_20230901_A549_1xDSS_FIXMS_HighpH_F11_assay	proteomic profiling by mass spectrometry	data-dependent acquisition	NT=label free sample;AC=MS:1002038	11	1	not available	NT=Trypsin;AC=MS:1001251	NT=Carbamidomethyl;AC=UNIMOD:4;TA=C;MT=Fixed	NT=Oxidation;AC=UNIMOD:21;TA=M;MT=Variable	not available	not available	NT=['DSS', 'PhoX'];AC=['XLMOD:02001', 'XLMOD:02258'];TA=['K,nterm', 'K,nterm']	Fe-NTA magnetic beads	1 mM	not available	60 min	not available	20230901_A549_1xDSS_FIXMS_HighpH_F11.raw	NT=ms-proteomics;VV=v1.1.0	NT=crosslinking;VV=v1.0.0	NT=human;VV=v1.1.0
PXD059118_20241107_A549_PropargylAzide_1xLabeling_NoClick_HighpH_Rep2_F26	Homo sapiens	whole cell lysate	not available	2	PXD059118_20241107_A549_PropargylAzide_1xLabeling_NoClick_HighpH_Rep2_F26_assay	proteomic profiling by mass spectrometry	data-dependent acquisition	NT=label free sample;AC=MS:1002038	26	2	not available	NT=Trypsin;AC=MS:1001251	NT=Carbamidomethyl;AC=UNIMOD:4;TA=C;MT=Fixed	NT=Oxidation;AC=UNIMOD:21;TA=M;MT=Variable	not available	not available	NT=['DSS', 'PhoX'];AC=['XLMOD:02001', 'XLMOD:02258'];TA=['K,nterm', 'K,nterm']	Fe-NTA magnetic beads	1 mM	not available	60 min	not available	20241107_A549_PropargylAzide_1xLabeling_NoClick_HighpH_Rep2_F26.raw	NT=ms-proteomics;VV=v1.1.0	NT=crosslinking;VV=v1.0.0	NT=human;VV=v1.1.0
PXD059118_20241125_U2OS_NoLabeling_Control_HighpH_F02	Homo sapiens	whole cell lysate	not available	6	PXD059118_20241125_U2OS_NoLabeling_Control_HighpH_F02_assay	proteomic profiling by mass spectrometry	data-dependent acquisition	NT=label free sample;AC=MS:1002038	02	1	not available	NT=Trypsin;AC=MS:1001251	NT=Carbamidomethyl;AC=UNIMOD:4;TA=C;MT=Fixed	NT=Oxidation;AC=UNIMOD:21;TA=M;MT=Variable	not available	not available	NT=['DSS', 'PhoX'];AC=['XLMOD:02001', 'XLMOD:02258'];TA=['K,nterm', 'K,nterm']	Fe-NTA magnetic beads	1 mM	not available	60 min	not available	20241125_U2OS_NoLabeling_Control_HighpH_F02.raw	NT=ms-proteomics;VV=v1.1.0	NT=crosslinking;VV=v1.0.0	NT=human;VV=v1.1.0
PXD059118_20241107_A549_PropargylAzide_1xLabeling_NoClick_HighpH_Rep2_F12	Homo sapiens	whole cell lysate	not available	7	PXD059118_20241107_A549_PropargylAzide_1xLabeling_NoClick_HighpH_Rep2_F12_assay	proteomic profiling by mass spectrometry	data-dependent acquisition	NT=label free sample;AC=MS:1002038	12	2	not available	NT=Trypsin;AC=MS:1001251	NT=Carbamidomethyl;AC=UNIMOD:4;TA=C;MT=Fixed	NT=Oxidation;AC=UNIMOD:21;TA=M;MT=Variable	not available	not available	NT=['DSS', 'PhoX'];AC=['XLMOD:02001', 'XLMOD:02258'];TA=['K,nterm', 'K,nterm']	Fe-NTA magnetic beads	1 mM	not available	60 min	not available	20241107_A549_PropargylAzide_1xLabeling_NoClick_HighpH_Rep2_F12.raw	NT=ms-proteomics;VV=v1.1.0	NT=crosslinking;VV=v1.0.0	NT=human;VV=v1.1.0
PXD059118_20241107_A549_PropargylAzide_1xLabeling_NoClick_HighpH_Rep1_F23	Homo sapiens	whole cell lysate	not available	3	PXD059118_20241107_A549_PropargylAzide_1xLabeling_NoClick_HighpH_Rep1_F23_assay	proteomic profiling by mass spectrometry	data-dependent acquisition	NT=label free sample;AC=MS:1002038	23	1	not available	NT=Trypsin;AC=MS:1001251	NT=Carbamidomethyl;AC=UNIMOD:4;TA=C;MT=Fixed	NT=Oxidation;AC=UNIMOD:21;TA=M;MT=Variable	not available	not available	NT=['DSS', 'PhoX'];AC=['XLMOD:02001', 'XLMOD:02258'];TA=['K,nterm', 'K,nterm']	Fe-NTA magnetic beads	1 mM	not available	60 min	not available	20241107_A549_PropargylAzide_1xLabeling_NoClick_HighpH_Rep1_F23.raw	NT=ms-proteomics;VV=v1.1.0	NT=crosslinking;VV=v1.0.0	NT=human;VV=v1.1.0
PXD059118_20241023_A549_Lysate_Propargyl_AzidoPEGOH_NoCatalysts_Rep3	Homo sapiens	whole cell lysate	not available	72	PXD059118_20241023_A549_Lysate_Propargyl_AzidoPEGOH_NoCatalysts_Rep3_assay	proteomic profiling by mass spectrometry	data-dependent acquisition	NT=label free sample;AC=MS:1002038	1	3	not available	NT=Trypsin;AC=MS:1001251	NT=Carbamidomethyl;AC=UNIMOD:4;TA=C;MT=Fixed	NT=Oxidation;AC=UNIMOD:21;TA=M;MT=Variable	not available	not available	NT=['DSS', 'PhoX'];AC=['XLMOD:02001', 'XLMOD:02258'];TA=['K,nterm', 'K,nterm']	Fe-NTA magnetic beads	1 mM	not available	60 min	not available	20241023_A549_Lysate_Propargyl_AzidoPEGOH_NoCatalysts_Rep3.raw	NT=ms-proteomics;VV=v1.1.0	NT=crosslinking;VV=v1.0.0	NT=human;VV=v1.1.0
PXD059118_20241125_U2OS_NoLabeling_Control_HighpH_F11	Homo sapiens	whole cell lysate	not available	35	PXD059118_20241125_U2OS_NoLabeling_Control_HighpH_F11_assay	proteomic profiling by mass spectrometry	data-dependent acquisition	NT=label free sample;AC=MS:1002038	11	1	not available	NT=Trypsin;AC=MS:1001251	NT=Carbamidomethyl;AC=UNIMOD:4;TA=C;MT=Fixed	NT=Oxidation;AC=UNIMOD:21;TA=M;MT=Variable	not available	not available	NT=['DSS', 'PhoX'];AC=['XLMOD:02001', 'XLMOD:02258'];TA=['K,nterm', 'K,nterm']	Fe-NTA magnetic beads	1 mM	not available	60 min	not available	20241125_U2OS_NoLabeling_Control_HighpH_F11.raw	NT=ms-proteomics;VV=v1.1.0	NT=crosslinking;VV=v1.0.0	NT=human;VV=v1.1.0
PXD059118_20240524_A549_PropargylAzide_1xLabeling_Clicked_HighpH_F26	Homo sapiens	whole cell lysate	not available	3	PXD059118_20240524_A549_PropargylAzide_1xLabeling_Clicked_HighpH_F26_assay	proteomic profiling by mass spectrometry	data-dependent acquisition	NT=label free sample;AC=MS:1002038	26	1	not available	NT=Trypsin;AC=MS:1001251	NT=Carbamidomethyl;AC=UNIMOD:4;TA=C;MT=Fixed	NT=Oxidation;AC=UNIMOD:21;TA=M;MT=Variable	not available	not available	NT=['DSS', 'PhoX'];AC=['XLMOD:02001', 'XLMOD:02258'];TA=['K,nterm', 'K,nterm']	Fe-NTA magnetic beads	1 mM	not available	60 min	not available	20240524_A549_PropargylAzide_1xLabeling_Clicked_HighpH_F26.raw	NT=ms-proteomics;VV=v1.1.0	NT=crosslinking;VV=v1.0.0	NT=human;VV=v1.1.0
PXD059118_20240403_Ecoli_Propargyl_AzidePEGOH_Clicked_2BTTES_1CuSO4_Rep2	Escherichia coli	whole cell lysate	not available	73	PXD059118_20240403_Ecoli_Propargyl_AzidePEGOH_Clicked_2BTTES_1CuSO4_Rep2_assay	proteomic profiling by mass spectrometry	data-dependent acquisition	NT=label free sample;AC=MS:1002038	1	2	not available	NT=Trypsin;AC=MS:1001251	NT=Carbamidomethyl;AC=UNIMOD:4;TA=C;MT=Fixed	NT=Oxidation;AC=UNIMOD:21;TA=M;MT=Variable	not available	not available	NT=['DSS', 'PhoX'];AC=['XLMOD:02001', 'XLMOD:02258'];TA=['K,nterm', 'K,nterm']	Fe-NTA magnetic beads	1 mM	not available	60 min	not available	20240403_Ecoli_Propargyl_AzidePEGOH_Clicked_2BTTES_1CuSO4_Rep2.raw	NT=ms-proteomics;VV=v1.1.0	NT=crosslinking;VV=v1.0.0	NT=human;VV=v1.1.0
PXD059118_20240721_A549_PropargylAzide_1xLabeling_Clicked_SEC8_HighpH_F27	Homo sapiens	whole cell lysate	not available	29	PXD059118_20240721_A549_PropargylAzide_1xLabeling_Clicked_SEC8_HighpH_F27_assay	proteomic profiling by mass spectrometry	data-dependent acquisition	NT=label free sample;AC=MS:1002038	8	1	not available	NT=Trypsin;AC=MS:1001251	NT=Carbamidomethyl;AC=UNIMOD:4;TA=C;MT=Fixed	NT=Oxidation;AC=UNIMOD:21;TA=M;MT=Variable	not available	not available	NT=['DSS', 'PhoX'];AC=['XLMOD:02001', 'XLMOD:02258'];TA=['K,nterm', 'K,nterm']	Fe-NTA magnetic beads	1 mM	not available	60 min	not available	20240721_A549_PropargylAzide_1xLabeling_Clicked_SEC8_HighpH_F27.raw	NT=ms-proteomics;VV=v1.1.0	NT=crosslinking;VV=v1.0.0	NT=human;VV=v1.1.0
PXD059118_20240721_A549_PropargylAzide_1xLabeling_Clicked_SEC9_HighpH_F24	Homo sapiens	whole cell lysate	not available	28	PXD059118_20240721_A549_PropargylAzide_1xLabeling_Clicked_SEC9_HighpH_F24_assay	proteomic profiling by mass spectrometry	data-dependent acquisition	NT=label free sample;AC=MS:1002038	9	1	not available	NT=Trypsin;AC=MS:1001251	NT=Carbamidomethyl;AC=UNIMOD:4;TA=C;MT=Fixed	NT=Oxidation;AC=UNIMOD:21;TA=M;MT=Variable	not available	not available	NT=['DSS', 'PhoX'];AC=['XLMOD:02001', 'XLMOD:02258'];TA=['K,nterm', 'K,nterm']	Fe-NTA magnetic beads	1 mM	not available	60 min	not available	20240721_A549_PropargylAzide_1xLabeling_Clicked_SEC9_HighpH_F24.raw	NT=ms-proteomics;VV=v1.1.0	NT=crosslinking;VV=v1.0.0	NT=human;VV=v1.1.0
PXD059118_20240403_Ecoli_Propargyl_AzidePEGOH_Clicked_3BTTES_1CuSO4_Rep2	Escherichia coli	whole cell lysate	not available	74	PXD059118_20240403_Ecoli_Propargyl_AzidePEGOH_Clicked_3BTTES_1CuSO4_Rep2_assay	proteomic profiling by mass spectrometry	data-dependent acquisition	NT=label free sample;AC=MS:1002038	1	2	not available	NT=Trypsin;AC=MS:1001251	NT=Carbamidomethyl;AC=UNIMOD:4;TA=C;MT=Fixed	NT=Oxidation;AC=UNIMOD:21;TA=M;MT=Variable	not available	not available	NT=['DSS', 'PhoX'];AC=['XLMOD:02001', 'XLMOD:02258'];TA=['K,nterm', 'K,nterm']	Fe-NTA magnetic beads	1 mM	not available	60 min	not available	20240403_Ecoli_Propargyl_AzidePEGOH_Clicked_3BTTES_1CuSO4_Rep2.raw	NT=ms-proteomics;VV=v1.1.0	NT=crosslinking;VV=v1.0.0	NT=human;VV=v1.1.0
PXD059118_20240721_A549_PropargylAzide_1xLabeling_Clicked_SEC8_HighpH_F29	Homo sapiens	whole cell lysate	not available	30	PXD059118_20240721_A549_PropargylAzide_1xLabeling_Clicked_SEC8_HighpH_F29_assay	proteomic profiling by mass spectrometry	data-dependent acquisition	NT=label free sample;AC=MS:1002038	8	1	not available	NT=Trypsin;AC=MS:1001251	NT=Carbamidomethyl;AC=UNIMOD:4;TA=C;MT=Fixed	NT=Oxidation;AC=UNIMOD:21;TA=M;MT=Variable	not available	not available	NT=['DSS', 'PhoX'];AC=['XLMOD:02001', 'XLMOD:02258'];TA=['K,nterm', 'K,nterm']	Fe-NTA magnetic beads	1 mM	not available	60 min	not available	20240721_A549_PropargylAzide_1xLabeling_Clicked_SEC8_HighpH_F29.raw	NT=ms-proteomics;VV=v1.1.0	NT=crosslinking;VV=v1.0.0	NT=human;VV=v1.1.0
PXD059118_20241023_A549_Lysate_Propargyl_AzidoPEGOH_Clicked_Clicked_1min_Rep3	Homo sapiens	whole cell lysate	not available	75	PXD059118_20241023_A549_Lysate_Propargyl_AzidoPEGOH_Clicked_Clicked_1min_Rep3_assay	proteomic profiling by mass spectrometry	data-dependent acquisition	NT=label free sample;AC=MS:1002038	1	3	not available	NT=Trypsin;AC=MS:1001251	NT=Carbamidomethyl;AC=UNIMOD:4;TA=C;MT=Fixed	NT=Oxidation;AC=UNIMOD:21;TA=M;MT=Variable	not available	not available	NT=['DSS', 'PhoX'];AC=['XLMOD:02001', 'XLMOD:02258'];TA=['K,nterm', 'K,nterm']	Fe-NTA magnetic beads	1 mM	not available	60 min	not available	20241023_A549_Lysate_Propargyl_AzidoPEGOH_Clicked_Clicked_1min_Rep3.raw	NT=ms-proteomics;VV=v1.1.0	NT=crosslinking;VV=v1.0.0	NT=human;VV=v1.1.0
PXD059118_20230816_A549_1xDSS_LiveCells_HighpH_F11	Homo sapiens	whole cell lysate	not available	36	PXD059118_20230816_A549_1xDSS_LiveCells_HighpH_F11_assay	proteomic profiling by mass spectrometry	data-dependent acquisition	NT=label free sample;AC=MS:1002038	11	1	not available	NT=Trypsin;AC=MS:1001251	NT=Carbamidomethyl;AC=UNIMOD:4;TA=C;MT=Fixed	NT=Oxidation;AC=UNIMOD:21;TA=M;MT=Variable	not available	not available	NT=['DSS', 'PhoX'];AC=['XLMOD:02001', 'XLMOD:02258'];TA=['K,nterm', 'K,nterm']	Fe-NTA magnetic beads	1 mM	not available	60 min	not available	20230816_A549_1xDSS_LiveCells_HighpH_F11.raw	NT=ms-proteomics;VV=v1.1.0	NT=crosslinking;VV=v1.0.0	NT=human;VV=v1.1.0
PXD059118_20240721_A549_PropargylAzide_1xLabeling_Clicked_SEC11_HighpH_F20	Homo sapiens	whole cell lysate	not available	37	PXD059118_20240721_A549_PropargylAzide_1xLabeling_Clicked_SEC11_HighpH_F20_assay	proteomic profiling by mass spectrometry	data-dependent acquisition	NT=label free sample;AC=MS:1002038	11	1	not available	NT=Trypsin;AC=MS:1001251	NT=Carbamidomethyl;AC=UNIMOD:4;TA=C;MT=Fixed	NT=Oxidation;AC=UNIMOD:21;TA=M;MT=Variable	not available	not available	NT=['DSS', 'PhoX'];AC=['XLMOD:02001', 'XLMOD:02258'];TA=['K,nterm', 'K,nterm']	Fe-NTA magnetic beads	1 mM	not available	60 min	not available	20240721_A549_PropargylAzide_1xLabeling_Clicked_SEC11_HighpH_F20.raw	NT=ms-proteomics;VV=v1.1.0	NT=crosslinking;VV=v1.0.0	NT=human;VV=v1.1.0
PXD059118_20241107_A549_PropargylAzide_1xLabeling_NoClick_HighpH_Rep2_F02	Homo sapiens	whole cell lysate	not available	7	PXD059118_20241107_A549_PropargylAzide_1xLabeling_NoClick_HighpH_Rep2_F02_assay	proteomic profiling by mass spectrometry	data-dependent acquisition	NT=label free sample;AC=MS:1002038	02	2	not available	NT=Trypsin;AC=MS:1001251	NT=Carbamidomethyl;AC=UNIMOD:4;TA=C;MT=Fixed	NT=Oxidation;AC=UNIMOD:21;TA=M;MT=Variable	not available	not available	NT=['DSS', 'PhoX'];AC=['XLMOD:02001', 'XLMOD:02258'];TA=['K,nterm', 'K,nterm']	Fe-NTA magnetic beads	1 mM	not available	60 min	not available	20241107_A549_PropargylAzide_1xLabeling_NoClick_HighpH_Rep2_F02.raw	NT=ms-proteomics;VV=v1.1.0	NT=crosslinking;VV=v1.0.0	NT=human;VV=v1.1.0
PXD059118_20241107_A549_PropargylAzide_1xLabeling_NoClick_HighpH_Rep2_F28	Homo sapiens	whole cell lysate	not available	3	PXD059118_20241107_A549_PropargylAzide_1xLabeling_NoClick_HighpH_Rep2_F28_assay	proteomic profiling by mass spectrometry	data-dependent acquisition	NT=label free sample;AC=MS:1002038	28	2	not available	NT=Trypsin;AC=MS:1001251	NT=Carbamidomethyl;AC=UNIMOD:4;TA=C;MT=Fixed	NT=Oxidation;AC=UNIMOD:21;TA=M;MT=Variable	not available	not available	NT=['DSS', 'PhoX'];AC=['XLMOD:02001', 'XLMOD:02258'];TA=['K,nterm', 'K,nterm']	Fe-NTA magnetic beads	1 mM	not available	60 min	not available	20241107_A549_PropargylAzide_1xLabeling_NoClick_HighpH_Rep2_F28.raw	NT=ms-proteomics;VV=v1.1.0	NT=crosslinking;VV=v1.0.0	NT=human;VV=v1.1.0
PXD059118_20240524_A549_PropargylAzide_1xLabeling_Clicked_HighpH_F20	Homo sapiens	whole cell lysate	not available	3	PXD059118_20240524_A549_PropargylAzide_1xLabeling_Clicked_HighpH_F20_assay	proteomic profiling by mass spectrometry	data-dependent acquisition	NT=label free sample;AC=MS:1002038	20	1	not available	NT=Trypsin;AC=MS:1001251	NT=Carbamidomethyl;AC=UNIMOD:4;TA=C;MT=Fixed	NT=Oxidation;AC=UNIMOD:21;TA=M;MT=Variable	not available	not available	NT=['DSS', 'PhoX'];AC=['XLMOD:02001', 'XLMOD:02258'];TA=['K,nterm', 'K,nterm']	Fe-NTA magnetic beads	1 mM	not available	60 min	not available	20240524_A549_PropargylAzide_1xLabeling_Clicked_HighpH_F20.raw	NT=ms-proteomics;VV=v1.1.0	NT=crosslinking;VV=v1.0.0	NT=human;VV=v1.1.0
PXD059118_20240721_A549_PropargylAzide_1xLabeling_Clicked_SEC10_HighpH_F19	Homo sapiens	whole cell lysate	not available	37	PXD059118_20240721_A549_PropargylAzide_1xLabeling_Clicked_SEC10_HighpH_F19_assay	proteomic profiling by mass spectrometry	data-dependent acquisition	NT=label free sample;AC=MS:1002038	10	1	not available	NT=Trypsin;AC=MS:1001251	NT=Carbamidomethyl;AC=UNIMOD:4;TA=C;MT=Fixed	NT=Oxidation;AC=UNIMOD:21;TA=M;MT=Variable	not available	not available	NT=['DSS', 'PhoX'];AC=['XLMOD:02001', 'XLMOD:02258'];TA=['K,nterm', 'K,nterm']	Fe-NTA magnetic beads	1 mM	not available	60 min	not available	20240721_A549_PropargylAzide_1xLabeling_Clicked_SEC10_HighpH_F19.raw	NT=ms-proteomics;VV=v1.1.0	NT=crosslinking;VV=v1.0.0	NT=human;VV=v1.1.0
PXD059118_20241107_A549_PropargylAzide_1xLabeling_NoClick_HighpH_Rep1_F07	Homo sapiens	whole cell lysate	not available	7	PXD059118_20241107_A549_PropargylAzide_1xLabeling_NoClick_HighpH_Rep1_F07_assay	proteomic profiling by mass spectrometry	data-dependent acquisition	NT=label free sample;AC=MS:1002038	07	1	not available	NT=Trypsin;AC=MS:1001251	NT=Carbamidomethyl;AC=UNIMOD:4;TA=C;MT=Fixed	NT=Oxidation;AC=UNIMOD:21;TA=M;MT=Variable	not available	not available	NT=['DSS', 'PhoX'];AC=['XLMOD:02001', 'XLMOD:02258'];TA=['K,nterm', 'K,nterm']	Fe-NTA magnetic beads	1 mM	not available	60 min	not available	20241107_A549_PropargylAzide_1xLabeling_NoClick_HighpH_Rep1_F07.raw	NT=ms-proteomics;VV=v1.1.0	NT=crosslinking;VV=v1.0.0	NT=human;VV=v1.1.0
PXD059118_20241107_A549_PropargylAzide_1xLabeling_NoClick_HighpH_Rep1_F15	Homo sapiens	whole cell lysate	not available	3	PXD059118_20241107_A549_PropargylAzide_1xLabeling_NoClick_HighpH_Rep1_F15_assay	proteomic profiling by mass spectrometry	data-dependent acquisition	NT=label free sample;AC=MS:1002038	15	1	not available	NT=Trypsin;AC=MS:1001251	NT=Carbamidomethyl;AC=UNIMOD:4;TA=C;MT=Fixed	NT=Oxidation;AC=UNIMOD:21;TA=M;MT=Variable	not available	not available	NT=['DSS', 'PhoX'];AC=['XLMOD:02001', 'XLMOD:02258'];TA=['K,nterm', 'K,nterm']	Fe-NTA magnetic beads	1 mM	not available	60 min	not available	20241107_A549_PropargylAzide_1xLabeling_NoClick_HighpH_Rep1_F15.raw	NT=ms-proteomics;VV=v1.1.0	NT=crosslinking;VV=v1.0.0	NT=human;VV=v1.1.0
PXD059118_20230816_A549_1xDSS_LiveCells_HighpH_F09	Homo sapiens	whole cell lysate	not available	7	PXD059118_20230816_A549_1xDSS_LiveCells_HighpH_F09_assay	proteomic profiling by mass spectrometry	data-dependent acquisition	NT=label free sample;AC=MS:1002038	09	1	not available	NT=Trypsin;AC=MS:1001251	NT=Carbamidomethyl;AC=UNIMOD:4;TA=C;MT=Fixed	NT=Oxidation;AC=UNIMOD:21;TA=M;MT=Variable	not available	not available	NT=['DSS', 'PhoX'];AC=['XLMOD:02001', 'XLMOD:02258'];TA=['K,nterm', 'K,nterm']	Fe-NTA magnetic beads	1 mM	not available	60 min	not available	20230816_A549_1xDSS_LiveCells_HighpH_F09.raw	NT=ms-proteomics;VV=v1.1.0	NT=crosslinking;VV=v1.0.0	NT=human;VV=v1.1.0
PXD059118_20230901_A549_1xDSS_FIXMS_HighpH_F01	Homo sapiens	whole cell lysate	not available	7	PXD059118_20230901_A549_1xDSS_FIXMS_HighpH_F01_assay	proteomic profiling by mass spectrometry	data-dependent acquisition	NT=label free sample;AC=MS:1002038	01	1	not available	NT=Trypsin;AC=MS:1001251	NT=Carbamidomethyl;AC=UNIMOD:4;TA=C;MT=Fixed	NT=Oxidation;AC=UNIMOD:21;TA=M;MT=Variable	not available	not available	NT=['DSS', 'PhoX'];AC=['XLMOD:02001', 'XLMOD:02258'];TA=['K,nterm', 'K,nterm']	Fe-NTA magnetic beads	1 mM	not available	60 min	not available	20230901_A549_1xDSS_FIXMS_HighpH_F01.raw	NT=ms-proteomics;VV=v1.1.0	NT=crosslinking;VV=v1.0.0	NT=human;VV=v1.1.0
PXD059118_20241023_A549_Lysate_Propargyl_AzidoPEGOH_Clicked_Clicked_2-5min_Rep3	Homo sapiens	whole cell lysate	not available	76	PXD059118_20241023_A549_Lysate_Propargyl_AzidoPEGOH_Clicked_Clicked_2-5min_Rep3_assay	proteomic profiling by mass spectrometry	data-dependent acquisition	NT=label free sample;AC=MS:1002038	1	3	not available	NT=Trypsin;AC=MS:1001251	NT=Carbamidomethyl;AC=UNIMOD:4;TA=C;MT=Fixed	NT=Oxidation;AC=UNIMOD:21;TA=M;MT=Variable	not available	not available	NT=['DSS', 'PhoX'];AC=['XLMOD:02001', 'XLMOD:02258'];TA=['K,nterm', 'K,nterm']	Fe-NTA magnetic beads	1 mM	not available	60 min	not available	20241023_A549_Lysate_Propargyl_AzidoPEGOH_Clicked_Clicked_2-5min_Rep3.raw	NT=ms-proteomics;VV=v1.1.0	NT=crosslinking;VV=v1.0.0	NT=human;VV=v1.1.0
PXD059118_20241023_A549_Lysate_Propargyl_NoAzidoPEGOH_NoClick_Rep3	Homo sapiens	whole cell lysate	not available	77	PXD059118_20241023_A549_Lysate_Propargyl_NoAzidoPEGOH_NoClick_Rep3_assay	proteomic profiling by mass spectrometry	data-dependent acquisition	NT=label free sample;AC=MS:1002038	1	3	not available	NT=Trypsin;AC=MS:1001251	NT=Carbamidomethyl;AC=UNIMOD:4;TA=C;MT=Fixed	NT=Oxidation;AC=UNIMOD:21;TA=M;MT=Variable	not available	not available	NT=['DSS', 'PhoX'];AC=['XLMOD:02001', 'XLMOD:02258'];TA=['K,nterm', 'K,nterm']	Fe-NTA magnetic beads	1 mM	not available	60 min	not available	20241023_A549_Lysate_Propargyl_NoAzidoPEGOH_NoClick_Rep3.raw	NT=ms-proteomics;VV=v1.1.0	NT=crosslinking;VV=v1.0.0	NT=human;VV=v1.1.0
PXD059118_20240721_A549_PropargylAzide_1xLabeling_Clicked_SEC9_HighpH_F16	Homo sapiens	whole cell lysate	not available	29	PXD059118_20240721_A549_PropargylAzide_1xLabeling_Clicked_SEC9_HighpH_F16_assay	proteomic profiling by mass spectrometry	data-dependent acquisition	NT=label free sample;AC=MS:1002038	9	1	not available	NT=Trypsin;AC=MS:1001251	NT=Carbamidomethyl;AC=UNIMOD:4;TA=C;MT=Fixed	NT=Oxidation;AC=UNIMOD:21;TA=M;MT=Variable	not available	not available	NT=['DSS', 'PhoX'];AC=['XLMOD:02001', 'XLMOD:02258'];TA=['K,nterm', 'K,nterm']	Fe-NTA magnetic beads	1 mM	not available	60 min	not available	20240721_A549_PropargylAzide_1xLabeling_Clicked_SEC9_HighpH_F16.raw	NT=ms-proteomics;VV=v1.1.0	NT=crosslinking;VV=v1.0.0	NT=human;VV=v1.1.0
PXD059118_20241018_A549_Lysate_Propargyl_AzidoPEGOH_Clicked_Clicked_30min_Rep3	Homo sapiens	whole cell lysate	not available	78	PXD059118_20241018_A549_Lysate_Propargyl_AzidoPEGOH_Clicked_Clicked_30min_Rep3_assay	proteomic profiling by mass spectrometry	data-dependent acquisition	NT=label free sample;AC=MS:1002038	1	3	not available	NT=Trypsin;AC=MS:1001251	NT=Carbamidomethyl;AC=UNIMOD:4;TA=C;MT=Fixed	NT=Oxidation;AC=UNIMOD:21;TA=M;MT=Variable	not available	not available	NT=['DSS', 'PhoX'];AC=['XLMOD:02001', 'XLMOD:02258'];TA=['K,nterm', 'K,nterm']	Fe-NTA magnetic beads	1 mM	not available	60 min	not available	20241018_A549_Lysate_Propargyl_AzidoPEGOH_Clicked_Clicked_30min_Rep3.raw	NT=ms-proteomics;VV=v1.1.0	NT=crosslinking;VV=v1.0.0	NT=human;VV=v1.1.0
PXD059118_20240524_A549_PropargylAzide_1xLabeling_Clicked_HighpH_F22	Homo sapiens	whole cell lysate	not available	3	PXD059118_20240524_A549_PropargylAzide_1xLabeling_Clicked_HighpH_F22_assay	proteomic profiling by mass spectrometry	data-dependent acquisition	NT=label free sample;AC=MS:1002038	22	1	not available	NT=Trypsin;AC=MS:1001251	NT=Carbamidomethyl;AC=UNIMOD:4;TA=C;MT=Fixed	NT=Oxidation;AC=UNIMOD:21;TA=M;MT=Variable	not available	not available	NT=['DSS', 'PhoX'];AC=['XLMOD:02001', 'XLMOD:02258'];TA=['K,nterm', 'K,nterm']	Fe-NTA magnetic beads	1 mM	not available	60 min	not available	20240524_A549_PropargylAzide_1xLabeling_Clicked_HighpH_F22.raw	NT=ms-proteomics;VV=v1.1.0	NT=crosslinking;VV=v1.0.0	NT=human;VV=v1.1.0
PXD059118_20240721_A549_PropargylAzide_1xLabeling_Clicked_SEC9_HighpH_F09	Homo sapiens	whole cell lysate	not available	30	PXD059118_20240721_A549_PropargylAzide_1xLabeling_Clicked_SEC9_HighpH_F09_assay	proteomic profiling by mass spectrometry	data-dependent acquisition	NT=label free sample;AC=MS:1002038	9	1	not available	NT=Trypsin;AC=MS:1001251	NT=Carbamidomethyl;AC=UNIMOD:4;TA=C;MT=Fixed	NT=Oxidation;AC=UNIMOD:21;TA=M;MT=Variable	not available	not available	NT=['DSS', 'PhoX'];AC=['XLMOD:02001', 'XLMOD:02258'];TA=['K,nterm', 'K,nterm']	Fe-NTA magnetic beads	1 mM	not available	60 min	not available	20240721_A549_PropargylAzide_1xLabeling_Clicked_SEC9_HighpH_F09.raw	NT=ms-proteomics;VV=v1.1.0	NT=crosslinking;VV=v1.0.0	NT=human;VV=v1.1.0
PXD059118_20241125_U2OS_NoLabeling_Control_HighpH_F04	Homo sapiens	whole cell lysate	not available	7	PXD059118_20241125_U2OS_NoLabeling_Control_HighpH_F04_assay	proteomic profiling by mass spectrometry	data-dependent acquisition	NT=label free sample;AC=MS:1002038	04	1	not available	NT=Trypsin;AC=MS:1001251	NT=Carbamidomethyl;AC=UNIMOD:4;TA=C;MT=Fixed	NT=Oxidation;AC=UNIMOD:21;TA=M;MT=Variable	not available	not available	NT=['DSS', 'PhoX'];AC=['XLMOD:02001', 'XLMOD:02258'];TA=['K,nterm', 'K,nterm']	Fe-NTA magnetic beads	1 mM	not available	60 min	not available	20241125_U2OS_NoLabeling_Control_HighpH_F04.raw	NT=ms-proteomics;VV=v1.1.0	NT=crosslinking;VV=v1.0.0	NT=human;VV=v1.1.0
PXD059118_20241107_A549_PropargylAzide_1xLabeling_NoClick_HighpH_Rep1_F14	Homo sapiens	whole cell lysate	not available	3	PXD059118_20241107_A549_PropargylAzide_1xLabeling_NoClick_HighpH_Rep1_F14_assay	proteomic profiling by mass spectrometry	data-dependent acquisition	NT=label free sample;AC=MS:1002038	14	1	not available	NT=Trypsin;AC=MS:1001251	NT=Carbamidomethyl;AC=UNIMOD:4;TA=C;MT=Fixed	NT=Oxidation;AC=UNIMOD:21;TA=M;MT=Variable	not available	not available	NT=['DSS', 'PhoX'];AC=['XLMOD:02001', 'XLMOD:02258'];TA=['K,nterm', 'K,nterm']	Fe-NTA magnetic beads	1 mM	not available	60 min	not available	20241107_A549_PropargylAzide_1xLabeling_NoClick_HighpH_Rep1_F14.raw	NT=ms-proteomics;VV=v1.1.0	NT=crosslinking;VV=v1.0.0	NT=human;VV=v1.1.0
