source name	characteristics[organism]	characteristics[organism part]	characteristics[cell type]	characteristics[biological replicate]	assay name	technology type	comment[proteomics data acquisition method]	comment[label]	comment[fraction identifier]	comment[technical replicate]	comment[instrument]	comment[cleavage agent details]	comment[modification parameters]	comment[modification parameters]	comment[collision energy]	comment[dissociation method]	comment[cross-linker]	comment[crosslink enrichment method]	comment[crosslinker concentration]	comment[crosslinker to protein ratio]	comment[crosslinking reaction time]	comment[crosslinking temperature]	comment[data file]	comment[sdrf template]	comment[sdrf template]	comment[sdrf template]
PXD020602_F1909_jansenja_096	Homo sapiens	not available	not available	1	PXD020602_F1909_jansenja_096_assay	proteomic profiling by mass spectrometry	data-dependent acquisition	NT=label free sample;AC=MS:1002038	1	1	not available	NT=Trypsin;AC=MS:1001251	NT=Carbamidomethyl;AC=UNIMOD:4;TA=C;MT=Fixed	NT=Oxidation;AC=UNIMOD:21;TA=M;MT=Variable	not available	not available	NT=H12/D12 DSS;AC=XLMOD:02001;CL=no;TA=K,nterm	not available	not available	1.5 nmol / 1 µg protein	30 min	37 °C	F1909_jansenja_096.raw	NT=ms-proteomics;VV=v1.1.0	NT=crosslinking;VV=v1.0.0	NT=human;VV=v1.1.0
PXD020602_F1908_jansenja_257	Homo sapiens	not available	not available	2	PXD020602_F1908_jansenja_257_assay	proteomic profiling by mass spectrometry	data-dependent acquisition	NT=label free sample;AC=MS:1002038	1	1	not available	NT=Trypsin;AC=MS:1001251	NT=Carbamidomethyl;AC=UNIMOD:4;TA=C;MT=Fixed	NT=Oxidation;AC=UNIMOD:21;TA=M;MT=Variable	not available	not available	NT=H12/D12 DSS;AC=XLMOD:02001;CL=no;TA=K,nterm	not available	not available	1.5 nmol / 1 µg protein	30 min	37 °C	F1908_jansenja_257.raw	NT=ms-proteomics;VV=v1.1.0	NT=crosslinking;VV=v1.0.0	NT=human;VV=v1.1.0
PXD020602_F1909_jansenja_048	Homo sapiens	not available	not available	3	PXD020602_F1909_jansenja_048_assay	proteomic profiling by mass spectrometry	data-dependent acquisition	NT=label free sample;AC=MS:1002038	1	1	not available	NT=Trypsin;AC=MS:1001251	NT=Carbamidomethyl;AC=UNIMOD:4;TA=C;MT=Fixed	NT=Oxidation;AC=UNIMOD:21;TA=M;MT=Variable	not available	not available	NT=H12/D12 DSS;AC=XLMOD:02001;CL=no;TA=K,nterm	not available	not available	1.5 nmol / 1 µg protein	30 min	37 °C	F1909_jansenja_048.raw	NT=ms-proteomics;VV=v1.1.0	NT=crosslinking;VV=v1.0.0	NT=human;VV=v1.1.0
PXD020602_F1909_jansenja_268	Homo sapiens	not available	not available	4	PXD020602_F1909_jansenja_268_assay	proteomic profiling by mass spectrometry	data-dependent acquisition	NT=label free sample;AC=MS:1002038	1	1	not available	NT=Trypsin;AC=MS:1001251	NT=Carbamidomethyl;AC=UNIMOD:4;TA=C;MT=Fixed	NT=Oxidation;AC=UNIMOD:21;TA=M;MT=Variable	not available	not available	NT=H12/D12 DSS;AC=XLMOD:02001;CL=no;TA=K,nterm	not available	not available	1.5 nmol / 1 µg protein	30 min	37 °C	F1909_jansenja_268.raw	NT=ms-proteomics;VV=v1.1.0	NT=crosslinking;VV=v1.0.0	NT=human;VV=v1.1.0
PXD020602_F1908_jansenja_311	Homo sapiens	not available	not available	5	PXD020602_F1908_jansenja_311_assay	proteomic profiling by mass spectrometry	data-dependent acquisition	NT=label free sample;AC=MS:1002038	1	1	not available	NT=Trypsin;AC=MS:1001251	NT=Carbamidomethyl;AC=UNIMOD:4;TA=C;MT=Fixed	NT=Oxidation;AC=UNIMOD:21;TA=M;MT=Variable	not available	not available	NT=H12/D12 DSS;AC=XLMOD:02001;CL=no;TA=K,nterm	not available	not available	1.5 nmol / 1 µg protein	30 min	37 °C	F1908_jansenja_311.raw	NT=ms-proteomics;VV=v1.1.0	NT=crosslinking;VV=v1.0.0	NT=human;VV=v1.1.0
PXD020602_F1909_jansenja_399	Homo sapiens	not available	not available	6	PXD020602_F1909_jansenja_399_assay	proteomic profiling by mass spectrometry	data-dependent acquisition	NT=label free sample;AC=MS:1002038	1	1	not available	NT=Trypsin;AC=MS:1001251	NT=Carbamidomethyl;AC=UNIMOD:4;TA=C;MT=Fixed	NT=Oxidation;AC=UNIMOD:21;TA=M;MT=Variable	not available	not available	NT=H12/D12 DSS;AC=XLMOD:02001;CL=no;TA=K,nterm	not available	not available	1.5 nmol / 1 µg protein	30 min	37 °C	F1909_jansenja_399.raw	NT=ms-proteomics;VV=v1.1.0	NT=crosslinking;VV=v1.0.0	NT=human;VV=v1.1.0
PXD020602_F1908_jansenja_247	Homo sapiens	not available	not available	7	PXD020602_F1908_jansenja_247_assay	proteomic profiling by mass spectrometry	data-dependent acquisition	NT=label free sample;AC=MS:1002038	1	1	not available	NT=Trypsin;AC=MS:1001251	NT=Carbamidomethyl;AC=UNIMOD:4;TA=C;MT=Fixed	NT=Oxidation;AC=UNIMOD:21;TA=M;MT=Variable	not available	not available	NT=H12/D12 DSS;AC=XLMOD:02001;CL=no;TA=K,nterm	not available	not available	1.5 nmol / 1 µg protein	30 min	37 °C	F1908_jansenja_247.raw	NT=ms-proteomics;VV=v1.1.0	NT=crosslinking;VV=v1.0.0	NT=human;VV=v1.1.0
PXD020602_F1909_jansenja_041	Homo sapiens	not available	not available	8	PXD020602_F1909_jansenja_041_assay	proteomic profiling by mass spectrometry	data-dependent acquisition	NT=label free sample;AC=MS:1002038	1	1	not available	NT=Trypsin;AC=MS:1001251	NT=Carbamidomethyl;AC=UNIMOD:4;TA=C;MT=Fixed	NT=Oxidation;AC=UNIMOD:21;TA=M;MT=Variable	not available	not available	NT=H12/D12 DSS;AC=XLMOD:02001;CL=no;TA=K,nterm	not available	not available	1.5 nmol / 1 µg protein	30 min	37 °C	F1909_jansenja_041.raw	NT=ms-proteomics;VV=v1.1.0	NT=crosslinking;VV=v1.0.0	NT=human;VV=v1.1.0
PXD020602_F1910_jansenja_100	Homo sapiens (human)	not available	not available	9	PXD020602_F1910_jansenja_100_assay	proteomic profiling by mass spectrometry	data-dependent acquisition	NT=label free sample;AC=MS:1002038	1	1	not available	NT=Trypsin;AC=MS:1001251	NT=Carbamidomethyl;AC=UNIMOD:4;TA=C;MT=Fixed	NT=Oxidation;AC=UNIMOD:21;TA=M;MT=Variable	not available	not available	NT=H12/D12 DSS;AC=XLMOD:02001;CL=no;TA=K,nterm	not available	not available	1.5 nmol / 1 µg protein	30 min	37 °C	F1910_jansenja_100.raw	NT=ms-proteomics;VV=v1.1.0	NT=crosslinking;VV=v1.0.0	NT=human;VV=v1.1.0
PXD020602_F1908_jansenja_380	Homo sapiens	not available	not available	10	PXD020602_F1908_jansenja_380_assay	proteomic profiling by mass spectrometry	data-dependent acquisition	NT=label free sample;AC=MS:1002038	1	1	not available	NT=Trypsin;AC=MS:1001251	NT=Carbamidomethyl;AC=UNIMOD:4;TA=C;MT=Fixed	NT=Oxidation;AC=UNIMOD:21;TA=M;MT=Variable	not available	not available	NT=H12/D12 DSS;AC=XLMOD:02001;CL=no;TA=K,nterm	not available	not available	1.5 nmol / 1 µg protein	30 min	37 °C	F1908_jansenja_380.raw	NT=ms-proteomics;VV=v1.1.0	NT=crosslinking;VV=v1.0.0	NT=human;VV=v1.1.0
PXD020602_F1909_jansenja_033	Homo sapiens	not available	not available	11	PXD020602_F1909_jansenja_033_assay	proteomic profiling by mass spectrometry	data-dependent acquisition	NT=label free sample;AC=MS:1002038	1	1	not available	NT=Trypsin;AC=MS:1001251	NT=Carbamidomethyl;AC=UNIMOD:4;TA=C;MT=Fixed	NT=Oxidation;AC=UNIMOD:21;TA=M;MT=Variable	not available	not available	NT=H12/D12 DSS;AC=XLMOD:02001;CL=no;TA=K,nterm	not available	not available	1.5 nmol / 1 µg protein	30 min	37 °C	F1909_jansenja_033.raw	NT=ms-proteomics;VV=v1.1.0	NT=crosslinking;VV=v1.0.0	NT=human;VV=v1.1.0
PXD020602_F1908_jansenja_362	Homo sapiens	not available	not available	12	PXD020602_F1908_jansenja_362_assay	proteomic profiling by mass spectrometry	data-dependent acquisition	NT=label free sample;AC=MS:1002038	1	1	not available	NT=Trypsin;AC=MS:1001251	NT=Carbamidomethyl;AC=UNIMOD:4;TA=C;MT=Fixed	NT=Oxidation;AC=UNIMOD:21;TA=M;MT=Variable	not available	not available	NT=H12/D12 DSS;AC=XLMOD:02001;CL=no;TA=K,nterm	not available	not available	1.5 nmol / 1 µg protein	30 min	37 °C	F1908_jansenja_362.raw	NT=ms-proteomics;VV=v1.1.0	NT=crosslinking;VV=v1.0.0	NT=human;VV=v1.1.0
PXD020602_F1908_jansenja_239	Homo sapiens	not available	not available	13	PXD020602_F1908_jansenja_239_assay	proteomic profiling by mass spectrometry	data-dependent acquisition	NT=label free sample;AC=MS:1002038	1	1	not available	NT=Trypsin;AC=MS:1001251	NT=Carbamidomethyl;AC=UNIMOD:4;TA=C;MT=Fixed	NT=Oxidation;AC=UNIMOD:21;TA=M;MT=Variable	not available	not available	NT=H12/D12 DSS;AC=XLMOD:02001;CL=no;TA=K,nterm	not available	not available	1.5 nmol / 1 µg protein	30 min	37 °C	F1908_jansenja_239.raw	NT=ms-proteomics;VV=v1.1.0	NT=crosslinking;VV=v1.0.0	NT=human;VV=v1.1.0
PXD020602_F1909_jansenja_265	Homo sapiens	not available	not available	14	PXD020602_F1909_jansenja_265_assay	proteomic profiling by mass spectrometry	data-dependent acquisition	NT=label free sample;AC=MS:1002038	1	1	not available	NT=Trypsin;AC=MS:1001251	NT=Carbamidomethyl;AC=UNIMOD:4;TA=C;MT=Fixed	NT=Oxidation;AC=UNIMOD:21;TA=M;MT=Variable	not available	not available	NT=H12/D12 DSS;AC=XLMOD:02001;CL=no;TA=K,nterm	not available	not available	1.5 nmol / 1 µg protein	30 min	37 °C	F1909_jansenja_265.raw	NT=ms-proteomics;VV=v1.1.0	NT=crosslinking;VV=v1.0.0	NT=human;VV=v1.1.0
PXD020602_F2007_jansenja_082	Homo sapiens	not available	not available	15	PXD020602_F2007_jansenja_082_assay	proteomic profiling by mass spectrometry	data-dependent acquisition	NT=label free sample;AC=MS:1002038	1	1	not available	NT=Trypsin;AC=MS:1001251	NT=Carbamidomethyl;AC=UNIMOD:4;TA=C;MT=Fixed	NT=Oxidation;AC=UNIMOD:21;TA=M;MT=Variable	not available	not available	NT=H12/D12 DSS;AC=XLMOD:02001;CL=no;TA=K,nterm	not available	not available	1.5 nmol / 1 µg protein	30 min	37 °C	F2007_jansenja_082.raw	NT=ms-proteomics;VV=v1.1.0	NT=crosslinking;VV=v1.0.0	NT=human;VV=v1.1.0
PXD020602_F1909_jansenja_269	Homo sapiens	not available	not available	16	PXD020602_F1909_jansenja_269_assay	proteomic profiling by mass spectrometry	data-dependent acquisition	NT=label free sample;AC=MS:1002038	1	1	not available	NT=Trypsin;AC=MS:1001251	NT=Carbamidomethyl;AC=UNIMOD:4;TA=C;MT=Fixed	NT=Oxidation;AC=UNIMOD:21;TA=M;MT=Variable	not available	not available	NT=H12/D12 DSS;AC=XLMOD:02001;CL=no;TA=K,nterm	not available	not available	1.5 nmol / 1 µg protein	30 min	37 °C	F1909_jansenja_269.raw	NT=ms-proteomics;VV=v1.1.0	NT=crosslinking;VV=v1.0.0	NT=human;VV=v1.1.0
PXD020602_F1909_jansenja_397	Homo sapiens	not available	not available	17	PXD020602_F1909_jansenja_397_assay	proteomic profiling by mass spectrometry	data-dependent acquisition	NT=label free sample;AC=MS:1002038	1	1	not available	NT=Trypsin;AC=MS:1001251	NT=Carbamidomethyl;AC=UNIMOD:4;TA=C;MT=Fixed	NT=Oxidation;AC=UNIMOD:21;TA=M;MT=Variable	not available	not available	NT=H12/D12 DSS;AC=XLMOD:02001;CL=no;TA=K,nterm	not available	not available	1.5 nmol / 1 µg protein	30 min	37 °C	F1909_jansenja_397.raw	NT=ms-proteomics;VV=v1.1.0	NT=crosslinking;VV=v1.0.0	NT=human;VV=v1.1.0
PXD020602_F2007_jansenja_101	Homo sapiens	not available	not available	18	PXD020602_F2007_jansenja_101_assay	proteomic profiling by mass spectrometry	data-dependent acquisition	NT=label free sample;AC=MS:1002038	1	1	not available	NT=Trypsin;AC=MS:1001251	NT=Carbamidomethyl;AC=UNIMOD:4;TA=C;MT=Fixed	NT=Oxidation;AC=UNIMOD:21;TA=M;MT=Variable	not available	not available	NT=H12/D12 DSS;AC=XLMOD:02001;CL=no;TA=K,nterm	not available	not available	1.5 nmol / 1 µg protein	30 min	37 °C	F2007_jansenja_101.raw	NT=ms-proteomics;VV=v1.1.0	NT=crosslinking;VV=v1.0.0	NT=human;VV=v1.1.0
PXD020602_F2007_jansenja_094	Homo sapiens	not available	not available	19	PXD020602_F2007_jansenja_094_assay	proteomic profiling by mass spectrometry	data-dependent acquisition	NT=label free sample;AC=MS:1002038	1	1	not available	NT=Trypsin;AC=MS:1001251	NT=Carbamidomethyl;AC=UNIMOD:4;TA=C;MT=Fixed	NT=Oxidation;AC=UNIMOD:21;TA=M;MT=Variable	not available	not available	NT=H12/D12 DSS;AC=XLMOD:02001;CL=no;TA=K,nterm	not available	not available	1.5 nmol / 1 µg protein	30 min	37 °C	F2007_jansenja_094.raw	NT=ms-proteomics;VV=v1.1.0	NT=crosslinking;VV=v1.0.0	NT=human;VV=v1.1.0
PXD020602_F1909_jansenja_319	Homo sapiens	not available	not available	20	PXD020602_F1909_jansenja_319_assay	proteomic profiling by mass spectrometry	data-dependent acquisition	NT=label free sample;AC=MS:1002038	1	1	not available	NT=Trypsin;AC=MS:1001251	NT=Carbamidomethyl;AC=UNIMOD:4;TA=C;MT=Fixed	NT=Oxidation;AC=UNIMOD:21;TA=M;MT=Variable	not available	not available	NT=H12/D12 DSS;AC=XLMOD:02001;CL=no;TA=K,nterm	not available	not available	1.5 nmol / 1 µg protein	30 min	37 °C	F1909_jansenja_319.raw	NT=ms-proteomics;VV=v1.1.0	NT=crosslinking;VV=v1.0.0	NT=human;VV=v1.1.0
PXD020602_F1909_jansenja_275	Homo sapiens	not available	not available	21	PXD020602_F1909_jansenja_275_assay	proteomic profiling by mass spectrometry	data-dependent acquisition	NT=label free sample;AC=MS:1002038	1	1	not available	NT=Trypsin;AC=MS:1001251	NT=Carbamidomethyl;AC=UNIMOD:4;TA=C;MT=Fixed	NT=Oxidation;AC=UNIMOD:21;TA=M;MT=Variable	not available	not available	NT=H12/D12 DSS;AC=XLMOD:02001;CL=no;TA=K,nterm	not available	not available	1.5 nmol / 1 µg protein	30 min	37 °C	F1909_jansenja_275.raw	NT=ms-proteomics;VV=v1.1.0	NT=crosslinking;VV=v1.0.0	NT=human;VV=v1.1.0
PXD020602_F1908_jansenja_364	Homo sapiens	not available	not available	22	PXD020602_F1908_jansenja_364_assay	proteomic profiling by mass spectrometry	data-dependent acquisition	NT=label free sample;AC=MS:1002038	1	1	not available	NT=Trypsin;AC=MS:1001251	NT=Carbamidomethyl;AC=UNIMOD:4;TA=C;MT=Fixed	NT=Oxidation;AC=UNIMOD:21;TA=M;MT=Variable	not available	not available	NT=H12/D12 DSS;AC=XLMOD:02001;CL=no;TA=K,nterm	not available	not available	1.5 nmol / 1 µg protein	30 min	37 °C	F1908_jansenja_364.raw	NT=ms-proteomics;VV=v1.1.0	NT=crosslinking;VV=v1.0.0	NT=human;VV=v1.1.0
PXD020602_F1909_jansenja_049	Homo sapiens	not available	not available	23	PXD020602_F1909_jansenja_049_assay	proteomic profiling by mass spectrometry	data-dependent acquisition	NT=label free sample;AC=MS:1002038	1	1	not available	NT=Trypsin;AC=MS:1001251	NT=Carbamidomethyl;AC=UNIMOD:4;TA=C;MT=Fixed	NT=Oxidation;AC=UNIMOD:21;TA=M;MT=Variable	not available	not available	NT=H12/D12 DSS;AC=XLMOD:02001;CL=no;TA=K,nterm	not available	not available	1.5 nmol / 1 µg protein	30 min	37 °C	F1909_jansenja_049.raw	NT=ms-proteomics;VV=v1.1.0	NT=crosslinking;VV=v1.0.0	NT=human;VV=v1.1.0
PXD020602_F2007_jansenja_072	Homo sapiens	not available	not available	24	PXD020602_F2007_jansenja_072_assay	proteomic profiling by mass spectrometry	data-dependent acquisition	NT=label free sample;AC=MS:1002038	1	1	not available	NT=Trypsin;AC=MS:1001251	NT=Carbamidomethyl;AC=UNIMOD:4;TA=C;MT=Fixed	NT=Oxidation;AC=UNIMOD:21;TA=M;MT=Variable	not available	not available	NT=H12/D12 DSS;AC=XLMOD:02001;CL=no;TA=K,nterm	not available	not available	1.5 nmol / 1 µg protein	30 min	37 °C	F2007_jansenja_072.raw	NT=ms-proteomics;VV=v1.1.0	NT=crosslinking;VV=v1.0.0	NT=human;VV=v1.1.0
PXD020602_F2007_jansenja_105	Homo sapiens	not available	not available	25	PXD020602_F2007_jansenja_105_assay	proteomic profiling by mass spectrometry	data-dependent acquisition	NT=label free sample;AC=MS:1002038	1	1	not available	NT=Trypsin;AC=MS:1001251	NT=Carbamidomethyl;AC=UNIMOD:4;TA=C;MT=Fixed	NT=Oxidation;AC=UNIMOD:21;TA=M;MT=Variable	not available	not available	NT=H12/D12 DSS;AC=XLMOD:02001;CL=no;TA=K,nterm	not available	not available	1.5 nmol / 1 µg protein	30 min	37 °C	F2007_jansenja_105.raw	NT=ms-proteomics;VV=v1.1.0	NT=crosslinking;VV=v1.0.0	NT=human;VV=v1.1.0
PXD020602_F1908_jansenja_457	Homo sapiens	not available	not available	26	PXD020602_F1908_jansenja_457_assay	proteomic profiling by mass spectrometry	data-dependent acquisition	NT=label free sample;AC=MS:1002038	1	1	not available	NT=Trypsin;AC=MS:1001251	NT=Carbamidomethyl;AC=UNIMOD:4;TA=C;MT=Fixed	NT=Oxidation;AC=UNIMOD:21;TA=M;MT=Variable	not available	not available	NT=H12/D12 DSS;AC=XLMOD:02001;CL=no;TA=K,nterm	not available	not available	1.5 nmol / 1 µg protein	30 min	37 °C	F1908_jansenja_457.raw	NT=ms-proteomics;VV=v1.1.0	NT=crosslinking;VV=v1.0.0	NT=human;VV=v1.1.0
PXD020602_F1909_jansenja_087	Homo sapiens	not available	not available	27	PXD020602_F1909_jansenja_087_assay	proteomic profiling by mass spectrometry	data-dependent acquisition	NT=label free sample;AC=MS:1002038	1	1	not available	NT=Trypsin;AC=MS:1001251	NT=Carbamidomethyl;AC=UNIMOD:4;TA=C;MT=Fixed	NT=Oxidation;AC=UNIMOD:21;TA=M;MT=Variable	not available	not available	NT=H12/D12 DSS;AC=XLMOD:02001;CL=no;TA=K,nterm	not available	not available	1.5 nmol / 1 µg protein	30 min	37 °C	F1909_jansenja_087.raw	NT=ms-proteomics;VV=v1.1.0	NT=crosslinking;VV=v1.0.0	NT=human;VV=v1.1.0
PXD020602_F1908_jansenja_238	Homo sapiens	not available	not available	28	PXD020602_F1908_jansenja_238_assay	proteomic profiling by mass spectrometry	data-dependent acquisition	NT=label free sample;AC=MS:1002038	1	1	not available	NT=Trypsin;AC=MS:1001251	NT=Carbamidomethyl;AC=UNIMOD:4;TA=C;MT=Fixed	NT=Oxidation;AC=UNIMOD:21;TA=M;MT=Variable	not available	not available	NT=H12/D12 DSS;AC=XLMOD:02001;CL=no;TA=K,nterm	not available	not available	1.5 nmol / 1 µg protein	30 min	37 °C	F1908_jansenja_238.raw	NT=ms-proteomics;VV=v1.1.0	NT=crosslinking;VV=v1.0.0	NT=human;VV=v1.1.0
PXD020602_F1908_jansenja_433	Homo sapiens	not available	not available	29	PXD020602_F1908_jansenja_433_assay	proteomic profiling by mass spectrometry	data-dependent acquisition	NT=label free sample;AC=MS:1002038	1	1	not available	NT=Trypsin;AC=MS:1001251	NT=Carbamidomethyl;AC=UNIMOD:4;TA=C;MT=Fixed	NT=Oxidation;AC=UNIMOD:21;TA=M;MT=Variable	not available	not available	NT=H12/D12 DSS;AC=XLMOD:02001;CL=no;TA=K,nterm	not available	not available	1.5 nmol / 1 µg protein	30 min	37 °C	F1908_jansenja_433.raw	NT=ms-proteomics;VV=v1.1.0	NT=crosslinking;VV=v1.0.0	NT=human;VV=v1.1.0
PXD020602_F1908_jansenja_326	Homo sapiens	not available	not available	30	PXD020602_F1908_jansenja_326_assay	proteomic profiling by mass spectrometry	data-dependent acquisition	NT=label free sample;AC=MS:1002038	1	1	not available	NT=Trypsin;AC=MS:1001251	NT=Carbamidomethyl;AC=UNIMOD:4;TA=C;MT=Fixed	NT=Oxidation;AC=UNIMOD:21;TA=M;MT=Variable	not available	not available	NT=H12/D12 DSS;AC=XLMOD:02001;CL=no;TA=K,nterm	not available	not available	1.5 nmol / 1 µg protein	30 min	37 °C	F1908_jansenja_326.raw	NT=ms-proteomics;VV=v1.1.0	NT=crosslinking;VV=v1.0.0	NT=human;VV=v1.1.0
PXD020602_F1908_jansenja_358	Homo sapiens	not available	not available	31	PXD020602_F1908_jansenja_358_assay	proteomic profiling by mass spectrometry	data-dependent acquisition	NT=label free sample;AC=MS:1002038	1	1	not available	NT=Trypsin;AC=MS:1001251	NT=Carbamidomethyl;AC=UNIMOD:4;TA=C;MT=Fixed	NT=Oxidation;AC=UNIMOD:21;TA=M;MT=Variable	not available	not available	NT=H12/D12 DSS;AC=XLMOD:02001;CL=no;TA=K,nterm	not available	not available	1.5 nmol / 1 µg protein	30 min	37 °C	F1908_jansenja_358.raw	NT=ms-proteomics;VV=v1.1.0	NT=crosslinking;VV=v1.0.0	NT=human;VV=v1.1.0
PXD020602_F1908_jansenja_334	Homo sapiens	not available	not available	32	PXD020602_F1908_jansenja_334_assay	proteomic profiling by mass spectrometry	data-dependent acquisition	NT=label free sample;AC=MS:1002038	1	1	not available	NT=Trypsin;AC=MS:1001251	NT=Carbamidomethyl;AC=UNIMOD:4;TA=C;MT=Fixed	NT=Oxidation;AC=UNIMOD:21;TA=M;MT=Variable	not available	not available	NT=H12/D12 DSS;AC=XLMOD:02001;CL=no;TA=K,nterm	not available	not available	1.5 nmol / 1 µg protein	30 min	37 °C	F1908_jansenja_334.raw	NT=ms-proteomics;VV=v1.1.0	NT=crosslinking;VV=v1.0.0	NT=human;VV=v1.1.0
PXD020602_F1910_jansenja_075	Homo sapiens	not available	not available	33	PXD020602_F1910_jansenja_075_assay	proteomic profiling by mass spectrometry	data-dependent acquisition	NT=label free sample;AC=MS:1002038	1	1	not available	NT=Trypsin;AC=MS:1001251	NT=Carbamidomethyl;AC=UNIMOD:4;TA=C;MT=Fixed	NT=Oxidation;AC=UNIMOD:21;TA=M;MT=Variable	not available	not available	NT=H12/D12 DSS;AC=XLMOD:02001;CL=no;TA=K,nterm	not available	not available	1.5 nmol / 1 µg protein	30 min	37 °C	F1910_jansenja_075.raw	NT=ms-proteomics;VV=v1.1.0	NT=crosslinking;VV=v1.0.0	NT=human;VV=v1.1.0
PXD020602_F1908_jansenja_355	Homo sapiens	not available	not available	34	PXD020602_F1908_jansenja_355_assay	proteomic profiling by mass spectrometry	data-dependent acquisition	NT=label free sample;AC=MS:1002038	1	1	not available	NT=Trypsin;AC=MS:1001251	NT=Carbamidomethyl;AC=UNIMOD:4;TA=C;MT=Fixed	NT=Oxidation;AC=UNIMOD:21;TA=M;MT=Variable	not available	not available	NT=H12/D12 DSS;AC=XLMOD:02001;CL=no;TA=K,nterm	not available	not available	1.5 nmol / 1 µg protein	30 min	37 °C	F1908_jansenja_355.raw	NT=ms-proteomics;VV=v1.1.0	NT=crosslinking;VV=v1.0.0	NT=human;VV=v1.1.0
PXD020602_F1908_jansenja_429	Homo sapiens	not available	not available	35	PXD020602_F1908_jansenja_429_assay	proteomic profiling by mass spectrometry	data-dependent acquisition	NT=label free sample;AC=MS:1002038	1	1	not available	NT=Trypsin;AC=MS:1001251	NT=Carbamidomethyl;AC=UNIMOD:4;TA=C;MT=Fixed	NT=Oxidation;AC=UNIMOD:21;TA=M;MT=Variable	not available	not available	NT=H12/D12 DSS;AC=XLMOD:02001;CL=no;TA=K,nterm	not available	not available	1.5 nmol / 1 µg protein	30 min	37 °C	F1908_jansenja_429.raw	NT=ms-proteomics;VV=v1.1.0	NT=crosslinking;VV=v1.0.0	NT=human;VV=v1.1.0
PXD020602_F1909_jansenja_024	Homo sapiens	not available	not available	36	PXD020602_F1909_jansenja_024_assay	proteomic profiling by mass spectrometry	data-dependent acquisition	NT=label free sample;AC=MS:1002038	1	1	not available	NT=Trypsin;AC=MS:1001251	NT=Carbamidomethyl;AC=UNIMOD:4;TA=C;MT=Fixed	NT=Oxidation;AC=UNIMOD:21;TA=M;MT=Variable	not available	not available	NT=H12/D12 DSS;AC=XLMOD:02001;CL=no;TA=K,nterm	not available	not available	1.5 nmol / 1 µg protein	30 min	37 °C	F1909_jansenja_024.raw	NT=ms-proteomics;VV=v1.1.0	NT=crosslinking;VV=v1.0.0	NT=human;VV=v1.1.0
PXD020602_F1908_jansenja_268	Homo sapiens	not available	not available	37	PXD020602_F1908_jansenja_268_assay	proteomic profiling by mass spectrometry	data-dependent acquisition	NT=label free sample;AC=MS:1002038	1	1	not available	NT=Trypsin;AC=MS:1001251	NT=Carbamidomethyl;AC=UNIMOD:4;TA=C;MT=Fixed	NT=Oxidation;AC=UNIMOD:21;TA=M;MT=Variable	not available	not available	NT=H12/D12 DSS;AC=XLMOD:02001;CL=no;TA=K,nterm	not available	not available	1.5 nmol / 1 µg protein	30 min	37 °C	F1908_jansenja_268.raw	NT=ms-proteomics;VV=v1.1.0	NT=crosslinking;VV=v1.0.0	NT=human;VV=v1.1.0
PXD020602_F1909_jansenja_036	Homo sapiens	not available	not available	38	PXD020602_F1909_jansenja_036_assay	proteomic profiling by mass spectrometry	data-dependent acquisition	NT=label free sample;AC=MS:1002038	1	1	not available	NT=Trypsin;AC=MS:1001251	NT=Carbamidomethyl;AC=UNIMOD:4;TA=C;MT=Fixed	NT=Oxidation;AC=UNIMOD:21;TA=M;MT=Variable	not available	not available	NT=H12/D12 DSS;AC=XLMOD:02001;CL=no;TA=K,nterm	not available	not available	1.5 nmol / 1 µg protein	30 min	37 °C	F1909_jansenja_036.raw	NT=ms-proteomics;VV=v1.1.0	NT=crosslinking;VV=v1.0.0	NT=human;VV=v1.1.0
PXD020602_F1909_jansenja_021	Homo sapiens	not available	not available	39	PXD020602_F1909_jansenja_021_assay	proteomic profiling by mass spectrometry	data-dependent acquisition	NT=label free sample;AC=MS:1002038	1	1	not available	NT=Trypsin;AC=MS:1001251	NT=Carbamidomethyl;AC=UNIMOD:4;TA=C;MT=Fixed	NT=Oxidation;AC=UNIMOD:21;TA=M;MT=Variable	not available	not available	NT=H12/D12 DSS;AC=XLMOD:02001;CL=no;TA=K,nterm	not available	not available	1.5 nmol / 1 µg protein	30 min	37 °C	F1909_jansenja_021.raw	NT=ms-proteomics;VV=v1.1.0	NT=crosslinking;VV=v1.0.0	NT=human;VV=v1.1.0
PXD020602_F2007_jansenja_093	Homo sapiens	not available	not available	40	PXD020602_F2007_jansenja_093_assay	proteomic profiling by mass spectrometry	data-dependent acquisition	NT=label free sample;AC=MS:1002038	1	1	not available	NT=Trypsin;AC=MS:1001251	NT=Carbamidomethyl;AC=UNIMOD:4;TA=C;MT=Fixed	NT=Oxidation;AC=UNIMOD:21;TA=M;MT=Variable	not available	not available	NT=H12/D12 DSS;AC=XLMOD:02001;CL=no;TA=K,nterm	not available	not available	1.5 nmol / 1 µg protein	30 min	37 °C	F2007_jansenja_093.raw	NT=ms-proteomics;VV=v1.1.0	NT=crosslinking;VV=v1.0.0	NT=human;VV=v1.1.0
PXD020602_F1908_jansenja_298	Homo sapiens	not available	not available	41	PXD020602_F1908_jansenja_298_assay	proteomic profiling by mass spectrometry	data-dependent acquisition	NT=label free sample;AC=MS:1002038	1	1	not available	NT=Trypsin;AC=MS:1001251	NT=Carbamidomethyl;AC=UNIMOD:4;TA=C;MT=Fixed	NT=Oxidation;AC=UNIMOD:21;TA=M;MT=Variable	not available	not available	NT=H12/D12 DSS;AC=XLMOD:02001;CL=no;TA=K,nterm	not available	not available	1.5 nmol / 1 µg protein	30 min	37 °C	F1908_jansenja_298.raw	NT=ms-proteomics;VV=v1.1.0	NT=crosslinking;VV=v1.0.0	NT=human;VV=v1.1.0
PXD020602_F1909_jansenja_271	Homo sapiens	not available	not available	42	PXD020602_F1909_jansenja_271_assay	proteomic profiling by mass spectrometry	data-dependent acquisition	NT=label free sample;AC=MS:1002038	1	1	not available	NT=Trypsin;AC=MS:1001251	NT=Carbamidomethyl;AC=UNIMOD:4;TA=C;MT=Fixed	NT=Oxidation;AC=UNIMOD:21;TA=M;MT=Variable	not available	not available	NT=H12/D12 DSS;AC=XLMOD:02001;CL=no;TA=K,nterm	not available	not available	1.5 nmol / 1 µg protein	30 min	37 °C	F1909_jansenja_271.raw	NT=ms-proteomics;VV=v1.1.0	NT=crosslinking;VV=v1.0.0	NT=human;VV=v1.1.0
PXD020602_F1910_jansenja_063	Homo sapiens	not available	not available	43	PXD020602_F1910_jansenja_063_assay	proteomic profiling by mass spectrometry	data-dependent acquisition	NT=label free sample;AC=MS:1002038	1	1	not available	NT=Trypsin;AC=MS:1001251	NT=Carbamidomethyl;AC=UNIMOD:4;TA=C;MT=Fixed	NT=Oxidation;AC=UNIMOD:21;TA=M;MT=Variable	not available	not available	NT=H12/D12 DSS;AC=XLMOD:02001;CL=no;TA=K,nterm	not available	not available	1.5 nmol / 1 µg protein	30 min	37 °C	F1910_jansenja_063.raw	NT=ms-proteomics;VV=v1.1.0	NT=crosslinking;VV=v1.0.0	NT=human;VV=v1.1.0
PXD020602_F1908_jansenja_273	Homo sapiens	not available	not available	44	PXD020602_F1908_jansenja_273_assay	proteomic profiling by mass spectrometry	data-dependent acquisition	NT=label free sample;AC=MS:1002038	1	1	not available	NT=Trypsin;AC=MS:1001251	NT=Carbamidomethyl;AC=UNIMOD:4;TA=C;MT=Fixed	NT=Oxidation;AC=UNIMOD:21;TA=M;MT=Variable	not available	not available	NT=H12/D12 DSS;AC=XLMOD:02001;CL=no;TA=K,nterm	not available	not available	1.5 nmol / 1 µg protein	30 min	37 °C	F1908_jansenja_273.raw	NT=ms-proteomics;VV=v1.1.0	NT=crosslinking;VV=v1.0.0	NT=human;VV=v1.1.0
PXD020602_F1908_jansenja_278	Homo sapiens	not available	not available	45	PXD020602_F1908_jansenja_278_assay	proteomic profiling by mass spectrometry	data-dependent acquisition	NT=label free sample;AC=MS:1002038	1	1	not available	NT=Trypsin;AC=MS:1001251	NT=Carbamidomethyl;AC=UNIMOD:4;TA=C;MT=Fixed	NT=Oxidation;AC=UNIMOD:21;TA=M;MT=Variable	not available	not available	NT=H12/D12 DSS;AC=XLMOD:02001;CL=no;TA=K,nterm	not available	not available	1.5 nmol / 1 µg protein	30 min	37 °C	F1908_jansenja_278.raw	NT=ms-proteomics;VV=v1.1.0	NT=crosslinking;VV=v1.0.0	NT=human;VV=v1.1.0
PXD020602_F1908_jansenja_361	Homo sapiens	not available	not available	46	PXD020602_F1908_jansenja_361_assay	proteomic profiling by mass spectrometry	data-dependent acquisition	NT=label free sample;AC=MS:1002038	1	1	not available	NT=Trypsin;AC=MS:1001251	NT=Carbamidomethyl;AC=UNIMOD:4;TA=C;MT=Fixed	NT=Oxidation;AC=UNIMOD:21;TA=M;MT=Variable	not available	not available	NT=H12/D12 DSS;AC=XLMOD:02001;CL=no;TA=K,nterm	not available	not available	1.5 nmol / 1 µg protein	30 min	37 °C	F1908_jansenja_361.raw	NT=ms-proteomics;VV=v1.1.0	NT=crosslinking;VV=v1.0.0	NT=human;VV=v1.1.0
PXD020602_F1909_jansenja_312	Homo sapiens	not available	not available	47	PXD020602_F1909_jansenja_312_assay	proteomic profiling by mass spectrometry	data-dependent acquisition	NT=label free sample;AC=MS:1002038	1	1	not available	NT=Trypsin;AC=MS:1001251	NT=Carbamidomethyl;AC=UNIMOD:4;TA=C;MT=Fixed	NT=Oxidation;AC=UNIMOD:21;TA=M;MT=Variable	not available	not available	NT=H12/D12 DSS;AC=XLMOD:02001;CL=no;TA=K,nterm	not available	not available	1.5 nmol / 1 µg protein	30 min	37 °C	F1909_jansenja_312.raw	NT=ms-proteomics;VV=v1.1.0	NT=crosslinking;VV=v1.0.0	NT=human;VV=v1.1.0
PXD020602_F2007_jansenja_114	Homo sapiens	not available	not available	48	PXD020602_F2007_jansenja_114_assay	proteomic profiling by mass spectrometry	data-dependent acquisition	NT=label free sample;AC=MS:1002038	1	1	not available	NT=Trypsin;AC=MS:1001251	NT=Carbamidomethyl;AC=UNIMOD:4;TA=C;MT=Fixed	NT=Oxidation;AC=UNIMOD:21;TA=M;MT=Variable	not available	not available	NT=H12/D12 DSS;AC=XLMOD:02001;CL=no;TA=K,nterm	not available	not available	1.5 nmol / 1 µg protein	30 min	37 °C	F2007_jansenja_114.raw	NT=ms-proteomics;VV=v1.1.0	NT=crosslinking;VV=v1.0.0	NT=human;VV=v1.1.0
PXD020602_F1909_jansenja_314	Homo sapiens	not available	not available	49	PXD020602_F1909_jansenja_314_assay	proteomic profiling by mass spectrometry	data-dependent acquisition	NT=label free sample;AC=MS:1002038	1	1	not available	NT=Trypsin;AC=MS:1001251	NT=Carbamidomethyl;AC=UNIMOD:4;TA=C;MT=Fixed	NT=Oxidation;AC=UNIMOD:21;TA=M;MT=Variable	not available	not available	NT=H12/D12 DSS;AC=XLMOD:02001;CL=no;TA=K,nterm	not available	not available	1.5 nmol / 1 µg protein	30 min	37 °C	F1909_jansenja_314.raw	NT=ms-proteomics;VV=v1.1.0	NT=crosslinking;VV=v1.0.0	NT=human;VV=v1.1.0
PXD020602_F1910_jansenja_067	Homo sapiens	not available	not available	50	PXD020602_F1910_jansenja_067_assay	proteomic profiling by mass spectrometry	data-dependent acquisition	NT=label free sample;AC=MS:1002038	1	1	not available	NT=Trypsin;AC=MS:1001251	NT=Carbamidomethyl;AC=UNIMOD:4;TA=C;MT=Fixed	NT=Oxidation;AC=UNIMOD:21;TA=M;MT=Variable	not available	not available	NT=H12/D12 DSS;AC=XLMOD:02001;CL=no;TA=K,nterm	not available	not available	1.5 nmol / 1 µg protein	30 min	37 °C	F1910_jansenja_067.raw	NT=ms-proteomics;VV=v1.1.0	NT=crosslinking;VV=v1.0.0	NT=human;VV=v1.1.0
PXD020602_F1908_jansenja_240	Homo sapiens	not available	not available	51	PXD020602_F1908_jansenja_240_assay	proteomic profiling by mass spectrometry	data-dependent acquisition	NT=label free sample;AC=MS:1002038	1	1	not available	NT=Trypsin;AC=MS:1001251	NT=Carbamidomethyl;AC=UNIMOD:4;TA=C;MT=Fixed	NT=Oxidation;AC=UNIMOD:21;TA=M;MT=Variable	not available	not available	NT=H12/D12 DSS;AC=XLMOD:02001;CL=no;TA=K,nterm	not available	not available	1.5 nmol / 1 µg protein	30 min	37 °C	F1908_jansenja_240.raw	NT=ms-proteomics;VV=v1.1.0	NT=crosslinking;VV=v1.0.0	NT=human;VV=v1.1.0
PXD020602_F1909_jansenja_281	Homo sapiens	not available	not available	52	PXD020602_F1909_jansenja_281_assay	proteomic profiling by mass spectrometry	data-dependent acquisition	NT=label free sample;AC=MS:1002038	1	1	not available	NT=Trypsin;AC=MS:1001251	NT=Carbamidomethyl;AC=UNIMOD:4;TA=C;MT=Fixed	NT=Oxidation;AC=UNIMOD:21;TA=M;MT=Variable	not available	not available	NT=H12/D12 DSS;AC=XLMOD:02001;CL=no;TA=K,nterm	not available	not available	1.5 nmol / 1 µg protein	30 min	37 °C	F1909_jansenja_281.raw	NT=ms-proteomics;VV=v1.1.0	NT=crosslinking;VV=v1.0.0	NT=human;VV=v1.1.0
PXD020602_F1909_jansenja_394	Homo sapiens	not available	not available	53	PXD020602_F1909_jansenja_394_assay	proteomic profiling by mass spectrometry	data-dependent acquisition	NT=label free sample;AC=MS:1002038	1	1	not available	NT=Trypsin;AC=MS:1001251	NT=Carbamidomethyl;AC=UNIMOD:4;TA=C;MT=Fixed	NT=Oxidation;AC=UNIMOD:21;TA=M;MT=Variable	not available	not available	NT=H12/D12 DSS;AC=XLMOD:02001;CL=no;TA=K,nterm	not available	not available	1.5 nmol / 1 µg protein	30 min	37 °C	F1909_jansenja_394.raw	NT=ms-proteomics;VV=v1.1.0	NT=crosslinking;VV=v1.0.0	NT=human;VV=v1.1.0
PXD020602_F1908_jansenja_444	Homo sapiens	not available	not available	54	PXD020602_F1908_jansenja_444_assay	proteomic profiling by mass spectrometry	data-dependent acquisition	NT=label free sample;AC=MS:1002038	1	1	not available	NT=Trypsin;AC=MS:1001251	NT=Carbamidomethyl;AC=UNIMOD:4;TA=C;MT=Fixed	NT=Oxidation;AC=UNIMOD:21;TA=M;MT=Variable	not available	not available	NT=H12/D12 DSS;AC=XLMOD:02001;CL=no;TA=K,nterm	not available	not available	1.5 nmol / 1 µg protein	30 min	37 °C	F1908_jansenja_444.raw	NT=ms-proteomics;VV=v1.1.0	NT=crosslinking;VV=v1.0.0	NT=human;VV=v1.1.0
PXD020602_F1910_jansenja_086	Homo sapiens	not available	not available	55	PXD020602_F1910_jansenja_086_assay	proteomic profiling by mass spectrometry	data-dependent acquisition	NT=label free sample;AC=MS:1002038	1	1	not available	NT=Trypsin;AC=MS:1001251	NT=Carbamidomethyl;AC=UNIMOD:4;TA=C;MT=Fixed	NT=Oxidation;AC=UNIMOD:21;TA=M;MT=Variable	not available	not available	NT=H12/D12 DSS;AC=XLMOD:02001;CL=no;TA=K,nterm	not available	not available	1.5 nmol / 1 µg protein	30 min	37 °C	F1910_jansenja_086.raw	NT=ms-proteomics;VV=v1.1.0	NT=crosslinking;VV=v1.0.0	NT=human;VV=v1.1.0
PXD020602_F1910_jansenja_069	Homo sapiens	not available	not available	56	PXD020602_F1910_jansenja_069_assay	proteomic profiling by mass spectrometry	data-dependent acquisition	NT=label free sample;AC=MS:1002038	1	1	not available	NT=Trypsin;AC=MS:1001251	NT=Carbamidomethyl;AC=UNIMOD:4;TA=C;MT=Fixed	NT=Oxidation;AC=UNIMOD:21;TA=M;MT=Variable	not available	not available	NT=H12/D12 DSS;AC=XLMOD:02001;CL=no;TA=K,nterm	not available	not available	1.5 nmol / 1 µg protein	30 min	37 °C	F1910_jansenja_069.raw	NT=ms-proteomics;VV=v1.1.0	NT=crosslinking;VV=v1.0.0	NT=human;VV=v1.1.0
PXD020602_F1908_jansenja_339	Homo sapiens	not available	not available	57	PXD020602_F1908_jansenja_339_assay	proteomic profiling by mass spectrometry	data-dependent acquisition	NT=label free sample;AC=MS:1002038	1	1	not available	NT=Trypsin;AC=MS:1001251	NT=Carbamidomethyl;AC=UNIMOD:4;TA=C;MT=Fixed	NT=Oxidation;AC=UNIMOD:21;TA=M;MT=Variable	not available	not available	NT=H12/D12 DSS;AC=XLMOD:02001;CL=no;TA=K,nterm	not available	not available	1.5 nmol / 1 µg protein	30 min	37 °C	F1908_jansenja_339.raw	NT=ms-proteomics;VV=v1.1.0	NT=crosslinking;VV=v1.0.0	NT=human;VV=v1.1.0
PXD020602_F1908_jansenja_452	Homo sapiens	not available	not available	58	PXD020602_F1908_jansenja_452_assay	proteomic profiling by mass spectrometry	data-dependent acquisition	NT=label free sample;AC=MS:1002038	1	1	not available	NT=Trypsin;AC=MS:1001251	NT=Carbamidomethyl;AC=UNIMOD:4;TA=C;MT=Fixed	NT=Oxidation;AC=UNIMOD:21;TA=M;MT=Variable	not available	not available	NT=H12/D12 DSS;AC=XLMOD:02001;CL=no;TA=K,nterm	not available	not available	1.5 nmol / 1 µg protein	30 min	37 °C	F1908_jansenja_452.raw	NT=ms-proteomics;VV=v1.1.0	NT=crosslinking;VV=v1.0.0	NT=human;VV=v1.1.0
PXD020602_F1908_jansenja_313	Homo sapiens	not available	not available	59	PXD020602_F1908_jansenja_313_assay	proteomic profiling by mass spectrometry	data-dependent acquisition	NT=label free sample;AC=MS:1002038	1	1	not available	NT=Trypsin;AC=MS:1001251	NT=Carbamidomethyl;AC=UNIMOD:4;TA=C;MT=Fixed	NT=Oxidation;AC=UNIMOD:21;TA=M;MT=Variable	not available	not available	NT=H12/D12 DSS;AC=XLMOD:02001;CL=no;TA=K,nterm	not available	not available	1.5 nmol / 1 µg protein	30 min	37 °C	F1908_jansenja_313.raw	NT=ms-proteomics;VV=v1.1.0	NT=crosslinking;VV=v1.0.0	NT=human;VV=v1.1.0
PXD020602_F1909_jansenja_289	Homo sapiens	not available	not available	60	PXD020602_F1909_jansenja_289_assay	proteomic profiling by mass spectrometry	data-dependent acquisition	NT=label free sample;AC=MS:1002038	1	1	not available	NT=Trypsin;AC=MS:1001251	NT=Carbamidomethyl;AC=UNIMOD:4;TA=C;MT=Fixed	NT=Oxidation;AC=UNIMOD:21;TA=M;MT=Variable	not available	not available	NT=H12/D12 DSS;AC=XLMOD:02001;CL=no;TA=K,nterm	not available	not available	1.5 nmol / 1 µg protein	30 min	37 °C	F1909_jansenja_289.raw	NT=ms-proteomics;VV=v1.1.0	NT=crosslinking;VV=v1.0.0	NT=human;VV=v1.1.0
PXD020602_F2007_jansenja_140	Homo sapiens	not available	not available	61	PXD020602_F2007_jansenja_140_assay	proteomic profiling by mass spectrometry	data-dependent acquisition	NT=label free sample;AC=MS:1002038	1	1	not available	NT=Trypsin;AC=MS:1001251	NT=Carbamidomethyl;AC=UNIMOD:4;TA=C;MT=Fixed	NT=Oxidation;AC=UNIMOD:21;TA=M;MT=Variable	not available	not available	NT=H12/D12 DSS;AC=XLMOD:02001;CL=no;TA=K,nterm	not available	not available	1.5 nmol / 1 µg protein	30 min	37 °C	F2007_jansenja_140.raw	NT=ms-proteomics;VV=v1.1.0	NT=crosslinking;VV=v1.0.0	NT=human;VV=v1.1.0
PXD020602_F2007_jansenja_109	Homo sapiens	not available	not available	62	PXD020602_F2007_jansenja_109_assay	proteomic profiling by mass spectrometry	data-dependent acquisition	NT=label free sample;AC=MS:1002038	1	1	not available	NT=Trypsin;AC=MS:1001251	NT=Carbamidomethyl;AC=UNIMOD:4;TA=C;MT=Fixed	NT=Oxidation;AC=UNIMOD:21;TA=M;MT=Variable	not available	not available	NT=H12/D12 DSS;AC=XLMOD:02001;CL=no;TA=K,nterm	not available	not available	1.5 nmol / 1 µg protein	30 min	37 °C	F2007_jansenja_109.raw	NT=ms-proteomics;VV=v1.1.0	NT=crosslinking;VV=v1.0.0	NT=human;VV=v1.1.0
PXD020602_F1910_jansenja_077	Homo sapiens	not available	not available	63	PXD020602_F1910_jansenja_077_assay	proteomic profiling by mass spectrometry	data-dependent acquisition	NT=label free sample;AC=MS:1002038	1	1	not available	NT=Trypsin;AC=MS:1001251	NT=Carbamidomethyl;AC=UNIMOD:4;TA=C;MT=Fixed	NT=Oxidation;AC=UNIMOD:21;TA=M;MT=Variable	not available	not available	NT=H12/D12 DSS;AC=XLMOD:02001;CL=no;TA=K,nterm	not available	not available	1.5 nmol / 1 µg protein	30 min	37 °C	F1910_jansenja_077.raw	NT=ms-proteomics;VV=v1.1.0	NT=crosslinking;VV=v1.0.0	NT=human;VV=v1.1.0
PXD020602_F1909_jansenja_007	Homo sapiens	not available	not available	64	PXD020602_F1909_jansenja_007_assay	proteomic profiling by mass spectrometry	data-dependent acquisition	NT=label free sample;AC=MS:1002038	1	1	not available	NT=Trypsin;AC=MS:1001251	NT=Carbamidomethyl;AC=UNIMOD:4;TA=C;MT=Fixed	NT=Oxidation;AC=UNIMOD:21;TA=M;MT=Variable	not available	not available	NT=H12/D12 DSS;AC=XLMOD:02001;CL=no;TA=K,nterm	not available	not available	1.5 nmol / 1 µg protein	30 min	37 °C	F1909_jansenja_007.raw	NT=ms-proteomics;VV=v1.1.0	NT=crosslinking;VV=v1.0.0	NT=human;VV=v1.1.0
PXD020602_F1908_jansenja_325	Homo sapiens	not available	not available	65	PXD020602_F1908_jansenja_325_assay	proteomic profiling by mass spectrometry	data-dependent acquisition	NT=label free sample;AC=MS:1002038	1	1	not available	NT=Trypsin;AC=MS:1001251	NT=Carbamidomethyl;AC=UNIMOD:4;TA=C;MT=Fixed	NT=Oxidation;AC=UNIMOD:21;TA=M;MT=Variable	not available	not available	NT=H12/D12 DSS;AC=XLMOD:02001;CL=no;TA=K,nterm	not available	not available	1.5 nmol / 1 µg protein	30 min	37 °C	F1908_jansenja_325.raw	NT=ms-proteomics;VV=v1.1.0	NT=crosslinking;VV=v1.0.0	NT=human;VV=v1.1.0
PXD020602_F1908_jansenja_321	Homo sapiens	not available	not available	66	PXD020602_F1908_jansenja_321_assay	proteomic profiling by mass spectrometry	data-dependent acquisition	NT=label free sample;AC=MS:1002038	1	1	not available	NT=Trypsin;AC=MS:1001251	NT=Carbamidomethyl;AC=UNIMOD:4;TA=C;MT=Fixed	NT=Oxidation;AC=UNIMOD:21;TA=M;MT=Variable	not available	not available	NT=H12/D12 DSS;AC=XLMOD:02001;CL=no;TA=K,nterm	not available	not available	1.5 nmol / 1 µg protein	30 min	37 °C	F1908_jansenja_321.raw	NT=ms-proteomics;VV=v1.1.0	NT=crosslinking;VV=v1.0.0	NT=human;VV=v1.1.0
PXD020602_F2007_jansenja_119	Homo sapiens	not available	not available	67	PXD020602_F2007_jansenja_119_assay	proteomic profiling by mass spectrometry	data-dependent acquisition	NT=label free sample;AC=MS:1002038	1	1	not available	NT=Trypsin;AC=MS:1001251	NT=Carbamidomethyl;AC=UNIMOD:4;TA=C;MT=Fixed	NT=Oxidation;AC=UNIMOD:21;TA=M;MT=Variable	not available	not available	NT=H12/D12 DSS;AC=XLMOD:02001;CL=no;TA=K,nterm	not available	not available	1.5 nmol / 1 µg protein	30 min	37 °C	F2007_jansenja_119.raw	NT=ms-proteomics;VV=v1.1.0	NT=crosslinking;VV=v1.0.0	NT=human;VV=v1.1.0
PXD020602_F2007_jansenja_136	Homo sapiens	not available	not available	68	PXD020602_F2007_jansenja_136_assay	proteomic profiling by mass spectrometry	data-dependent acquisition	NT=label free sample;AC=MS:1002038	1	1	not available	NT=Trypsin;AC=MS:1001251	NT=Carbamidomethyl;AC=UNIMOD:4;TA=C;MT=Fixed	NT=Oxidation;AC=UNIMOD:21;TA=M;MT=Variable	not available	not available	NT=H12/D12 DSS;AC=XLMOD:02001;CL=no;TA=K,nterm	not available	not available	1.5 nmol / 1 µg protein	30 min	37 °C	F2007_jansenja_136.raw	NT=ms-proteomics;VV=v1.1.0	NT=crosslinking;VV=v1.0.0	NT=human;VV=v1.1.0
PXD020602_F1909_jansenja_277	Homo sapiens	not available	not available	69	PXD020602_F1909_jansenja_277_assay	proteomic profiling by mass spectrometry	data-dependent acquisition	NT=label free sample;AC=MS:1002038	1	1	not available	NT=Trypsin;AC=MS:1001251	NT=Carbamidomethyl;AC=UNIMOD:4;TA=C;MT=Fixed	NT=Oxidation;AC=UNIMOD:21;TA=M;MT=Variable	not available	not available	NT=H12/D12 DSS;AC=XLMOD:02001;CL=no;TA=K,nterm	not available	not available	1.5 nmol / 1 µg protein	30 min	37 °C	F1909_jansenja_277.raw	NT=ms-proteomics;VV=v1.1.0	NT=crosslinking;VV=v1.0.0	NT=human;VV=v1.1.0
PXD020602_F1908_jansenja_300	Homo sapiens	not available	not available	70	PXD020602_F1908_jansenja_300_assay	proteomic profiling by mass spectrometry	data-dependent acquisition	NT=label free sample;AC=MS:1002038	1	1	not available	NT=Trypsin;AC=MS:1001251	NT=Carbamidomethyl;AC=UNIMOD:4;TA=C;MT=Fixed	NT=Oxidation;AC=UNIMOD:21;TA=M;MT=Variable	not available	not available	NT=H12/D12 DSS;AC=XLMOD:02001;CL=no;TA=K,nterm	not available	not available	1.5 nmol / 1 µg protein	30 min	37 °C	F1908_jansenja_300.raw	NT=ms-proteomics;VV=v1.1.0	NT=crosslinking;VV=v1.0.0	NT=human;VV=v1.1.0
PXD020602_F1908_jansenja_385	Homo sapiens	not available	not available	71	PXD020602_F1908_jansenja_385_assay	proteomic profiling by mass spectrometry	data-dependent acquisition	NT=label free sample;AC=MS:1002038	1	1	not available	NT=Trypsin;AC=MS:1001251	NT=Carbamidomethyl;AC=UNIMOD:4;TA=C;MT=Fixed	NT=Oxidation;AC=UNIMOD:21;TA=M;MT=Variable	not available	not available	NT=H12/D12 DSS;AC=XLMOD:02001;CL=no;TA=K,nterm	not available	not available	1.5 nmol / 1 µg protein	30 min	37 °C	F1908_jansenja_385.raw	NT=ms-proteomics;VV=v1.1.0	NT=crosslinking;VV=v1.0.0	NT=human;VV=v1.1.0
PXD020602_F2007_jansenja_099	Homo sapiens	not available	not available	72	PXD020602_F2007_jansenja_099_assay	proteomic profiling by mass spectrometry	data-dependent acquisition	NT=label free sample;AC=MS:1002038	1	1	not available	NT=Trypsin;AC=MS:1001251	NT=Carbamidomethyl;AC=UNIMOD:4;TA=C;MT=Fixed	NT=Oxidation;AC=UNIMOD:21;TA=M;MT=Variable	not available	not available	NT=H12/D12 DSS;AC=XLMOD:02001;CL=no;TA=K,nterm	not available	not available	1.5 nmol / 1 µg protein	30 min	37 °C	F2007_jansenja_099.raw	NT=ms-proteomics;VV=v1.1.0	NT=crosslinking;VV=v1.0.0	NT=human;VV=v1.1.0
PXD020602_F1908_jansenja_274	Homo sapiens	not available	not available	73	PXD020602_F1908_jansenja_274_assay	proteomic profiling by mass spectrometry	data-dependent acquisition	NT=label free sample;AC=MS:1002038	1	1	not available	NT=Trypsin;AC=MS:1001251	NT=Carbamidomethyl;AC=UNIMOD:4;TA=C;MT=Fixed	NT=Oxidation;AC=UNIMOD:21;TA=M;MT=Variable	not available	not available	NT=H12/D12 DSS;AC=XLMOD:02001;CL=no;TA=K,nterm	not available	not available	1.5 nmol / 1 µg protein	30 min	37 °C	F1908_jansenja_274.raw	NT=ms-proteomics;VV=v1.1.0	NT=crosslinking;VV=v1.0.0	NT=human;VV=v1.1.0
PXD020602_F1908_jansenja_296	Homo sapiens	not available	not available	74	PXD020602_F1908_jansenja_296_assay	proteomic profiling by mass spectrometry	data-dependent acquisition	NT=label free sample;AC=MS:1002038	1	1	not available	NT=Trypsin;AC=MS:1001251	NT=Carbamidomethyl;AC=UNIMOD:4;TA=C;MT=Fixed	NT=Oxidation;AC=UNIMOD:21;TA=M;MT=Variable	not available	not available	NT=H12/D12 DSS;AC=XLMOD:02001;CL=no;TA=K,nterm	not available	not available	1.5 nmol / 1 µg protein	30 min	37 °C	F1908_jansenja_296.raw	NT=ms-proteomics;VV=v1.1.0	NT=crosslinking;VV=v1.0.0	NT=human;VV=v1.1.0
PXD020602_F1909_jansenja_070	Homo sapiens	not available	not available	75	PXD020602_F1909_jansenja_070_assay	proteomic profiling by mass spectrometry	data-dependent acquisition	NT=label free sample;AC=MS:1002038	1	1	not available	NT=Trypsin;AC=MS:1001251	NT=Carbamidomethyl;AC=UNIMOD:4;TA=C;MT=Fixed	NT=Oxidation;AC=UNIMOD:21;TA=M;MT=Variable	not available	not available	NT=H12/D12 DSS;AC=XLMOD:02001;CL=no;TA=K,nterm	not available	not available	1.5 nmol / 1 µg protein	30 min	37 °C	F1909_jansenja_070.raw	NT=ms-proteomics;VV=v1.1.0	NT=crosslinking;VV=v1.0.0	NT=human;VV=v1.1.0
PXD020602_F1908_jansenja_420	Homo sapiens	not available	not available	76	PXD020602_F1908_jansenja_420_assay	proteomic profiling by mass spectrometry	data-dependent acquisition	NT=label free sample;AC=MS:1002038	1	1	not available	NT=Trypsin;AC=MS:1001251	NT=Carbamidomethyl;AC=UNIMOD:4;TA=C;MT=Fixed	NT=Oxidation;AC=UNIMOD:21;TA=M;MT=Variable	not available	not available	NT=H12/D12 DSS;AC=XLMOD:02001;CL=no;TA=K,nterm	not available	not available	1.5 nmol / 1 µg protein	30 min	37 °C	F1908_jansenja_420.raw	NT=ms-proteomics;VV=v1.1.0	NT=crosslinking;VV=v1.0.0	NT=human;VV=v1.1.0
PXD020602_F1908_jansenja_294	Homo sapiens	not available	not available	77	PXD020602_F1908_jansenja_294_assay	proteomic profiling by mass spectrometry	data-dependent acquisition	NT=label free sample;AC=MS:1002038	1	1	not available	NT=Trypsin;AC=MS:1001251	NT=Carbamidomethyl;AC=UNIMOD:4;TA=C;MT=Fixed	NT=Oxidation;AC=UNIMOD:21;TA=M;MT=Variable	not available	not available	NT=H12/D12 DSS;AC=XLMOD:02001;CL=no;TA=K,nterm	not available	not available	1.5 nmol / 1 µg protein	30 min	37 °C	F1908_jansenja_294.raw	NT=ms-proteomics;VV=v1.1.0	NT=crosslinking;VV=v1.0.0	NT=human;VV=v1.1.0
PXD020602_F2007_jansenja_090	Homo sapiens	not available	not available	78	PXD020602_F2007_jansenja_090_assay	proteomic profiling by mass spectrometry	data-dependent acquisition	NT=label free sample;AC=MS:1002038	1	1	not available	NT=Trypsin;AC=MS:1001251	NT=Carbamidomethyl;AC=UNIMOD:4;TA=C;MT=Fixed	NT=Oxidation;AC=UNIMOD:21;TA=M;MT=Variable	not available	not available	NT=H12/D12 DSS;AC=XLMOD:02001;CL=no;TA=K,nterm	not available	not available	1.5 nmol / 1 µg protein	30 min	37 °C	F2007_jansenja_090.raw	NT=ms-proteomics;VV=v1.1.0	NT=crosslinking;VV=v1.0.0	NT=human;VV=v1.1.0
PXD020602_F1909_jansenja_051	Homo sapiens	not available	not available	79	PXD020602_F1909_jansenja_051_assay	proteomic profiling by mass spectrometry	data-dependent acquisition	NT=label free sample;AC=MS:1002038	1	1	not available	NT=Trypsin;AC=MS:1001251	NT=Carbamidomethyl;AC=UNIMOD:4;TA=C;MT=Fixed	NT=Oxidation;AC=UNIMOD:21;TA=M;MT=Variable	not available	not available	NT=H12/D12 DSS;AC=XLMOD:02001;CL=no;TA=K,nterm	not available	not available	1.5 nmol / 1 µg protein	30 min	37 °C	F1909_jansenja_051.raw	NT=ms-proteomics;VV=v1.1.0	NT=crosslinking;VV=v1.0.0	NT=human;VV=v1.1.0
PXD020602_F1909_jansenja_310	Homo sapiens	not available	not available	80	PXD020602_F1909_jansenja_310_assay	proteomic profiling by mass spectrometry	data-dependent acquisition	NT=label free sample;AC=MS:1002038	1	1	not available	NT=Trypsin;AC=MS:1001251	NT=Carbamidomethyl;AC=UNIMOD:4;TA=C;MT=Fixed	NT=Oxidation;AC=UNIMOD:21;TA=M;MT=Variable	not available	not available	NT=H12/D12 DSS;AC=XLMOD:02001;CL=no;TA=K,nterm	not available	not available	1.5 nmol / 1 µg protein	30 min	37 °C	F1909_jansenja_310.raw	NT=ms-proteomics;VV=v1.1.0	NT=crosslinking;VV=v1.0.0	NT=human;VV=v1.1.0
PXD020602_F2007_jansenja_098	Homo sapiens	not available	not available	81	PXD020602_F2007_jansenja_098_assay	proteomic profiling by mass spectrometry	data-dependent acquisition	NT=label free sample;AC=MS:1002038	1	1	not available	NT=Trypsin;AC=MS:1001251	NT=Carbamidomethyl;AC=UNIMOD:4;TA=C;MT=Fixed	NT=Oxidation;AC=UNIMOD:21;TA=M;MT=Variable	not available	not available	NT=H12/D12 DSS;AC=XLMOD:02001;CL=no;TA=K,nterm	not available	not available	1.5 nmol / 1 µg protein	30 min	37 °C	F2007_jansenja_098.raw	NT=ms-proteomics;VV=v1.1.0	NT=crosslinking;VV=v1.0.0	NT=human;VV=v1.1.0
PXD020602_F1910_jansenja_078	Homo sapiens	not available	not available	82	PXD020602_F1910_jansenja_078_assay	proteomic profiling by mass spectrometry	data-dependent acquisition	NT=label free sample;AC=MS:1002038	1	1	not available	NT=Trypsin;AC=MS:1001251	NT=Carbamidomethyl;AC=UNIMOD:4;TA=C;MT=Fixed	NT=Oxidation;AC=UNIMOD:21;TA=M;MT=Variable	not available	not available	NT=H12/D12 DSS;AC=XLMOD:02001;CL=no;TA=K,nterm	not available	not available	1.5 nmol / 1 µg protein	30 min	37 °C	F1910_jansenja_078.raw	NT=ms-proteomics;VV=v1.1.0	NT=crosslinking;VV=v1.0.0	NT=human;VV=v1.1.0
PXD020602_F1909_jansenja_322	Homo sapiens	not available	not available	83	PXD020602_F1909_jansenja_322_assay	proteomic profiling by mass spectrometry	data-dependent acquisition	NT=label free sample;AC=MS:1002038	1	1	not available	NT=Trypsin;AC=MS:1001251	NT=Carbamidomethyl;AC=UNIMOD:4;TA=C;MT=Fixed	NT=Oxidation;AC=UNIMOD:21;TA=M;MT=Variable	not available	not available	NT=H12/D12 DSS;AC=XLMOD:02001;CL=no;TA=K,nterm	not available	not available	1.5 nmol / 1 µg protein	30 min	37 °C	F1909_jansenja_322.raw	NT=ms-proteomics;VV=v1.1.0	NT=crosslinking;VV=v1.0.0	NT=human;VV=v1.1.0
PXD020602_F1909_jansenja_084	Homo sapiens	not available	not available	84	PXD020602_F1909_jansenja_084_assay	proteomic profiling by mass spectrometry	data-dependent acquisition	NT=label free sample;AC=MS:1002038	1	1	not available	NT=Trypsin;AC=MS:1001251	NT=Carbamidomethyl;AC=UNIMOD:4;TA=C;MT=Fixed	NT=Oxidation;AC=UNIMOD:21;TA=M;MT=Variable	not available	not available	NT=H12/D12 DSS;AC=XLMOD:02001;CL=no;TA=K,nterm	not available	not available	1.5 nmol / 1 µg protein	30 min	37 °C	F1909_jansenja_084.raw	NT=ms-proteomics;VV=v1.1.0	NT=crosslinking;VV=v1.0.0	NT=human;VV=v1.1.0
PXD020602_F2007_jansenja_067	Homo sapiens	not available	not available	85	PXD020602_F2007_jansenja_067_assay	proteomic profiling by mass spectrometry	data-dependent acquisition	NT=label free sample;AC=MS:1002038	1	1	not available	NT=Trypsin;AC=MS:1001251	NT=Carbamidomethyl;AC=UNIMOD:4;TA=C;MT=Fixed	NT=Oxidation;AC=UNIMOD:21;TA=M;MT=Variable	not available	not available	NT=H12/D12 DSS;AC=XLMOD:02001;CL=no;TA=K,nterm	not available	not available	1.5 nmol / 1 µg protein	30 min	37 °C	F2007_jansenja_067.raw	NT=ms-proteomics;VV=v1.1.0	NT=crosslinking;VV=v1.0.0	NT=human;VV=v1.1.0
PXD020602_F1908_jansenja_271	Homo sapiens	not available	not available	86	PXD020602_F1908_jansenja_271_assay	proteomic profiling by mass spectrometry	data-dependent acquisition	NT=label free sample;AC=MS:1002038	1	1	not available	NT=Trypsin;AC=MS:1001251	NT=Carbamidomethyl;AC=UNIMOD:4;TA=C;MT=Fixed	NT=Oxidation;AC=UNIMOD:21;TA=M;MT=Variable	not available	not available	NT=H12/D12 DSS;AC=XLMOD:02001;CL=no;TA=K,nterm	not available	not available	1.5 nmol / 1 µg protein	30 min	37 °C	F1908_jansenja_271.raw	NT=ms-proteomics;VV=v1.1.0	NT=crosslinking;VV=v1.0.0	NT=human;VV=v1.1.0
PXD020602_F2007_jansenja_058	Homo sapiens	not available	not available	87	PXD020602_F2007_jansenja_058_assay	proteomic profiling by mass spectrometry	data-dependent acquisition	NT=label free sample;AC=MS:1002038	1	1	not available	NT=Trypsin;AC=MS:1001251	NT=Carbamidomethyl;AC=UNIMOD:4;TA=C;MT=Fixed	NT=Oxidation;AC=UNIMOD:21;TA=M;MT=Variable	not available	not available	NT=H12/D12 DSS;AC=XLMOD:02001;CL=no;TA=K,nterm	not available	not available	1.5 nmol / 1 µg protein	30 min	37 °C	F2007_jansenja_058.raw	NT=ms-proteomics;VV=v1.1.0	NT=crosslinking;VV=v1.0.0	NT=human;VV=v1.1.0
PXD020602_F2007_jansenja_102	Homo sapiens	not available	not available	88	PXD020602_F2007_jansenja_102_assay	proteomic profiling by mass spectrometry	data-dependent acquisition	NT=label free sample;AC=MS:1002038	1	1	not available	NT=Trypsin;AC=MS:1001251	NT=Carbamidomethyl;AC=UNIMOD:4;TA=C;MT=Fixed	NT=Oxidation;AC=UNIMOD:21;TA=M;MT=Variable	not available	not available	NT=H12/D12 DSS;AC=XLMOD:02001;CL=no;TA=K,nterm	not available	not available	1.5 nmol / 1 µg protein	30 min	37 °C	F2007_jansenja_102.raw	NT=ms-proteomics;VV=v1.1.0	NT=crosslinking;VV=v1.0.0	NT=human;VV=v1.1.0
PXD020602_F1909_jansenja_392	Homo sapiens	not available	not available	89	PXD020602_F1909_jansenja_392_assay	proteomic profiling by mass spectrometry	data-dependent acquisition	NT=label free sample;AC=MS:1002038	1	1	not available	NT=Trypsin;AC=MS:1001251	NT=Carbamidomethyl;AC=UNIMOD:4;TA=C;MT=Fixed	NT=Oxidation;AC=UNIMOD:21;TA=M;MT=Variable	not available	not available	NT=H12/D12 DSS;AC=XLMOD:02001;CL=no;TA=K,nterm	not available	not available	1.5 nmol / 1 µg protein	30 min	37 °C	F1909_jansenja_392.raw	NT=ms-proteomics;VV=v1.1.0	NT=crosslinking;VV=v1.0.0	NT=human;VV=v1.1.0
PXD020602_F1909_jansenja_318	Homo sapiens	not available	not available	90	PXD020602_F1909_jansenja_318_assay	proteomic profiling by mass spectrometry	data-dependent acquisition	NT=label free sample;AC=MS:1002038	1	1	not available	NT=Trypsin;AC=MS:1001251	NT=Carbamidomethyl;AC=UNIMOD:4;TA=C;MT=Fixed	NT=Oxidation;AC=UNIMOD:21;TA=M;MT=Variable	not available	not available	NT=H12/D12 DSS;AC=XLMOD:02001;CL=no;TA=K,nterm	not available	not available	1.5 nmol / 1 µg protein	30 min	37 °C	F1909_jansenja_318.raw	NT=ms-proteomics;VV=v1.1.0	NT=crosslinking;VV=v1.0.0	NT=human;VV=v1.1.0
PXD020602_F1908_jansenja_376	Homo sapiens	not available	not available	91	PXD020602_F1908_jansenja_376_assay	proteomic profiling by mass spectrometry	data-dependent acquisition	NT=label free sample;AC=MS:1002038	1	1	not available	NT=Trypsin;AC=MS:1001251	NT=Carbamidomethyl;AC=UNIMOD:4;TA=C;MT=Fixed	NT=Oxidation;AC=UNIMOD:21;TA=M;MT=Variable	not available	not available	NT=H12/D12 DSS;AC=XLMOD:02001;CL=no;TA=K,nterm	not available	not available	1.5 nmol / 1 µg protein	30 min	37 °C	F1908_jansenja_376.raw	NT=ms-proteomics;VV=v1.1.0	NT=crosslinking;VV=v1.0.0	NT=human;VV=v1.1.0
PXD020602_F2007_jansenja_092	Homo sapiens	not available	not available	92	PXD020602_F2007_jansenja_092_assay	proteomic profiling by mass spectrometry	data-dependent acquisition	NT=label free sample;AC=MS:1002038	1	1	not available	NT=Trypsin;AC=MS:1001251	NT=Carbamidomethyl;AC=UNIMOD:4;TA=C;MT=Fixed	NT=Oxidation;AC=UNIMOD:21;TA=M;MT=Variable	not available	not available	NT=H12/D12 DSS;AC=XLMOD:02001;CL=no;TA=K,nterm	not available	not available	1.5 nmol / 1 µg protein	30 min	37 °C	F2007_jansenja_092.raw	NT=ms-proteomics;VV=v1.1.0	NT=crosslinking;VV=v1.0.0	NT=human;VV=v1.1.0
PXD020602_F1909_jansenja_285	Homo sapiens	not available	not available	93	PXD020602_F1909_jansenja_285_assay	proteomic profiling by mass spectrometry	data-dependent acquisition	NT=label free sample;AC=MS:1002038	1	1	not available	NT=Trypsin;AC=MS:1001251	NT=Carbamidomethyl;AC=UNIMOD:4;TA=C;MT=Fixed	NT=Oxidation;AC=UNIMOD:21;TA=M;MT=Variable	not available	not available	NT=H12/D12 DSS;AC=XLMOD:02001;CL=no;TA=K,nterm	not available	not available	1.5 nmol / 1 µg protein	30 min	37 °C	F1909_jansenja_285.raw	NT=ms-proteomics;VV=v1.1.0	NT=crosslinking;VV=v1.0.0	NT=human;VV=v1.1.0
PXD020602_F1908_jansenja_293	Homo sapiens	not available	not available	94	PXD020602_F1908_jansenja_293_assay	proteomic profiling by mass spectrometry	data-dependent acquisition	NT=label free sample;AC=MS:1002038	1	1	not available	NT=Trypsin;AC=MS:1001251	NT=Carbamidomethyl;AC=UNIMOD:4;TA=C;MT=Fixed	NT=Oxidation;AC=UNIMOD:21;TA=M;MT=Variable	not available	not available	NT=H12/D12 DSS;AC=XLMOD:02001;CL=no;TA=K,nterm	not available	not available	1.5 nmol / 1 µg protein	30 min	37 °C	F1908_jansenja_293.raw	NT=ms-proteomics;VV=v1.1.0	NT=crosslinking;VV=v1.0.0	NT=human;VV=v1.1.0
PXD020602_F1909_jansenja_059	Homo sapiens	not available	not available	95	PXD020602_F1909_jansenja_059_assay	proteomic profiling by mass spectrometry	data-dependent acquisition	NT=label free sample;AC=MS:1002038	1	1	not available	NT=Trypsin;AC=MS:1001251	NT=Carbamidomethyl;AC=UNIMOD:4;TA=C;MT=Fixed	NT=Oxidation;AC=UNIMOD:21;TA=M;MT=Variable	not available	not available	NT=H12/D12 DSS;AC=XLMOD:02001;CL=no;TA=K,nterm	not available	not available	1.5 nmol / 1 µg protein	30 min	37 °C	F1909_jansenja_059.raw	NT=ms-proteomics;VV=v1.1.0	NT=crosslinking;VV=v1.0.0	NT=human;VV=v1.1.0
PXD020602_F1908_jansenja_314	Homo sapiens	not available	not available	96	PXD020602_F1908_jansenja_314_assay	proteomic profiling by mass spectrometry	data-dependent acquisition	NT=label free sample;AC=MS:1002038	1	1	not available	NT=Trypsin;AC=MS:1001251	NT=Carbamidomethyl;AC=UNIMOD:4;TA=C;MT=Fixed	NT=Oxidation;AC=UNIMOD:21;TA=M;MT=Variable	not available	not available	NT=H12/D12 DSS;AC=XLMOD:02001;CL=no;TA=K,nterm	not available	not available	1.5 nmol / 1 µg protein	30 min	37 °C	F1908_jansenja_314.raw	NT=ms-proteomics;VV=v1.1.0	NT=crosslinking;VV=v1.0.0	NT=human;VV=v1.1.0
PXD020602_F2007_jansenja_144	Homo sapiens	not available	not available	97	PXD020602_F2007_jansenja_144_assay	proteomic profiling by mass spectrometry	data-dependent acquisition	NT=label free sample;AC=MS:1002038	1	1	not available	NT=Trypsin;AC=MS:1001251	NT=Carbamidomethyl;AC=UNIMOD:4;TA=C;MT=Fixed	NT=Oxidation;AC=UNIMOD:21;TA=M;MT=Variable	not available	not available	NT=H12/D12 DSS;AC=XLMOD:02001;CL=no;TA=K,nterm	not available	not available	1.5 nmol / 1 µg protein	30 min	37 °C	F2007_jansenja_144.raw	NT=ms-proteomics;VV=v1.1.0	NT=crosslinking;VV=v1.0.0	NT=human;VV=v1.1.0
PXD020602_F1908_jansenja_248	Homo sapiens	not available	not available	98	PXD020602_F1908_jansenja_248_assay	proteomic profiling by mass spectrometry	data-dependent acquisition	NT=label free sample;AC=MS:1002038	1	1	not available	NT=Trypsin;AC=MS:1001251	NT=Carbamidomethyl;AC=UNIMOD:4;TA=C;MT=Fixed	NT=Oxidation;AC=UNIMOD:21;TA=M;MT=Variable	not available	not available	NT=H12/D12 DSS;AC=XLMOD:02001;CL=no;TA=K,nterm	not available	not available	1.5 nmol / 1 µg protein	30 min	37 °C	F1908_jansenja_248.raw	NT=ms-proteomics;VV=v1.1.0	NT=crosslinking;VV=v1.0.0	NT=human;VV=v1.1.0
PXD020602_F2007_jansenja_152	Homo sapiens	not available	not available	99	PXD020602_F2007_jansenja_152_assay	proteomic profiling by mass spectrometry	data-dependent acquisition	NT=label free sample;AC=MS:1002038	1	1	not available	NT=Trypsin;AC=MS:1001251	NT=Carbamidomethyl;AC=UNIMOD:4;TA=C;MT=Fixed	NT=Oxidation;AC=UNIMOD:21;TA=M;MT=Variable	not available	not available	NT=H12/D12 DSS;AC=XLMOD:02001;CL=no;TA=K,nterm	not available	not available	1.5 nmol / 1 µg protein	30 min	37 °C	F2007_jansenja_152.raw	NT=ms-proteomics;VV=v1.1.0	NT=crosslinking;VV=v1.0.0	NT=human;VV=v1.1.0
PXD020602_F1910_jansenja_073	Homo sapiens	not available	not available	100	PXD020602_F1910_jansenja_073_assay	proteomic profiling by mass spectrometry	data-dependent acquisition	NT=label free sample;AC=MS:1002038	1	1	not available	NT=Trypsin;AC=MS:1001251	NT=Carbamidomethyl;AC=UNIMOD:4;TA=C;MT=Fixed	NT=Oxidation;AC=UNIMOD:21;TA=M;MT=Variable	not available	not available	NT=H12/D12 DSS;AC=XLMOD:02001;CL=no;TA=K,nterm	not available	not available	1.5 nmol / 1 µg protein	30 min	37 °C	F1910_jansenja_073.raw	NT=ms-proteomics;VV=v1.1.0	NT=crosslinking;VV=v1.0.0	NT=human;VV=v1.1.0
PXD020602_F1908_jansenja_234	Homo sapiens	not available	not available	101	PXD020602_F1908_jansenja_234_assay	proteomic profiling by mass spectrometry	data-dependent acquisition	NT=label free sample;AC=MS:1002038	1	1	not available	NT=Trypsin;AC=MS:1001251	NT=Carbamidomethyl;AC=UNIMOD:4;TA=C;MT=Fixed	NT=Oxidation;AC=UNIMOD:21;TA=M;MT=Variable	not available	not available	NT=H12/D12 DSS;AC=XLMOD:02001;CL=no;TA=K,nterm	not available	not available	1.5 nmol / 1 µg protein	30 min	37 °C	F1908_jansenja_234.raw	NT=ms-proteomics;VV=v1.1.0	NT=crosslinking;VV=v1.0.0	NT=human;VV=v1.1.0
PXD020602_F1908_jansenja_316	Homo sapiens	not available	not available	102	PXD020602_F1908_jansenja_316_assay	proteomic profiling by mass spectrometry	data-dependent acquisition	NT=label free sample;AC=MS:1002038	1	1	not available	NT=Trypsin;AC=MS:1001251	NT=Carbamidomethyl;AC=UNIMOD:4;TA=C;MT=Fixed	NT=Oxidation;AC=UNIMOD:21;TA=M;MT=Variable	not available	not available	NT=H12/D12 DSS;AC=XLMOD:02001;CL=no;TA=K,nterm	not available	not available	1.5 nmol / 1 µg protein	30 min	37 °C	F1908_jansenja_316.raw	NT=ms-proteomics;VV=v1.1.0	NT=crosslinking;VV=v1.0.0	NT=human;VV=v1.1.0
PXD020602_F1908_jansenja_462	Homo sapiens	not available	not available	103	PXD020602_F1908_jansenja_462_assay	proteomic profiling by mass spectrometry	data-dependent acquisition	NT=label free sample;AC=MS:1002038	1	1	not available	NT=Trypsin;AC=MS:1001251	NT=Carbamidomethyl;AC=UNIMOD:4;TA=C;MT=Fixed	NT=Oxidation;AC=UNIMOD:21;TA=M;MT=Variable	not available	not available	NT=H12/D12 DSS;AC=XLMOD:02001;CL=no;TA=K,nterm	not available	not available	1.5 nmol / 1 µg protein	30 min	37 °C	F1908_jansenja_462.raw	NT=ms-proteomics;VV=v1.1.0	NT=crosslinking;VV=v1.0.0	NT=human;VV=v1.1.0
PXD020602_F1909_jansenja_003	Homo sapiens	not available	not available	104	PXD020602_F1909_jansenja_003_assay	proteomic profiling by mass spectrometry	data-dependent acquisition	NT=label free sample;AC=MS:1002038	1	1	not available	NT=Trypsin;AC=MS:1001251	NT=Carbamidomethyl;AC=UNIMOD:4;TA=C;MT=Fixed	NT=Oxidation;AC=UNIMOD:21;TA=M;MT=Variable	not available	not available	NT=H12/D12 DSS;AC=XLMOD:02001;CL=no;TA=K,nterm	not available	not available	1.5 nmol / 1 µg protein	30 min	37 °C	F1909_jansenja_003.raw	NT=ms-proteomics;VV=v1.1.0	NT=crosslinking;VV=v1.0.0	NT=human;VV=v1.1.0
PXD020602_F1910_jansenja_097	Homo sapiens	not available	not available	105	PXD020602_F1910_jansenja_097_assay	proteomic profiling by mass spectrometry	data-dependent acquisition	NT=label free sample;AC=MS:1002038	1	1	not available	NT=Trypsin;AC=MS:1001251	NT=Carbamidomethyl;AC=UNIMOD:4;TA=C;MT=Fixed	NT=Oxidation;AC=UNIMOD:21;TA=M;MT=Variable	not available	not available	NT=H12/D12 DSS;AC=XLMOD:02001;CL=no;TA=K,nterm	not available	not available	1.5 nmol / 1 µg protein	30 min	37 °C	F1910_jansenja_097.raw	NT=ms-proteomics;VV=v1.1.0	NT=crosslinking;VV=v1.0.0	NT=human;VV=v1.1.0
PXD020602_F1909_jansenja_287	Homo sapiens	not available	not available	106	PXD020602_F1909_jansenja_287_assay	proteomic profiling by mass spectrometry	data-dependent acquisition	NT=label free sample;AC=MS:1002038	1	1	not available	NT=Trypsin;AC=MS:1001251	NT=Carbamidomethyl;AC=UNIMOD:4;TA=C;MT=Fixed	NT=Oxidation;AC=UNIMOD:21;TA=M;MT=Variable	not available	not available	NT=H12/D12 DSS;AC=XLMOD:02001;CL=no;TA=K,nterm	not available	not available	1.5 nmol / 1 µg protein	30 min	37 °C	F1909_jansenja_287.raw	NT=ms-proteomics;VV=v1.1.0	NT=crosslinking;VV=v1.0.0	NT=human;VV=v1.1.0
PXD020602_F1908_jansenja_430	Homo sapiens	not available	not available	107	PXD020602_F1908_jansenja_430_assay	proteomic profiling by mass spectrometry	data-dependent acquisition	NT=label free sample;AC=MS:1002038	1	1	not available	NT=Trypsin;AC=MS:1001251	NT=Carbamidomethyl;AC=UNIMOD:4;TA=C;MT=Fixed	NT=Oxidation;AC=UNIMOD:21;TA=M;MT=Variable	not available	not available	NT=H12/D12 DSS;AC=XLMOD:02001;CL=no;TA=K,nterm	not available	not available	1.5 nmol / 1 µg protein	30 min	37 °C	F1908_jansenja_430.raw	NT=ms-proteomics;VV=v1.1.0	NT=crosslinking;VV=v1.0.0	NT=human;VV=v1.1.0
PXD020602_F1909_jansenja_002	Homo sapiens	not available	not available	108	PXD020602_F1909_jansenja_002_assay	proteomic profiling by mass spectrometry	data-dependent acquisition	NT=label free sample;AC=MS:1002038	1	1	not available	NT=Trypsin;AC=MS:1001251	NT=Carbamidomethyl;AC=UNIMOD:4;TA=C;MT=Fixed	NT=Oxidation;AC=UNIMOD:21;TA=M;MT=Variable	not available	not available	NT=H12/D12 DSS;AC=XLMOD:02001;CL=no;TA=K,nterm	not available	not available	1.5 nmol / 1 µg protein	30 min	37 °C	F1909_jansenja_002.raw	NT=ms-proteomics;VV=v1.1.0	NT=crosslinking;VV=v1.0.0	NT=human;VV=v1.1.0
PXD020602_F1908_jansenja_344	Homo sapiens	not available	not available	109	PXD020602_F1908_jansenja_344_assay	proteomic profiling by mass spectrometry	data-dependent acquisition	NT=label free sample;AC=MS:1002038	1	1	not available	NT=Trypsin;AC=MS:1001251	NT=Carbamidomethyl;AC=UNIMOD:4;TA=C;MT=Fixed	NT=Oxidation;AC=UNIMOD:21;TA=M;MT=Variable	not available	not available	NT=H12/D12 DSS;AC=XLMOD:02001;CL=no;TA=K,nterm	not available	not available	1.5 nmol / 1 µg protein	30 min	37 °C	F1908_jansenja_344.raw	NT=ms-proteomics;VV=v1.1.0	NT=crosslinking;VV=v1.0.0	NT=human;VV=v1.1.0
PXD020602_F1908_jansenja_453	Homo sapiens	not available	not available	110	PXD020602_F1908_jansenja_453_assay	proteomic profiling by mass spectrometry	data-dependent acquisition	NT=label free sample;AC=MS:1002038	1	1	not available	NT=Trypsin;AC=MS:1001251	NT=Carbamidomethyl;AC=UNIMOD:4;TA=C;MT=Fixed	NT=Oxidation;AC=UNIMOD:21;TA=M;MT=Variable	not available	not available	NT=H12/D12 DSS;AC=XLMOD:02001;CL=no;TA=K,nterm	not available	not available	1.5 nmol / 1 µg protein	30 min	37 °C	F1908_jansenja_453.raw	NT=ms-proteomics;VV=v1.1.0	NT=crosslinking;VV=v1.0.0	NT=human;VV=v1.1.0
PXD020602_F2007_jansenja_116	Homo sapiens	not available	not available	111	PXD020602_F2007_jansenja_116_assay	proteomic profiling by mass spectrometry	data-dependent acquisition	NT=label free sample;AC=MS:1002038	1	1	not available	NT=Trypsin;AC=MS:1001251	NT=Carbamidomethyl;AC=UNIMOD:4;TA=C;MT=Fixed	NT=Oxidation;AC=UNIMOD:21;TA=M;MT=Variable	not available	not available	NT=H12/D12 DSS;AC=XLMOD:02001;CL=no;TA=K,nterm	not available	not available	1.5 nmol / 1 µg protein	30 min	37 °C	F2007_jansenja_116.raw	NT=ms-proteomics;VV=v1.1.0	NT=crosslinking;VV=v1.0.0	NT=human;VV=v1.1.0
PXD020602_F1909_jansenja_282	Homo sapiens	not available	not available	112	PXD020602_F1909_jansenja_282_assay	proteomic profiling by mass spectrometry	data-dependent acquisition	NT=label free sample;AC=MS:1002038	1	1	not available	NT=Trypsin;AC=MS:1001251	NT=Carbamidomethyl;AC=UNIMOD:4;TA=C;MT=Fixed	NT=Oxidation;AC=UNIMOD:21;TA=M;MT=Variable	not available	not available	NT=H12/D12 DSS;AC=XLMOD:02001;CL=no;TA=K,nterm	not available	not available	1.5 nmol / 1 µg protein	30 min	37 °C	F1909_jansenja_282.raw	NT=ms-proteomics;VV=v1.1.0	NT=crosslinking;VV=v1.0.0	NT=human;VV=v1.1.0
PXD020602_F1909_jansenja_010	Homo sapiens	not available	not available	113	PXD020602_F1909_jansenja_010_assay	proteomic profiling by mass spectrometry	data-dependent acquisition	NT=label free sample;AC=MS:1002038	1	1	not available	NT=Trypsin;AC=MS:1001251	NT=Carbamidomethyl;AC=UNIMOD:4;TA=C;MT=Fixed	NT=Oxidation;AC=UNIMOD:21;TA=M;MT=Variable	not available	not available	NT=H12/D12 DSS;AC=XLMOD:02001;CL=no;TA=K,nterm	not available	not available	1.5 nmol / 1 µg protein	30 min	37 °C	F1909_jansenja_010.raw	NT=ms-proteomics;VV=v1.1.0	NT=crosslinking;VV=v1.0.0	NT=human;VV=v1.1.0
PXD020602_F2007_jansenja_088	Homo sapiens	not available	not available	114	PXD020602_F2007_jansenja_088_assay	proteomic profiling by mass spectrometry	data-dependent acquisition	NT=label free sample;AC=MS:1002038	1	1	not available	NT=Trypsin;AC=MS:1001251	NT=Carbamidomethyl;AC=UNIMOD:4;TA=C;MT=Fixed	NT=Oxidation;AC=UNIMOD:21;TA=M;MT=Variable	not available	not available	NT=H12/D12 DSS;AC=XLMOD:02001;CL=no;TA=K,nterm	not available	not available	1.5 nmol / 1 µg protein	30 min	37 °C	F2007_jansenja_088.raw	NT=ms-proteomics;VV=v1.1.0	NT=crosslinking;VV=v1.0.0	NT=human;VV=v1.1.0
PXD020602_F1908_jansenja_373	Homo sapiens	not available	not available	115	PXD020602_F1908_jansenja_373_assay	proteomic profiling by mass spectrometry	data-dependent acquisition	NT=label free sample;AC=MS:1002038	1	1	not available	NT=Trypsin;AC=MS:1001251	NT=Carbamidomethyl;AC=UNIMOD:4;TA=C;MT=Fixed	NT=Oxidation;AC=UNIMOD:21;TA=M;MT=Variable	not available	not available	NT=H12/D12 DSS;AC=XLMOD:02001;CL=no;TA=K,nterm	not available	not available	1.5 nmol / 1 µg protein	30 min	37 °C	F1908_jansenja_373.raw	NT=ms-proteomics;VV=v1.1.0	NT=crosslinking;VV=v1.0.0	NT=human;VV=v1.1.0
PXD020602_F1909_jansenja_083	Homo sapiens	not available	not available	116	PXD020602_F1909_jansenja_083_assay	proteomic profiling by mass spectrometry	data-dependent acquisition	NT=label free sample;AC=MS:1002038	1	1	not available	NT=Trypsin;AC=MS:1001251	NT=Carbamidomethyl;AC=UNIMOD:4;TA=C;MT=Fixed	NT=Oxidation;AC=UNIMOD:21;TA=M;MT=Variable	not available	not available	NT=H12/D12 DSS;AC=XLMOD:02001;CL=no;TA=K,nterm	not available	not available	1.5 nmol / 1 µg protein	30 min	37 °C	F1909_jansenja_083.raw	NT=ms-proteomics;VV=v1.1.0	NT=crosslinking;VV=v1.0.0	NT=human;VV=v1.1.0
PXD020602_F1909_jansenja_011	Homo sapiens	not available	not available	117	PXD020602_F1909_jansenja_011_assay	proteomic profiling by mass spectrometry	data-dependent acquisition	NT=label free sample;AC=MS:1002038	1	1	not available	NT=Trypsin;AC=MS:1001251	NT=Carbamidomethyl;AC=UNIMOD:4;TA=C;MT=Fixed	NT=Oxidation;AC=UNIMOD:21;TA=M;MT=Variable	not available	not available	NT=H12/D12 DSS;AC=XLMOD:02001;CL=no;TA=K,nterm	not available	not available	1.5 nmol / 1 µg protein	30 min	37 °C	F1909_jansenja_011.raw	NT=ms-proteomics;VV=v1.1.0	NT=crosslinking;VV=v1.0.0	NT=human;VV=v1.1.0
PXD020602_F1908_jansenja_439	Homo sapiens	not available	not available	118	PXD020602_F1908_jansenja_439_assay	proteomic profiling by mass spectrometry	data-dependent acquisition	NT=label free sample;AC=MS:1002038	1	1	not available	NT=Trypsin;AC=MS:1001251	NT=Carbamidomethyl;AC=UNIMOD:4;TA=C;MT=Fixed	NT=Oxidation;AC=UNIMOD:21;TA=M;MT=Variable	not available	not available	NT=H12/D12 DSS;AC=XLMOD:02001;CL=no;TA=K,nterm	not available	not available	1.5 nmol / 1 µg protein	30 min	37 °C	F1908_jansenja_439.raw	NT=ms-proteomics;VV=v1.1.0	NT=crosslinking;VV=v1.0.0	NT=human;VV=v1.1.0
PXD020602_F1908_jansenja_338	Homo sapiens	not available	not available	119	PXD020602_F1908_jansenja_338_assay	proteomic profiling by mass spectrometry	data-dependent acquisition	NT=label free sample;AC=MS:1002038	1	1	not available	NT=Trypsin;AC=MS:1001251	NT=Carbamidomethyl;AC=UNIMOD:4;TA=C;MT=Fixed	NT=Oxidation;AC=UNIMOD:21;TA=M;MT=Variable	not available	not available	NT=H12/D12 DSS;AC=XLMOD:02001;CL=no;TA=K,nterm	not available	not available	1.5 nmol / 1 µg protein	30 min	37 °C	F1908_jansenja_338.raw	NT=ms-proteomics;VV=v1.1.0	NT=crosslinking;VV=v1.0.0	NT=human;VV=v1.1.0
PXD020602_F1909_jansenja_050	Homo sapiens	not available	not available	120	PXD020602_F1909_jansenja_050_assay	proteomic profiling by mass spectrometry	data-dependent acquisition	NT=label free sample;AC=MS:1002038	1	1	not available	NT=Trypsin;AC=MS:1001251	NT=Carbamidomethyl;AC=UNIMOD:4;TA=C;MT=Fixed	NT=Oxidation;AC=UNIMOD:21;TA=M;MT=Variable	not available	not available	NT=H12/D12 DSS;AC=XLMOD:02001;CL=no;TA=K,nterm	not available	not available	1.5 nmol / 1 µg protein	30 min	37 °C	F1909_jansenja_050.raw	NT=ms-proteomics;VV=v1.1.0	NT=crosslinking;VV=v1.0.0	NT=human;VV=v1.1.0
PXD020602_F1909_jansenja_026	Homo sapiens	not available	not available	121	PXD020602_F1909_jansenja_026_assay	proteomic profiling by mass spectrometry	data-dependent acquisition	NT=label free sample;AC=MS:1002038	1	1	not available	NT=Trypsin;AC=MS:1001251	NT=Carbamidomethyl;AC=UNIMOD:4;TA=C;MT=Fixed	NT=Oxidation;AC=UNIMOD:21;TA=M;MT=Variable	not available	not available	NT=H12/D12 DSS;AC=XLMOD:02001;CL=no;TA=K,nterm	not available	not available	1.5 nmol / 1 µg protein	30 min	37 °C	F1909_jansenja_026.raw	NT=ms-proteomics;VV=v1.1.0	NT=crosslinking;VV=v1.0.0	NT=human;VV=v1.1.0
PXD020602_F1909_jansenja_295	Homo sapiens	not available	not available	122	PXD020602_F1909_jansenja_295_assay	proteomic profiling by mass spectrometry	data-dependent acquisition	NT=label free sample;AC=MS:1002038	1	1	not available	NT=Trypsin;AC=MS:1001251	NT=Carbamidomethyl;AC=UNIMOD:4;TA=C;MT=Fixed	NT=Oxidation;AC=UNIMOD:21;TA=M;MT=Variable	not available	not available	NT=H12/D12 DSS;AC=XLMOD:02001;CL=no;TA=K,nterm	not available	not available	1.5 nmol / 1 µg protein	30 min	37 °C	F1909_jansenja_295.raw	NT=ms-proteomics;VV=v1.1.0	NT=crosslinking;VV=v1.0.0	NT=human;VV=v1.1.0
PXD020602_F1908_jansenja_428	Homo sapiens	not available	not available	123	PXD020602_F1908_jansenja_428_assay	proteomic profiling by mass spectrometry	data-dependent acquisition	NT=label free sample;AC=MS:1002038	1	1	not available	NT=Trypsin;AC=MS:1001251	NT=Carbamidomethyl;AC=UNIMOD:4;TA=C;MT=Fixed	NT=Oxidation;AC=UNIMOD:21;TA=M;MT=Variable	not available	not available	NT=H12/D12 DSS;AC=XLMOD:02001;CL=no;TA=K,nterm	not available	not available	1.5 nmol / 1 µg protein	30 min	37 °C	F1908_jansenja_428.raw	NT=ms-proteomics;VV=v1.1.0	NT=crosslinking;VV=v1.0.0	NT=human;VV=v1.1.0
PXD020602_F1909_jansenja_279	Homo sapiens	not available	not available	124	PXD020602_F1909_jansenja_279_assay	proteomic profiling by mass spectrometry	data-dependent acquisition	NT=label free sample;AC=MS:1002038	1	1	not available	NT=Trypsin;AC=MS:1001251	NT=Carbamidomethyl;AC=UNIMOD:4;TA=C;MT=Fixed	NT=Oxidation;AC=UNIMOD:21;TA=M;MT=Variable	not available	not available	NT=H12/D12 DSS;AC=XLMOD:02001;CL=no;TA=K,nterm	not available	not available	1.5 nmol / 1 µg protein	30 min	37 °C	F1909_jansenja_279.raw	NT=ms-proteomics;VV=v1.1.0	NT=crosslinking;VV=v1.0.0	NT=human;VV=v1.1.0
PXD020602_F1908_jansenja_431	Homo sapiens	not available	not available	125	PXD020602_F1908_jansenja_431_assay	proteomic profiling by mass spectrometry	data-dependent acquisition	NT=label free sample;AC=MS:1002038	1	1	not available	NT=Trypsin;AC=MS:1001251	NT=Carbamidomethyl;AC=UNIMOD:4;TA=C;MT=Fixed	NT=Oxidation;AC=UNIMOD:21;TA=M;MT=Variable	not available	not available	NT=H12/D12 DSS;AC=XLMOD:02001;CL=no;TA=K,nterm	not available	not available	1.5 nmol / 1 µg protein	30 min	37 °C	F1908_jansenja_431.raw	NT=ms-proteomics;VV=v1.1.0	NT=crosslinking;VV=v1.0.0	NT=human;VV=v1.1.0
PXD020602_F2007_jansenja_131	Homo sapiens	not available	not available	126	PXD020602_F2007_jansenja_131_assay	proteomic profiling by mass spectrometry	data-dependent acquisition	NT=label free sample;AC=MS:1002038	1	1	not available	NT=Trypsin;AC=MS:1001251	NT=Carbamidomethyl;AC=UNIMOD:4;TA=C;MT=Fixed	NT=Oxidation;AC=UNIMOD:21;TA=M;MT=Variable	not available	not available	NT=H12/D12 DSS;AC=XLMOD:02001;CL=no;TA=K,nterm	not available	not available	1.5 nmol / 1 µg protein	30 min	37 °C	F2007_jansenja_131.raw	NT=ms-proteomics;VV=v1.1.0	NT=crosslinking;VV=v1.0.0	NT=human;VV=v1.1.0
PXD020602_F1908_jansenja_423	Homo sapiens	not available	not available	127	PXD020602_F1908_jansenja_423_assay	proteomic profiling by mass spectrometry	data-dependent acquisition	NT=label free sample;AC=MS:1002038	1	1	not available	NT=Trypsin;AC=MS:1001251	NT=Carbamidomethyl;AC=UNIMOD:4;TA=C;MT=Fixed	NT=Oxidation;AC=UNIMOD:21;TA=M;MT=Variable	not available	not available	NT=H12/D12 DSS;AC=XLMOD:02001;CL=no;TA=K,nterm	not available	not available	1.5 nmol / 1 µg protein	30 min	37 °C	F1908_jansenja_423.raw	NT=ms-proteomics;VV=v1.1.0	NT=crosslinking;VV=v1.0.0	NT=human;VV=v1.1.0
PXD020602_F1908_jansenja_426	Homo sapiens	not available	not available	128	PXD020602_F1908_jansenja_426_assay	proteomic profiling by mass spectrometry	data-dependent acquisition	NT=label free sample;AC=MS:1002038	1	1	not available	NT=Trypsin;AC=MS:1001251	NT=Carbamidomethyl;AC=UNIMOD:4;TA=C;MT=Fixed	NT=Oxidation;AC=UNIMOD:21;TA=M;MT=Variable	not available	not available	NT=H12/D12 DSS;AC=XLMOD:02001;CL=no;TA=K,nterm	not available	not available	1.5 nmol / 1 µg protein	30 min	37 °C	F1908_jansenja_426.raw	NT=ms-proteomics;VV=v1.1.0	NT=crosslinking;VV=v1.0.0	NT=human;VV=v1.1.0
PXD020602_F1908_jansenja_357	Homo sapiens	not available	not available	129	PXD020602_F1908_jansenja_357_assay	proteomic profiling by mass spectrometry	data-dependent acquisition	NT=label free sample;AC=MS:1002038	1	1	not available	NT=Trypsin;AC=MS:1001251	NT=Carbamidomethyl;AC=UNIMOD:4;TA=C;MT=Fixed	NT=Oxidation;AC=UNIMOD:21;TA=M;MT=Variable	not available	not available	NT=H12/D12 DSS;AC=XLMOD:02001;CL=no;TA=K,nterm	not available	not available	1.5 nmol / 1 µg protein	30 min	37 °C	F1908_jansenja_357.raw	NT=ms-proteomics;VV=v1.1.0	NT=crosslinking;VV=v1.0.0	NT=human;VV=v1.1.0
PXD020602_F1909_jansenja_291	Homo sapiens	not available	not available	130	PXD020602_F1909_jansenja_291_assay	proteomic profiling by mass spectrometry	data-dependent acquisition	NT=label free sample;AC=MS:1002038	1	1	not available	NT=Trypsin;AC=MS:1001251	NT=Carbamidomethyl;AC=UNIMOD:4;TA=C;MT=Fixed	NT=Oxidation;AC=UNIMOD:21;TA=M;MT=Variable	not available	not available	NT=H12/D12 DSS;AC=XLMOD:02001;CL=no;TA=K,nterm	not available	not available	1.5 nmol / 1 µg protein	30 min	37 °C	F1909_jansenja_291.raw	NT=ms-proteomics;VV=v1.1.0	NT=crosslinking;VV=v1.0.0	NT=human;VV=v1.1.0
PXD020602_F2007_jansenja_061	Homo sapiens	not available	not available	131	PXD020602_F2007_jansenja_061_assay	proteomic profiling by mass spectrometry	data-dependent acquisition	NT=label free sample;AC=MS:1002038	1	1	not available	NT=Trypsin;AC=MS:1001251	NT=Carbamidomethyl;AC=UNIMOD:4;TA=C;MT=Fixed	NT=Oxidation;AC=UNIMOD:21;TA=M;MT=Variable	not available	not available	NT=H12/D12 DSS;AC=XLMOD:02001;CL=no;TA=K,nterm	not available	not available	1.5 nmol / 1 µg protein	30 min	37 °C	F2007_jansenja_061.raw	NT=ms-proteomics;VV=v1.1.0	NT=crosslinking;VV=v1.0.0	NT=human;VV=v1.1.0
PXD020602_F1908_jansenja_307	Homo sapiens	not available	not available	132	PXD020602_F1908_jansenja_307_assay	proteomic profiling by mass spectrometry	data-dependent acquisition	NT=label free sample;AC=MS:1002038	1	1	not available	NT=Trypsin;AC=MS:1001251	NT=Carbamidomethyl;AC=UNIMOD:4;TA=C;MT=Fixed	NT=Oxidation;AC=UNIMOD:21;TA=M;MT=Variable	not available	not available	NT=H12/D12 DSS;AC=XLMOD:02001;CL=no;TA=K,nterm	not available	not available	1.5 nmol / 1 µg protein	30 min	37 °C	F1908_jansenja_307.raw	NT=ms-proteomics;VV=v1.1.0	NT=crosslinking;VV=v1.0.0	NT=human;VV=v1.1.0
PXD020602_F1908_jansenja_291	Homo sapiens	not available	not available	133	PXD020602_F1908_jansenja_291_assay	proteomic profiling by mass spectrometry	data-dependent acquisition	NT=label free sample;AC=MS:1002038	1	1	not available	NT=Trypsin;AC=MS:1001251	NT=Carbamidomethyl;AC=UNIMOD:4;TA=C;MT=Fixed	NT=Oxidation;AC=UNIMOD:21;TA=M;MT=Variable	not available	not available	NT=H12/D12 DSS;AC=XLMOD:02001;CL=no;TA=K,nterm	not available	not available	1.5 nmol / 1 µg protein	30 min	37 °C	F1908_jansenja_291.raw	NT=ms-proteomics;VV=v1.1.0	NT=crosslinking;VV=v1.0.0	NT=human;VV=v1.1.0
PXD020602_F2007_jansenja_145	Homo sapiens	not available	not available	134	PXD020602_F2007_jansenja_145_assay	proteomic profiling by mass spectrometry	data-dependent acquisition	NT=label free sample;AC=MS:1002038	1	1	not available	NT=Trypsin;AC=MS:1001251	NT=Carbamidomethyl;AC=UNIMOD:4;TA=C;MT=Fixed	NT=Oxidation;AC=UNIMOD:21;TA=M;MT=Variable	not available	not available	NT=H12/D12 DSS;AC=XLMOD:02001;CL=no;TA=K,nterm	not available	not available	1.5 nmol / 1 µg protein	30 min	37 °C	F2007_jansenja_145.raw	NT=ms-proteomics;VV=v1.1.0	NT=crosslinking;VV=v1.0.0	NT=human;VV=v1.1.0
PXD020602_F1909_jansenja_077	Homo sapiens	not available	not available	135	PXD020602_F1909_jansenja_077_assay	proteomic profiling by mass spectrometry	data-dependent acquisition	NT=label free sample;AC=MS:1002038	1	1	not available	NT=Trypsin;AC=MS:1001251	NT=Carbamidomethyl;AC=UNIMOD:4;TA=C;MT=Fixed	NT=Oxidation;AC=UNIMOD:21;TA=M;MT=Variable	not available	not available	NT=H12/D12 DSS;AC=XLMOD:02001;CL=no;TA=K,nterm	not available	not available	1.5 nmol / 1 µg protein	30 min	37 °C	F1909_jansenja_077.raw	NT=ms-proteomics;VV=v1.1.0	NT=crosslinking;VV=v1.0.0	NT=human;VV=v1.1.0
PXD020602_F1908_jansenja_422	Homo sapiens	not available	not available	136	PXD020602_F1908_jansenja_422_assay	proteomic profiling by mass spectrometry	data-dependent acquisition	NT=label free sample;AC=MS:1002038	1	1	not available	NT=Trypsin;AC=MS:1001251	NT=Carbamidomethyl;AC=UNIMOD:4;TA=C;MT=Fixed	NT=Oxidation;AC=UNIMOD:21;TA=M;MT=Variable	not available	not available	NT=H12/D12 DSS;AC=XLMOD:02001;CL=no;TA=K,nterm	not available	not available	1.5 nmol / 1 µg protein	30 min	37 °C	F1908_jansenja_422.raw	NT=ms-proteomics;VV=v1.1.0	NT=crosslinking;VV=v1.0.0	NT=human;VV=v1.1.0
PXD020602_F1908_jansenja_425	Homo sapiens	not available	not available	137	PXD020602_F1908_jansenja_425_assay	proteomic profiling by mass spectrometry	data-dependent acquisition	NT=label free sample;AC=MS:1002038	1	1	not available	NT=Trypsin;AC=MS:1001251	NT=Carbamidomethyl;AC=UNIMOD:4;TA=C;MT=Fixed	NT=Oxidation;AC=UNIMOD:21;TA=M;MT=Variable	not available	not available	NT=H12/D12 DSS;AC=XLMOD:02001;CL=no;TA=K,nterm	not available	not available	1.5 nmol / 1 µg protein	30 min	37 °C	F1908_jansenja_425.raw	NT=ms-proteomics;VV=v1.1.0	NT=crosslinking;VV=v1.0.0	NT=human;VV=v1.1.0
PXD020602_F1908_jansenja_277	Homo sapiens	not available	not available	138	PXD020602_F1908_jansenja_277_assay	proteomic profiling by mass spectrometry	data-dependent acquisition	NT=label free sample;AC=MS:1002038	1	1	not available	NT=Trypsin;AC=MS:1001251	NT=Carbamidomethyl;AC=UNIMOD:4;TA=C;MT=Fixed	NT=Oxidation;AC=UNIMOD:21;TA=M;MT=Variable	not available	not available	NT=H12/D12 DSS;AC=XLMOD:02001;CL=no;TA=K,nterm	not available	not available	1.5 nmol / 1 µg protein	30 min	37 °C	F1908_jansenja_277.raw	NT=ms-proteomics;VV=v1.1.0	NT=crosslinking;VV=v1.0.0	NT=human;VV=v1.1.0
PXD020602_F1909_jansenja_090	Homo sapiens	not available	not available	139	PXD020602_F1909_jansenja_090_assay	proteomic profiling by mass spectrometry	data-dependent acquisition	NT=label free sample;AC=MS:1002038	1	1	not available	NT=Trypsin;AC=MS:1001251	NT=Carbamidomethyl;AC=UNIMOD:4;TA=C;MT=Fixed	NT=Oxidation;AC=UNIMOD:21;TA=M;MT=Variable	not available	not available	NT=H12/D12 DSS;AC=XLMOD:02001;CL=no;TA=K,nterm	not available	not available	1.5 nmol / 1 µg protein	30 min	37 °C	F1909_jansenja_090.raw	NT=ms-proteomics;VV=v1.1.0	NT=crosslinking;VV=v1.0.0	NT=human;VV=v1.1.0
PXD020602_F1909_jansenja_044	Homo sapiens	not available	not available	140	PXD020602_F1909_jansenja_044_assay	proteomic profiling by mass spectrometry	data-dependent acquisition	NT=label free sample;AC=MS:1002038	1	1	not available	NT=Trypsin;AC=MS:1001251	NT=Carbamidomethyl;AC=UNIMOD:4;TA=C;MT=Fixed	NT=Oxidation;AC=UNIMOD:21;TA=M;MT=Variable	not available	not available	NT=H12/D12 DSS;AC=XLMOD:02001;CL=no;TA=K,nterm	not available	not available	1.5 nmol / 1 µg protein	30 min	37 °C	F1909_jansenja_044.raw	NT=ms-proteomics;VV=v1.1.0	NT=crosslinking;VV=v1.0.0	NT=human;VV=v1.1.0
PXD020602_F1908_jansenja_447	Homo sapiens	not available	not available	141	PXD020602_F1908_jansenja_447_assay	proteomic profiling by mass spectrometry	data-dependent acquisition	NT=label free sample;AC=MS:1002038	1	1	not available	NT=Trypsin;AC=MS:1001251	NT=Carbamidomethyl;AC=UNIMOD:4;TA=C;MT=Fixed	NT=Oxidation;AC=UNIMOD:21;TA=M;MT=Variable	not available	not available	NT=H12/D12 DSS;AC=XLMOD:02001;CL=no;TA=K,nterm	not available	not available	1.5 nmol / 1 µg protein	30 min	37 °C	F1908_jansenja_447.raw	NT=ms-proteomics;VV=v1.1.0	NT=crosslinking;VV=v1.0.0	NT=human;VV=v1.1.0
PXD020602_F1909_jansenja_001	Homo sapiens	not available	not available	142	PXD020602_F1909_jansenja_001_assay	proteomic profiling by mass spectrometry	data-dependent acquisition	NT=label free sample;AC=MS:1002038	1	1	not available	NT=Trypsin;AC=MS:1001251	NT=Carbamidomethyl;AC=UNIMOD:4;TA=C;MT=Fixed	NT=Oxidation;AC=UNIMOD:21;TA=M;MT=Variable	not available	not available	NT=H12/D12 DSS;AC=XLMOD:02001;CL=no;TA=K,nterm	not available	not available	1.5 nmol / 1 µg protein	30 min	37 °C	F1909_jansenja_001.raw	NT=ms-proteomics;VV=v1.1.0	NT=crosslinking;VV=v1.0.0	NT=human;VV=v1.1.0
PXD020602_F1908_jansenja_322	Homo sapiens	not available	not available	143	PXD020602_F1908_jansenja_322_assay	proteomic profiling by mass spectrometry	data-dependent acquisition	NT=label free sample;AC=MS:1002038	1	1	not available	NT=Trypsin;AC=MS:1001251	NT=Carbamidomethyl;AC=UNIMOD:4;TA=C;MT=Fixed	NT=Oxidation;AC=UNIMOD:21;TA=M;MT=Variable	not available	not available	NT=H12/D12 DSS;AC=XLMOD:02001;CL=no;TA=K,nterm	not available	not available	1.5 nmol / 1 µg protein	30 min	37 °C	F1908_jansenja_322.raw	NT=ms-proteomics;VV=v1.1.0	NT=crosslinking;VV=v1.0.0	NT=human;VV=v1.1.0
PXD020602_F1908_jansenja_242	Homo sapiens	not available	not available	144	PXD020602_F1908_jansenja_242_assay	proteomic profiling by mass spectrometry	data-dependent acquisition	NT=label free sample;AC=MS:1002038	1	1	not available	NT=Trypsin;AC=MS:1001251	NT=Carbamidomethyl;AC=UNIMOD:4;TA=C;MT=Fixed	NT=Oxidation;AC=UNIMOD:21;TA=M;MT=Variable	not available	not available	NT=H12/D12 DSS;AC=XLMOD:02001;CL=no;TA=K,nterm	not available	not available	1.5 nmol / 1 µg protein	30 min	37 °C	F1908_jansenja_242.raw	NT=ms-proteomics;VV=v1.1.0	NT=crosslinking;VV=v1.0.0	NT=human;VV=v1.1.0
PXD020602_F1909_jansenja_029	Homo sapiens	not available	not available	145	PXD020602_F1909_jansenja_029_assay	proteomic profiling by mass spectrometry	data-dependent acquisition	NT=label free sample;AC=MS:1002038	1	1	not available	NT=Trypsin;AC=MS:1001251	NT=Carbamidomethyl;AC=UNIMOD:4;TA=C;MT=Fixed	NT=Oxidation;AC=UNIMOD:21;TA=M;MT=Variable	not available	not available	NT=H12/D12 DSS;AC=XLMOD:02001;CL=no;TA=K,nterm	not available	not available	1.5 nmol / 1 µg protein	30 min	37 °C	F1909_jansenja_029.raw	NT=ms-proteomics;VV=v1.1.0	NT=crosslinking;VV=v1.0.0	NT=human;VV=v1.1.0
PXD020602_F1909_jansenja_032	Homo sapiens	not available	not available	146	PXD020602_F1909_jansenja_032_assay	proteomic profiling by mass spectrometry	data-dependent acquisition	NT=label free sample;AC=MS:1002038	1	1	not available	NT=Trypsin;AC=MS:1001251	NT=Carbamidomethyl;AC=UNIMOD:4;TA=C;MT=Fixed	NT=Oxidation;AC=UNIMOD:21;TA=M;MT=Variable	not available	not available	NT=H12/D12 DSS;AC=XLMOD:02001;CL=no;TA=K,nterm	not available	not available	1.5 nmol / 1 µg protein	30 min	37 °C	F1909_jansenja_032.raw	NT=ms-proteomics;VV=v1.1.0	NT=crosslinking;VV=v1.0.0	NT=human;VV=v1.1.0
PXD020602_F1908_jansenja_460	Homo sapiens	not available	not available	147	PXD020602_F1908_jansenja_460_assay	proteomic profiling by mass spectrometry	data-dependent acquisition	NT=label free sample;AC=MS:1002038	1	1	not available	NT=Trypsin;AC=MS:1001251	NT=Carbamidomethyl;AC=UNIMOD:4;TA=C;MT=Fixed	NT=Oxidation;AC=UNIMOD:21;TA=M;MT=Variable	not available	not available	NT=H12/D12 DSS;AC=XLMOD:02001;CL=no;TA=K,nterm	not available	not available	1.5 nmol / 1 µg protein	30 min	37 °C	F1908_jansenja_460.raw	NT=ms-proteomics;VV=v1.1.0	NT=crosslinking;VV=v1.0.0	NT=human;VV=v1.1.0
PXD020602_F1909_jansenja_047	Homo sapiens	not available	not available	148	PXD020602_F1909_jansenja_047_assay	proteomic profiling by mass spectrometry	data-dependent acquisition	NT=label free sample;AC=MS:1002038	1	1	not available	NT=Trypsin;AC=MS:1001251	NT=Carbamidomethyl;AC=UNIMOD:4;TA=C;MT=Fixed	NT=Oxidation;AC=UNIMOD:21;TA=M;MT=Variable	not available	not available	NT=H12/D12 DSS;AC=XLMOD:02001;CL=no;TA=K,nterm	not available	not available	1.5 nmol / 1 µg protein	30 min	37 °C	F1909_jansenja_047.raw	NT=ms-proteomics;VV=v1.1.0	NT=crosslinking;VV=v1.0.0	NT=human;VV=v1.1.0
PXD020602_F1909_jansenja_276	Homo sapiens	not available	not available	149	PXD020602_F1909_jansenja_276_assay	proteomic profiling by mass spectrometry	data-dependent acquisition	NT=label free sample;AC=MS:1002038	1	1	not available	NT=Trypsin;AC=MS:1001251	NT=Carbamidomethyl;AC=UNIMOD:4;TA=C;MT=Fixed	NT=Oxidation;AC=UNIMOD:21;TA=M;MT=Variable	not available	not available	NT=H12/D12 DSS;AC=XLMOD:02001;CL=no;TA=K,nterm	not available	not available	1.5 nmol / 1 µg protein	30 min	37 °C	F1909_jansenja_276.raw	NT=ms-proteomics;VV=v1.1.0	NT=crosslinking;VV=v1.0.0	NT=human;VV=v1.1.0
PXD020602_F1908_jansenja_383	Homo sapiens	not available	not available	150	PXD020602_F1908_jansenja_383_assay	proteomic profiling by mass spectrometry	data-dependent acquisition	NT=label free sample;AC=MS:1002038	1	1	not available	NT=Trypsin;AC=MS:1001251	NT=Carbamidomethyl;AC=UNIMOD:4;TA=C;MT=Fixed	NT=Oxidation;AC=UNIMOD:21;TA=M;MT=Variable	not available	not available	NT=H12/D12 DSS;AC=XLMOD:02001;CL=no;TA=K,nterm	not available	not available	1.5 nmol / 1 µg protein	30 min	37 °C	F1908_jansenja_383.raw	NT=ms-proteomics;VV=v1.1.0	NT=crosslinking;VV=v1.0.0	NT=human;VV=v1.1.0
PXD020602_F1908_jansenja_386	Homo sapiens	not available	not available	151	PXD020602_F1908_jansenja_386_assay	proteomic profiling by mass spectrometry	data-dependent acquisition	NT=label free sample;AC=MS:1002038	1	1	not available	NT=Trypsin;AC=MS:1001251	NT=Carbamidomethyl;AC=UNIMOD:4;TA=C;MT=Fixed	NT=Oxidation;AC=UNIMOD:21;TA=M;MT=Variable	not available	not available	NT=H12/D12 DSS;AC=XLMOD:02001;CL=no;TA=K,nterm	not available	not available	1.5 nmol / 1 µg protein	30 min	37 °C	F1908_jansenja_386.raw	NT=ms-proteomics;VV=v1.1.0	NT=crosslinking;VV=v1.0.0	NT=human;VV=v1.1.0
PXD020602_F1910_jansenja_095	Homo sapiens	not available	not available	152	PXD020602_F1910_jansenja_095_assay	proteomic profiling by mass spectrometry	data-dependent acquisition	NT=label free sample;AC=MS:1002038	1	1	not available	NT=Trypsin;AC=MS:1001251	NT=Carbamidomethyl;AC=UNIMOD:4;TA=C;MT=Fixed	NT=Oxidation;AC=UNIMOD:21;TA=M;MT=Variable	not available	not available	NT=H12/D12 DSS;AC=XLMOD:02001;CL=no;TA=K,nterm	not available	not available	1.5 nmol / 1 µg protein	30 min	37 °C	F1910_jansenja_095.raw	NT=ms-proteomics;VV=v1.1.0	NT=crosslinking;VV=v1.0.0	NT=human;VV=v1.1.0
PXD020602_F1908_jansenja_323	Homo sapiens	not available	not available	153	PXD020602_F1908_jansenja_323_assay	proteomic profiling by mass spectrometry	data-dependent acquisition	NT=label free sample;AC=MS:1002038	1	1	not available	NT=Trypsin;AC=MS:1001251	NT=Carbamidomethyl;AC=UNIMOD:4;TA=C;MT=Fixed	NT=Oxidation;AC=UNIMOD:21;TA=M;MT=Variable	not available	not available	NT=H12/D12 DSS;AC=XLMOD:02001;CL=no;TA=K,nterm	not available	not available	1.5 nmol / 1 µg protein	30 min	37 °C	F1908_jansenja_323.raw	NT=ms-proteomics;VV=v1.1.0	NT=crosslinking;VV=v1.0.0	NT=human;VV=v1.1.0
PXD020602_F1909_jansenja_038	Homo sapiens	not available	not available	154	PXD020602_F1909_jansenja_038_assay	proteomic profiling by mass spectrometry	data-dependent acquisition	NT=label free sample;AC=MS:1002038	1	1	not available	NT=Trypsin;AC=MS:1001251	NT=Carbamidomethyl;AC=UNIMOD:4;TA=C;MT=Fixed	NT=Oxidation;AC=UNIMOD:21;TA=M;MT=Variable	not available	not available	NT=H12/D12 DSS;AC=XLMOD:02001;CL=no;TA=K,nterm	not available	not available	1.5 nmol / 1 µg protein	30 min	37 °C	F1909_jansenja_038.raw	NT=ms-proteomics;VV=v1.1.0	NT=crosslinking;VV=v1.0.0	NT=human;VV=v1.1.0
PXD020602_F2007_jansenja_064	Homo sapiens	not available	not available	155	PXD020602_F2007_jansenja_064_assay	proteomic profiling by mass spectrometry	data-dependent acquisition	NT=label free sample;AC=MS:1002038	1	1	not available	NT=Trypsin;AC=MS:1001251	NT=Carbamidomethyl;AC=UNIMOD:4;TA=C;MT=Fixed	NT=Oxidation;AC=UNIMOD:21;TA=M;MT=Variable	not available	not available	NT=H12/D12 DSS;AC=XLMOD:02001;CL=no;TA=K,nterm	not available	not available	1.5 nmol / 1 µg protein	30 min	37 °C	F2007_jansenja_064.raw	NT=ms-proteomics;VV=v1.1.0	NT=crosslinking;VV=v1.0.0	NT=human;VV=v1.1.0
PXD020602_F1909_jansenja_299	Homo sapiens	not available	not available	156	PXD020602_F1909_jansenja_299_assay	proteomic profiling by mass spectrometry	data-dependent acquisition	NT=label free sample;AC=MS:1002038	1	1	not available	NT=Trypsin;AC=MS:1001251	NT=Carbamidomethyl;AC=UNIMOD:4;TA=C;MT=Fixed	NT=Oxidation;AC=UNIMOD:21;TA=M;MT=Variable	not available	not available	NT=H12/D12 DSS;AC=XLMOD:02001;CL=no;TA=K,nterm	not available	not available	1.5 nmol / 1 µg protein	30 min	37 °C	F1909_jansenja_299.raw	NT=ms-proteomics;VV=v1.1.0	NT=crosslinking;VV=v1.0.0	NT=human;VV=v1.1.0
PXD020602_F1908_jansenja_286	Homo sapiens	not available	not available	157	PXD020602_F1908_jansenja_286_assay	proteomic profiling by mass spectrometry	data-dependent acquisition	NT=label free sample;AC=MS:1002038	1	1	not available	NT=Trypsin;AC=MS:1001251	NT=Carbamidomethyl;AC=UNIMOD:4;TA=C;MT=Fixed	NT=Oxidation;AC=UNIMOD:21;TA=M;MT=Variable	not available	not available	NT=H12/D12 DSS;AC=XLMOD:02001;CL=no;TA=K,nterm	not available	not available	1.5 nmol / 1 µg protein	30 min	37 °C	F1908_jansenja_286.raw	NT=ms-proteomics;VV=v1.1.0	NT=crosslinking;VV=v1.0.0	NT=human;VV=v1.1.0
PXD020602_F2007_jansenja_085	Homo sapiens	not available	not available	158	PXD020602_F2007_jansenja_085_assay	proteomic profiling by mass spectrometry	data-dependent acquisition	NT=label free sample;AC=MS:1002038	1	1	not available	NT=Trypsin;AC=MS:1001251	NT=Carbamidomethyl;AC=UNIMOD:4;TA=C;MT=Fixed	NT=Oxidation;AC=UNIMOD:21;TA=M;MT=Variable	not available	not available	NT=H12/D12 DSS;AC=XLMOD:02001;CL=no;TA=K,nterm	not available	not available	1.5 nmol / 1 µg protein	30 min	37 °C	F2007_jansenja_085.raw	NT=ms-proteomics;VV=v1.1.0	NT=crosslinking;VV=v1.0.0	NT=human;VV=v1.1.0
PXD020602_F1909_jansenja_043	Homo sapiens	not available	not available	159	PXD020602_F1909_jansenja_043_assay	proteomic profiling by mass spectrometry	data-dependent acquisition	NT=label free sample;AC=MS:1002038	1	1	not available	NT=Trypsin;AC=MS:1001251	NT=Carbamidomethyl;AC=UNIMOD:4;TA=C;MT=Fixed	NT=Oxidation;AC=UNIMOD:21;TA=M;MT=Variable	not available	not available	NT=H12/D12 DSS;AC=XLMOD:02001;CL=no;TA=K,nterm	not available	not available	1.5 nmol / 1 µg protein	30 min	37 °C	F1909_jansenja_043.raw	NT=ms-proteomics;VV=v1.1.0	NT=crosslinking;VV=v1.0.0	NT=human;VV=v1.1.0
PXD020602_F2007_jansenja_124	Homo sapiens	not available	not available	160	PXD020602_F2007_jansenja_124_assay	proteomic profiling by mass spectrometry	data-dependent acquisition	NT=label free sample;AC=MS:1002038	1	1	not available	NT=Trypsin;AC=MS:1001251	NT=Carbamidomethyl;AC=UNIMOD:4;TA=C;MT=Fixed	NT=Oxidation;AC=UNIMOD:21;TA=M;MT=Variable	not available	not available	NT=H12/D12 DSS;AC=XLMOD:02001;CL=no;TA=K,nterm	not available	not available	1.5 nmol / 1 µg protein	30 min	37 °C	F2007_jansenja_124.raw	NT=ms-proteomics;VV=v1.1.0	NT=crosslinking;VV=v1.0.0	NT=human;VV=v1.1.0
PXD020602_F2007_jansenja_146	Homo sapiens	not available	not available	161	PXD020602_F2007_jansenja_146_assay	proteomic profiling by mass spectrometry	data-dependent acquisition	NT=label free sample;AC=MS:1002038	1	1	not available	NT=Trypsin;AC=MS:1001251	NT=Carbamidomethyl;AC=UNIMOD:4;TA=C;MT=Fixed	NT=Oxidation;AC=UNIMOD:21;TA=M;MT=Variable	not available	not available	NT=H12/D12 DSS;AC=XLMOD:02001;CL=no;TA=K,nterm	not available	not available	1.5 nmol / 1 µg protein	30 min	37 °C	F2007_jansenja_146.raw	NT=ms-proteomics;VV=v1.1.0	NT=crosslinking;VV=v1.0.0	NT=human;VV=v1.1.0
PXD020602_F2007_jansenja_137	Homo sapiens	not available	not available	162	PXD020602_F2007_jansenja_137_assay	proteomic profiling by mass spectrometry	data-dependent acquisition	NT=label free sample;AC=MS:1002038	1	1	not available	NT=Trypsin;AC=MS:1001251	NT=Carbamidomethyl;AC=UNIMOD:4;TA=C;MT=Fixed	NT=Oxidation;AC=UNIMOD:21;TA=M;MT=Variable	not available	not available	NT=H12/D12 DSS;AC=XLMOD:02001;CL=no;TA=K,nterm	not available	not available	1.5 nmol / 1 µg protein	30 min	37 °C	F2007_jansenja_137.raw	NT=ms-proteomics;VV=v1.1.0	NT=crosslinking;VV=v1.0.0	NT=human;VV=v1.1.0
PXD020602_F1908_jansenja_450	Homo sapiens	not available	not available	163	PXD020602_F1908_jansenja_450_assay	proteomic profiling by mass spectrometry	data-dependent acquisition	NT=label free sample;AC=MS:1002038	1	1	not available	NT=Trypsin;AC=MS:1001251	NT=Carbamidomethyl;AC=UNIMOD:4;TA=C;MT=Fixed	NT=Oxidation;AC=UNIMOD:21;TA=M;MT=Variable	not available	not available	NT=H12/D12 DSS;AC=XLMOD:02001;CL=no;TA=K,nterm	not available	not available	1.5 nmol / 1 µg protein	30 min	37 °C	F1908_jansenja_450.raw	NT=ms-proteomics;VV=v1.1.0	NT=crosslinking;VV=v1.0.0	NT=human;VV=v1.1.0
PXD020602_F1909_jansenja_401	Homo sapiens	not available	not available	164	PXD020602_F1909_jansenja_401_assay	proteomic profiling by mass spectrometry	data-dependent acquisition	NT=label free sample;AC=MS:1002038	1	1	not available	NT=Trypsin;AC=MS:1001251	NT=Carbamidomethyl;AC=UNIMOD:4;TA=C;MT=Fixed	NT=Oxidation;AC=UNIMOD:21;TA=M;MT=Variable	not available	not available	NT=H12/D12 DSS;AC=XLMOD:02001;CL=no;TA=K,nterm	not available	not available	1.5 nmol / 1 µg protein	30 min	37 °C	F1909_jansenja_401.raw	NT=ms-proteomics;VV=v1.1.0	NT=crosslinking;VV=v1.0.0	NT=human;VV=v1.1.0
PXD020602_F1909_jansenja_400	Homo sapiens	not available	not available	165	PXD020602_F1909_jansenja_400_assay	proteomic profiling by mass spectrometry	data-dependent acquisition	NT=label free sample;AC=MS:1002038	1	1	not available	NT=Trypsin;AC=MS:1001251	NT=Carbamidomethyl;AC=UNIMOD:4;TA=C;MT=Fixed	NT=Oxidation;AC=UNIMOD:21;TA=M;MT=Variable	not available	not available	NT=H12/D12 DSS;AC=XLMOD:02001;CL=no;TA=K,nterm	not available	not available	1.5 nmol / 1 µg protein	30 min	37 °C	F1909_jansenja_400.raw	NT=ms-proteomics;VV=v1.1.0	NT=crosslinking;VV=v1.0.0	NT=human;VV=v1.1.0
PXD020602_F1909_jansenja_081	Homo sapiens	not available	not available	166	PXD020602_F1909_jansenja_081_assay	proteomic profiling by mass spectrometry	data-dependent acquisition	NT=label free sample;AC=MS:1002038	1	1	not available	NT=Trypsin;AC=MS:1001251	NT=Carbamidomethyl;AC=UNIMOD:4;TA=C;MT=Fixed	NT=Oxidation;AC=UNIMOD:21;TA=M;MT=Variable	not available	not available	NT=H12/D12 DSS;AC=XLMOD:02001;CL=no;TA=K,nterm	not available	not available	1.5 nmol / 1 µg protein	30 min	37 °C	F1909_jansenja_081.raw	NT=ms-proteomics;VV=v1.1.0	NT=crosslinking;VV=v1.0.0	NT=human;VV=v1.1.0
PXD020602_F1908_jansenja_382	Homo sapiens	not available	not available	167	PXD020602_F1908_jansenja_382_assay	proteomic profiling by mass spectrometry	data-dependent acquisition	NT=label free sample;AC=MS:1002038	1	1	not available	NT=Trypsin;AC=MS:1001251	NT=Carbamidomethyl;AC=UNIMOD:4;TA=C;MT=Fixed	NT=Oxidation;AC=UNIMOD:21;TA=M;MT=Variable	not available	not available	NT=H12/D12 DSS;AC=XLMOD:02001;CL=no;TA=K,nterm	not available	not available	1.5 nmol / 1 µg protein	30 min	37 °C	F1908_jansenja_382.raw	NT=ms-proteomics;VV=v1.1.0	NT=crosslinking;VV=v1.0.0	NT=human;VV=v1.1.0
PXD020602_F1908_jansenja_441	Homo sapiens	not available	not available	168	PXD020602_F1908_jansenja_441_assay	proteomic profiling by mass spectrometry	data-dependent acquisition	NT=label free sample;AC=MS:1002038	1	1	not available	NT=Trypsin;AC=MS:1001251	NT=Carbamidomethyl;AC=UNIMOD:4;TA=C;MT=Fixed	NT=Oxidation;AC=UNIMOD:21;TA=M;MT=Variable	not available	not available	NT=H12/D12 DSS;AC=XLMOD:02001;CL=no;TA=K,nterm	not available	not available	1.5 nmol / 1 µg protein	30 min	37 °C	F1908_jansenja_441.raw	NT=ms-proteomics;VV=v1.1.0	NT=crosslinking;VV=v1.0.0	NT=human;VV=v1.1.0
PXD020602_F1909_jansenja_288	Homo sapiens	not available	not available	169	PXD020602_F1909_jansenja_288_assay	proteomic profiling by mass spectrometry	data-dependent acquisition	NT=label free sample;AC=MS:1002038	1	1	not available	NT=Trypsin;AC=MS:1001251	NT=Carbamidomethyl;AC=UNIMOD:4;TA=C;MT=Fixed	NT=Oxidation;AC=UNIMOD:21;TA=M;MT=Variable	not available	not available	NT=H12/D12 DSS;AC=XLMOD:02001;CL=no;TA=K,nterm	not available	not available	1.5 nmol / 1 µg protein	30 min	37 °C	F1909_jansenja_288.raw	NT=ms-proteomics;VV=v1.1.0	NT=crosslinking;VV=v1.0.0	NT=human;VV=v1.1.0
PXD020602_F1908_jansenja_328	Homo sapiens	not available	not available	170	PXD020602_F1908_jansenja_328_assay	proteomic profiling by mass spectrometry	data-dependent acquisition	NT=label free sample;AC=MS:1002038	1	1	not available	NT=Trypsin;AC=MS:1001251	NT=Carbamidomethyl;AC=UNIMOD:4;TA=C;MT=Fixed	NT=Oxidation;AC=UNIMOD:21;TA=M;MT=Variable	not available	not available	NT=H12/D12 DSS;AC=XLMOD:02001;CL=no;TA=K,nterm	not available	not available	1.5 nmol / 1 µg protein	30 min	37 °C	F1908_jansenja_328.raw	NT=ms-proteomics;VV=v1.1.0	NT=crosslinking;VV=v1.0.0	NT=human;VV=v1.1.0
PXD020602_F1910_jansenja_088	Homo sapiens	not available	not available	171	PXD020602_F1910_jansenja_088_assay	proteomic profiling by mass spectrometry	data-dependent acquisition	NT=label free sample;AC=MS:1002038	1	1	not available	NT=Trypsin;AC=MS:1001251	NT=Carbamidomethyl;AC=UNIMOD:4;TA=C;MT=Fixed	NT=Oxidation;AC=UNIMOD:21;TA=M;MT=Variable	not available	not available	NT=H12/D12 DSS;AC=XLMOD:02001;CL=no;TA=K,nterm	not available	not available	1.5 nmol / 1 µg protein	30 min	37 °C	F1910_jansenja_088.raw	NT=ms-proteomics;VV=v1.1.0	NT=crosslinking;VV=v1.0.0	NT=human;VV=v1.1.0
PXD020602_F1909_jansenja_297	Homo sapiens	not available	not available	172	PXD020602_F1909_jansenja_297_assay	proteomic profiling by mass spectrometry	data-dependent acquisition	NT=label free sample;AC=MS:1002038	1	1	not available	NT=Trypsin;AC=MS:1001251	NT=Carbamidomethyl;AC=UNIMOD:4;TA=C;MT=Fixed	NT=Oxidation;AC=UNIMOD:21;TA=M;MT=Variable	not available	not available	NT=H12/D12 DSS;AC=XLMOD:02001;CL=no;TA=K,nterm	not available	not available	1.5 nmol / 1 µg protein	30 min	37 °C	F1909_jansenja_297.raw	NT=ms-proteomics;VV=v1.1.0	NT=crosslinking;VV=v1.0.0	NT=human;VV=v1.1.0
PXD020602_F1908_jansenja_233	Homo sapiens	not available	not available	173	PXD020602_F1908_jansenja_233_assay	proteomic profiling by mass spectrometry	data-dependent acquisition	NT=label free sample;AC=MS:1002038	1	1	not available	NT=Trypsin;AC=MS:1001251	NT=Carbamidomethyl;AC=UNIMOD:4;TA=C;MT=Fixed	NT=Oxidation;AC=UNIMOD:21;TA=M;MT=Variable	not available	not available	NT=H12/D12 DSS;AC=XLMOD:02001;CL=no;TA=K,nterm	not available	not available	1.5 nmol / 1 µg protein	30 min	37 °C	F1908_jansenja_233.raw	NT=ms-proteomics;VV=v1.1.0	NT=crosslinking;VV=v1.0.0	NT=human;VV=v1.1.0
PXD020602_F1908_jansenja_295	Homo sapiens	not available	not available	174	PXD020602_F1908_jansenja_295_assay	proteomic profiling by mass spectrometry	data-dependent acquisition	NT=label free sample;AC=MS:1002038	1	1	not available	NT=Trypsin;AC=MS:1001251	NT=Carbamidomethyl;AC=UNIMOD:4;TA=C;MT=Fixed	NT=Oxidation;AC=UNIMOD:21;TA=M;MT=Variable	not available	not available	NT=H12/D12 DSS;AC=XLMOD:02001;CL=no;TA=K,nterm	not available	not available	1.5 nmol / 1 µg protein	30 min	37 °C	F1908_jansenja_295.raw	NT=ms-proteomics;VV=v1.1.0	NT=crosslinking;VV=v1.0.0	NT=human;VV=v1.1.0
PXD020602_F1909_jansenja_389	Homo sapiens	not available	not available	175	PXD020602_F1909_jansenja_389_assay	proteomic profiling by mass spectrometry	data-dependent acquisition	NT=label free sample;AC=MS:1002038	1	1	not available	NT=Trypsin;AC=MS:1001251	NT=Carbamidomethyl;AC=UNIMOD:4;TA=C;MT=Fixed	NT=Oxidation;AC=UNIMOD:21;TA=M;MT=Variable	not available	not available	NT=H12/D12 DSS;AC=XLMOD:02001;CL=no;TA=K,nterm	not available	not available	1.5 nmol / 1 µg protein	30 min	37 °C	F1909_jansenja_389.raw	NT=ms-proteomics;VV=v1.1.0	NT=crosslinking;VV=v1.0.0	NT=human;VV=v1.1.0
PXD020602_F1908_jansenja_459	Homo sapiens	not available	not available	176	PXD020602_F1908_jansenja_459_assay	proteomic profiling by mass spectrometry	data-dependent acquisition	NT=label free sample;AC=MS:1002038	1	1	not available	NT=Trypsin;AC=MS:1001251	NT=Carbamidomethyl;AC=UNIMOD:4;TA=C;MT=Fixed	NT=Oxidation;AC=UNIMOD:21;TA=M;MT=Variable	not available	not available	NT=H12/D12 DSS;AC=XLMOD:02001;CL=no;TA=K,nterm	not available	not available	1.5 nmol / 1 µg protein	30 min	37 °C	F1908_jansenja_459.raw	NT=ms-proteomics;VV=v1.1.0	NT=crosslinking;VV=v1.0.0	NT=human;VV=v1.1.0
PXD020602_F1908_jansenja_263	Homo sapiens	not available	not available	177	PXD020602_F1908_jansenja_263_assay	proteomic profiling by mass spectrometry	data-dependent acquisition	NT=label free sample;AC=MS:1002038	1	1	not available	NT=Trypsin;AC=MS:1001251	NT=Carbamidomethyl;AC=UNIMOD:4;TA=C;MT=Fixed	NT=Oxidation;AC=UNIMOD:21;TA=M;MT=Variable	not available	not available	NT=H12/D12 DSS;AC=XLMOD:02001;CL=no;TA=K,nterm	not available	not available	1.5 nmol / 1 µg protein	30 min	37 °C	F1908_jansenja_263.raw	NT=ms-proteomics;VV=v1.1.0	NT=crosslinking;VV=v1.0.0	NT=human;VV=v1.1.0
PXD020602_F1910_jansenja_084	Homo sapiens	not available	not available	178	PXD020602_F1910_jansenja_084_assay	proteomic profiling by mass spectrometry	data-dependent acquisition	NT=label free sample;AC=MS:1002038	1	1	not available	NT=Trypsin;AC=MS:1001251	NT=Carbamidomethyl;AC=UNIMOD:4;TA=C;MT=Fixed	NT=Oxidation;AC=UNIMOD:21;TA=M;MT=Variable	not available	not available	NT=H12/D12 DSS;AC=XLMOD:02001;CL=no;TA=K,nterm	not available	not available	1.5 nmol / 1 µg protein	30 min	37 °C	F1910_jansenja_084.raw	NT=ms-proteomics;VV=v1.1.0	NT=crosslinking;VV=v1.0.0	NT=human;VV=v1.1.0
PXD020602_F1909_jansenja_272	Homo sapiens	not available	not available	179	PXD020602_F1909_jansenja_272_assay	proteomic profiling by mass spectrometry	data-dependent acquisition	NT=label free sample;AC=MS:1002038	1	1	not available	NT=Trypsin;AC=MS:1001251	NT=Carbamidomethyl;AC=UNIMOD:4;TA=C;MT=Fixed	NT=Oxidation;AC=UNIMOD:21;TA=M;MT=Variable	not available	not available	NT=H12/D12 DSS;AC=XLMOD:02001;CL=no;TA=K,nterm	not available	not available	1.5 nmol / 1 µg protein	30 min	37 °C	F1909_jansenja_272.raw	NT=ms-proteomics;VV=v1.1.0	NT=crosslinking;VV=v1.0.0	NT=human;VV=v1.1.0
PXD020602_F1908_jansenja_421	Homo sapiens	not available	not available	180	PXD020602_F1908_jansenja_421_assay	proteomic profiling by mass spectrometry	data-dependent acquisition	NT=label free sample;AC=MS:1002038	1	1	not available	NT=Trypsin;AC=MS:1001251	NT=Carbamidomethyl;AC=UNIMOD:4;TA=C;MT=Fixed	NT=Oxidation;AC=UNIMOD:21;TA=M;MT=Variable	not available	not available	NT=H12/D12 DSS;AC=XLMOD:02001;CL=no;TA=K,nterm	not available	not available	1.5 nmol / 1 µg protein	30 min	37 °C	F1908_jansenja_421.raw	NT=ms-proteomics;VV=v1.1.0	NT=crosslinking;VV=v1.0.0	NT=human;VV=v1.1.0
PXD020602_F1909_jansenja_267	Homo sapiens	not available	not available	181	PXD020602_F1909_jansenja_267_assay	proteomic profiling by mass spectrometry	data-dependent acquisition	NT=label free sample;AC=MS:1002038	1	1	not available	NT=Trypsin;AC=MS:1001251	NT=Carbamidomethyl;AC=UNIMOD:4;TA=C;MT=Fixed	NT=Oxidation;AC=UNIMOD:21;TA=M;MT=Variable	not available	not available	NT=H12/D12 DSS;AC=XLMOD:02001;CL=no;TA=K,nterm	not available	not available	1.5 nmol / 1 µg protein	30 min	37 °C	F1909_jansenja_267.raw	NT=ms-proteomics;VV=v1.1.0	NT=crosslinking;VV=v1.0.0	NT=human;VV=v1.1.0
PXD020602_F2007_jansenja_112	Homo sapiens	not available	not available	182	PXD020602_F2007_jansenja_112_assay	proteomic profiling by mass spectrometry	data-dependent acquisition	NT=label free sample;AC=MS:1002038	1	1	not available	NT=Trypsin;AC=MS:1001251	NT=Carbamidomethyl;AC=UNIMOD:4;TA=C;MT=Fixed	NT=Oxidation;AC=UNIMOD:21;TA=M;MT=Variable	not available	not available	NT=H12/D12 DSS;AC=XLMOD:02001;CL=no;TA=K,nterm	not available	not available	1.5 nmol / 1 µg protein	30 min	37 °C	F2007_jansenja_112.raw	NT=ms-proteomics;VV=v1.1.0	NT=crosslinking;VV=v1.0.0	NT=human;VV=v1.1.0
PXD020602_F1909_jansenja_296	Homo sapiens	not available	not available	183	PXD020602_F1909_jansenja_296_assay	proteomic profiling by mass spectrometry	data-dependent acquisition	NT=label free sample;AC=MS:1002038	1	1	not available	NT=Trypsin;AC=MS:1001251	NT=Carbamidomethyl;AC=UNIMOD:4;TA=C;MT=Fixed	NT=Oxidation;AC=UNIMOD:21;TA=M;MT=Variable	not available	not available	NT=H12/D12 DSS;AC=XLMOD:02001;CL=no;TA=K,nterm	not available	not available	1.5 nmol / 1 µg protein	30 min	37 °C	F1909_jansenja_296.raw	NT=ms-proteomics;VV=v1.1.0	NT=crosslinking;VV=v1.0.0	NT=human;VV=v1.1.0
PXD020602_F1908_jansenja_461	Homo sapiens	not available	not available	184	PXD020602_F1908_jansenja_461_assay	proteomic profiling by mass spectrometry	data-dependent acquisition	NT=label free sample;AC=MS:1002038	1	1	not available	NT=Trypsin;AC=MS:1001251	NT=Carbamidomethyl;AC=UNIMOD:4;TA=C;MT=Fixed	NT=Oxidation;AC=UNIMOD:21;TA=M;MT=Variable	not available	not available	NT=H12/D12 DSS;AC=XLMOD:02001;CL=no;TA=K,nterm	not available	not available	1.5 nmol / 1 µg protein	30 min	37 °C	F1908_jansenja_461.raw	NT=ms-proteomics;VV=v1.1.0	NT=crosslinking;VV=v1.0.0	NT=human;VV=v1.1.0
PXD020602_F1908_jansenja_256	Homo sapiens	not available	not available	185	PXD020602_F1908_jansenja_256_assay	proteomic profiling by mass spectrometry	data-dependent acquisition	NT=label free sample;AC=MS:1002038	1	1	not available	NT=Trypsin;AC=MS:1001251	NT=Carbamidomethyl;AC=UNIMOD:4;TA=C;MT=Fixed	NT=Oxidation;AC=UNIMOD:21;TA=M;MT=Variable	not available	not available	NT=H12/D12 DSS;AC=XLMOD:02001;CL=no;TA=K,nterm	not available	not available	1.5 nmol / 1 µg protein	30 min	37 °C	F1908_jansenja_256.raw	NT=ms-proteomics;VV=v1.1.0	NT=crosslinking;VV=v1.0.0	NT=human;VV=v1.1.0
PXD020602_F1909_jansenja_302	Homo sapiens	not available	not available	186	PXD020602_F1909_jansenja_302_assay	proteomic profiling by mass spectrometry	data-dependent acquisition	NT=label free sample;AC=MS:1002038	1	1	not available	NT=Trypsin;AC=MS:1001251	NT=Carbamidomethyl;AC=UNIMOD:4;TA=C;MT=Fixed	NT=Oxidation;AC=UNIMOD:21;TA=M;MT=Variable	not available	not available	NT=H12/D12 DSS;AC=XLMOD:02001;CL=no;TA=K,nterm	not available	not available	1.5 nmol / 1 µg protein	30 min	37 °C	F1909_jansenja_302.raw	NT=ms-proteomics;VV=v1.1.0	NT=crosslinking;VV=v1.0.0	NT=human;VV=v1.1.0
PXD020602_F2007_jansenja_141	Homo sapiens	not available	not available	187	PXD020602_F2007_jansenja_141_assay	proteomic profiling by mass spectrometry	data-dependent acquisition	NT=label free sample;AC=MS:1002038	1	1	not available	NT=Trypsin;AC=MS:1001251	NT=Carbamidomethyl;AC=UNIMOD:4;TA=C;MT=Fixed	NT=Oxidation;AC=UNIMOD:21;TA=M;MT=Variable	not available	not available	NT=H12/D12 DSS;AC=XLMOD:02001;CL=no;TA=K,nterm	not available	not available	1.5 nmol / 1 µg protein	30 min	37 °C	F2007_jansenja_141.raw	NT=ms-proteomics;VV=v1.1.0	NT=crosslinking;VV=v1.0.0	NT=human;VV=v1.1.0
PXD020602_F1908_jansenja_236	Homo sapiens	not available	not available	188	PXD020602_F1908_jansenja_236_assay	proteomic profiling by mass spectrometry	data-dependent acquisition	NT=label free sample;AC=MS:1002038	1	1	not available	NT=Trypsin;AC=MS:1001251	NT=Carbamidomethyl;AC=UNIMOD:4;TA=C;MT=Fixed	NT=Oxidation;AC=UNIMOD:21;TA=M;MT=Variable	not available	not available	NT=H12/D12 DSS;AC=XLMOD:02001;CL=no;TA=K,nterm	not available	not available	1.5 nmol / 1 µg protein	30 min	37 °C	F1908_jansenja_236.raw	NT=ms-proteomics;VV=v1.1.0	NT=crosslinking;VV=v1.0.0	NT=human;VV=v1.1.0
PXD020602_F1909_jansenja_324	Homo sapiens	not available	not available	189	PXD020602_F1909_jansenja_324_assay	proteomic profiling by mass spectrometry	data-dependent acquisition	NT=label free sample;AC=MS:1002038	1	1	not available	NT=Trypsin;AC=MS:1001251	NT=Carbamidomethyl;AC=UNIMOD:4;TA=C;MT=Fixed	NT=Oxidation;AC=UNIMOD:21;TA=M;MT=Variable	not available	not available	NT=H12/D12 DSS;AC=XLMOD:02001;CL=no;TA=K,nterm	not available	not available	1.5 nmol / 1 µg protein	30 min	37 °C	F1909_jansenja_324.raw	NT=ms-proteomics;VV=v1.1.0	NT=crosslinking;VV=v1.0.0	NT=human;VV=v1.1.0
PXD020602_F1908_jansenja_463	Homo sapiens	not available	not available	190	PXD020602_F1908_jansenja_463_assay	proteomic profiling by mass spectrometry	data-dependent acquisition	NT=label free sample;AC=MS:1002038	1	1	not available	NT=Trypsin;AC=MS:1001251	NT=Carbamidomethyl;AC=UNIMOD:4;TA=C;MT=Fixed	NT=Oxidation;AC=UNIMOD:21;TA=M;MT=Variable	not available	not available	NT=H12/D12 DSS;AC=XLMOD:02001;CL=no;TA=K,nterm	not available	not available	1.5 nmol / 1 µg protein	30 min	37 °C	F1908_jansenja_463.raw	NT=ms-proteomics;VV=v1.1.0	NT=crosslinking;VV=v1.0.0	NT=human;VV=v1.1.0
PXD020602_F1908_jansenja_443	Homo sapiens	not available	not available	191	PXD020602_F1908_jansenja_443_assay	proteomic profiling by mass spectrometry	data-dependent acquisition	NT=label free sample;AC=MS:1002038	1	1	not available	NT=Trypsin;AC=MS:1001251	NT=Carbamidomethyl;AC=UNIMOD:4;TA=C;MT=Fixed	NT=Oxidation;AC=UNIMOD:21;TA=M;MT=Variable	not available	not available	NT=H12/D12 DSS;AC=XLMOD:02001;CL=no;TA=K,nterm	not available	not available	1.5 nmol / 1 µg protein	30 min	37 °C	F1908_jansenja_443.raw	NT=ms-proteomics;VV=v1.1.0	NT=crosslinking;VV=v1.0.0	NT=human;VV=v1.1.0
PXD020602_F1908_jansenja_448	Homo sapiens	not available	not available	192	PXD020602_F1908_jansenja_448_assay	proteomic profiling by mass spectrometry	data-dependent acquisition	NT=label free sample;AC=MS:1002038	1	1	not available	NT=Trypsin;AC=MS:1001251	NT=Carbamidomethyl;AC=UNIMOD:4;TA=C;MT=Fixed	NT=Oxidation;AC=UNIMOD:21;TA=M;MT=Variable	not available	not available	NT=H12/D12 DSS;AC=XLMOD:02001;CL=no;TA=K,nterm	not available	not available	1.5 nmol / 1 µg protein	30 min	37 °C	F1908_jansenja_448.raw	NT=ms-proteomics;VV=v1.1.0	NT=crosslinking;VV=v1.0.0	NT=human;VV=v1.1.0
PXD020602_F2007_jansenja_078	Homo sapiens	not available	not available	193	PXD020602_F2007_jansenja_078_assay	proteomic profiling by mass spectrometry	data-dependent acquisition	NT=label free sample;AC=MS:1002038	1	1	not available	NT=Trypsin;AC=MS:1001251	NT=Carbamidomethyl;AC=UNIMOD:4;TA=C;MT=Fixed	NT=Oxidation;AC=UNIMOD:21;TA=M;MT=Variable	not available	not available	NT=H12/D12 DSS;AC=XLMOD:02001;CL=no;TA=K,nterm	not available	not available	1.5 nmol / 1 µg protein	30 min	37 °C	F2007_jansenja_078.raw	NT=ms-proteomics;VV=v1.1.0	NT=crosslinking;VV=v1.0.0	NT=human;VV=v1.1.0
PXD020602_F1908_jansenja_458	Homo sapiens	not available	not available	194	PXD020602_F1908_jansenja_458_assay	proteomic profiling by mass spectrometry	data-dependent acquisition	NT=label free sample;AC=MS:1002038	1	1	not available	NT=Trypsin;AC=MS:1001251	NT=Carbamidomethyl;AC=UNIMOD:4;TA=C;MT=Fixed	NT=Oxidation;AC=UNIMOD:21;TA=M;MT=Variable	not available	not available	NT=H12/D12 DSS;AC=XLMOD:02001;CL=no;TA=K,nterm	not available	not available	1.5 nmol / 1 µg protein	30 min	37 °C	F1908_jansenja_458.raw	NT=ms-proteomics;VV=v1.1.0	NT=crosslinking;VV=v1.0.0	NT=human;VV=v1.1.0
PXD020602_F1909_jansenja_014	Homo sapiens	not available	not available	195	PXD020602_F1909_jansenja_014_assay	proteomic profiling by mass spectrometry	data-dependent acquisition	NT=label free sample;AC=MS:1002038	1	1	not available	NT=Trypsin;AC=MS:1001251	NT=Carbamidomethyl;AC=UNIMOD:4;TA=C;MT=Fixed	NT=Oxidation;AC=UNIMOD:21;TA=M;MT=Variable	not available	not available	NT=H12/D12 DSS;AC=XLMOD:02001;CL=no;TA=K,nterm	not available	not available	1.5 nmol / 1 µg protein	30 min	37 °C	F1909_jansenja_014.raw	NT=ms-proteomics;VV=v1.1.0	NT=crosslinking;VV=v1.0.0	NT=human;VV=v1.1.0
PXD020602_F1909_jansenja_022	Homo sapiens	not available	not available	196	PXD020602_F1909_jansenja_022_assay	proteomic profiling by mass spectrometry	data-dependent acquisition	NT=label free sample;AC=MS:1002038	1	1	not available	NT=Trypsin;AC=MS:1001251	NT=Carbamidomethyl;AC=UNIMOD:4;TA=C;MT=Fixed	NT=Oxidation;AC=UNIMOD:21;TA=M;MT=Variable	not available	not available	NT=H12/D12 DSS;AC=XLMOD:02001;CL=no;TA=K,nterm	not available	not available	1.5 nmol / 1 µg protein	30 min	37 °C	F1909_jansenja_022.raw	NT=ms-proteomics;VV=v1.1.0	NT=crosslinking;VV=v1.0.0	NT=human;VV=v1.1.0
PXD020602_F1908_jansenja_360	Homo sapiens	not available	not available	197	PXD020602_F1908_jansenja_360_assay	proteomic profiling by mass spectrometry	data-dependent acquisition	NT=label free sample;AC=MS:1002038	1	1	not available	NT=Trypsin;AC=MS:1001251	NT=Carbamidomethyl;AC=UNIMOD:4;TA=C;MT=Fixed	NT=Oxidation;AC=UNIMOD:21;TA=M;MT=Variable	not available	not available	NT=H12/D12 DSS;AC=XLMOD:02001;CL=no;TA=K,nterm	not available	not available	1.5 nmol / 1 µg protein	30 min	37 °C	F1908_jansenja_360.raw	NT=ms-proteomics;VV=v1.1.0	NT=crosslinking;VV=v1.0.0	NT=human;VV=v1.1.0
PXD020602_F1910_jansenja_090	Homo sapiens	not available	not available	198	PXD020602_F1910_jansenja_090_assay	proteomic profiling by mass spectrometry	data-dependent acquisition	NT=label free sample;AC=MS:1002038	1	1	not available	NT=Trypsin;AC=MS:1001251	NT=Carbamidomethyl;AC=UNIMOD:4;TA=C;MT=Fixed	NT=Oxidation;AC=UNIMOD:21;TA=M;MT=Variable	not available	not available	NT=H12/D12 DSS;AC=XLMOD:02001;CL=no;TA=K,nterm	not available	not available	1.5 nmol / 1 µg protein	30 min	37 °C	F1910_jansenja_090.raw	NT=ms-proteomics;VV=v1.1.0	NT=crosslinking;VV=v1.0.0	NT=human;VV=v1.1.0
PXD020602_F2007_jansenja_070	Homo sapiens	not available	not available	199	PXD020602_F2007_jansenja_070_assay	proteomic profiling by mass spectrometry	data-dependent acquisition	NT=label free sample;AC=MS:1002038	1	1	not available	NT=Trypsin;AC=MS:1001251	NT=Carbamidomethyl;AC=UNIMOD:4;TA=C;MT=Fixed	NT=Oxidation;AC=UNIMOD:21;TA=M;MT=Variable	not available	not available	NT=H12/D12 DSS;AC=XLMOD:02001;CL=no;TA=K,nterm	not available	not available	1.5 nmol / 1 µg protein	30 min	37 °C	F2007_jansenja_070.raw	NT=ms-proteomics;VV=v1.1.0	NT=crosslinking;VV=v1.0.0	NT=human;VV=v1.1.0
PXD020602_F1909_jansenja_060	Homo sapiens	not available	not available	200	PXD020602_F1909_jansenja_060_assay	proteomic profiling by mass spectrometry	data-dependent acquisition	NT=label free sample;AC=MS:1002038	1	1	not available	NT=Trypsin;AC=MS:1001251	NT=Carbamidomethyl;AC=UNIMOD:4;TA=C;MT=Fixed	NT=Oxidation;AC=UNIMOD:21;TA=M;MT=Variable	not available	not available	NT=H12/D12 DSS;AC=XLMOD:02001;CL=no;TA=K,nterm	not available	not available	1.5 nmol / 1 µg protein	30 min	37 °C	F1909_jansenja_060.raw	NT=ms-proteomics;VV=v1.1.0	NT=crosslinking;VV=v1.0.0	NT=human;VV=v1.1.0
PXD020602_F2007_jansenja_132	Homo sapiens	not available	not available	201	PXD020602_F2007_jansenja_132_assay	proteomic profiling by mass spectrometry	data-dependent acquisition	NT=label free sample;AC=MS:1002038	1	1	not available	NT=Trypsin;AC=MS:1001251	NT=Carbamidomethyl;AC=UNIMOD:4;TA=C;MT=Fixed	NT=Oxidation;AC=UNIMOD:21;TA=M;MT=Variable	not available	not available	NT=H12/D12 DSS;AC=XLMOD:02001;CL=no;TA=K,nterm	not available	not available	1.5 nmol / 1 µg protein	30 min	37 °C	F2007_jansenja_132.raw	NT=ms-proteomics;VV=v1.1.0	NT=crosslinking;VV=v1.0.0	NT=human;VV=v1.1.0
PXD020602_F1908_jansenja_434	Homo sapiens	not available	not available	202	PXD020602_F1908_jansenja_434_assay	proteomic profiling by mass spectrometry	data-dependent acquisition	NT=label free sample;AC=MS:1002038	1	1	not available	NT=Trypsin;AC=MS:1001251	NT=Carbamidomethyl;AC=UNIMOD:4;TA=C;MT=Fixed	NT=Oxidation;AC=UNIMOD:21;TA=M;MT=Variable	not available	not available	NT=H12/D12 DSS;AC=XLMOD:02001;CL=no;TA=K,nterm	not available	not available	1.5 nmol / 1 µg protein	30 min	37 °C	F1908_jansenja_434.raw	NT=ms-proteomics;VV=v1.1.0	NT=crosslinking;VV=v1.0.0	NT=human;VV=v1.1.0
PXD020602_F2007_jansenja_143	Homo sapiens	not available	not available	203	PXD020602_F2007_jansenja_143_assay	proteomic profiling by mass spectrometry	data-dependent acquisition	NT=label free sample;AC=MS:1002038	1	1	not available	NT=Trypsin;AC=MS:1001251	NT=Carbamidomethyl;AC=UNIMOD:4;TA=C;MT=Fixed	NT=Oxidation;AC=UNIMOD:21;TA=M;MT=Variable	not available	not available	NT=H12/D12 DSS;AC=XLMOD:02001;CL=no;TA=K,nterm	not available	not available	1.5 nmol / 1 µg protein	30 min	37 °C	F2007_jansenja_143.raw	NT=ms-proteomics;VV=v1.1.0	NT=crosslinking;VV=v1.0.0	NT=human;VV=v1.1.0
PXD020602_F1909_jansenja_093	Homo sapiens	not available	not available	204	PXD020602_F1909_jansenja_093_assay	proteomic profiling by mass spectrometry	data-dependent acquisition	NT=label free sample;AC=MS:1002038	1	1	not available	NT=Trypsin;AC=MS:1001251	NT=Carbamidomethyl;AC=UNIMOD:4;TA=C;MT=Fixed	NT=Oxidation;AC=UNIMOD:21;TA=M;MT=Variable	not available	not available	NT=H12/D12 DSS;AC=XLMOD:02001;CL=no;TA=K,nterm	not available	not available	1.5 nmol / 1 µg protein	30 min	37 °C	F1909_jansenja_093.raw	NT=ms-proteomics;VV=v1.1.0	NT=crosslinking;VV=v1.0.0	NT=human;VV=v1.1.0
PXD020602_F2007_jansenja_074	Homo sapiens	not available	not available	205	PXD020602_F2007_jansenja_074_assay	proteomic profiling by mass spectrometry	data-dependent acquisition	NT=label free sample;AC=MS:1002038	1	1	not available	NT=Trypsin;AC=MS:1001251	NT=Carbamidomethyl;AC=UNIMOD:4;TA=C;MT=Fixed	NT=Oxidation;AC=UNIMOD:21;TA=M;MT=Variable	not available	not available	NT=H12/D12 DSS;AC=XLMOD:02001;CL=no;TA=K,nterm	not available	not available	1.5 nmol / 1 µg protein	30 min	37 °C	F2007_jansenja_074.raw	NT=ms-proteomics;VV=v1.1.0	NT=crosslinking;VV=v1.0.0	NT=human;VV=v1.1.0
PXD020602_F1908_jansenja_302	Homo sapiens	not available	not available	206	PXD020602_F1908_jansenja_302_assay	proteomic profiling by mass spectrometry	data-dependent acquisition	NT=label free sample;AC=MS:1002038	1	1	not available	NT=Trypsin;AC=MS:1001251	NT=Carbamidomethyl;AC=UNIMOD:4;TA=C;MT=Fixed	NT=Oxidation;AC=UNIMOD:21;TA=M;MT=Variable	not available	not available	NT=H12/D12 DSS;AC=XLMOD:02001;CL=no;TA=K,nterm	not available	not available	1.5 nmol / 1 µg protein	30 min	37 °C	F1908_jansenja_302.raw	NT=ms-proteomics;VV=v1.1.0	NT=crosslinking;VV=v1.0.0	NT=human;VV=v1.1.0
PXD020602_F2007_jansenja_134	Homo sapiens	not available	not available	207	PXD020602_F2007_jansenja_134_assay	proteomic profiling by mass spectrometry	data-dependent acquisition	NT=label free sample;AC=MS:1002038	1	1	not available	NT=Trypsin;AC=MS:1001251	NT=Carbamidomethyl;AC=UNIMOD:4;TA=C;MT=Fixed	NT=Oxidation;AC=UNIMOD:21;TA=M;MT=Variable	not available	not available	NT=H12/D12 DSS;AC=XLMOD:02001;CL=no;TA=K,nterm	not available	not available	1.5 nmol / 1 µg protein	30 min	37 °C	F2007_jansenja_134.raw	NT=ms-proteomics;VV=v1.1.0	NT=crosslinking;VV=v1.0.0	NT=human;VV=v1.1.0
PXD020602_F1908_jansenja_363	Homo sapiens	not available	not available	208	PXD020602_F1908_jansenja_363_assay	proteomic profiling by mass spectrometry	data-dependent acquisition	NT=label free sample;AC=MS:1002038	1	1	not available	NT=Trypsin;AC=MS:1001251	NT=Carbamidomethyl;AC=UNIMOD:4;TA=C;MT=Fixed	NT=Oxidation;AC=UNIMOD:21;TA=M;MT=Variable	not available	not available	NT=H12/D12 DSS;AC=XLMOD:02001;CL=no;TA=K,nterm	not available	not available	1.5 nmol / 1 µg protein	30 min	37 °C	F1908_jansenja_363.raw	NT=ms-proteomics;VV=v1.1.0	NT=crosslinking;VV=v1.0.0	NT=human;VV=v1.1.0
PXD020602_F2007_jansenja_142	Homo sapiens	not available	not available	209	PXD020602_F2007_jansenja_142_assay	proteomic profiling by mass spectrometry	data-dependent acquisition	NT=label free sample;AC=MS:1002038	1	1	not available	NT=Trypsin;AC=MS:1001251	NT=Carbamidomethyl;AC=UNIMOD:4;TA=C;MT=Fixed	NT=Oxidation;AC=UNIMOD:21;TA=M;MT=Variable	not available	not available	NT=H12/D12 DSS;AC=XLMOD:02001;CL=no;TA=K,nterm	not available	not available	1.5 nmol / 1 µg protein	30 min	37 °C	F2007_jansenja_142.raw	NT=ms-proteomics;VV=v1.1.0	NT=crosslinking;VV=v1.0.0	NT=human;VV=v1.1.0
PXD020602_F2007_jansenja_080	Homo sapiens	not available	not available	210	PXD020602_F2007_jansenja_080_assay	proteomic profiling by mass spectrometry	data-dependent acquisition	NT=label free sample;AC=MS:1002038	1	1	not available	NT=Trypsin;AC=MS:1001251	NT=Carbamidomethyl;AC=UNIMOD:4;TA=C;MT=Fixed	NT=Oxidation;AC=UNIMOD:21;TA=M;MT=Variable	not available	not available	NT=H12/D12 DSS;AC=XLMOD:02001;CL=no;TA=K,nterm	not available	not available	1.5 nmol / 1 µg protein	30 min	37 °C	F2007_jansenja_080.raw	NT=ms-proteomics;VV=v1.1.0	NT=crosslinking;VV=v1.0.0	NT=human;VV=v1.1.0
PXD020602_F1909_jansenja_053	Homo sapiens	not available	not available	211	PXD020602_F1909_jansenja_053_assay	proteomic profiling by mass spectrometry	data-dependent acquisition	NT=label free sample;AC=MS:1002038	1	1	not available	NT=Trypsin;AC=MS:1001251	NT=Carbamidomethyl;AC=UNIMOD:4;TA=C;MT=Fixed	NT=Oxidation;AC=UNIMOD:21;TA=M;MT=Variable	not available	not available	NT=H12/D12 DSS;AC=XLMOD:02001;CL=no;TA=K,nterm	not available	not available	1.5 nmol / 1 µg protein	30 min	37 °C	F1909_jansenja_053.raw	NT=ms-proteomics;VV=v1.1.0	NT=crosslinking;VV=v1.0.0	NT=human;VV=v1.1.0
PXD020602_F1909_jansenja_085	Homo sapiens	not available	not available	212	PXD020602_F1909_jansenja_085_assay	proteomic profiling by mass spectrometry	data-dependent acquisition	NT=label free sample;AC=MS:1002038	1	1	not available	NT=Trypsin;AC=MS:1001251	NT=Carbamidomethyl;AC=UNIMOD:4;TA=C;MT=Fixed	NT=Oxidation;AC=UNIMOD:21;TA=M;MT=Variable	not available	not available	NT=H12/D12 DSS;AC=XLMOD:02001;CL=no;TA=K,nterm	not available	not available	1.5 nmol / 1 µg protein	30 min	37 °C	F1909_jansenja_085.raw	NT=ms-proteomics;VV=v1.1.0	NT=crosslinking;VV=v1.0.0	NT=human;VV=v1.1.0
PXD020602_F1909_jansenja_391	Homo sapiens	not available	not available	213	PXD020602_F1909_jansenja_391_assay	proteomic profiling by mass spectrometry	data-dependent acquisition	NT=label free sample;AC=MS:1002038	1	1	not available	NT=Trypsin;AC=MS:1001251	NT=Carbamidomethyl;AC=UNIMOD:4;TA=C;MT=Fixed	NT=Oxidation;AC=UNIMOD:21;TA=M;MT=Variable	not available	not available	NT=H12/D12 DSS;AC=XLMOD:02001;CL=no;TA=K,nterm	not available	not available	1.5 nmol / 1 µg protein	30 min	37 °C	F1909_jansenja_391.raw	NT=ms-proteomics;VV=v1.1.0	NT=crosslinking;VV=v1.0.0	NT=human;VV=v1.1.0
PXD020602_F1908_jansenja_353	Homo sapiens	not available	not available	214	PXD020602_F1908_jansenja_353_assay	proteomic profiling by mass spectrometry	data-dependent acquisition	NT=label free sample;AC=MS:1002038	1	1	not available	NT=Trypsin;AC=MS:1001251	NT=Carbamidomethyl;AC=UNIMOD:4;TA=C;MT=Fixed	NT=Oxidation;AC=UNIMOD:21;TA=M;MT=Variable	not available	not available	NT=H12/D12 DSS;AC=XLMOD:02001;CL=no;TA=K,nterm	not available	not available	1.5 nmol / 1 µg protein	30 min	37 °C	F1908_jansenja_353.raw	NT=ms-proteomics;VV=v1.1.0	NT=crosslinking;VV=v1.0.0	NT=human;VV=v1.1.0
PXD020602_F1909_jansenja_008	Homo sapiens	not available	not available	215	PXD020602_F1909_jansenja_008_assay	proteomic profiling by mass spectrometry	data-dependent acquisition	NT=label free sample;AC=MS:1002038	1	1	not available	NT=Trypsin;AC=MS:1001251	NT=Carbamidomethyl;AC=UNIMOD:4;TA=C;MT=Fixed	NT=Oxidation;AC=UNIMOD:21;TA=M;MT=Variable	not available	not available	NT=H12/D12 DSS;AC=XLMOD:02001;CL=no;TA=K,nterm	not available	not available	1.5 nmol / 1 µg protein	30 min	37 °C	F1909_jansenja_008.raw	NT=ms-proteomics;VV=v1.1.0	NT=crosslinking;VV=v1.0.0	NT=human;VV=v1.1.0
PXD020602_F2007_jansenja_126	Homo sapiens	not available	not available	216	PXD020602_F2007_jansenja_126_assay	proteomic profiling by mass spectrometry	data-dependent acquisition	NT=label free sample;AC=MS:1002038	1	1	not available	NT=Trypsin;AC=MS:1001251	NT=Carbamidomethyl;AC=UNIMOD:4;TA=C;MT=Fixed	NT=Oxidation;AC=UNIMOD:21;TA=M;MT=Variable	not available	not available	NT=H12/D12 DSS;AC=XLMOD:02001;CL=no;TA=K,nterm	not available	not available	1.5 nmol / 1 µg protein	30 min	37 °C	F2007_jansenja_126.raw	NT=ms-proteomics;VV=v1.1.0	NT=crosslinking;VV=v1.0.0	NT=human;VV=v1.1.0
PXD020602_F1909_jansenja_309	Homo sapiens	not available	not available	217	PXD020602_F1909_jansenja_309_assay	proteomic profiling by mass spectrometry	data-dependent acquisition	NT=label free sample;AC=MS:1002038	1	1	not available	NT=Trypsin;AC=MS:1001251	NT=Carbamidomethyl;AC=UNIMOD:4;TA=C;MT=Fixed	NT=Oxidation;AC=UNIMOD:21;TA=M;MT=Variable	not available	not available	NT=H12/D12 DSS;AC=XLMOD:02001;CL=no;TA=K,nterm	not available	not available	1.5 nmol / 1 µg protein	30 min	37 °C	F1909_jansenja_309.raw	NT=ms-proteomics;VV=v1.1.0	NT=crosslinking;VV=v1.0.0	NT=human;VV=v1.1.0
PXD020602_F1909_jansenja_286	Homo sapiens	not available	not available	218	PXD020602_F1909_jansenja_286_assay	proteomic profiling by mass spectrometry	data-dependent acquisition	NT=label free sample;AC=MS:1002038	1	1	not available	NT=Trypsin;AC=MS:1001251	NT=Carbamidomethyl;AC=UNIMOD:4;TA=C;MT=Fixed	NT=Oxidation;AC=UNIMOD:21;TA=M;MT=Variable	not available	not available	NT=H12/D12 DSS;AC=XLMOD:02001;CL=no;TA=K,nterm	not available	not available	1.5 nmol / 1 µg protein	30 min	37 °C	F1909_jansenja_286.raw	NT=ms-proteomics;VV=v1.1.0	NT=crosslinking;VV=v1.0.0	NT=human;VV=v1.1.0
PXD020602_F1909_jansenja_301	Homo sapiens	not available	not available	219	PXD020602_F1909_jansenja_301_assay	proteomic profiling by mass spectrometry	data-dependent acquisition	NT=label free sample;AC=MS:1002038	1	1	not available	NT=Trypsin;AC=MS:1001251	NT=Carbamidomethyl;AC=UNIMOD:4;TA=C;MT=Fixed	NT=Oxidation;AC=UNIMOD:21;TA=M;MT=Variable	not available	not available	NT=H12/D12 DSS;AC=XLMOD:02001;CL=no;TA=K,nterm	not available	not available	1.5 nmol / 1 µg protein	30 min	37 °C	F1909_jansenja_301.raw	NT=ms-proteomics;VV=v1.1.0	NT=crosslinking;VV=v1.0.0	NT=human;VV=v1.1.0
PXD020602_F1909_jansenja_061	Homo sapiens	not available	not available	220	PXD020602_F1909_jansenja_061_assay	proteomic profiling by mass spectrometry	data-dependent acquisition	NT=label free sample;AC=MS:1002038	1	1	not available	NT=Trypsin;AC=MS:1001251	NT=Carbamidomethyl;AC=UNIMOD:4;TA=C;MT=Fixed	NT=Oxidation;AC=UNIMOD:21;TA=M;MT=Variable	not available	not available	NT=H12/D12 DSS;AC=XLMOD:02001;CL=no;TA=K,nterm	not available	not available	1.5 nmol / 1 µg protein	30 min	37 °C	F1909_jansenja_061.raw	NT=ms-proteomics;VV=v1.1.0	NT=crosslinking;VV=v1.0.0	NT=human;VV=v1.1.0
PXD020602_F1908_jansenja_264	Homo sapiens	not available	not available	221	PXD020602_F1908_jansenja_264_assay	proteomic profiling by mass spectrometry	data-dependent acquisition	NT=label free sample;AC=MS:1002038	1	1	not available	NT=Trypsin;AC=MS:1001251	NT=Carbamidomethyl;AC=UNIMOD:4;TA=C;MT=Fixed	NT=Oxidation;AC=UNIMOD:21;TA=M;MT=Variable	not available	not available	NT=H12/D12 DSS;AC=XLMOD:02001;CL=no;TA=K,nterm	not available	not available	1.5 nmol / 1 µg protein	30 min	37 °C	F1908_jansenja_264.raw	NT=ms-proteomics;VV=v1.1.0	NT=crosslinking;VV=v1.0.0	NT=human;VV=v1.1.0
PXD020602_F2007_jansenja_062	Homo sapiens	not available	not available	222	PXD020602_F2007_jansenja_062_assay	proteomic profiling by mass spectrometry	data-dependent acquisition	NT=label free sample;AC=MS:1002038	1	1	not available	NT=Trypsin;AC=MS:1001251	NT=Carbamidomethyl;AC=UNIMOD:4;TA=C;MT=Fixed	NT=Oxidation;AC=UNIMOD:21;TA=M;MT=Variable	not available	not available	NT=H12/D12 DSS;AC=XLMOD:02001;CL=no;TA=K,nterm	not available	not available	1.5 nmol / 1 µg protein	30 min	37 °C	F2007_jansenja_062.raw	NT=ms-proteomics;VV=v1.1.0	NT=crosslinking;VV=v1.0.0	NT=human;VV=v1.1.0
PXD020602_F1908_jansenja_244	Homo sapiens	not available	not available	223	PXD020602_F1908_jansenja_244_assay	proteomic profiling by mass spectrometry	data-dependent acquisition	NT=label free sample;AC=MS:1002038	1	1	not available	NT=Trypsin;AC=MS:1001251	NT=Carbamidomethyl;AC=UNIMOD:4;TA=C;MT=Fixed	NT=Oxidation;AC=UNIMOD:21;TA=M;MT=Variable	not available	not available	NT=H12/D12 DSS;AC=XLMOD:02001;CL=no;TA=K,nterm	not available	not available	1.5 nmol / 1 µg protein	30 min	37 °C	F1908_jansenja_244.raw	NT=ms-proteomics;VV=v1.1.0	NT=crosslinking;VV=v1.0.0	NT=human;VV=v1.1.0
PXD020602_F1908_jansenja_374	Homo sapiens	not available	not available	224	PXD020602_F1908_jansenja_374_assay	proteomic profiling by mass spectrometry	data-dependent acquisition	NT=label free sample;AC=MS:1002038	1	1	not available	NT=Trypsin;AC=MS:1001251	NT=Carbamidomethyl;AC=UNIMOD:4;TA=C;MT=Fixed	NT=Oxidation;AC=UNIMOD:21;TA=M;MT=Variable	not available	not available	NT=H12/D12 DSS;AC=XLMOD:02001;CL=no;TA=K,nterm	not available	not available	1.5 nmol / 1 µg protein	30 min	37 °C	F1908_jansenja_374.raw	NT=ms-proteomics;VV=v1.1.0	NT=crosslinking;VV=v1.0.0	NT=human;VV=v1.1.0
PXD020602_F1908_jansenja_258	Homo sapiens	not available	not available	225	PXD020602_F1908_jansenja_258_assay	proteomic profiling by mass spectrometry	data-dependent acquisition	NT=label free sample;AC=MS:1002038	1	1	not available	NT=Trypsin;AC=MS:1001251	NT=Carbamidomethyl;AC=UNIMOD:4;TA=C;MT=Fixed	NT=Oxidation;AC=UNIMOD:21;TA=M;MT=Variable	not available	not available	NT=H12/D12 DSS;AC=XLMOD:02001;CL=no;TA=K,nterm	not available	not available	1.5 nmol / 1 µg protein	30 min	37 °C	F1908_jansenja_258.raw	NT=ms-proteomics;VV=v1.1.0	NT=crosslinking;VV=v1.0.0	NT=human;VV=v1.1.0
PXD020602_F1908_jansenja_284	Homo sapiens	not available	not available	226	PXD020602_F1908_jansenja_284_assay	proteomic profiling by mass spectrometry	data-dependent acquisition	NT=label free sample;AC=MS:1002038	1	1	not available	NT=Trypsin;AC=MS:1001251	NT=Carbamidomethyl;AC=UNIMOD:4;TA=C;MT=Fixed	NT=Oxidation;AC=UNIMOD:21;TA=M;MT=Variable	not available	not available	NT=H12/D12 DSS;AC=XLMOD:02001;CL=no;TA=K,nterm	not available	not available	1.5 nmol / 1 µg protein	30 min	37 °C	F1908_jansenja_284.raw	NT=ms-proteomics;VV=v1.1.0	NT=crosslinking;VV=v1.0.0	NT=human;VV=v1.1.0
PXD020602_F1909_jansenja_290	Homo sapiens	not available	not available	227	PXD020602_F1909_jansenja_290_assay	proteomic profiling by mass spectrometry	data-dependent acquisition	NT=label free sample;AC=MS:1002038	1	1	not available	NT=Trypsin;AC=MS:1001251	NT=Carbamidomethyl;AC=UNIMOD:4;TA=C;MT=Fixed	NT=Oxidation;AC=UNIMOD:21;TA=M;MT=Variable	not available	not available	NT=H12/D12 DSS;AC=XLMOD:02001;CL=no;TA=K,nterm	not available	not available	1.5 nmol / 1 µg protein	30 min	37 °C	F1909_jansenja_290.raw	NT=ms-proteomics;VV=v1.1.0	NT=crosslinking;VV=v1.0.0	NT=human;VV=v1.1.0
PXD020602_F1908_jansenja_267	Homo sapiens	not available	not available	228	PXD020602_F1908_jansenja_267_assay	proteomic profiling by mass spectrometry	data-dependent acquisition	NT=label free sample;AC=MS:1002038	1	1	not available	NT=Trypsin;AC=MS:1001251	NT=Carbamidomethyl;AC=UNIMOD:4;TA=C;MT=Fixed	NT=Oxidation;AC=UNIMOD:21;TA=M;MT=Variable	not available	not available	NT=H12/D12 DSS;AC=XLMOD:02001;CL=no;TA=K,nterm	not available	not available	1.5 nmol / 1 µg protein	30 min	37 °C	F1908_jansenja_267.raw	NT=ms-proteomics;VV=v1.1.0	NT=crosslinking;VV=v1.0.0	NT=human;VV=v1.1.0
PXD020602_F1908_jansenja_333	Homo sapiens	not available	not available	229	PXD020602_F1908_jansenja_333_assay	proteomic profiling by mass spectrometry	data-dependent acquisition	NT=label free sample;AC=MS:1002038	1	1	not available	NT=Trypsin;AC=MS:1001251	NT=Carbamidomethyl;AC=UNIMOD:4;TA=C;MT=Fixed	NT=Oxidation;AC=UNIMOD:21;TA=M;MT=Variable	not available	not available	NT=H12/D12 DSS;AC=XLMOD:02001;CL=no;TA=K,nterm	not available	not available	1.5 nmol / 1 µg protein	30 min	37 °C	F1908_jansenja_333.raw	NT=ms-proteomics;VV=v1.1.0	NT=crosslinking;VV=v1.0.0	NT=human;VV=v1.1.0
PXD020602_F1908_jansenja_351	Homo sapiens	not available	not available	230	PXD020602_F1908_jansenja_351_assay	proteomic profiling by mass spectrometry	data-dependent acquisition	NT=label free sample;AC=MS:1002038	1	1	not available	NT=Trypsin;AC=MS:1001251	NT=Carbamidomethyl;AC=UNIMOD:4;TA=C;MT=Fixed	NT=Oxidation;AC=UNIMOD:21;TA=M;MT=Variable	not available	not available	NT=H12/D12 DSS;AC=XLMOD:02001;CL=no;TA=K,nterm	not available	not available	1.5 nmol / 1 µg protein	30 min	37 °C	F1908_jansenja_351.raw	NT=ms-proteomics;VV=v1.1.0	NT=crosslinking;VV=v1.0.0	NT=human;VV=v1.1.0
PXD020602_F1909_jansenja_320	Homo sapiens	not available	not available	231	PXD020602_F1909_jansenja_320_assay	proteomic profiling by mass spectrometry	data-dependent acquisition	NT=label free sample;AC=MS:1002038	1	1	not available	NT=Trypsin;AC=MS:1001251	NT=Carbamidomethyl;AC=UNIMOD:4;TA=C;MT=Fixed	NT=Oxidation;AC=UNIMOD:21;TA=M;MT=Variable	not available	not available	NT=H12/D12 DSS;AC=XLMOD:02001;CL=no;TA=K,nterm	not available	not available	1.5 nmol / 1 µg protein	30 min	37 °C	F1909_jansenja_320.raw	NT=ms-proteomics;VV=v1.1.0	NT=crosslinking;VV=v1.0.0	NT=human;VV=v1.1.0
PXD020602_F1908_jansenja_303	Homo sapiens	not available	not available	232	PXD020602_F1908_jansenja_303_assay	proteomic profiling by mass spectrometry	data-dependent acquisition	NT=label free sample;AC=MS:1002038	1	1	not available	NT=Trypsin;AC=MS:1001251	NT=Carbamidomethyl;AC=UNIMOD:4;TA=C;MT=Fixed	NT=Oxidation;AC=UNIMOD:21;TA=M;MT=Variable	not available	not available	NT=H12/D12 DSS;AC=XLMOD:02001;CL=no;TA=K,nterm	not available	not available	1.5 nmol / 1 µg protein	30 min	37 °C	F1908_jansenja_303.raw	NT=ms-proteomics;VV=v1.1.0	NT=crosslinking;VV=v1.0.0	NT=human;VV=v1.1.0
PXD020602_F1908_jansenja_266	Homo sapiens	not available	not available	233	PXD020602_F1908_jansenja_266_assay	proteomic profiling by mass spectrometry	data-dependent acquisition	NT=label free sample;AC=MS:1002038	1	1	not available	NT=Trypsin;AC=MS:1001251	NT=Carbamidomethyl;AC=UNIMOD:4;TA=C;MT=Fixed	NT=Oxidation;AC=UNIMOD:21;TA=M;MT=Variable	not available	not available	NT=H12/D12 DSS;AC=XLMOD:02001;CL=no;TA=K,nterm	not available	not available	1.5 nmol / 1 µg protein	30 min	37 °C	F1908_jansenja_266.raw	NT=ms-proteomics;VV=v1.1.0	NT=crosslinking;VV=v1.0.0	NT=human;VV=v1.1.0
PXD020602_F1910_jansenja_085	Homo sapiens	not available	not available	234	PXD020602_F1910_jansenja_085_assay	proteomic profiling by mass spectrometry	data-dependent acquisition	NT=label free sample;AC=MS:1002038	1	1	not available	NT=Trypsin;AC=MS:1001251	NT=Carbamidomethyl;AC=UNIMOD:4;TA=C;MT=Fixed	NT=Oxidation;AC=UNIMOD:21;TA=M;MT=Variable	not available	not available	NT=H12/D12 DSS;AC=XLMOD:02001;CL=no;TA=K,nterm	not available	not available	1.5 nmol / 1 µg protein	30 min	37 °C	F1910_jansenja_085.raw	NT=ms-proteomics;VV=v1.1.0	NT=crosslinking;VV=v1.0.0	NT=human;VV=v1.1.0
PXD020602_F1908_jansenja_301	Homo sapiens	not available	not available	235	PXD020602_F1908_jansenja_301_assay	proteomic profiling by mass spectrometry	data-dependent acquisition	NT=label free sample;AC=MS:1002038	1	1	not available	NT=Trypsin;AC=MS:1001251	NT=Carbamidomethyl;AC=UNIMOD:4;TA=C;MT=Fixed	NT=Oxidation;AC=UNIMOD:21;TA=M;MT=Variable	not available	not available	NT=H12/D12 DSS;AC=XLMOD:02001;CL=no;TA=K,nterm	not available	not available	1.5 nmol / 1 µg protein	30 min	37 °C	F1908_jansenja_301.raw	NT=ms-proteomics;VV=v1.1.0	NT=crosslinking;VV=v1.0.0	NT=human;VV=v1.1.0
PXD020602_F1908_jansenja_292	Homo sapiens	not available	not available	236	PXD020602_F1908_jansenja_292_assay	proteomic profiling by mass spectrometry	data-dependent acquisition	NT=label free sample;AC=MS:1002038	1	1	not available	NT=Trypsin;AC=MS:1001251	NT=Carbamidomethyl;AC=UNIMOD:4;TA=C;MT=Fixed	NT=Oxidation;AC=UNIMOD:21;TA=M;MT=Variable	not available	not available	NT=H12/D12 DSS;AC=XLMOD:02001;CL=no;TA=K,nterm	not available	not available	1.5 nmol / 1 µg protein	30 min	37 °C	F1908_jansenja_292.raw	NT=ms-proteomics;VV=v1.1.0	NT=crosslinking;VV=v1.0.0	NT=human;VV=v1.1.0
PXD020602_F1908_jansenja_281	Homo sapiens	not available	not available	237	PXD020602_F1908_jansenja_281_assay	proteomic profiling by mass spectrometry	data-dependent acquisition	NT=label free sample;AC=MS:1002038	1	1	not available	NT=Trypsin;AC=MS:1001251	NT=Carbamidomethyl;AC=UNIMOD:4;TA=C;MT=Fixed	NT=Oxidation;AC=UNIMOD:21;TA=M;MT=Variable	not available	not available	NT=H12/D12 DSS;AC=XLMOD:02001;CL=no;TA=K,nterm	not available	not available	1.5 nmol / 1 µg protein	30 min	37 °C	F1908_jansenja_281.raw	NT=ms-proteomics;VV=v1.1.0	NT=crosslinking;VV=v1.0.0	NT=human;VV=v1.1.0
PXD020602_F1909_jansenja_398	Homo sapiens	not available	not available	238	PXD020602_F1909_jansenja_398_assay	proteomic profiling by mass spectrometry	data-dependent acquisition	NT=label free sample;AC=MS:1002038	1	1	not available	NT=Trypsin;AC=MS:1001251	NT=Carbamidomethyl;AC=UNIMOD:4;TA=C;MT=Fixed	NT=Oxidation;AC=UNIMOD:21;TA=M;MT=Variable	not available	not available	NT=H12/D12 DSS;AC=XLMOD:02001;CL=no;TA=K,nterm	not available	not available	1.5 nmol / 1 µg protein	30 min	37 °C	F1909_jansenja_398.raw	NT=ms-proteomics;VV=v1.1.0	NT=crosslinking;VV=v1.0.0	NT=human;VV=v1.1.0
PXD020602_F1908_jansenja_384	Homo sapiens	not available	not available	239	PXD020602_F1908_jansenja_384_assay	proteomic profiling by mass spectrometry	data-dependent acquisition	NT=label free sample;AC=MS:1002038	1	1	not available	NT=Trypsin;AC=MS:1001251	NT=Carbamidomethyl;AC=UNIMOD:4;TA=C;MT=Fixed	NT=Oxidation;AC=UNIMOD:21;TA=M;MT=Variable	not available	not available	NT=H12/D12 DSS;AC=XLMOD:02001;CL=no;TA=K,nterm	not available	not available	1.5 nmol / 1 µg protein	30 min	37 °C	F1908_jansenja_384.raw	NT=ms-proteomics;VV=v1.1.0	NT=crosslinking;VV=v1.0.0	NT=human;VV=v1.1.0
PXD020602_F1909_jansenja_080	Homo sapiens	not available	not available	240	PXD020602_F1909_jansenja_080_assay	proteomic profiling by mass spectrometry	data-dependent acquisition	NT=label free sample;AC=MS:1002038	1	1	not available	NT=Trypsin;AC=MS:1001251	NT=Carbamidomethyl;AC=UNIMOD:4;TA=C;MT=Fixed	NT=Oxidation;AC=UNIMOD:21;TA=M;MT=Variable	not available	not available	NT=H12/D12 DSS;AC=XLMOD:02001;CL=no;TA=K,nterm	not available	not available	1.5 nmol / 1 µg protein	30 min	37 °C	F1909_jansenja_080.raw	NT=ms-proteomics;VV=v1.1.0	NT=crosslinking;VV=v1.0.0	NT=human;VV=v1.1.0
PXD020602_F1908_jansenja_253	Homo sapiens	not available	not available	241	PXD020602_F1908_jansenja_253_assay	proteomic profiling by mass spectrometry	data-dependent acquisition	NT=label free sample;AC=MS:1002038	1	1	not available	NT=Trypsin;AC=MS:1001251	NT=Carbamidomethyl;AC=UNIMOD:4;TA=C;MT=Fixed	NT=Oxidation;AC=UNIMOD:21;TA=M;MT=Variable	not available	not available	NT=H12/D12 DSS;AC=XLMOD:02001;CL=no;TA=K,nterm	not available	not available	1.5 nmol / 1 µg protein	30 min	37 °C	F1908_jansenja_253.raw	NT=ms-proteomics;VV=v1.1.0	NT=crosslinking;VV=v1.0.0	NT=human;VV=v1.1.0
PXD020602_F1908_jansenja_424	Homo sapiens	not available	not available	242	PXD020602_F1908_jansenja_424_assay	proteomic profiling by mass spectrometry	data-dependent acquisition	NT=label free sample;AC=MS:1002038	1	1	not available	NT=Trypsin;AC=MS:1001251	NT=Carbamidomethyl;AC=UNIMOD:4;TA=C;MT=Fixed	NT=Oxidation;AC=UNIMOD:21;TA=M;MT=Variable	not available	not available	NT=H12/D12 DSS;AC=XLMOD:02001;CL=no;TA=K,nterm	not available	not available	1.5 nmol / 1 µg protein	30 min	37 °C	F1908_jansenja_424.raw	NT=ms-proteomics;VV=v1.1.0	NT=crosslinking;VV=v1.0.0	NT=human;VV=v1.1.0
PXD020602_F1910_jansenja_093	Homo sapiens	not available	not available	243	PXD020602_F1910_jansenja_093_assay	proteomic profiling by mass spectrometry	data-dependent acquisition	NT=label free sample;AC=MS:1002038	1	1	not available	NT=Trypsin;AC=MS:1001251	NT=Carbamidomethyl;AC=UNIMOD:4;TA=C;MT=Fixed	NT=Oxidation;AC=UNIMOD:21;TA=M;MT=Variable	not available	not available	NT=H12/D12 DSS;AC=XLMOD:02001;CL=no;TA=K,nterm	not available	not available	1.5 nmol / 1 µg protein	30 min	37 °C	F1910_jansenja_093.raw	NT=ms-proteomics;VV=v1.1.0	NT=crosslinking;VV=v1.0.0	NT=human;VV=v1.1.0
PXD020602_F1909_jansenja_317	Homo sapiens	not available	not available	244	PXD020602_F1909_jansenja_317_assay	proteomic profiling by mass spectrometry	data-dependent acquisition	NT=label free sample;AC=MS:1002038	1	1	not available	NT=Trypsin;AC=MS:1001251	NT=Carbamidomethyl;AC=UNIMOD:4;TA=C;MT=Fixed	NT=Oxidation;AC=UNIMOD:21;TA=M;MT=Variable	not available	not available	NT=H12/D12 DSS;AC=XLMOD:02001;CL=no;TA=K,nterm	not available	not available	1.5 nmol / 1 µg protein	30 min	37 °C	F1909_jansenja_317.raw	NT=ms-proteomics;VV=v1.1.0	NT=crosslinking;VV=v1.0.0	NT=human;VV=v1.1.0
PXD020602_F1909_jansenja_073	Homo sapiens	not available	not available	245	PXD020602_F1909_jansenja_073_assay	proteomic profiling by mass spectrometry	data-dependent acquisition	NT=label free sample;AC=MS:1002038	1	1	not available	NT=Trypsin;AC=MS:1001251	NT=Carbamidomethyl;AC=UNIMOD:4;TA=C;MT=Fixed	NT=Oxidation;AC=UNIMOD:21;TA=M;MT=Variable	not available	not available	NT=H12/D12 DSS;AC=XLMOD:02001;CL=no;TA=K,nterm	not available	not available	1.5 nmol / 1 µg protein	30 min	37 °C	F1909_jansenja_073.raw	NT=ms-proteomics;VV=v1.1.0	NT=crosslinking;VV=v1.0.0	NT=human;VV=v1.1.0
PXD020602_F1908_jansenja_246	Homo sapiens	not available	not available	246	PXD020602_F1908_jansenja_246_assay	proteomic profiling by mass spectrometry	data-dependent acquisition	NT=label free sample;AC=MS:1002038	1	1	not available	NT=Trypsin;AC=MS:1001251	NT=Carbamidomethyl;AC=UNIMOD:4;TA=C;MT=Fixed	NT=Oxidation;AC=UNIMOD:21;TA=M;MT=Variable	not available	not available	NT=H12/D12 DSS;AC=XLMOD:02001;CL=no;TA=K,nterm	not available	not available	1.5 nmol / 1 µg protein	30 min	37 °C	F1908_jansenja_246.raw	NT=ms-proteomics;VV=v1.1.0	NT=crosslinking;VV=v1.0.0	NT=human;VV=v1.1.0
PXD020602_F2007_jansenja_095	Homo sapiens	not available	not available	247	PXD020602_F2007_jansenja_095_assay	proteomic profiling by mass spectrometry	data-dependent acquisition	NT=label free sample;AC=MS:1002038	1	1	not available	NT=Trypsin;AC=MS:1001251	NT=Carbamidomethyl;AC=UNIMOD:4;TA=C;MT=Fixed	NT=Oxidation;AC=UNIMOD:21;TA=M;MT=Variable	not available	not available	NT=H12/D12 DSS;AC=XLMOD:02001;CL=no;TA=K,nterm	not available	not available	1.5 nmol / 1 µg protein	30 min	37 °C	F2007_jansenja_095.raw	NT=ms-proteomics;VV=v1.1.0	NT=crosslinking;VV=v1.0.0	NT=human;VV=v1.1.0
PXD020602_F1909_jansenja_034	Homo sapiens	not available	not available	248	PXD020602_F1909_jansenja_034_assay	proteomic profiling by mass spectrometry	data-dependent acquisition	NT=label free sample;AC=MS:1002038	1	1	not available	NT=Trypsin;AC=MS:1001251	NT=Carbamidomethyl;AC=UNIMOD:4;TA=C;MT=Fixed	NT=Oxidation;AC=UNIMOD:21;TA=M;MT=Variable	not available	not available	NT=H12/D12 DSS;AC=XLMOD:02001;CL=no;TA=K,nterm	not available	not available	1.5 nmol / 1 µg protein	30 min	37 °C	F1909_jansenja_034.raw	NT=ms-proteomics;VV=v1.1.0	NT=crosslinking;VV=v1.0.0	NT=human;VV=v1.1.0
PXD020602_F1908_jansenja_341	Homo sapiens	not available	not available	249	PXD020602_F1908_jansenja_341_assay	proteomic profiling by mass spectrometry	data-dependent acquisition	NT=label free sample;AC=MS:1002038	1	1	not available	NT=Trypsin;AC=MS:1001251	NT=Carbamidomethyl;AC=UNIMOD:4;TA=C;MT=Fixed	NT=Oxidation;AC=UNIMOD:21;TA=M;MT=Variable	not available	not available	NT=H12/D12 DSS;AC=XLMOD:02001;CL=no;TA=K,nterm	not available	not available	1.5 nmol / 1 µg protein	30 min	37 °C	F1908_jansenja_341.raw	NT=ms-proteomics;VV=v1.1.0	NT=crosslinking;VV=v1.0.0	NT=human;VV=v1.1.0
PXD020602_F1908_jansenja_449	Homo sapiens	not available	not available	250	PXD020602_F1908_jansenja_449_assay	proteomic profiling by mass spectrometry	data-dependent acquisition	NT=label free sample;AC=MS:1002038	1	1	not available	NT=Trypsin;AC=MS:1001251	NT=Carbamidomethyl;AC=UNIMOD:4;TA=C;MT=Fixed	NT=Oxidation;AC=UNIMOD:21;TA=M;MT=Variable	not available	not available	NT=H12/D12 DSS;AC=XLMOD:02001;CL=no;TA=K,nterm	not available	not available	1.5 nmol / 1 µg protein	30 min	37 °C	F1908_jansenja_449.raw	NT=ms-proteomics;VV=v1.1.0	NT=crosslinking;VV=v1.0.0	NT=human;VV=v1.1.0
PXD020602_F1908_jansenja_315	Homo sapiens	not available	not available	251	PXD020602_F1908_jansenja_315_assay	proteomic profiling by mass spectrometry	data-dependent acquisition	NT=label free sample;AC=MS:1002038	1	1	not available	NT=Trypsin;AC=MS:1001251	NT=Carbamidomethyl;AC=UNIMOD:4;TA=C;MT=Fixed	NT=Oxidation;AC=UNIMOD:21;TA=M;MT=Variable	not available	not available	NT=H12/D12 DSS;AC=XLMOD:02001;CL=no;TA=K,nterm	not available	not available	1.5 nmol / 1 µg protein	30 min	37 °C	F1908_jansenja_315.raw	NT=ms-proteomics;VV=v1.1.0	NT=crosslinking;VV=v1.0.0	NT=human;VV=v1.1.0
PXD020602_F1909_jansenja_393	Homo sapiens	not available	not available	252	PXD020602_F1909_jansenja_393_assay	proteomic profiling by mass spectrometry	data-dependent acquisition	NT=label free sample;AC=MS:1002038	1	1	not available	NT=Trypsin;AC=MS:1001251	NT=Carbamidomethyl;AC=UNIMOD:4;TA=C;MT=Fixed	NT=Oxidation;AC=UNIMOD:21;TA=M;MT=Variable	not available	not available	NT=H12/D12 DSS;AC=XLMOD:02001;CL=no;TA=K,nterm	not available	not available	1.5 nmol / 1 µg protein	30 min	37 °C	F1909_jansenja_393.raw	NT=ms-proteomics;VV=v1.1.0	NT=crosslinking;VV=v1.0.0	NT=human;VV=v1.1.0
PXD020602_F1908_jansenja_343	Homo sapiens	not available	not available	253	PXD020602_F1908_jansenja_343_assay	proteomic profiling by mass spectrometry	data-dependent acquisition	NT=label free sample;AC=MS:1002038	1	1	not available	NT=Trypsin;AC=MS:1001251	NT=Carbamidomethyl;AC=UNIMOD:4;TA=C;MT=Fixed	NT=Oxidation;AC=UNIMOD:21;TA=M;MT=Variable	not available	not available	NT=H12/D12 DSS;AC=XLMOD:02001;CL=no;TA=K,nterm	not available	not available	1.5 nmol / 1 µg protein	30 min	37 °C	F1908_jansenja_343.raw	NT=ms-proteomics;VV=v1.1.0	NT=crosslinking;VV=v1.0.0	NT=human;VV=v1.1.0
PXD020602_F1909_jansenja_095	Homo sapiens	not available	not available	254	PXD020602_F1909_jansenja_095_assay	proteomic profiling by mass spectrometry	data-dependent acquisition	NT=label free sample;AC=MS:1002038	1	1	not available	NT=Trypsin;AC=MS:1001251	NT=Carbamidomethyl;AC=UNIMOD:4;TA=C;MT=Fixed	NT=Oxidation;AC=UNIMOD:21;TA=M;MT=Variable	not available	not available	NT=H12/D12 DSS;AC=XLMOD:02001;CL=no;TA=K,nterm	not available	not available	1.5 nmol / 1 µg protein	30 min	37 °C	F1909_jansenja_095.raw	NT=ms-proteomics;VV=v1.1.0	NT=crosslinking;VV=v1.0.0	NT=human;VV=v1.1.0
PXD020602_F2007_jansenja_147	Homo sapiens	not available	not available	255	PXD020602_F2007_jansenja_147_assay	proteomic profiling by mass spectrometry	data-dependent acquisition	NT=label free sample;AC=MS:1002038	1	1	not available	NT=Trypsin;AC=MS:1001251	NT=Carbamidomethyl;AC=UNIMOD:4;TA=C;MT=Fixed	NT=Oxidation;AC=UNIMOD:21;TA=M;MT=Variable	not available	not available	NT=H12/D12 DSS;AC=XLMOD:02001;CL=no;TA=K,nterm	not available	not available	1.5 nmol / 1 µg protein	30 min	37 °C	F2007_jansenja_147.raw	NT=ms-proteomics;VV=v1.1.0	NT=crosslinking;VV=v1.0.0	NT=human;VV=v1.1.0
PXD020602_F1909_jansenja_308	Homo sapiens	not available	not available	256	PXD020602_F1909_jansenja_308_assay	proteomic profiling by mass spectrometry	data-dependent acquisition	NT=label free sample;AC=MS:1002038	1	1	not available	NT=Trypsin;AC=MS:1001251	NT=Carbamidomethyl;AC=UNIMOD:4;TA=C;MT=Fixed	NT=Oxidation;AC=UNIMOD:21;TA=M;MT=Variable	not available	not available	NT=H12/D12 DSS;AC=XLMOD:02001;CL=no;TA=K,nterm	not available	not available	1.5 nmol / 1 µg protein	30 min	37 °C	F1909_jansenja_308.raw	NT=ms-proteomics;VV=v1.1.0	NT=crosslinking;VV=v1.0.0	NT=human;VV=v1.1.0
PXD020602_F1908_jansenja_332	Homo sapiens	not available	not available	257	PXD020602_F1908_jansenja_332_assay	proteomic profiling by mass spectrometry	data-dependent acquisition	NT=label free sample;AC=MS:1002038	1	1	not available	NT=Trypsin;AC=MS:1001251	NT=Carbamidomethyl;AC=UNIMOD:4;TA=C;MT=Fixed	NT=Oxidation;AC=UNIMOD:21;TA=M;MT=Variable	not available	not available	NT=H12/D12 DSS;AC=XLMOD:02001;CL=no;TA=K,nterm	not available	not available	1.5 nmol / 1 µg protein	30 min	37 °C	F1908_jansenja_332.raw	NT=ms-proteomics;VV=v1.1.0	NT=crosslinking;VV=v1.0.0	NT=human;VV=v1.1.0
PXD020602_F1910_jansenja_099	Homo sapiens (human)	not available	not available	258	PXD020602_F1910_jansenja_099_assay	proteomic profiling by mass spectrometry	data-dependent acquisition	NT=label free sample;AC=MS:1002038	1	1	not available	NT=Trypsin;AC=MS:1001251	NT=Carbamidomethyl;AC=UNIMOD:4;TA=C;MT=Fixed	NT=Oxidation;AC=UNIMOD:21;TA=M;MT=Variable	not available	not available	NT=H12/D12 DSS;AC=XLMOD:02001;CL=no;TA=K,nterm	not available	not available	1.5 nmol / 1 µg protein	30 min	37 °C	F1910_jansenja_099.raw	NT=ms-proteomics;VV=v1.1.0	NT=crosslinking;VV=v1.0.0	NT=human;VV=v1.1.0
PXD020602_F1909_jansenja_075	Homo sapiens	not available	not available	259	PXD020602_F1909_jansenja_075_assay	proteomic profiling by mass spectrometry	data-dependent acquisition	NT=label free sample;AC=MS:1002038	1	1	not available	NT=Trypsin;AC=MS:1001251	NT=Carbamidomethyl;AC=UNIMOD:4;TA=C;MT=Fixed	NT=Oxidation;AC=UNIMOD:21;TA=M;MT=Variable	not available	not available	NT=H12/D12 DSS;AC=XLMOD:02001;CL=no;TA=K,nterm	not available	not available	1.5 nmol / 1 µg protein	30 min	37 °C	F1909_jansenja_075.raw	NT=ms-proteomics;VV=v1.1.0	NT=crosslinking;VV=v1.0.0	NT=human;VV=v1.1.0
PXD020602_F2007_jansenja_135	Homo sapiens	not available	not available	260	PXD020602_F2007_jansenja_135_assay	proteomic profiling by mass spectrometry	data-dependent acquisition	NT=label free sample;AC=MS:1002038	1	1	not available	NT=Trypsin;AC=MS:1001251	NT=Carbamidomethyl;AC=UNIMOD:4;TA=C;MT=Fixed	NT=Oxidation;AC=UNIMOD:21;TA=M;MT=Variable	not available	not available	NT=H12/D12 DSS;AC=XLMOD:02001;CL=no;TA=K,nterm	not available	not available	1.5 nmol / 1 µg protein	30 min	37 °C	F2007_jansenja_135.raw	NT=ms-proteomics;VV=v1.1.0	NT=crosslinking;VV=v1.0.0	NT=human;VV=v1.1.0
PXD020602_F1909_jansenja_042	Homo sapiens	not available	not available	261	PXD020602_F1909_jansenja_042_assay	proteomic profiling by mass spectrometry	data-dependent acquisition	NT=label free sample;AC=MS:1002038	1	1	not available	NT=Trypsin;AC=MS:1001251	NT=Carbamidomethyl;AC=UNIMOD:4;TA=C;MT=Fixed	NT=Oxidation;AC=UNIMOD:21;TA=M;MT=Variable	not available	not available	NT=H12/D12 DSS;AC=XLMOD:02001;CL=no;TA=K,nterm	not available	not available	1.5 nmol / 1 µg protein	30 min	37 °C	F1909_jansenja_042.raw	NT=ms-proteomics;VV=v1.1.0	NT=crosslinking;VV=v1.0.0	NT=human;VV=v1.1.0
PXD020602_F1910_jansenja_068	Homo sapiens	not available	not available	262	PXD020602_F1910_jansenja_068_assay	proteomic profiling by mass spectrometry	data-dependent acquisition	NT=label free sample;AC=MS:1002038	1	1	not available	NT=Trypsin;AC=MS:1001251	NT=Carbamidomethyl;AC=UNIMOD:4;TA=C;MT=Fixed	NT=Oxidation;AC=UNIMOD:21;TA=M;MT=Variable	not available	not available	NT=H12/D12 DSS;AC=XLMOD:02001;CL=no;TA=K,nterm	not available	not available	1.5 nmol / 1 µg protein	30 min	37 °C	F1910_jansenja_068.raw	NT=ms-proteomics;VV=v1.1.0	NT=crosslinking;VV=v1.0.0	NT=human;VV=v1.1.0
PXD020602_F1908_jansenja_456	Homo sapiens	not available	not available	263	PXD020602_F1908_jansenja_456_assay	proteomic profiling by mass spectrometry	data-dependent acquisition	NT=label free sample;AC=MS:1002038	1	1	not available	NT=Trypsin;AC=MS:1001251	NT=Carbamidomethyl;AC=UNIMOD:4;TA=C;MT=Fixed	NT=Oxidation;AC=UNIMOD:21;TA=M;MT=Variable	not available	not available	NT=H12/D12 DSS;AC=XLMOD:02001;CL=no;TA=K,nterm	not available	not available	1.5 nmol / 1 µg protein	30 min	37 °C	F1908_jansenja_456.raw	NT=ms-proteomics;VV=v1.1.0	NT=crosslinking;VV=v1.0.0	NT=human;VV=v1.1.0
PXD020602_F1909_jansenja_005	Homo sapiens	not available	not available	264	PXD020602_F1909_jansenja_005_assay	proteomic profiling by mass spectrometry	data-dependent acquisition	NT=label free sample;AC=MS:1002038	1	1	not available	NT=Trypsin;AC=MS:1001251	NT=Carbamidomethyl;AC=UNIMOD:4;TA=C;MT=Fixed	NT=Oxidation;AC=UNIMOD:21;TA=M;MT=Variable	not available	not available	NT=H12/D12 DSS;AC=XLMOD:02001;CL=no;TA=K,nterm	not available	not available	1.5 nmol / 1 µg protein	30 min	37 °C	F1909_jansenja_005.raw	NT=ms-proteomics;VV=v1.1.0	NT=crosslinking;VV=v1.0.0	NT=human;VV=v1.1.0
PXD020602_F1909_jansenja_390	Homo sapiens	not available	not available	265	PXD020602_F1909_jansenja_390_assay	proteomic profiling by mass spectrometry	data-dependent acquisition	NT=label free sample;AC=MS:1002038	1	1	not available	NT=Trypsin;AC=MS:1001251	NT=Carbamidomethyl;AC=UNIMOD:4;TA=C;MT=Fixed	NT=Oxidation;AC=UNIMOD:21;TA=M;MT=Variable	not available	not available	NT=H12/D12 DSS;AC=XLMOD:02001;CL=no;TA=K,nterm	not available	not available	1.5 nmol / 1 µg protein	30 min	37 °C	F1909_jansenja_390.raw	NT=ms-proteomics;VV=v1.1.0	NT=crosslinking;VV=v1.0.0	NT=human;VV=v1.1.0
PXD020602_F1909_jansenja_057	Homo sapiens	not available	not available	266	PXD020602_F1909_jansenja_057_assay	proteomic profiling by mass spectrometry	data-dependent acquisition	NT=label free sample;AC=MS:1002038	1	1	not available	NT=Trypsin;AC=MS:1001251	NT=Carbamidomethyl;AC=UNIMOD:4;TA=C;MT=Fixed	NT=Oxidation;AC=UNIMOD:21;TA=M;MT=Variable	not available	not available	NT=H12/D12 DSS;AC=XLMOD:02001;CL=no;TA=K,nterm	not available	not available	1.5 nmol / 1 µg protein	30 min	37 °C	F1909_jansenja_057.raw	NT=ms-proteomics;VV=v1.1.0	NT=crosslinking;VV=v1.0.0	NT=human;VV=v1.1.0
PXD020602_F2007_jansenja_057	Homo sapiens	not available	not available	267	PXD020602_F2007_jansenja_057_assay	proteomic profiling by mass spectrometry	data-dependent acquisition	NT=label free sample;AC=MS:1002038	1	1	not available	NT=Trypsin;AC=MS:1001251	NT=Carbamidomethyl;AC=UNIMOD:4;TA=C;MT=Fixed	NT=Oxidation;AC=UNIMOD:21;TA=M;MT=Variable	not available	not available	NT=H12/D12 DSS;AC=XLMOD:02001;CL=no;TA=K,nterm	not available	not available	1.5 nmol / 1 µg protein	30 min	37 °C	F2007_jansenja_057.raw	NT=ms-proteomics;VV=v1.1.0	NT=crosslinking;VV=v1.0.0	NT=human;VV=v1.1.0
PXD020602_F1908_jansenja_285	Homo sapiens	not available	not available	268	PXD020602_F1908_jansenja_285_assay	proteomic profiling by mass spectrometry	data-dependent acquisition	NT=label free sample;AC=MS:1002038	1	1	not available	NT=Trypsin;AC=MS:1001251	NT=Carbamidomethyl;AC=UNIMOD:4;TA=C;MT=Fixed	NT=Oxidation;AC=UNIMOD:21;TA=M;MT=Variable	not available	not available	NT=H12/D12 DSS;AC=XLMOD:02001;CL=no;TA=K,nterm	not available	not available	1.5 nmol / 1 µg protein	30 min	37 °C	F1908_jansenja_285.raw	NT=ms-proteomics;VV=v1.1.0	NT=crosslinking;VV=v1.0.0	NT=human;VV=v1.1.0
PXD020602_F1909_jansenja_074	Homo sapiens	not available	not available	269	PXD020602_F1909_jansenja_074_assay	proteomic profiling by mass spectrometry	data-dependent acquisition	NT=label free sample;AC=MS:1002038	1	1	not available	NT=Trypsin;AC=MS:1001251	NT=Carbamidomethyl;AC=UNIMOD:4;TA=C;MT=Fixed	NT=Oxidation;AC=UNIMOD:21;TA=M;MT=Variable	not available	not available	NT=H12/D12 DSS;AC=XLMOD:02001;CL=no;TA=K,nterm	not available	not available	1.5 nmol / 1 µg protein	30 min	37 °C	F1909_jansenja_074.raw	NT=ms-proteomics;VV=v1.1.0	NT=crosslinking;VV=v1.0.0	NT=human;VV=v1.1.0
PXD020602_F1910_jansenja_070	Homo sapiens	not available	not available	270	PXD020602_F1910_jansenja_070_assay	proteomic profiling by mass spectrometry	data-dependent acquisition	NT=label free sample;AC=MS:1002038	1	1	not available	NT=Trypsin;AC=MS:1001251	NT=Carbamidomethyl;AC=UNIMOD:4;TA=C;MT=Fixed	NT=Oxidation;AC=UNIMOD:21;TA=M;MT=Variable	not available	not available	NT=H12/D12 DSS;AC=XLMOD:02001;CL=no;TA=K,nterm	not available	not available	1.5 nmol / 1 µg protein	30 min	37 °C	F1910_jansenja_070.raw	NT=ms-proteomics;VV=v1.1.0	NT=crosslinking;VV=v1.0.0	NT=human;VV=v1.1.0
PXD020602_F2007_jansenja_120	Homo sapiens	not available	not available	271	PXD020602_F2007_jansenja_120_assay	proteomic profiling by mass spectrometry	data-dependent acquisition	NT=label free sample;AC=MS:1002038	1	1	not available	NT=Trypsin;AC=MS:1001251	NT=Carbamidomethyl;AC=UNIMOD:4;TA=C;MT=Fixed	NT=Oxidation;AC=UNIMOD:21;TA=M;MT=Variable	not available	not available	NT=H12/D12 DSS;AC=XLMOD:02001;CL=no;TA=K,nterm	not available	not available	1.5 nmol / 1 µg protein	30 min	37 °C	F2007_jansenja_120.raw	NT=ms-proteomics;VV=v1.1.0	NT=crosslinking;VV=v1.0.0	NT=human;VV=v1.1.0
PXD020602_F1908_jansenja_265	Homo sapiens	not available	not available	272	PXD020602_F1908_jansenja_265_assay	proteomic profiling by mass spectrometry	data-dependent acquisition	NT=label free sample;AC=MS:1002038	1	1	not available	NT=Trypsin;AC=MS:1001251	NT=Carbamidomethyl;AC=UNIMOD:4;TA=C;MT=Fixed	NT=Oxidation;AC=UNIMOD:21;TA=M;MT=Variable	not available	not available	NT=H12/D12 DSS;AC=XLMOD:02001;CL=no;TA=K,nterm	not available	not available	1.5 nmol / 1 µg protein	30 min	37 °C	F1908_jansenja_265.raw	NT=ms-proteomics;VV=v1.1.0	NT=crosslinking;VV=v1.0.0	NT=human;VV=v1.1.0
PXD020602_F1909_jansenja_020	Homo sapiens	not available	not available	273	PXD020602_F1909_jansenja_020_assay	proteomic profiling by mass spectrometry	data-dependent acquisition	NT=label free sample;AC=MS:1002038	1	1	not available	NT=Trypsin;AC=MS:1001251	NT=Carbamidomethyl;AC=UNIMOD:4;TA=C;MT=Fixed	NT=Oxidation;AC=UNIMOD:21;TA=M;MT=Variable	not available	not available	NT=H12/D12 DSS;AC=XLMOD:02001;CL=no;TA=K,nterm	not available	not available	1.5 nmol / 1 µg protein	30 min	37 °C	F1909_jansenja_020.raw	NT=ms-proteomics;VV=v1.1.0	NT=crosslinking;VV=v1.0.0	NT=human;VV=v1.1.0
PXD020602_F2007_jansenja_111	Homo sapiens	not available	not available	274	PXD020602_F2007_jansenja_111_assay	proteomic profiling by mass spectrometry	data-dependent acquisition	NT=label free sample;AC=MS:1002038	1	1	not available	NT=Trypsin;AC=MS:1001251	NT=Carbamidomethyl;AC=UNIMOD:4;TA=C;MT=Fixed	NT=Oxidation;AC=UNIMOD:21;TA=M;MT=Variable	not available	not available	NT=H12/D12 DSS;AC=XLMOD:02001;CL=no;TA=K,nterm	not available	not available	1.5 nmol / 1 µg protein	30 min	37 °C	F2007_jansenja_111.raw	NT=ms-proteomics;VV=v1.1.0	NT=crosslinking;VV=v1.0.0	NT=human;VV=v1.1.0
PXD020602_F1909_jansenja_019	Homo sapiens	not available	not available	275	PXD020602_F1909_jansenja_019_assay	proteomic profiling by mass spectrometry	data-dependent acquisition	NT=label free sample;AC=MS:1002038	1	1	not available	NT=Trypsin;AC=MS:1001251	NT=Carbamidomethyl;AC=UNIMOD:4;TA=C;MT=Fixed	NT=Oxidation;AC=UNIMOD:21;TA=M;MT=Variable	not available	not available	NT=H12/D12 DSS;AC=XLMOD:02001;CL=no;TA=K,nterm	not available	not available	1.5 nmol / 1 µg protein	30 min	37 °C	F1909_jansenja_019.raw	NT=ms-proteomics;VV=v1.1.0	NT=crosslinking;VV=v1.0.0	NT=human;VV=v1.1.0
PXD020602_F2007_jansenja_122	Homo sapiens	not available	not available	276	PXD020602_F2007_jansenja_122_assay	proteomic profiling by mass spectrometry	data-dependent acquisition	NT=label free sample;AC=MS:1002038	1	1	not available	NT=Trypsin;AC=MS:1001251	NT=Carbamidomethyl;AC=UNIMOD:4;TA=C;MT=Fixed	NT=Oxidation;AC=UNIMOD:21;TA=M;MT=Variable	not available	not available	NT=H12/D12 DSS;AC=XLMOD:02001;CL=no;TA=K,nterm	not available	not available	1.5 nmol / 1 µg protein	30 min	37 °C	F2007_jansenja_122.raw	NT=ms-proteomics;VV=v1.1.0	NT=crosslinking;VV=v1.0.0	NT=human;VV=v1.1.0
PXD020602_F1908_jansenja_310	Homo sapiens	not available	not available	277	PXD020602_F1908_jansenja_310_assay	proteomic profiling by mass spectrometry	data-dependent acquisition	NT=label free sample;AC=MS:1002038	1	1	not available	NT=Trypsin;AC=MS:1001251	NT=Carbamidomethyl;AC=UNIMOD:4;TA=C;MT=Fixed	NT=Oxidation;AC=UNIMOD:21;TA=M;MT=Variable	not available	not available	NT=H12/D12 DSS;AC=XLMOD:02001;CL=no;TA=K,nterm	not available	not available	1.5 nmol / 1 µg protein	30 min	37 °C	F1908_jansenja_310.raw	NT=ms-proteomics;VV=v1.1.0	NT=crosslinking;VV=v1.0.0	NT=human;VV=v1.1.0
PXD020602_F2007_jansenja_113	Homo sapiens	not available	not available	278	PXD020602_F2007_jansenja_113_assay	proteomic profiling by mass spectrometry	data-dependent acquisition	NT=label free sample;AC=MS:1002038	1	1	not available	NT=Trypsin;AC=MS:1001251	NT=Carbamidomethyl;AC=UNIMOD:4;TA=C;MT=Fixed	NT=Oxidation;AC=UNIMOD:21;TA=M;MT=Variable	not available	not available	NT=H12/D12 DSS;AC=XLMOD:02001;CL=no;TA=K,nterm	not available	not available	1.5 nmol / 1 µg protein	30 min	37 °C	F2007_jansenja_113.raw	NT=ms-proteomics;VV=v1.1.0	NT=crosslinking;VV=v1.0.0	NT=human;VV=v1.1.0
PXD020602_F1909_jansenja_052	Homo sapiens	not available	not available	279	PXD020602_F1909_jansenja_052_assay	proteomic profiling by mass spectrometry	data-dependent acquisition	NT=label free sample;AC=MS:1002038	1	1	not available	NT=Trypsin;AC=MS:1001251	NT=Carbamidomethyl;AC=UNIMOD:4;TA=C;MT=Fixed	NT=Oxidation;AC=UNIMOD:21;TA=M;MT=Variable	not available	not available	NT=H12/D12 DSS;AC=XLMOD:02001;CL=no;TA=K,nterm	not available	not available	1.5 nmol / 1 µg protein	30 min	37 °C	F1909_jansenja_052.raw	NT=ms-proteomics;VV=v1.1.0	NT=crosslinking;VV=v1.0.0	NT=human;VV=v1.1.0
PXD020602_F1910_jansenja_094	Homo sapiens	not available	not available	280	PXD020602_F1910_jansenja_094_assay	proteomic profiling by mass spectrometry	data-dependent acquisition	NT=label free sample;AC=MS:1002038	1	1	not available	NT=Trypsin;AC=MS:1001251	NT=Carbamidomethyl;AC=UNIMOD:4;TA=C;MT=Fixed	NT=Oxidation;AC=UNIMOD:21;TA=M;MT=Variable	not available	not available	NT=H12/D12 DSS;AC=XLMOD:02001;CL=no;TA=K,nterm	not available	not available	1.5 nmol / 1 µg protein	30 min	37 °C	F1910_jansenja_094.raw	NT=ms-proteomics;VV=v1.1.0	NT=crosslinking;VV=v1.0.0	NT=human;VV=v1.1.0
PXD020602_F1909_jansenja_035	Homo sapiens	not available	not available	281	PXD020602_F1909_jansenja_035_assay	proteomic profiling by mass spectrometry	data-dependent acquisition	NT=label free sample;AC=MS:1002038	1	1	not available	NT=Trypsin;AC=MS:1001251	NT=Carbamidomethyl;AC=UNIMOD:4;TA=C;MT=Fixed	NT=Oxidation;AC=UNIMOD:21;TA=M;MT=Variable	not available	not available	NT=H12/D12 DSS;AC=XLMOD:02001;CL=no;TA=K,nterm	not available	not available	1.5 nmol / 1 µg protein	30 min	37 °C	F1909_jansenja_035.raw	NT=ms-proteomics;VV=v1.1.0	NT=crosslinking;VV=v1.0.0	NT=human;VV=v1.1.0
PXD020602_F1908_jansenja_275	Homo sapiens	not available	not available	282	PXD020602_F1908_jansenja_275_assay	proteomic profiling by mass spectrometry	data-dependent acquisition	NT=label free sample;AC=MS:1002038	1	1	not available	NT=Trypsin;AC=MS:1001251	NT=Carbamidomethyl;AC=UNIMOD:4;TA=C;MT=Fixed	NT=Oxidation;AC=UNIMOD:21;TA=M;MT=Variable	not available	not available	NT=H12/D12 DSS;AC=XLMOD:02001;CL=no;TA=K,nterm	not available	not available	1.5 nmol / 1 µg protein	30 min	37 °C	F1908_jansenja_275.raw	NT=ms-proteomics;VV=v1.1.0	NT=crosslinking;VV=v1.0.0	NT=human;VV=v1.1.0
PXD020602_F1909_jansenja_298	Homo sapiens	not available	not available	283	PXD020602_F1909_jansenja_298_assay	proteomic profiling by mass spectrometry	data-dependent acquisition	NT=label free sample;AC=MS:1002038	1	1	not available	NT=Trypsin;AC=MS:1001251	NT=Carbamidomethyl;AC=UNIMOD:4;TA=C;MT=Fixed	NT=Oxidation;AC=UNIMOD:21;TA=M;MT=Variable	not available	not available	NT=H12/D12 DSS;AC=XLMOD:02001;CL=no;TA=K,nterm	not available	not available	1.5 nmol / 1 µg protein	30 min	37 °C	F1909_jansenja_298.raw	NT=ms-proteomics;VV=v1.1.0	NT=crosslinking;VV=v1.0.0	NT=human;VV=v1.1.0
PXD020602_F1909_jansenja_082	Homo sapiens	not available	not available	284	PXD020602_F1909_jansenja_082_assay	proteomic profiling by mass spectrometry	data-dependent acquisition	NT=label free sample;AC=MS:1002038	1	1	not available	NT=Trypsin;AC=MS:1001251	NT=Carbamidomethyl;AC=UNIMOD:4;TA=C;MT=Fixed	NT=Oxidation;AC=UNIMOD:21;TA=M;MT=Variable	not available	not available	NT=H12/D12 DSS;AC=XLMOD:02001;CL=no;TA=K,nterm	not available	not available	1.5 nmol / 1 µg protein	30 min	37 °C	F1909_jansenja_082.raw	NT=ms-proteomics;VV=v1.1.0	NT=crosslinking;VV=v1.0.0	NT=human;VV=v1.1.0
PXD020602_F1908_jansenja_331	Homo sapiens	not available	not available	285	PXD020602_F1908_jansenja_331_assay	proteomic profiling by mass spectrometry	data-dependent acquisition	NT=label free sample;AC=MS:1002038	1	1	not available	NT=Trypsin;AC=MS:1001251	NT=Carbamidomethyl;AC=UNIMOD:4;TA=C;MT=Fixed	NT=Oxidation;AC=UNIMOD:21;TA=M;MT=Variable	not available	not available	NT=H12/D12 DSS;AC=XLMOD:02001;CL=no;TA=K,nterm	not available	not available	1.5 nmol / 1 µg protein	30 min	37 °C	F1908_jansenja_331.raw	NT=ms-proteomics;VV=v1.1.0	NT=crosslinking;VV=v1.0.0	NT=human;VV=v1.1.0
PXD020602_F1909_jansenja_280	Homo sapiens	not available	not available	286	PXD020602_F1909_jansenja_280_assay	proteomic profiling by mass spectrometry	data-dependent acquisition	NT=label free sample;AC=MS:1002038	1	1	not available	NT=Trypsin;AC=MS:1001251	NT=Carbamidomethyl;AC=UNIMOD:4;TA=C;MT=Fixed	NT=Oxidation;AC=UNIMOD:21;TA=M;MT=Variable	not available	not available	NT=H12/D12 DSS;AC=XLMOD:02001;CL=no;TA=K,nterm	not available	not available	1.5 nmol / 1 µg protein	30 min	37 °C	F1909_jansenja_280.raw	NT=ms-proteomics;VV=v1.1.0	NT=crosslinking;VV=v1.0.0	NT=human;VV=v1.1.0
PXD020602_F1908_jansenja_330	Homo sapiens	not available	not available	287	PXD020602_F1908_jansenja_330_assay	proteomic profiling by mass spectrometry	data-dependent acquisition	NT=label free sample;AC=MS:1002038	1	1	not available	NT=Trypsin;AC=MS:1001251	NT=Carbamidomethyl;AC=UNIMOD:4;TA=C;MT=Fixed	NT=Oxidation;AC=UNIMOD:21;TA=M;MT=Variable	not available	not available	NT=H12/D12 DSS;AC=XLMOD:02001;CL=no;TA=K,nterm	not available	not available	1.5 nmol / 1 µg protein	30 min	37 °C	F1908_jansenja_330.raw	NT=ms-proteomics;VV=v1.1.0	NT=crosslinking;VV=v1.0.0	NT=human;VV=v1.1.0
PXD020602_F1909_jansenja_321	Homo sapiens	not available	not available	288	PXD020602_F1909_jansenja_321_assay	proteomic profiling by mass spectrometry	data-dependent acquisition	NT=label free sample;AC=MS:1002038	1	1	not available	NT=Trypsin;AC=MS:1001251	NT=Carbamidomethyl;AC=UNIMOD:4;TA=C;MT=Fixed	NT=Oxidation;AC=UNIMOD:21;TA=M;MT=Variable	not available	not available	NT=H12/D12 DSS;AC=XLMOD:02001;CL=no;TA=K,nterm	not available	not available	1.5 nmol / 1 µg protein	30 min	37 °C	F1909_jansenja_321.raw	NT=ms-proteomics;VV=v1.1.0	NT=crosslinking;VV=v1.0.0	NT=human;VV=v1.1.0
PXD020602_F1909_jansenja_311	Homo sapiens	not available	not available	289	PXD020602_F1909_jansenja_311_assay	proteomic profiling by mass spectrometry	data-dependent acquisition	NT=label free sample;AC=MS:1002038	1	1	not available	NT=Trypsin;AC=MS:1001251	NT=Carbamidomethyl;AC=UNIMOD:4;TA=C;MT=Fixed	NT=Oxidation;AC=UNIMOD:21;TA=M;MT=Variable	not available	not available	NT=H12/D12 DSS;AC=XLMOD:02001;CL=no;TA=K,nterm	not available	not available	1.5 nmol / 1 µg protein	30 min	37 °C	F1909_jansenja_311.raw	NT=ms-proteomics;VV=v1.1.0	NT=crosslinking;VV=v1.0.0	NT=human;VV=v1.1.0
PXD020602_F2007_jansenja_100	Homo sapiens	not available	not available	290	PXD020602_F2007_jansenja_100_assay	proteomic profiling by mass spectrometry	data-dependent acquisition	NT=label free sample;AC=MS:1002038	1	1	not available	NT=Trypsin;AC=MS:1001251	NT=Carbamidomethyl;AC=UNIMOD:4;TA=C;MT=Fixed	NT=Oxidation;AC=UNIMOD:21;TA=M;MT=Variable	not available	not available	NT=H12/D12 DSS;AC=XLMOD:02001;CL=no;TA=K,nterm	not available	not available	1.5 nmol / 1 µg protein	30 min	37 °C	F2007_jansenja_100.raw	NT=ms-proteomics;VV=v1.1.0	NT=crosslinking;VV=v1.0.0	NT=human;VV=v1.1.0
PXD020602_F1908_jansenja_287	Homo sapiens	not available	not available	291	PXD020602_F1908_jansenja_287_assay	proteomic profiling by mass spectrometry	data-dependent acquisition	NT=label free sample;AC=MS:1002038	1	1	not available	NT=Trypsin;AC=MS:1001251	NT=Carbamidomethyl;AC=UNIMOD:4;TA=C;MT=Fixed	NT=Oxidation;AC=UNIMOD:21;TA=M;MT=Variable	not available	not available	NT=H12/D12 DSS;AC=XLMOD:02001;CL=no;TA=K,nterm	not available	not available	1.5 nmol / 1 µg protein	30 min	37 °C	F1908_jansenja_287.raw	NT=ms-proteomics;VV=v1.1.0	NT=crosslinking;VV=v1.0.0	NT=human;VV=v1.1.0
PXD020602_F2007_jansenja_073	Homo sapiens	not available	not available	292	PXD020602_F2007_jansenja_073_assay	proteomic profiling by mass spectrometry	data-dependent acquisition	NT=label free sample;AC=MS:1002038	1	1	not available	NT=Trypsin;AC=MS:1001251	NT=Carbamidomethyl;AC=UNIMOD:4;TA=C;MT=Fixed	NT=Oxidation;AC=UNIMOD:21;TA=M;MT=Variable	not available	not available	NT=H12/D12 DSS;AC=XLMOD:02001;CL=no;TA=K,nterm	not available	not available	1.5 nmol / 1 µg protein	30 min	37 °C	F2007_jansenja_073.raw	NT=ms-proteomics;VV=v1.1.0	NT=crosslinking;VV=v1.0.0	NT=human;VV=v1.1.0
PXD020602_F1910_jansenja_079	Homo sapiens	not available	not available	293	PXD020602_F1910_jansenja_079_assay	proteomic profiling by mass spectrometry	data-dependent acquisition	NT=label free sample;AC=MS:1002038	1	1	not available	NT=Trypsin;AC=MS:1001251	NT=Carbamidomethyl;AC=UNIMOD:4;TA=C;MT=Fixed	NT=Oxidation;AC=UNIMOD:21;TA=M;MT=Variable	not available	not available	NT=H12/D12 DSS;AC=XLMOD:02001;CL=no;TA=K,nterm	not available	not available	1.5 nmol / 1 µg protein	30 min	37 °C	F1910_jansenja_079.raw	NT=ms-proteomics;VV=v1.1.0	NT=crosslinking;VV=v1.0.0	NT=human;VV=v1.1.0
PXD020602_F2007_jansenja_069	Homo sapiens	not available	not available	294	PXD020602_F2007_jansenja_069_assay	proteomic profiling by mass spectrometry	data-dependent acquisition	NT=label free sample;AC=MS:1002038	1	1	not available	NT=Trypsin;AC=MS:1001251	NT=Carbamidomethyl;AC=UNIMOD:4;TA=C;MT=Fixed	NT=Oxidation;AC=UNIMOD:21;TA=M;MT=Variable	not available	not available	NT=H12/D12 DSS;AC=XLMOD:02001;CL=no;TA=K,nterm	not available	not available	1.5 nmol / 1 µg protein	30 min	37 °C	F2007_jansenja_069.raw	NT=ms-proteomics;VV=v1.1.0	NT=crosslinking;VV=v1.0.0	NT=human;VV=v1.1.0
PXD020602_F1908_jansenja_254	Homo sapiens	not available	not available	295	PXD020602_F1908_jansenja_254_assay	proteomic profiling by mass spectrometry	data-dependent acquisition	NT=label free sample;AC=MS:1002038	1	1	not available	NT=Trypsin;AC=MS:1001251	NT=Carbamidomethyl;AC=UNIMOD:4;TA=C;MT=Fixed	NT=Oxidation;AC=UNIMOD:21;TA=M;MT=Variable	not available	not available	NT=H12/D12 DSS;AC=XLMOD:02001;CL=no;TA=K,nterm	not available	not available	1.5 nmol / 1 µg protein	30 min	37 °C	F1908_jansenja_254.raw	NT=ms-proteomics;VV=v1.1.0	NT=crosslinking;VV=v1.0.0	NT=human;VV=v1.1.0
PXD020602_F1908_jansenja_320	Homo sapiens	not available	not available	296	PXD020602_F1908_jansenja_320_assay	proteomic profiling by mass spectrometry	data-dependent acquisition	NT=label free sample;AC=MS:1002038	1	1	not available	NT=Trypsin;AC=MS:1001251	NT=Carbamidomethyl;AC=UNIMOD:4;TA=C;MT=Fixed	NT=Oxidation;AC=UNIMOD:21;TA=M;MT=Variable	not available	not available	NT=H12/D12 DSS;AC=XLMOD:02001;CL=no;TA=K,nterm	not available	not available	1.5 nmol / 1 µg protein	30 min	37 °C	F1908_jansenja_320.raw	NT=ms-proteomics;VV=v1.1.0	NT=crosslinking;VV=v1.0.0	NT=human;VV=v1.1.0
PXD020602_F1909_jansenja_068	Homo sapiens	not available	not available	297	PXD020602_F1909_jansenja_068_assay	proteomic profiling by mass spectrometry	data-dependent acquisition	NT=label free sample;AC=MS:1002038	1	1	not available	NT=Trypsin;AC=MS:1001251	NT=Carbamidomethyl;AC=UNIMOD:4;TA=C;MT=Fixed	NT=Oxidation;AC=UNIMOD:21;TA=M;MT=Variable	not available	not available	NT=H12/D12 DSS;AC=XLMOD:02001;CL=no;TA=K,nterm	not available	not available	1.5 nmol / 1 µg protein	30 min	37 °C	F1909_jansenja_068.raw	NT=ms-proteomics;VV=v1.1.0	NT=crosslinking;VV=v1.0.0	NT=human;VV=v1.1.0
PXD020602_F1909_jansenja_025	Homo sapiens	not available	not available	298	PXD020602_F1909_jansenja_025_assay	proteomic profiling by mass spectrometry	data-dependent acquisition	NT=label free sample;AC=MS:1002038	1	1	not available	NT=Trypsin;AC=MS:1001251	NT=Carbamidomethyl;AC=UNIMOD:4;TA=C;MT=Fixed	NT=Oxidation;AC=UNIMOD:21;TA=M;MT=Variable	not available	not available	NT=H12/D12 DSS;AC=XLMOD:02001;CL=no;TA=K,nterm	not available	not available	1.5 nmol / 1 µg protein	30 min	37 °C	F1909_jansenja_025.raw	NT=ms-proteomics;VV=v1.1.0	NT=crosslinking;VV=v1.0.0	NT=human;VV=v1.1.0
PXD020602_F1908_jansenja_379	Homo sapiens	not available	not available	299	PXD020602_F1908_jansenja_379_assay	proteomic profiling by mass spectrometry	data-dependent acquisition	NT=label free sample;AC=MS:1002038	1	1	not available	NT=Trypsin;AC=MS:1001251	NT=Carbamidomethyl;AC=UNIMOD:4;TA=C;MT=Fixed	NT=Oxidation;AC=UNIMOD:21;TA=M;MT=Variable	not available	not available	NT=H12/D12 DSS;AC=XLMOD:02001;CL=no;TA=K,nterm	not available	not available	1.5 nmol / 1 µg protein	30 min	37 °C	F1908_jansenja_379.raw	NT=ms-proteomics;VV=v1.1.0	NT=crosslinking;VV=v1.0.0	NT=human;VV=v1.1.0
PXD020602_F2007_jansenja_084	Homo sapiens	not available	not available	300	PXD020602_F2007_jansenja_084_assay	proteomic profiling by mass spectrometry	data-dependent acquisition	NT=label free sample;AC=MS:1002038	1	1	not available	NT=Trypsin;AC=MS:1001251	NT=Carbamidomethyl;AC=UNIMOD:4;TA=C;MT=Fixed	NT=Oxidation;AC=UNIMOD:21;TA=M;MT=Variable	not available	not available	NT=H12/D12 DSS;AC=XLMOD:02001;CL=no;TA=K,nterm	not available	not available	1.5 nmol / 1 µg protein	30 min	37 °C	F2007_jansenja_084.raw	NT=ms-proteomics;VV=v1.1.0	NT=crosslinking;VV=v1.0.0	NT=human;VV=v1.1.0
PXD020602_F1908_jansenja_297	Homo sapiens	not available	not available	301	PXD020602_F1908_jansenja_297_assay	proteomic profiling by mass spectrometry	data-dependent acquisition	NT=label free sample;AC=MS:1002038	1	1	not available	NT=Trypsin;AC=MS:1001251	NT=Carbamidomethyl;AC=UNIMOD:4;TA=C;MT=Fixed	NT=Oxidation;AC=UNIMOD:21;TA=M;MT=Variable	not available	not available	NT=H12/D12 DSS;AC=XLMOD:02001;CL=no;TA=K,nterm	not available	not available	1.5 nmol / 1 µg protein	30 min	37 °C	F1908_jansenja_297.raw	NT=ms-proteomics;VV=v1.1.0	NT=crosslinking;VV=v1.0.0	NT=human;VV=v1.1.0
PXD020602_F1909_jansenja_015	Homo sapiens	not available	not available	302	PXD020602_F1909_jansenja_015_assay	proteomic profiling by mass spectrometry	data-dependent acquisition	NT=label free sample;AC=MS:1002038	1	1	not available	NT=Trypsin;AC=MS:1001251	NT=Carbamidomethyl;AC=UNIMOD:4;TA=C;MT=Fixed	NT=Oxidation;AC=UNIMOD:21;TA=M;MT=Variable	not available	not available	NT=H12/D12 DSS;AC=XLMOD:02001;CL=no;TA=K,nterm	not available	not available	1.5 nmol / 1 µg protein	30 min	37 °C	F1909_jansenja_015.raw	NT=ms-proteomics;VV=v1.1.0	NT=crosslinking;VV=v1.0.0	NT=human;VV=v1.1.0
PXD020602_F1909_jansenja_071	Homo sapiens	not available	not available	303	PXD020602_F1909_jansenja_071_assay	proteomic profiling by mass spectrometry	data-dependent acquisition	NT=label free sample;AC=MS:1002038	1	1	not available	NT=Trypsin;AC=MS:1001251	NT=Carbamidomethyl;AC=UNIMOD:4;TA=C;MT=Fixed	NT=Oxidation;AC=UNIMOD:21;TA=M;MT=Variable	not available	not available	NT=H12/D12 DSS;AC=XLMOD:02001;CL=no;TA=K,nterm	not available	not available	1.5 nmol / 1 µg protein	30 min	37 °C	F1909_jansenja_071.raw	NT=ms-proteomics;VV=v1.1.0	NT=crosslinking;VV=v1.0.0	NT=human;VV=v1.1.0
PXD020602_F2007_jansenja_151	Homo sapiens	not available	not available	304	PXD020602_F2007_jansenja_151_assay	proteomic profiling by mass spectrometry	data-dependent acquisition	NT=label free sample;AC=MS:1002038	1	1	not available	NT=Trypsin;AC=MS:1001251	NT=Carbamidomethyl;AC=UNIMOD:4;TA=C;MT=Fixed	NT=Oxidation;AC=UNIMOD:21;TA=M;MT=Variable	not available	not available	NT=H12/D12 DSS;AC=XLMOD:02001;CL=no;TA=K,nterm	not available	not available	1.5 nmol / 1 µg protein	30 min	37 °C	F2007_jansenja_151.raw	NT=ms-proteomics;VV=v1.1.0	NT=crosslinking;VV=v1.0.0	NT=human;VV=v1.1.0
PXD020602_F1908_jansenja_276	Homo sapiens	not available	not available	305	PXD020602_F1908_jansenja_276_assay	proteomic profiling by mass spectrometry	data-dependent acquisition	NT=label free sample;AC=MS:1002038	1	1	not available	NT=Trypsin;AC=MS:1001251	NT=Carbamidomethyl;AC=UNIMOD:4;TA=C;MT=Fixed	NT=Oxidation;AC=UNIMOD:21;TA=M;MT=Variable	not available	not available	NT=H12/D12 DSS;AC=XLMOD:02001;CL=no;TA=K,nterm	not available	not available	1.5 nmol / 1 µg protein	30 min	37 °C	F1908_jansenja_276.raw	NT=ms-proteomics;VV=v1.1.0	NT=crosslinking;VV=v1.0.0	NT=human;VV=v1.1.0
PXD020602_F1909_jansenja_004	Homo sapiens	not available	not available	306	PXD020602_F1909_jansenja_004_assay	proteomic profiling by mass spectrometry	data-dependent acquisition	NT=label free sample;AC=MS:1002038	1	1	not available	NT=Trypsin;AC=MS:1001251	NT=Carbamidomethyl;AC=UNIMOD:4;TA=C;MT=Fixed	NT=Oxidation;AC=UNIMOD:21;TA=M;MT=Variable	not available	not available	NT=H12/D12 DSS;AC=XLMOD:02001;CL=no;TA=K,nterm	not available	not available	1.5 nmol / 1 µg protein	30 min	37 °C	F1909_jansenja_004.raw	NT=ms-proteomics;VV=v1.1.0	NT=crosslinking;VV=v1.0.0	NT=human;VV=v1.1.0
PXD020602_F1908_jansenja_255	Homo sapiens	not available	not available	307	PXD020602_F1908_jansenja_255_assay	proteomic profiling by mass spectrometry	data-dependent acquisition	NT=label free sample;AC=MS:1002038	1	1	not available	NT=Trypsin;AC=MS:1001251	NT=Carbamidomethyl;AC=UNIMOD:4;TA=C;MT=Fixed	NT=Oxidation;AC=UNIMOD:21;TA=M;MT=Variable	not available	not available	NT=H12/D12 DSS;AC=XLMOD:02001;CL=no;TA=K,nterm	not available	not available	1.5 nmol / 1 µg protein	30 min	37 °C	F1908_jansenja_255.raw	NT=ms-proteomics;VV=v1.1.0	NT=crosslinking;VV=v1.0.0	NT=human;VV=v1.1.0
PXD020602_F1908_jansenja_366	Homo sapiens	not available	not available	308	PXD020602_F1908_jansenja_366_assay	proteomic profiling by mass spectrometry	data-dependent acquisition	NT=label free sample;AC=MS:1002038	1	1	not available	NT=Trypsin;AC=MS:1001251	NT=Carbamidomethyl;AC=UNIMOD:4;TA=C;MT=Fixed	NT=Oxidation;AC=UNIMOD:21;TA=M;MT=Variable	not available	not available	NT=H12/D12 DSS;AC=XLMOD:02001;CL=no;TA=K,nterm	not available	not available	1.5 nmol / 1 µg protein	30 min	37 °C	F1908_jansenja_366.raw	NT=ms-proteomics;VV=v1.1.0	NT=crosslinking;VV=v1.0.0	NT=human;VV=v1.1.0
PXD020602_F1908_jansenja_262	Homo sapiens	not available	not available	309	PXD020602_F1908_jansenja_262_assay	proteomic profiling by mass spectrometry	data-dependent acquisition	NT=label free sample;AC=MS:1002038	1	1	not available	NT=Trypsin;AC=MS:1001251	NT=Carbamidomethyl;AC=UNIMOD:4;TA=C;MT=Fixed	NT=Oxidation;AC=UNIMOD:21;TA=M;MT=Variable	not available	not available	NT=H12/D12 DSS;AC=XLMOD:02001;CL=no;TA=K,nterm	not available	not available	1.5 nmol / 1 µg protein	30 min	37 °C	F1908_jansenja_262.raw	NT=ms-proteomics;VV=v1.1.0	NT=crosslinking;VV=v1.0.0	NT=human;VV=v1.1.0
PXD020602_F1910_jansenja_098	Homo sapiens	not available	not available	310	PXD020602_F1910_jansenja_098_assay	proteomic profiling by mass spectrometry	data-dependent acquisition	NT=label free sample;AC=MS:1002038	1	1	not available	NT=Trypsin;AC=MS:1001251	NT=Carbamidomethyl;AC=UNIMOD:4;TA=C;MT=Fixed	NT=Oxidation;AC=UNIMOD:21;TA=M;MT=Variable	not available	not available	NT=H12/D12 DSS;AC=XLMOD:02001;CL=no;TA=K,nterm	not available	not available	1.5 nmol / 1 µg protein	30 min	37 °C	F1910_jansenja_098.raw	NT=ms-proteomics;VV=v1.1.0	NT=crosslinking;VV=v1.0.0	NT=human;VV=v1.1.0
PXD020602_F1909_jansenja_076	Homo sapiens	not available	not available	311	PXD020602_F1909_jansenja_076_assay	proteomic profiling by mass spectrometry	data-dependent acquisition	NT=label free sample;AC=MS:1002038	1	1	not available	NT=Trypsin;AC=MS:1001251	NT=Carbamidomethyl;AC=UNIMOD:4;TA=C;MT=Fixed	NT=Oxidation;AC=UNIMOD:21;TA=M;MT=Variable	not available	not available	NT=H12/D12 DSS;AC=XLMOD:02001;CL=no;TA=K,nterm	not available	not available	1.5 nmol / 1 µg protein	30 min	37 °C	F1909_jansenja_076.raw	NT=ms-proteomics;VV=v1.1.0	NT=crosslinking;VV=v1.0.0	NT=human;VV=v1.1.0
PXD020602_F2007_jansenja_110	Homo sapiens	not available	not available	312	PXD020602_F2007_jansenja_110_assay	proteomic profiling by mass spectrometry	data-dependent acquisition	NT=label free sample;AC=MS:1002038	1	1	not available	NT=Trypsin;AC=MS:1001251	NT=Carbamidomethyl;AC=UNIMOD:4;TA=C;MT=Fixed	NT=Oxidation;AC=UNIMOD:21;TA=M;MT=Variable	not available	not available	NT=H12/D12 DSS;AC=XLMOD:02001;CL=no;TA=K,nterm	not available	not available	1.5 nmol / 1 µg protein	30 min	37 °C	F2007_jansenja_110.raw	NT=ms-proteomics;VV=v1.1.0	NT=crosslinking;VV=v1.0.0	NT=human;VV=v1.1.0
PXD020602_F1908_jansenja_269	Homo sapiens	not available	not available	313	PXD020602_F1908_jansenja_269_assay	proteomic profiling by mass spectrometry	data-dependent acquisition	NT=label free sample;AC=MS:1002038	1	1	not available	NT=Trypsin;AC=MS:1001251	NT=Carbamidomethyl;AC=UNIMOD:4;TA=C;MT=Fixed	NT=Oxidation;AC=UNIMOD:21;TA=M;MT=Variable	not available	not available	NT=H12/D12 DSS;AC=XLMOD:02001;CL=no;TA=K,nterm	not available	not available	1.5 nmol / 1 µg protein	30 min	37 °C	F1908_jansenja_269.raw	NT=ms-proteomics;VV=v1.1.0	NT=crosslinking;VV=v1.0.0	NT=human;VV=v1.1.0
PXD020602_F1908_jansenja_245	Homo sapiens	not available	not available	314	PXD020602_F1908_jansenja_245_assay	proteomic profiling by mass spectrometry	data-dependent acquisition	NT=label free sample;AC=MS:1002038	1	1	not available	NT=Trypsin;AC=MS:1001251	NT=Carbamidomethyl;AC=UNIMOD:4;TA=C;MT=Fixed	NT=Oxidation;AC=UNIMOD:21;TA=M;MT=Variable	not available	not available	NT=H12/D12 DSS;AC=XLMOD:02001;CL=no;TA=K,nterm	not available	not available	1.5 nmol / 1 µg protein	30 min	37 °C	F1908_jansenja_245.raw	NT=ms-proteomics;VV=v1.1.0	NT=crosslinking;VV=v1.0.0	NT=human;VV=v1.1.0
PXD020602_F1909_jansenja_030	Homo sapiens	not available	not available	315	PXD020602_F1909_jansenja_030_assay	proteomic profiling by mass spectrometry	data-dependent acquisition	NT=label free sample;AC=MS:1002038	1	1	not available	NT=Trypsin;AC=MS:1001251	NT=Carbamidomethyl;AC=UNIMOD:4;TA=C;MT=Fixed	NT=Oxidation;AC=UNIMOD:21;TA=M;MT=Variable	not available	not available	NT=H12/D12 DSS;AC=XLMOD:02001;CL=no;TA=K,nterm	not available	not available	1.5 nmol / 1 µg protein	30 min	37 °C	F1909_jansenja_030.raw	NT=ms-proteomics;VV=v1.1.0	NT=crosslinking;VV=v1.0.0	NT=human;VV=v1.1.0
PXD020602_F1908_jansenja_237	Homo sapiens	not available	not available	316	PXD020602_F1908_jansenja_237_assay	proteomic profiling by mass spectrometry	data-dependent acquisition	NT=label free sample;AC=MS:1002038	1	1	not available	NT=Trypsin;AC=MS:1001251	NT=Carbamidomethyl;AC=UNIMOD:4;TA=C;MT=Fixed	NT=Oxidation;AC=UNIMOD:21;TA=M;MT=Variable	not available	not available	NT=H12/D12 DSS;AC=XLMOD:02001;CL=no;TA=K,nterm	not available	not available	1.5 nmol / 1 µg protein	30 min	37 °C	F1908_jansenja_237.raw	NT=ms-proteomics;VV=v1.1.0	NT=crosslinking;VV=v1.0.0	NT=human;VV=v1.1.0
PXD020602_F1908_jansenja_454	Homo sapiens	not available	not available	317	PXD020602_F1908_jansenja_454_assay	proteomic profiling by mass spectrometry	data-dependent acquisition	NT=label free sample;AC=MS:1002038	1	1	not available	NT=Trypsin;AC=MS:1001251	NT=Carbamidomethyl;AC=UNIMOD:4;TA=C;MT=Fixed	NT=Oxidation;AC=UNIMOD:21;TA=M;MT=Variable	not available	not available	NT=H12/D12 DSS;AC=XLMOD:02001;CL=no;TA=K,nterm	not available	not available	1.5 nmol / 1 µg protein	30 min	37 °C	F1908_jansenja_454.raw	NT=ms-proteomics;VV=v1.1.0	NT=crosslinking;VV=v1.0.0	NT=human;VV=v1.1.0
PXD020602_F1909_jansenja_092	Homo sapiens	not available	not available	318	PXD020602_F1909_jansenja_092_assay	proteomic profiling by mass spectrometry	data-dependent acquisition	NT=label free sample;AC=MS:1002038	1	1	not available	NT=Trypsin;AC=MS:1001251	NT=Carbamidomethyl;AC=UNIMOD:4;TA=C;MT=Fixed	NT=Oxidation;AC=UNIMOD:21;TA=M;MT=Variable	not available	not available	NT=H12/D12 DSS;AC=XLMOD:02001;CL=no;TA=K,nterm	not available	not available	1.5 nmol / 1 µg protein	30 min	37 °C	F1909_jansenja_092.raw	NT=ms-proteomics;VV=v1.1.0	NT=crosslinking;VV=v1.0.0	NT=human;VV=v1.1.0
PXD020602_F1908_jansenja_309	Homo sapiens	not available	not available	319	PXD020602_F1908_jansenja_309_assay	proteomic profiling by mass spectrometry	data-dependent acquisition	NT=label free sample;AC=MS:1002038	1	1	not available	NT=Trypsin;AC=MS:1001251	NT=Carbamidomethyl;AC=UNIMOD:4;TA=C;MT=Fixed	NT=Oxidation;AC=UNIMOD:21;TA=M;MT=Variable	not available	not available	NT=H12/D12 DSS;AC=XLMOD:02001;CL=no;TA=K,nterm	not available	not available	1.5 nmol / 1 µg protein	30 min	37 °C	F1908_jansenja_309.raw	NT=ms-proteomics;VV=v1.1.0	NT=crosslinking;VV=v1.0.0	NT=human;VV=v1.1.0
PXD020602_F2007_jansenja_083	Homo sapiens	not available	not available	320	PXD020602_F2007_jansenja_083_assay	proteomic profiling by mass spectrometry	data-dependent acquisition	NT=label free sample;AC=MS:1002038	1	1	not available	NT=Trypsin;AC=MS:1001251	NT=Carbamidomethyl;AC=UNIMOD:4;TA=C;MT=Fixed	NT=Oxidation;AC=UNIMOD:21;TA=M;MT=Variable	not available	not available	NT=H12/D12 DSS;AC=XLMOD:02001;CL=no;TA=K,nterm	not available	not available	1.5 nmol / 1 µg protein	30 min	37 °C	F2007_jansenja_083.raw	NT=ms-proteomics;VV=v1.1.0	NT=crosslinking;VV=v1.0.0	NT=human;VV=v1.1.0
PXD020602_F1908_jansenja_342	Homo sapiens	not available	not available	321	PXD020602_F1908_jansenja_342_assay	proteomic profiling by mass spectrometry	data-dependent acquisition	NT=label free sample;AC=MS:1002038	1	1	not available	NT=Trypsin;AC=MS:1001251	NT=Carbamidomethyl;AC=UNIMOD:4;TA=C;MT=Fixed	NT=Oxidation;AC=UNIMOD:21;TA=M;MT=Variable	not available	not available	NT=H12/D12 DSS;AC=XLMOD:02001;CL=no;TA=K,nterm	not available	not available	1.5 nmol / 1 µg protein	30 min	37 °C	F1908_jansenja_342.raw	NT=ms-proteomics;VV=v1.1.0	NT=crosslinking;VV=v1.0.0	NT=human;VV=v1.1.0
PXD020602_F1909_jansenja_270	Homo sapiens	not available	not available	322	PXD020602_F1909_jansenja_270_assay	proteomic profiling by mass spectrometry	data-dependent acquisition	NT=label free sample;AC=MS:1002038	1	1	not available	NT=Trypsin;AC=MS:1001251	NT=Carbamidomethyl;AC=UNIMOD:4;TA=C;MT=Fixed	NT=Oxidation;AC=UNIMOD:21;TA=M;MT=Variable	not available	not available	NT=H12/D12 DSS;AC=XLMOD:02001;CL=no;TA=K,nterm	not available	not available	1.5 nmol / 1 µg protein	30 min	37 °C	F1909_jansenja_270.raw	NT=ms-proteomics;VV=v1.1.0	NT=crosslinking;VV=v1.0.0	NT=human;VV=v1.1.0
PXD020602_F1908_jansenja_282	Homo sapiens	not available	not available	323	PXD020602_F1908_jansenja_282_assay	proteomic profiling by mass spectrometry	data-dependent acquisition	NT=label free sample;AC=MS:1002038	1	1	not available	NT=Trypsin;AC=MS:1001251	NT=Carbamidomethyl;AC=UNIMOD:4;TA=C;MT=Fixed	NT=Oxidation;AC=UNIMOD:21;TA=M;MT=Variable	not available	not available	NT=H12/D12 DSS;AC=XLMOD:02001;CL=no;TA=K,nterm	not available	not available	1.5 nmol / 1 µg protein	30 min	37 °C	F1908_jansenja_282.raw	NT=ms-proteomics;VV=v1.1.0	NT=crosslinking;VV=v1.0.0	NT=human;VV=v1.1.0
PXD020602_F1909_jansenja_266	Homo sapiens	not available	not available	324	PXD020602_F1909_jansenja_266_assay	proteomic profiling by mass spectrometry	data-dependent acquisition	NT=label free sample;AC=MS:1002038	1	1	not available	NT=Trypsin;AC=MS:1001251	NT=Carbamidomethyl;AC=UNIMOD:4;TA=C;MT=Fixed	NT=Oxidation;AC=UNIMOD:21;TA=M;MT=Variable	not available	not available	NT=H12/D12 DSS;AC=XLMOD:02001;CL=no;TA=K,nterm	not available	not available	1.5 nmol / 1 µg protein	30 min	37 °C	F1909_jansenja_266.raw	NT=ms-proteomics;VV=v1.1.0	NT=crosslinking;VV=v1.0.0	NT=human;VV=v1.1.0
PXD020602_F1909_jansenja_072	Homo sapiens	not available	not available	325	PXD020602_F1909_jansenja_072_assay	proteomic profiling by mass spectrometry	data-dependent acquisition	NT=label free sample;AC=MS:1002038	1	1	not available	NT=Trypsin;AC=MS:1001251	NT=Carbamidomethyl;AC=UNIMOD:4;TA=C;MT=Fixed	NT=Oxidation;AC=UNIMOD:21;TA=M;MT=Variable	not available	not available	NT=H12/D12 DSS;AC=XLMOD:02001;CL=no;TA=K,nterm	not available	not available	1.5 nmol / 1 µg protein	30 min	37 °C	F1909_jansenja_072.raw	NT=ms-proteomics;VV=v1.1.0	NT=crosslinking;VV=v1.0.0	NT=human;VV=v1.1.0
PXD020602_F1910_jansenja_087	Homo sapiens	not available	not available	326	PXD020602_F1910_jansenja_087_assay	proteomic profiling by mass spectrometry	data-dependent acquisition	NT=label free sample;AC=MS:1002038	1	1	not available	NT=Trypsin;AC=MS:1001251	NT=Carbamidomethyl;AC=UNIMOD:4;TA=C;MT=Fixed	NT=Oxidation;AC=UNIMOD:21;TA=M;MT=Variable	not available	not available	NT=H12/D12 DSS;AC=XLMOD:02001;CL=no;TA=K,nterm	not available	not available	1.5 nmol / 1 µg protein	30 min	37 °C	F1910_jansenja_087.raw	NT=ms-proteomics;VV=v1.1.0	NT=crosslinking;VV=v1.0.0	NT=human;VV=v1.1.0
PXD020602_F1910_jansenja_089	Homo sapiens	not available	not available	327	PXD020602_F1910_jansenja_089_assay	proteomic profiling by mass spectrometry	data-dependent acquisition	NT=label free sample;AC=MS:1002038	1	1	not available	NT=Trypsin;AC=MS:1001251	NT=Carbamidomethyl;AC=UNIMOD:4;TA=C;MT=Fixed	NT=Oxidation;AC=UNIMOD:21;TA=M;MT=Variable	not available	not available	NT=H12/D12 DSS;AC=XLMOD:02001;CL=no;TA=K,nterm	not available	not available	1.5 nmol / 1 µg protein	30 min	37 °C	F1910_jansenja_089.raw	NT=ms-proteomics;VV=v1.1.0	NT=crosslinking;VV=v1.0.0	NT=human;VV=v1.1.0
PXD020602_F1909_jansenja_313	Homo sapiens	not available	not available	328	PXD020602_F1909_jansenja_313_assay	proteomic profiling by mass spectrometry	data-dependent acquisition	NT=label free sample;AC=MS:1002038	1	1	not available	NT=Trypsin;AC=MS:1001251	NT=Carbamidomethyl;AC=UNIMOD:4;TA=C;MT=Fixed	NT=Oxidation;AC=UNIMOD:21;TA=M;MT=Variable	not available	not available	NT=H12/D12 DSS;AC=XLMOD:02001;CL=no;TA=K,nterm	not available	not available	1.5 nmol / 1 µg protein	30 min	37 °C	F1909_jansenja_313.raw	NT=ms-proteomics;VV=v1.1.0	NT=crosslinking;VV=v1.0.0	NT=human;VV=v1.1.0
PXD020602_F1909_jansenja_006	Homo sapiens	not available	not available	329	PXD020602_F1909_jansenja_006_assay	proteomic profiling by mass spectrometry	data-dependent acquisition	NT=label free sample;AC=MS:1002038	1	1	not available	NT=Trypsin;AC=MS:1001251	NT=Carbamidomethyl;AC=UNIMOD:4;TA=C;MT=Fixed	NT=Oxidation;AC=UNIMOD:21;TA=M;MT=Variable	not available	not available	NT=H12/D12 DSS;AC=XLMOD:02001;CL=no;TA=K,nterm	not available	not available	1.5 nmol / 1 µg protein	30 min	37 °C	F1909_jansenja_006.raw	NT=ms-proteomics;VV=v1.1.0	NT=crosslinking;VV=v1.0.0	NT=human;VV=v1.1.0
PXD020602_F1909_jansenja_292	Homo sapiens	not available	not available	330	PXD020602_F1909_jansenja_292_assay	proteomic profiling by mass spectrometry	data-dependent acquisition	NT=label free sample;AC=MS:1002038	1	1	not available	NT=Trypsin;AC=MS:1001251	NT=Carbamidomethyl;AC=UNIMOD:4;TA=C;MT=Fixed	NT=Oxidation;AC=UNIMOD:21;TA=M;MT=Variable	not available	not available	NT=H12/D12 DSS;AC=XLMOD:02001;CL=no;TA=K,nterm	not available	not available	1.5 nmol / 1 µg protein	30 min	37 °C	F1909_jansenja_292.raw	NT=ms-proteomics;VV=v1.1.0	NT=crosslinking;VV=v1.0.0	NT=human;VV=v1.1.0
PXD020602_F1908_jansenja_419	Homo sapiens	not available	not available	331	PXD020602_F1908_jansenja_419_assay	proteomic profiling by mass spectrometry	data-dependent acquisition	NT=label free sample;AC=MS:1002038	1	1	not available	NT=Trypsin;AC=MS:1001251	NT=Carbamidomethyl;AC=UNIMOD:4;TA=C;MT=Fixed	NT=Oxidation;AC=UNIMOD:21;TA=M;MT=Variable	not available	not available	NT=H12/D12 DSS;AC=XLMOD:02001;CL=no;TA=K,nterm	not available	not available	1.5 nmol / 1 µg protein	30 min	37 °C	F1908_jansenja_419.raw	NT=ms-proteomics;VV=v1.1.0	NT=crosslinking;VV=v1.0.0	NT=human;VV=v1.1.0
PXD020602_F1908_jansenja_354	Homo sapiens	not available	not available	332	PXD020602_F1908_jansenja_354_assay	proteomic profiling by mass spectrometry	data-dependent acquisition	NT=label free sample;AC=MS:1002038	1	1	not available	NT=Trypsin;AC=MS:1001251	NT=Carbamidomethyl;AC=UNIMOD:4;TA=C;MT=Fixed	NT=Oxidation;AC=UNIMOD:21;TA=M;MT=Variable	not available	not available	NT=H12/D12 DSS;AC=XLMOD:02001;CL=no;TA=K,nterm	not available	not available	1.5 nmol / 1 µg protein	30 min	37 °C	F1908_jansenja_354.raw	NT=ms-proteomics;VV=v1.1.0	NT=crosslinking;VV=v1.0.0	NT=human;VV=v1.1.0
PXD020602_F1908_jansenja_260	Homo sapiens	not available	not available	333	PXD020602_F1908_jansenja_260_assay	proteomic profiling by mass spectrometry	data-dependent acquisition	NT=label free sample;AC=MS:1002038	1	1	not available	NT=Trypsin;AC=MS:1001251	NT=Carbamidomethyl;AC=UNIMOD:4;TA=C;MT=Fixed	NT=Oxidation;AC=UNIMOD:21;TA=M;MT=Variable	not available	not available	NT=H12/D12 DSS;AC=XLMOD:02001;CL=no;TA=K,nterm	not available	not available	1.5 nmol / 1 µg protein	30 min	37 °C	F1908_jansenja_260.raw	NT=ms-proteomics;VV=v1.1.0	NT=crosslinking;VV=v1.0.0	NT=human;VV=v1.1.0
PXD020602_F2007_jansenja_063	Homo sapiens	not available	not available	334	PXD020602_F2007_jansenja_063_assay	proteomic profiling by mass spectrometry	data-dependent acquisition	NT=label free sample;AC=MS:1002038	1	1	not available	NT=Trypsin;AC=MS:1001251	NT=Carbamidomethyl;AC=UNIMOD:4;TA=C;MT=Fixed	NT=Oxidation;AC=UNIMOD:21;TA=M;MT=Variable	not available	not available	NT=H12/D12 DSS;AC=XLMOD:02001;CL=no;TA=K,nterm	not available	not available	1.5 nmol / 1 µg protein	30 min	37 °C	F2007_jansenja_063.raw	NT=ms-proteomics;VV=v1.1.0	NT=crosslinking;VV=v1.0.0	NT=human;VV=v1.1.0
PXD020602_F1908_jansenja_283	Homo sapiens	not available	not available	335	PXD020602_F1908_jansenja_283_assay	proteomic profiling by mass spectrometry	data-dependent acquisition	NT=label free sample;AC=MS:1002038	1	1	not available	NT=Trypsin;AC=MS:1001251	NT=Carbamidomethyl;AC=UNIMOD:4;TA=C;MT=Fixed	NT=Oxidation;AC=UNIMOD:21;TA=M;MT=Variable	not available	not available	NT=H12/D12 DSS;AC=XLMOD:02001;CL=no;TA=K,nterm	not available	not available	1.5 nmol / 1 µg protein	30 min	37 °C	F1908_jansenja_283.raw	NT=ms-proteomics;VV=v1.1.0	NT=crosslinking;VV=v1.0.0	NT=human;VV=v1.1.0
PXD020602_F1909_jansenja_039	Homo sapiens	not available	not available	336	PXD020602_F1909_jansenja_039_assay	proteomic profiling by mass spectrometry	data-dependent acquisition	NT=label free sample;AC=MS:1002038	1	1	not available	NT=Trypsin;AC=MS:1001251	NT=Carbamidomethyl;AC=UNIMOD:4;TA=C;MT=Fixed	NT=Oxidation;AC=UNIMOD:21;TA=M;MT=Variable	not available	not available	NT=H12/D12 DSS;AC=XLMOD:02001;CL=no;TA=K,nterm	not available	not available	1.5 nmol / 1 µg protein	30 min	37 °C	F1909_jansenja_039.raw	NT=ms-proteomics;VV=v1.1.0	NT=crosslinking;VV=v1.0.0	NT=human;VV=v1.1.0
PXD020602_F1910_jansenja_096	Homo sapiens	not available	not available	337	PXD020602_F1910_jansenja_096_assay	proteomic profiling by mass spectrometry	data-dependent acquisition	NT=label free sample;AC=MS:1002038	1	1	not available	NT=Trypsin;AC=MS:1001251	NT=Carbamidomethyl;AC=UNIMOD:4;TA=C;MT=Fixed	NT=Oxidation;AC=UNIMOD:21;TA=M;MT=Variable	not available	not available	NT=H12/D12 DSS;AC=XLMOD:02001;CL=no;TA=K,nterm	not available	not available	1.5 nmol / 1 µg protein	30 min	37 °C	F1910_jansenja_096.raw	NT=ms-proteomics;VV=v1.1.0	NT=crosslinking;VV=v1.0.0	NT=human;VV=v1.1.0
PXD020602_F1908_jansenja_375	Homo sapiens	not available	not available	338	PXD020602_F1908_jansenja_375_assay	proteomic profiling by mass spectrometry	data-dependent acquisition	NT=label free sample;AC=MS:1002038	1	1	not available	NT=Trypsin;AC=MS:1001251	NT=Carbamidomethyl;AC=UNIMOD:4;TA=C;MT=Fixed	NT=Oxidation;AC=UNIMOD:21;TA=M;MT=Variable	not available	not available	NT=H12/D12 DSS;AC=XLMOD:02001;CL=no;TA=K,nterm	not available	not available	1.5 nmol / 1 µg protein	30 min	37 °C	F1908_jansenja_375.raw	NT=ms-proteomics;VV=v1.1.0	NT=crosslinking;VV=v1.0.0	NT=human;VV=v1.1.0
PXD020602_F2007_jansenja_115	Homo sapiens	not available	not available	339	PXD020602_F2007_jansenja_115_assay	proteomic profiling by mass spectrometry	data-dependent acquisition	NT=label free sample;AC=MS:1002038	1	1	not available	NT=Trypsin;AC=MS:1001251	NT=Carbamidomethyl;AC=UNIMOD:4;TA=C;MT=Fixed	NT=Oxidation;AC=UNIMOD:21;TA=M;MT=Variable	not available	not available	NT=H12/D12 DSS;AC=XLMOD:02001;CL=no;TA=K,nterm	not available	not available	1.5 nmol / 1 µg protein	30 min	37 °C	F2007_jansenja_115.raw	NT=ms-proteomics;VV=v1.1.0	NT=crosslinking;VV=v1.0.0	NT=human;VV=v1.1.0
PXD020602_F1908_jansenja_367	Homo sapiens	not available	not available	340	PXD020602_F1908_jansenja_367_assay	proteomic profiling by mass spectrometry	data-dependent acquisition	NT=label free sample;AC=MS:1002038	1	1	not available	NT=Trypsin;AC=MS:1001251	NT=Carbamidomethyl;AC=UNIMOD:4;TA=C;MT=Fixed	NT=Oxidation;AC=UNIMOD:21;TA=M;MT=Variable	not available	not available	NT=H12/D12 DSS;AC=XLMOD:02001;CL=no;TA=K,nterm	not available	not available	1.5 nmol / 1 µg protein	30 min	37 °C	F1908_jansenja_367.raw	NT=ms-proteomics;VV=v1.1.0	NT=crosslinking;VV=v1.0.0	NT=human;VV=v1.1.0
PXD020602_F1909_jansenja_091	Homo sapiens	not available	not available	341	PXD020602_F1909_jansenja_091_assay	proteomic profiling by mass spectrometry	data-dependent acquisition	NT=label free sample;AC=MS:1002038	1	1	not available	NT=Trypsin;AC=MS:1001251	NT=Carbamidomethyl;AC=UNIMOD:4;TA=C;MT=Fixed	NT=Oxidation;AC=UNIMOD:21;TA=M;MT=Variable	not available	not available	NT=H12/D12 DSS;AC=XLMOD:02001;CL=no;TA=K,nterm	not available	not available	1.5 nmol / 1 µg protein	30 min	37 °C	F1909_jansenja_091.raw	NT=ms-proteomics;VV=v1.1.0	NT=crosslinking;VV=v1.0.0	NT=human;VV=v1.1.0
PXD020602_F1908_jansenja_243	Homo sapiens	not available	not available	342	PXD020602_F1908_jansenja_243_assay	proteomic profiling by mass spectrometry	data-dependent acquisition	NT=label free sample;AC=MS:1002038	1	1	not available	NT=Trypsin;AC=MS:1001251	NT=Carbamidomethyl;AC=UNIMOD:4;TA=C;MT=Fixed	NT=Oxidation;AC=UNIMOD:21;TA=M;MT=Variable	not available	not available	NT=H12/D12 DSS;AC=XLMOD:02001;CL=no;TA=K,nterm	not available	not available	1.5 nmol / 1 µg protein	30 min	37 °C	F1908_jansenja_243.raw	NT=ms-proteomics;VV=v1.1.0	NT=crosslinking;VV=v1.0.0	NT=human;VV=v1.1.0
PXD020602_F1908_jansenja_438	Homo sapiens	not available	not available	343	PXD020602_F1908_jansenja_438_assay	proteomic profiling by mass spectrometry	data-dependent acquisition	NT=label free sample;AC=MS:1002038	1	1	not available	NT=Trypsin;AC=MS:1001251	NT=Carbamidomethyl;AC=UNIMOD:4;TA=C;MT=Fixed	NT=Oxidation;AC=UNIMOD:21;TA=M;MT=Variable	not available	not available	NT=H12/D12 DSS;AC=XLMOD:02001;CL=no;TA=K,nterm	not available	not available	1.5 nmol / 1 µg protein	30 min	37 °C	F1908_jansenja_438.raw	NT=ms-proteomics;VV=v1.1.0	NT=crosslinking;VV=v1.0.0	NT=human;VV=v1.1.0
PXD020602_F1908_jansenja_352	Homo sapiens	not available	not available	344	PXD020602_F1908_jansenja_352_assay	proteomic profiling by mass spectrometry	data-dependent acquisition	NT=label free sample;AC=MS:1002038	1	1	not available	NT=Trypsin;AC=MS:1001251	NT=Carbamidomethyl;AC=UNIMOD:4;TA=C;MT=Fixed	NT=Oxidation;AC=UNIMOD:21;TA=M;MT=Variable	not available	not available	NT=H12/D12 DSS;AC=XLMOD:02001;CL=no;TA=K,nterm	not available	not available	1.5 nmol / 1 µg protein	30 min	37 °C	F1908_jansenja_352.raw	NT=ms-proteomics;VV=v1.1.0	NT=crosslinking;VV=v1.0.0	NT=human;VV=v1.1.0
PXD020602_F1909_jansenja_278	Homo sapiens	not available	not available	345	PXD020602_F1909_jansenja_278_assay	proteomic profiling by mass spectrometry	data-dependent acquisition	NT=label free sample;AC=MS:1002038	1	1	not available	NT=Trypsin;AC=MS:1001251	NT=Carbamidomethyl;AC=UNIMOD:4;TA=C;MT=Fixed	NT=Oxidation;AC=UNIMOD:21;TA=M;MT=Variable	not available	not available	NT=H12/D12 DSS;AC=XLMOD:02001;CL=no;TA=K,nterm	not available	not available	1.5 nmol / 1 µg protein	30 min	37 °C	F1909_jansenja_278.raw	NT=ms-proteomics;VV=v1.1.0	NT=crosslinking;VV=v1.0.0	NT=human;VV=v1.1.0
PXD020602_F1909_jansenja_404	Homo sapiens	not available	not available	346	PXD020602_F1909_jansenja_404_assay	proteomic profiling by mass spectrometry	data-dependent acquisition	NT=label free sample;AC=MS:1002038	1	1	not available	NT=Trypsin;AC=MS:1001251	NT=Carbamidomethyl;AC=UNIMOD:4;TA=C;MT=Fixed	NT=Oxidation;AC=UNIMOD:21;TA=M;MT=Variable	not available	not available	NT=H12/D12 DSS;AC=XLMOD:02001;CL=no;TA=K,nterm	not available	not available	1.5 nmol / 1 µg protein	30 min	37 °C	F1909_jansenja_404.raw	NT=ms-proteomics;VV=v1.1.0	NT=crosslinking;VV=v1.0.0	NT=human;VV=v1.1.0
PXD020602_F1910_jansenja_074	Homo sapiens	not available	not available	347	PXD020602_F1910_jansenja_074_assay	proteomic profiling by mass spectrometry	data-dependent acquisition	NT=label free sample;AC=MS:1002038	1	1	not available	NT=Trypsin;AC=MS:1001251	NT=Carbamidomethyl;AC=UNIMOD:4;TA=C;MT=Fixed	NT=Oxidation;AC=UNIMOD:21;TA=M;MT=Variable	not available	not available	NT=H12/D12 DSS;AC=XLMOD:02001;CL=no;TA=K,nterm	not available	not available	1.5 nmol / 1 µg protein	30 min	37 °C	F1910_jansenja_074.raw	NT=ms-proteomics;VV=v1.1.0	NT=crosslinking;VV=v1.0.0	NT=human;VV=v1.1.0
PXD020602_F1908_jansenja_442	Homo sapiens	not available	not available	348	PXD020602_F1908_jansenja_442_assay	proteomic profiling by mass spectrometry	data-dependent acquisition	NT=label free sample;AC=MS:1002038	1	1	not available	NT=Trypsin;AC=MS:1001251	NT=Carbamidomethyl;AC=UNIMOD:4;TA=C;MT=Fixed	NT=Oxidation;AC=UNIMOD:21;TA=M;MT=Variable	not available	not available	NT=H12/D12 DSS;AC=XLMOD:02001;CL=no;TA=K,nterm	not available	not available	1.5 nmol / 1 µg protein	30 min	37 °C	F1908_jansenja_442.raw	NT=ms-proteomics;VV=v1.1.0	NT=crosslinking;VV=v1.0.0	NT=human;VV=v1.1.0
PXD020602_F1909_jansenja_307	Homo sapiens	not available	not available	349	PXD020602_F1909_jansenja_307_assay	proteomic profiling by mass spectrometry	data-dependent acquisition	NT=label free sample;AC=MS:1002038	1	1	not available	NT=Trypsin;AC=MS:1001251	NT=Carbamidomethyl;AC=UNIMOD:4;TA=C;MT=Fixed	NT=Oxidation;AC=UNIMOD:21;TA=M;MT=Variable	not available	not available	NT=H12/D12 DSS;AC=XLMOD:02001;CL=no;TA=K,nterm	not available	not available	1.5 nmol / 1 µg protein	30 min	37 °C	F1909_jansenja_307.raw	NT=ms-proteomics;VV=v1.1.0	NT=crosslinking;VV=v1.0.0	NT=human;VV=v1.1.0
PXD020602_F2007_jansenja_130	Homo sapiens	not available	not available	350	PXD020602_F2007_jansenja_130_assay	proteomic profiling by mass spectrometry	data-dependent acquisition	NT=label free sample;AC=MS:1002038	1	1	not available	NT=Trypsin;AC=MS:1001251	NT=Carbamidomethyl;AC=UNIMOD:4;TA=C;MT=Fixed	NT=Oxidation;AC=UNIMOD:21;TA=M;MT=Variable	not available	not available	NT=H12/D12 DSS;AC=XLMOD:02001;CL=no;TA=K,nterm	not available	not available	1.5 nmol / 1 µg protein	30 min	37 °C	F2007_jansenja_130.raw	NT=ms-proteomics;VV=v1.1.0	NT=crosslinking;VV=v1.0.0	NT=human;VV=v1.1.0
PXD020602_F1909_jansenja_403	Homo sapiens	not available	not available	351	PXD020602_F1909_jansenja_403_assay	proteomic profiling by mass spectrometry	data-dependent acquisition	NT=label free sample;AC=MS:1002038	1	1	not available	NT=Trypsin;AC=MS:1001251	NT=Carbamidomethyl;AC=UNIMOD:4;TA=C;MT=Fixed	NT=Oxidation;AC=UNIMOD:21;TA=M;MT=Variable	not available	not available	NT=H12/D12 DSS;AC=XLMOD:02001;CL=no;TA=K,nterm	not available	not available	1.5 nmol / 1 µg protein	30 min	37 °C	F1909_jansenja_403.raw	NT=ms-proteomics;VV=v1.1.0	NT=crosslinking;VV=v1.0.0	NT=human;VV=v1.1.0
PXD020602_F1909_jansenja_045	Homo sapiens	not available	not available	352	PXD020602_F1909_jansenja_045_assay	proteomic profiling by mass spectrometry	data-dependent acquisition	NT=label free sample;AC=MS:1002038	1	1	not available	NT=Trypsin;AC=MS:1001251	NT=Carbamidomethyl;AC=UNIMOD:4;TA=C;MT=Fixed	NT=Oxidation;AC=UNIMOD:21;TA=M;MT=Variable	not available	not available	NT=H12/D12 DSS;AC=XLMOD:02001;CL=no;TA=K,nterm	not available	not available	1.5 nmol / 1 µg protein	30 min	37 °C	F1909_jansenja_045.raw	NT=ms-proteomics;VV=v1.1.0	NT=crosslinking;VV=v1.0.0	NT=human;VV=v1.1.0
PXD020602_F2007_jansenja_091	Homo sapiens	not available	not available	353	PXD020602_F2007_jansenja_091_assay	proteomic profiling by mass spectrometry	data-dependent acquisition	NT=label free sample;AC=MS:1002038	1	1	not available	NT=Trypsin;AC=MS:1001251	NT=Carbamidomethyl;AC=UNIMOD:4;TA=C;MT=Fixed	NT=Oxidation;AC=UNIMOD:21;TA=M;MT=Variable	not available	not available	NT=H12/D12 DSS;AC=XLMOD:02001;CL=no;TA=K,nterm	not available	not available	1.5 nmol / 1 µg protein	30 min	37 °C	F2007_jansenja_091.raw	NT=ms-proteomics;VV=v1.1.0	NT=crosslinking;VV=v1.0.0	NT=human;VV=v1.1.0
PXD020602_F1908_jansenja_381	Homo sapiens	not available	not available	354	PXD020602_F1908_jansenja_381_assay	proteomic profiling by mass spectrometry	data-dependent acquisition	NT=label free sample;AC=MS:1002038	1	1	not available	NT=Trypsin;AC=MS:1001251	NT=Carbamidomethyl;AC=UNIMOD:4;TA=C;MT=Fixed	NT=Oxidation;AC=UNIMOD:21;TA=M;MT=Variable	not available	not available	NT=H12/D12 DSS;AC=XLMOD:02001;CL=no;TA=K,nterm	not available	not available	1.5 nmol / 1 µg protein	30 min	37 °C	F1908_jansenja_381.raw	NT=ms-proteomics;VV=v1.1.0	NT=crosslinking;VV=v1.0.0	NT=human;VV=v1.1.0
PXD020602_F1910_jansenja_076	Homo sapiens	not available	not available	355	PXD020602_F1910_jansenja_076_assay	proteomic profiling by mass spectrometry	data-dependent acquisition	NT=label free sample;AC=MS:1002038	1	1	not available	NT=Trypsin;AC=MS:1001251	NT=Carbamidomethyl;AC=UNIMOD:4;TA=C;MT=Fixed	NT=Oxidation;AC=UNIMOD:21;TA=M;MT=Variable	not available	not available	NT=H12/D12 DSS;AC=XLMOD:02001;CL=no;TA=K,nterm	not available	not available	1.5 nmol / 1 µg protein	30 min	37 °C	F1910_jansenja_076.raw	NT=ms-proteomics;VV=v1.1.0	NT=crosslinking;VV=v1.0.0	NT=human;VV=v1.1.0
PXD020602_F2007_jansenja_104	Homo sapiens	not available	not available	356	PXD020602_F2007_jansenja_104_assay	proteomic profiling by mass spectrometry	data-dependent acquisition	NT=label free sample;AC=MS:1002038	1	1	not available	NT=Trypsin;AC=MS:1001251	NT=Carbamidomethyl;AC=UNIMOD:4;TA=C;MT=Fixed	NT=Oxidation;AC=UNIMOD:21;TA=M;MT=Variable	not available	not available	NT=H12/D12 DSS;AC=XLMOD:02001;CL=no;TA=K,nterm	not available	not available	1.5 nmol / 1 µg protein	30 min	37 °C	F2007_jansenja_104.raw	NT=ms-proteomics;VV=v1.1.0	NT=crosslinking;VV=v1.0.0	NT=human;VV=v1.1.0
PXD020602_F1908_jansenja_306	Homo sapiens	not available	not available	357	PXD020602_F1908_jansenja_306_assay	proteomic profiling by mass spectrometry	data-dependent acquisition	NT=label free sample;AC=MS:1002038	1	1	not available	NT=Trypsin;AC=MS:1001251	NT=Carbamidomethyl;AC=UNIMOD:4;TA=C;MT=Fixed	NT=Oxidation;AC=UNIMOD:21;TA=M;MT=Variable	not available	not available	NT=H12/D12 DSS;AC=XLMOD:02001;CL=no;TA=K,nterm	not available	not available	1.5 nmol / 1 µg protein	30 min	37 °C	F1908_jansenja_306.raw	NT=ms-proteomics;VV=v1.1.0	NT=crosslinking;VV=v1.0.0	NT=human;VV=v1.1.0
PXD020602_F1908_jansenja_329	Homo sapiens	not available	not available	358	PXD020602_F1908_jansenja_329_assay	proteomic profiling by mass spectrometry	data-dependent acquisition	NT=label free sample;AC=MS:1002038	1	1	not available	NT=Trypsin;AC=MS:1001251	NT=Carbamidomethyl;AC=UNIMOD:4;TA=C;MT=Fixed	NT=Oxidation;AC=UNIMOD:21;TA=M;MT=Variable	not available	not available	NT=H12/D12 DSS;AC=XLMOD:02001;CL=no;TA=K,nterm	not available	not available	1.5 nmol / 1 µg protein	30 min	37 °C	F1908_jansenja_329.raw	NT=ms-proteomics;VV=v1.1.0	NT=crosslinking;VV=v1.0.0	NT=human;VV=v1.1.0
PXD020602_F1908_jansenja_445	Homo sapiens	not available	not available	359	PXD020602_F1908_jansenja_445_assay	proteomic profiling by mass spectrometry	data-dependent acquisition	NT=label free sample;AC=MS:1002038	1	1	not available	NT=Trypsin;AC=MS:1001251	NT=Carbamidomethyl;AC=UNIMOD:4;TA=C;MT=Fixed	NT=Oxidation;AC=UNIMOD:21;TA=M;MT=Variable	not available	not available	NT=H12/D12 DSS;AC=XLMOD:02001;CL=no;TA=K,nterm	not available	not available	1.5 nmol / 1 µg protein	30 min	37 °C	F1908_jansenja_445.raw	NT=ms-proteomics;VV=v1.1.0	NT=crosslinking;VV=v1.0.0	NT=human;VV=v1.1.0
PXD020602_F2007_jansenja_103	Homo sapiens	not available	not available	360	PXD020602_F2007_jansenja_103_assay	proteomic profiling by mass spectrometry	data-dependent acquisition	NT=label free sample;AC=MS:1002038	1	1	not available	NT=Trypsin;AC=MS:1001251	NT=Carbamidomethyl;AC=UNIMOD:4;TA=C;MT=Fixed	NT=Oxidation;AC=UNIMOD:21;TA=M;MT=Variable	not available	not available	NT=H12/D12 DSS;AC=XLMOD:02001;CL=no;TA=K,nterm	not available	not available	1.5 nmol / 1 µg protein	30 min	37 °C	F2007_jansenja_103.raw	NT=ms-proteomics;VV=v1.1.0	NT=crosslinking;VV=v1.0.0	NT=human;VV=v1.1.0
PXD020602_F1908_jansenja_451	Homo sapiens	not available	not available	361	PXD020602_F1908_jansenja_451_assay	proteomic profiling by mass spectrometry	data-dependent acquisition	NT=label free sample;AC=MS:1002038	1	1	not available	NT=Trypsin;AC=MS:1001251	NT=Carbamidomethyl;AC=UNIMOD:4;TA=C;MT=Fixed	NT=Oxidation;AC=UNIMOD:21;TA=M;MT=Variable	not available	not available	NT=H12/D12 DSS;AC=XLMOD:02001;CL=no;TA=K,nterm	not available	not available	1.5 nmol / 1 µg protein	30 min	37 °C	F1908_jansenja_451.raw	NT=ms-proteomics;VV=v1.1.0	NT=crosslinking;VV=v1.0.0	NT=human;VV=v1.1.0
PXD020602_F1908_jansenja_356	Homo sapiens	not available	not available	362	PXD020602_F1908_jansenja_356_assay	proteomic profiling by mass spectrometry	data-dependent acquisition	NT=label free sample;AC=MS:1002038	1	1	not available	NT=Trypsin;AC=MS:1001251	NT=Carbamidomethyl;AC=UNIMOD:4;TA=C;MT=Fixed	NT=Oxidation;AC=UNIMOD:21;TA=M;MT=Variable	not available	not available	NT=H12/D12 DSS;AC=XLMOD:02001;CL=no;TA=K,nterm	not available	not available	1.5 nmol / 1 µg protein	30 min	37 °C	F1908_jansenja_356.raw	NT=ms-proteomics;VV=v1.1.0	NT=crosslinking;VV=v1.0.0	NT=human;VV=v1.1.0
PXD020602_F1908_jansenja_324	Homo sapiens	not available	not available	363	PXD020602_F1908_jansenja_324_assay	proteomic profiling by mass spectrometry	data-dependent acquisition	NT=label free sample;AC=MS:1002038	1	1	not available	NT=Trypsin;AC=MS:1001251	NT=Carbamidomethyl;AC=UNIMOD:4;TA=C;MT=Fixed	NT=Oxidation;AC=UNIMOD:21;TA=M;MT=Variable	not available	not available	NT=H12/D12 DSS;AC=XLMOD:02001;CL=no;TA=K,nterm	not available	not available	1.5 nmol / 1 µg protein	30 min	37 °C	F1908_jansenja_324.raw	NT=ms-proteomics;VV=v1.1.0	NT=crosslinking;VV=v1.0.0	NT=human;VV=v1.1.0
PXD020602_F2007_jansenja_079	Homo sapiens	not available	not available	364	PXD020602_F2007_jansenja_079_assay	proteomic profiling by mass spectrometry	data-dependent acquisition	NT=label free sample;AC=MS:1002038	1	1	not available	NT=Trypsin;AC=MS:1001251	NT=Carbamidomethyl;AC=UNIMOD:4;TA=C;MT=Fixed	NT=Oxidation;AC=UNIMOD:21;TA=M;MT=Variable	not available	not available	NT=H12/D12 DSS;AC=XLMOD:02001;CL=no;TA=K,nterm	not available	not available	1.5 nmol / 1 µg protein	30 min	37 °C	F2007_jansenja_079.raw	NT=ms-proteomics;VV=v1.1.0	NT=crosslinking;VV=v1.0.0	NT=human;VV=v1.1.0
PXD020602_F1908_jansenja_304	Homo sapiens	not available	not available	365	PXD020602_F1908_jansenja_304_assay	proteomic profiling by mass spectrometry	data-dependent acquisition	NT=label free sample;AC=MS:1002038	1	1	not available	NT=Trypsin;AC=MS:1001251	NT=Carbamidomethyl;AC=UNIMOD:4;TA=C;MT=Fixed	NT=Oxidation;AC=UNIMOD:21;TA=M;MT=Variable	not available	not available	NT=H12/D12 DSS;AC=XLMOD:02001;CL=no;TA=K,nterm	not available	not available	1.5 nmol / 1 µg protein	30 min	37 °C	F1908_jansenja_304.raw	NT=ms-proteomics;VV=v1.1.0	NT=crosslinking;VV=v1.0.0	NT=human;VV=v1.1.0
PXD020602_F1909_jansenja_058	Homo sapiens	not available	not available	366	PXD020602_F1909_jansenja_058_assay	proteomic profiling by mass spectrometry	data-dependent acquisition	NT=label free sample;AC=MS:1002038	1	1	not available	NT=Trypsin;AC=MS:1001251	NT=Carbamidomethyl;AC=UNIMOD:4;TA=C;MT=Fixed	NT=Oxidation;AC=UNIMOD:21;TA=M;MT=Variable	not available	not available	NT=H12/D12 DSS;AC=XLMOD:02001;CL=no;TA=K,nterm	not available	not available	1.5 nmol / 1 µg protein	30 min	37 °C	F1909_jansenja_058.raw	NT=ms-proteomics;VV=v1.1.0	NT=crosslinking;VV=v1.0.0	NT=human;VV=v1.1.0
PXD020602_F1910_jansenja_080	Homo sapiens	not available	not available	367	PXD020602_F1910_jansenja_080_assay	proteomic profiling by mass spectrometry	data-dependent acquisition	NT=label free sample;AC=MS:1002038	1	1	not available	NT=Trypsin;AC=MS:1001251	NT=Carbamidomethyl;AC=UNIMOD:4;TA=C;MT=Fixed	NT=Oxidation;AC=UNIMOD:21;TA=M;MT=Variable	not available	not available	NT=H12/D12 DSS;AC=XLMOD:02001;CL=no;TA=K,nterm	not available	not available	1.5 nmol / 1 µg protein	30 min	37 °C	F1910_jansenja_080.raw	NT=ms-proteomics;VV=v1.1.0	NT=crosslinking;VV=v1.0.0	NT=human;VV=v1.1.0
PXD020602_F1908_jansenja_335	Homo sapiens	not available	not available	368	PXD020602_F1908_jansenja_335_assay	proteomic profiling by mass spectrometry	data-dependent acquisition	NT=label free sample;AC=MS:1002038	1	1	not available	NT=Trypsin;AC=MS:1001251	NT=Carbamidomethyl;AC=UNIMOD:4;TA=C;MT=Fixed	NT=Oxidation;AC=UNIMOD:21;TA=M;MT=Variable	not available	not available	NT=H12/D12 DSS;AC=XLMOD:02001;CL=no;TA=K,nterm	not available	not available	1.5 nmol / 1 µg protein	30 min	37 °C	F1908_jansenja_335.raw	NT=ms-proteomics;VV=v1.1.0	NT=crosslinking;VV=v1.0.0	NT=human;VV=v1.1.0
PXD020602_F1909_jansenja_402	Homo sapiens	not available	not available	369	PXD020602_F1909_jansenja_402_assay	proteomic profiling by mass spectrometry	data-dependent acquisition	NT=label free sample;AC=MS:1002038	1	1	not available	NT=Trypsin;AC=MS:1001251	NT=Carbamidomethyl;AC=UNIMOD:4;TA=C;MT=Fixed	NT=Oxidation;AC=UNIMOD:21;TA=M;MT=Variable	not available	not available	NT=H12/D12 DSS;AC=XLMOD:02001;CL=no;TA=K,nterm	not available	not available	1.5 nmol / 1 µg protein	30 min	37 °C	F1909_jansenja_402.raw	NT=ms-proteomics;VV=v1.1.0	NT=crosslinking;VV=v1.0.0	NT=human;VV=v1.1.0
PXD020602_F1909_jansenja_040	Homo sapiens	not available	not available	370	PXD020602_F1909_jansenja_040_assay	proteomic profiling by mass spectrometry	data-dependent acquisition	NT=label free sample;AC=MS:1002038	1	1	not available	NT=Trypsin;AC=MS:1001251	NT=Carbamidomethyl;AC=UNIMOD:4;TA=C;MT=Fixed	NT=Oxidation;AC=UNIMOD:21;TA=M;MT=Variable	not available	not available	NT=H12/D12 DSS;AC=XLMOD:02001;CL=no;TA=K,nterm	not available	not available	1.5 nmol / 1 µg protein	30 min	37 °C	F1909_jansenja_040.raw	NT=ms-proteomics;VV=v1.1.0	NT=crosslinking;VV=v1.0.0	NT=human;VV=v1.1.0
PXD020602_F1909_jansenja_031	Homo sapiens	not available	not available	371	PXD020602_F1909_jansenja_031_assay	proteomic profiling by mass spectrometry	data-dependent acquisition	NT=label free sample;AC=MS:1002038	1	1	not available	NT=Trypsin;AC=MS:1001251	NT=Carbamidomethyl;AC=UNIMOD:4;TA=C;MT=Fixed	NT=Oxidation;AC=UNIMOD:21;TA=M;MT=Variable	not available	not available	NT=H12/D12 DSS;AC=XLMOD:02001;CL=no;TA=K,nterm	not available	not available	1.5 nmol / 1 µg protein	30 min	37 °C	F1909_jansenja_031.raw	NT=ms-proteomics;VV=v1.1.0	NT=crosslinking;VV=v1.0.0	NT=human;VV=v1.1.0
PXD020602_F1909_jansenja_054	Homo sapiens	not available	not available	372	PXD020602_F1909_jansenja_054_assay	proteomic profiling by mass spectrometry	data-dependent acquisition	NT=label free sample;AC=MS:1002038	1	1	not available	NT=Trypsin;AC=MS:1001251	NT=Carbamidomethyl;AC=UNIMOD:4;TA=C;MT=Fixed	NT=Oxidation;AC=UNIMOD:21;TA=M;MT=Variable	not available	not available	NT=H12/D12 DSS;AC=XLMOD:02001;CL=no;TA=K,nterm	not available	not available	1.5 nmol / 1 µg protein	30 min	37 °C	F1909_jansenja_054.raw	NT=ms-proteomics;VV=v1.1.0	NT=crosslinking;VV=v1.0.0	NT=human;VV=v1.1.0
PXD020602_F1908_jansenja_288	Homo sapiens	not available	not available	373	PXD020602_F1908_jansenja_288_assay	proteomic profiling by mass spectrometry	data-dependent acquisition	NT=label free sample;AC=MS:1002038	1	1	not available	NT=Trypsin;AC=MS:1001251	NT=Carbamidomethyl;AC=UNIMOD:4;TA=C;MT=Fixed	NT=Oxidation;AC=UNIMOD:21;TA=M;MT=Variable	not available	not available	NT=H12/D12 DSS;AC=XLMOD:02001;CL=no;TA=K,nterm	not available	not available	1.5 nmol / 1 µg protein	30 min	37 °C	F1908_jansenja_288.raw	NT=ms-proteomics;VV=v1.1.0	NT=crosslinking;VV=v1.0.0	NT=human;VV=v1.1.0
PXD020602_F1908_jansenja_312	Homo sapiens	not available	not available	374	PXD020602_F1908_jansenja_312_assay	proteomic profiling by mass spectrometry	data-dependent acquisition	NT=label free sample;AC=MS:1002038	1	1	not available	NT=Trypsin;AC=MS:1001251	NT=Carbamidomethyl;AC=UNIMOD:4;TA=C;MT=Fixed	NT=Oxidation;AC=UNIMOD:21;TA=M;MT=Variable	not available	not available	NT=H12/D12 DSS;AC=XLMOD:02001;CL=no;TA=K,nterm	not available	not available	1.5 nmol / 1 µg protein	30 min	37 °C	F1908_jansenja_312.raw	NT=ms-proteomics;VV=v1.1.0	NT=crosslinking;VV=v1.0.0	NT=human;VV=v1.1.0
PXD020602_F1908_jansenja_435	Homo sapiens	not available	not available	375	PXD020602_F1908_jansenja_435_assay	proteomic profiling by mass spectrometry	data-dependent acquisition	NT=label free sample;AC=MS:1002038	1	1	not available	NT=Trypsin;AC=MS:1001251	NT=Carbamidomethyl;AC=UNIMOD:4;TA=C;MT=Fixed	NT=Oxidation;AC=UNIMOD:21;TA=M;MT=Variable	not available	not available	NT=H12/D12 DSS;AC=XLMOD:02001;CL=no;TA=K,nterm	not available	not available	1.5 nmol / 1 µg protein	30 min	37 °C	F1908_jansenja_435.raw	NT=ms-proteomics;VV=v1.1.0	NT=crosslinking;VV=v1.0.0	NT=human;VV=v1.1.0
PXD020602_F1909_jansenja_079	Homo sapiens	not available	not available	376	PXD020602_F1909_jansenja_079_assay	proteomic profiling by mass spectrometry	data-dependent acquisition	NT=label free sample;AC=MS:1002038	1	1	not available	NT=Trypsin;AC=MS:1001251	NT=Carbamidomethyl;AC=UNIMOD:4;TA=C;MT=Fixed	NT=Oxidation;AC=UNIMOD:21;TA=M;MT=Variable	not available	not available	NT=H12/D12 DSS;AC=XLMOD:02001;CL=no;TA=K,nterm	not available	not available	1.5 nmol / 1 µg protein	30 min	37 °C	F1909_jansenja_079.raw	NT=ms-proteomics;VV=v1.1.0	NT=crosslinking;VV=v1.0.0	NT=human;VV=v1.1.0
PXD020602_F1910_jansenja_066	Homo sapiens	not available	not available	377	PXD020602_F1910_jansenja_066_assay	proteomic profiling by mass spectrometry	data-dependent acquisition	NT=label free sample;AC=MS:1002038	1	1	not available	NT=Trypsin;AC=MS:1001251	NT=Carbamidomethyl;AC=UNIMOD:4;TA=C;MT=Fixed	NT=Oxidation;AC=UNIMOD:21;TA=M;MT=Variable	not available	not available	NT=H12/D12 DSS;AC=XLMOD:02001;CL=no;TA=K,nterm	not available	not available	1.5 nmol / 1 µg protein	30 min	37 °C	F1910_jansenja_066.raw	NT=ms-proteomics;VV=v1.1.0	NT=crosslinking;VV=v1.0.0	NT=human;VV=v1.1.0
PXD020602_F1908_jansenja_432	Homo sapiens	not available	not available	378	PXD020602_F1908_jansenja_432_assay	proteomic profiling by mass spectrometry	data-dependent acquisition	NT=label free sample;AC=MS:1002038	1	1	not available	NT=Trypsin;AC=MS:1001251	NT=Carbamidomethyl;AC=UNIMOD:4;TA=C;MT=Fixed	NT=Oxidation;AC=UNIMOD:21;TA=M;MT=Variable	not available	not available	NT=H12/D12 DSS;AC=XLMOD:02001;CL=no;TA=K,nterm	not available	not available	1.5 nmol / 1 µg protein	30 min	37 °C	F1908_jansenja_432.raw	NT=ms-proteomics;VV=v1.1.0	NT=crosslinking;VV=v1.0.0	NT=human;VV=v1.1.0
PXD020602_F1910_jansenja_064	Homo sapiens	not available	not available	379	PXD020602_F1910_jansenja_064_assay	proteomic profiling by mass spectrometry	data-dependent acquisition	NT=label free sample;AC=MS:1002038	1	1	not available	NT=Trypsin;AC=MS:1001251	NT=Carbamidomethyl;AC=UNIMOD:4;TA=C;MT=Fixed	NT=Oxidation;AC=UNIMOD:21;TA=M;MT=Variable	not available	not available	NT=H12/D12 DSS;AC=XLMOD:02001;CL=no;TA=K,nterm	not available	not available	1.5 nmol / 1 µg protein	30 min	37 °C	F1910_jansenja_064.raw	NT=ms-proteomics;VV=v1.1.0	NT=crosslinking;VV=v1.0.0	NT=human;VV=v1.1.0
PXD020602_F1908_jansenja_440	Homo sapiens	not available	not available	380	PXD020602_F1908_jansenja_440_assay	proteomic profiling by mass spectrometry	data-dependent acquisition	NT=label free sample;AC=MS:1002038	1	1	not available	NT=Trypsin;AC=MS:1001251	NT=Carbamidomethyl;AC=UNIMOD:4;TA=C;MT=Fixed	NT=Oxidation;AC=UNIMOD:21;TA=M;MT=Variable	not available	not available	NT=H12/D12 DSS;AC=XLMOD:02001;CL=no;TA=K,nterm	not available	not available	1.5 nmol / 1 µg protein	30 min	37 °C	F1908_jansenja_440.raw	NT=ms-proteomics;VV=v1.1.0	NT=crosslinking;VV=v1.0.0	NT=human;VV=v1.1.0
PXD020602_F2007_jansenja_133	Homo sapiens	not available	not available	381	PXD020602_F2007_jansenja_133_assay	proteomic profiling by mass spectrometry	data-dependent acquisition	NT=label free sample;AC=MS:1002038	1	1	not available	NT=Trypsin;AC=MS:1001251	NT=Carbamidomethyl;AC=UNIMOD:4;TA=C;MT=Fixed	NT=Oxidation;AC=UNIMOD:21;TA=M;MT=Variable	not available	not available	NT=H12/D12 DSS;AC=XLMOD:02001;CL=no;TA=K,nterm	not available	not available	1.5 nmol / 1 µg protein	30 min	37 °C	F2007_jansenja_133.raw	NT=ms-proteomics;VV=v1.1.0	NT=crosslinking;VV=v1.0.0	NT=human;VV=v1.1.0
PXD020602_F1909_jansenja_017	Homo sapiens	not available	not available	382	PXD020602_F1909_jansenja_017_assay	proteomic profiling by mass spectrometry	data-dependent acquisition	NT=label free sample;AC=MS:1002038	1	1	not available	NT=Trypsin;AC=MS:1001251	NT=Carbamidomethyl;AC=UNIMOD:4;TA=C;MT=Fixed	NT=Oxidation;AC=UNIMOD:21;TA=M;MT=Variable	not available	not available	NT=H12/D12 DSS;AC=XLMOD:02001;CL=no;TA=K,nterm	not available	not available	1.5 nmol / 1 µg protein	30 min	37 °C	F1909_jansenja_017.raw	NT=ms-proteomics;VV=v1.1.0	NT=crosslinking;VV=v1.0.0	NT=human;VV=v1.1.0
PXD020602_F2007_jansenja_121	Homo sapiens	not available	not available	383	PXD020602_F2007_jansenja_121_assay	proteomic profiling by mass spectrometry	data-dependent acquisition	NT=label free sample;AC=MS:1002038	1	1	not available	NT=Trypsin;AC=MS:1001251	NT=Carbamidomethyl;AC=UNIMOD:4;TA=C;MT=Fixed	NT=Oxidation;AC=UNIMOD:21;TA=M;MT=Variable	not available	not available	NT=H12/D12 DSS;AC=XLMOD:02001;CL=no;TA=K,nterm	not available	not available	1.5 nmol / 1 µg protein	30 min	37 °C	F2007_jansenja_121.raw	NT=ms-proteomics;VV=v1.1.0	NT=crosslinking;VV=v1.0.0	NT=human;VV=v1.1.0
PXD020602_F1909_jansenja_063	Homo sapiens	not available	not available	384	PXD020602_F1909_jansenja_063_assay	proteomic profiling by mass spectrometry	data-dependent acquisition	NT=label free sample;AC=MS:1002038	1	1	not available	NT=Trypsin;AC=MS:1001251	NT=Carbamidomethyl;AC=UNIMOD:4;TA=C;MT=Fixed	NT=Oxidation;AC=UNIMOD:21;TA=M;MT=Variable	not available	not available	NT=H12/D12 DSS;AC=XLMOD:02001;CL=no;TA=K,nterm	not available	not available	1.5 nmol / 1 µg protein	30 min	37 °C	F1909_jansenja_063.raw	NT=ms-proteomics;VV=v1.1.0	NT=crosslinking;VV=v1.0.0	NT=human;VV=v1.1.0
PXD020602_F1910_jansenja_083	Homo sapiens	not available	not available	385	PXD020602_F1910_jansenja_083_assay	proteomic profiling by mass spectrometry	data-dependent acquisition	NT=label free sample;AC=MS:1002038	1	1	not available	NT=Trypsin;AC=MS:1001251	NT=Carbamidomethyl;AC=UNIMOD:4;TA=C;MT=Fixed	NT=Oxidation;AC=UNIMOD:21;TA=M;MT=Variable	not available	not available	NT=H12/D12 DSS;AC=XLMOD:02001;CL=no;TA=K,nterm	not available	not available	1.5 nmol / 1 µg protein	30 min	37 °C	F1910_jansenja_083.raw	NT=ms-proteomics;VV=v1.1.0	NT=crosslinking;VV=v1.0.0	NT=human;VV=v1.1.0
PXD020602_F1908_jansenja_337	Homo sapiens	not available	not available	386	PXD020602_F1908_jansenja_337_assay	proteomic profiling by mass spectrometry	data-dependent acquisition	NT=label free sample;AC=MS:1002038	1	1	not available	NT=Trypsin;AC=MS:1001251	NT=Carbamidomethyl;AC=UNIMOD:4;TA=C;MT=Fixed	NT=Oxidation;AC=UNIMOD:21;TA=M;MT=Variable	not available	not available	NT=H12/D12 DSS;AC=XLMOD:02001;CL=no;TA=K,nterm	not available	not available	1.5 nmol / 1 µg protein	30 min	37 °C	F1908_jansenja_337.raw	NT=ms-proteomics;VV=v1.1.0	NT=crosslinking;VV=v1.0.0	NT=human;VV=v1.1.0
PXD020602_F1909_jansenja_323	Homo sapiens	not available	not available	387	PXD020602_F1909_jansenja_323_assay	proteomic profiling by mass spectrometry	data-dependent acquisition	NT=label free sample;AC=MS:1002038	1	1	not available	NT=Trypsin;AC=MS:1001251	NT=Carbamidomethyl;AC=UNIMOD:4;TA=C;MT=Fixed	NT=Oxidation;AC=UNIMOD:21;TA=M;MT=Variable	not available	not available	NT=H12/D12 DSS;AC=XLMOD:02001;CL=no;TA=K,nterm	not available	not available	1.5 nmol / 1 µg protein	30 min	37 °C	F1909_jansenja_323.raw	NT=ms-proteomics;VV=v1.1.0	NT=crosslinking;VV=v1.0.0	NT=human;VV=v1.1.0
PXD020602_F1908_jansenja_365	Homo sapiens	not available	not available	388	PXD020602_F1908_jansenja_365_assay	proteomic profiling by mass spectrometry	data-dependent acquisition	NT=label free sample;AC=MS:1002038	1	1	not available	NT=Trypsin;AC=MS:1001251	NT=Carbamidomethyl;AC=UNIMOD:4;TA=C;MT=Fixed	NT=Oxidation;AC=UNIMOD:21;TA=M;MT=Variable	not available	not available	NT=H12/D12 DSS;AC=XLMOD:02001;CL=no;TA=K,nterm	not available	not available	1.5 nmol / 1 µg protein	30 min	37 °C	F1908_jansenja_365.raw	NT=ms-proteomics;VV=v1.1.0	NT=crosslinking;VV=v1.0.0	NT=human;VV=v1.1.0
PXD020602_F1908_jansenja_272	Homo sapiens	not available	not available	389	PXD020602_F1908_jansenja_272_assay	proteomic profiling by mass spectrometry	data-dependent acquisition	NT=label free sample;AC=MS:1002038	1	1	not available	NT=Trypsin;AC=MS:1001251	NT=Carbamidomethyl;AC=UNIMOD:4;TA=C;MT=Fixed	NT=Oxidation;AC=UNIMOD:21;TA=M;MT=Variable	not available	not available	NT=H12/D12 DSS;AC=XLMOD:02001;CL=no;TA=K,nterm	not available	not available	1.5 nmol / 1 µg protein	30 min	37 °C	F1908_jansenja_272.raw	NT=ms-proteomics;VV=v1.1.0	NT=crosslinking;VV=v1.0.0	NT=human;VV=v1.1.0
PXD020602_F2007_jansenja_071	Homo sapiens	not available	not available	390	PXD020602_F2007_jansenja_071_assay	proteomic profiling by mass spectrometry	data-dependent acquisition	NT=label free sample;AC=MS:1002038	1	1	not available	NT=Trypsin;AC=MS:1001251	NT=Carbamidomethyl;AC=UNIMOD:4;TA=C;MT=Fixed	NT=Oxidation;AC=UNIMOD:21;TA=M;MT=Variable	not available	not available	NT=H12/D12 DSS;AC=XLMOD:02001;CL=no;TA=K,nterm	not available	not available	1.5 nmol / 1 µg protein	30 min	37 °C	F2007_jansenja_071.raw	NT=ms-proteomics;VV=v1.1.0	NT=crosslinking;VV=v1.0.0	NT=human;VV=v1.1.0
PXD020602_F1908_jansenja_235	Homo sapiens	not available	not available	391	PXD020602_F1908_jansenja_235_assay	proteomic profiling by mass spectrometry	data-dependent acquisition	NT=label free sample;AC=MS:1002038	1	1	not available	NT=Trypsin;AC=MS:1001251	NT=Carbamidomethyl;AC=UNIMOD:4;TA=C;MT=Fixed	NT=Oxidation;AC=UNIMOD:21;TA=M;MT=Variable	not available	not available	NT=H12/D12 DSS;AC=XLMOD:02001;CL=no;TA=K,nterm	not available	not available	1.5 nmol / 1 µg protein	30 min	37 °C	F1908_jansenja_235.raw	NT=ms-proteomics;VV=v1.1.0	NT=crosslinking;VV=v1.0.0	NT=human;VV=v1.1.0
PXD020602_F2007_jansenja_068	Homo sapiens	not available	not available	392	PXD020602_F2007_jansenja_068_assay	proteomic profiling by mass spectrometry	data-dependent acquisition	NT=label free sample;AC=MS:1002038	1	1	not available	NT=Trypsin;AC=MS:1001251	NT=Carbamidomethyl;AC=UNIMOD:4;TA=C;MT=Fixed	NT=Oxidation;AC=UNIMOD:21;TA=M;MT=Variable	not available	not available	NT=H12/D12 DSS;AC=XLMOD:02001;CL=no;TA=K,nterm	not available	not available	1.5 nmol / 1 µg protein	30 min	37 °C	F2007_jansenja_068.raw	NT=ms-proteomics;VV=v1.1.0	NT=crosslinking;VV=v1.0.0	NT=human;VV=v1.1.0
PXD020602_F1908_jansenja_319	Homo sapiens	not available	not available	393	PXD020602_F1908_jansenja_319_assay	proteomic profiling by mass spectrometry	data-dependent acquisition	NT=label free sample;AC=MS:1002038	1	1	not available	NT=Trypsin;AC=MS:1001251	NT=Carbamidomethyl;AC=UNIMOD:4;TA=C;MT=Fixed	NT=Oxidation;AC=UNIMOD:21;TA=M;MT=Variable	not available	not available	NT=H12/D12 DSS;AC=XLMOD:02001;CL=no;TA=K,nterm	not available	not available	1.5 nmol / 1 µg protein	30 min	37 °C	F1908_jansenja_319.raw	NT=ms-proteomics;VV=v1.1.0	NT=crosslinking;VV=v1.0.0	NT=human;VV=v1.1.0
PXD020602_F1908_jansenja_249	Homo sapiens	not available	not available	394	PXD020602_F1908_jansenja_249_assay	proteomic profiling by mass spectrometry	data-dependent acquisition	NT=label free sample;AC=MS:1002038	1	1	not available	NT=Trypsin;AC=MS:1001251	NT=Carbamidomethyl;AC=UNIMOD:4;TA=C;MT=Fixed	NT=Oxidation;AC=UNIMOD:21;TA=M;MT=Variable	not available	not available	NT=H12/D12 DSS;AC=XLMOD:02001;CL=no;TA=K,nterm	not available	not available	1.5 nmol / 1 µg protein	30 min	37 °C	F1908_jansenja_249.raw	NT=ms-proteomics;VV=v1.1.0	NT=crosslinking;VV=v1.0.0	NT=human;VV=v1.1.0
PXD020602_F2007_jansenja_123	Homo sapiens	not available	not available	395	PXD020602_F2007_jansenja_123_assay	proteomic profiling by mass spectrometry	data-dependent acquisition	NT=label free sample;AC=MS:1002038	1	1	not available	NT=Trypsin;AC=MS:1001251	NT=Carbamidomethyl;AC=UNIMOD:4;TA=C;MT=Fixed	NT=Oxidation;AC=UNIMOD:21;TA=M;MT=Variable	not available	not available	NT=H12/D12 DSS;AC=XLMOD:02001;CL=no;TA=K,nterm	not available	not available	1.5 nmol / 1 µg protein	30 min	37 °C	F2007_jansenja_123.raw	NT=ms-proteomics;VV=v1.1.0	NT=crosslinking;VV=v1.0.0	NT=human;VV=v1.1.0
PXD020602_F1909_jansenja_062	Homo sapiens	not available	not available	396	PXD020602_F1909_jansenja_062_assay	proteomic profiling by mass spectrometry	data-dependent acquisition	NT=label free sample;AC=MS:1002038	1	1	not available	NT=Trypsin;AC=MS:1001251	NT=Carbamidomethyl;AC=UNIMOD:4;TA=C;MT=Fixed	NT=Oxidation;AC=UNIMOD:21;TA=M;MT=Variable	not available	not available	NT=H12/D12 DSS;AC=XLMOD:02001;CL=no;TA=K,nterm	not available	not available	1.5 nmol / 1 µg protein	30 min	37 °C	F1909_jansenja_062.raw	NT=ms-proteomics;VV=v1.1.0	NT=crosslinking;VV=v1.0.0	NT=human;VV=v1.1.0
PXD020602_F1908_jansenja_305	Homo sapiens	not available	not available	397	PXD020602_F1908_jansenja_305_assay	proteomic profiling by mass spectrometry	data-dependent acquisition	NT=label free sample;AC=MS:1002038	1	1	not available	NT=Trypsin;AC=MS:1001251	NT=Carbamidomethyl;AC=UNIMOD:4;TA=C;MT=Fixed	NT=Oxidation;AC=UNIMOD:21;TA=M;MT=Variable	not available	not available	NT=H12/D12 DSS;AC=XLMOD:02001;CL=no;TA=K,nterm	not available	not available	1.5 nmol / 1 µg protein	30 min	37 °C	F1908_jansenja_305.raw	NT=ms-proteomics;VV=v1.1.0	NT=crosslinking;VV=v1.0.0	NT=human;VV=v1.1.0
PXD020602_F2007_jansenja_125	Homo sapiens	not available	not available	398	PXD020602_F2007_jansenja_125_assay	proteomic profiling by mass spectrometry	data-dependent acquisition	NT=label free sample;AC=MS:1002038	1	1	not available	NT=Trypsin;AC=MS:1001251	NT=Carbamidomethyl;AC=UNIMOD:4;TA=C;MT=Fixed	NT=Oxidation;AC=UNIMOD:21;TA=M;MT=Variable	not available	not available	NT=H12/D12 DSS;AC=XLMOD:02001;CL=no;TA=K,nterm	not available	not available	1.5 nmol / 1 µg protein	30 min	37 °C	F2007_jansenja_125.raw	NT=ms-proteomics;VV=v1.1.0	NT=crosslinking;VV=v1.0.0	NT=human;VV=v1.1.0
PXD020602_F1909_jansenja_387	Homo sapiens	not available	not available	399	PXD020602_F1909_jansenja_387_assay	proteomic profiling by mass spectrometry	data-dependent acquisition	NT=label free sample;AC=MS:1002038	1	1	not available	NT=Trypsin;AC=MS:1001251	NT=Carbamidomethyl;AC=UNIMOD:4;TA=C;MT=Fixed	NT=Oxidation;AC=UNIMOD:21;TA=M;MT=Variable	not available	not available	NT=H12/D12 DSS;AC=XLMOD:02001;CL=no;TA=K,nterm	not available	not available	1.5 nmol / 1 µg protein	30 min	37 °C	F1909_jansenja_387.raw	NT=ms-proteomics;VV=v1.1.0	NT=crosslinking;VV=v1.0.0	NT=human;VV=v1.1.0
PXD020602_F1909_jansenja_388	Homo sapiens	not available	not available	400	PXD020602_F1909_jansenja_388_assay	proteomic profiling by mass spectrometry	data-dependent acquisition	NT=label free sample;AC=MS:1002038	1	1	not available	NT=Trypsin;AC=MS:1001251	NT=Carbamidomethyl;AC=UNIMOD:4;TA=C;MT=Fixed	NT=Oxidation;AC=UNIMOD:21;TA=M;MT=Variable	not available	not available	NT=H12/D12 DSS;AC=XLMOD:02001;CL=no;TA=K,nterm	not available	not available	1.5 nmol / 1 µg protein	30 min	37 °C	F1909_jansenja_388.raw	NT=ms-proteomics;VV=v1.1.0	NT=crosslinking;VV=v1.0.0	NT=human;VV=v1.1.0
PXD020602_F1909_jansenja_016	Homo sapiens	not available	not available	401	PXD020602_F1909_jansenja_016_assay	proteomic profiling by mass spectrometry	data-dependent acquisition	NT=label free sample;AC=MS:1002038	1	1	not available	NT=Trypsin;AC=MS:1001251	NT=Carbamidomethyl;AC=UNIMOD:4;TA=C;MT=Fixed	NT=Oxidation;AC=UNIMOD:21;TA=M;MT=Variable	not available	not available	NT=H12/D12 DSS;AC=XLMOD:02001;CL=no;TA=K,nterm	not available	not available	1.5 nmol / 1 µg protein	30 min	37 °C	F1909_jansenja_016.raw	NT=ms-proteomics;VV=v1.1.0	NT=crosslinking;VV=v1.0.0	NT=human;VV=v1.1.0
PXD020602_F1908_jansenja_340	Homo sapiens	not available	not available	402	PXD020602_F1908_jansenja_340_assay	proteomic profiling by mass spectrometry	data-dependent acquisition	NT=label free sample;AC=MS:1002038	1	1	not available	NT=Trypsin;AC=MS:1001251	NT=Carbamidomethyl;AC=UNIMOD:4;TA=C;MT=Fixed	NT=Oxidation;AC=UNIMOD:21;TA=M;MT=Variable	not available	not available	NT=H12/D12 DSS;AC=XLMOD:02001;CL=no;TA=K,nterm	not available	not available	1.5 nmol / 1 µg protein	30 min	37 °C	F1908_jansenja_340.raw	NT=ms-proteomics;VV=v1.1.0	NT=crosslinking;VV=v1.0.0	NT=human;VV=v1.1.0
PXD020602_F2007_jansenja_089	Homo sapiens	not available	not available	403	PXD020602_F2007_jansenja_089_assay	proteomic profiling by mass spectrometry	data-dependent acquisition	NT=label free sample;AC=MS:1002038	1	1	not available	NT=Trypsin;AC=MS:1001251	NT=Carbamidomethyl;AC=UNIMOD:4;TA=C;MT=Fixed	NT=Oxidation;AC=UNIMOD:21;TA=M;MT=Variable	not available	not available	NT=H12/D12 DSS;AC=XLMOD:02001;CL=no;TA=K,nterm	not available	not available	1.5 nmol / 1 µg protein	30 min	37 °C	F2007_jansenja_089.raw	NT=ms-proteomics;VV=v1.1.0	NT=crosslinking;VV=v1.0.0	NT=human;VV=v1.1.0
PXD020602_F1909_jansenja_300	Homo sapiens	not available	not available	404	PXD020602_F1909_jansenja_300_assay	proteomic profiling by mass spectrometry	data-dependent acquisition	NT=label free sample;AC=MS:1002038	1	1	not available	NT=Trypsin;AC=MS:1001251	NT=Carbamidomethyl;AC=UNIMOD:4;TA=C;MT=Fixed	NT=Oxidation;AC=UNIMOD:21;TA=M;MT=Variable	not available	not available	NT=H12/D12 DSS;AC=XLMOD:02001;CL=no;TA=K,nterm	not available	not available	1.5 nmol / 1 µg protein	30 min	37 °C	F1909_jansenja_300.raw	NT=ms-proteomics;VV=v1.1.0	NT=crosslinking;VV=v1.0.0	NT=human;VV=v1.1.0
PXD020602_F2007_jansenja_081	Homo sapiens	not available	not available	405	PXD020602_F2007_jansenja_081_assay	proteomic profiling by mass spectrometry	data-dependent acquisition	NT=label free sample;AC=MS:1002038	1	1	not available	NT=Trypsin;AC=MS:1001251	NT=Carbamidomethyl;AC=UNIMOD:4;TA=C;MT=Fixed	NT=Oxidation;AC=UNIMOD:21;TA=M;MT=Variable	not available	not available	NT=H12/D12 DSS;AC=XLMOD:02001;CL=no;TA=K,nterm	not available	not available	1.5 nmol / 1 µg protein	30 min	37 °C	F2007_jansenja_081.raw	NT=ms-proteomics;VV=v1.1.0	NT=crosslinking;VV=v1.0.0	NT=human;VV=v1.1.0
PXD020602_F1910_jansenja_065	Homo sapiens	not available	not available	406	PXD020602_F1910_jansenja_065_assay	proteomic profiling by mass spectrometry	data-dependent acquisition	NT=label free sample;AC=MS:1002038	1	1	not available	NT=Trypsin;AC=MS:1001251	NT=Carbamidomethyl;AC=UNIMOD:4;TA=C;MT=Fixed	NT=Oxidation;AC=UNIMOD:21;TA=M;MT=Variable	not available	not available	NT=H12/D12 DSS;AC=XLMOD:02001;CL=no;TA=K,nterm	not available	not available	1.5 nmol / 1 µg protein	30 min	37 °C	F1910_jansenja_065.raw	NT=ms-proteomics;VV=v1.1.0	NT=crosslinking;VV=v1.0.0	NT=human;VV=v1.1.0
PXD020602_F1908_jansenja_259	Homo sapiens	not available	not available	407	PXD020602_F1908_jansenja_259_assay	proteomic profiling by mass spectrometry	data-dependent acquisition	NT=label free sample;AC=MS:1002038	1	1	not available	NT=Trypsin;AC=MS:1001251	NT=Carbamidomethyl;AC=UNIMOD:4;TA=C;MT=Fixed	NT=Oxidation;AC=UNIMOD:21;TA=M;MT=Variable	not available	not available	NT=H12/D12 DSS;AC=XLMOD:02001;CL=no;TA=K,nterm	not available	not available	1.5 nmol / 1 µg protein	30 min	37 °C	F1908_jansenja_259.raw	NT=ms-proteomics;VV=v1.1.0	NT=crosslinking;VV=v1.0.0	NT=human;VV=v1.1.0
PXD020602_F1909_jansenja_023	Homo sapiens	not available	not available	408	PXD020602_F1909_jansenja_023_assay	proteomic profiling by mass spectrometry	data-dependent acquisition	NT=label free sample;AC=MS:1002038	1	1	not available	NT=Trypsin;AC=MS:1001251	NT=Carbamidomethyl;AC=UNIMOD:4;TA=C;MT=Fixed	NT=Oxidation;AC=UNIMOD:21;TA=M;MT=Variable	not available	not available	NT=H12/D12 DSS;AC=XLMOD:02001;CL=no;TA=K,nterm	not available	not available	1.5 nmol / 1 µg protein	30 min	37 °C	F1909_jansenja_023.raw	NT=ms-proteomics;VV=v1.1.0	NT=crosslinking;VV=v1.0.0	NT=human;VV=v1.1.0
