accession	pubmed_id	pmc_id	raw_file_count	organism	taxids	experiment_types	pub_license	Reannotated	Reannotation_QC	spectral_file_types
PXD013339	31492860.0	PMC6731319	8	Homo sapiens (human)	9606	Chemical cross-linking coupled with mass spectrometry proteomics	CC BY	False	False	MGF;RAW
PXD013338	31213602.0	PMC6581911	208	Drosophila melanogaster (fruit fly); Homo sapiens (human)	7227; 9606	Chemical cross-linking coupled with mass spectrometry proteomics; Shotgun proteomics	CC BY	False	False	RAW
PXD014673			149	Homo sapiens (human)	9606	Chemical cross-linking coupled with mass spectrometry proteomics		False	False	RAW
PXD014675	31746214.0	PMC7010328	110	Homo sapiens (human)	9606	Chemical cross-linking coupled with mass spectrometry proteomics	NO-CC CODE	False	False	MGF;RAW
PXD015974	31699901.0		106	Escherichia coli	562	Shotgun proteomics; Chemical cross-linking coupled with mass spectrometry proteomics; Gel-based experiment; Affinity purification coupled with mass spectrometry proteomics		False	False	RAW
PXD002656	26450613.0		11	Saccharomyces cerevisiae (baker's yeast); Homo sapiens (human)	4932; 9606	Chemical cross-linking coupled with mass spectrometry proteomics		False	False	MZML;RAW
PXD015989	31690623.0		40	Bos taurus (bovine)	9913	Chemical cross-linking coupled with mass spectrometry proteomics		False	False	RAW
PXD015985	31699901.0		25	Escherichia coli	562	Chemical cross-linking coupled with mass spectrometry proteomics; Shotgun proteomics; Affinity purification coupled with mass spectrometry proteomics		False	False	RAW
PXD007513	30021884.0		137	Homo sapiens (human)	9606	Chemical cross-linking coupled with mass spectrometry proteomics		False	False	RAW
PXD006200	28561026.0	PMC5460035	1	Homo sapiens (human)	9606	Affinity purification coupled with mass spectrometry proteomics	CC BY	False	False	RAW
PXD006287	28516784.0	PMC5504490	0	Bacillus subtilis subsp. subtilis str. 168	224308	Chemical cross-linking coupled with mass spectrometry proteomics	NO-CC CODE	False	False	MGF;SCAN;WIFF;ZIP
PXD006245	30793903.0		0	Drosophila melanogaster (fruit fly)	7227	Shotgun proteomics		False	False	SCAN;WIFF
PXD006246	28351835.0	PMC5450317	3	Drosophila melanogaster (fruit fly)	7227	Chemical cross-linking coupled with mass spectrometry proteomics	CC BY	False	False	RAW;ZIP
PXD014738	31488907.0	PMC6733591	5	Chaetomium thermophilum	209285	Chemical cross-linking coupled with mass spectrometry proteomics	NO-CC CODE	False	False	RAW
PXD015890	31405957.0	PMC6803327	157	Chlamydia trachomatis; Homo sapiens (human)	813; 9606	Affinity purification coupled with mass spectrometry proteomics	CC BY	False	False	GZ;MGF;RAW
PXD013215			9	Saccharomyces cerevisiae (baker's yeast)	4932	Shotgun proteomics; Affinity purification coupled with mass spectrometry proteomics		False	False	RAW
PXD015883	31405957.0	PMC6803327	157	Chlamydia trachomatis; Chlamydia trachomatis serovar l2 (strain 434/bu / atcc vr-902b)	813; 471472	Affinity purification coupled with mass spectrometry proteomics	CC BY	False	False	GZ;MGF;RAW
PXD013209	31266943.0	PMC6606597	48	Mus musculus (mouse)	10090	Shotgun proteomics; Affinity purification coupled with mass spectrometry proteomics	CC BY	False	False	RAW
PXD003880	27642655.0		2	Homo sapiens (human)	9606	Chemical cross-linking coupled with mass spectrometry proteomics		False	False	MGF;RAW
PXD006131	28402676.0	PMC5436099	84	Homo sapiens (human)	9606	Chemical cross-linking coupled with mass spectrometry proteomics	NO-CC CODE	False	False	RAW
PXD006156	30445466.0	PMC6344893	2	Homo sapiens (human)	9606	Affinity purification coupled with mass spectrometry proteomics	CC BY	False	False	GZ;MGF;RAW
PXD003913	27559607.0		36	Homo sapiens (human)	9606	Chemical cross-linking coupled with mass spectrometry proteomics		False	False	RAW
PXD003909	27559607.0		30	Homo sapiens (human)	9606	Chemical cross-linking coupled with mass spectrometry proteomics		False	False	RAW
PXD003917	27559607.0		15	Homo sapiens (human)	9606	Shotgun proteomics		False	False	RAW
PXD015779			6	Homo sapiens (human)	9606	Affinity purification coupled with mass spectrometry proteomics		False	False	RAW
PXD015725	31611391.0	PMC6825314	6	Homo sapiens (human)	9606	Affinity purification coupled with mass spectrometry proteomics	CC BY-NC-ND	False	False	GZ;MGF;RAW
PXD003737	27454319.0	PMC5047652	15	Homo sapiens (human)	9606	Shotgun proteomics; Chemical cross-linking coupled with mass spectrometry proteomics	NO-CC CODE	False	False	RAW
PXD003754	27114452.0	PMC4937518	396	Homo sapiens (human)	9606	Shotgun proteomics	CC BY	False	False	RAW
PXD015751	31747606.0	PMC6910234	245	Homo sapiens (human)	9606	Chemical cross-linking coupled with mass spectrometry proteomics	CC BY-NC-ND	False	False	MZXML;RAW
PXD013194	31262780.0	PMC8270391	12	Homo sapiens (human)	9606	Affinity purification coupled with mass spectrometry proteomics	NO-CC CODE	False	False	7Z;RAW
PXD008605	29348366.0		52	Homo sapiens (human)	9606	Chemical cross-linking coupled with mass spectrometry proteomics		False	False	RAW
PXD009927	30659061.0		30	Homo sapiens (human)	9606	Chemical cross-linking coupled with mass spectrometry proteomics; Shotgun proteomics		False	False	RAW
PXD013183	31064814.0		8	Schizosaccharomyces pombe 927	1264690	Affinity purification coupled with mass spectrometry proteomics		False	False	RAW
PXD010930	30585729.0		4	Homo sapiens (human)	9606	Affinity purification coupled with mass spectrometry proteomics		False	False	GZ;MGF;RAW
PXD010931	30585729.0		4	Homo sapiens (human)	9606	Affinity purification coupled with mass spectrometry proteomics		False	False	GZ;MGF;RAW
PXD013144	31434876.0	PMC6704074	6	Homo sapiens (human)	9606	Chemical cross-linking coupled with mass spectrometry proteomics; Gel-based experiment	CC BY	False	False	RAW
PXD013160	31399640.0	PMC6934410	59	Mus musculus (mouse)	10090	Shotgun proteomics	CC BY	False	False	RAW
PXD014499	31969708.0	PMC7018383	18	Mus musculus (mouse)	10090	Shotgun proteomics	NO-CC CODE	False	False	MZXML;RAW
PXD008680	30361699.0		9	Homo sapiens (human)	9606	Shotgun proteomics; Affinity purification coupled with mass spectrometry proteomics		False	False	MGF;RAW
PXD010988	30443594.0	PMC6235536	6	Escherichia coli	562	Shotgun proteomics	CC BY-NC	False	False	RAW
PXD010950	30610016.0		18	Homo sapiens (human)	9606	Affinity purification coupled with mass spectrometry proteomics		False	False	RAW
PXD010963	30349051.0	PMC6197280	2	Homo sapiens (human)	9606	Shotgun proteomics	CC BY	False	False	RAW
PXD014500	31969708.0	PMC7018383	7	Mus musculus (mouse)	10090	Affinity purification coupled with mass spectrometry proteomics	NO-CC CODE	False	False	MZXML;RAW
PXD006079	29070704.0	PMC5710143	8	Drosophila melanogaster (fruit fly)	7227	Affinity purification coupled with mass spectrometry proteomics	CC BY-NC	False	False	MGF;RAW
PXD003658	27198063.0		30	Arabidopsis thaliana (mouse-ear cress)	3702	Chemical cross-linking coupled with mass spectrometry proteomics		False	False	RAW
PXD003643	28317030.0	PMC5354267	146	Ruminococcus gnavus; Homo sapiens (human); Bacteroides caccae; Staphylococcus aureus	33038; 9606; 47678; 1280	Chemical cross-linking coupled with mass spectrometry proteomics	CC BY	False	False	RAW;ZIP
PXD001080	25109466.0		4	Entamoeba histolytica	5759	Shotgun proteomics		False	False	MZML;RAW
PXD013063	31267744.0	PMC6777711	10	Homo sapiens (human)	9606	Chemical cross-linking coupled with mass spectrometry proteomics	author_manuscript	False	False	RAW
PXD013097			28	Homo sapiens (human)	9606	Chemical cross-linking coupled with mass spectrometry proteomics; Affinity purification coupled with mass spectrometry proteomics		False	False	RAW
PXD002378	26235782.0	PMC4532879	83	Homo sapiens (human)	9606	Chemical cross-linking coupled with mass spectrometry proteomics	CC BY	False	False	RAW
PXD013083	0.0		16	Bos taurus (bovine)	9913	Shotgun proteomics		False	False	RAW
PXD008550			114	Equus caballus (horse); Saccharomyces cerevisiae (baker's yeast); Gallus gallus (chicken); Homo sapiens (human); Chaetomium thermophilum; Bos taurus (bovine)	9796; 4932; 9031; 9606; 209285; 9913	Chemical cross-linking coupled with mass spectrometry proteomics		False	False	7Z;RAW;ZIP
PXD008577	29359918.0		8	Pseudomonas aeruginosa pao1	208964	All-ion fragmentation		False	False	RAW
PXD010884	31569265.0	PMC6851497	30	Escherichia coli; Klebsiella pneumoniae 342; Homo sapiens (human); Enterococcus faecalis (streptococcus faecalis)	562; 507522; 9606; 1351	Chemical cross-linking coupled with mass spectrometry proteomics	author_manuscript	False	False	MGF;RAW
PXD007250	29256016.0	PMC5814520	20	Homo sapiens (human)	9606	Chemical cross-linking coupled with mass spectrometry proteomics	CC BY	False	False	RAW
PXD010892	30217814.0		29	Saccharomyces cerevisiae (baker's yeast)	4932	Chemical cross-linking coupled with mass spectrometry proteomics		False	False	RAW
PXD012494	30943267.0	PMC6464245	49	Homo sapiens (human)	9606	Shotgun proteomics	CC BY	False	False	GZ;MGF;RAW
PXD007928	29107940.0		26	Homo sapiens (human)	9606	Chemical cross-linking coupled with mass spectrometry proteomics; Shotgun proteomics		False	False	RAW
PXD012466	32102684.0	PMC7045643	2	Streptococcus pyogenes stab901	1440772	Chemical cross-linking coupled with mass spectrometry proteomics	CC BY	False	False	GZ;MZML;RAW
PXD011121	30293428.0	PMC6279313	35	Chaetomium thermophilum (strain dsm 1495 / cbs 144.50 / imi 039719); Homo sapiens (human)	759272; 9606	Chemical cross-linking coupled with mass spectrometry proteomics	NO-CC CODE	False	False	RAW;ZIP
PXD000545			60	Synechocystis sp. pcc 6803	1148	Bottom-up proteomics		False	False	RAW
PXD000513			0	Saccharomyces cerevisiae (baker's yeast); Homo sapiens (human)	4932; 9606	Shotgun proteomics		False	False	MZML
PXD001454	25586196.0	PMC4309443	4	Homo sapiens (human)	9606	Chemical cross-linking coupled with mass spectrometry proteomics	CC BY	False	False	RAW;ZIP
PXD001609	25774781.0		17	Homo sapiens (human)	9606	Shotgun proteomics		False	False	GZ;RAW
PXD001692	26385339.0	PMC4813692	204	Homo sapiens (human)	9606	Chemical cross-linking coupled with mass spectrometry proteomics	CC BY	False	False	RAW;ZIP
PXD001677	25638023.0		1	Homo sapiens (human)	9606	Chemical cross-linking coupled with mass spectrometry proteomics		False	False	GZ;MS2;RAW
PXD001835	25716199.0	PMC4345284	15	Gallus gallus (chicken)	9031	Chemical cross-linking coupled with mass spectrometry proteomics	CC BY	False	False	RAW;ZIP
PXD002058	26269332.0		26	Homo sapiens (human)	9606	Affinity purification coupled with mass spectrometry proteomics		False	False	RAW
PXD002159			0	Homo sapiens (human)	9606	Shotgun proteomics; Affinity purification coupled with mass spectrometry proteomics		False	False	MGF;ZIP
PXD002142	23541715.0	PMC3714596	9	Homo sapiens (human)	9606	Chemical cross-linking coupled with mass spectrometry proteomics	CC BY	False	False	RAW
PXD002169	29356267.0		15	Rattus norvegicus (rat)	10116	Shotgun proteomics		False	False	MGF;RAW
PXD002293	26595419.0	PMC5759928	6	Saccharomyces cerevisiae (baker's yeast)	4932	Chemical cross-linking coupled with mass spectrometry proteomics; Affinity purification coupled with mass spectrometry proteomics	NO-CC CODE	False	False	RAW
PXD002226	26595419.0	PMC5759928	20	Caenorhabditis elegans	6239	Chemical cross-linking coupled with mass spectrometry proteomics; Affinity purification coupled with mass spectrometry proteomics	NO-CC CODE	False	False	RAW
PXD001675	27302889.0	PMC4974350	6	Homo sapiens (human)	9606	Chemical cross-linking coupled with mass spectrometry proteomics	CC BY	False	False	RAW;ZIP
PXD001538	26535604.0	PMC6207341	34	Arabidopsis thaliana (mouse-ear cress)	3702	Chemical cross-linking coupled with mass spectrometry proteomics	author_manuscript	False	False	RAW
PXD002987	26560067.0		31	Homo sapiens (human)	9606	Chemical cross-linking coupled with mass spectrometry proteomics; Affinity purification coupled with mass spectrometry proteomics		False	False	RAW
PXD003381	21618984.0		48	Escherichia coli	562	Shotgun proteomics; Chemical cross-linking coupled with mass spectrometry proteomics		False	False	RAW
PXD003496	29046292.0		124	Rattus norvegicus (rat)	10116	Shotgun proteomics		False	False	MZXML;RAW
PXD003502	24413531.0	PMC3923297	4	Homo sapiens (human)	9606	Chemical cross-linking coupled with mass spectrometry proteomics	CC BY	False	False	RAW;ZIP
PXD003486	27250206.0	PMC4974347	8	Homo sapiens (human)	9606	Chemical cross-linking coupled with mass spectrometry proteomics	CC BY	False	False	RAW;ZIP
PXD000685			58	Homo sapiens (human)	9606	Shotgun proteomics		False	False	GZ;RAW
PXD003593	27556644.0	PMC4996428	51	Homo sapiens (human)	9606	Shotgun proteomics	CC BY	False	False	RAW
PXD004107	23541715.0	PMC3714596	9	Homo sapiens (human)	9606	Chemical cross-linking coupled with mass spectrometry proteomics	CC BY	False	False	RAW;ZIP
PXD004018	27714937.0	PMC5600274	4	Plasmodium yoelii	5861	Affinity purification coupled with mass spectrometry proteomics	CC BY-NC-ND	False	False	RAW
PXD002992			48	Drosophila melanogaster (fruit fly)	7227	Shotgun proteomics		False	False	RAW
PXD000244	24824344.0		0	Lilium	4688	Bottom-up proteomics		False	False	ZIP
PXD002890	27281784.0		24	Mus musculus (mouse)	10090	Shotgun proteomics		False	False	RAW
PXD004236	27834373.0	PMC5114622	117	Acinetobacter baumannii ab5075	1116234	Chemical cross-linking coupled with mass spectrometry proteomics	CC BY	False	False	RAW
PXD004105	27406709.0		0	Homo sapiens (human)	9606	Shotgun proteomics; Chemical cross-linking coupled with mass spectrometry proteomics; Affinity purification coupled with mass spectrometry proteomics		False	False	ZIP
PXD004692	28059076.0	PMC5227109	80	Saccharomyces cerevisiae (baker's yeast)	4932	Chemical cross-linking coupled with mass spectrometry proteomics	CC BY	False	False	RAW
PXD004749	28267312.0	PMC5423704	4	Saccharomyces cerevisiae (baker's yeast)	4932	Chemical cross-linking coupled with mass spectrometry proteomics	NO-CC CODE	False	False	APL;RAW
PXD004898	27815530.0		9	Mus musculus (mouse)	10090	Chemical cross-linking coupled with mass spectrometry proteomics		False	False	RAW
PXD004920	28430416.0	PMC5441754	96	Homo sapiens (human)	9606	Chemical cross-linking coupled with mass spectrometry proteomics	NO-CC CODE	False	False	RAW;ZIP
PXD005758			46	Homo sapiens (human)	9606	Shotgun proteomics; Affinity purification coupled with mass spectrometry proteomics		False	False	RAW
PXD004009	27981680.0		142	Homo sapiens (human)	9606	Shotgun proteomics; Affinity purification coupled with mass spectrometry proteomics		False	False	RAW
PXD005201	28710093.0		12	Mus musculus (mouse)	10090	Shotgun proteomics		False	False	RAW
PXD005012			0	Drosophila melanogaster (fruit fly)	7227	Shotgun proteomics		False	False	SCAN;WIFF
PXD005349	28387473.0		36	Homo sapiens (human)	9606	Shotgun proteomics; Chemical cross-linking coupled with mass spectrometry proteomics; Affinity purification coupled with mass spectrometry proteomics		False	False	RAW
PXD005566	28346450.0	PMC5505470	18	Homo sapiens (human)	9606	Chemical cross-linking coupled with mass spectrometry proteomics; Shotgun proteomics	NO-CC CODE	False	False	RAW
PXD005601	28135300.0	PMC5279761	0	Leishmania donovani	5661	Chemical cross-linking coupled with mass spectrometry proteomics	CC BY	False	False	ZIP
PXD005948	28249160.0	PMC5424545	14	Saccharomyces cerevisiae (baker's yeast)	4932	Chemical cross-linking coupled with mass spectrometry proteomics	author_manuscript	False	False	RAW
PXD008418	30575379.0	PMC6407916	37	Homo sapiens (human)	9606	Chemical cross-linking coupled with mass spectrometry proteomics	NO-CC CODE	False	False	RAW
PXD006359	28899088.0		10	Homo sapiens (human); Mus musculus (mouse)	9606; 10090	Gel-based experiment		False	False	MGF;RAW
PXD005612	28982715.0		265	Saccharomyces cerevisiae (baker's yeast)	4932	Shotgun proteomics; Gel-based experiment; Affinity purification coupled with mass spectrometry proteomics		False	False	RAW
PXD006816	29222160.0	PMC5795388	87	Mus musculus (mouse)	10090	Chemical cross-linking coupled with mass spectrometry proteomics	CC BY	False	False	RAW
PXD006707	29073188.0	PMC5658093	37	Saccharomyces cerevisiae (baker's yeast)	4932	Chemical cross-linking coupled with mass spectrometry proteomics; Shotgun proteomics	CC BY	False	False	MGF;RAW
PXD006928	29983374.0	PMC6082693	1	Homo sapiens (human)	9606	Chemical cross-linking coupled with mass spectrometry proteomics	author_manuscript	False	False	GZ;MGF;RAW
PXD006938	29983374.0	PMC6082693	1	Homo sapiens (human)	9606	Chemical cross-linking coupled with mass spectrometry proteomics	author_manuscript	False	False	GZ;MGF;RAW
PXD007043	29062044.0	PMC5653651	0	Chaetomium thermophilum	209285	Chemical cross-linking coupled with mass spectrometry proteomics	CC BY	False	False	MZXML
PXD007185	30057110.0		12	Homo sapiens (human)	9606	Chemical cross-linking coupled with mass spectrometry proteomics		False	False	RAW
PXD009748	30377253.0		4	Homo sapiens (human)	9606	Affinity purification coupled with mass spectrometry proteomics		False	False	RAW;ZIP
PXD007673	29199018.0	PMC5799023	65	Mus musculus (mouse)	10090	Chemical cross-linking coupled with mass spectrometry proteomics	author_manuscript	False	False	RAW
PXD007695	29275994.0	PMC5764092	18	Homo sapiens (human)	9606	Affinity purification coupled with mass spectrometry proteomics	author_manuscript	False	False	RAW
PXD007836			8	Nicotiana benthamiana; Ssrna viruses	4100; 439488	Chemical cross-linking coupled with mass spectrometry proteomics; Shotgun proteomics		False	False	GZ;MGF;RAW
PXD007862	29249144.0	PMC6092923	27	Homo sapiens (human); Mus musculus (mouse)	9606; 10090	Shotgun proteomics; Affinity purification coupled with mass spectrometry proteomics	author_manuscript	False	False	RAW
PXD004736	29256494.0	PMC5790613	43	Homo sapiens (human)	9606	Affinity purification coupled with mass spectrometry proteomics	NO-CC CODE	False	False	RAW
PXD009260	30787279.0	PMC6382854	8	Arabidopsis thaliana (mouse-ear cress)	3702	Chemical cross-linking coupled with mass spectrometry proteomics	CC BY	False	False	MGF;MZML;RAW
PXD008122	29274231.0	PMC5760199	0	Homo sapiens (human)	9606	Chemical cross-linking coupled with mass spectrometry proteomics	CC BY	False	False	MZXML
PXD008164	29377668.0	PMC7220801	4	Plasmodium falciparum (isolate 3d7)	36329	Affinity purification coupled with mass spectrometry proteomics	author_manuscript	False	False	RAW
PXD008161	30084631.0		54	Arabidopsis thaliana (mouse-ear cress)	3702	Chemical cross-linking coupled with mass spectrometry proteomics; Shotgun proteomics		False	False	RAW
PXD008337	31296869.0	PMC6624373	26	Rattus norvegicus (rat); Homo sapiens (human)	10116; 9606	Chemical cross-linking coupled with mass spectrometry proteomics	CC BY	False	False	RAW;ZIP
PXD008348	30004689.0		8	Saccharomyces cerevisiae (baker's yeast); Escherichia coli	4932; 562	Chemical cross-linking coupled with mass spectrometry proteomics		False	False	MGF;RAW
PXD009000			2	Escherichia coli	562	Chemical cross-linking coupled with mass spectrometry proteomics		False	False	RAW
PXD008914	23912277.0		40	Mus musculus (mouse)	10090	Shotgun proteomics; Gel-based experiment		False	False	RAW
PXD008941			0	Equus caballus (horse); Saccharomyces cerevisiae (baker's yeast); Bos taurus (bovine)	9796; 4932; 9913	Shotgun proteomics		False	False	MZXML
PXD008975	29676898.0	PMC5959040	16	Escherichia coli	562	Chemical cross-linking coupled with mass spectrometry proteomics	author_manuscript	False	False	MS2;MZXML;RAW
PXD008951			0	Equus caballus (horse); Saccharomyces cerevisiae (baker's yeast); Bos taurus (bovine)	9796; 4932; 9913	Shotgun proteomics		False	False	MZXML
PXD009001	30137231.0		0	Equus caballus (horse); Saccharomyces cerevisiae (baker's yeast); Bos taurus (bovine)	9796; 4932; 9913	Chemical cross-linking coupled with mass spectrometry proteomics		False	False	MZXML
PXD009106	30201955.0	PMC6131548	38	Saccharomyces cerevisiae (baker's yeast)	4932	Chemical cross-linking coupled with mass spectrometry proteomics	CC BY	False	False	RAW
PXD009224	30415967.0		66	Escherichia coli; Homo sapiens (human); Staphylococcus aureus	562; 9606; 1280	Chemical cross-linking coupled with mass spectrometry proteomics; Affinity purification coupled with mass spectrometry proteomics		False	False	RAW
PXD009284	29656893.0	PMC8108093	144	Homo sapiens (human)	9606	Shotgun proteomics; Affinity purification coupled with mass spectrometry proteomics	author_manuscript	False	False	RAW
PXD009302	29812912.0		10	Homo sapiens (human)	9606	Shotgun proteomics; Affinity purification coupled with mass spectrometry proteomics		False	False	RAW
PXD009641	30068531.0		6	Homo sapiens (human)	9606	Chemical cross-linking coupled with mass spectrometry proteomics		False	False	GZ;MGF;RAW
PXD009526	29899147.0		9	Drosophila melanogaster (fruit fly)	7227	Chemical cross-linking coupled with mass spectrometry proteomics		False	False	RAW
PXD010470	30150748.0	PMC6110835	2	Salmonella enterica subsp. enterica serovar typhimurium	90371	Chemical cross-linking coupled with mass spectrometry proteomics	CC BY	False	False	RAW
PXD009648	30389668.0		3	Saccharomyces cerevisiae (baker's yeast)	4932	Chemical cross-linking coupled with mass spectrometry proteomics		False	False	MGF;RAW
PXD009756	30911017.0	PMC6433865	8	Homo sapiens (human)	9606	Chemical cross-linking coupled with mass spectrometry proteomics	CC BY	False	False	RAW
PXD010468	30930119.0	PMC6467783	6	Homo sapiens (human)	9606	Affinity purification coupled with mass spectrometry proteomics	author_manuscript	False	False	MGF;RAW
PXD009777	30911017.0	PMC6433865	3	Homo sapiens (human)	9606	Chemical cross-linking coupled with mass spectrometry proteomics	CC BY	False	False	MGF;RAW;SCAN;WIFF
PXD010070	30074391.0		32	Homo sapiens (human)	9606	Chemical cross-linking coupled with mass spectrometry proteomics		False	False	RAW
PXD010004	31569265.0	PMC6851497	6	Klebsiella pneumoniae 342	507522	Chemical cross-linking coupled with mass spectrometry proteomics	author_manuscript	False	False	RAW
PXD010124	30343899.0	PMC6791824	16	Homo sapiens (human)	9606	Chemical cross-linking coupled with mass spectrometry proteomics	author_manuscript	False	False	RAW
PXD010094	31569265.0	PMC6851497	6	Salmonella phage vb_senms16	1087482	Chemical cross-linking coupled with mass spectrometry proteomics	author_manuscript	False	False	RAW
PXD010061	30197081.0		4	Homo sapiens (human)	9606	Shotgun proteomics		False	False	RAW
PXD010003	31569265.0	PMC6851497	6	Escherichia coli	562	Chemical cross-linking coupled with mass spectrometry proteomics	author_manuscript	False	False	RAW
PXD010122			13	Homo sapiens (human)	9606	Chemical cross-linking coupled with mass spectrometry proteomics		False	False	RAW
PXD010352	32620905.0	PMC7334205	21	Mus musculus (mouse)	10090	Affinity purification coupled with mass spectrometry proteomics	CC BY	False	False	MGF;RAW
PXD010222	30146169.0	PMC6221991	150	Homo sapiens (human)	9606	Chemical cross-linking coupled with mass spectrometry proteomics	author_manuscript	False	False	RAW
PXD010410	31569265.0	PMC6851497	6	Enterococcus faecalis (streptococcus faecalis)	1351	Chemical cross-linking coupled with mass spectrometry proteomics	author_manuscript	False	False	RAW
PXD010479	32632294.0		6	Chaetomium thermophilum	209285	Chemical cross-linking coupled with mass spectrometry proteomics		False	False	RAW
PXD010483	31569265.0	PMC6851497	6	Acholeplasma laidlawii (strain pg-8a)	441768	Chemical cross-linking coupled with mass spectrometry proteomics	author_manuscript	False	False	RAW
PXD010481			4	Saccharomyces cerevisiae (baker's yeast)	4932	Chemical cross-linking coupled with mass spectrometry proteomics		False	False	MGF;RAW
PXD010385	31569265.0	PMC6851497	6	Homo sapiens (human)	9606	Chemical cross-linking coupled with mass spectrometry proteomics	author_manuscript	False	False	RAW
PXD010384	31569265.0	PMC6851497	6	Staphylococcus virus k	221915	Chemical cross-linking coupled with mass spectrometry proteomics	author_manuscript	False	False	RAW
PXD012157			140	Homo sapiens (human)	9606	Affinity purification coupled with mass spectrometry proteomics		False	False	RAW
PXD011036	30651306.0	PMC6442367	124	Equus caballus (horse); Gallus gallus (chicken); Homo sapiens (human); Oryctolagus cuniculus (rabbit); Bos taurus (bovine)	9796; 9031; 9606; 9986; 9913	Chemical cross-linking coupled with mass spectrometry proteomics	CC BY	False	False	APL;MGF;RAW
PXD011071	30962360.0	PMC6452921	116	Saccharomyces cerevisiae (baker's yeast); Escherichia coli	4932; 562	Chemical cross-linking coupled with mass spectrometry proteomics; Shotgun proteomics	CC BY	False	False	RAW
PXD011077	30575379.0	PMC6407916	10	Bos taurus (bovine)	9913	Chemical cross-linking coupled with mass spectrometry proteomics	NO-CC CODE	False	False	RAW
PXD011312	30487426.0	PMC6313906	20	Rattus norvegicus (rat)	10116	Shotgun proteomics	CC BY	False	False	RAW
PXD011645			5	Homo sapiens (human)	9606	Chemical cross-linking coupled with mass spectrometry proteomics		False	False	MGF;RAW
PXD011702	30525648.0		18	Homo sapiens (human)	9606	Affinity purification coupled with mass spectrometry proteomics		False	False	RAW
PXD011704	30620560.0	PMC6383985	0	Bos taurus (bovine)	9913	Chemical cross-linking coupled with mass spectrometry proteomics	NO-CC CODE	False	False	ZIP
PXD011931	31572778.0	PMC6764163	46	Rattus norvegicus (rat); Homo sapiens (human); Bos taurus (bovine)	10116; 9606; 9913	Chemical cross-linking coupled with mass spectrometry proteomics	NO-CC CODE	False	False	RAW
PXD011806	30609396.0	PMC6486830	75	Mus musculus (mouse)	10090	Chemical cross-linking coupled with mass spectrometry proteomics; Affinity purification coupled with mass spectrometry proteomics	CC BY	False	False	RAW
PXD011995	31377116.0		28	Homo sapiens (human); Caenorhabditis elegans	9606; 6239	Chemical cross-linking coupled with mass spectrometry proteomics; Gel-based experiment		False	False	MGF;RAW
PXD011861	30693776.0		72	Streptococcus pyogenes serotype m2; Cicer arietinum (chickpea) (garbanzo); Equus caballus (horse); Candida albicans (yeast); Escherichia coli; Homo sapiens (human); Oryctolagus cuniculus (rabbit); Bos taurus (bovine)	404330; 3827; 9796; 5476; 562; 9606; 9986; 9913	Chemical cross-linking coupled with mass spectrometry proteomics; Shotgun proteomics		False	False	RAW
PXD012109	31363125.0	PMC6667459	15	Escherichia coli	562	Chemical cross-linking coupled with mass spectrometry proteomics	CC BY	False	False	RAW
PXD012225			47	Homo sapiens (human)	9606	Chemical cross-linking coupled with mass spectrometry proteomics; Shotgun proteomics		False	False	GZ;MGF;RAW
PXD012521	31495888.0	PMC6821277	6	Homo sapiens (human)	9606	Affinity purification coupled with mass spectrometry proteomics	CC BY-NC	False	False	RAW
PXD012546	31283178.0		67	Drosophila melanogaster (fruit fly)	7227	Chemical cross-linking coupled with mass spectrometry proteomics		False	False	MZML;RAW
PXD011459			48	Homo sapiens (human); Schizosaccharomyces pombe	9606; 4896	Chemical cross-linking coupled with mass spectrometry proteomics; Shotgun proteomics		False	False	APL;MGF;RAW
PXD012624	31287970.0	PMC6616311	6	Schizosaccharomyces pombe	4896	Chemical cross-linking coupled with mass spectrometry proteomics	CC BY	False	False	RAW;ZIP
PXD012759			216	Homo sapiens (human)	9606	Chemical cross-linking coupled with mass spectrometry proteomics; Shotgun proteomics; Gel-based experiment		False	False	MZML;RAW
PXD012723	30988309.0	PMC6465349	3	Homo sapiens (human)	9606	Chemical cross-linking coupled with mass spectrometry proteomics	CC BY	False	False	RAW
PXD012939			84	Homo sapiens (human); Bos taurus (bovine)	9606; 9913	SWATH MS; Chemical cross-linking coupled with mass spectrometry proteomics		False	False	MGF;RAW
PXD011296			10	Saccharomyces cerevisiae (baker's yeast); Escherichia coli; Homo sapiens (human); Bos taurus (bovine)	4932; 562; 9606; 9913	Chemical cross-linking coupled with mass spectrometry proteomics		False	False	RAW;TGZ
PXD012882	31570499.0	PMC6891087	6	Homo sapiens (human); Xenopus laevis (african clawed frog)	9606; 8355	Chemical cross-linking coupled with mass spectrometry proteomics	CC BY	False	False	MGF;RAW
PXD013720	31527589.0	PMC6746756	34	Caenorhabditis elegans	6239	Shotgun proteomics	CC BY	False	False	RAW
PXD014067	31547042.0	PMC6835481	12	Homo sapiens (human); Triticum aestivum (wheat)	9606; 4565	Shotgun proteomics	CC BY	False	False	RAW
PXD013769	31578520.0	PMC6859074	6	Saccharomyces cerevisiae (baker's yeast)	4932	Chemical cross-linking coupled with mass spectrometry proteomics	NO-CC CODE	False	False	RAW
PXD013470	31477705.0	PMC6718625	12	Arabidopsis thaliana (mouse-ear cress)	3702	Chemical cross-linking coupled with mass spectrometry proteomics	CC BY	False	False	RAW
PXD010796	31083951.0	PMC7473601	120	Homo sapiens (human)	9606	Chemical cross-linking coupled with mass spectrometry proteomics	author_manuscript	False	False	RAW
PXD011680	31924745.0	PMC6995014	57	Homo sapiens (human)	9606	Chemical cross-linking coupled with mass spectrometry proteomics; Shotgun proteomics	CC BY-NC-ND	False	False	7Z;RAW
PXD013476	31189925.0	PMC6561935	37	Homo sapiens (human)	9606	Chemical cross-linking coupled with mass spectrometry proteomics	CC BY	False	False	MZXML;RAW
PXD013601	31142615.0		1	Homo sapiens (human)	9606	Affinity purification coupled with mass spectrometry proteomics		False	False	RAW
PXD012592	31575873.0	PMC6773726	52	Homo sapiens (human)	9606	Chemical cross-linking coupled with mass spectrometry proteomics	CC BY	False	False	RAW
PXD013735	0.0		188	Chlamydomonas reinhardtii	3055	Chemical cross-linking coupled with mass spectrometry proteomics		False	False	RAW
PXD013704	0.0		120	Glycine max	3847	Chemical cross-linking coupled with mass spectrometry proteomics		False	False	RAW
PXD013928	31839598.0		344	Homo sapiens (human)	9606	Chemical cross-linking coupled with mass spectrometry proteomics		False	False	RAW
PXD015162	31535972.0	PMC6791687	9	Arabidopsis thaliana (mouse-ear cress)	3702	Shotgun proteomics; Affinity purification coupled with mass spectrometry proteomics	CC BY	False	False	RAW
PXD015394	0.0		88	Homo sapiens (human)	9606	Chemical cross-linking coupled with mass spectrometry proteomics		False	False	RAW
PXD015037			30	Homo sapiens (human)	9606	Chemical cross-linking coupled with mass spectrometry proteomics		False	False	MGF;MZXML;RAW
PXD015549	31591267.0		36	Geobacillus kaustophilus	1462	Shotgun proteomics		False	False	RAW
PXD015080	31593346.0	PMC6980279	7	Bos taurus (bovine)	9913	Chemical cross-linking coupled with mass spectrometry proteomics	CC BY-NC	False	False	MGF;RAW
PXD015366	31586061.0	PMC6778148	8	Rattus norvegicus (rat)	10116	Shotgun proteomics	CC BY	False	False	RAW
PXD014759	32011863.0		240	Saccharomyces cerevisiae (baker's yeast)	4932	Chemical cross-linking coupled with mass spectrometry proteomics		False	False	RAW
PXD015044	26789759.0		29	Homo sapiens (human)	9606	Chemical cross-linking coupled with mass spectrometry proteomics		False	False	RAW
PXD015479	31932738.0	PMC7007875	13	Homo sapiens (human)	9606	Shotgun proteomics; Affinity purification coupled with mass spectrometry proteomics	NO-CC CODE	False	False	RAW
PXD015161	31535972.0	PMC6791687	27	Arabidopsis thaliana (mouse-ear cress)	3702	Affinity purification coupled with mass spectrometry proteomics	CC BY	False	False	RAW
PXD014957	31803741.0	PMC6873792	67	Homo sapiens (human)	9606	Chemical cross-linking coupled with mass spectrometry proteomics; Shotgun proteomics; Affinity purification coupled with mass spectrometry proteomics	CC BY	False	False	RAW
PXD017020	32066963.0	PMC7067600	1	Gallus gallus (chicken)	9031	Chemical cross-linking coupled with mass spectrometry proteomics	NO-CC CODE	False	False	MGF;RAW
PXD016639	31570166.0	PMC6903780	19	Homo sapiens (human)	9606	Chemical cross-linking coupled with mass spectrometry proteomics	author_manuscript	False	False	RAW
PXD016221	32047031.0		8	Mus musculus (mouse)	10090	Shotgun proteomics		False	False	APL;RAW
PXD017299	32087376.0		0	Bos taurus (bovine)	9913	Chemical cross-linking coupled with mass spectrometry proteomics		False	False	MGF;ZIP
PXD016224			4	Homo sapiens (human)	9606	Chemical cross-linking coupled with mass spectrometry proteomics; Shotgun proteomics; Gel-based experiment		False	False	GZ;MGF;RAW;TDF;TDF_BIN
PXD017238	32134144.0	PMC7110144	6	Drosophila melanogaster (fruit fly)	7227	Chemical cross-linking coupled with mass spectrometry proteomics	CC BY	False	False	MGF;RAW
PXD014584	31851481.0		46	Saccharomyces cerevisiae (baker's yeast)	4932	Chemical cross-linking coupled with mass spectrometry proteomics		False	False	RAW
PXD015160	32128395.0	PMC7030922	129	Mus musculus (mouse)	10090	Chemical cross-linking coupled with mass spectrometry proteomics	CC BY	False	False	RAW
PXD010317	32128395.0	PMC7030922	114	Mus musculus (mouse)	10090	Chemical cross-linking coupled with mass spectrometry proteomics	CC BY	False	False	RAW
PXD014055			113	Saccharomyces cerevisiae (baker's yeast)	4932	Chemical cross-linking coupled with mass spectrometry proteomics		False	False	RAW
PXD017066			0	Saccharomyces cerevisiae (baker's yeast)	4932	Chemical cross-linking coupled with mass spectrometry proteomics		False	False	MZXML
PXD016988	32184286.0		0	Saccharomyces cerevisiae (baker's yeast)	4932	Top-down proteomics		False	False	XML
PXD010921	32184263.0		45	Homo sapiens (human)	9606	Shotgun proteomics		False	False	RAW
PXD015507	32184263.0		26	Homo sapiens (human)	9606	Shotgun proteomics		False	False	RAW
PXD016554	32201362.0		230	Saccharomyces cerevisiae (baker's yeast); Homo sapiens (human)	4932; 9606	Chemical cross-linking coupled with mass spectrometry proteomics		False	False	RAW
PXD009783	32138363.0	PMC7140434	314	Homo sapiens (human)	9606	Affinity purification coupled with mass spectrometry proteomics	CC BY	False	False	RAW
PXD018265	32299913.0		9	Mus musculus (mouse)	10090	Shotgun proteomics; Affinity purification coupled with mass spectrometry proteomics		False	False	DTA;GZ;MGF;RAW
PXD017620	32332106.0	PMC7338081	280	Saccharomyces cerevisiae (baker's yeast)	4932	Chemical cross-linking coupled with mass spectrometry proteomics	CC BY	False	False	RAW
PXD018687	32357304.0		0	Rattus norvegicus (rat)	10116	Shotgun proteomics; Affinity purification coupled with mass spectrometry proteomics		False	False	GZ;MGF
PXD015941	32391791.0	PMC7289601	8	Human herpesvirus 1 (strain kos) (hhv-1) (human herpes simplex virus 1); Bacteria; Human alphaherpesvirus 1	10306; 2; 10298	Chemical cross-linking coupled with mass spectrometry proteomics	CC BY	False	False	RAW
PXD016963	32250121.0	PMC7199212	77	Escherichia coli; Homo sapiens (human)	562; 9606	Chemical cross-linking coupled with mass spectrometry proteomics	NO-CC CODE	False	False	RAW
PXD015863	32380061.0	PMC7263428	28	Homo sapiens (human)	9606	Shotgun proteomics	author_manuscript	False	False	RAW;ZIP
PXD015285	32385295.0	PMC7210949	28	Arabidopsis thaliana (mouse-ear cress)	3702	Chemical cross-linking coupled with mass spectrometry proteomics	CC BY	False	False	MZML;RAW
PXD019251	31988137.0		32	Homo sapiens (human)	9606	Chemical cross-linking coupled with mass spectrometry proteomics		False	False	RAW
PXD016993	32358557.0	PMC7195389	0	Escherichia coli	562	Chemical cross-linking coupled with mass spectrometry proteomics	CC BY	False	False	MGF
PXD017531	32445620.0	PMC7335352	16	Homo sapiens (human)	9606	Chemical cross-linking coupled with mass spectrometry proteomics	CC BY	False	False	MGF;RAW
PXD017584	32412763.0		19	Escherichia coli	562	Chemical cross-linking coupled with mass spectrometry proteomics; Shotgun proteomics		False	False	RAW
PXD012350	30735346.0	PMC6943928	24	Homo sapiens (human)	9606	Chemical cross-linking coupled with mass spectrometry proteomics; Gel-based experiment	author_manuscript	False	False	RAW
PXD015793	31974312.0	PMC7022188	2	Chaetomium thermophilum (strain dsm 1495 / cbs 144.50 / imi 039719)	759272	Chemical cross-linking coupled with mass spectrometry proteomics	CC BY-NC-ND	False	False	MGF;MZXML;RAW;ZIP
PXD017128	32144388.0	PMC7060178	13	Homo sapiens (human)	9606	Chemical cross-linking coupled with mass spectrometry proteomics	CC BY	False	False	MGF;RAW
PXD017241	32585685.0	PMC7401799	54	Mus musculus (mouse)	10090	Shotgun proteomics; Affinity purification coupled with mass spectrometry proteomics	CC BY-NC-SA	False	False	RAW
PXD014426			15	Trypanosoma brucei brucei treu927	185431	Shotgun proteomics		False	False	RAW
PXD019484			13	Mus musculus (mouse)	10090	Chemical cross-linking coupled with mass spectrometry proteomics		False	False	MS2;MZXML;RAW
PXD012427	30956132.0	PMC6736647	36	Mus musculus (mouse)	10090	Chemical cross-linking coupled with mass spectrometry proteomics	author_manuscript	False	False	RAW
PXD017996			6	Homo sapiens (human)	9606	Chemical cross-linking coupled with mass spectrometry proteomics		False	False	RAW
PXD015682	32647223.0	PMC7347597	14	Homo sapiens (human)	9606	Chemical cross-linking coupled with mass spectrometry proteomics	CC BY	False	False	RAW
PXD018310	32496805.0	PMC7369150	7	Saccharomyces cerevisiae (baker's yeast)	4932	Chemical cross-linking coupled with mass spectrometry proteomics	author_manuscript	False	False	RAW
PXD014898	32541649.0	PMC7295792	0	Homo sapiens (human); Mus musculus (mouse); Sus scrofa domesticus (domestic pig)	9606; 10090; 9825	Chemical cross-linking coupled with mass spectrometry proteomics; Shotgun proteomics	CC BY	False	False	MZML
PXD015435	32561732.0	PMC7305180	211	Homo sapiens (human)	9606	Chemical cross-linking coupled with mass spectrometry proteomics	CC BY	False	False	RAW
PXD018771	32994567.0	PMC7534832	122	Homo sapiens (human)	9606	Chemical cross-linking coupled with mass spectrometry proteomics	NO-CC CODE	False	False	RAW
PXD013907			48	Homo sapiens (human)	9606	Chemical cross-linking coupled with mass spectrometry proteomics		False	False	RAW
PXD019926	32643919.0		235	Equus caballus (horse); Gallus gallus (chicken); Homo sapiens (human); Bos taurus (bovine)	9796; 9031; 9606; 9913	Chemical cross-linking coupled with mass spectrometry proteomics		False	False	RAW
PXD018189	32694122.0		0	Homo sapiens (human); Bos taurus (bovine)	9606; 9913	Chemical cross-linking coupled with mass spectrometry proteomics		False	False	MGF;ZIP
PXD019274	32661420.0	PMC7610691	26	Saccharomyces cerevisiae (baker's yeast)	4932	Chemical cross-linking coupled with mass spectrometry proteomics	author_manuscript	False	False	MGF;RAW
PXD014337	32029734.0	PMC7005041	9	Streptococcus pyogenes abc020006030	1438992	Chemical cross-linking coupled with mass spectrometry proteomics	CC BY	False	False	RAW
PXD018608			23	Schizosaccharomyces pombe 972h-	284812	Chemical cross-linking coupled with mass spectrometry proteomics		False	False	MGF;RAW
PXD015658	32694165.0		8	Chlamydomonas reinhardtii	3055	Chemical cross-linking coupled with mass spectrometry proteomics		False	False	RAW
PXD018935	32724211.0	PMC7387497	8	Escherichia coli	562	Chemical cross-linking coupled with mass spectrometry proteomics	CC BY	False	False	MZML;RAW
PXD018383	32500712.0		85	Homo sapiens (human)	9606	Top-down proteomics		False	False	RAW
PXD020119	32753727.0	PMC7403387	12	Macaca mulatta (rhesus macaque)	9544	Shotgun proteomics	CC BY	False	False	RAW
PXD020418	32929862.0	PMC7645262	2	Homo sapiens (human)	9606	Chemical cross-linking coupled with mass spectrometry proteomics	CC BY	False	False	MZML;RAW
PXD020826			53	Homo sapiens (human)	9606	Chemical cross-linking coupled with mass spectrometry proteomics		False	False	RAW
PXD020602	32966807.0		408	Homo sapiens (human)	9606	Chemical cross-linking coupled with mass spectrometry proteomics		False	False	RAW
PXD011775			13	Saccharomyces cerevisiae (baker's yeast)	4932	Chemical cross-linking coupled with mass spectrometry proteomics; Affinity purification coupled with mass spectrometry proteomics		False	False	RAW
PXD011774			85	Saccharomyces cerevisiae (baker's yeast)	4932	Chemical cross-linking coupled with mass spectrometry proteomics; Affinity purification coupled with mass spectrometry proteomics		False	False	RAW
PXD018786	33035450.0		8	Vaccinia virus	10245	Chemical cross-linking coupled with mass spectrometry proteomics		False	False	RAW
PXD020229			3	Trypanosoma brucei	5691	Chemical cross-linking coupled with mass spectrometry proteomics		False	False	RAW
PXD021182	0.0		3	Homo sapiens (human)	9606	Chemical cross-linking coupled with mass spectrometry proteomics		False	False	MZML;RAW
PXD018580			47	Homo sapiens (human)	9606	Shotgun proteomics		False	False	RAW
PXD021417	33067342.0		3	Streptococcus pyogenes abc020006030	1438992	Chemical cross-linking coupled with mass spectrometry proteomics; Shotgun proteomics		False	False	MZML;RAW
PXD014520	33067342.0		3	Homo sapiens (human)	9606	Chemical cross-linking coupled with mass spectrometry proteomics		False	False	MGF;MZML;RAW
PXD014359	33067342.0		6	Escherichia coli	562	Chemical cross-linking coupled with mass spectrometry proteomics		False	False	MGF;MZML;MZXML;RAW
PXD014523	31045356.0	PMC6625963	24	Bos taurus (bovine)	9913	Chemical cross-linking coupled with mass spectrometry proteomics	CC BY-NC-ND	False	False	MZML;MZXML;RAW
PXD020290	33067435.0	PMC7567871	0	Homo sapiens (human); Xenopus laevis (african clawed frog)	9606; 8355	Chemical cross-linking coupled with mass spectrometry proteomics	CC BY	False	False	MZML
PXD021872	33093201.0		15	Escherichia coli	562	Chemical cross-linking coupled with mass spectrometry proteomics		False	False	RAW
PXD021870	33093201.0		63	Escherichia coli	562	Chemical cross-linking coupled with mass spectrometry proteomics		False	False	RAW
PXD020759			10	Homo sapiens (human)	9606	Shotgun proteomics		False	False	RAW
PXD021648	33151691.0	PMC7786381	1	Bos taurus (bovine)	9913	Chemical cross-linking coupled with mass spectrometry proteomics	NO-CC CODE	False	False	MGF;RAW
PXD020709			149	Homo sapiens (human)	9606	Affinity purification coupled with mass spectrometry proteomics		False	False	RAW
PXD018291	32955856.0		2	Escherichia coli	562	Chemical cross-linking coupled with mass spectrometry proteomics		False	False	GZ;MGF;MZML;RAW
PXD010046			36	Homo sapiens (human); Xenopus laevis (african clawed frog)	9606; 8355	Shotgun proteomics		False	False	RAW
PXD017868	32645368.0	PMC7416808	12	Homo sapiens (human)	9606	Shotgun proteomics	author_manuscript	False	False	RAW
PXD018232	32999288.0	PMC7528018	8	Saccharomyces cerevisiae (baker's yeast)	4932	Chemical cross-linking coupled with mass spectrometry proteomics	CC BY	False	False	RAW
PXD022119	33203861.0	PMC7672056	1	Homo sapiens (human)	9606	Chemical cross-linking coupled with mass spectrometry proteomics	CC BY	False	False	MZML;RAW
PXD017378			21	Homo sapiens (human)	9606	Affinity purification coupled with mass spectrometry proteomics		False	False	RAW
PXD017244			36	Homo sapiens (human)	9606	Chemical cross-linking coupled with mass spectrometry proteomics		False	False	RAW
PXD020859			278	Rattus norvegicus (rat)	10116	Chemical cross-linking coupled with mass spectrometry proteomics; Shotgun proteomics; Gel-based experiment		False	False	RAW
PXD020014			57	Escherichia coli; Homo sapiens (human); Bos taurus (bovine)	562; 9606; 9913	Chemical cross-linking coupled with mass spectrometry proteomics		False	False	RAW
PXD019043	33469029.0	PMC7815794	0	Legionella pneumophila; Homo sapiens (human)	446; 9606	Chemical cross-linking coupled with mass spectrometry proteomics	CC BY	False	False	MZML
PXD019507			18	Bos taurus (bovine)	9913	Chemical cross-linking coupled with mass spectrometry proteomics		False	False	RAW
PXD019724			192	Gallus gallus (chicken); Oryctolagus cuniculus (rabbit); Bos taurus (bovine)	9031; 9986; 9913	Chemical cross-linking coupled with mass spectrometry proteomics		False	False	RAW
PXD019508			18	Escherichia coli	562	Chemical cross-linking coupled with mass spectrometry proteomics		False	False	RAW
PXD010111	33264611.0	PMC8908386	32	Homo sapiens (human); Mus musculus (mouse)	9606; 10090	Chemical cross-linking coupled with mass spectrometry proteomics	CC BY-NC-ND	False	False	RAW
PXD017931	33412091.0	PMC8675206	58	Homo sapiens (human)	9606	Chemical cross-linking coupled with mass spectrometry proteomics	author_manuscript	False	False	MGF;RAW;SCAN;WIFF
PXD018106	32433913.0	PMC7280788	11	Homo sapiens (human)	9606	Chemical cross-linking coupled with mass spectrometry proteomics	CC BY	False	False	MGF;RAW
PXD023073	33514717.0	PMC7846742	3	Escherichia coli	562	Chemical cross-linking coupled with mass spectrometry proteomics	CC BY	False	False	RAW
PXD022279	33470097.0	PMC8849040	25	Homo sapiens (human)	9606	Shotgun proteomics	author_manuscript	False	False	MS2;MZXML;RAW
PXD019751			24	Homo sapiens (human)	9606	Chemical cross-linking coupled with mass spectrometry proteomics		False	False	RAW
PXD016196	33301732.0	PMC7758880	12	Saccharomyces cerevisiae (baker's yeast)	4932	Chemical cross-linking coupled with mass spectrometry proteomics	CC BY-NC-ND	False	False	RAW
PXD019530	32990725.0	PMC7641746	0	Homo sapiens (human)	9606	Chemical cross-linking coupled with mass spectrometry proteomics; MSE	CC BY-NC	False	False	ZIP
PXD014642			0	Homo sapiens (human)	9606	Chemical cross-linking coupled with mass spectrometry proteomics; Shotgun proteomics		False	False	ZIP
PXD021553	33617236.0		8	Neisseria meningitidis; Bacteria	487; 2	Chemical cross-linking coupled with mass spectrometry proteomics		False	False	RAW
PXD011974	33640491.0	PMC8050775	36	Homo sapiens (human)	9606	Affinity purification coupled with mass spectrometry proteomics	CC BY	False	False	MGF;RAW
PXD023022	33637534.0	PMC7909872	12	Arabidopsis thaliana (mouse-ear cress)	3702	Chemical cross-linking coupled with mass spectrometry proteomics; Affinity purification coupled with mass spectrometry proteomics	CC BY-NC	False	False	RAW
PXD021708			4	Homo sapiens (human)	9606	Chemical cross-linking coupled with mass spectrometry proteomics		False	False	MZXML;RAW
PXD021709			8	Homo sapiens (human)	9606	Affinity purification coupled with mass spectrometry proteomics		False	False	RAW
PXD023522	33657806.0		0	Homo sapiens (human); Mus musculus (mouse)	9606; 10090	Chemical cross-linking coupled with mass spectrometry proteomics		False	False	MGF;MZXML
PXD020084	33734450.0	PMC8047447	18	Homo sapiens (human)	9606	Chemical cross-linking coupled with mass spectrometry proteomics	CC BY	False	False	RAW;ZIP
PXD023814			74	Homo sapiens (human)	9606	Affinity purification coupled with mass spectrometry proteomics		False	False	RAW
PXD024335	33545068.0		6	Homo sapiens (human)	9606	Affinity purification coupled with mass spectrometry proteomics		False	False	RAW
PXD025220			2	Trypanosoma brucei	5691	Chemical cross-linking coupled with mass spectrometry proteomics		False	False	RAW
PXD024367			12	Mus musculus (mouse)	10090	Shotgun proteomics		False	False	MZXML;RAW
PXD024361			14	Mus musculus (mouse)	10090	Shotgun proteomics		False	False	MZXML;RAW
PXD024366			24	Mus musculus (mouse)	10090	Shotgun proteomics		False	False	MZXML;RAW
PXD024492	34035302.0	PMC8149812	4	Saccharomyces cerevisiae (baker's yeast)	4932	Shotgun proteomics	CC BY	False	False	APL;RAW
PXD024493	34035302.0	PMC8149812	4	Saccharomyces cerevisiae (baker's yeast)	4932	Shotgun proteomics	CC BY	False	False	APL;RAW
PXD020165	33799447.0	PMC8001828	15	Homo sapiens (human)	9606	Affinity purification coupled with mass spectrometry proteomics	CC BY	False	False	MGF;RAW
PXD021691			6	Armoracia rusticana; Homo sapiens (human); Mus musculus (mouse)	3704; 9606; 10090	Shotgun proteomics		False	False	RAW
PXD021693			6	Armoracia rusticana; Homo sapiens (human); Mus musculus (mouse)	3704; 9606; 10090	Shotgun proteomics		False	False	RAW
PXD023164	33941673.0		6	Saccharomyces cerevisiae (baker's yeast)	4932	Chemical cross-linking coupled with mass spectrometry proteomics		False	False	RAW
PXD021822	33929844.0		0	Deinococcus radiodurans r1	243230	Shotgun proteomics; Affinity purification coupled with mass spectrometry proteomics		False	False	MZML;MZXML
PXD022690	33915260.0	PMC8214149	71	Saccharomyces cerevisiae (baker's yeast); Bos taurus (bovine)	4932; 9913	Chemical cross-linking coupled with mass spectrometry proteomics	CC BY	False	False	RAW
PXD005657	29537826.0		5	Homo sapiens (human)	9606	Chemical cross-linking coupled with mass spectrometry proteomics		False	False	RAW
PXD025066			4	Oryctolagus sp. 'rabbit_od'	2665958	Chemical cross-linking coupled with mass spectrometry proteomics		False	False	MGF;RAW
PXD017951			6	Homo sapiens (human)	9606	Top-down proteomics; Affinity purification coupled with mass spectrometry proteomics		False	False	RAW
PXD019048	0.0		15	Homo sapiens (human)	9606	Chemical cross-linking coupled with mass spectrometry proteomics		False	False	RAW
PXD019101	0.0		90	Homo sapiens (human)	9606	Chemical cross-linking coupled with mass spectrometry proteomics		False	False	RAW
PXD020302	33953398.0		18	Neisseria gonorrhoeae	485	Shotgun proteomics		False	False	RAW
PXD022772	0.0		0	Streptococcus pyogenes abc020006030	1438992	Chemical cross-linking coupled with mass spectrometry proteomics		False	False	ZIP
PXD022675			123	Homo sapiens (human)	9606	Chemical cross-linking coupled with mass spectrometry proteomics		False	False	RAW
PXD026229			38	Mus musculus (mouse)	10090	SWATH MS		False	False	RAW
PXD025172	34018207.0	PMC8204860	20	Saccharomyces cerevisiae (baker's yeast)	4932	Chemical cross-linking coupled with mass spectrometry proteomics	CC BY	False	False	RAW
PXD005943	34278261.0	PMC8261671	12	Saccharomyces cerevisiae (baker's yeast)	4932	Chemical cross-linking coupled with mass spectrometry proteomics; Affinity purification coupled with mass spectrometry proteomics	CC BY	False	False	RAW
PXD021622	33067390.0	PMC7959530	10	Homo sapiens (human)	9606	Affinity purification coupled with mass spectrometry proteomics	CC BY-NC-ND	False	False	RAW
PXD024254	34151850.0	PMC8609692	84	Mus musculus (mouse)	10090	Shotgun proteomics; Gel-based experiment	CC BY-NC	False	False	APL;RAW
PXD026935			12	Saccharomyces cerevisiae (baker's yeast)	4932	Chemical cross-linking coupled with mass spectrometry proteomics		False	False	RAW
PXD017933			24	Homo sapiens (human)	9606	Affinity purification coupled with mass spectrometry proteomics		False	False	GZ;MGF;RAW
PXD019771	34142657.0	PMC8245127	18	Homo sapiens (human)	9606	Chemical cross-linking coupled with mass spectrometry proteomics	CC BY	False	False	MGF;RAW
PXD024131	34349113.0	PMC8338941	4	Saccharomyces cerevisiae (baker's yeast)	4932	Chemical cross-linking coupled with mass spectrometry proteomics	CC BY	False	False	RAW
PXD024160			4	Saccharomyces cerevisiae (baker's yeast)	4932	Chemical cross-linking coupled with mass spectrometry proteomics		False	False	RAW
PXD026718	34181849.0	PMC8922946	2	Mus musculus (mouse)	10090	Affinity purification coupled with mass spectrometry proteomics	author_manuscript	False	False	RAW
PXD019017			11	Homo sapiens (human)	9606	Chemical cross-linking coupled with mass spectrometry proteomics		False	False	MZML;RAW
PXD023072			12	Mus musculus (mouse)	10090	Chemical cross-linking coupled with mass spectrometry proteomics		False	False	RAW
PXD022335	34381044.0	PMC8357913	52	Mus musculus (mouse)	10090	Shotgun proteomics; Affinity purification coupled with mass spectrometry proteomics	CC BY	False	False	RAW
PXD026790			48	Sus scrofa domesticus (domestic pig)	9825	Chemical cross-linking coupled with mass spectrometry proteomics		False	False	RAW
PXD009159	32444788.0	PMC7244511	9	Mus musculus (mouse)	10090	Affinity purification coupled with mass spectrometry proteomics	CC BY	False	False	RAW;ZIP
PXD022903	34189442.0	PMC8220391	578	Homo sapiens (human)	9606	Shotgun proteomics; Affinity purification coupled with mass spectrometry proteomics	CC BY	False	False	RAW
PXD019215	34262173.0	PMC8607881	5	Bos taurus (bovine)	9913	Chemical cross-linking coupled with mass spectrometry proteomics	author_manuscript	False	False	RAW
PXD020453	34339457.0	PMC8360603	14	Homo sapiens (human)	9606	Chemical cross-linking coupled with mass spectrometry proteomics	CC BY	False	False	MGF;RAW
PXD020323	33475084.0	PMC7880690	8	Homo sapiens (human)	9606	Shotgun proteomics	CC BY	False	False	MS2;RAW
PXD021434			13	Homo sapiens (human)	9606	Affinity purification coupled with mass spectrometry proteomics		False	False	RAW
PXD027565			6	Homo sapiens (human)	9606	Shotgun proteomics; Chemical cross-linking coupled with mass spectrometry proteomics		False	False	RAW
PXD024253			2	Escherichia coli; Bos taurus (bovine)	562; 9913	Chemical cross-linking coupled with mass spectrometry proteomics		False	False	MZML;RAW
PXD012788			57	Homo sapiens (human)	9606	Chemical cross-linking coupled with mass spectrometry proteomics; Shotgun proteomics		False	False	RAW
PXD025141			14	Homo sapiens (human); Mus musculus (mouse)	9606; 10090	Shotgun proteomics		False	False	MZML;MZXML;RAW
PXD027128			6	Saccharomyces cerevisiae (baker's yeast); Homo sapiens (human)	4932; 9606	Chemical cross-linking coupled with mass spectrometry proteomics		False	False	RAW
PXD020370			6	Homo sapiens (human)	9606	Shotgun proteomics		False	False	MZML;RAW
PXD010422	30125099.0		33	Oryctolagus cuniculus (rabbit)	9986	Chemical cross-linking coupled with mass spectrometry proteomics		False	False	RAW
PXD026244			413	Saccharomyces cerevisiae (baker's yeast)	4932	Chemical cross-linking coupled with mass spectrometry proteomics		False	False	RAW
PXD026926			12	Homo sapiens (human)	9606	Affinity purification coupled with mass spectrometry proteomics		False	False	RAW
PXD024822			24	Homo sapiens (human)	9606	Chemical cross-linking coupled with mass spectrometry proteomics		False	False	RAW
PXD010474	34428048.0	PMC8744476	3	Homo sapiens (human)	9606	Shotgun proteomics	author_manuscript	False	False	RAW
PXD022440			0	Xenopus laevis (african clawed frog)	8355	Affinity purification coupled with mass spectrometry proteomics		False	False	MGF;SCAN;WIFF
PXD024168	34420308.0		10	Homo sapiens (human)	9606	Shotgun proteomics		False	False	RAW
PXD024065			2	Saccharomyces cerevisiae (baker's yeast)	4932	Chemical cross-linking coupled with mass spectrometry proteomics		False	False	MGF;RAW
PXD017873	33523959.0	PMC7787483	6	Synechocystis sp. pcc 6803 substr. gt-s	1111707	Chemical cross-linking coupled with mass spectrometry proteomics; Shotgun proteomics	CC BY-NC	False	False	MGF;RAW
PXD019428	33660780.0	PMC8034651	12	Homo sapiens (human)	9606	Shotgun proteomics	CC BY	False	False	DTA;RAW
PXD019338	32719457.0	PMC7483821	65	Human immunodeficiency virus 1; Homo sapiens (human)	11676; 9606	Chemical cross-linking coupled with mass spectrometry proteomics	NO-CC CODE	False	False	MGF;RAW
PXD019713	33747727.0	PMC7967050	3	Homo sapiens (human)	9606	Chemical cross-linking coupled with mass spectrometry proteomics	CC BY	False	False	MGF;MZML;RAW
PXD019599	33172954.0	PMC7790435	3	Escherichia coli	562	Chemical cross-linking coupled with mass spectrometry proteomics; Gel-based experiment	author_manuscript	False	False	MGF;RAW
PXD020542	33443154.0		21	Homo sapiens (human)	9606	Shotgun proteomics		False	False	RAW
PXD020704	33237725.0	PMC7883999	28	Bos taurus (bovine)	9913	Chemical cross-linking coupled with mass spectrometry proteomics	NO-CC CODE	False	False	RAW
PXD019944	33747727.0	PMC7967050	1	Homo sapiens (human)	9606	Chemical cross-linking coupled with mass spectrometry proteomics	CC BY	False	False	MGF;MZML;RAW
PXD019868	33747727.0	PMC7967050	3	Homo sapiens (human)	9606	Chemical cross-linking coupled with mass spectrometry proteomics	CC BY	False	False	MGF;MZML;RAW
PXD022785	33705380.0	PMC7951837	4	Toxoplasma gondii rh	383379	Shotgun proteomics	CC BY	False	False	MGF;RAW
PXD023192	34026826.0	PMC8138138	26	Escherichia coli	562	Gel-based experiment	CC BY	False	False	RAW
PXD023525	33946784.0	PMC8146983	3	Escherichia coli; Homo sapiens (human)	562; 9606	Chemical cross-linking coupled with mass spectrometry proteomics	CC BY	False	False	MGF;RAW
PXD023651	34139236.0	PMC8267569	8	Homo sapiens (human)	9606	Chemical cross-linking coupled with mass spectrometry proteomics	CC BY	False	False	RAW
PXD027068	34416233.0	PMC8446793	440	Caenorhabditis elegans	6239	Shotgun proteomics; Gel-based experiment; Affinity purification coupled with mass spectrometry proteomics	CC BY	False	False	RAW
PXD021770	34795231.0	PMC8602451	0	Homo sapiens (human)	9606	Top-down proteomics	CC BY	False	False	7Z
PXD021809	34795231.0	PMC8602451	0	Homo sapiens (human)	9606	Top-down proteomics	CC BY	False	False	7Z
PXD027759	34795231.0	PMC8602451	0	Homo sapiens (human)	9606	Shotgun proteomics	CC BY	False	False	7Z
PXD021923	34795231.0	PMC8602451	24	Homo sapiens (human)	9606	Shotgun proteomics; Gel-based experiment	CC BY	False	False	RAW
PXD027611			26	Mus musculus (mouse)	10090	Affinity purification coupled with mass spectrometry proteomics		False	False	RAW
PXD014247	34533192.0	PMC8524720	6	Homo sapiens (human)	9606	Affinity purification coupled with mass spectrometry proteomics	CC BY	False	False	RAW
PXD023487	34373319.0	PMC8403911	59	Homo sapiens (human)	9606	Chemical cross-linking coupled with mass spectrometry proteomics	CC BY	False	False	RAW
PXD022861	34418567.0	PMC8452774	2	Homo sapiens (human)	9606	Chemical cross-linking coupled with mass spectrometry proteomics	CC BY	False	False	MGF;RAW;SCAN;WIFF
PXD021115	34487489.0	PMC8510580	108	Homo sapiens (human)	9606	Chemical cross-linking coupled with mass spectrometry proteomics	CC BY	False	False	RAW
PXD023277	33655243.0	PMC7924263	40	Homo sapiens (human)	9606	Shotgun proteomics	CC BY	False	False	RAW
PXD025391	34389466.0	PMC8459920	247	Human immunodeficiency virus; Homo sapiens (human)	12721; 9606	Chemical cross-linking coupled with mass spectrometry proteomics	CC BY	False	False	MGF;RAW
PXD026433	34499065.0		61	Chlamydomonas reinhardtii	3055	Shotgun proteomics; Chemical cross-linking coupled with mass spectrometry proteomics		False	False	RAW
PXD027917			55	Homo sapiens (human)	9606	Affinity purification coupled with mass spectrometry proteomics		False	False	MGF;RAW
PXD017344			40	Homo sapiens (human); Mus musculus (mouse)	9606; 10090	Shotgun proteomics		False	False	RAW
PXD020340	33475084.0	PMC7880690	12	Homo sapiens (human)	9606	Affinity purification coupled with mass spectrometry proteomics	CC BY	False	False	RAW
PXD024010			29	Homo sapiens (human)	9606	Chemical cross-linking coupled with mass spectrometry proteomics		False	False	MZXML;RAW
PXD028879	34769086.0	PMC8583833	57	Saccharomyces cerevisiae (baker's yeast)	4932	Gel-based experiment; Affinity purification coupled with mass spectrometry proteomics	CC BY	False	False	RAW
PXD027267	34769086.0	PMC8583833	130	Saccharomyces cerevisiae (baker's yeast)	4932	Gel-based experiment; Affinity purification coupled with mass spectrometry proteomics	CC BY	False	False	RAW
PXD027998			9	Caenorhabditis elegans	6239	Affinity purification coupled with mass spectrometry proteomics		False	False	RAW
PXD027891			32	Gallus gallus (chicken); Oryctolagus cuniculus (rabbit); Bos taurus (bovine)	9031; 9986; 9913	Chemical cross-linking coupled with mass spectrometry proteomics		False	False	RAW
PXD027213	34929720.0		24	Homo sapiens (human)	9606	Chemical cross-linking coupled with mass spectrometry proteomics		False	False	RAW
PXD026017	34795302.0	PMC8602292	8	Escherichia coli	562	Chemical cross-linking coupled with mass spectrometry proteomics	CC BY	False	False	RAW
PXD021831			240	Saccharomyces cerevisiae (baker's yeast)	4932	Chemical cross-linking coupled with mass spectrometry proteomics; Affinity purification coupled with mass spectrometry proteomics		False	False	RAW
PXD029091	34836941.0	PMC8626422	12	Homo sapiens (human)	9606	Affinity purification coupled with mass spectrometry proteomics	CC BY	False	False	RAW
PXD028002	0.0		104	Saccharomyces cerevisiae (baker's yeast)	4932	Chemical cross-linking coupled with mass spectrometry proteomics		False	False	RAW
PXD021375			6	Rattus rattus (black rat)	10117	Top-down proteomics; Gel-based experiment		False	False	MGF;RAW
PXD025662	34854379.0	PMC8668186	16	Homo sapiens (human)	9606	Chemical cross-linking coupled with mass spectrometry proteomics	CC BY	False	False	RAW
PXD030495			0	Rattus norvegicus (rat)	10116	Shotgun proteomics		False	False	XLSX
PXD029034	34927332.0	PMC9303249	99	Homo sapiens (human); Mus musculus (mouse)	9606; 10090	Chemical cross-linking coupled with mass spectrometry proteomics	CC BY	False	False	RAW
PXD027161			0	Bos taurus (bovine)	9913	Chemical cross-linking coupled with mass spectrometry proteomics		False	False	7Z
PXD027188			67	Homo sapiens (human)	9606	Chemical cross-linking coupled with mass spectrometry proteomics		False	False	RAW
PXD011078			24	Homo sapiens (human)	9606	Chemical cross-linking coupled with mass spectrometry proteomics		False	False	RAW
PXD030543	35145304.0	PMC8837555	8	Mus musculus (mouse)	10090	Chemical cross-linking coupled with mass spectrometry proteomics; Affinity purification coupled with mass spectrometry proteomics	CC BY	False	False	RAW
PXD018040	34380038.0	PMC8447243	2	Homo sapiens (human)	9606	Top-down proteomics	CC BY-NC-ND	False	False	RAW
PXD020817	32898583.0	PMC7572642	32	Gallus gallus (chicken)	9031	Chemical cross-linking coupled with mass spectrometry proteomics	author_manuscript	False	False	RAW
PXD023221	34469738.0	PMC8424649	0	Homo sapiens (human)	9606	Chemical cross-linking coupled with mass spectrometry proteomics	CC BY	False	False	ZIP
PXD023239	34597346.0	PMC8513853	63	Homo sapiens (human)	9606	Affinity purification coupled with mass spectrometry proteomics	CC BY	False	False	RAW
PXD025980	34774526.0	PMC8580555	18	Homo sapiens (human)	9606	Chemical cross-linking coupled with mass spectrometry proteomics; Gel-based experiment	CC BY	False	False	RAW
PXD028005	34688652.0	PMC8591511	8	Saccharomyces cerevisiae (baker's yeast)	4932	Chemical cross-linking coupled with mass spectrometry proteomics	CC BY	False	False	RAW
PXD026508	34742736.0	PMC8637146	4	Homo sapiens (human)	9606	Shotgun proteomics	CC BY	False	False	RAW
PXD023542	0.0		27	Homo sapiens (human)	9606	Affinity purification coupled with mass spectrometry proteomics		False	False	RAW
PXD030578			33	Homo sapiens (human)	9606	Chemical cross-linking coupled with mass spectrometry proteomics		False	False	RAW
PXD027159			5	Streptococcus pyogenes abc020006030	1438992	Chemical cross-linking coupled with mass spectrometry proteomics		False	False	7Z;RAW
PXD028313	34880419.0	PMC8654980	12	Homo sapiens (human)	9606	Chemical cross-linking coupled with mass spectrometry proteomics	CC BY	False	False	RAW
PXD027189	35101980.0	PMC8833184	6	Homo sapiens (human)	9606	Chemical cross-linking coupled with mass spectrometry proteomics	CC BY-NC-ND	False	False	RAW
PXD027413			6	Saccharomyces cerevisiae (baker's yeast); Homo sapiens (human)	4932; 9606	Chemical cross-linking coupled with mass spectrometry proteomics		False	False	RAW
PXD013032	28899088.0		10	Mus musculus (mouse)	10090	Gel-based experiment		False	False	MGF;RAW
PXD031033	0.0		6	Saccharomyces cerevisiae (baker's yeast)	4932	Chemical cross-linking coupled with mass spectrometry proteomics		False	False	RAW
PXD005287			18	Homo sapiens (human)	9606	Chemical cross-linking coupled with mass spectrometry proteomics		False	False	RAW
PXD009474			29	Trichomonas vaginalis	5722	Shotgun proteomics		False	False	RAW
PXD006541	31932738.0	PMC7007875	5	Homo sapiens (human)	9606	Shotgun proteomics; Affinity purification coupled with mass spectrometry proteomics	NO-CC CODE	False	False	RAW
PXD002392			0	Saccharomyces cerevisiae (baker's yeast); Homo sapiens (human)	4932; 9606	Chemical cross-linking coupled with mass spectrometry proteomics		False	False	MZML
PXD030063	35217606.0	PMC8892280	21	Homo sapiens (human)	9606	Chemical cross-linking coupled with mass spectrometry proteomics	CC BY-NC-ND	False	False	RAW
PXD028150	0.0		27	Homo sapiens (human)	9606	Top-down proteomics		False	False	RAW
PXD027234	34375526.0		0	Escherichia coli; Homo sapiens (human); Bos taurus (bovine)	562; 9606; 9913	Chemical cross-linking coupled with mass spectrometry proteomics		False	False	MGF;RAR;ZIP
PXD030429			39	Marchantia polymorpha	3197	Shotgun proteomics		False	False	RAW
PXD029960	35320721.0	PMC8939003	12	Homo sapiens (human)	9606	Affinity purification coupled with mass spectrometry proteomics	NO-CC CODE	False	False	RAW
PXD031114			112	Escherichia coli; Homo sapiens (human); Bacteria	562; 9606; 2	Shotgun proteomics; Chemical cross-linking coupled with mass spectrometry proteomics		False	False	RAW
PXD031054			102	Homo sapiens (human)	9606	Shotgun proteomics; Chemical cross-linking coupled with mass spectrometry proteomics		False	False	MGF;RAW
PXD025179	0.0		8	Homo sapiens (human)	9606	Affinity purification coupled with mass spectrometry proteomics		False	False	RAW
PXD027488			41	Mus musculus (mouse)	10090	Shotgun proteomics; Affinity purification coupled with mass spectrometry proteomics		False	False	RAW
PXD033167	0.0		30	Homo sapiens (human); Sus scrofa domesticus (domestic pig)	9606; 9825	Chemical cross-linking coupled with mass spectrometry proteomics		False	False	RAW
PXD033409			16	Homo sapiens (human)	9606	Chemical cross-linking coupled with mass spectrometry proteomics		False	False	RAW
PXD031845	35443134.0	PMC9901301	4	Homo sapiens (human); Mus musculus (mouse)	9606; 10090	Affinity purification coupled with mass spectrometry proteomics	author_manuscript	False	False	RAW
PXD033764			74	Homo sapiens (human)	9606	Shotgun proteomics		False	False	MZML;RAW
PXD032952			24	Homo sapiens (human)	9606	Shotgun proteomics		False	False	RAW
PXD024120	34534264.0	PMC9014755	3	Homo sapiens (human)	9606	Shotgun proteomics; Affinity purification coupled with mass spectrometry proteomics	CC BY-NC	False	False	RAW
PXD031827	35387990.0	PMC8986801	4	Homo sapiens (human)	9606	Chemical cross-linking coupled with mass spectrometry proteomics	CC BY	False	False	RAW
PXD029252	35803948.0	PMC9270371	84	Escherichia coli	562	Chemical cross-linking coupled with mass spectrometry proteomics	CC BY	False	False	RAW
PXD031159	35252115.0	PMC8894327	33	Escherichia coli; Homo sapiens (human)	562; 9606	Chemical cross-linking coupled with mass spectrometry proteomics	CC BY	False	False	MGF;MZML;RAW
PXD002929	27114452.0	PMC4937518	276	Homo sapiens (human)	9606	Shotgun proteomics	CC BY	False	False	RAW
PXD027149	35211260.0	PMC8790779	18	Homo sapiens (human)	9606	Chemical cross-linking coupled with mass spectrometry proteomics	CC BY	False	False	MGF;RAW
PXD030072			42	Homo sapiens (human)	9606	Shotgun proteomics		False	False	RAW
PXD029365			0	Escherichia coli	562	Chemical cross-linking coupled with mass spectrometry proteomics		False	False	MGF
PXD033175			2	Drosophila melanogaster (fruit fly)	7227	Chemical cross-linking coupled with mass spectrometry proteomics; Affinity purification coupled with mass spectrometry proteomics		False	False	MGF;RAW
PXD025099	34151562.0		30	Homo sapiens (human)	9606	Chemical cross-linking coupled with mass spectrometry proteomics		False	False	RAW
PXD031381	35581222.0	PMC9114321	74	Homo sapiens (human)	9606	Chemical cross-linking coupled with mass spectrometry proteomics	CC BY	False	False	RAW
PXD032297	35645376.0	PMC9149908	31	Homo sapiens (human)	9606	Shotgun proteomics; Affinity purification coupled with mass spectrometry proteomics	CC BY	False	False	MZML;RAW
PXD025122			9	Staphylococcus aureus	1280	Shotgun proteomics		False	False	RAW
PXD023817	34535262.0		105	Homo sapiens (human)	9606	Chemical cross-linking coupled with mass spectrometry proteomics		False	False	RAW
PXD032821	35613060.0	PMC9178559	1	Drosophila melanogaster (fruit fly); Escherichia coli; Mus musculus (mouse)	7227; 562; 10090	Shotgun proteomics	CC BY	False	False	RAW
PXD028433	0.0		3	Homo sapiens (human)	9606	Chemical cross-linking coupled with mass spectrometry proteomics		False	False	MGF;RAW
PXD031411			9	Homo sapiens (human)	9606	Chemical cross-linking coupled with mass spectrometry proteomics		False	False	MZML;RAW
PXD030209	35676411.0	PMC9177699	0	Escherichia coli	562	Shotgun proteomics	CC BY	False	False	MGF
PXD034163	35779611.0		22	Homo sapiens (human)	9606	Chemical cross-linking coupled with mass spectrometry proteomics		False	False	RAW
PXD024399			60	Homo sapiens (human)	9606	Affinity purification coupled with mass spectrometry proteomics		False	False	RAW
PXD034115			5	Homo sapiens (human)	9606	Affinity purification coupled with mass spectrometry proteomics		False	False	RAW
PXD031644	0.0		20	Homo sapiens (human)	9606	Chemical cross-linking coupled with mass spectrometry proteomics		False	False	RAW
PXD033067	0.0		142	Homo sapiens (human); Mus musculus (mouse)	9606; 10090	Gel-based experiment		False	False	RAW
PXD035622			24	Mus musculus (mouse)	10090	Shotgun proteomics		False	False	RAW
PXD027757			101	Mus musculus (mouse)	10090	Chemical cross-linking coupled with mass spectrometry proteomics		False	False	RAW
PXD035001			6	Homo sapiens (human)	9606	Shotgun proteomics		False	False	RAW
PXD027953	35609787.0	PMC9234706	47	Saccharomyces cerevisiae (baker's yeast)	4932	SRM/MRM; Shotgun proteomics; Chemical cross-linking coupled with mass spectrometry proteomics; Gel-based experiment	CC BY-NC-ND	False	False	RAW
PXD033466	35685794.0	PMC9132088	27	Homo sapiens (human)	9606	Shotgun proteomics	CC BY	False	False	MGF;RAW
PXD033107	35707458.0	PMC9191277	0	Homo sapiens (human)	9606	Chemical cross-linking coupled with mass spectrometry proteomics; Affinity purification coupled with mass spectrometry proteomics	CC BY	False	False	ZIP
PXD021126	0.0		15	Homo sapiens (human)	9606	Chemical cross-linking coupled with mass spectrometry proteomics		False	False	RAW
PXD027905	35041463.0	PMC9082328	8	Homo sapiens (human)	9606	Affinity purification coupled with mass spectrometry proteomics	author_manuscript	False	False	RAW
PXD035265			10	Homo sapiens (human)	9606	Affinity purification coupled with mass spectrometry proteomics		False	False	RAW
PXD025357	36114198.0	PMC9481589	6	Trypanosoma brucei	5691	Shotgun proteomics	CC BY	False	False	RAW
PXD031421			12	Homo sapiens (human)	9606	Chemical cross-linking coupled with mass spectrometry proteomics		False	False	RAW
PXD029675	35216657.0	PMC8995372	5	Salmonella typhimurium (strain lt2 / sgsc1412 / atcc 700720)	99287	Chemical cross-linking coupled with mass spectrometry proteomics	author_manuscript	False	False	RAW
PXD032906			4	Arabidopsis thaliana (mouse-ear cress)	3702	Affinity purification coupled with mass spectrometry proteomics		False	False	MGF;RAW
PXD030274	0.0		23	Homo sapiens (human)	9606	Chemical cross-linking coupled with mass spectrometry proteomics		False	False	MGF;RAW
PXD036262			13	Homo sapiens (human)	9606	Gel-based experiment		False	False	MGF;RAW
PXD030048			36	Arabidopsis thaliana (mouse-ear cress)	3702	Affinity purification coupled with mass spectrometry proteomics		False	False	MGF;RAW
PXD029833			87	Arabidopsis thaliana (mouse-ear cress)	3702	Affinity purification coupled with mass spectrometry proteomics		False	False	MGF;RAW
PXD031519	36040251.0		22	Methanocaldococcus jannaschii dsm 2661	243232	Chemical cross-linking coupled with mass spectrometry proteomics		False	False	RAW
PXD034627	0.0		12	Homo sapiens (human)	9606	Affinity purification coupled with mass spectrometry proteomics		False	False	RAW
PXD028415	0.0		12	Homo sapiens (human)	9606	Chemical cross-linking coupled with mass spectrometry proteomics		False	False	RAW
PXD034639	0.0		12	Caenorhabditis elegans	6239	Shotgun proteomics; Affinity purification coupled with mass spectrometry proteomics		False	False	RAW
PXD029781			4	Rattus norvegicus (rat)	10116	Shotgun proteomics		False	False	RAW;ZIP
PXD031096	0.0		4	Pseudomonas aeruginosa pa14	652611	Chemical cross-linking coupled with mass spectrometry proteomics		False	False	MZXML;RAW
PXD037183			11	Escherichia coli	562	Chemical cross-linking coupled with mass spectrometry proteomics		False	False	RAW
PXD014661	36136309.0	PMC9506174	24	Homo sapiens (human)	9606	Shotgun proteomics	CC BY	False	False	RAW
PXD034393	35963430.0	PMC9467883	2	Drosophila melanogaster (fruit fly)	7227	Gel-based experiment	CC BY	False	False	MGF;RAW
PXD022608	36044572.0	PMC9432838	20	Homo sapiens (human)	9606	Affinity purification coupled with mass spectrometry proteomics	CC BY	False	False	RAW
PXD023577	34017973.0	PMC8355073	18	Homo sapiens (human)	9606	Chemical cross-linking coupled with mass spectrometry proteomics	author_manuscript	False	False	RAW
PXD034529	36048166.0	PMC9490787	7	Sus scrofa domesticus (domestic pig)	9825	Chemical cross-linking coupled with mass spectrometry proteomics	CC BY-NC-ND	False	False	RAW
PXD031214	35948542.0	PMC9365803	2	Escherichia coli; Homo sapiens (human)	562; 9606	Gel-based experiment	CC BY	False	False	RAW
PXD032728	36180036.0	PMC9630795	19	Homo sapiens (human); Mus musculus (mouse)	9606; 10090	Shotgun proteomics; Affinity purification coupled with mass spectrometry proteomics	CC BY-NC-ND	False	False	RAW
PXD033026	35819414.0	PMC9391317	0	Homo sapiens (human)	9606	Affinity purification coupled with mass spectrometry proteomics	author_manuscript	False	False	APL;ZIP
PXD033043	35819414.0	PMC9391317	0	Homo sapiens (human)	9606	Affinity purification coupled with mass spectrometry proteomics	author_manuscript	False	False	APL;ZIP
PXD033044	35819414.0	PMC9391317	0	Homo sapiens (human)	9606	Affinity purification coupled with mass spectrometry proteomics	author_manuscript	False	False	APL;ZIP
PXD033062	35819414.0	PMC9391317	0	Homo sapiens (human)	9606	Affinity purification coupled with mass spectrometry proteomics	author_manuscript	False	False	APL;ZIP
PXD033063	35819414.0	PMC9391317	0	Homo sapiens (human)	9606	Affinity purification coupled with mass spectrometry proteomics	author_manuscript	False	False	APL;ZIP
PXD033066	35819414.0	PMC9391317	0	Homo sapiens (human)	9606	Affinity purification coupled with mass spectrometry proteomics	author_manuscript	False	False	APL;ZIP
PXD030970	36375840.0	PMC9684302	9	Homo sapiens (human)	9606	Shotgun proteomics	CC BY	False	False	MGF;RAW
PXD020636			48	Homo sapiens (human)	9606	Chemical cross-linking coupled with mass spectrometry proteomics		False	False	RAW
PXD034217	36272986.0	PMC9588061	8	Sordaria macrospora	5147	Gel-based experiment; Affinity purification coupled with mass spectrometry proteomics	CC BY	False	False	RAW
PXD030864	36239373.0	PMC9629834	32	Mus musculus (mouse)	10090	Shotgun proteomics; Affinity purification coupled with mass spectrometry proteomics	CC BY	False	False	RAW
PXD035151			8	Homo sapiens (human)	9606	Affinity purification coupled with mass spectrometry proteomics		False	False	RAW
PXD029591	35918900.0	PMC9346492	48	Homo sapiens (human)	9606	Chemical cross-linking coupled with mass spectrometry proteomics	CC BY-NC-ND	False	False	RAW
PXD028980	0.0		9	Homo sapiens (human); Pan troglodytes (chimpanzee)	9606; 9598	Affinity purification coupled with mass spectrometry proteomics		False	False	RAW
PXD036463	36336075.0	PMC9731863	0	Homo sapiens (human)	9606	Shotgun proteomics; Affinity purification coupled with mass spectrometry proteomics	CC BY-NC-ND	False	False	ZIP
PXD030532	0.0		180	Homo sapiens (human)	9606	SWATH MS; Chemical cross-linking coupled with mass spectrometry proteomics		False	False	RAW
PXD033446			19	Saccharomyces cerevisiae (baker's yeast)	4932	Chemical cross-linking coupled with mass spectrometry proteomics		False	False	RAW
PXD030590	0.0		24	Homo sapiens (human)	9606	Chemical cross-linking coupled with mass spectrometry proteomics		False	False	RAW
PXD031215	0.0		28	Saccharomyces cerevisiae (baker's yeast)	4932	Chemical cross-linking coupled with mass spectrometry proteomics		False	False	RAW
PXD033846	36520888.0		48	Homo sapiens (human)	9606	Affinity purification coupled with mass spectrometry proteomics		False	False	RAW
PXD037432	36524443.0		12	Mus musculus (mouse)	10090	Shotgun proteomics		False	False	RAW
PXD029257			78	Hepatitis c virus subtype 1a; Cicer arietinum (chickpea) (garbanzo); Nicotiana tabacum (common tobacco); Heliocidaris erythrogramma (sea urchin); Merluccius bilinearis (silver hake); Cercopithecus aethiops (green monkey) (grivet); Bos taurus (bovine); Dictyostelium discoideum (slime mold); Brassica oleracea var. botrytis (cauliflower); Apis mellifera (honeybee); Halobacterium salinarum; Gallus gallus (chicken); Macaca mulatta (rhesus macaque); Helicobacter pylori j99 (campylobacter pylori j99); Arabidopsis thaliana (mouse-ear cress); Bombyx mori (silk moth); Equus caballus (horse); Caenorhabditis elegans; Mus musculus (mouse); Arachis hypogaea (peanut); Hordeum vulgare (barley); Enterococcus faecalis (streptococcus faecalis); Drosophila melanogaster (fruit fly); Gadus morhua (atlantic cod); Ictalurus punctatus (channel catfish); Danio rerio (zebrafish) (brachydanio rerio); Candida albicans (yeast); Escherichia coli; Mesocricetus auratus (golden hamster); Brassica napus (rape); Homo sapiens (human); Acyrthosiphon pisum (pea aphid)	31646; 3827; 4097; 7634; 79698; 9534; 9913; 44689; 3715; 7460; 2242; 9031; 9544; 85963; 3702; 7091; 9796; 6239; 10090; 3818; 4513; 1351; 7227; 8049; 7998; 7955; 5476; 562; 10036; 3708; 9606; 7029	Shotgun proteomics		False	False	RAW
PXD037701			19	Arabidopsis thaliana (mouse-ear cress)	3702	Affinity purification coupled with mass spectrometry proteomics		False	False	RAW
PXD037492	36629399.0	PMC10234491	6	Saccharomyces cerevisiae (baker's yeast); Bos taurus (bovine)	4932; 9913	Shotgun proteomics; Chemical cross-linking coupled with mass spectrometry proteomics	author_manuscript	False	False	RAW
PXD039467			22	Homo sapiens (human)	9606	Shotgun proteomics; Affinity purification coupled with mass spectrometry proteomics		False	False	MGF;RAW
PXD030619			136	Rattus norvegicus (rat)	10116	Shotgun proteomics; Chemical cross-linking coupled with mass spectrometry proteomics		False	False	RAW
PXD030299			22	Homo sapiens (human)	9606	Chemical cross-linking coupled with mass spectrometry proteomics		False	False	RAW
PXD034054			2	Drosophila melanogaster (fruit fly)	7227	Shotgun proteomics		False	False	MGF;RAW
PXD029944	0.0		15	Homo sapiens (human)	9606	Shotgun proteomics		False	False	RAW
PXD027394	0.0		60	Homo sapiens (human)	9606	Shotgun proteomics		False	False	RAW
PXD039780	36893262.0	PMC10089177	2	Homo sapiens (human)	9606	Affinity purification coupled with mass spectrometry proteomics	CC BY-NC-ND	False	False	RAW
PXD036182	0.0		15	Drosophila melanogaster (fruit fly)	7227	Shotgun proteomics		False	False	MZXML;RAW
PXD034475	0.0		4	Nitrososphaera viennensis en76	926571	Chemical cross-linking coupled with mass spectrometry proteomics; Gel-based experiment		False	False	RAW
PXD036113	36356940.0	PMC9764255	12	Synechocystis sp. pcc 6803	1148	Shotgun proteomics	CC BY	False	False	RAW
PXD037703	36232890.0	PMC9569955	2	Homo sapiens (human)	9606	Shotgun proteomics	CC BY	False	False	MGF;RAW
PXD035712	0.0		24	Mus musculus (mouse)	10090	Shotgun proteomics		False	False	RAW
PXD033960	36868209.0		1	Homo sapiens (human)	9606	Shotgun proteomics		False	False	RAW
PXD029505	36868209.0		54	Homo sapiens (human)	9606	Shotgun proteomics; Chemical cross-linking coupled with mass spectrometry proteomics; Gel-based experiment; Affinity purification coupled with mass spectrometry proteomics		False	False	RAW
PXD033959	36868209.0		27	Homo sapiens (human)	9606	Gel-based experiment		False	False	RAW
PXD034241	0.0		18	Arabidopsis thaliana (mouse-ear cress)	3702	Shotgun proteomics; Affinity purification coupled with mass spectrometry proteomics		False	False	RAW
PXD038629	36773692.0	PMC9911985	12	Homo sapiens (human)	9606	Chemical cross-linking coupled with mass spectrometry proteomics	NO-CC CODE	False	False	RAW
PXD029350	35107270.0	PMC8969885	39	Homo sapiens (human)	9606	Chemical cross-linking coupled with mass spectrometry proteomics	author_manuscript	False	False	RAW
PXD035153	36583366.0	PMC9881175	8	Saccharomyces cerevisiae (baker's yeast)	4932	Chemical cross-linking coupled with mass spectrometry proteomics	CC BY-NC	False	False	RAW
PXD036744			63	Mus musculus (mouse)	10090	Shotgun proteomics; Affinity purification coupled with mass spectrometry proteomics		False	False	RAW
PXD026037	34882395.0	PMC9014865	2	Equus caballus (horse); Saccharomyces cerevisiae (baker's yeast); Homo sapiens (human); Bos taurus (bovine)	9796; 4932; 9606; 9913	Chemical cross-linking coupled with mass spectrometry proteomics	author_manuscript	False	False	MZXML;RAW
PXD025796	34882395.0	PMC9014865	10	Homo sapiens (human)	9606	Chemical cross-linking coupled with mass spectrometry proteomics	author_manuscript	False	False	RAW
PXD026603	34793198.0	PMC8926151	12	Homo sapiens (human)	9606	Chemical cross-linking coupled with mass spectrometry proteomics	author_manuscript	False	False	MZID;RAW
PXD027239	36873846.0	PMC9977449	24	Homo sapiens (human)	9606	Shotgun proteomics	CC BY	False	False	RAW
PXD033004	35792701.0	PMC9804898	8	Homo sapiens (human)	9606	Shotgun proteomics	CC BY-NC-ND	False	False	RAW
PXD035916	36564444.0	PMC9789103	0	Mus musculus (mouse)	10090	Affinity purification coupled with mass spectrometry proteomics	CC BY	False	False	MGF;ZIP
PXD036630	36320915.0	PMC9580500	36	Homo sapiens (human)	9606	Shotgun proteomics	CC BY-NC	False	False	RAW
PXD031997	36745811.0	PMC9962925	2	Homo sapiens (human)	9606	Chemical cross-linking coupled with mass spectrometry proteomics	CC BY	False	False	RAW
PXD033391	36288299.0	PMC9604534	26	Homo sapiens (human)	9606	Shotgun proteomics; Affinity purification coupled with mass spectrometry proteomics	CC BY-NC	False	False	RAW
PXD033633	36473839.0	PMC9726900	4	Homo sapiens (human)	9606	Chemical cross-linking coupled with mass spectrometry proteomics	CC BY	False	False	RAW
PXD036675	36232890.0	PMC9569955	4	Homo sapiens (human)	9606	Shotgun proteomics	CC BY	False	False	MGF;RAW
PXD035764	36866041.0	PMC9971881	50	Homo sapiens (human)	9606	Chemical cross-linking coupled with mass spectrometry proteomics	CC BY-NC-ND	False	False	RAW
PXD037729	36351913.0	PMC9646879	4	Homo sapiens (human)	9606	Chemical cross-linking coupled with mass spectrometry proteomics	CC BY	False	False	MGF;RAW
PXD031345	36854377.0	PMC9974300	132	Mus musculus (mouse)	10090	Chemical cross-linking coupled with mass spectrometry proteomics	CC BY	False	False	RAW
PXD037438			12	Severe acute respiratory syndrome coronavirus 2	2697049	Chemical cross-linking coupled with mass spectrometry proteomics		False	False	RAW
PXD037652	36926872.0	PMC10061366	43	Escherichia coli	562	Shotgun proteomics; Chemical cross-linking coupled with mass spectrometry proteomics	CC BY-NC-ND	False	False	RAW
PXD038327			8	Homo sapiens (human)	9606	Gel-based experiment; Affinity purification coupled with mass spectrometry proteomics		False	False	MGF;RAW
PXD040392	36966145.0	PMC10039879	4	Mus musculus (mouse)	10090	Affinity purification coupled with mass spectrometry proteomics	CC BY	False	False	RAW
PXD038640	37011209.0	PMC10104587	8	Bos taurus (bovine)	9913	Chemical cross-linking coupled with mass spectrometry proteomics	CC BY-NC-ND	False	False	MZXML;RAW
PXD031339	0.0		6	Escherichia coli	562	Chemical cross-linking coupled with mass spectrometry proteomics		False	False	MGF;RAW
PXD039694	0.0		8	Homo sapiens (human)	9606	Affinity purification coupled with mass spectrometry proteomics		False	False	MZML;RAW
PXD027349	0.0		28	Homo sapiens (human)	9606	Chemical cross-linking coupled with mass spectrometry proteomics		False	False	RAW
PXD031197			0	Homo sapiens (human)	9606	Affinity purification coupled with mass spectrometry proteomics		False	False	SCAN;WIFF
PXD035844	37071682.0	PMC10151615	401	Homo sapiens (human)	9606	Chemical cross-linking coupled with mass spectrometry proteomics	CC BY-NC-ND	False	False	RAW
PXD038234	37096733.0	PMC10234109	22	Gallus gallus (chicken)	9031	Shotgun proteomics; Affinity purification coupled with mass spectrometry proteomics	CC BY	False	False	RAW
PXD034796	0.0		499	Glycine max	3847	Chemical cross-linking coupled with mass spectrometry proteomics		False	False	RAW
PXD031601	37048128.0	PMC10093351	18	Drosophila melanogaster (fruit fly)	7227	Affinity purification coupled with mass spectrometry proteomics	CC BY	False	False	RAW
PXD017085	36660928.0	PMC10015162	22	Arabidopsis thaliana (mouse-ear cress)	3702	Shotgun proteomics; Affinity purification coupled with mass spectrometry proteomics	CC BY	False	False	MGF;MZML;RAW
PXD025581	37108203.0	PMC10138931	15	Homo sapiens (human)	9606	Affinity purification coupled with mass spectrometry proteomics	CC BY	False	False	MGF;RAW
PXD037493	37031211.0	PMC10082790	2	Homo sapiens (human)	9606	Chemical cross-linking coupled with mass spectrometry proteomics	CC BY	False	False	RAW
PXD041011	37123219.0	PMC10139975	18	Homo sapiens (human)	9606	Affinity purification coupled with mass spectrometry proteomics	CC BY-NC-ND	False	False	MGF;RAW
PXD040562	37015912.0	PMC10073301	47	Rattus norvegicus (rat)	10116	Shotgun proteomics	CC BY	False	False	RAW
PXD042301			31	Mus musculus (mouse)	10090	Affinity purification coupled with mass spectrometry proteomics		False	False	RAW
PXD033181	37407816.0	PMC10338342	5	Homo sapiens (human)	9606	Chemical cross-linking coupled with mass spectrometry proteomics	CC BY	False	False	RAW
PXD030849	35716664.0	PMC9444911	0	Homo sapiens (human)	9606	Shotgun proteomics; Chemical cross-linking coupled with mass spectrometry proteomics	author_manuscript	False	False	ZIP
PXD040984	0.0		17	Homo sapiens (human)	9606	Chemical cross-linking coupled with mass spectrometry proteomics		False	False	RAW
PXD039606	0.0		58	Homo sapiens (human)	9606	Chemical cross-linking coupled with mass spectrometry proteomics		False	False	RAW
PXD038658			22	Homo sapiens (human)	9606	Shotgun proteomics; Chemical cross-linking coupled with mass spectrometry proteomics		False	False	RAW
PXD035433			106	Homo sapiens (human)	9606	Shotgun proteomics; Chemical cross-linking coupled with mass spectrometry proteomics		False	False	RAW
PXD041519	37478862.0		1	Homo sapiens (human)	9606	Chemical cross-linking coupled with mass spectrometry proteomics		False	False	RAW
PXD018219	32459472.0		31	Saccharomyces cerevisiae (baker's yeast); Arabidopsis thaliana (mouse-ear cress)	4932; 3702	Chemical cross-linking coupled with mass spectrometry proteomics		False	False	RAW
PXD041019			4	Mus musculus (mouse)	10090	Gel-based experiment		False	False	RAW
PXD031911			107	Cytomegalovirus; Homo sapiens (human); Human betaherpesvirus 5	10358; 9606; 10359	Shotgun proteomics; Chemical cross-linking coupled with mass spectrometry proteomics; Affinity purification coupled with mass spectrometry proteomics		False	False	RAW
PXD042302	37325559.0	PMC10262054	31	Mus musculus (mouse)	10090	Affinity purification coupled with mass spectrometry proteomics	CC BY	False	False	RAW
PXD037030	0.0		0	Escherichia coli	562	Chemical cross-linking coupled with mass spectrometry proteomics		False	False	MZML;ZIP
PXD041148	37341467.0		0	Escherichia coli	562	Chemical cross-linking coupled with mass spectrometry proteomics		False	False	MGF
PXD039008			6	Homo sapiens (human)	9606	Shotgun proteomics		False	False	MZXML;RAW
PXD039010			6	Homo sapiens (human)	9606	Shotgun proteomics		False	False	MZXML;RAW
PXD038018	0.0		219	Homo sapiens (human); Mus musculus (mouse)	9606; 10090	Shotgun proteomics		False	False	RAW;ZIP
PXD039939	37264685.0	PMC10350818	1	Homo sapiens (human)	9606	Chemical cross-linking coupled with mass spectrometry proteomics	CC BY	False	False	RAW
PXD028063			77	Mus musculus (mouse)	10090	Shotgun proteomics		False	False	RAW
PXD037678	37221179.0	PMC10205723	28	Homo sapiens (human)	9606	Affinity purification coupled with mass spectrometry proteomics	CC BY	False	False	RAW
PXD039612	37363319.0	PMC10289200	18	Rattus norvegicus (rat)	10116	Gel-based experiment	CC BY	False	False	MGF;MZML;RAW
PXD037443	36652389.0	PMC10284117	36	Homo sapiens (human)	9606	Chemical cross-linking coupled with mass spectrometry proteomics	author_manuscript	False	False	RAW
PXD041438	37343697.0	PMC10279469	34	Homo sapiens (human)	9606	Chemical cross-linking coupled with mass spectrometry proteomics	CC BY	False	False	RAW
PXD041831	37343697.0	PMC10279469	19	Homo sapiens (human)	9606	Chemical cross-linking coupled with mass spectrometry proteomics	CC BY	False	False	RAW
PXD036640	37343697.0	PMC10279469	158	Homo sapiens (human)	9606	Chemical cross-linking coupled with mass spectrometry proteomics; Shotgun proteomics	CC BY	False	False	RAW
PXD042625	37343697.0	PMC10279469	0	Homo sapiens (human)	9606	Chemical cross-linking coupled with mass spectrometry proteomics	CC BY	False	False	PDRESULT
PXD040736	37399331.0	PMC10393194	28	Saccharomyces cerevisiae (baker's yeast)	4932	Shotgun proteomics; Chemical cross-linking coupled with mass spectrometry proteomics	CC BY	False	False	RAW
PXD022991	0.0		24	Homo sapiens (human)	9606	Shotgun proteomics		False	False	RAW
PXD042123	0.0		12	Homo sapiens (human)	9606	Shotgun proteomics		False	False	RAW
PXD039864			8	Homo sapiens (human)	9606	Affinity purification coupled with mass spectrometry proteomics		False	False	RAW
PXD040875	37295430.0	PMC10297700	21	Saccharomyces cerevisiae (baker's yeast)	4932	Chemical cross-linking coupled with mass spectrometry proteomics; Affinity purification coupled with mass spectrometry proteomics	author_manuscript	False	False	MZML;RAW
PXD041955	0.0		4	Escherichia coli	562	Chemical cross-linking coupled with mass spectrometry proteomics		False	False	MGF;MZML;RAW
PXD039717			55	Saccharomyces cerevisiae (baker's yeast)	4932	Chemical cross-linking coupled with mass spectrometry proteomics; Affinity purification coupled with mass spectrometry proteomics		False	False	RAW
PXD017379	0.0		37	Homo sapiens (human)	9606	Chemical cross-linking coupled with mass spectrometry proteomics; Shotgun proteomics		False	False	MGF;RAW
PXD039068			0	Saccharomyces cerevisiae (baker's yeast)	4932	Top-down proteomics; Affinity purification coupled with mass spectrometry proteomics		False	False	MGF;XML
PXD043245	37575477.0	PMC10413933	6	Homo sapiens (human)	9606	Affinity purification coupled with mass spectrometry proteomics	CC BY	False	False	MZML;RAW
PXD027954	34847623.0	PMC9306725	54	Homo sapiens (human)	9606	Shotgun proteomics	CC BY-NC	False	False	RAW
PXD043532	0.0		18	Homo sapiens (human)	9606	Chemical cross-linking coupled with mass spectrometry proteomics		False	False	RAW
PXD040267	0.0		46	Escherichia coli; Homo sapiens (human)	562; 9606	Chemical cross-linking coupled with mass spectrometry proteomics		False	False	MGF;RAW
PXD044574	31663850.0	PMC6839919	12	Mus musculus (mouse)	10090	Affinity purification coupled with mass spectrometry proteomics	CC BY	False	False	MGF;RAW
PXD026793			37	Homo sapiens (human); Mus musculus (mouse)	9606; 10090	Shotgun proteomics; Affinity purification coupled with mass spectrometry proteomics		False	False	MZXML;RAW
PXD039289			12	Vibrio cholerae o395	345073	Chemical cross-linking coupled with mass spectrometry proteomics		False	False	RAW
PXD039754	0.0		10	Homo sapiens (human); Bos taurus (bovine)	9606; 9913	Chemical cross-linking coupled with mass spectrometry proteomics		False	False	RAW
PXD029930	0.0		96	Homo sapiens (human)	9606	Chemical cross-linking coupled with mass spectrometry proteomics		False	False	RAW
PXD025843	0.0		22	Saccharomyces cerevisiae (baker's yeast)	4932	Chemical cross-linking coupled with mass spectrometry proteomics		False	False	RAW
PXD039125	0.0		0	Homo sapiens (human); Plasmodium falciparum nf54	9606; 5843	Affinity purification coupled with mass spectrometry proteomics		False	False	ZIP
PXD035404			10	Homo sapiens (human)	9606	Shotgun proteomics		False	False	RAW
PXD035589			22	Homo sapiens (human)	9606	Chemical cross-linking coupled with mass spectrometry proteomics		False	False	RAW
PXD035591			0	Homo sapiens (human)	9606	Chemical cross-linking coupled with mass spectrometry proteomics		False	False	ZIP
PXD038067	37402368.0	PMC10484158	1	Homo sapiens (human)	9606	Shotgun proteomics; Affinity purification coupled with mass spectrometry proteomics	author_manuscript	False	False	RAW
PXD043805			30	Mus musculus (mouse)	10090	Shotgun proteomics; Affinity purification coupled with mass spectrometry proteomics		False	False	RAW
PXD044625	37805600.0	PMC10560261	178	Homo sapiens (human)	9606	Shotgun proteomics	CC BY	False	False	MGF;RAW
PXD045987	0.0		23	Trypanosoma brucei	5691	Chemical cross-linking coupled with mass spectrometry proteomics; Affinity purification coupled with mass spectrometry proteomics		False	False	RAW
PXD034894	37833274.0	PMC10576089	2	Homo sapiens (human)	9606	Chemical cross-linking coupled with mass spectrometry proteomics	CC BY	False	False	RAW
PXD035813	37485370.0	PMC10362359	12	Homo sapiens (human)	9606	Affinity purification coupled with mass spectrometry proteomics	CC BY-NC-ND	False	False	RAW
PXD035801	37485370.0	PMC10362359	12	Homo sapiens (human)	9606	Affinity purification coupled with mass spectrometry proteomics	CC BY-NC-ND	False	False	RAW
PXD033593	35961399.0	PMC10368009	5	Homo sapiens (human)	9606	Chemical cross-linking coupled with mass spectrometry proteomics	CC BY	False	False	RAW
PXD040902	37526474.0	PMC10476242	6	Hiv-1 m:b_mn	11696	Shotgun proteomics; Chemical cross-linking coupled with mass spectrometry proteomics	CC BY-NC-ND	False	False	RAW
PXD040939	37225161.0	PMC10433927	12	Zea mays (maize)	4577	Shotgun proteomics; Affinity purification coupled with mass spectrometry proteomics	CC BY	False	False	RAW
PXD042584	37516774.0	PMC10387098	1	Spodoptera frugiperda; Homo sapiens (human)	7108; 9606	Chemical cross-linking coupled with mass spectrometry proteomics	CC BY	False	False	MGF;RAW
PXD042830	37833251.0	PMC10575931	4	Homo sapiens (human)	9606	Affinity purification coupled with mass spectrometry proteomics	CC BY	False	False	RAW
PXD042501	37686208.0	PMC10487470	0	Escherichia coli; Homo sapiens (human)	562; 9606	Chemical cross-linking coupled with mass spectrometry proteomics; HDMSE	CC BY	False	False	RAR
PXD042395	37395449.0	PMC10415142	24	Homo sapiens (human)	9606	Shotgun proteomics; Affinity purification coupled with mass spectrometry proteomics	CC BY-NC	False	False	RAW
PXD038332	0.0		117	Homo sapiens (human)	9606	Shotgun proteomics		False	False	RAW
PXD041943	0.0		9	Homo sapiens (human)	9606	Shotgun proteomics; Gel-based experiment; Affinity purification coupled with mass spectrometry proteomics		False	False	RAW;ZIP
PXD038398			11	Homo sapiens (human)	9606	Shotgun proteomics		False	False	RAW
PXD032222			90	Mus musculus (mouse); Bos taurus (bovine)	10090; 9913	Chemical cross-linking coupled with mass spectrometry proteomics		False	False	RAW
PXD036884	0.0		108	Escherichia coli	562	Chemical cross-linking coupled with mass spectrometry proteomics		False	False	RAW
PXD040144			3	Homo sapiens (human)	9606	Chemical cross-linking coupled with mass spectrometry proteomics		False	False	RAW
PXD038615	38096902.0	PMC10830420	6	Homo sapiens (human)	9606	Chemical cross-linking coupled with mass spectrometry proteomics	CC BY	False	False	RAW
PXD047030			0	Mus musculus (mouse)	10090	Top-down proteomics		False	False	ZIP
PXD043976	0.0		88	Homo sapiens (human)	9606	Chemical cross-linking coupled with mass spectrometry proteomics		False	False	RAW
PXD026861	37937463.0		6	Homo sapiens (human)	9606	Chemical cross-linking coupled with mass spectrometry proteomics; Affinity purification coupled with mass spectrometry proteomics		False	False	MZML;RAW
PXD029749	34908404.0		1	Homo sapiens (human)	9606	Shotgun proteomics		False	False	MZML;RAW
PXD042599			193	Saccharomyces cerevisiae (baker's yeast); Homo sapiens (human)	4932; 9606	Chemical cross-linking coupled with mass spectrometry proteomics; Gel-based experiment		False	False	MGF;RAW
PXD040991			10	Mus musculus (mouse)	10090	Shotgun proteomics		False	False	RAW
PXD046895	0.0		4	Saccharomyces cerevisiae (baker's yeast)	4932	Chemical cross-linking coupled with mass spectrometry proteomics; Bottom-up proteomics		False	False	MGF;RAW
PXD043093	0.0		21	Saccharomyces cerevisiae (baker's yeast)	4932	Shotgun proteomics		False	False	RAW
PXD043732	0.0		42	Homo sapiens (human)	9606	Shotgun proteomics		False	False	RAW
PXD028462	37098122.0	PMC10388395	10	Homo sapiens (human)	9606	Affinity purification coupled with mass spectrometry proteomics	author_manuscript	False	False	RAW
PXD044750	37979917.0	PMC10716779	1	Rattus norvegicus (rat)	10116	Chemical cross-linking coupled with mass spectrometry proteomics	CC BY	False	False	MZML;RAW
PXD024946	37770719.0	PMC10643145	14	Homo sapiens (human)	9606	Chemical cross-linking coupled with mass spectrometry proteomics	CC BY	False	False	RAW
PXD035452	36475596.0	PMC9867941	9	Homo sapiens (human); Mus musculus (mouse)	9606; 10090	Shotgun proteomics; Affinity purification coupled with mass spectrometry proteomics	author_manuscript	False	False	RAW
PXD047378	38130664.0	PMC10733194	0	Homo sapiens (human)	9606	Bottom-up proteomics; Data-dependent acquisition	CC BY	False	False	ZIP
PXD043041	38111714.0	PMC10727772	4	Arabidopsis thaliana (mouse-ear cress)	3702	Affinity purification coupled with mass spectrometry proteomics	CC BY-NC-ND	False	False	MZML;RAW
PXD041684	37667030.0	PMC10643120	9	Pseudomonas phage phipa3	998086	Affinity purification coupled with mass spectrometry proteomics	CC BY	False	False	MGF;RAW
PXD038515	37310689.0	PMC10602608	0	Chlamydomonas reinhardtii	3055	Shotgun proteomics; Affinity purification coupled with mass spectrometry proteomics	CC BY	False	False	SCAN;WIFF
PXD045105	38057394.0	PMC10700374	8	Homo sapiens (human)	9606	Shotgun proteomics	CC BY	False	False	APL;RAW
PXD037569	37940635.0	PMC10632371	84	Homo sapiens (human)	9606	Shotgun proteomics	CC BY	False	False	RAW
PXD033244			2	Homo sapiens (human); Mus musculus (mouse)	9606; 10090	Affinity purification coupled with mass spectrometry proteomics		False	False	RAW
PXD045792	38294351.0	PMC10867798	8	Bacteria; Neisseria meningitidis serogroup c (strain 8013)	2; 604162	Chemical cross-linking coupled with mass spectrometry proteomics	CC BY-NC-ND	False	False	RAW
PXD041378			15	Mus musculus (mouse)	10090	Shotgun proteomics; Gel-based experiment		False	False	RAW
PXD029033	0.0		86	Homo sapiens (human); Mus musculus (mouse)	9606; 10090	Chemical cross-linking coupled with mass spectrometry proteomics		False	False	RAW
PXD045837	0.0		0	Homo sapiens (human)	9606	HDMSE; MSE		False	False	ZIP
PXD040374	0.0		120	Bos taurus (bovine)	9913	Chemical cross-linking coupled with mass spectrometry proteomics		False	False	RAW
PXD043789			12	Homo sapiens (human)	9606	Shotgun proteomics		False	False	RAW
PXD047929			12	Homo sapiens (human)	9606	Shotgun proteomics; Chemical cross-linking coupled with mass spectrometry proteomics		False	False	RAW
PXD046382			42	Homo sapiens (human)	9606	Chemical cross-linking coupled with mass spectrometry proteomics		False	False	RAW
PXD032132			178	Homo sapiens (human); Mus musculus (mouse)	9606; 10090	Shotgun proteomics; Chemical cross-linking coupled with mass spectrometry proteomics		False	False	RAW
PXD043347	38372774.0		15	Escherichia coli	562	Chemical cross-linking coupled with mass spectrometry proteomics		False	False	MZML;RAW
PXD046754			16	Mus musculus (mouse)	10090	Bottom-up proteomics; Data-dependent acquisition		False	False	RAW
PXD045575	0.0		3	Sinapis alba	3728	Chemical cross-linking coupled with mass spectrometry proteomics		False	False	RAW
PXD048897	0.0		8	Cricetulus sp.	10031	Chemical cross-linking coupled with mass spectrometry proteomics		False	False	RAW
PXD046267			76	Severe acute respiratory syndrome coronavirus 2; Homo sapiens (human)	2697049; 9606	Chemical cross-linking coupled with mass spectrometry proteomics		False	False	RAW
PXD038583	0.0		24	Homo sapiens (human)	9606	Shotgun proteomics; Affinity purification coupled with mass spectrometry proteomics		False	False	RAW
PXD046472			7	Homo sapiens (human)	9606	Gel-based experiment		False	False	RAW
PXD040337			26	Mus musculus (mouse)	10090	Shotgun proteomics; Affinity purification coupled with mass spectrometry proteomics		False	False	RAW
PXD042549	38664367.0	PMC11045720	0	Escherichia coli	562	Chemical cross-linking coupled with mass spectrometry proteomics	CC BY	False	False	MZML;ZIP
PXD033205	36115020.0	PMC9828221	0	Homo sapiens (human)	9606	Chemical cross-linking coupled with mass spectrometry proteomics	CC BY-NC	False	False	MGF;ZIP
PXD046966	38334954.0		8	Homo sapiens (human)	9606	Chemical cross-linking coupled with mass spectrometry proteomics		False	False	RAW
PXD042693			6	Homo sapiens (human)	9606	Affinity purification coupled with mass spectrometry proteomics		False	False	RAW
PXD042673			6	Homo sapiens (human)	9606	Affinity purification coupled with mass spectrometry proteomics		False	False	RAW
PXD042674			13	Homo sapiens (human)	9606	Affinity purification coupled with mass spectrometry proteomics		False	False	RAW
PXD042687			9	Homo sapiens (human)	9606	Affinity purification coupled with mass spectrometry proteomics		False	False	RAW
PXD042691			9	Homo sapiens (human)	9606	Affinity purification coupled with mass spectrometry proteomics		False	False	RAW
PXD042694			9	Homo sapiens (human)	9606	Affinity purification coupled with mass spectrometry proteomics		False	False	RAW
PXD047583			6	Homo sapiens (human)	9606	Affinity purification coupled with mass spectrometry proteomics		False	False	RAW
PXD042657			0	Homo sapiens (human)	9606	Shotgun proteomics		False	False	ZIP
PXD042697			15	Homo sapiens (human)	9606	Affinity purification coupled with mass spectrometry proteomics		False	False	RAW
PXD042706			12	Homo sapiens (human)	9606	Affinity purification coupled with mass spectrometry proteomics		False	False	RAW
PXD042700			0	Homo sapiens (human)	9606	Affinity purification coupled with mass spectrometry proteomics		False	False	ZIP
PXD042698			0	Homo sapiens (human)	9606	Affinity purification coupled with mass spectrometry proteomics		False	False	ZIP
PXD047455			0	Homo sapiens (human)	9606	SWATH MS		False	False	ZIP
PXD042702			0	Homo sapiens (human)	9606	Affinity purification coupled with mass spectrometry proteomics		False	False	ZIP
PXD050287	0.0		21	Arabidopsis thaliana (mouse-ear cress)	3702	Affinity proteomics; Bottom-up proteomics; Data-dependent acquisition		False	False	RAW
PXD046990	38383789.0	PMC10937380	3	Homo sapiens (human)	9606	Bottom-up proteomics	CC BY	False	False	RAW
PXD050824	38522511.0	PMC11066577	8	Homo sapiens (human)	9606	Bottom-up proteomics	CC BY-NC-ND	False	False	RAW
PXD048297	0.0		6	Homo sapiens (human)	9606	Affinity purification coupled with mass spectrometry proteomics; Data-dependent acquisition		False	False	MGF;RAW
PXD031415	38528119.0		181	Homo sapiens (human)	9606	SWATH MS; Shotgun proteomics; Affinity purification coupled with mass spectrometry proteomics		False	False	RAW
PXD048298	0.0		12	Homo sapiens (human)	9606	Affinity purification coupled with mass spectrometry proteomics; Data-dependent acquisition		False	False	MGF;RAW
PXD050222	0.0		40	Mus musculus (mouse)	10090	Bottom-up proteomics		False	False	RAW
PXD037894	36630201.0		16	Homo sapiens (human)	9606	Shotgun proteomics; Affinity purification coupled with mass spectrometry proteomics		False	False	DTA;MGF;RAW
PXD035201	36630201.0		52	Homo sapiens (human)	9606	Affinity purification coupled with mass spectrometry proteomics		False	False	DTA;MGF;RAW
PXD040547	0.0		2	Homo sapiens (human)	9606	Shotgun proteomics		False	False	RAW
PXD040412			30	Drosophila melanogaster (fruit fly)	7227	Shotgun proteomics		False	False	RAW
PXD051075			226	Escherichia coli; Homo sapiens (human)	562; 9606	Bottom-up proteomics		False	False	RAW
PXD049360			30	Drosophila melanogaster (fruit fly)	7227	Affinity purification coupled with mass spectrometry proteomics		False	False	RAW
PXD049375			40	Drosophila melanogaster (fruit fly)	7227	Affinity purification coupled with mass spectrometry proteomics; Data-dependent acquisition		False	False	RAW
PXD041610	0.0		21	Arabidopsis thaliana (mouse-ear cress)	3702	Shotgun proteomics; Affinity purification coupled with mass spectrometry proteomics		False	False	RAW
PXD050556			0	Homo sapiens (human)	9606	Gel-based experiment		False	False	ZIP
PXD049182	0.0		12	Hepacivirus; Homo sapiens (human)	11102; 9606	Bottom-up proteomics		False	False	RAW
PXD035980	38554706.0	PMC11055677	2	Homo sapiens (human)	9606	Chemical cross-linking coupled with mass spectrometry proteomics	CC BY	False	False	RAW
PXD045071	0.0		3	Homo sapiens (human)	9606	Shotgun proteomics		False	False	RAW
PXD043595	0.0		77	Bos taurus (bovine)	9913	Shotgun proteomics; Chemical cross-linking coupled with mass spectrometry proteomics		False	False	MGF;RAW
PXD043088			18	Candida albicans (yeast); Escherichia coli; Mus musculus (mouse)	5476; 562; 10090	Shotgun proteomics		False	False	RAW
PXD046634	0.0		12	Chlorobium tepidum	1097	Chemical cross-linking coupled with mass spectrometry proteomics		False	False	MZML;RAW
PXD050097			10	Xenopus laevis (african clawed frog)	8355	Chemical cross-linking coupled with mass spectrometry proteomics		False	False	MGF;RAW
PXD048180	0.0		11	Homo sapiens (human)	9606	Data-dependent acquisition		False	False	MZML;RAW
PXD048632			64	Homo sapiens (human)	9606	Bottom-up proteomics		False	False	RAW
PXD047023			0	Schizosaccharomyces pombe strain spy73 975 h+; Schizosaccharomyces pombe	881122; 4896	Affinity purification coupled with mass spectrometry proteomics		False	False	ZIP
PXD049433			58	Homo sapiens (human); Mus musculus (mouse)	9606; 10090	Bottom-up proteomics		False	False	APL;RAW
PXD006715	0.0		20	Homo sapiens (human)	9606	Shotgun proteomics; Affinity purification coupled with mass spectrometry proteomics		False	False	GZ;MGF;RAW
PXD043294	38122900.0	PMC10831774	21	Homo sapiens (human)	9606	Top-down proteomics	CC BY	False	False	RAW
PXD038286	0.0		2	Homo sapiens (human)	9606	Affinity purification coupled with mass spectrometry proteomics		False	False	RAW
PXD045858			8	Homo sapiens (human)	9606	Chemical cross-linking coupled with mass spectrometry proteomics		False	False	RAW
PXD038487	0.0		48	Homo sapiens (human)	9606	Shotgun proteomics; Affinity purification coupled with mass spectrometry proteomics		False	False	RAW
PXD041309	38754429.0		92	Mus musculus (mouse)	10090	Shotgun proteomics; Affinity purification coupled with mass spectrometry proteomics		False	False	RAW
PXD034118	36889310.0	PMC10069010	140	Homo sapiens (human); Mus musculus (mouse)	9606; 10090	Shotgun proteomics	author_manuscript	False	False	RAW
PXD040000	38413589.0	PMC10899662	24	Homo sapiens (human)	9606	Affinity purification coupled with mass spectrometry proteomics	CC BY	False	False	RAW
PXD047979	38724559.0	PMC11082246	60	Homo sapiens (human)	9606	Bottom-up proteomics; Data-dependent acquisition	CC BY	False	False	RAW
PXD031643	37118428.0	PMC10154043	40	Mus musculus (mouse)	10090	Chemical cross-linking coupled with mass spectrometry proteomics	author_manuscript	False	False	RAW
PXD039401	36750097.0	PMC10074544	4	Homo sapiens (human)	9606	Shotgun proteomics	author_manuscript	False	False	RAW
PXD040156	38413589.0	PMC10899662	13	Homo sapiens (human)	9606	Chemical cross-linking coupled with mass spectrometry proteomics	CC BY	False	False	RAW
PXD045791	38548729.0	PMC10978841	22	Homo sapiens (human); Mus musculus (mouse)	9606; 10090	Shotgun proteomics	CC BY	False	False	RAW
PXD046392	38266916.0	PMC10884514	5	Escherichia coli	562	Chemical cross-linking coupled with mass spectrometry proteomics	CC BY-NC-ND	False	False	MGF;MZML;RAW
PXD041908	37792491.0	PMC10848943	18	Saccharomyces cerevisiae (baker's yeast)	4932	Shotgun proteomics	CC BY-NC-SA	False	False	MGF;MZML;RAW
PXD045482	38802340.0	PMC11130243	99	Homo sapiens (human)	9606	Affinity purification coupled with mass spectrometry proteomics	CC BY	False	False	RAW
PXD052687			7	Homo sapiens (human)	9606	Affinity purification coupled with mass spectrometry proteomics		False	False	RAW
PXD049303	0.0		8	Arabidopsis thaliana (mouse-ear cress)	3702	Bottom-up proteomics		False	False	RAW
PXD046385			6	Rattus norvegicus (rat)	10116	Affinity purification coupled with mass spectrometry proteomics		False	False	RAW
PXD040262			22	Homo sapiens (human)	9606	Shotgun proteomics		False	False	RAW
PXD052825			9	Homo sapiens (human)	9606	Top-down proteomics		False	False	RAW;XLSX
PXD046414			10	Homo sapiens (human)	9606	Bottom-up proteomics; Data-dependent acquisition		False	False	RAW
PXD046413			10	Homo sapiens (human)	9606	Bottom-up proteomics; Data-dependent acquisition		False	False	RAW
PXD046412			20	Homo sapiens (human)	9606	Bottom-up proteomics; Data-dependent acquisition		False	False	RAW
PXD050493			33	Escherichia coli; Homo sapiens (human)	562; 9606	Chemical cross-linking coupled with mass spectrometry proteomics; Data-dependent acquisition		False	False	RAW
PXD040690			15	Arabidopsis thaliana (mouse-ear cress)	3702	Affinity purification coupled with mass spectrometry proteomics		False	False	RAW
PXD043900	38050972.0	PMC10853771	4	Bacillus subtilis	1423	Chemical cross-linking coupled with mass spectrometry proteomics	CC BY-NC	False	False	RAW
PXD042282			6	Entamoeba histolytica hm-1:imss	294381	Shotgun proteomics		False	False	MGF;MZML;RAW
PXD048452			54	Bos taurus (bovine)	9913	Chemical cross-linking coupled with mass spectrometry proteomics; Gel-based experiment		False	False	RAW
PXD048194	38719837.0	PMC11079001	8	Saccharomyces cerevisiae (baker's yeast)	4932	Shotgun proteomics; Chemical cross-linking coupled with mass spectrometry proteomics	CC BY	False	False	MGF;RAW
PXD051693			14	Homo sapiens (human)	9606	Chemical cross-linking coupled with mass spectrometry proteomics		False	False	RAW
PXD036649	37307416.0		48	Bos taurus (bovine)	9913	Chemical cross-linking coupled with mass spectrometry proteomics		False	False	RAW
PXD053578	36993679.0	PMC10055685	45	Homo sapiens (human)	9606	Bottom-up proteomics; Data-dependent acquisition	CC BY	False	False	RAW
PXD049300	39003270.0	PMC11246429	1	Rattus norvegicus (rat); Mus musculus (mouse); Bos taurus (bovine)	10116; 10090; 9913	Chemical cross-linking coupled with mass spectrometry proteomics; Bottom-up proteomics; Data-dependent acquisition	CC BY	False	False	RAW
PXD052930	0.0		48	Homo sapiens (human)	9606	Top-down proteomics		False	False	RAW
PXD033008	0.0		12	Homo sapiens (human)	9606	Shotgun proteomics		False	False	RAW
PXD032833	0.0		12	Homo sapiens (human)	9606	Shotgun proteomics		False	False	RAW
PXD034874	0.0		39	Homo sapiens (human)	9606	Shotgun proteomics		False	False	RAW
PXD034965	0.0		12	Homo sapiens (human)	9606	Shotgun proteomics		False	False	RAW
PXD032976	0.0		16	Homo sapiens (human)	9606	Shotgun proteomics		False	False	RAW
PXD048625			2	Homo sapiens (human)	9606	Chemical cross-linking coupled with mass spectrometry proteomics		False	False	MGF;RAW
PXD039986	0.0		4	Toxoplasma gondii gt1	507601	Shotgun proteomics		False	False	MZML;RAW
PXD039985	0.0		4	Toxoplasma gondii gt1	507601	Shotgun proteomics		False	False	MZML;RAW
PXD039983	0.0		6	Toxoplasma gondii gt1	507601	Shotgun proteomics		False	False	MZML;RAW
PXD052745			57	Homo sapiens (human)	9606	Bottom-up proteomics; Data-dependent acquisition		False	False	RAW
PXD045081			25	Caenorhabditis elegans	6239	Shotgun proteomics		False	False	RAW
PXD042343	0.0		10	Homo sapiens (human)	9606	Shotgun proteomics		False	False	RAW
PXD040762	0.0		91	Homo sapiens (human)	9606	SWATH MS; Shotgun proteomics		False	False	RAW
PXD053636			9	Saccharomyces cerevisiae (baker's yeast)	4932	Chemical cross-linking coupled with mass spectrometry proteomics		False	False	MZML;RAW
PXD052022	39482464.0	PMC11621016	132	Homo sapiens (human)	9606	Chemical cross-linking coupled with mass spectrometry proteomics; Data-dependent acquisition	CC BY	False	False	RAW
PXD047725	0.0		36	Homo sapiens (human)	9606	Bottom-up proteomics; Data-dependent acquisition		False	False	RAW
PXD042173	39482464.0	PMC11621016	178	Escherichia coli; Homo sapiens (human)	562; 9606	Chemical cross-linking coupled with mass spectrometry proteomics; Data-dependent acquisition	CC BY	False	False	MS2;RAW
PXD054720			3	Escherichia coli (strain k12)	83333	Chemical cross-linking coupled with mass spectrometry proteomics; Bottom-up proteomics; Data-dependent acquisition		False	False	MGF;RAW
PXD039626	37419112.0	PMC10510412	78	Homo sapiens (human); Mus musculus (mouse)	9606; 10090	Shotgun proteomics	author_manuscript	False	False	RAW
PXD044289			9	Homo sapiens (human)	9606	Shotgun proteomics		False	False	RAW
PXD052923	0.0		1	Trypanosoma brucei	5691	Chemical cross-linking coupled with mass spectrometry proteomics		False	False	RAW
PXD044974	0.0		120	Homo sapiens (human)	9606	Affinity purification coupled with mass spectrometry proteomics		False	False	RAW
PXD045846	0.0		9	Mus musculus (mouse)	10090	Top-down proteomics		False	False	RAW
PXD055235			0	Homo sapiens (human)	9606	Gel-based experiment		False	False	ZIP
PXD044921	39223388.0		10	Homo sapiens (human)	9606	Shotgun proteomics; Affinity purification coupled with mass spectrometry proteomics		False	False	MS2;RAW
PXD050960	0.0		0	Homo sapiens (human)	9606	Chemical cross-linking coupled with mass spectrometry proteomics		False	False	MGF;ZIP
PXD053760	0.0		0	Trypanosoma brucei	5691	Bottom-up proteomics		False	False	SCAN;WIFF
PXD041328	0.0		75	Mus musculus (mouse)	10090	Shotgun proteomics		False	False	RAW
PXD040452	0.0		18	Homo sapiens (human)	9606	Affinity purification coupled with mass spectrometry proteomics		False	False	RAW
PXD041135	0.0		2	Mus musculus (mouse)	10090	Chemical cross-linking coupled with mass spectrometry proteomics		False	False	MGF;RAW
PXD044827			6	Xenopus laevis (african clawed frog)	8355	Chemical cross-linking coupled with mass spectrometry proteomics		False	False	MGF;RAW
PXD055778	0.0		0	Petunia integrifolia subsp. inflata	212142	Bottom-up proteomics; Data-dependent acquisition		False	False	ZIP
PXD055749	0.0		0	Petunia integrifolia subsp. inflata	212142	Data-independent acquisition; Bottom-up proteomics		False	False	ZIP
PXD040705	38925115.0		38	Saccharomyces cerevisiae (baker's yeast)	4932	Chemical cross-linking coupled with mass spectrometry proteomics		False	False	MZML;RAW
PXD054875	0.0		122	Homo sapiens (human); Mus musculus (mouse)	9606; 10090	Data-dependent acquisition		False	False	RAW
PXD052801			0	Homo sapiens (human)	9606	Bottom-up proteomics; Data-dependent acquisition		False	False	MZML
PXD025923			72	Homo sapiens (human)	9606	Chemical cross-linking coupled with mass spectrometry proteomics		False	False	RAW
PXD055943			10	Mus musculus (mouse)	10090	Chemical cross-linking coupled with mass spectrometry proteomics; Bottom-up proteomics; Data-dependent acquisition		False	False	RAW
PXD054003			30	Homo sapiens (human)	9606	Affinity purification coupled with mass spectrometry proteomics		False	False	MZML;RAW
PXD047173			8	Saccharomyces cerevisiae (baker's yeast)	4932	Chemical cross-linking coupled with mass spectrometry proteomics		False	False	RAW
PXD053621			24	Saccharomyces cerevisiae (baker's yeast)	4932	Shotgun proteomics; Affinity purification coupled with mass spectrometry proteomics		False	False	RAW
PXD053607			1	Homo sapiens (human)	9606	Chemical cross-linking coupled with mass spectrometry proteomics		False	False	MGF;RAW
PXD047274	39073273.0		61	Staphylococcus aureus	1280	Top-down proteomics		False	False	RAW
PXD053500			144	Homo sapiens (human)	9606	Bottom-up proteomics; Data-dependent acquisition		False	False	RAW
PXD029748	0.0		36	Homo sapiens (human)	9606	Chemical cross-linking coupled with mass spectrometry proteomics		False	False	RAW
PXD053924	0.0		7	Homo sapiens (human)	9606	Bottom-up proteomics		False	False	RAW
PXD047277	39774270.0	PMC11821514	12	Homo sapiens (human)	9606	Data-independent acquisition; Affinity purification coupled with mass spectrometry proteomics	CC BY	False	False	RAW
PXD051261	39587097.0	PMC11589678	86	Streptococcus pyogenes mgas315; Homo sapiens (human)	198466; 9606	Chemical cross-linking coupled with mass spectrometry proteomics; Data-independent acquisition; Bottom-up proteomics; Affinity purification coupled with mass spectrometry proteomics; Data-dependent acquisition; Proteogenomics	CC BY	False	False	RAW
PXD043531	0.0		22	Homo sapiens (human)	9606	Chemical cross-linking coupled with mass spectrometry proteomics		False	False	RAW
PXD040864	37552582.0		16	Mus musculus (mouse)	10090	Chemical cross-linking coupled with mass spectrometry proteomics		False	False	RAW
PXD051602	39089252.0	PMC11349380	8	Homo sapiens (human)	9606	Data-dependent acquisition	CC BY-NC-ND	False	False	RAW
PXD056910			3	Escherichia coli	562	Chemical cross-linking coupled with mass spectrometry proteomics; Bottom-up proteomics; Data-dependent acquisition		False	False	MZML;RAW
PXD056942	39349383.0	PMC11444514	29	Brachyspira pilosicoli p43/6/78; Homo sapiens (human)	1042417; 9606	Bottom-up proteomics	CC BY	False	False	RAW
PXD052480	0.0		139	Homo sapiens (human)	9606	Bottom-up proteomics		False	False	RAW
PXD049054	0.0		244	Mus musculus (mouse)	10090	Shotgun proteomics; Affinity purification coupled with mass spectrometry proteomics		False	False	RAW
PXD051661	0.0		8	Escherichia coli	562	Chemical cross-linking coupled with mass spectrometry proteomics; Bottom-up proteomics		False	False	MGF;RAW
PXD054002	0.0		12	Arabidopsis thaliana (mouse-ear cress)	3702	Data-dependent acquisition		False	False	APL;RAW
PXD054489	0.0		126	Arabidopsis thaliana (mouse-ear cress)	3702	Affinity purification coupled with mass spectrometry proteomics		False	False	MGF;RAW
PXD035939	0.0		0	Saccharomyces cerevisiae (baker's yeast)	4932	Chemical cross-linking coupled with mass spectrometry proteomics		False	False	MZXML
PXD056825	0.0		0	Saccharomyces cerevisiae (baker's yeast)	4932	Chemical cross-linking coupled with mass spectrometry proteomics		False	False	MZXML
PXD044328	39321804.0		32	Homo sapiens (human)	9606	Chemical cross-linking coupled with mass spectrometry proteomics		False	False	MZML;RAW
PXD052552	0.0		20	Bos taurus (bovine)	9913	Bottom-up proteomics		False	False	RAW
PXD026696	0.0		0	Homo sapiens (human)	9606	Chemical cross-linking coupled with mass spectrometry proteomics		False	False	MGF
PXD058168			12	Schizosaccharomyces pombe	4896	Chemical cross-linking coupled with mass spectrometry proteomics; Bottom-up proteomics; Affinity purification coupled with mass spectrometry proteomics; Data-dependent acquisition		False	False	RAW
PXD058191			112	Homo sapiens (human)	9606	Data-independent acquisition; Data-dependent acquisition		False	False	RAW
PXD055775			30	Homo sapiens (human)	9606	Bottom-up proteomics; Data-dependent acquisition		False	False	RAW
PXD044285			0	Homo sapiens (human)	9606	HDMSE		False	False	ZIP
PXD044405			220	Homo sapiens (human)	9606	Chemical cross-linking coupled with mass spectrometry proteomics		False	False	RAW
PXD048614	0.0		3	Mus musculus (mouse)	10090	Chemical cross-linking coupled with mass spectrometry proteomics; Bottom-up proteomics		False	False	MZXML;RAW
PXD049681	0.0		16	Homo sapiens (human)	9606	Bottom-up proteomics; Data-dependent acquisition		False	False	RAW
PXD049689	0.0		30	Homo sapiens (human)	9606	SWATH MS; Bottom-up proteomics		False	False	RAW
PXD049684	0.0		57	Homo sapiens (human)	9606	Bottom-up proteomics; Data-dependent acquisition		False	False	RAW
PXD049991	0.0		0	Homo sapiens (human)	9606	Data-dependent acquisition		False	False	ZIP
PXD058694	0.0		12	Homo sapiens (human)	9606	Data-independent acquisition; Bottom-up proteomics		False	False	RAW
PXD055512	0.0		6	Streptoccous pyogenes; Escherichia coli	1314; 562	Chemical cross-linking coupled with mass spectrometry proteomics; Bottom-up proteomics; Data-dependent acquisition		False	False	MGF;RAW
PXD055488	0.0		46	Caenorhabditis elegans	6239	Bottom-up proteomics; Data-dependent acquisition		False	False	RAW
PXD051557			12	Homo sapiens (human)	9606	Affinity purification coupled with mass spectrometry proteomics		False	False	RAW
PXD049094			3	Homo sapiens (human)	9606	Chemical cross-linking coupled with mass spectrometry proteomics		False	False	RAW
PXD039589			3	Homo sapiens (human)	9606	Chemical cross-linking coupled with mass spectrometry proteomics		False	False	RAW
PXD051322	0.0		91	Homo sapiens (human)	9606	Bottom-up proteomics		False	False	RAW
PXD022443	0.0		6	Homo sapiens (human)	9606	Chemical cross-linking coupled with mass spectrometry proteomics		False	False	RAW
PXD050928			0	Saccharomyces cerevisiae (baker's yeast)	4932	Data-dependent acquisition		False	False	MZXML
PXD050930			0	Saccharomyces cerevisiae (baker's yeast)	4932	Data-dependent acquisition		False	False	MZXML
PXD050929			0	Saccharomyces cerevisiae (baker's yeast)	4932	Data-dependent acquisition		False	False	MZXML
PXD055703			30	Saccharomyces cerevisiae (baker's yeast)	4932	SRM/MRM		False	False	RAW
PXD053341	39747245.0	PMC11696126	18	Homo sapiens (human)	9606	Chemical cross-linking coupled with mass spectrometry proteomics	CC BY-NC-ND	False	False	MGF;RAW
PXD056299			24	Homo sapiens (human)	9606	Affinity proteomics		False	False	RAW
PXD059766			0	Homo sapiens (human)	9606	Chemical cross-linking coupled with mass spectrometry proteomics; Data-dependent acquisition		False	False	MZML
PXD056971	39574742.0	PMC11581034	8	Canis familiaris (dog) (canis lupus familiaris)	9615	Bottom-up proteomics; Data-dependent acquisition	CC BY-NC-ND	False	False	RAW
PXD059960	0.0		2	Homo sapiens (human)	9606	Shotgun proteomics; Bottom-up proteomics		False	False	RAW
PXD060111			6	Mus musculus (mouse)	10090	Bottom-up proteomics		False	False	RAW
PXD060112			6	Mus musculus (mouse)	10090	Bottom-up proteomics		False	False	RAW
PXD025710			98	Homo sapiens (human)	9606	Chemical cross-linking coupled with mass spectrometry proteomics		False	False	RAW
PXD055649	0.0		24	Homo sapiens (human)	9606	Affinity purification coupled with mass spectrometry proteomics		False	False	RAW
PXD053494	39386644.0		141	Homo sapiens (human)	9606	Chemical cross-linking coupled with mass spectrometry proteomics		False	False	RAW
PXD059118			336	Escherichia coli; Homo sapiens (human)	562; 9606	Chemical cross-linking coupled with mass spectrometry proteomics		False	False	RAW
PXD059558	0.0		14	Plasmodium falciparum	5833	Data-independent acquisition; Affinity purification coupled with mass spectrometry proteomics; Data-dependent acquisition		False	False	RAW
PXD054616			6	Homo sapiens (human)	9606	Bottom-up proteomics		False	False	RAW
PXD048965			1	Homo sapiens (human)	9606	Bottom-up proteomics		False	False	RAW
PXD048937			6	Homo sapiens (human)	9606	Bottom-up proteomics		False	False	RAW
PXD060825			18	Homo sapiens (human); Human cytomegalovirus (hhv-5) (human herpesvirus 5)	9606; 10359	Chemical cross-linking coupled with mass spectrometry proteomics; Bottom-up proteomics; Affinity purification coupled with mass spectrometry proteomics; Data-dependent acquisition		False	False	RAW
PXD051348	39024454.0		0	Homo sapiens (human); Acyrthosiphon pisum (pea aphid)	9606; 7029	Data-dependent acquisition		False	False	ZIP
PXD060724	39965925.0	PMC11895775	6	Oryctolagus cuniculus (rabbit)	9986	Chemical cross-linking coupled with mass spectrometry proteomics; Bottom-up proteomics; Data-dependent acquisition	CC BY-NC-ND	False	False	MGF;RAW
PXD055077	39965925.0	PMC11895775	2	Oryctolagus cuniculus (rabbit)	9986	Chemical cross-linking coupled with mass spectrometry proteomics; Bottom-up proteomics; Data-dependent acquisition	CC BY-NC-ND	False	False	MZML;RAW
PXD055085	39965925.0	PMC11895775	28	Oryctolagus sp. 'rabbit_od'	2665958	Chemical cross-linking coupled with mass spectrometry proteomics; Bottom-up proteomics; Data-dependent acquisition	CC BY-NC-ND	False	False	MGF;MZXML;RAW
PXD025903	34075669.0	PMC8390440	14	Homo sapiens (human)	9606	Chemical cross-linking coupled with mass spectrometry proteomics	CC BY-NC-ND	False	False	RAW
PXD053999			16	Homo sapiens (human)	9606	Chemical cross-linking coupled with mass spectrometry proteomics		False	False	RAW
PXD048097	0.0		6	Mus musculus (mouse)	10090	Data-independent acquisition		False	False	RAW
PXD040310	0.0		28	Homo sapiens (human); Mus musculus (mouse)	9606; 10090	Affinity purification coupled with mass spectrometry proteomics		False	False	RAW
PXD054857			6	Homo sapiens (human)	9606	Data-dependent acquisition		False	False	RAW
PXD058327			48	Mus musculus (mouse)	10090	Bottom-up proteomics; Affinity purification coupled with mass spectrometry proteomics		False	False	RAW
PXD047569			87	Mus musculus (mouse)	10090	Bottom-up proteomics; Affinity purification coupled with mass spectrometry proteomics		False	False	RAW
PXD052310	39998225.0	PMC11980559	48	Mycobacterium tuberculosis; Mycobacterium abscessus	1773; 36809	Affinity proteomics; Bottom-up proteomics	CC BY	False	False	RAW
PXD056787	0.0		24	Rattus norvegicus (rat)	10116	Bottom-up proteomics; Data-dependent acquisition		False	False	RAW
PXD061317			0	Mus musculus (mouse)	10090	Bottom-up proteomics; Data-dependent acquisition		False	False	ZIP
PXD053814	39882022.0	PMC11775630	223	Homo sapiens (human)	9606	Bottom-up proteomics; Data-dependent acquisition	CC BY	False	False	RAW
PXD033452			273	Homo sapiens (human)	9606	Shotgun proteomics		False	False	RAW
PXD051047			21	Saccharomyces cerevisiae (baker's yeast)	4932	Affinity proteomics		False	False	APL;RAW
PXD051937	0.0		12	Homo sapiens (human); Staphylococcus aureus	9606; 1280	Gel-based experiment		False	False	RAW
PXD047368	0.0		8	Mycobacterium tuberculosis h37rv	83332	Chemical cross-linking coupled with mass spectrometry proteomics		False	False	RAW
PXD061911			6	Homo sapiens (human)	9606	Affinity purification coupled with mass spectrometry proteomics		False	False	RAW
PXD051405			99	Homo sapiens (human)	9606	Shotgun proteomics		False	False	RAW
PXD055305	40122840.0	PMC11931798	45	Homo sapiens (human)	9606	Affinity purification coupled with mass spectrometry proteomics	CC BY	False	False	RAW
PXD059547	0.0		30	Homo sapiens (human)	9606	Chemical cross-linking coupled with mass spectrometry proteomics		False	False	RAW
PXD054728	0.0		62	Homo sapiens (human)	9606	Chemical cross-linking coupled with mass spectrometry proteomics		False	False	RAW
PXD049372	0.0		24	Drosophila melanogaster (fruit fly)	7227	Bottom-up proteomics; Affinity purification coupled with mass spectrometry proteomics; Data-dependent acquisition		False	False	RAW
PXD062293	0.0		0	Synechocystis sp. pcc 6803	1148	Data-independent acquisition		False	False	ZIP
PXD056360			132	Homo sapiens (human)	9606	Chemical cross-linking coupled with mass spectrometry proteomics		False	False	RAW
PXD053481			5	Escherichia coli	562	Chemical cross-linking coupled with mass spectrometry proteomics		False	False	MZML;RAW
PXD062870			8	Homo sapiens (human)	9606	Bottom-up proteomics; Data-dependent acquisition		False	False	RAW
PXD062890			24	Homo sapiens (human)	9606	Bottom-up proteomics		False	False	RAW
PXD054757	0.0		52	Homo sapiens (human)	9606	Chemical cross-linking coupled with mass spectrometry proteomics		False	False	RAW
PXD055759			0	Homo sapiens (human)	9606	Chemical cross-linking coupled with mass spectrometry proteomics		False	False	ZIP
PXD059211			24	Homo sapiens (human)	9606	Bottom-up proteomics		False	False	RAW
PXD054973			12	Homo sapiens (human)	9606	Chemical cross-linking coupled with mass spectrometry proteomics; Bottom-up proteomics; Data-dependent acquisition		False	False	RAW
PXD062002	39257774.0	PMC11384006	1	Saccharomyces cerevisiae; Saccharomyces cerevisiae (baker's yeast)	4932; 4932	Chemical cross-linking coupled with mass spectrometry proteomics	CC BY-NC-ND	False	False	MGF;RAW
PXD051493	38931064.0	PMC11207971	155	Chlamydomonas reinhardtii	3055	Chemical cross-linking coupled with mass spectrometry proteomics; Gel-based experiment	CC BY	False	False	MGF;RAW
PXD061125			18	Saccharomyces cerevisiae (baker's yeast)	4932	Chemical cross-linking coupled with mass spectrometry proteomics		False	False	RAW
PXD052817			6	Homo sapiens (human)	9606	Bottom-up proteomics; Data-dependent acquisition		False	False	MGF;RAW
PXD052821			20	Homo sapiens (human)	9606	Data-independent acquisition; Bottom-up proteomics		False	False	MGF;RAW
PXD052867			0	Homo sapiens (human)	9606	Data-independent acquisition; Bottom-up proteomics		False	False	7Z
PXD052832			425	Homo sapiens (human)	9606	Bottom-up proteomics; Data-dependent acquisition		False	False	MGF;RAW
PXD017937	32424773.0		24	Rattus norvegicus (rat)	10116	Affinity purification coupled with mass spectrometry proteomics		False	False	MZML;RAW
PXD038572	39127175.0	PMC11403517	20	Homo sapiens (human)	9606	Shotgun proteomics	CC BY	False	False	RAW
PXD045689	39349928.0	PMC11442847	60	Homo sapiens (human)	9606	Shotgun proteomics; Chemical cross-linking coupled with mass spectrometry proteomics	CC BY	False	False	RAW
PXD047543	39180213.0	PMC11540436	12	Arabidopsis thaliana (mouse-ear cress)	3702	Affinity purification coupled with mass spectrometry proteomics	CC BY	False	False	RAW
PXD048046	40304068.0		27	Homo sapiens (human)	9606	Bottom-up proteomics; Data-dependent acquisition		False	False	RAW
PXD049047	39392888.0	PMC11468923	9	Homo sapiens (human)	9606	Chemical cross-linking coupled with mass spectrometry proteomics; Gel-based experiment; Bottom-up proteomics; Data-dependent acquisition	CC BY	False	False	RAW
PXD049797	39961749.0	PMC11926780	96	Homo sapiens (human); Legionella pneumophila subsp. pneumophila lp02	9606; 1080311	Bottom-up proteomics	CC BY	False	False	RAW
PXD051014	40291949.0	PMC12033502	83	Homo sapiens (human)	9606	Gel-based experiment	CC BY-NC	False	False	RAW
PXD051742	39785238.0	PMC11755394	22	Homo sapiens (human)	9606	Chemical cross-linking coupled with mass spectrometry proteomics; Bottom-up proteomics	CC BY	False	False	MGF;MZML;RAW
PXD052694	40246839.0	PMC12006300	6	Mus musculus (mouse)	10090	Bottom-up proteomics; Data-dependent acquisition	CC BY-NC-ND	False	False	MGF;MZML;RAW
PXD053010	40156862.0	PMC11952958	19	Homo sapiens (human)	9606	Data-dependent acquisition	CC BY	False	False	MGF;RAW
PXD053509	39703998.0	PMC11891419	0	Homo sapiens (human)	9606	Affinity proteomics; Data-independent acquisition; Bottom-up proteomics; diaPASEF	CC BY-NC-ND	False	False	7Z
PXD054939	39940790.0	PMC11816892	24	Mus musculus (mouse)	10090	Affinity purification coupled with mass spectrometry proteomics	CC BY	False	False	RAW
PXD055284	39427986.0		72	Homo sapiens (human); Bos taurus (bovine)	9606; 9913	Chemical cross-linking coupled with mass spectrometry proteomics; Data-dependent acquisition		False	False	MGF;RAW
PXD055708	39653757.0	PMC11770099	8	Homo sapiens (human)	9606	Bottom-up proteomics; Data-dependent acquisition	CC BY	False	False	RAW
PXD055877	39972349.0	PMC11841277	0	Homo sapiens (human)	9606	Bottom-up proteomics	CC BY	False	False	RAR
PXD055722	39653757.0	PMC11770099	16	Homo sapiens (human)	9606	Bottom-up proteomics; Data-dependent acquisition	CC BY	False	False	RAW
PXD056652	40154610.0	PMC12019010	5	Escherichia coli	562	Data-dependent acquisition	CC BY-NC-ND	False	False	RAW
PXD057492	40247289.0	PMC12004613	72	Homo sapiens (human)	9606	Bottom-up proteomics	CC BY	False	False	RAW
PXD058056	40159502.0	PMC11955523	6	Homo sapiens (human)	9606	Bottom-up proteomics	CC BY	False	False	RAW
PXD059369	40148320.0	PMC11950179	6	Hordeum vulgare (barley)	4513	Data-dependent acquisition	CC BY-NC-ND	False	False	RAW
PXD059356	40148320.0	PMC11950179	6	Homo sapiens (human)	9606	Data-dependent acquisition	CC BY-NC-ND	False	False	RAW
PXD059554	39899609.0	PMC11825100	2	Trypanosoma brucei	5691	Affinity purification coupled with mass spectrometry proteomics	CC BY	False	False	RAW
PXD063736			8	Escherichia coli	562	Chemical cross-linking coupled with mass spectrometry proteomics; Affinity purification coupled with mass spectrometry proteomics		False	False	MS2;RAW
PXD052624			21	Homo sapiens (human)	9606	Bottom-up proteomics		False	False	RAW;ZIP
PXD061687			16	Homo sapiens (human)	9606	Bottom-up proteomics		False	False	RAW;ZIP
PXD052623			24	Homo sapiens (human)	9606	Bottom-up proteomics		False	False	RAW;ZIP
PXD052174			120	Homo sapiens (human)	9606	Shotgun proteomics		False	False	RAW;ZIP
PXD061752	0.0		9	Sordaria macrospora	5147	Gel-based experiment; Bottom-up proteomics; Affinity purification coupled with mass spectrometry proteomics; Data-dependent acquisition		False	False	RAW
PXD052637			8	Homo sapiens (human)	9606	Bottom-up proteomics		False	False	RAW;ZIP
PXD061712			37	Homo sapiens (human)	9606	Bottom-up proteomics		False	False	RAW;ZIP
PXD061691			32	Homo sapiens (human)	9606	Bottom-up proteomics		False	False	RAW;ZIP
PXD057705			82	Cytomegalovirus; Homo sapiens (human)	10358; 9606	Bottom-up proteomics		False	False	RAW
PXD054381			8	Saccharomyces cerevisiae (baker's yeast); Arabidopsis thaliana (mouse-ear cress)	4932; 3702	Shotgun proteomics		False	False	RAW;ZIP
PXD062600			32	Saccharomyces cerevisiae (baker's yeast)	4932	Bottom-up proteomics		False	False	RAW;ZIP
PXD057245			48	Saccharomyces cerevisiae (baker's yeast)	4932	Bottom-up proteomics		False	False	RAW;ZIP
PXD054249	39886595.0	PMC11775715	5	Homo sapiens (human)	9606	Bottom-up proteomics	CC BY-NC-ND	False	False	MS2;RAW
PXD047547	38215746.0		2	Homo sapiens (human)	9606	Gel-based experiment; Affinity purification coupled with mass spectrometry proteomics		False	False	APL;RAW
PXD052917	40334745.0	PMC12289527	141	Homo sapiens (human)	9606	Bottom-up proteomics	CC BY	False	False	MZML;RAW
PXD052746	40334745.0	PMC12289527	141	Homo sapiens (human)	9606	Bottom-up proteomics; Data-dependent acquisition	CC BY	False	False	MZML;RAW
PXD060134	40334745.0	PMC12289527	141	Homo sapiens (human)	9606	Bottom-up proteomics	CC BY	False	False	MZML;RAW
PXD054551			46	Homo sapiens (human)	9606	Chemical cross-linking coupled with mass spectrometry proteomics; Bottom-up proteomics; Affinity purification coupled with mass spectrometry proteomics		False	False	RAW;TXT
PXD063825			43	Mus musculus (mouse)	10090	Chemical cross-linking coupled with mass spectrometry proteomics; Bottom-up proteomics; Data-dependent acquisition		False	False	RAW;TXT
PXD059010			24	Caenorhabditis elegans	6239	Gel-based experiment; Bottom-up proteomics		False	False	RAW
PXD062101	40427667.0	PMC12109396	0	Homo sapiens (human)	9606	Bottom-up proteomics	CC BY	False	False	MGF;SCAN;WIFF
PXD059974			38	Homo sapiens (human)	9606	Chemical cross-linking coupled with mass spectrometry proteomics		False	False	MZML;RAW
PXD060469			48	Homo sapiens (human)	9606	Chemical cross-linking coupled with mass spectrometry proteomics		False	False	MZML;RAW
PXD055356	0.0		1	Homo sapiens (human)	9606	Chemical cross-linking coupled with mass spectrometry proteomics		False	False	RAW
PXD047422			205	Human alphaherpesvirus 1; Homo sapiens (human)	10298; 9606	Chemical cross-linking coupled with mass spectrometry proteomics; Bottom-up proteomics; Affinity purification coupled with mass spectrometry proteomics		False	False	RAW
PXD064557			0	Homo sapiens (human)	9606	Affinity purification coupled with mass spectrometry proteomics		False	False	ZIP
PXD059125	40498842.0	PMC12154232	6	Homo sapiens (human)	9606	Bottom-up proteomics	CC BY-NC	False	False	RAW
PXD058941	0.0		4	Xenopus laevis (african clawed frog)	8355	Chemical cross-linking coupled with mass spectrometry proteomics		False	False	RAW
PXD045861	40514588.0		45	Homo sapiens (human); Mus musculus (mouse)	9606; 10090	Affinity purification coupled with mass spectrometry proteomics		False	False	RAW
PXD064792			16	Mus musculus (mouse)	10090	Affinity purification coupled with mass spectrometry proteomics		False	False	MZXML;RAW
PXD060322	0.0		0	Equus caballus (horse); Homo sapiens (human); Bos taurus (bovine)	9796; 9606; 9913	Chemical cross-linking coupled with mass spectrometry proteomics; Data-independent acquisition		False	False	MGF;MZXML;ZIP
PXD051886	40614722.0		38	Homo sapiens (human)	9606	Chemical cross-linking coupled with mass spectrometry proteomics		False	False	MGF;RAW
PXD055874			0	Mus musculus (mouse)	10090	Bottom-up proteomics; Data-dependent acquisition		False	False	ZIP
PXD063968	40617815.0	PMC12228764	1	Homo sapiens (human)	9606	Affinity purification coupled with mass spectrometry proteomics	CC BY-NC-ND	False	False	RAW
PXD063709	40593574.0	PMC12219878	1	Homo sapiens (human)	9606	Chemical cross-linking coupled with mass spectrometry proteomics	CC BY-NC-ND	False	False	RAW
PXD061566	40441440.0	PMC12226361	0	Homo sapiens (human)	9606	Data-independent acquisition; Bottom-up proteomics	CC BY	False	False	ZIP
PXD061564	40441440.0	PMC12226361	0	Homo sapiens (human)	9606	Data-independent acquisition; Bottom-up proteomics	CC BY	False	False	ZIP
PXD061541	40441440.0	PMC12226361	0	Homo sapiens (human)	9606	Data-independent acquisition; Bottom-up proteomics; diaPASEF	CC BY	False	False	ZIP
PXD061560	40441440.0	PMC12226361	0	Homo sapiens (human)	9606	Data-independent acquisition; Bottom-up proteomics	CC BY	False	False	ZIP
PXD061563	40441440.0	PMC12226361	0	Homo sapiens (human)	9606	Data-independent acquisition; Bottom-up proteomics	CC BY	False	False	ZIP
PXD061540	40441440.0	PMC12226361	0	Homo sapiens (human)	9606	Data-independent acquisition; Bottom-up proteomics; diaPASEF	CC BY	False	False	ZIP
PXD051971	0.0		34	Saccharomyces cerevisiae (baker's yeast)	4932	Chemical cross-linking coupled with mass spectrometry proteomics; Bottom-up proteomics; Data-dependent acquisition		False	False	RAW
PXD052584	40664703.0	PMC12264264	12	Severe acute respiratory syndrome coronavirus 2	2697049	Chemical cross-linking coupled with mass spectrometry proteomics	CC BY-NC-ND	False	False	MZML;RAW
PXD039473	0.0		20	Homo sapiens (human)	9606	Gel-based experiment; Affinity purification coupled with mass spectrometry proteomics		False	False	RAW
PXD062479			37	Toxoplasma gondii type i	1209525	Bottom-up proteomics		False	False	RAW
PXD057009			6	Mus musculus (mouse)	10090	Data-dependent acquisition		False	False	RAW
PXD065410			0	Mus musculus (mouse)	10090	Top-down proteomics		False	False	RAR
PXD054140	40713947.0		2	Homo sapiens (human)	9606	Chemical cross-linking coupled with mass spectrometry proteomics		False	False	RAW
PXD054141	40713947.0		6	Homo sapiens (human)	9606	Chemical cross-linking coupled with mass spectrometry proteomics		False	False	RAW
PXD051143	40739087.0	PMC12311176	6	Homo sapiens (human)	9606	Data-dependent acquisition	CC BY-NC-ND	False	False	RAW
PXD063033	40735685.0	PMC12301895	14	Escherichia coli; Bos taurus (bovine)	562; 9913	Chemical cross-linking coupled with mass spectrometry proteomics	CC BY	False	False	RAW
PXD063191	40700505.0	PMC12285722	21	Homo sapiens (human)	9606	Bottom-up proteomics	CC BY	False	False	MGF;RAW
PXD059888	40754140.0	PMC12419116	28	Homo sapiens (human)	9606	Chemical cross-linking coupled with mass spectrometry proteomics	CC BY-NC-ND	False	False	RAW
PXD063192			12	Homo sapiens (human)	9606	Bottom-up proteomics		False	False	MGF;RAW
PXD067324			2	Homo sapiens (human)	9606	Chemical cross-linking coupled with mass spectrometry proteomics; Data-dependent acquisition		False	False	APL;RAW
PXD062688			18	Homo sapiens (human)	9606	Bottom-up proteomics		False	False	RAW
PXD059137			0	Homo sapiens (human)	9606	diaPASEF		False	False	ZIP
PXD056954			6	Homo sapiens (human)	9606	Bottom-up proteomics		False	False	RAW
PXD025208	34273398.0		10	Homo sapiens (human)	9606	Shotgun proteomics		False	False	RAW
PXD061173	40804100.0	PMC12350791	88	Homo sapiens (human)	9606	Bottom-up proteomics; Data-dependent acquisition	CC BY	False	False	RAW
PXD026196	34624297.0		15	Drosophila melanogaster (fruit fly)	7227	Shotgun proteomics		False	False	RAW
PXD065739	0.0		0	Homo sapiens (human)	9606	HDMSE		False	False	MGF;ZIP
PXD060638	40835006.0	PMC12475854	0	Mus musculus (mouse)	10090	Data-independent acquisition; Bottom-up proteomics	CC BY	False	False	ZIP
PXD053984	40071814.0	PMC12314576	21	Homo sapiens (human)	9606	Chemical cross-linking coupled with mass spectrometry proteomics; Bottom-up proteomics	CC BY	False	False	RAW
PXD060078	40581738.0	PMC12341890	36	Chlamydomonas reinhardtii	3055	Chemical cross-linking coupled with mass spectrometry proteomics	CC BY	False	False	RAW
PXD063858			12	Homo sapiens (human)	9606	Bottom-up proteomics		False	False	RAW
PXD061667			52	Homo sapiens (human)	9606	Chemical cross-linking coupled with mass spectrometry proteomics; Data-dependent acquisition		False	False	MGF;RAW
PXD048174			14	Homo sapiens (human)	9606	Data-dependent acquisition		False	False	RAW
PXD053832			14	Homo sapiens (human)	9606	Data-dependent acquisition		False	False	RAW
PXD050833	40778924.0		60	Homo sapiens (human)	9606	Bottom-up proteomics; Data-dependent acquisition		False	False	RAW
PXD060106			60	Homo sapiens (human)	9606	Affinity purification coupled with mass spectrometry proteomics		False	False	RAW
PXD055147			24	Schizosaccharomyces pombe 927	1264690	Chemical cross-linking coupled with mass spectrometry proteomics		False	False	MGF;RAW
PXD060781	0.0		6	Arabidopsis thaliana (mouse-ear cress)	3702	Data-dependent acquisition		False	False	RAW
PXD063839	0.0		18	Saccharomyces cerevisiae (baker's yeast); Homo sapiens (human); Arabidopsis thaliana (mouse-ear cress); Bacillus subtilis	4932; 9606; 3702; 1423	Bottom-up proteomics; Data-dependent acquisition		False	False	MGF;RAW
PXD059579			3	Toxoplasma gondii; Homo sapiens (human)	5811; 9606	Bottom-up proteomics		False	False	MGF;RAW
PXD053452			10	Toxoplasma gondii rh	383379	Bottom-up proteomics; Affinity purification coupled with mass spectrometry proteomics; Data-dependent acquisition		False	False	RAW
PXD060138			24	Mus musculus (mouse)	10090	Shotgun proteomics; Data-dependent acquisition		False	False	RAW
PXD058706	0.0		2	Homo sapiens (human)	9606	Affinity proteomics; Bottom-up proteomics; Data-dependent acquisition		False	False	RAW
PXD066655	0.0		12	Homo sapiens (human)	9606	Affinity purification coupled with mass spectrometry proteomics		False	False	RAW
PXD064932			5	Homo sapiens (human)	9606	Chemical cross-linking coupled with mass spectrometry proteomics		False	False	RAW
PXD064931			5	Homo sapiens (human)	9606	Chemical cross-linking coupled with mass spectrometry proteomics		False	False	RAW
PXD053489	0.0		11	Homo sapiens (human)	9606	Data-dependent acquisition		False	False	RAW
PXD066067	0.0		0	Mus musculus (mouse)	10090	Data-independent acquisition		False	False	ZIP
PXD068129			44	Homo sapiens (human)	9606	Chemical cross-linking coupled with mass spectrometry proteomics; Data-dependent acquisition		False	False	RAW
PXD057110	40932775.0	PMC12452933	0	Homo sapiens (human)	9606	Immunopeptidomics	CC BY-NC-ND	False	False	MGF;XML
PXD067296	41162413.0	PMC12572374	0	Homo sapiens (human)	9606	Chemical cross-linking coupled with mass spectrometry proteomics	CC BY	False	False	ZIP
PXD055086	0.0		1	Homo sapiens (human)	9606	Data-dependent acquisition		False	False	MZML;RAW
PXD052032	0.0		3	Homo sapiens (human)	9606	Shotgun proteomics		False	False	MZML;RAW
PXD046652	40874905.0		17	Homo sapiens (human)	9606	Affinity purification coupled with mass spectrometry proteomics		False	False	RAW
PXD048567			105	Homo sapiens (human)	9606	Bottom-up proteomics		False	False	RAW
PXD067354	39314317.0		6	Arabidopsis thaliana (mouse-ear cress)	3702	Affinity purification coupled with mass spectrometry proteomics		False	False	RAW
PXD067352	39314317.0		6	Arabidopsis thaliana (mouse-ear cress)	3702	Affinity purification coupled with mass spectrometry proteomics		False	False	RAW
PXD064535			16	Lyssavirus rabies; Rabies virus cvs-11	11292; 11294	Chemical cross-linking coupled with mass spectrometry proteomics		False	False	RAW
PXD062557	0.0		42	Caenorhabditis elegans	6239	SRM/MRM; Bottom-up proteomics; Data-dependent acquisition		False	False	RAW
PXD055169			301	Homo sapiens (human)	9606	Bottom-up proteomics		False	False	MZID;RAW
PXD059495	40840759.0	PMC12509755	6	Homo sapiens (human)	9606	Bottom-up proteomics	CC BY-NC-ND	False	False	RAW;ZIP
PXD059552	0.0		30	Homo sapiens (human)	9606	Data-dependent acquisition		False	False	RAW
PXD062203	0.0		0	Homo sapiens (human)	9606	diaPASEF		False	False	ZIP
PXD063145	40925366.0	PMC12539243	49	Rattus norvegicus (rat); Homo sapiens (human)	10116; 9606	Data-independent acquisition; Bottom-up proteomics; Affinity purification coupled with mass spectrometry proteomics	CC BY	False	False	RAW
PXD016355	0.0		28	Homo sapiens (human)	9606	Shotgun proteomics		False	False	RAW
PXD064795			0	Homo sapiens (human)	9606	Chemical cross-linking coupled with mass spectrometry proteomics		False	False	ZIP
PXD069844	0.0		33	Homo sapiens (human)	9606	Bottom-up proteomics		False	False	MGF;RAW
PXD069360	0.0		2	Homo sapiens (human)	9606	Affinity purification coupled with mass spectrometry proteomics		False	False	MGF;RAW
PXD061693			9	Homo sapiens (human)	9606	Data-independent acquisition; Bottom-up proteomics; Affinity purification coupled with mass spectrometry proteomics; Data-dependent acquisition		False	False	RAW
PXD059635			0	Trypanosoma brucei	5691	Chemical cross-linking coupled with mass spectrometry proteomics		False	False	MZML
PXD059716	41205924.0	PMC12796112	16	Homo sapiens (human)	9606	Bottom-up proteomics; Affinity purification coupled with mass spectrometry proteomics; Data-dependent acquisition	CC BY	False	False	RAW
PXD066874	41205924.0	PMC12796112	16	Homo sapiens (human)	9606	Data-independent acquisition; Bottom-up proteomics; Affinity purification coupled with mass spectrometry proteomics	CC BY	False	False	RAW
PXD052926	40359261.0		24	Canis familiaris (dog) (canis lupus familiaris)	9615	Bottom-up proteomics		False	False	RAW
PXD059180			0	Homo sapiens (human)	9606	Data-dependent acquisition		False	False	ZIP
PXD069512	0.0		116	Homo sapiens (human)	9606	Chemical cross-linking coupled with mass spectrometry proteomics		False	False	RAW
PXD063786			14	Homo sapiens (human)	9606	Chemical cross-linking coupled with mass spectrometry proteomics		False	False	RAW
PXD065905	0.0		88	Homo sapiens (human); Bacillus subtilis	9606; 1423	Chemical cross-linking coupled with mass spectrometry proteomics; Bottom-up proteomics; Data-dependent acquisition		False	False	RAW
PXD069219	41187081.0	PMC12625987	2	Homo sapiens (human)	9606	Affinity purification coupled with mass spectrometry proteomics	CC BY-NC-ND	False	False	MZML;RAW
PXD048145	0.0		0	Escherichia coli	562	Chemical cross-linking coupled with mass spectrometry proteomics		False	False	MZML
PXD066251	0.0		3	Homo sapiens (human)	9606	Bottom-up proteomics; Data-dependent acquisition		False	False	MGF;RAW
PXD065958	0.0		13	Escherichia coli	562	Bottom-up proteomics		False	False	MGF;RAW
PXD065870	0.0		11	Homo sapiens (human)	9606	Bottom-up proteomics		False	False	MGF;RAW
PXD065859	0.0		9	Homo sapiens (human)	9606	Bottom-up proteomics		False	False	MGF;RAW
PXD065949	0.0		9	Homo sapiens (human)	9606	Bottom-up proteomics		False	False	MGF;RAW
PXD065956	0.0		8	Homo sapiens (human)	9606	Bottom-up proteomics		False	False	MGF;RAW
PXD065871	0.0		18	Homo sapiens (human)	9606	Bottom-up proteomics		False	False	MGF;RAW
PXD065961	0.0		13	Escherichia coli; Homo sapiens (human)	562; 9606	Bottom-up proteomics		False	False	MGF;RAW
PXD065858	0.0		18	Homo sapiens (human)	9606	Bottom-up proteomics		False	False	MGF;RAW
PXD065912	0.0		18	Homo sapiens (human)	9606	Bottom-up proteomics		False	False	MGF;RAW
PXD065946	0.0		18	Homo sapiens (human)	9606	Bottom-up proteomics		False	False	MGF;RAW
PXD065869	0.0		45	Homo sapiens (human)	9606	Bottom-up proteomics		False	False	MGF;RAW
PXD048030	0.0		20	Mus musculus (mouse)	10090	Bottom-up proteomics		False	False	RAW
PXD057404	41315592.0	PMC12663406	0	Homo sapiens (human)	9606	Affinity proteomics; Affinity purification coupled with mass spectrometry proteomics; Data-dependent acquisition	CC BY-NC-ND	False	False	ZIP
PXD062741			40	Mus musculus (mouse)	10090	Data-independent acquisition; Affinity purification coupled with mass spectrometry proteomics; Data-dependent acquisition		False	False	RAW
