source name	characteristics[organism]	characteristics[organism part]	characteristics[cell type]	characteristics[biological replicate]	assay name	technology type	comment[proteomics data acquisition method]	comment[label]	comment[fraction identifier]	comment[technical replicate]	comment[instrument]	comment[cleavage agent details]	comment[modification parameters]	comment[modification parameters]	comment[modification parameters]	comment[modification parameters]	comment[modification parameters]	comment[modification parameters]	comment[modification parameters]	comment[modification parameters]	comment[modification parameters]	comment[modification parameters]	comment[modification parameters]	comment[modification parameters]	comment[modification parameters]	comment[modification parameters]	comment[modification parameters]	comment[modification parameters]	comment[collision energy]	comment[dissociation method]	comment[cross-linker]	comment[crosslink enrichment method]	comment[crosslinker concentration]	comment[crosslinker to protein ratio]	comment[crosslinking reaction time]	comment[crosslinking temperature]	comment[data file]	comment[sdrf template]	comment[sdrf template]
PXD022690_OrbitrapLUMOS_20200216_05	Saccharomyces cerevisiae	whole cell lysate	not available	1	PXD022690_OrbitrapLUMOS_20200216_05_assay	proteomic profiling by mass spectrometry	data-dependent acquisition	NT=label free sample;AC=MS:1002038	1	1	not available	NT=Lys-C;AC=MS:1001309	NT=Carbamidomethyl;AC=UNIMOD:4;TA=C;MT=Fixed	NT=Oxidation;AC=UNIMOD:21;TA=M;MT=Variable	NT=Protein N-terminal acetylation;AC=null;TA=N-terminus;MT=Variable	NT=N-terminal conversion of glutamine to pyroglutamic acid;AC=null;TA=Q;MT=Variable	NT=SDASO-L alkene on uncleaved lysines;AC=null;TA=K;MT=Variable	NT=SDASO-L sulfenic acid moiety;AC=null;TA=any amino acid;MT=Variable	NT=SDASO-L thiol moiety;AC=null;TA=any amino acid;MT=Variable	NT=SDASO-M alkene on uncleaved lysines;AC=null;TA=K;MT=Variable	NT=SDASO-M sulfenic acid moiety;AC=null;TA=any amino acid;MT=Variable	NT=SDASO-M thiol moiety;AC=null;TA=any amino acid;MT=Variable	NT=SDASO-S alkene on uncleaved lysines;AC=null;TA=K;MT=Variable	NT=SDASO-S sulfenic acid moiety;AC=null;TA=any amino acid;MT=Variable	NT=SDASO-S thiol moiety;AC=null;TA=any amino acid;MT=Variable	NT=DSSO alkene on uncleaved lysines;AC=null;TA=K;MT=Variable	NT=DSSO sulfenic acid moiety;AC=null;TA=any amino acid;MT=Variable	NT=DSSO thiol moiety;AC=null;TA=any amino acid;MT=Variable	not available	not available	NT=[{'NT': 'SDASO-L', 'AC': None, 'CL': 'yes', 'TA': 'K,nterm', 'structured': 'NT=SDASO-L;AC=null;CL=yes;TA=K,nterm'}, {'NT': 'SDASO-M', 'AC': None, 'CL': 'yes', 'TA': 'K,nterm', 'structured': 'NT=SDASO-M;AC=null;CL=yes;TA=K,nterm'}, {'NT': 'SDASO-S', 'AC': None, 'CL': 'yes', 'TA': 'K,nterm', 'structured': 'NT=SDASO-S;AC=null;CL=yes;TA=K,nterm'}, {'NT': 'DSSO', 'AC': 'XLMOD:02126', 'CL': 'yes', 'TA': 'K,S,T,Y', 'structured': 'NT=DSSO;AC=XLMOD:02126;CL=yes;TA=K,S,T,Y'}]	size-exclusion chromatography (SEC)	20 mM	1:50 (SDASO-L/M/S to protein)	1 h	25 °C	OrbitrapLUMOS_20200216_05.raw	NT=ms-proteomics;VV=v1.1.0	NT=crosslinking;VV=v1.0.0
PXD022690_OrbitrapLUMOS_20200215_02	Saccharomyces cerevisiae	whole cell lysate	not available	2	PXD022690_OrbitrapLUMOS_20200215_02_assay	proteomic profiling by mass spectrometry	data-dependent acquisition	NT=label free sample;AC=MS:1002038	1	1	not available	NT=Lys-C;AC=MS:1001309	NT=Carbamidomethyl;AC=UNIMOD:4;TA=C;MT=Fixed	NT=Oxidation;AC=UNIMOD:21;TA=M;MT=Variable	NT=Protein N-terminal acetylation;AC=null;TA=N-terminus;MT=Variable	NT=N-terminal conversion of glutamine to pyroglutamic acid;AC=null;TA=Q;MT=Variable	NT=SDASO-L alkene on uncleaved lysines;AC=null;TA=K;MT=Variable	NT=SDASO-L sulfenic acid moiety;AC=null;TA=any amino acid;MT=Variable	NT=SDASO-L thiol moiety;AC=null;TA=any amino acid;MT=Variable	NT=SDASO-M alkene on uncleaved lysines;AC=null;TA=K;MT=Variable	NT=SDASO-M sulfenic acid moiety;AC=null;TA=any amino acid;MT=Variable	NT=SDASO-M thiol moiety;AC=null;TA=any amino acid;MT=Variable	NT=SDASO-S alkene on uncleaved lysines;AC=null;TA=K;MT=Variable	NT=SDASO-S sulfenic acid moiety;AC=null;TA=any amino acid;MT=Variable	NT=SDASO-S thiol moiety;AC=null;TA=any amino acid;MT=Variable	NT=DSSO alkene on uncleaved lysines;AC=null;TA=K;MT=Variable	NT=DSSO sulfenic acid moiety;AC=null;TA=any amino acid;MT=Variable	NT=DSSO thiol moiety;AC=null;TA=any amino acid;MT=Variable	not available	not available	NT=[{'NT': 'SDASO-L', 'AC': None, 'CL': 'yes', 'TA': 'K,nterm', 'structured': 'NT=SDASO-L;AC=null;CL=yes;TA=K,nterm'}, {'NT': 'SDASO-M', 'AC': None, 'CL': 'yes', 'TA': 'K,nterm', 'structured': 'NT=SDASO-M;AC=null;CL=yes;TA=K,nterm'}, {'NT': 'SDASO-S', 'AC': None, 'CL': 'yes', 'TA': 'K,nterm', 'structured': 'NT=SDASO-S;AC=null;CL=yes;TA=K,nterm'}, {'NT': 'DSSO', 'AC': 'XLMOD:02126', 'CL': 'yes', 'TA': 'K,S,T,Y', 'structured': 'NT=DSSO;AC=XLMOD:02126;CL=yes;TA=K,S,T,Y'}]	size-exclusion chromatography (SEC)	20 mM	1:50 (SDASO-L/M/S to protein)	1 h	25 °C	OrbitrapLUMOS_20200215_02.raw	NT=ms-proteomics;VV=v1.1.0	NT=crosslinking;VV=v1.0.0
PXD022690_OrbitrapLUMOS_20200718_03	Saccharomyces cerevisiae	whole cell lysate	not available	3	PXD022690_OrbitrapLUMOS_20200718_03_assay	proteomic profiling by mass spectrometry	data-dependent acquisition	NT=label free sample;AC=MS:1002038	1	1	not available	NT=Lys-C;AC=MS:1001309	NT=Carbamidomethyl;AC=UNIMOD:4;TA=C;MT=Fixed	NT=Oxidation;AC=UNIMOD:21;TA=M;MT=Variable	NT=Protein N-terminal acetylation;AC=null;TA=N-terminus;MT=Variable	NT=N-terminal conversion of glutamine to pyroglutamic acid;AC=null;TA=Q;MT=Variable	NT=SDASO-L alkene on uncleaved lysines;AC=null;TA=K;MT=Variable	NT=SDASO-L sulfenic acid moiety;AC=null;TA=any amino acid;MT=Variable	NT=SDASO-L thiol moiety;AC=null;TA=any amino acid;MT=Variable	NT=SDASO-M alkene on uncleaved lysines;AC=null;TA=K;MT=Variable	NT=SDASO-M sulfenic acid moiety;AC=null;TA=any amino acid;MT=Variable	NT=SDASO-M thiol moiety;AC=null;TA=any amino acid;MT=Variable	NT=SDASO-S alkene on uncleaved lysines;AC=null;TA=K;MT=Variable	NT=SDASO-S sulfenic acid moiety;AC=null;TA=any amino acid;MT=Variable	NT=SDASO-S thiol moiety;AC=null;TA=any amino acid;MT=Variable	NT=DSSO alkene on uncleaved lysines;AC=null;TA=K;MT=Variable	NT=DSSO sulfenic acid moiety;AC=null;TA=any amino acid;MT=Variable	NT=DSSO thiol moiety;AC=null;TA=any amino acid;MT=Variable	not available	not available	NT=[{'NT': 'SDASO-L', 'AC': None, 'CL': 'yes', 'TA': 'K,nterm', 'structured': 'NT=SDASO-L;AC=null;CL=yes;TA=K,nterm'}, {'NT': 'SDASO-M', 'AC': None, 'CL': 'yes', 'TA': 'K,nterm', 'structured': 'NT=SDASO-M;AC=null;CL=yes;TA=K,nterm'}, {'NT': 'SDASO-S', 'AC': None, 'CL': 'yes', 'TA': 'K,nterm', 'structured': 'NT=SDASO-S;AC=null;CL=yes;TA=K,nterm'}, {'NT': 'DSSO', 'AC': 'XLMOD:02126', 'CL': 'yes', 'TA': 'K,S,T,Y', 'structured': 'NT=DSSO;AC=XLMOD:02126;CL=yes;TA=K,S,T,Y'}]	size-exclusion chromatography (SEC)	20 mM	1:50 (SDASO-L/M/S to protein)	1 h	25 °C	OrbitrapLUMOS_20200718_03.raw	NT=ms-proteomics;VV=v1.1.0	NT=crosslinking;VV=v1.0.0
PXD022690_OrbitrapLUMOS_20200217_05	Saccharomyces cerevisiae	whole cell lysate	not available	4	PXD022690_OrbitrapLUMOS_20200217_05_assay	proteomic profiling by mass spectrometry	data-dependent acquisition	NT=label free sample;AC=MS:1002038	1	1	not available	NT=Lys-C;AC=MS:1001309	NT=Carbamidomethyl;AC=UNIMOD:4;TA=C;MT=Fixed	NT=Oxidation;AC=UNIMOD:21;TA=M;MT=Variable	NT=Protein N-terminal acetylation;AC=null;TA=N-terminus;MT=Variable	NT=N-terminal conversion of glutamine to pyroglutamic acid;AC=null;TA=Q;MT=Variable	NT=SDASO-L alkene on uncleaved lysines;AC=null;TA=K;MT=Variable	NT=SDASO-L sulfenic acid moiety;AC=null;TA=any amino acid;MT=Variable	NT=SDASO-L thiol moiety;AC=null;TA=any amino acid;MT=Variable	NT=SDASO-M alkene on uncleaved lysines;AC=null;TA=K;MT=Variable	NT=SDASO-M sulfenic acid moiety;AC=null;TA=any amino acid;MT=Variable	NT=SDASO-M thiol moiety;AC=null;TA=any amino acid;MT=Variable	NT=SDASO-S alkene on uncleaved lysines;AC=null;TA=K;MT=Variable	NT=SDASO-S sulfenic acid moiety;AC=null;TA=any amino acid;MT=Variable	NT=SDASO-S thiol moiety;AC=null;TA=any amino acid;MT=Variable	NT=DSSO alkene on uncleaved lysines;AC=null;TA=K;MT=Variable	NT=DSSO sulfenic acid moiety;AC=null;TA=any amino acid;MT=Variable	NT=DSSO thiol moiety;AC=null;TA=any amino acid;MT=Variable	not available	not available	NT=[{'NT': 'SDASO-L', 'AC': None, 'CL': 'yes', 'TA': 'K,nterm', 'structured': 'NT=SDASO-L;AC=null;CL=yes;TA=K,nterm'}, {'NT': 'SDASO-M', 'AC': None, 'CL': 'yes', 'TA': 'K,nterm', 'structured': 'NT=SDASO-M;AC=null;CL=yes;TA=K,nterm'}, {'NT': 'SDASO-S', 'AC': None, 'CL': 'yes', 'TA': 'K,nterm', 'structured': 'NT=SDASO-S;AC=null;CL=yes;TA=K,nterm'}, {'NT': 'DSSO', 'AC': 'XLMOD:02126', 'CL': 'yes', 'TA': 'K,S,T,Y', 'structured': 'NT=DSSO;AC=XLMOD:02126;CL=yes;TA=K,S,T,Y'}]	size-exclusion chromatography (SEC)	20 mM	1:50 (SDASO-L/M/S to protein)	1 h	25 °C	OrbitrapLUMOS_20200217_05.raw	NT=ms-proteomics;VV=v1.1.0	NT=crosslinking;VV=v1.0.0
PXD022690_OrbitrapLUMOS_20200403_09	Saccharomyces cerevisiae	whole cell lysate	not available	5	PXD022690_OrbitrapLUMOS_20200403_09_assay	proteomic profiling by mass spectrometry	data-dependent acquisition	NT=label free sample;AC=MS:1002038	1	1	not available	NT=Lys-C;AC=MS:1001309	NT=Carbamidomethyl;AC=UNIMOD:4;TA=C;MT=Fixed	NT=Oxidation;AC=UNIMOD:21;TA=M;MT=Variable	NT=Protein N-terminal acetylation;AC=null;TA=N-terminus;MT=Variable	NT=N-terminal conversion of glutamine to pyroglutamic acid;AC=null;TA=Q;MT=Variable	NT=SDASO-L alkene on uncleaved lysines;AC=null;TA=K;MT=Variable	NT=SDASO-L sulfenic acid moiety;AC=null;TA=any amino acid;MT=Variable	NT=SDASO-L thiol moiety;AC=null;TA=any amino acid;MT=Variable	NT=SDASO-M alkene on uncleaved lysines;AC=null;TA=K;MT=Variable	NT=SDASO-M sulfenic acid moiety;AC=null;TA=any amino acid;MT=Variable	NT=SDASO-M thiol moiety;AC=null;TA=any amino acid;MT=Variable	NT=SDASO-S alkene on uncleaved lysines;AC=null;TA=K;MT=Variable	NT=SDASO-S sulfenic acid moiety;AC=null;TA=any amino acid;MT=Variable	NT=SDASO-S thiol moiety;AC=null;TA=any amino acid;MT=Variable	NT=DSSO alkene on uncleaved lysines;AC=null;TA=K;MT=Variable	NT=DSSO sulfenic acid moiety;AC=null;TA=any amino acid;MT=Variable	NT=DSSO thiol moiety;AC=null;TA=any amino acid;MT=Variable	not available	not available	NT=[{'NT': 'SDASO-L', 'AC': None, 'CL': 'yes', 'TA': 'K,nterm', 'structured': 'NT=SDASO-L;AC=null;CL=yes;TA=K,nterm'}, {'NT': 'SDASO-M', 'AC': None, 'CL': 'yes', 'TA': 'K,nterm', 'structured': 'NT=SDASO-M;AC=null;CL=yes;TA=K,nterm'}, {'NT': 'SDASO-S', 'AC': None, 'CL': 'yes', 'TA': 'K,nterm', 'structured': 'NT=SDASO-S;AC=null;CL=yes;TA=K,nterm'}, {'NT': 'DSSO', 'AC': 'XLMOD:02126', 'CL': 'yes', 'TA': 'K,S,T,Y', 'structured': 'NT=DSSO;AC=XLMOD:02126;CL=yes;TA=K,S,T,Y'}]	size-exclusion chromatography (SEC)	20 mM	1:50 (SDASO-L/M/S to protein)	1 h	25 °C	OrbitrapLUMOS_20200403_09.raw	NT=ms-proteomics;VV=v1.1.0	NT=crosslinking;VV=v1.0.0
PXD022690_OrbitrapLUMOS_20200217_01	Saccharomyces cerevisiae	whole cell lysate	not available	6	PXD022690_OrbitrapLUMOS_20200217_01_assay	proteomic profiling by mass spectrometry	data-dependent acquisition	NT=label free sample;AC=MS:1002038	1	1	not available	NT=Lys-C;AC=MS:1001309	NT=Carbamidomethyl;AC=UNIMOD:4;TA=C;MT=Fixed	NT=Oxidation;AC=UNIMOD:21;TA=M;MT=Variable	NT=Protein N-terminal acetylation;AC=null;TA=N-terminus;MT=Variable	NT=N-terminal conversion of glutamine to pyroglutamic acid;AC=null;TA=Q;MT=Variable	NT=SDASO-L alkene on uncleaved lysines;AC=null;TA=K;MT=Variable	NT=SDASO-L sulfenic acid moiety;AC=null;TA=any amino acid;MT=Variable	NT=SDASO-L thiol moiety;AC=null;TA=any amino acid;MT=Variable	NT=SDASO-M alkene on uncleaved lysines;AC=null;TA=K;MT=Variable	NT=SDASO-M sulfenic acid moiety;AC=null;TA=any amino acid;MT=Variable	NT=SDASO-M thiol moiety;AC=null;TA=any amino acid;MT=Variable	NT=SDASO-S alkene on uncleaved lysines;AC=null;TA=K;MT=Variable	NT=SDASO-S sulfenic acid moiety;AC=null;TA=any amino acid;MT=Variable	NT=SDASO-S thiol moiety;AC=null;TA=any amino acid;MT=Variable	NT=DSSO alkene on uncleaved lysines;AC=null;TA=K;MT=Variable	NT=DSSO sulfenic acid moiety;AC=null;TA=any amino acid;MT=Variable	NT=DSSO thiol moiety;AC=null;TA=any amino acid;MT=Variable	not available	not available	NT=[{'NT': 'SDASO-L', 'AC': None, 'CL': 'yes', 'TA': 'K,nterm', 'structured': 'NT=SDASO-L;AC=null;CL=yes;TA=K,nterm'}, {'NT': 'SDASO-M', 'AC': None, 'CL': 'yes', 'TA': 'K,nterm', 'structured': 'NT=SDASO-M;AC=null;CL=yes;TA=K,nterm'}, {'NT': 'SDASO-S', 'AC': None, 'CL': 'yes', 'TA': 'K,nterm', 'structured': 'NT=SDASO-S;AC=null;CL=yes;TA=K,nterm'}, {'NT': 'DSSO', 'AC': 'XLMOD:02126', 'CL': 'yes', 'TA': 'K,S,T,Y', 'structured': 'NT=DSSO;AC=XLMOD:02126;CL=yes;TA=K,S,T,Y'}]	size-exclusion chromatography (SEC)	20 mM	1:50 (SDASO-L/M/S to protein)	1 h	25 °C	OrbitrapLUMOS_20200217_01.raw	NT=ms-proteomics;VV=v1.1.0	NT=crosslinking;VV=v1.0.0
PXD022690_OrbitrapLUMOS_20200216_01	Saccharomyces cerevisiae	whole cell lysate	not available	7	PXD022690_OrbitrapLUMOS_20200216_01_assay	proteomic profiling by mass spectrometry	data-dependent acquisition	NT=label free sample;AC=MS:1002038	1	1	not available	NT=Lys-C;AC=MS:1001309	NT=Carbamidomethyl;AC=UNIMOD:4;TA=C;MT=Fixed	NT=Oxidation;AC=UNIMOD:21;TA=M;MT=Variable	NT=Protein N-terminal acetylation;AC=null;TA=N-terminus;MT=Variable	NT=N-terminal conversion of glutamine to pyroglutamic acid;AC=null;TA=Q;MT=Variable	NT=SDASO-L alkene on uncleaved lysines;AC=null;TA=K;MT=Variable	NT=SDASO-L sulfenic acid moiety;AC=null;TA=any amino acid;MT=Variable	NT=SDASO-L thiol moiety;AC=null;TA=any amino acid;MT=Variable	NT=SDASO-M alkene on uncleaved lysines;AC=null;TA=K;MT=Variable	NT=SDASO-M sulfenic acid moiety;AC=null;TA=any amino acid;MT=Variable	NT=SDASO-M thiol moiety;AC=null;TA=any amino acid;MT=Variable	NT=SDASO-S alkene on uncleaved lysines;AC=null;TA=K;MT=Variable	NT=SDASO-S sulfenic acid moiety;AC=null;TA=any amino acid;MT=Variable	NT=SDASO-S thiol moiety;AC=null;TA=any amino acid;MT=Variable	NT=DSSO alkene on uncleaved lysines;AC=null;TA=K;MT=Variable	NT=DSSO sulfenic acid moiety;AC=null;TA=any amino acid;MT=Variable	NT=DSSO thiol moiety;AC=null;TA=any amino acid;MT=Variable	not available	not available	NT=[{'NT': 'SDASO-L', 'AC': None, 'CL': 'yes', 'TA': 'K,nterm', 'structured': 'NT=SDASO-L;AC=null;CL=yes;TA=K,nterm'}, {'NT': 'SDASO-M', 'AC': None, 'CL': 'yes', 'TA': 'K,nterm', 'structured': 'NT=SDASO-M;AC=null;CL=yes;TA=K,nterm'}, {'NT': 'SDASO-S', 'AC': None, 'CL': 'yes', 'TA': 'K,nterm', 'structured': 'NT=SDASO-S;AC=null;CL=yes;TA=K,nterm'}, {'NT': 'DSSO', 'AC': 'XLMOD:02126', 'CL': 'yes', 'TA': 'K,S,T,Y', 'structured': 'NT=DSSO;AC=XLMOD:02126;CL=yes;TA=K,S,T,Y'}]	size-exclusion chromatography (SEC)	20 mM	1:50 (SDASO-L/M/S to protein)	1 h	25 °C	OrbitrapLUMOS_20200216_01.raw	NT=ms-proteomics;VV=v1.1.0	NT=crosslinking;VV=v1.0.0
PXD022690_OrbitrapLUMOS_20200404_06	Saccharomyces cerevisiae	whole cell lysate	not available	8	PXD022690_OrbitrapLUMOS_20200404_06_assay	proteomic profiling by mass spectrometry	data-dependent acquisition	NT=label free sample;AC=MS:1002038	1	1	not available	NT=Lys-C;AC=MS:1001309	NT=Carbamidomethyl;AC=UNIMOD:4;TA=C;MT=Fixed	NT=Oxidation;AC=UNIMOD:21;TA=M;MT=Variable	NT=Protein N-terminal acetylation;AC=null;TA=N-terminus;MT=Variable	NT=N-terminal conversion of glutamine to pyroglutamic acid;AC=null;TA=Q;MT=Variable	NT=SDASO-L alkene on uncleaved lysines;AC=null;TA=K;MT=Variable	NT=SDASO-L sulfenic acid moiety;AC=null;TA=any amino acid;MT=Variable	NT=SDASO-L thiol moiety;AC=null;TA=any amino acid;MT=Variable	NT=SDASO-M alkene on uncleaved lysines;AC=null;TA=K;MT=Variable	NT=SDASO-M sulfenic acid moiety;AC=null;TA=any amino acid;MT=Variable	NT=SDASO-M thiol moiety;AC=null;TA=any amino acid;MT=Variable	NT=SDASO-S alkene on uncleaved lysines;AC=null;TA=K;MT=Variable	NT=SDASO-S sulfenic acid moiety;AC=null;TA=any amino acid;MT=Variable	NT=SDASO-S thiol moiety;AC=null;TA=any amino acid;MT=Variable	NT=DSSO alkene on uncleaved lysines;AC=null;TA=K;MT=Variable	NT=DSSO sulfenic acid moiety;AC=null;TA=any amino acid;MT=Variable	NT=DSSO thiol moiety;AC=null;TA=any amino acid;MT=Variable	not available	not available	NT=[{'NT': 'SDASO-L', 'AC': None, 'CL': 'yes', 'TA': 'K,nterm', 'structured': 'NT=SDASO-L;AC=null;CL=yes;TA=K,nterm'}, {'NT': 'SDASO-M', 'AC': None, 'CL': 'yes', 'TA': 'K,nterm', 'structured': 'NT=SDASO-M;AC=null;CL=yes;TA=K,nterm'}, {'NT': 'SDASO-S', 'AC': None, 'CL': 'yes', 'TA': 'K,nterm', 'structured': 'NT=SDASO-S;AC=null;CL=yes;TA=K,nterm'}, {'NT': 'DSSO', 'AC': 'XLMOD:02126', 'CL': 'yes', 'TA': 'K,S,T,Y', 'structured': 'NT=DSSO;AC=XLMOD:02126;CL=yes;TA=K,S,T,Y'}]	size-exclusion chromatography (SEC)	20 mM	1:50 (SDASO-L/M/S to protein)	1 h	25 °C	OrbitrapLUMOS_20200404_06.raw	NT=ms-proteomics;VV=v1.1.0	NT=crosslinking;VV=v1.0.0
PXD022690_OrbitrapLUMOS_20200528_02	Saccharomyces cerevisiae	whole cell lysate	not available	9	PXD022690_OrbitrapLUMOS_20200528_02_assay	proteomic profiling by mass spectrometry	data-dependent acquisition	NT=label free sample;AC=MS:1002038	1	1	not available	NT=Lys-C;AC=MS:1001309	NT=Carbamidomethyl;AC=UNIMOD:4;TA=C;MT=Fixed	NT=Oxidation;AC=UNIMOD:21;TA=M;MT=Variable	NT=Protein N-terminal acetylation;AC=null;TA=N-terminus;MT=Variable	NT=N-terminal conversion of glutamine to pyroglutamic acid;AC=null;TA=Q;MT=Variable	NT=SDASO-L alkene on uncleaved lysines;AC=null;TA=K;MT=Variable	NT=SDASO-L sulfenic acid moiety;AC=null;TA=any amino acid;MT=Variable	NT=SDASO-L thiol moiety;AC=null;TA=any amino acid;MT=Variable	NT=SDASO-M alkene on uncleaved lysines;AC=null;TA=K;MT=Variable	NT=SDASO-M sulfenic acid moiety;AC=null;TA=any amino acid;MT=Variable	NT=SDASO-M thiol moiety;AC=null;TA=any amino acid;MT=Variable	NT=SDASO-S alkene on uncleaved lysines;AC=null;TA=K;MT=Variable	NT=SDASO-S sulfenic acid moiety;AC=null;TA=any amino acid;MT=Variable	NT=SDASO-S thiol moiety;AC=null;TA=any amino acid;MT=Variable	NT=DSSO alkene on uncleaved lysines;AC=null;TA=K;MT=Variable	NT=DSSO sulfenic acid moiety;AC=null;TA=any amino acid;MT=Variable	NT=DSSO thiol moiety;AC=null;TA=any amino acid;MT=Variable	not available	not available	NT=[{'NT': 'SDASO-L', 'AC': None, 'CL': 'yes', 'TA': 'K,nterm', 'structured': 'NT=SDASO-L;AC=null;CL=yes;TA=K,nterm'}, {'NT': 'SDASO-M', 'AC': None, 'CL': 'yes', 'TA': 'K,nterm', 'structured': 'NT=SDASO-M;AC=null;CL=yes;TA=K,nterm'}, {'NT': 'SDASO-S', 'AC': None, 'CL': 'yes', 'TA': 'K,nterm', 'structured': 'NT=SDASO-S;AC=null;CL=yes;TA=K,nterm'}, {'NT': 'DSSO', 'AC': 'XLMOD:02126', 'CL': 'yes', 'TA': 'K,S,T,Y', 'structured': 'NT=DSSO;AC=XLMOD:02126;CL=yes;TA=K,S,T,Y'}]	size-exclusion chromatography (SEC)	20 mM	1:50 (SDASO-L/M/S to protein)	1 h	25 °C	OrbitrapLUMOS_20200528_02.raw	NT=ms-proteomics;VV=v1.1.0	NT=crosslinking;VV=v1.0.0
PXD022690_OrbitrapLUMOS_20200719_04	Saccharomyces cerevisiae	whole cell lysate	not available	10	PXD022690_OrbitrapLUMOS_20200719_04_assay	proteomic profiling by mass spectrometry	data-dependent acquisition	NT=label free sample;AC=MS:1002038	1	1	not available	NT=Lys-C;AC=MS:1001309	NT=Carbamidomethyl;AC=UNIMOD:4;TA=C;MT=Fixed	NT=Oxidation;AC=UNIMOD:21;TA=M;MT=Variable	NT=Protein N-terminal acetylation;AC=null;TA=N-terminus;MT=Variable	NT=N-terminal conversion of glutamine to pyroglutamic acid;AC=null;TA=Q;MT=Variable	NT=SDASO-L alkene on uncleaved lysines;AC=null;TA=K;MT=Variable	NT=SDASO-L sulfenic acid moiety;AC=null;TA=any amino acid;MT=Variable	NT=SDASO-L thiol moiety;AC=null;TA=any amino acid;MT=Variable	NT=SDASO-M alkene on uncleaved lysines;AC=null;TA=K;MT=Variable	NT=SDASO-M sulfenic acid moiety;AC=null;TA=any amino acid;MT=Variable	NT=SDASO-M thiol moiety;AC=null;TA=any amino acid;MT=Variable	NT=SDASO-S alkene on uncleaved lysines;AC=null;TA=K;MT=Variable	NT=SDASO-S sulfenic acid moiety;AC=null;TA=any amino acid;MT=Variable	NT=SDASO-S thiol moiety;AC=null;TA=any amino acid;MT=Variable	NT=DSSO alkene on uncleaved lysines;AC=null;TA=K;MT=Variable	NT=DSSO sulfenic acid moiety;AC=null;TA=any amino acid;MT=Variable	NT=DSSO thiol moiety;AC=null;TA=any amino acid;MT=Variable	not available	not available	NT=[{'NT': 'SDASO-L', 'AC': None, 'CL': 'yes', 'TA': 'K,nterm', 'structured': 'NT=SDASO-L;AC=null;CL=yes;TA=K,nterm'}, {'NT': 'SDASO-M', 'AC': None, 'CL': 'yes', 'TA': 'K,nterm', 'structured': 'NT=SDASO-M;AC=null;CL=yes;TA=K,nterm'}, {'NT': 'SDASO-S', 'AC': None, 'CL': 'yes', 'TA': 'K,nterm', 'structured': 'NT=SDASO-S;AC=null;CL=yes;TA=K,nterm'}, {'NT': 'DSSO', 'AC': 'XLMOD:02126', 'CL': 'yes', 'TA': 'K,S,T,Y', 'structured': 'NT=DSSO;AC=XLMOD:02126;CL=yes;TA=K,S,T,Y'}]	size-exclusion chromatography (SEC)	20 mM	1:50 (SDASO-L/M/S to protein)	1 h	25 °C	OrbitrapLUMOS_20200719_04.raw	NT=ms-proteomics;VV=v1.1.0	NT=crosslinking;VV=v1.0.0
PXD022690_OrbitrapLUMOS_20200719_10	Saccharomyces cerevisiae	whole cell lysate	not available	11	PXD022690_OrbitrapLUMOS_20200719_10_assay	proteomic profiling by mass spectrometry	data-dependent acquisition	NT=label free sample;AC=MS:1002038	1	1	not available	NT=Lys-C;AC=MS:1001309	NT=Carbamidomethyl;AC=UNIMOD:4;TA=C;MT=Fixed	NT=Oxidation;AC=UNIMOD:21;TA=M;MT=Variable	NT=Protein N-terminal acetylation;AC=null;TA=N-terminus;MT=Variable	NT=N-terminal conversion of glutamine to pyroglutamic acid;AC=null;TA=Q;MT=Variable	NT=SDASO-L alkene on uncleaved lysines;AC=null;TA=K;MT=Variable	NT=SDASO-L sulfenic acid moiety;AC=null;TA=any amino acid;MT=Variable	NT=SDASO-L thiol moiety;AC=null;TA=any amino acid;MT=Variable	NT=SDASO-M alkene on uncleaved lysines;AC=null;TA=K;MT=Variable	NT=SDASO-M sulfenic acid moiety;AC=null;TA=any amino acid;MT=Variable	NT=SDASO-M thiol moiety;AC=null;TA=any amino acid;MT=Variable	NT=SDASO-S alkene on uncleaved lysines;AC=null;TA=K;MT=Variable	NT=SDASO-S sulfenic acid moiety;AC=null;TA=any amino acid;MT=Variable	NT=SDASO-S thiol moiety;AC=null;TA=any amino acid;MT=Variable	NT=DSSO alkene on uncleaved lysines;AC=null;TA=K;MT=Variable	NT=DSSO sulfenic acid moiety;AC=null;TA=any amino acid;MT=Variable	NT=DSSO thiol moiety;AC=null;TA=any amino acid;MT=Variable	not available	not available	NT=[{'NT': 'SDASO-L', 'AC': None, 'CL': 'yes', 'TA': 'K,nterm', 'structured': 'NT=SDASO-L;AC=null;CL=yes;TA=K,nterm'}, {'NT': 'SDASO-M', 'AC': None, 'CL': 'yes', 'TA': 'K,nterm', 'structured': 'NT=SDASO-M;AC=null;CL=yes;TA=K,nterm'}, {'NT': 'SDASO-S', 'AC': None, 'CL': 'yes', 'TA': 'K,nterm', 'structured': 'NT=SDASO-S;AC=null;CL=yes;TA=K,nterm'}, {'NT': 'DSSO', 'AC': 'XLMOD:02126', 'CL': 'yes', 'TA': 'K,S,T,Y', 'structured': 'NT=DSSO;AC=XLMOD:02126;CL=yes;TA=K,S,T,Y'}]	size-exclusion chromatography (SEC)	20 mM	1:50 (SDASO-L/M/S to protein)	1 h	25 °C	OrbitrapLUMOS_20200719_10.raw	NT=ms-proteomics;VV=v1.1.0	NT=crosslinking;VV=v1.0.0
PXD022690_OrbitrapLUMOS_20200215_05	Saccharomyces cerevisiae	whole cell lysate	not available	12	PXD022690_OrbitrapLUMOS_20200215_05_assay	proteomic profiling by mass spectrometry	data-dependent acquisition	NT=label free sample;AC=MS:1002038	1	1	not available	NT=Lys-C;AC=MS:1001309	NT=Carbamidomethyl;AC=UNIMOD:4;TA=C;MT=Fixed	NT=Oxidation;AC=UNIMOD:21;TA=M;MT=Variable	NT=Protein N-terminal acetylation;AC=null;TA=N-terminus;MT=Variable	NT=N-terminal conversion of glutamine to pyroglutamic acid;AC=null;TA=Q;MT=Variable	NT=SDASO-L alkene on uncleaved lysines;AC=null;TA=K;MT=Variable	NT=SDASO-L sulfenic acid moiety;AC=null;TA=any amino acid;MT=Variable	NT=SDASO-L thiol moiety;AC=null;TA=any amino acid;MT=Variable	NT=SDASO-M alkene on uncleaved lysines;AC=null;TA=K;MT=Variable	NT=SDASO-M sulfenic acid moiety;AC=null;TA=any amino acid;MT=Variable	NT=SDASO-M thiol moiety;AC=null;TA=any amino acid;MT=Variable	NT=SDASO-S alkene on uncleaved lysines;AC=null;TA=K;MT=Variable	NT=SDASO-S sulfenic acid moiety;AC=null;TA=any amino acid;MT=Variable	NT=SDASO-S thiol moiety;AC=null;TA=any amino acid;MT=Variable	NT=DSSO alkene on uncleaved lysines;AC=null;TA=K;MT=Variable	NT=DSSO sulfenic acid moiety;AC=null;TA=any amino acid;MT=Variable	NT=DSSO thiol moiety;AC=null;TA=any amino acid;MT=Variable	not available	not available	NT=[{'NT': 'SDASO-L', 'AC': None, 'CL': 'yes', 'TA': 'K,nterm', 'structured': 'NT=SDASO-L;AC=null;CL=yes;TA=K,nterm'}, {'NT': 'SDASO-M', 'AC': None, 'CL': 'yes', 'TA': 'K,nterm', 'structured': 'NT=SDASO-M;AC=null;CL=yes;TA=K,nterm'}, {'NT': 'SDASO-S', 'AC': None, 'CL': 'yes', 'TA': 'K,nterm', 'structured': 'NT=SDASO-S;AC=null;CL=yes;TA=K,nterm'}, {'NT': 'DSSO', 'AC': 'XLMOD:02126', 'CL': 'yes', 'TA': 'K,S,T,Y', 'structured': 'NT=DSSO;AC=XLMOD:02126;CL=yes;TA=K,S,T,Y'}]	size-exclusion chromatography (SEC)	20 mM	1:50 (SDASO-L/M/S to protein)	1 h	25 °C	OrbitrapLUMOS_20200215_05.raw	NT=ms-proteomics;VV=v1.1.0	NT=crosslinking;VV=v1.0.0
PXD022690_OrbitrapLUMOS_20200719_03	Saccharomyces cerevisiae	whole cell lysate	not available	13	PXD022690_OrbitrapLUMOS_20200719_03_assay	proteomic profiling by mass spectrometry	data-dependent acquisition	NT=label free sample;AC=MS:1002038	1	1	not available	NT=Lys-C;AC=MS:1001309	NT=Carbamidomethyl;AC=UNIMOD:4;TA=C;MT=Fixed	NT=Oxidation;AC=UNIMOD:21;TA=M;MT=Variable	NT=Protein N-terminal acetylation;AC=null;TA=N-terminus;MT=Variable	NT=N-terminal conversion of glutamine to pyroglutamic acid;AC=null;TA=Q;MT=Variable	NT=SDASO-L alkene on uncleaved lysines;AC=null;TA=K;MT=Variable	NT=SDASO-L sulfenic acid moiety;AC=null;TA=any amino acid;MT=Variable	NT=SDASO-L thiol moiety;AC=null;TA=any amino acid;MT=Variable	NT=SDASO-M alkene on uncleaved lysines;AC=null;TA=K;MT=Variable	NT=SDASO-M sulfenic acid moiety;AC=null;TA=any amino acid;MT=Variable	NT=SDASO-M thiol moiety;AC=null;TA=any amino acid;MT=Variable	NT=SDASO-S alkene on uncleaved lysines;AC=null;TA=K;MT=Variable	NT=SDASO-S sulfenic acid moiety;AC=null;TA=any amino acid;MT=Variable	NT=SDASO-S thiol moiety;AC=null;TA=any amino acid;MT=Variable	NT=DSSO alkene on uncleaved lysines;AC=null;TA=K;MT=Variable	NT=DSSO sulfenic acid moiety;AC=null;TA=any amino acid;MT=Variable	NT=DSSO thiol moiety;AC=null;TA=any amino acid;MT=Variable	not available	not available	NT=[{'NT': 'SDASO-L', 'AC': None, 'CL': 'yes', 'TA': 'K,nterm', 'structured': 'NT=SDASO-L;AC=null;CL=yes;TA=K,nterm'}, {'NT': 'SDASO-M', 'AC': None, 'CL': 'yes', 'TA': 'K,nterm', 'structured': 'NT=SDASO-M;AC=null;CL=yes;TA=K,nterm'}, {'NT': 'SDASO-S', 'AC': None, 'CL': 'yes', 'TA': 'K,nterm', 'structured': 'NT=SDASO-S;AC=null;CL=yes;TA=K,nterm'}, {'NT': 'DSSO', 'AC': 'XLMOD:02126', 'CL': 'yes', 'TA': 'K,S,T,Y', 'structured': 'NT=DSSO;AC=XLMOD:02126;CL=yes;TA=K,S,T,Y'}]	size-exclusion chromatography (SEC)	20 mM	1:50 (SDASO-L/M/S to protein)	1 h	25 °C	OrbitrapLUMOS_20200719_03.raw	NT=ms-proteomics;VV=v1.1.0	NT=crosslinking;VV=v1.0.0
PXD022690_OrbitrapLUMOS_20200720_07	Saccharomyces cerevisiae	whole cell lysate	not available	14	PXD022690_OrbitrapLUMOS_20200720_07_assay	proteomic profiling by mass spectrometry	data-dependent acquisition	NT=label free sample;AC=MS:1002038	1	1	not available	NT=Lys-C;AC=MS:1001309	NT=Carbamidomethyl;AC=UNIMOD:4;TA=C;MT=Fixed	NT=Oxidation;AC=UNIMOD:21;TA=M;MT=Variable	NT=Protein N-terminal acetylation;AC=null;TA=N-terminus;MT=Variable	NT=N-terminal conversion of glutamine to pyroglutamic acid;AC=null;TA=Q;MT=Variable	NT=SDASO-L alkene on uncleaved lysines;AC=null;TA=K;MT=Variable	NT=SDASO-L sulfenic acid moiety;AC=null;TA=any amino acid;MT=Variable	NT=SDASO-L thiol moiety;AC=null;TA=any amino acid;MT=Variable	NT=SDASO-M alkene on uncleaved lysines;AC=null;TA=K;MT=Variable	NT=SDASO-M sulfenic acid moiety;AC=null;TA=any amino acid;MT=Variable	NT=SDASO-M thiol moiety;AC=null;TA=any amino acid;MT=Variable	NT=SDASO-S alkene on uncleaved lysines;AC=null;TA=K;MT=Variable	NT=SDASO-S sulfenic acid moiety;AC=null;TA=any amino acid;MT=Variable	NT=SDASO-S thiol moiety;AC=null;TA=any amino acid;MT=Variable	NT=DSSO alkene on uncleaved lysines;AC=null;TA=K;MT=Variable	NT=DSSO sulfenic acid moiety;AC=null;TA=any amino acid;MT=Variable	NT=DSSO thiol moiety;AC=null;TA=any amino acid;MT=Variable	not available	not available	NT=[{'NT': 'SDASO-L', 'AC': None, 'CL': 'yes', 'TA': 'K,nterm', 'structured': 'NT=SDASO-L;AC=null;CL=yes;TA=K,nterm'}, {'NT': 'SDASO-M', 'AC': None, 'CL': 'yes', 'TA': 'K,nterm', 'structured': 'NT=SDASO-M;AC=null;CL=yes;TA=K,nterm'}, {'NT': 'SDASO-S', 'AC': None, 'CL': 'yes', 'TA': 'K,nterm', 'structured': 'NT=SDASO-S;AC=null;CL=yes;TA=K,nterm'}, {'NT': 'DSSO', 'AC': 'XLMOD:02126', 'CL': 'yes', 'TA': 'K,S,T,Y', 'structured': 'NT=DSSO;AC=XLMOD:02126;CL=yes;TA=K,S,T,Y'}]	size-exclusion chromatography (SEC)	20 mM	1:50 (SDASO-L/M/S to protein)	1 h	25 °C	OrbitrapLUMOS_20200720_07.raw	NT=ms-proteomics;VV=v1.1.0	NT=crosslinking;VV=v1.0.0
PXD022690_OrbitrapLUMOS_20200720_04	Saccharomyces cerevisiae	whole cell lysate	not available	15	PXD022690_OrbitrapLUMOS_20200720_04_assay	proteomic profiling by mass spectrometry	data-dependent acquisition	NT=label free sample;AC=MS:1002038	1	1	not available	NT=Lys-C;AC=MS:1001309	NT=Carbamidomethyl;AC=UNIMOD:4;TA=C;MT=Fixed	NT=Oxidation;AC=UNIMOD:21;TA=M;MT=Variable	NT=Protein N-terminal acetylation;AC=null;TA=N-terminus;MT=Variable	NT=N-terminal conversion of glutamine to pyroglutamic acid;AC=null;TA=Q;MT=Variable	NT=SDASO-L alkene on uncleaved lysines;AC=null;TA=K;MT=Variable	NT=SDASO-L sulfenic acid moiety;AC=null;TA=any amino acid;MT=Variable	NT=SDASO-L thiol moiety;AC=null;TA=any amino acid;MT=Variable	NT=SDASO-M alkene on uncleaved lysines;AC=null;TA=K;MT=Variable	NT=SDASO-M sulfenic acid moiety;AC=null;TA=any amino acid;MT=Variable	NT=SDASO-M thiol moiety;AC=null;TA=any amino acid;MT=Variable	NT=SDASO-S alkene on uncleaved lysines;AC=null;TA=K;MT=Variable	NT=SDASO-S sulfenic acid moiety;AC=null;TA=any amino acid;MT=Variable	NT=SDASO-S thiol moiety;AC=null;TA=any amino acid;MT=Variable	NT=DSSO alkene on uncleaved lysines;AC=null;TA=K;MT=Variable	NT=DSSO sulfenic acid moiety;AC=null;TA=any amino acid;MT=Variable	NT=DSSO thiol moiety;AC=null;TA=any amino acid;MT=Variable	not available	not available	NT=[{'NT': 'SDASO-L', 'AC': None, 'CL': 'yes', 'TA': 'K,nterm', 'structured': 'NT=SDASO-L;AC=null;CL=yes;TA=K,nterm'}, {'NT': 'SDASO-M', 'AC': None, 'CL': 'yes', 'TA': 'K,nterm', 'structured': 'NT=SDASO-M;AC=null;CL=yes;TA=K,nterm'}, {'NT': 'SDASO-S', 'AC': None, 'CL': 'yes', 'TA': 'K,nterm', 'structured': 'NT=SDASO-S;AC=null;CL=yes;TA=K,nterm'}, {'NT': 'DSSO', 'AC': 'XLMOD:02126', 'CL': 'yes', 'TA': 'K,S,T,Y', 'structured': 'NT=DSSO;AC=XLMOD:02126;CL=yes;TA=K,S,T,Y'}]	size-exclusion chromatography (SEC)	20 mM	1:50 (SDASO-L/M/S to protein)	1 h	25 °C	OrbitrapLUMOS_20200720_04.raw	NT=ms-proteomics;VV=v1.1.0	NT=crosslinking;VV=v1.0.0
PXD022690_OrbitrapLUMOS_20200528_01	Saccharomyces cerevisiae	whole cell lysate	not available	16	PXD022690_OrbitrapLUMOS_20200528_01_assay	proteomic profiling by mass spectrometry	data-dependent acquisition	NT=label free sample;AC=MS:1002038	1	1	not available	NT=Lys-C;AC=MS:1001309	NT=Carbamidomethyl;AC=UNIMOD:4;TA=C;MT=Fixed	NT=Oxidation;AC=UNIMOD:21;TA=M;MT=Variable	NT=Protein N-terminal acetylation;AC=null;TA=N-terminus;MT=Variable	NT=N-terminal conversion of glutamine to pyroglutamic acid;AC=null;TA=Q;MT=Variable	NT=SDASO-L alkene on uncleaved lysines;AC=null;TA=K;MT=Variable	NT=SDASO-L sulfenic acid moiety;AC=null;TA=any amino acid;MT=Variable	NT=SDASO-L thiol moiety;AC=null;TA=any amino acid;MT=Variable	NT=SDASO-M alkene on uncleaved lysines;AC=null;TA=K;MT=Variable	NT=SDASO-M sulfenic acid moiety;AC=null;TA=any amino acid;MT=Variable	NT=SDASO-M thiol moiety;AC=null;TA=any amino acid;MT=Variable	NT=SDASO-S alkene on uncleaved lysines;AC=null;TA=K;MT=Variable	NT=SDASO-S sulfenic acid moiety;AC=null;TA=any amino acid;MT=Variable	NT=SDASO-S thiol moiety;AC=null;TA=any amino acid;MT=Variable	NT=DSSO alkene on uncleaved lysines;AC=null;TA=K;MT=Variable	NT=DSSO sulfenic acid moiety;AC=null;TA=any amino acid;MT=Variable	NT=DSSO thiol moiety;AC=null;TA=any amino acid;MT=Variable	not available	not available	NT=[{'NT': 'SDASO-L', 'AC': None, 'CL': 'yes', 'TA': 'K,nterm', 'structured': 'NT=SDASO-L;AC=null;CL=yes;TA=K,nterm'}, {'NT': 'SDASO-M', 'AC': None, 'CL': 'yes', 'TA': 'K,nterm', 'structured': 'NT=SDASO-M;AC=null;CL=yes;TA=K,nterm'}, {'NT': 'SDASO-S', 'AC': None, 'CL': 'yes', 'TA': 'K,nterm', 'structured': 'NT=SDASO-S;AC=null;CL=yes;TA=K,nterm'}, {'NT': 'DSSO', 'AC': 'XLMOD:02126', 'CL': 'yes', 'TA': 'K,S,T,Y', 'structured': 'NT=DSSO;AC=XLMOD:02126;CL=yes;TA=K,S,T,Y'}]	size-exclusion chromatography (SEC)	20 mM	1:50 (SDASO-L/M/S to protein)	1 h	25 °C	OrbitrapLUMOS_20200528_01.raw	NT=ms-proteomics;VV=v1.1.0	NT=crosslinking;VV=v1.0.0
PXD022690_OrbitrapLUMOS_20200718_09	Saccharomyces cerevisiae	whole cell lysate	not available	17	PXD022690_OrbitrapLUMOS_20200718_09_assay	proteomic profiling by mass spectrometry	data-dependent acquisition	NT=label free sample;AC=MS:1002038	1	1	not available	NT=Lys-C;AC=MS:1001309	NT=Carbamidomethyl;AC=UNIMOD:4;TA=C;MT=Fixed	NT=Oxidation;AC=UNIMOD:21;TA=M;MT=Variable	NT=Protein N-terminal acetylation;AC=null;TA=N-terminus;MT=Variable	NT=N-terminal conversion of glutamine to pyroglutamic acid;AC=null;TA=Q;MT=Variable	NT=SDASO-L alkene on uncleaved lysines;AC=null;TA=K;MT=Variable	NT=SDASO-L sulfenic acid moiety;AC=null;TA=any amino acid;MT=Variable	NT=SDASO-L thiol moiety;AC=null;TA=any amino acid;MT=Variable	NT=SDASO-M alkene on uncleaved lysines;AC=null;TA=K;MT=Variable	NT=SDASO-M sulfenic acid moiety;AC=null;TA=any amino acid;MT=Variable	NT=SDASO-M thiol moiety;AC=null;TA=any amino acid;MT=Variable	NT=SDASO-S alkene on uncleaved lysines;AC=null;TA=K;MT=Variable	NT=SDASO-S sulfenic acid moiety;AC=null;TA=any amino acid;MT=Variable	NT=SDASO-S thiol moiety;AC=null;TA=any amino acid;MT=Variable	NT=DSSO alkene on uncleaved lysines;AC=null;TA=K;MT=Variable	NT=DSSO sulfenic acid moiety;AC=null;TA=any amino acid;MT=Variable	NT=DSSO thiol moiety;AC=null;TA=any amino acid;MT=Variable	not available	not available	NT=[{'NT': 'SDASO-L', 'AC': None, 'CL': 'yes', 'TA': 'K,nterm', 'structured': 'NT=SDASO-L;AC=null;CL=yes;TA=K,nterm'}, {'NT': 'SDASO-M', 'AC': None, 'CL': 'yes', 'TA': 'K,nterm', 'structured': 'NT=SDASO-M;AC=null;CL=yes;TA=K,nterm'}, {'NT': 'SDASO-S', 'AC': None, 'CL': 'yes', 'TA': 'K,nterm', 'structured': 'NT=SDASO-S;AC=null;CL=yes;TA=K,nterm'}, {'NT': 'DSSO', 'AC': 'XLMOD:02126', 'CL': 'yes', 'TA': 'K,S,T,Y', 'structured': 'NT=DSSO;AC=XLMOD:02126;CL=yes;TA=K,S,T,Y'}]	size-exclusion chromatography (SEC)	20 mM	1:50 (SDASO-L/M/S to protein)	1 h	25 °C	OrbitrapLUMOS_20200718_09.raw	NT=ms-proteomics;VV=v1.1.0	NT=crosslinking;VV=v1.0.0
PXD022690_OrbitrapLUMOS_20200718_04	Saccharomyces cerevisiae	whole cell lysate	not available	18	PXD022690_OrbitrapLUMOS_20200718_04_assay	proteomic profiling by mass spectrometry	data-dependent acquisition	NT=label free sample;AC=MS:1002038	1	1	not available	NT=Lys-C;AC=MS:1001309	NT=Carbamidomethyl;AC=UNIMOD:4;TA=C;MT=Fixed	NT=Oxidation;AC=UNIMOD:21;TA=M;MT=Variable	NT=Protein N-terminal acetylation;AC=null;TA=N-terminus;MT=Variable	NT=N-terminal conversion of glutamine to pyroglutamic acid;AC=null;TA=Q;MT=Variable	NT=SDASO-L alkene on uncleaved lysines;AC=null;TA=K;MT=Variable	NT=SDASO-L sulfenic acid moiety;AC=null;TA=any amino acid;MT=Variable	NT=SDASO-L thiol moiety;AC=null;TA=any amino acid;MT=Variable	NT=SDASO-M alkene on uncleaved lysines;AC=null;TA=K;MT=Variable	NT=SDASO-M sulfenic acid moiety;AC=null;TA=any amino acid;MT=Variable	NT=SDASO-M thiol moiety;AC=null;TA=any amino acid;MT=Variable	NT=SDASO-S alkene on uncleaved lysines;AC=null;TA=K;MT=Variable	NT=SDASO-S sulfenic acid moiety;AC=null;TA=any amino acid;MT=Variable	NT=SDASO-S thiol moiety;AC=null;TA=any amino acid;MT=Variable	NT=DSSO alkene on uncleaved lysines;AC=null;TA=K;MT=Variable	NT=DSSO sulfenic acid moiety;AC=null;TA=any amino acid;MT=Variable	NT=DSSO thiol moiety;AC=null;TA=any amino acid;MT=Variable	not available	not available	NT=[{'NT': 'SDASO-L', 'AC': None, 'CL': 'yes', 'TA': 'K,nterm', 'structured': 'NT=SDASO-L;AC=null;CL=yes;TA=K,nterm'}, {'NT': 'SDASO-M', 'AC': None, 'CL': 'yes', 'TA': 'K,nterm', 'structured': 'NT=SDASO-M;AC=null;CL=yes;TA=K,nterm'}, {'NT': 'SDASO-S', 'AC': None, 'CL': 'yes', 'TA': 'K,nterm', 'structured': 'NT=SDASO-S;AC=null;CL=yes;TA=K,nterm'}, {'NT': 'DSSO', 'AC': 'XLMOD:02126', 'CL': 'yes', 'TA': 'K,S,T,Y', 'structured': 'NT=DSSO;AC=XLMOD:02126;CL=yes;TA=K,S,T,Y'}]	size-exclusion chromatography (SEC)	20 mM	1:50 (SDASO-L/M/S to protein)	1 h	25 °C	OrbitrapLUMOS_20200718_04.raw	NT=ms-proteomics;VV=v1.1.0	NT=crosslinking;VV=v1.0.0
PXD022690_OrbitrapLUMOS_20200404_04	Saccharomyces cerevisiae	whole cell lysate	not available	19	PXD022690_OrbitrapLUMOS_20200404_04_assay	proteomic profiling by mass spectrometry	data-dependent acquisition	NT=label free sample;AC=MS:1002038	1	1	not available	NT=Lys-C;AC=MS:1001309	NT=Carbamidomethyl;AC=UNIMOD:4;TA=C;MT=Fixed	NT=Oxidation;AC=UNIMOD:21;TA=M;MT=Variable	NT=Protein N-terminal acetylation;AC=null;TA=N-terminus;MT=Variable	NT=N-terminal conversion of glutamine to pyroglutamic acid;AC=null;TA=Q;MT=Variable	NT=SDASO-L alkene on uncleaved lysines;AC=null;TA=K;MT=Variable	NT=SDASO-L sulfenic acid moiety;AC=null;TA=any amino acid;MT=Variable	NT=SDASO-L thiol moiety;AC=null;TA=any amino acid;MT=Variable	NT=SDASO-M alkene on uncleaved lysines;AC=null;TA=K;MT=Variable	NT=SDASO-M sulfenic acid moiety;AC=null;TA=any amino acid;MT=Variable	NT=SDASO-M thiol moiety;AC=null;TA=any amino acid;MT=Variable	NT=SDASO-S alkene on uncleaved lysines;AC=null;TA=K;MT=Variable	NT=SDASO-S sulfenic acid moiety;AC=null;TA=any amino acid;MT=Variable	NT=SDASO-S thiol moiety;AC=null;TA=any amino acid;MT=Variable	NT=DSSO alkene on uncleaved lysines;AC=null;TA=K;MT=Variable	NT=DSSO sulfenic acid moiety;AC=null;TA=any amino acid;MT=Variable	NT=DSSO thiol moiety;AC=null;TA=any amino acid;MT=Variable	not available	not available	NT=[{'NT': 'SDASO-L', 'AC': None, 'CL': 'yes', 'TA': 'K,nterm', 'structured': 'NT=SDASO-L;AC=null;CL=yes;TA=K,nterm'}, {'NT': 'SDASO-M', 'AC': None, 'CL': 'yes', 'TA': 'K,nterm', 'structured': 'NT=SDASO-M;AC=null;CL=yes;TA=K,nterm'}, {'NT': 'SDASO-S', 'AC': None, 'CL': 'yes', 'TA': 'K,nterm', 'structured': 'NT=SDASO-S;AC=null;CL=yes;TA=K,nterm'}, {'NT': 'DSSO', 'AC': 'XLMOD:02126', 'CL': 'yes', 'TA': 'K,S,T,Y', 'structured': 'NT=DSSO;AC=XLMOD:02126;CL=yes;TA=K,S,T,Y'}]	size-exclusion chromatography (SEC)	20 mM	1:50 (SDASO-L/M/S to protein)	1 h	25 °C	OrbitrapLUMOS_20200404_04.raw	NT=ms-proteomics;VV=v1.1.0	NT=crosslinking;VV=v1.0.0
PXD022690_OrbitrapLUMOS_20200404_02	Saccharomyces cerevisiae	whole cell lysate	not available	20	PXD022690_OrbitrapLUMOS_20200404_02_assay	proteomic profiling by mass spectrometry	data-dependent acquisition	NT=label free sample;AC=MS:1002038	1	1	not available	NT=Lys-C;AC=MS:1001309	NT=Carbamidomethyl;AC=UNIMOD:4;TA=C;MT=Fixed	NT=Oxidation;AC=UNIMOD:21;TA=M;MT=Variable	NT=Protein N-terminal acetylation;AC=null;TA=N-terminus;MT=Variable	NT=N-terminal conversion of glutamine to pyroglutamic acid;AC=null;TA=Q;MT=Variable	NT=SDASO-L alkene on uncleaved lysines;AC=null;TA=K;MT=Variable	NT=SDASO-L sulfenic acid moiety;AC=null;TA=any amino acid;MT=Variable	NT=SDASO-L thiol moiety;AC=null;TA=any amino acid;MT=Variable	NT=SDASO-M alkene on uncleaved lysines;AC=null;TA=K;MT=Variable	NT=SDASO-M sulfenic acid moiety;AC=null;TA=any amino acid;MT=Variable	NT=SDASO-M thiol moiety;AC=null;TA=any amino acid;MT=Variable	NT=SDASO-S alkene on uncleaved lysines;AC=null;TA=K;MT=Variable	NT=SDASO-S sulfenic acid moiety;AC=null;TA=any amino acid;MT=Variable	NT=SDASO-S thiol moiety;AC=null;TA=any amino acid;MT=Variable	NT=DSSO alkene on uncleaved lysines;AC=null;TA=K;MT=Variable	NT=DSSO sulfenic acid moiety;AC=null;TA=any amino acid;MT=Variable	NT=DSSO thiol moiety;AC=null;TA=any amino acid;MT=Variable	not available	not available	NT=[{'NT': 'SDASO-L', 'AC': None, 'CL': 'yes', 'TA': 'K,nterm', 'structured': 'NT=SDASO-L;AC=null;CL=yes;TA=K,nterm'}, {'NT': 'SDASO-M', 'AC': None, 'CL': 'yes', 'TA': 'K,nterm', 'structured': 'NT=SDASO-M;AC=null;CL=yes;TA=K,nterm'}, {'NT': 'SDASO-S', 'AC': None, 'CL': 'yes', 'TA': 'K,nterm', 'structured': 'NT=SDASO-S;AC=null;CL=yes;TA=K,nterm'}, {'NT': 'DSSO', 'AC': 'XLMOD:02126', 'CL': 'yes', 'TA': 'K,S,T,Y', 'structured': 'NT=DSSO;AC=XLMOD:02126;CL=yes;TA=K,S,T,Y'}]	size-exclusion chromatography (SEC)	20 mM	1:50 (SDASO-L/M/S to protein)	1 h	25 °C	OrbitrapLUMOS_20200404_02.raw	NT=ms-proteomics;VV=v1.1.0	NT=crosslinking;VV=v1.0.0
PXD022690_OrbitrapLUMOS_20200718_01	Saccharomyces cerevisiae	whole cell lysate	not available	21	PXD022690_OrbitrapLUMOS_20200718_01_assay	proteomic profiling by mass spectrometry	data-dependent acquisition	NT=label free sample;AC=MS:1002038	1	1	not available	NT=Lys-C;AC=MS:1001309	NT=Carbamidomethyl;AC=UNIMOD:4;TA=C;MT=Fixed	NT=Oxidation;AC=UNIMOD:21;TA=M;MT=Variable	NT=Protein N-terminal acetylation;AC=null;TA=N-terminus;MT=Variable	NT=N-terminal conversion of glutamine to pyroglutamic acid;AC=null;TA=Q;MT=Variable	NT=SDASO-L alkene on uncleaved lysines;AC=null;TA=K;MT=Variable	NT=SDASO-L sulfenic acid moiety;AC=null;TA=any amino acid;MT=Variable	NT=SDASO-L thiol moiety;AC=null;TA=any amino acid;MT=Variable	NT=SDASO-M alkene on uncleaved lysines;AC=null;TA=K;MT=Variable	NT=SDASO-M sulfenic acid moiety;AC=null;TA=any amino acid;MT=Variable	NT=SDASO-M thiol moiety;AC=null;TA=any amino acid;MT=Variable	NT=SDASO-S alkene on uncleaved lysines;AC=null;TA=K;MT=Variable	NT=SDASO-S sulfenic acid moiety;AC=null;TA=any amino acid;MT=Variable	NT=SDASO-S thiol moiety;AC=null;TA=any amino acid;MT=Variable	NT=DSSO alkene on uncleaved lysines;AC=null;TA=K;MT=Variable	NT=DSSO sulfenic acid moiety;AC=null;TA=any amino acid;MT=Variable	NT=DSSO thiol moiety;AC=null;TA=any amino acid;MT=Variable	not available	not available	NT=[{'NT': 'SDASO-L', 'AC': None, 'CL': 'yes', 'TA': 'K,nterm', 'structured': 'NT=SDASO-L;AC=null;CL=yes;TA=K,nterm'}, {'NT': 'SDASO-M', 'AC': None, 'CL': 'yes', 'TA': 'K,nterm', 'structured': 'NT=SDASO-M;AC=null;CL=yes;TA=K,nterm'}, {'NT': 'SDASO-S', 'AC': None, 'CL': 'yes', 'TA': 'K,nterm', 'structured': 'NT=SDASO-S;AC=null;CL=yes;TA=K,nterm'}, {'NT': 'DSSO', 'AC': 'XLMOD:02126', 'CL': 'yes', 'TA': 'K,S,T,Y', 'structured': 'NT=DSSO;AC=XLMOD:02126;CL=yes;TA=K,S,T,Y'}]	size-exclusion chromatography (SEC)	20 mM	1:50 (SDASO-L/M/S to protein)	1 h	25 °C	OrbitrapLUMOS_20200718_01.raw	NT=ms-proteomics;VV=v1.1.0	NT=crosslinking;VV=v1.0.0
PXD022690_OrbitrapLUMOS_20200217_07	Saccharomyces cerevisiae	whole cell lysate	not available	22	PXD022690_OrbitrapLUMOS_20200217_07_assay	proteomic profiling by mass spectrometry	data-dependent acquisition	NT=label free sample;AC=MS:1002038	1	1	not available	NT=Lys-C;AC=MS:1001309	NT=Carbamidomethyl;AC=UNIMOD:4;TA=C;MT=Fixed	NT=Oxidation;AC=UNIMOD:21;TA=M;MT=Variable	NT=Protein N-terminal acetylation;AC=null;TA=N-terminus;MT=Variable	NT=N-terminal conversion of glutamine to pyroglutamic acid;AC=null;TA=Q;MT=Variable	NT=SDASO-L alkene on uncleaved lysines;AC=null;TA=K;MT=Variable	NT=SDASO-L sulfenic acid moiety;AC=null;TA=any amino acid;MT=Variable	NT=SDASO-L thiol moiety;AC=null;TA=any amino acid;MT=Variable	NT=SDASO-M alkene on uncleaved lysines;AC=null;TA=K;MT=Variable	NT=SDASO-M sulfenic acid moiety;AC=null;TA=any amino acid;MT=Variable	NT=SDASO-M thiol moiety;AC=null;TA=any amino acid;MT=Variable	NT=SDASO-S alkene on uncleaved lysines;AC=null;TA=K;MT=Variable	NT=SDASO-S sulfenic acid moiety;AC=null;TA=any amino acid;MT=Variable	NT=SDASO-S thiol moiety;AC=null;TA=any amino acid;MT=Variable	NT=DSSO alkene on uncleaved lysines;AC=null;TA=K;MT=Variable	NT=DSSO sulfenic acid moiety;AC=null;TA=any amino acid;MT=Variable	NT=DSSO thiol moiety;AC=null;TA=any amino acid;MT=Variable	not available	not available	NT=[{'NT': 'SDASO-L', 'AC': None, 'CL': 'yes', 'TA': 'K,nterm', 'structured': 'NT=SDASO-L;AC=null;CL=yes;TA=K,nterm'}, {'NT': 'SDASO-M', 'AC': None, 'CL': 'yes', 'TA': 'K,nterm', 'structured': 'NT=SDASO-M;AC=null;CL=yes;TA=K,nterm'}, {'NT': 'SDASO-S', 'AC': None, 'CL': 'yes', 'TA': 'K,nterm', 'structured': 'NT=SDASO-S;AC=null;CL=yes;TA=K,nterm'}, {'NT': 'DSSO', 'AC': 'XLMOD:02126', 'CL': 'yes', 'TA': 'K,S,T,Y', 'structured': 'NT=DSSO;AC=XLMOD:02126;CL=yes;TA=K,S,T,Y'}]	size-exclusion chromatography (SEC)	20 mM	1:50 (SDASO-L/M/S to protein)	1 h	25 °C	OrbitrapLUMOS_20200217_07.raw	NT=ms-proteomics;VV=v1.1.0	NT=crosslinking;VV=v1.0.0
PXD022690_OrbitrapLUMOS_20200404_03	Saccharomyces cerevisiae	whole cell lysate	not available	23	PXD022690_OrbitrapLUMOS_20200404_03_assay	proteomic profiling by mass spectrometry	data-dependent acquisition	NT=label free sample;AC=MS:1002038	1	1	not available	NT=Lys-C;AC=MS:1001309	NT=Carbamidomethyl;AC=UNIMOD:4;TA=C;MT=Fixed	NT=Oxidation;AC=UNIMOD:21;TA=M;MT=Variable	NT=Protein N-terminal acetylation;AC=null;TA=N-terminus;MT=Variable	NT=N-terminal conversion of glutamine to pyroglutamic acid;AC=null;TA=Q;MT=Variable	NT=SDASO-L alkene on uncleaved lysines;AC=null;TA=K;MT=Variable	NT=SDASO-L sulfenic acid moiety;AC=null;TA=any amino acid;MT=Variable	NT=SDASO-L thiol moiety;AC=null;TA=any amino acid;MT=Variable	NT=SDASO-M alkene on uncleaved lysines;AC=null;TA=K;MT=Variable	NT=SDASO-M sulfenic acid moiety;AC=null;TA=any amino acid;MT=Variable	NT=SDASO-M thiol moiety;AC=null;TA=any amino acid;MT=Variable	NT=SDASO-S alkene on uncleaved lysines;AC=null;TA=K;MT=Variable	NT=SDASO-S sulfenic acid moiety;AC=null;TA=any amino acid;MT=Variable	NT=SDASO-S thiol moiety;AC=null;TA=any amino acid;MT=Variable	NT=DSSO alkene on uncleaved lysines;AC=null;TA=K;MT=Variable	NT=DSSO sulfenic acid moiety;AC=null;TA=any amino acid;MT=Variable	NT=DSSO thiol moiety;AC=null;TA=any amino acid;MT=Variable	not available	not available	NT=[{'NT': 'SDASO-L', 'AC': None, 'CL': 'yes', 'TA': 'K,nterm', 'structured': 'NT=SDASO-L;AC=null;CL=yes;TA=K,nterm'}, {'NT': 'SDASO-M', 'AC': None, 'CL': 'yes', 'TA': 'K,nterm', 'structured': 'NT=SDASO-M;AC=null;CL=yes;TA=K,nterm'}, {'NT': 'SDASO-S', 'AC': None, 'CL': 'yes', 'TA': 'K,nterm', 'structured': 'NT=SDASO-S;AC=null;CL=yes;TA=K,nterm'}, {'NT': 'DSSO', 'AC': 'XLMOD:02126', 'CL': 'yes', 'TA': 'K,S,T,Y', 'structured': 'NT=DSSO;AC=XLMOD:02126;CL=yes;TA=K,S,T,Y'}]	size-exclusion chromatography (SEC)	20 mM	1:50 (SDASO-L/M/S to protein)	1 h	25 °C	OrbitrapLUMOS_20200404_03.raw	NT=ms-proteomics;VV=v1.1.0	NT=crosslinking;VV=v1.0.0
PXD022690_OrbitrapLUMOS_20200215_04	Saccharomyces cerevisiae	whole cell lysate	not available	24	PXD022690_OrbitrapLUMOS_20200215_04_assay	proteomic profiling by mass spectrometry	data-dependent acquisition	NT=label free sample;AC=MS:1002038	1	1	not available	NT=Lys-C;AC=MS:1001309	NT=Carbamidomethyl;AC=UNIMOD:4;TA=C;MT=Fixed	NT=Oxidation;AC=UNIMOD:21;TA=M;MT=Variable	NT=Protein N-terminal acetylation;AC=null;TA=N-terminus;MT=Variable	NT=N-terminal conversion of glutamine to pyroglutamic acid;AC=null;TA=Q;MT=Variable	NT=SDASO-L alkene on uncleaved lysines;AC=null;TA=K;MT=Variable	NT=SDASO-L sulfenic acid moiety;AC=null;TA=any amino acid;MT=Variable	NT=SDASO-L thiol moiety;AC=null;TA=any amino acid;MT=Variable	NT=SDASO-M alkene on uncleaved lysines;AC=null;TA=K;MT=Variable	NT=SDASO-M sulfenic acid moiety;AC=null;TA=any amino acid;MT=Variable	NT=SDASO-M thiol moiety;AC=null;TA=any amino acid;MT=Variable	NT=SDASO-S alkene on uncleaved lysines;AC=null;TA=K;MT=Variable	NT=SDASO-S sulfenic acid moiety;AC=null;TA=any amino acid;MT=Variable	NT=SDASO-S thiol moiety;AC=null;TA=any amino acid;MT=Variable	NT=DSSO alkene on uncleaved lysines;AC=null;TA=K;MT=Variable	NT=DSSO sulfenic acid moiety;AC=null;TA=any amino acid;MT=Variable	NT=DSSO thiol moiety;AC=null;TA=any amino acid;MT=Variable	not available	not available	NT=[{'NT': 'SDASO-L', 'AC': None, 'CL': 'yes', 'TA': 'K,nterm', 'structured': 'NT=SDASO-L;AC=null;CL=yes;TA=K,nterm'}, {'NT': 'SDASO-M', 'AC': None, 'CL': 'yes', 'TA': 'K,nterm', 'structured': 'NT=SDASO-M;AC=null;CL=yes;TA=K,nterm'}, {'NT': 'SDASO-S', 'AC': None, 'CL': 'yes', 'TA': 'K,nterm', 'structured': 'NT=SDASO-S;AC=null;CL=yes;TA=K,nterm'}, {'NT': 'DSSO', 'AC': 'XLMOD:02126', 'CL': 'yes', 'TA': 'K,S,T,Y', 'structured': 'NT=DSSO;AC=XLMOD:02126;CL=yes;TA=K,S,T,Y'}]	size-exclusion chromatography (SEC)	20 mM	1:50 (SDASO-L/M/S to protein)	1 h	25 °C	OrbitrapLUMOS_20200215_04.raw	NT=ms-proteomics;VV=v1.1.0	NT=crosslinking;VV=v1.0.0
PXD022690_OrbitrapLUMOS_20200718_10	Saccharomyces cerevisiae	whole cell lysate	not available	25	PXD022690_OrbitrapLUMOS_20200718_10_assay	proteomic profiling by mass spectrometry	data-dependent acquisition	NT=label free sample;AC=MS:1002038	1	1	not available	NT=Lys-C;AC=MS:1001309	NT=Carbamidomethyl;AC=UNIMOD:4;TA=C;MT=Fixed	NT=Oxidation;AC=UNIMOD:21;TA=M;MT=Variable	NT=Protein N-terminal acetylation;AC=null;TA=N-terminus;MT=Variable	NT=N-terminal conversion of glutamine to pyroglutamic acid;AC=null;TA=Q;MT=Variable	NT=SDASO-L alkene on uncleaved lysines;AC=null;TA=K;MT=Variable	NT=SDASO-L sulfenic acid moiety;AC=null;TA=any amino acid;MT=Variable	NT=SDASO-L thiol moiety;AC=null;TA=any amino acid;MT=Variable	NT=SDASO-M alkene on uncleaved lysines;AC=null;TA=K;MT=Variable	NT=SDASO-M sulfenic acid moiety;AC=null;TA=any amino acid;MT=Variable	NT=SDASO-M thiol moiety;AC=null;TA=any amino acid;MT=Variable	NT=SDASO-S alkene on uncleaved lysines;AC=null;TA=K;MT=Variable	NT=SDASO-S sulfenic acid moiety;AC=null;TA=any amino acid;MT=Variable	NT=SDASO-S thiol moiety;AC=null;TA=any amino acid;MT=Variable	NT=DSSO alkene on uncleaved lysines;AC=null;TA=K;MT=Variable	NT=DSSO sulfenic acid moiety;AC=null;TA=any amino acid;MT=Variable	NT=DSSO thiol moiety;AC=null;TA=any amino acid;MT=Variable	not available	not available	NT=[{'NT': 'SDASO-L', 'AC': None, 'CL': 'yes', 'TA': 'K,nterm', 'structured': 'NT=SDASO-L;AC=null;CL=yes;TA=K,nterm'}, {'NT': 'SDASO-M', 'AC': None, 'CL': 'yes', 'TA': 'K,nterm', 'structured': 'NT=SDASO-M;AC=null;CL=yes;TA=K,nterm'}, {'NT': 'SDASO-S', 'AC': None, 'CL': 'yes', 'TA': 'K,nterm', 'structured': 'NT=SDASO-S;AC=null;CL=yes;TA=K,nterm'}, {'NT': 'DSSO', 'AC': 'XLMOD:02126', 'CL': 'yes', 'TA': 'K,S,T,Y', 'structured': 'NT=DSSO;AC=XLMOD:02126;CL=yes;TA=K,S,T,Y'}]	size-exclusion chromatography (SEC)	20 mM	1:50 (SDASO-L/M/S to protein)	1 h	25 °C	OrbitrapLUMOS_20200718_10.raw	NT=ms-proteomics;VV=v1.1.0	NT=crosslinking;VV=v1.0.0
PXD022690_OrbitrapLUMOS_20200528_14	Saccharomyces cerevisiae	whole cell lysate	not available	26	PXD022690_OrbitrapLUMOS_20200528_14_assay	proteomic profiling by mass spectrometry	data-dependent acquisition	NT=label free sample;AC=MS:1002038	1	1	not available	NT=Lys-C;AC=MS:1001309	NT=Carbamidomethyl;AC=UNIMOD:4;TA=C;MT=Fixed	NT=Oxidation;AC=UNIMOD:21;TA=M;MT=Variable	NT=Protein N-terminal acetylation;AC=null;TA=N-terminus;MT=Variable	NT=N-terminal conversion of glutamine to pyroglutamic acid;AC=null;TA=Q;MT=Variable	NT=SDASO-L alkene on uncleaved lysines;AC=null;TA=K;MT=Variable	NT=SDASO-L sulfenic acid moiety;AC=null;TA=any amino acid;MT=Variable	NT=SDASO-L thiol moiety;AC=null;TA=any amino acid;MT=Variable	NT=SDASO-M alkene on uncleaved lysines;AC=null;TA=K;MT=Variable	NT=SDASO-M sulfenic acid moiety;AC=null;TA=any amino acid;MT=Variable	NT=SDASO-M thiol moiety;AC=null;TA=any amino acid;MT=Variable	NT=SDASO-S alkene on uncleaved lysines;AC=null;TA=K;MT=Variable	NT=SDASO-S sulfenic acid moiety;AC=null;TA=any amino acid;MT=Variable	NT=SDASO-S thiol moiety;AC=null;TA=any amino acid;MT=Variable	NT=DSSO alkene on uncleaved lysines;AC=null;TA=K;MT=Variable	NT=DSSO sulfenic acid moiety;AC=null;TA=any amino acid;MT=Variable	NT=DSSO thiol moiety;AC=null;TA=any amino acid;MT=Variable	not available	not available	NT=[{'NT': 'SDASO-L', 'AC': None, 'CL': 'yes', 'TA': 'K,nterm', 'structured': 'NT=SDASO-L;AC=null;CL=yes;TA=K,nterm'}, {'NT': 'SDASO-M', 'AC': None, 'CL': 'yes', 'TA': 'K,nterm', 'structured': 'NT=SDASO-M;AC=null;CL=yes;TA=K,nterm'}, {'NT': 'SDASO-S', 'AC': None, 'CL': 'yes', 'TA': 'K,nterm', 'structured': 'NT=SDASO-S;AC=null;CL=yes;TA=K,nterm'}, {'NT': 'DSSO', 'AC': 'XLMOD:02126', 'CL': 'yes', 'TA': 'K,S,T,Y', 'structured': 'NT=DSSO;AC=XLMOD:02126;CL=yes;TA=K,S,T,Y'}]	size-exclusion chromatography (SEC)	20 mM	1:50 (SDASO-L/M/S to protein)	1 h	25 °C	OrbitrapLUMOS_20200528_14.raw	NT=ms-proteomics;VV=v1.1.0	NT=crosslinking;VV=v1.0.0
PXD022690_OrbitrapLUMOS_20200215_08	Saccharomyces cerevisiae	whole cell lysate	not available	27	PXD022690_OrbitrapLUMOS_20200215_08_assay	proteomic profiling by mass spectrometry	data-dependent acquisition	NT=label free sample;AC=MS:1002038	1	1	not available	NT=Lys-C;AC=MS:1001309	NT=Carbamidomethyl;AC=UNIMOD:4;TA=C;MT=Fixed	NT=Oxidation;AC=UNIMOD:21;TA=M;MT=Variable	NT=Protein N-terminal acetylation;AC=null;TA=N-terminus;MT=Variable	NT=N-terminal conversion of glutamine to pyroglutamic acid;AC=null;TA=Q;MT=Variable	NT=SDASO-L alkene on uncleaved lysines;AC=null;TA=K;MT=Variable	NT=SDASO-L sulfenic acid moiety;AC=null;TA=any amino acid;MT=Variable	NT=SDASO-L thiol moiety;AC=null;TA=any amino acid;MT=Variable	NT=SDASO-M alkene on uncleaved lysines;AC=null;TA=K;MT=Variable	NT=SDASO-M sulfenic acid moiety;AC=null;TA=any amino acid;MT=Variable	NT=SDASO-M thiol moiety;AC=null;TA=any amino acid;MT=Variable	NT=SDASO-S alkene on uncleaved lysines;AC=null;TA=K;MT=Variable	NT=SDASO-S sulfenic acid moiety;AC=null;TA=any amino acid;MT=Variable	NT=SDASO-S thiol moiety;AC=null;TA=any amino acid;MT=Variable	NT=DSSO alkene on uncleaved lysines;AC=null;TA=K;MT=Variable	NT=DSSO sulfenic acid moiety;AC=null;TA=any amino acid;MT=Variable	NT=DSSO thiol moiety;AC=null;TA=any amino acid;MT=Variable	not available	not available	NT=[{'NT': 'SDASO-L', 'AC': None, 'CL': 'yes', 'TA': 'K,nterm', 'structured': 'NT=SDASO-L;AC=null;CL=yes;TA=K,nterm'}, {'NT': 'SDASO-M', 'AC': None, 'CL': 'yes', 'TA': 'K,nterm', 'structured': 'NT=SDASO-M;AC=null;CL=yes;TA=K,nterm'}, {'NT': 'SDASO-S', 'AC': None, 'CL': 'yes', 'TA': 'K,nterm', 'structured': 'NT=SDASO-S;AC=null;CL=yes;TA=K,nterm'}, {'NT': 'DSSO', 'AC': 'XLMOD:02126', 'CL': 'yes', 'TA': 'K,S,T,Y', 'structured': 'NT=DSSO;AC=XLMOD:02126;CL=yes;TA=K,S,T,Y'}]	size-exclusion chromatography (SEC)	20 mM	1:50 (SDASO-L/M/S to protein)	1 h	25 °C	OrbitrapLUMOS_20200215_08.raw	NT=ms-proteomics;VV=v1.1.0	NT=crosslinking;VV=v1.0.0
PXD022690_OrbitrapLUMOS_20200719_07	Saccharomyces cerevisiae	whole cell lysate	not available	28	PXD022690_OrbitrapLUMOS_20200719_07_assay	proteomic profiling by mass spectrometry	data-dependent acquisition	NT=label free sample;AC=MS:1002038	1	1	not available	NT=Lys-C;AC=MS:1001309	NT=Carbamidomethyl;AC=UNIMOD:4;TA=C;MT=Fixed	NT=Oxidation;AC=UNIMOD:21;TA=M;MT=Variable	NT=Protein N-terminal acetylation;AC=null;TA=N-terminus;MT=Variable	NT=N-terminal conversion of glutamine to pyroglutamic acid;AC=null;TA=Q;MT=Variable	NT=SDASO-L alkene on uncleaved lysines;AC=null;TA=K;MT=Variable	NT=SDASO-L sulfenic acid moiety;AC=null;TA=any amino acid;MT=Variable	NT=SDASO-L thiol moiety;AC=null;TA=any amino acid;MT=Variable	NT=SDASO-M alkene on uncleaved lysines;AC=null;TA=K;MT=Variable	NT=SDASO-M sulfenic acid moiety;AC=null;TA=any amino acid;MT=Variable	NT=SDASO-M thiol moiety;AC=null;TA=any amino acid;MT=Variable	NT=SDASO-S alkene on uncleaved lysines;AC=null;TA=K;MT=Variable	NT=SDASO-S sulfenic acid moiety;AC=null;TA=any amino acid;MT=Variable	NT=SDASO-S thiol moiety;AC=null;TA=any amino acid;MT=Variable	NT=DSSO alkene on uncleaved lysines;AC=null;TA=K;MT=Variable	NT=DSSO sulfenic acid moiety;AC=null;TA=any amino acid;MT=Variable	NT=DSSO thiol moiety;AC=null;TA=any amino acid;MT=Variable	not available	not available	NT=[{'NT': 'SDASO-L', 'AC': None, 'CL': 'yes', 'TA': 'K,nterm', 'structured': 'NT=SDASO-L;AC=null;CL=yes;TA=K,nterm'}, {'NT': 'SDASO-M', 'AC': None, 'CL': 'yes', 'TA': 'K,nterm', 'structured': 'NT=SDASO-M;AC=null;CL=yes;TA=K,nterm'}, {'NT': 'SDASO-S', 'AC': None, 'CL': 'yes', 'TA': 'K,nterm', 'structured': 'NT=SDASO-S;AC=null;CL=yes;TA=K,nterm'}, {'NT': 'DSSO', 'AC': 'XLMOD:02126', 'CL': 'yes', 'TA': 'K,S,T,Y', 'structured': 'NT=DSSO;AC=XLMOD:02126;CL=yes;TA=K,S,T,Y'}]	size-exclusion chromatography (SEC)	20 mM	1:50 (SDASO-L/M/S to protein)	1 h	25 °C	OrbitrapLUMOS_20200719_07.raw	NT=ms-proteomics;VV=v1.1.0	NT=crosslinking;VV=v1.0.0
PXD022690_OrbitrapLUMOS_20200719_08	Saccharomyces cerevisiae	whole cell lysate	not available	29	PXD022690_OrbitrapLUMOS_20200719_08_assay	proteomic profiling by mass spectrometry	data-dependent acquisition	NT=label free sample;AC=MS:1002038	1	1	not available	NT=Lys-C;AC=MS:1001309	NT=Carbamidomethyl;AC=UNIMOD:4;TA=C;MT=Fixed	NT=Oxidation;AC=UNIMOD:21;TA=M;MT=Variable	NT=Protein N-terminal acetylation;AC=null;TA=N-terminus;MT=Variable	NT=N-terminal conversion of glutamine to pyroglutamic acid;AC=null;TA=Q;MT=Variable	NT=SDASO-L alkene on uncleaved lysines;AC=null;TA=K;MT=Variable	NT=SDASO-L sulfenic acid moiety;AC=null;TA=any amino acid;MT=Variable	NT=SDASO-L thiol moiety;AC=null;TA=any amino acid;MT=Variable	NT=SDASO-M alkene on uncleaved lysines;AC=null;TA=K;MT=Variable	NT=SDASO-M sulfenic acid moiety;AC=null;TA=any amino acid;MT=Variable	NT=SDASO-M thiol moiety;AC=null;TA=any amino acid;MT=Variable	NT=SDASO-S alkene on uncleaved lysines;AC=null;TA=K;MT=Variable	NT=SDASO-S sulfenic acid moiety;AC=null;TA=any amino acid;MT=Variable	NT=SDASO-S thiol moiety;AC=null;TA=any amino acid;MT=Variable	NT=DSSO alkene on uncleaved lysines;AC=null;TA=K;MT=Variable	NT=DSSO sulfenic acid moiety;AC=null;TA=any amino acid;MT=Variable	NT=DSSO thiol moiety;AC=null;TA=any amino acid;MT=Variable	not available	not available	NT=[{'NT': 'SDASO-L', 'AC': None, 'CL': 'yes', 'TA': 'K,nterm', 'structured': 'NT=SDASO-L;AC=null;CL=yes;TA=K,nterm'}, {'NT': 'SDASO-M', 'AC': None, 'CL': 'yes', 'TA': 'K,nterm', 'structured': 'NT=SDASO-M;AC=null;CL=yes;TA=K,nterm'}, {'NT': 'SDASO-S', 'AC': None, 'CL': 'yes', 'TA': 'K,nterm', 'structured': 'NT=SDASO-S;AC=null;CL=yes;TA=K,nterm'}, {'NT': 'DSSO', 'AC': 'XLMOD:02126', 'CL': 'yes', 'TA': 'K,S,T,Y', 'structured': 'NT=DSSO;AC=XLMOD:02126;CL=yes;TA=K,S,T,Y'}]	size-exclusion chromatography (SEC)	20 mM	1:50 (SDASO-L/M/S to protein)	1 h	25 °C	OrbitrapLUMOS_20200719_08.raw	NT=ms-proteomics;VV=v1.1.0	NT=crosslinking;VV=v1.0.0
PXD022690_OrbitrapLUMOS_20200216_08	Saccharomyces cerevisiae	whole cell lysate	not available	30	PXD022690_OrbitrapLUMOS_20200216_08_assay	proteomic profiling by mass spectrometry	data-dependent acquisition	NT=label free sample;AC=MS:1002038	1	1	not available	NT=Lys-C;AC=MS:1001309	NT=Carbamidomethyl;AC=UNIMOD:4;TA=C;MT=Fixed	NT=Oxidation;AC=UNIMOD:21;TA=M;MT=Variable	NT=Protein N-terminal acetylation;AC=null;TA=N-terminus;MT=Variable	NT=N-terminal conversion of glutamine to pyroglutamic acid;AC=null;TA=Q;MT=Variable	NT=SDASO-L alkene on uncleaved lysines;AC=null;TA=K;MT=Variable	NT=SDASO-L sulfenic acid moiety;AC=null;TA=any amino acid;MT=Variable	NT=SDASO-L thiol moiety;AC=null;TA=any amino acid;MT=Variable	NT=SDASO-M alkene on uncleaved lysines;AC=null;TA=K;MT=Variable	NT=SDASO-M sulfenic acid moiety;AC=null;TA=any amino acid;MT=Variable	NT=SDASO-M thiol moiety;AC=null;TA=any amino acid;MT=Variable	NT=SDASO-S alkene on uncleaved lysines;AC=null;TA=K;MT=Variable	NT=SDASO-S sulfenic acid moiety;AC=null;TA=any amino acid;MT=Variable	NT=SDASO-S thiol moiety;AC=null;TA=any amino acid;MT=Variable	NT=DSSO alkene on uncleaved lysines;AC=null;TA=K;MT=Variable	NT=DSSO sulfenic acid moiety;AC=null;TA=any amino acid;MT=Variable	NT=DSSO thiol moiety;AC=null;TA=any amino acid;MT=Variable	not available	not available	NT=[{'NT': 'SDASO-L', 'AC': None, 'CL': 'yes', 'TA': 'K,nterm', 'structured': 'NT=SDASO-L;AC=null;CL=yes;TA=K,nterm'}, {'NT': 'SDASO-M', 'AC': None, 'CL': 'yes', 'TA': 'K,nterm', 'structured': 'NT=SDASO-M;AC=null;CL=yes;TA=K,nterm'}, {'NT': 'SDASO-S', 'AC': None, 'CL': 'yes', 'TA': 'K,nterm', 'structured': 'NT=SDASO-S;AC=null;CL=yes;TA=K,nterm'}, {'NT': 'DSSO', 'AC': 'XLMOD:02126', 'CL': 'yes', 'TA': 'K,S,T,Y', 'structured': 'NT=DSSO;AC=XLMOD:02126;CL=yes;TA=K,S,T,Y'}]	size-exclusion chromatography (SEC)	20 mM	1:50 (SDASO-L/M/S to protein)	1 h	25 °C	OrbitrapLUMOS_20200216_08.raw	NT=ms-proteomics;VV=v1.1.0	NT=crosslinking;VV=v1.0.0
PXD022690_OrbitrapLUMOS_20191223_01	Saccharomyces cerevisiae	whole cell lysate	not available	31	PXD022690_OrbitrapLUMOS_20191223_01_assay	proteomic profiling by mass spectrometry	data-dependent acquisition	NT=label free sample;AC=MS:1002038	1	1	not available	NT=Lys-C;AC=MS:1001309	NT=Carbamidomethyl;AC=UNIMOD:4;TA=C;MT=Fixed	NT=Oxidation;AC=UNIMOD:21;TA=M;MT=Variable	NT=Protein N-terminal acetylation;AC=null;TA=N-terminus;MT=Variable	NT=N-terminal conversion of glutamine to pyroglutamic acid;AC=null;TA=Q;MT=Variable	NT=SDASO-L alkene on uncleaved lysines;AC=null;TA=K;MT=Variable	NT=SDASO-L sulfenic acid moiety;AC=null;TA=any amino acid;MT=Variable	NT=SDASO-L thiol moiety;AC=null;TA=any amino acid;MT=Variable	NT=SDASO-M alkene on uncleaved lysines;AC=null;TA=K;MT=Variable	NT=SDASO-M sulfenic acid moiety;AC=null;TA=any amino acid;MT=Variable	NT=SDASO-M thiol moiety;AC=null;TA=any amino acid;MT=Variable	NT=SDASO-S alkene on uncleaved lysines;AC=null;TA=K;MT=Variable	NT=SDASO-S sulfenic acid moiety;AC=null;TA=any amino acid;MT=Variable	NT=SDASO-S thiol moiety;AC=null;TA=any amino acid;MT=Variable	NT=DSSO alkene on uncleaved lysines;AC=null;TA=K;MT=Variable	NT=DSSO sulfenic acid moiety;AC=null;TA=any amino acid;MT=Variable	NT=DSSO thiol moiety;AC=null;TA=any amino acid;MT=Variable	not available	not available	NT=[{'NT': 'SDASO-L', 'AC': None, 'CL': 'yes', 'TA': 'K,nterm', 'structured': 'NT=SDASO-L;AC=null;CL=yes;TA=K,nterm'}, {'NT': 'SDASO-M', 'AC': None, 'CL': 'yes', 'TA': 'K,nterm', 'structured': 'NT=SDASO-M;AC=null;CL=yes;TA=K,nterm'}, {'NT': 'SDASO-S', 'AC': None, 'CL': 'yes', 'TA': 'K,nterm', 'structured': 'NT=SDASO-S;AC=null;CL=yes;TA=K,nterm'}, {'NT': 'DSSO', 'AC': 'XLMOD:02126', 'CL': 'yes', 'TA': 'K,S,T,Y', 'structured': 'NT=DSSO;AC=XLMOD:02126;CL=yes;TA=K,S,T,Y'}]	size-exclusion chromatography (SEC)	20 mM	1:50 (SDASO-L/M/S to protein)	1 h	25 °C	OrbitrapLUMOS_20191223_01.raw	NT=ms-proteomics;VV=v1.1.0	NT=crosslinking;VV=v1.0.0
PXD022690_OrbitrapLUMOS_20200528_09	Saccharomyces cerevisiae	whole cell lysate	not available	32	PXD022690_OrbitrapLUMOS_20200528_09_assay	proteomic profiling by mass spectrometry	data-dependent acquisition	NT=label free sample;AC=MS:1002038	1	1	not available	NT=Lys-C;AC=MS:1001309	NT=Carbamidomethyl;AC=UNIMOD:4;TA=C;MT=Fixed	NT=Oxidation;AC=UNIMOD:21;TA=M;MT=Variable	NT=Protein N-terminal acetylation;AC=null;TA=N-terminus;MT=Variable	NT=N-terminal conversion of glutamine to pyroglutamic acid;AC=null;TA=Q;MT=Variable	NT=SDASO-L alkene on uncleaved lysines;AC=null;TA=K;MT=Variable	NT=SDASO-L sulfenic acid moiety;AC=null;TA=any amino acid;MT=Variable	NT=SDASO-L thiol moiety;AC=null;TA=any amino acid;MT=Variable	NT=SDASO-M alkene on uncleaved lysines;AC=null;TA=K;MT=Variable	NT=SDASO-M sulfenic acid moiety;AC=null;TA=any amino acid;MT=Variable	NT=SDASO-M thiol moiety;AC=null;TA=any amino acid;MT=Variable	NT=SDASO-S alkene on uncleaved lysines;AC=null;TA=K;MT=Variable	NT=SDASO-S sulfenic acid moiety;AC=null;TA=any amino acid;MT=Variable	NT=SDASO-S thiol moiety;AC=null;TA=any amino acid;MT=Variable	NT=DSSO alkene on uncleaved lysines;AC=null;TA=K;MT=Variable	NT=DSSO sulfenic acid moiety;AC=null;TA=any amino acid;MT=Variable	NT=DSSO thiol moiety;AC=null;TA=any amino acid;MT=Variable	not available	not available	NT=[{'NT': 'SDASO-L', 'AC': None, 'CL': 'yes', 'TA': 'K,nterm', 'structured': 'NT=SDASO-L;AC=null;CL=yes;TA=K,nterm'}, {'NT': 'SDASO-M', 'AC': None, 'CL': 'yes', 'TA': 'K,nterm', 'structured': 'NT=SDASO-M;AC=null;CL=yes;TA=K,nterm'}, {'NT': 'SDASO-S', 'AC': None, 'CL': 'yes', 'TA': 'K,nterm', 'structured': 'NT=SDASO-S;AC=null;CL=yes;TA=K,nterm'}, {'NT': 'DSSO', 'AC': 'XLMOD:02126', 'CL': 'yes', 'TA': 'K,S,T,Y', 'structured': 'NT=DSSO;AC=XLMOD:02126;CL=yes;TA=K,S,T,Y'}]	size-exclusion chromatography (SEC)	20 mM	1:50 (SDASO-L/M/S to protein)	1 h	25 °C	OrbitrapLUMOS_20200528_09.raw	NT=ms-proteomics;VV=v1.1.0	NT=crosslinking;VV=v1.0.0
PXD022690_OrbitrapLUMOS_20200720_01	Saccharomyces cerevisiae	whole cell lysate	not available	33	PXD022690_OrbitrapLUMOS_20200720_01_assay	proteomic profiling by mass spectrometry	data-dependent acquisition	NT=label free sample;AC=MS:1002038	1	1	not available	NT=Lys-C;AC=MS:1001309	NT=Carbamidomethyl;AC=UNIMOD:4;TA=C;MT=Fixed	NT=Oxidation;AC=UNIMOD:21;TA=M;MT=Variable	NT=Protein N-terminal acetylation;AC=null;TA=N-terminus;MT=Variable	NT=N-terminal conversion of glutamine to pyroglutamic acid;AC=null;TA=Q;MT=Variable	NT=SDASO-L alkene on uncleaved lysines;AC=null;TA=K;MT=Variable	NT=SDASO-L sulfenic acid moiety;AC=null;TA=any amino acid;MT=Variable	NT=SDASO-L thiol moiety;AC=null;TA=any amino acid;MT=Variable	NT=SDASO-M alkene on uncleaved lysines;AC=null;TA=K;MT=Variable	NT=SDASO-M sulfenic acid moiety;AC=null;TA=any amino acid;MT=Variable	NT=SDASO-M thiol moiety;AC=null;TA=any amino acid;MT=Variable	NT=SDASO-S alkene on uncleaved lysines;AC=null;TA=K;MT=Variable	NT=SDASO-S sulfenic acid moiety;AC=null;TA=any amino acid;MT=Variable	NT=SDASO-S thiol moiety;AC=null;TA=any amino acid;MT=Variable	NT=DSSO alkene on uncleaved lysines;AC=null;TA=K;MT=Variable	NT=DSSO sulfenic acid moiety;AC=null;TA=any amino acid;MT=Variable	NT=DSSO thiol moiety;AC=null;TA=any amino acid;MT=Variable	not available	not available	NT=[{'NT': 'SDASO-L', 'AC': None, 'CL': 'yes', 'TA': 'K,nterm', 'structured': 'NT=SDASO-L;AC=null;CL=yes;TA=K,nterm'}, {'NT': 'SDASO-M', 'AC': None, 'CL': 'yes', 'TA': 'K,nterm', 'structured': 'NT=SDASO-M;AC=null;CL=yes;TA=K,nterm'}, {'NT': 'SDASO-S', 'AC': None, 'CL': 'yes', 'TA': 'K,nterm', 'structured': 'NT=SDASO-S;AC=null;CL=yes;TA=K,nterm'}, {'NT': 'DSSO', 'AC': 'XLMOD:02126', 'CL': 'yes', 'TA': 'K,S,T,Y', 'structured': 'NT=DSSO;AC=XLMOD:02126;CL=yes;TA=K,S,T,Y'}]	size-exclusion chromatography (SEC)	20 mM	1:50 (SDASO-L/M/S to protein)	1 h	25 °C	OrbitrapLUMOS_20200720_01.raw	NT=ms-proteomics;VV=v1.1.0	NT=crosslinking;VV=v1.0.0
PXD022690_OrbitrapLUMOS_20200403_08	Saccharomyces cerevisiae	whole cell lysate	not available	34	PXD022690_OrbitrapLUMOS_20200403_08_assay	proteomic profiling by mass spectrometry	data-dependent acquisition	NT=label free sample;AC=MS:1002038	1	1	not available	NT=Lys-C;AC=MS:1001309	NT=Carbamidomethyl;AC=UNIMOD:4;TA=C;MT=Fixed	NT=Oxidation;AC=UNIMOD:21;TA=M;MT=Variable	NT=Protein N-terminal acetylation;AC=null;TA=N-terminus;MT=Variable	NT=N-terminal conversion of glutamine to pyroglutamic acid;AC=null;TA=Q;MT=Variable	NT=SDASO-L alkene on uncleaved lysines;AC=null;TA=K;MT=Variable	NT=SDASO-L sulfenic acid moiety;AC=null;TA=any amino acid;MT=Variable	NT=SDASO-L thiol moiety;AC=null;TA=any amino acid;MT=Variable	NT=SDASO-M alkene on uncleaved lysines;AC=null;TA=K;MT=Variable	NT=SDASO-M sulfenic acid moiety;AC=null;TA=any amino acid;MT=Variable	NT=SDASO-M thiol moiety;AC=null;TA=any amino acid;MT=Variable	NT=SDASO-S alkene on uncleaved lysines;AC=null;TA=K;MT=Variable	NT=SDASO-S sulfenic acid moiety;AC=null;TA=any amino acid;MT=Variable	NT=SDASO-S thiol moiety;AC=null;TA=any amino acid;MT=Variable	NT=DSSO alkene on uncleaved lysines;AC=null;TA=K;MT=Variable	NT=DSSO sulfenic acid moiety;AC=null;TA=any amino acid;MT=Variable	NT=DSSO thiol moiety;AC=null;TA=any amino acid;MT=Variable	not available	not available	NT=[{'NT': 'SDASO-L', 'AC': None, 'CL': 'yes', 'TA': 'K,nterm', 'structured': 'NT=SDASO-L;AC=null;CL=yes;TA=K,nterm'}, {'NT': 'SDASO-M', 'AC': None, 'CL': 'yes', 'TA': 'K,nterm', 'structured': 'NT=SDASO-M;AC=null;CL=yes;TA=K,nterm'}, {'NT': 'SDASO-S', 'AC': None, 'CL': 'yes', 'TA': 'K,nterm', 'structured': 'NT=SDASO-S;AC=null;CL=yes;TA=K,nterm'}, {'NT': 'DSSO', 'AC': 'XLMOD:02126', 'CL': 'yes', 'TA': 'K,S,T,Y', 'structured': 'NT=DSSO;AC=XLMOD:02126;CL=yes;TA=K,S,T,Y'}]	size-exclusion chromatography (SEC)	20 mM	1:50 (SDASO-L/M/S to protein)	1 h	25 °C	OrbitrapLUMOS_20200403_08.raw	NT=ms-proteomics;VV=v1.1.0	NT=crosslinking;VV=v1.0.0
PXD022690_OrbitrapLUMOS_20200720_03	Saccharomyces cerevisiae	whole cell lysate	not available	35	PXD022690_OrbitrapLUMOS_20200720_03_assay	proteomic profiling by mass spectrometry	data-dependent acquisition	NT=label free sample;AC=MS:1002038	1	1	not available	NT=Lys-C;AC=MS:1001309	NT=Carbamidomethyl;AC=UNIMOD:4;TA=C;MT=Fixed	NT=Oxidation;AC=UNIMOD:21;TA=M;MT=Variable	NT=Protein N-terminal acetylation;AC=null;TA=N-terminus;MT=Variable	NT=N-terminal conversion of glutamine to pyroglutamic acid;AC=null;TA=Q;MT=Variable	NT=SDASO-L alkene on uncleaved lysines;AC=null;TA=K;MT=Variable	NT=SDASO-L sulfenic acid moiety;AC=null;TA=any amino acid;MT=Variable	NT=SDASO-L thiol moiety;AC=null;TA=any amino acid;MT=Variable	NT=SDASO-M alkene on uncleaved lysines;AC=null;TA=K;MT=Variable	NT=SDASO-M sulfenic acid moiety;AC=null;TA=any amino acid;MT=Variable	NT=SDASO-M thiol moiety;AC=null;TA=any amino acid;MT=Variable	NT=SDASO-S alkene on uncleaved lysines;AC=null;TA=K;MT=Variable	NT=SDASO-S sulfenic acid moiety;AC=null;TA=any amino acid;MT=Variable	NT=SDASO-S thiol moiety;AC=null;TA=any amino acid;MT=Variable	NT=DSSO alkene on uncleaved lysines;AC=null;TA=K;MT=Variable	NT=DSSO sulfenic acid moiety;AC=null;TA=any amino acid;MT=Variable	NT=DSSO thiol moiety;AC=null;TA=any amino acid;MT=Variable	not available	not available	NT=[{'NT': 'SDASO-L', 'AC': None, 'CL': 'yes', 'TA': 'K,nterm', 'structured': 'NT=SDASO-L;AC=null;CL=yes;TA=K,nterm'}, {'NT': 'SDASO-M', 'AC': None, 'CL': 'yes', 'TA': 'K,nterm', 'structured': 'NT=SDASO-M;AC=null;CL=yes;TA=K,nterm'}, {'NT': 'SDASO-S', 'AC': None, 'CL': 'yes', 'TA': 'K,nterm', 'structured': 'NT=SDASO-S;AC=null;CL=yes;TA=K,nterm'}, {'NT': 'DSSO', 'AC': 'XLMOD:02126', 'CL': 'yes', 'TA': 'K,S,T,Y', 'structured': 'NT=DSSO;AC=XLMOD:02126;CL=yes;TA=K,S,T,Y'}]	size-exclusion chromatography (SEC)	20 mM	1:50 (SDASO-L/M/S to protein)	1 h	25 °C	OrbitrapLUMOS_20200720_03.raw	NT=ms-proteomics;VV=v1.1.0	NT=crosslinking;VV=v1.0.0
PXD022690_OrbitrapLUMOS_20200216_04	Saccharomyces cerevisiae	whole cell lysate	not available	36	PXD022690_OrbitrapLUMOS_20200216_04_assay	proteomic profiling by mass spectrometry	data-dependent acquisition	NT=label free sample;AC=MS:1002038	1	1	not available	NT=Lys-C;AC=MS:1001309	NT=Carbamidomethyl;AC=UNIMOD:4;TA=C;MT=Fixed	NT=Oxidation;AC=UNIMOD:21;TA=M;MT=Variable	NT=Protein N-terminal acetylation;AC=null;TA=N-terminus;MT=Variable	NT=N-terminal conversion of glutamine to pyroglutamic acid;AC=null;TA=Q;MT=Variable	NT=SDASO-L alkene on uncleaved lysines;AC=null;TA=K;MT=Variable	NT=SDASO-L sulfenic acid moiety;AC=null;TA=any amino acid;MT=Variable	NT=SDASO-L thiol moiety;AC=null;TA=any amino acid;MT=Variable	NT=SDASO-M alkene on uncleaved lysines;AC=null;TA=K;MT=Variable	NT=SDASO-M sulfenic acid moiety;AC=null;TA=any amino acid;MT=Variable	NT=SDASO-M thiol moiety;AC=null;TA=any amino acid;MT=Variable	NT=SDASO-S alkene on uncleaved lysines;AC=null;TA=K;MT=Variable	NT=SDASO-S sulfenic acid moiety;AC=null;TA=any amino acid;MT=Variable	NT=SDASO-S thiol moiety;AC=null;TA=any amino acid;MT=Variable	NT=DSSO alkene on uncleaved lysines;AC=null;TA=K;MT=Variable	NT=DSSO sulfenic acid moiety;AC=null;TA=any amino acid;MT=Variable	NT=DSSO thiol moiety;AC=null;TA=any amino acid;MT=Variable	not available	not available	NT=[{'NT': 'SDASO-L', 'AC': None, 'CL': 'yes', 'TA': 'K,nterm', 'structured': 'NT=SDASO-L;AC=null;CL=yes;TA=K,nterm'}, {'NT': 'SDASO-M', 'AC': None, 'CL': 'yes', 'TA': 'K,nterm', 'structured': 'NT=SDASO-M;AC=null;CL=yes;TA=K,nterm'}, {'NT': 'SDASO-S', 'AC': None, 'CL': 'yes', 'TA': 'K,nterm', 'structured': 'NT=SDASO-S;AC=null;CL=yes;TA=K,nterm'}, {'NT': 'DSSO', 'AC': 'XLMOD:02126', 'CL': 'yes', 'TA': 'K,S,T,Y', 'structured': 'NT=DSSO;AC=XLMOD:02126;CL=yes;TA=K,S,T,Y'}]	size-exclusion chromatography (SEC)	20 mM	1:50 (SDASO-L/M/S to protein)	1 h	25 °C	OrbitrapLUMOS_20200216_04.raw	NT=ms-proteomics;VV=v1.1.0	NT=crosslinking;VV=v1.0.0
PXD022690_OrbitrapLUMOS_20200528_17	Saccharomyces cerevisiae	whole cell lysate	not available	37	PXD022690_OrbitrapLUMOS_20200528_17_assay	proteomic profiling by mass spectrometry	data-dependent acquisition	NT=label free sample;AC=MS:1002038	1	1	not available	NT=Lys-C;AC=MS:1001309	NT=Carbamidomethyl;AC=UNIMOD:4;TA=C;MT=Fixed	NT=Oxidation;AC=UNIMOD:21;TA=M;MT=Variable	NT=Protein N-terminal acetylation;AC=null;TA=N-terminus;MT=Variable	NT=N-terminal conversion of glutamine to pyroglutamic acid;AC=null;TA=Q;MT=Variable	NT=SDASO-L alkene on uncleaved lysines;AC=null;TA=K;MT=Variable	NT=SDASO-L sulfenic acid moiety;AC=null;TA=any amino acid;MT=Variable	NT=SDASO-L thiol moiety;AC=null;TA=any amino acid;MT=Variable	NT=SDASO-M alkene on uncleaved lysines;AC=null;TA=K;MT=Variable	NT=SDASO-M sulfenic acid moiety;AC=null;TA=any amino acid;MT=Variable	NT=SDASO-M thiol moiety;AC=null;TA=any amino acid;MT=Variable	NT=SDASO-S alkene on uncleaved lysines;AC=null;TA=K;MT=Variable	NT=SDASO-S sulfenic acid moiety;AC=null;TA=any amino acid;MT=Variable	NT=SDASO-S thiol moiety;AC=null;TA=any amino acid;MT=Variable	NT=DSSO alkene on uncleaved lysines;AC=null;TA=K;MT=Variable	NT=DSSO sulfenic acid moiety;AC=null;TA=any amino acid;MT=Variable	NT=DSSO thiol moiety;AC=null;TA=any amino acid;MT=Variable	not available	not available	NT=[{'NT': 'SDASO-L', 'AC': None, 'CL': 'yes', 'TA': 'K,nterm', 'structured': 'NT=SDASO-L;AC=null;CL=yes;TA=K,nterm'}, {'NT': 'SDASO-M', 'AC': None, 'CL': 'yes', 'TA': 'K,nterm', 'structured': 'NT=SDASO-M;AC=null;CL=yes;TA=K,nterm'}, {'NT': 'SDASO-S', 'AC': None, 'CL': 'yes', 'TA': 'K,nterm', 'structured': 'NT=SDASO-S;AC=null;CL=yes;TA=K,nterm'}, {'NT': 'DSSO', 'AC': 'XLMOD:02126', 'CL': 'yes', 'TA': 'K,S,T,Y', 'structured': 'NT=DSSO;AC=XLMOD:02126;CL=yes;TA=K,S,T,Y'}]	size-exclusion chromatography (SEC)	20 mM	1:50 (SDASO-L/M/S to protein)	1 h	25 °C	OrbitrapLUMOS_20200528_17.raw	NT=ms-proteomics;VV=v1.1.0	NT=crosslinking;VV=v1.0.0
PXD022690_OrbitrapLUMOS_20200217_08	Saccharomyces cerevisiae	whole cell lysate	not available	38	PXD022690_OrbitrapLUMOS_20200217_08_assay	proteomic profiling by mass spectrometry	data-dependent acquisition	NT=label free sample;AC=MS:1002038	1	1	not available	NT=Lys-C;AC=MS:1001309	NT=Carbamidomethyl;AC=UNIMOD:4;TA=C;MT=Fixed	NT=Oxidation;AC=UNIMOD:21;TA=M;MT=Variable	NT=Protein N-terminal acetylation;AC=null;TA=N-terminus;MT=Variable	NT=N-terminal conversion of glutamine to pyroglutamic acid;AC=null;TA=Q;MT=Variable	NT=SDASO-L alkene on uncleaved lysines;AC=null;TA=K;MT=Variable	NT=SDASO-L sulfenic acid moiety;AC=null;TA=any amino acid;MT=Variable	NT=SDASO-L thiol moiety;AC=null;TA=any amino acid;MT=Variable	NT=SDASO-M alkene on uncleaved lysines;AC=null;TA=K;MT=Variable	NT=SDASO-M sulfenic acid moiety;AC=null;TA=any amino acid;MT=Variable	NT=SDASO-M thiol moiety;AC=null;TA=any amino acid;MT=Variable	NT=SDASO-S alkene on uncleaved lysines;AC=null;TA=K;MT=Variable	NT=SDASO-S sulfenic acid moiety;AC=null;TA=any amino acid;MT=Variable	NT=SDASO-S thiol moiety;AC=null;TA=any amino acid;MT=Variable	NT=DSSO alkene on uncleaved lysines;AC=null;TA=K;MT=Variable	NT=DSSO sulfenic acid moiety;AC=null;TA=any amino acid;MT=Variable	NT=DSSO thiol moiety;AC=null;TA=any amino acid;MT=Variable	not available	not available	NT=[{'NT': 'SDASO-L', 'AC': None, 'CL': 'yes', 'TA': 'K,nterm', 'structured': 'NT=SDASO-L;AC=null;CL=yes;TA=K,nterm'}, {'NT': 'SDASO-M', 'AC': None, 'CL': 'yes', 'TA': 'K,nterm', 'structured': 'NT=SDASO-M;AC=null;CL=yes;TA=K,nterm'}, {'NT': 'SDASO-S', 'AC': None, 'CL': 'yes', 'TA': 'K,nterm', 'structured': 'NT=SDASO-S;AC=null;CL=yes;TA=K,nterm'}, {'NT': 'DSSO', 'AC': 'XLMOD:02126', 'CL': 'yes', 'TA': 'K,S,T,Y', 'structured': 'NT=DSSO;AC=XLMOD:02126;CL=yes;TA=K,S,T,Y'}]	size-exclusion chromatography (SEC)	20 mM	1:50 (SDASO-L/M/S to protein)	1 h	25 °C	OrbitrapLUMOS_20200217_08.raw	NT=ms-proteomics;VV=v1.1.0	NT=crosslinking;VV=v1.0.0
PXD022690_OrbitrapLUMOS_20191223_06	Saccharomyces cerevisiae	whole cell lysate	not available	39	PXD022690_OrbitrapLUMOS_20191223_06_assay	proteomic profiling by mass spectrometry	data-dependent acquisition	NT=label free sample;AC=MS:1002038	1	1	not available	NT=Lys-C;AC=MS:1001309	NT=Carbamidomethyl;AC=UNIMOD:4;TA=C;MT=Fixed	NT=Oxidation;AC=UNIMOD:21;TA=M;MT=Variable	NT=Protein N-terminal acetylation;AC=null;TA=N-terminus;MT=Variable	NT=N-terminal conversion of glutamine to pyroglutamic acid;AC=null;TA=Q;MT=Variable	NT=SDASO-L alkene on uncleaved lysines;AC=null;TA=K;MT=Variable	NT=SDASO-L sulfenic acid moiety;AC=null;TA=any amino acid;MT=Variable	NT=SDASO-L thiol moiety;AC=null;TA=any amino acid;MT=Variable	NT=SDASO-M alkene on uncleaved lysines;AC=null;TA=K;MT=Variable	NT=SDASO-M sulfenic acid moiety;AC=null;TA=any amino acid;MT=Variable	NT=SDASO-M thiol moiety;AC=null;TA=any amino acid;MT=Variable	NT=SDASO-S alkene on uncleaved lysines;AC=null;TA=K;MT=Variable	NT=SDASO-S sulfenic acid moiety;AC=null;TA=any amino acid;MT=Variable	NT=SDASO-S thiol moiety;AC=null;TA=any amino acid;MT=Variable	NT=DSSO alkene on uncleaved lysines;AC=null;TA=K;MT=Variable	NT=DSSO sulfenic acid moiety;AC=null;TA=any amino acid;MT=Variable	NT=DSSO thiol moiety;AC=null;TA=any amino acid;MT=Variable	not available	not available	NT=[{'NT': 'SDASO-L', 'AC': None, 'CL': 'yes', 'TA': 'K,nterm', 'structured': 'NT=SDASO-L;AC=null;CL=yes;TA=K,nterm'}, {'NT': 'SDASO-M', 'AC': None, 'CL': 'yes', 'TA': 'K,nterm', 'structured': 'NT=SDASO-M;AC=null;CL=yes;TA=K,nterm'}, {'NT': 'SDASO-S', 'AC': None, 'CL': 'yes', 'TA': 'K,nterm', 'structured': 'NT=SDASO-S;AC=null;CL=yes;TA=K,nterm'}, {'NT': 'DSSO', 'AC': 'XLMOD:02126', 'CL': 'yes', 'TA': 'K,S,T,Y', 'structured': 'NT=DSSO;AC=XLMOD:02126;CL=yes;TA=K,S,T,Y'}]	size-exclusion chromatography (SEC)	20 mM	1:50 (SDASO-L/M/S to protein)	1 h	25 °C	OrbitrapLUMOS_20191223_06.raw	NT=ms-proteomics;VV=v1.1.0	NT=crosslinking;VV=v1.0.0
PXD022690_OrbitrapLUMOS_20200215_01	Saccharomyces cerevisiae	whole cell lysate	not available	40	PXD022690_OrbitrapLUMOS_20200215_01_assay	proteomic profiling by mass spectrometry	data-dependent acquisition	NT=label free sample;AC=MS:1002038	1	1	not available	NT=Lys-C;AC=MS:1001309	NT=Carbamidomethyl;AC=UNIMOD:4;TA=C;MT=Fixed	NT=Oxidation;AC=UNIMOD:21;TA=M;MT=Variable	NT=Protein N-terminal acetylation;AC=null;TA=N-terminus;MT=Variable	NT=N-terminal conversion of glutamine to pyroglutamic acid;AC=null;TA=Q;MT=Variable	NT=SDASO-L alkene on uncleaved lysines;AC=null;TA=K;MT=Variable	NT=SDASO-L sulfenic acid moiety;AC=null;TA=any amino acid;MT=Variable	NT=SDASO-L thiol moiety;AC=null;TA=any amino acid;MT=Variable	NT=SDASO-M alkene on uncleaved lysines;AC=null;TA=K;MT=Variable	NT=SDASO-M sulfenic acid moiety;AC=null;TA=any amino acid;MT=Variable	NT=SDASO-M thiol moiety;AC=null;TA=any amino acid;MT=Variable	NT=SDASO-S alkene on uncleaved lysines;AC=null;TA=K;MT=Variable	NT=SDASO-S sulfenic acid moiety;AC=null;TA=any amino acid;MT=Variable	NT=SDASO-S thiol moiety;AC=null;TA=any amino acid;MT=Variable	NT=DSSO alkene on uncleaved lysines;AC=null;TA=K;MT=Variable	NT=DSSO sulfenic acid moiety;AC=null;TA=any amino acid;MT=Variable	NT=DSSO thiol moiety;AC=null;TA=any amino acid;MT=Variable	not available	not available	NT=[{'NT': 'SDASO-L', 'AC': None, 'CL': 'yes', 'TA': 'K,nterm', 'structured': 'NT=SDASO-L;AC=null;CL=yes;TA=K,nterm'}, {'NT': 'SDASO-M', 'AC': None, 'CL': 'yes', 'TA': 'K,nterm', 'structured': 'NT=SDASO-M;AC=null;CL=yes;TA=K,nterm'}, {'NT': 'SDASO-S', 'AC': None, 'CL': 'yes', 'TA': 'K,nterm', 'structured': 'NT=SDASO-S;AC=null;CL=yes;TA=K,nterm'}, {'NT': 'DSSO', 'AC': 'XLMOD:02126', 'CL': 'yes', 'TA': 'K,S,T,Y', 'structured': 'NT=DSSO;AC=XLMOD:02126;CL=yes;TA=K,S,T,Y'}]	size-exclusion chromatography (SEC)	20 mM	1:50 (SDASO-L/M/S to protein)	1 h	25 °C	OrbitrapLUMOS_20200215_01.raw	NT=ms-proteomics;VV=v1.1.0	NT=crosslinking;VV=v1.0.0
PXD022690_OrbitrapLUMOS_20200528_08	Saccharomyces cerevisiae	whole cell lysate	not available	41	PXD022690_OrbitrapLUMOS_20200528_08_assay	proteomic profiling by mass spectrometry	data-dependent acquisition	NT=label free sample;AC=MS:1002038	1	1	not available	NT=Lys-C;AC=MS:1001309	NT=Carbamidomethyl;AC=UNIMOD:4;TA=C;MT=Fixed	NT=Oxidation;AC=UNIMOD:21;TA=M;MT=Variable	NT=Protein N-terminal acetylation;AC=null;TA=N-terminus;MT=Variable	NT=N-terminal conversion of glutamine to pyroglutamic acid;AC=null;TA=Q;MT=Variable	NT=SDASO-L alkene on uncleaved lysines;AC=null;TA=K;MT=Variable	NT=SDASO-L sulfenic acid moiety;AC=null;TA=any amino acid;MT=Variable	NT=SDASO-L thiol moiety;AC=null;TA=any amino acid;MT=Variable	NT=SDASO-M alkene on uncleaved lysines;AC=null;TA=K;MT=Variable	NT=SDASO-M sulfenic acid moiety;AC=null;TA=any amino acid;MT=Variable	NT=SDASO-M thiol moiety;AC=null;TA=any amino acid;MT=Variable	NT=SDASO-S alkene on uncleaved lysines;AC=null;TA=K;MT=Variable	NT=SDASO-S sulfenic acid moiety;AC=null;TA=any amino acid;MT=Variable	NT=SDASO-S thiol moiety;AC=null;TA=any amino acid;MT=Variable	NT=DSSO alkene on uncleaved lysines;AC=null;TA=K;MT=Variable	NT=DSSO sulfenic acid moiety;AC=null;TA=any amino acid;MT=Variable	NT=DSSO thiol moiety;AC=null;TA=any amino acid;MT=Variable	not available	not available	NT=[{'NT': 'SDASO-L', 'AC': None, 'CL': 'yes', 'TA': 'K,nterm', 'structured': 'NT=SDASO-L;AC=null;CL=yes;TA=K,nterm'}, {'NT': 'SDASO-M', 'AC': None, 'CL': 'yes', 'TA': 'K,nterm', 'structured': 'NT=SDASO-M;AC=null;CL=yes;TA=K,nterm'}, {'NT': 'SDASO-S', 'AC': None, 'CL': 'yes', 'TA': 'K,nterm', 'structured': 'NT=SDASO-S;AC=null;CL=yes;TA=K,nterm'}, {'NT': 'DSSO', 'AC': 'XLMOD:02126', 'CL': 'yes', 'TA': 'K,S,T,Y', 'structured': 'NT=DSSO;AC=XLMOD:02126;CL=yes;TA=K,S,T,Y'}]	size-exclusion chromatography (SEC)	20 mM	1:50 (SDASO-L/M/S to protein)	1 h	25 °C	OrbitrapLUMOS_20200528_08.raw	NT=ms-proteomics;VV=v1.1.0	NT=crosslinking;VV=v1.0.0
PXD022690_OrbitrapLUMOS_20200404_08	Saccharomyces cerevisiae	whole cell lysate	not available	42	PXD022690_OrbitrapLUMOS_20200404_08_assay	proteomic profiling by mass spectrometry	data-dependent acquisition	NT=label free sample;AC=MS:1002038	1	1	not available	NT=Lys-C;AC=MS:1001309	NT=Carbamidomethyl;AC=UNIMOD:4;TA=C;MT=Fixed	NT=Oxidation;AC=UNIMOD:21;TA=M;MT=Variable	NT=Protein N-terminal acetylation;AC=null;TA=N-terminus;MT=Variable	NT=N-terminal conversion of glutamine to pyroglutamic acid;AC=null;TA=Q;MT=Variable	NT=SDASO-L alkene on uncleaved lysines;AC=null;TA=K;MT=Variable	NT=SDASO-L sulfenic acid moiety;AC=null;TA=any amino acid;MT=Variable	NT=SDASO-L thiol moiety;AC=null;TA=any amino acid;MT=Variable	NT=SDASO-M alkene on uncleaved lysines;AC=null;TA=K;MT=Variable	NT=SDASO-M sulfenic acid moiety;AC=null;TA=any amino acid;MT=Variable	NT=SDASO-M thiol moiety;AC=null;TA=any amino acid;MT=Variable	NT=SDASO-S alkene on uncleaved lysines;AC=null;TA=K;MT=Variable	NT=SDASO-S sulfenic acid moiety;AC=null;TA=any amino acid;MT=Variable	NT=SDASO-S thiol moiety;AC=null;TA=any amino acid;MT=Variable	NT=DSSO alkene on uncleaved lysines;AC=null;TA=K;MT=Variable	NT=DSSO sulfenic acid moiety;AC=null;TA=any amino acid;MT=Variable	NT=DSSO thiol moiety;AC=null;TA=any amino acid;MT=Variable	not available	not available	NT=[{'NT': 'SDASO-L', 'AC': None, 'CL': 'yes', 'TA': 'K,nterm', 'structured': 'NT=SDASO-L;AC=null;CL=yes;TA=K,nterm'}, {'NT': 'SDASO-M', 'AC': None, 'CL': 'yes', 'TA': 'K,nterm', 'structured': 'NT=SDASO-M;AC=null;CL=yes;TA=K,nterm'}, {'NT': 'SDASO-S', 'AC': None, 'CL': 'yes', 'TA': 'K,nterm', 'structured': 'NT=SDASO-S;AC=null;CL=yes;TA=K,nterm'}, {'NT': 'DSSO', 'AC': 'XLMOD:02126', 'CL': 'yes', 'TA': 'K,S,T,Y', 'structured': 'NT=DSSO;AC=XLMOD:02126;CL=yes;TA=K,S,T,Y'}]	size-exclusion chromatography (SEC)	20 mM	1:50 (SDASO-L/M/S to protein)	1 h	25 °C	OrbitrapLUMOS_20200404_08.raw	NT=ms-proteomics;VV=v1.1.0	NT=crosslinking;VV=v1.0.0
PXD022690_OrbitrapLUMOS_20200528_15	Saccharomyces cerevisiae	whole cell lysate	not available	43	PXD022690_OrbitrapLUMOS_20200528_15_assay	proteomic profiling by mass spectrometry	data-dependent acquisition	NT=label free sample;AC=MS:1002038	1	1	not available	NT=Lys-C;AC=MS:1001309	NT=Carbamidomethyl;AC=UNIMOD:4;TA=C;MT=Fixed	NT=Oxidation;AC=UNIMOD:21;TA=M;MT=Variable	NT=Protein N-terminal acetylation;AC=null;TA=N-terminus;MT=Variable	NT=N-terminal conversion of glutamine to pyroglutamic acid;AC=null;TA=Q;MT=Variable	NT=SDASO-L alkene on uncleaved lysines;AC=null;TA=K;MT=Variable	NT=SDASO-L sulfenic acid moiety;AC=null;TA=any amino acid;MT=Variable	NT=SDASO-L thiol moiety;AC=null;TA=any amino acid;MT=Variable	NT=SDASO-M alkene on uncleaved lysines;AC=null;TA=K;MT=Variable	NT=SDASO-M sulfenic acid moiety;AC=null;TA=any amino acid;MT=Variable	NT=SDASO-M thiol moiety;AC=null;TA=any amino acid;MT=Variable	NT=SDASO-S alkene on uncleaved lysines;AC=null;TA=K;MT=Variable	NT=SDASO-S sulfenic acid moiety;AC=null;TA=any amino acid;MT=Variable	NT=SDASO-S thiol moiety;AC=null;TA=any amino acid;MT=Variable	NT=DSSO alkene on uncleaved lysines;AC=null;TA=K;MT=Variable	NT=DSSO sulfenic acid moiety;AC=null;TA=any amino acid;MT=Variable	NT=DSSO thiol moiety;AC=null;TA=any amino acid;MT=Variable	not available	not available	NT=[{'NT': 'SDASO-L', 'AC': None, 'CL': 'yes', 'TA': 'K,nterm', 'structured': 'NT=SDASO-L;AC=null;CL=yes;TA=K,nterm'}, {'NT': 'SDASO-M', 'AC': None, 'CL': 'yes', 'TA': 'K,nterm', 'structured': 'NT=SDASO-M;AC=null;CL=yes;TA=K,nterm'}, {'NT': 'SDASO-S', 'AC': None, 'CL': 'yes', 'TA': 'K,nterm', 'structured': 'NT=SDASO-S;AC=null;CL=yes;TA=K,nterm'}, {'NT': 'DSSO', 'AC': 'XLMOD:02126', 'CL': 'yes', 'TA': 'K,S,T,Y', 'structured': 'NT=DSSO;AC=XLMOD:02126;CL=yes;TA=K,S,T,Y'}]	size-exclusion chromatography (SEC)	20 mM	1:50 (SDASO-L/M/S to protein)	1 h	25 °C	OrbitrapLUMOS_20200528_15.raw	NT=ms-proteomics;VV=v1.1.0	NT=crosslinking;VV=v1.0.0
PXD022690_OrbitrapLUMOS_20200718_08	Saccharomyces cerevisiae	whole cell lysate	not available	44	PXD022690_OrbitrapLUMOS_20200718_08_assay	proteomic profiling by mass spectrometry	data-dependent acquisition	NT=label free sample;AC=MS:1002038	1	1	not available	NT=Lys-C;AC=MS:1001309	NT=Carbamidomethyl;AC=UNIMOD:4;TA=C;MT=Fixed	NT=Oxidation;AC=UNIMOD:21;TA=M;MT=Variable	NT=Protein N-terminal acetylation;AC=null;TA=N-terminus;MT=Variable	NT=N-terminal conversion of glutamine to pyroglutamic acid;AC=null;TA=Q;MT=Variable	NT=SDASO-L alkene on uncleaved lysines;AC=null;TA=K;MT=Variable	NT=SDASO-L sulfenic acid moiety;AC=null;TA=any amino acid;MT=Variable	NT=SDASO-L thiol moiety;AC=null;TA=any amino acid;MT=Variable	NT=SDASO-M alkene on uncleaved lysines;AC=null;TA=K;MT=Variable	NT=SDASO-M sulfenic acid moiety;AC=null;TA=any amino acid;MT=Variable	NT=SDASO-M thiol moiety;AC=null;TA=any amino acid;MT=Variable	NT=SDASO-S alkene on uncleaved lysines;AC=null;TA=K;MT=Variable	NT=SDASO-S sulfenic acid moiety;AC=null;TA=any amino acid;MT=Variable	NT=SDASO-S thiol moiety;AC=null;TA=any amino acid;MT=Variable	NT=DSSO alkene on uncleaved lysines;AC=null;TA=K;MT=Variable	NT=DSSO sulfenic acid moiety;AC=null;TA=any amino acid;MT=Variable	NT=DSSO thiol moiety;AC=null;TA=any amino acid;MT=Variable	not available	not available	NT=[{'NT': 'SDASO-L', 'AC': None, 'CL': 'yes', 'TA': 'K,nterm', 'structured': 'NT=SDASO-L;AC=null;CL=yes;TA=K,nterm'}, {'NT': 'SDASO-M', 'AC': None, 'CL': 'yes', 'TA': 'K,nterm', 'structured': 'NT=SDASO-M;AC=null;CL=yes;TA=K,nterm'}, {'NT': 'SDASO-S', 'AC': None, 'CL': 'yes', 'TA': 'K,nterm', 'structured': 'NT=SDASO-S;AC=null;CL=yes;TA=K,nterm'}, {'NT': 'DSSO', 'AC': 'XLMOD:02126', 'CL': 'yes', 'TA': 'K,S,T,Y', 'structured': 'NT=DSSO;AC=XLMOD:02126;CL=yes;TA=K,S,T,Y'}]	size-exclusion chromatography (SEC)	20 mM	1:50 (SDASO-L/M/S to protein)	1 h	25 °C	OrbitrapLUMOS_20200718_08.raw	NT=ms-proteomics;VV=v1.1.0	NT=crosslinking;VV=v1.0.0
PXD022690_OrbitrapLUMOS_20200719_09	Saccharomyces cerevisiae	whole cell lysate	not available	45	PXD022690_OrbitrapLUMOS_20200719_09_assay	proteomic profiling by mass spectrometry	data-dependent acquisition	NT=label free sample;AC=MS:1002038	1	1	not available	NT=Lys-C;AC=MS:1001309	NT=Carbamidomethyl;AC=UNIMOD:4;TA=C;MT=Fixed	NT=Oxidation;AC=UNIMOD:21;TA=M;MT=Variable	NT=Protein N-terminal acetylation;AC=null;TA=N-terminus;MT=Variable	NT=N-terminal conversion of glutamine to pyroglutamic acid;AC=null;TA=Q;MT=Variable	NT=SDASO-L alkene on uncleaved lysines;AC=null;TA=K;MT=Variable	NT=SDASO-L sulfenic acid moiety;AC=null;TA=any amino acid;MT=Variable	NT=SDASO-L thiol moiety;AC=null;TA=any amino acid;MT=Variable	NT=SDASO-M alkene on uncleaved lysines;AC=null;TA=K;MT=Variable	NT=SDASO-M sulfenic acid moiety;AC=null;TA=any amino acid;MT=Variable	NT=SDASO-M thiol moiety;AC=null;TA=any amino acid;MT=Variable	NT=SDASO-S alkene on uncleaved lysines;AC=null;TA=K;MT=Variable	NT=SDASO-S sulfenic acid moiety;AC=null;TA=any amino acid;MT=Variable	NT=SDASO-S thiol moiety;AC=null;TA=any amino acid;MT=Variable	NT=DSSO alkene on uncleaved lysines;AC=null;TA=K;MT=Variable	NT=DSSO sulfenic acid moiety;AC=null;TA=any amino acid;MT=Variable	NT=DSSO thiol moiety;AC=null;TA=any amino acid;MT=Variable	not available	not available	NT=[{'NT': 'SDASO-L', 'AC': None, 'CL': 'yes', 'TA': 'K,nterm', 'structured': 'NT=SDASO-L;AC=null;CL=yes;TA=K,nterm'}, {'NT': 'SDASO-M', 'AC': None, 'CL': 'yes', 'TA': 'K,nterm', 'structured': 'NT=SDASO-M;AC=null;CL=yes;TA=K,nterm'}, {'NT': 'SDASO-S', 'AC': None, 'CL': 'yes', 'TA': 'K,nterm', 'structured': 'NT=SDASO-S;AC=null;CL=yes;TA=K,nterm'}, {'NT': 'DSSO', 'AC': 'XLMOD:02126', 'CL': 'yes', 'TA': 'K,S,T,Y', 'structured': 'NT=DSSO;AC=XLMOD:02126;CL=yes;TA=K,S,T,Y'}]	size-exclusion chromatography (SEC)	20 mM	1:50 (SDASO-L/M/S to protein)	1 h	25 °C	OrbitrapLUMOS_20200719_09.raw	NT=ms-proteomics;VV=v1.1.0	NT=crosslinking;VV=v1.0.0
PXD022690_OrbitrapLUMOS_20200528_05	Saccharomyces cerevisiae	whole cell lysate	not available	46	PXD022690_OrbitrapLUMOS_20200528_05_assay	proteomic profiling by mass spectrometry	data-dependent acquisition	NT=label free sample;AC=MS:1002038	1	1	not available	NT=Lys-C;AC=MS:1001309	NT=Carbamidomethyl;AC=UNIMOD:4;TA=C;MT=Fixed	NT=Oxidation;AC=UNIMOD:21;TA=M;MT=Variable	NT=Protein N-terminal acetylation;AC=null;TA=N-terminus;MT=Variable	NT=N-terminal conversion of glutamine to pyroglutamic acid;AC=null;TA=Q;MT=Variable	NT=SDASO-L alkene on uncleaved lysines;AC=null;TA=K;MT=Variable	NT=SDASO-L sulfenic acid moiety;AC=null;TA=any amino acid;MT=Variable	NT=SDASO-L thiol moiety;AC=null;TA=any amino acid;MT=Variable	NT=SDASO-M alkene on uncleaved lysines;AC=null;TA=K;MT=Variable	NT=SDASO-M sulfenic acid moiety;AC=null;TA=any amino acid;MT=Variable	NT=SDASO-M thiol moiety;AC=null;TA=any amino acid;MT=Variable	NT=SDASO-S alkene on uncleaved lysines;AC=null;TA=K;MT=Variable	NT=SDASO-S sulfenic acid moiety;AC=null;TA=any amino acid;MT=Variable	NT=SDASO-S thiol moiety;AC=null;TA=any amino acid;MT=Variable	NT=DSSO alkene on uncleaved lysines;AC=null;TA=K;MT=Variable	NT=DSSO sulfenic acid moiety;AC=null;TA=any amino acid;MT=Variable	NT=DSSO thiol moiety;AC=null;TA=any amino acid;MT=Variable	not available	not available	NT=[{'NT': 'SDASO-L', 'AC': None, 'CL': 'yes', 'TA': 'K,nterm', 'structured': 'NT=SDASO-L;AC=null;CL=yes;TA=K,nterm'}, {'NT': 'SDASO-M', 'AC': None, 'CL': 'yes', 'TA': 'K,nterm', 'structured': 'NT=SDASO-M;AC=null;CL=yes;TA=K,nterm'}, {'NT': 'SDASO-S', 'AC': None, 'CL': 'yes', 'TA': 'K,nterm', 'structured': 'NT=SDASO-S;AC=null;CL=yes;TA=K,nterm'}, {'NT': 'DSSO', 'AC': 'XLMOD:02126', 'CL': 'yes', 'TA': 'K,S,T,Y', 'structured': 'NT=DSSO;AC=XLMOD:02126;CL=yes;TA=K,S,T,Y'}]	size-exclusion chromatography (SEC)	20 mM	1:50 (SDASO-L/M/S to protein)	1 h	25 °C	OrbitrapLUMOS_20200528_05.raw	NT=ms-proteomics;VV=v1.1.0	NT=crosslinking;VV=v1.0.0
PXD022690_OrbitrapLUMOS_20200404_07	Saccharomyces cerevisiae	whole cell lysate	not available	47	PXD022690_OrbitrapLUMOS_20200404_07_assay	proteomic profiling by mass spectrometry	data-dependent acquisition	NT=label free sample;AC=MS:1002038	1	1	not available	NT=Lys-C;AC=MS:1001309	NT=Carbamidomethyl;AC=UNIMOD:4;TA=C;MT=Fixed	NT=Oxidation;AC=UNIMOD:21;TA=M;MT=Variable	NT=Protein N-terminal acetylation;AC=null;TA=N-terminus;MT=Variable	NT=N-terminal conversion of glutamine to pyroglutamic acid;AC=null;TA=Q;MT=Variable	NT=SDASO-L alkene on uncleaved lysines;AC=null;TA=K;MT=Variable	NT=SDASO-L sulfenic acid moiety;AC=null;TA=any amino acid;MT=Variable	NT=SDASO-L thiol moiety;AC=null;TA=any amino acid;MT=Variable	NT=SDASO-M alkene on uncleaved lysines;AC=null;TA=K;MT=Variable	NT=SDASO-M sulfenic acid moiety;AC=null;TA=any amino acid;MT=Variable	NT=SDASO-M thiol moiety;AC=null;TA=any amino acid;MT=Variable	NT=SDASO-S alkene on uncleaved lysines;AC=null;TA=K;MT=Variable	NT=SDASO-S sulfenic acid moiety;AC=null;TA=any amino acid;MT=Variable	NT=SDASO-S thiol moiety;AC=null;TA=any amino acid;MT=Variable	NT=DSSO alkene on uncleaved lysines;AC=null;TA=K;MT=Variable	NT=DSSO sulfenic acid moiety;AC=null;TA=any amino acid;MT=Variable	NT=DSSO thiol moiety;AC=null;TA=any amino acid;MT=Variable	not available	not available	NT=[{'NT': 'SDASO-L', 'AC': None, 'CL': 'yes', 'TA': 'K,nterm', 'structured': 'NT=SDASO-L;AC=null;CL=yes;TA=K,nterm'}, {'NT': 'SDASO-M', 'AC': None, 'CL': 'yes', 'TA': 'K,nterm', 'structured': 'NT=SDASO-M;AC=null;CL=yes;TA=K,nterm'}, {'NT': 'SDASO-S', 'AC': None, 'CL': 'yes', 'TA': 'K,nterm', 'structured': 'NT=SDASO-S;AC=null;CL=yes;TA=K,nterm'}, {'NT': 'DSSO', 'AC': 'XLMOD:02126', 'CL': 'yes', 'TA': 'K,S,T,Y', 'structured': 'NT=DSSO;AC=XLMOD:02126;CL=yes;TA=K,S,T,Y'}]	size-exclusion chromatography (SEC)	20 mM	1:50 (SDASO-L/M/S to protein)	1 h	25 °C	OrbitrapLUMOS_20200404_07.raw	NT=ms-proteomics;VV=v1.1.0	NT=crosslinking;VV=v1.0.0
PXD022690_OrbitrapLUMOS_20200403_07	Saccharomyces cerevisiae	whole cell lysate	not available	48	PXD022690_OrbitrapLUMOS_20200403_07_assay	proteomic profiling by mass spectrometry	data-dependent acquisition	NT=label free sample;AC=MS:1002038	1	1	not available	NT=Lys-C;AC=MS:1001309	NT=Carbamidomethyl;AC=UNIMOD:4;TA=C;MT=Fixed	NT=Oxidation;AC=UNIMOD:21;TA=M;MT=Variable	NT=Protein N-terminal acetylation;AC=null;TA=N-terminus;MT=Variable	NT=N-terminal conversion of glutamine to pyroglutamic acid;AC=null;TA=Q;MT=Variable	NT=SDASO-L alkene on uncleaved lysines;AC=null;TA=K;MT=Variable	NT=SDASO-L sulfenic acid moiety;AC=null;TA=any amino acid;MT=Variable	NT=SDASO-L thiol moiety;AC=null;TA=any amino acid;MT=Variable	NT=SDASO-M alkene on uncleaved lysines;AC=null;TA=K;MT=Variable	NT=SDASO-M sulfenic acid moiety;AC=null;TA=any amino acid;MT=Variable	NT=SDASO-M thiol moiety;AC=null;TA=any amino acid;MT=Variable	NT=SDASO-S alkene on uncleaved lysines;AC=null;TA=K;MT=Variable	NT=SDASO-S sulfenic acid moiety;AC=null;TA=any amino acid;MT=Variable	NT=SDASO-S thiol moiety;AC=null;TA=any amino acid;MT=Variable	NT=DSSO alkene on uncleaved lysines;AC=null;TA=K;MT=Variable	NT=DSSO sulfenic acid moiety;AC=null;TA=any amino acid;MT=Variable	NT=DSSO thiol moiety;AC=null;TA=any amino acid;MT=Variable	not available	not available	NT=[{'NT': 'SDASO-L', 'AC': None, 'CL': 'yes', 'TA': 'K,nterm', 'structured': 'NT=SDASO-L;AC=null;CL=yes;TA=K,nterm'}, {'NT': 'SDASO-M', 'AC': None, 'CL': 'yes', 'TA': 'K,nterm', 'structured': 'NT=SDASO-M;AC=null;CL=yes;TA=K,nterm'}, {'NT': 'SDASO-S', 'AC': None, 'CL': 'yes', 'TA': 'K,nterm', 'structured': 'NT=SDASO-S;AC=null;CL=yes;TA=K,nterm'}, {'NT': 'DSSO', 'AC': 'XLMOD:02126', 'CL': 'yes', 'TA': 'K,S,T,Y', 'structured': 'NT=DSSO;AC=XLMOD:02126;CL=yes;TA=K,S,T,Y'}]	size-exclusion chromatography (SEC)	20 mM	1:50 (SDASO-L/M/S to protein)	1 h	25 °C	OrbitrapLUMOS_20200403_07.raw	NT=ms-proteomics;VV=v1.1.0	NT=crosslinking;VV=v1.0.0
PXD022690_OrbitrapLUMOS_20200718_07	Saccharomyces cerevisiae	whole cell lysate	not available	49	PXD022690_OrbitrapLUMOS_20200718_07_assay	proteomic profiling by mass spectrometry	data-dependent acquisition	NT=label free sample;AC=MS:1002038	1	1	not available	NT=Lys-C;AC=MS:1001309	NT=Carbamidomethyl;AC=UNIMOD:4;TA=C;MT=Fixed	NT=Oxidation;AC=UNIMOD:21;TA=M;MT=Variable	NT=Protein N-terminal acetylation;AC=null;TA=N-terminus;MT=Variable	NT=N-terminal conversion of glutamine to pyroglutamic acid;AC=null;TA=Q;MT=Variable	NT=SDASO-L alkene on uncleaved lysines;AC=null;TA=K;MT=Variable	NT=SDASO-L sulfenic acid moiety;AC=null;TA=any amino acid;MT=Variable	NT=SDASO-L thiol moiety;AC=null;TA=any amino acid;MT=Variable	NT=SDASO-M alkene on uncleaved lysines;AC=null;TA=K;MT=Variable	NT=SDASO-M sulfenic acid moiety;AC=null;TA=any amino acid;MT=Variable	NT=SDASO-M thiol moiety;AC=null;TA=any amino acid;MT=Variable	NT=SDASO-S alkene on uncleaved lysines;AC=null;TA=K;MT=Variable	NT=SDASO-S sulfenic acid moiety;AC=null;TA=any amino acid;MT=Variable	NT=SDASO-S thiol moiety;AC=null;TA=any amino acid;MT=Variable	NT=DSSO alkene on uncleaved lysines;AC=null;TA=K;MT=Variable	NT=DSSO sulfenic acid moiety;AC=null;TA=any amino acid;MT=Variable	NT=DSSO thiol moiety;AC=null;TA=any amino acid;MT=Variable	not available	not available	NT=[{'NT': 'SDASO-L', 'AC': None, 'CL': 'yes', 'TA': 'K,nterm', 'structured': 'NT=SDASO-L;AC=null;CL=yes;TA=K,nterm'}, {'NT': 'SDASO-M', 'AC': None, 'CL': 'yes', 'TA': 'K,nterm', 'structured': 'NT=SDASO-M;AC=null;CL=yes;TA=K,nterm'}, {'NT': 'SDASO-S', 'AC': None, 'CL': 'yes', 'TA': 'K,nterm', 'structured': 'NT=SDASO-S;AC=null;CL=yes;TA=K,nterm'}, {'NT': 'DSSO', 'AC': 'XLMOD:02126', 'CL': 'yes', 'TA': 'K,S,T,Y', 'structured': 'NT=DSSO;AC=XLMOD:02126;CL=yes;TA=K,S,T,Y'}]	size-exclusion chromatography (SEC)	20 mM	1:50 (SDASO-L/M/S to protein)	1 h	25 °C	OrbitrapLUMOS_20200718_07.raw	NT=ms-proteomics;VV=v1.1.0	NT=crosslinking;VV=v1.0.0
PXD022690_OrbitrapLUMOS_20200217_02	Saccharomyces cerevisiae	whole cell lysate	not available	50	PXD022690_OrbitrapLUMOS_20200217_02_assay	proteomic profiling by mass spectrometry	data-dependent acquisition	NT=label free sample;AC=MS:1002038	1	1	not available	NT=Lys-C;AC=MS:1001309	NT=Carbamidomethyl;AC=UNIMOD:4;TA=C;MT=Fixed	NT=Oxidation;AC=UNIMOD:21;TA=M;MT=Variable	NT=Protein N-terminal acetylation;AC=null;TA=N-terminus;MT=Variable	NT=N-terminal conversion of glutamine to pyroglutamic acid;AC=null;TA=Q;MT=Variable	NT=SDASO-L alkene on uncleaved lysines;AC=null;TA=K;MT=Variable	NT=SDASO-L sulfenic acid moiety;AC=null;TA=any amino acid;MT=Variable	NT=SDASO-L thiol moiety;AC=null;TA=any amino acid;MT=Variable	NT=SDASO-M alkene on uncleaved lysines;AC=null;TA=K;MT=Variable	NT=SDASO-M sulfenic acid moiety;AC=null;TA=any amino acid;MT=Variable	NT=SDASO-M thiol moiety;AC=null;TA=any amino acid;MT=Variable	NT=SDASO-S alkene on uncleaved lysines;AC=null;TA=K;MT=Variable	NT=SDASO-S sulfenic acid moiety;AC=null;TA=any amino acid;MT=Variable	NT=SDASO-S thiol moiety;AC=null;TA=any amino acid;MT=Variable	NT=DSSO alkene on uncleaved lysines;AC=null;TA=K;MT=Variable	NT=DSSO sulfenic acid moiety;AC=null;TA=any amino acid;MT=Variable	NT=DSSO thiol moiety;AC=null;TA=any amino acid;MT=Variable	not available	not available	NT=[{'NT': 'SDASO-L', 'AC': None, 'CL': 'yes', 'TA': 'K,nterm', 'structured': 'NT=SDASO-L;AC=null;CL=yes;TA=K,nterm'}, {'NT': 'SDASO-M', 'AC': None, 'CL': 'yes', 'TA': 'K,nterm', 'structured': 'NT=SDASO-M;AC=null;CL=yes;TA=K,nterm'}, {'NT': 'SDASO-S', 'AC': None, 'CL': 'yes', 'TA': 'K,nterm', 'structured': 'NT=SDASO-S;AC=null;CL=yes;TA=K,nterm'}, {'NT': 'DSSO', 'AC': 'XLMOD:02126', 'CL': 'yes', 'TA': 'K,S,T,Y', 'structured': 'NT=DSSO;AC=XLMOD:02126;CL=yes;TA=K,S,T,Y'}]	size-exclusion chromatography (SEC)	20 mM	1:50 (SDASO-L/M/S to protein)	1 h	25 °C	OrbitrapLUMOS_20200217_02.raw	NT=ms-proteomics;VV=v1.1.0	NT=crosslinking;VV=v1.0.0
PXD022690_OrbitrapLUMOS_20200217_04	Saccharomyces cerevisiae	whole cell lysate	not available	51	PXD022690_OrbitrapLUMOS_20200217_04_assay	proteomic profiling by mass spectrometry	data-dependent acquisition	NT=label free sample;AC=MS:1002038	1	1	not available	NT=Lys-C;AC=MS:1001309	NT=Carbamidomethyl;AC=UNIMOD:4;TA=C;MT=Fixed	NT=Oxidation;AC=UNIMOD:21;TA=M;MT=Variable	NT=Protein N-terminal acetylation;AC=null;TA=N-terminus;MT=Variable	NT=N-terminal conversion of glutamine to pyroglutamic acid;AC=null;TA=Q;MT=Variable	NT=SDASO-L alkene on uncleaved lysines;AC=null;TA=K;MT=Variable	NT=SDASO-L sulfenic acid moiety;AC=null;TA=any amino acid;MT=Variable	NT=SDASO-L thiol moiety;AC=null;TA=any amino acid;MT=Variable	NT=SDASO-M alkene on uncleaved lysines;AC=null;TA=K;MT=Variable	NT=SDASO-M sulfenic acid moiety;AC=null;TA=any amino acid;MT=Variable	NT=SDASO-M thiol moiety;AC=null;TA=any amino acid;MT=Variable	NT=SDASO-S alkene on uncleaved lysines;AC=null;TA=K;MT=Variable	NT=SDASO-S sulfenic acid moiety;AC=null;TA=any amino acid;MT=Variable	NT=SDASO-S thiol moiety;AC=null;TA=any amino acid;MT=Variable	NT=DSSO alkene on uncleaved lysines;AC=null;TA=K;MT=Variable	NT=DSSO sulfenic acid moiety;AC=null;TA=any amino acid;MT=Variable	NT=DSSO thiol moiety;AC=null;TA=any amino acid;MT=Variable	not available	not available	NT=[{'NT': 'SDASO-L', 'AC': None, 'CL': 'yes', 'TA': 'K,nterm', 'structured': 'NT=SDASO-L;AC=null;CL=yes;TA=K,nterm'}, {'NT': 'SDASO-M', 'AC': None, 'CL': 'yes', 'TA': 'K,nterm', 'structured': 'NT=SDASO-M;AC=null;CL=yes;TA=K,nterm'}, {'NT': 'SDASO-S', 'AC': None, 'CL': 'yes', 'TA': 'K,nterm', 'structured': 'NT=SDASO-S;AC=null;CL=yes;TA=K,nterm'}, {'NT': 'DSSO', 'AC': 'XLMOD:02126', 'CL': 'yes', 'TA': 'K,S,T,Y', 'structured': 'NT=DSSO;AC=XLMOD:02126;CL=yes;TA=K,S,T,Y'}]	size-exclusion chromatography (SEC)	20 mM	1:50 (SDASO-L/M/S to protein)	1 h	25 °C	OrbitrapLUMOS_20200217_04.raw	NT=ms-proteomics;VV=v1.1.0	NT=crosslinking;VV=v1.0.0
PXD022690_OrbitrapLUMOS_20200404_09	Saccharomyces cerevisiae	whole cell lysate	not available	52	PXD022690_OrbitrapLUMOS_20200404_09_assay	proteomic profiling by mass spectrometry	data-dependent acquisition	NT=label free sample;AC=MS:1002038	1	1	not available	NT=Lys-C;AC=MS:1001309	NT=Carbamidomethyl;AC=UNIMOD:4;TA=C;MT=Fixed	NT=Oxidation;AC=UNIMOD:21;TA=M;MT=Variable	NT=Protein N-terminal acetylation;AC=null;TA=N-terminus;MT=Variable	NT=N-terminal conversion of glutamine to pyroglutamic acid;AC=null;TA=Q;MT=Variable	NT=SDASO-L alkene on uncleaved lysines;AC=null;TA=K;MT=Variable	NT=SDASO-L sulfenic acid moiety;AC=null;TA=any amino acid;MT=Variable	NT=SDASO-L thiol moiety;AC=null;TA=any amino acid;MT=Variable	NT=SDASO-M alkene on uncleaved lysines;AC=null;TA=K;MT=Variable	NT=SDASO-M sulfenic acid moiety;AC=null;TA=any amino acid;MT=Variable	NT=SDASO-M thiol moiety;AC=null;TA=any amino acid;MT=Variable	NT=SDASO-S alkene on uncleaved lysines;AC=null;TA=K;MT=Variable	NT=SDASO-S sulfenic acid moiety;AC=null;TA=any amino acid;MT=Variable	NT=SDASO-S thiol moiety;AC=null;TA=any amino acid;MT=Variable	NT=DSSO alkene on uncleaved lysines;AC=null;TA=K;MT=Variable	NT=DSSO sulfenic acid moiety;AC=null;TA=any amino acid;MT=Variable	NT=DSSO thiol moiety;AC=null;TA=any amino acid;MT=Variable	not available	not available	NT=[{'NT': 'SDASO-L', 'AC': None, 'CL': 'yes', 'TA': 'K,nterm', 'structured': 'NT=SDASO-L;AC=null;CL=yes;TA=K,nterm'}, {'NT': 'SDASO-M', 'AC': None, 'CL': 'yes', 'TA': 'K,nterm', 'structured': 'NT=SDASO-M;AC=null;CL=yes;TA=K,nterm'}, {'NT': 'SDASO-S', 'AC': None, 'CL': 'yes', 'TA': 'K,nterm', 'structured': 'NT=SDASO-S;AC=null;CL=yes;TA=K,nterm'}, {'NT': 'DSSO', 'AC': 'XLMOD:02126', 'CL': 'yes', 'TA': 'K,S,T,Y', 'structured': 'NT=DSSO;AC=XLMOD:02126;CL=yes;TA=K,S,T,Y'}]	size-exclusion chromatography (SEC)	20 mM	1:50 (SDASO-L/M/S to protein)	1 h	25 °C	OrbitrapLUMOS_20200404_09.raw	NT=ms-proteomics;VV=v1.1.0	NT=crosslinking;VV=v1.0.0
PXD022690_OrbitrapLUMOS_20200720_06	Saccharomyces cerevisiae	whole cell lysate	not available	53	PXD022690_OrbitrapLUMOS_20200720_06_assay	proteomic profiling by mass spectrometry	data-dependent acquisition	NT=label free sample;AC=MS:1002038	1	1	not available	NT=Lys-C;AC=MS:1001309	NT=Carbamidomethyl;AC=UNIMOD:4;TA=C;MT=Fixed	NT=Oxidation;AC=UNIMOD:21;TA=M;MT=Variable	NT=Protein N-terminal acetylation;AC=null;TA=N-terminus;MT=Variable	NT=N-terminal conversion of glutamine to pyroglutamic acid;AC=null;TA=Q;MT=Variable	NT=SDASO-L alkene on uncleaved lysines;AC=null;TA=K;MT=Variable	NT=SDASO-L sulfenic acid moiety;AC=null;TA=any amino acid;MT=Variable	NT=SDASO-L thiol moiety;AC=null;TA=any amino acid;MT=Variable	NT=SDASO-M alkene on uncleaved lysines;AC=null;TA=K;MT=Variable	NT=SDASO-M sulfenic acid moiety;AC=null;TA=any amino acid;MT=Variable	NT=SDASO-M thiol moiety;AC=null;TA=any amino acid;MT=Variable	NT=SDASO-S alkene on uncleaved lysines;AC=null;TA=K;MT=Variable	NT=SDASO-S sulfenic acid moiety;AC=null;TA=any amino acid;MT=Variable	NT=SDASO-S thiol moiety;AC=null;TA=any amino acid;MT=Variable	NT=DSSO alkene on uncleaved lysines;AC=null;TA=K;MT=Variable	NT=DSSO sulfenic acid moiety;AC=null;TA=any amino acid;MT=Variable	NT=DSSO thiol moiety;AC=null;TA=any amino acid;MT=Variable	not available	not available	NT=[{'NT': 'SDASO-L', 'AC': None, 'CL': 'yes', 'TA': 'K,nterm', 'structured': 'NT=SDASO-L;AC=null;CL=yes;TA=K,nterm'}, {'NT': 'SDASO-M', 'AC': None, 'CL': 'yes', 'TA': 'K,nterm', 'structured': 'NT=SDASO-M;AC=null;CL=yes;TA=K,nterm'}, {'NT': 'SDASO-S', 'AC': None, 'CL': 'yes', 'TA': 'K,nterm', 'structured': 'NT=SDASO-S;AC=null;CL=yes;TA=K,nterm'}, {'NT': 'DSSO', 'AC': 'XLMOD:02126', 'CL': 'yes', 'TA': 'K,S,T,Y', 'structured': 'NT=DSSO;AC=XLMOD:02126;CL=yes;TA=K,S,T,Y'}]	size-exclusion chromatography (SEC)	20 mM	1:50 (SDASO-L/M/S to protein)	1 h	25 °C	OrbitrapLUMOS_20200720_06.raw	NT=ms-proteomics;VV=v1.1.0	NT=crosslinking;VV=v1.0.0
PXD022690_OrbitrapLUMOS_20200730_02	Saccharomyces cerevisiae	whole cell lysate	not available	54	PXD022690_OrbitrapLUMOS_20200730_02_assay	proteomic profiling by mass spectrometry	data-dependent acquisition	NT=label free sample;AC=MS:1002038	1	1	not available	NT=Lys-C;AC=MS:1001309	NT=Carbamidomethyl;AC=UNIMOD:4;TA=C;MT=Fixed	NT=Oxidation;AC=UNIMOD:21;TA=M;MT=Variable	NT=Protein N-terminal acetylation;AC=null;TA=N-terminus;MT=Variable	NT=N-terminal conversion of glutamine to pyroglutamic acid;AC=null;TA=Q;MT=Variable	NT=SDASO-L alkene on uncleaved lysines;AC=null;TA=K;MT=Variable	NT=SDASO-L sulfenic acid moiety;AC=null;TA=any amino acid;MT=Variable	NT=SDASO-L thiol moiety;AC=null;TA=any amino acid;MT=Variable	NT=SDASO-M alkene on uncleaved lysines;AC=null;TA=K;MT=Variable	NT=SDASO-M sulfenic acid moiety;AC=null;TA=any amino acid;MT=Variable	NT=SDASO-M thiol moiety;AC=null;TA=any amino acid;MT=Variable	NT=SDASO-S alkene on uncleaved lysines;AC=null;TA=K;MT=Variable	NT=SDASO-S sulfenic acid moiety;AC=null;TA=any amino acid;MT=Variable	NT=SDASO-S thiol moiety;AC=null;TA=any amino acid;MT=Variable	NT=DSSO alkene on uncleaved lysines;AC=null;TA=K;MT=Variable	NT=DSSO sulfenic acid moiety;AC=null;TA=any amino acid;MT=Variable	NT=DSSO thiol moiety;AC=null;TA=any amino acid;MT=Variable	not available	not available	NT=[{'NT': 'SDASO-L', 'AC': None, 'CL': 'yes', 'TA': 'K,nterm', 'structured': 'NT=SDASO-L;AC=null;CL=yes;TA=K,nterm'}, {'NT': 'SDASO-M', 'AC': None, 'CL': 'yes', 'TA': 'K,nterm', 'structured': 'NT=SDASO-M;AC=null;CL=yes;TA=K,nterm'}, {'NT': 'SDASO-S', 'AC': None, 'CL': 'yes', 'TA': 'K,nterm', 'structured': 'NT=SDASO-S;AC=null;CL=yes;TA=K,nterm'}, {'NT': 'DSSO', 'AC': 'XLMOD:02126', 'CL': 'yes', 'TA': 'K,S,T,Y', 'structured': 'NT=DSSO;AC=XLMOD:02126;CL=yes;TA=K,S,T,Y'}]	size-exclusion chromatography (SEC)	20 mM	1:50 (SDASO-L/M/S to protein)	1 h	25 °C	OrbitrapLUMOS_20200730_02.raw	NT=ms-proteomics;VV=v1.1.0	NT=crosslinking;VV=v1.0.0
PXD022690_OrbitrapLUMOS_20200719_01	Saccharomyces cerevisiae	whole cell lysate	not available	55	PXD022690_OrbitrapLUMOS_20200719_01_assay	proteomic profiling by mass spectrometry	data-dependent acquisition	NT=label free sample;AC=MS:1002038	1	1	not available	NT=Lys-C;AC=MS:1001309	NT=Carbamidomethyl;AC=UNIMOD:4;TA=C;MT=Fixed	NT=Oxidation;AC=UNIMOD:21;TA=M;MT=Variable	NT=Protein N-terminal acetylation;AC=null;TA=N-terminus;MT=Variable	NT=N-terminal conversion of glutamine to pyroglutamic acid;AC=null;TA=Q;MT=Variable	NT=SDASO-L alkene on uncleaved lysines;AC=null;TA=K;MT=Variable	NT=SDASO-L sulfenic acid moiety;AC=null;TA=any amino acid;MT=Variable	NT=SDASO-L thiol moiety;AC=null;TA=any amino acid;MT=Variable	NT=SDASO-M alkene on uncleaved lysines;AC=null;TA=K;MT=Variable	NT=SDASO-M sulfenic acid moiety;AC=null;TA=any amino acid;MT=Variable	NT=SDASO-M thiol moiety;AC=null;TA=any amino acid;MT=Variable	NT=SDASO-S alkene on uncleaved lysines;AC=null;TA=K;MT=Variable	NT=SDASO-S sulfenic acid moiety;AC=null;TA=any amino acid;MT=Variable	NT=SDASO-S thiol moiety;AC=null;TA=any amino acid;MT=Variable	NT=DSSO alkene on uncleaved lysines;AC=null;TA=K;MT=Variable	NT=DSSO sulfenic acid moiety;AC=null;TA=any amino acid;MT=Variable	NT=DSSO thiol moiety;AC=null;TA=any amino acid;MT=Variable	not available	not available	NT=[{'NT': 'SDASO-L', 'AC': None, 'CL': 'yes', 'TA': 'K,nterm', 'structured': 'NT=SDASO-L;AC=null;CL=yes;TA=K,nterm'}, {'NT': 'SDASO-M', 'AC': None, 'CL': 'yes', 'TA': 'K,nterm', 'structured': 'NT=SDASO-M;AC=null;CL=yes;TA=K,nterm'}, {'NT': 'SDASO-S', 'AC': None, 'CL': 'yes', 'TA': 'K,nterm', 'structured': 'NT=SDASO-S;AC=null;CL=yes;TA=K,nterm'}, {'NT': 'DSSO', 'AC': 'XLMOD:02126', 'CL': 'yes', 'TA': 'K,S,T,Y', 'structured': 'NT=DSSO;AC=XLMOD:02126;CL=yes;TA=K,S,T,Y'}]	size-exclusion chromatography (SEC)	20 mM	1:50 (SDASO-L/M/S to protein)	1 h	25 °C	OrbitrapLUMOS_20200719_01.raw	NT=ms-proteomics;VV=v1.1.0	NT=crosslinking;VV=v1.0.0
PXD022690_OrbitrapLUMOS_20200528_07	Saccharomyces cerevisiae	whole cell lysate	not available	56	PXD022690_OrbitrapLUMOS_20200528_07_assay	proteomic profiling by mass spectrometry	data-dependent acquisition	NT=label free sample;AC=MS:1002038	1	1	not available	NT=Lys-C;AC=MS:1001309	NT=Carbamidomethyl;AC=UNIMOD:4;TA=C;MT=Fixed	NT=Oxidation;AC=UNIMOD:21;TA=M;MT=Variable	NT=Protein N-terminal acetylation;AC=null;TA=N-terminus;MT=Variable	NT=N-terminal conversion of glutamine to pyroglutamic acid;AC=null;TA=Q;MT=Variable	NT=SDASO-L alkene on uncleaved lysines;AC=null;TA=K;MT=Variable	NT=SDASO-L sulfenic acid moiety;AC=null;TA=any amino acid;MT=Variable	NT=SDASO-L thiol moiety;AC=null;TA=any amino acid;MT=Variable	NT=SDASO-M alkene on uncleaved lysines;AC=null;TA=K;MT=Variable	NT=SDASO-M sulfenic acid moiety;AC=null;TA=any amino acid;MT=Variable	NT=SDASO-M thiol moiety;AC=null;TA=any amino acid;MT=Variable	NT=SDASO-S alkene on uncleaved lysines;AC=null;TA=K;MT=Variable	NT=SDASO-S sulfenic acid moiety;AC=null;TA=any amino acid;MT=Variable	NT=SDASO-S thiol moiety;AC=null;TA=any amino acid;MT=Variable	NT=DSSO alkene on uncleaved lysines;AC=null;TA=K;MT=Variable	NT=DSSO sulfenic acid moiety;AC=null;TA=any amino acid;MT=Variable	NT=DSSO thiol moiety;AC=null;TA=any amino acid;MT=Variable	not available	not available	NT=[{'NT': 'SDASO-L', 'AC': None, 'CL': 'yes', 'TA': 'K,nterm', 'structured': 'NT=SDASO-L;AC=null;CL=yes;TA=K,nterm'}, {'NT': 'SDASO-M', 'AC': None, 'CL': 'yes', 'TA': 'K,nterm', 'structured': 'NT=SDASO-M;AC=null;CL=yes;TA=K,nterm'}, {'NT': 'SDASO-S', 'AC': None, 'CL': 'yes', 'TA': 'K,nterm', 'structured': 'NT=SDASO-S;AC=null;CL=yes;TA=K,nterm'}, {'NT': 'DSSO', 'AC': 'XLMOD:02126', 'CL': 'yes', 'TA': 'K,S,T,Y', 'structured': 'NT=DSSO;AC=XLMOD:02126;CL=yes;TA=K,S,T,Y'}]	size-exclusion chromatography (SEC)	20 mM	1:50 (SDASO-L/M/S to protein)	1 h	25 °C	OrbitrapLUMOS_20200528_07.raw	NT=ms-proteomics;VV=v1.1.0	NT=crosslinking;VV=v1.0.0
PXD022690_OrbitrapLUMOS_20200720_02	Saccharomyces cerevisiae	whole cell lysate	not available	57	PXD022690_OrbitrapLUMOS_20200720_02_assay	proteomic profiling by mass spectrometry	data-dependent acquisition	NT=label free sample;AC=MS:1002038	1	1	not available	NT=Lys-C;AC=MS:1001309	NT=Carbamidomethyl;AC=UNIMOD:4;TA=C;MT=Fixed	NT=Oxidation;AC=UNIMOD:21;TA=M;MT=Variable	NT=Protein N-terminal acetylation;AC=null;TA=N-terminus;MT=Variable	NT=N-terminal conversion of glutamine to pyroglutamic acid;AC=null;TA=Q;MT=Variable	NT=SDASO-L alkene on uncleaved lysines;AC=null;TA=K;MT=Variable	NT=SDASO-L sulfenic acid moiety;AC=null;TA=any amino acid;MT=Variable	NT=SDASO-L thiol moiety;AC=null;TA=any amino acid;MT=Variable	NT=SDASO-M alkene on uncleaved lysines;AC=null;TA=K;MT=Variable	NT=SDASO-M sulfenic acid moiety;AC=null;TA=any amino acid;MT=Variable	NT=SDASO-M thiol moiety;AC=null;TA=any amino acid;MT=Variable	NT=SDASO-S alkene on uncleaved lysines;AC=null;TA=K;MT=Variable	NT=SDASO-S sulfenic acid moiety;AC=null;TA=any amino acid;MT=Variable	NT=SDASO-S thiol moiety;AC=null;TA=any amino acid;MT=Variable	NT=DSSO alkene on uncleaved lysines;AC=null;TA=K;MT=Variable	NT=DSSO sulfenic acid moiety;AC=null;TA=any amino acid;MT=Variable	NT=DSSO thiol moiety;AC=null;TA=any amino acid;MT=Variable	not available	not available	NT=[{'NT': 'SDASO-L', 'AC': None, 'CL': 'yes', 'TA': 'K,nterm', 'structured': 'NT=SDASO-L;AC=null;CL=yes;TA=K,nterm'}, {'NT': 'SDASO-M', 'AC': None, 'CL': 'yes', 'TA': 'K,nterm', 'structured': 'NT=SDASO-M;AC=null;CL=yes;TA=K,nterm'}, {'NT': 'SDASO-S', 'AC': None, 'CL': 'yes', 'TA': 'K,nterm', 'structured': 'NT=SDASO-S;AC=null;CL=yes;TA=K,nterm'}, {'NT': 'DSSO', 'AC': 'XLMOD:02126', 'CL': 'yes', 'TA': 'K,S,T,Y', 'structured': 'NT=DSSO;AC=XLMOD:02126;CL=yes;TA=K,S,T,Y'}]	size-exclusion chromatography (SEC)	20 mM	1:50 (SDASO-L/M/S to protein)	1 h	25 °C	OrbitrapLUMOS_20200720_02.raw	NT=ms-proteomics;VV=v1.1.0	NT=crosslinking;VV=v1.0.0
PXD022690_OrbitrapLUMOS_20200216_07	Saccharomyces cerevisiae	whole cell lysate	not available	58	PXD022690_OrbitrapLUMOS_20200216_07_assay	proteomic profiling by mass spectrometry	data-dependent acquisition	NT=label free sample;AC=MS:1002038	1	1	not available	NT=Lys-C;AC=MS:1001309	NT=Carbamidomethyl;AC=UNIMOD:4;TA=C;MT=Fixed	NT=Oxidation;AC=UNIMOD:21;TA=M;MT=Variable	NT=Protein N-terminal acetylation;AC=null;TA=N-terminus;MT=Variable	NT=N-terminal conversion of glutamine to pyroglutamic acid;AC=null;TA=Q;MT=Variable	NT=SDASO-L alkene on uncleaved lysines;AC=null;TA=K;MT=Variable	NT=SDASO-L sulfenic acid moiety;AC=null;TA=any amino acid;MT=Variable	NT=SDASO-L thiol moiety;AC=null;TA=any amino acid;MT=Variable	NT=SDASO-M alkene on uncleaved lysines;AC=null;TA=K;MT=Variable	NT=SDASO-M sulfenic acid moiety;AC=null;TA=any amino acid;MT=Variable	NT=SDASO-M thiol moiety;AC=null;TA=any amino acid;MT=Variable	NT=SDASO-S alkene on uncleaved lysines;AC=null;TA=K;MT=Variable	NT=SDASO-S sulfenic acid moiety;AC=null;TA=any amino acid;MT=Variable	NT=SDASO-S thiol moiety;AC=null;TA=any amino acid;MT=Variable	NT=DSSO alkene on uncleaved lysines;AC=null;TA=K;MT=Variable	NT=DSSO sulfenic acid moiety;AC=null;TA=any amino acid;MT=Variable	NT=DSSO thiol moiety;AC=null;TA=any amino acid;MT=Variable	not available	not available	NT=[{'NT': 'SDASO-L', 'AC': None, 'CL': 'yes', 'TA': 'K,nterm', 'structured': 'NT=SDASO-L;AC=null;CL=yes;TA=K,nterm'}, {'NT': 'SDASO-M', 'AC': None, 'CL': 'yes', 'TA': 'K,nterm', 'structured': 'NT=SDASO-M;AC=null;CL=yes;TA=K,nterm'}, {'NT': 'SDASO-S', 'AC': None, 'CL': 'yes', 'TA': 'K,nterm', 'structured': 'NT=SDASO-S;AC=null;CL=yes;TA=K,nterm'}, {'NT': 'DSSO', 'AC': 'XLMOD:02126', 'CL': 'yes', 'TA': 'K,S,T,Y', 'structured': 'NT=DSSO;AC=XLMOD:02126;CL=yes;TA=K,S,T,Y'}]	size-exclusion chromatography (SEC)	20 mM	1:50 (SDASO-L/M/S to protein)	1 h	25 °C	OrbitrapLUMOS_20200216_07.raw	NT=ms-proteomics;VV=v1.1.0	NT=crosslinking;VV=v1.0.0
PXD022690_OrbitrapLUMOS_20191223_03	Saccharomyces cerevisiae	whole cell lysate	not available	59	PXD022690_OrbitrapLUMOS_20191223_03_assay	proteomic profiling by mass spectrometry	data-dependent acquisition	NT=label free sample;AC=MS:1002038	1	1	not available	NT=Lys-C;AC=MS:1001309	NT=Carbamidomethyl;AC=UNIMOD:4;TA=C;MT=Fixed	NT=Oxidation;AC=UNIMOD:21;TA=M;MT=Variable	NT=Protein N-terminal acetylation;AC=null;TA=N-terminus;MT=Variable	NT=N-terminal conversion of glutamine to pyroglutamic acid;AC=null;TA=Q;MT=Variable	NT=SDASO-L alkene on uncleaved lysines;AC=null;TA=K;MT=Variable	NT=SDASO-L sulfenic acid moiety;AC=null;TA=any amino acid;MT=Variable	NT=SDASO-L thiol moiety;AC=null;TA=any amino acid;MT=Variable	NT=SDASO-M alkene on uncleaved lysines;AC=null;TA=K;MT=Variable	NT=SDASO-M sulfenic acid moiety;AC=null;TA=any amino acid;MT=Variable	NT=SDASO-M thiol moiety;AC=null;TA=any amino acid;MT=Variable	NT=SDASO-S alkene on uncleaved lysines;AC=null;TA=K;MT=Variable	NT=SDASO-S sulfenic acid moiety;AC=null;TA=any amino acid;MT=Variable	NT=SDASO-S thiol moiety;AC=null;TA=any amino acid;MT=Variable	NT=DSSO alkene on uncleaved lysines;AC=null;TA=K;MT=Variable	NT=DSSO sulfenic acid moiety;AC=null;TA=any amino acid;MT=Variable	NT=DSSO thiol moiety;AC=null;TA=any amino acid;MT=Variable	not available	not available	NT=[{'NT': 'SDASO-L', 'AC': None, 'CL': 'yes', 'TA': 'K,nterm', 'structured': 'NT=SDASO-L;AC=null;CL=yes;TA=K,nterm'}, {'NT': 'SDASO-M', 'AC': None, 'CL': 'yes', 'TA': 'K,nterm', 'structured': 'NT=SDASO-M;AC=null;CL=yes;TA=K,nterm'}, {'NT': 'SDASO-S', 'AC': None, 'CL': 'yes', 'TA': 'K,nterm', 'structured': 'NT=SDASO-S;AC=null;CL=yes;TA=K,nterm'}, {'NT': 'DSSO', 'AC': 'XLMOD:02126', 'CL': 'yes', 'TA': 'K,S,T,Y', 'structured': 'NT=DSSO;AC=XLMOD:02126;CL=yes;TA=K,S,T,Y'}]	size-exclusion chromatography (SEC)	20 mM	1:50 (SDASO-L/M/S to protein)	1 h	25 °C	OrbitrapLUMOS_20191223_03.raw	NT=ms-proteomics;VV=v1.1.0	NT=crosslinking;VV=v1.0.0
PXD022690_OrbitrapLUMOS_20200528_13	Saccharomyces cerevisiae	whole cell lysate	not available	60	PXD022690_OrbitrapLUMOS_20200528_13_assay	proteomic profiling by mass spectrometry	data-dependent acquisition	NT=label free sample;AC=MS:1002038	1	1	not available	NT=Lys-C;AC=MS:1001309	NT=Carbamidomethyl;AC=UNIMOD:4;TA=C;MT=Fixed	NT=Oxidation;AC=UNIMOD:21;TA=M;MT=Variable	NT=Protein N-terminal acetylation;AC=null;TA=N-terminus;MT=Variable	NT=N-terminal conversion of glutamine to pyroglutamic acid;AC=null;TA=Q;MT=Variable	NT=SDASO-L alkene on uncleaved lysines;AC=null;TA=K;MT=Variable	NT=SDASO-L sulfenic acid moiety;AC=null;TA=any amino acid;MT=Variable	NT=SDASO-L thiol moiety;AC=null;TA=any amino acid;MT=Variable	NT=SDASO-M alkene on uncleaved lysines;AC=null;TA=K;MT=Variable	NT=SDASO-M sulfenic acid moiety;AC=null;TA=any amino acid;MT=Variable	NT=SDASO-M thiol moiety;AC=null;TA=any amino acid;MT=Variable	NT=SDASO-S alkene on uncleaved lysines;AC=null;TA=K;MT=Variable	NT=SDASO-S sulfenic acid moiety;AC=null;TA=any amino acid;MT=Variable	NT=SDASO-S thiol moiety;AC=null;TA=any amino acid;MT=Variable	NT=DSSO alkene on uncleaved lysines;AC=null;TA=K;MT=Variable	NT=DSSO sulfenic acid moiety;AC=null;TA=any amino acid;MT=Variable	NT=DSSO thiol moiety;AC=null;TA=any amino acid;MT=Variable	not available	not available	NT=[{'NT': 'SDASO-L', 'AC': None, 'CL': 'yes', 'TA': 'K,nterm', 'structured': 'NT=SDASO-L;AC=null;CL=yes;TA=K,nterm'}, {'NT': 'SDASO-M', 'AC': None, 'CL': 'yes', 'TA': 'K,nterm', 'structured': 'NT=SDASO-M;AC=null;CL=yes;TA=K,nterm'}, {'NT': 'SDASO-S', 'AC': None, 'CL': 'yes', 'TA': 'K,nterm', 'structured': 'NT=SDASO-S;AC=null;CL=yes;TA=K,nterm'}, {'NT': 'DSSO', 'AC': 'XLMOD:02126', 'CL': 'yes', 'TA': 'K,S,T,Y', 'structured': 'NT=DSSO;AC=XLMOD:02126;CL=yes;TA=K,S,T,Y'}]	size-exclusion chromatography (SEC)	20 mM	1:50 (SDASO-L/M/S to protein)	1 h	25 °C	OrbitrapLUMOS_20200528_13.raw	NT=ms-proteomics;VV=v1.1.0	NT=crosslinking;VV=v1.0.0
PXD022690_OrbitrapLUMOS_20200528_03	Saccharomyces cerevisiae	whole cell lysate	not available	61	PXD022690_OrbitrapLUMOS_20200528_03_assay	proteomic profiling by mass spectrometry	data-dependent acquisition	NT=label free sample;AC=MS:1002038	1	1	not available	NT=Lys-C;AC=MS:1001309	NT=Carbamidomethyl;AC=UNIMOD:4;TA=C;MT=Fixed	NT=Oxidation;AC=UNIMOD:21;TA=M;MT=Variable	NT=Protein N-terminal acetylation;AC=null;TA=N-terminus;MT=Variable	NT=N-terminal conversion of glutamine to pyroglutamic acid;AC=null;TA=Q;MT=Variable	NT=SDASO-L alkene on uncleaved lysines;AC=null;TA=K;MT=Variable	NT=SDASO-L sulfenic acid moiety;AC=null;TA=any amino acid;MT=Variable	NT=SDASO-L thiol moiety;AC=null;TA=any amino acid;MT=Variable	NT=SDASO-M alkene on uncleaved lysines;AC=null;TA=K;MT=Variable	NT=SDASO-M sulfenic acid moiety;AC=null;TA=any amino acid;MT=Variable	NT=SDASO-M thiol moiety;AC=null;TA=any amino acid;MT=Variable	NT=SDASO-S alkene on uncleaved lysines;AC=null;TA=K;MT=Variable	NT=SDASO-S sulfenic acid moiety;AC=null;TA=any amino acid;MT=Variable	NT=SDASO-S thiol moiety;AC=null;TA=any amino acid;MT=Variable	NT=DSSO alkene on uncleaved lysines;AC=null;TA=K;MT=Variable	NT=DSSO sulfenic acid moiety;AC=null;TA=any amino acid;MT=Variable	NT=DSSO thiol moiety;AC=null;TA=any amino acid;MT=Variable	not available	not available	NT=[{'NT': 'SDASO-L', 'AC': None, 'CL': 'yes', 'TA': 'K,nterm', 'structured': 'NT=SDASO-L;AC=null;CL=yes;TA=K,nterm'}, {'NT': 'SDASO-M', 'AC': None, 'CL': 'yes', 'TA': 'K,nterm', 'structured': 'NT=SDASO-M;AC=null;CL=yes;TA=K,nterm'}, {'NT': 'SDASO-S', 'AC': None, 'CL': 'yes', 'TA': 'K,nterm', 'structured': 'NT=SDASO-S;AC=null;CL=yes;TA=K,nterm'}, {'NT': 'DSSO', 'AC': 'XLMOD:02126', 'CL': 'yes', 'TA': 'K,S,T,Y', 'structured': 'NT=DSSO;AC=XLMOD:02126;CL=yes;TA=K,S,T,Y'}]	size-exclusion chromatography (SEC)	20 mM	1:50 (SDASO-L/M/S to protein)	1 h	25 °C	OrbitrapLUMOS_20200528_03.raw	NT=ms-proteomics;VV=v1.1.0	NT=crosslinking;VV=v1.0.0
PXD022690_OrbitrapLUMOS_20200718_02	Saccharomyces cerevisiae	whole cell lysate	not available	62	PXD022690_OrbitrapLUMOS_20200718_02_assay	proteomic profiling by mass spectrometry	data-dependent acquisition	NT=label free sample;AC=MS:1002038	1	1	not available	NT=Lys-C;AC=MS:1001309	NT=Carbamidomethyl;AC=UNIMOD:4;TA=C;MT=Fixed	NT=Oxidation;AC=UNIMOD:21;TA=M;MT=Variable	NT=Protein N-terminal acetylation;AC=null;TA=N-terminus;MT=Variable	NT=N-terminal conversion of glutamine to pyroglutamic acid;AC=null;TA=Q;MT=Variable	NT=SDASO-L alkene on uncleaved lysines;AC=null;TA=K;MT=Variable	NT=SDASO-L sulfenic acid moiety;AC=null;TA=any amino acid;MT=Variable	NT=SDASO-L thiol moiety;AC=null;TA=any amino acid;MT=Variable	NT=SDASO-M alkene on uncleaved lysines;AC=null;TA=K;MT=Variable	NT=SDASO-M sulfenic acid moiety;AC=null;TA=any amino acid;MT=Variable	NT=SDASO-M thiol moiety;AC=null;TA=any amino acid;MT=Variable	NT=SDASO-S alkene on uncleaved lysines;AC=null;TA=K;MT=Variable	NT=SDASO-S sulfenic acid moiety;AC=null;TA=any amino acid;MT=Variable	NT=SDASO-S thiol moiety;AC=null;TA=any amino acid;MT=Variable	NT=DSSO alkene on uncleaved lysines;AC=null;TA=K;MT=Variable	NT=DSSO sulfenic acid moiety;AC=null;TA=any amino acid;MT=Variable	NT=DSSO thiol moiety;AC=null;TA=any amino acid;MT=Variable	not available	not available	NT=[{'NT': 'SDASO-L', 'AC': None, 'CL': 'yes', 'TA': 'K,nterm', 'structured': 'NT=SDASO-L;AC=null;CL=yes;TA=K,nterm'}, {'NT': 'SDASO-M', 'AC': None, 'CL': 'yes', 'TA': 'K,nterm', 'structured': 'NT=SDASO-M;AC=null;CL=yes;TA=K,nterm'}, {'NT': 'SDASO-S', 'AC': None, 'CL': 'yes', 'TA': 'K,nterm', 'structured': 'NT=SDASO-S;AC=null;CL=yes;TA=K,nterm'}, {'NT': 'DSSO', 'AC': 'XLMOD:02126', 'CL': 'yes', 'TA': 'K,S,T,Y', 'structured': 'NT=DSSO;AC=XLMOD:02126;CL=yes;TA=K,S,T,Y'}]	size-exclusion chromatography (SEC)	20 mM	1:50 (SDASO-L/M/S to protein)	1 h	25 °C	OrbitrapLUMOS_20200718_02.raw	NT=ms-proteomics;VV=v1.1.0	NT=crosslinking;VV=v1.0.0
PXD022690_OrbitrapLUMOS_20200528_11	Saccharomyces cerevisiae	whole cell lysate	not available	63	PXD022690_OrbitrapLUMOS_20200528_11_assay	proteomic profiling by mass spectrometry	data-dependent acquisition	NT=label free sample;AC=MS:1002038	1	1	not available	NT=Lys-C;AC=MS:1001309	NT=Carbamidomethyl;AC=UNIMOD:4;TA=C;MT=Fixed	NT=Oxidation;AC=UNIMOD:21;TA=M;MT=Variable	NT=Protein N-terminal acetylation;AC=null;TA=N-terminus;MT=Variable	NT=N-terminal conversion of glutamine to pyroglutamic acid;AC=null;TA=Q;MT=Variable	NT=SDASO-L alkene on uncleaved lysines;AC=null;TA=K;MT=Variable	NT=SDASO-L sulfenic acid moiety;AC=null;TA=any amino acid;MT=Variable	NT=SDASO-L thiol moiety;AC=null;TA=any amino acid;MT=Variable	NT=SDASO-M alkene on uncleaved lysines;AC=null;TA=K;MT=Variable	NT=SDASO-M sulfenic acid moiety;AC=null;TA=any amino acid;MT=Variable	NT=SDASO-M thiol moiety;AC=null;TA=any amino acid;MT=Variable	NT=SDASO-S alkene on uncleaved lysines;AC=null;TA=K;MT=Variable	NT=SDASO-S sulfenic acid moiety;AC=null;TA=any amino acid;MT=Variable	NT=SDASO-S thiol moiety;AC=null;TA=any amino acid;MT=Variable	NT=DSSO alkene on uncleaved lysines;AC=null;TA=K;MT=Variable	NT=DSSO sulfenic acid moiety;AC=null;TA=any amino acid;MT=Variable	NT=DSSO thiol moiety;AC=null;TA=any amino acid;MT=Variable	not available	not available	NT=[{'NT': 'SDASO-L', 'AC': None, 'CL': 'yes', 'TA': 'K,nterm', 'structured': 'NT=SDASO-L;AC=null;CL=yes;TA=K,nterm'}, {'NT': 'SDASO-M', 'AC': None, 'CL': 'yes', 'TA': 'K,nterm', 'structured': 'NT=SDASO-M;AC=null;CL=yes;TA=K,nterm'}, {'NT': 'SDASO-S', 'AC': None, 'CL': 'yes', 'TA': 'K,nterm', 'structured': 'NT=SDASO-S;AC=null;CL=yes;TA=K,nterm'}, {'NT': 'DSSO', 'AC': 'XLMOD:02126', 'CL': 'yes', 'TA': 'K,S,T,Y', 'structured': 'NT=DSSO;AC=XLMOD:02126;CL=yes;TA=K,S,T,Y'}]	size-exclusion chromatography (SEC)	20 mM	1:50 (SDASO-L/M/S to protein)	1 h	25 °C	OrbitrapLUMOS_20200528_11.raw	NT=ms-proteomics;VV=v1.1.0	NT=crosslinking;VV=v1.0.0
PXD022690_OrbitrapLUMOS_20200719_02	Saccharomyces cerevisiae	whole cell lysate	not available	64	PXD022690_OrbitrapLUMOS_20200719_02_assay	proteomic profiling by mass spectrometry	data-dependent acquisition	NT=label free sample;AC=MS:1002038	1	1	not available	NT=Lys-C;AC=MS:1001309	NT=Carbamidomethyl;AC=UNIMOD:4;TA=C;MT=Fixed	NT=Oxidation;AC=UNIMOD:21;TA=M;MT=Variable	NT=Protein N-terminal acetylation;AC=null;TA=N-terminus;MT=Variable	NT=N-terminal conversion of glutamine to pyroglutamic acid;AC=null;TA=Q;MT=Variable	NT=SDASO-L alkene on uncleaved lysines;AC=null;TA=K;MT=Variable	NT=SDASO-L sulfenic acid moiety;AC=null;TA=any amino acid;MT=Variable	NT=SDASO-L thiol moiety;AC=null;TA=any amino acid;MT=Variable	NT=SDASO-M alkene on uncleaved lysines;AC=null;TA=K;MT=Variable	NT=SDASO-M sulfenic acid moiety;AC=null;TA=any amino acid;MT=Variable	NT=SDASO-M thiol moiety;AC=null;TA=any amino acid;MT=Variable	NT=SDASO-S alkene on uncleaved lysines;AC=null;TA=K;MT=Variable	NT=SDASO-S sulfenic acid moiety;AC=null;TA=any amino acid;MT=Variable	NT=SDASO-S thiol moiety;AC=null;TA=any amino acid;MT=Variable	NT=DSSO alkene on uncleaved lysines;AC=null;TA=K;MT=Variable	NT=DSSO sulfenic acid moiety;AC=null;TA=any amino acid;MT=Variable	NT=DSSO thiol moiety;AC=null;TA=any amino acid;MT=Variable	not available	not available	NT=[{'NT': 'SDASO-L', 'AC': None, 'CL': 'yes', 'TA': 'K,nterm', 'structured': 'NT=SDASO-L;AC=null;CL=yes;TA=K,nterm'}, {'NT': 'SDASO-M', 'AC': None, 'CL': 'yes', 'TA': 'K,nterm', 'structured': 'NT=SDASO-M;AC=null;CL=yes;TA=K,nterm'}, {'NT': 'SDASO-S', 'AC': None, 'CL': 'yes', 'TA': 'K,nterm', 'structured': 'NT=SDASO-S;AC=null;CL=yes;TA=K,nterm'}, {'NT': 'DSSO', 'AC': 'XLMOD:02126', 'CL': 'yes', 'TA': 'K,S,T,Y', 'structured': 'NT=DSSO;AC=XLMOD:02126;CL=yes;TA=K,S,T,Y'}]	size-exclusion chromatography (SEC)	20 mM	1:50 (SDASO-L/M/S to protein)	1 h	25 °C	OrbitrapLUMOS_20200719_02.raw	NT=ms-proteomics;VV=v1.1.0	NT=crosslinking;VV=v1.0.0
PXD022690_OrbitrapLUMOS_20200404_01	Saccharomyces cerevisiae	whole cell lysate	not available	65	PXD022690_OrbitrapLUMOS_20200404_01_assay	proteomic profiling by mass spectrometry	data-dependent acquisition	NT=label free sample;AC=MS:1002038	1	1	not available	NT=Lys-C;AC=MS:1001309	NT=Carbamidomethyl;AC=UNIMOD:4;TA=C;MT=Fixed	NT=Oxidation;AC=UNIMOD:21;TA=M;MT=Variable	NT=Protein N-terminal acetylation;AC=null;TA=N-terminus;MT=Variable	NT=N-terminal conversion of glutamine to pyroglutamic acid;AC=null;TA=Q;MT=Variable	NT=SDASO-L alkene on uncleaved lysines;AC=null;TA=K;MT=Variable	NT=SDASO-L sulfenic acid moiety;AC=null;TA=any amino acid;MT=Variable	NT=SDASO-L thiol moiety;AC=null;TA=any amino acid;MT=Variable	NT=SDASO-M alkene on uncleaved lysines;AC=null;TA=K;MT=Variable	NT=SDASO-M sulfenic acid moiety;AC=null;TA=any amino acid;MT=Variable	NT=SDASO-M thiol moiety;AC=null;TA=any amino acid;MT=Variable	NT=SDASO-S alkene on uncleaved lysines;AC=null;TA=K;MT=Variable	NT=SDASO-S sulfenic acid moiety;AC=null;TA=any amino acid;MT=Variable	NT=SDASO-S thiol moiety;AC=null;TA=any amino acid;MT=Variable	NT=DSSO alkene on uncleaved lysines;AC=null;TA=K;MT=Variable	NT=DSSO sulfenic acid moiety;AC=null;TA=any amino acid;MT=Variable	NT=DSSO thiol moiety;AC=null;TA=any amino acid;MT=Variable	not available	not available	NT=[{'NT': 'SDASO-L', 'AC': None, 'CL': 'yes', 'TA': 'K,nterm', 'structured': 'NT=SDASO-L;AC=null;CL=yes;TA=K,nterm'}, {'NT': 'SDASO-M', 'AC': None, 'CL': 'yes', 'TA': 'K,nterm', 'structured': 'NT=SDASO-M;AC=null;CL=yes;TA=K,nterm'}, {'NT': 'SDASO-S', 'AC': None, 'CL': 'yes', 'TA': 'K,nterm', 'structured': 'NT=SDASO-S;AC=null;CL=yes;TA=K,nterm'}, {'NT': 'DSSO', 'AC': 'XLMOD:02126', 'CL': 'yes', 'TA': 'K,S,T,Y', 'structured': 'NT=DSSO;AC=XLMOD:02126;CL=yes;TA=K,S,T,Y'}]	size-exclusion chromatography (SEC)	20 mM	1:50 (SDASO-L/M/S to protein)	1 h	25 °C	OrbitrapLUMOS_20200404_01.raw	NT=ms-proteomics;VV=v1.1.0	NT=crosslinking;VV=v1.0.0
PXD022690_OrbitrapLUMOS_20200730_01	Saccharomyces cerevisiae	whole cell lysate	not available	66	PXD022690_OrbitrapLUMOS_20200730_01_assay	proteomic profiling by mass spectrometry	data-dependent acquisition	NT=label free sample;AC=MS:1002038	1	1	not available	NT=Lys-C;AC=MS:1001309	NT=Carbamidomethyl;AC=UNIMOD:4;TA=C;MT=Fixed	NT=Oxidation;AC=UNIMOD:21;TA=M;MT=Variable	NT=Protein N-terminal acetylation;AC=null;TA=N-terminus;MT=Variable	NT=N-terminal conversion of glutamine to pyroglutamic acid;AC=null;TA=Q;MT=Variable	NT=SDASO-L alkene on uncleaved lysines;AC=null;TA=K;MT=Variable	NT=SDASO-L sulfenic acid moiety;AC=null;TA=any amino acid;MT=Variable	NT=SDASO-L thiol moiety;AC=null;TA=any amino acid;MT=Variable	NT=SDASO-M alkene on uncleaved lysines;AC=null;TA=K;MT=Variable	NT=SDASO-M sulfenic acid moiety;AC=null;TA=any amino acid;MT=Variable	NT=SDASO-M thiol moiety;AC=null;TA=any amino acid;MT=Variable	NT=SDASO-S alkene on uncleaved lysines;AC=null;TA=K;MT=Variable	NT=SDASO-S sulfenic acid moiety;AC=null;TA=any amino acid;MT=Variable	NT=SDASO-S thiol moiety;AC=null;TA=any amino acid;MT=Variable	NT=DSSO alkene on uncleaved lysines;AC=null;TA=K;MT=Variable	NT=DSSO sulfenic acid moiety;AC=null;TA=any amino acid;MT=Variable	NT=DSSO thiol moiety;AC=null;TA=any amino acid;MT=Variable	not available	not available	NT=[{'NT': 'SDASO-L', 'AC': None, 'CL': 'yes', 'TA': 'K,nterm', 'structured': 'NT=SDASO-L;AC=null;CL=yes;TA=K,nterm'}, {'NT': 'SDASO-M', 'AC': None, 'CL': 'yes', 'TA': 'K,nterm', 'structured': 'NT=SDASO-M;AC=null;CL=yes;TA=K,nterm'}, {'NT': 'SDASO-S', 'AC': None, 'CL': 'yes', 'TA': 'K,nterm', 'structured': 'NT=SDASO-S;AC=null;CL=yes;TA=K,nterm'}, {'NT': 'DSSO', 'AC': 'XLMOD:02126', 'CL': 'yes', 'TA': 'K,S,T,Y', 'structured': 'NT=DSSO;AC=XLMOD:02126;CL=yes;TA=K,S,T,Y'}]	size-exclusion chromatography (SEC)	20 mM	1:50 (SDASO-L/M/S to protein)	1 h	25 °C	OrbitrapLUMOS_20200730_01.raw	NT=ms-proteomics;VV=v1.1.0	NT=crosslinking;VV=v1.0.0
PXD022690_OrbitrapLUMOS_20200215_07	Saccharomyces cerevisiae	whole cell lysate	not available	67	PXD022690_OrbitrapLUMOS_20200215_07_assay	proteomic profiling by mass spectrometry	data-dependent acquisition	NT=label free sample;AC=MS:1002038	1	1	not available	NT=Lys-C;AC=MS:1001309	NT=Carbamidomethyl;AC=UNIMOD:4;TA=C;MT=Fixed	NT=Oxidation;AC=UNIMOD:21;TA=M;MT=Variable	NT=Protein N-terminal acetylation;AC=null;TA=N-terminus;MT=Variable	NT=N-terminal conversion of glutamine to pyroglutamic acid;AC=null;TA=Q;MT=Variable	NT=SDASO-L alkene on uncleaved lysines;AC=null;TA=K;MT=Variable	NT=SDASO-L sulfenic acid moiety;AC=null;TA=any amino acid;MT=Variable	NT=SDASO-L thiol moiety;AC=null;TA=any amino acid;MT=Variable	NT=SDASO-M alkene on uncleaved lysines;AC=null;TA=K;MT=Variable	NT=SDASO-M sulfenic acid moiety;AC=null;TA=any amino acid;MT=Variable	NT=SDASO-M thiol moiety;AC=null;TA=any amino acid;MT=Variable	NT=SDASO-S alkene on uncleaved lysines;AC=null;TA=K;MT=Variable	NT=SDASO-S sulfenic acid moiety;AC=null;TA=any amino acid;MT=Variable	NT=SDASO-S thiol moiety;AC=null;TA=any amino acid;MT=Variable	NT=DSSO alkene on uncleaved lysines;AC=null;TA=K;MT=Variable	NT=DSSO sulfenic acid moiety;AC=null;TA=any amino acid;MT=Variable	NT=DSSO thiol moiety;AC=null;TA=any amino acid;MT=Variable	not available	not available	NT=[{'NT': 'SDASO-L', 'AC': None, 'CL': 'yes', 'TA': 'K,nterm', 'structured': 'NT=SDASO-L;AC=null;CL=yes;TA=K,nterm'}, {'NT': 'SDASO-M', 'AC': None, 'CL': 'yes', 'TA': 'K,nterm', 'structured': 'NT=SDASO-M;AC=null;CL=yes;TA=K,nterm'}, {'NT': 'SDASO-S', 'AC': None, 'CL': 'yes', 'TA': 'K,nterm', 'structured': 'NT=SDASO-S;AC=null;CL=yes;TA=K,nterm'}, {'NT': 'DSSO', 'AC': 'XLMOD:02126', 'CL': 'yes', 'TA': 'K,S,T,Y', 'structured': 'NT=DSSO;AC=XLMOD:02126;CL=yes;TA=K,S,T,Y'}]	size-exclusion chromatography (SEC)	20 mM	1:50 (SDASO-L/M/S to protein)	1 h	25 °C	OrbitrapLUMOS_20200215_07.raw	NT=ms-proteomics;VV=v1.1.0	NT=crosslinking;VV=v1.0.0
PXD022690_OrbitrapLUMOS_20200216_02	Saccharomyces cerevisiae	whole cell lysate	not available	68	PXD022690_OrbitrapLUMOS_20200216_02_assay	proteomic profiling by mass spectrometry	data-dependent acquisition	NT=label free sample;AC=MS:1002038	1	1	not available	NT=Lys-C;AC=MS:1001309	NT=Carbamidomethyl;AC=UNIMOD:4;TA=C;MT=Fixed	NT=Oxidation;AC=UNIMOD:21;TA=M;MT=Variable	NT=Protein N-terminal acetylation;AC=null;TA=N-terminus;MT=Variable	NT=N-terminal conversion of glutamine to pyroglutamic acid;AC=null;TA=Q;MT=Variable	NT=SDASO-L alkene on uncleaved lysines;AC=null;TA=K;MT=Variable	NT=SDASO-L sulfenic acid moiety;AC=null;TA=any amino acid;MT=Variable	NT=SDASO-L thiol moiety;AC=null;TA=any amino acid;MT=Variable	NT=SDASO-M alkene on uncleaved lysines;AC=null;TA=K;MT=Variable	NT=SDASO-M sulfenic acid moiety;AC=null;TA=any amino acid;MT=Variable	NT=SDASO-M thiol moiety;AC=null;TA=any amino acid;MT=Variable	NT=SDASO-S alkene on uncleaved lysines;AC=null;TA=K;MT=Variable	NT=SDASO-S sulfenic acid moiety;AC=null;TA=any amino acid;MT=Variable	NT=SDASO-S thiol moiety;AC=null;TA=any amino acid;MT=Variable	NT=DSSO alkene on uncleaved lysines;AC=null;TA=K;MT=Variable	NT=DSSO sulfenic acid moiety;AC=null;TA=any amino acid;MT=Variable	NT=DSSO thiol moiety;AC=null;TA=any amino acid;MT=Variable	not available	not available	NT=[{'NT': 'SDASO-L', 'AC': None, 'CL': 'yes', 'TA': 'K,nterm', 'structured': 'NT=SDASO-L;AC=null;CL=yes;TA=K,nterm'}, {'NT': 'SDASO-M', 'AC': None, 'CL': 'yes', 'TA': 'K,nterm', 'structured': 'NT=SDASO-M;AC=null;CL=yes;TA=K,nterm'}, {'NT': 'SDASO-S', 'AC': None, 'CL': 'yes', 'TA': 'K,nterm', 'structured': 'NT=SDASO-S;AC=null;CL=yes;TA=K,nterm'}, {'NT': 'DSSO', 'AC': 'XLMOD:02126', 'CL': 'yes', 'TA': 'K,S,T,Y', 'structured': 'NT=DSSO;AC=XLMOD:02126;CL=yes;TA=K,S,T,Y'}]	size-exclusion chromatography (SEC)	20 mM	1:50 (SDASO-L/M/S to protein)	1 h	25 °C	OrbitrapLUMOS_20200216_02.raw	NT=ms-proteomics;VV=v1.1.0	NT=crosslinking;VV=v1.0.0
PXD022690_OrbitrapLUMOS_20200403_06	Saccharomyces cerevisiae	whole cell lysate	not available	69	PXD022690_OrbitrapLUMOS_20200403_06_assay	proteomic profiling by mass spectrometry	data-dependent acquisition	NT=label free sample;AC=MS:1002038	1	1	not available	NT=Lys-C;AC=MS:1001309	NT=Carbamidomethyl;AC=UNIMOD:4;TA=C;MT=Fixed	NT=Oxidation;AC=UNIMOD:21;TA=M;MT=Variable	NT=Protein N-terminal acetylation;AC=null;TA=N-terminus;MT=Variable	NT=N-terminal conversion of glutamine to pyroglutamic acid;AC=null;TA=Q;MT=Variable	NT=SDASO-L alkene on uncleaved lysines;AC=null;TA=K;MT=Variable	NT=SDASO-L sulfenic acid moiety;AC=null;TA=any amino acid;MT=Variable	NT=SDASO-L thiol moiety;AC=null;TA=any amino acid;MT=Variable	NT=SDASO-M alkene on uncleaved lysines;AC=null;TA=K;MT=Variable	NT=SDASO-M sulfenic acid moiety;AC=null;TA=any amino acid;MT=Variable	NT=SDASO-M thiol moiety;AC=null;TA=any amino acid;MT=Variable	NT=SDASO-S alkene on uncleaved lysines;AC=null;TA=K;MT=Variable	NT=SDASO-S sulfenic acid moiety;AC=null;TA=any amino acid;MT=Variable	NT=SDASO-S thiol moiety;AC=null;TA=any amino acid;MT=Variable	NT=DSSO alkene on uncleaved lysines;AC=null;TA=K;MT=Variable	NT=DSSO sulfenic acid moiety;AC=null;TA=any amino acid;MT=Variable	NT=DSSO thiol moiety;AC=null;TA=any amino acid;MT=Variable	not available	not available	NT=[{'NT': 'SDASO-L', 'AC': None, 'CL': 'yes', 'TA': 'K,nterm', 'structured': 'NT=SDASO-L;AC=null;CL=yes;TA=K,nterm'}, {'NT': 'SDASO-M', 'AC': None, 'CL': 'yes', 'TA': 'K,nterm', 'structured': 'NT=SDASO-M;AC=null;CL=yes;TA=K,nterm'}, {'NT': 'SDASO-S', 'AC': None, 'CL': 'yes', 'TA': 'K,nterm', 'structured': 'NT=SDASO-S;AC=null;CL=yes;TA=K,nterm'}, {'NT': 'DSSO', 'AC': 'XLMOD:02126', 'CL': 'yes', 'TA': 'K,S,T,Y', 'structured': 'NT=DSSO;AC=XLMOD:02126;CL=yes;TA=K,S,T,Y'}]	size-exclusion chromatography (SEC)	20 mM	1:50 (SDASO-L/M/S to protein)	1 h	25 °C	OrbitrapLUMOS_20200403_06.raw	NT=ms-proteomics;VV=v1.1.0	NT=crosslinking;VV=v1.0.0
PXD022690_OrbitrapLUMOS_20191223_05	Saccharomyces cerevisiae	whole cell lysate	not available	70	PXD022690_OrbitrapLUMOS_20191223_05_assay	proteomic profiling by mass spectrometry	data-dependent acquisition	NT=label free sample;AC=MS:1002038	1	1	not available	NT=Lys-C;AC=MS:1001309	NT=Carbamidomethyl;AC=UNIMOD:4;TA=C;MT=Fixed	NT=Oxidation;AC=UNIMOD:21;TA=M;MT=Variable	NT=Protein N-terminal acetylation;AC=null;TA=N-terminus;MT=Variable	NT=N-terminal conversion of glutamine to pyroglutamic acid;AC=null;TA=Q;MT=Variable	NT=SDASO-L alkene on uncleaved lysines;AC=null;TA=K;MT=Variable	NT=SDASO-L sulfenic acid moiety;AC=null;TA=any amino acid;MT=Variable	NT=SDASO-L thiol moiety;AC=null;TA=any amino acid;MT=Variable	NT=SDASO-M alkene on uncleaved lysines;AC=null;TA=K;MT=Variable	NT=SDASO-M sulfenic acid moiety;AC=null;TA=any amino acid;MT=Variable	NT=SDASO-M thiol moiety;AC=null;TA=any amino acid;MT=Variable	NT=SDASO-S alkene on uncleaved lysines;AC=null;TA=K;MT=Variable	NT=SDASO-S sulfenic acid moiety;AC=null;TA=any amino acid;MT=Variable	NT=SDASO-S thiol moiety;AC=null;TA=any amino acid;MT=Variable	NT=DSSO alkene on uncleaved lysines;AC=null;TA=K;MT=Variable	NT=DSSO sulfenic acid moiety;AC=null;TA=any amino acid;MT=Variable	NT=DSSO thiol moiety;AC=null;TA=any amino acid;MT=Variable	not available	not available	NT=[{'NT': 'SDASO-L', 'AC': None, 'CL': 'yes', 'TA': 'K,nterm', 'structured': 'NT=SDASO-L;AC=null;CL=yes;TA=K,nterm'}, {'NT': 'SDASO-M', 'AC': None, 'CL': 'yes', 'TA': 'K,nterm', 'structured': 'NT=SDASO-M;AC=null;CL=yes;TA=K,nterm'}, {'NT': 'SDASO-S', 'AC': None, 'CL': 'yes', 'TA': 'K,nterm', 'structured': 'NT=SDASO-S;AC=null;CL=yes;TA=K,nterm'}, {'NT': 'DSSO', 'AC': 'XLMOD:02126', 'CL': 'yes', 'TA': 'K,S,T,Y', 'structured': 'NT=DSSO;AC=XLMOD:02126;CL=yes;TA=K,S,T,Y'}]	size-exclusion chromatography (SEC)	20 mM	1:50 (SDASO-L/M/S to protein)	1 h	25 °C	OrbitrapLUMOS_20191223_05.raw	NT=ms-proteomics;VV=v1.1.0	NT=crosslinking;VV=v1.0.0
PXD022690_OrbitrapLUMOS_20191223_02	Saccharomyces cerevisiae	whole cell lysate	not available	71	PXD022690_OrbitrapLUMOS_20191223_02_assay	proteomic profiling by mass spectrometry	data-dependent acquisition	NT=label free sample;AC=MS:1002038	1	1	not available	NT=Lys-C;AC=MS:1001309	NT=Carbamidomethyl;AC=UNIMOD:4;TA=C;MT=Fixed	NT=Oxidation;AC=UNIMOD:21;TA=M;MT=Variable	NT=Protein N-terminal acetylation;AC=null;TA=N-terminus;MT=Variable	NT=N-terminal conversion of glutamine to pyroglutamic acid;AC=null;TA=Q;MT=Variable	NT=SDASO-L alkene on uncleaved lysines;AC=null;TA=K;MT=Variable	NT=SDASO-L sulfenic acid moiety;AC=null;TA=any amino acid;MT=Variable	NT=SDASO-L thiol moiety;AC=null;TA=any amino acid;MT=Variable	NT=SDASO-M alkene on uncleaved lysines;AC=null;TA=K;MT=Variable	NT=SDASO-M sulfenic acid moiety;AC=null;TA=any amino acid;MT=Variable	NT=SDASO-M thiol moiety;AC=null;TA=any amino acid;MT=Variable	NT=SDASO-S alkene on uncleaved lysines;AC=null;TA=K;MT=Variable	NT=SDASO-S sulfenic acid moiety;AC=null;TA=any amino acid;MT=Variable	NT=SDASO-S thiol moiety;AC=null;TA=any amino acid;MT=Variable	NT=DSSO alkene on uncleaved lysines;AC=null;TA=K;MT=Variable	NT=DSSO sulfenic acid moiety;AC=null;TA=any amino acid;MT=Variable	NT=DSSO thiol moiety;AC=null;TA=any amino acid;MT=Variable	not available	not available	NT=[{'NT': 'SDASO-L', 'AC': None, 'CL': 'yes', 'TA': 'K,nterm', 'structured': 'NT=SDASO-L;AC=null;CL=yes;TA=K,nterm'}, {'NT': 'SDASO-M', 'AC': None, 'CL': 'yes', 'TA': 'K,nterm', 'structured': 'NT=SDASO-M;AC=null;CL=yes;TA=K,nterm'}, {'NT': 'SDASO-S', 'AC': None, 'CL': 'yes', 'TA': 'K,nterm', 'structured': 'NT=SDASO-S;AC=null;CL=yes;TA=K,nterm'}, {'NT': 'DSSO', 'AC': 'XLMOD:02126', 'CL': 'yes', 'TA': 'K,S,T,Y', 'structured': 'NT=DSSO;AC=XLMOD:02126;CL=yes;TA=K,S,T,Y'}]	size-exclusion chromatography (SEC)	20 mM	1:50 (SDASO-L/M/S to protein)	1 h	25 °C	OrbitrapLUMOS_20191223_02.raw	NT=ms-proteomics;VV=v1.1.0	NT=crosslinking;VV=v1.0.0
