source name	characteristics[organism]	characteristics[organism part]	characteristics[cell type]	characteristics[biological replicate]	assay name	technology type	comment[proteomics data acquisition method]	comment[label]	comment[fraction identifier]	comment[technical replicate]	comment[instrument]	comment[cleavage agent details]	comment[modification parameters]	comment[modification parameters]	comment[modification parameters]	comment[modification parameters]	comment[modification parameters]	comment[modification parameters]	comment[modification parameters]	comment[modification parameters]	comment[collision energy]	comment[dissociation method]	comment[cross-linker]	comment[crosslink enrichment method]	comment[crosslinker concentration]	comment[crosslinker to protein ratio]	comment[crosslinking reaction time]	comment[crosslinking temperature]	comment[data file]	comment[sdrf template]	comment[sdrf template]	comment[sdrf template]
PXD027068_NCB4461A36LC3_D5_NCB4461A36LC3-40-210655	Caenorhabditis elegans	gut, muscle, skin, and nervous system	neurons (including AFD neurons)	1	PXD027068_NCB4461A36LC3_D5_NCB4461A36LC3-40-210655_assay	proteomic profiling by mass spectrometry	data-dependent acquisition	NT=label free sample;AC=MS:1002038	1	1	not available	NT=Trypsin;AC=MS:1001251	NT=Carbamidomethyl;AC=UNIMOD:4;TA=C;MT=Fixed	NT=Oxidation;AC=UNIMOD:21;TA=M;MT=Variable	NT=Acetyl;AC=UNIMOD:2;TA=Protein N-term;MT=Variable	NT=Deamidation;AC=UNIMOD:7;TA=NQ;MT=Variable	NT=Gln->pyro-Glu;AC=UNIMOD:28;TA=Q;MT=Variable	NT=Phospho;AC=UNIMOD:21;TA=STY;MT=Variable	NT=K-Biot;AC=null;TA=K;MT=Variable	NT=N-termBiot;AC=null;TA=Protein N-terminus;MT=Variable	not available	not available	not available	not available	not available	not available	2 h	22 °C	NCB4461A36LC3_D5_NCB4461A36LC3-40-210655.raw	NT=ms-proteomics;VV=v1.1.0	NT=crosslinking;VV=v1.0.0	NT=invertebrates;VV=v1.1.0
PXD027068_NCB4509A35LC2_G6_NCB4509A47LC3-40-215859	Caenorhabditis elegans	gut, muscle, skin, and nervous system	neurons (including AFD neurons)	2	PXD027068_NCB4509A35LC2_G6_NCB4509A47LC3-40-215859_assay	proteomic profiling by mass spectrometry	data-dependent acquisition	NT=label free sample;AC=MS:1002038	1	1	not available	NT=Trypsin;AC=MS:1001251	NT=Carbamidomethyl;AC=UNIMOD:4;TA=C;MT=Fixed	NT=Oxidation;AC=UNIMOD:21;TA=M;MT=Variable	NT=Acetyl;AC=UNIMOD:2;TA=Protein N-term;MT=Variable	NT=Deamidation;AC=UNIMOD:7;TA=NQ;MT=Variable	NT=Gln->pyro-Glu;AC=UNIMOD:28;TA=Q;MT=Variable	NT=Phospho;AC=UNIMOD:21;TA=STY;MT=Variable	NT=K-Biot;AC=null;TA=K;MT=Variable	NT=N-termBiot;AC=null;TA=Protein N-terminus;MT=Variable	not available	not available	not available	not available	not available	not available	2 h	22 °C	NCB4509A35LC2_G6_NCB4509A47LC3-40-215859.raw	NT=ms-proteomics;VV=v1.1.0	NT=crosslinking;VV=v1.0.0	NT=invertebrates;VV=v1.1.0
PXD027068_NCB4497A52LC2_D10_NCB4497A52LC2-40-215385	Caenorhabditis elegans	gut, muscle, skin, and nervous system	neurons (including AFD neurons)	3	PXD027068_NCB4497A52LC2_D10_NCB4497A52LC2-40-215385_assay	proteomic profiling by mass spectrometry	data-dependent acquisition	NT=label free sample;AC=MS:1002038	1	1	not available	NT=Trypsin;AC=MS:1001251	NT=Carbamidomethyl;AC=UNIMOD:4;TA=C;MT=Fixed	NT=Oxidation;AC=UNIMOD:21;TA=M;MT=Variable	NT=Acetyl;AC=UNIMOD:2;TA=Protein N-term;MT=Variable	NT=Deamidation;AC=UNIMOD:7;TA=NQ;MT=Variable	NT=Gln->pyro-Glu;AC=UNIMOD:28;TA=Q;MT=Variable	NT=Phospho;AC=UNIMOD:21;TA=STY;MT=Variable	NT=K-Biot;AC=null;TA=K;MT=Variable	NT=N-termBiot;AC=null;TA=Protein N-terminus;MT=Variable	not available	not available	not available	not available	not available	not available	2 h	22 °C	NCB4497A52LC2_D10_NCB4497A52LC2-40-215385.raw	NT=ms-proteomics;VV=v1.1.0	NT=crosslinking;VV=v1.0.0	NT=invertebrates;VV=v1.1.0
PXD027068_NCB4497A19LC2_C3_NCB4497A19LC2-40-215248	Caenorhabditis elegans	gut, muscle, skin, and nervous system	neurons (including AFD neurons)	4	PXD027068_NCB4497A19LC2_C3_NCB4497A19LC2-40-215248_assay	proteomic profiling by mass spectrometry	data-dependent acquisition	NT=label free sample;AC=MS:1002038	1	1	not available	NT=Trypsin;AC=MS:1001251	NT=Carbamidomethyl;AC=UNIMOD:4;TA=C;MT=Fixed	NT=Oxidation;AC=UNIMOD:21;TA=M;MT=Variable	NT=Acetyl;AC=UNIMOD:2;TA=Protein N-term;MT=Variable	NT=Deamidation;AC=UNIMOD:7;TA=NQ;MT=Variable	NT=Gln->pyro-Glu;AC=UNIMOD:28;TA=Q;MT=Variable	NT=Phospho;AC=UNIMOD:21;TA=STY;MT=Variable	NT=K-Biot;AC=null;TA=K;MT=Variable	NT=N-termBiot;AC=null;TA=Protein N-terminus;MT=Variable	not available	not available	not available	not available	not available	not available	2 h	22 °C	NCB4497A19LC2_C3_NCB4497A19LC2-40-215248.raw	NT=ms-proteomics;VV=v1.1.0	NT=crosslinking;VV=v1.0.0	NT=invertebrates;VV=v1.1.0
PXD027068_NCB4497A59LC2_C11_NCB4497A59LC2-40-215392	Caenorhabditis elegans	gut, muscle, skin, and nervous system	neurons (including AFD neurons)	5	PXD027068_NCB4497A59LC2_C11_NCB4497A59LC2-40-215392_assay	proteomic profiling by mass spectrometry	data-dependent acquisition	NT=label free sample;AC=MS:1002038	1	1	not available	NT=Trypsin;AC=MS:1001251	NT=Carbamidomethyl;AC=UNIMOD:4;TA=C;MT=Fixed	NT=Oxidation;AC=UNIMOD:21;TA=M;MT=Variable	NT=Acetyl;AC=UNIMOD:2;TA=Protein N-term;MT=Variable	NT=Deamidation;AC=UNIMOD:7;TA=NQ;MT=Variable	NT=Gln->pyro-Glu;AC=UNIMOD:28;TA=Q;MT=Variable	NT=Phospho;AC=UNIMOD:21;TA=STY;MT=Variable	NT=K-Biot;AC=null;TA=K;MT=Variable	NT=N-termBiot;AC=null;TA=Protein N-terminus;MT=Variable	not available	not available	not available	not available	not available	not available	2 h	22 °C	NCB4497A59LC2_C11_NCB4497A59LC2-40-215392.raw	NT=ms-proteomics;VV=v1.1.0	NT=crosslinking;VV=v1.0.0	NT=invertebrates;VV=v1.1.0
PXD027068_NCB4461A18LC3_B3_NCB4461A18LC3-40-209137	Caenorhabditis elegans	gut, muscle, skin, and nervous system	neurons (including AFD neurons)	6	PXD027068_NCB4461A18LC3_B3_NCB4461A18LC3-40-209137_assay	proteomic profiling by mass spectrometry	data-dependent acquisition	NT=label free sample;AC=MS:1002038	1	1	not available	NT=Trypsin;AC=MS:1001251	NT=Carbamidomethyl;AC=UNIMOD:4;TA=C;MT=Fixed	NT=Oxidation;AC=UNIMOD:21;TA=M;MT=Variable	NT=Acetyl;AC=UNIMOD:2;TA=Protein N-term;MT=Variable	NT=Deamidation;AC=UNIMOD:7;TA=NQ;MT=Variable	NT=Gln->pyro-Glu;AC=UNIMOD:28;TA=Q;MT=Variable	NT=Phospho;AC=UNIMOD:21;TA=STY;MT=Variable	NT=K-Biot;AC=null;TA=K;MT=Variable	NT=N-termBiot;AC=null;TA=Protein N-terminus;MT=Variable	not available	not available	not available	not available	not available	not available	2 h	22 °C	NCB4461A18LC3_B3_NCB4461A18LC3-40-209137.raw	NT=ms-proteomics;VV=v1.1.0	NT=crosslinking;VV=v1.0.0	NT=invertebrates;VV=v1.1.0
PXD027068_NCB4509A2LC2_B1_NCB4509A2LC3-40-215636	Caenorhabditis elegans	gut, muscle, skin, and nervous system	neurons (including AFD neurons)	7	PXD027068_NCB4509A2LC2_B1_NCB4509A2LC3-40-215636_assay	proteomic profiling by mass spectrometry	data-dependent acquisition	NT=label free sample;AC=MS:1002038	1	1	not available	NT=Trypsin;AC=MS:1001251	NT=Carbamidomethyl;AC=UNIMOD:4;TA=C;MT=Fixed	NT=Oxidation;AC=UNIMOD:21;TA=M;MT=Variable	NT=Acetyl;AC=UNIMOD:2;TA=Protein N-term;MT=Variable	NT=Deamidation;AC=UNIMOD:7;TA=NQ;MT=Variable	NT=Gln->pyro-Glu;AC=UNIMOD:28;TA=Q;MT=Variable	NT=Phospho;AC=UNIMOD:21;TA=STY;MT=Variable	NT=K-Biot;AC=null;TA=K;MT=Variable	NT=N-termBiot;AC=null;TA=Protein N-terminus;MT=Variable	not available	not available	not available	not available	not available	not available	2 h	22 °C	NCB4509A2LC2_B1_NCB4509A2LC3-40-215636.raw	NT=ms-proteomics;VV=v1.1.0	NT=crosslinking;VV=v1.0.0	NT=invertebrates;VV=v1.1.0
PXD027068_NCB4580A27LC2_G5	Caenorhabditis elegans	gut, muscle, skin, and nervous system	neurons (including AFD neurons)	8	PXD027068_NCB4580A27LC2_G5_assay	proteomic profiling by mass spectrometry	data-dependent acquisition	NT=label free sample;AC=MS:1002038	1	1	not available	NT=Trypsin;AC=MS:1001251	NT=Carbamidomethyl;AC=UNIMOD:4;TA=C;MT=Fixed	NT=Oxidation;AC=UNIMOD:21;TA=M;MT=Variable	NT=Acetyl;AC=UNIMOD:2;TA=Protein N-term;MT=Variable	NT=Deamidation;AC=UNIMOD:7;TA=NQ;MT=Variable	NT=Gln->pyro-Glu;AC=UNIMOD:28;TA=Q;MT=Variable	NT=Phospho;AC=UNIMOD:21;TA=STY;MT=Variable	NT=K-Biot;AC=null;TA=K;MT=Variable	NT=N-termBiot;AC=null;TA=Protein N-terminus;MT=Variable	not available	not available	not available	not available	not available	not available	2 h	22 °C	NCB4580A27LC2_G5.raw	NT=ms-proteomics;VV=v1.1.0	NT=crosslinking;VV=v1.0.0	NT=invertebrates;VV=v1.1.0
PXD027068_NCB4496A4LC3_D1_NCB4496A4LC3-40-211915	Caenorhabditis elegans	gut, muscle, skin, and nervous system	neurons (including AFD neurons)	9	PXD027068_NCB4496A4LC3_D1_NCB4496A4LC3-40-211915_assay	proteomic profiling by mass spectrometry	data-dependent acquisition	NT=label free sample;AC=MS:1002038	1	1	not available	NT=Trypsin;AC=MS:1001251	NT=Carbamidomethyl;AC=UNIMOD:4;TA=C;MT=Fixed	NT=Oxidation;AC=UNIMOD:21;TA=M;MT=Variable	NT=Acetyl;AC=UNIMOD:2;TA=Protein N-term;MT=Variable	NT=Deamidation;AC=UNIMOD:7;TA=NQ;MT=Variable	NT=Gln->pyro-Glu;AC=UNIMOD:28;TA=Q;MT=Variable	NT=Phospho;AC=UNIMOD:21;TA=STY;MT=Variable	NT=K-Biot;AC=null;TA=K;MT=Variable	NT=N-termBiot;AC=null;TA=Protein N-terminus;MT=Variable	not available	not available	not available	not available	not available	not available	2 h	22 °C	NCB4496A4LC3_D1_NCB4496A4LC3-40-211915.raw	NT=ms-proteomics;VV=v1.1.0	NT=crosslinking;VV=v1.0.0	NT=invertebrates;VV=v1.1.0
PXD027068_NCB4509A57LC2_A11_NCB4509A81LC3-40-215881	Caenorhabditis elegans	gut, muscle, skin, and nervous system	neurons (including AFD neurons)	10	PXD027068_NCB4509A57LC2_A11_NCB4509A81LC3-40-215881_assay	proteomic profiling by mass spectrometry	data-dependent acquisition	NT=label free sample;AC=MS:1002038	1	1	not available	NT=Trypsin;AC=MS:1001251	NT=Carbamidomethyl;AC=UNIMOD:4;TA=C;MT=Fixed	NT=Oxidation;AC=UNIMOD:21;TA=M;MT=Variable	NT=Acetyl;AC=UNIMOD:2;TA=Protein N-term;MT=Variable	NT=Deamidation;AC=UNIMOD:7;TA=NQ;MT=Variable	NT=Gln->pyro-Glu;AC=UNIMOD:28;TA=Q;MT=Variable	NT=Phospho;AC=UNIMOD:21;TA=STY;MT=Variable	NT=K-Biot;AC=null;TA=K;MT=Variable	NT=N-termBiot;AC=null;TA=Protein N-terminus;MT=Variable	not available	not available	not available	not available	not available	not available	2 h	22 °C	NCB4509A57LC2_A11_NCB4509A81LC3-40-215881.raw	NT=ms-proteomics;VV=v1.1.0	NT=crosslinking;VV=v1.0.0	NT=invertebrates;VV=v1.1.0
PXD027068_NCB4496A33LC3_A5_NCB4496A33LC3-40-214322	Caenorhabditis elegans	gut, muscle, skin, and nervous system	neurons (including AFD neurons)	11	PXD027068_NCB4496A33LC3_A5_NCB4496A33LC3-40-214322_assay	proteomic profiling by mass spectrometry	data-dependent acquisition	NT=label free sample;AC=MS:1002038	1	1	not available	NT=Trypsin;AC=MS:1001251	NT=Carbamidomethyl;AC=UNIMOD:4;TA=C;MT=Fixed	NT=Oxidation;AC=UNIMOD:21;TA=M;MT=Variable	NT=Acetyl;AC=UNIMOD:2;TA=Protein N-term;MT=Variable	NT=Deamidation;AC=UNIMOD:7;TA=NQ;MT=Variable	NT=Gln->pyro-Glu;AC=UNIMOD:28;TA=Q;MT=Variable	NT=Phospho;AC=UNIMOD:21;TA=STY;MT=Variable	NT=K-Biot;AC=null;TA=K;MT=Variable	NT=N-termBiot;AC=null;TA=Protein N-terminus;MT=Variable	not available	not available	not available	not available	not available	not available	2 h	22 °C	NCB4496A33LC3_A5_NCB4496A33LC3-40-214322.raw	NT=ms-proteomics;VV=v1.1.0	NT=crosslinking;VV=v1.0.0	NT=invertebrates;VV=v1.1.0
PXD027068_NCB4496A35LC3_C5_NCB4496A35LC3-40-214324	Caenorhabditis elegans	gut, muscle, skin, and nervous system	neurons (including AFD neurons)	12	PXD027068_NCB4496A35LC3_C5_NCB4496A35LC3-40-214324_assay	proteomic profiling by mass spectrometry	data-dependent acquisition	NT=label free sample;AC=MS:1002038	1	1	not available	NT=Trypsin;AC=MS:1001251	NT=Carbamidomethyl;AC=UNIMOD:4;TA=C;MT=Fixed	NT=Oxidation;AC=UNIMOD:21;TA=M;MT=Variable	NT=Acetyl;AC=UNIMOD:2;TA=Protein N-term;MT=Variable	NT=Deamidation;AC=UNIMOD:7;TA=NQ;MT=Variable	NT=Gln->pyro-Glu;AC=UNIMOD:28;TA=Q;MT=Variable	NT=Phospho;AC=UNIMOD:21;TA=STY;MT=Variable	NT=K-Biot;AC=null;TA=K;MT=Variable	NT=N-termBiot;AC=null;TA=Protein N-terminus;MT=Variable	not available	not available	not available	not available	not available	not available	2 h	22 °C	NCB4496A35LC3_C5_NCB4496A35LC3-40-214324.raw	NT=ms-proteomics;VV=v1.1.0	NT=crosslinking;VV=v1.0.0	NT=invertebrates;VV=v1.1.0
PXD027068_NCB4460A68LC3_D9_NCB4460A68LC3-40-211335	Caenorhabditis elegans	gut, muscle, skin, and nervous system	neurons (including AFD neurons)	13	PXD027068_NCB4460A68LC3_D9_NCB4460A68LC3-40-211335_assay	proteomic profiling by mass spectrometry	data-dependent acquisition	NT=label free sample;AC=MS:1002038	1	1	not available	NT=Trypsin;AC=MS:1001251	NT=Carbamidomethyl;AC=UNIMOD:4;TA=C;MT=Fixed	NT=Oxidation;AC=UNIMOD:21;TA=M;MT=Variable	NT=Acetyl;AC=UNIMOD:2;TA=Protein N-term;MT=Variable	NT=Deamidation;AC=UNIMOD:7;TA=NQ;MT=Variable	NT=Gln->pyro-Glu;AC=UNIMOD:28;TA=Q;MT=Variable	NT=Phospho;AC=UNIMOD:21;TA=STY;MT=Variable	NT=K-Biot;AC=null;TA=K;MT=Variable	NT=N-termBiot;AC=null;TA=Protein N-terminus;MT=Variable	not available	not available	not available	not available	not available	not available	2 h	22 °C	NCB4460A68LC3_D9_NCB4460A68LC3-40-211335.raw	NT=ms-proteomics;VV=v1.1.0	NT=crosslinking;VV=v1.0.0	NT=invertebrates;VV=v1.1.0
PXD027068_NCB4510A57LC2_A11_NCB4510A57LC2-40-216384	Caenorhabditis elegans	gut, muscle, skin, and nervous system	neurons (including AFD neurons)	14	PXD027068_NCB4510A57LC2_A11_NCB4510A57LC2-40-216384_assay	proteomic profiling by mass spectrometry	data-dependent acquisition	NT=label free sample;AC=MS:1002038	1	1	not available	NT=Trypsin;AC=MS:1001251	NT=Carbamidomethyl;AC=UNIMOD:4;TA=C;MT=Fixed	NT=Oxidation;AC=UNIMOD:21;TA=M;MT=Variable	NT=Acetyl;AC=UNIMOD:2;TA=Protein N-term;MT=Variable	NT=Deamidation;AC=UNIMOD:7;TA=NQ;MT=Variable	NT=Gln->pyro-Glu;AC=UNIMOD:28;TA=Q;MT=Variable	NT=Phospho;AC=UNIMOD:21;TA=STY;MT=Variable	NT=K-Biot;AC=null;TA=K;MT=Variable	NT=N-termBiot;AC=null;TA=Protein N-terminus;MT=Variable	not available	not available	not available	not available	not available	not available	2 h	22 °C	NCB4510A57LC2_A11_NCB4510A57LC2-40-216384.raw	NT=ms-proteomics;VV=v1.1.0	NT=crosslinking;VV=v1.0.0	NT=invertebrates;VV=v1.1.0
PXD027068_NCB4509A58LC2_B11_NCB4509A82LC3-40-215882	Caenorhabditis elegans	gut, muscle, skin, and nervous system	neurons (including AFD neurons)	15	PXD027068_NCB4509A58LC2_B11_NCB4509A82LC3-40-215882_assay	proteomic profiling by mass spectrometry	data-dependent acquisition	NT=label free sample;AC=MS:1002038	1	1	not available	NT=Trypsin;AC=MS:1001251	NT=Carbamidomethyl;AC=UNIMOD:4;TA=C;MT=Fixed	NT=Oxidation;AC=UNIMOD:21;TA=M;MT=Variable	NT=Acetyl;AC=UNIMOD:2;TA=Protein N-term;MT=Variable	NT=Deamidation;AC=UNIMOD:7;TA=NQ;MT=Variable	NT=Gln->pyro-Glu;AC=UNIMOD:28;TA=Q;MT=Variable	NT=Phospho;AC=UNIMOD:21;TA=STY;MT=Variable	NT=K-Biot;AC=null;TA=K;MT=Variable	NT=N-termBiot;AC=null;TA=Protein N-terminus;MT=Variable	not available	not available	not available	not available	not available	not available	2 h	22 °C	NCB4509A58LC2_B11_NCB4509A82LC3-40-215882.raw	NT=ms-proteomics;VV=v1.1.0	NT=crosslinking;VV=v1.0.0	NT=invertebrates;VV=v1.1.0
PXD027068_NCB4509A29LC2_A6_NCB4509A41LC3-40-215853	Caenorhabditis elegans	gut, muscle, skin, and nervous system	neurons (including AFD neurons)	16	PXD027068_NCB4509A29LC2_A6_NCB4509A41LC3-40-215853_assay	proteomic profiling by mass spectrometry	data-dependent acquisition	NT=label free sample;AC=MS:1002038	1	1	not available	NT=Trypsin;AC=MS:1001251	NT=Carbamidomethyl;AC=UNIMOD:4;TA=C;MT=Fixed	NT=Oxidation;AC=UNIMOD:21;TA=M;MT=Variable	NT=Acetyl;AC=UNIMOD:2;TA=Protein N-term;MT=Variable	NT=Deamidation;AC=UNIMOD:7;TA=NQ;MT=Variable	NT=Gln->pyro-Glu;AC=UNIMOD:28;TA=Q;MT=Variable	NT=Phospho;AC=UNIMOD:21;TA=STY;MT=Variable	NT=K-Biot;AC=null;TA=K;MT=Variable	NT=N-termBiot;AC=null;TA=Protein N-terminus;MT=Variable	not available	not available	not available	not available	not available	not available	2 h	22 °C	NCB4509A29LC2_A6_NCB4509A41LC3-40-215853.raw	NT=ms-proteomics;VV=v1.1.0	NT=crosslinking;VV=v1.0.0	NT=invertebrates;VV=v1.1.0
PXD027068_NCB4580A1LC2_A1	Caenorhabditis elegans	gut, muscle, skin, and nervous system	neurons (including AFD neurons)	17	PXD027068_NCB4580A1LC2_A1_assay	proteomic profiling by mass spectrometry	data-dependent acquisition	NT=label free sample;AC=MS:1002038	1	1	not available	NT=Trypsin;AC=MS:1001251	NT=Carbamidomethyl;AC=UNIMOD:4;TA=C;MT=Fixed	NT=Oxidation;AC=UNIMOD:21;TA=M;MT=Variable	NT=Acetyl;AC=UNIMOD:2;TA=Protein N-term;MT=Variable	NT=Deamidation;AC=UNIMOD:7;TA=NQ;MT=Variable	NT=Gln->pyro-Glu;AC=UNIMOD:28;TA=Q;MT=Variable	NT=Phospho;AC=UNIMOD:21;TA=STY;MT=Variable	NT=K-Biot;AC=null;TA=K;MT=Variable	NT=N-termBiot;AC=null;TA=Protein N-terminus;MT=Variable	not available	not available	not available	not available	not available	not available	2 h	22 °C	NCB4580A1LC2_A1.raw	NT=ms-proteomics;VV=v1.1.0	NT=crosslinking;VV=v1.0.0	NT=invertebrates;VV=v1.1.0
PXD027068_NCB4461A19LC3_C3_NCB4461A19LC3-40-209138	Caenorhabditis elegans	gut, muscle, skin, and nervous system	neurons (including AFD neurons)	18	PXD027068_NCB4461A19LC3_C3_NCB4461A19LC3-40-209138_assay	proteomic profiling by mass spectrometry	data-dependent acquisition	NT=label free sample;AC=MS:1002038	1	1	not available	NT=Trypsin;AC=MS:1001251	NT=Carbamidomethyl;AC=UNIMOD:4;TA=C;MT=Fixed	NT=Oxidation;AC=UNIMOD:21;TA=M;MT=Variable	NT=Acetyl;AC=UNIMOD:2;TA=Protein N-term;MT=Variable	NT=Deamidation;AC=UNIMOD:7;TA=NQ;MT=Variable	NT=Gln->pyro-Glu;AC=UNIMOD:28;TA=Q;MT=Variable	NT=Phospho;AC=UNIMOD:21;TA=STY;MT=Variable	NT=K-Biot;AC=null;TA=K;MT=Variable	NT=N-termBiot;AC=null;TA=Protein N-terminus;MT=Variable	not available	not available	not available	not available	not available	not available	2 h	22 °C	NCB4461A19LC3_C3_NCB4461A19LC3-40-209138.raw	NT=ms-proteomics;VV=v1.1.0	NT=crosslinking;VV=v1.0.0	NT=invertebrates;VV=v1.1.0
PXD027068_NCB4509A30LC2_B6_NCB4509A42LC3-40-215854	Caenorhabditis elegans	gut, muscle, skin, and nervous system	neurons (including AFD neurons)	19	PXD027068_NCB4509A30LC2_B6_NCB4509A42LC3-40-215854_assay	proteomic profiling by mass spectrometry	data-dependent acquisition	NT=label free sample;AC=MS:1002038	1	1	not available	NT=Trypsin;AC=MS:1001251	NT=Carbamidomethyl;AC=UNIMOD:4;TA=C;MT=Fixed	NT=Oxidation;AC=UNIMOD:21;TA=M;MT=Variable	NT=Acetyl;AC=UNIMOD:2;TA=Protein N-term;MT=Variable	NT=Deamidation;AC=UNIMOD:7;TA=NQ;MT=Variable	NT=Gln->pyro-Glu;AC=UNIMOD:28;TA=Q;MT=Variable	NT=Phospho;AC=UNIMOD:21;TA=STY;MT=Variable	NT=K-Biot;AC=null;TA=K;MT=Variable	NT=N-termBiot;AC=null;TA=Protein N-terminus;MT=Variable	not available	not available	not available	not available	not available	not available	2 h	22 °C	NCB4509A30LC2_B6_NCB4509A42LC3-40-215854.raw	NT=ms-proteomics;VV=v1.1.0	NT=crosslinking;VV=v1.0.0	NT=invertebrates;VV=v1.1.0
PXD027068_NCB4460A52LC3_D7_NCB4460A52LC3-40-210547	Caenorhabditis elegans	gut, muscle, skin, and nervous system	neurons (including AFD neurons)	20	PXD027068_NCB4460A52LC3_D7_NCB4460A52LC3-40-210547_assay	proteomic profiling by mass spectrometry	data-dependent acquisition	NT=label free sample;AC=MS:1002038	1	1	not available	NT=Trypsin;AC=MS:1001251	NT=Carbamidomethyl;AC=UNIMOD:4;TA=C;MT=Fixed	NT=Oxidation;AC=UNIMOD:21;TA=M;MT=Variable	NT=Acetyl;AC=UNIMOD:2;TA=Protein N-term;MT=Variable	NT=Deamidation;AC=UNIMOD:7;TA=NQ;MT=Variable	NT=Gln->pyro-Glu;AC=UNIMOD:28;TA=Q;MT=Variable	NT=Phospho;AC=UNIMOD:21;TA=STY;MT=Variable	NT=K-Biot;AC=null;TA=K;MT=Variable	NT=N-termBiot;AC=null;TA=Protein N-terminus;MT=Variable	not available	not available	not available	not available	not available	not available	2 h	22 °C	NCB4460A52LC3_D7_NCB4460A52LC3-40-210547.raw	NT=ms-proteomics;VV=v1.1.0	NT=crosslinking;VV=v1.0.0	NT=invertebrates;VV=v1.1.0
PXD027068_NCB4509A11LC2_C2_NCB4509A11LC3-40-215645	Caenorhabditis elegans	gut, muscle, skin, and nervous system	neurons (including AFD neurons)	21	PXD027068_NCB4509A11LC2_C2_NCB4509A11LC3-40-215645_assay	proteomic profiling by mass spectrometry	data-dependent acquisition	NT=label free sample;AC=MS:1002038	1	1	not available	NT=Trypsin;AC=MS:1001251	NT=Carbamidomethyl;AC=UNIMOD:4;TA=C;MT=Fixed	NT=Oxidation;AC=UNIMOD:21;TA=M;MT=Variable	NT=Acetyl;AC=UNIMOD:2;TA=Protein N-term;MT=Variable	NT=Deamidation;AC=UNIMOD:7;TA=NQ;MT=Variable	NT=Gln->pyro-Glu;AC=UNIMOD:28;TA=Q;MT=Variable	NT=Phospho;AC=UNIMOD:21;TA=STY;MT=Variable	NT=K-Biot;AC=null;TA=K;MT=Variable	NT=N-termBiot;AC=null;TA=Protein N-terminus;MT=Variable	not available	not available	not available	not available	not available	not available	2 h	22 °C	NCB4509A11LC2_C2_NCB4509A11LC3-40-215645.raw	NT=ms-proteomics;VV=v1.1.0	NT=crosslinking;VV=v1.0.0	NT=invertebrates;VV=v1.1.0
PXD027068_NCB4497A40LC2_D7_NCB4497A40LC2-40-215372	Caenorhabditis elegans	gut, muscle, skin, and nervous system	neurons (including AFD neurons)	22	PXD027068_NCB4497A40LC2_D7_NCB4497A40LC2-40-215372_assay	proteomic profiling by mass spectrometry	data-dependent acquisition	NT=label free sample;AC=MS:1002038	1	1	not available	NT=Trypsin;AC=MS:1001251	NT=Carbamidomethyl;AC=UNIMOD:4;TA=C;MT=Fixed	NT=Oxidation;AC=UNIMOD:21;TA=M;MT=Variable	NT=Acetyl;AC=UNIMOD:2;TA=Protein N-term;MT=Variable	NT=Deamidation;AC=UNIMOD:7;TA=NQ;MT=Variable	NT=Gln->pyro-Glu;AC=UNIMOD:28;TA=Q;MT=Variable	NT=Phospho;AC=UNIMOD:21;TA=STY;MT=Variable	NT=K-Biot;AC=null;TA=K;MT=Variable	NT=N-termBiot;AC=null;TA=Protein N-terminus;MT=Variable	not available	not available	not available	not available	not available	not available	2 h	22 °C	NCB4497A40LC2_D7_NCB4497A40LC2-40-215372.raw	NT=ms-proteomics;VV=v1.1.0	NT=crosslinking;VV=v1.0.0	NT=invertebrates;VV=v1.1.0
PXD027068_NCB4461A49LC3_A7_NCB4461A49LC3-40-210668	Caenorhabditis elegans	gut, muscle, skin, and nervous system	neurons (including AFD neurons)	23	PXD027068_NCB4461A49LC3_A7_NCB4461A49LC3-40-210668_assay	proteomic profiling by mass spectrometry	data-dependent acquisition	NT=label free sample;AC=MS:1002038	1	1	not available	NT=Trypsin;AC=MS:1001251	NT=Carbamidomethyl;AC=UNIMOD:4;TA=C;MT=Fixed	NT=Oxidation;AC=UNIMOD:21;TA=M;MT=Variable	NT=Acetyl;AC=UNIMOD:2;TA=Protein N-term;MT=Variable	NT=Deamidation;AC=UNIMOD:7;TA=NQ;MT=Variable	NT=Gln->pyro-Glu;AC=UNIMOD:28;TA=Q;MT=Variable	NT=Phospho;AC=UNIMOD:21;TA=STY;MT=Variable	NT=K-Biot;AC=null;TA=K;MT=Variable	NT=N-termBiot;AC=null;TA=Protein N-terminus;MT=Variable	not available	not available	not available	not available	not available	not available	2 h	22 °C	NCB4461A49LC3_A7_NCB4461A49LC3-40-210668.raw	NT=ms-proteomics;VV=v1.1.0	NT=crosslinking;VV=v1.0.0	NT=invertebrates;VV=v1.1.0
PXD027068_NCB4459A89LC3_E1_NCB4459A89LC3-40-208656	Caenorhabditis elegans	gut, muscle, skin, and nervous system	neurons (including AFD neurons)	24	PXD027068_NCB4459A89LC3_E1_NCB4459A89LC3-40-208656_assay	proteomic profiling by mass spectrometry	data-dependent acquisition	NT=label free sample;AC=MS:1002038	1	1	not available	NT=Trypsin;AC=MS:1001251	NT=Carbamidomethyl;AC=UNIMOD:4;TA=C;MT=Fixed	NT=Oxidation;AC=UNIMOD:21;TA=M;MT=Variable	NT=Acetyl;AC=UNIMOD:2;TA=Protein N-term;MT=Variable	NT=Deamidation;AC=UNIMOD:7;TA=NQ;MT=Variable	NT=Gln->pyro-Glu;AC=UNIMOD:28;TA=Q;MT=Variable	NT=Phospho;AC=UNIMOD:21;TA=STY;MT=Variable	NT=K-Biot;AC=null;TA=K;MT=Variable	NT=N-termBiot;AC=null;TA=Protein N-terminus;MT=Variable	not available	not available	not available	not available	not available	not available	2 h	22 °C	NCB4459A89LC3_E1_NCB4459A89LC3-40-208656.raw	NT=ms-proteomics;VV=v1.1.0	NT=crosslinking;VV=v1.0.0	NT=invertebrates;VV=v1.1.0
PXD027068_NCB4459A98LC3_F2_NCB4459A98LC3-40-208665	Caenorhabditis elegans	gut, muscle, skin, and nervous system	neurons (including AFD neurons)	1	PXD027068_NCB4459A98LC3_F2_NCB4459A98LC3-40-208665_assay	proteomic profiling by mass spectrometry	data-dependent acquisition	NT=label free sample;AC=MS:1002038	2	1	not available	NT=Trypsin;AC=MS:1001251	NT=Carbamidomethyl;AC=UNIMOD:4;TA=C;MT=Fixed	NT=Oxidation;AC=UNIMOD:21;TA=M;MT=Variable	NT=Acetyl;AC=UNIMOD:2;TA=Protein N-term;MT=Variable	NT=Deamidation;AC=UNIMOD:7;TA=NQ;MT=Variable	NT=Gln->pyro-Glu;AC=UNIMOD:28;TA=Q;MT=Variable	NT=Phospho;AC=UNIMOD:21;TA=STY;MT=Variable	NT=K-Biot;AC=null;TA=K;MT=Variable	NT=N-termBiot;AC=null;TA=Protein N-terminus;MT=Variable	not available	not available	not available	not available	not available	not available	2 h	22 °C	NCB4459A98LC3_F2_NCB4459A98LC3-40-208665.raw	NT=ms-proteomics;VV=v1.1.0	NT=crosslinking;VV=v1.0.0	NT=invertebrates;VV=v1.1.0
PXD027068_NCB4497A8LC2_H1_NCB4497A8LC2-40-215397	Caenorhabditis elegans	gut, muscle, skin, and nervous system	neurons (including AFD neurons)	25	PXD027068_NCB4497A8LC2_H1_NCB4497A8LC2-40-215397_assay	proteomic profiling by mass spectrometry	data-dependent acquisition	NT=label free sample;AC=MS:1002038	1	1	not available	NT=Trypsin;AC=MS:1001251	NT=Carbamidomethyl;AC=UNIMOD:4;TA=C;MT=Fixed	NT=Oxidation;AC=UNIMOD:21;TA=M;MT=Variable	NT=Acetyl;AC=UNIMOD:2;TA=Protein N-term;MT=Variable	NT=Deamidation;AC=UNIMOD:7;TA=NQ;MT=Variable	NT=Gln->pyro-Glu;AC=UNIMOD:28;TA=Q;MT=Variable	NT=Phospho;AC=UNIMOD:21;TA=STY;MT=Variable	NT=K-Biot;AC=null;TA=K;MT=Variable	NT=N-termBiot;AC=null;TA=Protein N-terminus;MT=Variable	not available	not available	not available	not available	not available	not available	2 h	22 °C	NCB4497A8LC2_H1_NCB4497A8LC2-40-215397.raw	NT=ms-proteomics;VV=v1.1.0	NT=crosslinking;VV=v1.0.0	NT=invertebrates;VV=v1.1.0
PXD027068_NCB4460A10LC3_B2_NCB4460A10LC3-40-210640	Caenorhabditis elegans	gut, muscle, skin, and nervous system	neurons (including AFD neurons)	26	PXD027068_NCB4460A10LC3_B2_NCB4460A10LC3-40-210640_assay	proteomic profiling by mass spectrometry	data-dependent acquisition	NT=label free sample;AC=MS:1002038	1	1	not available	NT=Trypsin;AC=MS:1001251	NT=Carbamidomethyl;AC=UNIMOD:4;TA=C;MT=Fixed	NT=Oxidation;AC=UNIMOD:21;TA=M;MT=Variable	NT=Acetyl;AC=UNIMOD:2;TA=Protein N-term;MT=Variable	NT=Deamidation;AC=UNIMOD:7;TA=NQ;MT=Variable	NT=Gln->pyro-Glu;AC=UNIMOD:28;TA=Q;MT=Variable	NT=Phospho;AC=UNIMOD:21;TA=STY;MT=Variable	NT=K-Biot;AC=null;TA=K;MT=Variable	NT=N-termBiot;AC=null;TA=Protein N-terminus;MT=Variable	not available	not available	not available	not available	not available	not available	2 h	22 °C	NCB4460A10LC3_B2_NCB4460A10LC3-40-210640.raw	NT=ms-proteomics;VV=v1.1.0	NT=crosslinking;VV=v1.0.0	NT=invertebrates;VV=v1.1.0
PXD027068_NCB4497A23LC2_C5_NCB4497A23LC2-40-215353	Caenorhabditis elegans	gut, muscle, skin, and nervous system	neurons (including AFD neurons)	27	PXD027068_NCB4497A23LC2_C5_NCB4497A23LC2-40-215353_assay	proteomic profiling by mass spectrometry	data-dependent acquisition	NT=label free sample;AC=MS:1002038	1	1	not available	NT=Trypsin;AC=MS:1001251	NT=Carbamidomethyl;AC=UNIMOD:4;TA=C;MT=Fixed	NT=Oxidation;AC=UNIMOD:21;TA=M;MT=Variable	NT=Acetyl;AC=UNIMOD:2;TA=Protein N-term;MT=Variable	NT=Deamidation;AC=UNIMOD:7;TA=NQ;MT=Variable	NT=Gln->pyro-Glu;AC=UNIMOD:28;TA=Q;MT=Variable	NT=Phospho;AC=UNIMOD:21;TA=STY;MT=Variable	NT=K-Biot;AC=null;TA=K;MT=Variable	NT=N-termBiot;AC=null;TA=Protein N-terminus;MT=Variable	not available	not available	not available	not available	not available	not available	2 h	22 °C	NCB4497A23LC2_C5_NCB4497A23LC2-40-215353.raw	NT=ms-proteomics;VV=v1.1.0	NT=crosslinking;VV=v1.0.0	NT=invertebrates;VV=v1.1.0
PXD027068_NCB4459A118LC3_B5_NCB4459A118LC3-40-209065	Caenorhabditis elegans	gut, muscle, skin, and nervous system	neurons (including AFD neurons)	28	PXD027068_NCB4459A118LC3_B5_NCB4459A118LC3-40-209065_assay	proteomic profiling by mass spectrometry	data-dependent acquisition	NT=label free sample;AC=MS:1002038	1	1	not available	NT=Trypsin;AC=MS:1001251	NT=Carbamidomethyl;AC=UNIMOD:4;TA=C;MT=Fixed	NT=Oxidation;AC=UNIMOD:21;TA=M;MT=Variable	NT=Acetyl;AC=UNIMOD:2;TA=Protein N-term;MT=Variable	NT=Deamidation;AC=UNIMOD:7;TA=NQ;MT=Variable	NT=Gln->pyro-Glu;AC=UNIMOD:28;TA=Q;MT=Variable	NT=Phospho;AC=UNIMOD:21;TA=STY;MT=Variable	NT=K-Biot;AC=null;TA=K;MT=Variable	NT=N-termBiot;AC=null;TA=Protein N-terminus;MT=Variable	not available	not available	not available	not available	not available	not available	2 h	22 °C	NCB4459A118LC3_B5_NCB4459A118LC3-40-209065.raw	NT=ms-proteomics;VV=v1.1.0	NT=crosslinking;VV=v1.0.0	NT=invertebrates;VV=v1.1.0
PXD027068_NCB4510A47LC2_G9_NCB4510A47LC2-40-216374	Caenorhabditis elegans	gut, muscle, skin, and nervous system	neurons (including AFD neurons)	29	PXD027068_NCB4510A47LC2_G9_NCB4510A47LC2-40-216374_assay	proteomic profiling by mass spectrometry	data-dependent acquisition	NT=label free sample;AC=MS:1002038	1	1	not available	NT=Trypsin;AC=MS:1001251	NT=Carbamidomethyl;AC=UNIMOD:4;TA=C;MT=Fixed	NT=Oxidation;AC=UNIMOD:21;TA=M;MT=Variable	NT=Acetyl;AC=UNIMOD:2;TA=Protein N-term;MT=Variable	NT=Deamidation;AC=UNIMOD:7;TA=NQ;MT=Variable	NT=Gln->pyro-Glu;AC=UNIMOD:28;TA=Q;MT=Variable	NT=Phospho;AC=UNIMOD:21;TA=STY;MT=Variable	NT=K-Biot;AC=null;TA=K;MT=Variable	NT=N-termBiot;AC=null;TA=Protein N-terminus;MT=Variable	not available	not available	not available	not available	not available	not available	2 h	22 °C	NCB4510A47LC2_G9_NCB4510A47LC2-40-216374.raw	NT=ms-proteomics;VV=v1.1.0	NT=crosslinking;VV=v1.0.0	NT=invertebrates;VV=v1.1.0
PXD027068_NCB4460A76LC3_D10_NCB4460A76LC3-40-211343	Caenorhabditis elegans	gut, muscle, skin, and nervous system	neurons (including AFD neurons)	30	PXD027068_NCB4460A76LC3_D10_NCB4460A76LC3-40-211343_assay	proteomic profiling by mass spectrometry	data-dependent acquisition	NT=label free sample;AC=MS:1002038	1	1	not available	NT=Trypsin;AC=MS:1001251	NT=Carbamidomethyl;AC=UNIMOD:4;TA=C;MT=Fixed	NT=Oxidation;AC=UNIMOD:21;TA=M;MT=Variable	NT=Acetyl;AC=UNIMOD:2;TA=Protein N-term;MT=Variable	NT=Deamidation;AC=UNIMOD:7;TA=NQ;MT=Variable	NT=Gln->pyro-Glu;AC=UNIMOD:28;TA=Q;MT=Variable	NT=Phospho;AC=UNIMOD:21;TA=STY;MT=Variable	NT=K-Biot;AC=null;TA=K;MT=Variable	NT=N-termBiot;AC=null;TA=Protein N-terminus;MT=Variable	not available	not available	not available	not available	not available	not available	2 h	22 °C	NCB4460A76LC3_D10_NCB4460A76LC3-40-211343.raw	NT=ms-proteomics;VV=v1.1.0	NT=crosslinking;VV=v1.0.0	NT=invertebrates;VV=v1.1.0
PXD027068_NCB4509A16LC2_H2_NCB4509A16LC3-40-215650	Caenorhabditis elegans	gut, muscle, skin, and nervous system	neurons (including AFD neurons)	31	PXD027068_NCB4509A16LC2_H2_NCB4509A16LC3-40-215650_assay	proteomic profiling by mass spectrometry	data-dependent acquisition	NT=label free sample;AC=MS:1002038	1	1	not available	NT=Trypsin;AC=MS:1001251	NT=Carbamidomethyl;AC=UNIMOD:4;TA=C;MT=Fixed	NT=Oxidation;AC=UNIMOD:21;TA=M;MT=Variable	NT=Acetyl;AC=UNIMOD:2;TA=Protein N-term;MT=Variable	NT=Deamidation;AC=UNIMOD:7;TA=NQ;MT=Variable	NT=Gln->pyro-Glu;AC=UNIMOD:28;TA=Q;MT=Variable	NT=Phospho;AC=UNIMOD:21;TA=STY;MT=Variable	NT=K-Biot;AC=null;TA=K;MT=Variable	NT=N-termBiot;AC=null;TA=Protein N-terminus;MT=Variable	not available	not available	not available	not available	not available	not available	2 h	22 °C	NCB4509A16LC2_H2_NCB4509A16LC3-40-215650.raw	NT=ms-proteomics;VV=v1.1.0	NT=crosslinking;VV=v1.0.0	NT=invertebrates;VV=v1.1.0
PXD027068_NCB4497A58LC2_B11_NCB4497A58LC2-40-215391	Caenorhabditis elegans	gut, muscle, skin, and nervous system	neurons (including AFD neurons)	32	PXD027068_NCB4497A58LC2_B11_NCB4497A58LC2-40-215391_assay	proteomic profiling by mass spectrometry	data-dependent acquisition	NT=label free sample;AC=MS:1002038	1	1	not available	NT=Trypsin;AC=MS:1001251	NT=Carbamidomethyl;AC=UNIMOD:4;TA=C;MT=Fixed	NT=Oxidation;AC=UNIMOD:21;TA=M;MT=Variable	NT=Acetyl;AC=UNIMOD:2;TA=Protein N-term;MT=Variable	NT=Deamidation;AC=UNIMOD:7;TA=NQ;MT=Variable	NT=Gln->pyro-Glu;AC=UNIMOD:28;TA=Q;MT=Variable	NT=Phospho;AC=UNIMOD:21;TA=STY;MT=Variable	NT=K-Biot;AC=null;TA=K;MT=Variable	NT=N-termBiot;AC=null;TA=Protein N-terminus;MT=Variable	not available	not available	not available	not available	not available	not available	2 h	22 °C	NCB4497A58LC2_B11_NCB4497A58LC2-40-215391.raw	NT=ms-proteomics;VV=v1.1.0	NT=crosslinking;VV=v1.0.0	NT=invertebrates;VV=v1.1.0
PXD027068_NCB4497A16LC2_H2_NCB4497A16LC2-40-215245	Caenorhabditis elegans	gut, muscle, skin, and nervous system	neurons (including AFD neurons)	33	PXD027068_NCB4497A16LC2_H2_NCB4497A16LC2-40-215245_assay	proteomic profiling by mass spectrometry	data-dependent acquisition	NT=label free sample;AC=MS:1002038	1	1	not available	NT=Trypsin;AC=MS:1001251	NT=Carbamidomethyl;AC=UNIMOD:4;TA=C;MT=Fixed	NT=Oxidation;AC=UNIMOD:21;TA=M;MT=Variable	NT=Acetyl;AC=UNIMOD:2;TA=Protein N-term;MT=Variable	NT=Deamidation;AC=UNIMOD:7;TA=NQ;MT=Variable	NT=Gln->pyro-Glu;AC=UNIMOD:28;TA=Q;MT=Variable	NT=Phospho;AC=UNIMOD:21;TA=STY;MT=Variable	NT=K-Biot;AC=null;TA=K;MT=Variable	NT=N-termBiot;AC=null;TA=Protein N-terminus;MT=Variable	not available	not available	not available	not available	not available	not available	2 h	22 °C	NCB4497A16LC2_H2_NCB4497A16LC2-40-215245.raw	NT=ms-proteomics;VV=v1.1.0	NT=crosslinking;VV=v1.0.0	NT=invertebrates;VV=v1.1.0
PXD027068_NCB4509A31LC2_C6_NCB4509A43LC3-40-215855	Caenorhabditis elegans	gut, muscle, skin, and nervous system	neurons (including AFD neurons)	34	PXD027068_NCB4509A31LC2_C6_NCB4509A43LC3-40-215855_assay	proteomic profiling by mass spectrometry	data-dependent acquisition	NT=label free sample;AC=MS:1002038	1	1	not available	NT=Trypsin;AC=MS:1001251	NT=Carbamidomethyl;AC=UNIMOD:4;TA=C;MT=Fixed	NT=Oxidation;AC=UNIMOD:21;TA=M;MT=Variable	NT=Acetyl;AC=UNIMOD:2;TA=Protein N-term;MT=Variable	NT=Deamidation;AC=UNIMOD:7;TA=NQ;MT=Variable	NT=Gln->pyro-Glu;AC=UNIMOD:28;TA=Q;MT=Variable	NT=Phospho;AC=UNIMOD:21;TA=STY;MT=Variable	NT=K-Biot;AC=null;TA=K;MT=Variable	NT=N-termBiot;AC=null;TA=Protein N-terminus;MT=Variable	not available	not available	not available	not available	not available	not available	2 h	22 °C	NCB4509A31LC2_C6_NCB4509A43LC3-40-215855.raw	NT=ms-proteomics;VV=v1.1.0	NT=crosslinking;VV=v1.0.0	NT=invertebrates;VV=v1.1.0
PXD027068_NCB4580A10LC2_B2	Caenorhabditis elegans	gut, muscle, skin, and nervous system	neurons (including AFD neurons)	35	PXD027068_NCB4580A10LC2_B2_assay	proteomic profiling by mass spectrometry	data-dependent acquisition	NT=label free sample;AC=MS:1002038	1	1	not available	NT=Trypsin;AC=MS:1001251	NT=Carbamidomethyl;AC=UNIMOD:4;TA=C;MT=Fixed	NT=Oxidation;AC=UNIMOD:21;TA=M;MT=Variable	NT=Acetyl;AC=UNIMOD:2;TA=Protein N-term;MT=Variable	NT=Deamidation;AC=UNIMOD:7;TA=NQ;MT=Variable	NT=Gln->pyro-Glu;AC=UNIMOD:28;TA=Q;MT=Variable	NT=Phospho;AC=UNIMOD:21;TA=STY;MT=Variable	NT=K-Biot;AC=null;TA=K;MT=Variable	NT=N-termBiot;AC=null;TA=Protein N-terminus;MT=Variable	not available	not available	not available	not available	not available	not available	2 h	22 °C	NCB4580A10LC2_B2.raw	NT=ms-proteomics;VV=v1.1.0	NT=crosslinking;VV=v1.0.0	NT=invertebrates;VV=v1.1.0
PXD027068_NCB4510A23LC2_C5_NCB4510A23LC2-40-216250	Caenorhabditis elegans	gut, muscle, skin, and nervous system	neurons (including AFD neurons)	36	PXD027068_NCB4510A23LC2_C5_NCB4510A23LC2-40-216250_assay	proteomic profiling by mass spectrometry	data-dependent acquisition	NT=label free sample;AC=MS:1002038	1	1	not available	NT=Trypsin;AC=MS:1001251	NT=Carbamidomethyl;AC=UNIMOD:4;TA=C;MT=Fixed	NT=Oxidation;AC=UNIMOD:21;TA=M;MT=Variable	NT=Acetyl;AC=UNIMOD:2;TA=Protein N-term;MT=Variable	NT=Deamidation;AC=UNIMOD:7;TA=NQ;MT=Variable	NT=Gln->pyro-Glu;AC=UNIMOD:28;TA=Q;MT=Variable	NT=Phospho;AC=UNIMOD:21;TA=STY;MT=Variable	NT=K-Biot;AC=null;TA=K;MT=Variable	NT=N-termBiot;AC=null;TA=Protein N-terminus;MT=Variable	not available	not available	not available	not available	not available	not available	2 h	22 °C	NCB4510A23LC2_C5_NCB4510A23LC2-40-216250.raw	NT=ms-proteomics;VV=v1.1.0	NT=crosslinking;VV=v1.0.0	NT=invertebrates;VV=v1.1.0
PXD027068_NCB4459A93LC3_A2_NCB4459A93LC3-40-208660	Caenorhabditis elegans	gut, muscle, skin, and nervous system	neurons (including AFD neurons)	37	PXD027068_NCB4459A93LC3_A2_NCB4459A93LC3-40-208660_assay	proteomic profiling by mass spectrometry	data-dependent acquisition	NT=label free sample;AC=MS:1002038	1	1	not available	NT=Trypsin;AC=MS:1001251	NT=Carbamidomethyl;AC=UNIMOD:4;TA=C;MT=Fixed	NT=Oxidation;AC=UNIMOD:21;TA=M;MT=Variable	NT=Acetyl;AC=UNIMOD:2;TA=Protein N-term;MT=Variable	NT=Deamidation;AC=UNIMOD:7;TA=NQ;MT=Variable	NT=Gln->pyro-Glu;AC=UNIMOD:28;TA=Q;MT=Variable	NT=Phospho;AC=UNIMOD:21;TA=STY;MT=Variable	NT=K-Biot;AC=null;TA=K;MT=Variable	NT=N-termBiot;AC=null;TA=Protein N-terminus;MT=Variable	not available	not available	not available	not available	not available	not available	2 h	22 °C	NCB4459A93LC3_A2_NCB4459A93LC3-40-208660.raw	NT=ms-proteomics;VV=v1.1.0	NT=crosslinking;VV=v1.0.0	NT=invertebrates;VV=v1.1.0
PXD027068_NCB4497A56LC2_H10_NCB4497A56LC2-40-215389	Caenorhabditis elegans	gut, muscle, skin, and nervous system	neurons (including AFD neurons)	38	PXD027068_NCB4497A56LC2_H10_NCB4497A56LC2-40-215389_assay	proteomic profiling by mass spectrometry	data-dependent acquisition	NT=label free sample;AC=MS:1002038	1	1	not available	NT=Trypsin;AC=MS:1001251	NT=Carbamidomethyl;AC=UNIMOD:4;TA=C;MT=Fixed	NT=Oxidation;AC=UNIMOD:21;TA=M;MT=Variable	NT=Acetyl;AC=UNIMOD:2;TA=Protein N-term;MT=Variable	NT=Deamidation;AC=UNIMOD:7;TA=NQ;MT=Variable	NT=Gln->pyro-Glu;AC=UNIMOD:28;TA=Q;MT=Variable	NT=Phospho;AC=UNIMOD:21;TA=STY;MT=Variable	NT=K-Biot;AC=null;TA=K;MT=Variable	NT=N-termBiot;AC=null;TA=Protein N-terminus;MT=Variable	not available	not available	not available	not available	not available	not available	2 h	22 °C	NCB4497A56LC2_H10_NCB4497A56LC2-40-215389.raw	NT=ms-proteomics;VV=v1.1.0	NT=crosslinking;VV=v1.0.0	NT=invertebrates;VV=v1.1.0
PXD027068_NCB4497A32LC2_D6_NCB4497A32LC2-40-215363	Caenorhabditis elegans	gut, muscle, skin, and nervous system	neurons (including AFD neurons)	39	PXD027068_NCB4497A32LC2_D6_NCB4497A32LC2-40-215363_assay	proteomic profiling by mass spectrometry	data-dependent acquisition	NT=label free sample;AC=MS:1002038	1	1	not available	NT=Trypsin;AC=MS:1001251	NT=Carbamidomethyl;AC=UNIMOD:4;TA=C;MT=Fixed	NT=Oxidation;AC=UNIMOD:21;TA=M;MT=Variable	NT=Acetyl;AC=UNIMOD:2;TA=Protein N-term;MT=Variable	NT=Deamidation;AC=UNIMOD:7;TA=NQ;MT=Variable	NT=Gln->pyro-Glu;AC=UNIMOD:28;TA=Q;MT=Variable	NT=Phospho;AC=UNIMOD:21;TA=STY;MT=Variable	NT=K-Biot;AC=null;TA=K;MT=Variable	NT=N-termBiot;AC=null;TA=Protein N-terminus;MT=Variable	not available	not available	not available	not available	not available	not available	2 h	22 °C	NCB4497A32LC2_D6_NCB4497A32LC2-40-215363.raw	NT=ms-proteomics;VV=v1.1.0	NT=crosslinking;VV=v1.0.0	NT=invertebrates;VV=v1.1.0
PXD027068_NCB4460A19LC3_C3_NCB4460A19LC3-40-210649	Caenorhabditis elegans	gut, muscle, skin, and nervous system	neurons (including AFD neurons)	40	PXD027068_NCB4460A19LC3_C3_NCB4460A19LC3-40-210649_assay	proteomic profiling by mass spectrometry	data-dependent acquisition	NT=label free sample;AC=MS:1002038	1	1	not available	NT=Trypsin;AC=MS:1001251	NT=Carbamidomethyl;AC=UNIMOD:4;TA=C;MT=Fixed	NT=Oxidation;AC=UNIMOD:21;TA=M;MT=Variable	NT=Acetyl;AC=UNIMOD:2;TA=Protein N-term;MT=Variable	NT=Deamidation;AC=UNIMOD:7;TA=NQ;MT=Variable	NT=Gln->pyro-Glu;AC=UNIMOD:28;TA=Q;MT=Variable	NT=Phospho;AC=UNIMOD:21;TA=STY;MT=Variable	NT=K-Biot;AC=null;TA=K;MT=Variable	NT=N-termBiot;AC=null;TA=Protein N-terminus;MT=Variable	not available	not available	not available	not available	not available	not available	2 h	22 °C	NCB4460A19LC3_C3_NCB4460A19LC3-40-210649.raw	NT=ms-proteomics;VV=v1.1.0	NT=crosslinking;VV=v1.0.0	NT=invertebrates;VV=v1.1.0
PXD027068_NCB4459A155LC3_G9_NCB4459A155LC3-40-209114	Caenorhabditis elegans	gut, muscle, skin, and nervous system	neurons (including AFD neurons)	41	PXD027068_NCB4459A155LC3_G9_NCB4459A155LC3-40-209114_assay	proteomic profiling by mass spectrometry	data-dependent acquisition	NT=label free sample;AC=MS:1002038	1	1	not available	NT=Trypsin;AC=MS:1001251	NT=Carbamidomethyl;AC=UNIMOD:4;TA=C;MT=Fixed	NT=Oxidation;AC=UNIMOD:21;TA=M;MT=Variable	NT=Acetyl;AC=UNIMOD:2;TA=Protein N-term;MT=Variable	NT=Deamidation;AC=UNIMOD:7;TA=NQ;MT=Variable	NT=Gln->pyro-Glu;AC=UNIMOD:28;TA=Q;MT=Variable	NT=Phospho;AC=UNIMOD:21;TA=STY;MT=Variable	NT=K-Biot;AC=null;TA=K;MT=Variable	NT=N-termBiot;AC=null;TA=Protein N-terminus;MT=Variable	not available	not available	not available	not available	not available	not available	2 h	22 °C	NCB4459A155LC3_G9_NCB4459A155LC3-40-209114.raw	NT=ms-proteomics;VV=v1.1.0	NT=crosslinking;VV=v1.0.0	NT=invertebrates;VV=v1.1.0
PXD027068_NCB4509A53LC2_E10_NCB4509A77LC3-40-215877	Caenorhabditis elegans	gut, muscle, skin, and nervous system	neurons (including AFD neurons)	42	PXD027068_NCB4509A53LC2_E10_NCB4509A77LC3-40-215877_assay	proteomic profiling by mass spectrometry	data-dependent acquisition	NT=label free sample;AC=MS:1002038	1	1	not available	NT=Trypsin;AC=MS:1001251	NT=Carbamidomethyl;AC=UNIMOD:4;TA=C;MT=Fixed	NT=Oxidation;AC=UNIMOD:21;TA=M;MT=Variable	NT=Acetyl;AC=UNIMOD:2;TA=Protein N-term;MT=Variable	NT=Deamidation;AC=UNIMOD:7;TA=NQ;MT=Variable	NT=Gln->pyro-Glu;AC=UNIMOD:28;TA=Q;MT=Variable	NT=Phospho;AC=UNIMOD:21;TA=STY;MT=Variable	NT=K-Biot;AC=null;TA=K;MT=Variable	NT=N-termBiot;AC=null;TA=Protein N-terminus;MT=Variable	not available	not available	not available	not available	not available	not available	2 h	22 °C	NCB4509A53LC2_E10_NCB4509A77LC3-40-215877.raw	NT=ms-proteomics;VV=v1.1.0	NT=crosslinking;VV=v1.0.0	NT=invertebrates;VV=v1.1.0
PXD027068_NCB4509A46LC2_F9_NCB4509A70LC3-40-215870	Caenorhabditis elegans	gut, muscle, skin, and nervous system	neurons (including AFD neurons)	1	PXD027068_NCB4509A46LC2_F9_NCB4509A70LC3-40-215870_assay	proteomic profiling by mass spectrometry	data-dependent acquisition	NT=label free sample;AC=MS:1002038	9	1	not available	NT=Trypsin;AC=MS:1001251	NT=Carbamidomethyl;AC=UNIMOD:4;TA=C;MT=Fixed	NT=Oxidation;AC=UNIMOD:21;TA=M;MT=Variable	NT=Acetyl;AC=UNIMOD:2;TA=Protein N-term;MT=Variable	NT=Deamidation;AC=UNIMOD:7;TA=NQ;MT=Variable	NT=Gln->pyro-Glu;AC=UNIMOD:28;TA=Q;MT=Variable	NT=Phospho;AC=UNIMOD:21;TA=STY;MT=Variable	NT=K-Biot;AC=null;TA=K;MT=Variable	NT=N-termBiot;AC=null;TA=Protein N-terminus;MT=Variable	not available	not available	not available	not available	not available	not available	2 h	22 °C	NCB4509A46LC2_F9_NCB4509A70LC3-40-215870.raw	NT=ms-proteomics;VV=v1.1.0	NT=crosslinking;VV=v1.0.0	NT=invertebrates;VV=v1.1.0
PXD027068_NCB4460A40LC3_H5_NCB4460A40LC3-40-211331	Caenorhabditis elegans	gut, muscle, skin, and nervous system	neurons (including AFD neurons)	43	PXD027068_NCB4460A40LC3_H5_NCB4460A40LC3-40-211331_assay	proteomic profiling by mass spectrometry	data-dependent acquisition	NT=label free sample;AC=MS:1002038	1	1	not available	NT=Trypsin;AC=MS:1001251	NT=Carbamidomethyl;AC=UNIMOD:4;TA=C;MT=Fixed	NT=Oxidation;AC=UNIMOD:21;TA=M;MT=Variable	NT=Acetyl;AC=UNIMOD:2;TA=Protein N-term;MT=Variable	NT=Deamidation;AC=UNIMOD:7;TA=NQ;MT=Variable	NT=Gln->pyro-Glu;AC=UNIMOD:28;TA=Q;MT=Variable	NT=Phospho;AC=UNIMOD:21;TA=STY;MT=Variable	NT=K-Biot;AC=null;TA=K;MT=Variable	NT=N-termBiot;AC=null;TA=Protein N-terminus;MT=Variable	not available	not available	not available	not available	not available	not available	2 h	22 °C	NCB4460A40LC3_H5_NCB4460A40LC3-40-211331.raw	NT=ms-proteomics;VV=v1.1.0	NT=crosslinking;VV=v1.0.0	NT=invertebrates;VV=v1.1.0
PXD027068_NCB4580A15LC2_G2	Caenorhabditis elegans	gut, muscle, skin, and nervous system	neurons (including AFD neurons)	44	PXD027068_NCB4580A15LC2_G2_assay	proteomic profiling by mass spectrometry	data-dependent acquisition	NT=label free sample;AC=MS:1002038	1	1	not available	NT=Trypsin;AC=MS:1001251	NT=Carbamidomethyl;AC=UNIMOD:4;TA=C;MT=Fixed	NT=Oxidation;AC=UNIMOD:21;TA=M;MT=Variable	NT=Acetyl;AC=UNIMOD:2;TA=Protein N-term;MT=Variable	NT=Deamidation;AC=UNIMOD:7;TA=NQ;MT=Variable	NT=Gln->pyro-Glu;AC=UNIMOD:28;TA=Q;MT=Variable	NT=Phospho;AC=UNIMOD:21;TA=STY;MT=Variable	NT=K-Biot;AC=null;TA=K;MT=Variable	NT=N-termBiot;AC=null;TA=Protein N-terminus;MT=Variable	not available	not available	not available	not available	not available	not available	2 h	22 °C	NCB4580A15LC2_G2.raw	NT=ms-proteomics;VV=v1.1.0	NT=crosslinking;VV=v1.0.0	NT=invertebrates;VV=v1.1.0
PXD027068_NCB4510A37LC2_A7_NCB4510A37LC2-40-216364	Caenorhabditis elegans	gut, muscle, skin, and nervous system	neurons (including AFD neurons)	45	PXD027068_NCB4510A37LC2_A7_NCB4510A37LC2-40-216364_assay	proteomic profiling by mass spectrometry	data-dependent acquisition	NT=label free sample;AC=MS:1002038	1	1	not available	NT=Trypsin;AC=MS:1001251	NT=Carbamidomethyl;AC=UNIMOD:4;TA=C;MT=Fixed	NT=Oxidation;AC=UNIMOD:21;TA=M;MT=Variable	NT=Acetyl;AC=UNIMOD:2;TA=Protein N-term;MT=Variable	NT=Deamidation;AC=UNIMOD:7;TA=NQ;MT=Variable	NT=Gln->pyro-Glu;AC=UNIMOD:28;TA=Q;MT=Variable	NT=Phospho;AC=UNIMOD:21;TA=STY;MT=Variable	NT=K-Biot;AC=null;TA=K;MT=Variable	NT=N-termBiot;AC=null;TA=Protein N-terminus;MT=Variable	not available	not available	not available	not available	not available	not available	2 h	22 °C	NCB4510A37LC2_A7_NCB4510A37LC2-40-216364.raw	NT=ms-proteomics;VV=v1.1.0	NT=crosslinking;VV=v1.0.0	NT=invertebrates;VV=v1.1.0
PXD027068_NCB4509A8LC2_H1_NCB4509A8LC3-40-215642	Caenorhabditis elegans	gut, muscle, skin, and nervous system	neurons (including AFD neurons)	46	PXD027068_NCB4509A8LC2_H1_NCB4509A8LC3-40-215642_assay	proteomic profiling by mass spectrometry	data-dependent acquisition	NT=label free sample;AC=MS:1002038	1	1	not available	NT=Trypsin;AC=MS:1001251	NT=Carbamidomethyl;AC=UNIMOD:4;TA=C;MT=Fixed	NT=Oxidation;AC=UNIMOD:21;TA=M;MT=Variable	NT=Acetyl;AC=UNIMOD:2;TA=Protein N-term;MT=Variable	NT=Deamidation;AC=UNIMOD:7;TA=NQ;MT=Variable	NT=Gln->pyro-Glu;AC=UNIMOD:28;TA=Q;MT=Variable	NT=Phospho;AC=UNIMOD:21;TA=STY;MT=Variable	NT=K-Biot;AC=null;TA=K;MT=Variable	NT=N-termBiot;AC=null;TA=Protein N-terminus;MT=Variable	not available	not available	not available	not available	not available	not available	2 h	22 °C	NCB4509A8LC2_H1_NCB4509A8LC3-40-215642.raw	NT=ms-proteomics;VV=v1.1.0	NT=crosslinking;VV=v1.0.0	NT=invertebrates;VV=v1.1.0
PXD027068_NCB4461A15LC3_G2_NCB4461A15LC3-40-209134	Caenorhabditis elegans	gut, muscle, skin, and nervous system	neurons (including AFD neurons)	47	PXD027068_NCB4461A15LC3_G2_NCB4461A15LC3-40-209134_assay	proteomic profiling by mass spectrometry	data-dependent acquisition	NT=label free sample;AC=MS:1002038	1	1	not available	NT=Trypsin;AC=MS:1001251	NT=Carbamidomethyl;AC=UNIMOD:4;TA=C;MT=Fixed	NT=Oxidation;AC=UNIMOD:21;TA=M;MT=Variable	NT=Acetyl;AC=UNIMOD:2;TA=Protein N-term;MT=Variable	NT=Deamidation;AC=UNIMOD:7;TA=NQ;MT=Variable	NT=Gln->pyro-Glu;AC=UNIMOD:28;TA=Q;MT=Variable	NT=Phospho;AC=UNIMOD:21;TA=STY;MT=Variable	NT=K-Biot;AC=null;TA=K;MT=Variable	NT=N-termBiot;AC=null;TA=Protein N-terminus;MT=Variable	not available	not available	not available	not available	not available	not available	2 h	22 °C	NCB4461A15LC3_G2_NCB4461A15LC3-40-209134.raw	NT=ms-proteomics;VV=v1.1.0	NT=crosslinking;VV=v1.0.0	NT=invertebrates;VV=v1.1.0
PXD027068_NCB4459A151LC3_C9_NCB4459A151LC3-40-209110	Caenorhabditis elegans	gut, muscle, skin, and nervous system	neurons (including AFD neurons)	48	PXD027068_NCB4459A151LC3_C9_NCB4459A151LC3-40-209110_assay	proteomic profiling by mass spectrometry	data-dependent acquisition	NT=label free sample;AC=MS:1002038	1	1	not available	NT=Trypsin;AC=MS:1001251	NT=Carbamidomethyl;AC=UNIMOD:4;TA=C;MT=Fixed	NT=Oxidation;AC=UNIMOD:21;TA=M;MT=Variable	NT=Acetyl;AC=UNIMOD:2;TA=Protein N-term;MT=Variable	NT=Deamidation;AC=UNIMOD:7;TA=NQ;MT=Variable	NT=Gln->pyro-Glu;AC=UNIMOD:28;TA=Q;MT=Variable	NT=Phospho;AC=UNIMOD:21;TA=STY;MT=Variable	NT=K-Biot;AC=null;TA=K;MT=Variable	NT=N-termBiot;AC=null;TA=Protein N-terminus;MT=Variable	not available	not available	not available	not available	not available	not available	2 h	22 °C	NCB4459A151LC3_C9_NCB4459A151LC3-40-209110.raw	NT=ms-proteomics;VV=v1.1.0	NT=crosslinking;VV=v1.0.0	NT=invertebrates;VV=v1.1.0
PXD027068_NCB4580A5LC2_E1	Caenorhabditis elegans	gut, muscle, skin, and nervous system	neurons (including AFD neurons)	49	PXD027068_NCB4580A5LC2_E1_assay	proteomic profiling by mass spectrometry	data-dependent acquisition	NT=label free sample;AC=MS:1002038	1	1	not available	NT=Trypsin;AC=MS:1001251	NT=Carbamidomethyl;AC=UNIMOD:4;TA=C;MT=Fixed	NT=Oxidation;AC=UNIMOD:21;TA=M;MT=Variable	NT=Acetyl;AC=UNIMOD:2;TA=Protein N-term;MT=Variable	NT=Deamidation;AC=UNIMOD:7;TA=NQ;MT=Variable	NT=Gln->pyro-Glu;AC=UNIMOD:28;TA=Q;MT=Variable	NT=Phospho;AC=UNIMOD:21;TA=STY;MT=Variable	NT=K-Biot;AC=null;TA=K;MT=Variable	NT=N-termBiot;AC=null;TA=Protein N-terminus;MT=Variable	not available	not available	not available	not available	not available	not available	2 h	22 °C	NCB4580A5LC2_E1.raw	NT=ms-proteomics;VV=v1.1.0	NT=crosslinking;VV=v1.0.0	NT=invertebrates;VV=v1.1.0
PXD027068_NCB4580A25LC2_E5	Caenorhabditis elegans	gut, muscle, skin, and nervous system	neurons (including AFD neurons)	50	PXD027068_NCB4580A25LC2_E5_assay	proteomic profiling by mass spectrometry	data-dependent acquisition	NT=label free sample;AC=MS:1002038	1	1	not available	NT=Trypsin;AC=MS:1001251	NT=Carbamidomethyl;AC=UNIMOD:4;TA=C;MT=Fixed	NT=Oxidation;AC=UNIMOD:21;TA=M;MT=Variable	NT=Acetyl;AC=UNIMOD:2;TA=Protein N-term;MT=Variable	NT=Deamidation;AC=UNIMOD:7;TA=NQ;MT=Variable	NT=Gln->pyro-Glu;AC=UNIMOD:28;TA=Q;MT=Variable	NT=Phospho;AC=UNIMOD:21;TA=STY;MT=Variable	NT=K-Biot;AC=null;TA=K;MT=Variable	NT=N-termBiot;AC=null;TA=Protein N-terminus;MT=Variable	not available	not available	not available	not available	not available	not available	2 h	22 °C	NCB4580A25LC2_E5.raw	NT=ms-proteomics;VV=v1.1.0	NT=crosslinking;VV=v1.0.0	NT=invertebrates;VV=v1.1.0
PXD027068_NCB4459A99LC3_G2_NCB4459A99LC3-40-208666	Caenorhabditis elegans	gut, muscle, skin, and nervous system	neurons (including AFD neurons)	51	PXD027068_NCB4459A99LC3_G2_NCB4459A99LC3-40-208666_assay	proteomic profiling by mass spectrometry	data-dependent acquisition	NT=label free sample;AC=MS:1002038	1	1	not available	NT=Trypsin;AC=MS:1001251	NT=Carbamidomethyl;AC=UNIMOD:4;TA=C;MT=Fixed	NT=Oxidation;AC=UNIMOD:21;TA=M;MT=Variable	NT=Acetyl;AC=UNIMOD:2;TA=Protein N-term;MT=Variable	NT=Deamidation;AC=UNIMOD:7;TA=NQ;MT=Variable	NT=Gln->pyro-Glu;AC=UNIMOD:28;TA=Q;MT=Variable	NT=Phospho;AC=UNIMOD:21;TA=STY;MT=Variable	NT=K-Biot;AC=null;TA=K;MT=Variable	NT=N-termBiot;AC=null;TA=Protein N-terminus;MT=Variable	not available	not available	not available	not available	not available	not available	2 h	22 °C	NCB4459A99LC3_G2_NCB4459A99LC3-40-208666.raw	NT=ms-proteomics;VV=v1.1.0	NT=crosslinking;VV=v1.0.0	NT=invertebrates;VV=v1.1.0
PXD027068_NCB4497A17LC2_A3_NCB4497A17LC2-40-215246	Caenorhabditis elegans	gut, muscle, skin, and nervous system	neurons (including AFD neurons)	52	PXD027068_NCB4497A17LC2_A3_NCB4497A17LC2-40-215246_assay	proteomic profiling by mass spectrometry	data-dependent acquisition	NT=label free sample;AC=MS:1002038	1	1	not available	NT=Trypsin;AC=MS:1001251	NT=Carbamidomethyl;AC=UNIMOD:4;TA=C;MT=Fixed	NT=Oxidation;AC=UNIMOD:21;TA=M;MT=Variable	NT=Acetyl;AC=UNIMOD:2;TA=Protein N-term;MT=Variable	NT=Deamidation;AC=UNIMOD:7;TA=NQ;MT=Variable	NT=Gln->pyro-Glu;AC=UNIMOD:28;TA=Q;MT=Variable	NT=Phospho;AC=UNIMOD:21;TA=STY;MT=Variable	NT=K-Biot;AC=null;TA=K;MT=Variable	NT=N-termBiot;AC=null;TA=Protein N-terminus;MT=Variable	not available	not available	not available	not available	not available	not available	2 h	22 °C	NCB4497A17LC2_A3_NCB4497A17LC2-40-215246.raw	NT=ms-proteomics;VV=v1.1.0	NT=crosslinking;VV=v1.0.0	NT=invertebrates;VV=v1.1.0
PXD027068_NCB4497A47LC2_G9_NCB4497A47LC2-40-215379	Caenorhabditis elegans	gut, muscle, skin, and nervous system	neurons (including AFD neurons)	53	PXD027068_NCB4497A47LC2_G9_NCB4497A47LC2-40-215379_assay	proteomic profiling by mass spectrometry	data-dependent acquisition	NT=label free sample;AC=MS:1002038	1	1	not available	NT=Trypsin;AC=MS:1001251	NT=Carbamidomethyl;AC=UNIMOD:4;TA=C;MT=Fixed	NT=Oxidation;AC=UNIMOD:21;TA=M;MT=Variable	NT=Acetyl;AC=UNIMOD:2;TA=Protein N-term;MT=Variable	NT=Deamidation;AC=UNIMOD:7;TA=NQ;MT=Variable	NT=Gln->pyro-Glu;AC=UNIMOD:28;TA=Q;MT=Variable	NT=Phospho;AC=UNIMOD:21;TA=STY;MT=Variable	NT=K-Biot;AC=null;TA=K;MT=Variable	NT=N-termBiot;AC=null;TA=Protein N-terminus;MT=Variable	not available	not available	not available	not available	not available	not available	2 h	22 °C	NCB4497A47LC2_G9_NCB4497A47LC2-40-215379.raw	NT=ms-proteomics;VV=v1.1.0	NT=crosslinking;VV=v1.0.0	NT=invertebrates;VV=v1.1.0
PXD027068_NCB4497A39LC2_C7_NCB4497A39LC2-40-215370	Caenorhabditis elegans	gut, muscle, skin, and nervous system	neurons (including AFD neurons)	54	PXD027068_NCB4497A39LC2_C7_NCB4497A39LC2-40-215370_assay	proteomic profiling by mass spectrometry	data-dependent acquisition	NT=label free sample;AC=MS:1002038	1	1	not available	NT=Trypsin;AC=MS:1001251	NT=Carbamidomethyl;AC=UNIMOD:4;TA=C;MT=Fixed	NT=Oxidation;AC=UNIMOD:21;TA=M;MT=Variable	NT=Acetyl;AC=UNIMOD:2;TA=Protein N-term;MT=Variable	NT=Deamidation;AC=UNIMOD:7;TA=NQ;MT=Variable	NT=Gln->pyro-Glu;AC=UNIMOD:28;TA=Q;MT=Variable	NT=Phospho;AC=UNIMOD:21;TA=STY;MT=Variable	NT=K-Biot;AC=null;TA=K;MT=Variable	NT=N-termBiot;AC=null;TA=Protein N-terminus;MT=Variable	not available	not available	not available	not available	not available	not available	2 h	22 °C	NCB4497A39LC2_C7_NCB4497A39LC2-40-215370.raw	NT=ms-proteomics;VV=v1.1.0	NT=crosslinking;VV=v1.0.0	NT=invertebrates;VV=v1.1.0
PXD027068_NCB4509A52LC2_D10_NCB4509A76LC3-40-215876	Caenorhabditis elegans	gut, muscle, skin, and nervous system	neurons (including AFD neurons)	55	PXD027068_NCB4509A52LC2_D10_NCB4509A76LC3-40-215876_assay	proteomic profiling by mass spectrometry	data-dependent acquisition	NT=label free sample;AC=MS:1002038	1	1	not available	NT=Trypsin;AC=MS:1001251	NT=Carbamidomethyl;AC=UNIMOD:4;TA=C;MT=Fixed	NT=Oxidation;AC=UNIMOD:21;TA=M;MT=Variable	NT=Acetyl;AC=UNIMOD:2;TA=Protein N-term;MT=Variable	NT=Deamidation;AC=UNIMOD:7;TA=NQ;MT=Variable	NT=Gln->pyro-Glu;AC=UNIMOD:28;TA=Q;MT=Variable	NT=Phospho;AC=UNIMOD:21;TA=STY;MT=Variable	NT=K-Biot;AC=null;TA=K;MT=Variable	NT=N-termBiot;AC=null;TA=Protein N-terminus;MT=Variable	not available	not available	not available	not available	not available	not available	2 h	22 °C	NCB4509A52LC2_D10_NCB4509A76LC3-40-215876.raw	NT=ms-proteomics;VV=v1.1.0	NT=crosslinking;VV=v1.0.0	NT=invertebrates;VV=v1.1.0
PXD027068_NCB4496A38LC3_F5_NCB4496A38LC3-40-214327	Caenorhabditis elegans	gut, muscle, skin, and nervous system	neurons (including AFD neurons)	1	PXD027068_NCB4496A38LC3_F5_NCB4496A38LC3-40-214327_assay	proteomic profiling by mass spectrometry	data-dependent acquisition	NT=label free sample;AC=MS:1002038	5	1	not available	NT=Trypsin;AC=MS:1001251	NT=Carbamidomethyl;AC=UNIMOD:4;TA=C;MT=Fixed	NT=Oxidation;AC=UNIMOD:21;TA=M;MT=Variable	NT=Acetyl;AC=UNIMOD:2;TA=Protein N-term;MT=Variable	NT=Deamidation;AC=UNIMOD:7;TA=NQ;MT=Variable	NT=Gln->pyro-Glu;AC=UNIMOD:28;TA=Q;MT=Variable	NT=Phospho;AC=UNIMOD:21;TA=STY;MT=Variable	NT=K-Biot;AC=null;TA=K;MT=Variable	NT=N-termBiot;AC=null;TA=Protein N-terminus;MT=Variable	not available	not available	not available	not available	not available	not available	2 h	22 °C	NCB4496A38LC3_F5_NCB4496A38LC3-40-214327.raw	NT=ms-proteomics;VV=v1.1.0	NT=crosslinking;VV=v1.0.0	NT=invertebrates;VV=v1.1.0
PXD027068_NCB4510A31LC2_C6_NCB4510A31LC2-40-216358	Caenorhabditis elegans	gut, muscle, skin, and nervous system	neurons (including AFD neurons)	56	PXD027068_NCB4510A31LC2_C6_NCB4510A31LC2-40-216358_assay	proteomic profiling by mass spectrometry	data-dependent acquisition	NT=label free sample;AC=MS:1002038	1	1	not available	NT=Trypsin;AC=MS:1001251	NT=Carbamidomethyl;AC=UNIMOD:4;TA=C;MT=Fixed	NT=Oxidation;AC=UNIMOD:21;TA=M;MT=Variable	NT=Acetyl;AC=UNIMOD:2;TA=Protein N-term;MT=Variable	NT=Deamidation;AC=UNIMOD:7;TA=NQ;MT=Variable	NT=Gln->pyro-Glu;AC=UNIMOD:28;TA=Q;MT=Variable	NT=Phospho;AC=UNIMOD:21;TA=STY;MT=Variable	NT=K-Biot;AC=null;TA=K;MT=Variable	NT=N-termBiot;AC=null;TA=Protein N-terminus;MT=Variable	not available	not available	not available	not available	not available	not available	2 h	22 °C	NCB4510A31LC2_C6_NCB4510A31LC2-40-216358.raw	NT=ms-proteomics;VV=v1.1.0	NT=crosslinking;VV=v1.0.0	NT=invertebrates;VV=v1.1.0
PXD027068_NCB4459A104LC3_D3_NCB4459A104LC3-40-208651	Caenorhabditis elegans	gut, muscle, skin, and nervous system	neurons (including AFD neurons)	57	PXD027068_NCB4459A104LC3_D3_NCB4459A104LC3-40-208651_assay	proteomic profiling by mass spectrometry	data-dependent acquisition	NT=label free sample;AC=MS:1002038	1	1	not available	NT=Trypsin;AC=MS:1001251	NT=Carbamidomethyl;AC=UNIMOD:4;TA=C;MT=Fixed	NT=Oxidation;AC=UNIMOD:21;TA=M;MT=Variable	NT=Acetyl;AC=UNIMOD:2;TA=Protein N-term;MT=Variable	NT=Deamidation;AC=UNIMOD:7;TA=NQ;MT=Variable	NT=Gln->pyro-Glu;AC=UNIMOD:28;TA=Q;MT=Variable	NT=Phospho;AC=UNIMOD:21;TA=STY;MT=Variable	NT=K-Biot;AC=null;TA=K;MT=Variable	NT=N-termBiot;AC=null;TA=Protein N-terminus;MT=Variable	not available	not available	not available	not available	not available	not available	2 h	22 °C	NCB4459A104LC3_D3_NCB4459A104LC3-40-208651.raw	NT=ms-proteomics;VV=v1.1.0	NT=crosslinking;VV=v1.0.0	NT=invertebrates;VV=v1.1.0
PXD027068_NCB4459A100LC3_H2_NCB4459A100LC3-40-208547	Caenorhabditis elegans	gut, muscle, skin, and nervous system	neurons (including AFD neurons)	58	PXD027068_NCB4459A100LC3_H2_NCB4459A100LC3-40-208547_assay	proteomic profiling by mass spectrometry	data-dependent acquisition	NT=label free sample;AC=MS:1002038	1	1	not available	NT=Trypsin;AC=MS:1001251	NT=Carbamidomethyl;AC=UNIMOD:4;TA=C;MT=Fixed	NT=Oxidation;AC=UNIMOD:21;TA=M;MT=Variable	NT=Acetyl;AC=UNIMOD:2;TA=Protein N-term;MT=Variable	NT=Deamidation;AC=UNIMOD:7;TA=NQ;MT=Variable	NT=Gln->pyro-Glu;AC=UNIMOD:28;TA=Q;MT=Variable	NT=Phospho;AC=UNIMOD:21;TA=STY;MT=Variable	NT=K-Biot;AC=null;TA=K;MT=Variable	NT=N-termBiot;AC=null;TA=Protein N-terminus;MT=Variable	not available	not available	not available	not available	not available	not available	2 h	22 °C	NCB4459A100LC3_H2_NCB4459A100LC3-40-208547.raw	NT=ms-proteomics;VV=v1.1.0	NT=crosslinking;VV=v1.0.0	NT=invertebrates;VV=v1.1.0
PXD027068_NCB4497A33LC2_E6_NCB4497A33LC2-40-215364	Caenorhabditis elegans	gut, muscle, skin, and nervous system	neurons (including AFD neurons)	59	PXD027068_NCB4497A33LC2_E6_NCB4497A33LC2-40-215364_assay	proteomic profiling by mass spectrometry	data-dependent acquisition	NT=label free sample;AC=MS:1002038	1	1	not available	NT=Trypsin;AC=MS:1001251	NT=Carbamidomethyl;AC=UNIMOD:4;TA=C;MT=Fixed	NT=Oxidation;AC=UNIMOD:21;TA=M;MT=Variable	NT=Acetyl;AC=UNIMOD:2;TA=Protein N-term;MT=Variable	NT=Deamidation;AC=UNIMOD:7;TA=NQ;MT=Variable	NT=Gln->pyro-Glu;AC=UNIMOD:28;TA=Q;MT=Variable	NT=Phospho;AC=UNIMOD:21;TA=STY;MT=Variable	NT=K-Biot;AC=null;TA=K;MT=Variable	NT=N-termBiot;AC=null;TA=Protein N-terminus;MT=Variable	not available	not available	not available	not available	not available	not available	2 h	22 °C	NCB4497A33LC2_E6_NCB4497A33LC2-40-215364.raw	NT=ms-proteomics;VV=v1.1.0	NT=crosslinking;VV=v1.0.0	NT=invertebrates;VV=v1.1.0
PXD027068_NCB4461A51LC3_C7_NCB4461A51LC3-40-210670	Caenorhabditis elegans	gut, muscle, skin, and nervous system	neurons (including AFD neurons)	60	PXD027068_NCB4461A51LC3_C7_NCB4461A51LC3-40-210670_assay	proteomic profiling by mass spectrometry	data-dependent acquisition	NT=label free sample;AC=MS:1002038	1	1	not available	NT=Trypsin;AC=MS:1001251	NT=Carbamidomethyl;AC=UNIMOD:4;TA=C;MT=Fixed	NT=Oxidation;AC=UNIMOD:21;TA=M;MT=Variable	NT=Acetyl;AC=UNIMOD:2;TA=Protein N-term;MT=Variable	NT=Deamidation;AC=UNIMOD:7;TA=NQ;MT=Variable	NT=Gln->pyro-Glu;AC=UNIMOD:28;TA=Q;MT=Variable	NT=Phospho;AC=UNIMOD:21;TA=STY;MT=Variable	NT=K-Biot;AC=null;TA=K;MT=Variable	NT=N-termBiot;AC=null;TA=Protein N-terminus;MT=Variable	not available	not available	not available	not available	not available	not available	2 h	22 °C	NCB4461A51LC3_C7_NCB4461A51LC3-40-210670.raw	NT=ms-proteomics;VV=v1.1.0	NT=crosslinking;VV=v1.0.0	NT=invertebrates;VV=v1.1.0
PXD027068_NCB4497A11LC2_C2_NCB4497A11LC2-40-215240	Caenorhabditis elegans	gut, muscle, skin, and nervous system	neurons (including AFD neurons)	61	PXD027068_NCB4497A11LC2_C2_NCB4497A11LC2-40-215240_assay	proteomic profiling by mass spectrometry	data-dependent acquisition	NT=label free sample;AC=MS:1002038	1	1	not available	NT=Trypsin;AC=MS:1001251	NT=Carbamidomethyl;AC=UNIMOD:4;TA=C;MT=Fixed	NT=Oxidation;AC=UNIMOD:21;TA=M;MT=Variable	NT=Acetyl;AC=UNIMOD:2;TA=Protein N-term;MT=Variable	NT=Deamidation;AC=UNIMOD:7;TA=NQ;MT=Variable	NT=Gln->pyro-Glu;AC=UNIMOD:28;TA=Q;MT=Variable	NT=Phospho;AC=UNIMOD:21;TA=STY;MT=Variable	NT=K-Biot;AC=null;TA=K;MT=Variable	NT=N-termBiot;AC=null;TA=Protein N-terminus;MT=Variable	not available	not available	not available	not available	not available	not available	2 h	22 °C	NCB4497A11LC2_C2_NCB4497A11LC2-40-215240.raw	NT=ms-proteomics;VV=v1.1.0	NT=crosslinking;VV=v1.0.0	NT=invertebrates;VV=v1.1.0
PXD027068_NCB4509A21LC2_A5_NCB4509A33LC3-40-215845	Caenorhabditis elegans	gut, muscle, skin, and nervous system	neurons (including AFD neurons)	62	PXD027068_NCB4509A21LC2_A5_NCB4509A33LC3-40-215845_assay	proteomic profiling by mass spectrometry	data-dependent acquisition	NT=label free sample;AC=MS:1002038	1	1	not available	NT=Trypsin;AC=MS:1001251	NT=Carbamidomethyl;AC=UNIMOD:4;TA=C;MT=Fixed	NT=Oxidation;AC=UNIMOD:21;TA=M;MT=Variable	NT=Acetyl;AC=UNIMOD:2;TA=Protein N-term;MT=Variable	NT=Deamidation;AC=UNIMOD:7;TA=NQ;MT=Variable	NT=Gln->pyro-Glu;AC=UNIMOD:28;TA=Q;MT=Variable	NT=Phospho;AC=UNIMOD:21;TA=STY;MT=Variable	NT=K-Biot;AC=null;TA=K;MT=Variable	NT=N-termBiot;AC=null;TA=Protein N-terminus;MT=Variable	not available	not available	not available	not available	not available	not available	2 h	22 °C	NCB4509A21LC2_A5_NCB4509A33LC3-40-215845.raw	NT=ms-proteomics;VV=v1.1.0	NT=crosslinking;VV=v1.0.0	NT=invertebrates;VV=v1.1.0
PXD027068_NCB4460A80LC3_H10_NCB4460A80LC3-40-211347	Caenorhabditis elegans	gut, muscle, skin, and nervous system	neurons (including AFD neurons)	63	PXD027068_NCB4460A80LC3_H10_NCB4460A80LC3-40-211347_assay	proteomic profiling by mass spectrometry	data-dependent acquisition	NT=label free sample;AC=MS:1002038	1	1	not available	NT=Trypsin;AC=MS:1001251	NT=Carbamidomethyl;AC=UNIMOD:4;TA=C;MT=Fixed	NT=Oxidation;AC=UNIMOD:21;TA=M;MT=Variable	NT=Acetyl;AC=UNIMOD:2;TA=Protein N-term;MT=Variable	NT=Deamidation;AC=UNIMOD:7;TA=NQ;MT=Variable	NT=Gln->pyro-Glu;AC=UNIMOD:28;TA=Q;MT=Variable	NT=Phospho;AC=UNIMOD:21;TA=STY;MT=Variable	NT=K-Biot;AC=null;TA=K;MT=Variable	NT=N-termBiot;AC=null;TA=Protein N-terminus;MT=Variable	not available	not available	not available	not available	not available	not available	2 h	22 °C	NCB4460A80LC3_H10_NCB4460A80LC3-40-211347.raw	NT=ms-proteomics;VV=v1.1.0	NT=crosslinking;VV=v1.0.0	NT=invertebrates;VV=v1.1.0
PXD027068_NCB4510A43LC2_C9_NCB4510A43LC2-40-216370	Caenorhabditis elegans	gut, muscle, skin, and nervous system	neurons (including AFD neurons)	64	PXD027068_NCB4510A43LC2_C9_NCB4510A43LC2-40-216370_assay	proteomic profiling by mass spectrometry	data-dependent acquisition	NT=label free sample;AC=MS:1002038	1	1	not available	NT=Trypsin;AC=MS:1001251	NT=Carbamidomethyl;AC=UNIMOD:4;TA=C;MT=Fixed	NT=Oxidation;AC=UNIMOD:21;TA=M;MT=Variable	NT=Acetyl;AC=UNIMOD:2;TA=Protein N-term;MT=Variable	NT=Deamidation;AC=UNIMOD:7;TA=NQ;MT=Variable	NT=Gln->pyro-Glu;AC=UNIMOD:28;TA=Q;MT=Variable	NT=Phospho;AC=UNIMOD:21;TA=STY;MT=Variable	NT=K-Biot;AC=null;TA=K;MT=Variable	NT=N-termBiot;AC=null;TA=Protein N-terminus;MT=Variable	not available	not available	not available	not available	not available	not available	2 h	22 °C	NCB4510A43LC2_C9_NCB4510A43LC2-40-216370.raw	NT=ms-proteomics;VV=v1.1.0	NT=crosslinking;VV=v1.0.0	NT=invertebrates;VV=v1.1.0
PXD027068_NCB4580A29LC2_A6	Caenorhabditis elegans	gut, muscle, skin, and nervous system	neurons (including AFD neurons)	65	PXD027068_NCB4580A29LC2_A6_assay	proteomic profiling by mass spectrometry	data-dependent acquisition	NT=label free sample;AC=MS:1002038	1	1	not available	NT=Trypsin;AC=MS:1001251	NT=Carbamidomethyl;AC=UNIMOD:4;TA=C;MT=Fixed	NT=Oxidation;AC=UNIMOD:21;TA=M;MT=Variable	NT=Acetyl;AC=UNIMOD:2;TA=Protein N-term;MT=Variable	NT=Deamidation;AC=UNIMOD:7;TA=NQ;MT=Variable	NT=Gln->pyro-Glu;AC=UNIMOD:28;TA=Q;MT=Variable	NT=Phospho;AC=UNIMOD:21;TA=STY;MT=Variable	NT=K-Biot;AC=null;TA=K;MT=Variable	NT=N-termBiot;AC=null;TA=Protein N-terminus;MT=Variable	not available	not available	not available	not available	not available	not available	2 h	22 °C	NCB4580A29LC2_A6.raw	NT=ms-proteomics;VV=v1.1.0	NT=crosslinking;VV=v1.0.0	NT=invertebrates;VV=v1.1.0
PXD027068_NCB4509A60LC2_D11_NCB4509A84LC3-40-215884	Caenorhabditis elegans	gut, muscle, skin, and nervous system	neurons (including AFD neurons)	66	PXD027068_NCB4509A60LC2_D11_NCB4509A84LC3-40-215884_assay	proteomic profiling by mass spectrometry	data-dependent acquisition	NT=label free sample;AC=MS:1002038	1	1	not available	NT=Trypsin;AC=MS:1001251	NT=Carbamidomethyl;AC=UNIMOD:4;TA=C;MT=Fixed	NT=Oxidation;AC=UNIMOD:21;TA=M;MT=Variable	NT=Acetyl;AC=UNIMOD:2;TA=Protein N-term;MT=Variable	NT=Deamidation;AC=UNIMOD:7;TA=NQ;MT=Variable	NT=Gln->pyro-Glu;AC=UNIMOD:28;TA=Q;MT=Variable	NT=Phospho;AC=UNIMOD:21;TA=STY;MT=Variable	NT=K-Biot;AC=null;TA=K;MT=Variable	NT=N-termBiot;AC=null;TA=Protein N-terminus;MT=Variable	not available	not available	not available	not available	not available	not available	2 h	22 °C	NCB4509A60LC2_D11_NCB4509A84LC3-40-215884.raw	NT=ms-proteomics;VV=v1.1.0	NT=crosslinking;VV=v1.0.0	NT=invertebrates;VV=v1.1.0
PXD027068_NCB4461A10LC3_B2_NCB4461A10LC3-40-209129	Caenorhabditis elegans	gut, muscle, skin, and nervous system	neurons (including AFD neurons)	67	PXD027068_NCB4461A10LC3_B2_NCB4461A10LC3-40-209129_assay	proteomic profiling by mass spectrometry	data-dependent acquisition	NT=label free sample;AC=MS:1002038	1	1	not available	NT=Trypsin;AC=MS:1001251	NT=Carbamidomethyl;AC=UNIMOD:4;TA=C;MT=Fixed	NT=Oxidation;AC=UNIMOD:21;TA=M;MT=Variable	NT=Acetyl;AC=UNIMOD:2;TA=Protein N-term;MT=Variable	NT=Deamidation;AC=UNIMOD:7;TA=NQ;MT=Variable	NT=Gln->pyro-Glu;AC=UNIMOD:28;TA=Q;MT=Variable	NT=Phospho;AC=UNIMOD:21;TA=STY;MT=Variable	NT=K-Biot;AC=null;TA=K;MT=Variable	NT=N-termBiot;AC=null;TA=Protein N-terminus;MT=Variable	not available	not available	not available	not available	not available	not available	2 h	22 °C	NCB4461A10LC3_B2_NCB4461A10LC3-40-209129.raw	NT=ms-proteomics;VV=v1.1.0	NT=crosslinking;VV=v1.0.0	NT=invertebrates;VV=v1.1.0
PXD027068_NCB4460A39LC3_G5_NCB4460A39LC3-40-211330	Caenorhabditis elegans	gut, muscle, skin, and nervous system	neurons (including AFD neurons)	68	PXD027068_NCB4460A39LC3_G5_NCB4460A39LC3-40-211330_assay	proteomic profiling by mass spectrometry	data-dependent acquisition	NT=label free sample;AC=MS:1002038	1	1	not available	NT=Trypsin;AC=MS:1001251	NT=Carbamidomethyl;AC=UNIMOD:4;TA=C;MT=Fixed	NT=Oxidation;AC=UNIMOD:21;TA=M;MT=Variable	NT=Acetyl;AC=UNIMOD:2;TA=Protein N-term;MT=Variable	NT=Deamidation;AC=UNIMOD:7;TA=NQ;MT=Variable	NT=Gln->pyro-Glu;AC=UNIMOD:28;TA=Q;MT=Variable	NT=Phospho;AC=UNIMOD:21;TA=STY;MT=Variable	NT=K-Biot;AC=null;TA=K;MT=Variable	NT=N-termBiot;AC=null;TA=Protein N-terminus;MT=Variable	not available	not available	not available	not available	not available	not available	2 h	22 °C	NCB4460A39LC3_G5_NCB4460A39LC3-40-211330.raw	NT=ms-proteomics;VV=v1.1.0	NT=crosslinking;VV=v1.0.0	NT=invertebrates;VV=v1.1.0
PXD027068_NCB4510A50LC2_B10_NCB4510A50LC2-40-216377	Caenorhabditis elegans	gut, muscle, skin, and nervous system	neurons (including AFD neurons)	69	PXD027068_NCB4510A50LC2_B10_NCB4510A50LC2-40-216377_assay	proteomic profiling by mass spectrometry	data-dependent acquisition	NT=label free sample;AC=MS:1002038	1	1	not available	NT=Trypsin;AC=MS:1001251	NT=Carbamidomethyl;AC=UNIMOD:4;TA=C;MT=Fixed	NT=Oxidation;AC=UNIMOD:21;TA=M;MT=Variable	NT=Acetyl;AC=UNIMOD:2;TA=Protein N-term;MT=Variable	NT=Deamidation;AC=UNIMOD:7;TA=NQ;MT=Variable	NT=Gln->pyro-Glu;AC=UNIMOD:28;TA=Q;MT=Variable	NT=Phospho;AC=UNIMOD:21;TA=STY;MT=Variable	NT=K-Biot;AC=null;TA=K;MT=Variable	NT=N-termBiot;AC=null;TA=Protein N-terminus;MT=Variable	not available	not available	not available	not available	not available	not available	2 h	22 °C	NCB4510A50LC2_B10_NCB4510A50LC2-40-216377.raw	NT=ms-proteomics;VV=v1.1.0	NT=crosslinking;VV=v1.0.0	NT=invertebrates;VV=v1.1.0
PXD027068_NCB4459A85LC3_A1_NCB4459A85LC3-40-208652	Caenorhabditis elegans	gut, muscle, skin, and nervous system	neurons (including AFD neurons)	70	PXD027068_NCB4459A85LC3_A1_NCB4459A85LC3-40-208652_assay	proteomic profiling by mass spectrometry	data-dependent acquisition	NT=label free sample;AC=MS:1002038	1	1	not available	NT=Trypsin;AC=MS:1001251	NT=Carbamidomethyl;AC=UNIMOD:4;TA=C;MT=Fixed	NT=Oxidation;AC=UNIMOD:21;TA=M;MT=Variable	NT=Acetyl;AC=UNIMOD:2;TA=Protein N-term;MT=Variable	NT=Deamidation;AC=UNIMOD:7;TA=NQ;MT=Variable	NT=Gln->pyro-Glu;AC=UNIMOD:28;TA=Q;MT=Variable	NT=Phospho;AC=UNIMOD:21;TA=STY;MT=Variable	NT=K-Biot;AC=null;TA=K;MT=Variable	NT=N-termBiot;AC=null;TA=Protein N-terminus;MT=Variable	not available	not available	not available	not available	not available	not available	2 h	22 °C	NCB4459A85LC3_A1_NCB4459A85LC3-40-208652.raw	NT=ms-proteomics;VV=v1.1.0	NT=crosslinking;VV=v1.0.0	NT=invertebrates;VV=v1.1.0
PXD027068_NCB4496A14LC3_F2_NCB4496A14LC3-40-211905	Caenorhabditis elegans	gut, muscle, skin, and nervous system	neurons (including AFD neurons)	2	PXD027068_NCB4496A14LC3_F2_NCB4496A14LC3-40-211905_assay	proteomic profiling by mass spectrometry	data-dependent acquisition	NT=label free sample;AC=MS:1002038	2	1	not available	NT=Trypsin;AC=MS:1001251	NT=Carbamidomethyl;AC=UNIMOD:4;TA=C;MT=Fixed	NT=Oxidation;AC=UNIMOD:21;TA=M;MT=Variable	NT=Acetyl;AC=UNIMOD:2;TA=Protein N-term;MT=Variable	NT=Deamidation;AC=UNIMOD:7;TA=NQ;MT=Variable	NT=Gln->pyro-Glu;AC=UNIMOD:28;TA=Q;MT=Variable	NT=Phospho;AC=UNIMOD:21;TA=STY;MT=Variable	NT=K-Biot;AC=null;TA=K;MT=Variable	NT=N-termBiot;AC=null;TA=Protein N-terminus;MT=Variable	not available	not available	not available	not available	not available	not available	2 h	22 °C	NCB4496A14LC3_F2_NCB4496A14LC3-40-211905.raw	NT=ms-proteomics;VV=v1.1.0	NT=crosslinking;VV=v1.0.0	NT=invertebrates;VV=v1.1.0
PXD027068_NCB4460A71LC3_G9_NCB4460A71LC3-40-211338	Caenorhabditis elegans	gut, muscle, skin, and nervous system	neurons (including AFD neurons)	71	PXD027068_NCB4460A71LC3_G9_NCB4460A71LC3-40-211338_assay	proteomic profiling by mass spectrometry	data-dependent acquisition	NT=label free sample;AC=MS:1002038	1	1	not available	NT=Trypsin;AC=MS:1001251	NT=Carbamidomethyl;AC=UNIMOD:4;TA=C;MT=Fixed	NT=Oxidation;AC=UNIMOD:21;TA=M;MT=Variable	NT=Acetyl;AC=UNIMOD:2;TA=Protein N-term;MT=Variable	NT=Deamidation;AC=UNIMOD:7;TA=NQ;MT=Variable	NT=Gln->pyro-Glu;AC=UNIMOD:28;TA=Q;MT=Variable	NT=Phospho;AC=UNIMOD:21;TA=STY;MT=Variable	NT=K-Biot;AC=null;TA=K;MT=Variable	NT=N-termBiot;AC=null;TA=Protein N-terminus;MT=Variable	not available	not available	not available	not available	not available	not available	2 h	22 °C	NCB4460A71LC3_G9_NCB4460A71LC3-40-211338.raw	NT=ms-proteomics;VV=v1.1.0	NT=crosslinking;VV=v1.0.0	NT=invertebrates;VV=v1.1.0
PXD027068_NCB4496A2LC3_B1_NCB4496A2LC3-40-211913	Caenorhabditis elegans	gut, muscle, skin, and nervous system	neurons (including AFD neurons)	72	PXD027068_NCB4496A2LC3_B1_NCB4496A2LC3-40-211913_assay	proteomic profiling by mass spectrometry	data-dependent acquisition	NT=label free sample;AC=MS:1002038	1	1	not available	NT=Trypsin;AC=MS:1001251	NT=Carbamidomethyl;AC=UNIMOD:4;TA=C;MT=Fixed	NT=Oxidation;AC=UNIMOD:21;TA=M;MT=Variable	NT=Acetyl;AC=UNIMOD:2;TA=Protein N-term;MT=Variable	NT=Deamidation;AC=UNIMOD:7;TA=NQ;MT=Variable	NT=Gln->pyro-Glu;AC=UNIMOD:28;TA=Q;MT=Variable	NT=Phospho;AC=UNIMOD:21;TA=STY;MT=Variable	NT=K-Biot;AC=null;TA=K;MT=Variable	NT=N-termBiot;AC=null;TA=Protein N-terminus;MT=Variable	not available	not available	not available	not available	not available	not available	2 h	22 °C	NCB4496A2LC3_B1_NCB4496A2LC3-40-211913.raw	NT=ms-proteomics;VV=v1.1.0	NT=crosslinking;VV=v1.0.0	NT=invertebrates;VV=v1.1.0
PXD027068_NCB4509A43LC2_C9_NCB4509A67LC3-40-215867	Caenorhabditis elegans	gut, muscle, skin, and nervous system	neurons (including AFD neurons)	73	PXD027068_NCB4509A43LC2_C9_NCB4509A67LC3-40-215867_assay	proteomic profiling by mass spectrometry	data-dependent acquisition	NT=label free sample;AC=MS:1002038	1	1	not available	NT=Trypsin;AC=MS:1001251	NT=Carbamidomethyl;AC=UNIMOD:4;TA=C;MT=Fixed	NT=Oxidation;AC=UNIMOD:21;TA=M;MT=Variable	NT=Acetyl;AC=UNIMOD:2;TA=Protein N-term;MT=Variable	NT=Deamidation;AC=UNIMOD:7;TA=NQ;MT=Variable	NT=Gln->pyro-Glu;AC=UNIMOD:28;TA=Q;MT=Variable	NT=Phospho;AC=UNIMOD:21;TA=STY;MT=Variable	NT=K-Biot;AC=null;TA=K;MT=Variable	NT=N-termBiot;AC=null;TA=Protein N-terminus;MT=Variable	not available	not available	not available	not available	not available	not available	2 h	22 °C	NCB4509A43LC2_C9_NCB4509A67LC3-40-215867.raw	NT=ms-proteomics;VV=v1.1.0	NT=crosslinking;VV=v1.0.0	NT=invertebrates;VV=v1.1.0
PXD027068_NCB4497A44LC2_D9_NCB4497A44LC2-40-215376	Caenorhabditis elegans	gut, muscle, skin, and nervous system	neurons (including AFD neurons)	74	PXD027068_NCB4497A44LC2_D9_NCB4497A44LC2-40-215376_assay	proteomic profiling by mass spectrometry	data-dependent acquisition	NT=label free sample;AC=MS:1002038	1	1	not available	NT=Trypsin;AC=MS:1001251	NT=Carbamidomethyl;AC=UNIMOD:4;TA=C;MT=Fixed	NT=Oxidation;AC=UNIMOD:21;TA=M;MT=Variable	NT=Acetyl;AC=UNIMOD:2;TA=Protein N-term;MT=Variable	NT=Deamidation;AC=UNIMOD:7;TA=NQ;MT=Variable	NT=Gln->pyro-Glu;AC=UNIMOD:28;TA=Q;MT=Variable	NT=Phospho;AC=UNIMOD:21;TA=STY;MT=Variable	NT=K-Biot;AC=null;TA=K;MT=Variable	NT=N-termBiot;AC=null;TA=Protein N-terminus;MT=Variable	not available	not available	not available	not available	not available	not available	2 h	22 °C	NCB4497A44LC2_D9_NCB4497A44LC2-40-215376.raw	NT=ms-proteomics;VV=v1.1.0	NT=crosslinking;VV=v1.0.0	NT=invertebrates;VV=v1.1.0
PXD027068_NCB4460A84LC3_D11_NCB4460A84LC3-40-211351	Caenorhabditis elegans	gut, muscle, skin, and nervous system	neurons (including AFD neurons)	75	PXD027068_NCB4460A84LC3_D11_NCB4460A84LC3-40-211351_assay	proteomic profiling by mass spectrometry	data-dependent acquisition	NT=label free sample;AC=MS:1002038	1	1	not available	NT=Trypsin;AC=MS:1001251	NT=Carbamidomethyl;AC=UNIMOD:4;TA=C;MT=Fixed	NT=Oxidation;AC=UNIMOD:21;TA=M;MT=Variable	NT=Acetyl;AC=UNIMOD:2;TA=Protein N-term;MT=Variable	NT=Deamidation;AC=UNIMOD:7;TA=NQ;MT=Variable	NT=Gln->pyro-Glu;AC=UNIMOD:28;TA=Q;MT=Variable	NT=Phospho;AC=UNIMOD:21;TA=STY;MT=Variable	NT=K-Biot;AC=null;TA=K;MT=Variable	NT=N-termBiot;AC=null;TA=Protein N-terminus;MT=Variable	not available	not available	not available	not available	not available	not available	2 h	22 °C	NCB4460A84LC3_D11_NCB4460A84LC3-40-211351.raw	NT=ms-proteomics;VV=v1.1.0	NT=crosslinking;VV=v1.0.0	NT=invertebrates;VV=v1.1.0
PXD027068_NCB4497A27LC2_G5_NCB4497A27LC2-40-215357	Caenorhabditis elegans	gut, muscle, skin, and nervous system	neurons (including AFD neurons)	76	PXD027068_NCB4497A27LC2_G5_NCB4497A27LC2-40-215357_assay	proteomic profiling by mass spectrometry	data-dependent acquisition	NT=label free sample;AC=MS:1002038	1	1	not available	NT=Trypsin;AC=MS:1001251	NT=Carbamidomethyl;AC=UNIMOD:4;TA=C;MT=Fixed	NT=Oxidation;AC=UNIMOD:21;TA=M;MT=Variable	NT=Acetyl;AC=UNIMOD:2;TA=Protein N-term;MT=Variable	NT=Deamidation;AC=UNIMOD:7;TA=NQ;MT=Variable	NT=Gln->pyro-Glu;AC=UNIMOD:28;TA=Q;MT=Variable	NT=Phospho;AC=UNIMOD:21;TA=STY;MT=Variable	NT=K-Biot;AC=null;TA=K;MT=Variable	NT=N-termBiot;AC=null;TA=Protein N-terminus;MT=Variable	not available	not available	not available	not available	not available	not available	2 h	22 °C	NCB4497A27LC2_G5_NCB4497A27LC2-40-215357.raw	NT=ms-proteomics;VV=v1.1.0	NT=crosslinking;VV=v1.0.0	NT=invertebrates;VV=v1.1.0
PXD027068_NCB4510A39LC2_C7_NCB4510A39LC2-40-216366	Caenorhabditis elegans	gut, muscle, skin, and nervous system	neurons (including AFD neurons)	77	PXD027068_NCB4510A39LC2_C7_NCB4510A39LC2-40-216366_assay	proteomic profiling by mass spectrometry	data-dependent acquisition	NT=label free sample;AC=MS:1002038	1	1	not available	NT=Trypsin;AC=MS:1001251	NT=Carbamidomethyl;AC=UNIMOD:4;TA=C;MT=Fixed	NT=Oxidation;AC=UNIMOD:21;TA=M;MT=Variable	NT=Acetyl;AC=UNIMOD:2;TA=Protein N-term;MT=Variable	NT=Deamidation;AC=UNIMOD:7;TA=NQ;MT=Variable	NT=Gln->pyro-Glu;AC=UNIMOD:28;TA=Q;MT=Variable	NT=Phospho;AC=UNIMOD:21;TA=STY;MT=Variable	NT=K-Biot;AC=null;TA=K;MT=Variable	NT=N-termBiot;AC=null;TA=Protein N-terminus;MT=Variable	not available	not available	not available	not available	not available	not available	2 h	22 °C	NCB4510A39LC2_C7_NCB4510A39LC2-40-216366.raw	NT=ms-proteomics;VV=v1.1.0	NT=crosslinking;VV=v1.0.0	NT=invertebrates;VV=v1.1.0
PXD027068_NCB4496A82LC3_B11_NCB4496A82LC3-40-214559	Caenorhabditis elegans	gut, muscle, skin, and nervous system	neurons (including AFD neurons)	78	PXD027068_NCB4496A82LC3_B11_NCB4496A82LC3-40-214559_assay	proteomic profiling by mass spectrometry	data-dependent acquisition	NT=label free sample;AC=MS:1002038	1	1	not available	NT=Trypsin;AC=MS:1001251	NT=Carbamidomethyl;AC=UNIMOD:4;TA=C;MT=Fixed	NT=Oxidation;AC=UNIMOD:21;TA=M;MT=Variable	NT=Acetyl;AC=UNIMOD:2;TA=Protein N-term;MT=Variable	NT=Deamidation;AC=UNIMOD:7;TA=NQ;MT=Variable	NT=Gln->pyro-Glu;AC=UNIMOD:28;TA=Q;MT=Variable	NT=Phospho;AC=UNIMOD:21;TA=STY;MT=Variable	NT=K-Biot;AC=null;TA=K;MT=Variable	NT=N-termBiot;AC=null;TA=Protein N-terminus;MT=Variable	not available	not available	not available	not available	not available	not available	2 h	22 °C	NCB4496A82LC3_B11_NCB4496A82LC3-40-214559.raw	NT=ms-proteomics;VV=v1.1.0	NT=crosslinking;VV=v1.0.0	NT=invertebrates;VV=v1.1.0
PXD027068_NCB4580A12LC2_D2	Caenorhabditis elegans	gut, muscle, skin, and nervous system	neurons (including AFD neurons)	79	PXD027068_NCB4580A12LC2_D2_assay	proteomic profiling by mass spectrometry	data-dependent acquisition	NT=label free sample;AC=MS:1002038	1	1	not available	NT=Trypsin;AC=MS:1001251	NT=Carbamidomethyl;AC=UNIMOD:4;TA=C;MT=Fixed	NT=Oxidation;AC=UNIMOD:21;TA=M;MT=Variable	NT=Acetyl;AC=UNIMOD:2;TA=Protein N-term;MT=Variable	NT=Deamidation;AC=UNIMOD:7;TA=NQ;MT=Variable	NT=Gln->pyro-Glu;AC=UNIMOD:28;TA=Q;MT=Variable	NT=Phospho;AC=UNIMOD:21;TA=STY;MT=Variable	NT=K-Biot;AC=null;TA=K;MT=Variable	NT=N-termBiot;AC=null;TA=Protein N-terminus;MT=Variable	not available	not available	not available	not available	not available	not available	2 h	22 °C	NCB4580A12LC2_D2.raw	NT=ms-proteomics;VV=v1.1.0	NT=crosslinking;VV=v1.0.0	NT=invertebrates;VV=v1.1.0
PXD027068_NCB4510A40LC2_D7_NCB4510A40LC2-40-216367	Caenorhabditis elegans	gut, muscle, skin, and nervous system	neurons (including AFD neurons)	80	PXD027068_NCB4510A40LC2_D7_NCB4510A40LC2-40-216367_assay	proteomic profiling by mass spectrometry	data-dependent acquisition	NT=label free sample;AC=MS:1002038	1	1	not available	NT=Trypsin;AC=MS:1001251	NT=Carbamidomethyl;AC=UNIMOD:4;TA=C;MT=Fixed	NT=Oxidation;AC=UNIMOD:21;TA=M;MT=Variable	NT=Acetyl;AC=UNIMOD:2;TA=Protein N-term;MT=Variable	NT=Deamidation;AC=UNIMOD:7;TA=NQ;MT=Variable	NT=Gln->pyro-Glu;AC=UNIMOD:28;TA=Q;MT=Variable	NT=Phospho;AC=UNIMOD:21;TA=STY;MT=Variable	NT=K-Biot;AC=null;TA=K;MT=Variable	NT=N-termBiot;AC=null;TA=Protein N-terminus;MT=Variable	not available	not available	not available	not available	not available	not available	2 h	22 °C	NCB4510A40LC2_D7_NCB4510A40LC2-40-216367.raw	NT=ms-proteomics;VV=v1.1.0	NT=crosslinking;VV=v1.0.0	NT=invertebrates;VV=v1.1.0
PXD027068_NCB4497A12LC2_D2_NCB4497A12LC2-40-215241	Caenorhabditis elegans	gut, muscle, skin, and nervous system	neurons (including AFD neurons)	81	PXD027068_NCB4497A12LC2_D2_NCB4497A12LC2-40-215241_assay	proteomic profiling by mass spectrometry	data-dependent acquisition	NT=label free sample;AC=MS:1002038	1	1	not available	NT=Trypsin;AC=MS:1001251	NT=Carbamidomethyl;AC=UNIMOD:4;TA=C;MT=Fixed	NT=Oxidation;AC=UNIMOD:21;TA=M;MT=Variable	NT=Acetyl;AC=UNIMOD:2;TA=Protein N-term;MT=Variable	NT=Deamidation;AC=UNIMOD:7;TA=NQ;MT=Variable	NT=Gln->pyro-Glu;AC=UNIMOD:28;TA=Q;MT=Variable	NT=Phospho;AC=UNIMOD:21;TA=STY;MT=Variable	NT=K-Biot;AC=null;TA=K;MT=Variable	NT=N-termBiot;AC=null;TA=Protein N-terminus;MT=Variable	not available	not available	not available	not available	not available	not available	2 h	22 °C	NCB4497A12LC2_D2_NCB4497A12LC2-40-215241.raw	NT=ms-proteomics;VV=v1.1.0	NT=crosslinking;VV=v1.0.0	NT=invertebrates;VV=v1.1.0
PXD027068_NCB4461A16LC3_H2_NCB4461A16LC3-40-209135	Caenorhabditis elegans	gut, muscle, skin, and nervous system	neurons (including AFD neurons)	82	PXD027068_NCB4461A16LC3_H2_NCB4461A16LC3-40-209135_assay	proteomic profiling by mass spectrometry	data-dependent acquisition	NT=label free sample;AC=MS:1002038	1	1	not available	NT=Trypsin;AC=MS:1001251	NT=Carbamidomethyl;AC=UNIMOD:4;TA=C;MT=Fixed	NT=Oxidation;AC=UNIMOD:21;TA=M;MT=Variable	NT=Acetyl;AC=UNIMOD:2;TA=Protein N-term;MT=Variable	NT=Deamidation;AC=UNIMOD:7;TA=NQ;MT=Variable	NT=Gln->pyro-Glu;AC=UNIMOD:28;TA=Q;MT=Variable	NT=Phospho;AC=UNIMOD:21;TA=STY;MT=Variable	NT=K-Biot;AC=null;TA=K;MT=Variable	NT=N-termBiot;AC=null;TA=Protein N-terminus;MT=Variable	not available	not available	not available	not available	not available	not available	2 h	22 °C	NCB4461A16LC3_H2_NCB4461A16LC3-40-209135.raw	NT=ms-proteomics;VV=v1.1.0	NT=crosslinking;VV=v1.0.0	NT=invertebrates;VV=v1.1.0
PXD027068_NCB4460A37LC3_E5_NCB4460A37LC3-40-211328	Caenorhabditis elegans	gut, muscle, skin, and nervous system	neurons (including AFD neurons)	83	PXD027068_NCB4460A37LC3_E5_NCB4460A37LC3-40-211328_assay	proteomic profiling by mass spectrometry	data-dependent acquisition	NT=label free sample;AC=MS:1002038	1	1	not available	NT=Trypsin;AC=MS:1001251	NT=Carbamidomethyl;AC=UNIMOD:4;TA=C;MT=Fixed	NT=Oxidation;AC=UNIMOD:21;TA=M;MT=Variable	NT=Acetyl;AC=UNIMOD:2;TA=Protein N-term;MT=Variable	NT=Deamidation;AC=UNIMOD:7;TA=NQ;MT=Variable	NT=Gln->pyro-Glu;AC=UNIMOD:28;TA=Q;MT=Variable	NT=Phospho;AC=UNIMOD:21;TA=STY;MT=Variable	NT=K-Biot;AC=null;TA=K;MT=Variable	NT=N-termBiot;AC=null;TA=Protein N-terminus;MT=Variable	not available	not available	not available	not available	not available	not available	2 h	22 °C	NCB4460A37LC3_E5_NCB4460A37LC3-40-211328.raw	NT=ms-proteomics;VV=v1.1.0	NT=crosslinking;VV=v1.0.0	NT=invertebrates;VV=v1.1.0
PXD027068_NCB4509A4LC2_D1_NCB4509A4LC3-40-215638	Caenorhabditis elegans	gut, muscle, skin, and nervous system	neurons (including AFD neurons)	84	PXD027068_NCB4509A4LC2_D1_NCB4509A4LC3-40-215638_assay	proteomic profiling by mass spectrometry	data-dependent acquisition	NT=label free sample;AC=MS:1002038	1	1	not available	NT=Trypsin;AC=MS:1001251	NT=Carbamidomethyl;AC=UNIMOD:4;TA=C;MT=Fixed	NT=Oxidation;AC=UNIMOD:21;TA=M;MT=Variable	NT=Acetyl;AC=UNIMOD:2;TA=Protein N-term;MT=Variable	NT=Deamidation;AC=UNIMOD:7;TA=NQ;MT=Variable	NT=Gln->pyro-Glu;AC=UNIMOD:28;TA=Q;MT=Variable	NT=Phospho;AC=UNIMOD:21;TA=STY;MT=Variable	NT=K-Biot;AC=null;TA=K;MT=Variable	NT=N-termBiot;AC=null;TA=Protein N-terminus;MT=Variable	not available	not available	not available	not available	not available	not available	2 h	22 °C	NCB4509A4LC2_D1_NCB4509A4LC3-40-215638.raw	NT=ms-proteomics;VV=v1.1.0	NT=crosslinking;VV=v1.0.0	NT=invertebrates;VV=v1.1.0
PXD027068_NCB4459A158LC3_B10_NCB4459A158LC3-40-209117	Caenorhabditis elegans	gut, muscle, skin, and nervous system	neurons (including AFD neurons)	85	PXD027068_NCB4459A158LC3_B10_NCB4459A158LC3-40-209117_assay	proteomic profiling by mass spectrometry	data-dependent acquisition	NT=label free sample;AC=MS:1002038	1	1	not available	NT=Trypsin;AC=MS:1001251	NT=Carbamidomethyl;AC=UNIMOD:4;TA=C;MT=Fixed	NT=Oxidation;AC=UNIMOD:21;TA=M;MT=Variable	NT=Acetyl;AC=UNIMOD:2;TA=Protein N-term;MT=Variable	NT=Deamidation;AC=UNIMOD:7;TA=NQ;MT=Variable	NT=Gln->pyro-Glu;AC=UNIMOD:28;TA=Q;MT=Variable	NT=Phospho;AC=UNIMOD:21;TA=STY;MT=Variable	NT=K-Biot;AC=null;TA=K;MT=Variable	NT=N-termBiot;AC=null;TA=Protein N-terminus;MT=Variable	not available	not available	not available	not available	not available	not available	2 h	22 °C	NCB4459A158LC3_B10_NCB4459A158LC3-40-209117.raw	NT=ms-proteomics;VV=v1.1.0	NT=crosslinking;VV=v1.0.0	NT=invertebrates;VV=v1.1.0
PXD027068_NCB4460A42LC3_B6_NCB4460A42LC3-40-210537	Caenorhabditis elegans	gut, muscle, skin, and nervous system	neurons (including AFD neurons)	86	PXD027068_NCB4460A42LC3_B6_NCB4460A42LC3-40-210537_assay	proteomic profiling by mass spectrometry	data-dependent acquisition	NT=label free sample;AC=MS:1002038	1	1	not available	NT=Trypsin;AC=MS:1001251	NT=Carbamidomethyl;AC=UNIMOD:4;TA=C;MT=Fixed	NT=Oxidation;AC=UNIMOD:21;TA=M;MT=Variable	NT=Acetyl;AC=UNIMOD:2;TA=Protein N-term;MT=Variable	NT=Deamidation;AC=UNIMOD:7;TA=NQ;MT=Variable	NT=Gln->pyro-Glu;AC=UNIMOD:28;TA=Q;MT=Variable	NT=Phospho;AC=UNIMOD:21;TA=STY;MT=Variable	NT=K-Biot;AC=null;TA=K;MT=Variable	NT=N-termBiot;AC=null;TA=Protein N-terminus;MT=Variable	not available	not available	not available	not available	not available	not available	2 h	22 °C	NCB4460A42LC3_B6_NCB4460A42LC3-40-210537.raw	NT=ms-proteomics;VV=v1.1.0	NT=crosslinking;VV=v1.0.0	NT=invertebrates;VV=v1.1.0
PXD027068_NCB4496A66LC3_B9_NCB4496A66LC3-40-214343	Caenorhabditis elegans	gut, muscle, skin, and nervous system	neurons (including AFD neurons)	87	PXD027068_NCB4496A66LC3_B9_NCB4496A66LC3-40-214343_assay	proteomic profiling by mass spectrometry	data-dependent acquisition	NT=label free sample;AC=MS:1002038	1	1	not available	NT=Trypsin;AC=MS:1001251	NT=Carbamidomethyl;AC=UNIMOD:4;TA=C;MT=Fixed	NT=Oxidation;AC=UNIMOD:21;TA=M;MT=Variable	NT=Acetyl;AC=UNIMOD:2;TA=Protein N-term;MT=Variable	NT=Deamidation;AC=UNIMOD:7;TA=NQ;MT=Variable	NT=Gln->pyro-Glu;AC=UNIMOD:28;TA=Q;MT=Variable	NT=Phospho;AC=UNIMOD:21;TA=STY;MT=Variable	NT=K-Biot;AC=null;TA=K;MT=Variable	NT=N-termBiot;AC=null;TA=Protein N-terminus;MT=Variable	not available	not available	not available	not available	not available	not available	2 h	22 °C	NCB4496A66LC3_B9_NCB4496A66LC3-40-214343.raw	NT=ms-proteomics;VV=v1.1.0	NT=crosslinking;VV=v1.0.0	NT=invertebrates;VV=v1.1.0
PXD027068_NCB4580A17LC2_A3	Caenorhabditis elegans	gut, muscle, skin, and nervous system	neurons (including AFD neurons)	88	PXD027068_NCB4580A17LC2_A3_assay	proteomic profiling by mass spectrometry	data-dependent acquisition	NT=label free sample;AC=MS:1002038	1	1	not available	NT=Trypsin;AC=MS:1001251	NT=Carbamidomethyl;AC=UNIMOD:4;TA=C;MT=Fixed	NT=Oxidation;AC=UNIMOD:21;TA=M;MT=Variable	NT=Acetyl;AC=UNIMOD:2;TA=Protein N-term;MT=Variable	NT=Deamidation;AC=UNIMOD:7;TA=NQ;MT=Variable	NT=Gln->pyro-Glu;AC=UNIMOD:28;TA=Q;MT=Variable	NT=Phospho;AC=UNIMOD:21;TA=STY;MT=Variable	NT=K-Biot;AC=null;TA=K;MT=Variable	NT=N-termBiot;AC=null;TA=Protein N-terminus;MT=Variable	not available	not available	not available	not available	not available	not available	2 h	22 °C	NCB4580A17LC2_A3.raw	NT=ms-proteomics;VV=v1.1.0	NT=crosslinking;VV=v1.0.0	NT=invertebrates;VV=v1.1.0
PXD027068_NCB4459A90LC3_F1_NCB4459A90LC3-40-208657	Caenorhabditis elegans	gut, muscle, skin, and nervous system	neurons (including AFD neurons)	89	PXD027068_NCB4459A90LC3_F1_NCB4459A90LC3-40-208657_assay	proteomic profiling by mass spectrometry	data-dependent acquisition	NT=label free sample;AC=MS:1002038	1	1	not available	NT=Trypsin;AC=MS:1001251	NT=Carbamidomethyl;AC=UNIMOD:4;TA=C;MT=Fixed	NT=Oxidation;AC=UNIMOD:21;TA=M;MT=Variable	NT=Acetyl;AC=UNIMOD:2;TA=Protein N-term;MT=Variable	NT=Deamidation;AC=UNIMOD:7;TA=NQ;MT=Variable	NT=Gln->pyro-Glu;AC=UNIMOD:28;TA=Q;MT=Variable	NT=Phospho;AC=UNIMOD:21;TA=STY;MT=Variable	NT=K-Biot;AC=null;TA=K;MT=Variable	NT=N-termBiot;AC=null;TA=Protein N-terminus;MT=Variable	not available	not available	not available	not available	not available	not available	2 h	22 °C	NCB4459A90LC3_F1_NCB4459A90LC3-40-208657.raw	NT=ms-proteomics;VV=v1.1.0	NT=crosslinking;VV=v1.0.0	NT=invertebrates;VV=v1.1.0
PXD027068_NCB4461A2LC3_B1_NCB4461A2LC3-40-209141	Caenorhabditis elegans	gut, muscle, skin, and nervous system	neurons (including AFD neurons)	90	PXD027068_NCB4461A2LC3_B1_NCB4461A2LC3-40-209141_assay	proteomic profiling by mass spectrometry	data-dependent acquisition	NT=label free sample;AC=MS:1002038	1	1	not available	NT=Trypsin;AC=MS:1001251	NT=Carbamidomethyl;AC=UNIMOD:4;TA=C;MT=Fixed	NT=Oxidation;AC=UNIMOD:21;TA=M;MT=Variable	NT=Acetyl;AC=UNIMOD:2;TA=Protein N-term;MT=Variable	NT=Deamidation;AC=UNIMOD:7;TA=NQ;MT=Variable	NT=Gln->pyro-Glu;AC=UNIMOD:28;TA=Q;MT=Variable	NT=Phospho;AC=UNIMOD:21;TA=STY;MT=Variable	NT=K-Biot;AC=null;TA=K;MT=Variable	NT=N-termBiot;AC=null;TA=Protein N-terminus;MT=Variable	not available	not available	not available	not available	not available	not available	2 h	22 °C	NCB4461A2LC3_B1_NCB4461A2LC3-40-209141.raw	NT=ms-proteomics;VV=v1.1.0	NT=crosslinking;VV=v1.0.0	NT=invertebrates;VV=v1.1.0
PXD027068_NCB4580A21LC2_A5	Caenorhabditis elegans	gut, muscle, skin, and nervous system	neurons (including AFD neurons)	91	PXD027068_NCB4580A21LC2_A5_assay	proteomic profiling by mass spectrometry	data-dependent acquisition	NT=label free sample;AC=MS:1002038	1	1	not available	NT=Trypsin;AC=MS:1001251	NT=Carbamidomethyl;AC=UNIMOD:4;TA=C;MT=Fixed	NT=Oxidation;AC=UNIMOD:21;TA=M;MT=Variable	NT=Acetyl;AC=UNIMOD:2;TA=Protein N-term;MT=Variable	NT=Deamidation;AC=UNIMOD:7;TA=NQ;MT=Variable	NT=Gln->pyro-Glu;AC=UNIMOD:28;TA=Q;MT=Variable	NT=Phospho;AC=UNIMOD:21;TA=STY;MT=Variable	NT=K-Biot;AC=null;TA=K;MT=Variable	NT=N-termBiot;AC=null;TA=Protein N-terminus;MT=Variable	not available	not available	not available	not available	not available	not available	2 h	22 °C	NCB4580A21LC2_A5.raw	NT=ms-proteomics;VV=v1.1.0	NT=crosslinking;VV=v1.0.0	NT=invertebrates;VV=v1.1.0
PXD027068_NCB4460A14LC3_F2_NCB4460A14LC3-40-210644	Caenorhabditis elegans	gut, muscle, skin, and nervous system	neurons (including AFD neurons)	3	PXD027068_NCB4460A14LC3_F2_NCB4460A14LC3-40-210644_assay	proteomic profiling by mass spectrometry	data-dependent acquisition	NT=label free sample;AC=MS:1002038	2	1	not available	NT=Trypsin;AC=MS:1001251	NT=Carbamidomethyl;AC=UNIMOD:4;TA=C;MT=Fixed	NT=Oxidation;AC=UNIMOD:21;TA=M;MT=Variable	NT=Acetyl;AC=UNIMOD:2;TA=Protein N-term;MT=Variable	NT=Deamidation;AC=UNIMOD:7;TA=NQ;MT=Variable	NT=Gln->pyro-Glu;AC=UNIMOD:28;TA=Q;MT=Variable	NT=Phospho;AC=UNIMOD:21;TA=STY;MT=Variable	NT=K-Biot;AC=null;TA=K;MT=Variable	NT=N-termBiot;AC=null;TA=Protein N-terminus;MT=Variable	not available	not available	not available	not available	not available	not available	2 h	22 °C	NCB4460A14LC3_F2_NCB4460A14LC3-40-210644.raw	NT=ms-proteomics;VV=v1.1.0	NT=crosslinking;VV=v1.0.0	NT=invertebrates;VV=v1.1.0
PXD027068_NCB4580A39LC2_C7	Caenorhabditis elegans	gut, muscle, skin, and nervous system	neurons (including AFD neurons)	92	PXD027068_NCB4580A39LC2_C7_assay	proteomic profiling by mass spectrometry	data-dependent acquisition	NT=label free sample;AC=MS:1002038	1	1	not available	NT=Trypsin;AC=MS:1001251	NT=Carbamidomethyl;AC=UNIMOD:4;TA=C;MT=Fixed	NT=Oxidation;AC=UNIMOD:21;TA=M;MT=Variable	NT=Acetyl;AC=UNIMOD:2;TA=Protein N-term;MT=Variable	NT=Deamidation;AC=UNIMOD:7;TA=NQ;MT=Variable	NT=Gln->pyro-Glu;AC=UNIMOD:28;TA=Q;MT=Variable	NT=Phospho;AC=UNIMOD:21;TA=STY;MT=Variable	NT=K-Biot;AC=null;TA=K;MT=Variable	NT=N-termBiot;AC=null;TA=Protein N-terminus;MT=Variable	not available	not available	not available	not available	not available	not available	2 h	22 °C	NCB4580A39LC2_C7.raw	NT=ms-proteomics;VV=v1.1.0	NT=crosslinking;VV=v1.0.0	NT=invertebrates;VV=v1.1.0
PXD027068_NCB4496A44LC3_D6_NCB4496A44LC3-40-214333	Caenorhabditis elegans	gut, muscle, skin, and nervous system	neurons (including AFD neurons)	93	PXD027068_NCB4496A44LC3_D6_NCB4496A44LC3-40-214333_assay	proteomic profiling by mass spectrometry	data-dependent acquisition	NT=label free sample;AC=MS:1002038	1	1	not available	NT=Trypsin;AC=MS:1001251	NT=Carbamidomethyl;AC=UNIMOD:4;TA=C;MT=Fixed	NT=Oxidation;AC=UNIMOD:21;TA=M;MT=Variable	NT=Acetyl;AC=UNIMOD:2;TA=Protein N-term;MT=Variable	NT=Deamidation;AC=UNIMOD:7;TA=NQ;MT=Variable	NT=Gln->pyro-Glu;AC=UNIMOD:28;TA=Q;MT=Variable	NT=Phospho;AC=UNIMOD:21;TA=STY;MT=Variable	NT=K-Biot;AC=null;TA=K;MT=Variable	NT=N-termBiot;AC=null;TA=Protein N-terminus;MT=Variable	not available	not available	not available	not available	not available	not available	2 h	22 °C	NCB4496A44LC3_D6_NCB4496A44LC3-40-214333.raw	NT=ms-proteomics;VV=v1.1.0	NT=crosslinking;VV=v1.0.0	NT=invertebrates;VV=v1.1.0
PXD027068_NCB4509A45LC2_E9_NCB4509A69LC3-40-215869	Caenorhabditis elegans	gut, muscle, skin, and nervous system	neurons (including AFD neurons)	94	PXD027068_NCB4509A45LC2_E9_NCB4509A69LC3-40-215869_assay	proteomic profiling by mass spectrometry	data-dependent acquisition	NT=label free sample;AC=MS:1002038	1	1	not available	NT=Trypsin;AC=MS:1001251	NT=Carbamidomethyl;AC=UNIMOD:4;TA=C;MT=Fixed	NT=Oxidation;AC=UNIMOD:21;TA=M;MT=Variable	NT=Acetyl;AC=UNIMOD:2;TA=Protein N-term;MT=Variable	NT=Deamidation;AC=UNIMOD:7;TA=NQ;MT=Variable	NT=Gln->pyro-Glu;AC=UNIMOD:28;TA=Q;MT=Variable	NT=Phospho;AC=UNIMOD:21;TA=STY;MT=Variable	NT=K-Biot;AC=null;TA=K;MT=Variable	NT=N-termBiot;AC=null;TA=Protein N-terminus;MT=Variable	not available	not available	not available	not available	not available	not available	2 h	22 °C	NCB4509A45LC2_E9_NCB4509A69LC3-40-215869.raw	NT=ms-proteomics;VV=v1.1.0	NT=crosslinking;VV=v1.0.0	NT=invertebrates;VV=v1.1.0
PXD027068_NCB4459A164LC3_H10_NCB4459A164LC3-40-209123	Caenorhabditis elegans	gut, muscle, skin, and nervous system	neurons (including AFD neurons)	95	PXD027068_NCB4459A164LC3_H10_NCB4459A164LC3-40-209123_assay	proteomic profiling by mass spectrometry	data-dependent acquisition	NT=label free sample;AC=MS:1002038	1	1	not available	NT=Trypsin;AC=MS:1001251	NT=Carbamidomethyl;AC=UNIMOD:4;TA=C;MT=Fixed	NT=Oxidation;AC=UNIMOD:21;TA=M;MT=Variable	NT=Acetyl;AC=UNIMOD:2;TA=Protein N-term;MT=Variable	NT=Deamidation;AC=UNIMOD:7;TA=NQ;MT=Variable	NT=Gln->pyro-Glu;AC=UNIMOD:28;TA=Q;MT=Variable	NT=Phospho;AC=UNIMOD:21;TA=STY;MT=Variable	NT=K-Biot;AC=null;TA=K;MT=Variable	NT=N-termBiot;AC=null;TA=Protein N-terminus;MT=Variable	not available	not available	not available	not available	not available	not available	2 h	22 °C	NCB4459A164LC3_H10_NCB4459A164LC3-40-209123.raw	NT=ms-proteomics;VV=v1.1.0	NT=crosslinking;VV=v1.0.0	NT=invertebrates;VV=v1.1.0
PXD027068_NCB4510A10LC2_B2_NCB4510A10LC2-40-216237	Caenorhabditis elegans	gut, muscle, skin, and nervous system	neurons (including AFD neurons)	96	PXD027068_NCB4510A10LC2_B2_NCB4510A10LC2-40-216237_assay	proteomic profiling by mass spectrometry	data-dependent acquisition	NT=label free sample;AC=MS:1002038	1	1	not available	NT=Trypsin;AC=MS:1001251	NT=Carbamidomethyl;AC=UNIMOD:4;TA=C;MT=Fixed	NT=Oxidation;AC=UNIMOD:21;TA=M;MT=Variable	NT=Acetyl;AC=UNIMOD:2;TA=Protein N-term;MT=Variable	NT=Deamidation;AC=UNIMOD:7;TA=NQ;MT=Variable	NT=Gln->pyro-Glu;AC=UNIMOD:28;TA=Q;MT=Variable	NT=Phospho;AC=UNIMOD:21;TA=STY;MT=Variable	NT=K-Biot;AC=null;TA=K;MT=Variable	NT=N-termBiot;AC=null;TA=Protein N-terminus;MT=Variable	not available	not available	not available	not available	not available	not available	2 h	22 °C	NCB4510A10LC2_B2_NCB4510A10LC2-40-216237.raw	NT=ms-proteomics;VV=v1.1.0	NT=crosslinking;VV=v1.0.0	NT=invertebrates;VV=v1.1.0
PXD027068_NCB4460A33LC3_A5_NCB4460A33LC3-40-211324	Caenorhabditis elegans	gut, muscle, skin, and nervous system	neurons (including AFD neurons)	97	PXD027068_NCB4460A33LC3_A5_NCB4460A33LC3-40-211324_assay	proteomic profiling by mass spectrometry	data-dependent acquisition	NT=label free sample;AC=MS:1002038	1	1	not available	NT=Trypsin;AC=MS:1001251	NT=Carbamidomethyl;AC=UNIMOD:4;TA=C;MT=Fixed	NT=Oxidation;AC=UNIMOD:21;TA=M;MT=Variable	NT=Acetyl;AC=UNIMOD:2;TA=Protein N-term;MT=Variable	NT=Deamidation;AC=UNIMOD:7;TA=NQ;MT=Variable	NT=Gln->pyro-Glu;AC=UNIMOD:28;TA=Q;MT=Variable	NT=Phospho;AC=UNIMOD:21;TA=STY;MT=Variable	NT=K-Biot;AC=null;TA=K;MT=Variable	NT=N-termBiot;AC=null;TA=Protein N-terminus;MT=Variable	not available	not available	not available	not available	not available	not available	2 h	22 °C	NCB4460A33LC3_A5_NCB4460A33LC3-40-211324.raw	NT=ms-proteomics;VV=v1.1.0	NT=crosslinking;VV=v1.0.0	NT=invertebrates;VV=v1.1.0
PXD027068_NCB4509A18LC2_B3_NCB4509A18LC3-40-215752	Caenorhabditis elegans	gut, muscle, skin, and nervous system	neurons (including AFD neurons)	98	PXD027068_NCB4509A18LC2_B3_NCB4509A18LC3-40-215752_assay	proteomic profiling by mass spectrometry	data-dependent acquisition	NT=label free sample;AC=MS:1002038	1	1	not available	NT=Trypsin;AC=MS:1001251	NT=Carbamidomethyl;AC=UNIMOD:4;TA=C;MT=Fixed	NT=Oxidation;AC=UNIMOD:21;TA=M;MT=Variable	NT=Acetyl;AC=UNIMOD:2;TA=Protein N-term;MT=Variable	NT=Deamidation;AC=UNIMOD:7;TA=NQ;MT=Variable	NT=Gln->pyro-Glu;AC=UNIMOD:28;TA=Q;MT=Variable	NT=Phospho;AC=UNIMOD:21;TA=STY;MT=Variable	NT=K-Biot;AC=null;TA=K;MT=Variable	NT=N-termBiot;AC=null;TA=Protein N-terminus;MT=Variable	not available	not available	not available	not available	not available	not available	2 h	22 °C	NCB4509A18LC2_B3_NCB4509A18LC3-40-215752.raw	NT=ms-proteomics;VV=v1.1.0	NT=crosslinking;VV=v1.0.0	NT=invertebrates;VV=v1.1.0
PXD027068_NCB4580A20LC2_D3	Caenorhabditis elegans	gut, muscle, skin, and nervous system	neurons (including AFD neurons)	99	PXD027068_NCB4580A20LC2_D3_assay	proteomic profiling by mass spectrometry	data-dependent acquisition	NT=label free sample;AC=MS:1002038	1	1	not available	NT=Trypsin;AC=MS:1001251	NT=Carbamidomethyl;AC=UNIMOD:4;TA=C;MT=Fixed	NT=Oxidation;AC=UNIMOD:21;TA=M;MT=Variable	NT=Acetyl;AC=UNIMOD:2;TA=Protein N-term;MT=Variable	NT=Deamidation;AC=UNIMOD:7;TA=NQ;MT=Variable	NT=Gln->pyro-Glu;AC=UNIMOD:28;TA=Q;MT=Variable	NT=Phospho;AC=UNIMOD:21;TA=STY;MT=Variable	NT=K-Biot;AC=null;TA=K;MT=Variable	NT=N-termBiot;AC=null;TA=Protein N-terminus;MT=Variable	not available	not available	not available	not available	not available	not available	2 h	22 °C	NCB4580A20LC2_D3.raw	NT=ms-proteomics;VV=v1.1.0	NT=crosslinking;VV=v1.0.0	NT=invertebrates;VV=v1.1.0
PXD027068_NCB4496A37LC3_E5_NCB4496A37LC3-40-214326	Caenorhabditis elegans	gut, muscle, skin, and nervous system	neurons (including AFD neurons)	100	PXD027068_NCB4496A37LC3_E5_NCB4496A37LC3-40-214326_assay	proteomic profiling by mass spectrometry	data-dependent acquisition	NT=label free sample;AC=MS:1002038	1	1	not available	NT=Trypsin;AC=MS:1001251	NT=Carbamidomethyl;AC=UNIMOD:4;TA=C;MT=Fixed	NT=Oxidation;AC=UNIMOD:21;TA=M;MT=Variable	NT=Acetyl;AC=UNIMOD:2;TA=Protein N-term;MT=Variable	NT=Deamidation;AC=UNIMOD:7;TA=NQ;MT=Variable	NT=Gln->pyro-Glu;AC=UNIMOD:28;TA=Q;MT=Variable	NT=Phospho;AC=UNIMOD:21;TA=STY;MT=Variable	NT=K-Biot;AC=null;TA=K;MT=Variable	NT=N-termBiot;AC=null;TA=Protein N-terminus;MT=Variable	not available	not available	not available	not available	not available	not available	2 h	22 °C	NCB4496A37LC3_E5_NCB4496A37LC3-40-214326.raw	NT=ms-proteomics;VV=v1.1.0	NT=crosslinking;VV=v1.0.0	NT=invertebrates;VV=v1.1.0
PXD027068_NCB4580A13LC2_E2	Caenorhabditis elegans	gut, muscle, skin, and nervous system	neurons (including AFD neurons)	101	PXD027068_NCB4580A13LC2_E2_assay	proteomic profiling by mass spectrometry	data-dependent acquisition	NT=label free sample;AC=MS:1002038	1	1	not available	NT=Trypsin;AC=MS:1001251	NT=Carbamidomethyl;AC=UNIMOD:4;TA=C;MT=Fixed	NT=Oxidation;AC=UNIMOD:21;TA=M;MT=Variable	NT=Acetyl;AC=UNIMOD:2;TA=Protein N-term;MT=Variable	NT=Deamidation;AC=UNIMOD:7;TA=NQ;MT=Variable	NT=Gln->pyro-Glu;AC=UNIMOD:28;TA=Q;MT=Variable	NT=Phospho;AC=UNIMOD:21;TA=STY;MT=Variable	NT=K-Biot;AC=null;TA=K;MT=Variable	NT=N-termBiot;AC=null;TA=Protein N-terminus;MT=Variable	not available	not available	not available	not available	not available	not available	2 h	22 °C	NCB4580A13LC2_E2.raw	NT=ms-proteomics;VV=v1.1.0	NT=crosslinking;VV=v1.0.0	NT=invertebrates;VV=v1.1.0
PXD027068_NCB4460A73LC3_A10_NCB4460A73LC3-40-211340	Caenorhabditis elegans	gut, muscle, skin, and nervous system	neurons (including AFD neurons)	102	PXD027068_NCB4460A73LC3_A10_NCB4460A73LC3-40-211340_assay	proteomic profiling by mass spectrometry	data-dependent acquisition	NT=label free sample;AC=MS:1002038	1	1	not available	NT=Trypsin;AC=MS:1001251	NT=Carbamidomethyl;AC=UNIMOD:4;TA=C;MT=Fixed	NT=Oxidation;AC=UNIMOD:21;TA=M;MT=Variable	NT=Acetyl;AC=UNIMOD:2;TA=Protein N-term;MT=Variable	NT=Deamidation;AC=UNIMOD:7;TA=NQ;MT=Variable	NT=Gln->pyro-Glu;AC=UNIMOD:28;TA=Q;MT=Variable	NT=Phospho;AC=UNIMOD:21;TA=STY;MT=Variable	NT=K-Biot;AC=null;TA=K;MT=Variable	NT=N-termBiot;AC=null;TA=Protein N-terminus;MT=Variable	not available	not available	not available	not available	not available	not available	2 h	22 °C	NCB4460A73LC3_A10_NCB4460A73LC3-40-211340.raw	NT=ms-proteomics;VV=v1.1.0	NT=crosslinking;VV=v1.0.0	NT=invertebrates;VV=v1.1.0
PXD027068_NCB4497A7LC2_G1_NCB4497A7LC2-40-215396	Caenorhabditis elegans	gut, muscle, skin, and nervous system	neurons (including AFD neurons)	103	PXD027068_NCB4497A7LC2_G1_NCB4497A7LC2-40-215396_assay	proteomic profiling by mass spectrometry	data-dependent acquisition	NT=label free sample;AC=MS:1002038	1	1	not available	NT=Trypsin;AC=MS:1001251	NT=Carbamidomethyl;AC=UNIMOD:4;TA=C;MT=Fixed	NT=Oxidation;AC=UNIMOD:21;TA=M;MT=Variable	NT=Acetyl;AC=UNIMOD:2;TA=Protein N-term;MT=Variable	NT=Deamidation;AC=UNIMOD:7;TA=NQ;MT=Variable	NT=Gln->pyro-Glu;AC=UNIMOD:28;TA=Q;MT=Variable	NT=Phospho;AC=UNIMOD:21;TA=STY;MT=Variable	NT=K-Biot;AC=null;TA=K;MT=Variable	NT=N-termBiot;AC=null;TA=Protein N-terminus;MT=Variable	not available	not available	not available	not available	not available	not available	2 h	22 °C	NCB4497A7LC2_G1_NCB4497A7LC2-40-215396.raw	NT=ms-proteomics;VV=v1.1.0	NT=crosslinking;VV=v1.0.0	NT=invertebrates;VV=v1.1.0
PXD027068_NCB4459A133LC3_A7_NCB4459A133LC3-40-209080	Caenorhabditis elegans	gut, muscle, skin, and nervous system	neurons (including AFD neurons)	104	PXD027068_NCB4459A133LC3_A7_NCB4459A133LC3-40-209080_assay	proteomic profiling by mass spectrometry	data-dependent acquisition	NT=label free sample;AC=MS:1002038	1	1	not available	NT=Trypsin;AC=MS:1001251	NT=Carbamidomethyl;AC=UNIMOD:4;TA=C;MT=Fixed	NT=Oxidation;AC=UNIMOD:21;TA=M;MT=Variable	NT=Acetyl;AC=UNIMOD:2;TA=Protein N-term;MT=Variable	NT=Deamidation;AC=UNIMOD:7;TA=NQ;MT=Variable	NT=Gln->pyro-Glu;AC=UNIMOD:28;TA=Q;MT=Variable	NT=Phospho;AC=UNIMOD:21;TA=STY;MT=Variable	NT=K-Biot;AC=null;TA=K;MT=Variable	NT=N-termBiot;AC=null;TA=Protein N-terminus;MT=Variable	not available	not available	not available	not available	not available	not available	2 h	22 °C	NCB4459A133LC3_A7_NCB4459A133LC3-40-209080.raw	NT=ms-proteomics;VV=v1.1.0	NT=crosslinking;VV=v1.0.0	NT=invertebrates;VV=v1.1.0
PXD027068_NCB4460A13LC3_E2_NCB4460A13LC3-40-210643	Caenorhabditis elegans	gut, muscle, skin, and nervous system	neurons (including AFD neurons)	105	PXD027068_NCB4460A13LC3_E2_NCB4460A13LC3-40-210643_assay	proteomic profiling by mass spectrometry	data-dependent acquisition	NT=label free sample;AC=MS:1002038	1	1	not available	NT=Trypsin;AC=MS:1001251	NT=Carbamidomethyl;AC=UNIMOD:4;TA=C;MT=Fixed	NT=Oxidation;AC=UNIMOD:21;TA=M;MT=Variable	NT=Acetyl;AC=UNIMOD:2;TA=Protein N-term;MT=Variable	NT=Deamidation;AC=UNIMOD:7;TA=NQ;MT=Variable	NT=Gln->pyro-Glu;AC=UNIMOD:28;TA=Q;MT=Variable	NT=Phospho;AC=UNIMOD:21;TA=STY;MT=Variable	NT=K-Biot;AC=null;TA=K;MT=Variable	NT=N-termBiot;AC=null;TA=Protein N-terminus;MT=Variable	not available	not available	not available	not available	not available	not available	2 h	22 °C	NCB4460A13LC3_E2_NCB4460A13LC3-40-210643.raw	NT=ms-proteomics;VV=v1.1.0	NT=crosslinking;VV=v1.0.0	NT=invertebrates;VV=v1.1.0
PXD027068_NCB4497A5LC2_E1_NCB4497A5LC2-40-215393	Caenorhabditis elegans	gut, muscle, skin, and nervous system	neurons (including AFD neurons)	106	PXD027068_NCB4497A5LC2_E1_NCB4497A5LC2-40-215393_assay	proteomic profiling by mass spectrometry	data-dependent acquisition	NT=label free sample;AC=MS:1002038	1	1	not available	NT=Trypsin;AC=MS:1001251	NT=Carbamidomethyl;AC=UNIMOD:4;TA=C;MT=Fixed	NT=Oxidation;AC=UNIMOD:21;TA=M;MT=Variable	NT=Acetyl;AC=UNIMOD:2;TA=Protein N-term;MT=Variable	NT=Deamidation;AC=UNIMOD:7;TA=NQ;MT=Variable	NT=Gln->pyro-Glu;AC=UNIMOD:28;TA=Q;MT=Variable	NT=Phospho;AC=UNIMOD:21;TA=STY;MT=Variable	NT=K-Biot;AC=null;TA=K;MT=Variable	NT=N-termBiot;AC=null;TA=Protein N-terminus;MT=Variable	not available	not available	not available	not available	not available	not available	2 h	22 °C	NCB4497A5LC2_E1_NCB4497A5LC2-40-215393.raw	NT=ms-proteomics;VV=v1.1.0	NT=crosslinking;VV=v1.0.0	NT=invertebrates;VV=v1.1.0
PXD027068_NCB4510A41LC2_A9_NCB4510A41LC2-40-216368	Caenorhabditis elegans	gut, muscle, skin, and nervous system	neurons (including AFD neurons)	107	PXD027068_NCB4510A41LC2_A9_NCB4510A41LC2-40-216368_assay	proteomic profiling by mass spectrometry	data-dependent acquisition	NT=label free sample;AC=MS:1002038	1	1	not available	NT=Trypsin;AC=MS:1001251	NT=Carbamidomethyl;AC=UNIMOD:4;TA=C;MT=Fixed	NT=Oxidation;AC=UNIMOD:21;TA=M;MT=Variable	NT=Acetyl;AC=UNIMOD:2;TA=Protein N-term;MT=Variable	NT=Deamidation;AC=UNIMOD:7;TA=NQ;MT=Variable	NT=Gln->pyro-Glu;AC=UNIMOD:28;TA=Q;MT=Variable	NT=Phospho;AC=UNIMOD:21;TA=STY;MT=Variable	NT=K-Biot;AC=null;TA=K;MT=Variable	NT=N-termBiot;AC=null;TA=Protein N-terminus;MT=Variable	not available	not available	not available	not available	not available	not available	2 h	22 °C	NCB4510A41LC2_A9_NCB4510A41LC2-40-216368.raw	NT=ms-proteomics;VV=v1.1.0	NT=crosslinking;VV=v1.0.0	NT=invertebrates;VV=v1.1.0
PXD027068_NCB4497A20LC2_D3_NCB4497A20LC2-40-215250	Caenorhabditis elegans	gut, muscle, skin, and nervous system	neurons (including AFD neurons)	108	PXD027068_NCB4497A20LC2_D3_NCB4497A20LC2-40-215250_assay	proteomic profiling by mass spectrometry	data-dependent acquisition	NT=label free sample;AC=MS:1002038	1	1	not available	NT=Trypsin;AC=MS:1001251	NT=Carbamidomethyl;AC=UNIMOD:4;TA=C;MT=Fixed	NT=Oxidation;AC=UNIMOD:21;TA=M;MT=Variable	NT=Acetyl;AC=UNIMOD:2;TA=Protein N-term;MT=Variable	NT=Deamidation;AC=UNIMOD:7;TA=NQ;MT=Variable	NT=Gln->pyro-Glu;AC=UNIMOD:28;TA=Q;MT=Variable	NT=Phospho;AC=UNIMOD:21;TA=STY;MT=Variable	NT=K-Biot;AC=null;TA=K;MT=Variable	NT=N-termBiot;AC=null;TA=Protein N-terminus;MT=Variable	not available	not available	not available	not available	not available	not available	2 h	22 °C	NCB4497A20LC2_D3_NCB4497A20LC2-40-215250.raw	NT=ms-proteomics;VV=v1.1.0	NT=crosslinking;VV=v1.0.0	NT=invertebrates;VV=v1.1.0
PXD027068_NCB4459A127LC3_C6_NCB4459A127LC3-40-209074	Caenorhabditis elegans	gut, muscle, skin, and nervous system	neurons (including AFD neurons)	109	PXD027068_NCB4459A127LC3_C6_NCB4459A127LC3-40-209074_assay	proteomic profiling by mass spectrometry	data-dependent acquisition	NT=label free sample;AC=MS:1002038	1	1	not available	NT=Trypsin;AC=MS:1001251	NT=Carbamidomethyl;AC=UNIMOD:4;TA=C;MT=Fixed	NT=Oxidation;AC=UNIMOD:21;TA=M;MT=Variable	NT=Acetyl;AC=UNIMOD:2;TA=Protein N-term;MT=Variable	NT=Deamidation;AC=UNIMOD:7;TA=NQ;MT=Variable	NT=Gln->pyro-Glu;AC=UNIMOD:28;TA=Q;MT=Variable	NT=Phospho;AC=UNIMOD:21;TA=STY;MT=Variable	NT=K-Biot;AC=null;TA=K;MT=Variable	NT=N-termBiot;AC=null;TA=Protein N-terminus;MT=Variable	not available	not available	not available	not available	not available	not available	2 h	22 °C	NCB4459A127LC3_C6_NCB4459A127LC3-40-209074.raw	NT=ms-proteomics;VV=v1.1.0	NT=crosslinking;VV=v1.0.0	NT=invertebrates;VV=v1.1.0
PXD027068_NCB4497A30LC2_B6_NCB4497A30LC2-40-215361	Caenorhabditis elegans	gut, muscle, skin, and nervous system	neurons (including AFD neurons)	110	PXD027068_NCB4497A30LC2_B6_NCB4497A30LC2-40-215361_assay	proteomic profiling by mass spectrometry	data-dependent acquisition	NT=label free sample;AC=MS:1002038	1	1	not available	NT=Trypsin;AC=MS:1001251	NT=Carbamidomethyl;AC=UNIMOD:4;TA=C;MT=Fixed	NT=Oxidation;AC=UNIMOD:21;TA=M;MT=Variable	NT=Acetyl;AC=UNIMOD:2;TA=Protein N-term;MT=Variable	NT=Deamidation;AC=UNIMOD:7;TA=NQ;MT=Variable	NT=Gln->pyro-Glu;AC=UNIMOD:28;TA=Q;MT=Variable	NT=Phospho;AC=UNIMOD:21;TA=STY;MT=Variable	NT=K-Biot;AC=null;TA=K;MT=Variable	NT=N-termBiot;AC=null;TA=Protein N-terminus;MT=Variable	not available	not available	not available	not available	not available	not available	2 h	22 °C	NCB4497A30LC2_B6_NCB4497A30LC2-40-215361.raw	NT=ms-proteomics;VV=v1.1.0	NT=crosslinking;VV=v1.0.0	NT=invertebrates;VV=v1.1.0
PXD027068_NCB4509A51LC2_C10_NCB4509A75LC3-40-215875	Caenorhabditis elegans	gut, muscle, skin, and nervous system	neurons (including AFD neurons)	111	PXD027068_NCB4509A51LC2_C10_NCB4509A75LC3-40-215875_assay	proteomic profiling by mass spectrometry	data-dependent acquisition	NT=label free sample;AC=MS:1002038	1	1	not available	NT=Trypsin;AC=MS:1001251	NT=Carbamidomethyl;AC=UNIMOD:4;TA=C;MT=Fixed	NT=Oxidation;AC=UNIMOD:21;TA=M;MT=Variable	NT=Acetyl;AC=UNIMOD:2;TA=Protein N-term;MT=Variable	NT=Deamidation;AC=UNIMOD:7;TA=NQ;MT=Variable	NT=Gln->pyro-Glu;AC=UNIMOD:28;TA=Q;MT=Variable	NT=Phospho;AC=UNIMOD:21;TA=STY;MT=Variable	NT=K-Biot;AC=null;TA=K;MT=Variable	NT=N-termBiot;AC=null;TA=Protein N-terminus;MT=Variable	not available	not available	not available	not available	not available	not available	2 h	22 °C	NCB4509A51LC2_C10_NCB4509A75LC3-40-215875.raw	NT=ms-proteomics;VV=v1.1.0	NT=crosslinking;VV=v1.0.0	NT=invertebrates;VV=v1.1.0
PXD027068_NCB4509A56LC2_H10_NCB4509A80LC3-40-215880	Caenorhabditis elegans	gut, muscle, skin, and nervous system	neurons (including AFD neurons)	112	PXD027068_NCB4509A56LC2_H10_NCB4509A80LC3-40-215880_assay	proteomic profiling by mass spectrometry	data-dependent acquisition	NT=label free sample;AC=MS:1002038	1	1	not available	NT=Trypsin;AC=MS:1001251	NT=Carbamidomethyl;AC=UNIMOD:4;TA=C;MT=Fixed	NT=Oxidation;AC=UNIMOD:21;TA=M;MT=Variable	NT=Acetyl;AC=UNIMOD:2;TA=Protein N-term;MT=Variable	NT=Deamidation;AC=UNIMOD:7;TA=NQ;MT=Variable	NT=Gln->pyro-Glu;AC=UNIMOD:28;TA=Q;MT=Variable	NT=Phospho;AC=UNIMOD:21;TA=STY;MT=Variable	NT=K-Biot;AC=null;TA=K;MT=Variable	NT=N-termBiot;AC=null;TA=Protein N-terminus;MT=Variable	not available	not available	not available	not available	not available	not available	2 h	22 °C	NCB4509A56LC2_H10_NCB4509A80LC3-40-215880.raw	NT=ms-proteomics;VV=v1.1.0	NT=crosslinking;VV=v1.0.0	NT=invertebrates;VV=v1.1.0
PXD027068_NCB4460A5LC3_E1_NCB4460A5LC3-40-210636	Caenorhabditis elegans	gut, muscle, skin, and nervous system	neurons (including AFD neurons)	113	PXD027068_NCB4460A5LC3_E1_NCB4460A5LC3-40-210636_assay	proteomic profiling by mass spectrometry	data-dependent acquisition	NT=label free sample;AC=MS:1002038	1	1	not available	NT=Trypsin;AC=MS:1001251	NT=Carbamidomethyl;AC=UNIMOD:4;TA=C;MT=Fixed	NT=Oxidation;AC=UNIMOD:21;TA=M;MT=Variable	NT=Acetyl;AC=UNIMOD:2;TA=Protein N-term;MT=Variable	NT=Deamidation;AC=UNIMOD:7;TA=NQ;MT=Variable	NT=Gln->pyro-Glu;AC=UNIMOD:28;TA=Q;MT=Variable	NT=Phospho;AC=UNIMOD:21;TA=STY;MT=Variable	NT=K-Biot;AC=null;TA=K;MT=Variable	NT=N-termBiot;AC=null;TA=Protein N-terminus;MT=Variable	not available	not available	not available	not available	not available	not available	2 h	22 °C	NCB4460A5LC3_E1_NCB4460A5LC3-40-210636.raw	NT=ms-proteomics;VV=v1.1.0	NT=crosslinking;VV=v1.0.0	NT=invertebrates;VV=v1.1.0
PXD027068_NCB4509A1LC2_A1_NCB4509A1LC3-40-215635	Caenorhabditis elegans	gut, muscle, skin, and nervous system	neurons (including AFD neurons)	114	PXD027068_NCB4509A1LC2_A1_NCB4509A1LC3-40-215635_assay	proteomic profiling by mass spectrometry	data-dependent acquisition	NT=label free sample;AC=MS:1002038	1	1	not available	NT=Trypsin;AC=MS:1001251	NT=Carbamidomethyl;AC=UNIMOD:4;TA=C;MT=Fixed	NT=Oxidation;AC=UNIMOD:21;TA=M;MT=Variable	NT=Acetyl;AC=UNIMOD:2;TA=Protein N-term;MT=Variable	NT=Deamidation;AC=UNIMOD:7;TA=NQ;MT=Variable	NT=Gln->pyro-Glu;AC=UNIMOD:28;TA=Q;MT=Variable	NT=Phospho;AC=UNIMOD:21;TA=STY;MT=Variable	NT=K-Biot;AC=null;TA=K;MT=Variable	NT=N-termBiot;AC=null;TA=Protein N-terminus;MT=Variable	not available	not available	not available	not available	not available	not available	2 h	22 °C	NCB4509A1LC2_A1_NCB4509A1LC3-40-215635.raw	NT=ms-proteomics;VV=v1.1.0	NT=crosslinking;VV=v1.0.0	NT=invertebrates;VV=v1.1.0
PXD027068_NCB4460A16LC3_H2_NCB4460A16LC3-40-210646	Caenorhabditis elegans	gut, muscle, skin, and nervous system	neurons (including AFD neurons)	115	PXD027068_NCB4460A16LC3_H2_NCB4460A16LC3-40-210646_assay	proteomic profiling by mass spectrometry	data-dependent acquisition	NT=label free sample;AC=MS:1002038	1	1	not available	NT=Trypsin;AC=MS:1001251	NT=Carbamidomethyl;AC=UNIMOD:4;TA=C;MT=Fixed	NT=Oxidation;AC=UNIMOD:21;TA=M;MT=Variable	NT=Acetyl;AC=UNIMOD:2;TA=Protein N-term;MT=Variable	NT=Deamidation;AC=UNIMOD:7;TA=NQ;MT=Variable	NT=Gln->pyro-Glu;AC=UNIMOD:28;TA=Q;MT=Variable	NT=Phospho;AC=UNIMOD:21;TA=STY;MT=Variable	NT=K-Biot;AC=null;TA=K;MT=Variable	NT=N-termBiot;AC=null;TA=Protein N-terminus;MT=Variable	not available	not available	not available	not available	not available	not available	2 h	22 °C	NCB4460A16LC3_H2_NCB4460A16LC3-40-210646.raw	NT=ms-proteomics;VV=v1.1.0	NT=crosslinking;VV=v1.0.0	NT=invertebrates;VV=v1.1.0
PXD027068_NCB4460A38LC3_F5_NCB4460A38LC3-40-211329	Caenorhabditis elegans	gut, muscle, skin, and nervous system	neurons (including AFD neurons)	2	PXD027068_NCB4460A38LC3_F5_NCB4460A38LC3-40-211329_assay	proteomic profiling by mass spectrometry	data-dependent acquisition	NT=label free sample;AC=MS:1002038	5	1	not available	NT=Trypsin;AC=MS:1001251	NT=Carbamidomethyl;AC=UNIMOD:4;TA=C;MT=Fixed	NT=Oxidation;AC=UNIMOD:21;TA=M;MT=Variable	NT=Acetyl;AC=UNIMOD:2;TA=Protein N-term;MT=Variable	NT=Deamidation;AC=UNIMOD:7;TA=NQ;MT=Variable	NT=Gln->pyro-Glu;AC=UNIMOD:28;TA=Q;MT=Variable	NT=Phospho;AC=UNIMOD:21;TA=STY;MT=Variable	NT=K-Biot;AC=null;TA=K;MT=Variable	NT=N-termBiot;AC=null;TA=Protein N-terminus;MT=Variable	not available	not available	not available	not available	not available	not available	2 h	22 °C	NCB4460A38LC3_F5_NCB4460A38LC3-40-211329.raw	NT=ms-proteomics;VV=v1.1.0	NT=crosslinking;VV=v1.0.0	NT=invertebrates;VV=v1.1.0
PXD027068_NCB4580A16LC2_H2	Caenorhabditis elegans	gut, muscle, skin, and nervous system	neurons (including AFD neurons)	116	PXD027068_NCB4580A16LC2_H2_assay	proteomic profiling by mass spectrometry	data-dependent acquisition	NT=label free sample;AC=MS:1002038	1	1	not available	NT=Trypsin;AC=MS:1001251	NT=Carbamidomethyl;AC=UNIMOD:4;TA=C;MT=Fixed	NT=Oxidation;AC=UNIMOD:21;TA=M;MT=Variable	NT=Acetyl;AC=UNIMOD:2;TA=Protein N-term;MT=Variable	NT=Deamidation;AC=UNIMOD:7;TA=NQ;MT=Variable	NT=Gln->pyro-Glu;AC=UNIMOD:28;TA=Q;MT=Variable	NT=Phospho;AC=UNIMOD:21;TA=STY;MT=Variable	NT=K-Biot;AC=null;TA=K;MT=Variable	NT=N-termBiot;AC=null;TA=Protein N-terminus;MT=Variable	not available	not available	not available	not available	not available	not available	2 h	22 °C	NCB4580A16LC2_H2.raw	NT=ms-proteomics;VV=v1.1.0	NT=crosslinking;VV=v1.0.0	NT=invertebrates;VV=v1.1.0
PXD027068_NCB4496A6LC3_F1_NCB4496A6LC3-40-211917	Caenorhabditis elegans	gut, muscle, skin, and nervous system	neurons (including AFD neurons)	117	PXD027068_NCB4496A6LC3_F1_NCB4496A6LC3-40-211917_assay	proteomic profiling by mass spectrometry	data-dependent acquisition	NT=label free sample;AC=MS:1002038	1	1	not available	NT=Trypsin;AC=MS:1001251	NT=Carbamidomethyl;AC=UNIMOD:4;TA=C;MT=Fixed	NT=Oxidation;AC=UNIMOD:21;TA=M;MT=Variable	NT=Acetyl;AC=UNIMOD:2;TA=Protein N-term;MT=Variable	NT=Deamidation;AC=UNIMOD:7;TA=NQ;MT=Variable	NT=Gln->pyro-Glu;AC=UNIMOD:28;TA=Q;MT=Variable	NT=Phospho;AC=UNIMOD:21;TA=STY;MT=Variable	NT=K-Biot;AC=null;TA=K;MT=Variable	NT=N-termBiot;AC=null;TA=Protein N-terminus;MT=Variable	not available	not available	not available	not available	not available	not available	2 h	22 °C	NCB4496A6LC3_F1_NCB4496A6LC3-40-211917.raw	NT=ms-proteomics;VV=v1.1.0	NT=crosslinking;VV=v1.0.0	NT=invertebrates;VV=v1.1.0
PXD027068_NCB4510A45LC2_E9_NCB4510A45LC2-40-216372	Caenorhabditis elegans	gut, muscle, skin, and nervous system	neurons (including AFD neurons)	118	PXD027068_NCB4510A45LC2_E9_NCB4510A45LC2-40-216372_assay	proteomic profiling by mass spectrometry	data-dependent acquisition	NT=label free sample;AC=MS:1002038	1	1	not available	NT=Trypsin;AC=MS:1001251	NT=Carbamidomethyl;AC=UNIMOD:4;TA=C;MT=Fixed	NT=Oxidation;AC=UNIMOD:21;TA=M;MT=Variable	NT=Acetyl;AC=UNIMOD:2;TA=Protein N-term;MT=Variable	NT=Deamidation;AC=UNIMOD:7;TA=NQ;MT=Variable	NT=Gln->pyro-Glu;AC=UNIMOD:28;TA=Q;MT=Variable	NT=Phospho;AC=UNIMOD:21;TA=STY;MT=Variable	NT=K-Biot;AC=null;TA=K;MT=Variable	NT=N-termBiot;AC=null;TA=Protein N-terminus;MT=Variable	not available	not available	not available	not available	not available	not available	2 h	22 °C	NCB4510A45LC2_E9_NCB4510A45LC2-40-216372.raw	NT=ms-proteomics;VV=v1.1.0	NT=crosslinking;VV=v1.0.0	NT=invertebrates;VV=v1.1.0
PXD027068_NCB4459A160LC3_D10_NCB4459A160LC3-40-209119	Caenorhabditis elegans	gut, muscle, skin, and nervous system	neurons (including AFD neurons)	119	PXD027068_NCB4459A160LC3_D10_NCB4459A160LC3-40-209119_assay	proteomic profiling by mass spectrometry	data-dependent acquisition	NT=label free sample;AC=MS:1002038	1	1	not available	NT=Trypsin;AC=MS:1001251	NT=Carbamidomethyl;AC=UNIMOD:4;TA=C;MT=Fixed	NT=Oxidation;AC=UNIMOD:21;TA=M;MT=Variable	NT=Acetyl;AC=UNIMOD:2;TA=Protein N-term;MT=Variable	NT=Deamidation;AC=UNIMOD:7;TA=NQ;MT=Variable	NT=Gln->pyro-Glu;AC=UNIMOD:28;TA=Q;MT=Variable	NT=Phospho;AC=UNIMOD:21;TA=STY;MT=Variable	NT=K-Biot;AC=null;TA=K;MT=Variable	NT=N-termBiot;AC=null;TA=Protein N-terminus;MT=Variable	not available	not available	not available	not available	not available	not available	2 h	22 °C	NCB4459A160LC3_D10_NCB4459A160LC3-40-209119.raw	NT=ms-proteomics;VV=v1.1.0	NT=crosslinking;VV=v1.0.0	NT=invertebrates;VV=v1.1.0
PXD027068_NCB4459A162LC3_F10_NCB4459A162LC3-40-209121	Caenorhabditis elegans	gut, muscle, skin, and nervous system	neurons (including AFD neurons)	1	PXD027068_NCB4459A162LC3_F10_NCB4459A162LC3-40-209121_assay	proteomic profiling by mass spectrometry	data-dependent acquisition	NT=label free sample;AC=MS:1002038	10	1	not available	NT=Trypsin;AC=MS:1001251	NT=Carbamidomethyl;AC=UNIMOD:4;TA=C;MT=Fixed	NT=Oxidation;AC=UNIMOD:21;TA=M;MT=Variable	NT=Acetyl;AC=UNIMOD:2;TA=Protein N-term;MT=Variable	NT=Deamidation;AC=UNIMOD:7;TA=NQ;MT=Variable	NT=Gln->pyro-Glu;AC=UNIMOD:28;TA=Q;MT=Variable	NT=Phospho;AC=UNIMOD:21;TA=STY;MT=Variable	NT=K-Biot;AC=null;TA=K;MT=Variable	NT=N-termBiot;AC=null;TA=Protein N-terminus;MT=Variable	not available	not available	not available	not available	not available	not available	2 h	22 °C	NCB4459A162LC3_F10_NCB4459A162LC3-40-209121.raw	NT=ms-proteomics;VV=v1.1.0	NT=crosslinking;VV=v1.0.0	NT=invertebrates;VV=v1.1.0
PXD027068_NCB4460A50LC3_B7_NCB4460A50LC3-40-210545	Caenorhabditis elegans	gut, muscle, skin, and nervous system	neurons (including AFD neurons)	120	PXD027068_NCB4460A50LC3_B7_NCB4460A50LC3-40-210545_assay	proteomic profiling by mass spectrometry	data-dependent acquisition	NT=label free sample;AC=MS:1002038	1	1	not available	NT=Trypsin;AC=MS:1001251	NT=Carbamidomethyl;AC=UNIMOD:4;TA=C;MT=Fixed	NT=Oxidation;AC=UNIMOD:21;TA=M;MT=Variable	NT=Acetyl;AC=UNIMOD:2;TA=Protein N-term;MT=Variable	NT=Deamidation;AC=UNIMOD:7;TA=NQ;MT=Variable	NT=Gln->pyro-Glu;AC=UNIMOD:28;TA=Q;MT=Variable	NT=Phospho;AC=UNIMOD:21;TA=STY;MT=Variable	NT=K-Biot;AC=null;TA=K;MT=Variable	NT=N-termBiot;AC=null;TA=Protein N-terminus;MT=Variable	not available	not available	not available	not available	not available	not available	2 h	22 °C	NCB4460A50LC3_B7_NCB4460A50LC3-40-210545.raw	NT=ms-proteomics;VV=v1.1.0	NT=crosslinking;VV=v1.0.0	NT=invertebrates;VV=v1.1.0
PXD027068_NCB4460A74LC3_B10_NCB4460A74LC3-40-211341	Caenorhabditis elegans	gut, muscle, skin, and nervous system	neurons (including AFD neurons)	121	PXD027068_NCB4460A74LC3_B10_NCB4460A74LC3-40-211341_assay	proteomic profiling by mass spectrometry	data-dependent acquisition	NT=label free sample;AC=MS:1002038	1	1	not available	NT=Trypsin;AC=MS:1001251	NT=Carbamidomethyl;AC=UNIMOD:4;TA=C;MT=Fixed	NT=Oxidation;AC=UNIMOD:21;TA=M;MT=Variable	NT=Acetyl;AC=UNIMOD:2;TA=Protein N-term;MT=Variable	NT=Deamidation;AC=UNIMOD:7;TA=NQ;MT=Variable	NT=Gln->pyro-Glu;AC=UNIMOD:28;TA=Q;MT=Variable	NT=Phospho;AC=UNIMOD:21;TA=STY;MT=Variable	NT=K-Biot;AC=null;TA=K;MT=Variable	NT=N-termBiot;AC=null;TA=Protein N-terminus;MT=Variable	not available	not available	not available	not available	not available	not available	2 h	22 °C	NCB4460A74LC3_B10_NCB4460A74LC3-40-211341.raw	NT=ms-proteomics;VV=v1.1.0	NT=crosslinking;VV=v1.0.0	NT=invertebrates;VV=v1.1.0
PXD027068_NCB4496A67LC3_C9_NCB4496A67LC3-40-214344	Caenorhabditis elegans	gut, muscle, skin, and nervous system	neurons (including AFD neurons)	122	PXD027068_NCB4496A67LC3_C9_NCB4496A67LC3-40-214344_assay	proteomic profiling by mass spectrometry	data-dependent acquisition	NT=label free sample;AC=MS:1002038	1	1	not available	NT=Trypsin;AC=MS:1001251	NT=Carbamidomethyl;AC=UNIMOD:4;TA=C;MT=Fixed	NT=Oxidation;AC=UNIMOD:21;TA=M;MT=Variable	NT=Acetyl;AC=UNIMOD:2;TA=Protein N-term;MT=Variable	NT=Deamidation;AC=UNIMOD:7;TA=NQ;MT=Variable	NT=Gln->pyro-Glu;AC=UNIMOD:28;TA=Q;MT=Variable	NT=Phospho;AC=UNIMOD:21;TA=STY;MT=Variable	NT=K-Biot;AC=null;TA=K;MT=Variable	NT=N-termBiot;AC=null;TA=Protein N-terminus;MT=Variable	not available	not available	not available	not available	not available	not available	2 h	22 °C	NCB4496A67LC3_C9_NCB4496A67LC3-40-214344.raw	NT=ms-proteomics;VV=v1.1.0	NT=crosslinking;VV=v1.0.0	NT=invertebrates;VV=v1.1.0
PXD027068_NCB4459A97LC3_E2_NCB4459A97LC3-40-208664	Caenorhabditis elegans	gut, muscle, skin, and nervous system	neurons (including AFD neurons)	123	PXD027068_NCB4459A97LC3_E2_NCB4459A97LC3-40-208664_assay	proteomic profiling by mass spectrometry	data-dependent acquisition	NT=label free sample;AC=MS:1002038	1	1	not available	NT=Trypsin;AC=MS:1001251	NT=Carbamidomethyl;AC=UNIMOD:4;TA=C;MT=Fixed	NT=Oxidation;AC=UNIMOD:21;TA=M;MT=Variable	NT=Acetyl;AC=UNIMOD:2;TA=Protein N-term;MT=Variable	NT=Deamidation;AC=UNIMOD:7;TA=NQ;MT=Variable	NT=Gln->pyro-Glu;AC=UNIMOD:28;TA=Q;MT=Variable	NT=Phospho;AC=UNIMOD:21;TA=STY;MT=Variable	NT=K-Biot;AC=null;TA=K;MT=Variable	NT=N-termBiot;AC=null;TA=Protein N-terminus;MT=Variable	not available	not available	not available	not available	not available	not available	2 h	22 °C	NCB4459A97LC3_E2_NCB4459A97LC3-40-208664.raw	NT=ms-proteomics;VV=v1.1.0	NT=crosslinking;VV=v1.0.0	NT=invertebrates;VV=v1.1.0
PXD027068_NCB4510A16LC2_H2_NCB4510A16LC2-40-216243	Caenorhabditis elegans	gut, muscle, skin, and nervous system	neurons (including AFD neurons)	124	PXD027068_NCB4510A16LC2_H2_NCB4510A16LC2-40-216243_assay	proteomic profiling by mass spectrometry	data-dependent acquisition	NT=label free sample;AC=MS:1002038	1	1	not available	NT=Trypsin;AC=MS:1001251	NT=Carbamidomethyl;AC=UNIMOD:4;TA=C;MT=Fixed	NT=Oxidation;AC=UNIMOD:21;TA=M;MT=Variable	NT=Acetyl;AC=UNIMOD:2;TA=Protein N-term;MT=Variable	NT=Deamidation;AC=UNIMOD:7;TA=NQ;MT=Variable	NT=Gln->pyro-Glu;AC=UNIMOD:28;TA=Q;MT=Variable	NT=Phospho;AC=UNIMOD:21;TA=STY;MT=Variable	NT=K-Biot;AC=null;TA=K;MT=Variable	NT=N-termBiot;AC=null;TA=Protein N-terminus;MT=Variable	not available	not available	not available	not available	not available	not available	2 h	22 °C	NCB4510A16LC2_H2_NCB4510A16LC2-40-216243.raw	NT=ms-proteomics;VV=v1.1.0	NT=crosslinking;VV=v1.0.0	NT=invertebrates;VV=v1.1.0
PXD027068_NCB4460A1LC3_A1_NCB4460A1LC3-40-210632	Caenorhabditis elegans	gut, muscle, skin, and nervous system	neurons (including AFD neurons)	125	PXD027068_NCB4460A1LC3_A1_NCB4460A1LC3-40-210632_assay	proteomic profiling by mass spectrometry	data-dependent acquisition	NT=label free sample;AC=MS:1002038	1	1	not available	NT=Trypsin;AC=MS:1001251	NT=Carbamidomethyl;AC=UNIMOD:4;TA=C;MT=Fixed	NT=Oxidation;AC=UNIMOD:21;TA=M;MT=Variable	NT=Acetyl;AC=UNIMOD:2;TA=Protein N-term;MT=Variable	NT=Deamidation;AC=UNIMOD:7;TA=NQ;MT=Variable	NT=Gln->pyro-Glu;AC=UNIMOD:28;TA=Q;MT=Variable	NT=Phospho;AC=UNIMOD:21;TA=STY;MT=Variable	NT=K-Biot;AC=null;TA=K;MT=Variable	NT=N-termBiot;AC=null;TA=Protein N-terminus;MT=Variable	not available	not available	not available	not available	not available	not available	2 h	22 °C	NCB4460A1LC3_A1_NCB4460A1LC3-40-210632.raw	NT=ms-proteomics;VV=v1.1.0	NT=crosslinking;VV=v1.0.0	NT=invertebrates;VV=v1.1.0
PXD027068_NCB4510A9LC2_A2_NCB4510A9LC2-40-216236	Caenorhabditis elegans	gut, muscle, skin, and nervous system	neurons (including AFD neurons)	126	PXD027068_NCB4510A9LC2_A2_NCB4510A9LC2-40-216236_assay	proteomic profiling by mass spectrometry	data-dependent acquisition	NT=label free sample;AC=MS:1002038	1	1	not available	NT=Trypsin;AC=MS:1001251	NT=Carbamidomethyl;AC=UNIMOD:4;TA=C;MT=Fixed	NT=Oxidation;AC=UNIMOD:21;TA=M;MT=Variable	NT=Acetyl;AC=UNIMOD:2;TA=Protein N-term;MT=Variable	NT=Deamidation;AC=UNIMOD:7;TA=NQ;MT=Variable	NT=Gln->pyro-Glu;AC=UNIMOD:28;TA=Q;MT=Variable	NT=Phospho;AC=UNIMOD:21;TA=STY;MT=Variable	NT=K-Biot;AC=null;TA=K;MT=Variable	NT=N-termBiot;AC=null;TA=Protein N-terminus;MT=Variable	not available	not available	not available	not available	not available	not available	2 h	22 °C	NCB4510A9LC2_A2_NCB4510A9LC2-40-216236.raw	NT=ms-proteomics;VV=v1.1.0	NT=crosslinking;VV=v1.0.0	NT=invertebrates;VV=v1.1.0
PXD027068_NCB4496A48LC3_H6_NCB4496A48LC3-40-214337	Caenorhabditis elegans	gut, muscle, skin, and nervous system	neurons (including AFD neurons)	127	PXD027068_NCB4496A48LC3_H6_NCB4496A48LC3-40-214337_assay	proteomic profiling by mass spectrometry	data-dependent acquisition	NT=label free sample;AC=MS:1002038	1	1	not available	NT=Trypsin;AC=MS:1001251	NT=Carbamidomethyl;AC=UNIMOD:4;TA=C;MT=Fixed	NT=Oxidation;AC=UNIMOD:21;TA=M;MT=Variable	NT=Acetyl;AC=UNIMOD:2;TA=Protein N-term;MT=Variable	NT=Deamidation;AC=UNIMOD:7;TA=NQ;MT=Variable	NT=Gln->pyro-Glu;AC=UNIMOD:28;TA=Q;MT=Variable	NT=Phospho;AC=UNIMOD:21;TA=STY;MT=Variable	NT=K-Biot;AC=null;TA=K;MT=Variable	NT=N-termBiot;AC=null;TA=Protein N-terminus;MT=Variable	not available	not available	not available	not available	not available	not available	2 h	22 °C	NCB4496A48LC3_H6_NCB4496A48LC3-40-214337.raw	NT=ms-proteomics;VV=v1.1.0	NT=crosslinking;VV=v1.0.0	NT=invertebrates;VV=v1.1.0
PXD027068_NCB4461A8LC3_H1_NCB4461A8LC3-40-209147	Caenorhabditis elegans	gut, muscle, skin, and nervous system	neurons (including AFD neurons)	128	PXD027068_NCB4461A8LC3_H1_NCB4461A8LC3-40-209147_assay	proteomic profiling by mass spectrometry	data-dependent acquisition	NT=label free sample;AC=MS:1002038	1	1	not available	NT=Trypsin;AC=MS:1001251	NT=Carbamidomethyl;AC=UNIMOD:4;TA=C;MT=Fixed	NT=Oxidation;AC=UNIMOD:21;TA=M;MT=Variable	NT=Acetyl;AC=UNIMOD:2;TA=Protein N-term;MT=Variable	NT=Deamidation;AC=UNIMOD:7;TA=NQ;MT=Variable	NT=Gln->pyro-Glu;AC=UNIMOD:28;TA=Q;MT=Variable	NT=Phospho;AC=UNIMOD:21;TA=STY;MT=Variable	NT=K-Biot;AC=null;TA=K;MT=Variable	NT=N-termBiot;AC=null;TA=Protein N-terminus;MT=Variable	not available	not available	not available	not available	not available	not available	2 h	22 °C	NCB4461A8LC3_H1_NCB4461A8LC3-40-209147.raw	NT=ms-proteomics;VV=v1.1.0	NT=crosslinking;VV=v1.0.0	NT=invertebrates;VV=v1.1.0
PXD027068_NCB4460A45LC3_E6_NCB4460A45LC3-40-210540	Caenorhabditis elegans	gut, muscle, skin, and nervous system	neurons (including AFD neurons)	129	PXD027068_NCB4460A45LC3_E6_NCB4460A45LC3-40-210540_assay	proteomic profiling by mass spectrometry	data-dependent acquisition	NT=label free sample;AC=MS:1002038	1	1	not available	NT=Trypsin;AC=MS:1001251	NT=Carbamidomethyl;AC=UNIMOD:4;TA=C;MT=Fixed	NT=Oxidation;AC=UNIMOD:21;TA=M;MT=Variable	NT=Acetyl;AC=UNIMOD:2;TA=Protein N-term;MT=Variable	NT=Deamidation;AC=UNIMOD:7;TA=NQ;MT=Variable	NT=Gln->pyro-Glu;AC=UNIMOD:28;TA=Q;MT=Variable	NT=Phospho;AC=UNIMOD:21;TA=STY;MT=Variable	NT=K-Biot;AC=null;TA=K;MT=Variable	NT=N-termBiot;AC=null;TA=Protein N-terminus;MT=Variable	not available	not available	not available	not available	not available	not available	2 h	22 °C	NCB4460A45LC3_E6_NCB4460A45LC3-40-210540.raw	NT=ms-proteomics;VV=v1.1.0	NT=crosslinking;VV=v1.0.0	NT=invertebrates;VV=v1.1.0
PXD027068_NCB4460A65LC3_A9_NCB4460A65LC3-40-211332	Caenorhabditis elegans	gut, muscle, skin, and nervous system	neurons (including AFD neurons)	130	PXD027068_NCB4460A65LC3_A9_NCB4460A65LC3-40-211332_assay	proteomic profiling by mass spectrometry	data-dependent acquisition	NT=label free sample;AC=MS:1002038	1	1	not available	NT=Trypsin;AC=MS:1001251	NT=Carbamidomethyl;AC=UNIMOD:4;TA=C;MT=Fixed	NT=Oxidation;AC=UNIMOD:21;TA=M;MT=Variable	NT=Acetyl;AC=UNIMOD:2;TA=Protein N-term;MT=Variable	NT=Deamidation;AC=UNIMOD:7;TA=NQ;MT=Variable	NT=Gln->pyro-Glu;AC=UNIMOD:28;TA=Q;MT=Variable	NT=Phospho;AC=UNIMOD:21;TA=STY;MT=Variable	NT=K-Biot;AC=null;TA=K;MT=Variable	NT=N-termBiot;AC=null;TA=Protein N-terminus;MT=Variable	not available	not available	not available	not available	not available	not available	2 h	22 °C	NCB4460A65LC3_A9_NCB4460A65LC3-40-211332.raw	NT=ms-proteomics;VV=v1.1.0	NT=crosslinking;VV=v1.0.0	NT=invertebrates;VV=v1.1.0
PXD027068_NCB4497A54LC2_F10_NCB4497A54LC2-40-215387	Caenorhabditis elegans	gut, muscle, skin, and nervous system	neurons (including AFD neurons)	2	PXD027068_NCB4497A54LC2_F10_NCB4497A54LC2-40-215387_assay	proteomic profiling by mass spectrometry	data-dependent acquisition	NT=label free sample;AC=MS:1002038	10	1	not available	NT=Trypsin;AC=MS:1001251	NT=Carbamidomethyl;AC=UNIMOD:4;TA=C;MT=Fixed	NT=Oxidation;AC=UNIMOD:21;TA=M;MT=Variable	NT=Acetyl;AC=UNIMOD:2;TA=Protein N-term;MT=Variable	NT=Deamidation;AC=UNIMOD:7;TA=NQ;MT=Variable	NT=Gln->pyro-Glu;AC=UNIMOD:28;TA=Q;MT=Variable	NT=Phospho;AC=UNIMOD:21;TA=STY;MT=Variable	NT=K-Biot;AC=null;TA=K;MT=Variable	NT=N-termBiot;AC=null;TA=Protein N-terminus;MT=Variable	not available	not available	not available	not available	not available	not available	2 h	22 °C	NCB4497A54LC2_F10_NCB4497A54LC2-40-215387.raw	NT=ms-proteomics;VV=v1.1.0	NT=crosslinking;VV=v1.0.0	NT=invertebrates;VV=v1.1.0
PXD027068_NCB4510A22LC2_B5_NCB4510A22LC2-40-216249	Caenorhabditis elegans	gut, muscle, skin, and nervous system	neurons (including AFD neurons)	131	PXD027068_NCB4510A22LC2_B5_NCB4510A22LC2-40-216249_assay	proteomic profiling by mass spectrometry	data-dependent acquisition	NT=label free sample;AC=MS:1002038	1	1	not available	NT=Trypsin;AC=MS:1001251	NT=Carbamidomethyl;AC=UNIMOD:4;TA=C;MT=Fixed	NT=Oxidation;AC=UNIMOD:21;TA=M;MT=Variable	NT=Acetyl;AC=UNIMOD:2;TA=Protein N-term;MT=Variable	NT=Deamidation;AC=UNIMOD:7;TA=NQ;MT=Variable	NT=Gln->pyro-Glu;AC=UNIMOD:28;TA=Q;MT=Variable	NT=Phospho;AC=UNIMOD:21;TA=STY;MT=Variable	NT=K-Biot;AC=null;TA=K;MT=Variable	NT=N-termBiot;AC=null;TA=Protein N-terminus;MT=Variable	not available	not available	not available	not available	not available	not available	2 h	22 °C	NCB4510A22LC2_B5_NCB4510A22LC2-40-216249.raw	NT=ms-proteomics;VV=v1.1.0	NT=crosslinking;VV=v1.0.0	NT=invertebrates;VV=v1.1.0
PXD027068_NCB4459A103LC3_C3_NCB4459A103LC3-40-208550	Caenorhabditis elegans	gut, muscle, skin, and nervous system	neurons (including AFD neurons)	132	PXD027068_NCB4459A103LC3_C3_NCB4459A103LC3-40-208550_assay	proteomic profiling by mass spectrometry	data-dependent acquisition	NT=label free sample;AC=MS:1002038	1	1	not available	NT=Trypsin;AC=MS:1001251	NT=Carbamidomethyl;AC=UNIMOD:4;TA=C;MT=Fixed	NT=Oxidation;AC=UNIMOD:21;TA=M;MT=Variable	NT=Acetyl;AC=UNIMOD:2;TA=Protein N-term;MT=Variable	NT=Deamidation;AC=UNIMOD:7;TA=NQ;MT=Variable	NT=Gln->pyro-Glu;AC=UNIMOD:28;TA=Q;MT=Variable	NT=Phospho;AC=UNIMOD:21;TA=STY;MT=Variable	NT=K-Biot;AC=null;TA=K;MT=Variable	NT=N-termBiot;AC=null;TA=Protein N-terminus;MT=Variable	not available	not available	not available	not available	not available	not available	2 h	22 °C	NCB4459A103LC3_C3_NCB4459A103LC3-40-208550.raw	NT=ms-proteomics;VV=v1.1.0	NT=crosslinking;VV=v1.0.0	NT=invertebrates;VV=v1.1.0
PXD027068_NCB4497A48LC2_H9_NCB4497A48LC2-40-215380	Caenorhabditis elegans	gut, muscle, skin, and nervous system	neurons (including AFD neurons)	133	PXD027068_NCB4497A48LC2_H9_NCB4497A48LC2-40-215380_assay	proteomic profiling by mass spectrometry	data-dependent acquisition	NT=label free sample;AC=MS:1002038	1	1	not available	NT=Trypsin;AC=MS:1001251	NT=Carbamidomethyl;AC=UNIMOD:4;TA=C;MT=Fixed	NT=Oxidation;AC=UNIMOD:21;TA=M;MT=Variable	NT=Acetyl;AC=UNIMOD:2;TA=Protein N-term;MT=Variable	NT=Deamidation;AC=UNIMOD:7;TA=NQ;MT=Variable	NT=Gln->pyro-Glu;AC=UNIMOD:28;TA=Q;MT=Variable	NT=Phospho;AC=UNIMOD:21;TA=STY;MT=Variable	NT=K-Biot;AC=null;TA=K;MT=Variable	NT=N-termBiot;AC=null;TA=Protein N-terminus;MT=Variable	not available	not available	not available	not available	not available	not available	2 h	22 °C	NCB4497A48LC2_H9_NCB4497A48LC2-40-215380.raw	NT=ms-proteomics;VV=v1.1.0	NT=crosslinking;VV=v1.0.0	NT=invertebrates;VV=v1.1.0
PXD027068_NCB4459A130LC3_F6_NCB4459A130LC3-40-209077	Caenorhabditis elegans	gut, muscle, skin, and nervous system	neurons (including AFD neurons)	1	PXD027068_NCB4459A130LC3_F6_NCB4459A130LC3-40-209077_assay	proteomic profiling by mass spectrometry	data-dependent acquisition	NT=label free sample;AC=MS:1002038	6	1	not available	NT=Trypsin;AC=MS:1001251	NT=Carbamidomethyl;AC=UNIMOD:4;TA=C;MT=Fixed	NT=Oxidation;AC=UNIMOD:21;TA=M;MT=Variable	NT=Acetyl;AC=UNIMOD:2;TA=Protein N-term;MT=Variable	NT=Deamidation;AC=UNIMOD:7;TA=NQ;MT=Variable	NT=Gln->pyro-Glu;AC=UNIMOD:28;TA=Q;MT=Variable	NT=Phospho;AC=UNIMOD:21;TA=STY;MT=Variable	NT=K-Biot;AC=null;TA=K;MT=Variable	NT=N-termBiot;AC=null;TA=Protein N-terminus;MT=Variable	not available	not available	not available	not available	not available	not available	2 h	22 °C	NCB4459A130LC3_F6_NCB4459A130LC3-40-209077.raw	NT=ms-proteomics;VV=v1.1.0	NT=crosslinking;VV=v1.0.0	NT=invertebrates;VV=v1.1.0
PXD027068_NCB4497A22LC2_B5_NCB4497A22LC2-40-215352	Caenorhabditis elegans	gut, muscle, skin, and nervous system	neurons (including AFD neurons)	134	PXD027068_NCB4497A22LC2_B5_NCB4497A22LC2-40-215352_assay	proteomic profiling by mass spectrometry	data-dependent acquisition	NT=label free sample;AC=MS:1002038	1	1	not available	NT=Trypsin;AC=MS:1001251	NT=Carbamidomethyl;AC=UNIMOD:4;TA=C;MT=Fixed	NT=Oxidation;AC=UNIMOD:21;TA=M;MT=Variable	NT=Acetyl;AC=UNIMOD:2;TA=Protein N-term;MT=Variable	NT=Deamidation;AC=UNIMOD:7;TA=NQ;MT=Variable	NT=Gln->pyro-Glu;AC=UNIMOD:28;TA=Q;MT=Variable	NT=Phospho;AC=UNIMOD:21;TA=STY;MT=Variable	NT=K-Biot;AC=null;TA=K;MT=Variable	NT=N-termBiot;AC=null;TA=Protein N-terminus;MT=Variable	not available	not available	not available	not available	not available	not available	2 h	22 °C	NCB4497A22LC2_B5_NCB4497A22LC2-40-215352.raw	NT=ms-proteomics;VV=v1.1.0	NT=crosslinking;VV=v1.0.0	NT=invertebrates;VV=v1.1.0
PXD027068_NCB4459A102LC3_B3_NCB4459A102LC3-40-208549	Caenorhabditis elegans	gut, muscle, skin, and nervous system	neurons (including AFD neurons)	135	PXD027068_NCB4459A102LC3_B3_NCB4459A102LC3-40-208549_assay	proteomic profiling by mass spectrometry	data-dependent acquisition	NT=label free sample;AC=MS:1002038	1	1	not available	NT=Trypsin;AC=MS:1001251	NT=Carbamidomethyl;AC=UNIMOD:4;TA=C;MT=Fixed	NT=Oxidation;AC=UNIMOD:21;TA=M;MT=Variable	NT=Acetyl;AC=UNIMOD:2;TA=Protein N-term;MT=Variable	NT=Deamidation;AC=UNIMOD:7;TA=NQ;MT=Variable	NT=Gln->pyro-Glu;AC=UNIMOD:28;TA=Q;MT=Variable	NT=Phospho;AC=UNIMOD:21;TA=STY;MT=Variable	NT=K-Biot;AC=null;TA=K;MT=Variable	NT=N-termBiot;AC=null;TA=Protein N-terminus;MT=Variable	not available	not available	not available	not available	not available	not available	2 h	22 °C	NCB4459A102LC3_B3_NCB4459A102LC3-40-208549.raw	NT=ms-proteomics;VV=v1.1.0	NT=crosslinking;VV=v1.0.0	NT=invertebrates;VV=v1.1.0
PXD027068_NCB4510A36LC2_H6_NCB4510A36LC2-40-216363	Caenorhabditis elegans	gut, muscle, skin, and nervous system	neurons (including AFD neurons)	136	PXD027068_NCB4510A36LC2_H6_NCB4510A36LC2-40-216363_assay	proteomic profiling by mass spectrometry	data-dependent acquisition	NT=label free sample;AC=MS:1002038	1	1	not available	NT=Trypsin;AC=MS:1001251	NT=Carbamidomethyl;AC=UNIMOD:4;TA=C;MT=Fixed	NT=Oxidation;AC=UNIMOD:21;TA=M;MT=Variable	NT=Acetyl;AC=UNIMOD:2;TA=Protein N-term;MT=Variable	NT=Deamidation;AC=UNIMOD:7;TA=NQ;MT=Variable	NT=Gln->pyro-Glu;AC=UNIMOD:28;TA=Q;MT=Variable	NT=Phospho;AC=UNIMOD:21;TA=STY;MT=Variable	NT=K-Biot;AC=null;TA=K;MT=Variable	NT=N-termBiot;AC=null;TA=Protein N-terminus;MT=Variable	not available	not available	not available	not available	not available	not available	2 h	22 °C	NCB4510A36LC2_H6_NCB4510A36LC2-40-216363.raw	NT=ms-proteomics;VV=v1.1.0	NT=crosslinking;VV=v1.0.0	NT=invertebrates;VV=v1.1.0
PXD027068_NCB4459A166LC3_B11_NCB4459A166LC3-40-209125	Caenorhabditis elegans	gut, muscle, skin, and nervous system	neurons (including AFD neurons)	137	PXD027068_NCB4459A166LC3_B11_NCB4459A166LC3-40-209125_assay	proteomic profiling by mass spectrometry	data-dependent acquisition	NT=label free sample;AC=MS:1002038	1	1	not available	NT=Trypsin;AC=MS:1001251	NT=Carbamidomethyl;AC=UNIMOD:4;TA=C;MT=Fixed	NT=Oxidation;AC=UNIMOD:21;TA=M;MT=Variable	NT=Acetyl;AC=UNIMOD:2;TA=Protein N-term;MT=Variable	NT=Deamidation;AC=UNIMOD:7;TA=NQ;MT=Variable	NT=Gln->pyro-Glu;AC=UNIMOD:28;TA=Q;MT=Variable	NT=Phospho;AC=UNIMOD:21;TA=STY;MT=Variable	NT=K-Biot;AC=null;TA=K;MT=Variable	NT=N-termBiot;AC=null;TA=Protein N-terminus;MT=Variable	not available	not available	not available	not available	not available	not available	2 h	22 °C	NCB4459A166LC3_B11_NCB4459A166LC3-40-209125.raw	NT=ms-proteomics;VV=v1.1.0	NT=crosslinking;VV=v1.0.0	NT=invertebrates;VV=v1.1.0
PXD027068_NCB4509A44LC2_D9_NCB4509A68LC3-40-215868	Caenorhabditis elegans	gut, muscle, skin, and nervous system	neurons (including AFD neurons)	138	PXD027068_NCB4509A44LC2_D9_NCB4509A68LC3-40-215868_assay	proteomic profiling by mass spectrometry	data-dependent acquisition	NT=label free sample;AC=MS:1002038	1	1	not available	NT=Trypsin;AC=MS:1001251	NT=Carbamidomethyl;AC=UNIMOD:4;TA=C;MT=Fixed	NT=Oxidation;AC=UNIMOD:21;TA=M;MT=Variable	NT=Acetyl;AC=UNIMOD:2;TA=Protein N-term;MT=Variable	NT=Deamidation;AC=UNIMOD:7;TA=NQ;MT=Variable	NT=Gln->pyro-Glu;AC=UNIMOD:28;TA=Q;MT=Variable	NT=Phospho;AC=UNIMOD:21;TA=STY;MT=Variable	NT=K-Biot;AC=null;TA=K;MT=Variable	NT=N-termBiot;AC=null;TA=Protein N-terminus;MT=Variable	not available	not available	not available	not available	not available	not available	2 h	22 °C	NCB4509A44LC2_D9_NCB4509A68LC3-40-215868.raw	NT=ms-proteomics;VV=v1.1.0	NT=crosslinking;VV=v1.0.0	NT=invertebrates;VV=v1.1.0
PXD027068_NCB4496A9LC3_A2_NCB4496A9LC3-40-211920	Caenorhabditis elegans	gut, muscle, skin, and nervous system	neurons (including AFD neurons)	139	PXD027068_NCB4496A9LC3_A2_NCB4496A9LC3-40-211920_assay	proteomic profiling by mass spectrometry	data-dependent acquisition	NT=label free sample;AC=MS:1002038	1	1	not available	NT=Trypsin;AC=MS:1001251	NT=Carbamidomethyl;AC=UNIMOD:4;TA=C;MT=Fixed	NT=Oxidation;AC=UNIMOD:21;TA=M;MT=Variable	NT=Acetyl;AC=UNIMOD:2;TA=Protein N-term;MT=Variable	NT=Deamidation;AC=UNIMOD:7;TA=NQ;MT=Variable	NT=Gln->pyro-Glu;AC=UNIMOD:28;TA=Q;MT=Variable	NT=Phospho;AC=UNIMOD:21;TA=STY;MT=Variable	NT=K-Biot;AC=null;TA=K;MT=Variable	NT=N-termBiot;AC=null;TA=Protein N-terminus;MT=Variable	not available	not available	not available	not available	not available	not available	2 h	22 °C	NCB4496A9LC3_A2_NCB4496A9LC3-40-211920.raw	NT=ms-proteomics;VV=v1.1.0	NT=crosslinking;VV=v1.0.0	NT=invertebrates;VV=v1.1.0
PXD027068_NCB4580A31LC2_C6	Caenorhabditis elegans	gut, muscle, skin, and nervous system	neurons (including AFD neurons)	140	PXD027068_NCB4580A31LC2_C6_assay	proteomic profiling by mass spectrometry	data-dependent acquisition	NT=label free sample;AC=MS:1002038	1	1	not available	NT=Trypsin;AC=MS:1001251	NT=Carbamidomethyl;AC=UNIMOD:4;TA=C;MT=Fixed	NT=Oxidation;AC=UNIMOD:21;TA=M;MT=Variable	NT=Acetyl;AC=UNIMOD:2;TA=Protein N-term;MT=Variable	NT=Deamidation;AC=UNIMOD:7;TA=NQ;MT=Variable	NT=Gln->pyro-Glu;AC=UNIMOD:28;TA=Q;MT=Variable	NT=Phospho;AC=UNIMOD:21;TA=STY;MT=Variable	NT=K-Biot;AC=null;TA=K;MT=Variable	NT=N-termBiot;AC=null;TA=Protein N-terminus;MT=Variable	not available	not available	not available	not available	not available	not available	2 h	22 °C	NCB4580A31LC2_C6.raw	NT=ms-proteomics;VV=v1.1.0	NT=crosslinking;VV=v1.0.0	NT=invertebrates;VV=v1.1.0
PXD027068_NCB4580A23LC2_C5	Caenorhabditis elegans	gut, muscle, skin, and nervous system	neurons (including AFD neurons)	141	PXD027068_NCB4580A23LC2_C5_assay	proteomic profiling by mass spectrometry	data-dependent acquisition	NT=label free sample;AC=MS:1002038	1	1	not available	NT=Trypsin;AC=MS:1001251	NT=Carbamidomethyl;AC=UNIMOD:4;TA=C;MT=Fixed	NT=Oxidation;AC=UNIMOD:21;TA=M;MT=Variable	NT=Acetyl;AC=UNIMOD:2;TA=Protein N-term;MT=Variable	NT=Deamidation;AC=UNIMOD:7;TA=NQ;MT=Variable	NT=Gln->pyro-Glu;AC=UNIMOD:28;TA=Q;MT=Variable	NT=Phospho;AC=UNIMOD:21;TA=STY;MT=Variable	NT=K-Biot;AC=null;TA=K;MT=Variable	NT=N-termBiot;AC=null;TA=Protein N-terminus;MT=Variable	not available	not available	not available	not available	not available	not available	2 h	22 °C	NCB4580A23LC2_C5.raw	NT=ms-proteomics;VV=v1.1.0	NT=crosslinking;VV=v1.0.0	NT=invertebrates;VV=v1.1.0
PXD027068_NCB4496A16LC3_H2_NCB4496A16LC3-40-211907	Caenorhabditis elegans	gut, muscle, skin, and nervous system	neurons (including AFD neurons)	142	PXD027068_NCB4496A16LC3_H2_NCB4496A16LC3-40-211907_assay	proteomic profiling by mass spectrometry	data-dependent acquisition	NT=label free sample;AC=MS:1002038	1	1	not available	NT=Trypsin;AC=MS:1001251	NT=Carbamidomethyl;AC=UNIMOD:4;TA=C;MT=Fixed	NT=Oxidation;AC=UNIMOD:21;TA=M;MT=Variable	NT=Acetyl;AC=UNIMOD:2;TA=Protein N-term;MT=Variable	NT=Deamidation;AC=UNIMOD:7;TA=NQ;MT=Variable	NT=Gln->pyro-Glu;AC=UNIMOD:28;TA=Q;MT=Variable	NT=Phospho;AC=UNIMOD:21;TA=STY;MT=Variable	NT=K-Biot;AC=null;TA=K;MT=Variable	NT=N-termBiot;AC=null;TA=Protein N-terminus;MT=Variable	not available	not available	not available	not available	not available	not available	2 h	22 °C	NCB4496A16LC3_H2_NCB4496A16LC3-40-211907.raw	NT=ms-proteomics;VV=v1.1.0	NT=crosslinking;VV=v1.0.0	NT=invertebrates;VV=v1.1.0
PXD027068_NCB4497A2LC2_B1_NCB4497A2LC2-40-215360	Caenorhabditis elegans	gut, muscle, skin, and nervous system	neurons (including AFD neurons)	143	PXD027068_NCB4497A2LC2_B1_NCB4497A2LC2-40-215360_assay	proteomic profiling by mass spectrometry	data-dependent acquisition	NT=label free sample;AC=MS:1002038	1	1	not available	NT=Trypsin;AC=MS:1001251	NT=Carbamidomethyl;AC=UNIMOD:4;TA=C;MT=Fixed	NT=Oxidation;AC=UNIMOD:21;TA=M;MT=Variable	NT=Acetyl;AC=UNIMOD:2;TA=Protein N-term;MT=Variable	NT=Deamidation;AC=UNIMOD:7;TA=NQ;MT=Variable	NT=Gln->pyro-Glu;AC=UNIMOD:28;TA=Q;MT=Variable	NT=Phospho;AC=UNIMOD:21;TA=STY;MT=Variable	NT=K-Biot;AC=null;TA=K;MT=Variable	NT=N-termBiot;AC=null;TA=Protein N-terminus;MT=Variable	not available	not available	not available	not available	not available	not available	2 h	22 °C	NCB4497A2LC2_B1_NCB4497A2LC2-40-215360.raw	NT=ms-proteomics;VV=v1.1.0	NT=crosslinking;VV=v1.0.0	NT=invertebrates;VV=v1.1.0
PXD027068_NCB4496A47LC3_G6_NCB4496A47LC3-40-214336	Caenorhabditis elegans	gut, muscle, skin, and nervous system	neurons (including AFD neurons)	144	PXD027068_NCB4496A47LC3_G6_NCB4496A47LC3-40-214336_assay	proteomic profiling by mass spectrometry	data-dependent acquisition	NT=label free sample;AC=MS:1002038	1	1	not available	NT=Trypsin;AC=MS:1001251	NT=Carbamidomethyl;AC=UNIMOD:4;TA=C;MT=Fixed	NT=Oxidation;AC=UNIMOD:21;TA=M;MT=Variable	NT=Acetyl;AC=UNIMOD:2;TA=Protein N-term;MT=Variable	NT=Deamidation;AC=UNIMOD:7;TA=NQ;MT=Variable	NT=Gln->pyro-Glu;AC=UNIMOD:28;TA=Q;MT=Variable	NT=Phospho;AC=UNIMOD:21;TA=STY;MT=Variable	NT=K-Biot;AC=null;TA=K;MT=Variable	NT=N-termBiot;AC=null;TA=Protein N-terminus;MT=Variable	not available	not available	not available	not available	not available	not available	2 h	22 °C	NCB4496A47LC3_G6_NCB4496A47LC3-40-214336.raw	NT=ms-proteomics;VV=v1.1.0	NT=crosslinking;VV=v1.0.0	NT=invertebrates;VV=v1.1.0
PXD027068_NCB4459A88LC3_D1_NCB4459A88LC3-40-208655	Caenorhabditis elegans	gut, muscle, skin, and nervous system	neurons (including AFD neurons)	145	PXD027068_NCB4459A88LC3_D1_NCB4459A88LC3-40-208655_assay	proteomic profiling by mass spectrometry	data-dependent acquisition	NT=label free sample;AC=MS:1002038	1	1	not available	NT=Trypsin;AC=MS:1001251	NT=Carbamidomethyl;AC=UNIMOD:4;TA=C;MT=Fixed	NT=Oxidation;AC=UNIMOD:21;TA=M;MT=Variable	NT=Acetyl;AC=UNIMOD:2;TA=Protein N-term;MT=Variable	NT=Deamidation;AC=UNIMOD:7;TA=NQ;MT=Variable	NT=Gln->pyro-Glu;AC=UNIMOD:28;TA=Q;MT=Variable	NT=Phospho;AC=UNIMOD:21;TA=STY;MT=Variable	NT=K-Biot;AC=null;TA=K;MT=Variable	NT=N-termBiot;AC=null;TA=Protein N-terminus;MT=Variable	not available	not available	not available	not available	not available	not available	2 h	22 °C	NCB4459A88LC3_D1_NCB4459A88LC3-40-208655.raw	NT=ms-proteomics;VV=v1.1.0	NT=crosslinking;VV=v1.0.0	NT=invertebrates;VV=v1.1.0
PXD027068_NCB4496A40LC3_H5_NCB4496A40LC3-40-214329	Caenorhabditis elegans	gut, muscle, skin, and nervous system	neurons (including AFD neurons)	146	PXD027068_NCB4496A40LC3_H5_NCB4496A40LC3-40-214329_assay	proteomic profiling by mass spectrometry	data-dependent acquisition	NT=label free sample;AC=MS:1002038	1	1	not available	NT=Trypsin;AC=MS:1001251	NT=Carbamidomethyl;AC=UNIMOD:4;TA=C;MT=Fixed	NT=Oxidation;AC=UNIMOD:21;TA=M;MT=Variable	NT=Acetyl;AC=UNIMOD:2;TA=Protein N-term;MT=Variable	NT=Deamidation;AC=UNIMOD:7;TA=NQ;MT=Variable	NT=Gln->pyro-Glu;AC=UNIMOD:28;TA=Q;MT=Variable	NT=Phospho;AC=UNIMOD:21;TA=STY;MT=Variable	NT=K-Biot;AC=null;TA=K;MT=Variable	NT=N-termBiot;AC=null;TA=Protein N-terminus;MT=Variable	not available	not available	not available	not available	not available	not available	2 h	22 °C	NCB4496A40LC3_H5_NCB4496A40LC3-40-214329.raw	NT=ms-proteomics;VV=v1.1.0	NT=crosslinking;VV=v1.0.0	NT=invertebrates;VV=v1.1.0
PXD027068_NCB4459A126LC3_B6_NCB4459A126LC3-40-209073	Caenorhabditis elegans	gut, muscle, skin, and nervous system	neurons (including AFD neurons)	147	PXD027068_NCB4459A126LC3_B6_NCB4459A126LC3-40-209073_assay	proteomic profiling by mass spectrometry	data-dependent acquisition	NT=label free sample;AC=MS:1002038	1	1	not available	NT=Trypsin;AC=MS:1001251	NT=Carbamidomethyl;AC=UNIMOD:4;TA=C;MT=Fixed	NT=Oxidation;AC=UNIMOD:21;TA=M;MT=Variable	NT=Acetyl;AC=UNIMOD:2;TA=Protein N-term;MT=Variable	NT=Deamidation;AC=UNIMOD:7;TA=NQ;MT=Variable	NT=Gln->pyro-Glu;AC=UNIMOD:28;TA=Q;MT=Variable	NT=Phospho;AC=UNIMOD:21;TA=STY;MT=Variable	NT=K-Biot;AC=null;TA=K;MT=Variable	NT=N-termBiot;AC=null;TA=Protein N-terminus;MT=Variable	not available	not available	not available	not available	not available	not available	2 h	22 °C	NCB4459A126LC3_B6_NCB4459A126LC3-40-209073.raw	NT=ms-proteomics;VV=v1.1.0	NT=crosslinking;VV=v1.0.0	NT=invertebrates;VV=v1.1.0
PXD027068_NCB4509A15LC2_G2_NCB4509A15LC3-40-215649	Caenorhabditis elegans	gut, muscle, skin, and nervous system	neurons (including AFD neurons)	148	PXD027068_NCB4509A15LC2_G2_NCB4509A15LC3-40-215649_assay	proteomic profiling by mass spectrometry	data-dependent acquisition	NT=label free sample;AC=MS:1002038	1	1	not available	NT=Trypsin;AC=MS:1001251	NT=Carbamidomethyl;AC=UNIMOD:4;TA=C;MT=Fixed	NT=Oxidation;AC=UNIMOD:21;TA=M;MT=Variable	NT=Acetyl;AC=UNIMOD:2;TA=Protein N-term;MT=Variable	NT=Deamidation;AC=UNIMOD:7;TA=NQ;MT=Variable	NT=Gln->pyro-Glu;AC=UNIMOD:28;TA=Q;MT=Variable	NT=Phospho;AC=UNIMOD:21;TA=STY;MT=Variable	NT=K-Biot;AC=null;TA=K;MT=Variable	NT=N-termBiot;AC=null;TA=Protein N-terminus;MT=Variable	not available	not available	not available	not available	not available	not available	2 h	22 °C	NCB4509A15LC2_G2_NCB4509A15LC3-40-215649.raw	NT=ms-proteomics;VV=v1.1.0	NT=crosslinking;VV=v1.0.0	NT=invertebrates;VV=v1.1.0
PXD027068_NCB4509A48LC2_H9_NCB4509A72LC3-40-215872	Caenorhabditis elegans	gut, muscle, skin, and nervous system	neurons (including AFD neurons)	149	PXD027068_NCB4509A48LC2_H9_NCB4509A72LC3-40-215872_assay	proteomic profiling by mass spectrometry	data-dependent acquisition	NT=label free sample;AC=MS:1002038	1	1	not available	NT=Trypsin;AC=MS:1001251	NT=Carbamidomethyl;AC=UNIMOD:4;TA=C;MT=Fixed	NT=Oxidation;AC=UNIMOD:21;TA=M;MT=Variable	NT=Acetyl;AC=UNIMOD:2;TA=Protein N-term;MT=Variable	NT=Deamidation;AC=UNIMOD:7;TA=NQ;MT=Variable	NT=Gln->pyro-Glu;AC=UNIMOD:28;TA=Q;MT=Variable	NT=Phospho;AC=UNIMOD:21;TA=STY;MT=Variable	NT=K-Biot;AC=null;TA=K;MT=Variable	NT=N-termBiot;AC=null;TA=Protein N-terminus;MT=Variable	not available	not available	not available	not available	not available	not available	2 h	22 °C	NCB4509A48LC2_H9_NCB4509A72LC3-40-215872.raw	NT=ms-proteomics;VV=v1.1.0	NT=crosslinking;VV=v1.0.0	NT=invertebrates;VV=v1.1.0
PXD027068_NCB4459A122LC3_F5_NCB4459A122LC3-40-209069	Caenorhabditis elegans	gut, muscle, skin, and nervous system	neurons (including AFD neurons)	3	PXD027068_NCB4459A122LC3_F5_NCB4459A122LC3-40-209069_assay	proteomic profiling by mass spectrometry	data-dependent acquisition	NT=label free sample;AC=MS:1002038	5	1	not available	NT=Trypsin;AC=MS:1001251	NT=Carbamidomethyl;AC=UNIMOD:4;TA=C;MT=Fixed	NT=Oxidation;AC=UNIMOD:21;TA=M;MT=Variable	NT=Acetyl;AC=UNIMOD:2;TA=Protein N-term;MT=Variable	NT=Deamidation;AC=UNIMOD:7;TA=NQ;MT=Variable	NT=Gln->pyro-Glu;AC=UNIMOD:28;TA=Q;MT=Variable	NT=Phospho;AC=UNIMOD:21;TA=STY;MT=Variable	NT=K-Biot;AC=null;TA=K;MT=Variable	NT=N-termBiot;AC=null;TA=Protein N-terminus;MT=Variable	not available	not available	not available	not available	not available	not available	2 h	22 °C	NCB4459A122LC3_F5_NCB4459A122LC3-40-209069.raw	NT=ms-proteomics;VV=v1.1.0	NT=crosslinking;VV=v1.0.0	NT=invertebrates;VV=v1.1.0
PXD027068_NCB4509A32LC2_D6_NCB4509A44LC3-40-215856	Caenorhabditis elegans	gut, muscle, skin, and nervous system	neurons (including AFD neurons)	150	PXD027068_NCB4509A32LC2_D6_NCB4509A44LC3-40-215856_assay	proteomic profiling by mass spectrometry	data-dependent acquisition	NT=label free sample;AC=MS:1002038	1	1	not available	NT=Trypsin;AC=MS:1001251	NT=Carbamidomethyl;AC=UNIMOD:4;TA=C;MT=Fixed	NT=Oxidation;AC=UNIMOD:21;TA=M;MT=Variable	NT=Acetyl;AC=UNIMOD:2;TA=Protein N-term;MT=Variable	NT=Deamidation;AC=UNIMOD:7;TA=NQ;MT=Variable	NT=Gln->pyro-Glu;AC=UNIMOD:28;TA=Q;MT=Variable	NT=Phospho;AC=UNIMOD:21;TA=STY;MT=Variable	NT=K-Biot;AC=null;TA=K;MT=Variable	NT=N-termBiot;AC=null;TA=Protein N-terminus;MT=Variable	not available	not available	not available	not available	not available	not available	2 h	22 °C	NCB4509A32LC2_D6_NCB4509A44LC3-40-215856.raw	NT=ms-proteomics;VV=v1.1.0	NT=crosslinking;VV=v1.0.0	NT=invertebrates;VV=v1.1.0
PXD027068_NCB4497A57LC2_A11_NCB4497A57LC2-40-215390	Caenorhabditis elegans	gut, muscle, skin, and nervous system	neurons (including AFD neurons)	151	PXD027068_NCB4497A57LC2_A11_NCB4497A57LC2-40-215390_assay	proteomic profiling by mass spectrometry	data-dependent acquisition	NT=label free sample;AC=MS:1002038	1	1	not available	NT=Trypsin;AC=MS:1001251	NT=Carbamidomethyl;AC=UNIMOD:4;TA=C;MT=Fixed	NT=Oxidation;AC=UNIMOD:21;TA=M;MT=Variable	NT=Acetyl;AC=UNIMOD:2;TA=Protein N-term;MT=Variable	NT=Deamidation;AC=UNIMOD:7;TA=NQ;MT=Variable	NT=Gln->pyro-Glu;AC=UNIMOD:28;TA=Q;MT=Variable	NT=Phospho;AC=UNIMOD:21;TA=STY;MT=Variable	NT=K-Biot;AC=null;TA=K;MT=Variable	NT=N-termBiot;AC=null;TA=Protein N-terminus;MT=Variable	not available	not available	not available	not available	not available	not available	2 h	22 °C	NCB4497A57LC2_A11_NCB4497A57LC2-40-215390.raw	NT=ms-proteomics;VV=v1.1.0	NT=crosslinking;VV=v1.0.0	NT=invertebrates;VV=v1.1.0
PXD027068_NCB4459A165LC3_A11_NCB4459A165LC3-40-209124	Caenorhabditis elegans	gut, muscle, skin, and nervous system	neurons (including AFD neurons)	152	PXD027068_NCB4459A165LC3_A11_NCB4459A165LC3-40-209124_assay	proteomic profiling by mass spectrometry	data-dependent acquisition	NT=label free sample;AC=MS:1002038	1	1	not available	NT=Trypsin;AC=MS:1001251	NT=Carbamidomethyl;AC=UNIMOD:4;TA=C;MT=Fixed	NT=Oxidation;AC=UNIMOD:21;TA=M;MT=Variable	NT=Acetyl;AC=UNIMOD:2;TA=Protein N-term;MT=Variable	NT=Deamidation;AC=UNIMOD:7;TA=NQ;MT=Variable	NT=Gln->pyro-Glu;AC=UNIMOD:28;TA=Q;MT=Variable	NT=Phospho;AC=UNIMOD:21;TA=STY;MT=Variable	NT=K-Biot;AC=null;TA=K;MT=Variable	NT=N-termBiot;AC=null;TA=Protein N-terminus;MT=Variable	not available	not available	not available	not available	not available	not available	2 h	22 °C	NCB4459A165LC3_A11_NCB4459A165LC3-40-209124.raw	NT=ms-proteomics;VV=v1.1.0	NT=crosslinking;VV=v1.0.0	NT=invertebrates;VV=v1.1.0
PXD027068_NCB4496A83LC3_C11_NCB4496A83LC3-40-214560	Caenorhabditis elegans	gut, muscle, skin, and nervous system	neurons (including AFD neurons)	153	PXD027068_NCB4496A83LC3_C11_NCB4496A83LC3-40-214560_assay	proteomic profiling by mass spectrometry	data-dependent acquisition	NT=label free sample;AC=MS:1002038	1	1	not available	NT=Trypsin;AC=MS:1001251	NT=Carbamidomethyl;AC=UNIMOD:4;TA=C;MT=Fixed	NT=Oxidation;AC=UNIMOD:21;TA=M;MT=Variable	NT=Acetyl;AC=UNIMOD:2;TA=Protein N-term;MT=Variable	NT=Deamidation;AC=UNIMOD:7;TA=NQ;MT=Variable	NT=Gln->pyro-Glu;AC=UNIMOD:28;TA=Q;MT=Variable	NT=Phospho;AC=UNIMOD:21;TA=STY;MT=Variable	NT=K-Biot;AC=null;TA=K;MT=Variable	NT=N-termBiot;AC=null;TA=Protein N-terminus;MT=Variable	not available	not available	not available	not available	not available	not available	2 h	22 °C	NCB4496A83LC3_C11_NCB4496A83LC3-40-214560.raw	NT=ms-proteomics;VV=v1.1.0	NT=crosslinking;VV=v1.0.0	NT=invertebrates;VV=v1.1.0
PXD027068_NCB4580A37LC2_A7	Caenorhabditis elegans	gut, muscle, skin, and nervous system	neurons (including AFD neurons)	154	PXD027068_NCB4580A37LC2_A7_assay	proteomic profiling by mass spectrometry	data-dependent acquisition	NT=label free sample;AC=MS:1002038	1	1	not available	NT=Trypsin;AC=MS:1001251	NT=Carbamidomethyl;AC=UNIMOD:4;TA=C;MT=Fixed	NT=Oxidation;AC=UNIMOD:21;TA=M;MT=Variable	NT=Acetyl;AC=UNIMOD:2;TA=Protein N-term;MT=Variable	NT=Deamidation;AC=UNIMOD:7;TA=NQ;MT=Variable	NT=Gln->pyro-Glu;AC=UNIMOD:28;TA=Q;MT=Variable	NT=Phospho;AC=UNIMOD:21;TA=STY;MT=Variable	NT=K-Biot;AC=null;TA=K;MT=Variable	NT=N-termBiot;AC=null;TA=Protein N-terminus;MT=Variable	not available	not available	not available	not available	not available	not available	2 h	22 °C	NCB4580A37LC2_A7.raw	NT=ms-proteomics;VV=v1.1.0	NT=crosslinking;VV=v1.0.0	NT=invertebrates;VV=v1.1.0
PXD027068_NCB4459A131LC3_G6_NCB4459A131LC3-40-209078	Caenorhabditis elegans	gut, muscle, skin, and nervous system	neurons (including AFD neurons)	155	PXD027068_NCB4459A131LC3_G6_NCB4459A131LC3-40-209078_assay	proteomic profiling by mass spectrometry	data-dependent acquisition	NT=label free sample;AC=MS:1002038	1	1	not available	NT=Trypsin;AC=MS:1001251	NT=Carbamidomethyl;AC=UNIMOD:4;TA=C;MT=Fixed	NT=Oxidation;AC=UNIMOD:21;TA=M;MT=Variable	NT=Acetyl;AC=UNIMOD:2;TA=Protein N-term;MT=Variable	NT=Deamidation;AC=UNIMOD:7;TA=NQ;MT=Variable	NT=Gln->pyro-Glu;AC=UNIMOD:28;TA=Q;MT=Variable	NT=Phospho;AC=UNIMOD:21;TA=STY;MT=Variable	NT=K-Biot;AC=null;TA=K;MT=Variable	NT=N-termBiot;AC=null;TA=Protein N-terminus;MT=Variable	not available	not available	not available	not available	not available	not available	2 h	22 °C	NCB4459A131LC3_G6_NCB4459A131LC3-40-209078.raw	NT=ms-proteomics;VV=v1.1.0	NT=crosslinking;VV=v1.0.0	NT=invertebrates;VV=v1.1.0
PXD027068_NCB4509A17LC2_A3_NCB4509A17LC3-40-215751	Caenorhabditis elegans	gut, muscle, skin, and nervous system	neurons (including AFD neurons)	156	PXD027068_NCB4509A17LC2_A3_NCB4509A17LC3-40-215751_assay	proteomic profiling by mass spectrometry	data-dependent acquisition	NT=label free sample;AC=MS:1002038	1	1	not available	NT=Trypsin;AC=MS:1001251	NT=Carbamidomethyl;AC=UNIMOD:4;TA=C;MT=Fixed	NT=Oxidation;AC=UNIMOD:21;TA=M;MT=Variable	NT=Acetyl;AC=UNIMOD:2;TA=Protein N-term;MT=Variable	NT=Deamidation;AC=UNIMOD:7;TA=NQ;MT=Variable	NT=Gln->pyro-Glu;AC=UNIMOD:28;TA=Q;MT=Variable	NT=Phospho;AC=UNIMOD:21;TA=STY;MT=Variable	NT=K-Biot;AC=null;TA=K;MT=Variable	NT=N-termBiot;AC=null;TA=Protein N-terminus;MT=Variable	not available	not available	not available	not available	not available	not available	2 h	22 °C	NCB4509A17LC2_A3_NCB4509A17LC3-40-215751.raw	NT=ms-proteomics;VV=v1.1.0	NT=crosslinking;VV=v1.0.0	NT=invertebrates;VV=v1.1.0
PXD027068_NCB4460A36LC3_D5_NCB4460A36LC3-40-211327	Caenorhabditis elegans	gut, muscle, skin, and nervous system	neurons (including AFD neurons)	157	PXD027068_NCB4460A36LC3_D5_NCB4460A36LC3-40-211327_assay	proteomic profiling by mass spectrometry	data-dependent acquisition	NT=label free sample;AC=MS:1002038	1	1	not available	NT=Trypsin;AC=MS:1001251	NT=Carbamidomethyl;AC=UNIMOD:4;TA=C;MT=Fixed	NT=Oxidation;AC=UNIMOD:21;TA=M;MT=Variable	NT=Acetyl;AC=UNIMOD:2;TA=Protein N-term;MT=Variable	NT=Deamidation;AC=UNIMOD:7;TA=NQ;MT=Variable	NT=Gln->pyro-Glu;AC=UNIMOD:28;TA=Q;MT=Variable	NT=Phospho;AC=UNIMOD:21;TA=STY;MT=Variable	NT=K-Biot;AC=null;TA=K;MT=Variable	NT=N-termBiot;AC=null;TA=Protein N-terminus;MT=Variable	not available	not available	not available	not available	not available	not available	2 h	22 °C	NCB4460A36LC3_D5_NCB4460A36LC3-40-211327.raw	NT=ms-proteomics;VV=v1.1.0	NT=crosslinking;VV=v1.0.0	NT=invertebrates;VV=v1.1.0
PXD027068_NCB4461A40LC3_H5_NCB4461A40LC3-40-210659	Caenorhabditis elegans	gut, muscle, skin, and nervous system	neurons (including AFD neurons)	158	PXD027068_NCB4461A40LC3_H5_NCB4461A40LC3-40-210659_assay	proteomic profiling by mass spectrometry	data-dependent acquisition	NT=label free sample;AC=MS:1002038	1	1	not available	NT=Trypsin;AC=MS:1001251	NT=Carbamidomethyl;AC=UNIMOD:4;TA=C;MT=Fixed	NT=Oxidation;AC=UNIMOD:21;TA=M;MT=Variable	NT=Acetyl;AC=UNIMOD:2;TA=Protein N-term;MT=Variable	NT=Deamidation;AC=UNIMOD:7;TA=NQ;MT=Variable	NT=Gln->pyro-Glu;AC=UNIMOD:28;TA=Q;MT=Variable	NT=Phospho;AC=UNIMOD:21;TA=STY;MT=Variable	NT=K-Biot;AC=null;TA=K;MT=Variable	NT=N-termBiot;AC=null;TA=Protein N-terminus;MT=Variable	not available	not available	not available	not available	not available	not available	2 h	22 °C	NCB4461A40LC3_H5_NCB4461A40LC3-40-210659.raw	NT=ms-proteomics;VV=v1.1.0	NT=crosslinking;VV=v1.0.0	NT=invertebrates;VV=v1.1.0
PXD027068_NCB4459A87LC3_C1_NCB4459A87LC3-40-208654	Caenorhabditis elegans	gut, muscle, skin, and nervous system	neurons (including AFD neurons)	159	PXD027068_NCB4459A87LC3_C1_NCB4459A87LC3-40-208654_assay	proteomic profiling by mass spectrometry	data-dependent acquisition	NT=label free sample;AC=MS:1002038	1	1	not available	NT=Trypsin;AC=MS:1001251	NT=Carbamidomethyl;AC=UNIMOD:4;TA=C;MT=Fixed	NT=Oxidation;AC=UNIMOD:21;TA=M;MT=Variable	NT=Acetyl;AC=UNIMOD:2;TA=Protein N-term;MT=Variable	NT=Deamidation;AC=UNIMOD:7;TA=NQ;MT=Variable	NT=Gln->pyro-Glu;AC=UNIMOD:28;TA=Q;MT=Variable	NT=Phospho;AC=UNIMOD:21;TA=STY;MT=Variable	NT=K-Biot;AC=null;TA=K;MT=Variable	NT=N-termBiot;AC=null;TA=Protein N-terminus;MT=Variable	not available	not available	not available	not available	not available	not available	2 h	22 °C	NCB4459A87LC3_C1_NCB4459A87LC3-40-208654.raw	NT=ms-proteomics;VV=v1.1.0	NT=crosslinking;VV=v1.0.0	NT=invertebrates;VV=v1.1.0
PXD027068_NCB4496A7LC3_G1_NCB4496A7LC3-40-211918	Caenorhabditis elegans	gut, muscle, skin, and nervous system	neurons (including AFD neurons)	160	PXD027068_NCB4496A7LC3_G1_NCB4496A7LC3-40-211918_assay	proteomic profiling by mass spectrometry	data-dependent acquisition	NT=label free sample;AC=MS:1002038	1	1	not available	NT=Trypsin;AC=MS:1001251	NT=Carbamidomethyl;AC=UNIMOD:4;TA=C;MT=Fixed	NT=Oxidation;AC=UNIMOD:21;TA=M;MT=Variable	NT=Acetyl;AC=UNIMOD:2;TA=Protein N-term;MT=Variable	NT=Deamidation;AC=UNIMOD:7;TA=NQ;MT=Variable	NT=Gln->pyro-Glu;AC=UNIMOD:28;TA=Q;MT=Variable	NT=Phospho;AC=UNIMOD:21;TA=STY;MT=Variable	NT=K-Biot;AC=null;TA=K;MT=Variable	NT=N-termBiot;AC=null;TA=Protein N-terminus;MT=Variable	not available	not available	not available	not available	not available	not available	2 h	22 °C	NCB4496A7LC3_G1_NCB4496A7LC3-40-211918.raw	NT=ms-proteomics;VV=v1.1.0	NT=crosslinking;VV=v1.0.0	NT=invertebrates;VV=v1.1.0
PXD027068_NCB4497A25LC2_E5_NCB4497A25LC2-40-215355	Caenorhabditis elegans	gut, muscle, skin, and nervous system	neurons (including AFD neurons)	161	PXD027068_NCB4497A25LC2_E5_NCB4497A25LC2-40-215355_assay	proteomic profiling by mass spectrometry	data-dependent acquisition	NT=label free sample;AC=MS:1002038	1	1	not available	NT=Trypsin;AC=MS:1001251	NT=Carbamidomethyl;AC=UNIMOD:4;TA=C;MT=Fixed	NT=Oxidation;AC=UNIMOD:21;TA=M;MT=Variable	NT=Acetyl;AC=UNIMOD:2;TA=Protein N-term;MT=Variable	NT=Deamidation;AC=UNIMOD:7;TA=NQ;MT=Variable	NT=Gln->pyro-Glu;AC=UNIMOD:28;TA=Q;MT=Variable	NT=Phospho;AC=UNIMOD:21;TA=STY;MT=Variable	NT=K-Biot;AC=null;TA=K;MT=Variable	NT=N-termBiot;AC=null;TA=Protein N-terminus;MT=Variable	not available	not available	not available	not available	not available	not available	2 h	22 °C	NCB4497A25LC2_E5_NCB4497A25LC2-40-215355.raw	NT=ms-proteomics;VV=v1.1.0	NT=crosslinking;VV=v1.0.0	NT=invertebrates;VV=v1.1.0
PXD027068_NCB4510A20LC2_D3_NCB4510A20LC2-40-216247	Caenorhabditis elegans	gut, muscle, skin, and nervous system	neurons (including AFD neurons)	162	PXD027068_NCB4510A20LC2_D3_NCB4510A20LC2-40-216247_assay	proteomic profiling by mass spectrometry	data-dependent acquisition	NT=label free sample;AC=MS:1002038	1	1	not available	NT=Trypsin;AC=MS:1001251	NT=Carbamidomethyl;AC=UNIMOD:4;TA=C;MT=Fixed	NT=Oxidation;AC=UNIMOD:21;TA=M;MT=Variable	NT=Acetyl;AC=UNIMOD:2;TA=Protein N-term;MT=Variable	NT=Deamidation;AC=UNIMOD:7;TA=NQ;MT=Variable	NT=Gln->pyro-Glu;AC=UNIMOD:28;TA=Q;MT=Variable	NT=Phospho;AC=UNIMOD:21;TA=STY;MT=Variable	NT=K-Biot;AC=null;TA=K;MT=Variable	NT=N-termBiot;AC=null;TA=Protein N-terminus;MT=Variable	not available	not available	not available	not available	not available	not available	2 h	22 °C	NCB4510A20LC2_D3_NCB4510A20LC2-40-216247.raw	NT=ms-proteomics;VV=v1.1.0	NT=crosslinking;VV=v1.0.0	NT=invertebrates;VV=v1.1.0
PXD027068_NCB4509A50LC2_B10_NCB4509A74LC3-40-215874	Caenorhabditis elegans	gut, muscle, skin, and nervous system	neurons (including AFD neurons)	163	PXD027068_NCB4509A50LC2_B10_NCB4509A74LC3-40-215874_assay	proteomic profiling by mass spectrometry	data-dependent acquisition	NT=label free sample;AC=MS:1002038	1	1	not available	NT=Trypsin;AC=MS:1001251	NT=Carbamidomethyl;AC=UNIMOD:4;TA=C;MT=Fixed	NT=Oxidation;AC=UNIMOD:21;TA=M;MT=Variable	NT=Acetyl;AC=UNIMOD:2;TA=Protein N-term;MT=Variable	NT=Deamidation;AC=UNIMOD:7;TA=NQ;MT=Variable	NT=Gln->pyro-Glu;AC=UNIMOD:28;TA=Q;MT=Variable	NT=Phospho;AC=UNIMOD:21;TA=STY;MT=Variable	NT=K-Biot;AC=null;TA=K;MT=Variable	NT=N-termBiot;AC=null;TA=Protein N-terminus;MT=Variable	not available	not available	not available	not available	not available	not available	2 h	22 °C	NCB4509A50LC2_B10_NCB4509A74LC3-40-215874.raw	NT=ms-proteomics;VV=v1.1.0	NT=crosslinking;VV=v1.0.0	NT=invertebrates;VV=v1.1.0
PXD027068_NCB4460A75LC3_C10_NCB4460A75LC3-40-211342	Caenorhabditis elegans	gut, muscle, skin, and nervous system	neurons (including AFD neurons)	164	PXD027068_NCB4460A75LC3_C10_NCB4460A75LC3-40-211342_assay	proteomic profiling by mass spectrometry	data-dependent acquisition	NT=label free sample;AC=MS:1002038	1	1	not available	NT=Trypsin;AC=MS:1001251	NT=Carbamidomethyl;AC=UNIMOD:4;TA=C;MT=Fixed	NT=Oxidation;AC=UNIMOD:21;TA=M;MT=Variable	NT=Acetyl;AC=UNIMOD:2;TA=Protein N-term;MT=Variable	NT=Deamidation;AC=UNIMOD:7;TA=NQ;MT=Variable	NT=Gln->pyro-Glu;AC=UNIMOD:28;TA=Q;MT=Variable	NT=Phospho;AC=UNIMOD:21;TA=STY;MT=Variable	NT=K-Biot;AC=null;TA=K;MT=Variable	NT=N-termBiot;AC=null;TA=Protein N-terminus;MT=Variable	not available	not available	not available	not available	not available	not available	2 h	22 °C	NCB4460A75LC3_C10_NCB4460A75LC3-40-211342.raw	NT=ms-proteomics;VV=v1.1.0	NT=crosslinking;VV=v1.0.0	NT=invertebrates;VV=v1.1.0
PXD027068_NCB4459A121LC3_E5_NCB4459A121LC3-40-209068	Caenorhabditis elegans	gut, muscle, skin, and nervous system	neurons (including AFD neurons)	165	PXD027068_NCB4459A121LC3_E5_NCB4459A121LC3-40-209068_assay	proteomic profiling by mass spectrometry	data-dependent acquisition	NT=label free sample;AC=MS:1002038	1	1	not available	NT=Trypsin;AC=MS:1001251	NT=Carbamidomethyl;AC=UNIMOD:4;TA=C;MT=Fixed	NT=Oxidation;AC=UNIMOD:21;TA=M;MT=Variable	NT=Acetyl;AC=UNIMOD:2;TA=Protein N-term;MT=Variable	NT=Deamidation;AC=UNIMOD:7;TA=NQ;MT=Variable	NT=Gln->pyro-Glu;AC=UNIMOD:28;TA=Q;MT=Variable	NT=Phospho;AC=UNIMOD:21;TA=STY;MT=Variable	NT=K-Biot;AC=null;TA=K;MT=Variable	NT=N-termBiot;AC=null;TA=Protein N-terminus;MT=Variable	not available	not available	not available	not available	not available	not available	2 h	22 °C	NCB4459A121LC3_E5_NCB4459A121LC3-40-209068.raw	NT=ms-proteomics;VV=v1.1.0	NT=crosslinking;VV=v1.0.0	NT=invertebrates;VV=v1.1.0
PXD027068_NCB4509A38LC2_B7_NCB4509A50LC3-40-215862	Caenorhabditis elegans	gut, muscle, skin, and nervous system	neurons (including AFD neurons)	166	PXD027068_NCB4509A38LC2_B7_NCB4509A50LC3-40-215862_assay	proteomic profiling by mass spectrometry	data-dependent acquisition	NT=label free sample;AC=MS:1002038	1	1	not available	NT=Trypsin;AC=MS:1001251	NT=Carbamidomethyl;AC=UNIMOD:4;TA=C;MT=Fixed	NT=Oxidation;AC=UNIMOD:21;TA=M;MT=Variable	NT=Acetyl;AC=UNIMOD:2;TA=Protein N-term;MT=Variable	NT=Deamidation;AC=UNIMOD:7;TA=NQ;MT=Variable	NT=Gln->pyro-Glu;AC=UNIMOD:28;TA=Q;MT=Variable	NT=Phospho;AC=UNIMOD:21;TA=STY;MT=Variable	NT=K-Biot;AC=null;TA=K;MT=Variable	NT=N-termBiot;AC=null;TA=Protein N-terminus;MT=Variable	not available	not available	not available	not available	not available	not available	2 h	22 °C	NCB4509A38LC2_B7_NCB4509A50LC3-40-215862.raw	NT=ms-proteomics;VV=v1.1.0	NT=crosslinking;VV=v1.0.0	NT=invertebrates;VV=v1.1.0
PXD027068_NCB4510A6LC2_F1_NCB4510A6LC2-40-216233	Caenorhabditis elegans	gut, muscle, skin, and nervous system	neurons (including AFD neurons)	167	PXD027068_NCB4510A6LC2_F1_NCB4510A6LC2-40-216233_assay	proteomic profiling by mass spectrometry	data-dependent acquisition	NT=label free sample;AC=MS:1002038	1	1	not available	NT=Trypsin;AC=MS:1001251	NT=Carbamidomethyl;AC=UNIMOD:4;TA=C;MT=Fixed	NT=Oxidation;AC=UNIMOD:21;TA=M;MT=Variable	NT=Acetyl;AC=UNIMOD:2;TA=Protein N-term;MT=Variable	NT=Deamidation;AC=UNIMOD:7;TA=NQ;MT=Variable	NT=Gln->pyro-Glu;AC=UNIMOD:28;TA=Q;MT=Variable	NT=Phospho;AC=UNIMOD:21;TA=STY;MT=Variable	NT=K-Biot;AC=null;TA=K;MT=Variable	NT=N-termBiot;AC=null;TA=Protein N-terminus;MT=Variable	not available	not available	not available	not available	not available	not available	2 h	22 °C	NCB4510A6LC2_F1_NCB4510A6LC2-40-216233.raw	NT=ms-proteomics;VV=v1.1.0	NT=crosslinking;VV=v1.0.0	NT=invertebrates;VV=v1.1.0
PXD027068_NCB4497A18LC2_B3_NCB4497A18LC2-40-215247	Caenorhabditis elegans	gut, muscle, skin, and nervous system	neurons (including AFD neurons)	168	PXD027068_NCB4497A18LC2_B3_NCB4497A18LC2-40-215247_assay	proteomic profiling by mass spectrometry	data-dependent acquisition	NT=label free sample;AC=MS:1002038	1	1	not available	NT=Trypsin;AC=MS:1001251	NT=Carbamidomethyl;AC=UNIMOD:4;TA=C;MT=Fixed	NT=Oxidation;AC=UNIMOD:21;TA=M;MT=Variable	NT=Acetyl;AC=UNIMOD:2;TA=Protein N-term;MT=Variable	NT=Deamidation;AC=UNIMOD:7;TA=NQ;MT=Variable	NT=Gln->pyro-Glu;AC=UNIMOD:28;TA=Q;MT=Variable	NT=Phospho;AC=UNIMOD:21;TA=STY;MT=Variable	NT=K-Biot;AC=null;TA=K;MT=Variable	NT=N-termBiot;AC=null;TA=Protein N-terminus;MT=Variable	not available	not available	not available	not available	not available	not available	2 h	22 °C	NCB4497A18LC2_B3_NCB4497A18LC2-40-215247.raw	NT=ms-proteomics;VV=v1.1.0	NT=crosslinking;VV=v1.0.0	NT=invertebrates;VV=v1.1.0
PXD027068_NCB4460A48LC3_H6_NCB4460A48LC3-40-210543	Caenorhabditis elegans	gut, muscle, skin, and nervous system	neurons (including AFD neurons)	169	PXD027068_NCB4460A48LC3_H6_NCB4460A48LC3-40-210543_assay	proteomic profiling by mass spectrometry	data-dependent acquisition	NT=label free sample;AC=MS:1002038	1	1	not available	NT=Trypsin;AC=MS:1001251	NT=Carbamidomethyl;AC=UNIMOD:4;TA=C;MT=Fixed	NT=Oxidation;AC=UNIMOD:21;TA=M;MT=Variable	NT=Acetyl;AC=UNIMOD:2;TA=Protein N-term;MT=Variable	NT=Deamidation;AC=UNIMOD:7;TA=NQ;MT=Variable	NT=Gln->pyro-Glu;AC=UNIMOD:28;TA=Q;MT=Variable	NT=Phospho;AC=UNIMOD:21;TA=STY;MT=Variable	NT=K-Biot;AC=null;TA=K;MT=Variable	NT=N-termBiot;AC=null;TA=Protein N-terminus;MT=Variable	not available	not available	not available	not available	not available	not available	2 h	22 °C	NCB4460A48LC3_H6_NCB4460A48LC3-40-210543.raw	NT=ms-proteomics;VV=v1.1.0	NT=crosslinking;VV=v1.0.0	NT=invertebrates;VV=v1.1.0
PXD027068_NCB4460A3LC3_C1_NCB4460A3LC3-40-210634	Caenorhabditis elegans	gut, muscle, skin, and nervous system	neurons (including AFD neurons)	170	PXD027068_NCB4460A3LC3_C1_NCB4460A3LC3-40-210634_assay	proteomic profiling by mass spectrometry	data-dependent acquisition	NT=label free sample;AC=MS:1002038	1	1	not available	NT=Trypsin;AC=MS:1001251	NT=Carbamidomethyl;AC=UNIMOD:4;TA=C;MT=Fixed	NT=Oxidation;AC=UNIMOD:21;TA=M;MT=Variable	NT=Acetyl;AC=UNIMOD:2;TA=Protein N-term;MT=Variable	NT=Deamidation;AC=UNIMOD:7;TA=NQ;MT=Variable	NT=Gln->pyro-Glu;AC=UNIMOD:28;TA=Q;MT=Variable	NT=Phospho;AC=UNIMOD:21;TA=STY;MT=Variable	NT=K-Biot;AC=null;TA=K;MT=Variable	NT=N-termBiot;AC=null;TA=Protein N-terminus;MT=Variable	not available	not available	not available	not available	not available	not available	2 h	22 °C	NCB4460A3LC3_C1_NCB4460A3LC3-40-210634.raw	NT=ms-proteomics;VV=v1.1.0	NT=crosslinking;VV=v1.0.0	NT=invertebrates;VV=v1.1.0
PXD027068_NCB4510A46LC2_F9_NCB4510A46LC2-40-216373	Caenorhabditis elegans	gut, muscle, skin, and nervous system	neurons (including AFD neurons)	2	PXD027068_NCB4510A46LC2_F9_NCB4510A46LC2-40-216373_assay	proteomic profiling by mass spectrometry	data-dependent acquisition	NT=label free sample;AC=MS:1002038	9	1	not available	NT=Trypsin;AC=MS:1001251	NT=Carbamidomethyl;AC=UNIMOD:4;TA=C;MT=Fixed	NT=Oxidation;AC=UNIMOD:21;TA=M;MT=Variable	NT=Acetyl;AC=UNIMOD:2;TA=Protein N-term;MT=Variable	NT=Deamidation;AC=UNIMOD:7;TA=NQ;MT=Variable	NT=Gln->pyro-Glu;AC=UNIMOD:28;TA=Q;MT=Variable	NT=Phospho;AC=UNIMOD:21;TA=STY;MT=Variable	NT=K-Biot;AC=null;TA=K;MT=Variable	NT=N-termBiot;AC=null;TA=Protein N-terminus;MT=Variable	not available	not available	not available	not available	not available	not available	2 h	22 °C	NCB4510A46LC2_F9_NCB4510A46LC2-40-216373.raw	NT=ms-proteomics;VV=v1.1.0	NT=crosslinking;VV=v1.0.0	NT=invertebrates;VV=v1.1.0
PXD027068_NCB4509A14LC2_F2_NCB4509A14LC3-40-215648	Caenorhabditis elegans	gut, muscle, skin, and nervous system	neurons (including AFD neurons)	4	PXD027068_NCB4509A14LC2_F2_NCB4509A14LC3-40-215648_assay	proteomic profiling by mass spectrometry	data-dependent acquisition	NT=label free sample;AC=MS:1002038	2	1	not available	NT=Trypsin;AC=MS:1001251	NT=Carbamidomethyl;AC=UNIMOD:4;TA=C;MT=Fixed	NT=Oxidation;AC=UNIMOD:21;TA=M;MT=Variable	NT=Acetyl;AC=UNIMOD:2;TA=Protein N-term;MT=Variable	NT=Deamidation;AC=UNIMOD:7;TA=NQ;MT=Variable	NT=Gln->pyro-Glu;AC=UNIMOD:28;TA=Q;MT=Variable	NT=Phospho;AC=UNIMOD:21;TA=STY;MT=Variable	NT=K-Biot;AC=null;TA=K;MT=Variable	NT=N-termBiot;AC=null;TA=Protein N-terminus;MT=Variable	not available	not available	not available	not available	not available	not available	2 h	22 °C	NCB4509A14LC2_F2_NCB4509A14LC3-40-215648.raw	NT=ms-proteomics;VV=v1.1.0	NT=crosslinking;VV=v1.0.0	NT=invertebrates;VV=v1.1.0
PXD027068_NCB4509A42LC2_B9_20190826144747_NCB4509A66LC3-40-215866	Caenorhabditis elegans	gut, muscle, skin, and nervous system	neurons (including AFD neurons)	171	PXD027068_NCB4509A42LC2_B9_20190826144747_NCB4509A66LC3-40-215866_assay	proteomic profiling by mass spectrometry	data-dependent acquisition	NT=label free sample;AC=MS:1002038	1	1	not available	NT=Trypsin;AC=MS:1001251	NT=Carbamidomethyl;AC=UNIMOD:4;TA=C;MT=Fixed	NT=Oxidation;AC=UNIMOD:21;TA=M;MT=Variable	NT=Acetyl;AC=UNIMOD:2;TA=Protein N-term;MT=Variable	NT=Deamidation;AC=UNIMOD:7;TA=NQ;MT=Variable	NT=Gln->pyro-Glu;AC=UNIMOD:28;TA=Q;MT=Variable	NT=Phospho;AC=UNIMOD:21;TA=STY;MT=Variable	NT=K-Biot;AC=null;TA=K;MT=Variable	NT=N-termBiot;AC=null;TA=Protein N-terminus;MT=Variable	not available	not available	not available	not available	not available	not available	2 h	22 °C	NCB4509A42LC2_B9_20190826144747_NCB4509A66LC3-40-215866.raw	NT=ms-proteomics;VV=v1.1.0	NT=crosslinking;VV=v1.0.0	NT=invertebrates;VV=v1.1.0
PXD027068_NCB4460A12LC3_D2_NCB4460A12LC3-40-210642	Caenorhabditis elegans	gut, muscle, skin, and nervous system	neurons (including AFD neurons)	172	PXD027068_NCB4460A12LC3_D2_NCB4460A12LC3-40-210642_assay	proteomic profiling by mass spectrometry	data-dependent acquisition	NT=label free sample;AC=MS:1002038	1	1	not available	NT=Trypsin;AC=MS:1001251	NT=Carbamidomethyl;AC=UNIMOD:4;TA=C;MT=Fixed	NT=Oxidation;AC=UNIMOD:21;TA=M;MT=Variable	NT=Acetyl;AC=UNIMOD:2;TA=Protein N-term;MT=Variable	NT=Deamidation;AC=UNIMOD:7;TA=NQ;MT=Variable	NT=Gln->pyro-Glu;AC=UNIMOD:28;TA=Q;MT=Variable	NT=Phospho;AC=UNIMOD:21;TA=STY;MT=Variable	NT=K-Biot;AC=null;TA=K;MT=Variable	NT=N-termBiot;AC=null;TA=Protein N-terminus;MT=Variable	not available	not available	not available	not available	not available	not available	2 h	22 °C	NCB4460A12LC3_D2_NCB4460A12LC3-40-210642.raw	NT=ms-proteomics;VV=v1.1.0	NT=crosslinking;VV=v1.0.0	NT=invertebrates;VV=v1.1.0
PXD027068_NCB4509A54LC2_F10_NCB4509A78LC3-40-215878	Caenorhabditis elegans	gut, muscle, skin, and nervous system	neurons (including AFD neurons)	3	PXD027068_NCB4509A54LC2_F10_NCB4509A78LC3-40-215878_assay	proteomic profiling by mass spectrometry	data-dependent acquisition	NT=label free sample;AC=MS:1002038	10	1	not available	NT=Trypsin;AC=MS:1001251	NT=Carbamidomethyl;AC=UNIMOD:4;TA=C;MT=Fixed	NT=Oxidation;AC=UNIMOD:21;TA=M;MT=Variable	NT=Acetyl;AC=UNIMOD:2;TA=Protein N-term;MT=Variable	NT=Deamidation;AC=UNIMOD:7;TA=NQ;MT=Variable	NT=Gln->pyro-Glu;AC=UNIMOD:28;TA=Q;MT=Variable	NT=Phospho;AC=UNIMOD:21;TA=STY;MT=Variable	NT=K-Biot;AC=null;TA=K;MT=Variable	NT=N-termBiot;AC=null;TA=Protein N-terminus;MT=Variable	not available	not available	not available	not available	not available	not available	2 h	22 °C	NCB4509A54LC2_F10_NCB4509A78LC3-40-215878.raw	NT=ms-proteomics;VV=v1.1.0	NT=crosslinking;VV=v1.0.0	NT=invertebrates;VV=v1.1.0
PXD027068_NCB4580A28LC2_H5	Caenorhabditis elegans	gut, muscle, skin, and nervous system	neurons (including AFD neurons)	173	PXD027068_NCB4580A28LC2_H5_assay	proteomic profiling by mass spectrometry	data-dependent acquisition	NT=label free sample;AC=MS:1002038	1	1	not available	NT=Trypsin;AC=MS:1001251	NT=Carbamidomethyl;AC=UNIMOD:4;TA=C;MT=Fixed	NT=Oxidation;AC=UNIMOD:21;TA=M;MT=Variable	NT=Acetyl;AC=UNIMOD:2;TA=Protein N-term;MT=Variable	NT=Deamidation;AC=UNIMOD:7;TA=NQ;MT=Variable	NT=Gln->pyro-Glu;AC=UNIMOD:28;TA=Q;MT=Variable	NT=Phospho;AC=UNIMOD:21;TA=STY;MT=Variable	NT=K-Biot;AC=null;TA=K;MT=Variable	NT=N-termBiot;AC=null;TA=Protein N-terminus;MT=Variable	not available	not available	not available	not available	not available	not available	2 h	22 °C	NCB4580A28LC2_H5.raw	NT=ms-proteomics;VV=v1.1.0	NT=crosslinking;VV=v1.0.0	NT=invertebrates;VV=v1.1.0
PXD027068_NCB4461A3LC3_C1_NCB4461A3LC3-40-209142	Caenorhabditis elegans	gut, muscle, skin, and nervous system	neurons (including AFD neurons)	174	PXD027068_NCB4461A3LC3_C1_NCB4461A3LC3-40-209142_assay	proteomic profiling by mass spectrometry	data-dependent acquisition	NT=label free sample;AC=MS:1002038	1	1	not available	NT=Trypsin;AC=MS:1001251	NT=Carbamidomethyl;AC=UNIMOD:4;TA=C;MT=Fixed	NT=Oxidation;AC=UNIMOD:21;TA=M;MT=Variable	NT=Acetyl;AC=UNIMOD:2;TA=Protein N-term;MT=Variable	NT=Deamidation;AC=UNIMOD:7;TA=NQ;MT=Variable	NT=Gln->pyro-Glu;AC=UNIMOD:28;TA=Q;MT=Variable	NT=Phospho;AC=UNIMOD:21;TA=STY;MT=Variable	NT=K-Biot;AC=null;TA=K;MT=Variable	NT=N-termBiot;AC=null;TA=Protein N-terminus;MT=Variable	not available	not available	not available	not available	not available	not available	2 h	22 °C	NCB4461A3LC3_C1_NCB4461A3LC3-40-209142.raw	NT=ms-proteomics;VV=v1.1.0	NT=crosslinking;VV=v1.0.0	NT=invertebrates;VV=v1.1.0
PXD027068_NCB4496A41LC3_A6_NCB4496A41LC3-40-214330	Caenorhabditis elegans	gut, muscle, skin, and nervous system	neurons (including AFD neurons)	175	PXD027068_NCB4496A41LC3_A6_NCB4496A41LC3-40-214330_assay	proteomic profiling by mass spectrometry	data-dependent acquisition	NT=label free sample;AC=MS:1002038	1	1	not available	NT=Trypsin;AC=MS:1001251	NT=Carbamidomethyl;AC=UNIMOD:4;TA=C;MT=Fixed	NT=Oxidation;AC=UNIMOD:21;TA=M;MT=Variable	NT=Acetyl;AC=UNIMOD:2;TA=Protein N-term;MT=Variable	NT=Deamidation;AC=UNIMOD:7;TA=NQ;MT=Variable	NT=Gln->pyro-Glu;AC=UNIMOD:28;TA=Q;MT=Variable	NT=Phospho;AC=UNIMOD:21;TA=STY;MT=Variable	NT=K-Biot;AC=null;TA=K;MT=Variable	NT=N-termBiot;AC=null;TA=Protein N-terminus;MT=Variable	not available	not available	not available	not available	not available	not available	2 h	22 °C	NCB4496A41LC3_A6_NCB4496A41LC3-40-214330.raw	NT=ms-proteomics;VV=v1.1.0	NT=crosslinking;VV=v1.0.0	NT=invertebrates;VV=v1.1.0
PXD027068_NCB4509A26LC2_F5_NCB4509A38LC3-40-215850	Caenorhabditis elegans	gut, muscle, skin, and nervous system	neurons (including AFD neurons)	4	PXD027068_NCB4509A26LC2_F5_NCB4509A38LC3-40-215850_assay	proteomic profiling by mass spectrometry	data-dependent acquisition	NT=label free sample;AC=MS:1002038	5	1	not available	NT=Trypsin;AC=MS:1001251	NT=Carbamidomethyl;AC=UNIMOD:4;TA=C;MT=Fixed	NT=Oxidation;AC=UNIMOD:21;TA=M;MT=Variable	NT=Acetyl;AC=UNIMOD:2;TA=Protein N-term;MT=Variable	NT=Deamidation;AC=UNIMOD:7;TA=NQ;MT=Variable	NT=Gln->pyro-Glu;AC=UNIMOD:28;TA=Q;MT=Variable	NT=Phospho;AC=UNIMOD:21;TA=STY;MT=Variable	NT=K-Biot;AC=null;TA=K;MT=Variable	NT=N-termBiot;AC=null;TA=Protein N-terminus;MT=Variable	not available	not available	not available	not available	not available	not available	2 h	22 °C	NCB4509A26LC2_F5_NCB4509A38LC3-40-215850.raw	NT=ms-proteomics;VV=v1.1.0	NT=crosslinking;VV=v1.0.0	NT=invertebrates;VV=v1.1.0
PXD027068_NCB4461A34LC3_B5_NCB4461A34LC3-40-210653	Caenorhabditis elegans	gut, muscle, skin, and nervous system	neurons (including AFD neurons)	176	PXD027068_NCB4461A34LC3_B5_NCB4461A34LC3-40-210653_assay	proteomic profiling by mass spectrometry	data-dependent acquisition	NT=label free sample;AC=MS:1002038	1	1	not available	NT=Trypsin;AC=MS:1001251	NT=Carbamidomethyl;AC=UNIMOD:4;TA=C;MT=Fixed	NT=Oxidation;AC=UNIMOD:21;TA=M;MT=Variable	NT=Acetyl;AC=UNIMOD:2;TA=Protein N-term;MT=Variable	NT=Deamidation;AC=UNIMOD:7;TA=NQ;MT=Variable	NT=Gln->pyro-Glu;AC=UNIMOD:28;TA=Q;MT=Variable	NT=Phospho;AC=UNIMOD:21;TA=STY;MT=Variable	NT=K-Biot;AC=null;TA=K;MT=Variable	NT=N-termBiot;AC=null;TA=Protein N-terminus;MT=Variable	not available	not available	not available	not available	not available	not available	2 h	22 °C	NCB4461A34LC3_B5_NCB4461A34LC3-40-210653.raw	NT=ms-proteomics;VV=v1.1.0	NT=crosslinking;VV=v1.0.0	NT=invertebrates;VV=v1.1.0
PXD027068_NCB4497A14LC2_F2_NCB4497A14LC2-40-215243	Caenorhabditis elegans	gut, muscle, skin, and nervous system	neurons (including AFD neurons)	5	PXD027068_NCB4497A14LC2_F2_NCB4497A14LC2-40-215243_assay	proteomic profiling by mass spectrometry	data-dependent acquisition	NT=label free sample;AC=MS:1002038	2	1	not available	NT=Trypsin;AC=MS:1001251	NT=Carbamidomethyl;AC=UNIMOD:4;TA=C;MT=Fixed	NT=Oxidation;AC=UNIMOD:21;TA=M;MT=Variable	NT=Acetyl;AC=UNIMOD:2;TA=Protein N-term;MT=Variable	NT=Deamidation;AC=UNIMOD:7;TA=NQ;MT=Variable	NT=Gln->pyro-Glu;AC=UNIMOD:28;TA=Q;MT=Variable	NT=Phospho;AC=UNIMOD:21;TA=STY;MT=Variable	NT=K-Biot;AC=null;TA=K;MT=Variable	NT=N-termBiot;AC=null;TA=Protein N-terminus;MT=Variable	not available	not available	not available	not available	not available	not available	2 h	22 °C	NCB4497A14LC2_F2_NCB4497A14LC2-40-215243.raw	NT=ms-proteomics;VV=v1.1.0	NT=crosslinking;VV=v1.0.0	NT=invertebrates;VV=v1.1.0
PXD027068_NCB4460A43LC3_C6_NCB4460A43LC3-40-210538	Caenorhabditis elegans	gut, muscle, skin, and nervous system	neurons (including AFD neurons)	177	PXD027068_NCB4460A43LC3_C6_NCB4460A43LC3-40-210538_assay	proteomic profiling by mass spectrometry	data-dependent acquisition	NT=label free sample;AC=MS:1002038	1	1	not available	NT=Trypsin;AC=MS:1001251	NT=Carbamidomethyl;AC=UNIMOD:4;TA=C;MT=Fixed	NT=Oxidation;AC=UNIMOD:21;TA=M;MT=Variable	NT=Acetyl;AC=UNIMOD:2;TA=Protein N-term;MT=Variable	NT=Deamidation;AC=UNIMOD:7;TA=NQ;MT=Variable	NT=Gln->pyro-Glu;AC=UNIMOD:28;TA=Q;MT=Variable	NT=Phospho;AC=UNIMOD:21;TA=STY;MT=Variable	NT=K-Biot;AC=null;TA=K;MT=Variable	NT=N-termBiot;AC=null;TA=Protein N-terminus;MT=Variable	not available	not available	not available	not available	not available	not available	2 h	22 °C	NCB4460A43LC3_C6_NCB4460A43LC3-40-210538.raw	NT=ms-proteomics;VV=v1.1.0	NT=crosslinking;VV=v1.0.0	NT=invertebrates;VV=v1.1.0
PXD027068_NCB4460A18LC3_B3_NCB4460A18LC3-40-210648	Caenorhabditis elegans	gut, muscle, skin, and nervous system	neurons (including AFD neurons)	178	PXD027068_NCB4460A18LC3_B3_NCB4460A18LC3-40-210648_assay	proteomic profiling by mass spectrometry	data-dependent acquisition	NT=label free sample;AC=MS:1002038	1	1	not available	NT=Trypsin;AC=MS:1001251	NT=Carbamidomethyl;AC=UNIMOD:4;TA=C;MT=Fixed	NT=Oxidation;AC=UNIMOD:21;TA=M;MT=Variable	NT=Acetyl;AC=UNIMOD:2;TA=Protein N-term;MT=Variable	NT=Deamidation;AC=UNIMOD:7;TA=NQ;MT=Variable	NT=Gln->pyro-Glu;AC=UNIMOD:28;TA=Q;MT=Variable	NT=Phospho;AC=UNIMOD:21;TA=STY;MT=Variable	NT=K-Biot;AC=null;TA=K;MT=Variable	NT=N-termBiot;AC=null;TA=Protein N-terminus;MT=Variable	not available	not available	not available	not available	not available	not available	2 h	22 °C	NCB4460A18LC3_B3_NCB4460A18LC3-40-210648.raw	NT=ms-proteomics;VV=v1.1.0	NT=crosslinking;VV=v1.0.0	NT=invertebrates;VV=v1.1.0
PXD027068_NCB4496A50LC3_B7_NCB4496A50LC3-40-214339	Caenorhabditis elegans	gut, muscle, skin, and nervous system	neurons (including AFD neurons)	179	PXD027068_NCB4496A50LC3_B7_NCB4496A50LC3-40-214339_assay	proteomic profiling by mass spectrometry	data-dependent acquisition	NT=label free sample;AC=MS:1002038	1	1	not available	NT=Trypsin;AC=MS:1001251	NT=Carbamidomethyl;AC=UNIMOD:4;TA=C;MT=Fixed	NT=Oxidation;AC=UNIMOD:21;TA=M;MT=Variable	NT=Acetyl;AC=UNIMOD:2;TA=Protein N-term;MT=Variable	NT=Deamidation;AC=UNIMOD:7;TA=NQ;MT=Variable	NT=Gln->pyro-Glu;AC=UNIMOD:28;TA=Q;MT=Variable	NT=Phospho;AC=UNIMOD:21;TA=STY;MT=Variable	NT=K-Biot;AC=null;TA=K;MT=Variable	NT=N-termBiot;AC=null;TA=Protein N-terminus;MT=Variable	not available	not available	not available	not available	not available	not available	2 h	22 °C	NCB4496A50LC3_B7_NCB4496A50LC3-40-214339.raw	NT=ms-proteomics;VV=v1.1.0	NT=crosslinking;VV=v1.0.0	NT=invertebrates;VV=v1.1.0
PXD027068_NCB4461A39LC3_G5_NCB4461A39LC3-40-210658	Caenorhabditis elegans	gut, muscle, skin, and nervous system	neurons (including AFD neurons)	180	PXD027068_NCB4461A39LC3_G5_NCB4461A39LC3-40-210658_assay	proteomic profiling by mass spectrometry	data-dependent acquisition	NT=label free sample;AC=MS:1002038	1	1	not available	NT=Trypsin;AC=MS:1001251	NT=Carbamidomethyl;AC=UNIMOD:4;TA=C;MT=Fixed	NT=Oxidation;AC=UNIMOD:21;TA=M;MT=Variable	NT=Acetyl;AC=UNIMOD:2;TA=Protein N-term;MT=Variable	NT=Deamidation;AC=UNIMOD:7;TA=NQ;MT=Variable	NT=Gln->pyro-Glu;AC=UNIMOD:28;TA=Q;MT=Variable	NT=Phospho;AC=UNIMOD:21;TA=STY;MT=Variable	NT=K-Biot;AC=null;TA=K;MT=Variable	NT=N-termBiot;AC=null;TA=Protein N-terminus;MT=Variable	not available	not available	not available	not available	not available	not available	2 h	22 °C	NCB4461A39LC3_G5_NCB4461A39LC3-40-210658.raw	NT=ms-proteomics;VV=v1.1.0	NT=crosslinking;VV=v1.0.0	NT=invertebrates;VV=v1.1.0
PXD027068_NCB4510A14LC2_F2_NCB4510A14LC2-40-216241	Caenorhabditis elegans	gut, muscle, skin, and nervous system	neurons (including AFD neurons)	6	PXD027068_NCB4510A14LC2_F2_NCB4510A14LC2-40-216241_assay	proteomic profiling by mass spectrometry	data-dependent acquisition	NT=label free sample;AC=MS:1002038	2	1	not available	NT=Trypsin;AC=MS:1001251	NT=Carbamidomethyl;AC=UNIMOD:4;TA=C;MT=Fixed	NT=Oxidation;AC=UNIMOD:21;TA=M;MT=Variable	NT=Acetyl;AC=UNIMOD:2;TA=Protein N-term;MT=Variable	NT=Deamidation;AC=UNIMOD:7;TA=NQ;MT=Variable	NT=Gln->pyro-Glu;AC=UNIMOD:28;TA=Q;MT=Variable	NT=Phospho;AC=UNIMOD:21;TA=STY;MT=Variable	NT=K-Biot;AC=null;TA=K;MT=Variable	NT=N-termBiot;AC=null;TA=Protein N-terminus;MT=Variable	not available	not available	not available	not available	not available	not available	2 h	22 °C	NCB4510A14LC2_F2_NCB4510A14LC2-40-216241.raw	NT=ms-proteomics;VV=v1.1.0	NT=crosslinking;VV=v1.0.0	NT=invertebrates;VV=v1.1.0
PXD027068_NCB4509A7LC2_G1_NCB4509A7LC3-40-215641	Caenorhabditis elegans	gut, muscle, skin, and nervous system	neurons (including AFD neurons)	181	PXD027068_NCB4509A7LC2_G1_NCB4509A7LC3-40-215641_assay	proteomic profiling by mass spectrometry	data-dependent acquisition	NT=label free sample;AC=MS:1002038	1	1	not available	NT=Trypsin;AC=MS:1001251	NT=Carbamidomethyl;AC=UNIMOD:4;TA=C;MT=Fixed	NT=Oxidation;AC=UNIMOD:21;TA=M;MT=Variable	NT=Acetyl;AC=UNIMOD:2;TA=Protein N-term;MT=Variable	NT=Deamidation;AC=UNIMOD:7;TA=NQ;MT=Variable	NT=Gln->pyro-Glu;AC=UNIMOD:28;TA=Q;MT=Variable	NT=Phospho;AC=UNIMOD:21;TA=STY;MT=Variable	NT=K-Biot;AC=null;TA=K;MT=Variable	NT=N-termBiot;AC=null;TA=Protein N-terminus;MT=Variable	not available	not available	not available	not available	not available	not available	2 h	22 °C	NCB4509A7LC2_G1_NCB4509A7LC3-40-215641.raw	NT=ms-proteomics;VV=v1.1.0	NT=crosslinking;VV=v1.0.0	NT=invertebrates;VV=v1.1.0
PXD027068_NCB4497A21LC2_A5_NCB4497A21LC2-40-215351	Caenorhabditis elegans	gut, muscle, skin, and nervous system	neurons (including AFD neurons)	182	PXD027068_NCB4497A21LC2_A5_NCB4497A21LC2-40-215351_assay	proteomic profiling by mass spectrometry	data-dependent acquisition	NT=label free sample;AC=MS:1002038	1	1	not available	NT=Trypsin;AC=MS:1001251	NT=Carbamidomethyl;AC=UNIMOD:4;TA=C;MT=Fixed	NT=Oxidation;AC=UNIMOD:21;TA=M;MT=Variable	NT=Acetyl;AC=UNIMOD:2;TA=Protein N-term;MT=Variable	NT=Deamidation;AC=UNIMOD:7;TA=NQ;MT=Variable	NT=Gln->pyro-Glu;AC=UNIMOD:28;TA=Q;MT=Variable	NT=Phospho;AC=UNIMOD:21;TA=STY;MT=Variable	NT=K-Biot;AC=null;TA=K;MT=Variable	NT=N-termBiot;AC=null;TA=Protein N-terminus;MT=Variable	not available	not available	not available	not available	not available	not available	2 h	22 °C	NCB4497A21LC2_A5_NCB4497A21LC2-40-215351.raw	NT=ms-proteomics;VV=v1.1.0	NT=crosslinking;VV=v1.0.0	NT=invertebrates;VV=v1.1.0
PXD027068_NCB4459A101LC3_A3_NCB4459A101LC3-40-208548	Caenorhabditis elegans	gut, muscle, skin, and nervous system	neurons (including AFD neurons)	183	PXD027068_NCB4459A101LC3_A3_NCB4459A101LC3-40-208548_assay	proteomic profiling by mass spectrometry	data-dependent acquisition	NT=label free sample;AC=MS:1002038	1	1	not available	NT=Trypsin;AC=MS:1001251	NT=Carbamidomethyl;AC=UNIMOD:4;TA=C;MT=Fixed	NT=Oxidation;AC=UNIMOD:21;TA=M;MT=Variable	NT=Acetyl;AC=UNIMOD:2;TA=Protein N-term;MT=Variable	NT=Deamidation;AC=UNIMOD:7;TA=NQ;MT=Variable	NT=Gln->pyro-Glu;AC=UNIMOD:28;TA=Q;MT=Variable	NT=Phospho;AC=UNIMOD:21;TA=STY;MT=Variable	NT=K-Biot;AC=null;TA=K;MT=Variable	NT=N-termBiot;AC=null;TA=Protein N-terminus;MT=Variable	not available	not available	not available	not available	not available	not available	2 h	22 °C	NCB4459A101LC3_A3_NCB4459A101LC3-40-208548.raw	NT=ms-proteomics;VV=v1.1.0	NT=crosslinking;VV=v1.0.0	NT=invertebrates;VV=v1.1.0
PXD027068_NCB4496A49LC3_A7_NCB4496A49LC3-40-214338	Caenorhabditis elegans	gut, muscle, skin, and nervous system	neurons (including AFD neurons)	184	PXD027068_NCB4496A49LC3_A7_NCB4496A49LC3-40-214338_assay	proteomic profiling by mass spectrometry	data-dependent acquisition	NT=label free sample;AC=MS:1002038	1	1	not available	NT=Trypsin;AC=MS:1001251	NT=Carbamidomethyl;AC=UNIMOD:4;TA=C;MT=Fixed	NT=Oxidation;AC=UNIMOD:21;TA=M;MT=Variable	NT=Acetyl;AC=UNIMOD:2;TA=Protein N-term;MT=Variable	NT=Deamidation;AC=UNIMOD:7;TA=NQ;MT=Variable	NT=Gln->pyro-Glu;AC=UNIMOD:28;TA=Q;MT=Variable	NT=Phospho;AC=UNIMOD:21;TA=STY;MT=Variable	NT=K-Biot;AC=null;TA=K;MT=Variable	NT=N-termBiot;AC=null;TA=Protein N-terminus;MT=Variable	not available	not available	not available	not available	not available	not available	2 h	22 °C	NCB4496A49LC3_A7_NCB4496A49LC3-40-214338.raw	NT=ms-proteomics;VV=v1.1.0	NT=crosslinking;VV=v1.0.0	NT=invertebrates;VV=v1.1.0
PXD027068_NCB4461A44LC3_D6_NCB4461A44LC3-40-210663	Caenorhabditis elegans	gut, muscle, skin, and nervous system	neurons (including AFD neurons)	185	PXD027068_NCB4461A44LC3_D6_NCB4461A44LC3-40-210663_assay	proteomic profiling by mass spectrometry	data-dependent acquisition	NT=label free sample;AC=MS:1002038	1	1	not available	NT=Trypsin;AC=MS:1001251	NT=Carbamidomethyl;AC=UNIMOD:4;TA=C;MT=Fixed	NT=Oxidation;AC=UNIMOD:21;TA=M;MT=Variable	NT=Acetyl;AC=UNIMOD:2;TA=Protein N-term;MT=Variable	NT=Deamidation;AC=UNIMOD:7;TA=NQ;MT=Variable	NT=Gln->pyro-Glu;AC=UNIMOD:28;TA=Q;MT=Variable	NT=Phospho;AC=UNIMOD:21;TA=STY;MT=Variable	NT=K-Biot;AC=null;TA=K;MT=Variable	NT=N-termBiot;AC=null;TA=Protein N-terminus;MT=Variable	not available	not available	not available	not available	not available	not available	2 h	22 °C	NCB4461A44LC3_D6_NCB4461A44LC3-40-210663.raw	NT=ms-proteomics;VV=v1.1.0	NT=crosslinking;VV=v1.0.0	NT=invertebrates;VV=v1.1.0
PXD027068_NCB4461A20LC3_D3_NCB4461A20LC3-40-209140	Caenorhabditis elegans	gut, muscle, skin, and nervous system	neurons (including AFD neurons)	186	PXD027068_NCB4461A20LC3_D3_NCB4461A20LC3-40-209140_assay	proteomic profiling by mass spectrometry	data-dependent acquisition	NT=label free sample;AC=MS:1002038	1	1	not available	NT=Trypsin;AC=MS:1001251	NT=Carbamidomethyl;AC=UNIMOD:4;TA=C;MT=Fixed	NT=Oxidation;AC=UNIMOD:21;TA=M;MT=Variable	NT=Acetyl;AC=UNIMOD:2;TA=Protein N-term;MT=Variable	NT=Deamidation;AC=UNIMOD:7;TA=NQ;MT=Variable	NT=Gln->pyro-Glu;AC=UNIMOD:28;TA=Q;MT=Variable	NT=Phospho;AC=UNIMOD:21;TA=STY;MT=Variable	NT=K-Biot;AC=null;TA=K;MT=Variable	NT=N-termBiot;AC=null;TA=Protein N-terminus;MT=Variable	not available	not available	not available	not available	not available	not available	2 h	22 °C	NCB4461A20LC3_D3_NCB4461A20LC3-40-209140.raw	NT=ms-proteomics;VV=v1.1.0	NT=crosslinking;VV=v1.0.0	NT=invertebrates;VV=v1.1.0
PXD027068_NCB4580A38LC2_B7r	Caenorhabditis elegans	gut, muscle, skin, and nervous system	neurons (including AFD neurons)	187	PXD027068_NCB4580A38LC2_B7r_assay	proteomic profiling by mass spectrometry	data-dependent acquisition	NT=label free sample;AC=MS:1002038	1	1	not available	NT=Trypsin;AC=MS:1001251	NT=Carbamidomethyl;AC=UNIMOD:4;TA=C;MT=Fixed	NT=Oxidation;AC=UNIMOD:21;TA=M;MT=Variable	NT=Acetyl;AC=UNIMOD:2;TA=Protein N-term;MT=Variable	NT=Deamidation;AC=UNIMOD:7;TA=NQ;MT=Variable	NT=Gln->pyro-Glu;AC=UNIMOD:28;TA=Q;MT=Variable	NT=Phospho;AC=UNIMOD:21;TA=STY;MT=Variable	NT=K-Biot;AC=null;TA=K;MT=Variable	NT=N-termBiot;AC=null;TA=Protein N-terminus;MT=Variable	not available	not available	not available	not available	not available	not available	2 h	22 °C	NCB4580A38LC2_B7r.raw	NT=ms-proteomics;VV=v1.1.0	NT=crosslinking;VV=v1.0.0	NT=invertebrates;VV=v1.1.0
PXD027068_NCB4497A43LC2_C9_NCB4497A43LC2-40-215375	Caenorhabditis elegans	gut, muscle, skin, and nervous system	neurons (including AFD neurons)	188	PXD027068_NCB4497A43LC2_C9_NCB4497A43LC2-40-215375_assay	proteomic profiling by mass spectrometry	data-dependent acquisition	NT=label free sample;AC=MS:1002038	1	1	not available	NT=Trypsin;AC=MS:1001251	NT=Carbamidomethyl;AC=UNIMOD:4;TA=C;MT=Fixed	NT=Oxidation;AC=UNIMOD:21;TA=M;MT=Variable	NT=Acetyl;AC=UNIMOD:2;TA=Protein N-term;MT=Variable	NT=Deamidation;AC=UNIMOD:7;TA=NQ;MT=Variable	NT=Gln->pyro-Glu;AC=UNIMOD:28;TA=Q;MT=Variable	NT=Phospho;AC=UNIMOD:21;TA=STY;MT=Variable	NT=K-Biot;AC=null;TA=K;MT=Variable	NT=N-termBiot;AC=null;TA=Protein N-terminus;MT=Variable	not available	not available	not available	not available	not available	not available	2 h	22 °C	NCB4497A43LC2_C9_NCB4497A43LC2-40-215375.raw	NT=ms-proteomics;VV=v1.1.0	NT=crosslinking;VV=v1.0.0	NT=invertebrates;VV=v1.1.0
PXD027068_NCB4496A15LC3_G2_NCB4496A15LC3-40-211906	Caenorhabditis elegans	gut, muscle, skin, and nervous system	neurons (including AFD neurons)	189	PXD027068_NCB4496A15LC3_G2_NCB4496A15LC3-40-211906_assay	proteomic profiling by mass spectrometry	data-dependent acquisition	NT=label free sample;AC=MS:1002038	1	1	not available	NT=Trypsin;AC=MS:1001251	NT=Carbamidomethyl;AC=UNIMOD:4;TA=C;MT=Fixed	NT=Oxidation;AC=UNIMOD:21;TA=M;MT=Variable	NT=Acetyl;AC=UNIMOD:2;TA=Protein N-term;MT=Variable	NT=Deamidation;AC=UNIMOD:7;TA=NQ;MT=Variable	NT=Gln->pyro-Glu;AC=UNIMOD:28;TA=Q;MT=Variable	NT=Phospho;AC=UNIMOD:21;TA=STY;MT=Variable	NT=K-Biot;AC=null;TA=K;MT=Variable	NT=N-termBiot;AC=null;TA=Protein N-terminus;MT=Variable	not available	not available	not available	not available	not available	not available	2 h	22 °C	NCB4496A15LC3_G2_NCB4496A15LC3-40-211906.raw	NT=ms-proteomics;VV=v1.1.0	NT=crosslinking;VV=v1.0.0	NT=invertebrates;VV=v1.1.0
PXD027068_NCB4580A19LC2_C3	Caenorhabditis elegans	gut, muscle, skin, and nervous system	neurons (including AFD neurons)	190	PXD027068_NCB4580A19LC2_C3_assay	proteomic profiling by mass spectrometry	data-dependent acquisition	NT=label free sample;AC=MS:1002038	1	1	not available	NT=Trypsin;AC=MS:1001251	NT=Carbamidomethyl;AC=UNIMOD:4;TA=C;MT=Fixed	NT=Oxidation;AC=UNIMOD:21;TA=M;MT=Variable	NT=Acetyl;AC=UNIMOD:2;TA=Protein N-term;MT=Variable	NT=Deamidation;AC=UNIMOD:7;TA=NQ;MT=Variable	NT=Gln->pyro-Glu;AC=UNIMOD:28;TA=Q;MT=Variable	NT=Phospho;AC=UNIMOD:21;TA=STY;MT=Variable	NT=K-Biot;AC=null;TA=K;MT=Variable	NT=N-termBiot;AC=null;TA=Protein N-terminus;MT=Variable	not available	not available	not available	not available	not available	not available	2 h	22 °C	NCB4580A19LC2_C3.raw	NT=ms-proteomics;VV=v1.1.0	NT=crosslinking;VV=v1.0.0	NT=invertebrates;VV=v1.1.0
PXD027068_NCB4461A50LC3_B7_NCB4461A50LC3-40-210669	Caenorhabditis elegans	gut, muscle, skin, and nervous system	neurons (including AFD neurons)	191	PXD027068_NCB4461A50LC3_B7_NCB4461A50LC3-40-210669_assay	proteomic profiling by mass spectrometry	data-dependent acquisition	NT=label free sample;AC=MS:1002038	1	1	not available	NT=Trypsin;AC=MS:1001251	NT=Carbamidomethyl;AC=UNIMOD:4;TA=C;MT=Fixed	NT=Oxidation;AC=UNIMOD:21;TA=M;MT=Variable	NT=Acetyl;AC=UNIMOD:2;TA=Protein N-term;MT=Variable	NT=Deamidation;AC=UNIMOD:7;TA=NQ;MT=Variable	NT=Gln->pyro-Glu;AC=UNIMOD:28;TA=Q;MT=Variable	NT=Phospho;AC=UNIMOD:21;TA=STY;MT=Variable	NT=K-Biot;AC=null;TA=K;MT=Variable	NT=N-termBiot;AC=null;TA=Protein N-terminus;MT=Variable	not available	not available	not available	not available	not available	not available	2 h	22 °C	NCB4461A50LC3_B7_NCB4461A50LC3-40-210669.raw	NT=ms-proteomics;VV=v1.1.0	NT=crosslinking;VV=v1.0.0	NT=invertebrates;VV=v1.1.0
PXD027068_NCB4497A28LC2_H5_NCB4497A28LC2-40-215358	Caenorhabditis elegans	gut, muscle, skin, and nervous system	neurons (including AFD neurons)	192	PXD027068_NCB4497A28LC2_H5_NCB4497A28LC2-40-215358_assay	proteomic profiling by mass spectrometry	data-dependent acquisition	NT=label free sample;AC=MS:1002038	1	1	not available	NT=Trypsin;AC=MS:1001251	NT=Carbamidomethyl;AC=UNIMOD:4;TA=C;MT=Fixed	NT=Oxidation;AC=UNIMOD:21;TA=M;MT=Variable	NT=Acetyl;AC=UNIMOD:2;TA=Protein N-term;MT=Variable	NT=Deamidation;AC=UNIMOD:7;TA=NQ;MT=Variable	NT=Gln->pyro-Glu;AC=UNIMOD:28;TA=Q;MT=Variable	NT=Phospho;AC=UNIMOD:21;TA=STY;MT=Variable	NT=K-Biot;AC=null;TA=K;MT=Variable	NT=N-termBiot;AC=null;TA=Protein N-terminus;MT=Variable	not available	not available	not available	not available	not available	not available	2 h	22 °C	NCB4497A28LC2_H5_NCB4497A28LC2-40-215358.raw	NT=ms-proteomics;VV=v1.1.0	NT=crosslinking;VV=v1.0.0	NT=invertebrates;VV=v1.1.0
PXD027068_NCB4496A5LC3_E1_NCB4496A5LC3-40-211916	Caenorhabditis elegans	gut, muscle, skin, and nervous system	neurons (including AFD neurons)	193	PXD027068_NCB4496A5LC3_E1_NCB4496A5LC3-40-211916_assay	proteomic profiling by mass spectrometry	data-dependent acquisition	NT=label free sample;AC=MS:1002038	1	1	not available	NT=Trypsin;AC=MS:1001251	NT=Carbamidomethyl;AC=UNIMOD:4;TA=C;MT=Fixed	NT=Oxidation;AC=UNIMOD:21;TA=M;MT=Variable	NT=Acetyl;AC=UNIMOD:2;TA=Protein N-term;MT=Variable	NT=Deamidation;AC=UNIMOD:7;TA=NQ;MT=Variable	NT=Gln->pyro-Glu;AC=UNIMOD:28;TA=Q;MT=Variable	NT=Phospho;AC=UNIMOD:21;TA=STY;MT=Variable	NT=K-Biot;AC=null;TA=K;MT=Variable	NT=N-termBiot;AC=null;TA=Protein N-terminus;MT=Variable	not available	not available	not available	not available	not available	not available	2 h	22 °C	NCB4496A5LC3_E1_NCB4496A5LC3-40-211916.raw	NT=ms-proteomics;VV=v1.1.0	NT=crosslinking;VV=v1.0.0	NT=invertebrates;VV=v1.1.0
PXD027068_NCB4459A163LC3_G10_NCB4459A163LC3-40-209122	Caenorhabditis elegans	gut, muscle, skin, and nervous system	neurons (including AFD neurons)	194	PXD027068_NCB4459A163LC3_G10_NCB4459A163LC3-40-209122_assay	proteomic profiling by mass spectrometry	data-dependent acquisition	NT=label free sample;AC=MS:1002038	1	1	not available	NT=Trypsin;AC=MS:1001251	NT=Carbamidomethyl;AC=UNIMOD:4;TA=C;MT=Fixed	NT=Oxidation;AC=UNIMOD:21;TA=M;MT=Variable	NT=Acetyl;AC=UNIMOD:2;TA=Protein N-term;MT=Variable	NT=Deamidation;AC=UNIMOD:7;TA=NQ;MT=Variable	NT=Gln->pyro-Glu;AC=UNIMOD:28;TA=Q;MT=Variable	NT=Phospho;AC=UNIMOD:21;TA=STY;MT=Variable	NT=K-Biot;AC=null;TA=K;MT=Variable	NT=N-termBiot;AC=null;TA=Protein N-terminus;MT=Variable	not available	not available	not available	not available	not available	not available	2 h	22 °C	NCB4459A163LC3_G10_NCB4459A163LC3-40-209122.raw	NT=ms-proteomics;VV=v1.1.0	NT=crosslinking;VV=v1.0.0	NT=invertebrates;VV=v1.1.0
PXD027068_NCB4497A55LC2_G10_NCB4497A55LC2-40-215388	Caenorhabditis elegans	gut, muscle, skin, and nervous system	neurons (including AFD neurons)	195	PXD027068_NCB4497A55LC2_G10_NCB4497A55LC2-40-215388_assay	proteomic profiling by mass spectrometry	data-dependent acquisition	NT=label free sample;AC=MS:1002038	1	1	not available	NT=Trypsin;AC=MS:1001251	NT=Carbamidomethyl;AC=UNIMOD:4;TA=C;MT=Fixed	NT=Oxidation;AC=UNIMOD:21;TA=M;MT=Variable	NT=Acetyl;AC=UNIMOD:2;TA=Protein N-term;MT=Variable	NT=Deamidation;AC=UNIMOD:7;TA=NQ;MT=Variable	NT=Gln->pyro-Glu;AC=UNIMOD:28;TA=Q;MT=Variable	NT=Phospho;AC=UNIMOD:21;TA=STY;MT=Variable	NT=K-Biot;AC=null;TA=K;MT=Variable	NT=N-termBiot;AC=null;TA=Protein N-terminus;MT=Variable	not available	not available	not available	not available	not available	not available	2 h	22 °C	NCB4497A55LC2_G10_NCB4497A55LC2-40-215388.raw	NT=ms-proteomics;VV=v1.1.0	NT=crosslinking;VV=v1.0.0	NT=invertebrates;VV=v1.1.0
PXD027068_NCB4510A2LC2_B1_NCB4510A2LC2-40-216229	Caenorhabditis elegans	gut, muscle, skin, and nervous system	neurons (including AFD neurons)	196	PXD027068_NCB4510A2LC2_B1_NCB4510A2LC2-40-216229_assay	proteomic profiling by mass spectrometry	data-dependent acquisition	NT=label free sample;AC=MS:1002038	1	1	not available	NT=Trypsin;AC=MS:1001251	NT=Carbamidomethyl;AC=UNIMOD:4;TA=C;MT=Fixed	NT=Oxidation;AC=UNIMOD:21;TA=M;MT=Variable	NT=Acetyl;AC=UNIMOD:2;TA=Protein N-term;MT=Variable	NT=Deamidation;AC=UNIMOD:7;TA=NQ;MT=Variable	NT=Gln->pyro-Glu;AC=UNIMOD:28;TA=Q;MT=Variable	NT=Phospho;AC=UNIMOD:21;TA=STY;MT=Variable	NT=K-Biot;AC=null;TA=K;MT=Variable	NT=N-termBiot;AC=null;TA=Protein N-terminus;MT=Variable	not available	not available	not available	not available	not available	not available	2 h	22 °C	NCB4510A2LC2_B1_NCB4510A2LC2-40-216229.raw	NT=ms-proteomics;VV=v1.1.0	NT=crosslinking;VV=v1.0.0	NT=invertebrates;VV=v1.1.0
PXD027068_NCB4510A33LC2_E6_NCB4510A33LC2-40-216360	Caenorhabditis elegans	gut, muscle, skin, and nervous system	neurons (including AFD neurons)	197	PXD027068_NCB4510A33LC2_E6_NCB4510A33LC2-40-216360_assay	proteomic profiling by mass spectrometry	data-dependent acquisition	NT=label free sample;AC=MS:1002038	1	1	not available	NT=Trypsin;AC=MS:1001251	NT=Carbamidomethyl;AC=UNIMOD:4;TA=C;MT=Fixed	NT=Oxidation;AC=UNIMOD:21;TA=M;MT=Variable	NT=Acetyl;AC=UNIMOD:2;TA=Protein N-term;MT=Variable	NT=Deamidation;AC=UNIMOD:7;TA=NQ;MT=Variable	NT=Gln->pyro-Glu;AC=UNIMOD:28;TA=Q;MT=Variable	NT=Phospho;AC=UNIMOD:21;TA=STY;MT=Variable	NT=K-Biot;AC=null;TA=K;MT=Variable	NT=N-termBiot;AC=null;TA=Protein N-terminus;MT=Variable	not available	not available	not available	not available	not available	not available	2 h	22 °C	NCB4510A33LC2_E6_NCB4510A33LC2-40-216360.raw	NT=ms-proteomics;VV=v1.1.0	NT=crosslinking;VV=v1.0.0	NT=invertebrates;VV=v1.1.0
PXD027068_NCB4510A8LC2_H1_NCB4510A8LC2-40-216235	Caenorhabditis elegans	gut, muscle, skin, and nervous system	neurons (including AFD neurons)	198	PXD027068_NCB4510A8LC2_H1_NCB4510A8LC2-40-216235_assay	proteomic profiling by mass spectrometry	data-dependent acquisition	NT=label free sample;AC=MS:1002038	1	1	not available	NT=Trypsin;AC=MS:1001251	NT=Carbamidomethyl;AC=UNIMOD:4;TA=C;MT=Fixed	NT=Oxidation;AC=UNIMOD:21;TA=M;MT=Variable	NT=Acetyl;AC=UNIMOD:2;TA=Protein N-term;MT=Variable	NT=Deamidation;AC=UNIMOD:7;TA=NQ;MT=Variable	NT=Gln->pyro-Glu;AC=UNIMOD:28;TA=Q;MT=Variable	NT=Phospho;AC=UNIMOD:21;TA=STY;MT=Variable	NT=K-Biot;AC=null;TA=K;MT=Variable	NT=N-termBiot;AC=null;TA=Protein N-terminus;MT=Variable	not available	not available	not available	not available	not available	not available	2 h	22 °C	NCB4510A8LC2_H1_NCB4510A8LC2-40-216235.raw	NT=ms-proteomics;VV=v1.1.0	NT=crosslinking;VV=v1.0.0	NT=invertebrates;VV=v1.1.0
PXD027068_NCB4509A24LC2_D5_NCB4509A36LC3-40-215848	Caenorhabditis elegans	gut, muscle, skin, and nervous system	neurons (including AFD neurons)	199	PXD027068_NCB4509A24LC2_D5_NCB4509A36LC3-40-215848_assay	proteomic profiling by mass spectrometry	data-dependent acquisition	NT=label free sample;AC=MS:1002038	1	1	not available	NT=Trypsin;AC=MS:1001251	NT=Carbamidomethyl;AC=UNIMOD:4;TA=C;MT=Fixed	NT=Oxidation;AC=UNIMOD:21;TA=M;MT=Variable	NT=Acetyl;AC=UNIMOD:2;TA=Protein N-term;MT=Variable	NT=Deamidation;AC=UNIMOD:7;TA=NQ;MT=Variable	NT=Gln->pyro-Glu;AC=UNIMOD:28;TA=Q;MT=Variable	NT=Phospho;AC=UNIMOD:21;TA=STY;MT=Variable	NT=K-Biot;AC=null;TA=K;MT=Variable	NT=N-termBiot;AC=null;TA=Protein N-terminus;MT=Variable	not available	not available	not available	not available	not available	not available	2 h	22 °C	NCB4509A24LC2_D5_NCB4509A36LC3-40-215848.raw	NT=ms-proteomics;VV=v1.1.0	NT=crosslinking;VV=v1.0.0	NT=invertebrates;VV=v1.1.0
PXD027068_NCB4510A26LC2_F5_NCB4510A26LC2-40-216353	Caenorhabditis elegans	gut, muscle, skin, and nervous system	neurons (including AFD neurons)	5	PXD027068_NCB4510A26LC2_F5_NCB4510A26LC2-40-216353_assay	proteomic profiling by mass spectrometry	data-dependent acquisition	NT=label free sample;AC=MS:1002038	5	1	not available	NT=Trypsin;AC=MS:1001251	NT=Carbamidomethyl;AC=UNIMOD:4;TA=C;MT=Fixed	NT=Oxidation;AC=UNIMOD:21;TA=M;MT=Variable	NT=Acetyl;AC=UNIMOD:2;TA=Protein N-term;MT=Variable	NT=Deamidation;AC=UNIMOD:7;TA=NQ;MT=Variable	NT=Gln->pyro-Glu;AC=UNIMOD:28;TA=Q;MT=Variable	NT=Phospho;AC=UNIMOD:21;TA=STY;MT=Variable	NT=K-Biot;AC=null;TA=K;MT=Variable	NT=N-termBiot;AC=null;TA=Protein N-terminus;MT=Variable	not available	not available	not available	not available	not available	not available	2 h	22 °C	NCB4510A26LC2_F5_NCB4510A26LC2-40-216353.raw	NT=ms-proteomics;VV=v1.1.0	NT=crosslinking;VV=v1.0.0	NT=invertebrates;VV=v1.1.0
PXD027068_NCB4580A24LC2_D5	Caenorhabditis elegans	gut, muscle, skin, and nervous system	neurons (including AFD neurons)	200	PXD027068_NCB4580A24LC2_D5_assay	proteomic profiling by mass spectrometry	data-dependent acquisition	NT=label free sample;AC=MS:1002038	1	1	not available	NT=Trypsin;AC=MS:1001251	NT=Carbamidomethyl;AC=UNIMOD:4;TA=C;MT=Fixed	NT=Oxidation;AC=UNIMOD:21;TA=M;MT=Variable	NT=Acetyl;AC=UNIMOD:2;TA=Protein N-term;MT=Variable	NT=Deamidation;AC=UNIMOD:7;TA=NQ;MT=Variable	NT=Gln->pyro-Glu;AC=UNIMOD:28;TA=Q;MT=Variable	NT=Phospho;AC=UNIMOD:21;TA=STY;MT=Variable	NT=K-Biot;AC=null;TA=K;MT=Variable	NT=N-termBiot;AC=null;TA=Protein N-terminus;MT=Variable	not available	not available	not available	not available	not available	not available	2 h	22 °C	NCB4580A24LC2_D5.raw	NT=ms-proteomics;VV=v1.1.0	NT=crosslinking;VV=v1.0.0	NT=invertebrates;VV=v1.1.0
PXD027068_NCB4459A129LC3_E6_NCB4459A129LC3-40-209076	Caenorhabditis elegans	gut, muscle, skin, and nervous system	neurons (including AFD neurons)	201	PXD027068_NCB4459A129LC3_E6_NCB4459A129LC3-40-209076_assay	proteomic profiling by mass spectrometry	data-dependent acquisition	NT=label free sample;AC=MS:1002038	1	1	not available	NT=Trypsin;AC=MS:1001251	NT=Carbamidomethyl;AC=UNIMOD:4;TA=C;MT=Fixed	NT=Oxidation;AC=UNIMOD:21;TA=M;MT=Variable	NT=Acetyl;AC=UNIMOD:2;TA=Protein N-term;MT=Variable	NT=Deamidation;AC=UNIMOD:7;TA=NQ;MT=Variable	NT=Gln->pyro-Glu;AC=UNIMOD:28;TA=Q;MT=Variable	NT=Phospho;AC=UNIMOD:21;TA=STY;MT=Variable	NT=K-Biot;AC=null;TA=K;MT=Variable	NT=N-termBiot;AC=null;TA=Protein N-terminus;MT=Variable	not available	not available	not available	not available	not available	not available	2 h	22 °C	NCB4459A129LC3_E6_NCB4459A129LC3-40-209076.raw	NT=ms-proteomics;VV=v1.1.0	NT=crosslinking;VV=v1.0.0	NT=invertebrates;VV=v1.1.0
PXD027068_NCB4459A117LC3_A5_NCB4459A117LC3-40-209064	Caenorhabditis elegans	gut, muscle, skin, and nervous system	neurons (including AFD neurons)	202	PXD027068_NCB4459A117LC3_A5_NCB4459A117LC3-40-209064_assay	proteomic profiling by mass spectrometry	data-dependent acquisition	NT=label free sample;AC=MS:1002038	1	1	not available	NT=Trypsin;AC=MS:1001251	NT=Carbamidomethyl;AC=UNIMOD:4;TA=C;MT=Fixed	NT=Oxidation;AC=UNIMOD:21;TA=M;MT=Variable	NT=Acetyl;AC=UNIMOD:2;TA=Protein N-term;MT=Variable	NT=Deamidation;AC=UNIMOD:7;TA=NQ;MT=Variable	NT=Gln->pyro-Glu;AC=UNIMOD:28;TA=Q;MT=Variable	NT=Phospho;AC=UNIMOD:21;TA=STY;MT=Variable	NT=K-Biot;AC=null;TA=K;MT=Variable	NT=N-termBiot;AC=null;TA=Protein N-terminus;MT=Variable	not available	not available	not available	not available	not available	not available	2 h	22 °C	NCB4459A117LC3_A5_NCB4459A117LC3-40-209064.raw	NT=ms-proteomics;VV=v1.1.0	NT=crosslinking;VV=v1.0.0	NT=invertebrates;VV=v1.1.0
PXD027068_NCB4510A29LC2_A6_NCB4510A29LC2-40-216356	Caenorhabditis elegans	gut, muscle, skin, and nervous system	neurons (including AFD neurons)	203	PXD027068_NCB4510A29LC2_A6_NCB4510A29LC2-40-216356_assay	proteomic profiling by mass spectrometry	data-dependent acquisition	NT=label free sample;AC=MS:1002038	1	1	not available	NT=Trypsin;AC=MS:1001251	NT=Carbamidomethyl;AC=UNIMOD:4;TA=C;MT=Fixed	NT=Oxidation;AC=UNIMOD:21;TA=M;MT=Variable	NT=Acetyl;AC=UNIMOD:2;TA=Protein N-term;MT=Variable	NT=Deamidation;AC=UNIMOD:7;TA=NQ;MT=Variable	NT=Gln->pyro-Glu;AC=UNIMOD:28;TA=Q;MT=Variable	NT=Phospho;AC=UNIMOD:21;TA=STY;MT=Variable	NT=K-Biot;AC=null;TA=K;MT=Variable	NT=N-termBiot;AC=null;TA=Protein N-terminus;MT=Variable	not available	not available	not available	not available	not available	not available	2 h	22 °C	NCB4510A29LC2_A6_NCB4510A29LC2-40-216356.raw	NT=ms-proteomics;VV=v1.1.0	NT=crosslinking;VV=v1.0.0	NT=invertebrates;VV=v1.1.0
PXD027068_NCB4459A167LC3_C11_NCB4459A167LC3-40-209126	Caenorhabditis elegans	gut, muscle, skin, and nervous system	neurons (including AFD neurons)	204	PXD027068_NCB4459A167LC3_C11_NCB4459A167LC3-40-209126_assay	proteomic profiling by mass spectrometry	data-dependent acquisition	NT=label free sample;AC=MS:1002038	1	1	not available	NT=Trypsin;AC=MS:1001251	NT=Carbamidomethyl;AC=UNIMOD:4;TA=C;MT=Fixed	NT=Oxidation;AC=UNIMOD:21;TA=M;MT=Variable	NT=Acetyl;AC=UNIMOD:2;TA=Protein N-term;MT=Variable	NT=Deamidation;AC=UNIMOD:7;TA=NQ;MT=Variable	NT=Gln->pyro-Glu;AC=UNIMOD:28;TA=Q;MT=Variable	NT=Phospho;AC=UNIMOD:21;TA=STY;MT=Variable	NT=K-Biot;AC=null;TA=K;MT=Variable	NT=N-termBiot;AC=null;TA=Protein N-terminus;MT=Variable	not available	not available	not available	not available	not available	not available	2 h	22 °C	NCB4459A167LC3_C11_NCB4459A167LC3-40-209126.raw	NT=ms-proteomics;VV=v1.1.0	NT=crosslinking;VV=v1.0.0	NT=invertebrates;VV=v1.1.0
PXD027068_NCB4460A41LC3_A6_NCB4460A41LC3-40-210536	Caenorhabditis elegans	gut, muscle, skin, and nervous system	neurons (including AFD neurons)	205	PXD027068_NCB4460A41LC3_A6_NCB4460A41LC3-40-210536_assay	proteomic profiling by mass spectrometry	data-dependent acquisition	NT=label free sample;AC=MS:1002038	1	1	not available	NT=Trypsin;AC=MS:1001251	NT=Carbamidomethyl;AC=UNIMOD:4;TA=C;MT=Fixed	NT=Oxidation;AC=UNIMOD:21;TA=M;MT=Variable	NT=Acetyl;AC=UNIMOD:2;TA=Protein N-term;MT=Variable	NT=Deamidation;AC=UNIMOD:7;TA=NQ;MT=Variable	NT=Gln->pyro-Glu;AC=UNIMOD:28;TA=Q;MT=Variable	NT=Phospho;AC=UNIMOD:21;TA=STY;MT=Variable	NT=K-Biot;AC=null;TA=K;MT=Variable	NT=N-termBiot;AC=null;TA=Protein N-terminus;MT=Variable	not available	not available	not available	not available	not available	not available	2 h	22 °C	NCB4460A41LC3_A6_NCB4460A41LC3-40-210536.raw	NT=ms-proteomics;VV=v1.1.0	NT=crosslinking;VV=v1.0.0	NT=invertebrates;VV=v1.1.0
PXD027068_NCB4460A72LC3_H9_NCB4460A72LC3-40-211339	Caenorhabditis elegans	gut, muscle, skin, and nervous system	neurons (including AFD neurons)	206	PXD027068_NCB4460A72LC3_H9_NCB4460A72LC3-40-211339_assay	proteomic profiling by mass spectrometry	data-dependent acquisition	NT=label free sample;AC=MS:1002038	1	1	not available	NT=Trypsin;AC=MS:1001251	NT=Carbamidomethyl;AC=UNIMOD:4;TA=C;MT=Fixed	NT=Oxidation;AC=UNIMOD:21;TA=M;MT=Variable	NT=Acetyl;AC=UNIMOD:2;TA=Protein N-term;MT=Variable	NT=Deamidation;AC=UNIMOD:7;TA=NQ;MT=Variable	NT=Gln->pyro-Glu;AC=UNIMOD:28;TA=Q;MT=Variable	NT=Phospho;AC=UNIMOD:21;TA=STY;MT=Variable	NT=K-Biot;AC=null;TA=K;MT=Variable	NT=N-termBiot;AC=null;TA=Protein N-terminus;MT=Variable	not available	not available	not available	not available	not available	not available	2 h	22 °C	NCB4460A72LC3_H9_NCB4460A72LC3-40-211339.raw	NT=ms-proteomics;VV=v1.1.0	NT=crosslinking;VV=v1.0.0	NT=invertebrates;VV=v1.1.0
PXD027068_NCB4461A33LC3_A5_NCB4461A33LC3-40-210652	Caenorhabditis elegans	gut, muscle, skin, and nervous system	neurons (including AFD neurons)	207	PXD027068_NCB4461A33LC3_A5_NCB4461A33LC3-40-210652_assay	proteomic profiling by mass spectrometry	data-dependent acquisition	NT=label free sample;AC=MS:1002038	1	1	not available	NT=Trypsin;AC=MS:1001251	NT=Carbamidomethyl;AC=UNIMOD:4;TA=C;MT=Fixed	NT=Oxidation;AC=UNIMOD:21;TA=M;MT=Variable	NT=Acetyl;AC=UNIMOD:2;TA=Protein N-term;MT=Variable	NT=Deamidation;AC=UNIMOD:7;TA=NQ;MT=Variable	NT=Gln->pyro-Glu;AC=UNIMOD:28;TA=Q;MT=Variable	NT=Phospho;AC=UNIMOD:21;TA=STY;MT=Variable	NT=K-Biot;AC=null;TA=K;MT=Variable	NT=N-termBiot;AC=null;TA=Protein N-terminus;MT=Variable	not available	not available	not available	not available	not available	not available	2 h	22 °C	NCB4461A33LC3_A5_NCB4461A33LC3-40-210652.raw	NT=ms-proteomics;VV=v1.1.0	NT=crosslinking;VV=v1.0.0	NT=invertebrates;VV=v1.1.0
PXD027068_NCB4459A134LC3_B7_NCB4459A134LC3-40-209081	Caenorhabditis elegans	gut, muscle, skin, and nervous system	neurons (including AFD neurons)	208	PXD027068_NCB4459A134LC3_B7_NCB4459A134LC3-40-209081_assay	proteomic profiling by mass spectrometry	data-dependent acquisition	NT=label free sample;AC=MS:1002038	1	1	not available	NT=Trypsin;AC=MS:1001251	NT=Carbamidomethyl;AC=UNIMOD:4;TA=C;MT=Fixed	NT=Oxidation;AC=UNIMOD:21;TA=M;MT=Variable	NT=Acetyl;AC=UNIMOD:2;TA=Protein N-term;MT=Variable	NT=Deamidation;AC=UNIMOD:7;TA=NQ;MT=Variable	NT=Gln->pyro-Glu;AC=UNIMOD:28;TA=Q;MT=Variable	NT=Phospho;AC=UNIMOD:21;TA=STY;MT=Variable	NT=K-Biot;AC=null;TA=K;MT=Variable	NT=N-termBiot;AC=null;TA=Protein N-terminus;MT=Variable	not available	not available	not available	not available	not available	not available	2 h	22 °C	NCB4459A134LC3_B7_NCB4459A134LC3-40-209081.raw	NT=ms-proteomics;VV=v1.1.0	NT=crosslinking;VV=v1.0.0	NT=invertebrates;VV=v1.1.0
PXD027068_NCB4496A74LC3_B10_NCB4496A74LC3-40-214551	Caenorhabditis elegans	gut, muscle, skin, and nervous system	neurons (including AFD neurons)	209	PXD027068_NCB4496A74LC3_B10_NCB4496A74LC3-40-214551_assay	proteomic profiling by mass spectrometry	data-dependent acquisition	NT=label free sample;AC=MS:1002038	1	1	not available	NT=Trypsin;AC=MS:1001251	NT=Carbamidomethyl;AC=UNIMOD:4;TA=C;MT=Fixed	NT=Oxidation;AC=UNIMOD:21;TA=M;MT=Variable	NT=Acetyl;AC=UNIMOD:2;TA=Protein N-term;MT=Variable	NT=Deamidation;AC=UNIMOD:7;TA=NQ;MT=Variable	NT=Gln->pyro-Glu;AC=UNIMOD:28;TA=Q;MT=Variable	NT=Phospho;AC=UNIMOD:21;TA=STY;MT=Variable	NT=K-Biot;AC=null;TA=K;MT=Variable	NT=N-termBiot;AC=null;TA=Protein N-terminus;MT=Variable	not available	not available	not available	not available	not available	not available	2 h	22 °C	NCB4496A74LC3_B10_NCB4496A74LC3-40-214551.raw	NT=ms-proteomics;VV=v1.1.0	NT=crosslinking;VV=v1.0.0	NT=invertebrates;VV=v1.1.0
PXD027068_NCB4580A22LC2_B5	Caenorhabditis elegans	gut, muscle, skin, and nervous system	neurons (including AFD neurons)	210	PXD027068_NCB4580A22LC2_B5_assay	proteomic profiling by mass spectrometry	data-dependent acquisition	NT=label free sample;AC=MS:1002038	1	1	not available	NT=Trypsin;AC=MS:1001251	NT=Carbamidomethyl;AC=UNIMOD:4;TA=C;MT=Fixed	NT=Oxidation;AC=UNIMOD:21;TA=M;MT=Variable	NT=Acetyl;AC=UNIMOD:2;TA=Protein N-term;MT=Variable	NT=Deamidation;AC=UNIMOD:7;TA=NQ;MT=Variable	NT=Gln->pyro-Glu;AC=UNIMOD:28;TA=Q;MT=Variable	NT=Phospho;AC=UNIMOD:21;TA=STY;MT=Variable	NT=K-Biot;AC=null;TA=K;MT=Variable	NT=N-termBiot;AC=null;TA=Protein N-terminus;MT=Variable	not available	not available	not available	not available	not available	not available	2 h	22 °C	NCB4580A22LC2_B5.raw	NT=ms-proteomics;VV=v1.1.0	NT=crosslinking;VV=v1.0.0	NT=invertebrates;VV=v1.1.0
PXD027068_NCB4580A6LC2_F1	Caenorhabditis elegans	gut, muscle, skin, and nervous system	neurons (including AFD neurons)	211	PXD027068_NCB4580A6LC2_F1_assay	proteomic profiling by mass spectrometry	data-dependent acquisition	NT=label free sample;AC=MS:1002038	1	1	not available	NT=Trypsin;AC=MS:1001251	NT=Carbamidomethyl;AC=UNIMOD:4;TA=C;MT=Fixed	NT=Oxidation;AC=UNIMOD:21;TA=M;MT=Variable	NT=Acetyl;AC=UNIMOD:2;TA=Protein N-term;MT=Variable	NT=Deamidation;AC=UNIMOD:7;TA=NQ;MT=Variable	NT=Gln->pyro-Glu;AC=UNIMOD:28;TA=Q;MT=Variable	NT=Phospho;AC=UNIMOD:21;TA=STY;MT=Variable	NT=K-Biot;AC=null;TA=K;MT=Variable	NT=N-termBiot;AC=null;TA=Protein N-terminus;MT=Variable	not available	not available	not available	not available	not available	not available	2 h	22 °C	NCB4580A6LC2_F1.raw	NT=ms-proteomics;VV=v1.1.0	NT=crosslinking;VV=v1.0.0	NT=invertebrates;VV=v1.1.0
PXD027068_NCB4496A42LC3_B6_NCB4496A42LC3-40-214331	Caenorhabditis elegans	gut, muscle, skin, and nervous system	neurons (including AFD neurons)	212	PXD027068_NCB4496A42LC3_B6_NCB4496A42LC3-40-214331_assay	proteomic profiling by mass spectrometry	data-dependent acquisition	NT=label free sample;AC=MS:1002038	1	1	not available	NT=Trypsin;AC=MS:1001251	NT=Carbamidomethyl;AC=UNIMOD:4;TA=C;MT=Fixed	NT=Oxidation;AC=UNIMOD:21;TA=M;MT=Variable	NT=Acetyl;AC=UNIMOD:2;TA=Protein N-term;MT=Variable	NT=Deamidation;AC=UNIMOD:7;TA=NQ;MT=Variable	NT=Gln->pyro-Glu;AC=UNIMOD:28;TA=Q;MT=Variable	NT=Phospho;AC=UNIMOD:21;TA=STY;MT=Variable	NT=K-Biot;AC=null;TA=K;MT=Variable	NT=N-termBiot;AC=null;TA=Protein N-terminus;MT=Variable	not available	not available	not available	not available	not available	not available	2 h	22 °C	NCB4496A42LC3_B6_NCB4496A42LC3-40-214331.raw	NT=ms-proteomics;VV=v1.1.0	NT=crosslinking;VV=v1.0.0	NT=invertebrates;VV=v1.1.0
PXD027068_NCB4496A39LC3_G5_NCB4496A39LC3-40-214328	Caenorhabditis elegans	gut, muscle, skin, and nervous system	neurons (including AFD neurons)	213	PXD027068_NCB4496A39LC3_G5_NCB4496A39LC3-40-214328_assay	proteomic profiling by mass spectrometry	data-dependent acquisition	NT=label free sample;AC=MS:1002038	1	1	not available	NT=Trypsin;AC=MS:1001251	NT=Carbamidomethyl;AC=UNIMOD:4;TA=C;MT=Fixed	NT=Oxidation;AC=UNIMOD:21;TA=M;MT=Variable	NT=Acetyl;AC=UNIMOD:2;TA=Protein N-term;MT=Variable	NT=Deamidation;AC=UNIMOD:7;TA=NQ;MT=Variable	NT=Gln->pyro-Glu;AC=UNIMOD:28;TA=Q;MT=Variable	NT=Phospho;AC=UNIMOD:21;TA=STY;MT=Variable	NT=K-Biot;AC=null;TA=K;MT=Variable	NT=N-termBiot;AC=null;TA=Protein N-terminus;MT=Variable	not available	not available	not available	not available	not available	not available	2 h	22 °C	NCB4496A39LC3_G5_NCB4496A39LC3-40-214328.raw	NT=ms-proteomics;VV=v1.1.0	NT=crosslinking;VV=v1.0.0	NT=invertebrates;VV=v1.1.0
PXD027068_NCB4580A14LC2_F2	Caenorhabditis elegans	gut, muscle, skin, and nervous system	neurons (including AFD neurons)	7	PXD027068_NCB4580A14LC2_F2_assay	proteomic profiling by mass spectrometry	data-dependent acquisition	NT=label free sample;AC=MS:1002038	2	1	not available	NT=Trypsin;AC=MS:1001251	NT=Carbamidomethyl;AC=UNIMOD:4;TA=C;MT=Fixed	NT=Oxidation;AC=UNIMOD:21;TA=M;MT=Variable	NT=Acetyl;AC=UNIMOD:2;TA=Protein N-term;MT=Variable	NT=Deamidation;AC=UNIMOD:7;TA=NQ;MT=Variable	NT=Gln->pyro-Glu;AC=UNIMOD:28;TA=Q;MT=Variable	NT=Phospho;AC=UNIMOD:21;TA=STY;MT=Variable	NT=K-Biot;AC=null;TA=K;MT=Variable	NT=N-termBiot;AC=null;TA=Protein N-terminus;MT=Variable	not available	not available	not available	not available	not available	not available	2 h	22 °C	NCB4580A14LC2_F2.raw	NT=ms-proteomics;VV=v1.1.0	NT=crosslinking;VV=v1.0.0	NT=invertebrates;VV=v1.1.0
PXD027068_NCB4497A53LC2_E10_NCB4497A53LC2-40-215386	Caenorhabditis elegans	gut, muscle, skin, and nervous system	neurons (including AFD neurons)	214	PXD027068_NCB4497A53LC2_E10_NCB4497A53LC2-40-215386_assay	proteomic profiling by mass spectrometry	data-dependent acquisition	NT=label free sample;AC=MS:1002038	1	1	not available	NT=Trypsin;AC=MS:1001251	NT=Carbamidomethyl;AC=UNIMOD:4;TA=C;MT=Fixed	NT=Oxidation;AC=UNIMOD:21;TA=M;MT=Variable	NT=Acetyl;AC=UNIMOD:2;TA=Protein N-term;MT=Variable	NT=Deamidation;AC=UNIMOD:7;TA=NQ;MT=Variable	NT=Gln->pyro-Glu;AC=UNIMOD:28;TA=Q;MT=Variable	NT=Phospho;AC=UNIMOD:21;TA=STY;MT=Variable	NT=K-Biot;AC=null;TA=K;MT=Variable	NT=N-termBiot;AC=null;TA=Protein N-terminus;MT=Variable	not available	not available	not available	not available	not available	not available	2 h	22 °C	NCB4497A53LC2_E10_NCB4497A53LC2-40-215386.raw	NT=ms-proteomics;VV=v1.1.0	NT=crosslinking;VV=v1.0.0	NT=invertebrates;VV=v1.1.0
PXD027068_NCB4460A49LC3_A7_NCB4460A49LC3-40-210544	Caenorhabditis elegans	gut, muscle, skin, and nervous system	neurons (including AFD neurons)	215	PXD027068_NCB4460A49LC3_A7_NCB4460A49LC3-40-210544_assay	proteomic profiling by mass spectrometry	data-dependent acquisition	NT=label free sample;AC=MS:1002038	1	1	not available	NT=Trypsin;AC=MS:1001251	NT=Carbamidomethyl;AC=UNIMOD:4;TA=C;MT=Fixed	NT=Oxidation;AC=UNIMOD:21;TA=M;MT=Variable	NT=Acetyl;AC=UNIMOD:2;TA=Protein N-term;MT=Variable	NT=Deamidation;AC=UNIMOD:7;TA=NQ;MT=Variable	NT=Gln->pyro-Glu;AC=UNIMOD:28;TA=Q;MT=Variable	NT=Phospho;AC=UNIMOD:21;TA=STY;MT=Variable	NT=K-Biot;AC=null;TA=K;MT=Variable	NT=N-termBiot;AC=null;TA=Protein N-terminus;MT=Variable	not available	not available	not available	not available	not available	not available	2 h	22 °C	NCB4460A49LC3_A7_NCB4460A49LC3-40-210544.raw	NT=ms-proteomics;VV=v1.1.0	NT=crosslinking;VV=v1.0.0	NT=invertebrates;VV=v1.1.0
PXD027068_NCB4496A11LC3_C2_NCB4496A11LC3-40-211902	Caenorhabditis elegans	gut, muscle, skin, and nervous system	neurons (including AFD neurons)	216	PXD027068_NCB4496A11LC3_C2_NCB4496A11LC3-40-211902_assay	proteomic profiling by mass spectrometry	data-dependent acquisition	NT=label free sample;AC=MS:1002038	1	1	not available	NT=Trypsin;AC=MS:1001251	NT=Carbamidomethyl;AC=UNIMOD:4;TA=C;MT=Fixed	NT=Oxidation;AC=UNIMOD:21;TA=M;MT=Variable	NT=Acetyl;AC=UNIMOD:2;TA=Protein N-term;MT=Variable	NT=Deamidation;AC=UNIMOD:7;TA=NQ;MT=Variable	NT=Gln->pyro-Glu;AC=UNIMOD:28;TA=Q;MT=Variable	NT=Phospho;AC=UNIMOD:21;TA=STY;MT=Variable	NT=K-Biot;AC=null;TA=K;MT=Variable	NT=N-termBiot;AC=null;TA=Protein N-terminus;MT=Variable	not available	not available	not available	not available	not available	not available	2 h	22 °C	NCB4496A11LC3_C2_NCB4496A11LC3-40-211902.raw	NT=ms-proteomics;VV=v1.1.0	NT=crosslinking;VV=v1.0.0	NT=invertebrates;VV=v1.1.0
PXD027068_NCB4459A119LC3_C5_NCB4459A119LC3-40-209066	Caenorhabditis elegans	gut, muscle, skin, and nervous system	neurons (including AFD neurons)	217	PXD027068_NCB4459A119LC3_C5_NCB4459A119LC3-40-209066_assay	proteomic profiling by mass spectrometry	data-dependent acquisition	NT=label free sample;AC=MS:1002038	1	1	not available	NT=Trypsin;AC=MS:1001251	NT=Carbamidomethyl;AC=UNIMOD:4;TA=C;MT=Fixed	NT=Oxidation;AC=UNIMOD:21;TA=M;MT=Variable	NT=Acetyl;AC=UNIMOD:2;TA=Protein N-term;MT=Variable	NT=Deamidation;AC=UNIMOD:7;TA=NQ;MT=Variable	NT=Gln->pyro-Glu;AC=UNIMOD:28;TA=Q;MT=Variable	NT=Phospho;AC=UNIMOD:21;TA=STY;MT=Variable	NT=K-Biot;AC=null;TA=K;MT=Variable	NT=N-termBiot;AC=null;TA=Protein N-terminus;MT=Variable	not available	not available	not available	not available	not available	not available	2 h	22 °C	NCB4459A119LC3_C5_NCB4459A119LC3-40-209066.raw	NT=ms-proteomics;VV=v1.1.0	NT=crosslinking;VV=v1.0.0	NT=invertebrates;VV=v1.1.0
PXD027068_NCB4496A84LC3_D11_NCB4496A84LC3-40-214561	Caenorhabditis elegans	gut, muscle, skin, and nervous system	neurons (including AFD neurons)	218	PXD027068_NCB4496A84LC3_D11_NCB4496A84LC3-40-214561_assay	proteomic profiling by mass spectrometry	data-dependent acquisition	NT=label free sample;AC=MS:1002038	1	1	not available	NT=Trypsin;AC=MS:1001251	NT=Carbamidomethyl;AC=UNIMOD:4;TA=C;MT=Fixed	NT=Oxidation;AC=UNIMOD:21;TA=M;MT=Variable	NT=Acetyl;AC=UNIMOD:2;TA=Protein N-term;MT=Variable	NT=Deamidation;AC=UNIMOD:7;TA=NQ;MT=Variable	NT=Gln->pyro-Glu;AC=UNIMOD:28;TA=Q;MT=Variable	NT=Phospho;AC=UNIMOD:21;TA=STY;MT=Variable	NT=K-Biot;AC=null;TA=K;MT=Variable	NT=N-termBiot;AC=null;TA=Protein N-terminus;MT=Variable	not available	not available	not available	not available	not available	not available	2 h	22 °C	NCB4496A84LC3_D11_NCB4496A84LC3-40-214561.raw	NT=ms-proteomics;VV=v1.1.0	NT=crosslinking;VV=v1.0.0	NT=invertebrates;VV=v1.1.0
PXD027068_NCB4460A20LC3_D3_NCB4460A20LC3-40-210650	Caenorhabditis elegans	gut, muscle, skin, and nervous system	neurons (including AFD neurons)	219	PXD027068_NCB4460A20LC3_D3_NCB4460A20LC3-40-210650_assay	proteomic profiling by mass spectrometry	data-dependent acquisition	NT=label free sample;AC=MS:1002038	1	1	not available	NT=Trypsin;AC=MS:1001251	NT=Carbamidomethyl;AC=UNIMOD:4;TA=C;MT=Fixed	NT=Oxidation;AC=UNIMOD:21;TA=M;MT=Variable	NT=Acetyl;AC=UNIMOD:2;TA=Protein N-term;MT=Variable	NT=Deamidation;AC=UNIMOD:7;TA=NQ;MT=Variable	NT=Gln->pyro-Glu;AC=UNIMOD:28;TA=Q;MT=Variable	NT=Phospho;AC=UNIMOD:21;TA=STY;MT=Variable	NT=K-Biot;AC=null;TA=K;MT=Variable	NT=N-termBiot;AC=null;TA=Protein N-terminus;MT=Variable	not available	not available	not available	not available	not available	not available	2 h	22 °C	NCB4460A20LC3_D3_NCB4460A20LC3-40-210650.raw	NT=ms-proteomics;VV=v1.1.0	NT=crosslinking;VV=v1.0.0	NT=invertebrates;VV=v1.1.0
PXD027068_NCB4460A44LC3_D6_NCB4460A44LC3-40-210539	Caenorhabditis elegans	gut, muscle, skin, and nervous system	neurons (including AFD neurons)	220	PXD027068_NCB4460A44LC3_D6_NCB4460A44LC3-40-210539_assay	proteomic profiling by mass spectrometry	data-dependent acquisition	NT=label free sample;AC=MS:1002038	1	1	not available	NT=Trypsin;AC=MS:1001251	NT=Carbamidomethyl;AC=UNIMOD:4;TA=C;MT=Fixed	NT=Oxidation;AC=UNIMOD:21;TA=M;MT=Variable	NT=Acetyl;AC=UNIMOD:2;TA=Protein N-term;MT=Variable	NT=Deamidation;AC=UNIMOD:7;TA=NQ;MT=Variable	NT=Gln->pyro-Glu;AC=UNIMOD:28;TA=Q;MT=Variable	NT=Phospho;AC=UNIMOD:21;TA=STY;MT=Variable	NT=K-Biot;AC=null;TA=K;MT=Variable	NT=N-termBiot;AC=null;TA=Protein N-terminus;MT=Variable	not available	not available	not available	not available	not available	not available	2 h	22 °C	NCB4460A44LC3_D6_NCB4460A44LC3-40-210539.raw	NT=ms-proteomics;VV=v1.1.0	NT=crosslinking;VV=v1.0.0	NT=invertebrates;VV=v1.1.0
PXD027068_NCB4510A51LC2_C10_NCB4510A51LC2-40-216378	Caenorhabditis elegans	gut, muscle, skin, and nervous system	neurons (including AFD neurons)	221	PXD027068_NCB4510A51LC2_C10_NCB4510A51LC2-40-216378_assay	proteomic profiling by mass spectrometry	data-dependent acquisition	NT=label free sample;AC=MS:1002038	1	1	not available	NT=Trypsin;AC=MS:1001251	NT=Carbamidomethyl;AC=UNIMOD:4;TA=C;MT=Fixed	NT=Oxidation;AC=UNIMOD:21;TA=M;MT=Variable	NT=Acetyl;AC=UNIMOD:2;TA=Protein N-term;MT=Variable	NT=Deamidation;AC=UNIMOD:7;TA=NQ;MT=Variable	NT=Gln->pyro-Glu;AC=UNIMOD:28;TA=Q;MT=Variable	NT=Phospho;AC=UNIMOD:21;TA=STY;MT=Variable	NT=K-Biot;AC=null;TA=K;MT=Variable	NT=N-termBiot;AC=null;TA=Protein N-terminus;MT=Variable	not available	not available	not available	not available	not available	not available	2 h	22 °C	NCB4510A51LC2_C10_NCB4510A51LC2-40-216378.raw	NT=ms-proteomics;VV=v1.1.0	NT=crosslinking;VV=v1.0.0	NT=invertebrates;VV=v1.1.0
PXD027068_NCB4580A2LC2_B1	Caenorhabditis elegans	gut, muscle, skin, and nervous system	neurons (including AFD neurons)	222	PXD027068_NCB4580A2LC2_B1_assay	proteomic profiling by mass spectrometry	data-dependent acquisition	NT=label free sample;AC=MS:1002038	1	1	not available	NT=Trypsin;AC=MS:1001251	NT=Carbamidomethyl;AC=UNIMOD:4;TA=C;MT=Fixed	NT=Oxidation;AC=UNIMOD:21;TA=M;MT=Variable	NT=Acetyl;AC=UNIMOD:2;TA=Protein N-term;MT=Variable	NT=Deamidation;AC=UNIMOD:7;TA=NQ;MT=Variable	NT=Gln->pyro-Glu;AC=UNIMOD:28;TA=Q;MT=Variable	NT=Phospho;AC=UNIMOD:21;TA=STY;MT=Variable	NT=K-Biot;AC=null;TA=K;MT=Variable	NT=N-termBiot;AC=null;TA=Protein N-terminus;MT=Variable	not available	not available	not available	not available	not available	not available	2 h	22 °C	NCB4580A2LC2_B1.raw	NT=ms-proteomics;VV=v1.1.0	NT=crosslinking;VV=v1.0.0	NT=invertebrates;VV=v1.1.0
PXD027068_NCB4459A152LC3_D9_NCB4459A152LC3-40-209111	Caenorhabditis elegans	gut, muscle, skin, and nervous system	neurons (including AFD neurons)	223	PXD027068_NCB4459A152LC3_D9_NCB4459A152LC3-40-209111_assay	proteomic profiling by mass spectrometry	data-dependent acquisition	NT=label free sample;AC=MS:1002038	1	1	not available	NT=Trypsin;AC=MS:1001251	NT=Carbamidomethyl;AC=UNIMOD:4;TA=C;MT=Fixed	NT=Oxidation;AC=UNIMOD:21;TA=M;MT=Variable	NT=Acetyl;AC=UNIMOD:2;TA=Protein N-term;MT=Variable	NT=Deamidation;AC=UNIMOD:7;TA=NQ;MT=Variable	NT=Gln->pyro-Glu;AC=UNIMOD:28;TA=Q;MT=Variable	NT=Phospho;AC=UNIMOD:21;TA=STY;MT=Variable	NT=K-Biot;AC=null;TA=K;MT=Variable	NT=N-termBiot;AC=null;TA=Protein N-terminus;MT=Variable	not available	not available	not available	not available	not available	not available	2 h	22 °C	NCB4459A152LC3_D9_NCB4459A152LC3-40-209111.raw	NT=ms-proteomics;VV=v1.1.0	NT=crosslinking;VV=v1.0.0	NT=invertebrates;VV=v1.1.0
PXD027068_NCB4497A45LC2_E9_NCB4497A45LC2-40-215377	Caenorhabditis elegans	gut, muscle, skin, and nervous system	neurons (including AFD neurons)	224	PXD027068_NCB4497A45LC2_E9_NCB4497A45LC2-40-215377_assay	proteomic profiling by mass spectrometry	data-dependent acquisition	NT=label free sample;AC=MS:1002038	1	1	not available	NT=Trypsin;AC=MS:1001251	NT=Carbamidomethyl;AC=UNIMOD:4;TA=C;MT=Fixed	NT=Oxidation;AC=UNIMOD:21;TA=M;MT=Variable	NT=Acetyl;AC=UNIMOD:2;TA=Protein N-term;MT=Variable	NT=Deamidation;AC=UNIMOD:7;TA=NQ;MT=Variable	NT=Gln->pyro-Glu;AC=UNIMOD:28;TA=Q;MT=Variable	NT=Phospho;AC=UNIMOD:21;TA=STY;MT=Variable	NT=K-Biot;AC=null;TA=K;MT=Variable	NT=N-termBiot;AC=null;TA=Protein N-terminus;MT=Variable	not available	not available	not available	not available	not available	not available	2 h	22 °C	NCB4497A45LC2_E9_NCB4497A45LC2-40-215377.raw	NT=ms-proteomics;VV=v1.1.0	NT=crosslinking;VV=v1.0.0	NT=invertebrates;VV=v1.1.0
PXD027068_NCB4460A2LC3_B1_NCB4460A2LC3-40-210633	Caenorhabditis elegans	gut, muscle, skin, and nervous system	neurons (including AFD neurons)	225	PXD027068_NCB4460A2LC3_B1_NCB4460A2LC3-40-210633_assay	proteomic profiling by mass spectrometry	data-dependent acquisition	NT=label free sample;AC=MS:1002038	1	1	not available	NT=Trypsin;AC=MS:1001251	NT=Carbamidomethyl;AC=UNIMOD:4;TA=C;MT=Fixed	NT=Oxidation;AC=UNIMOD:21;TA=M;MT=Variable	NT=Acetyl;AC=UNIMOD:2;TA=Protein N-term;MT=Variable	NT=Deamidation;AC=UNIMOD:7;TA=NQ;MT=Variable	NT=Gln->pyro-Glu;AC=UNIMOD:28;TA=Q;MT=Variable	NT=Phospho;AC=UNIMOD:21;TA=STY;MT=Variable	NT=K-Biot;AC=null;TA=K;MT=Variable	NT=N-termBiot;AC=null;TA=Protein N-terminus;MT=Variable	not available	not available	not available	not available	not available	not available	2 h	22 °C	NCB4460A2LC3_B1_NCB4460A2LC3-40-210633.raw	NT=ms-proteomics;VV=v1.1.0	NT=crosslinking;VV=v1.0.0	NT=invertebrates;VV=v1.1.0
PXD027068_NCB4496A10LC3_B2_NCB4496A10LC3-40-211901	Caenorhabditis elegans	gut, muscle, skin, and nervous system	neurons (including AFD neurons)	226	PXD027068_NCB4496A10LC3_B2_NCB4496A10LC3-40-211901_assay	proteomic profiling by mass spectrometry	data-dependent acquisition	NT=label free sample;AC=MS:1002038	1	1	not available	NT=Trypsin;AC=MS:1001251	NT=Carbamidomethyl;AC=UNIMOD:4;TA=C;MT=Fixed	NT=Oxidation;AC=UNIMOD:21;TA=M;MT=Variable	NT=Acetyl;AC=UNIMOD:2;TA=Protein N-term;MT=Variable	NT=Deamidation;AC=UNIMOD:7;TA=NQ;MT=Variable	NT=Gln->pyro-Glu;AC=UNIMOD:28;TA=Q;MT=Variable	NT=Phospho;AC=UNIMOD:21;TA=STY;MT=Variable	NT=K-Biot;AC=null;TA=K;MT=Variable	NT=N-termBiot;AC=null;TA=Protein N-terminus;MT=Variable	not available	not available	not available	not available	not available	not available	2 h	22 °C	NCB4496A10LC3_B2_NCB4496A10LC3-40-211901.raw	NT=ms-proteomics;VV=v1.1.0	NT=crosslinking;VV=v1.0.0	NT=invertebrates;VV=v1.1.0
PXD027068_NCB4459A161LC3_E10_NCB4459A161LC3-40-209120	Caenorhabditis elegans	gut, muscle, skin, and nervous system	neurons (including AFD neurons)	227	PXD027068_NCB4459A161LC3_E10_NCB4459A161LC3-40-209120_assay	proteomic profiling by mass spectrometry	data-dependent acquisition	NT=label free sample;AC=MS:1002038	1	1	not available	NT=Trypsin;AC=MS:1001251	NT=Carbamidomethyl;AC=UNIMOD:4;TA=C;MT=Fixed	NT=Oxidation;AC=UNIMOD:21;TA=M;MT=Variable	NT=Acetyl;AC=UNIMOD:2;TA=Protein N-term;MT=Variable	NT=Deamidation;AC=UNIMOD:7;TA=NQ;MT=Variable	NT=Gln->pyro-Glu;AC=UNIMOD:28;TA=Q;MT=Variable	NT=Phospho;AC=UNIMOD:21;TA=STY;MT=Variable	NT=K-Biot;AC=null;TA=K;MT=Variable	NT=N-termBiot;AC=null;TA=Protein N-terminus;MT=Variable	not available	not available	not available	not available	not available	not available	2 h	22 °C	NCB4459A161LC3_E10_NCB4459A161LC3-40-209120.raw	NT=ms-proteomics;VV=v1.1.0	NT=crosslinking;VV=v1.0.0	NT=invertebrates;VV=v1.1.0
PXD027068_NCB4497A51LC2_C10_NCB4497A51LC2-40-215384	Caenorhabditis elegans	gut, muscle, skin, and nervous system	neurons (including AFD neurons)	228	PXD027068_NCB4497A51LC2_C10_NCB4497A51LC2-40-215384_assay	proteomic profiling by mass spectrometry	data-dependent acquisition	NT=label free sample;AC=MS:1002038	1	1	not available	NT=Trypsin;AC=MS:1001251	NT=Carbamidomethyl;AC=UNIMOD:4;TA=C;MT=Fixed	NT=Oxidation;AC=UNIMOD:21;TA=M;MT=Variable	NT=Acetyl;AC=UNIMOD:2;TA=Protein N-term;MT=Variable	NT=Deamidation;AC=UNIMOD:7;TA=NQ;MT=Variable	NT=Gln->pyro-Glu;AC=UNIMOD:28;TA=Q;MT=Variable	NT=Phospho;AC=UNIMOD:21;TA=STY;MT=Variable	NT=K-Biot;AC=null;TA=K;MT=Variable	NT=N-termBiot;AC=null;TA=Protein N-terminus;MT=Variable	not available	not available	not available	not available	not available	not available	2 h	22 °C	NCB4497A51LC2_C10_NCB4497A51LC2-40-215384.raw	NT=ms-proteomics;VV=v1.1.0	NT=crosslinking;VV=v1.0.0	NT=invertebrates;VV=v1.1.0
PXD027068_NCB4459A94LC3_B2_NCB4459A94LC3-40-208661	Caenorhabditis elegans	gut, muscle, skin, and nervous system	neurons (including AFD neurons)	229	PXD027068_NCB4459A94LC3_B2_NCB4459A94LC3-40-208661_assay	proteomic profiling by mass spectrometry	data-dependent acquisition	NT=label free sample;AC=MS:1002038	1	1	not available	NT=Trypsin;AC=MS:1001251	NT=Carbamidomethyl;AC=UNIMOD:4;TA=C;MT=Fixed	NT=Oxidation;AC=UNIMOD:21;TA=M;MT=Variable	NT=Acetyl;AC=UNIMOD:2;TA=Protein N-term;MT=Variable	NT=Deamidation;AC=UNIMOD:7;TA=NQ;MT=Variable	NT=Gln->pyro-Glu;AC=UNIMOD:28;TA=Q;MT=Variable	NT=Phospho;AC=UNIMOD:21;TA=STY;MT=Variable	NT=K-Biot;AC=null;TA=K;MT=Variable	NT=N-termBiot;AC=null;TA=Protein N-terminus;MT=Variable	not available	not available	not available	not available	not available	not available	2 h	22 °C	NCB4459A94LC3_B2_NCB4459A94LC3-40-208661.raw	NT=ms-proteomics;VV=v1.1.0	NT=crosslinking;VV=v1.0.0	NT=invertebrates;VV=v1.1.0
PXD027068_NCB4509A3LC2_C1_NCB4509A3LC3-40-215637	Caenorhabditis elegans	gut, muscle, skin, and nervous system	neurons (including AFD neurons)	230	PXD027068_NCB4509A3LC2_C1_NCB4509A3LC3-40-215637_assay	proteomic profiling by mass spectrometry	data-dependent acquisition	NT=label free sample;AC=MS:1002038	1	1	not available	NT=Trypsin;AC=MS:1001251	NT=Carbamidomethyl;AC=UNIMOD:4;TA=C;MT=Fixed	NT=Oxidation;AC=UNIMOD:21;TA=M;MT=Variable	NT=Acetyl;AC=UNIMOD:2;TA=Protein N-term;MT=Variable	NT=Deamidation;AC=UNIMOD:7;TA=NQ;MT=Variable	NT=Gln->pyro-Glu;AC=UNIMOD:28;TA=Q;MT=Variable	NT=Phospho;AC=UNIMOD:21;TA=STY;MT=Variable	NT=K-Biot;AC=null;TA=K;MT=Variable	NT=N-termBiot;AC=null;TA=Protein N-terminus;MT=Variable	not available	not available	not available	not available	not available	not available	2 h	22 °C	NCB4509A3LC2_C1_NCB4509A3LC3-40-215637.raw	NT=ms-proteomics;VV=v1.1.0	NT=crosslinking;VV=v1.0.0	NT=invertebrates;VV=v1.1.0
PXD027068_NCB4461A17LC3_A3_NCB4461A17LC3-40-209136	Caenorhabditis elegans	gut, muscle, skin, and nervous system	neurons (including AFD neurons)	231	PXD027068_NCB4461A17LC3_A3_NCB4461A17LC3-40-209136_assay	proteomic profiling by mass spectrometry	data-dependent acquisition	NT=label free sample;AC=MS:1002038	1	1	not available	NT=Trypsin;AC=MS:1001251	NT=Carbamidomethyl;AC=UNIMOD:4;TA=C;MT=Fixed	NT=Oxidation;AC=UNIMOD:21;TA=M;MT=Variable	NT=Acetyl;AC=UNIMOD:2;TA=Protein N-term;MT=Variable	NT=Deamidation;AC=UNIMOD:7;TA=NQ;MT=Variable	NT=Gln->pyro-Glu;AC=UNIMOD:28;TA=Q;MT=Variable	NT=Phospho;AC=UNIMOD:21;TA=STY;MT=Variable	NT=K-Biot;AC=null;TA=K;MT=Variable	NT=N-termBiot;AC=null;TA=Protein N-terminus;MT=Variable	not available	not available	not available	not available	not available	not available	2 h	22 °C	NCB4461A17LC3_A3_NCB4461A17LC3-40-209136.raw	NT=ms-proteomics;VV=v1.1.0	NT=crosslinking;VV=v1.0.0	NT=invertebrates;VV=v1.1.0
PXD027068_NCB4580A34LC2_F6	Caenorhabditis elegans	gut, muscle, skin, and nervous system	neurons (including AFD neurons)	2	PXD027068_NCB4580A34LC2_F6_assay	proteomic profiling by mass spectrometry	data-dependent acquisition	NT=label free sample;AC=MS:1002038	6	1	not available	NT=Trypsin;AC=MS:1001251	NT=Carbamidomethyl;AC=UNIMOD:4;TA=C;MT=Fixed	NT=Oxidation;AC=UNIMOD:21;TA=M;MT=Variable	NT=Acetyl;AC=UNIMOD:2;TA=Protein N-term;MT=Variable	NT=Deamidation;AC=UNIMOD:7;TA=NQ;MT=Variable	NT=Gln->pyro-Glu;AC=UNIMOD:28;TA=Q;MT=Variable	NT=Phospho;AC=UNIMOD:21;TA=STY;MT=Variable	NT=K-Biot;AC=null;TA=K;MT=Variable	NT=N-termBiot;AC=null;TA=Protein N-terminus;MT=Variable	not available	not available	not available	not available	not available	not available	2 h	22 °C	NCB4580A34LC2_F6.raw	NT=ms-proteomics;VV=v1.1.0	NT=crosslinking;VV=v1.0.0	NT=invertebrates;VV=v1.1.0
PXD027068_NCB4509A20LC2_D3_NCB4509A20LC3-40-215754	Caenorhabditis elegans	gut, muscle, skin, and nervous system	neurons (including AFD neurons)	232	PXD027068_NCB4509A20LC2_D3_NCB4509A20LC3-40-215754_assay	proteomic profiling by mass spectrometry	data-dependent acquisition	NT=label free sample;AC=MS:1002038	1	1	not available	NT=Trypsin;AC=MS:1001251	NT=Carbamidomethyl;AC=UNIMOD:4;TA=C;MT=Fixed	NT=Oxidation;AC=UNIMOD:21;TA=M;MT=Variable	NT=Acetyl;AC=UNIMOD:2;TA=Protein N-term;MT=Variable	NT=Deamidation;AC=UNIMOD:7;TA=NQ;MT=Variable	NT=Gln->pyro-Glu;AC=UNIMOD:28;TA=Q;MT=Variable	NT=Phospho;AC=UNIMOD:21;TA=STY;MT=Variable	NT=K-Biot;AC=null;TA=K;MT=Variable	NT=N-termBiot;AC=null;TA=Protein N-terminus;MT=Variable	not available	not available	not available	not available	not available	not available	2 h	22 °C	NCB4509A20LC2_D3_NCB4509A20LC3-40-215754.raw	NT=ms-proteomics;VV=v1.1.0	NT=crosslinking;VV=v1.0.0	NT=invertebrates;VV=v1.1.0
PXD027068_NCB4510A30LC2_B6_NCB4510A30LC2-40-216357	Caenorhabditis elegans	gut, muscle, skin, and nervous system	neurons (including AFD neurons)	233	PXD027068_NCB4510A30LC2_B6_NCB4510A30LC2-40-216357_assay	proteomic profiling by mass spectrometry	data-dependent acquisition	NT=label free sample;AC=MS:1002038	1	1	not available	NT=Trypsin;AC=MS:1001251	NT=Carbamidomethyl;AC=UNIMOD:4;TA=C;MT=Fixed	NT=Oxidation;AC=UNIMOD:21;TA=M;MT=Variable	NT=Acetyl;AC=UNIMOD:2;TA=Protein N-term;MT=Variable	NT=Deamidation;AC=UNIMOD:7;TA=NQ;MT=Variable	NT=Gln->pyro-Glu;AC=UNIMOD:28;TA=Q;MT=Variable	NT=Phospho;AC=UNIMOD:21;TA=STY;MT=Variable	NT=K-Biot;AC=null;TA=K;MT=Variable	NT=N-termBiot;AC=null;TA=Protein N-terminus;MT=Variable	not available	not available	not available	not available	not available	not available	2 h	22 °C	NCB4510A30LC2_B6_NCB4510A30LC2-40-216357.raw	NT=ms-proteomics;VV=v1.1.0	NT=crosslinking;VV=v1.0.0	NT=invertebrates;VV=v1.1.0
PXD027068_NCB4460A6LC3_F1_NCB4460A6LC3-40-210637	Caenorhabditis elegans	gut, muscle, skin, and nervous system	neurons (including AFD neurons)	234	PXD027068_NCB4460A6LC3_F1_NCB4460A6LC3-40-210637_assay	proteomic profiling by mass spectrometry	data-dependent acquisition	NT=label free sample;AC=MS:1002038	1	1	not available	NT=Trypsin;AC=MS:1001251	NT=Carbamidomethyl;AC=UNIMOD:4;TA=C;MT=Fixed	NT=Oxidation;AC=UNIMOD:21;TA=M;MT=Variable	NT=Acetyl;AC=UNIMOD:2;TA=Protein N-term;MT=Variable	NT=Deamidation;AC=UNIMOD:7;TA=NQ;MT=Variable	NT=Gln->pyro-Glu;AC=UNIMOD:28;TA=Q;MT=Variable	NT=Phospho;AC=UNIMOD:21;TA=STY;MT=Variable	NT=K-Biot;AC=null;TA=K;MT=Variable	NT=N-termBiot;AC=null;TA=Protein N-terminus;MT=Variable	not available	not available	not available	not available	not available	not available	2 h	22 °C	NCB4460A6LC3_F1_NCB4460A6LC3-40-210637.raw	NT=ms-proteomics;VV=v1.1.0	NT=crosslinking;VV=v1.0.0	NT=invertebrates;VV=v1.1.0
PXD027068_NCB4510A53LC2_E10_NCB4510A53LC2-40-216380	Caenorhabditis elegans	gut, muscle, skin, and nervous system	neurons (including AFD neurons)	235	PXD027068_NCB4510A53LC2_E10_NCB4510A53LC2-40-216380_assay	proteomic profiling by mass spectrometry	data-dependent acquisition	NT=label free sample;AC=MS:1002038	1	1	not available	NT=Trypsin;AC=MS:1001251	NT=Carbamidomethyl;AC=UNIMOD:4;TA=C;MT=Fixed	NT=Oxidation;AC=UNIMOD:21;TA=M;MT=Variable	NT=Acetyl;AC=UNIMOD:2;TA=Protein N-term;MT=Variable	NT=Deamidation;AC=UNIMOD:7;TA=NQ;MT=Variable	NT=Gln->pyro-Glu;AC=UNIMOD:28;TA=Q;MT=Variable	NT=Phospho;AC=UNIMOD:21;TA=STY;MT=Variable	NT=K-Biot;AC=null;TA=K;MT=Variable	NT=N-termBiot;AC=null;TA=Protein N-terminus;MT=Variable	not available	not available	not available	not available	not available	not available	2 h	22 °C	NCB4510A53LC2_E10_NCB4510A53LC2-40-216380.raw	NT=ms-proteomics;VV=v1.1.0	NT=crosslinking;VV=v1.0.0	NT=invertebrates;VV=v1.1.0
PXD027068_NCB4497A36LC2_H6_NCB4497A36LC2-40-215367	Caenorhabditis elegans	gut, muscle, skin, and nervous system	neurons (including AFD neurons)	236	PXD027068_NCB4497A36LC2_H6_NCB4497A36LC2-40-215367_assay	proteomic profiling by mass spectrometry	data-dependent acquisition	NT=label free sample;AC=MS:1002038	1	1	not available	NT=Trypsin;AC=MS:1001251	NT=Carbamidomethyl;AC=UNIMOD:4;TA=C;MT=Fixed	NT=Oxidation;AC=UNIMOD:21;TA=M;MT=Variable	NT=Acetyl;AC=UNIMOD:2;TA=Protein N-term;MT=Variable	NT=Deamidation;AC=UNIMOD:7;TA=NQ;MT=Variable	NT=Gln->pyro-Glu;AC=UNIMOD:28;TA=Q;MT=Variable	NT=Phospho;AC=UNIMOD:21;TA=STY;MT=Variable	NT=K-Biot;AC=null;TA=K;MT=Variable	NT=N-termBiot;AC=null;TA=Protein N-terminus;MT=Variable	not available	not available	not available	not available	not available	not available	2 h	22 °C	NCB4497A36LC2_H6_NCB4497A36LC2-40-215367.raw	NT=ms-proteomics;VV=v1.1.0	NT=crosslinking;VV=v1.0.0	NT=invertebrates;VV=v1.1.0
PXD027068_NCB4461A43LC3_C6_NCB4461A43LC3-40-210662	Caenorhabditis elegans	gut, muscle, skin, and nervous system	neurons (including AFD neurons)	237	PXD027068_NCB4461A43LC3_C6_NCB4461A43LC3-40-210662_assay	proteomic profiling by mass spectrometry	data-dependent acquisition	NT=label free sample;AC=MS:1002038	1	1	not available	NT=Trypsin;AC=MS:1001251	NT=Carbamidomethyl;AC=UNIMOD:4;TA=C;MT=Fixed	NT=Oxidation;AC=UNIMOD:21;TA=M;MT=Variable	NT=Acetyl;AC=UNIMOD:2;TA=Protein N-term;MT=Variable	NT=Deamidation;AC=UNIMOD:7;TA=NQ;MT=Variable	NT=Gln->pyro-Glu;AC=UNIMOD:28;TA=Q;MT=Variable	NT=Phospho;AC=UNIMOD:21;TA=STY;MT=Variable	NT=K-Biot;AC=null;TA=K;MT=Variable	NT=N-termBiot;AC=null;TA=Protein N-terminus;MT=Variable	not available	not available	not available	not available	not available	not available	2 h	22 °C	NCB4461A43LC3_C6_NCB4461A43LC3-40-210662.raw	NT=ms-proteomics;VV=v1.1.0	NT=crosslinking;VV=v1.0.0	NT=invertebrates;VV=v1.1.0
PXD027068_NCB4460A51LC3_C7_NCB4460A51LC3-40-210546	Caenorhabditis elegans	gut, muscle, skin, and nervous system	neurons (including AFD neurons)	238	PXD027068_NCB4460A51LC3_C7_NCB4460A51LC3-40-210546_assay	proteomic profiling by mass spectrometry	data-dependent acquisition	NT=label free sample;AC=MS:1002038	1	1	not available	NT=Trypsin;AC=MS:1001251	NT=Carbamidomethyl;AC=UNIMOD:4;TA=C;MT=Fixed	NT=Oxidation;AC=UNIMOD:21;TA=M;MT=Variable	NT=Acetyl;AC=UNIMOD:2;TA=Protein N-term;MT=Variable	NT=Deamidation;AC=UNIMOD:7;TA=NQ;MT=Variable	NT=Gln->pyro-Glu;AC=UNIMOD:28;TA=Q;MT=Variable	NT=Phospho;AC=UNIMOD:21;TA=STY;MT=Variable	NT=K-Biot;AC=null;TA=K;MT=Variable	NT=N-termBiot;AC=null;TA=Protein N-terminus;MT=Variable	not available	not available	not available	not available	not available	not available	2 h	22 °C	NCB4460A51LC3_C7_NCB4460A51LC3-40-210546.raw	NT=ms-proteomics;VV=v1.1.0	NT=crosslinking;VV=v1.0.0	NT=invertebrates;VV=v1.1.0
PXD027068_NCB4510A15LC2_G2_NCB4510A15LC2-40-216242	Caenorhabditis elegans	gut, muscle, skin, and nervous system	neurons (including AFD neurons)	239	PXD027068_NCB4510A15LC2_G2_NCB4510A15LC2-40-216242_assay	proteomic profiling by mass spectrometry	data-dependent acquisition	NT=label free sample;AC=MS:1002038	1	1	not available	NT=Trypsin;AC=MS:1001251	NT=Carbamidomethyl;AC=UNIMOD:4;TA=C;MT=Fixed	NT=Oxidation;AC=UNIMOD:21;TA=M;MT=Variable	NT=Acetyl;AC=UNIMOD:2;TA=Protein N-term;MT=Variable	NT=Deamidation;AC=UNIMOD:7;TA=NQ;MT=Variable	NT=Gln->pyro-Glu;AC=UNIMOD:28;TA=Q;MT=Variable	NT=Phospho;AC=UNIMOD:21;TA=STY;MT=Variable	NT=K-Biot;AC=null;TA=K;MT=Variable	NT=N-termBiot;AC=null;TA=Protein N-terminus;MT=Variable	not available	not available	not available	not available	not available	not available	2 h	22 °C	NCB4510A15LC2_G2_NCB4510A15LC2-40-216242.raw	NT=ms-proteomics;VV=v1.1.0	NT=crosslinking;VV=v1.0.0	NT=invertebrates;VV=v1.1.0
PXD027068_NCB4496A75LC3_C10_NCB4496A75LC3-40-214552	Caenorhabditis elegans	gut, muscle, skin, and nervous system	neurons (including AFD neurons)	240	PXD027068_NCB4496A75LC3_C10_NCB4496A75LC3-40-214552_assay	proteomic profiling by mass spectrometry	data-dependent acquisition	NT=label free sample;AC=MS:1002038	1	1	not available	NT=Trypsin;AC=MS:1001251	NT=Carbamidomethyl;AC=UNIMOD:4;TA=C;MT=Fixed	NT=Oxidation;AC=UNIMOD:21;TA=M;MT=Variable	NT=Acetyl;AC=UNIMOD:2;TA=Protein N-term;MT=Variable	NT=Deamidation;AC=UNIMOD:7;TA=NQ;MT=Variable	NT=Gln->pyro-Glu;AC=UNIMOD:28;TA=Q;MT=Variable	NT=Phospho;AC=UNIMOD:21;TA=STY;MT=Variable	NT=K-Biot;AC=null;TA=K;MT=Variable	NT=N-termBiot;AC=null;TA=Protein N-terminus;MT=Variable	not available	not available	not available	not available	not available	not available	2 h	22 °C	NCB4496A75LC3_C10_NCB4496A75LC3-40-214552.raw	NT=ms-proteomics;VV=v1.1.0	NT=crosslinking;VV=v1.0.0	NT=invertebrates;VV=v1.1.0
PXD027068_NCB4496A69LC3_E9_NCB4496A69LC3-40-214346	Caenorhabditis elegans	gut, muscle, skin, and nervous system	neurons (including AFD neurons)	241	PXD027068_NCB4496A69LC3_E9_NCB4496A69LC3-40-214346_assay	proteomic profiling by mass spectrometry	data-dependent acquisition	NT=label free sample;AC=MS:1002038	1	1	not available	NT=Trypsin;AC=MS:1001251	NT=Carbamidomethyl;AC=UNIMOD:4;TA=C;MT=Fixed	NT=Oxidation;AC=UNIMOD:21;TA=M;MT=Variable	NT=Acetyl;AC=UNIMOD:2;TA=Protein N-term;MT=Variable	NT=Deamidation;AC=UNIMOD:7;TA=NQ;MT=Variable	NT=Gln->pyro-Glu;AC=UNIMOD:28;TA=Q;MT=Variable	NT=Phospho;AC=UNIMOD:21;TA=STY;MT=Variable	NT=K-Biot;AC=null;TA=K;MT=Variable	NT=N-termBiot;AC=null;TA=Protein N-terminus;MT=Variable	not available	not available	not available	not available	not available	not available	2 h	22 °C	NCB4496A69LC3_E9_NCB4496A69LC3-40-214346.raw	NT=ms-proteomics;VV=v1.1.0	NT=crosslinking;VV=v1.0.0	NT=invertebrates;VV=v1.1.0
PXD027068_NCB4459A125LC3_A6_NCB4459A125LC3-40-209072	Caenorhabditis elegans	gut, muscle, skin, and nervous system	neurons (including AFD neurons)	242	PXD027068_NCB4459A125LC3_A6_NCB4459A125LC3-40-209072_assay	proteomic profiling by mass spectrometry	data-dependent acquisition	NT=label free sample;AC=MS:1002038	1	1	not available	NT=Trypsin;AC=MS:1001251	NT=Carbamidomethyl;AC=UNIMOD:4;TA=C;MT=Fixed	NT=Oxidation;AC=UNIMOD:21;TA=M;MT=Variable	NT=Acetyl;AC=UNIMOD:2;TA=Protein N-term;MT=Variable	NT=Deamidation;AC=UNIMOD:7;TA=NQ;MT=Variable	NT=Gln->pyro-Glu;AC=UNIMOD:28;TA=Q;MT=Variable	NT=Phospho;AC=UNIMOD:21;TA=STY;MT=Variable	NT=K-Biot;AC=null;TA=K;MT=Variable	NT=N-termBiot;AC=null;TA=Protein N-terminus;MT=Variable	not available	not available	not available	not available	not available	not available	2 h	22 °C	NCB4459A125LC3_A6_NCB4459A125LC3-40-209072.raw	NT=ms-proteomics;VV=v1.1.0	NT=crosslinking;VV=v1.0.0	NT=invertebrates;VV=v1.1.0
PXD027068_NCB4497A9LC2_A2_NCB4497A9LC2-40-215398	Caenorhabditis elegans	gut, muscle, skin, and nervous system	neurons (including AFD neurons)	243	PXD027068_NCB4497A9LC2_A2_NCB4497A9LC2-40-215398_assay	proteomic profiling by mass spectrometry	data-dependent acquisition	NT=label free sample;AC=MS:1002038	1	1	not available	NT=Trypsin;AC=MS:1001251	NT=Carbamidomethyl;AC=UNIMOD:4;TA=C;MT=Fixed	NT=Oxidation;AC=UNIMOD:21;TA=M;MT=Variable	NT=Acetyl;AC=UNIMOD:2;TA=Protein N-term;MT=Variable	NT=Deamidation;AC=UNIMOD:7;TA=NQ;MT=Variable	NT=Gln->pyro-Glu;AC=UNIMOD:28;TA=Q;MT=Variable	NT=Phospho;AC=UNIMOD:21;TA=STY;MT=Variable	NT=K-Biot;AC=null;TA=K;MT=Variable	NT=N-termBiot;AC=null;TA=Protein N-terminus;MT=Variable	not available	not available	not available	not available	not available	not available	2 h	22 °C	NCB4497A9LC2_A2_NCB4497A9LC2-40-215398.raw	NT=ms-proteomics;VV=v1.1.0	NT=crosslinking;VV=v1.0.0	NT=invertebrates;VV=v1.1.0
PXD027068_NCB4580A26LC2_F5	Caenorhabditis elegans	gut, muscle, skin, and nervous system	neurons (including AFD neurons)	6	PXD027068_NCB4580A26LC2_F5_assay	proteomic profiling by mass spectrometry	data-dependent acquisition	NT=label free sample;AC=MS:1002038	5	1	not available	NT=Trypsin;AC=MS:1001251	NT=Carbamidomethyl;AC=UNIMOD:4;TA=C;MT=Fixed	NT=Oxidation;AC=UNIMOD:21;TA=M;MT=Variable	NT=Acetyl;AC=UNIMOD:2;TA=Protein N-term;MT=Variable	NT=Deamidation;AC=UNIMOD:7;TA=NQ;MT=Variable	NT=Gln->pyro-Glu;AC=UNIMOD:28;TA=Q;MT=Variable	NT=Phospho;AC=UNIMOD:21;TA=STY;MT=Variable	NT=K-Biot;AC=null;TA=K;MT=Variable	NT=N-termBiot;AC=null;TA=Protein N-terminus;MT=Variable	not available	not available	not available	not available	not available	not available	2 h	22 °C	NCB4580A26LC2_F5.raw	NT=ms-proteomics;VV=v1.1.0	NT=crosslinking;VV=v1.0.0	NT=invertebrates;VV=v1.1.0
PXD027068_NCB4509A6LC2_F1_NCB4509A6LC3-40-215640	Caenorhabditis elegans	gut, muscle, skin, and nervous system	neurons (including AFD neurons)	244	PXD027068_NCB4509A6LC2_F1_NCB4509A6LC3-40-215640_assay	proteomic profiling by mass spectrometry	data-dependent acquisition	NT=label free sample;AC=MS:1002038	1	1	not available	NT=Trypsin;AC=MS:1001251	NT=Carbamidomethyl;AC=UNIMOD:4;TA=C;MT=Fixed	NT=Oxidation;AC=UNIMOD:21;TA=M;MT=Variable	NT=Acetyl;AC=UNIMOD:2;TA=Protein N-term;MT=Variable	NT=Deamidation;AC=UNIMOD:7;TA=NQ;MT=Variable	NT=Gln->pyro-Glu;AC=UNIMOD:28;TA=Q;MT=Variable	NT=Phospho;AC=UNIMOD:21;TA=STY;MT=Variable	NT=K-Biot;AC=null;TA=K;MT=Variable	NT=N-termBiot;AC=null;TA=Protein N-terminus;MT=Variable	not available	not available	not available	not available	not available	not available	2 h	22 °C	NCB4509A6LC2_F1_NCB4509A6LC3-40-215640.raw	NT=ms-proteomics;VV=v1.1.0	NT=crosslinking;VV=v1.0.0	NT=invertebrates;VV=v1.1.0
PXD027068_NCB4509A9LC2_A2_NCB4509A9LC3-40-215643	Caenorhabditis elegans	gut, muscle, skin, and nervous system	neurons (including AFD neurons)	245	PXD027068_NCB4509A9LC2_A2_NCB4509A9LC3-40-215643_assay	proteomic profiling by mass spectrometry	data-dependent acquisition	NT=label free sample;AC=MS:1002038	1	1	not available	NT=Trypsin;AC=MS:1001251	NT=Carbamidomethyl;AC=UNIMOD:4;TA=C;MT=Fixed	NT=Oxidation;AC=UNIMOD:21;TA=M;MT=Variable	NT=Acetyl;AC=UNIMOD:2;TA=Protein N-term;MT=Variable	NT=Deamidation;AC=UNIMOD:7;TA=NQ;MT=Variable	NT=Gln->pyro-Glu;AC=UNIMOD:28;TA=Q;MT=Variable	NT=Phospho;AC=UNIMOD:21;TA=STY;MT=Variable	NT=K-Biot;AC=null;TA=K;MT=Variable	NT=N-termBiot;AC=null;TA=Protein N-terminus;MT=Variable	not available	not available	not available	not available	not available	not available	2 h	22 °C	NCB4509A9LC2_A2_NCB4509A9LC3-40-215643.raw	NT=ms-proteomics;VV=v1.1.0	NT=crosslinking;VV=v1.0.0	NT=invertebrates;VV=v1.1.0
PXD027068_NCB4509A10LC2_B2_NCB4509A10LC3-40-215644	Caenorhabditis elegans	gut, muscle, skin, and nervous system	neurons (including AFD neurons)	246	PXD027068_NCB4509A10LC2_B2_NCB4509A10LC3-40-215644_assay	proteomic profiling by mass spectrometry	data-dependent acquisition	NT=label free sample;AC=MS:1002038	1	1	not available	NT=Trypsin;AC=MS:1001251	NT=Carbamidomethyl;AC=UNIMOD:4;TA=C;MT=Fixed	NT=Oxidation;AC=UNIMOD:21;TA=M;MT=Variable	NT=Acetyl;AC=UNIMOD:2;TA=Protein N-term;MT=Variable	NT=Deamidation;AC=UNIMOD:7;TA=NQ;MT=Variable	NT=Gln->pyro-Glu;AC=UNIMOD:28;TA=Q;MT=Variable	NT=Phospho;AC=UNIMOD:21;TA=STY;MT=Variable	NT=K-Biot;AC=null;TA=K;MT=Variable	NT=N-termBiot;AC=null;TA=Protein N-terminus;MT=Variable	not available	not available	not available	not available	not available	not available	2 h	22 °C	NCB4509A10LC2_B2_NCB4509A10LC3-40-215644.raw	NT=ms-proteomics;VV=v1.1.0	NT=crosslinking;VV=v1.0.0	NT=invertebrates;VV=v1.1.0
PXD027068_NCB4496A12LC3_D2_NCB4496A12LC3-40-211903	Caenorhabditis elegans	gut, muscle, skin, and nervous system	neurons (including AFD neurons)	247	PXD027068_NCB4496A12LC3_D2_NCB4496A12LC3-40-211903_assay	proteomic profiling by mass spectrometry	data-dependent acquisition	NT=label free sample;AC=MS:1002038	1	1	not available	NT=Trypsin;AC=MS:1001251	NT=Carbamidomethyl;AC=UNIMOD:4;TA=C;MT=Fixed	NT=Oxidation;AC=UNIMOD:21;TA=M;MT=Variable	NT=Acetyl;AC=UNIMOD:2;TA=Protein N-term;MT=Variable	NT=Deamidation;AC=UNIMOD:7;TA=NQ;MT=Variable	NT=Gln->pyro-Glu;AC=UNIMOD:28;TA=Q;MT=Variable	NT=Phospho;AC=UNIMOD:21;TA=STY;MT=Variable	NT=K-Biot;AC=null;TA=K;MT=Variable	NT=N-termBiot;AC=null;TA=Protein N-terminus;MT=Variable	not available	not available	not available	not available	not available	not available	2 h	22 °C	NCB4496A12LC3_D2_NCB4496A12LC3-40-211903.raw	NT=ms-proteomics;VV=v1.1.0	NT=crosslinking;VV=v1.0.0	NT=invertebrates;VV=v1.1.0
PXD027068_NCB4580A33LC2_E6	Caenorhabditis elegans	gut, muscle, skin, and nervous system	neurons (including AFD neurons)	248	PXD027068_NCB4580A33LC2_E6_assay	proteomic profiling by mass spectrometry	data-dependent acquisition	NT=label free sample;AC=MS:1002038	1	1	not available	NT=Trypsin;AC=MS:1001251	NT=Carbamidomethyl;AC=UNIMOD:4;TA=C;MT=Fixed	NT=Oxidation;AC=UNIMOD:21;TA=M;MT=Variable	NT=Acetyl;AC=UNIMOD:2;TA=Protein N-term;MT=Variable	NT=Deamidation;AC=UNIMOD:7;TA=NQ;MT=Variable	NT=Gln->pyro-Glu;AC=UNIMOD:28;TA=Q;MT=Variable	NT=Phospho;AC=UNIMOD:21;TA=STY;MT=Variable	NT=K-Biot;AC=null;TA=K;MT=Variable	NT=N-termBiot;AC=null;TA=Protein N-terminus;MT=Variable	not available	not available	not available	not available	not available	not available	2 h	22 °C	NCB4580A33LC2_E6.raw	NT=ms-proteomics;VV=v1.1.0	NT=crosslinking;VV=v1.0.0	NT=invertebrates;VV=v1.1.0
PXD027068_NCB4510A59LC2_C11_NCB4510A59LC2-40-216386	Caenorhabditis elegans	gut, muscle, skin, and nervous system	neurons (including AFD neurons)	249	PXD027068_NCB4510A59LC2_C11_NCB4510A59LC2-40-216386_assay	proteomic profiling by mass spectrometry	data-dependent acquisition	NT=label free sample;AC=MS:1002038	1	1	not available	NT=Trypsin;AC=MS:1001251	NT=Carbamidomethyl;AC=UNIMOD:4;TA=C;MT=Fixed	NT=Oxidation;AC=UNIMOD:21;TA=M;MT=Variable	NT=Acetyl;AC=UNIMOD:2;TA=Protein N-term;MT=Variable	NT=Deamidation;AC=UNIMOD:7;TA=NQ;MT=Variable	NT=Gln->pyro-Glu;AC=UNIMOD:28;TA=Q;MT=Variable	NT=Phospho;AC=UNIMOD:21;TA=STY;MT=Variable	NT=K-Biot;AC=null;TA=K;MT=Variable	NT=N-termBiot;AC=null;TA=Protein N-terminus;MT=Variable	not available	not available	not available	not available	not available	not available	2 h	22 °C	NCB4510A59LC2_C11_NCB4510A59LC2-40-216386.raw	NT=ms-proteomics;VV=v1.1.0	NT=crosslinking;VV=v1.0.0	NT=invertebrates;VV=v1.1.0
PXD027068_NCB4509A22LC2_B5_NCB4509A34LC3-40-215846	Caenorhabditis elegans	gut, muscle, skin, and nervous system	neurons (including AFD neurons)	250	PXD027068_NCB4509A22LC2_B5_NCB4509A34LC3-40-215846_assay	proteomic profiling by mass spectrometry	data-dependent acquisition	NT=label free sample;AC=MS:1002038	1	1	not available	NT=Trypsin;AC=MS:1001251	NT=Carbamidomethyl;AC=UNIMOD:4;TA=C;MT=Fixed	NT=Oxidation;AC=UNIMOD:21;TA=M;MT=Variable	NT=Acetyl;AC=UNIMOD:2;TA=Protein N-term;MT=Variable	NT=Deamidation;AC=UNIMOD:7;TA=NQ;MT=Variable	NT=Gln->pyro-Glu;AC=UNIMOD:28;TA=Q;MT=Variable	NT=Phospho;AC=UNIMOD:21;TA=STY;MT=Variable	NT=K-Biot;AC=null;TA=K;MT=Variable	NT=N-termBiot;AC=null;TA=Protein N-terminus;MT=Variable	not available	not available	not available	not available	not available	not available	2 h	22 °C	NCB4509A22LC2_B5_NCB4509A34LC3-40-215846.raw	NT=ms-proteomics;VV=v1.1.0	NT=crosslinking;VV=v1.0.0	NT=invertebrates;VV=v1.1.0
PXD027068_NCB4461A9LC3_A2_NCB4461A9LC3-40-209148	Caenorhabditis elegans	gut, muscle, skin, and nervous system	neurons (including AFD neurons)	251	PXD027068_NCB4461A9LC3_A2_NCB4461A9LC3-40-209148_assay	proteomic profiling by mass spectrometry	data-dependent acquisition	NT=label free sample;AC=MS:1002038	1	1	not available	NT=Trypsin;AC=MS:1001251	NT=Carbamidomethyl;AC=UNIMOD:4;TA=C;MT=Fixed	NT=Oxidation;AC=UNIMOD:21;TA=M;MT=Variable	NT=Acetyl;AC=UNIMOD:2;TA=Protein N-term;MT=Variable	NT=Deamidation;AC=UNIMOD:7;TA=NQ;MT=Variable	NT=Gln->pyro-Glu;AC=UNIMOD:28;TA=Q;MT=Variable	NT=Phospho;AC=UNIMOD:21;TA=STY;MT=Variable	NT=K-Biot;AC=null;TA=K;MT=Variable	NT=N-termBiot;AC=null;TA=Protein N-terminus;MT=Variable	not available	not available	not available	not available	not available	not available	2 h	22 °C	NCB4461A9LC3_A2_NCB4461A9LC3-40-209148.raw	NT=ms-proteomics;VV=v1.1.0	NT=crosslinking;VV=v1.0.0	NT=invertebrates;VV=v1.1.0
PXD027068_NCB4460A11LC3_C2_NCB4460A11LC3-40-210641	Caenorhabditis elegans	gut, muscle, skin, and nervous system	neurons (including AFD neurons)	252	PXD027068_NCB4460A11LC3_C2_NCB4460A11LC3-40-210641_assay	proteomic profiling by mass spectrometry	data-dependent acquisition	NT=label free sample;AC=MS:1002038	1	1	not available	NT=Trypsin;AC=MS:1001251	NT=Carbamidomethyl;AC=UNIMOD:4;TA=C;MT=Fixed	NT=Oxidation;AC=UNIMOD:21;TA=M;MT=Variable	NT=Acetyl;AC=UNIMOD:2;TA=Protein N-term;MT=Variable	NT=Deamidation;AC=UNIMOD:7;TA=NQ;MT=Variable	NT=Gln->pyro-Glu;AC=UNIMOD:28;TA=Q;MT=Variable	NT=Phospho;AC=UNIMOD:21;TA=STY;MT=Variable	NT=K-Biot;AC=null;TA=K;MT=Variable	NT=N-termBiot;AC=null;TA=Protein N-terminus;MT=Variable	not available	not available	not available	not available	not available	not available	2 h	22 °C	NCB4460A11LC3_C2_NCB4460A11LC3-40-210641.raw	NT=ms-proteomics;VV=v1.1.0	NT=crosslinking;VV=v1.0.0	NT=invertebrates;VV=v1.1.0
PXD027068_NCB4460A35LC3_C5_NCB4460A35LC3-40-211326	Caenorhabditis elegans	gut, muscle, skin, and nervous system	neurons (including AFD neurons)	253	PXD027068_NCB4460A35LC3_C5_NCB4460A35LC3-40-211326_assay	proteomic profiling by mass spectrometry	data-dependent acquisition	NT=label free sample;AC=MS:1002038	1	1	not available	NT=Trypsin;AC=MS:1001251	NT=Carbamidomethyl;AC=UNIMOD:4;TA=C;MT=Fixed	NT=Oxidation;AC=UNIMOD:21;TA=M;MT=Variable	NT=Acetyl;AC=UNIMOD:2;TA=Protein N-term;MT=Variable	NT=Deamidation;AC=UNIMOD:7;TA=NQ;MT=Variable	NT=Gln->pyro-Glu;AC=UNIMOD:28;TA=Q;MT=Variable	NT=Phospho;AC=UNIMOD:21;TA=STY;MT=Variable	NT=K-Biot;AC=null;TA=K;MT=Variable	NT=N-termBiot;AC=null;TA=Protein N-terminus;MT=Variable	not available	not available	not available	not available	not available	not available	2 h	22 °C	NCB4460A35LC3_C5_NCB4460A35LC3-40-211326.raw	NT=ms-proteomics;VV=v1.1.0	NT=crosslinking;VV=v1.0.0	NT=invertebrates;VV=v1.1.0
PXD027068_NCB4510A3LC2_C1_NCB4510A3LC2-40-216230	Caenorhabditis elegans	gut, muscle, skin, and nervous system	neurons (including AFD neurons)	254	PXD027068_NCB4510A3LC2_C1_NCB4510A3LC2-40-216230_assay	proteomic profiling by mass spectrometry	data-dependent acquisition	NT=label free sample;AC=MS:1002038	1	1	not available	NT=Trypsin;AC=MS:1001251	NT=Carbamidomethyl;AC=UNIMOD:4;TA=C;MT=Fixed	NT=Oxidation;AC=UNIMOD:21;TA=M;MT=Variable	NT=Acetyl;AC=UNIMOD:2;TA=Protein N-term;MT=Variable	NT=Deamidation;AC=UNIMOD:7;TA=NQ;MT=Variable	NT=Gln->pyro-Glu;AC=UNIMOD:28;TA=Q;MT=Variable	NT=Phospho;AC=UNIMOD:21;TA=STY;MT=Variable	NT=K-Biot;AC=null;TA=K;MT=Variable	NT=N-termBiot;AC=null;TA=Protein N-terminus;MT=Variable	not available	not available	not available	not available	not available	not available	2 h	22 °C	NCB4510A3LC2_C1_NCB4510A3LC2-40-216230.raw	NT=ms-proteomics;VV=v1.1.0	NT=crosslinking;VV=v1.0.0	NT=invertebrates;VV=v1.1.0
PXD027068_NCB4461A6LC3_F1_NCB4461A6LC3-40-209145	Caenorhabditis elegans	gut, muscle, skin, and nervous system	neurons (including AFD neurons)	255	PXD027068_NCB4461A6LC3_F1_NCB4461A6LC3-40-209145_assay	proteomic profiling by mass spectrometry	data-dependent acquisition	NT=label free sample;AC=MS:1002038	1	1	not available	NT=Trypsin;AC=MS:1001251	NT=Carbamidomethyl;AC=UNIMOD:4;TA=C;MT=Fixed	NT=Oxidation;AC=UNIMOD:21;TA=M;MT=Variable	NT=Acetyl;AC=UNIMOD:2;TA=Protein N-term;MT=Variable	NT=Deamidation;AC=UNIMOD:7;TA=NQ;MT=Variable	NT=Gln->pyro-Glu;AC=UNIMOD:28;TA=Q;MT=Variable	NT=Phospho;AC=UNIMOD:21;TA=STY;MT=Variable	NT=K-Biot;AC=null;TA=K;MT=Variable	NT=N-termBiot;AC=null;TA=Protein N-terminus;MT=Variable	not available	not available	not available	not available	not available	not available	2 h	22 °C	NCB4461A6LC3_F1_NCB4461A6LC3-40-209145.raw	NT=ms-proteomics;VV=v1.1.0	NT=crosslinking;VV=v1.0.0	NT=invertebrates;VV=v1.1.0
PXD027068_NCB4461A47LC3_G6_NCB4461A47LC3-40-210666	Caenorhabditis elegans	gut, muscle, skin, and nervous system	neurons (including AFD neurons)	256	PXD027068_NCB4461A47LC3_G6_NCB4461A47LC3-40-210666_assay	proteomic profiling by mass spectrometry	data-dependent acquisition	NT=label free sample;AC=MS:1002038	1	1	not available	NT=Trypsin;AC=MS:1001251	NT=Carbamidomethyl;AC=UNIMOD:4;TA=C;MT=Fixed	NT=Oxidation;AC=UNIMOD:21;TA=M;MT=Variable	NT=Acetyl;AC=UNIMOD:2;TA=Protein N-term;MT=Variable	NT=Deamidation;AC=UNIMOD:7;TA=NQ;MT=Variable	NT=Gln->pyro-Glu;AC=UNIMOD:28;TA=Q;MT=Variable	NT=Phospho;AC=UNIMOD:21;TA=STY;MT=Variable	NT=K-Biot;AC=null;TA=K;MT=Variable	NT=N-termBiot;AC=null;TA=Protein N-terminus;MT=Variable	not available	not available	not available	not available	not available	not available	2 h	22 °C	NCB4461A47LC3_G6_NCB4461A47LC3-40-210666.raw	NT=ms-proteomics;VV=v1.1.0	NT=crosslinking;VV=v1.0.0	NT=invertebrates;VV=v1.1.0
PXD027068_NCB4509A27LC2_G5_NCB4509A39LC3-40-215851	Caenorhabditis elegans	gut, muscle, skin, and nervous system	neurons (including AFD neurons)	257	PXD027068_NCB4509A27LC2_G5_NCB4509A39LC3-40-215851_assay	proteomic profiling by mass spectrometry	data-dependent acquisition	NT=label free sample;AC=MS:1002038	1	1	not available	NT=Trypsin;AC=MS:1001251	NT=Carbamidomethyl;AC=UNIMOD:4;TA=C;MT=Fixed	NT=Oxidation;AC=UNIMOD:21;TA=M;MT=Variable	NT=Acetyl;AC=UNIMOD:2;TA=Protein N-term;MT=Variable	NT=Deamidation;AC=UNIMOD:7;TA=NQ;MT=Variable	NT=Gln->pyro-Glu;AC=UNIMOD:28;TA=Q;MT=Variable	NT=Phospho;AC=UNIMOD:21;TA=STY;MT=Variable	NT=K-Biot;AC=null;TA=K;MT=Variable	NT=N-termBiot;AC=null;TA=Protein N-terminus;MT=Variable	not available	not available	not available	not available	not available	not available	2 h	22 °C	NCB4509A27LC2_G5_NCB4509A39LC3-40-215851.raw	NT=ms-proteomics;VV=v1.1.0	NT=crosslinking;VV=v1.0.0	NT=invertebrates;VV=v1.1.0
PXD027068_NCB4510A44LC2_D9_NCB4510A44LC2-40-216371	Caenorhabditis elegans	gut, muscle, skin, and nervous system	neurons (including AFD neurons)	258	PXD027068_NCB4510A44LC2_D9_NCB4510A44LC2-40-216371_assay	proteomic profiling by mass spectrometry	data-dependent acquisition	NT=label free sample;AC=MS:1002038	1	1	not available	NT=Trypsin;AC=MS:1001251	NT=Carbamidomethyl;AC=UNIMOD:4;TA=C;MT=Fixed	NT=Oxidation;AC=UNIMOD:21;TA=M;MT=Variable	NT=Acetyl;AC=UNIMOD:2;TA=Protein N-term;MT=Variable	NT=Deamidation;AC=UNIMOD:7;TA=NQ;MT=Variable	NT=Gln->pyro-Glu;AC=UNIMOD:28;TA=Q;MT=Variable	NT=Phospho;AC=UNIMOD:21;TA=STY;MT=Variable	NT=K-Biot;AC=null;TA=K;MT=Variable	NT=N-termBiot;AC=null;TA=Protein N-terminus;MT=Variable	not available	not available	not available	not available	not available	not available	2 h	22 °C	NCB4510A44LC2_D9_NCB4510A44LC2-40-216371.raw	NT=ms-proteomics;VV=v1.1.0	NT=crosslinking;VV=v1.0.0	NT=invertebrates;VV=v1.1.0
PXD027068_NCB4460A79LC3_G10_NCB4460A79LC3-40-211346	Caenorhabditis elegans	gut, muscle, skin, and nervous system	neurons (including AFD neurons)	259	PXD027068_NCB4460A79LC3_G10_NCB4460A79LC3-40-211346_assay	proteomic profiling by mass spectrometry	data-dependent acquisition	NT=label free sample;AC=MS:1002038	1	1	not available	NT=Trypsin;AC=MS:1001251	NT=Carbamidomethyl;AC=UNIMOD:4;TA=C;MT=Fixed	NT=Oxidation;AC=UNIMOD:21;TA=M;MT=Variable	NT=Acetyl;AC=UNIMOD:2;TA=Protein N-term;MT=Variable	NT=Deamidation;AC=UNIMOD:7;TA=NQ;MT=Variable	NT=Gln->pyro-Glu;AC=UNIMOD:28;TA=Q;MT=Variable	NT=Phospho;AC=UNIMOD:21;TA=STY;MT=Variable	NT=K-Biot;AC=null;TA=K;MT=Variable	NT=N-termBiot;AC=null;TA=Protein N-terminus;MT=Variable	not available	not available	not available	not available	not available	not available	2 h	22 °C	NCB4460A79LC3_G10_NCB4460A79LC3-40-211346.raw	NT=ms-proteomics;VV=v1.1.0	NT=crosslinking;VV=v1.0.0	NT=invertebrates;VV=v1.1.0
PXD027068_NCB4496A76LC3_D10_NCB4496A76LC3-40-214553	Caenorhabditis elegans	gut, muscle, skin, and nervous system	neurons (including AFD neurons)	260	PXD027068_NCB4496A76LC3_D10_NCB4496A76LC3-40-214553_assay	proteomic profiling by mass spectrometry	data-dependent acquisition	NT=label free sample;AC=MS:1002038	1	1	not available	NT=Trypsin;AC=MS:1001251	NT=Carbamidomethyl;AC=UNIMOD:4;TA=C;MT=Fixed	NT=Oxidation;AC=UNIMOD:21;TA=M;MT=Variable	NT=Acetyl;AC=UNIMOD:2;TA=Protein N-term;MT=Variable	NT=Deamidation;AC=UNIMOD:7;TA=NQ;MT=Variable	NT=Gln->pyro-Glu;AC=UNIMOD:28;TA=Q;MT=Variable	NT=Phospho;AC=UNIMOD:21;TA=STY;MT=Variable	NT=K-Biot;AC=null;TA=K;MT=Variable	NT=N-termBiot;AC=null;TA=Protein N-terminus;MT=Variable	not available	not available	not available	not available	not available	not available	2 h	22 °C	NCB4496A76LC3_D10_NCB4496A76LC3-40-214553.raw	NT=ms-proteomics;VV=v1.1.0	NT=crosslinking;VV=v1.0.0	NT=invertebrates;VV=v1.1.0
PXD027068_NCB4460A7LC3_G1_NCB4460A7LC3-40-210638	Caenorhabditis elegans	gut, muscle, skin, and nervous system	neurons (including AFD neurons)	261	PXD027068_NCB4460A7LC3_G1_NCB4460A7LC3-40-210638_assay	proteomic profiling by mass spectrometry	data-dependent acquisition	NT=label free sample;AC=MS:1002038	1	1	not available	NT=Trypsin;AC=MS:1001251	NT=Carbamidomethyl;AC=UNIMOD:4;TA=C;MT=Fixed	NT=Oxidation;AC=UNIMOD:21;TA=M;MT=Variable	NT=Acetyl;AC=UNIMOD:2;TA=Protein N-term;MT=Variable	NT=Deamidation;AC=UNIMOD:7;TA=NQ;MT=Variable	NT=Gln->pyro-Glu;AC=UNIMOD:28;TA=Q;MT=Variable	NT=Phospho;AC=UNIMOD:21;TA=STY;MT=Variable	NT=K-Biot;AC=null;TA=K;MT=Variable	NT=N-termBiot;AC=null;TA=Protein N-terminus;MT=Variable	not available	not available	not available	not available	not available	not available	2 h	22 °C	NCB4460A7LC3_G1_NCB4460A7LC3-40-210638.raw	NT=ms-proteomics;VV=v1.1.0	NT=crosslinking;VV=v1.0.0	NT=invertebrates;VV=v1.1.0
PXD027068_NCB4459A157LC3_A10_NCB4459A157LC3-40-209116	Caenorhabditis elegans	gut, muscle, skin, and nervous system	neurons (including AFD neurons)	262	PXD027068_NCB4459A157LC3_A10_NCB4459A157LC3-40-209116_assay	proteomic profiling by mass spectrometry	data-dependent acquisition	NT=label free sample;AC=MS:1002038	1	1	not available	NT=Trypsin;AC=MS:1001251	NT=Carbamidomethyl;AC=UNIMOD:4;TA=C;MT=Fixed	NT=Oxidation;AC=UNIMOD:21;TA=M;MT=Variable	NT=Acetyl;AC=UNIMOD:2;TA=Protein N-term;MT=Variable	NT=Deamidation;AC=UNIMOD:7;TA=NQ;MT=Variable	NT=Gln->pyro-Glu;AC=UNIMOD:28;TA=Q;MT=Variable	NT=Phospho;AC=UNIMOD:21;TA=STY;MT=Variable	NT=K-Biot;AC=null;TA=K;MT=Variable	NT=N-termBiot;AC=null;TA=Protein N-terminus;MT=Variable	not available	not available	not available	not available	not available	not available	2 h	22 °C	NCB4459A157LC3_A10_NCB4459A157LC3-40-209116.raw	NT=ms-proteomics;VV=v1.1.0	NT=crosslinking;VV=v1.0.0	NT=invertebrates;VV=v1.1.0
PXD027068_NCB4580A9LC2_A2	Caenorhabditis elegans	gut, muscle, skin, and nervous system	neurons (including AFD neurons)	263	PXD027068_NCB4580A9LC2_A2_assay	proteomic profiling by mass spectrometry	data-dependent acquisition	NT=label free sample;AC=MS:1002038	1	1	not available	NT=Trypsin;AC=MS:1001251	NT=Carbamidomethyl;AC=UNIMOD:4;TA=C;MT=Fixed	NT=Oxidation;AC=UNIMOD:21;TA=M;MT=Variable	NT=Acetyl;AC=UNIMOD:2;TA=Protein N-term;MT=Variable	NT=Deamidation;AC=UNIMOD:7;TA=NQ;MT=Variable	NT=Gln->pyro-Glu;AC=UNIMOD:28;TA=Q;MT=Variable	NT=Phospho;AC=UNIMOD:21;TA=STY;MT=Variable	NT=K-Biot;AC=null;TA=K;MT=Variable	NT=N-termBiot;AC=null;TA=Protein N-terminus;MT=Variable	not available	not available	not available	not available	not available	not available	2 h	22 °C	NCB4580A9LC2_A2.raw	NT=ms-proteomics;VV=v1.1.0	NT=crosslinking;VV=v1.0.0	NT=invertebrates;VV=v1.1.0
PXD027068_NCB4580A8LC2_H1	Caenorhabditis elegans	gut, muscle, skin, and nervous system	neurons (including AFD neurons)	264	PXD027068_NCB4580A8LC2_H1_assay	proteomic profiling by mass spectrometry	data-dependent acquisition	NT=label free sample;AC=MS:1002038	1	1	not available	NT=Trypsin;AC=MS:1001251	NT=Carbamidomethyl;AC=UNIMOD:4;TA=C;MT=Fixed	NT=Oxidation;AC=UNIMOD:21;TA=M;MT=Variable	NT=Acetyl;AC=UNIMOD:2;TA=Protein N-term;MT=Variable	NT=Deamidation;AC=UNIMOD:7;TA=NQ;MT=Variable	NT=Gln->pyro-Glu;AC=UNIMOD:28;TA=Q;MT=Variable	NT=Phospho;AC=UNIMOD:21;TA=STY;MT=Variable	NT=K-Biot;AC=null;TA=K;MT=Variable	NT=N-termBiot;AC=null;TA=Protein N-terminus;MT=Variable	not available	not available	not available	not available	not available	not available	2 h	22 °C	NCB4580A8LC2_H1.raw	NT=ms-proteomics;VV=v1.1.0	NT=crosslinking;VV=v1.0.0	NT=invertebrates;VV=v1.1.0
PXD027068_NCB4510A58LC2_B11_NCB4510A58LC2-40-216385	Caenorhabditis elegans	gut, muscle, skin, and nervous system	neurons (including AFD neurons)	265	PXD027068_NCB4510A58LC2_B11_NCB4510A58LC2-40-216385_assay	proteomic profiling by mass spectrometry	data-dependent acquisition	NT=label free sample;AC=MS:1002038	1	1	not available	NT=Trypsin;AC=MS:1001251	NT=Carbamidomethyl;AC=UNIMOD:4;TA=C;MT=Fixed	NT=Oxidation;AC=UNIMOD:21;TA=M;MT=Variable	NT=Acetyl;AC=UNIMOD:2;TA=Protein N-term;MT=Variable	NT=Deamidation;AC=UNIMOD:7;TA=NQ;MT=Variable	NT=Gln->pyro-Glu;AC=UNIMOD:28;TA=Q;MT=Variable	NT=Phospho;AC=UNIMOD:21;TA=STY;MT=Variable	NT=K-Biot;AC=null;TA=K;MT=Variable	NT=N-termBiot;AC=null;TA=Protein N-terminus;MT=Variable	not available	not available	not available	not available	not available	not available	2 h	22 °C	NCB4510A58LC2_B11_NCB4510A58LC2-40-216385.raw	NT=ms-proteomics;VV=v1.1.0	NT=crosslinking;VV=v1.0.0	NT=invertebrates;VV=v1.1.0
PXD027068_NCB4497A49LC2_A10_NCB4497A49LC2-40-215381	Caenorhabditis elegans	gut, muscle, skin, and nervous system	neurons (including AFD neurons)	266	PXD027068_NCB4497A49LC2_A10_NCB4497A49LC2-40-215381_assay	proteomic profiling by mass spectrometry	data-dependent acquisition	NT=label free sample;AC=MS:1002038	1	1	not available	NT=Trypsin;AC=MS:1001251	NT=Carbamidomethyl;AC=UNIMOD:4;TA=C;MT=Fixed	NT=Oxidation;AC=UNIMOD:21;TA=M;MT=Variable	NT=Acetyl;AC=UNIMOD:2;TA=Protein N-term;MT=Variable	NT=Deamidation;AC=UNIMOD:7;TA=NQ;MT=Variable	NT=Gln->pyro-Glu;AC=UNIMOD:28;TA=Q;MT=Variable	NT=Phospho;AC=UNIMOD:21;TA=STY;MT=Variable	NT=K-Biot;AC=null;TA=K;MT=Variable	NT=N-termBiot;AC=null;TA=Protein N-terminus;MT=Variable	not available	not available	not available	not available	not available	not available	2 h	22 °C	NCB4497A49LC2_A10_NCB4497A49LC2-40-215381.raw	NT=ms-proteomics;VV=v1.1.0	NT=crosslinking;VV=v1.0.0	NT=invertebrates;VV=v1.1.0
PXD027068_NCB4509A13LC2_E2_NCB4509A13LC3-40-215647	Caenorhabditis elegans	gut, muscle, skin, and nervous system	neurons (including AFD neurons)	267	PXD027068_NCB4509A13LC2_E2_NCB4509A13LC3-40-215647_assay	proteomic profiling by mass spectrometry	data-dependent acquisition	NT=label free sample;AC=MS:1002038	1	1	not available	NT=Trypsin;AC=MS:1001251	NT=Carbamidomethyl;AC=UNIMOD:4;TA=C;MT=Fixed	NT=Oxidation;AC=UNIMOD:21;TA=M;MT=Variable	NT=Acetyl;AC=UNIMOD:2;TA=Protein N-term;MT=Variable	NT=Deamidation;AC=UNIMOD:7;TA=NQ;MT=Variable	NT=Gln->pyro-Glu;AC=UNIMOD:28;TA=Q;MT=Variable	NT=Phospho;AC=UNIMOD:21;TA=STY;MT=Variable	NT=K-Biot;AC=null;TA=K;MT=Variable	NT=N-termBiot;AC=null;TA=Protein N-terminus;MT=Variable	not available	not available	not available	not available	not available	not available	2 h	22 °C	NCB4509A13LC2_E2_NCB4509A13LC3-40-215647.raw	NT=ms-proteomics;VV=v1.1.0	NT=crosslinking;VV=v1.0.0	NT=invertebrates;VV=v1.1.0
PXD027068_NCB4580A11LC2_C2	Caenorhabditis elegans	gut, muscle, skin, and nervous system	neurons (including AFD neurons)	268	PXD027068_NCB4580A11LC2_C2_assay	proteomic profiling by mass spectrometry	data-dependent acquisition	NT=label free sample;AC=MS:1002038	1	1	not available	NT=Trypsin;AC=MS:1001251	NT=Carbamidomethyl;AC=UNIMOD:4;TA=C;MT=Fixed	NT=Oxidation;AC=UNIMOD:21;TA=M;MT=Variable	NT=Acetyl;AC=UNIMOD:2;TA=Protein N-term;MT=Variable	NT=Deamidation;AC=UNIMOD:7;TA=NQ;MT=Variable	NT=Gln->pyro-Glu;AC=UNIMOD:28;TA=Q;MT=Variable	NT=Phospho;AC=UNIMOD:21;TA=STY;MT=Variable	NT=K-Biot;AC=null;TA=K;MT=Variable	NT=N-termBiot;AC=null;TA=Protein N-terminus;MT=Variable	not available	not available	not available	not available	not available	not available	2 h	22 °C	NCB4580A11LC2_C2.raw	NT=ms-proteomics;VV=v1.1.0	NT=crosslinking;VV=v1.0.0	NT=invertebrates;VV=v1.1.0
PXD027068_NCB4510A35LC2_G6_NCB4510A35LC2-40-216362	Caenorhabditis elegans	gut, muscle, skin, and nervous system	neurons (including AFD neurons)	269	PXD027068_NCB4510A35LC2_G6_NCB4510A35LC2-40-216362_assay	proteomic profiling by mass spectrometry	data-dependent acquisition	NT=label free sample;AC=MS:1002038	1	1	not available	NT=Trypsin;AC=MS:1001251	NT=Carbamidomethyl;AC=UNIMOD:4;TA=C;MT=Fixed	NT=Oxidation;AC=UNIMOD:21;TA=M;MT=Variable	NT=Acetyl;AC=UNIMOD:2;TA=Protein N-term;MT=Variable	NT=Deamidation;AC=UNIMOD:7;TA=NQ;MT=Variable	NT=Gln->pyro-Glu;AC=UNIMOD:28;TA=Q;MT=Variable	NT=Phospho;AC=UNIMOD:21;TA=STY;MT=Variable	NT=K-Biot;AC=null;TA=K;MT=Variable	NT=N-termBiot;AC=null;TA=Protein N-terminus;MT=Variable	not available	not available	not available	not available	not available	not available	2 h	22 °C	NCB4510A35LC2_G6_NCB4510A35LC2-40-216362.raw	NT=ms-proteomics;VV=v1.1.0	NT=crosslinking;VV=v1.0.0	NT=invertebrates;VV=v1.1.0
PXD027068_NCB4496A77LC3_E10_NCB4496A77LC3-40-214554	Caenorhabditis elegans	gut, muscle, skin, and nervous system	neurons (including AFD neurons)	270	PXD027068_NCB4496A77LC3_E10_NCB4496A77LC3-40-214554_assay	proteomic profiling by mass spectrometry	data-dependent acquisition	NT=label free sample;AC=MS:1002038	1	1	not available	NT=Trypsin;AC=MS:1001251	NT=Carbamidomethyl;AC=UNIMOD:4;TA=C;MT=Fixed	NT=Oxidation;AC=UNIMOD:21;TA=M;MT=Variable	NT=Acetyl;AC=UNIMOD:2;TA=Protein N-term;MT=Variable	NT=Deamidation;AC=UNIMOD:7;TA=NQ;MT=Variable	NT=Gln->pyro-Glu;AC=UNIMOD:28;TA=Q;MT=Variable	NT=Phospho;AC=UNIMOD:21;TA=STY;MT=Variable	NT=K-Biot;AC=null;TA=K;MT=Variable	NT=N-termBiot;AC=null;TA=Protein N-terminus;MT=Variable	not available	not available	not available	not available	not available	not available	2 h	22 °C	NCB4496A77LC3_E10_NCB4496A77LC3-40-214554.raw	NT=ms-proteomics;VV=v1.1.0	NT=crosslinking;VV=v1.0.0	NT=invertebrates;VV=v1.1.0
PXD027068_NCB4459A96LC3_D2_NCB4459A96LC3-40-208663	Caenorhabditis elegans	gut, muscle, skin, and nervous system	neurons (including AFD neurons)	271	PXD027068_NCB4459A96LC3_D2_NCB4459A96LC3-40-208663_assay	proteomic profiling by mass spectrometry	data-dependent acquisition	NT=label free sample;AC=MS:1002038	1	1	not available	NT=Trypsin;AC=MS:1001251	NT=Carbamidomethyl;AC=UNIMOD:4;TA=C;MT=Fixed	NT=Oxidation;AC=UNIMOD:21;TA=M;MT=Variable	NT=Acetyl;AC=UNIMOD:2;TA=Protein N-term;MT=Variable	NT=Deamidation;AC=UNIMOD:7;TA=NQ;MT=Variable	NT=Gln->pyro-Glu;AC=UNIMOD:28;TA=Q;MT=Variable	NT=Phospho;AC=UNIMOD:21;TA=STY;MT=Variable	NT=K-Biot;AC=null;TA=K;MT=Variable	NT=N-termBiot;AC=null;TA=Protein N-terminus;MT=Variable	not available	not available	not available	not available	not available	not available	2 h	22 °C	NCB4459A96LC3_D2_NCB4459A96LC3-40-208663.raw	NT=ms-proteomics;VV=v1.1.0	NT=crosslinking;VV=v1.0.0	NT=invertebrates;VV=v1.1.0
PXD027068_NCB4510A54LC2_F10_NCB4510A54LC2-40-216381	Caenorhabditis elegans	gut, muscle, skin, and nervous system	neurons (including AFD neurons)	4	PXD027068_NCB4510A54LC2_F10_NCB4510A54LC2-40-216381_assay	proteomic profiling by mass spectrometry	data-dependent acquisition	NT=label free sample;AC=MS:1002038	10	1	not available	NT=Trypsin;AC=MS:1001251	NT=Carbamidomethyl;AC=UNIMOD:4;TA=C;MT=Fixed	NT=Oxidation;AC=UNIMOD:21;TA=M;MT=Variable	NT=Acetyl;AC=UNIMOD:2;TA=Protein N-term;MT=Variable	NT=Deamidation;AC=UNIMOD:7;TA=NQ;MT=Variable	NT=Gln->pyro-Glu;AC=UNIMOD:28;TA=Q;MT=Variable	NT=Phospho;AC=UNIMOD:21;TA=STY;MT=Variable	NT=K-Biot;AC=null;TA=K;MT=Variable	NT=N-termBiot;AC=null;TA=Protein N-terminus;MT=Variable	not available	not available	not available	not available	not available	not available	2 h	22 °C	NCB4510A54LC2_F10_NCB4510A54LC2-40-216381.raw	NT=ms-proteomics;VV=v1.1.0	NT=crosslinking;VV=v1.0.0	NT=invertebrates;VV=v1.1.0
PXD027068_NCB4497A46LC2_F9_NCB4497A46LC2-40-215378	Caenorhabditis elegans	gut, muscle, skin, and nervous system	neurons (including AFD neurons)	3	PXD027068_NCB4497A46LC2_F9_NCB4497A46LC2-40-215378_assay	proteomic profiling by mass spectrometry	data-dependent acquisition	NT=label free sample;AC=MS:1002038	9	1	not available	NT=Trypsin;AC=MS:1001251	NT=Carbamidomethyl;AC=UNIMOD:4;TA=C;MT=Fixed	NT=Oxidation;AC=UNIMOD:21;TA=M;MT=Variable	NT=Acetyl;AC=UNIMOD:2;TA=Protein N-term;MT=Variable	NT=Deamidation;AC=UNIMOD:7;TA=NQ;MT=Variable	NT=Gln->pyro-Glu;AC=UNIMOD:28;TA=Q;MT=Variable	NT=Phospho;AC=UNIMOD:21;TA=STY;MT=Variable	NT=K-Biot;AC=null;TA=K;MT=Variable	NT=N-termBiot;AC=null;TA=Protein N-terminus;MT=Variable	not available	not available	not available	not available	not available	not available	2 h	22 °C	NCB4497A46LC2_F9_NCB4497A46LC2-40-215378.raw	NT=ms-proteomics;VV=v1.1.0	NT=crosslinking;VV=v1.0.0	NT=invertebrates;VV=v1.1.0
PXD027068_NCB4580A7LC2_G1	Caenorhabditis elegans	gut, muscle, skin, and nervous system	neurons (including AFD neurons)	272	PXD027068_NCB4580A7LC2_G1_assay	proteomic profiling by mass spectrometry	data-dependent acquisition	NT=label free sample;AC=MS:1002038	1	1	not available	NT=Trypsin;AC=MS:1001251	NT=Carbamidomethyl;AC=UNIMOD:4;TA=C;MT=Fixed	NT=Oxidation;AC=UNIMOD:21;TA=M;MT=Variable	NT=Acetyl;AC=UNIMOD:2;TA=Protein N-term;MT=Variable	NT=Deamidation;AC=UNIMOD:7;TA=NQ;MT=Variable	NT=Gln->pyro-Glu;AC=UNIMOD:28;TA=Q;MT=Variable	NT=Phospho;AC=UNIMOD:21;TA=STY;MT=Variable	NT=K-Biot;AC=null;TA=K;MT=Variable	NT=N-termBiot;AC=null;TA=Protein N-terminus;MT=Variable	not available	not available	not available	not available	not available	not available	2 h	22 °C	NCB4580A7LC2_G1.raw	NT=ms-proteomics;VV=v1.1.0	NT=crosslinking;VV=v1.0.0	NT=invertebrates;VV=v1.1.0
PXD027068_NCB4497A3LC2_C1_NCB4497A3LC2-40-215371	Caenorhabditis elegans	gut, muscle, skin, and nervous system	neurons (including AFD neurons)	273	PXD027068_NCB4497A3LC2_C1_NCB4497A3LC2-40-215371_assay	proteomic profiling by mass spectrometry	data-dependent acquisition	NT=label free sample;AC=MS:1002038	1	1	not available	NT=Trypsin;AC=MS:1001251	NT=Carbamidomethyl;AC=UNIMOD:4;TA=C;MT=Fixed	NT=Oxidation;AC=UNIMOD:21;TA=M;MT=Variable	NT=Acetyl;AC=UNIMOD:2;TA=Protein N-term;MT=Variable	NT=Deamidation;AC=UNIMOD:7;TA=NQ;MT=Variable	NT=Gln->pyro-Glu;AC=UNIMOD:28;TA=Q;MT=Variable	NT=Phospho;AC=UNIMOD:21;TA=STY;MT=Variable	NT=K-Biot;AC=null;TA=K;MT=Variable	NT=N-termBiot;AC=null;TA=Protein N-terminus;MT=Variable	not available	not available	not available	not available	not available	not available	2 h	22 °C	NCB4497A3LC2_C1_NCB4497A3LC2-40-215371.raw	NT=ms-proteomics;VV=v1.1.0	NT=crosslinking;VV=v1.0.0	NT=invertebrates;VV=v1.1.0
PXD027068_NCB4510A52LC2_D10_NCB4510A52LC2-40-216379	Caenorhabditis elegans	gut, muscle, skin, and nervous system	neurons (including AFD neurons)	274	PXD027068_NCB4510A52LC2_D10_NCB4510A52LC2-40-216379_assay	proteomic profiling by mass spectrometry	data-dependent acquisition	NT=label free sample;AC=MS:1002038	1	1	not available	NT=Trypsin;AC=MS:1001251	NT=Carbamidomethyl;AC=UNIMOD:4;TA=C;MT=Fixed	NT=Oxidation;AC=UNIMOD:21;TA=M;MT=Variable	NT=Acetyl;AC=UNIMOD:2;TA=Protein N-term;MT=Variable	NT=Deamidation;AC=UNIMOD:7;TA=NQ;MT=Variable	NT=Gln->pyro-Glu;AC=UNIMOD:28;TA=Q;MT=Variable	NT=Phospho;AC=UNIMOD:21;TA=STY;MT=Variable	NT=K-Biot;AC=null;TA=K;MT=Variable	NT=N-termBiot;AC=null;TA=Protein N-terminus;MT=Variable	not available	not available	not available	not available	not available	not available	2 h	22 °C	NCB4510A52LC2_D10_NCB4510A52LC2-40-216379.raw	NT=ms-proteomics;VV=v1.1.0	NT=crosslinking;VV=v1.0.0	NT=invertebrates;VV=v1.1.0
PXD027068_NCB4459A95LC3_C2_NCB4459A95LC3-40-208662	Caenorhabditis elegans	gut, muscle, skin, and nervous system	neurons (including AFD neurons)	275	PXD027068_NCB4459A95LC3_C2_NCB4459A95LC3-40-208662_assay	proteomic profiling by mass spectrometry	data-dependent acquisition	NT=label free sample;AC=MS:1002038	1	1	not available	NT=Trypsin;AC=MS:1001251	NT=Carbamidomethyl;AC=UNIMOD:4;TA=C;MT=Fixed	NT=Oxidation;AC=UNIMOD:21;TA=M;MT=Variable	NT=Acetyl;AC=UNIMOD:2;TA=Protein N-term;MT=Variable	NT=Deamidation;AC=UNIMOD:7;TA=NQ;MT=Variable	NT=Gln->pyro-Glu;AC=UNIMOD:28;TA=Q;MT=Variable	NT=Phospho;AC=UNIMOD:21;TA=STY;MT=Variable	NT=K-Biot;AC=null;TA=K;MT=Variable	NT=N-termBiot;AC=null;TA=Protein N-terminus;MT=Variable	not available	not available	not available	not available	not available	not available	2 h	22 °C	NCB4459A95LC3_C2_NCB4459A95LC3-40-208662.raw	NT=ms-proteomics;VV=v1.1.0	NT=crosslinking;VV=v1.0.0	NT=invertebrates;VV=v1.1.0
PXD027068_NCB4459A132LC3_H6_NCB4459A132LC3-40-209079	Caenorhabditis elegans	gut, muscle, skin, and nervous system	neurons (including AFD neurons)	276	PXD027068_NCB4459A132LC3_H6_NCB4459A132LC3-40-209079_assay	proteomic profiling by mass spectrometry	data-dependent acquisition	NT=label free sample;AC=MS:1002038	1	1	not available	NT=Trypsin;AC=MS:1001251	NT=Carbamidomethyl;AC=UNIMOD:4;TA=C;MT=Fixed	NT=Oxidation;AC=UNIMOD:21;TA=M;MT=Variable	NT=Acetyl;AC=UNIMOD:2;TA=Protein N-term;MT=Variable	NT=Deamidation;AC=UNIMOD:7;TA=NQ;MT=Variable	NT=Gln->pyro-Glu;AC=UNIMOD:28;TA=Q;MT=Variable	NT=Phospho;AC=UNIMOD:21;TA=STY;MT=Variable	NT=K-Biot;AC=null;TA=K;MT=Variable	NT=N-termBiot;AC=null;TA=Protein N-terminus;MT=Variable	not available	not available	not available	not available	not available	not available	2 h	22 °C	NCB4459A132LC3_H6_NCB4459A132LC3-40-209079.raw	NT=ms-proteomics;VV=v1.1.0	NT=crosslinking;VV=v1.0.0	NT=invertebrates;VV=v1.1.0
PXD027068_NCB4497A26LC2_F5_NCB4497A26LC2-40-215356	Caenorhabditis elegans	gut, muscle, skin, and nervous system	neurons (including AFD neurons)	7	PXD027068_NCB4497A26LC2_F5_NCB4497A26LC2-40-215356_assay	proteomic profiling by mass spectrometry	data-dependent acquisition	NT=label free sample;AC=MS:1002038	5	1	not available	NT=Trypsin;AC=MS:1001251	NT=Carbamidomethyl;AC=UNIMOD:4;TA=C;MT=Fixed	NT=Oxidation;AC=UNIMOD:21;TA=M;MT=Variable	NT=Acetyl;AC=UNIMOD:2;TA=Protein N-term;MT=Variable	NT=Deamidation;AC=UNIMOD:7;TA=NQ;MT=Variable	NT=Gln->pyro-Glu;AC=UNIMOD:28;TA=Q;MT=Variable	NT=Phospho;AC=UNIMOD:21;TA=STY;MT=Variable	NT=K-Biot;AC=null;TA=K;MT=Variable	NT=N-termBiot;AC=null;TA=Protein N-terminus;MT=Variable	not available	not available	not available	not available	not available	not available	2 h	22 °C	NCB4497A26LC2_F5_NCB4497A26LC2-40-215356.raw	NT=ms-proteomics;VV=v1.1.0	NT=crosslinking;VV=v1.0.0	NT=invertebrates;VV=v1.1.0
PXD027068_NCB4459A91LC3_G1_NCB4459A91LC3-40-208658	Caenorhabditis elegans	gut, muscle, skin, and nervous system	neurons (including AFD neurons)	277	PXD027068_NCB4459A91LC3_G1_NCB4459A91LC3-40-208658_assay	proteomic profiling by mass spectrometry	data-dependent acquisition	NT=label free sample;AC=MS:1002038	1	1	not available	NT=Trypsin;AC=MS:1001251	NT=Carbamidomethyl;AC=UNIMOD:4;TA=C;MT=Fixed	NT=Oxidation;AC=UNIMOD:21;TA=M;MT=Variable	NT=Acetyl;AC=UNIMOD:2;TA=Protein N-term;MT=Variable	NT=Deamidation;AC=UNIMOD:7;TA=NQ;MT=Variable	NT=Gln->pyro-Glu;AC=UNIMOD:28;TA=Q;MT=Variable	NT=Phospho;AC=UNIMOD:21;TA=STY;MT=Variable	NT=K-Biot;AC=null;TA=K;MT=Variable	NT=N-termBiot;AC=null;TA=Protein N-terminus;MT=Variable	not available	not available	not available	not available	not available	not available	2 h	22 °C	NCB4459A91LC3_G1_NCB4459A91LC3-40-208658.raw	NT=ms-proteomics;VV=v1.1.0	NT=crosslinking;VV=v1.0.0	NT=invertebrates;VV=v1.1.0
PXD027068_NCB4496A79LC3_G10_NCB4496A79LC3-40-214556	Caenorhabditis elegans	gut, muscle, skin, and nervous system	neurons (including AFD neurons)	278	PXD027068_NCB4496A79LC3_G10_NCB4496A79LC3-40-214556_assay	proteomic profiling by mass spectrometry	data-dependent acquisition	NT=label free sample;AC=MS:1002038	1	1	not available	NT=Trypsin;AC=MS:1001251	NT=Carbamidomethyl;AC=UNIMOD:4;TA=C;MT=Fixed	NT=Oxidation;AC=UNIMOD:21;TA=M;MT=Variable	NT=Acetyl;AC=UNIMOD:2;TA=Protein N-term;MT=Variable	NT=Deamidation;AC=UNIMOD:7;TA=NQ;MT=Variable	NT=Gln->pyro-Glu;AC=UNIMOD:28;TA=Q;MT=Variable	NT=Phospho;AC=UNIMOD:21;TA=STY;MT=Variable	NT=K-Biot;AC=null;TA=K;MT=Variable	NT=N-termBiot;AC=null;TA=Protein N-terminus;MT=Variable	not available	not available	not available	not available	not available	not available	2 h	22 °C	NCB4496A79LC3_G10_NCB4496A79LC3-40-214556.raw	NT=ms-proteomics;VV=v1.1.0	NT=crosslinking;VV=v1.0.0	NT=invertebrates;VV=v1.1.0
PXD027068_NCB4496A20LC3_D3_NCB4496A20LC3-40-211912	Caenorhabditis elegans	gut, muscle, skin, and nervous system	neurons (including AFD neurons)	279	PXD027068_NCB4496A20LC3_D3_NCB4496A20LC3-40-211912_assay	proteomic profiling by mass spectrometry	data-dependent acquisition	NT=label free sample;AC=MS:1002038	1	1	not available	NT=Trypsin;AC=MS:1001251	NT=Carbamidomethyl;AC=UNIMOD:4;TA=C;MT=Fixed	NT=Oxidation;AC=UNIMOD:21;TA=M;MT=Variable	NT=Acetyl;AC=UNIMOD:2;TA=Protein N-term;MT=Variable	NT=Deamidation;AC=UNIMOD:7;TA=NQ;MT=Variable	NT=Gln->pyro-Glu;AC=UNIMOD:28;TA=Q;MT=Variable	NT=Phospho;AC=UNIMOD:21;TA=STY;MT=Variable	NT=K-Biot;AC=null;TA=K;MT=Variable	NT=N-termBiot;AC=null;TA=Protein N-terminus;MT=Variable	not available	not available	not available	not available	not available	not available	2 h	22 °C	NCB4496A20LC3_D3_NCB4496A20LC3-40-211912.raw	NT=ms-proteomics;VV=v1.1.0	NT=crosslinking;VV=v1.0.0	NT=invertebrates;VV=v1.1.0
PXD027068_NCB4580A3LC2_C1	Caenorhabditis elegans	gut, muscle, skin, and nervous system	neurons (including AFD neurons)	280	PXD027068_NCB4580A3LC2_C1_assay	proteomic profiling by mass spectrometry	data-dependent acquisition	NT=label free sample;AC=MS:1002038	1	1	not available	NT=Trypsin;AC=MS:1001251	NT=Carbamidomethyl;AC=UNIMOD:4;TA=C;MT=Fixed	NT=Oxidation;AC=UNIMOD:21;TA=M;MT=Variable	NT=Acetyl;AC=UNIMOD:2;TA=Protein N-term;MT=Variable	NT=Deamidation;AC=UNIMOD:7;TA=NQ;MT=Variable	NT=Gln->pyro-Glu;AC=UNIMOD:28;TA=Q;MT=Variable	NT=Phospho;AC=UNIMOD:21;TA=STY;MT=Variable	NT=K-Biot;AC=null;TA=K;MT=Variable	NT=N-termBiot;AC=null;TA=Protein N-terminus;MT=Variable	not available	not available	not available	not available	not available	not available	2 h	22 °C	NCB4580A3LC2_C1.raw	NT=ms-proteomics;VV=v1.1.0	NT=crosslinking;VV=v1.0.0	NT=invertebrates;VV=v1.1.0
PXD027068_NCB4497A10LC2_B2_NCB4497A10LC2-40-215239	Caenorhabditis elegans	gut, muscle, skin, and nervous system	neurons (including AFD neurons)	281	PXD027068_NCB4497A10LC2_B2_NCB4497A10LC2-40-215239_assay	proteomic profiling by mass spectrometry	data-dependent acquisition	NT=label free sample;AC=MS:1002038	1	1	not available	NT=Trypsin;AC=MS:1001251	NT=Carbamidomethyl;AC=UNIMOD:4;TA=C;MT=Fixed	NT=Oxidation;AC=UNIMOD:21;TA=M;MT=Variable	NT=Acetyl;AC=UNIMOD:2;TA=Protein N-term;MT=Variable	NT=Deamidation;AC=UNIMOD:7;TA=NQ;MT=Variable	NT=Gln->pyro-Glu;AC=UNIMOD:28;TA=Q;MT=Variable	NT=Phospho;AC=UNIMOD:21;TA=STY;MT=Variable	NT=K-Biot;AC=null;TA=K;MT=Variable	NT=N-termBiot;AC=null;TA=Protein N-terminus;MT=Variable	not available	not available	not available	not available	not available	not available	2 h	22 °C	NCB4497A10LC2_B2_NCB4497A10LC2-40-215239.raw	NT=ms-proteomics;VV=v1.1.0	NT=crosslinking;VV=v1.0.0	NT=invertebrates;VV=v1.1.0
PXD027068_NCB4580A35LC2_G6	Caenorhabditis elegans	gut, muscle, skin, and nervous system	neurons (including AFD neurons)	282	PXD027068_NCB4580A35LC2_G6_assay	proteomic profiling by mass spectrometry	data-dependent acquisition	NT=label free sample;AC=MS:1002038	1	1	not available	NT=Trypsin;AC=MS:1001251	NT=Carbamidomethyl;AC=UNIMOD:4;TA=C;MT=Fixed	NT=Oxidation;AC=UNIMOD:21;TA=M;MT=Variable	NT=Acetyl;AC=UNIMOD:2;TA=Protein N-term;MT=Variable	NT=Deamidation;AC=UNIMOD:7;TA=NQ;MT=Variable	NT=Gln->pyro-Glu;AC=UNIMOD:28;TA=Q;MT=Variable	NT=Phospho;AC=UNIMOD:21;TA=STY;MT=Variable	NT=K-Biot;AC=null;TA=K;MT=Variable	NT=N-termBiot;AC=null;TA=Protein N-terminus;MT=Variable	not available	not available	not available	not available	not available	not available	2 h	22 °C	NCB4580A35LC2_G6.raw	NT=ms-proteomics;VV=v1.1.0	NT=crosslinking;VV=v1.0.0	NT=invertebrates;VV=v1.1.0
PXD027068_NCB4461A38LC3_F5_NCB4461A38LC3-40-210657	Caenorhabditis elegans	gut, muscle, skin, and nervous system	neurons (including AFD neurons)	8	PXD027068_NCB4461A38LC3_F5_NCB4461A38LC3-40-210657_assay	proteomic profiling by mass spectrometry	data-dependent acquisition	NT=label free sample;AC=MS:1002038	5	1	not available	NT=Trypsin;AC=MS:1001251	NT=Carbamidomethyl;AC=UNIMOD:4;TA=C;MT=Fixed	NT=Oxidation;AC=UNIMOD:21;TA=M;MT=Variable	NT=Acetyl;AC=UNIMOD:2;TA=Protein N-term;MT=Variable	NT=Deamidation;AC=UNIMOD:7;TA=NQ;MT=Variable	NT=Gln->pyro-Glu;AC=UNIMOD:28;TA=Q;MT=Variable	NT=Phospho;AC=UNIMOD:21;TA=STY;MT=Variable	NT=K-Biot;AC=null;TA=K;MT=Variable	NT=N-termBiot;AC=null;TA=Protein N-terminus;MT=Variable	not available	not available	not available	not available	not available	not available	2 h	22 °C	NCB4461A38LC3_F5_NCB4461A38LC3-40-210657.raw	NT=ms-proteomics;VV=v1.1.0	NT=crosslinking;VV=v1.0.0	NT=invertebrates;VV=v1.1.0
PXD027068_NCB4496A8LC3_H1_NCB4496A8LC3-40-211919	Caenorhabditis elegans	gut, muscle, skin, and nervous system	neurons (including AFD neurons)	283	PXD027068_NCB4496A8LC3_H1_NCB4496A8LC3-40-211919_assay	proteomic profiling by mass spectrometry	data-dependent acquisition	NT=label free sample;AC=MS:1002038	1	1	not available	NT=Trypsin;AC=MS:1001251	NT=Carbamidomethyl;AC=UNIMOD:4;TA=C;MT=Fixed	NT=Oxidation;AC=UNIMOD:21;TA=M;MT=Variable	NT=Acetyl;AC=UNIMOD:2;TA=Protein N-term;MT=Variable	NT=Deamidation;AC=UNIMOD:7;TA=NQ;MT=Variable	NT=Gln->pyro-Glu;AC=UNIMOD:28;TA=Q;MT=Variable	NT=Phospho;AC=UNIMOD:21;TA=STY;MT=Variable	NT=K-Biot;AC=null;TA=K;MT=Variable	NT=N-termBiot;AC=null;TA=Protein N-terminus;MT=Variable	not available	not available	not available	not available	not available	not available	2 h	22 °C	NCB4496A8LC3_H1_NCB4496A8LC3-40-211919.raw	NT=ms-proteomics;VV=v1.1.0	NT=crosslinking;VV=v1.0.0	NT=invertebrates;VV=v1.1.0
PXD027068_NCB4497A6LC2_F1_NCB4497A6LC2-40-215395	Caenorhabditis elegans	gut, muscle, skin, and nervous system	neurons (including AFD neurons)	284	PXD027068_NCB4497A6LC2_F1_NCB4497A6LC2-40-215395_assay	proteomic profiling by mass spectrometry	data-dependent acquisition	NT=label free sample;AC=MS:1002038	1	1	not available	NT=Trypsin;AC=MS:1001251	NT=Carbamidomethyl;AC=UNIMOD:4;TA=C;MT=Fixed	NT=Oxidation;AC=UNIMOD:21;TA=M;MT=Variable	NT=Acetyl;AC=UNIMOD:2;TA=Protein N-term;MT=Variable	NT=Deamidation;AC=UNIMOD:7;TA=NQ;MT=Variable	NT=Gln->pyro-Glu;AC=UNIMOD:28;TA=Q;MT=Variable	NT=Phospho;AC=UNIMOD:21;TA=STY;MT=Variable	NT=K-Biot;AC=null;TA=K;MT=Variable	NT=N-termBiot;AC=null;TA=Protein N-terminus;MT=Variable	not available	not available	not available	not available	not available	not available	2 h	22 °C	NCB4497A6LC2_F1_NCB4497A6LC2-40-215395.raw	NT=ms-proteomics;VV=v1.1.0	NT=crosslinking;VV=v1.0.0	NT=invertebrates;VV=v1.1.0
PXD027068_NCB4460A17LC3_A3_NCB4460A17LC3-40-210647	Caenorhabditis elegans	gut, muscle, skin, and nervous system	neurons (including AFD neurons)	285	PXD027068_NCB4460A17LC3_A3_NCB4460A17LC3-40-210647_assay	proteomic profiling by mass spectrometry	data-dependent acquisition	NT=label free sample;AC=MS:1002038	1	1	not available	NT=Trypsin;AC=MS:1001251	NT=Carbamidomethyl;AC=UNIMOD:4;TA=C;MT=Fixed	NT=Oxidation;AC=UNIMOD:21;TA=M;MT=Variable	NT=Acetyl;AC=UNIMOD:2;TA=Protein N-term;MT=Variable	NT=Deamidation;AC=UNIMOD:7;TA=NQ;MT=Variable	NT=Gln->pyro-Glu;AC=UNIMOD:28;TA=Q;MT=Variable	NT=Phospho;AC=UNIMOD:21;TA=STY;MT=Variable	NT=K-Biot;AC=null;TA=K;MT=Variable	NT=N-termBiot;AC=null;TA=Protein N-terminus;MT=Variable	not available	not available	not available	not available	not available	not available	2 h	22 °C	NCB4460A17LC3_A3_NCB4460A17LC3-40-210647.raw	NT=ms-proteomics;VV=v1.1.0	NT=crosslinking;VV=v1.0.0	NT=invertebrates;VV=v1.1.0
PXD027068_NCB4460A81LC3_A11_NCB4460A81LC3-40-211348	Caenorhabditis elegans	gut, muscle, skin, and nervous system	neurons (including AFD neurons)	286	PXD027068_NCB4460A81LC3_A11_NCB4460A81LC3-40-211348_assay	proteomic profiling by mass spectrometry	data-dependent acquisition	NT=label free sample;AC=MS:1002038	1	1	not available	NT=Trypsin;AC=MS:1001251	NT=Carbamidomethyl;AC=UNIMOD:4;TA=C;MT=Fixed	NT=Oxidation;AC=UNIMOD:21;TA=M;MT=Variable	NT=Acetyl;AC=UNIMOD:2;TA=Protein N-term;MT=Variable	NT=Deamidation;AC=UNIMOD:7;TA=NQ;MT=Variable	NT=Gln->pyro-Glu;AC=UNIMOD:28;TA=Q;MT=Variable	NT=Phospho;AC=UNIMOD:21;TA=STY;MT=Variable	NT=K-Biot;AC=null;TA=K;MT=Variable	NT=N-termBiot;AC=null;TA=Protein N-terminus;MT=Variable	not available	not available	not available	not available	not available	not available	2 h	22 °C	NCB4460A81LC3_A11_NCB4460A81LC3-40-211348.raw	NT=ms-proteomics;VV=v1.1.0	NT=crosslinking;VV=v1.0.0	NT=invertebrates;VV=v1.1.0
PXD027068_NCB4496A43LC3_C6_NCB4496A43LC3-40-214332	Caenorhabditis elegans	gut, muscle, skin, and nervous system	neurons (including AFD neurons)	287	PXD027068_NCB4496A43LC3_C6_NCB4496A43LC3-40-214332_assay	proteomic profiling by mass spectrometry	data-dependent acquisition	NT=label free sample;AC=MS:1002038	1	1	not available	NT=Trypsin;AC=MS:1001251	NT=Carbamidomethyl;AC=UNIMOD:4;TA=C;MT=Fixed	NT=Oxidation;AC=UNIMOD:21;TA=M;MT=Variable	NT=Acetyl;AC=UNIMOD:2;TA=Protein N-term;MT=Variable	NT=Deamidation;AC=UNIMOD:7;TA=NQ;MT=Variable	NT=Gln->pyro-Glu;AC=UNIMOD:28;TA=Q;MT=Variable	NT=Phospho;AC=UNIMOD:21;TA=STY;MT=Variable	NT=K-Biot;AC=null;TA=K;MT=Variable	NT=N-termBiot;AC=null;TA=Protein N-terminus;MT=Variable	not available	not available	not available	not available	not available	not available	2 h	22 °C	NCB4496A43LC3_C6_NCB4496A43LC3-40-214332.raw	NT=ms-proteomics;VV=v1.1.0	NT=crosslinking;VV=v1.0.0	NT=invertebrates;VV=v1.1.0
PXD027068_NCB4496A72LC3_H9_NCB4496A72LC3-40-214349	Caenorhabditis elegans	gut, muscle, skin, and nervous system	neurons (including AFD neurons)	288	PXD027068_NCB4496A72LC3_H9_NCB4496A72LC3-40-214349_assay	proteomic profiling by mass spectrometry	data-dependent acquisition	NT=label free sample;AC=MS:1002038	1	1	not available	NT=Trypsin;AC=MS:1001251	NT=Carbamidomethyl;AC=UNIMOD:4;TA=C;MT=Fixed	NT=Oxidation;AC=UNIMOD:21;TA=M;MT=Variable	NT=Acetyl;AC=UNIMOD:2;TA=Protein N-term;MT=Variable	NT=Deamidation;AC=UNIMOD:7;TA=NQ;MT=Variable	NT=Gln->pyro-Glu;AC=UNIMOD:28;TA=Q;MT=Variable	NT=Phospho;AC=UNIMOD:21;TA=STY;MT=Variable	NT=K-Biot;AC=null;TA=K;MT=Variable	NT=N-termBiot;AC=null;TA=Protein N-terminus;MT=Variable	not available	not available	not available	not available	not available	not available	2 h	22 °C	NCB4496A72LC3_H9_NCB4496A72LC3-40-214349.raw	NT=ms-proteomics;VV=v1.1.0	NT=crosslinking;VV=v1.0.0	NT=invertebrates;VV=v1.1.0
PXD027068_NCB4461A46LC3_F6_NCB4461A46LC3-40-210665	Caenorhabditis elegans	gut, muscle, skin, and nervous system	neurons (including AFD neurons)	3	PXD027068_NCB4461A46LC3_F6_NCB4461A46LC3-40-210665_assay	proteomic profiling by mass spectrometry	data-dependent acquisition	NT=label free sample;AC=MS:1002038	6	1	not available	NT=Trypsin;AC=MS:1001251	NT=Carbamidomethyl;AC=UNIMOD:4;TA=C;MT=Fixed	NT=Oxidation;AC=UNIMOD:21;TA=M;MT=Variable	NT=Acetyl;AC=UNIMOD:2;TA=Protein N-term;MT=Variable	NT=Deamidation;AC=UNIMOD:7;TA=NQ;MT=Variable	NT=Gln->pyro-Glu;AC=UNIMOD:28;TA=Q;MT=Variable	NT=Phospho;AC=UNIMOD:21;TA=STY;MT=Variable	NT=K-Biot;AC=null;TA=K;MT=Variable	NT=N-termBiot;AC=null;TA=Protein N-terminus;MT=Variable	not available	not available	not available	not available	not available	not available	2 h	22 °C	NCB4461A46LC3_F6_NCB4461A46LC3-40-210665.raw	NT=ms-proteomics;VV=v1.1.0	NT=crosslinking;VV=v1.0.0	NT=invertebrates;VV=v1.1.0
PXD027068_NCB4497A4LC2_D1_NCB4497A4LC2-40-215382	Caenorhabditis elegans	gut, muscle, skin, and nervous system	neurons (including AFD neurons)	289	PXD027068_NCB4497A4LC2_D1_NCB4497A4LC2-40-215382_assay	proteomic profiling by mass spectrometry	data-dependent acquisition	NT=label free sample;AC=MS:1002038	1	1	not available	NT=Trypsin;AC=MS:1001251	NT=Carbamidomethyl;AC=UNIMOD:4;TA=C;MT=Fixed	NT=Oxidation;AC=UNIMOD:21;TA=M;MT=Variable	NT=Acetyl;AC=UNIMOD:2;TA=Protein N-term;MT=Variable	NT=Deamidation;AC=UNIMOD:7;TA=NQ;MT=Variable	NT=Gln->pyro-Glu;AC=UNIMOD:28;TA=Q;MT=Variable	NT=Phospho;AC=UNIMOD:21;TA=STY;MT=Variable	NT=K-Biot;AC=null;TA=K;MT=Variable	NT=N-termBiot;AC=null;TA=Protein N-terminus;MT=Variable	not available	not available	not available	not available	not available	not available	2 h	22 °C	NCB4497A4LC2_D1_NCB4497A4LC2-40-215382.raw	NT=ms-proteomics;VV=v1.1.0	NT=crosslinking;VV=v1.0.0	NT=invertebrates;VV=v1.1.0
PXD027068_NCB4497A42LC2_B9_NCB4497A42LC2-40-215374	Caenorhabditis elegans	gut, muscle, skin, and nervous system	neurons (including AFD neurons)	290	PXD027068_NCB4497A42LC2_B9_NCB4497A42LC2-40-215374_assay	proteomic profiling by mass spectrometry	data-dependent acquisition	NT=label free sample;AC=MS:1002038	1	1	not available	NT=Trypsin;AC=MS:1001251	NT=Carbamidomethyl;AC=UNIMOD:4;TA=C;MT=Fixed	NT=Oxidation;AC=UNIMOD:21;TA=M;MT=Variable	NT=Acetyl;AC=UNIMOD:2;TA=Protein N-term;MT=Variable	NT=Deamidation;AC=UNIMOD:7;TA=NQ;MT=Variable	NT=Gln->pyro-Glu;AC=UNIMOD:28;TA=Q;MT=Variable	NT=Phospho;AC=UNIMOD:21;TA=STY;MT=Variable	NT=K-Biot;AC=null;TA=K;MT=Variable	NT=N-termBiot;AC=null;TA=Protein N-terminus;MT=Variable	not available	not available	not available	not available	not available	not available	2 h	22 °C	NCB4497A42LC2_B9_NCB4497A42LC2-40-215374.raw	NT=ms-proteomics;VV=v1.1.0	NT=crosslinking;VV=v1.0.0	NT=invertebrates;VV=v1.1.0
PXD027068_NCB4509A49LC2_A10_NCB4509A73LC3-40-215873	Caenorhabditis elegans	gut, muscle, skin, and nervous system	neurons (including AFD neurons)	291	PXD027068_NCB4509A49LC2_A10_NCB4509A73LC3-40-215873_assay	proteomic profiling by mass spectrometry	data-dependent acquisition	NT=label free sample;AC=MS:1002038	1	1	not available	NT=Trypsin;AC=MS:1001251	NT=Carbamidomethyl;AC=UNIMOD:4;TA=C;MT=Fixed	NT=Oxidation;AC=UNIMOD:21;TA=M;MT=Variable	NT=Acetyl;AC=UNIMOD:2;TA=Protein N-term;MT=Variable	NT=Deamidation;AC=UNIMOD:7;TA=NQ;MT=Variable	NT=Gln->pyro-Glu;AC=UNIMOD:28;TA=Q;MT=Variable	NT=Phospho;AC=UNIMOD:21;TA=STY;MT=Variable	NT=K-Biot;AC=null;TA=K;MT=Variable	NT=N-termBiot;AC=null;TA=Protein N-terminus;MT=Variable	not available	not available	not available	not available	not available	not available	2 h	22 °C	NCB4509A49LC2_A10_NCB4509A73LC3-40-215873.raw	NT=ms-proteomics;VV=v1.1.0	NT=crosslinking;VV=v1.0.0	NT=invertebrates;VV=v1.1.0
PXD027068_NCB4496A46LC3_F6_NCB4496A46LC3-40-214335	Caenorhabditis elegans	gut, muscle, skin, and nervous system	neurons (including AFD neurons)	4	PXD027068_NCB4496A46LC3_F6_NCB4496A46LC3-40-214335_assay	proteomic profiling by mass spectrometry	data-dependent acquisition	NT=label free sample;AC=MS:1002038	6	1	not available	NT=Trypsin;AC=MS:1001251	NT=Carbamidomethyl;AC=UNIMOD:4;TA=C;MT=Fixed	NT=Oxidation;AC=UNIMOD:21;TA=M;MT=Variable	NT=Acetyl;AC=UNIMOD:2;TA=Protein N-term;MT=Variable	NT=Deamidation;AC=UNIMOD:7;TA=NQ;MT=Variable	NT=Gln->pyro-Glu;AC=UNIMOD:28;TA=Q;MT=Variable	NT=Phospho;AC=UNIMOD:21;TA=STY;MT=Variable	NT=K-Biot;AC=null;TA=K;MT=Variable	NT=N-termBiot;AC=null;TA=Protein N-terminus;MT=Variable	not available	not available	not available	not available	not available	not available	2 h	22 °C	NCB4496A46LC3_F6_NCB4496A46LC3-40-214335.raw	NT=ms-proteomics;VV=v1.1.0	NT=crosslinking;VV=v1.0.0	NT=invertebrates;VV=v1.1.0
PXD027068_NCB4461A13LC3_E2_NCB4461A13LC3-40-209132	Caenorhabditis elegans	gut, muscle, skin, and nervous system	neurons (including AFD neurons)	292	PXD027068_NCB4461A13LC3_E2_NCB4461A13LC3-40-209132_assay	proteomic profiling by mass spectrometry	data-dependent acquisition	NT=label free sample;AC=MS:1002038	1	1	not available	NT=Trypsin;AC=MS:1001251	NT=Carbamidomethyl;AC=UNIMOD:4;TA=C;MT=Fixed	NT=Oxidation;AC=UNIMOD:21;TA=M;MT=Variable	NT=Acetyl;AC=UNIMOD:2;TA=Protein N-term;MT=Variable	NT=Deamidation;AC=UNIMOD:7;TA=NQ;MT=Variable	NT=Gln->pyro-Glu;AC=UNIMOD:28;TA=Q;MT=Variable	NT=Phospho;AC=UNIMOD:21;TA=STY;MT=Variable	NT=K-Biot;AC=null;TA=K;MT=Variable	NT=N-termBiot;AC=null;TA=Protein N-terminus;MT=Variable	not available	not available	not available	not available	not available	not available	2 h	22 °C	NCB4461A13LC3_E2_NCB4461A13LC3-40-209132.raw	NT=ms-proteomics;VV=v1.1.0	NT=crosslinking;VV=v1.0.0	NT=invertebrates;VV=v1.1.0
PXD027068_NCB4496A34LC3_B5_NCB4496A34LC3-40-214323	Caenorhabditis elegans	gut, muscle, skin, and nervous system	neurons (including AFD neurons)	293	PXD027068_NCB4496A34LC3_B5_NCB4496A34LC3-40-214323_assay	proteomic profiling by mass spectrometry	data-dependent acquisition	NT=label free sample;AC=MS:1002038	1	1	not available	NT=Trypsin;AC=MS:1001251	NT=Carbamidomethyl;AC=UNIMOD:4;TA=C;MT=Fixed	NT=Oxidation;AC=UNIMOD:21;TA=M;MT=Variable	NT=Acetyl;AC=UNIMOD:2;TA=Protein N-term;MT=Variable	NT=Deamidation;AC=UNIMOD:7;TA=NQ;MT=Variable	NT=Gln->pyro-Glu;AC=UNIMOD:28;TA=Q;MT=Variable	NT=Phospho;AC=UNIMOD:21;TA=STY;MT=Variable	NT=K-Biot;AC=null;TA=K;MT=Variable	NT=N-termBiot;AC=null;TA=Protein N-terminus;MT=Variable	not available	not available	not available	not available	not available	not available	2 h	22 °C	NCB4496A34LC3_B5_NCB4496A34LC3-40-214323.raw	NT=ms-proteomics;VV=v1.1.0	NT=crosslinking;VV=v1.0.0	NT=invertebrates;VV=v1.1.0
PXD027068_NCB4497A41LC2_A9_NCB4497A41LC2-40-215373	Caenorhabditis elegans	gut, muscle, skin, and nervous system	neurons (including AFD neurons)	294	PXD027068_NCB4497A41LC2_A9_NCB4497A41LC2-40-215373_assay	proteomic profiling by mass spectrometry	data-dependent acquisition	NT=label free sample;AC=MS:1002038	1	1	not available	NT=Trypsin;AC=MS:1001251	NT=Carbamidomethyl;AC=UNIMOD:4;TA=C;MT=Fixed	NT=Oxidation;AC=UNIMOD:21;TA=M;MT=Variable	NT=Acetyl;AC=UNIMOD:2;TA=Protein N-term;MT=Variable	NT=Deamidation;AC=UNIMOD:7;TA=NQ;MT=Variable	NT=Gln->pyro-Glu;AC=UNIMOD:28;TA=Q;MT=Variable	NT=Phospho;AC=UNIMOD:21;TA=STY;MT=Variable	NT=K-Biot;AC=null;TA=K;MT=Variable	NT=N-termBiot;AC=null;TA=Protein N-terminus;MT=Variable	not available	not available	not available	not available	not available	not available	2 h	22 °C	NCB4497A41LC2_A9_NCB4497A41LC2-40-215373.raw	NT=ms-proteomics;VV=v1.1.0	NT=crosslinking;VV=v1.0.0	NT=invertebrates;VV=v1.1.0
PXD027068_NCB4510A19LC2_C3_NCB4510A19LC2-40-216246	Caenorhabditis elegans	gut, muscle, skin, and nervous system	neurons (including AFD neurons)	295	PXD027068_NCB4510A19LC2_C3_NCB4510A19LC2-40-216246_assay	proteomic profiling by mass spectrometry	data-dependent acquisition	NT=label free sample;AC=MS:1002038	1	1	not available	NT=Trypsin;AC=MS:1001251	NT=Carbamidomethyl;AC=UNIMOD:4;TA=C;MT=Fixed	NT=Oxidation;AC=UNIMOD:21;TA=M;MT=Variable	NT=Acetyl;AC=UNIMOD:2;TA=Protein N-term;MT=Variable	NT=Deamidation;AC=UNIMOD:7;TA=NQ;MT=Variable	NT=Gln->pyro-Glu;AC=UNIMOD:28;TA=Q;MT=Variable	NT=Phospho;AC=UNIMOD:21;TA=STY;MT=Variable	NT=K-Biot;AC=null;TA=K;MT=Variable	NT=N-termBiot;AC=null;TA=Protein N-terminus;MT=Variable	not available	not available	not available	not available	not available	not available	2 h	22 °C	NCB4510A19LC2_C3_NCB4510A19LC2-40-216246.raw	NT=ms-proteomics;VV=v1.1.0	NT=crosslinking;VV=v1.0.0	NT=invertebrates;VV=v1.1.0
PXD027068_NCB4510A28LC2_H5_NCB4510A28LC2-40-216355	Caenorhabditis elegans	gut, muscle, skin, and nervous system	neurons (including AFD neurons)	296	PXD027068_NCB4510A28LC2_H5_NCB4510A28LC2-40-216355_assay	proteomic profiling by mass spectrometry	data-dependent acquisition	NT=label free sample;AC=MS:1002038	1	1	not available	NT=Trypsin;AC=MS:1001251	NT=Carbamidomethyl;AC=UNIMOD:4;TA=C;MT=Fixed	NT=Oxidation;AC=UNIMOD:21;TA=M;MT=Variable	NT=Acetyl;AC=UNIMOD:2;TA=Protein N-term;MT=Variable	NT=Deamidation;AC=UNIMOD:7;TA=NQ;MT=Variable	NT=Gln->pyro-Glu;AC=UNIMOD:28;TA=Q;MT=Variable	NT=Phospho;AC=UNIMOD:21;TA=STY;MT=Variable	NT=K-Biot;AC=null;TA=K;MT=Variable	NT=N-termBiot;AC=null;TA=Protein N-terminus;MT=Variable	not available	not available	not available	not available	not available	not available	2 h	22 °C	NCB4510A28LC2_H5_NCB4510A28LC2-40-216355.raw	NT=ms-proteomics;VV=v1.1.0	NT=crosslinking;VV=v1.0.0	NT=invertebrates;VV=v1.1.0
PXD027068_NCB4461A52LC3_D7_NCB4461A52LC3-40-210671	Caenorhabditis elegans	gut, muscle, skin, and nervous system	neurons (including AFD neurons)	297	PXD027068_NCB4461A52LC3_D7_NCB4461A52LC3-40-210671_assay	proteomic profiling by mass spectrometry	data-dependent acquisition	NT=label free sample;AC=MS:1002038	1	1	not available	NT=Trypsin;AC=MS:1001251	NT=Carbamidomethyl;AC=UNIMOD:4;TA=C;MT=Fixed	NT=Oxidation;AC=UNIMOD:21;TA=M;MT=Variable	NT=Acetyl;AC=UNIMOD:2;TA=Protein N-term;MT=Variable	NT=Deamidation;AC=UNIMOD:7;TA=NQ;MT=Variable	NT=Gln->pyro-Glu;AC=UNIMOD:28;TA=Q;MT=Variable	NT=Phospho;AC=UNIMOD:21;TA=STY;MT=Variable	NT=K-Biot;AC=null;TA=K;MT=Variable	NT=N-termBiot;AC=null;TA=Protein N-terminus;MT=Variable	not available	not available	not available	not available	not available	not available	2 h	22 °C	NCB4461A52LC3_D7_NCB4461A52LC3-40-210671.raw	NT=ms-proteomics;VV=v1.1.0	NT=crosslinking;VV=v1.0.0	NT=invertebrates;VV=v1.1.0
PXD027068_NCB4459A92LC3_H1_NCB4459A92LC3-40-208659	Caenorhabditis elegans	gut, muscle, skin, and nervous system	neurons (including AFD neurons)	298	PXD027068_NCB4459A92LC3_H1_NCB4459A92LC3-40-208659_assay	proteomic profiling by mass spectrometry	data-dependent acquisition	NT=label free sample;AC=MS:1002038	1	1	not available	NT=Trypsin;AC=MS:1001251	NT=Carbamidomethyl;AC=UNIMOD:4;TA=C;MT=Fixed	NT=Oxidation;AC=UNIMOD:21;TA=M;MT=Variable	NT=Acetyl;AC=UNIMOD:2;TA=Protein N-term;MT=Variable	NT=Deamidation;AC=UNIMOD:7;TA=NQ;MT=Variable	NT=Gln->pyro-Glu;AC=UNIMOD:28;TA=Q;MT=Variable	NT=Phospho;AC=UNIMOD:21;TA=STY;MT=Variable	NT=K-Biot;AC=null;TA=K;MT=Variable	NT=N-termBiot;AC=null;TA=Protein N-terminus;MT=Variable	not available	not available	not available	not available	not available	not available	2 h	22 °C	NCB4459A92LC3_H1_NCB4459A92LC3-40-208659.raw	NT=ms-proteomics;VV=v1.1.0	NT=crosslinking;VV=v1.0.0	NT=invertebrates;VV=v1.1.0
PXD027068_NCB4496A45LC3_E6_NCB4496A45LC3-40-214334	Caenorhabditis elegans	gut, muscle, skin, and nervous system	neurons (including AFD neurons)	299	PXD027068_NCB4496A45LC3_E6_NCB4496A45LC3-40-214334_assay	proteomic profiling by mass spectrometry	data-dependent acquisition	NT=label free sample;AC=MS:1002038	1	1	not available	NT=Trypsin;AC=MS:1001251	NT=Carbamidomethyl;AC=UNIMOD:4;TA=C;MT=Fixed	NT=Oxidation;AC=UNIMOD:21;TA=M;MT=Variable	NT=Acetyl;AC=UNIMOD:2;TA=Protein N-term;MT=Variable	NT=Deamidation;AC=UNIMOD:7;TA=NQ;MT=Variable	NT=Gln->pyro-Glu;AC=UNIMOD:28;TA=Q;MT=Variable	NT=Phospho;AC=UNIMOD:21;TA=STY;MT=Variable	NT=K-Biot;AC=null;TA=K;MT=Variable	NT=N-termBiot;AC=null;TA=Protein N-terminus;MT=Variable	not available	not available	not available	not available	not available	not available	2 h	22 °C	NCB4496A45LC3_E6_NCB4496A45LC3-40-214334.raw	NT=ms-proteomics;VV=v1.1.0	NT=crosslinking;VV=v1.0.0	NT=invertebrates;VV=v1.1.0
PXD027068_NCB4461A48LC3_H6_NCB4461A48LC3-40-210667	Caenorhabditis elegans	gut, muscle, skin, and nervous system	neurons (including AFD neurons)	300	PXD027068_NCB4461A48LC3_H6_NCB4461A48LC3-40-210667_assay	proteomic profiling by mass spectrometry	data-dependent acquisition	NT=label free sample;AC=MS:1002038	1	1	not available	NT=Trypsin;AC=MS:1001251	NT=Carbamidomethyl;AC=UNIMOD:4;TA=C;MT=Fixed	NT=Oxidation;AC=UNIMOD:21;TA=M;MT=Variable	NT=Acetyl;AC=UNIMOD:2;TA=Protein N-term;MT=Variable	NT=Deamidation;AC=UNIMOD:7;TA=NQ;MT=Variable	NT=Gln->pyro-Glu;AC=UNIMOD:28;TA=Q;MT=Variable	NT=Phospho;AC=UNIMOD:21;TA=STY;MT=Variable	NT=K-Biot;AC=null;TA=K;MT=Variable	NT=N-termBiot;AC=null;TA=Protein N-terminus;MT=Variable	not available	not available	not available	not available	not available	not available	2 h	22 °C	NCB4461A48LC3_H6_NCB4461A48LC3-40-210667.raw	NT=ms-proteomics;VV=v1.1.0	NT=crosslinking;VV=v1.0.0	NT=invertebrates;VV=v1.1.0
PXD027068_NCB4459A149LC3_A9_NCB4459A149LC3-40-209108	Caenorhabditis elegans	gut, muscle, skin, and nervous system	neurons (including AFD neurons)	301	PXD027068_NCB4459A149LC3_A9_NCB4459A149LC3-40-209108_assay	proteomic profiling by mass spectrometry	data-dependent acquisition	NT=label free sample;AC=MS:1002038	1	1	not available	NT=Trypsin;AC=MS:1001251	NT=Carbamidomethyl;AC=UNIMOD:4;TA=C;MT=Fixed	NT=Oxidation;AC=UNIMOD:21;TA=M;MT=Variable	NT=Acetyl;AC=UNIMOD:2;TA=Protein N-term;MT=Variable	NT=Deamidation;AC=UNIMOD:7;TA=NQ;MT=Variable	NT=Gln->pyro-Glu;AC=UNIMOD:28;TA=Q;MT=Variable	NT=Phospho;AC=UNIMOD:21;TA=STY;MT=Variable	NT=K-Biot;AC=null;TA=K;MT=Variable	NT=N-termBiot;AC=null;TA=Protein N-terminus;MT=Variable	not available	not available	not available	not available	not available	not available	2 h	22 °C	NCB4459A149LC3_A9_NCB4459A149LC3-40-209108.raw	NT=ms-proteomics;VV=v1.1.0	NT=crosslinking;VV=v1.0.0	NT=invertebrates;VV=v1.1.0
PXD027068_NCB4459A123LC3_G5_NCB4459A123LC3-40-209070	Caenorhabditis elegans	gut, muscle, skin, and nervous system	neurons (including AFD neurons)	302	PXD027068_NCB4459A123LC3_G5_NCB4459A123LC3-40-209070_assay	proteomic profiling by mass spectrometry	data-dependent acquisition	NT=label free sample;AC=MS:1002038	1	1	not available	NT=Trypsin;AC=MS:1001251	NT=Carbamidomethyl;AC=UNIMOD:4;TA=C;MT=Fixed	NT=Oxidation;AC=UNIMOD:21;TA=M;MT=Variable	NT=Acetyl;AC=UNIMOD:2;TA=Protein N-term;MT=Variable	NT=Deamidation;AC=UNIMOD:7;TA=NQ;MT=Variable	NT=Gln->pyro-Glu;AC=UNIMOD:28;TA=Q;MT=Variable	NT=Phospho;AC=UNIMOD:21;TA=STY;MT=Variable	NT=K-Biot;AC=null;TA=K;MT=Variable	NT=N-termBiot;AC=null;TA=Protein N-terminus;MT=Variable	not available	not available	not available	not available	not available	not available	2 h	22 °C	NCB4459A123LC3_G5_NCB4459A123LC3-40-209070.raw	NT=ms-proteomics;VV=v1.1.0	NT=crosslinking;VV=v1.0.0	NT=invertebrates;VV=v1.1.0
PXD027068_NCB4460A67LC3_C9_NCB4460A67LC3-40-211334	Caenorhabditis elegans	gut, muscle, skin, and nervous system	neurons (including AFD neurons)	303	PXD027068_NCB4460A67LC3_C9_NCB4460A67LC3-40-211334_assay	proteomic profiling by mass spectrometry	data-dependent acquisition	NT=label free sample;AC=MS:1002038	1	1	not available	NT=Trypsin;AC=MS:1001251	NT=Carbamidomethyl;AC=UNIMOD:4;TA=C;MT=Fixed	NT=Oxidation;AC=UNIMOD:21;TA=M;MT=Variable	NT=Acetyl;AC=UNIMOD:2;TA=Protein N-term;MT=Variable	NT=Deamidation;AC=UNIMOD:7;TA=NQ;MT=Variable	NT=Gln->pyro-Glu;AC=UNIMOD:28;TA=Q;MT=Variable	NT=Phospho;AC=UNIMOD:21;TA=STY;MT=Variable	NT=K-Biot;AC=null;TA=K;MT=Variable	NT=N-termBiot;AC=null;TA=Protein N-terminus;MT=Variable	not available	not available	not available	not available	not available	not available	2 h	22 °C	NCB4460A67LC3_C9_NCB4460A67LC3-40-211334.raw	NT=ms-proteomics;VV=v1.1.0	NT=crosslinking;VV=v1.0.0	NT=invertebrates;VV=v1.1.0
PXD027068_NCB4510A34LC2_F6_NCB4510A34LC2-40-216361	Caenorhabditis elegans	gut, muscle, skin, and nervous system	neurons (including AFD neurons)	5	PXD027068_NCB4510A34LC2_F6_NCB4510A34LC2-40-216361_assay	proteomic profiling by mass spectrometry	data-dependent acquisition	NT=label free sample;AC=MS:1002038	6	1	not available	NT=Trypsin;AC=MS:1001251	NT=Carbamidomethyl;AC=UNIMOD:4;TA=C;MT=Fixed	NT=Oxidation;AC=UNIMOD:21;TA=M;MT=Variable	NT=Acetyl;AC=UNIMOD:2;TA=Protein N-term;MT=Variable	NT=Deamidation;AC=UNIMOD:7;TA=NQ;MT=Variable	NT=Gln->pyro-Glu;AC=UNIMOD:28;TA=Q;MT=Variable	NT=Phospho;AC=UNIMOD:21;TA=STY;MT=Variable	NT=K-Biot;AC=null;TA=K;MT=Variable	NT=N-termBiot;AC=null;TA=Protein N-terminus;MT=Variable	not available	not available	not available	not available	not available	not available	2 h	22 °C	NCB4510A34LC2_F6_NCB4510A34LC2-40-216361.raw	NT=ms-proteomics;VV=v1.1.0	NT=crosslinking;VV=v1.0.0	NT=invertebrates;VV=v1.1.0
PXD027068_NCB4460A66LC3_B9_NCB4460A66LC3-40-211333	Caenorhabditis elegans	gut, muscle, skin, and nervous system	neurons (including AFD neurons)	304	PXD027068_NCB4460A66LC3_B9_NCB4460A66LC3-40-211333_assay	proteomic profiling by mass spectrometry	data-dependent acquisition	NT=label free sample;AC=MS:1002038	1	1	not available	NT=Trypsin;AC=MS:1001251	NT=Carbamidomethyl;AC=UNIMOD:4;TA=C;MT=Fixed	NT=Oxidation;AC=UNIMOD:21;TA=M;MT=Variable	NT=Acetyl;AC=UNIMOD:2;TA=Protein N-term;MT=Variable	NT=Deamidation;AC=UNIMOD:7;TA=NQ;MT=Variable	NT=Gln->pyro-Glu;AC=UNIMOD:28;TA=Q;MT=Variable	NT=Phospho;AC=UNIMOD:21;TA=STY;MT=Variable	NT=K-Biot;AC=null;TA=K;MT=Variable	NT=N-termBiot;AC=null;TA=Protein N-terminus;MT=Variable	not available	not available	not available	not available	not available	not available	2 h	22 °C	NCB4460A66LC3_B9_NCB4460A66LC3-40-211333.raw	NT=ms-proteomics;VV=v1.1.0	NT=crosslinking;VV=v1.0.0	NT=invertebrates;VV=v1.1.0
PXD027068_NCB4497A38LC2_B7_NCB4497A38LC2-40-215369	Caenorhabditis elegans	gut, muscle, skin, and nervous system	neurons (including AFD neurons)	305	PXD027068_NCB4497A38LC2_B7_NCB4497A38LC2-40-215369_assay	proteomic profiling by mass spectrometry	data-dependent acquisition	NT=label free sample;AC=MS:1002038	1	1	not available	NT=Trypsin;AC=MS:1001251	NT=Carbamidomethyl;AC=UNIMOD:4;TA=C;MT=Fixed	NT=Oxidation;AC=UNIMOD:21;TA=M;MT=Variable	NT=Acetyl;AC=UNIMOD:2;TA=Protein N-term;MT=Variable	NT=Deamidation;AC=UNIMOD:7;TA=NQ;MT=Variable	NT=Gln->pyro-Glu;AC=UNIMOD:28;TA=Q;MT=Variable	NT=Phospho;AC=UNIMOD:21;TA=STY;MT=Variable	NT=K-Biot;AC=null;TA=K;MT=Variable	NT=N-termBiot;AC=null;TA=Protein N-terminus;MT=Variable	not available	not available	not available	not available	not available	not available	2 h	22 °C	NCB4497A38LC2_B7_NCB4497A38LC2-40-215369.raw	NT=ms-proteomics;VV=v1.1.0	NT=crosslinking;VV=v1.0.0	NT=invertebrates;VV=v1.1.0
PXD027068_NCB4459A168LC3_D11_NCB4459A168LC3-40-209127	Caenorhabditis elegans	gut, muscle, skin, and nervous system	neurons (including AFD neurons)	306	PXD027068_NCB4459A168LC3_D11_NCB4459A168LC3-40-209127_assay	proteomic profiling by mass spectrometry	data-dependent acquisition	NT=label free sample;AC=MS:1002038	1	1	not available	NT=Trypsin;AC=MS:1001251	NT=Carbamidomethyl;AC=UNIMOD:4;TA=C;MT=Fixed	NT=Oxidation;AC=UNIMOD:21;TA=M;MT=Variable	NT=Acetyl;AC=UNIMOD:2;TA=Protein N-term;MT=Variable	NT=Deamidation;AC=UNIMOD:7;TA=NQ;MT=Variable	NT=Gln->pyro-Glu;AC=UNIMOD:28;TA=Q;MT=Variable	NT=Phospho;AC=UNIMOD:21;TA=STY;MT=Variable	NT=K-Biot;AC=null;TA=K;MT=Variable	NT=N-termBiot;AC=null;TA=Protein N-terminus;MT=Variable	not available	not available	not available	not available	not available	not available	2 h	22 °C	NCB4459A168LC3_D11_NCB4459A168LC3-40-209127.raw	NT=ms-proteomics;VV=v1.1.0	NT=crosslinking;VV=v1.0.0	NT=invertebrates;VV=v1.1.0
PXD027068_NCB4510A5LC2_E1_NCB4510A5LC2-40-216232	Caenorhabditis elegans	gut, muscle, skin, and nervous system	neurons (including AFD neurons)	307	PXD027068_NCB4510A5LC2_E1_NCB4510A5LC2-40-216232_assay	proteomic profiling by mass spectrometry	data-dependent acquisition	NT=label free sample;AC=MS:1002038	1	1	not available	NT=Trypsin;AC=MS:1001251	NT=Carbamidomethyl;AC=UNIMOD:4;TA=C;MT=Fixed	NT=Oxidation;AC=UNIMOD:21;TA=M;MT=Variable	NT=Acetyl;AC=UNIMOD:2;TA=Protein N-term;MT=Variable	NT=Deamidation;AC=UNIMOD:7;TA=NQ;MT=Variable	NT=Gln->pyro-Glu;AC=UNIMOD:28;TA=Q;MT=Variable	NT=Phospho;AC=UNIMOD:21;TA=STY;MT=Variable	NT=K-Biot;AC=null;TA=K;MT=Variable	NT=N-termBiot;AC=null;TA=Protein N-terminus;MT=Variable	not available	not available	not available	not available	not available	not available	2 h	22 °C	NCB4510A5LC2_E1_NCB4510A5LC2-40-216232.raw	NT=ms-proteomics;VV=v1.1.0	NT=crosslinking;VV=v1.0.0	NT=invertebrates;VV=v1.1.0
PXD027068_NCB4509A59LC2_C11_NCB4509A83LC3-40-215883	Caenorhabditis elegans	gut, muscle, skin, and nervous system	neurons (including AFD neurons)	308	PXD027068_NCB4509A59LC2_C11_NCB4509A83LC3-40-215883_assay	proteomic profiling by mass spectrometry	data-dependent acquisition	NT=label free sample;AC=MS:1002038	1	1	not available	NT=Trypsin;AC=MS:1001251	NT=Carbamidomethyl;AC=UNIMOD:4;TA=C;MT=Fixed	NT=Oxidation;AC=UNIMOD:21;TA=M;MT=Variable	NT=Acetyl;AC=UNIMOD:2;TA=Protein N-term;MT=Variable	NT=Deamidation;AC=UNIMOD:7;TA=NQ;MT=Variable	NT=Gln->pyro-Glu;AC=UNIMOD:28;TA=Q;MT=Variable	NT=Phospho;AC=UNIMOD:21;TA=STY;MT=Variable	NT=K-Biot;AC=null;TA=K;MT=Variable	NT=N-termBiot;AC=null;TA=Protein N-terminus;MT=Variable	not available	not available	not available	not available	not available	not available	2 h	22 °C	NCB4509A59LC2_C11_NCB4509A83LC3-40-215883.raw	NT=ms-proteomics;VV=v1.1.0	NT=crosslinking;VV=v1.0.0	NT=invertebrates;VV=v1.1.0
PXD027068_NCB4497A34LC2_F6_NCB4497A34LC2-40-215365	Caenorhabditis elegans	gut, muscle, skin, and nervous system	neurons (including AFD neurons)	6	PXD027068_NCB4497A34LC2_F6_NCB4497A34LC2-40-215365_assay	proteomic profiling by mass spectrometry	data-dependent acquisition	NT=label free sample;AC=MS:1002038	6	1	not available	NT=Trypsin;AC=MS:1001251	NT=Carbamidomethyl;AC=UNIMOD:4;TA=C;MT=Fixed	NT=Oxidation;AC=UNIMOD:21;TA=M;MT=Variable	NT=Acetyl;AC=UNIMOD:2;TA=Protein N-term;MT=Variable	NT=Deamidation;AC=UNIMOD:7;TA=NQ;MT=Variable	NT=Gln->pyro-Glu;AC=UNIMOD:28;TA=Q;MT=Variable	NT=Phospho;AC=UNIMOD:21;TA=STY;MT=Variable	NT=K-Biot;AC=null;TA=K;MT=Variable	NT=N-termBiot;AC=null;TA=Protein N-terminus;MT=Variable	not available	not available	not available	not available	not available	not available	2 h	22 °C	NCB4497A34LC2_F6_NCB4497A34LC2-40-215365.raw	NT=ms-proteomics;VV=v1.1.0	NT=crosslinking;VV=v1.0.0	NT=invertebrates;VV=v1.1.0
PXD027068_NCB4510A18LC2_B3_NCB4510A18LC2-40-216245	Caenorhabditis elegans	gut, muscle, skin, and nervous system	neurons (including AFD neurons)	309	PXD027068_NCB4510A18LC2_B3_NCB4510A18LC2-40-216245_assay	proteomic profiling by mass spectrometry	data-dependent acquisition	NT=label free sample;AC=MS:1002038	1	1	not available	NT=Trypsin;AC=MS:1001251	NT=Carbamidomethyl;AC=UNIMOD:4;TA=C;MT=Fixed	NT=Oxidation;AC=UNIMOD:21;TA=M;MT=Variable	NT=Acetyl;AC=UNIMOD:2;TA=Protein N-term;MT=Variable	NT=Deamidation;AC=UNIMOD:7;TA=NQ;MT=Variable	NT=Gln->pyro-Glu;AC=UNIMOD:28;TA=Q;MT=Variable	NT=Phospho;AC=UNIMOD:21;TA=STY;MT=Variable	NT=K-Biot;AC=null;TA=K;MT=Variable	NT=N-termBiot;AC=null;TA=Protein N-terminus;MT=Variable	not available	not available	not available	not available	not available	not available	2 h	22 °C	NCB4510A18LC2_B3_NCB4510A18LC2-40-216245.raw	NT=ms-proteomics;VV=v1.1.0	NT=crosslinking;VV=v1.0.0	NT=invertebrates;VV=v1.1.0
PXD027068_NCB4496A80LC3_H10_NCB4496A80LC3-40-214557	Caenorhabditis elegans	gut, muscle, skin, and nervous system	neurons (including AFD neurons)	310	PXD027068_NCB4496A80LC3_H10_NCB4496A80LC3-40-214557_assay	proteomic profiling by mass spectrometry	data-dependent acquisition	NT=label free sample;AC=MS:1002038	1	1	not available	NT=Trypsin;AC=MS:1001251	NT=Carbamidomethyl;AC=UNIMOD:4;TA=C;MT=Fixed	NT=Oxidation;AC=UNIMOD:21;TA=M;MT=Variable	NT=Acetyl;AC=UNIMOD:2;TA=Protein N-term;MT=Variable	NT=Deamidation;AC=UNIMOD:7;TA=NQ;MT=Variable	NT=Gln->pyro-Glu;AC=UNIMOD:28;TA=Q;MT=Variable	NT=Phospho;AC=UNIMOD:21;TA=STY;MT=Variable	NT=K-Biot;AC=null;TA=K;MT=Variable	NT=N-termBiot;AC=null;TA=Protein N-terminus;MT=Variable	not available	not available	not available	not available	not available	not available	2 h	22 °C	NCB4496A80LC3_H10_NCB4496A80LC3-40-214557.raw	NT=ms-proteomics;VV=v1.1.0	NT=crosslinking;VV=v1.0.0	NT=invertebrates;VV=v1.1.0
PXD027068_NCB4496A36LC3_D5_NCB4496A36LC3-40-214325	Caenorhabditis elegans	gut, muscle, skin, and nervous system	neurons (including AFD neurons)	311	PXD027068_NCB4496A36LC3_D5_NCB4496A36LC3-40-214325_assay	proteomic profiling by mass spectrometry	data-dependent acquisition	NT=label free sample;AC=MS:1002038	1	1	not available	NT=Trypsin;AC=MS:1001251	NT=Carbamidomethyl;AC=UNIMOD:4;TA=C;MT=Fixed	NT=Oxidation;AC=UNIMOD:21;TA=M;MT=Variable	NT=Acetyl;AC=UNIMOD:2;TA=Protein N-term;MT=Variable	NT=Deamidation;AC=UNIMOD:7;TA=NQ;MT=Variable	NT=Gln->pyro-Glu;AC=UNIMOD:28;TA=Q;MT=Variable	NT=Phospho;AC=UNIMOD:21;TA=STY;MT=Variable	NT=K-Biot;AC=null;TA=K;MT=Variable	NT=N-termBiot;AC=null;TA=Protein N-terminus;MT=Variable	not available	not available	not available	not available	not available	not available	2 h	22 °C	NCB4496A36LC3_D5_NCB4496A36LC3-40-214325.raw	NT=ms-proteomics;VV=v1.1.0	NT=crosslinking;VV=v1.0.0	NT=invertebrates;VV=v1.1.0
PXD027068_NCB4461A41LC3_A6_NCB4461A41LC3-40-210660	Caenorhabditis elegans	gut, muscle, skin, and nervous system	neurons (including AFD neurons)	312	PXD027068_NCB4461A41LC3_A6_NCB4461A41LC3-40-210660_assay	proteomic profiling by mass spectrometry	data-dependent acquisition	NT=label free sample;AC=MS:1002038	1	1	not available	NT=Trypsin;AC=MS:1001251	NT=Carbamidomethyl;AC=UNIMOD:4;TA=C;MT=Fixed	NT=Oxidation;AC=UNIMOD:21;TA=M;MT=Variable	NT=Acetyl;AC=UNIMOD:2;TA=Protein N-term;MT=Variable	NT=Deamidation;AC=UNIMOD:7;TA=NQ;MT=Variable	NT=Gln->pyro-Glu;AC=UNIMOD:28;TA=Q;MT=Variable	NT=Phospho;AC=UNIMOD:21;TA=STY;MT=Variable	NT=K-Biot;AC=null;TA=K;MT=Variable	NT=N-termBiot;AC=null;TA=Protein N-terminus;MT=Variable	not available	not available	not available	not available	not available	not available	2 h	22 °C	NCB4461A41LC3_A6_NCB4461A41LC3-40-210660.raw	NT=ms-proteomics;VV=v1.1.0	NT=crosslinking;VV=v1.0.0	NT=invertebrates;VV=v1.1.0
PXD027068_NCB4461A12LC3_D2_NCB4461A12LC3-40-209131	Caenorhabditis elegans	gut, muscle, skin, and nervous system	neurons (including AFD neurons)	313	PXD027068_NCB4461A12LC3_D2_NCB4461A12LC3-40-209131_assay	proteomic profiling by mass spectrometry	data-dependent acquisition	NT=label free sample;AC=MS:1002038	1	1	not available	NT=Trypsin;AC=MS:1001251	NT=Carbamidomethyl;AC=UNIMOD:4;TA=C;MT=Fixed	NT=Oxidation;AC=UNIMOD:21;TA=M;MT=Variable	NT=Acetyl;AC=UNIMOD:2;TA=Protein N-term;MT=Variable	NT=Deamidation;AC=UNIMOD:7;TA=NQ;MT=Variable	NT=Gln->pyro-Glu;AC=UNIMOD:28;TA=Q;MT=Variable	NT=Phospho;AC=UNIMOD:21;TA=STY;MT=Variable	NT=K-Biot;AC=null;TA=K;MT=Variable	NT=N-termBiot;AC=null;TA=Protein N-terminus;MT=Variable	not available	not available	not available	not available	not available	not available	2 h	22 °C	NCB4461A12LC3_D2_NCB4461A12LC3-40-209131.raw	NT=ms-proteomics;VV=v1.1.0	NT=crosslinking;VV=v1.0.0	NT=invertebrates;VV=v1.1.0
PXD027068_NCB4461A45LC3_E6_NCB4461A45LC3-40-210664	Caenorhabditis elegans	gut, muscle, skin, and nervous system	neurons (including AFD neurons)	314	PXD027068_NCB4461A45LC3_E6_NCB4461A45LC3-40-210664_assay	proteomic profiling by mass spectrometry	data-dependent acquisition	NT=label free sample;AC=MS:1002038	1	1	not available	NT=Trypsin;AC=MS:1001251	NT=Carbamidomethyl;AC=UNIMOD:4;TA=C;MT=Fixed	NT=Oxidation;AC=UNIMOD:21;TA=M;MT=Variable	NT=Acetyl;AC=UNIMOD:2;TA=Protein N-term;MT=Variable	NT=Deamidation;AC=UNIMOD:7;TA=NQ;MT=Variable	NT=Gln->pyro-Glu;AC=UNIMOD:28;TA=Q;MT=Variable	NT=Phospho;AC=UNIMOD:21;TA=STY;MT=Variable	NT=K-Biot;AC=null;TA=K;MT=Variable	NT=N-termBiot;AC=null;TA=Protein N-terminus;MT=Variable	not available	not available	not available	not available	not available	not available	2 h	22 °C	NCB4461A45LC3_E6_NCB4461A45LC3-40-210664.raw	NT=ms-proteomics;VV=v1.1.0	NT=crosslinking;VV=v1.0.0	NT=invertebrates;VV=v1.1.0
PXD027068_NCB4510A55LC2_G10_NCB4510A55LC2-40-216382	Caenorhabditis elegans	gut, muscle, skin, and nervous system	neurons (including AFD neurons)	315	PXD027068_NCB4510A55LC2_G10_NCB4510A55LC2-40-216382_assay	proteomic profiling by mass spectrometry	data-dependent acquisition	NT=label free sample;AC=MS:1002038	1	1	not available	NT=Trypsin;AC=MS:1001251	NT=Carbamidomethyl;AC=UNIMOD:4;TA=C;MT=Fixed	NT=Oxidation;AC=UNIMOD:21;TA=M;MT=Variable	NT=Acetyl;AC=UNIMOD:2;TA=Protein N-term;MT=Variable	NT=Deamidation;AC=UNIMOD:7;TA=NQ;MT=Variable	NT=Gln->pyro-Glu;AC=UNIMOD:28;TA=Q;MT=Variable	NT=Phospho;AC=UNIMOD:21;TA=STY;MT=Variable	NT=K-Biot;AC=null;TA=K;MT=Variable	NT=N-termBiot;AC=null;TA=Protein N-terminus;MT=Variable	not available	not available	not available	not available	not available	not available	2 h	22 °C	NCB4510A55LC2_G10_NCB4510A55LC2-40-216382.raw	NT=ms-proteomics;VV=v1.1.0	NT=crosslinking;VV=v1.0.0	NT=invertebrates;VV=v1.1.0
PXD027068_NCB4509A25LC2_E5_NCB4509A37LC3-40-215849	Caenorhabditis elegans	gut, muscle, skin, and nervous system	neurons (including AFD neurons)	316	PXD027068_NCB4509A25LC2_E5_NCB4509A37LC3-40-215849_assay	proteomic profiling by mass spectrometry	data-dependent acquisition	NT=label free sample;AC=MS:1002038	1	1	not available	NT=Trypsin;AC=MS:1001251	NT=Carbamidomethyl;AC=UNIMOD:4;TA=C;MT=Fixed	NT=Oxidation;AC=UNIMOD:21;TA=M;MT=Variable	NT=Acetyl;AC=UNIMOD:2;TA=Protein N-term;MT=Variable	NT=Deamidation;AC=UNIMOD:7;TA=NQ;MT=Variable	NT=Gln->pyro-Glu;AC=UNIMOD:28;TA=Q;MT=Variable	NT=Phospho;AC=UNIMOD:21;TA=STY;MT=Variable	NT=K-Biot;AC=null;TA=K;MT=Variable	NT=N-termBiot;AC=null;TA=Protein N-terminus;MT=Variable	not available	not available	not available	not available	not available	not available	2 h	22 °C	NCB4509A25LC2_E5_NCB4509A37LC3-40-215849.raw	NT=ms-proteomics;VV=v1.1.0	NT=crosslinking;VV=v1.0.0	NT=invertebrates;VV=v1.1.0
PXD027068_NCB4580A30LC2_B6	Caenorhabditis elegans	gut, muscle, skin, and nervous system	neurons (including AFD neurons)	317	PXD027068_NCB4580A30LC2_B6_assay	proteomic profiling by mass spectrometry	data-dependent acquisition	NT=label free sample;AC=MS:1002038	1	1	not available	NT=Trypsin;AC=MS:1001251	NT=Carbamidomethyl;AC=UNIMOD:4;TA=C;MT=Fixed	NT=Oxidation;AC=UNIMOD:21;TA=M;MT=Variable	NT=Acetyl;AC=UNIMOD:2;TA=Protein N-term;MT=Variable	NT=Deamidation;AC=UNIMOD:7;TA=NQ;MT=Variable	NT=Gln->pyro-Glu;AC=UNIMOD:28;TA=Q;MT=Variable	NT=Phospho;AC=UNIMOD:21;TA=STY;MT=Variable	NT=K-Biot;AC=null;TA=K;MT=Variable	NT=N-termBiot;AC=null;TA=Protein N-terminus;MT=Variable	not available	not available	not available	not available	not available	not available	2 h	22 °C	NCB4580A30LC2_B6.raw	NT=ms-proteomics;VV=v1.1.0	NT=crosslinking;VV=v1.0.0	NT=invertebrates;VV=v1.1.0
PXD027068_NCB4496A19LC3_C3_NCB4496A19LC3-40-211910	Caenorhabditis elegans	gut, muscle, skin, and nervous system	neurons (including AFD neurons)	318	PXD027068_NCB4496A19LC3_C3_NCB4496A19LC3-40-211910_assay	proteomic profiling by mass spectrometry	data-dependent acquisition	NT=label free sample;AC=MS:1002038	1	1	not available	NT=Trypsin;AC=MS:1001251	NT=Carbamidomethyl;AC=UNIMOD:4;TA=C;MT=Fixed	NT=Oxidation;AC=UNIMOD:21;TA=M;MT=Variable	NT=Acetyl;AC=UNIMOD:2;TA=Protein N-term;MT=Variable	NT=Deamidation;AC=UNIMOD:7;TA=NQ;MT=Variable	NT=Gln->pyro-Glu;AC=UNIMOD:28;TA=Q;MT=Variable	NT=Phospho;AC=UNIMOD:21;TA=STY;MT=Variable	NT=K-Biot;AC=null;TA=K;MT=Variable	NT=N-termBiot;AC=null;TA=Protein N-terminus;MT=Variable	not available	not available	not available	not available	not available	not available	2 h	22 °C	NCB4496A19LC3_C3_NCB4496A19LC3-40-211910.raw	NT=ms-proteomics;VV=v1.1.0	NT=crosslinking;VV=v1.0.0	NT=invertebrates;VV=v1.1.0
PXD027068_NCB4461A37LC3_E5_NCB4461A37LC3-40-210656	Caenorhabditis elegans	gut, muscle, skin, and nervous system	neurons (including AFD neurons)	319	PXD027068_NCB4461A37LC3_E5_NCB4461A37LC3-40-210656_assay	proteomic profiling by mass spectrometry	data-dependent acquisition	NT=label free sample;AC=MS:1002038	1	1	not available	NT=Trypsin;AC=MS:1001251	NT=Carbamidomethyl;AC=UNIMOD:4;TA=C;MT=Fixed	NT=Oxidation;AC=UNIMOD:21;TA=M;MT=Variable	NT=Acetyl;AC=UNIMOD:2;TA=Protein N-term;MT=Variable	NT=Deamidation;AC=UNIMOD:7;TA=NQ;MT=Variable	NT=Gln->pyro-Glu;AC=UNIMOD:28;TA=Q;MT=Variable	NT=Phospho;AC=UNIMOD:21;TA=STY;MT=Variable	NT=K-Biot;AC=null;TA=K;MT=Variable	NT=N-termBiot;AC=null;TA=Protein N-terminus;MT=Variable	not available	not available	not available	not available	not available	not available	2 h	22 °C	NCB4461A37LC3_E5_NCB4461A37LC3-40-210656.raw	NT=ms-proteomics;VV=v1.1.0	NT=crosslinking;VV=v1.0.0	NT=invertebrates;VV=v1.1.0
PXD027068_NCB4496A68LC3_D9_NCB4496A68LC3-40-214345	Caenorhabditis elegans	gut, muscle, skin, and nervous system	neurons (including AFD neurons)	320	PXD027068_NCB4496A68LC3_D9_NCB4496A68LC3-40-214345_assay	proteomic profiling by mass spectrometry	data-dependent acquisition	NT=label free sample;AC=MS:1002038	1	1	not available	NT=Trypsin;AC=MS:1001251	NT=Carbamidomethyl;AC=UNIMOD:4;TA=C;MT=Fixed	NT=Oxidation;AC=UNIMOD:21;TA=M;MT=Variable	NT=Acetyl;AC=UNIMOD:2;TA=Protein N-term;MT=Variable	NT=Deamidation;AC=UNIMOD:7;TA=NQ;MT=Variable	NT=Gln->pyro-Glu;AC=UNIMOD:28;TA=Q;MT=Variable	NT=Phospho;AC=UNIMOD:21;TA=STY;MT=Variable	NT=K-Biot;AC=null;TA=K;MT=Variable	NT=N-termBiot;AC=null;TA=Protein N-terminus;MT=Variable	not available	not available	not available	not available	not available	not available	2 h	22 °C	NCB4496A68LC3_D9_NCB4496A68LC3-40-214345.raw	NT=ms-proteomics;VV=v1.1.0	NT=crosslinking;VV=v1.0.0	NT=invertebrates;VV=v1.1.0
PXD027068_NCB4510A25LC2_E5_NCB4510A25LC2-40-216352	Caenorhabditis elegans	gut, muscle, skin, and nervous system	neurons (including AFD neurons)	321	PXD027068_NCB4510A25LC2_E5_NCB4510A25LC2-40-216352_assay	proteomic profiling by mass spectrometry	data-dependent acquisition	NT=label free sample;AC=MS:1002038	1	1	not available	NT=Trypsin;AC=MS:1001251	NT=Carbamidomethyl;AC=UNIMOD:4;TA=C;MT=Fixed	NT=Oxidation;AC=UNIMOD:21;TA=M;MT=Variable	NT=Acetyl;AC=UNIMOD:2;TA=Protein N-term;MT=Variable	NT=Deamidation;AC=UNIMOD:7;TA=NQ;MT=Variable	NT=Gln->pyro-Glu;AC=UNIMOD:28;TA=Q;MT=Variable	NT=Phospho;AC=UNIMOD:21;TA=STY;MT=Variable	NT=K-Biot;AC=null;TA=K;MT=Variable	NT=N-termBiot;AC=null;TA=Protein N-terminus;MT=Variable	not available	not available	not available	not available	not available	not available	2 h	22 °C	NCB4510A25LC2_E5_NCB4510A25LC2-40-216352.raw	NT=ms-proteomics;VV=v1.1.0	NT=crosslinking;VV=v1.0.0	NT=invertebrates;VV=v1.1.0
PXD027068_NCB4459A159LC3_C10_NCB4459A159LC3-40-209118	Caenorhabditis elegans	gut, muscle, skin, and nervous system	neurons (including AFD neurons)	322	PXD027068_NCB4459A159LC3_C10_NCB4459A159LC3-40-209118_assay	proteomic profiling by mass spectrometry	data-dependent acquisition	NT=label free sample;AC=MS:1002038	1	1	not available	NT=Trypsin;AC=MS:1001251	NT=Carbamidomethyl;AC=UNIMOD:4;TA=C;MT=Fixed	NT=Oxidation;AC=UNIMOD:21;TA=M;MT=Variable	NT=Acetyl;AC=UNIMOD:2;TA=Protein N-term;MT=Variable	NT=Deamidation;AC=UNIMOD:7;TA=NQ;MT=Variable	NT=Gln->pyro-Glu;AC=UNIMOD:28;TA=Q;MT=Variable	NT=Phospho;AC=UNIMOD:21;TA=STY;MT=Variable	NT=K-Biot;AC=null;TA=K;MT=Variable	NT=N-termBiot;AC=null;TA=Protein N-terminus;MT=Variable	not available	not available	not available	not available	not available	not available	2 h	22 °C	NCB4459A159LC3_C10_NCB4459A159LC3-40-209118.raw	NT=ms-proteomics;VV=v1.1.0	NT=crosslinking;VV=v1.0.0	NT=invertebrates;VV=v1.1.0
PXD027068_NCB4459A120LC3_D5_NCB4459A120LC3-40-209067	Caenorhabditis elegans	gut, muscle, skin, and nervous system	neurons (including AFD neurons)	323	PXD027068_NCB4459A120LC3_D5_NCB4459A120LC3-40-209067_assay	proteomic profiling by mass spectrometry	data-dependent acquisition	NT=label free sample;AC=MS:1002038	1	1	not available	NT=Trypsin;AC=MS:1001251	NT=Carbamidomethyl;AC=UNIMOD:4;TA=C;MT=Fixed	NT=Oxidation;AC=UNIMOD:21;TA=M;MT=Variable	NT=Acetyl;AC=UNIMOD:2;TA=Protein N-term;MT=Variable	NT=Deamidation;AC=UNIMOD:7;TA=NQ;MT=Variable	NT=Gln->pyro-Glu;AC=UNIMOD:28;TA=Q;MT=Variable	NT=Phospho;AC=UNIMOD:21;TA=STY;MT=Variable	NT=K-Biot;AC=null;TA=K;MT=Variable	NT=N-termBiot;AC=null;TA=Protein N-terminus;MT=Variable	not available	not available	not available	not available	not available	not available	2 h	22 °C	NCB4459A120LC3_D5_NCB4459A120LC3-40-209067.raw	NT=ms-proteomics;VV=v1.1.0	NT=crosslinking;VV=v1.0.0	NT=invertebrates;VV=v1.1.0
PXD027068_NCB4460A47LC3_G6_NCB4460A47LC3-40-210542	Caenorhabditis elegans	gut, muscle, skin, and nervous system	neurons (including AFD neurons)	324	PXD027068_NCB4460A47LC3_G6_NCB4460A47LC3-40-210542_assay	proteomic profiling by mass spectrometry	data-dependent acquisition	NT=label free sample;AC=MS:1002038	1	1	not available	NT=Trypsin;AC=MS:1001251	NT=Carbamidomethyl;AC=UNIMOD:4;TA=C;MT=Fixed	NT=Oxidation;AC=UNIMOD:21;TA=M;MT=Variable	NT=Acetyl;AC=UNIMOD:2;TA=Protein N-term;MT=Variable	NT=Deamidation;AC=UNIMOD:7;TA=NQ;MT=Variable	NT=Gln->pyro-Glu;AC=UNIMOD:28;TA=Q;MT=Variable	NT=Phospho;AC=UNIMOD:21;TA=STY;MT=Variable	NT=K-Biot;AC=null;TA=K;MT=Variable	NT=N-termBiot;AC=null;TA=Protein N-terminus;MT=Variable	not available	not available	not available	not available	not available	not available	2 h	22 °C	NCB4460A47LC3_G6_NCB4460A47LC3-40-210542.raw	NT=ms-proteomics;VV=v1.1.0	NT=crosslinking;VV=v1.0.0	NT=invertebrates;VV=v1.1.0
PXD027068_NCB4496A13LC3_E2_NCB4496A13LC3-40-211904	Caenorhabditis elegans	gut, muscle, skin, and nervous system	neurons (including AFD neurons)	325	PXD027068_NCB4496A13LC3_E2_NCB4496A13LC3-40-211904_assay	proteomic profiling by mass spectrometry	data-dependent acquisition	NT=label free sample;AC=MS:1002038	1	1	not available	NT=Trypsin;AC=MS:1001251	NT=Carbamidomethyl;AC=UNIMOD:4;TA=C;MT=Fixed	NT=Oxidation;AC=UNIMOD:21;TA=M;MT=Variable	NT=Acetyl;AC=UNIMOD:2;TA=Protein N-term;MT=Variable	NT=Deamidation;AC=UNIMOD:7;TA=NQ;MT=Variable	NT=Gln->pyro-Glu;AC=UNIMOD:28;TA=Q;MT=Variable	NT=Phospho;AC=UNIMOD:21;TA=STY;MT=Variable	NT=K-Biot;AC=null;TA=K;MT=Variable	NT=N-termBiot;AC=null;TA=Protein N-terminus;MT=Variable	not available	not available	not available	not available	not available	not available	2 h	22 °C	NCB4496A13LC3_E2_NCB4496A13LC3-40-211904.raw	NT=ms-proteomics;VV=v1.1.0	NT=crosslinking;VV=v1.0.0	NT=invertebrates;VV=v1.1.0
PXD027068_NCB4459A154LC3_F9_NCB4459A154LC3-40-209113	Caenorhabditis elegans	gut, muscle, skin, and nervous system	neurons (including AFD neurons)	4	PXD027068_NCB4459A154LC3_F9_NCB4459A154LC3-40-209113_assay	proteomic profiling by mass spectrometry	data-dependent acquisition	NT=label free sample;AC=MS:1002038	9	1	not available	NT=Trypsin;AC=MS:1001251	NT=Carbamidomethyl;AC=UNIMOD:4;TA=C;MT=Fixed	NT=Oxidation;AC=UNIMOD:21;TA=M;MT=Variable	NT=Acetyl;AC=UNIMOD:2;TA=Protein N-term;MT=Variable	NT=Deamidation;AC=UNIMOD:7;TA=NQ;MT=Variable	NT=Gln->pyro-Glu;AC=UNIMOD:28;TA=Q;MT=Variable	NT=Phospho;AC=UNIMOD:21;TA=STY;MT=Variable	NT=K-Biot;AC=null;TA=K;MT=Variable	NT=N-termBiot;AC=null;TA=Protein N-terminus;MT=Variable	not available	not available	not available	not available	not available	not available	2 h	22 °C	NCB4459A154LC3_F9_NCB4459A154LC3-40-209113.raw	NT=ms-proteomics;VV=v1.1.0	NT=crosslinking;VV=v1.0.0	NT=invertebrates;VV=v1.1.0
PXD027068_NCB4496A71LC3_G9_NCB4496A71LC3-40-214348	Caenorhabditis elegans	gut, muscle, skin, and nervous system	neurons (including AFD neurons)	326	PXD027068_NCB4496A71LC3_G9_NCB4496A71LC3-40-214348_assay	proteomic profiling by mass spectrometry	data-dependent acquisition	NT=label free sample;AC=MS:1002038	1	1	not available	NT=Trypsin;AC=MS:1001251	NT=Carbamidomethyl;AC=UNIMOD:4;TA=C;MT=Fixed	NT=Oxidation;AC=UNIMOD:21;TA=M;MT=Variable	NT=Acetyl;AC=UNIMOD:2;TA=Protein N-term;MT=Variable	NT=Deamidation;AC=UNIMOD:7;TA=NQ;MT=Variable	NT=Gln->pyro-Glu;AC=UNIMOD:28;TA=Q;MT=Variable	NT=Phospho;AC=UNIMOD:21;TA=STY;MT=Variable	NT=K-Biot;AC=null;TA=K;MT=Variable	NT=N-termBiot;AC=null;TA=Protein N-terminus;MT=Variable	not available	not available	not available	not available	not available	not available	2 h	22 °C	NCB4496A71LC3_G9_NCB4496A71LC3-40-214348.raw	NT=ms-proteomics;VV=v1.1.0	NT=crosslinking;VV=v1.0.0	NT=invertebrates;VV=v1.1.0
PXD027068_NCB4496A73LC3_A10_NCB4496A73LC3-40-214350	Caenorhabditis elegans	gut, muscle, skin, and nervous system	neurons (including AFD neurons)	327	PXD027068_NCB4496A73LC3_A10_NCB4496A73LC3-40-214350_assay	proteomic profiling by mass spectrometry	data-dependent acquisition	NT=label free sample;AC=MS:1002038	1	1	not available	NT=Trypsin;AC=MS:1001251	NT=Carbamidomethyl;AC=UNIMOD:4;TA=C;MT=Fixed	NT=Oxidation;AC=UNIMOD:21;TA=M;MT=Variable	NT=Acetyl;AC=UNIMOD:2;TA=Protein N-term;MT=Variable	NT=Deamidation;AC=UNIMOD:7;TA=NQ;MT=Variable	NT=Gln->pyro-Glu;AC=UNIMOD:28;TA=Q;MT=Variable	NT=Phospho;AC=UNIMOD:21;TA=STY;MT=Variable	NT=K-Biot;AC=null;TA=K;MT=Variable	NT=N-termBiot;AC=null;TA=Protein N-terminus;MT=Variable	not available	not available	not available	not available	not available	not available	2 h	22 °C	NCB4496A73LC3_A10_NCB4496A73LC3-40-214350.raw	NT=ms-proteomics;VV=v1.1.0	NT=crosslinking;VV=v1.0.0	NT=invertebrates;VV=v1.1.0
PXD027068_NCB4509A47LC2_G9_NCB4509A71LC3-40-215871	Caenorhabditis elegans	gut, muscle, skin, and nervous system	neurons (including AFD neurons)	328	PXD027068_NCB4509A47LC2_G9_NCB4509A71LC3-40-215871_assay	proteomic profiling by mass spectrometry	data-dependent acquisition	NT=label free sample;AC=MS:1002038	1	1	not available	NT=Trypsin;AC=MS:1001251	NT=Carbamidomethyl;AC=UNIMOD:4;TA=C;MT=Fixed	NT=Oxidation;AC=UNIMOD:21;TA=M;MT=Variable	NT=Acetyl;AC=UNIMOD:2;TA=Protein N-term;MT=Variable	NT=Deamidation;AC=UNIMOD:7;TA=NQ;MT=Variable	NT=Gln->pyro-Glu;AC=UNIMOD:28;TA=Q;MT=Variable	NT=Phospho;AC=UNIMOD:21;TA=STY;MT=Variable	NT=K-Biot;AC=null;TA=K;MT=Variable	NT=N-termBiot;AC=null;TA=Protein N-terminus;MT=Variable	not available	not available	not available	not available	not available	not available	2 h	22 °C	NCB4509A47LC2_G9_NCB4509A71LC3-40-215871.raw	NT=ms-proteomics;VV=v1.1.0	NT=crosslinking;VV=v1.0.0	NT=invertebrates;VV=v1.1.0
PXD027068_NCB4509A19LC2_C3_NCB4509A19LC3-40-215753	Caenorhabditis elegans	gut, muscle, skin, and nervous system	neurons (including AFD neurons)	329	PXD027068_NCB4509A19LC2_C3_NCB4509A19LC3-40-215753_assay	proteomic profiling by mass spectrometry	data-dependent acquisition	NT=label free sample;AC=MS:1002038	1	1	not available	NT=Trypsin;AC=MS:1001251	NT=Carbamidomethyl;AC=UNIMOD:4;TA=C;MT=Fixed	NT=Oxidation;AC=UNIMOD:21;TA=M;MT=Variable	NT=Acetyl;AC=UNIMOD:2;TA=Protein N-term;MT=Variable	NT=Deamidation;AC=UNIMOD:7;TA=NQ;MT=Variable	NT=Gln->pyro-Glu;AC=UNIMOD:28;TA=Q;MT=Variable	NT=Phospho;AC=UNIMOD:21;TA=STY;MT=Variable	NT=K-Biot;AC=null;TA=K;MT=Variable	NT=N-termBiot;AC=null;TA=Protein N-terminus;MT=Variable	not available	not available	not available	not available	not available	not available	2 h	22 °C	NCB4509A19LC2_C3_NCB4509A19LC3-40-215753.raw	NT=ms-proteomics;VV=v1.1.0	NT=crosslinking;VV=v1.0.0	NT=invertebrates;VV=v1.1.0
PXD027068_NCB4459A136LC3_D7_NCB4459A136LC3-40-209083	Caenorhabditis elegans	gut, muscle, skin, and nervous system	neurons (including AFD neurons)	330	PXD027068_NCB4459A136LC3_D7_NCB4459A136LC3-40-209083_assay	proteomic profiling by mass spectrometry	data-dependent acquisition	NT=label free sample;AC=MS:1002038	1	1	not available	NT=Trypsin;AC=MS:1001251	NT=Carbamidomethyl;AC=UNIMOD:4;TA=C;MT=Fixed	NT=Oxidation;AC=UNIMOD:21;TA=M;MT=Variable	NT=Acetyl;AC=UNIMOD:2;TA=Protein N-term;MT=Variable	NT=Deamidation;AC=UNIMOD:7;TA=NQ;MT=Variable	NT=Gln->pyro-Glu;AC=UNIMOD:28;TA=Q;MT=Variable	NT=Phospho;AC=UNIMOD:21;TA=STY;MT=Variable	NT=K-Biot;AC=null;TA=K;MT=Variable	NT=N-termBiot;AC=null;TA=Protein N-terminus;MT=Variable	not available	not available	not available	not available	not available	not available	2 h	22 °C	NCB4459A136LC3_D7_NCB4459A136LC3-40-209083.raw	NT=ms-proteomics;VV=v1.1.0	NT=crosslinking;VV=v1.0.0	NT=invertebrates;VV=v1.1.0
PXD027068_NCB4496A3LC3_C1_NCB4496A3LC3-40-211914	Caenorhabditis elegans	gut, muscle, skin, and nervous system	neurons (including AFD neurons)	331	PXD027068_NCB4496A3LC3_C1_NCB4496A3LC3-40-211914_assay	proteomic profiling by mass spectrometry	data-dependent acquisition	NT=label free sample;AC=MS:1002038	1	1	not available	NT=Trypsin;AC=MS:1001251	NT=Carbamidomethyl;AC=UNIMOD:4;TA=C;MT=Fixed	NT=Oxidation;AC=UNIMOD:21;TA=M;MT=Variable	NT=Acetyl;AC=UNIMOD:2;TA=Protein N-term;MT=Variable	NT=Deamidation;AC=UNIMOD:7;TA=NQ;MT=Variable	NT=Gln->pyro-Glu;AC=UNIMOD:28;TA=Q;MT=Variable	NT=Phospho;AC=UNIMOD:21;TA=STY;MT=Variable	NT=K-Biot;AC=null;TA=K;MT=Variable	NT=N-termBiot;AC=null;TA=Protein N-terminus;MT=Variable	not available	not available	not available	not available	not available	not available	2 h	22 °C	NCB4496A3LC3_C1_NCB4496A3LC3-40-211914.raw	NT=ms-proteomics;VV=v1.1.0	NT=crosslinking;VV=v1.0.0	NT=invertebrates;VV=v1.1.0
PXD027068_NCB4510A24LC2_D5_NCB4510A24LC2-40-216351	Caenorhabditis elegans	gut, muscle, skin, and nervous system	neurons (including AFD neurons)	332	PXD027068_NCB4510A24LC2_D5_NCB4510A24LC2-40-216351_assay	proteomic profiling by mass spectrometry	data-dependent acquisition	NT=label free sample;AC=MS:1002038	1	1	not available	NT=Trypsin;AC=MS:1001251	NT=Carbamidomethyl;AC=UNIMOD:4;TA=C;MT=Fixed	NT=Oxidation;AC=UNIMOD:21;TA=M;MT=Variable	NT=Acetyl;AC=UNIMOD:2;TA=Protein N-term;MT=Variable	NT=Deamidation;AC=UNIMOD:7;TA=NQ;MT=Variable	NT=Gln->pyro-Glu;AC=UNIMOD:28;TA=Q;MT=Variable	NT=Phospho;AC=UNIMOD:21;TA=STY;MT=Variable	NT=K-Biot;AC=null;TA=K;MT=Variable	NT=N-termBiot;AC=null;TA=Protein N-terminus;MT=Variable	not available	not available	not available	not available	not available	not available	2 h	22 °C	NCB4510A24LC2_D5_NCB4510A24LC2-40-216351.raw	NT=ms-proteomics;VV=v1.1.0	NT=crosslinking;VV=v1.0.0	NT=invertebrates;VV=v1.1.0
PXD027068_NCB4497A60LC2_D11_NCB4497A60LC2-40-215394	Caenorhabditis elegans	gut, muscle, skin, and nervous system	neurons (including AFD neurons)	333	PXD027068_NCB4497A60LC2_D11_NCB4497A60LC2-40-215394_assay	proteomic profiling by mass spectrometry	data-dependent acquisition	NT=label free sample;AC=MS:1002038	1	1	not available	NT=Trypsin;AC=MS:1001251	NT=Carbamidomethyl;AC=UNIMOD:4;TA=C;MT=Fixed	NT=Oxidation;AC=UNIMOD:21;TA=M;MT=Variable	NT=Acetyl;AC=UNIMOD:2;TA=Protein N-term;MT=Variable	NT=Deamidation;AC=UNIMOD:7;TA=NQ;MT=Variable	NT=Gln->pyro-Glu;AC=UNIMOD:28;TA=Q;MT=Variable	NT=Phospho;AC=UNIMOD:21;TA=STY;MT=Variable	NT=K-Biot;AC=null;TA=K;MT=Variable	NT=N-termBiot;AC=null;TA=Protein N-terminus;MT=Variable	not available	not available	not available	not available	not available	not available	2 h	22 °C	NCB4497A60LC2_D11_NCB4497A60LC2-40-215394.raw	NT=ms-proteomics;VV=v1.1.0	NT=crosslinking;VV=v1.0.0	NT=invertebrates;VV=v1.1.0
PXD027068_NCB4459A124LC3_H5_NCB4459A124LC3-40-209071	Caenorhabditis elegans	gut, muscle, skin, and nervous system	neurons (including AFD neurons)	334	PXD027068_NCB4459A124LC3_H5_NCB4459A124LC3-40-209071_assay	proteomic profiling by mass spectrometry	data-dependent acquisition	NT=label free sample;AC=MS:1002038	1	1	not available	NT=Trypsin;AC=MS:1001251	NT=Carbamidomethyl;AC=UNIMOD:4;TA=C;MT=Fixed	NT=Oxidation;AC=UNIMOD:21;TA=M;MT=Variable	NT=Acetyl;AC=UNIMOD:2;TA=Protein N-term;MT=Variable	NT=Deamidation;AC=UNIMOD:7;TA=NQ;MT=Variable	NT=Gln->pyro-Glu;AC=UNIMOD:28;TA=Q;MT=Variable	NT=Phospho;AC=UNIMOD:21;TA=STY;MT=Variable	NT=K-Biot;AC=null;TA=K;MT=Variable	NT=N-termBiot;AC=null;TA=Protein N-terminus;MT=Variable	not available	not available	not available	not available	not available	not available	2 h	22 °C	NCB4459A124LC3_H5_NCB4459A124LC3-40-209071.raw	NT=ms-proteomics;VV=v1.1.0	NT=crosslinking;VV=v1.0.0	NT=invertebrates;VV=v1.1.0
PXD027068_NCB4509A55LC2_G10_NCB4509A79LC3-40-215879	Caenorhabditis elegans	gut, muscle, skin, and nervous system	neurons (including AFD neurons)	335	PXD027068_NCB4509A55LC2_G10_NCB4509A79LC3-40-215879_assay	proteomic profiling by mass spectrometry	data-dependent acquisition	NT=label free sample;AC=MS:1002038	1	1	not available	NT=Trypsin;AC=MS:1001251	NT=Carbamidomethyl;AC=UNIMOD:4;TA=C;MT=Fixed	NT=Oxidation;AC=UNIMOD:21;TA=M;MT=Variable	NT=Acetyl;AC=UNIMOD:2;TA=Protein N-term;MT=Variable	NT=Deamidation;AC=UNIMOD:7;TA=NQ;MT=Variable	NT=Gln->pyro-Glu;AC=UNIMOD:28;TA=Q;MT=Variable	NT=Phospho;AC=UNIMOD:21;TA=STY;MT=Variable	NT=K-Biot;AC=null;TA=K;MT=Variable	NT=N-termBiot;AC=null;TA=Protein N-terminus;MT=Variable	not available	not available	not available	not available	not available	not available	2 h	22 °C	NCB4509A55LC2_G10_NCB4509A79LC3-40-215879.raw	NT=ms-proteomics;VV=v1.1.0	NT=crosslinking;VV=v1.0.0	NT=invertebrates;VV=v1.1.0
PXD027068_NCB4580A40LC2_D7	Caenorhabditis elegans	gut, muscle, skin, and nervous system	neurons (including AFD neurons)	336	PXD027068_NCB4580A40LC2_D7_assay	proteomic profiling by mass spectrometry	data-dependent acquisition	NT=label free sample;AC=MS:1002038	1	1	not available	NT=Trypsin;AC=MS:1001251	NT=Carbamidomethyl;AC=UNIMOD:4;TA=C;MT=Fixed	NT=Oxidation;AC=UNIMOD:21;TA=M;MT=Variable	NT=Acetyl;AC=UNIMOD:2;TA=Protein N-term;MT=Variable	NT=Deamidation;AC=UNIMOD:7;TA=NQ;MT=Variable	NT=Gln->pyro-Glu;AC=UNIMOD:28;TA=Q;MT=Variable	NT=Phospho;AC=UNIMOD:21;TA=STY;MT=Variable	NT=K-Biot;AC=null;TA=K;MT=Variable	NT=N-termBiot;AC=null;TA=Protein N-terminus;MT=Variable	not available	not available	not available	not available	not available	not available	2 h	22 °C	NCB4580A40LC2_D7.raw	NT=ms-proteomics;VV=v1.1.0	NT=crosslinking;VV=v1.0.0	NT=invertebrates;VV=v1.1.0
PXD027068_NCB4497A29LC2_A6_NCB4497A29LC2-40-215359	Caenorhabditis elegans	gut, muscle, skin, and nervous system	neurons (including AFD neurons)	337	PXD027068_NCB4497A29LC2_A6_NCB4497A29LC2-40-215359_assay	proteomic profiling by mass spectrometry	data-dependent acquisition	NT=label free sample;AC=MS:1002038	1	1	not available	NT=Trypsin;AC=MS:1001251	NT=Carbamidomethyl;AC=UNIMOD:4;TA=C;MT=Fixed	NT=Oxidation;AC=UNIMOD:21;TA=M;MT=Variable	NT=Acetyl;AC=UNIMOD:2;TA=Protein N-term;MT=Variable	NT=Deamidation;AC=UNIMOD:7;TA=NQ;MT=Variable	NT=Gln->pyro-Glu;AC=UNIMOD:28;TA=Q;MT=Variable	NT=Phospho;AC=UNIMOD:21;TA=STY;MT=Variable	NT=K-Biot;AC=null;TA=K;MT=Variable	NT=N-termBiot;AC=null;TA=Protein N-terminus;MT=Variable	not available	not available	not available	not available	not available	not available	2 h	22 °C	NCB4497A29LC2_A6_NCB4497A29LC2-40-215359.raw	NT=ms-proteomics;VV=v1.1.0	NT=crosslinking;VV=v1.0.0	NT=invertebrates;VV=v1.1.0
PXD027068_NCB4510A17LC2_A3_NCB4510A17LC2-40-216244	Caenorhabditis elegans	gut, muscle, skin, and nervous system	neurons (including AFD neurons)	338	PXD027068_NCB4510A17LC2_A3_NCB4510A17LC2-40-216244_assay	proteomic profiling by mass spectrometry	data-dependent acquisition	NT=label free sample;AC=MS:1002038	1	1	not available	NT=Trypsin;AC=MS:1001251	NT=Carbamidomethyl;AC=UNIMOD:4;TA=C;MT=Fixed	NT=Oxidation;AC=UNIMOD:21;TA=M;MT=Variable	NT=Acetyl;AC=UNIMOD:2;TA=Protein N-term;MT=Variable	NT=Deamidation;AC=UNIMOD:7;TA=NQ;MT=Variable	NT=Gln->pyro-Glu;AC=UNIMOD:28;TA=Q;MT=Variable	NT=Phospho;AC=UNIMOD:21;TA=STY;MT=Variable	NT=K-Biot;AC=null;TA=K;MT=Variable	NT=N-termBiot;AC=null;TA=Protein N-terminus;MT=Variable	not available	not available	not available	not available	not available	not available	2 h	22 °C	NCB4510A17LC2_A3_NCB4510A17LC2-40-216244.raw	NT=ms-proteomics;VV=v1.1.0	NT=crosslinking;VV=v1.0.0	NT=invertebrates;VV=v1.1.0
PXD027068_NCB4496A17LC3_A3_NCB4496A17LC3-40-211908	Caenorhabditis elegans	gut, muscle, skin, and nervous system	neurons (including AFD neurons)	339	PXD027068_NCB4496A17LC3_A3_NCB4496A17LC3-40-211908_assay	proteomic profiling by mass spectrometry	data-dependent acquisition	NT=label free sample;AC=MS:1002038	1	1	not available	NT=Trypsin;AC=MS:1001251	NT=Carbamidomethyl;AC=UNIMOD:4;TA=C;MT=Fixed	NT=Oxidation;AC=UNIMOD:21;TA=M;MT=Variable	NT=Acetyl;AC=UNIMOD:2;TA=Protein N-term;MT=Variable	NT=Deamidation;AC=UNIMOD:7;TA=NQ;MT=Variable	NT=Gln->pyro-Glu;AC=UNIMOD:28;TA=Q;MT=Variable	NT=Phospho;AC=UNIMOD:21;TA=STY;MT=Variable	NT=K-Biot;AC=null;TA=K;MT=Variable	NT=N-termBiot;AC=null;TA=Protein N-terminus;MT=Variable	not available	not available	not available	not available	not available	not available	2 h	22 °C	NCB4496A17LC3_A3_NCB4496A17LC3-40-211908.raw	NT=ms-proteomics;VV=v1.1.0	NT=crosslinking;VV=v1.0.0	NT=invertebrates;VV=v1.1.0
PXD027068_NCB4510A21LC2_A5_NCB4510A21LC2-40-216248	Caenorhabditis elegans	gut, muscle, skin, and nervous system	neurons (including AFD neurons)	340	PXD027068_NCB4510A21LC2_A5_NCB4510A21LC2-40-216248_assay	proteomic profiling by mass spectrometry	data-dependent acquisition	NT=label free sample;AC=MS:1002038	1	1	not available	NT=Trypsin;AC=MS:1001251	NT=Carbamidomethyl;AC=UNIMOD:4;TA=C;MT=Fixed	NT=Oxidation;AC=UNIMOD:21;TA=M;MT=Variable	NT=Acetyl;AC=UNIMOD:2;TA=Protein N-term;MT=Variable	NT=Deamidation;AC=UNIMOD:7;TA=NQ;MT=Variable	NT=Gln->pyro-Glu;AC=UNIMOD:28;TA=Q;MT=Variable	NT=Phospho;AC=UNIMOD:21;TA=STY;MT=Variable	NT=K-Biot;AC=null;TA=K;MT=Variable	NT=N-termBiot;AC=null;TA=Protein N-terminus;MT=Variable	not available	not available	not available	not available	not available	not available	2 h	22 °C	NCB4510A21LC2_A5_NCB4510A21LC2-40-216248.raw	NT=ms-proteomics;VV=v1.1.0	NT=crosslinking;VV=v1.0.0	NT=invertebrates;VV=v1.1.0
PXD027068_NCB4461A35LC3_C5_NCB4461A35LC3-40-210654	Caenorhabditis elegans	gut, muscle, skin, and nervous system	neurons (including AFD neurons)	341	PXD027068_NCB4461A35LC3_C5_NCB4461A35LC3-40-210654_assay	proteomic profiling by mass spectrometry	data-dependent acquisition	NT=label free sample;AC=MS:1002038	1	1	not available	NT=Trypsin;AC=MS:1001251	NT=Carbamidomethyl;AC=UNIMOD:4;TA=C;MT=Fixed	NT=Oxidation;AC=UNIMOD:21;TA=M;MT=Variable	NT=Acetyl;AC=UNIMOD:2;TA=Protein N-term;MT=Variable	NT=Deamidation;AC=UNIMOD:7;TA=NQ;MT=Variable	NT=Gln->pyro-Glu;AC=UNIMOD:28;TA=Q;MT=Variable	NT=Phospho;AC=UNIMOD:21;TA=STY;MT=Variable	NT=K-Biot;AC=null;TA=K;MT=Variable	NT=N-termBiot;AC=null;TA=Protein N-terminus;MT=Variable	not available	not available	not available	not available	not available	not available	2 h	22 °C	NCB4461A35LC3_C5_NCB4461A35LC3-40-210654.raw	NT=ms-proteomics;VV=v1.1.0	NT=crosslinking;VV=v1.0.0	NT=invertebrates;VV=v1.1.0
PXD027068_NCB4497A37LC2_A7_NCB4497A37LC2-40-215368	Caenorhabditis elegans	gut, muscle, skin, and nervous system	neurons (including AFD neurons)	342	PXD027068_NCB4497A37LC2_A7_NCB4497A37LC2-40-215368_assay	proteomic profiling by mass spectrometry	data-dependent acquisition	NT=label free sample;AC=MS:1002038	1	1	not available	NT=Trypsin;AC=MS:1001251	NT=Carbamidomethyl;AC=UNIMOD:4;TA=C;MT=Fixed	NT=Oxidation;AC=UNIMOD:21;TA=M;MT=Variable	NT=Acetyl;AC=UNIMOD:2;TA=Protein N-term;MT=Variable	NT=Deamidation;AC=UNIMOD:7;TA=NQ;MT=Variable	NT=Gln->pyro-Glu;AC=UNIMOD:28;TA=Q;MT=Variable	NT=Phospho;AC=UNIMOD:21;TA=STY;MT=Variable	NT=K-Biot;AC=null;TA=K;MT=Variable	NT=N-termBiot;AC=null;TA=Protein N-terminus;MT=Variable	not available	not available	not available	not available	not available	not available	2 h	22 °C	NCB4497A37LC2_A7_NCB4497A37LC2-40-215368.raw	NT=ms-proteomics;VV=v1.1.0	NT=crosslinking;VV=v1.0.0	NT=invertebrates;VV=v1.1.0
PXD027068_NCB4509A33LC2_E6_NCB4509A45LC3-40-215857	Caenorhabditis elegans	gut, muscle, skin, and nervous system	neurons (including AFD neurons)	343	PXD027068_NCB4509A33LC2_E6_NCB4509A45LC3-40-215857_assay	proteomic profiling by mass spectrometry	data-dependent acquisition	NT=label free sample;AC=MS:1002038	1	1	not available	NT=Trypsin;AC=MS:1001251	NT=Carbamidomethyl;AC=UNIMOD:4;TA=C;MT=Fixed	NT=Oxidation;AC=UNIMOD:21;TA=M;MT=Variable	NT=Acetyl;AC=UNIMOD:2;TA=Protein N-term;MT=Variable	NT=Deamidation;AC=UNIMOD:7;TA=NQ;MT=Variable	NT=Gln->pyro-Glu;AC=UNIMOD:28;TA=Q;MT=Variable	NT=Phospho;AC=UNIMOD:21;TA=STY;MT=Variable	NT=K-Biot;AC=null;TA=K;MT=Variable	NT=N-termBiot;AC=null;TA=Protein N-terminus;MT=Variable	not available	not available	not available	not available	not available	not available	2 h	22 °C	NCB4509A33LC2_E6_NCB4509A45LC3-40-215857.raw	NT=ms-proteomics;VV=v1.1.0	NT=crosslinking;VV=v1.0.0	NT=invertebrates;VV=v1.1.0
PXD027068_NCB4509A41LC2_A9_NCB4509A65LC3-40-215865	Caenorhabditis elegans	gut, muscle, skin, and nervous system	neurons (including AFD neurons)	344	PXD027068_NCB4509A41LC2_A9_NCB4509A65LC3-40-215865_assay	proteomic profiling by mass spectrometry	data-dependent acquisition	NT=label free sample;AC=MS:1002038	1	1	not available	NT=Trypsin;AC=MS:1001251	NT=Carbamidomethyl;AC=UNIMOD:4;TA=C;MT=Fixed	NT=Oxidation;AC=UNIMOD:21;TA=M;MT=Variable	NT=Acetyl;AC=UNIMOD:2;TA=Protein N-term;MT=Variable	NT=Deamidation;AC=UNIMOD:7;TA=NQ;MT=Variable	NT=Gln->pyro-Glu;AC=UNIMOD:28;TA=Q;MT=Variable	NT=Phospho;AC=UNIMOD:21;TA=STY;MT=Variable	NT=K-Biot;AC=null;TA=K;MT=Variable	NT=N-termBiot;AC=null;TA=Protein N-terminus;MT=Variable	not available	not available	not available	not available	not available	not available	2 h	22 °C	NCB4509A41LC2_A9_NCB4509A65LC3-40-215865.raw	NT=ms-proteomics;VV=v1.1.0	NT=crosslinking;VV=v1.0.0	NT=invertebrates;VV=v1.1.0
PXD027068_NCB4460A46LC3_F6_NCB4460A46LC3-40-210541	Caenorhabditis elegans	gut, muscle, skin, and nervous system	neurons (including AFD neurons)	7	PXD027068_NCB4460A46LC3_F6_NCB4460A46LC3-40-210541_assay	proteomic profiling by mass spectrometry	data-dependent acquisition	NT=label free sample;AC=MS:1002038	6	1	not available	NT=Trypsin;AC=MS:1001251	NT=Carbamidomethyl;AC=UNIMOD:4;TA=C;MT=Fixed	NT=Oxidation;AC=UNIMOD:21;TA=M;MT=Variable	NT=Acetyl;AC=UNIMOD:2;TA=Protein N-term;MT=Variable	NT=Deamidation;AC=UNIMOD:7;TA=NQ;MT=Variable	NT=Gln->pyro-Glu;AC=UNIMOD:28;TA=Q;MT=Variable	NT=Phospho;AC=UNIMOD:21;TA=STY;MT=Variable	NT=K-Biot;AC=null;TA=K;MT=Variable	NT=N-termBiot;AC=null;TA=Protein N-terminus;MT=Variable	not available	not available	not available	not available	not available	not available	2 h	22 °C	NCB4460A46LC3_F6_NCB4460A46LC3-40-210541.raw	NT=ms-proteomics;VV=v1.1.0	NT=crosslinking;VV=v1.0.0	NT=invertebrates;VV=v1.1.0
PXD027068_NCB4509A28LC2_H5_NCB4509A40LC3-40-215852	Caenorhabditis elegans	gut, muscle, skin, and nervous system	neurons (including AFD neurons)	345	PXD027068_NCB4509A28LC2_H5_NCB4509A40LC3-40-215852_assay	proteomic profiling by mass spectrometry	data-dependent acquisition	NT=label free sample;AC=MS:1002038	1	1	not available	NT=Trypsin;AC=MS:1001251	NT=Carbamidomethyl;AC=UNIMOD:4;TA=C;MT=Fixed	NT=Oxidation;AC=UNIMOD:21;TA=M;MT=Variable	NT=Acetyl;AC=UNIMOD:2;TA=Protein N-term;MT=Variable	NT=Deamidation;AC=UNIMOD:7;TA=NQ;MT=Variable	NT=Gln->pyro-Glu;AC=UNIMOD:28;TA=Q;MT=Variable	NT=Phospho;AC=UNIMOD:21;TA=STY;MT=Variable	NT=K-Biot;AC=null;TA=K;MT=Variable	NT=N-termBiot;AC=null;TA=Protein N-terminus;MT=Variable	not available	not available	not available	not available	not available	not available	2 h	22 °C	NCB4509A28LC2_H5_NCB4509A40LC3-40-215852.raw	NT=ms-proteomics;VV=v1.1.0	NT=crosslinking;VV=v1.0.0	NT=invertebrates;VV=v1.1.0
PXD027068_NCB4497A50LC2_B10_NCB4497A50LC2-40-215383	Caenorhabditis elegans	gut, muscle, skin, and nervous system	neurons (including AFD neurons)	346	PXD027068_NCB4497A50LC2_B10_NCB4497A50LC2-40-215383_assay	proteomic profiling by mass spectrometry	data-dependent acquisition	NT=label free sample;AC=MS:1002038	1	1	not available	NT=Trypsin;AC=MS:1001251	NT=Carbamidomethyl;AC=UNIMOD:4;TA=C;MT=Fixed	NT=Oxidation;AC=UNIMOD:21;TA=M;MT=Variable	NT=Acetyl;AC=UNIMOD:2;TA=Protein N-term;MT=Variable	NT=Deamidation;AC=UNIMOD:7;TA=NQ;MT=Variable	NT=Gln->pyro-Glu;AC=UNIMOD:28;TA=Q;MT=Variable	NT=Phospho;AC=UNIMOD:21;TA=STY;MT=Variable	NT=K-Biot;AC=null;TA=K;MT=Variable	NT=N-termBiot;AC=null;TA=Protein N-terminus;MT=Variable	not available	not available	not available	not available	not available	not available	2 h	22 °C	NCB4497A50LC2_B10_NCB4497A50LC2-40-215383.raw	NT=ms-proteomics;VV=v1.1.0	NT=crosslinking;VV=v1.0.0	NT=invertebrates;VV=v1.1.0
PXD027068_NCB4497A35LC2_G6_NCB4497A35LC2-40-215366	Caenorhabditis elegans	gut, muscle, skin, and nervous system	neurons (including AFD neurons)	347	PXD027068_NCB4497A35LC2_G6_NCB4497A35LC2-40-215366_assay	proteomic profiling by mass spectrometry	data-dependent acquisition	NT=label free sample;AC=MS:1002038	1	1	not available	NT=Trypsin;AC=MS:1001251	NT=Carbamidomethyl;AC=UNIMOD:4;TA=C;MT=Fixed	NT=Oxidation;AC=UNIMOD:21;TA=M;MT=Variable	NT=Acetyl;AC=UNIMOD:2;TA=Protein N-term;MT=Variable	NT=Deamidation;AC=UNIMOD:7;TA=NQ;MT=Variable	NT=Gln->pyro-Glu;AC=UNIMOD:28;TA=Q;MT=Variable	NT=Phospho;AC=UNIMOD:21;TA=STY;MT=Variable	NT=K-Biot;AC=null;TA=K;MT=Variable	NT=N-termBiot;AC=null;TA=Protein N-terminus;MT=Variable	not available	not available	not available	not available	not available	not available	2 h	22 °C	NCB4497A35LC2_G6_NCB4497A35LC2-40-215366.raw	NT=ms-proteomics;VV=v1.1.0	NT=crosslinking;VV=v1.0.0	NT=invertebrates;VV=v1.1.0
PXD027068_NCB4496A51LC3_C7_NCB4496A51LC3-40-214340	Caenorhabditis elegans	gut, muscle, skin, and nervous system	neurons (including AFD neurons)	348	PXD027068_NCB4496A51LC3_C7_NCB4496A51LC3-40-214340_assay	proteomic profiling by mass spectrometry	data-dependent acquisition	NT=label free sample;AC=MS:1002038	1	1	not available	NT=Trypsin;AC=MS:1001251	NT=Carbamidomethyl;AC=UNIMOD:4;TA=C;MT=Fixed	NT=Oxidation;AC=UNIMOD:21;TA=M;MT=Variable	NT=Acetyl;AC=UNIMOD:2;TA=Protein N-term;MT=Variable	NT=Deamidation;AC=UNIMOD:7;TA=NQ;MT=Variable	NT=Gln->pyro-Glu;AC=UNIMOD:28;TA=Q;MT=Variable	NT=Phospho;AC=UNIMOD:21;TA=STY;MT=Variable	NT=K-Biot;AC=null;TA=K;MT=Variable	NT=N-termBiot;AC=null;TA=Protein N-terminus;MT=Variable	not available	not available	not available	not available	not available	not available	2 h	22 °C	NCB4496A51LC3_C7_NCB4496A51LC3-40-214340.raw	NT=ms-proteomics;VV=v1.1.0	NT=crosslinking;VV=v1.0.0	NT=invertebrates;VV=v1.1.0
PXD027068_NCB4510A48LC2_H9_NCB4510A48LC2-40-216375	Caenorhabditis elegans	gut, muscle, skin, and nervous system	neurons (including AFD neurons)	349	PXD027068_NCB4510A48LC2_H9_NCB4510A48LC2-40-216375_assay	proteomic profiling by mass spectrometry	data-dependent acquisition	NT=label free sample;AC=MS:1002038	1	1	not available	NT=Trypsin;AC=MS:1001251	NT=Carbamidomethyl;AC=UNIMOD:4;TA=C;MT=Fixed	NT=Oxidation;AC=UNIMOD:21;TA=M;MT=Variable	NT=Acetyl;AC=UNIMOD:2;TA=Protein N-term;MT=Variable	NT=Deamidation;AC=UNIMOD:7;TA=NQ;MT=Variable	NT=Gln->pyro-Glu;AC=UNIMOD:28;TA=Q;MT=Variable	NT=Phospho;AC=UNIMOD:21;TA=STY;MT=Variable	NT=K-Biot;AC=null;TA=K;MT=Variable	NT=N-termBiot;AC=null;TA=Protein N-terminus;MT=Variable	not available	not available	not available	not available	not available	not available	2 h	22 °C	NCB4510A48LC2_H9_NCB4510A48LC2-40-216375.raw	NT=ms-proteomics;VV=v1.1.0	NT=crosslinking;VV=v1.0.0	NT=invertebrates;VV=v1.1.0
PXD027068_NCB4497A1LC2_A1_NCB4497A1LC2-40-215249	Caenorhabditis elegans	gut, muscle, skin, and nervous system	neurons (including AFD neurons)	350	PXD027068_NCB4497A1LC2_A1_NCB4497A1LC2-40-215249_assay	proteomic profiling by mass spectrometry	data-dependent acquisition	NT=label free sample;AC=MS:1002038	1	1	not available	NT=Trypsin;AC=MS:1001251	NT=Carbamidomethyl;AC=UNIMOD:4;TA=C;MT=Fixed	NT=Oxidation;AC=UNIMOD:21;TA=M;MT=Variable	NT=Acetyl;AC=UNIMOD:2;TA=Protein N-term;MT=Variable	NT=Deamidation;AC=UNIMOD:7;TA=NQ;MT=Variable	NT=Gln->pyro-Glu;AC=UNIMOD:28;TA=Q;MT=Variable	NT=Phospho;AC=UNIMOD:21;TA=STY;MT=Variable	NT=K-Biot;AC=null;TA=K;MT=Variable	NT=N-termBiot;AC=null;TA=Protein N-terminus;MT=Variable	not available	not available	not available	not available	not available	not available	2 h	22 °C	NCB4497A1LC2_A1_NCB4497A1LC2-40-215249.raw	NT=ms-proteomics;VV=v1.1.0	NT=crosslinking;VV=v1.0.0	NT=invertebrates;VV=v1.1.0
PXD027068_NCB4460A15LC3_G2_NCB4460A15LC3-40-210645	Caenorhabditis elegans	gut, muscle, skin, and nervous system	neurons (including AFD neurons)	351	PXD027068_NCB4460A15LC3_G2_NCB4460A15LC3-40-210645_assay	proteomic profiling by mass spectrometry	data-dependent acquisition	NT=label free sample;AC=MS:1002038	1	1	not available	NT=Trypsin;AC=MS:1001251	NT=Carbamidomethyl;AC=UNIMOD:4;TA=C;MT=Fixed	NT=Oxidation;AC=UNIMOD:21;TA=M;MT=Variable	NT=Acetyl;AC=UNIMOD:2;TA=Protein N-term;MT=Variable	NT=Deamidation;AC=UNIMOD:7;TA=NQ;MT=Variable	NT=Gln->pyro-Glu;AC=UNIMOD:28;TA=Q;MT=Variable	NT=Phospho;AC=UNIMOD:21;TA=STY;MT=Variable	NT=K-Biot;AC=null;TA=K;MT=Variable	NT=N-termBiot;AC=null;TA=Protein N-terminus;MT=Variable	not available	not available	not available	not available	not available	not available	2 h	22 °C	NCB4460A15LC3_G2_NCB4460A15LC3-40-210645.raw	NT=ms-proteomics;VV=v1.1.0	NT=crosslinking;VV=v1.0.0	NT=invertebrates;VV=v1.1.0
PXD027068_NCB4510A4LC2_D1_NCB4510A4LC2-40-216231	Caenorhabditis elegans	gut, muscle, skin, and nervous system	neurons (including AFD neurons)	352	PXD027068_NCB4510A4LC2_D1_NCB4510A4LC2-40-216231_assay	proteomic profiling by mass spectrometry	data-dependent acquisition	NT=label free sample;AC=MS:1002038	1	1	not available	NT=Trypsin;AC=MS:1001251	NT=Carbamidomethyl;AC=UNIMOD:4;TA=C;MT=Fixed	NT=Oxidation;AC=UNIMOD:21;TA=M;MT=Variable	NT=Acetyl;AC=UNIMOD:2;TA=Protein N-term;MT=Variable	NT=Deamidation;AC=UNIMOD:7;TA=NQ;MT=Variable	NT=Gln->pyro-Glu;AC=UNIMOD:28;TA=Q;MT=Variable	NT=Phospho;AC=UNIMOD:21;TA=STY;MT=Variable	NT=K-Biot;AC=null;TA=K;MT=Variable	NT=N-termBiot;AC=null;TA=Protein N-terminus;MT=Variable	not available	not available	not available	not available	not available	not available	2 h	22 °C	NCB4510A4LC2_D1_NCB4510A4LC2-40-216231.raw	NT=ms-proteomics;VV=v1.1.0	NT=crosslinking;VV=v1.0.0	NT=invertebrates;VV=v1.1.0
PXD027068_NCB4461A42LC3_B6_NCB4461A42LC3-40-210661	Caenorhabditis elegans	gut, muscle, skin, and nervous system	neurons (including AFD neurons)	353	PXD027068_NCB4461A42LC3_B6_NCB4461A42LC3-40-210661_assay	proteomic profiling by mass spectrometry	data-dependent acquisition	NT=label free sample;AC=MS:1002038	1	1	not available	NT=Trypsin;AC=MS:1001251	NT=Carbamidomethyl;AC=UNIMOD:4;TA=C;MT=Fixed	NT=Oxidation;AC=UNIMOD:21;TA=M;MT=Variable	NT=Acetyl;AC=UNIMOD:2;TA=Protein N-term;MT=Variable	NT=Deamidation;AC=UNIMOD:7;TA=NQ;MT=Variable	NT=Gln->pyro-Glu;AC=UNIMOD:28;TA=Q;MT=Variable	NT=Phospho;AC=UNIMOD:21;TA=STY;MT=Variable	NT=K-Biot;AC=null;TA=K;MT=Variable	NT=N-termBiot;AC=null;TA=Protein N-terminus;MT=Variable	not available	not available	not available	not available	not available	not available	2 h	22 °C	NCB4461A42LC3_B6_NCB4461A42LC3-40-210661.raw	NT=ms-proteomics;VV=v1.1.0	NT=crosslinking;VV=v1.0.0	NT=invertebrates;VV=v1.1.0
PXD027068_NCB4460A4LC3_D1_NCB4460A4LC3-40-210635	Caenorhabditis elegans	gut, muscle, skin, and nervous system	neurons (including AFD neurons)	354	PXD027068_NCB4460A4LC3_D1_NCB4460A4LC3-40-210635_assay	proteomic profiling by mass spectrometry	data-dependent acquisition	NT=label free sample;AC=MS:1002038	1	1	not available	NT=Trypsin;AC=MS:1001251	NT=Carbamidomethyl;AC=UNIMOD:4;TA=C;MT=Fixed	NT=Oxidation;AC=UNIMOD:21;TA=M;MT=Variable	NT=Acetyl;AC=UNIMOD:2;TA=Protein N-term;MT=Variable	NT=Deamidation;AC=UNIMOD:7;TA=NQ;MT=Variable	NT=Gln->pyro-Glu;AC=UNIMOD:28;TA=Q;MT=Variable	NT=Phospho;AC=UNIMOD:21;TA=STY;MT=Variable	NT=K-Biot;AC=null;TA=K;MT=Variable	NT=N-termBiot;AC=null;TA=Protein N-terminus;MT=Variable	not available	not available	not available	not available	not available	not available	2 h	22 °C	NCB4460A4LC3_D1_NCB4460A4LC3-40-210635.raw	NT=ms-proteomics;VV=v1.1.0	NT=crosslinking;VV=v1.0.0	NT=invertebrates;VV=v1.1.0
PXD027068_NCB4460A9LC3_A2_NCB4460A9LC3-40-210651	Caenorhabditis elegans	gut, muscle, skin, and nervous system	neurons (including AFD neurons)	355	PXD027068_NCB4460A9LC3_A2_NCB4460A9LC3-40-210651_assay	proteomic profiling by mass spectrometry	data-dependent acquisition	NT=label free sample;AC=MS:1002038	1	1	not available	NT=Trypsin;AC=MS:1001251	NT=Carbamidomethyl;AC=UNIMOD:4;TA=C;MT=Fixed	NT=Oxidation;AC=UNIMOD:21;TA=M;MT=Variable	NT=Acetyl;AC=UNIMOD:2;TA=Protein N-term;MT=Variable	NT=Deamidation;AC=UNIMOD:7;TA=NQ;MT=Variable	NT=Gln->pyro-Glu;AC=UNIMOD:28;TA=Q;MT=Variable	NT=Phospho;AC=UNIMOD:21;TA=STY;MT=Variable	NT=K-Biot;AC=null;TA=K;MT=Variable	NT=N-termBiot;AC=null;TA=Protein N-terminus;MT=Variable	not available	not available	not available	not available	not available	not available	2 h	22 °C	NCB4460A9LC3_A2_NCB4460A9LC3-40-210651.raw	NT=ms-proteomics;VV=v1.1.0	NT=crosslinking;VV=v1.0.0	NT=invertebrates;VV=v1.1.0
PXD027068_NCB4509A12LC2_D2_NCB4509A12LC3-40-215646	Caenorhabditis elegans	gut, muscle, skin, and nervous system	neurons (including AFD neurons)	356	PXD027068_NCB4509A12LC2_D2_NCB4509A12LC3-40-215646_assay	proteomic profiling by mass spectrometry	data-dependent acquisition	NT=label free sample;AC=MS:1002038	1	1	not available	NT=Trypsin;AC=MS:1001251	NT=Carbamidomethyl;AC=UNIMOD:4;TA=C;MT=Fixed	NT=Oxidation;AC=UNIMOD:21;TA=M;MT=Variable	NT=Acetyl;AC=UNIMOD:2;TA=Protein N-term;MT=Variable	NT=Deamidation;AC=UNIMOD:7;TA=NQ;MT=Variable	NT=Gln->pyro-Glu;AC=UNIMOD:28;TA=Q;MT=Variable	NT=Phospho;AC=UNIMOD:21;TA=STY;MT=Variable	NT=K-Biot;AC=null;TA=K;MT=Variable	NT=N-termBiot;AC=null;TA=Protein N-terminus;MT=Variable	not available	not available	not available	not available	not available	not available	2 h	22 °C	NCB4509A12LC2_D2_NCB4509A12LC3-40-215646.raw	NT=ms-proteomics;VV=v1.1.0	NT=crosslinking;VV=v1.0.0	NT=invertebrates;VV=v1.1.0
PXD027068_NCB4510A49LC2_A10_NCB4510A49LC2-40-216376	Caenorhabditis elegans	gut, muscle, skin, and nervous system	neurons (including AFD neurons)	357	PXD027068_NCB4510A49LC2_A10_NCB4510A49LC2-40-216376_assay	proteomic profiling by mass spectrometry	data-dependent acquisition	NT=label free sample;AC=MS:1002038	1	1	not available	NT=Trypsin;AC=MS:1001251	NT=Carbamidomethyl;AC=UNIMOD:4;TA=C;MT=Fixed	NT=Oxidation;AC=UNIMOD:21;TA=M;MT=Variable	NT=Acetyl;AC=UNIMOD:2;TA=Protein N-term;MT=Variable	NT=Deamidation;AC=UNIMOD:7;TA=NQ;MT=Variable	NT=Gln->pyro-Glu;AC=UNIMOD:28;TA=Q;MT=Variable	NT=Phospho;AC=UNIMOD:21;TA=STY;MT=Variable	NT=K-Biot;AC=null;TA=K;MT=Variable	NT=N-termBiot;AC=null;TA=Protein N-terminus;MT=Variable	not available	not available	not available	not available	not available	not available	2 h	22 °C	NCB4510A49LC2_A10_NCB4510A49LC2-40-216376.raw	NT=ms-proteomics;VV=v1.1.0	NT=crosslinking;VV=v1.0.0	NT=invertebrates;VV=v1.1.0
PXD027068_NCB4510A11LC2_C2_NCB4510A11LC2-40-216238	Caenorhabditis elegans	gut, muscle, skin, and nervous system	neurons (including AFD neurons)	358	PXD027068_NCB4510A11LC2_C2_NCB4510A11LC2-40-216238_assay	proteomic profiling by mass spectrometry	data-dependent acquisition	NT=label free sample;AC=MS:1002038	1	1	not available	NT=Trypsin;AC=MS:1001251	NT=Carbamidomethyl;AC=UNIMOD:4;TA=C;MT=Fixed	NT=Oxidation;AC=UNIMOD:21;TA=M;MT=Variable	NT=Acetyl;AC=UNIMOD:2;TA=Protein N-term;MT=Variable	NT=Deamidation;AC=UNIMOD:7;TA=NQ;MT=Variable	NT=Gln->pyro-Glu;AC=UNIMOD:28;TA=Q;MT=Variable	NT=Phospho;AC=UNIMOD:21;TA=STY;MT=Variable	NT=K-Biot;AC=null;TA=K;MT=Variable	NT=N-termBiot;AC=null;TA=Protein N-terminus;MT=Variable	not available	not available	not available	not available	not available	not available	2 h	22 °C	NCB4510A11LC2_C2_NCB4510A11LC2-40-216238.raw	NT=ms-proteomics;VV=v1.1.0	NT=crosslinking;VV=v1.0.0	NT=invertebrates;VV=v1.1.0
PXD027068_NCB4459A150LC3_B9_NCB4459A150LC3-40-209109	Caenorhabditis elegans	gut, muscle, skin, and nervous system	neurons (including AFD neurons)	359	PXD027068_NCB4459A150LC3_B9_NCB4459A150LC3-40-209109_assay	proteomic profiling by mass spectrometry	data-dependent acquisition	NT=label free sample;AC=MS:1002038	1	1	not available	NT=Trypsin;AC=MS:1001251	NT=Carbamidomethyl;AC=UNIMOD:4;TA=C;MT=Fixed	NT=Oxidation;AC=UNIMOD:21;TA=M;MT=Variable	NT=Acetyl;AC=UNIMOD:2;TA=Protein N-term;MT=Variable	NT=Deamidation;AC=UNIMOD:7;TA=NQ;MT=Variable	NT=Gln->pyro-Glu;AC=UNIMOD:28;TA=Q;MT=Variable	NT=Phospho;AC=UNIMOD:21;TA=STY;MT=Variable	NT=K-Biot;AC=null;TA=K;MT=Variable	NT=N-termBiot;AC=null;TA=Protein N-terminus;MT=Variable	not available	not available	not available	not available	not available	not available	2 h	22 °C	NCB4459A150LC3_B9_NCB4459A150LC3-40-209109.raw	NT=ms-proteomics;VV=v1.1.0	NT=crosslinking;VV=v1.0.0	NT=invertebrates;VV=v1.1.0
PXD027068_NCB4510A56LC2_H10_NCB4510A56LC2-40-216383	Caenorhabditis elegans	gut, muscle, skin, and nervous system	neurons (including AFD neurons)	360	PXD027068_NCB4510A56LC2_H10_NCB4510A56LC2-40-216383_assay	proteomic profiling by mass spectrometry	data-dependent acquisition	NT=label free sample;AC=MS:1002038	1	1	not available	NT=Trypsin;AC=MS:1001251	NT=Carbamidomethyl;AC=UNIMOD:4;TA=C;MT=Fixed	NT=Oxidation;AC=UNIMOD:21;TA=M;MT=Variable	NT=Acetyl;AC=UNIMOD:2;TA=Protein N-term;MT=Variable	NT=Deamidation;AC=UNIMOD:7;TA=NQ;MT=Variable	NT=Gln->pyro-Glu;AC=UNIMOD:28;TA=Q;MT=Variable	NT=Phospho;AC=UNIMOD:21;TA=STY;MT=Variable	NT=K-Biot;AC=null;TA=K;MT=Variable	NT=N-termBiot;AC=null;TA=Protein N-terminus;MT=Variable	not available	not available	not available	not available	not available	not available	2 h	22 °C	NCB4510A56LC2_H10_NCB4510A56LC2-40-216383.raw	NT=ms-proteomics;VV=v1.1.0	NT=crosslinking;VV=v1.0.0	NT=invertebrates;VV=v1.1.0
PXD027068_NCB4510A27LC2_G5_NCB4510A27LC2-40-216354	Caenorhabditis elegans	gut, muscle, skin, and nervous system	neurons (including AFD neurons)	361	PXD027068_NCB4510A27LC2_G5_NCB4510A27LC2-40-216354_assay	proteomic profiling by mass spectrometry	data-dependent acquisition	NT=label free sample;AC=MS:1002038	1	1	not available	NT=Trypsin;AC=MS:1001251	NT=Carbamidomethyl;AC=UNIMOD:4;TA=C;MT=Fixed	NT=Oxidation;AC=UNIMOD:21;TA=M;MT=Variable	NT=Acetyl;AC=UNIMOD:2;TA=Protein N-term;MT=Variable	NT=Deamidation;AC=UNIMOD:7;TA=NQ;MT=Variable	NT=Gln->pyro-Glu;AC=UNIMOD:28;TA=Q;MT=Variable	NT=Phospho;AC=UNIMOD:21;TA=STY;MT=Variable	NT=K-Biot;AC=null;TA=K;MT=Variable	NT=N-termBiot;AC=null;TA=Protein N-terminus;MT=Variable	not available	not available	not available	not available	not available	not available	2 h	22 °C	NCB4510A27LC2_G5_NCB4510A27LC2-40-216354.raw	NT=ms-proteomics;VV=v1.1.0	NT=crosslinking;VV=v1.0.0	NT=invertebrates;VV=v1.1.0
PXD027068_NCB4459A135LC3_C7_NCB4459A135LC3-40-209082	Caenorhabditis elegans	gut, muscle, skin, and nervous system	neurons (including AFD neurons)	362	PXD027068_NCB4459A135LC3_C7_NCB4459A135LC3-40-209082_assay	proteomic profiling by mass spectrometry	data-dependent acquisition	NT=label free sample;AC=MS:1002038	1	1	not available	NT=Trypsin;AC=MS:1001251	NT=Carbamidomethyl;AC=UNIMOD:4;TA=C;MT=Fixed	NT=Oxidation;AC=UNIMOD:21;TA=M;MT=Variable	NT=Acetyl;AC=UNIMOD:2;TA=Protein N-term;MT=Variable	NT=Deamidation;AC=UNIMOD:7;TA=NQ;MT=Variable	NT=Gln->pyro-Glu;AC=UNIMOD:28;TA=Q;MT=Variable	NT=Phospho;AC=UNIMOD:21;TA=STY;MT=Variable	NT=K-Biot;AC=null;TA=K;MT=Variable	NT=N-termBiot;AC=null;TA=Protein N-terminus;MT=Variable	not available	not available	not available	not available	not available	not available	2 h	22 °C	NCB4459A135LC3_C7_NCB4459A135LC3-40-209082.raw	NT=ms-proteomics;VV=v1.1.0	NT=crosslinking;VV=v1.0.0	NT=invertebrates;VV=v1.1.0
PXD027068_NCB4460A77LC3_E10_NCB4460A77LC3-40-211344	Caenorhabditis elegans	gut, muscle, skin, and nervous system	neurons (including AFD neurons)	363	PXD027068_NCB4460A77LC3_E10_NCB4460A77LC3-40-211344_assay	proteomic profiling by mass spectrometry	data-dependent acquisition	NT=label free sample;AC=MS:1002038	1	1	not available	NT=Trypsin;AC=MS:1001251	NT=Carbamidomethyl;AC=UNIMOD:4;TA=C;MT=Fixed	NT=Oxidation;AC=UNIMOD:21;TA=M;MT=Variable	NT=Acetyl;AC=UNIMOD:2;TA=Protein N-term;MT=Variable	NT=Deamidation;AC=UNIMOD:7;TA=NQ;MT=Variable	NT=Gln->pyro-Glu;AC=UNIMOD:28;TA=Q;MT=Variable	NT=Phospho;AC=UNIMOD:21;TA=STY;MT=Variable	NT=K-Biot;AC=null;TA=K;MT=Variable	NT=N-termBiot;AC=null;TA=Protein N-terminus;MT=Variable	not available	not available	not available	not available	not available	not available	2 h	22 °C	NCB4460A77LC3_E10_NCB4460A77LC3-40-211344.raw	NT=ms-proteomics;VV=v1.1.0	NT=crosslinking;VV=v1.0.0	NT=invertebrates;VV=v1.1.0
PXD027068_NCB4509A34LC2_F6_NCB4509A46LC3-40-215858	Caenorhabditis elegans	gut, muscle, skin, and nervous system	neurons (including AFD neurons)	8	PXD027068_NCB4509A34LC2_F6_NCB4509A46LC3-40-215858_assay	proteomic profiling by mass spectrometry	data-dependent acquisition	NT=label free sample;AC=MS:1002038	6	1	not available	NT=Trypsin;AC=MS:1001251	NT=Carbamidomethyl;AC=UNIMOD:4;TA=C;MT=Fixed	NT=Oxidation;AC=UNIMOD:21;TA=M;MT=Variable	NT=Acetyl;AC=UNIMOD:2;TA=Protein N-term;MT=Variable	NT=Deamidation;AC=UNIMOD:7;TA=NQ;MT=Variable	NT=Gln->pyro-Glu;AC=UNIMOD:28;TA=Q;MT=Variable	NT=Phospho;AC=UNIMOD:21;TA=STY;MT=Variable	NT=K-Biot;AC=null;TA=K;MT=Variable	NT=N-termBiot;AC=null;TA=Protein N-terminus;MT=Variable	not available	not available	not available	not available	not available	not available	2 h	22 °C	NCB4509A34LC2_F6_NCB4509A46LC3-40-215858.raw	NT=ms-proteomics;VV=v1.1.0	NT=crosslinking;VV=v1.0.0	NT=invertebrates;VV=v1.1.0
PXD027068_NCB4459A86LC3_B1_NCB4459A86LC3-40-208653	Caenorhabditis elegans	gut, muscle, skin, and nervous system	neurons (including AFD neurons)	364	PXD027068_NCB4459A86LC3_B1_NCB4459A86LC3-40-208653_assay	proteomic profiling by mass spectrometry	data-dependent acquisition	NT=label free sample;AC=MS:1002038	1	1	not available	NT=Trypsin;AC=MS:1001251	NT=Carbamidomethyl;AC=UNIMOD:4;TA=C;MT=Fixed	NT=Oxidation;AC=UNIMOD:21;TA=M;MT=Variable	NT=Acetyl;AC=UNIMOD:2;TA=Protein N-term;MT=Variable	NT=Deamidation;AC=UNIMOD:7;TA=NQ;MT=Variable	NT=Gln->pyro-Glu;AC=UNIMOD:28;TA=Q;MT=Variable	NT=Phospho;AC=UNIMOD:21;TA=STY;MT=Variable	NT=K-Biot;AC=null;TA=K;MT=Variable	NT=N-termBiot;AC=null;TA=Protein N-terminus;MT=Variable	not available	not available	not available	not available	not available	not available	2 h	22 °C	NCB4459A86LC3_B1_NCB4459A86LC3-40-208653.raw	NT=ms-proteomics;VV=v1.1.0	NT=crosslinking;VV=v1.0.0	NT=invertebrates;VV=v1.1.0
PXD027068_NCB4509A37LC2_A7_NCB4509A49LC3-40-215861	Caenorhabditis elegans	gut, muscle, skin, and nervous system	neurons (including AFD neurons)	365	PXD027068_NCB4509A37LC2_A7_NCB4509A49LC3-40-215861_assay	proteomic profiling by mass spectrometry	data-dependent acquisition	NT=label free sample;AC=MS:1002038	1	1	not available	NT=Trypsin;AC=MS:1001251	NT=Carbamidomethyl;AC=UNIMOD:4;TA=C;MT=Fixed	NT=Oxidation;AC=UNIMOD:21;TA=M;MT=Variable	NT=Acetyl;AC=UNIMOD:2;TA=Protein N-term;MT=Variable	NT=Deamidation;AC=UNIMOD:7;TA=NQ;MT=Variable	NT=Gln->pyro-Glu;AC=UNIMOD:28;TA=Q;MT=Variable	NT=Phospho;AC=UNIMOD:21;TA=STY;MT=Variable	NT=K-Biot;AC=null;TA=K;MT=Variable	NT=N-termBiot;AC=null;TA=Protein N-terminus;MT=Variable	not available	not available	not available	not available	not available	not available	2 h	22 °C	NCB4509A37LC2_A7_NCB4509A49LC3-40-215861.raw	NT=ms-proteomics;VV=v1.1.0	NT=crosslinking;VV=v1.0.0	NT=invertebrates;VV=v1.1.0
PXD027068_NCB4496A70LC3_F9_NCB4496A70LC3-40-214347	Caenorhabditis elegans	gut, muscle, skin, and nervous system	neurons (including AFD neurons)	5	PXD027068_NCB4496A70LC3_F9_NCB4496A70LC3-40-214347_assay	proteomic profiling by mass spectrometry	data-dependent acquisition	NT=label free sample;AC=MS:1002038	9	1	not available	NT=Trypsin;AC=MS:1001251	NT=Carbamidomethyl;AC=UNIMOD:4;TA=C;MT=Fixed	NT=Oxidation;AC=UNIMOD:21;TA=M;MT=Variable	NT=Acetyl;AC=UNIMOD:2;TA=Protein N-term;MT=Variable	NT=Deamidation;AC=UNIMOD:7;TA=NQ;MT=Variable	NT=Gln->pyro-Glu;AC=UNIMOD:28;TA=Q;MT=Variable	NT=Phospho;AC=UNIMOD:21;TA=STY;MT=Variable	NT=K-Biot;AC=null;TA=K;MT=Variable	NT=N-termBiot;AC=null;TA=Protein N-terminus;MT=Variable	not available	not available	not available	not available	not available	not available	2 h	22 °C	NCB4496A70LC3_F9_NCB4496A70LC3-40-214347.raw	NT=ms-proteomics;VV=v1.1.0	NT=crosslinking;VV=v1.0.0	NT=invertebrates;VV=v1.1.0
PXD027068_NCB4510A12LC2_D2_NCB4510A12LC2-40-216239	Caenorhabditis elegans	gut, muscle, skin, and nervous system	neurons (including AFD neurons)	366	PXD027068_NCB4510A12LC2_D2_NCB4510A12LC2-40-216239_assay	proteomic profiling by mass spectrometry	data-dependent acquisition	NT=label free sample;AC=MS:1002038	1	1	not available	NT=Trypsin;AC=MS:1001251	NT=Carbamidomethyl;AC=UNIMOD:4;TA=C;MT=Fixed	NT=Oxidation;AC=UNIMOD:21;TA=M;MT=Variable	NT=Acetyl;AC=UNIMOD:2;TA=Protein N-term;MT=Variable	NT=Deamidation;AC=UNIMOD:7;TA=NQ;MT=Variable	NT=Gln->pyro-Glu;AC=UNIMOD:28;TA=Q;MT=Variable	NT=Phospho;AC=UNIMOD:21;TA=STY;MT=Variable	NT=K-Biot;AC=null;TA=K;MT=Variable	NT=N-termBiot;AC=null;TA=Protein N-terminus;MT=Variable	not available	not available	not available	not available	not available	not available	2 h	22 °C	NCB4510A12LC2_D2_NCB4510A12LC2-40-216239.raw	NT=ms-proteomics;VV=v1.1.0	NT=crosslinking;VV=v1.0.0	NT=invertebrates;VV=v1.1.0
PXD027068_NCB4580A4LC2_D1	Caenorhabditis elegans	gut, muscle, skin, and nervous system	neurons (including AFD neurons)	367	PXD027068_NCB4580A4LC2_D1_assay	proteomic profiling by mass spectrometry	data-dependent acquisition	NT=label free sample;AC=MS:1002038	1	1	not available	NT=Trypsin;AC=MS:1001251	NT=Carbamidomethyl;AC=UNIMOD:4;TA=C;MT=Fixed	NT=Oxidation;AC=UNIMOD:21;TA=M;MT=Variable	NT=Acetyl;AC=UNIMOD:2;TA=Protein N-term;MT=Variable	NT=Deamidation;AC=UNIMOD:7;TA=NQ;MT=Variable	NT=Gln->pyro-Glu;AC=UNIMOD:28;TA=Q;MT=Variable	NT=Phospho;AC=UNIMOD:21;TA=STY;MT=Variable	NT=K-Biot;AC=null;TA=K;MT=Variable	NT=N-termBiot;AC=null;TA=Protein N-terminus;MT=Variable	not available	not available	not available	not available	not available	not available	2 h	22 °C	NCB4580A4LC2_D1.raw	NT=ms-proteomics;VV=v1.1.0	NT=crosslinking;VV=v1.0.0	NT=invertebrates;VV=v1.1.0
PXD027068_NCB4509A36LC2_H6_NCB4509A48LC3-40-215860	Caenorhabditis elegans	gut, muscle, skin, and nervous system	neurons (including AFD neurons)	368	PXD027068_NCB4509A36LC2_H6_NCB4509A48LC3-40-215860_assay	proteomic profiling by mass spectrometry	data-dependent acquisition	NT=label free sample;AC=MS:1002038	1	1	not available	NT=Trypsin;AC=MS:1001251	NT=Carbamidomethyl;AC=UNIMOD:4;TA=C;MT=Fixed	NT=Oxidation;AC=UNIMOD:21;TA=M;MT=Variable	NT=Acetyl;AC=UNIMOD:2;TA=Protein N-term;MT=Variable	NT=Deamidation;AC=UNIMOD:7;TA=NQ;MT=Variable	NT=Gln->pyro-Glu;AC=UNIMOD:28;TA=Q;MT=Variable	NT=Phospho;AC=UNIMOD:21;TA=STY;MT=Variable	NT=K-Biot;AC=null;TA=K;MT=Variable	NT=N-termBiot;AC=null;TA=Protein N-terminus;MT=Variable	not available	not available	not available	not available	not available	not available	2 h	22 °C	NCB4509A36LC2_H6_NCB4509A48LC3-40-215860.raw	NT=ms-proteomics;VV=v1.1.0	NT=crosslinking;VV=v1.0.0	NT=invertebrates;VV=v1.1.0
PXD027068_NCB4459A156LC3_H9_NCB4459A156LC3-40-209115	Caenorhabditis elegans	gut, muscle, skin, and nervous system	neurons (including AFD neurons)	369	PXD027068_NCB4459A156LC3_H9_NCB4459A156LC3-40-209115_assay	proteomic profiling by mass spectrometry	data-dependent acquisition	NT=label free sample;AC=MS:1002038	1	1	not available	NT=Trypsin;AC=MS:1001251	NT=Carbamidomethyl;AC=UNIMOD:4;TA=C;MT=Fixed	NT=Oxidation;AC=UNIMOD:21;TA=M;MT=Variable	NT=Acetyl;AC=UNIMOD:2;TA=Protein N-term;MT=Variable	NT=Deamidation;AC=UNIMOD:7;TA=NQ;MT=Variable	NT=Gln->pyro-Glu;AC=UNIMOD:28;TA=Q;MT=Variable	NT=Phospho;AC=UNIMOD:21;TA=STY;MT=Variable	NT=K-Biot;AC=null;TA=K;MT=Variable	NT=N-termBiot;AC=null;TA=Protein N-terminus;MT=Variable	not available	not available	not available	not available	not available	not available	2 h	22 °C	NCB4459A156LC3_H9_NCB4459A156LC3-40-209115.raw	NT=ms-proteomics;VV=v1.1.0	NT=crosslinking;VV=v1.0.0	NT=invertebrates;VV=v1.1.0
PXD027068_NCB4510A38LC2_B7_NCB4510A38LC2-40-216365	Caenorhabditis elegans	gut, muscle, skin, and nervous system	neurons (including AFD neurons)	370	PXD027068_NCB4510A38LC2_B7_NCB4510A38LC2-40-216365_assay	proteomic profiling by mass spectrometry	data-dependent acquisition	NT=label free sample;AC=MS:1002038	1	1	not available	NT=Trypsin;AC=MS:1001251	NT=Carbamidomethyl;AC=UNIMOD:4;TA=C;MT=Fixed	NT=Oxidation;AC=UNIMOD:21;TA=M;MT=Variable	NT=Acetyl;AC=UNIMOD:2;TA=Protein N-term;MT=Variable	NT=Deamidation;AC=UNIMOD:7;TA=NQ;MT=Variable	NT=Gln->pyro-Glu;AC=UNIMOD:28;TA=Q;MT=Variable	NT=Phospho;AC=UNIMOD:21;TA=STY;MT=Variable	NT=K-Biot;AC=null;TA=K;MT=Variable	NT=N-termBiot;AC=null;TA=Protein N-terminus;MT=Variable	not available	not available	not available	not available	not available	not available	2 h	22 °C	NCB4510A38LC2_B7_NCB4510A38LC2-40-216365.raw	NT=ms-proteomics;VV=v1.1.0	NT=crosslinking;VV=v1.0.0	NT=invertebrates;VV=v1.1.0
PXD027068_NCB4460A70LC3_F9_NCB4460A70LC3-40-211337	Caenorhabditis elegans	gut, muscle, skin, and nervous system	neurons (including AFD neurons)	6	PXD027068_NCB4460A70LC3_F9_NCB4460A70LC3-40-211337_assay	proteomic profiling by mass spectrometry	data-dependent acquisition	NT=label free sample;AC=MS:1002038	9	1	not available	NT=Trypsin;AC=MS:1001251	NT=Carbamidomethyl;AC=UNIMOD:4;TA=C;MT=Fixed	NT=Oxidation;AC=UNIMOD:21;TA=M;MT=Variable	NT=Acetyl;AC=UNIMOD:2;TA=Protein N-term;MT=Variable	NT=Deamidation;AC=UNIMOD:7;TA=NQ;MT=Variable	NT=Gln->pyro-Glu;AC=UNIMOD:28;TA=Q;MT=Variable	NT=Phospho;AC=UNIMOD:21;TA=STY;MT=Variable	NT=K-Biot;AC=null;TA=K;MT=Variable	NT=N-termBiot;AC=null;TA=Protein N-terminus;MT=Variable	not available	not available	not available	not available	not available	not available	2 h	22 °C	NCB4460A70LC3_F9_NCB4460A70LC3-40-211337.raw	NT=ms-proteomics;VV=v1.1.0	NT=crosslinking;VV=v1.0.0	NT=invertebrates;VV=v1.1.0
PXD027068_NCB4580A18LC2_B3	Caenorhabditis elegans	gut, muscle, skin, and nervous system	neurons (including AFD neurons)	371	PXD027068_NCB4580A18LC2_B3_assay	proteomic profiling by mass spectrometry	data-dependent acquisition	NT=label free sample;AC=MS:1002038	1	1	not available	NT=Trypsin;AC=MS:1001251	NT=Carbamidomethyl;AC=UNIMOD:4;TA=C;MT=Fixed	NT=Oxidation;AC=UNIMOD:21;TA=M;MT=Variable	NT=Acetyl;AC=UNIMOD:2;TA=Protein N-term;MT=Variable	NT=Deamidation;AC=UNIMOD:7;TA=NQ;MT=Variable	NT=Gln->pyro-Glu;AC=UNIMOD:28;TA=Q;MT=Variable	NT=Phospho;AC=UNIMOD:21;TA=STY;MT=Variable	NT=K-Biot;AC=null;TA=K;MT=Variable	NT=N-termBiot;AC=null;TA=Protein N-terminus;MT=Variable	not available	not available	not available	not available	not available	not available	2 h	22 °C	NCB4580A18LC2_B3.raw	NT=ms-proteomics;VV=v1.1.0	NT=crosslinking;VV=v1.0.0	NT=invertebrates;VV=v1.1.0
PXD027068_NCB4509A23LC2_C5_NCB4509A35LC3-40-215847	Caenorhabditis elegans	gut, muscle, skin, and nervous system	neurons (including AFD neurons)	372	PXD027068_NCB4509A23LC2_C5_NCB4509A35LC3-40-215847_assay	proteomic profiling by mass spectrometry	data-dependent acquisition	NT=label free sample;AC=MS:1002038	1	1	not available	NT=Trypsin;AC=MS:1001251	NT=Carbamidomethyl;AC=UNIMOD:4;TA=C;MT=Fixed	NT=Oxidation;AC=UNIMOD:21;TA=M;MT=Variable	NT=Acetyl;AC=UNIMOD:2;TA=Protein N-term;MT=Variable	NT=Deamidation;AC=UNIMOD:7;TA=NQ;MT=Variable	NT=Gln->pyro-Glu;AC=UNIMOD:28;TA=Q;MT=Variable	NT=Phospho;AC=UNIMOD:21;TA=STY;MT=Variable	NT=K-Biot;AC=null;TA=K;MT=Variable	NT=N-termBiot;AC=null;TA=Protein N-terminus;MT=Variable	not available	not available	not available	not available	not available	not available	2 h	22 °C	NCB4509A23LC2_C5_NCB4509A35LC3-40-215847.raw	NT=ms-proteomics;VV=v1.1.0	NT=crosslinking;VV=v1.0.0	NT=invertebrates;VV=v1.1.0
PXD027068_NCB4510A60LC2_D11_NCB4510A60LC2-40-216387	Caenorhabditis elegans	gut, muscle, skin, and nervous system	neurons (including AFD neurons)	373	PXD027068_NCB4510A60LC2_D11_NCB4510A60LC2-40-216387_assay	proteomic profiling by mass spectrometry	data-dependent acquisition	NT=label free sample;AC=MS:1002038	1	1	not available	NT=Trypsin;AC=MS:1001251	NT=Carbamidomethyl;AC=UNIMOD:4;TA=C;MT=Fixed	NT=Oxidation;AC=UNIMOD:21;TA=M;MT=Variable	NT=Acetyl;AC=UNIMOD:2;TA=Protein N-term;MT=Variable	NT=Deamidation;AC=UNIMOD:7;TA=NQ;MT=Variable	NT=Gln->pyro-Glu;AC=UNIMOD:28;TA=Q;MT=Variable	NT=Phospho;AC=UNIMOD:21;TA=STY;MT=Variable	NT=K-Biot;AC=null;TA=K;MT=Variable	NT=N-termBiot;AC=null;TA=Protein N-terminus;MT=Variable	not available	not available	not available	not available	not available	not available	2 h	22 °C	NCB4510A60LC2_D11_NCB4510A60LC2-40-216387.raw	NT=ms-proteomics;VV=v1.1.0	NT=crosslinking;VV=v1.0.0	NT=invertebrates;VV=v1.1.0
PXD027068_NCB4461A1LC3_A1_NCB4461A1LC3-40-209139	Caenorhabditis elegans	gut, muscle, skin, and nervous system	neurons (including AFD neurons)	374	PXD027068_NCB4461A1LC3_A1_NCB4461A1LC3-40-209139_assay	proteomic profiling by mass spectrometry	data-dependent acquisition	NT=label free sample;AC=MS:1002038	1	1	not available	NT=Trypsin;AC=MS:1001251	NT=Carbamidomethyl;AC=UNIMOD:4;TA=C;MT=Fixed	NT=Oxidation;AC=UNIMOD:21;TA=M;MT=Variable	NT=Acetyl;AC=UNIMOD:2;TA=Protein N-term;MT=Variable	NT=Deamidation;AC=UNIMOD:7;TA=NQ;MT=Variable	NT=Gln->pyro-Glu;AC=UNIMOD:28;TA=Q;MT=Variable	NT=Phospho;AC=UNIMOD:21;TA=STY;MT=Variable	NT=K-Biot;AC=null;TA=K;MT=Variable	NT=N-termBiot;AC=null;TA=Protein N-terminus;MT=Variable	not available	not available	not available	not available	not available	not available	2 h	22 °C	NCB4461A1LC3_A1_NCB4461A1LC3-40-209139.raw	NT=ms-proteomics;VV=v1.1.0	NT=crosslinking;VV=v1.0.0	NT=invertebrates;VV=v1.1.0
PXD027068_NCB4509A5LC2_E1_NCB4509A5LC3-40-215639	Caenorhabditis elegans	gut, muscle, skin, and nervous system	neurons (including AFD neurons)	375	PXD027068_NCB4509A5LC2_E1_NCB4509A5LC3-40-215639_assay	proteomic profiling by mass spectrometry	data-dependent acquisition	NT=label free sample;AC=MS:1002038	1	1	not available	NT=Trypsin;AC=MS:1001251	NT=Carbamidomethyl;AC=UNIMOD:4;TA=C;MT=Fixed	NT=Oxidation;AC=UNIMOD:21;TA=M;MT=Variable	NT=Acetyl;AC=UNIMOD:2;TA=Protein N-term;MT=Variable	NT=Deamidation;AC=UNIMOD:7;TA=NQ;MT=Variable	NT=Gln->pyro-Glu;AC=UNIMOD:28;TA=Q;MT=Variable	NT=Phospho;AC=UNIMOD:21;TA=STY;MT=Variable	NT=K-Biot;AC=null;TA=K;MT=Variable	NT=N-termBiot;AC=null;TA=Protein N-terminus;MT=Variable	not available	not available	not available	not available	not available	not available	2 h	22 °C	NCB4509A5LC2_E1_NCB4509A5LC3-40-215639.raw	NT=ms-proteomics;VV=v1.1.0	NT=crosslinking;VV=v1.0.0	NT=invertebrates;VV=v1.1.0
PXD027068_NCB4461A11LC3_C2_NCB4461A11LC3-40-209130	Caenorhabditis elegans	gut, muscle, skin, and nervous system	neurons (including AFD neurons)	376	PXD027068_NCB4461A11LC3_C2_NCB4461A11LC3-40-209130_assay	proteomic profiling by mass spectrometry	data-dependent acquisition	NT=label free sample;AC=MS:1002038	1	1	not available	NT=Trypsin;AC=MS:1001251	NT=Carbamidomethyl;AC=UNIMOD:4;TA=C;MT=Fixed	NT=Oxidation;AC=UNIMOD:21;TA=M;MT=Variable	NT=Acetyl;AC=UNIMOD:2;TA=Protein N-term;MT=Variable	NT=Deamidation;AC=UNIMOD:7;TA=NQ;MT=Variable	NT=Gln->pyro-Glu;AC=UNIMOD:28;TA=Q;MT=Variable	NT=Phospho;AC=UNIMOD:21;TA=STY;MT=Variable	NT=K-Biot;AC=null;TA=K;MT=Variable	NT=N-termBiot;AC=null;TA=Protein N-terminus;MT=Variable	not available	not available	not available	not available	not available	not available	2 h	22 °C	NCB4461A11LC3_C2_NCB4461A11LC3-40-209130.raw	NT=ms-proteomics;VV=v1.1.0	NT=crosslinking;VV=v1.0.0	NT=invertebrates;VV=v1.1.0
PXD027068_NCB4496A1LC3_A1_NCB4496A1LC3-40-211911	Caenorhabditis elegans	gut, muscle, skin, and nervous system	neurons (including AFD neurons)	377	PXD027068_NCB4496A1LC3_A1_NCB4496A1LC3-40-211911_assay	proteomic profiling by mass spectrometry	data-dependent acquisition	NT=label free sample;AC=MS:1002038	1	1	not available	NT=Trypsin;AC=MS:1001251	NT=Carbamidomethyl;AC=UNIMOD:4;TA=C;MT=Fixed	NT=Oxidation;AC=UNIMOD:21;TA=M;MT=Variable	NT=Acetyl;AC=UNIMOD:2;TA=Protein N-term;MT=Variable	NT=Deamidation;AC=UNIMOD:7;TA=NQ;MT=Variable	NT=Gln->pyro-Glu;AC=UNIMOD:28;TA=Q;MT=Variable	NT=Phospho;AC=UNIMOD:21;TA=STY;MT=Variable	NT=K-Biot;AC=null;TA=K;MT=Variable	NT=N-termBiot;AC=null;TA=Protein N-terminus;MT=Variable	not available	not available	not available	not available	not available	not available	2 h	22 °C	NCB4496A1LC3_A1_NCB4496A1LC3-40-211911.raw	NT=ms-proteomics;VV=v1.1.0	NT=crosslinking;VV=v1.0.0	NT=invertebrates;VV=v1.1.0
PXD027068_NCB4497A24LC2_D5_NCB4497A24LC2-40-215354	Caenorhabditis elegans	gut, muscle, skin, and nervous system	neurons (including AFD neurons)	378	PXD027068_NCB4497A24LC2_D5_NCB4497A24LC2-40-215354_assay	proteomic profiling by mass spectrometry	data-dependent acquisition	NT=label free sample;AC=MS:1002038	1	1	not available	NT=Trypsin;AC=MS:1001251	NT=Carbamidomethyl;AC=UNIMOD:4;TA=C;MT=Fixed	NT=Oxidation;AC=UNIMOD:21;TA=M;MT=Variable	NT=Acetyl;AC=UNIMOD:2;TA=Protein N-term;MT=Variable	NT=Deamidation;AC=UNIMOD:7;TA=NQ;MT=Variable	NT=Gln->pyro-Glu;AC=UNIMOD:28;TA=Q;MT=Variable	NT=Phospho;AC=UNIMOD:21;TA=STY;MT=Variable	NT=K-Biot;AC=null;TA=K;MT=Variable	NT=N-termBiot;AC=null;TA=Protein N-terminus;MT=Variable	not available	not available	not available	not available	not available	not available	2 h	22 °C	NCB4497A24LC2_D5_NCB4497A24LC2-40-215354.raw	NT=ms-proteomics;VV=v1.1.0	NT=crosslinking;VV=v1.0.0	NT=invertebrates;VV=v1.1.0
PXD027068_NCB4580A36LC2_H6	Caenorhabditis elegans	gut, muscle, skin, and nervous system	neurons (including AFD neurons)	379	PXD027068_NCB4580A36LC2_H6_assay	proteomic profiling by mass spectrometry	data-dependent acquisition	NT=label free sample;AC=MS:1002038	1	1	not available	NT=Trypsin;AC=MS:1001251	NT=Carbamidomethyl;AC=UNIMOD:4;TA=C;MT=Fixed	NT=Oxidation;AC=UNIMOD:21;TA=M;MT=Variable	NT=Acetyl;AC=UNIMOD:2;TA=Protein N-term;MT=Variable	NT=Deamidation;AC=UNIMOD:7;TA=NQ;MT=Variable	NT=Gln->pyro-Glu;AC=UNIMOD:28;TA=Q;MT=Variable	NT=Phospho;AC=UNIMOD:21;TA=STY;MT=Variable	NT=K-Biot;AC=null;TA=K;MT=Variable	NT=N-termBiot;AC=null;TA=Protein N-terminus;MT=Variable	not available	not available	not available	not available	not available	not available	2 h	22 °C	NCB4580A36LC2_H6.raw	NT=ms-proteomics;VV=v1.1.0	NT=crosslinking;VV=v1.0.0	NT=invertebrates;VV=v1.1.0
PXD027068_NCB4580A32LC2_D6	Caenorhabditis elegans	gut, muscle, skin, and nervous system	neurons (including AFD neurons)	380	PXD027068_NCB4580A32LC2_D6_assay	proteomic profiling by mass spectrometry	data-dependent acquisition	NT=label free sample;AC=MS:1002038	1	1	not available	NT=Trypsin;AC=MS:1001251	NT=Carbamidomethyl;AC=UNIMOD:4;TA=C;MT=Fixed	NT=Oxidation;AC=UNIMOD:21;TA=M;MT=Variable	NT=Acetyl;AC=UNIMOD:2;TA=Protein N-term;MT=Variable	NT=Deamidation;AC=UNIMOD:7;TA=NQ;MT=Variable	NT=Gln->pyro-Glu;AC=UNIMOD:28;TA=Q;MT=Variable	NT=Phospho;AC=UNIMOD:21;TA=STY;MT=Variable	NT=K-Biot;AC=null;TA=K;MT=Variable	NT=N-termBiot;AC=null;TA=Protein N-terminus;MT=Variable	not available	not available	not available	not available	not available	not available	2 h	22 °C	NCB4580A32LC2_D6.raw	NT=ms-proteomics;VV=v1.1.0	NT=crosslinking;VV=v1.0.0	NT=invertebrates;VV=v1.1.0
PXD027068_NCB4461A14LC3_F2_NCB4461A14LC3-40-209133	Caenorhabditis elegans	gut, muscle, skin, and nervous system	neurons (including AFD neurons)	8	PXD027068_NCB4461A14LC3_F2_NCB4461A14LC3-40-209133_assay	proteomic profiling by mass spectrometry	data-dependent acquisition	NT=label free sample;AC=MS:1002038	2	1	not available	NT=Trypsin;AC=MS:1001251	NT=Carbamidomethyl;AC=UNIMOD:4;TA=C;MT=Fixed	NT=Oxidation;AC=UNIMOD:21;TA=M;MT=Variable	NT=Acetyl;AC=UNIMOD:2;TA=Protein N-term;MT=Variable	NT=Deamidation;AC=UNIMOD:7;TA=NQ;MT=Variable	NT=Gln->pyro-Glu;AC=UNIMOD:28;TA=Q;MT=Variable	NT=Phospho;AC=UNIMOD:21;TA=STY;MT=Variable	NT=K-Biot;AC=null;TA=K;MT=Variable	NT=N-termBiot;AC=null;TA=Protein N-terminus;MT=Variable	not available	not available	not available	not available	not available	not available	2 h	22 °C	NCB4461A14LC3_F2_NCB4461A14LC3-40-209133.raw	NT=ms-proteomics;VV=v1.1.0	NT=crosslinking;VV=v1.0.0	NT=invertebrates;VV=v1.1.0
PXD027068_NCB4510A13LC2_E2_NCB4510A13LC2-40-216240	Caenorhabditis elegans	gut, muscle, skin, and nervous system	neurons (including AFD neurons)	381	PXD027068_NCB4510A13LC2_E2_NCB4510A13LC2-40-216240_assay	proteomic profiling by mass spectrometry	data-dependent acquisition	NT=label free sample;AC=MS:1002038	1	1	not available	NT=Trypsin;AC=MS:1001251	NT=Carbamidomethyl;AC=UNIMOD:4;TA=C;MT=Fixed	NT=Oxidation;AC=UNIMOD:21;TA=M;MT=Variable	NT=Acetyl;AC=UNIMOD:2;TA=Protein N-term;MT=Variable	NT=Deamidation;AC=UNIMOD:7;TA=NQ;MT=Variable	NT=Gln->pyro-Glu;AC=UNIMOD:28;TA=Q;MT=Variable	NT=Phospho;AC=UNIMOD:21;TA=STY;MT=Variable	NT=K-Biot;AC=null;TA=K;MT=Variable	NT=N-termBiot;AC=null;TA=Protein N-terminus;MT=Variable	not available	not available	not available	not available	not available	not available	2 h	22 °C	NCB4510A13LC2_E2_NCB4510A13LC2-40-216240.raw	NT=ms-proteomics;VV=v1.1.0	NT=crosslinking;VV=v1.0.0	NT=invertebrates;VV=v1.1.0
PXD027068_NCB4510A7LC2_G1_NCB4510A7LC2-40-216234	Caenorhabditis elegans	gut, muscle, skin, and nervous system	neurons (including AFD neurons)	382	PXD027068_NCB4510A7LC2_G1_NCB4510A7LC2-40-216234_assay	proteomic profiling by mass spectrometry	data-dependent acquisition	NT=label free sample;AC=MS:1002038	1	1	not available	NT=Trypsin;AC=MS:1001251	NT=Carbamidomethyl;AC=UNIMOD:4;TA=C;MT=Fixed	NT=Oxidation;AC=UNIMOD:21;TA=M;MT=Variable	NT=Acetyl;AC=UNIMOD:2;TA=Protein N-term;MT=Variable	NT=Deamidation;AC=UNIMOD:7;TA=NQ;MT=Variable	NT=Gln->pyro-Glu;AC=UNIMOD:28;TA=Q;MT=Variable	NT=Phospho;AC=UNIMOD:21;TA=STY;MT=Variable	NT=K-Biot;AC=null;TA=K;MT=Variable	NT=N-termBiot;AC=null;TA=Protein N-terminus;MT=Variable	not available	not available	not available	not available	not available	not available	2 h	22 °C	NCB4510A7LC2_G1_NCB4510A7LC2-40-216234.raw	NT=ms-proteomics;VV=v1.1.0	NT=crosslinking;VV=v1.0.0	NT=invertebrates;VV=v1.1.0
PXD027068_NCB4510A42LC2_B9_NCB4510A42LC2-40-216369	Caenorhabditis elegans	gut, muscle, skin, and nervous system	neurons (including AFD neurons)	383	PXD027068_NCB4510A42LC2_B9_NCB4510A42LC2-40-216369_assay	proteomic profiling by mass spectrometry	data-dependent acquisition	NT=label free sample;AC=MS:1002038	1	1	not available	NT=Trypsin;AC=MS:1001251	NT=Carbamidomethyl;AC=UNIMOD:4;TA=C;MT=Fixed	NT=Oxidation;AC=UNIMOD:21;TA=M;MT=Variable	NT=Acetyl;AC=UNIMOD:2;TA=Protein N-term;MT=Variable	NT=Deamidation;AC=UNIMOD:7;TA=NQ;MT=Variable	NT=Gln->pyro-Glu;AC=UNIMOD:28;TA=Q;MT=Variable	NT=Phospho;AC=UNIMOD:21;TA=STY;MT=Variable	NT=K-Biot;AC=null;TA=K;MT=Variable	NT=N-termBiot;AC=null;TA=Protein N-terminus;MT=Variable	not available	not available	not available	not available	not available	not available	2 h	22 °C	NCB4510A42LC2_B9_NCB4510A42LC2-40-216369.raw	NT=ms-proteomics;VV=v1.1.0	NT=crosslinking;VV=v1.0.0	NT=invertebrates;VV=v1.1.0
PXD027068_NCB4509A39LC2_C7_NCB4509A51LC3-40-215863	Caenorhabditis elegans	gut, muscle, skin, and nervous system	neurons (including AFD neurons)	384	PXD027068_NCB4509A39LC2_C7_NCB4509A51LC3-40-215863_assay	proteomic profiling by mass spectrometry	data-dependent acquisition	NT=label free sample;AC=MS:1002038	1	1	not available	NT=Trypsin;AC=MS:1001251	NT=Carbamidomethyl;AC=UNIMOD:4;TA=C;MT=Fixed	NT=Oxidation;AC=UNIMOD:21;TA=M;MT=Variable	NT=Acetyl;AC=UNIMOD:2;TA=Protein N-term;MT=Variable	NT=Deamidation;AC=UNIMOD:7;TA=NQ;MT=Variable	NT=Gln->pyro-Glu;AC=UNIMOD:28;TA=Q;MT=Variable	NT=Phospho;AC=UNIMOD:21;TA=STY;MT=Variable	NT=K-Biot;AC=null;TA=K;MT=Variable	NT=N-termBiot;AC=null;TA=Protein N-terminus;MT=Variable	not available	not available	not available	not available	not available	not available	2 h	22 °C	NCB4509A39LC2_C7_NCB4509A51LC3-40-215863.raw	NT=ms-proteomics;VV=v1.1.0	NT=crosslinking;VV=v1.0.0	NT=invertebrates;VV=v1.1.0
PXD027068_NCB4496A78LC3_F10_NCB4496A78LC3-40-214555	Caenorhabditis elegans	gut, muscle, skin, and nervous system	neurons (including AFD neurons)	5	PXD027068_NCB4496A78LC3_F10_NCB4496A78LC3-40-214555_assay	proteomic profiling by mass spectrometry	data-dependent acquisition	NT=label free sample;AC=MS:1002038	10	1	not available	NT=Trypsin;AC=MS:1001251	NT=Carbamidomethyl;AC=UNIMOD:4;TA=C;MT=Fixed	NT=Oxidation;AC=UNIMOD:21;TA=M;MT=Variable	NT=Acetyl;AC=UNIMOD:2;TA=Protein N-term;MT=Variable	NT=Deamidation;AC=UNIMOD:7;TA=NQ;MT=Variable	NT=Gln->pyro-Glu;AC=UNIMOD:28;TA=Q;MT=Variable	NT=Phospho;AC=UNIMOD:21;TA=STY;MT=Variable	NT=K-Biot;AC=null;TA=K;MT=Variable	NT=N-termBiot;AC=null;TA=Protein N-terminus;MT=Variable	not available	not available	not available	not available	not available	not available	2 h	22 °C	NCB4496A78LC3_F10_NCB4496A78LC3-40-214555.raw	NT=ms-proteomics;VV=v1.1.0	NT=crosslinking;VV=v1.0.0	NT=invertebrates;VV=v1.1.0
PXD027068_NCB4510A1LC2_A1_NCB4510A1LC2-40-216228	Caenorhabditis elegans	gut, muscle, skin, and nervous system	neurons (including AFD neurons)	385	PXD027068_NCB4510A1LC2_A1_NCB4510A1LC2-40-216228_assay	proteomic profiling by mass spectrometry	data-dependent acquisition	NT=label free sample;AC=MS:1002038	1	1	not available	NT=Trypsin;AC=MS:1001251	NT=Carbamidomethyl;AC=UNIMOD:4;TA=C;MT=Fixed	NT=Oxidation;AC=UNIMOD:21;TA=M;MT=Variable	NT=Acetyl;AC=UNIMOD:2;TA=Protein N-term;MT=Variable	NT=Deamidation;AC=UNIMOD:7;TA=NQ;MT=Variable	NT=Gln->pyro-Glu;AC=UNIMOD:28;TA=Q;MT=Variable	NT=Phospho;AC=UNIMOD:21;TA=STY;MT=Variable	NT=K-Biot;AC=null;TA=K;MT=Variable	NT=N-termBiot;AC=null;TA=Protein N-terminus;MT=Variable	not available	not available	not available	not available	not available	not available	2 h	22 °C	NCB4510A1LC2_A1_NCB4510A1LC2-40-216228.raw	NT=ms-proteomics;VV=v1.1.0	NT=crosslinking;VV=v1.0.0	NT=invertebrates;VV=v1.1.0
PXD027068_NCB4461A7LC3_G1_NCB4461A7LC3-40-209146	Caenorhabditis elegans	gut, muscle, skin, and nervous system	neurons (including AFD neurons)	386	PXD027068_NCB4461A7LC3_G1_NCB4461A7LC3-40-209146_assay	proteomic profiling by mass spectrometry	data-dependent acquisition	NT=label free sample;AC=MS:1002038	1	1	not available	NT=Trypsin;AC=MS:1001251	NT=Carbamidomethyl;AC=UNIMOD:4;TA=C;MT=Fixed	NT=Oxidation;AC=UNIMOD:21;TA=M;MT=Variable	NT=Acetyl;AC=UNIMOD:2;TA=Protein N-term;MT=Variable	NT=Deamidation;AC=UNIMOD:7;TA=NQ;MT=Variable	NT=Gln->pyro-Glu;AC=UNIMOD:28;TA=Q;MT=Variable	NT=Phospho;AC=UNIMOD:21;TA=STY;MT=Variable	NT=K-Biot;AC=null;TA=K;MT=Variable	NT=N-termBiot;AC=null;TA=Protein N-terminus;MT=Variable	not available	not available	not available	not available	not available	not available	2 h	22 °C	NCB4461A7LC3_G1_NCB4461A7LC3-40-209146.raw	NT=ms-proteomics;VV=v1.1.0	NT=crosslinking;VV=v1.0.0	NT=invertebrates;VV=v1.1.0
PXD027068_NCB4497A31LC2_C6_NCB4497A31LC2-40-215362	Caenorhabditis elegans	gut, muscle, skin, and nervous system	neurons (including AFD neurons)	387	PXD027068_NCB4497A31LC2_C6_NCB4497A31LC2-40-215362_assay	proteomic profiling by mass spectrometry	data-dependent acquisition	NT=label free sample;AC=MS:1002038	1	1	not available	NT=Trypsin;AC=MS:1001251	NT=Carbamidomethyl;AC=UNIMOD:4;TA=C;MT=Fixed	NT=Oxidation;AC=UNIMOD:21;TA=M;MT=Variable	NT=Acetyl;AC=UNIMOD:2;TA=Protein N-term;MT=Variable	NT=Deamidation;AC=UNIMOD:7;TA=NQ;MT=Variable	NT=Gln->pyro-Glu;AC=UNIMOD:28;TA=Q;MT=Variable	NT=Phospho;AC=UNIMOD:21;TA=STY;MT=Variable	NT=K-Biot;AC=null;TA=K;MT=Variable	NT=N-termBiot;AC=null;TA=Protein N-terminus;MT=Variable	not available	not available	not available	not available	not available	not available	2 h	22 °C	NCB4497A31LC2_C6_NCB4497A31LC2-40-215362.raw	NT=ms-proteomics;VV=v1.1.0	NT=crosslinking;VV=v1.0.0	NT=invertebrates;VV=v1.1.0
PXD027068_NCB4461A5LC3_E1_NCB4461A5LC3-40-209144	Caenorhabditis elegans	gut, muscle, skin, and nervous system	neurons (including AFD neurons)	388	PXD027068_NCB4461A5LC3_E1_NCB4461A5LC3-40-209144_assay	proteomic profiling by mass spectrometry	data-dependent acquisition	NT=label free sample;AC=MS:1002038	1	1	not available	NT=Trypsin;AC=MS:1001251	NT=Carbamidomethyl;AC=UNIMOD:4;TA=C;MT=Fixed	NT=Oxidation;AC=UNIMOD:21;TA=M;MT=Variable	NT=Acetyl;AC=UNIMOD:2;TA=Protein N-term;MT=Variable	NT=Deamidation;AC=UNIMOD:7;TA=NQ;MT=Variable	NT=Gln->pyro-Glu;AC=UNIMOD:28;TA=Q;MT=Variable	NT=Phospho;AC=UNIMOD:21;TA=STY;MT=Variable	NT=K-Biot;AC=null;TA=K;MT=Variable	NT=N-termBiot;AC=null;TA=Protein N-terminus;MT=Variable	not available	not available	not available	not available	not available	not available	2 h	22 °C	NCB4461A5LC3_E1_NCB4461A5LC3-40-209144.raw	NT=ms-proteomics;VV=v1.1.0	NT=crosslinking;VV=v1.0.0	NT=invertebrates;VV=v1.1.0
PXD027068_NCB4459A128LC3_D6_NCB4459A128LC3-40-209075	Caenorhabditis elegans	gut, muscle, skin, and nervous system	neurons (including AFD neurons)	389	PXD027068_NCB4459A128LC3_D6_NCB4459A128LC3-40-209075_assay	proteomic profiling by mass spectrometry	data-dependent acquisition	NT=label free sample;AC=MS:1002038	1	1	not available	NT=Trypsin;AC=MS:1001251	NT=Carbamidomethyl;AC=UNIMOD:4;TA=C;MT=Fixed	NT=Oxidation;AC=UNIMOD:21;TA=M;MT=Variable	NT=Acetyl;AC=UNIMOD:2;TA=Protein N-term;MT=Variable	NT=Deamidation;AC=UNIMOD:7;TA=NQ;MT=Variable	NT=Gln->pyro-Glu;AC=UNIMOD:28;TA=Q;MT=Variable	NT=Phospho;AC=UNIMOD:21;TA=STY;MT=Variable	NT=K-Biot;AC=null;TA=K;MT=Variable	NT=N-termBiot;AC=null;TA=Protein N-terminus;MT=Variable	not available	not available	not available	not available	not available	not available	2 h	22 °C	NCB4459A128LC3_D6_NCB4459A128LC3-40-209075.raw	NT=ms-proteomics;VV=v1.1.0	NT=crosslinking;VV=v1.0.0	NT=invertebrates;VV=v1.1.0
PXD027068_NCB4461A4LC3_D1_NCB4461A4LC3-40-209143	Caenorhabditis elegans	gut, muscle, skin, and nervous system	neurons (including AFD neurons)	390	PXD027068_NCB4461A4LC3_D1_NCB4461A4LC3-40-209143_assay	proteomic profiling by mass spectrometry	data-dependent acquisition	NT=label free sample;AC=MS:1002038	1	1	not available	NT=Trypsin;AC=MS:1001251	NT=Carbamidomethyl;AC=UNIMOD:4;TA=C;MT=Fixed	NT=Oxidation;AC=UNIMOD:21;TA=M;MT=Variable	NT=Acetyl;AC=UNIMOD:2;TA=Protein N-term;MT=Variable	NT=Deamidation;AC=UNIMOD:7;TA=NQ;MT=Variable	NT=Gln->pyro-Glu;AC=UNIMOD:28;TA=Q;MT=Variable	NT=Phospho;AC=UNIMOD:21;TA=STY;MT=Variable	NT=K-Biot;AC=null;TA=K;MT=Variable	NT=N-termBiot;AC=null;TA=Protein N-terminus;MT=Variable	not available	not available	not available	not available	not available	not available	2 h	22 °C	NCB4461A4LC3_D1_NCB4461A4LC3-40-209143.raw	NT=ms-proteomics;VV=v1.1.0	NT=crosslinking;VV=v1.0.0	NT=invertebrates;VV=v1.1.0
PXD027068_NCB4460A78LC3_F10_NCB4460A78LC3-40-211345	Caenorhabditis elegans	gut, muscle, skin, and nervous system	neurons (including AFD neurons)	6	PXD027068_NCB4460A78LC3_F10_NCB4460A78LC3-40-211345_assay	proteomic profiling by mass spectrometry	data-dependent acquisition	NT=label free sample;AC=MS:1002038	10	1	not available	NT=Trypsin;AC=MS:1001251	NT=Carbamidomethyl;AC=UNIMOD:4;TA=C;MT=Fixed	NT=Oxidation;AC=UNIMOD:21;TA=M;MT=Variable	NT=Acetyl;AC=UNIMOD:2;TA=Protein N-term;MT=Variable	NT=Deamidation;AC=UNIMOD:7;TA=NQ;MT=Variable	NT=Gln->pyro-Glu;AC=UNIMOD:28;TA=Q;MT=Variable	NT=Phospho;AC=UNIMOD:21;TA=STY;MT=Variable	NT=K-Biot;AC=null;TA=K;MT=Variable	NT=N-termBiot;AC=null;TA=Protein N-terminus;MT=Variable	not available	not available	not available	not available	not available	not available	2 h	22 °C	NCB4460A78LC3_F10_NCB4460A78LC3-40-211345.raw	NT=ms-proteomics;VV=v1.1.0	NT=crosslinking;VV=v1.0.0	NT=invertebrates;VV=v1.1.0
PXD027068_NCB4460A69LC3_E9_NCB4460A69LC3-40-211336	Caenorhabditis elegans	gut, muscle, skin, and nervous system	neurons (including AFD neurons)	391	PXD027068_NCB4460A69LC3_E9_NCB4460A69LC3-40-211336_assay	proteomic profiling by mass spectrometry	data-dependent acquisition	NT=label free sample;AC=MS:1002038	1	1	not available	NT=Trypsin;AC=MS:1001251	NT=Carbamidomethyl;AC=UNIMOD:4;TA=C;MT=Fixed	NT=Oxidation;AC=UNIMOD:21;TA=M;MT=Variable	NT=Acetyl;AC=UNIMOD:2;TA=Protein N-term;MT=Variable	NT=Deamidation;AC=UNIMOD:7;TA=NQ;MT=Variable	NT=Gln->pyro-Glu;AC=UNIMOD:28;TA=Q;MT=Variable	NT=Phospho;AC=UNIMOD:21;TA=STY;MT=Variable	NT=K-Biot;AC=null;TA=K;MT=Variable	NT=N-termBiot;AC=null;TA=Protein N-terminus;MT=Variable	not available	not available	not available	not available	not available	not available	2 h	22 °C	NCB4460A69LC3_E9_NCB4460A69LC3-40-211336.raw	NT=ms-proteomics;VV=v1.1.0	NT=crosslinking;VV=v1.0.0	NT=invertebrates;VV=v1.1.0
PXD027068_NCB4460A34LC3_B5_NCB4460A34LC3-40-211325	Caenorhabditis elegans	gut, muscle, skin, and nervous system	neurons (including AFD neurons)	392	PXD027068_NCB4460A34LC3_B5_NCB4460A34LC3-40-211325_assay	proteomic profiling by mass spectrometry	data-dependent acquisition	NT=label free sample;AC=MS:1002038	1	1	not available	NT=Trypsin;AC=MS:1001251	NT=Carbamidomethyl;AC=UNIMOD:4;TA=C;MT=Fixed	NT=Oxidation;AC=UNIMOD:21;TA=M;MT=Variable	NT=Acetyl;AC=UNIMOD:2;TA=Protein N-term;MT=Variable	NT=Deamidation;AC=UNIMOD:7;TA=NQ;MT=Variable	NT=Gln->pyro-Glu;AC=UNIMOD:28;TA=Q;MT=Variable	NT=Phospho;AC=UNIMOD:21;TA=STY;MT=Variable	NT=K-Biot;AC=null;TA=K;MT=Variable	NT=N-termBiot;AC=null;TA=Protein N-terminus;MT=Variable	not available	not available	not available	not available	not available	not available	2 h	22 °C	NCB4460A34LC3_B5_NCB4460A34LC3-40-211325.raw	NT=ms-proteomics;VV=v1.1.0	NT=crosslinking;VV=v1.0.0	NT=invertebrates;VV=v1.1.0
PXD027068_NCB4509A40LC2_D7_NCB4509A52LC3-40-215864	Caenorhabditis elegans	gut, muscle, skin, and nervous system	neurons (including AFD neurons)	393	PXD027068_NCB4509A40LC2_D7_NCB4509A52LC3-40-215864_assay	proteomic profiling by mass spectrometry	data-dependent acquisition	NT=label free sample;AC=MS:1002038	1	1	not available	NT=Trypsin;AC=MS:1001251	NT=Carbamidomethyl;AC=UNIMOD:4;TA=C;MT=Fixed	NT=Oxidation;AC=UNIMOD:21;TA=M;MT=Variable	NT=Acetyl;AC=UNIMOD:2;TA=Protein N-term;MT=Variable	NT=Deamidation;AC=UNIMOD:7;TA=NQ;MT=Variable	NT=Gln->pyro-Glu;AC=UNIMOD:28;TA=Q;MT=Variable	NT=Phospho;AC=UNIMOD:21;TA=STY;MT=Variable	NT=K-Biot;AC=null;TA=K;MT=Variable	NT=N-termBiot;AC=null;TA=Protein N-terminus;MT=Variable	not available	not available	not available	not available	not available	not available	2 h	22 °C	NCB4509A40LC2_D7_NCB4509A52LC3-40-215864.raw	NT=ms-proteomics;VV=v1.1.0	NT=crosslinking;VV=v1.0.0	NT=invertebrates;VV=v1.1.0
PXD027068_NCB4510A32LC2_D6_NCB4510A32LC2-40-216359	Caenorhabditis elegans	gut, muscle, skin, and nervous system	neurons (including AFD neurons)	394	PXD027068_NCB4510A32LC2_D6_NCB4510A32LC2-40-216359_assay	proteomic profiling by mass spectrometry	data-dependent acquisition	NT=label free sample;AC=MS:1002038	1	1	not available	NT=Trypsin;AC=MS:1001251	NT=Carbamidomethyl;AC=UNIMOD:4;TA=C;MT=Fixed	NT=Oxidation;AC=UNIMOD:21;TA=M;MT=Variable	NT=Acetyl;AC=UNIMOD:2;TA=Protein N-term;MT=Variable	NT=Deamidation;AC=UNIMOD:7;TA=NQ;MT=Variable	NT=Gln->pyro-Glu;AC=UNIMOD:28;TA=Q;MT=Variable	NT=Phospho;AC=UNIMOD:21;TA=STY;MT=Variable	NT=K-Biot;AC=null;TA=K;MT=Variable	NT=N-termBiot;AC=null;TA=Protein N-terminus;MT=Variable	not available	not available	not available	not available	not available	not available	2 h	22 °C	NCB4510A32LC2_D6_NCB4510A32LC2-40-216359.raw	NT=ms-proteomics;VV=v1.1.0	NT=crosslinking;VV=v1.0.0	NT=invertebrates;VV=v1.1.0
PXD027068_NCB4497A13LC2_E2_NCB4497A13LC2-40-215242	Caenorhabditis elegans	gut, muscle, skin, and nervous system	neurons (including AFD neurons)	395	PXD027068_NCB4497A13LC2_E2_NCB4497A13LC2-40-215242_assay	proteomic profiling by mass spectrometry	data-dependent acquisition	NT=label free sample;AC=MS:1002038	1	1	not available	NT=Trypsin;AC=MS:1001251	NT=Carbamidomethyl;AC=UNIMOD:4;TA=C;MT=Fixed	NT=Oxidation;AC=UNIMOD:21;TA=M;MT=Variable	NT=Acetyl;AC=UNIMOD:2;TA=Protein N-term;MT=Variable	NT=Deamidation;AC=UNIMOD:7;TA=NQ;MT=Variable	NT=Gln->pyro-Glu;AC=UNIMOD:28;TA=Q;MT=Variable	NT=Phospho;AC=UNIMOD:21;TA=STY;MT=Variable	NT=K-Biot;AC=null;TA=K;MT=Variable	NT=N-termBiot;AC=null;TA=Protein N-terminus;MT=Variable	not available	not available	not available	not available	not available	not available	2 h	22 °C	NCB4497A13LC2_E2_NCB4497A13LC2-40-215242.raw	NT=ms-proteomics;VV=v1.1.0	NT=crosslinking;VV=v1.0.0	NT=invertebrates;VV=v1.1.0
PXD027068_NCB4497A15LC2_G2_NCB4497A15LC2-40-215244	Caenorhabditis elegans	gut, muscle, skin, and nervous system	neurons (including AFD neurons)	396	PXD027068_NCB4497A15LC2_G2_NCB4497A15LC2-40-215244_assay	proteomic profiling by mass spectrometry	data-dependent acquisition	NT=label free sample;AC=MS:1002038	1	1	not available	NT=Trypsin;AC=MS:1001251	NT=Carbamidomethyl;AC=UNIMOD:4;TA=C;MT=Fixed	NT=Oxidation;AC=UNIMOD:21;TA=M;MT=Variable	NT=Acetyl;AC=UNIMOD:2;TA=Protein N-term;MT=Variable	NT=Deamidation;AC=UNIMOD:7;TA=NQ;MT=Variable	NT=Gln->pyro-Glu;AC=UNIMOD:28;TA=Q;MT=Variable	NT=Phospho;AC=UNIMOD:21;TA=STY;MT=Variable	NT=K-Biot;AC=null;TA=K;MT=Variable	NT=N-termBiot;AC=null;TA=Protein N-terminus;MT=Variable	not available	not available	not available	not available	not available	not available	2 h	22 °C	NCB4497A15LC2_G2_NCB4497A15LC2-40-215244.raw	NT=ms-proteomics;VV=v1.1.0	NT=crosslinking;VV=v1.0.0	NT=invertebrates;VV=v1.1.0
PXD027068_NCB4460A82LC3_B11_NCB4460A82LC3-40-211349	Caenorhabditis elegans	gut, muscle, skin, and nervous system	neurons (including AFD neurons)	397	PXD027068_NCB4460A82LC3_B11_NCB4460A82LC3-40-211349_assay	proteomic profiling by mass spectrometry	data-dependent acquisition	NT=label free sample;AC=MS:1002038	1	1	not available	NT=Trypsin;AC=MS:1001251	NT=Carbamidomethyl;AC=UNIMOD:4;TA=C;MT=Fixed	NT=Oxidation;AC=UNIMOD:21;TA=M;MT=Variable	NT=Acetyl;AC=UNIMOD:2;TA=Protein N-term;MT=Variable	NT=Deamidation;AC=UNIMOD:7;TA=NQ;MT=Variable	NT=Gln->pyro-Glu;AC=UNIMOD:28;TA=Q;MT=Variable	NT=Phospho;AC=UNIMOD:21;TA=STY;MT=Variable	NT=K-Biot;AC=null;TA=K;MT=Variable	NT=N-termBiot;AC=null;TA=Protein N-terminus;MT=Variable	not available	not available	not available	not available	not available	not available	2 h	22 °C	NCB4460A82LC3_B11_NCB4460A82LC3-40-211349.raw	NT=ms-proteomics;VV=v1.1.0	NT=crosslinking;VV=v1.0.0	NT=invertebrates;VV=v1.1.0
PXD027068_NCB4496A52LC3_D7_NCB4496A52LC3-40-214341	Caenorhabditis elegans	gut, muscle, skin, and nervous system	neurons (including AFD neurons)	398	PXD027068_NCB4496A52LC3_D7_NCB4496A52LC3-40-214341_assay	proteomic profiling by mass spectrometry	data-dependent acquisition	NT=label free sample;AC=MS:1002038	1	1	not available	NT=Trypsin;AC=MS:1001251	NT=Carbamidomethyl;AC=UNIMOD:4;TA=C;MT=Fixed	NT=Oxidation;AC=UNIMOD:21;TA=M;MT=Variable	NT=Acetyl;AC=UNIMOD:2;TA=Protein N-term;MT=Variable	NT=Deamidation;AC=UNIMOD:7;TA=NQ;MT=Variable	NT=Gln->pyro-Glu;AC=UNIMOD:28;TA=Q;MT=Variable	NT=Phospho;AC=UNIMOD:21;TA=STY;MT=Variable	NT=K-Biot;AC=null;TA=K;MT=Variable	NT=N-termBiot;AC=null;TA=Protein N-terminus;MT=Variable	not available	not available	not available	not available	not available	not available	2 h	22 °C	NCB4496A52LC3_D7_NCB4496A52LC3-40-214341.raw	NT=ms-proteomics;VV=v1.1.0	NT=crosslinking;VV=v1.0.0	NT=invertebrates;VV=v1.1.0
PXD027068_NCB4460A8LC3_H1_NCB4460A8LC3-40-210639	Caenorhabditis elegans	gut, muscle, skin, and nervous system	neurons (including AFD neurons)	399	PXD027068_NCB4460A8LC3_H1_NCB4460A8LC3-40-210639_assay	proteomic profiling by mass spectrometry	data-dependent acquisition	NT=label free sample;AC=MS:1002038	1	1	not available	NT=Trypsin;AC=MS:1001251	NT=Carbamidomethyl;AC=UNIMOD:4;TA=C;MT=Fixed	NT=Oxidation;AC=UNIMOD:21;TA=M;MT=Variable	NT=Acetyl;AC=UNIMOD:2;TA=Protein N-term;MT=Variable	NT=Deamidation;AC=UNIMOD:7;TA=NQ;MT=Variable	NT=Gln->pyro-Glu;AC=UNIMOD:28;TA=Q;MT=Variable	NT=Phospho;AC=UNIMOD:21;TA=STY;MT=Variable	NT=K-Biot;AC=null;TA=K;MT=Variable	NT=N-termBiot;AC=null;TA=Protein N-terminus;MT=Variable	not available	not available	not available	not available	not available	not available	2 h	22 °C	NCB4460A8LC3_H1_NCB4460A8LC3-40-210639.raw	NT=ms-proteomics;VV=v1.1.0	NT=crosslinking;VV=v1.0.0	NT=invertebrates;VV=v1.1.0
PXD027068_NCB4496A81LC3_A11_NCB4496A81LC3-40-214558	Caenorhabditis elegans	gut, muscle, skin, and nervous system	neurons (including AFD neurons)	400	PXD027068_NCB4496A81LC3_A11_NCB4496A81LC3-40-214558_assay	proteomic profiling by mass spectrometry	data-dependent acquisition	NT=label free sample;AC=MS:1002038	1	1	not available	NT=Trypsin;AC=MS:1001251	NT=Carbamidomethyl;AC=UNIMOD:4;TA=C;MT=Fixed	NT=Oxidation;AC=UNIMOD:21;TA=M;MT=Variable	NT=Acetyl;AC=UNIMOD:2;TA=Protein N-term;MT=Variable	NT=Deamidation;AC=UNIMOD:7;TA=NQ;MT=Variable	NT=Gln->pyro-Glu;AC=UNIMOD:28;TA=Q;MT=Variable	NT=Phospho;AC=UNIMOD:21;TA=STY;MT=Variable	NT=K-Biot;AC=null;TA=K;MT=Variable	NT=N-termBiot;AC=null;TA=Protein N-terminus;MT=Variable	not available	not available	not available	not available	not available	not available	2 h	22 °C	NCB4496A81LC3_A11_NCB4496A81LC3-40-214558.raw	NT=ms-proteomics;VV=v1.1.0	NT=crosslinking;VV=v1.0.0	NT=invertebrates;VV=v1.1.0
PXD027068_NCB4459A153LC3_E9_NCB4459A153LC3-40-209112	Caenorhabditis elegans	gut, muscle, skin, and nervous system	neurons (including AFD neurons)	401	PXD027068_NCB4459A153LC3_E9_NCB4459A153LC3-40-209112_assay	proteomic profiling by mass spectrometry	data-dependent acquisition	NT=label free sample;AC=MS:1002038	1	1	not available	NT=Trypsin;AC=MS:1001251	NT=Carbamidomethyl;AC=UNIMOD:4;TA=C;MT=Fixed	NT=Oxidation;AC=UNIMOD:21;TA=M;MT=Variable	NT=Acetyl;AC=UNIMOD:2;TA=Protein N-term;MT=Variable	NT=Deamidation;AC=UNIMOD:7;TA=NQ;MT=Variable	NT=Gln->pyro-Glu;AC=UNIMOD:28;TA=Q;MT=Variable	NT=Phospho;AC=UNIMOD:21;TA=STY;MT=Variable	NT=K-Biot;AC=null;TA=K;MT=Variable	NT=N-termBiot;AC=null;TA=Protein N-terminus;MT=Variable	not available	not available	not available	not available	not available	not available	2 h	22 °C	NCB4459A153LC3_E9_NCB4459A153LC3-40-209112.raw	NT=ms-proteomics;VV=v1.1.0	NT=crosslinking;VV=v1.0.0	NT=invertebrates;VV=v1.1.0
PXD027068_NCB4460A83LC3_C11_NCB4460A83LC3-40-211350	Caenorhabditis elegans	gut, muscle, skin, and nervous system	neurons (including AFD neurons)	402	PXD027068_NCB4460A83LC3_C11_NCB4460A83LC3-40-211350_assay	proteomic profiling by mass spectrometry	data-dependent acquisition	NT=label free sample;AC=MS:1002038	1	1	not available	NT=Trypsin;AC=MS:1001251	NT=Carbamidomethyl;AC=UNIMOD:4;TA=C;MT=Fixed	NT=Oxidation;AC=UNIMOD:21;TA=M;MT=Variable	NT=Acetyl;AC=UNIMOD:2;TA=Protein N-term;MT=Variable	NT=Deamidation;AC=UNIMOD:7;TA=NQ;MT=Variable	NT=Gln->pyro-Glu;AC=UNIMOD:28;TA=Q;MT=Variable	NT=Phospho;AC=UNIMOD:21;TA=STY;MT=Variable	NT=K-Biot;AC=null;TA=K;MT=Variable	NT=N-termBiot;AC=null;TA=Protein N-terminus;MT=Variable	not available	not available	not available	not available	not available	not available	2 h	22 °C	NCB4460A83LC3_C11_NCB4460A83LC3-40-211350.raw	NT=ms-proteomics;VV=v1.1.0	NT=crosslinking;VV=v1.0.0	NT=invertebrates;VV=v1.1.0
PXD027068_NCB4496A65LC3_A9_NCB4496A65LC3-40-214342	Caenorhabditis elegans	gut, muscle, skin, and nervous system	neurons (including AFD neurons)	403	PXD027068_NCB4496A65LC3_A9_NCB4496A65LC3-40-214342_assay	proteomic profiling by mass spectrometry	data-dependent acquisition	NT=label free sample;AC=MS:1002038	1	1	not available	NT=Trypsin;AC=MS:1001251	NT=Carbamidomethyl;AC=UNIMOD:4;TA=C;MT=Fixed	NT=Oxidation;AC=UNIMOD:21;TA=M;MT=Variable	NT=Acetyl;AC=UNIMOD:2;TA=Protein N-term;MT=Variable	NT=Deamidation;AC=UNIMOD:7;TA=NQ;MT=Variable	NT=Gln->pyro-Glu;AC=UNIMOD:28;TA=Q;MT=Variable	NT=Phospho;AC=UNIMOD:21;TA=STY;MT=Variable	NT=K-Biot;AC=null;TA=K;MT=Variable	NT=N-termBiot;AC=null;TA=Protein N-terminus;MT=Variable	not available	not available	not available	not available	not available	not available	2 h	22 °C	NCB4496A65LC3_A9_NCB4496A65LC3-40-214342.raw	NT=ms-proteomics;VV=v1.1.0	NT=crosslinking;VV=v1.0.0	NT=invertebrates;VV=v1.1.0
PXD027068_NCB4496A18LC3_B3_NCB4496A18LC3-40-211909	Caenorhabditis elegans	gut, muscle, skin, and nervous system	neurons (including AFD neurons)	404	PXD027068_NCB4496A18LC3_B3_NCB4496A18LC3-40-211909_assay	proteomic profiling by mass spectrometry	data-dependent acquisition	NT=label free sample;AC=MS:1002038	1	1	not available	NT=Trypsin;AC=MS:1001251	NT=Carbamidomethyl;AC=UNIMOD:4;TA=C;MT=Fixed	NT=Oxidation;AC=UNIMOD:21;TA=M;MT=Variable	NT=Acetyl;AC=UNIMOD:2;TA=Protein N-term;MT=Variable	NT=Deamidation;AC=UNIMOD:7;TA=NQ;MT=Variable	NT=Gln->pyro-Glu;AC=UNIMOD:28;TA=Q;MT=Variable	NT=Phospho;AC=UNIMOD:21;TA=STY;MT=Variable	NT=K-Biot;AC=null;TA=K;MT=Variable	NT=N-termBiot;AC=null;TA=Protein N-terminus;MT=Variable	not available	not available	not available	not available	not available	not available	2 h	22 °C	NCB4496A18LC3_B3_NCB4496A18LC3-40-211909.raw	NT=ms-proteomics;VV=v1.1.0	NT=crosslinking;VV=v1.0.0	NT=invertebrates;VV=v1.1.0
