source name	characteristics[organism]	characteristics[organism part]	characteristics[cell type]	characteristics[biological replicate]	assay name	technology type	comment[proteomics data acquisition method]	comment[label]	comment[fraction identifier]	comment[technical replicate]	comment[instrument]	comment[cleavage agent details]	comment[modification parameters]	comment[modification parameters]	comment[collision energy]	comment[dissociation method]	comment[cross-linker]	comment[crosslink enrichment method]	comment[crosslinker concentration]	comment[crosslinker to protein ratio]	comment[crosslinking reaction time]	comment[crosslinking temperature]	comment[data file]	comment[sdrf template]	comment[sdrf template]	comment[sdrf template]
PXD033452_FB-N_stable_PIC_1106_C	Homo sapiens	whole cell lysate	HEK293 cells	1	PXD033452_FB-N_stable_PIC_1106_C_assay	proteomic profiling by mass spectrometry	data-dependent acquisition	NT=label free sample;AC=MS:1002038	1	1	not available	NT=Trypsin;AC=MS:1001251	NT=Carbamidomethyl;AC=UNIMOD:4;TA=C;MT=Fixed	NT=Oxidation;AC=UNIMOD:21;TA=M;MT=Variable	not available	not available	not available	not available	not available	not available	not available	not available	FB-N_stable_PIC_1106_C.raw	NT=ms-proteomics;VV=v1.1.0	NT=crosslinking;VV=v1.0.0	NT=human;VV=v1.1.0
PXD033452_control_FB_only_stable_2404_C	Homo sapiens	whole cell lysate	HEK293 cells	2	PXD033452_control_FB_only_stable_2404_C_assay	proteomic profiling by mass spectrometry	data-dependent acquisition	NT=label free sample;AC=MS:1002038	1	1	not available	NT=Trypsin;AC=MS:1001251	NT=Carbamidomethyl;AC=UNIMOD:4;TA=C;MT=Fixed	NT=Oxidation;AC=UNIMOD:21;TA=M;MT=Variable	not available	not available	not available	not available	not available	not available	not available	not available	control_FB_only_stable_2404_C.raw	NT=ms-proteomics;VV=v1.1.0	NT=crosslinking;VV=v1.0.0	NT=human;VV=v1.1.0
PXD033452_FB-orf7b_stable_2404_A	Homo sapiens	whole cell lysate	HEK293 cells	3	PXD033452_FB-orf7b_stable_2404_A_assay	proteomic profiling by mass spectrometry	data-dependent acquisition	NT=label free sample;AC=MS:1002038	1	1	not available	NT=Trypsin;AC=MS:1001251	NT=Carbamidomethyl;AC=UNIMOD:4;TA=C;MT=Fixed	NT=Oxidation;AC=UNIMOD:21;TA=M;MT=Variable	not available	not available	not available	not available	not available	not available	not available	not available	FB-orf7b_stable_2404_A.raw	NT=ms-proteomics;VV=v1.1.0	NT=crosslinking;VV=v1.0.0	NT=human;VV=v1.1.0
PXD033452_FB-NSP15_stable_2804_B	Homo sapiens	whole cell lysate	HEK293 cells	4	PXD033452_FB-NSP15_stable_2804_B_assay	proteomic profiling by mass spectrometry	data-dependent acquisition	NT=label free sample;AC=MS:1002038	1	1	not available	NT=Trypsin;AC=MS:1001251	NT=Carbamidomethyl;AC=UNIMOD:4;TA=C;MT=Fixed	NT=Oxidation;AC=UNIMOD:21;TA=M;MT=Variable	not available	not available	not available	not available	not available	not available	not available	not available	FB-NSP15_stable_2804_B.raw	NT=ms-proteomics;VV=v1.1.0	NT=crosslinking;VV=v1.0.0	NT=human;VV=v1.1.0
PXD033452_NSP1-BF_stable_PIC_2506_C	Homo sapiens	whole cell lysate	HEK293 cells	5	PXD033452_NSP1-BF_stable_PIC_2506_C_assay	proteomic profiling by mass spectrometry	data-dependent acquisition	NT=label free sample;AC=MS:1002038	1	1	not available	NT=Trypsin;AC=MS:1001251	NT=Carbamidomethyl;AC=UNIMOD:4;TA=C;MT=Fixed	NT=Oxidation;AC=UNIMOD:21;TA=M;MT=Variable	not available	not available	not available	not available	not available	not available	not available	not available	NSP1-BF_stable_PIC_2506_C.raw	NT=ms-proteomics;VV=v1.1.0	NT=crosslinking;VV=v1.0.0	NT=human;VV=v1.1.0
PXD033452_FB-NSP10_stable_pIC_2906_C	Homo sapiens	whole cell lysate	HEK293 cells	6	PXD033452_FB-NSP10_stable_pIC_2906_C_assay	proteomic profiling by mass spectrometry	data-dependent acquisition	NT=label free sample;AC=MS:1002038	1	1	not available	NT=Trypsin;AC=MS:1001251	NT=Carbamidomethyl;AC=UNIMOD:4;TA=C;MT=Fixed	NT=Oxidation;AC=UNIMOD:21;TA=M;MT=Variable	not available	not available	not available	not available	not available	not available	not available	not available	FB-NSP10_stable_pIC_2906_C.raw	NT=ms-proteomics;VV=v1.1.0	NT=crosslinking;VV=v1.0.0	NT=human;VV=v1.1.0
PXD033452_FB-NSP8_stable_0805_B	Homo sapiens	whole cell lysate	HEK293 cells	7	PXD033452_FB-NSP8_stable_0805_B_assay	proteomic profiling by mass spectrometry	data-dependent acquisition	NT=label free sample;AC=MS:1002038	1	1	not available	NT=Trypsin;AC=MS:1001251	NT=Carbamidomethyl;AC=UNIMOD:4;TA=C;MT=Fixed	NT=Oxidation;AC=UNIMOD:21;TA=M;MT=Variable	not available	not available	not available	not available	not available	not available	not available	not available	FB-NSP8_stable_0805_B.raw	NT=ms-proteomics;VV=v1.1.0	NT=crosslinking;VV=v1.0.0	NT=human;VV=v1.1.0
PXD033452_FB-NSP12_stable_PIC_1306_C	Homo sapiens	whole cell lysate	HEK293 cells	8	PXD033452_FB-NSP12_stable_PIC_1306_C_assay	proteomic profiling by mass spectrometry	data-dependent acquisition	NT=label free sample;AC=MS:1002038	1	1	not available	NT=Trypsin;AC=MS:1001251	NT=Carbamidomethyl;AC=UNIMOD:4;TA=C;MT=Fixed	NT=Oxidation;AC=UNIMOD:21;TA=M;MT=Variable	not available	not available	not available	not available	not available	not available	not available	not available	FB-NSP12_stable_PIC_1306_C.raw	NT=ms-proteomics;VV=v1.1.0	NT=crosslinking;VV=v1.0.0	NT=human;VV=v1.1.0
PXD033452_orf8-BF_stable_0406_A	Homo sapiens	whole cell lysate	HEK293 cells	9	PXD033452_orf8-BF_stable_0406_A_assay	proteomic profiling by mass spectrometry	data-dependent acquisition	NT=label free sample;AC=MS:1002038	1	1	not available	NT=Trypsin;AC=MS:1001251	NT=Carbamidomethyl;AC=UNIMOD:4;TA=C;MT=Fixed	NT=Oxidation;AC=UNIMOD:21;TA=M;MT=Variable	not available	not available	not available	not available	not available	not available	not available	not available	orf8-BF_stable_0406_A.raw	NT=ms-proteomics;VV=v1.1.0	NT=crosslinking;VV=v1.0.0	NT=human;VV=v1.1.0
PXD033452_FB-NSP15_stable_PIC_2906_B	Homo sapiens	whole cell lysate	HEK293 cells	10	PXD033452_FB-NSP15_stable_PIC_2906_B_assay	proteomic profiling by mass spectrometry	data-dependent acquisition	NT=label free sample;AC=MS:1002038	1	1	not available	NT=Trypsin;AC=MS:1001251	NT=Carbamidomethyl;AC=UNIMOD:4;TA=C;MT=Fixed	NT=Oxidation;AC=UNIMOD:21;TA=M;MT=Variable	not available	not available	not available	not available	not available	not available	not available	not available	FB-NSP15_stable_PIC_2906_B.raw	NT=ms-proteomics;VV=v1.1.0	NT=crosslinking;VV=v1.0.0	NT=human;VV=v1.1.0
PXD033452_FB-NSP15_stable_2804_C	Homo sapiens	whole cell lysate	HEK293 cells	11	PXD033452_FB-NSP15_stable_2804_C_assay	proteomic profiling by mass spectrometry	data-dependent acquisition	NT=label free sample;AC=MS:1002038	1	1	not available	NT=Trypsin;AC=MS:1001251	NT=Carbamidomethyl;AC=UNIMOD:4;TA=C;MT=Fixed	NT=Oxidation;AC=UNIMOD:21;TA=M;MT=Variable	not available	not available	not available	not available	not available	not available	not available	not available	FB-NSP15_stable_2804_C.raw	NT=ms-proteomics;VV=v1.1.0	NT=crosslinking;VV=v1.0.0	NT=human;VV=v1.1.0
PXD033452_FB-NSP8_stable_PIC_2906_C	Homo sapiens	whole cell lysate	HEK293 cells	12	PXD033452_FB-NSP8_stable_PIC_2906_C_assay	proteomic profiling by mass spectrometry	data-dependent acquisition	NT=label free sample;AC=MS:1002038	1	1	not available	NT=Trypsin;AC=MS:1001251	NT=Carbamidomethyl;AC=UNIMOD:4;TA=C;MT=Fixed	NT=Oxidation;AC=UNIMOD:21;TA=M;MT=Variable	not available	not available	not available	not available	not available	not available	not available	not available	FB-NSP8_stable_PIC_2906_C.raw	NT=ms-proteomics;VV=v1.1.0	NT=crosslinking;VV=v1.0.0	NT=human;VV=v1.1.0
PXD033452_orf7b-BF_stable_0307_C	Homo sapiens	whole cell lysate	HEK293 cells	13	PXD033452_orf7b-BF_stable_0307_C_assay	proteomic profiling by mass spectrometry	data-dependent acquisition	NT=label free sample;AC=MS:1002038	1	1	not available	NT=Trypsin;AC=MS:1001251	NT=Carbamidomethyl;AC=UNIMOD:4;TA=C;MT=Fixed	NT=Oxidation;AC=UNIMOD:21;TA=M;MT=Variable	not available	not available	not available	not available	not available	not available	not available	not available	orf7b-BF_stable_0307_C.raw	NT=ms-proteomics;VV=v1.1.0	NT=crosslinking;VV=v1.0.0	NT=human;VV=v1.1.0
PXD033452_orf7b-BF_stable_0307_B	Homo sapiens	whole cell lysate	HEK293 cells	14	PXD033452_orf7b-BF_stable_0307_B_assay	proteomic profiling by mass spectrometry	data-dependent acquisition	NT=label free sample;AC=MS:1002038	1	1	not available	NT=Trypsin;AC=MS:1001251	NT=Carbamidomethyl;AC=UNIMOD:4;TA=C;MT=Fixed	NT=Oxidation;AC=UNIMOD:21;TA=M;MT=Variable	not available	not available	not available	not available	not available	not available	not available	not available	orf7b-BF_stable_0307_B.raw	NT=ms-proteomics;VV=v1.1.0	NT=crosslinking;VV=v1.0.0	NT=human;VV=v1.1.0
PXD033452_FB-NSP14_stable_PIC_2306_A	Homo sapiens	whole cell lysate	HEK293 cells	15	PXD033452_FB-NSP14_stable_PIC_2306_A_assay	proteomic profiling by mass spectrometry	data-dependent acquisition	NT=label free sample;AC=MS:1002038	1	1	not available	NT=Trypsin;AC=MS:1001251	NT=Carbamidomethyl;AC=UNIMOD:4;TA=C;MT=Fixed	NT=Oxidation;AC=UNIMOD:21;TA=M;MT=Variable	not available	not available	not available	not available	not available	not available	not available	not available	FB-NSP14_stable_PIC_2306_A.raw	NT=ms-proteomics;VV=v1.1.0	NT=crosslinking;VV=v1.0.0	NT=human;VV=v1.1.0
PXD033452_NSP16-BF_stable_2506_C	Homo sapiens	whole cell lysate	HEK293 cells	16	PXD033452_NSP16-BF_stable_2506_C_assay	proteomic profiling by mass spectrometry	data-dependent acquisition	NT=label free sample;AC=MS:1002038	1	1	not available	NT=Trypsin;AC=MS:1001251	NT=Carbamidomethyl;AC=UNIMOD:4;TA=C;MT=Fixed	NT=Oxidation;AC=UNIMOD:21;TA=M;MT=Variable	not available	not available	not available	not available	not available	not available	not available	not available	NSP16-BF_stable_2506_C.raw	NT=ms-proteomics;VV=v1.1.0	NT=crosslinking;VV=v1.0.0	NT=human;VV=v1.1.0
PXD033452_FB-orf6_stable_2404_B	Homo sapiens	whole cell lysate	HEK293 cells	17	PXD033452_FB-orf6_stable_2404_B_assay	proteomic profiling by mass spectrometry	data-dependent acquisition	NT=label free sample;AC=MS:1002038	1	1	not available	NT=Trypsin;AC=MS:1001251	NT=Carbamidomethyl;AC=UNIMOD:4;TA=C;MT=Fixed	NT=Oxidation;AC=UNIMOD:21;TA=M;MT=Variable	not available	not available	not available	not available	not available	not available	not available	not available	FB-orf6_stable_2404_B.raw	NT=ms-proteomics;VV=v1.1.0	NT=crosslinking;VV=v1.0.0	NT=human;VV=v1.1.0
PXD033452_FB-NSP2_stable_2804_C	Homo sapiens	whole cell lysate	HEK293 cells	18	PXD033452_FB-NSP2_stable_2804_C_assay	proteomic profiling by mass spectrometry	data-dependent acquisition	NT=label free sample;AC=MS:1002038	1	1	not available	NT=Trypsin;AC=MS:1001251	NT=Carbamidomethyl;AC=UNIMOD:4;TA=C;MT=Fixed	NT=Oxidation;AC=UNIMOD:21;TA=M;MT=Variable	not available	not available	not available	not available	not available	not available	not available	not available	FB-NSP2_stable_2804_C.raw	NT=ms-proteomics;VV=v1.1.0	NT=crosslinking;VV=v1.0.0	NT=human;VV=v1.1.0
PXD033452_FB-S_stable_1205_B	Homo sapiens	whole cell lysate	HEK293 cells	19	PXD033452_FB-S_stable_1205_B_assay	proteomic profiling by mass spectrometry	data-dependent acquisition	NT=label free sample;AC=MS:1002038	1	1	not available	NT=Trypsin;AC=MS:1001251	NT=Carbamidomethyl;AC=UNIMOD:4;TA=C;MT=Fixed	NT=Oxidation;AC=UNIMOD:21;TA=M;MT=Variable	not available	not available	not available	not available	not available	not available	not available	not available	FB-S_stable_1205_B.raw	NT=ms-proteomics;VV=v1.1.0	NT=crosslinking;VV=v1.0.0	NT=human;VV=v1.1.0
PXD033452_orf7a-BF_stable_C	Homo sapiens	whole cell lysate	HEK293 cells	20	PXD033452_orf7a-BF_stable_C_assay	proteomic profiling by mass spectrometry	data-dependent acquisition	NT=label free sample;AC=MS:1002038	1	1	not available	NT=Trypsin;AC=MS:1001251	NT=Carbamidomethyl;AC=UNIMOD:4;TA=C;MT=Fixed	NT=Oxidation;AC=UNIMOD:21;TA=M;MT=Variable	not available	not available	not available	not available	not available	not available	not available	not available	orf7a-BF_stable_C.raw	NT=ms-proteomics;VV=v1.1.0	NT=crosslinking;VV=v1.0.0	NT=human;VV=v1.1.0
PXD033452_M-BF_stable_C	Homo sapiens	whole cell lysate	HEK293 cells	21	PXD033452_M-BF_stable_C_assay	proteomic profiling by mass spectrometry	data-dependent acquisition	NT=label free sample;AC=MS:1002038	1	1	not available	NT=Trypsin;AC=MS:1001251	NT=Carbamidomethyl;AC=UNIMOD:4;TA=C;MT=Fixed	NT=Oxidation;AC=UNIMOD:21;TA=M;MT=Variable	not available	not available	not available	not available	not available	not available	not available	not available	M-BF_stable_C.raw	NT=ms-proteomics;VV=v1.1.0	NT=crosslinking;VV=v1.0.0	NT=human;VV=v1.1.0
PXD033452_control_BF_only_stable_B1	Homo sapiens	whole cell lysate	HEK293 cells	22	PXD033452_control_BF_only_stable_B1_assay	proteomic profiling by mass spectrometry	data-dependent acquisition	NT=label free sample;AC=MS:1002038	1	1	not available	NT=Trypsin;AC=MS:1001251	NT=Carbamidomethyl;AC=UNIMOD:4;TA=C;MT=Fixed	NT=Oxidation;AC=UNIMOD:21;TA=M;MT=Variable	not available	not available	not available	not available	not available	not available	not available	not available	control_BF_only_stable_B1.raw	NT=ms-proteomics;VV=v1.1.0	NT=crosslinking;VV=v1.0.0	NT=human;VV=v1.1.0
PXD033452_FB-Orf3d_stable_0305_A	Homo sapiens	whole cell lysate	HEK293 cells	23	PXD033452_FB-Orf3d_stable_0305_A_assay	proteomic profiling by mass spectrometry	data-dependent acquisition	NT=label free sample;AC=MS:1002038	1	1	not available	NT=Trypsin;AC=MS:1001251	NT=Carbamidomethyl;AC=UNIMOD:4;TA=C;MT=Fixed	NT=Oxidation;AC=UNIMOD:21;TA=M;MT=Variable	not available	not available	not available	not available	not available	not available	not available	not available	FB-Orf3d_stable_0305_A.raw	NT=ms-proteomics;VV=v1.1.0	NT=crosslinking;VV=v1.0.0	NT=human;VV=v1.1.0
PXD033452_N-BF_stable_0805_B	Homo sapiens	whole cell lysate	HEK293 cells	24	PXD033452_N-BF_stable_0805_B_assay	proteomic profiling by mass spectrometry	data-dependent acquisition	NT=label free sample;AC=MS:1002038	1	1	not available	NT=Trypsin;AC=MS:1001251	NT=Carbamidomethyl;AC=UNIMOD:4;TA=C;MT=Fixed	NT=Oxidation;AC=UNIMOD:21;TA=M;MT=Variable	not available	not available	not available	not available	not available	not available	not available	not available	N-BF_stable_0805_B.raw	NT=ms-proteomics;VV=v1.1.0	NT=crosslinking;VV=v1.0.0	NT=human;VV=v1.1.0
PXD033452_NSP2-BF_stable_1906_A	Homo sapiens	whole cell lysate	HEK293 cells	25	PXD033452_NSP2-BF_stable_1906_A_assay	proteomic profiling by mass spectrometry	data-dependent acquisition	NT=label free sample;AC=MS:1002038	1	1	not available	NT=Trypsin;AC=MS:1001251	NT=Carbamidomethyl;AC=UNIMOD:4;TA=C;MT=Fixed	NT=Oxidation;AC=UNIMOD:21;TA=M;MT=Variable	not available	not available	not available	not available	not available	not available	not available	not available	NSP2-BF_stable_1906_A.raw	NT=ms-proteomics;VV=v1.1.0	NT=crosslinking;VV=v1.0.0	NT=human;VV=v1.1.0
PXD033452_NSP1-BF_stable_A	Homo sapiens	whole cell lysate	HEK293 cells	26	PXD033452_NSP1-BF_stable_A_assay	proteomic profiling by mass spectrometry	data-dependent acquisition	NT=label free sample;AC=MS:1002038	1	1	not available	NT=Trypsin;AC=MS:1001251	NT=Carbamidomethyl;AC=UNIMOD:4;TA=C;MT=Fixed	NT=Oxidation;AC=UNIMOD:21;TA=M;MT=Variable	not available	not available	not available	not available	not available	not available	not available	not available	NSP1-BF_stable_A.raw	NT=ms-proteomics;VV=v1.1.0	NT=crosslinking;VV=v1.0.0	NT=human;VV=v1.1.0
PXD033452_control_FB-only-transient-A	Homo sapiens	whole cell lysate	HEK293 cells	27	PXD033452_control_FB-only-transient-A_assay	proteomic profiling by mass spectrometry	data-dependent acquisition	NT=label free sample;AC=MS:1002038	1	1	not available	NT=Trypsin;AC=MS:1001251	NT=Carbamidomethyl;AC=UNIMOD:4;TA=C;MT=Fixed	NT=Oxidation;AC=UNIMOD:21;TA=M;MT=Variable	not available	not available	not available	not available	not available	not available	not available	not available	control_FB-only-transient-A.raw	NT=ms-proteomics;VV=v1.1.0	NT=crosslinking;VV=v1.0.0	NT=human;VV=v1.1.0
PXD033452_FB-NSP4_stable_PIC_1306_A	Homo sapiens	whole cell lysate	HEK293 cells	28	PXD033452_FB-NSP4_stable_PIC_1306_A_assay	proteomic profiling by mass spectrometry	data-dependent acquisition	NT=label free sample;AC=MS:1002038	1	1	not available	NT=Trypsin;AC=MS:1001251	NT=Carbamidomethyl;AC=UNIMOD:4;TA=C;MT=Fixed	NT=Oxidation;AC=UNIMOD:21;TA=M;MT=Variable	not available	not available	not available	not available	not available	not available	not available	not available	FB-NSP4_stable_PIC_1306_A.raw	NT=ms-proteomics;VV=v1.1.0	NT=crosslinking;VV=v1.0.0	NT=human;VV=v1.1.0
PXD033452_FB-orf6_stable_2404_C	Homo sapiens	whole cell lysate	HEK293 cells	29	PXD033452_FB-orf6_stable_2404_C_assay	proteomic profiling by mass spectrometry	data-dependent acquisition	NT=label free sample;AC=MS:1002038	1	1	not available	NT=Trypsin;AC=MS:1001251	NT=Carbamidomethyl;AC=UNIMOD:4;TA=C;MT=Fixed	NT=Oxidation;AC=UNIMOD:21;TA=M;MT=Variable	not available	not available	not available	not available	not available	not available	not available	not available	FB-orf6_stable_2404_C.raw	NT=ms-proteomics;VV=v1.1.0	NT=crosslinking;VV=v1.0.0	NT=human;VV=v1.1.0
PXD033452_FB-orf6_stable_PIC_1306_C	Homo sapiens	whole cell lysate	HEK293 cells	30	PXD033452_FB-orf6_stable_PIC_1306_C_assay	proteomic profiling by mass spectrometry	data-dependent acquisition	NT=label free sample;AC=MS:1002038	1	1	not available	NT=Trypsin;AC=MS:1001251	NT=Carbamidomethyl;AC=UNIMOD:4;TA=C;MT=Fixed	NT=Oxidation;AC=UNIMOD:21;TA=M;MT=Variable	not available	not available	not available	not available	not available	not available	not available	not available	FB-orf6_stable_PIC_1306_C.raw	NT=ms-proteomics;VV=v1.1.0	NT=crosslinking;VV=v1.0.0	NT=human;VV=v1.1.0
PXD033452_FB-orf7a_stable_PIC_0805_B	Homo sapiens	whole cell lysate	HEK293 cells	31	PXD033452_FB-orf7a_stable_PIC_0805_B_assay	proteomic profiling by mass spectrometry	data-dependent acquisition	NT=label free sample;AC=MS:1002038	1	1	not available	NT=Trypsin;AC=MS:1001251	NT=Carbamidomethyl;AC=UNIMOD:4;TA=C;MT=Fixed	NT=Oxidation;AC=UNIMOD:21;TA=M;MT=Variable	not available	not available	not available	not available	not available	not available	not available	not available	FB-orf7a_stable_PIC_0805_B.raw	NT=ms-proteomics;VV=v1.1.0	NT=crosslinking;VV=v1.0.0	NT=human;VV=v1.1.0
PXD033452_control_FB-only-transient-B	Homo sapiens	whole cell lysate	HEK293 cells	32	PXD033452_control_FB-only-transient-B_assay	proteomic profiling by mass spectrometry	data-dependent acquisition	NT=label free sample;AC=MS:1002038	1	1	not available	NT=Trypsin;AC=MS:1001251	NT=Carbamidomethyl;AC=UNIMOD:4;TA=C;MT=Fixed	NT=Oxidation;AC=UNIMOD:21;TA=M;MT=Variable	not available	not available	not available	not available	not available	not available	not available	not available	control_FB-only-transient-B.raw	NT=ms-proteomics;VV=v1.1.0	NT=crosslinking;VV=v1.0.0	NT=human;VV=v1.1.0
PXD033452_control_FB_only_stable_2904_M	Homo sapiens	whole cell lysate	HEK293 cells	33	PXD033452_control_FB_only_stable_2904_M_assay	proteomic profiling by mass spectrometry	data-dependent acquisition	NT=label free sample;AC=MS:1002038	1	1	not available	NT=Trypsin;AC=MS:1001251	NT=Carbamidomethyl;AC=UNIMOD:4;TA=C;MT=Fixed	NT=Oxidation;AC=UNIMOD:21;TA=M;MT=Variable	not available	not available	not available	not available	not available	not available	not available	not available	control_FB_only_stable_2904_M.raw	NT=ms-proteomics;VV=v1.1.0	NT=crosslinking;VV=v1.0.0	NT=human;VV=v1.1.0
PXD033452_orf3a-BF_stable_A	Homo sapiens	whole cell lysate	HEK293 cells	34	PXD033452_orf3a-BF_stable_A_assay	proteomic profiling by mass spectrometry	data-dependent acquisition	NT=label free sample;AC=MS:1002038	1	1	not available	NT=Trypsin;AC=MS:1001251	NT=Carbamidomethyl;AC=UNIMOD:4;TA=C;MT=Fixed	NT=Oxidation;AC=UNIMOD:21;TA=M;MT=Variable	not available	not available	not available	not available	not available	not available	not available	not available	orf3a-BF_stable_A.raw	NT=ms-proteomics;VV=v1.1.0	NT=crosslinking;VV=v1.0.0	NT=human;VV=v1.1.0
PXD033452_NSP16-BF_stable_2506_A	Homo sapiens	whole cell lysate	HEK293 cells	35	PXD033452_NSP16-BF_stable_2506_A_assay	proteomic profiling by mass spectrometry	data-dependent acquisition	NT=label free sample;AC=MS:1002038	1	1	not available	NT=Trypsin;AC=MS:1001251	NT=Carbamidomethyl;AC=UNIMOD:4;TA=C;MT=Fixed	NT=Oxidation;AC=UNIMOD:21;TA=M;MT=Variable	not available	not available	not available	not available	not available	not available	not available	not available	NSP16-BF_stable_2506_A.raw	NT=ms-proteomics;VV=v1.1.0	NT=crosslinking;VV=v1.0.0	NT=human;VV=v1.1.0
PXD033452_FB-NSP3_stable_PIC_2506_B	Homo sapiens	whole cell lysate	HEK293 cells	36	PXD033452_FB-NSP3_stable_PIC_2506_B_assay	proteomic profiling by mass spectrometry	data-dependent acquisition	NT=label free sample;AC=MS:1002038	1	1	not available	NT=Trypsin;AC=MS:1001251	NT=Carbamidomethyl;AC=UNIMOD:4;TA=C;MT=Fixed	NT=Oxidation;AC=UNIMOD:21;TA=M;MT=Variable	not available	not available	not available	not available	not available	not available	not available	not available	FB-NSP3_stable_PIC_2506_B.raw	NT=ms-proteomics;VV=v1.1.0	NT=crosslinking;VV=v1.0.0	NT=human;VV=v1.1.0
PXD033452_FB-NSP7_stable_1906_A	Homo sapiens	whole cell lysate	HEK293 cells	37	PXD033452_FB-NSP7_stable_1906_A_assay	proteomic profiling by mass spectrometry	data-dependent acquisition	NT=label free sample;AC=MS:1002038	1	1	not available	NT=Trypsin;AC=MS:1001251	NT=Carbamidomethyl;AC=UNIMOD:4;TA=C;MT=Fixed	NT=Oxidation;AC=UNIMOD:21;TA=M;MT=Variable	not available	not available	not available	not available	not available	not available	not available	not available	FB-NSP7_stable_1906_A.raw	NT=ms-proteomics;VV=v1.1.0	NT=crosslinking;VV=v1.0.0	NT=human;VV=v1.1.0
PXD033452_FB-orf8_stable_PIC_1306_B	Homo sapiens	whole cell lysate	HEK293 cells	38	PXD033452_FB-orf8_stable_PIC_1306_B_assay	proteomic profiling by mass spectrometry	data-dependent acquisition	NT=label free sample;AC=MS:1002038	1	1	not available	NT=Trypsin;AC=MS:1001251	NT=Carbamidomethyl;AC=UNIMOD:4;TA=C;MT=Fixed	NT=Oxidation;AC=UNIMOD:21;TA=M;MT=Variable	not available	not available	not available	not available	not available	not available	not available	not available	FB-orf8_stable_PIC_1306_B.raw	NT=ms-proteomics;VV=v1.1.0	NT=crosslinking;VV=v1.0.0	NT=human;VV=v1.1.0
PXD033452_NSP13-BF_stable_0406_A	Homo sapiens	whole cell lysate	HEK293 cells	39	PXD033452_NSP13-BF_stable_0406_A_assay	proteomic profiling by mass spectrometry	data-dependent acquisition	NT=label free sample;AC=MS:1002038	1	1	not available	NT=Trypsin;AC=MS:1001251	NT=Carbamidomethyl;AC=UNIMOD:4;TA=C;MT=Fixed	NT=Oxidation;AC=UNIMOD:21;TA=M;MT=Variable	not available	not available	not available	not available	not available	not available	not available	not available	NSP13-BF_stable_0406_A.raw	NT=ms-proteomics;VV=v1.1.0	NT=crosslinking;VV=v1.0.0	NT=human;VV=v1.1.0
PXD033452_FB-orf7b_stable_2404_B	Homo sapiens	whole cell lysate	HEK293 cells	40	PXD033452_FB-orf7b_stable_2404_B_assay	proteomic profiling by mass spectrometry	data-dependent acquisition	NT=label free sample;AC=MS:1002038	1	1	not available	NT=Trypsin;AC=MS:1001251	NT=Carbamidomethyl;AC=UNIMOD:4;TA=C;MT=Fixed	NT=Oxidation;AC=UNIMOD:21;TA=M;MT=Variable	not available	not available	not available	not available	not available	not available	not available	not available	FB-orf7b_stable_2404_B.raw	NT=ms-proteomics;VV=v1.1.0	NT=crosslinking;VV=v1.0.0	NT=human;VV=v1.1.0
PXD033452_control_FB_only_stable_2404_N	Homo sapiens	whole cell lysate	HEK293 cells	41	PXD033452_control_FB_only_stable_2404_N_assay	proteomic profiling by mass spectrometry	data-dependent acquisition	NT=label free sample;AC=MS:1002038	1	1	not available	NT=Trypsin;AC=MS:1001251	NT=Carbamidomethyl;AC=UNIMOD:4;TA=C;MT=Fixed	NT=Oxidation;AC=UNIMOD:21;TA=M;MT=Variable	not available	not available	not available	not available	not available	not available	not available	not available	control_FB_only_stable_2404_N.raw	NT=ms-proteomics;VV=v1.1.0	NT=crosslinking;VV=v1.0.0	NT=human;VV=v1.1.0
PXD033452_FB-orf8_stable_0305_C	Homo sapiens	whole cell lysate	HEK293 cells	42	PXD033452_FB-orf8_stable_0305_C_assay	proteomic profiling by mass spectrometry	data-dependent acquisition	NT=label free sample;AC=MS:1002038	1	1	not available	NT=Trypsin;AC=MS:1001251	NT=Carbamidomethyl;AC=UNIMOD:4;TA=C;MT=Fixed	NT=Oxidation;AC=UNIMOD:21;TA=M;MT=Variable	not available	not available	not available	not available	not available	not available	not available	not available	FB-orf8_stable_0305_C.raw	NT=ms-proteomics;VV=v1.1.0	NT=crosslinking;VV=v1.0.0	NT=human;VV=v1.1.0
PXD033452_FB-orf8_stable_PIC_1306_A	Homo sapiens	whole cell lysate	HEK293 cells	43	PXD033452_FB-orf8_stable_PIC_1306_A_assay	proteomic profiling by mass spectrometry	data-dependent acquisition	NT=label free sample;AC=MS:1002038	1	1	not available	NT=Trypsin;AC=MS:1001251	NT=Carbamidomethyl;AC=UNIMOD:4;TA=C;MT=Fixed	NT=Oxidation;AC=UNIMOD:21;TA=M;MT=Variable	not available	not available	not available	not available	not available	not available	not available	not available	FB-orf8_stable_PIC_1306_A.raw	NT=ms-proteomics;VV=v1.1.0	NT=crosslinking;VV=v1.0.0	NT=human;VV=v1.1.0
PXD033452_orf9b-BF_stable_0406_B	Homo sapiens	whole cell lysate	HEK293 cells	44	PXD033452_orf9b-BF_stable_0406_B_assay	proteomic profiling by mass spectrometry	data-dependent acquisition	NT=label free sample;AC=MS:1002038	1	1	not available	NT=Trypsin;AC=MS:1001251	NT=Carbamidomethyl;AC=UNIMOD:4;TA=C;MT=Fixed	NT=Oxidation;AC=UNIMOD:21;TA=M;MT=Variable	not available	not available	not available	not available	not available	not available	not available	not available	orf9b-BF_stable_0406_B.raw	NT=ms-proteomics;VV=v1.1.0	NT=crosslinking;VV=v1.0.0	NT=human;VV=v1.1.0
PXD033452_FB-E_stable_2904_C	Homo sapiens	whole cell lysate	HEK293 cells	45	PXD033452_FB-E_stable_2904_C_assay	proteomic profiling by mass spectrometry	data-dependent acquisition	NT=label free sample;AC=MS:1002038	1	1	not available	NT=Trypsin;AC=MS:1001251	NT=Carbamidomethyl;AC=UNIMOD:4;TA=C;MT=Fixed	NT=Oxidation;AC=UNIMOD:21;TA=M;MT=Variable	not available	not available	not available	not available	not available	not available	not available	not available	FB-E_stable_2904_C.raw	NT=ms-proteomics;VV=v1.1.0	NT=crosslinking;VV=v1.0.0	NT=human;VV=v1.1.0
PXD033452_orf7b-BF_stable_0307_A	Homo sapiens	whole cell lysate	HEK293 cells	46	PXD033452_orf7b-BF_stable_0307_A_assay	proteomic profiling by mass spectrometry	data-dependent acquisition	NT=label free sample;AC=MS:1002038	1	1	not available	NT=Trypsin;AC=MS:1001251	NT=Carbamidomethyl;AC=UNIMOD:4;TA=C;MT=Fixed	NT=Oxidation;AC=UNIMOD:21;TA=M;MT=Variable	not available	not available	not available	not available	not available	not available	not available	not available	orf7b-BF_stable_0307_A.raw	NT=ms-proteomics;VV=v1.1.0	NT=crosslinking;VV=v1.0.0	NT=human;VV=v1.1.0
PXD033452_control_FB_only_PIC_1306_B	Homo sapiens	whole cell lysate	HEK293 cells	47	PXD033452_control_FB_only_PIC_1306_B_assay	proteomic profiling by mass spectrometry	data-dependent acquisition	NT=label free sample;AC=MS:1002038	1	1	not available	NT=Trypsin;AC=MS:1001251	NT=Carbamidomethyl;AC=UNIMOD:4;TA=C;MT=Fixed	NT=Oxidation;AC=UNIMOD:21;TA=M;MT=Variable	not available	not available	not available	not available	not available	not available	not available	not available	control_FB_only_PIC_1306_B.raw	NT=ms-proteomics;VV=v1.1.0	NT=crosslinking;VV=v1.0.0	NT=human;VV=v1.1.0
PXD033452_orf8-BF_stable_0406_B	Homo sapiens	whole cell lysate	HEK293 cells	48	PXD033452_orf8-BF_stable_0406_B_assay	proteomic profiling by mass spectrometry	data-dependent acquisition	NT=label free sample;AC=MS:1002038	1	1	not available	NT=Trypsin;AC=MS:1001251	NT=Carbamidomethyl;AC=UNIMOD:4;TA=C;MT=Fixed	NT=Oxidation;AC=UNIMOD:21;TA=M;MT=Variable	not available	not available	not available	not available	not available	not available	not available	not available	orf8-BF_stable_0406_B.raw	NT=ms-proteomics;VV=v1.1.0	NT=crosslinking;VV=v1.0.0	NT=human;VV=v1.1.0
PXD033452_NSP10-BF_stable_0607_B	Homo sapiens	whole cell lysate	HEK293 cells	49	PXD033452_NSP10-BF_stable_0607_B_assay	proteomic profiling by mass spectrometry	data-dependent acquisition	NT=label free sample;AC=MS:1002038	1	1	not available	NT=Trypsin;AC=MS:1001251	NT=Carbamidomethyl;AC=UNIMOD:4;TA=C;MT=Fixed	NT=Oxidation;AC=UNIMOD:21;TA=M;MT=Variable	not available	not available	not available	not available	not available	not available	not available	not available	NSP10-BF_stable_0607_B.raw	NT=ms-proteomics;VV=v1.1.0	NT=crosslinking;VV=v1.0.0	NT=human;VV=v1.1.0
PXD033452_FB-NSP16_stable_0805_C	Homo sapiens	whole cell lysate	HEK293 cells	50	PXD033452_FB-NSP16_stable_0805_C_assay	proteomic profiling by mass spectrometry	data-dependent acquisition	NT=label free sample;AC=MS:1002038	1	1	not available	NT=Trypsin;AC=MS:1001251	NT=Carbamidomethyl;AC=UNIMOD:4;TA=C;MT=Fixed	NT=Oxidation;AC=UNIMOD:21;TA=M;MT=Variable	not available	not available	not available	not available	not available	not available	not available	not available	FB-NSP16_stable_0805_C.raw	NT=ms-proteomics;VV=v1.1.0	NT=crosslinking;VV=v1.0.0	NT=human;VV=v1.1.0
PXD033452_FB-NSP8_stable_PIC_2906_A	Homo sapiens	whole cell lysate	HEK293 cells	51	PXD033452_FB-NSP8_stable_PIC_2906_A_assay	proteomic profiling by mass spectrometry	data-dependent acquisition	NT=label free sample;AC=MS:1002038	1	1	not available	NT=Trypsin;AC=MS:1001251	NT=Carbamidomethyl;AC=UNIMOD:4;TA=C;MT=Fixed	NT=Oxidation;AC=UNIMOD:21;TA=M;MT=Variable	not available	not available	not available	not available	not available	not available	not available	not available	FB-NSP8_stable_PIC_2906_A.raw	NT=ms-proteomics;VV=v1.1.0	NT=crosslinking;VV=v1.0.0	NT=human;VV=v1.1.0
PXD033452_FB-N_stable_PIC_1106_A	Homo sapiens	whole cell lysate	HEK293 cells	52	PXD033452_FB-N_stable_PIC_1106_A_assay	proteomic profiling by mass spectrometry	data-dependent acquisition	NT=label free sample;AC=MS:1002038	1	1	not available	NT=Trypsin;AC=MS:1001251	NT=Carbamidomethyl;AC=UNIMOD:4;TA=C;MT=Fixed	NT=Oxidation;AC=UNIMOD:21;TA=M;MT=Variable	not available	not available	not available	not available	not available	not available	not available	not available	FB-N_stable_PIC_1106_A.raw	NT=ms-proteomics;VV=v1.1.0	NT=crosslinking;VV=v1.0.0	NT=human;VV=v1.1.0
PXD033452_FB-orf9b_stable_0305_C	Homo sapiens	whole cell lysate	HEK293 cells	53	PXD033452_FB-orf9b_stable_0305_C_assay	proteomic profiling by mass spectrometry	data-dependent acquisition	NT=label free sample;AC=MS:1002038	1	1	not available	NT=Trypsin;AC=MS:1001251	NT=Carbamidomethyl;AC=UNIMOD:4;TA=C;MT=Fixed	NT=Oxidation;AC=UNIMOD:21;TA=M;MT=Variable	not available	not available	not available	not available	not available	not available	not available	not available	FB-orf9b_stable_0305_C.raw	NT=ms-proteomics;VV=v1.1.0	NT=crosslinking;VV=v1.0.0	NT=human;VV=v1.1.0
PXD033452_FB-orf9c_stable_PIC_0307_C	Homo sapiens	whole cell lysate	HEK293 cells	54	PXD033452_FB-orf9c_stable_PIC_0307_C_assay	proteomic profiling by mass spectrometry	data-dependent acquisition	NT=label free sample;AC=MS:1002038	1	1	not available	NT=Trypsin;AC=MS:1001251	NT=Carbamidomethyl;AC=UNIMOD:4;TA=C;MT=Fixed	NT=Oxidation;AC=UNIMOD:21;TA=M;MT=Variable	not available	not available	not available	not available	not available	not available	not available	not available	FB-orf9c_stable_PIC_0307_C.raw	NT=ms-proteomics;VV=v1.1.0	NT=crosslinking;VV=v1.0.0	NT=human;VV=v1.1.0
PXD033452_NSP3-BF_stable_0307_B	Homo sapiens	whole cell lysate	HEK293 cells	55	PXD033452_NSP3-BF_stable_0307_B_assay	proteomic profiling by mass spectrometry	data-dependent acquisition	NT=label free sample;AC=MS:1002038	1	1	not available	NT=Trypsin;AC=MS:1001251	NT=Carbamidomethyl;AC=UNIMOD:4;TA=C;MT=Fixed	NT=Oxidation;AC=UNIMOD:21;TA=M;MT=Variable	not available	not available	not available	not available	not available	not available	not available	not available	NSP3-BF_stable_0307_B.raw	NT=ms-proteomics;VV=v1.1.0	NT=crosslinking;VV=v1.0.0	NT=human;VV=v1.1.0
PXD033452_FB-orf7b_stable_PIC_1106_A	Homo sapiens	whole cell lysate	HEK293 cells	56	PXD033452_FB-orf7b_stable_PIC_1106_A_assay	proteomic profiling by mass spectrometry	data-dependent acquisition	NT=label free sample;AC=MS:1002038	1	1	not available	NT=Trypsin;AC=MS:1001251	NT=Carbamidomethyl;AC=UNIMOD:4;TA=C;MT=Fixed	NT=Oxidation;AC=UNIMOD:21;TA=M;MT=Variable	not available	not available	not available	not available	not available	not available	not available	not available	FB-orf7b_stable_PIC_1106_A.raw	NT=ms-proteomics;VV=v1.1.0	NT=crosslinking;VV=v1.0.0	NT=human;VV=v1.1.0
PXD033452_FB-orf7a_stable_PIC_0805_C	Homo sapiens	whole cell lysate	HEK293 cells	57	PXD033452_FB-orf7a_stable_PIC_0805_C_assay	proteomic profiling by mass spectrometry	data-dependent acquisition	NT=label free sample;AC=MS:1002038	1	1	not available	NT=Trypsin;AC=MS:1001251	NT=Carbamidomethyl;AC=UNIMOD:4;TA=C;MT=Fixed	NT=Oxidation;AC=UNIMOD:21;TA=M;MT=Variable	not available	not available	not available	not available	not available	not available	not available	not available	FB-orf7a_stable_PIC_0805_C.raw	NT=ms-proteomics;VV=v1.1.0	NT=crosslinking;VV=v1.0.0	NT=human;VV=v1.1.0
PXD033452_control_FB_only_stable_2404_B	Homo sapiens	whole cell lysate	HEK293 cells	58	PXD033452_control_FB_only_stable_2404_B_assay	proteomic profiling by mass spectrometry	data-dependent acquisition	NT=label free sample;AC=MS:1002038	1	1	not available	NT=Trypsin;AC=MS:1001251	NT=Carbamidomethyl;AC=UNIMOD:4;TA=C;MT=Fixed	NT=Oxidation;AC=UNIMOD:21;TA=M;MT=Variable	not available	not available	not available	not available	not available	not available	not available	not available	control_FB_only_stable_2404_B.raw	NT=ms-proteomics;VV=v1.1.0	NT=crosslinking;VV=v1.0.0	NT=human;VV=v1.1.0
PXD033452_FB-NSP14_stable_PIC_2306_B	Homo sapiens	whole cell lysate	HEK293 cells	59	PXD033452_FB-NSP14_stable_PIC_2306_B_assay	proteomic profiling by mass spectrometry	data-dependent acquisition	NT=label free sample;AC=MS:1002038	1	1	not available	NT=Trypsin;AC=MS:1001251	NT=Carbamidomethyl;AC=UNIMOD:4;TA=C;MT=Fixed	NT=Oxidation;AC=UNIMOD:21;TA=M;MT=Variable	not available	not available	not available	not available	not available	not available	not available	not available	FB-NSP14_stable_PIC_2306_B.raw	NT=ms-proteomics;VV=v1.1.0	NT=crosslinking;VV=v1.0.0	NT=human;VV=v1.1.0
PXD033452_FB-orf9b_stable_PIC_2205_B	Homo sapiens	whole cell lysate	HEK293 cells	60	PXD033452_FB-orf9b_stable_PIC_2205_B_assay	proteomic profiling by mass spectrometry	data-dependent acquisition	NT=label free sample;AC=MS:1002038	1	1	not available	NT=Trypsin;AC=MS:1001251	NT=Carbamidomethyl;AC=UNIMOD:4;TA=C;MT=Fixed	NT=Oxidation;AC=UNIMOD:21;TA=M;MT=Variable	not available	not available	not available	not available	not available	not available	not available	not available	FB-orf9b_stable_PIC_2205_B.raw	NT=ms-proteomics;VV=v1.1.0	NT=crosslinking;VV=v1.0.0	NT=human;VV=v1.1.0
PXD033452_FB-NSP9_stable_PIC_1106_A	Homo sapiens	whole cell lysate	HEK293 cells	61	PXD033452_FB-NSP9_stable_PIC_1106_A_assay	proteomic profiling by mass spectrometry	data-dependent acquisition	NT=label free sample;AC=MS:1002038	1	1	not available	NT=Trypsin;AC=MS:1001251	NT=Carbamidomethyl;AC=UNIMOD:4;TA=C;MT=Fixed	NT=Oxidation;AC=UNIMOD:21;TA=M;MT=Variable	not available	not available	not available	not available	not available	not available	not available	not available	FB-NSP9_stable_PIC_1106_A.raw	NT=ms-proteomics;VV=v1.1.0	NT=crosslinking;VV=v1.0.0	NT=human;VV=v1.1.0
PXD033452_control_FB_only_transient_1004_A	Homo sapiens	whole cell lysate	HEK293 cells	62	PXD033452_control_FB_only_transient_1004_A_assay	proteomic profiling by mass spectrometry	data-dependent acquisition	NT=label free sample;AC=MS:1002038	1	1	not available	NT=Trypsin;AC=MS:1001251	NT=Carbamidomethyl;AC=UNIMOD:4;TA=C;MT=Fixed	NT=Oxidation;AC=UNIMOD:21;TA=M;MT=Variable	not available	not available	not available	not available	not available	not available	not available	not available	control_FB_only_transient_1004_A.raw	NT=ms-proteomics;VV=v1.1.0	NT=crosslinking;VV=v1.0.0	NT=human;VV=v1.1.0
PXD033452_FB-NSP16_stable_PIC_2906_C	Homo sapiens	whole cell lysate	HEK293 cells	63	PXD033452_FB-NSP16_stable_PIC_2906_C_assay	proteomic profiling by mass spectrometry	data-dependent acquisition	NT=label free sample;AC=MS:1002038	1	1	not available	NT=Trypsin;AC=MS:1001251	NT=Carbamidomethyl;AC=UNIMOD:4;TA=C;MT=Fixed	NT=Oxidation;AC=UNIMOD:21;TA=M;MT=Variable	not available	not available	not available	not available	not available	not available	not available	not available	FB-NSP16_stable_PIC_2906_C.raw	NT=ms-proteomics;VV=v1.1.0	NT=crosslinking;VV=v1.0.0	NT=human;VV=v1.1.0
PXD033452_FB-NSP6_stable_PIC_2906_C	Homo sapiens	whole cell lysate	HEK293 cells	64	PXD033452_FB-NSP6_stable_PIC_2906_C_assay	proteomic profiling by mass spectrometry	data-dependent acquisition	NT=label free sample;AC=MS:1002038	1	1	not available	NT=Trypsin;AC=MS:1001251	NT=Carbamidomethyl;AC=UNIMOD:4;TA=C;MT=Fixed	NT=Oxidation;AC=UNIMOD:21;TA=M;MT=Variable	not available	not available	not available	not available	not available	not available	not available	not available	FB-NSP6_stable_PIC_2906_C.raw	NT=ms-proteomics;VV=v1.1.0	NT=crosslinking;VV=v1.0.0	NT=human;VV=v1.1.0
PXD033452_FB-orf3d_stable_PIC_2506_A	Homo sapiens	whole cell lysate	HEK293 cells	65	PXD033452_FB-orf3d_stable_PIC_2506_A_assay	proteomic profiling by mass spectrometry	data-dependent acquisition	NT=label free sample;AC=MS:1002038	1	1	not available	NT=Trypsin;AC=MS:1001251	NT=Carbamidomethyl;AC=UNIMOD:4;TA=C;MT=Fixed	NT=Oxidation;AC=UNIMOD:21;TA=M;MT=Variable	not available	not available	not available	not available	not available	not available	not available	not available	FB-orf3d_stable_PIC_2506_A.raw	NT=ms-proteomics;VV=v1.1.0	NT=crosslinking;VV=v1.0.0	NT=human;VV=v1.1.0
PXD033452_FB-M_stable_PIC_1306_B	Homo sapiens	whole cell lysate	HEK293 cells	66	PXD033452_FB-M_stable_PIC_1306_B_assay	proteomic profiling by mass spectrometry	data-dependent acquisition	NT=label free sample;AC=MS:1002038	1	1	not available	NT=Trypsin;AC=MS:1001251	NT=Carbamidomethyl;AC=UNIMOD:4;TA=C;MT=Fixed	NT=Oxidation;AC=UNIMOD:21;TA=M;MT=Variable	not available	not available	not available	not available	not available	not available	not available	not available	FB-M_stable_PIC_1306_B.raw	NT=ms-proteomics;VV=v1.1.0	NT=crosslinking;VV=v1.0.0	NT=human;VV=v1.1.0
PXD033452_FB-NSP2_stable_PIC_1306_C	Homo sapiens	whole cell lysate	HEK293 cells	67	PXD033452_FB-NSP2_stable_PIC_1306_C_assay	proteomic profiling by mass spectrometry	data-dependent acquisition	NT=label free sample;AC=MS:1002038	1	1	not available	NT=Trypsin;AC=MS:1001251	NT=Carbamidomethyl;AC=UNIMOD:4;TA=C;MT=Fixed	NT=Oxidation;AC=UNIMOD:21;TA=M;MT=Variable	not available	not available	not available	not available	not available	not available	not available	not available	FB-NSP2_stable_PIC_1306_C.raw	NT=ms-proteomics;VV=v1.1.0	NT=crosslinking;VV=v1.0.0	NT=human;VV=v1.1.0
PXD033452_FB-orf9c_stable_PIC_0307_A	Homo sapiens	whole cell lysate	HEK293 cells	68	PXD033452_FB-orf9c_stable_PIC_0307_A_assay	proteomic profiling by mass spectrometry	data-dependent acquisition	NT=label free sample;AC=MS:1002038	1	1	not available	NT=Trypsin;AC=MS:1001251	NT=Carbamidomethyl;AC=UNIMOD:4;TA=C;MT=Fixed	NT=Oxidation;AC=UNIMOD:21;TA=M;MT=Variable	not available	not available	not available	not available	not available	not available	not available	not available	FB-orf9c_stable_PIC_0307_A.raw	NT=ms-proteomics;VV=v1.1.0	NT=crosslinking;VV=v1.0.0	NT=human;VV=v1.1.0
PXD033452_FB-NSP4_stable_0305_A	Homo sapiens	whole cell lysate	HEK293 cells	69	PXD033452_FB-NSP4_stable_0305_A_assay	proteomic profiling by mass spectrometry	data-dependent acquisition	NT=label free sample;AC=MS:1002038	1	1	not available	NT=Trypsin;AC=MS:1001251	NT=Carbamidomethyl;AC=UNIMOD:4;TA=C;MT=Fixed	NT=Oxidation;AC=UNIMOD:21;TA=M;MT=Variable	not available	not available	not available	not available	not available	not available	not available	not available	FB-NSP4_stable_0305_A.raw	NT=ms-proteomics;VV=v1.1.0	NT=crosslinking;VV=v1.0.0	NT=human;VV=v1.1.0
PXD033452_control_FB_only_stable_PIC_2506_C	Homo sapiens	whole cell lysate	HEK293 cells	70	PXD033452_control_FB_only_stable_PIC_2506_C_assay	proteomic profiling by mass spectrometry	data-dependent acquisition	NT=label free sample;AC=MS:1002038	1	1	not available	NT=Trypsin;AC=MS:1001251	NT=Carbamidomethyl;AC=UNIMOD:4;TA=C;MT=Fixed	NT=Oxidation;AC=UNIMOD:21;TA=M;MT=Variable	not available	not available	not available	not available	not available	not available	not available	not available	control_FB_only_stable_PIC_2506_C.raw	NT=ms-proteomics;VV=v1.1.0	NT=crosslinking;VV=v1.0.0	NT=human;VV=v1.1.0
PXD033452_NSP12-BF_stable_2506_B	Homo sapiens	whole cell lysate	HEK293 cells	71	PXD033452_NSP12-BF_stable_2506_B_assay	proteomic profiling by mass spectrometry	data-dependent acquisition	NT=label free sample;AC=MS:1002038	1	1	not available	NT=Trypsin;AC=MS:1001251	NT=Carbamidomethyl;AC=UNIMOD:4;TA=C;MT=Fixed	NT=Oxidation;AC=UNIMOD:21;TA=M;MT=Variable	not available	not available	not available	not available	not available	not available	not available	not available	NSP12-BF_stable_2506_B.raw	NT=ms-proteomics;VV=v1.1.0	NT=crosslinking;VV=v1.0.0	NT=human;VV=v1.1.0
PXD033452_FB-M_stable_2904_A	Homo sapiens	whole cell lysate	HEK293 cells	72	PXD033452_FB-M_stable_2904_A_assay	proteomic profiling by mass spectrometry	data-dependent acquisition	NT=label free sample;AC=MS:1002038	1	1	not available	NT=Trypsin;AC=MS:1001251	NT=Carbamidomethyl;AC=UNIMOD:4;TA=C;MT=Fixed	NT=Oxidation;AC=UNIMOD:21;TA=M;MT=Variable	not available	not available	not available	not available	not available	not available	not available	not available	FB-M_stable_2904_A.raw	NT=ms-proteomics;VV=v1.1.0	NT=crosslinking;VV=v1.0.0	NT=human;VV=v1.1.0
PXD033452_FB-Orf3d_stable_0305_B	Homo sapiens	whole cell lysate	HEK293 cells	73	PXD033452_FB-Orf3d_stable_0305_B_assay	proteomic profiling by mass spectrometry	data-dependent acquisition	NT=label free sample;AC=MS:1002038	1	1	not available	NT=Trypsin;AC=MS:1001251	NT=Carbamidomethyl;AC=UNIMOD:4;TA=C;MT=Fixed	NT=Oxidation;AC=UNIMOD:21;TA=M;MT=Variable	not available	not available	not available	not available	not available	not available	not available	not available	FB-Orf3d_stable_0305_B.raw	NT=ms-proteomics;VV=v1.1.0	NT=crosslinking;VV=v1.0.0	NT=human;VV=v1.1.0
PXD033452_N-BF_stable_0805_A	Homo sapiens	whole cell lysate	HEK293 cells	74	PXD033452_N-BF_stable_0805_A_assay	proteomic profiling by mass spectrometry	data-dependent acquisition	NT=label free sample;AC=MS:1002038	1	1	not available	NT=Trypsin;AC=MS:1001251	NT=Carbamidomethyl;AC=UNIMOD:4;TA=C;MT=Fixed	NT=Oxidation;AC=UNIMOD:21;TA=M;MT=Variable	not available	not available	not available	not available	not available	not available	not available	not available	N-BF_stable_0805_A.raw	NT=ms-proteomics;VV=v1.1.0	NT=crosslinking;VV=v1.0.0	NT=human;VV=v1.1.0
PXD033452_FB-NSP4_stable_PIC_1306_C	Homo sapiens	whole cell lysate	HEK293 cells	75	PXD033452_FB-NSP4_stable_PIC_1306_C_assay	proteomic profiling by mass spectrometry	data-dependent acquisition	NT=label free sample;AC=MS:1002038	1	1	not available	NT=Trypsin;AC=MS:1001251	NT=Carbamidomethyl;AC=UNIMOD:4;TA=C;MT=Fixed	NT=Oxidation;AC=UNIMOD:21;TA=M;MT=Variable	not available	not available	not available	not available	not available	not available	not available	not available	FB-NSP4_stable_PIC_1306_C.raw	NT=ms-proteomics;VV=v1.1.0	NT=crosslinking;VV=v1.0.0	NT=human;VV=v1.1.0
PXD033452_control_FB_only_stable_1904_A	Homo sapiens	whole cell lysate	HEK293 cells	76	PXD033452_control_FB_only_stable_1904_A_assay	proteomic profiling by mass spectrometry	data-dependent acquisition	NT=label free sample;AC=MS:1002038	1	1	not available	NT=Trypsin;AC=MS:1001251	NT=Carbamidomethyl;AC=UNIMOD:4;TA=C;MT=Fixed	NT=Oxidation;AC=UNIMOD:21;TA=M;MT=Variable	not available	not available	not available	not available	not available	not available	not available	not available	control_FB_only_stable_1904_A.raw	NT=ms-proteomics;VV=v1.1.0	NT=crosslinking;VV=v1.0.0	NT=human;VV=v1.1.0
PXD033452_control_BF_only_0607_G_20200708181009	Homo sapiens	whole cell lysate	HEK293 cells	77	PXD033452_control_BF_only_0607_G_20200708181009_assay	proteomic profiling by mass spectrometry	data-dependent acquisition	NT=label free sample;AC=MS:1002038	1	1	not available	NT=Trypsin;AC=MS:1001251	NT=Carbamidomethyl;AC=UNIMOD:4;TA=C;MT=Fixed	NT=Oxidation;AC=UNIMOD:21;TA=M;MT=Variable	not available	not available	not available	not available	not available	not available	not available	not available	control_BF_only_0607_G_20200708181009.raw	NT=ms-proteomics;VV=v1.1.0	NT=crosslinking;VV=v1.0.0	NT=human;VV=v1.1.0
PXD033452_NSP7-BF_stable_2306_C	Homo sapiens	whole cell lysate	HEK293 cells	78	PXD033452_NSP7-BF_stable_2306_C_assay	proteomic profiling by mass spectrometry	data-dependent acquisition	NT=label free sample;AC=MS:1002038	1	1	not available	NT=Trypsin;AC=MS:1001251	NT=Carbamidomethyl;AC=UNIMOD:4;TA=C;MT=Fixed	NT=Oxidation;AC=UNIMOD:21;TA=M;MT=Variable	not available	not available	not available	not available	not available	not available	not available	not available	NSP7-BF_stable_2306_C.raw	NT=ms-proteomics;VV=v1.1.0	NT=crosslinking;VV=v1.0.0	NT=human;VV=v1.1.0
PXD033452_FB-NSP6_stable_0305_B	Homo sapiens	whole cell lysate	HEK293 cells	79	PXD033452_FB-NSP6_stable_0305_B_assay	proteomic profiling by mass spectrometry	data-dependent acquisition	NT=label free sample;AC=MS:1002038	1	1	not available	NT=Trypsin;AC=MS:1001251	NT=Carbamidomethyl;AC=UNIMOD:4;TA=C;MT=Fixed	NT=Oxidation;AC=UNIMOD:21;TA=M;MT=Variable	not available	not available	not available	not available	not available	not available	not available	not available	FB-NSP6_stable_0305_B.raw	NT=ms-proteomics;VV=v1.1.0	NT=crosslinking;VV=v1.0.0	NT=human;VV=v1.1.0
PXD033452_FB-N_stable_0805_A	Homo sapiens	whole cell lysate	HEK293 cells	80	PXD033452_FB-N_stable_0805_A_assay	proteomic profiling by mass spectrometry	data-dependent acquisition	NT=label free sample;AC=MS:1002038	1	1	not available	NT=Trypsin;AC=MS:1001251	NT=Carbamidomethyl;AC=UNIMOD:4;TA=C;MT=Fixed	NT=Oxidation;AC=UNIMOD:21;TA=M;MT=Variable	not available	not available	not available	not available	not available	not available	not available	not available	FB-N_stable_0805_A.raw	NT=ms-proteomics;VV=v1.1.0	NT=crosslinking;VV=v1.0.0	NT=human;VV=v1.1.0
PXD033452_FB-NSP2_stable_PIC_1306_B	Homo sapiens	whole cell lysate	HEK293 cells	81	PXD033452_FB-NSP2_stable_PIC_1306_B_assay	proteomic profiling by mass spectrometry	data-dependent acquisition	NT=label free sample;AC=MS:1002038	1	1	not available	NT=Trypsin;AC=MS:1001251	NT=Carbamidomethyl;AC=UNIMOD:4;TA=C;MT=Fixed	NT=Oxidation;AC=UNIMOD:21;TA=M;MT=Variable	not available	not available	not available	not available	not available	not available	not available	not available	FB-NSP2_stable_PIC_1306_B.raw	NT=ms-proteomics;VV=v1.1.0	NT=crosslinking;VV=v1.0.0	NT=human;VV=v1.1.0
PXD033452_FB-NSP10_stable_1906_C	Homo sapiens	whole cell lysate	HEK293 cells	82	PXD033452_FB-NSP10_stable_1906_C_assay	proteomic profiling by mass spectrometry	data-dependent acquisition	NT=label free sample;AC=MS:1002038	1	1	not available	NT=Trypsin;AC=MS:1001251	NT=Carbamidomethyl;AC=UNIMOD:4;TA=C;MT=Fixed	NT=Oxidation;AC=UNIMOD:21;TA=M;MT=Variable	not available	not available	not available	not available	not available	not available	not available	not available	FB-NSP10_stable_1906_C.raw	NT=ms-proteomics;VV=v1.1.0	NT=crosslinking;VV=v1.0.0	NT=human;VV=v1.1.0
PXD033452_FB-orf9c_transient_0406_A	Homo sapiens	whole cell lysate	HEK293 cells	83	PXD033452_FB-orf9c_transient_0406_A_assay	proteomic profiling by mass spectrometry	data-dependent acquisition	NT=label free sample;AC=MS:1002038	1	1	not available	NT=Trypsin;AC=MS:1001251	NT=Carbamidomethyl;AC=UNIMOD:4;TA=C;MT=Fixed	NT=Oxidation;AC=UNIMOD:21;TA=M;MT=Variable	not available	not available	not available	not available	not available	not available	not available	not available	FB-orf9c_transient_0406_A.raw	NT=ms-proteomics;VV=v1.1.0	NT=crosslinking;VV=v1.0.0	NT=human;VV=v1.1.0
PXD033452_NSP1-BF_stable_C	Homo sapiens	whole cell lysate	HEK293 cells	84	PXD033452_NSP1-BF_stable_C_assay	proteomic profiling by mass spectrometry	data-dependent acquisition	NT=label free sample;AC=MS:1002038	1	1	not available	NT=Trypsin;AC=MS:1001251	NT=Carbamidomethyl;AC=UNIMOD:4;TA=C;MT=Fixed	NT=Oxidation;AC=UNIMOD:21;TA=M;MT=Variable	not available	not available	not available	not available	not available	not available	not available	not available	NSP1-BF_stable_C.raw	NT=ms-proteomics;VV=v1.1.0	NT=crosslinking;VV=v1.0.0	NT=human;VV=v1.1.0
PXD033452_NSP4-BF_stable_2306_C	Homo sapiens	whole cell lysate	HEK293 cells	85	PXD033452_NSP4-BF_stable_2306_C_assay	proteomic profiling by mass spectrometry	data-dependent acquisition	NT=label free sample;AC=MS:1002038	1	1	not available	NT=Trypsin;AC=MS:1001251	NT=Carbamidomethyl;AC=UNIMOD:4;TA=C;MT=Fixed	NT=Oxidation;AC=UNIMOD:21;TA=M;MT=Variable	not available	not available	not available	not available	not available	not available	not available	not available	NSP4-BF_stable_2306_C.raw	NT=ms-proteomics;VV=v1.1.0	NT=crosslinking;VV=v1.0.0	NT=human;VV=v1.1.0
PXD033452_orf3d-BF_stable_1805_C	Homo sapiens	whole cell lysate	HEK293 cells	86	PXD033452_orf3d-BF_stable_1805_C_assay	proteomic profiling by mass spectrometry	data-dependent acquisition	NT=label free sample;AC=MS:1002038	1	1	not available	NT=Trypsin;AC=MS:1001251	NT=Carbamidomethyl;AC=UNIMOD:4;TA=C;MT=Fixed	NT=Oxidation;AC=UNIMOD:21;TA=M;MT=Variable	not available	not available	not available	not available	not available	not available	not available	not available	orf3d-BF_stable_1805_C.raw	NT=ms-proteomics;VV=v1.1.0	NT=crosslinking;VV=v1.0.0	NT=human;VV=v1.1.0
PXD033452_FB-NSP8_stable_0805_C	Homo sapiens	whole cell lysate	HEK293 cells	87	PXD033452_FB-NSP8_stable_0805_C_assay	proteomic profiling by mass spectrometry	data-dependent acquisition	NT=label free sample;AC=MS:1002038	1	1	not available	NT=Trypsin;AC=MS:1001251	NT=Carbamidomethyl;AC=UNIMOD:4;TA=C;MT=Fixed	NT=Oxidation;AC=UNIMOD:21;TA=M;MT=Variable	not available	not available	not available	not available	not available	not available	not available	not available	FB-NSP8_stable_0805_C.raw	NT=ms-proteomics;VV=v1.1.0	NT=crosslinking;VV=v1.0.0	NT=human;VV=v1.1.0
PXD033452_FB-NSP2_stable_2804_A	Homo sapiens	whole cell lysate	HEK293 cells	88	PXD033452_FB-NSP2_stable_2804_A_assay	proteomic profiling by mass spectrometry	data-dependent acquisition	NT=label free sample;AC=MS:1002038	1	1	not available	NT=Trypsin;AC=MS:1001251	NT=Carbamidomethyl;AC=UNIMOD:4;TA=C;MT=Fixed	NT=Oxidation;AC=UNIMOD:21;TA=M;MT=Variable	not available	not available	not available	not available	not available	not available	not available	not available	FB-NSP2_stable_2804_A.raw	NT=ms-proteomics;VV=v1.1.0	NT=crosslinking;VV=v1.0.0	NT=human;VV=v1.1.0
PXD033452_orf3a-BF_stable_B	Homo sapiens	whole cell lysate	HEK293 cells	89	PXD033452_orf3a-BF_stable_B_assay	proteomic profiling by mass spectrometry	data-dependent acquisition	NT=label free sample;AC=MS:1002038	1	1	not available	NT=Trypsin;AC=MS:1001251	NT=Carbamidomethyl;AC=UNIMOD:4;TA=C;MT=Fixed	NT=Oxidation;AC=UNIMOD:21;TA=M;MT=Variable	not available	not available	not available	not available	not available	not available	not available	not available	orf3a-BF_stable_B.raw	NT=ms-proteomics;VV=v1.1.0	NT=crosslinking;VV=v1.0.0	NT=human;VV=v1.1.0
PXD033452_FB-NSP3_stable_1906_A	Homo sapiens	whole cell lysate	HEK293 cells	90	PXD033452_FB-NSP3_stable_1906_A_assay	proteomic profiling by mass spectrometry	data-dependent acquisition	NT=label free sample;AC=MS:1002038	1	1	not available	NT=Trypsin;AC=MS:1001251	NT=Carbamidomethyl;AC=UNIMOD:4;TA=C;MT=Fixed	NT=Oxidation;AC=UNIMOD:21;TA=M;MT=Variable	not available	not available	not available	not available	not available	not available	not available	not available	FB-NSP3_stable_1906_A.raw	NT=ms-proteomics;VV=v1.1.0	NT=crosslinking;VV=v1.0.0	NT=human;VV=v1.1.0
PXD033452_NSP3-BF_stable_0307_C	Homo sapiens	whole cell lysate	HEK293 cells	91	PXD033452_NSP3-BF_stable_0307_C_assay	proteomic profiling by mass spectrometry	data-dependent acquisition	NT=label free sample;AC=MS:1002038	1	1	not available	NT=Trypsin;AC=MS:1001251	NT=Carbamidomethyl;AC=UNIMOD:4;TA=C;MT=Fixed	NT=Oxidation;AC=UNIMOD:21;TA=M;MT=Variable	not available	not available	not available	not available	not available	not available	not available	not available	NSP3-BF_stable_0307_C.raw	NT=ms-proteomics;VV=v1.1.0	NT=crosslinking;VV=v1.0.0	NT=human;VV=v1.1.0
PXD033452_FB-E_stable_PIC_2506_C	Homo sapiens	whole cell lysate	HEK293 cells	92	PXD033452_FB-E_stable_PIC_2506_C_assay	proteomic profiling by mass spectrometry	data-dependent acquisition	NT=label free sample;AC=MS:1002038	1	1	not available	NT=Trypsin;AC=MS:1001251	NT=Carbamidomethyl;AC=UNIMOD:4;TA=C;MT=Fixed	NT=Oxidation;AC=UNIMOD:21;TA=M;MT=Variable	not available	not available	not available	not available	not available	not available	not available	not available	FB-E_stable_PIC_2506_C.raw	NT=ms-proteomics;VV=v1.1.0	NT=crosslinking;VV=v1.0.0	NT=human;VV=v1.1.0
PXD033452_FB-M_stable_2904_B	Homo sapiens	whole cell lysate	HEK293 cells	93	PXD033452_FB-M_stable_2904_B_assay	proteomic profiling by mass spectrometry	data-dependent acquisition	NT=label free sample;AC=MS:1002038	1	1	not available	NT=Trypsin;AC=MS:1001251	NT=Carbamidomethyl;AC=UNIMOD:4;TA=C;MT=Fixed	NT=Oxidation;AC=UNIMOD:21;TA=M;MT=Variable	not available	not available	not available	not available	not available	not available	not available	not available	FB-M_stable_2904_B.raw	NT=ms-proteomics;VV=v1.1.0	NT=crosslinking;VV=v1.0.0	NT=human;VV=v1.1.0
PXD033452_FB-orf7b_stable_PIC_1106_C	Homo sapiens	whole cell lysate	HEK293 cells	94	PXD033452_FB-orf7b_stable_PIC_1106_C_assay	proteomic profiling by mass spectrometry	data-dependent acquisition	NT=label free sample;AC=MS:1002038	1	1	not available	NT=Trypsin;AC=MS:1001251	NT=Carbamidomethyl;AC=UNIMOD:4;TA=C;MT=Fixed	NT=Oxidation;AC=UNIMOD:21;TA=M;MT=Variable	not available	not available	not available	not available	not available	not available	not available	not available	FB-orf7b_stable_PIC_1106_C.raw	NT=ms-proteomics;VV=v1.1.0	NT=crosslinking;VV=v1.0.0	NT=human;VV=v1.1.0
PXD033452_FB-orf6_stable_PIC_1306_B	Homo sapiens	whole cell lysate	HEK293 cells	95	PXD033452_FB-orf6_stable_PIC_1306_B_assay	proteomic profiling by mass spectrometry	data-dependent acquisition	NT=label free sample;AC=MS:1002038	1	1	not available	NT=Trypsin;AC=MS:1001251	NT=Carbamidomethyl;AC=UNIMOD:4;TA=C;MT=Fixed	NT=Oxidation;AC=UNIMOD:21;TA=M;MT=Variable	not available	not available	not available	not available	not available	not available	not available	not available	FB-orf6_stable_PIC_1306_B.raw	NT=ms-proteomics;VV=v1.1.0	NT=crosslinking;VV=v1.0.0	NT=human;VV=v1.1.0
PXD033452_FB-NSP12_stable_PIC_1306_A	Homo sapiens	whole cell lysate	HEK293 cells	96	PXD033452_FB-NSP12_stable_PIC_1306_A_assay	proteomic profiling by mass spectrometry	data-dependent acquisition	NT=label free sample;AC=MS:1002038	1	1	not available	NT=Trypsin;AC=MS:1001251	NT=Carbamidomethyl;AC=UNIMOD:4;TA=C;MT=Fixed	NT=Oxidation;AC=UNIMOD:21;TA=M;MT=Variable	not available	not available	not available	not available	not available	not available	not available	not available	FB-NSP12_stable_PIC_1306_A.raw	NT=ms-proteomics;VV=v1.1.0	NT=crosslinking;VV=v1.0.0	NT=human;VV=v1.1.0
PXD033452_FB-NSP5_stable_2306_C	Homo sapiens	whole cell lysate	HEK293 cells	97	PXD033452_FB-NSP5_stable_2306_C_assay	proteomic profiling by mass spectrometry	data-dependent acquisition	NT=label free sample;AC=MS:1002038	1	1	not available	NT=Trypsin;AC=MS:1001251	NT=Carbamidomethyl;AC=UNIMOD:4;TA=C;MT=Fixed	NT=Oxidation;AC=UNIMOD:21;TA=M;MT=Variable	not available	not available	not available	not available	not available	not available	not available	not available	FB-NSP5_stable_2306_C.raw	NT=ms-proteomics;VV=v1.1.0	NT=crosslinking;VV=v1.0.0	NT=human;VV=v1.1.0
PXD033452_orf9b-BF_stable_0406_C	Homo sapiens	whole cell lysate	HEK293 cells	98	PXD033452_orf9b-BF_stable_0406_C_assay	proteomic profiling by mass spectrometry	data-dependent acquisition	NT=label free sample;AC=MS:1002038	1	1	not available	NT=Trypsin;AC=MS:1001251	NT=Carbamidomethyl;AC=UNIMOD:4;TA=C;MT=Fixed	NT=Oxidation;AC=UNIMOD:21;TA=M;MT=Variable	not available	not available	not available	not available	not available	not available	not available	not available	orf9b-BF_stable_0406_C.raw	NT=ms-proteomics;VV=v1.1.0	NT=crosslinking;VV=v1.0.0	NT=human;VV=v1.1.0
PXD033452_FB-orf3a_stable_PIC_1106_C	Homo sapiens	whole cell lysate	HEK293 cells	99	PXD033452_FB-orf3a_stable_PIC_1106_C_assay	proteomic profiling by mass spectrometry	data-dependent acquisition	NT=label free sample;AC=MS:1002038	1	1	not available	NT=Trypsin;AC=MS:1001251	NT=Carbamidomethyl;AC=UNIMOD:4;TA=C;MT=Fixed	NT=Oxidation;AC=UNIMOD:21;TA=M;MT=Variable	not available	not available	not available	not available	not available	not available	not available	not available	FB-orf3a_stable_PIC_1106_C.raw	NT=ms-proteomics;VV=v1.1.0	NT=crosslinking;VV=v1.0.0	NT=human;VV=v1.1.0
PXD033452_FB-NSP5_stable_2306_A	Homo sapiens	whole cell lysate	HEK293 cells	100	PXD033452_FB-NSP5_stable_2306_A_assay	proteomic profiling by mass spectrometry	data-dependent acquisition	NT=label free sample;AC=MS:1002038	1	1	not available	NT=Trypsin;AC=MS:1001251	NT=Carbamidomethyl;AC=UNIMOD:4;TA=C;MT=Fixed	NT=Oxidation;AC=UNIMOD:21;TA=M;MT=Variable	not available	not available	not available	not available	not available	not available	not available	not available	FB-NSP5_stable_2306_A.raw	NT=ms-proteomics;VV=v1.1.0	NT=crosslinking;VV=v1.0.0	NT=human;VV=v1.1.0
PXD033452_FB-NSP1_transient_1004_B	Homo sapiens	whole cell lysate	HEK293 cells	101	PXD033452_FB-NSP1_transient_1004_B_assay	proteomic profiling by mass spectrometry	data-dependent acquisition	NT=label free sample;AC=MS:1002038	1	1	not available	NT=Trypsin;AC=MS:1001251	NT=Carbamidomethyl;AC=UNIMOD:4;TA=C;MT=Fixed	NT=Oxidation;AC=UNIMOD:21;TA=M;MT=Variable	not available	not available	not available	not available	not available	not available	not available	not available	FB-NSP1_transient_1004_B.raw	NT=ms-proteomics;VV=v1.1.0	NT=crosslinking;VV=v1.0.0	NT=human;VV=v1.1.0
PXD033452_NSP15-BF_stable_0607_A	Homo sapiens	whole cell lysate	HEK293 cells	102	PXD033452_NSP15-BF_stable_0607_A_assay	proteomic profiling by mass spectrometry	data-dependent acquisition	NT=label free sample;AC=MS:1002038	1	1	not available	NT=Trypsin;AC=MS:1001251	NT=Carbamidomethyl;AC=UNIMOD:4;TA=C;MT=Fixed	NT=Oxidation;AC=UNIMOD:21;TA=M;MT=Variable	not available	not available	not available	not available	not available	not available	not available	not available	NSP15-BF_stable_0607_A.raw	NT=ms-proteomics;VV=v1.1.0	NT=crosslinking;VV=v1.0.0	NT=human;VV=v1.1.0
PXD033452_FB-orf9b_stable_PIC_2205_A	Homo sapiens	whole cell lysate	HEK293 cells	103	PXD033452_FB-orf9b_stable_PIC_2205_A_assay	proteomic profiling by mass spectrometry	data-dependent acquisition	NT=label free sample;AC=MS:1002038	1	1	not available	NT=Trypsin;AC=MS:1001251	NT=Carbamidomethyl;AC=UNIMOD:4;TA=C;MT=Fixed	NT=Oxidation;AC=UNIMOD:21;TA=M;MT=Variable	not available	not available	not available	not available	not available	not available	not available	not available	FB-orf9b_stable_PIC_2205_A.raw	NT=ms-proteomics;VV=v1.1.0	NT=crosslinking;VV=v1.0.0	NT=human;VV=v1.1.0
PXD033452_NSP15-BF_stable_0607_B	Homo sapiens	whole cell lysate	HEK293 cells	104	PXD033452_NSP15-BF_stable_0607_B_assay	proteomic profiling by mass spectrometry	data-dependent acquisition	NT=label free sample;AC=MS:1002038	1	1	not available	NT=Trypsin;AC=MS:1001251	NT=Carbamidomethyl;AC=UNIMOD:4;TA=C;MT=Fixed	NT=Oxidation;AC=UNIMOD:21;TA=M;MT=Variable	not available	not available	not available	not available	not available	not available	not available	not available	NSP15-BF_stable_0607_B.raw	NT=ms-proteomics;VV=v1.1.0	NT=crosslinking;VV=v1.0.0	NT=human;VV=v1.1.0
PXD033452_FB-M_stable_2904_C	Homo sapiens	whole cell lysate	HEK293 cells	105	PXD033452_FB-M_stable_2904_C_assay	proteomic profiling by mass spectrometry	data-dependent acquisition	NT=label free sample;AC=MS:1002038	1	1	not available	NT=Trypsin;AC=MS:1001251	NT=Carbamidomethyl;AC=UNIMOD:4;TA=C;MT=Fixed	NT=Oxidation;AC=UNIMOD:21;TA=M;MT=Variable	not available	not available	not available	not available	not available	not available	not available	not available	FB-M_stable_2904_C.raw	NT=ms-proteomics;VV=v1.1.0	NT=crosslinking;VV=v1.0.0	NT=human;VV=v1.1.0
PXD033452_FB-orf6_stable_PIC_1306_A	Homo sapiens	whole cell lysate	HEK293 cells	106	PXD033452_FB-orf6_stable_PIC_1306_A_assay	proteomic profiling by mass spectrometry	data-dependent acquisition	NT=label free sample;AC=MS:1002038	1	1	not available	NT=Trypsin;AC=MS:1001251	NT=Carbamidomethyl;AC=UNIMOD:4;TA=C;MT=Fixed	NT=Oxidation;AC=UNIMOD:21;TA=M;MT=Variable	not available	not available	not available	not available	not available	not available	not available	not available	FB-orf6_stable_PIC_1306_A.raw	NT=ms-proteomics;VV=v1.1.0	NT=crosslinking;VV=v1.0.0	NT=human;VV=v1.1.0
PXD033452_control_FB_only_stable_1904_B	Homo sapiens	whole cell lysate	HEK293 cells	107	PXD033452_control_FB_only_stable_1904_B_assay	proteomic profiling by mass spectrometry	data-dependent acquisition	NT=label free sample;AC=MS:1002038	1	1	not available	NT=Trypsin;AC=MS:1001251	NT=Carbamidomethyl;AC=UNIMOD:4;TA=C;MT=Fixed	NT=Oxidation;AC=UNIMOD:21;TA=M;MT=Variable	not available	not available	not available	not available	not available	not available	not available	not available	control_FB_only_stable_1904_B.raw	NT=ms-proteomics;VV=v1.1.0	NT=crosslinking;VV=v1.0.0	NT=human;VV=v1.1.0
PXD033452_FB-NSP7_stable_PIC_2906_B	Homo sapiens	whole cell lysate	HEK293 cells	108	PXD033452_FB-NSP7_stable_PIC_2906_B_assay	proteomic profiling by mass spectrometry	data-dependent acquisition	NT=label free sample;AC=MS:1002038	1	1	not available	NT=Trypsin;AC=MS:1001251	NT=Carbamidomethyl;AC=UNIMOD:4;TA=C;MT=Fixed	NT=Oxidation;AC=UNIMOD:21;TA=M;MT=Variable	not available	not available	not available	not available	not available	not available	not available	not available	FB-NSP7_stable_PIC_2906_B.raw	NT=ms-proteomics;VV=v1.1.0	NT=crosslinking;VV=v1.0.0	NT=human;VV=v1.1.0
PXD033452_FB-NSP7_stable_1906_B	Homo sapiens	whole cell lysate	HEK293 cells	109	PXD033452_FB-NSP7_stable_1906_B_assay	proteomic profiling by mass spectrometry	data-dependent acquisition	NT=label free sample;AC=MS:1002038	1	1	not available	NT=Trypsin;AC=MS:1001251	NT=Carbamidomethyl;AC=UNIMOD:4;TA=C;MT=Fixed	NT=Oxidation;AC=UNIMOD:21;TA=M;MT=Variable	not available	not available	not available	not available	not available	not available	not available	not available	FB-NSP7_stable_1906_B.raw	NT=ms-proteomics;VV=v1.1.0	NT=crosslinking;VV=v1.0.0	NT=human;VV=v1.1.0
PXD033452_control_FB-only-stable-D	Homo sapiens	whole cell lysate	HEK293 cells	110	PXD033452_control_FB-only-stable-D_assay	proteomic profiling by mass spectrometry	data-dependent acquisition	NT=label free sample;AC=MS:1002038	1	1	not available	NT=Trypsin;AC=MS:1001251	NT=Carbamidomethyl;AC=UNIMOD:4;TA=C;MT=Fixed	NT=Oxidation;AC=UNIMOD:21;TA=M;MT=Variable	not available	not available	not available	not available	not available	not available	not available	not available	control_FB-only-stable-D.raw	NT=ms-proteomics;VV=v1.1.0	NT=crosslinking;VV=v1.0.0	NT=human;VV=v1.1.0
PXD033452_FB-NSP4_stable_0305_B	Homo sapiens	whole cell lysate	HEK293 cells	111	PXD033452_FB-NSP4_stable_0305_B_assay	proteomic profiling by mass spectrometry	data-dependent acquisition	NT=label free sample;AC=MS:1002038	1	1	not available	NT=Trypsin;AC=MS:1001251	NT=Carbamidomethyl;AC=UNIMOD:4;TA=C;MT=Fixed	NT=Oxidation;AC=UNIMOD:21;TA=M;MT=Variable	not available	not available	not available	not available	not available	not available	not available	not available	FB-NSP4_stable_0305_B.raw	NT=ms-proteomics;VV=v1.1.0	NT=crosslinking;VV=v1.0.0	NT=human;VV=v1.1.0
PXD033452_S-BF_stable_1906_C	Homo sapiens	whole cell lysate	HEK293 cells	112	PXD033452_S-BF_stable_1906_C_assay	proteomic profiling by mass spectrometry	data-dependent acquisition	NT=label free sample;AC=MS:1002038	1	1	not available	NT=Trypsin;AC=MS:1001251	NT=Carbamidomethyl;AC=UNIMOD:4;TA=C;MT=Fixed	NT=Oxidation;AC=UNIMOD:21;TA=M;MT=Variable	not available	not available	not available	not available	not available	not available	not available	not available	S-BF_stable_1906_C.raw	NT=ms-proteomics;VV=v1.1.0	NT=crosslinking;VV=v1.0.0	NT=human;VV=v1.1.0
PXD033452_NSP12-BF_stable_2306_A	Homo sapiens	whole cell lysate	HEK293 cells	113	PXD033452_NSP12-BF_stable_2306_A_assay	proteomic profiling by mass spectrometry	data-dependent acquisition	NT=label free sample;AC=MS:1002038	1	1	not available	NT=Trypsin;AC=MS:1001251	NT=Carbamidomethyl;AC=UNIMOD:4;TA=C;MT=Fixed	NT=Oxidation;AC=UNIMOD:21;TA=M;MT=Variable	not available	not available	not available	not available	not available	not available	not available	not available	NSP12-BF_stable_2306_A.raw	NT=ms-proteomics;VV=v1.1.0	NT=crosslinking;VV=v1.0.0	NT=human;VV=v1.1.0
PXD033452_orf8-BF_stable_0706_D	Homo sapiens	whole cell lysate	HEK293 cells	114	PXD033452_orf8-BF_stable_0706_D_assay	proteomic profiling by mass spectrometry	data-dependent acquisition	NT=label free sample;AC=MS:1002038	1	1	not available	NT=Trypsin;AC=MS:1001251	NT=Carbamidomethyl;AC=UNIMOD:4;TA=C;MT=Fixed	NT=Oxidation;AC=UNIMOD:21;TA=M;MT=Variable	not available	not available	not available	not available	not available	not available	not available	not available	orf8-BF_stable_0706_D.raw	NT=ms-proteomics;VV=v1.1.0	NT=crosslinking;VV=v1.0.0	NT=human;VV=v1.1.0
PXD033452_FB-NSP12_stable_PIC_1306_B	Homo sapiens	whole cell lysate	HEK293 cells	115	PXD033452_FB-NSP12_stable_PIC_1306_B_assay	proteomic profiling by mass spectrometry	data-dependent acquisition	NT=label free sample;AC=MS:1002038	1	1	not available	NT=Trypsin;AC=MS:1001251	NT=Carbamidomethyl;AC=UNIMOD:4;TA=C;MT=Fixed	NT=Oxidation;AC=UNIMOD:21;TA=M;MT=Variable	not available	not available	not available	not available	not available	not available	not available	not available	FB-NSP12_stable_PIC_1306_B.raw	NT=ms-proteomics;VV=v1.1.0	NT=crosslinking;VV=v1.0.0	NT=human;VV=v1.1.0
PXD033452_control_FB_only_1404_E	Homo sapiens	whole cell lysate	HEK293 cells	116	PXD033452_control_FB_only_1404_E_assay	proteomic profiling by mass spectrometry	data-dependent acquisition	NT=label free sample;AC=MS:1002038	1	1	not available	NT=Trypsin;AC=MS:1001251	NT=Carbamidomethyl;AC=UNIMOD:4;TA=C;MT=Fixed	NT=Oxidation;AC=UNIMOD:21;TA=M;MT=Variable	not available	not available	not available	not available	not available	not available	not available	not available	control_FB_only_1404_E.raw	NT=ms-proteomics;VV=v1.1.0	NT=crosslinking;VV=v1.0.0	NT=human;VV=v1.1.0
PXD033452_FB-orf8_stable_PIC_1306_C	Homo sapiens	whole cell lysate	HEK293 cells	117	PXD033452_FB-orf8_stable_PIC_1306_C_assay	proteomic profiling by mass spectrometry	data-dependent acquisition	NT=label free sample;AC=MS:1002038	1	1	not available	NT=Trypsin;AC=MS:1001251	NT=Carbamidomethyl;AC=UNIMOD:4;TA=C;MT=Fixed	NT=Oxidation;AC=UNIMOD:21;TA=M;MT=Variable	not available	not available	not available	not available	not available	not available	not available	not available	FB-orf8_stable_PIC_1306_C.raw	NT=ms-proteomics;VV=v1.1.0	NT=crosslinking;VV=v1.0.0	NT=human;VV=v1.1.0
PXD033452_FB-orf9c_transient_0406_B	Homo sapiens	whole cell lysate	HEK293 cells	118	PXD033452_FB-orf9c_transient_0406_B_assay	proteomic profiling by mass spectrometry	data-dependent acquisition	NT=label free sample;AC=MS:1002038	1	1	not available	NT=Trypsin;AC=MS:1001251	NT=Carbamidomethyl;AC=UNIMOD:4;TA=C;MT=Fixed	NT=Oxidation;AC=UNIMOD:21;TA=M;MT=Variable	not available	not available	not available	not available	not available	not available	not available	not available	FB-orf9c_transient_0406_B.raw	NT=ms-proteomics;VV=v1.1.0	NT=crosslinking;VV=v1.0.0	NT=human;VV=v1.1.0
PXD033452_NSP5-BF_stable_2306_C	Homo sapiens	whole cell lysate	HEK293 cells	119	PXD033452_NSP5-BF_stable_2306_C_assay	proteomic profiling by mass spectrometry	data-dependent acquisition	NT=label free sample;AC=MS:1002038	1	1	not available	NT=Trypsin;AC=MS:1001251	NT=Carbamidomethyl;AC=UNIMOD:4;TA=C;MT=Fixed	NT=Oxidation;AC=UNIMOD:21;TA=M;MT=Variable	not available	not available	not available	not available	not available	not available	not available	not available	NSP5-BF_stable_2306_C.raw	NT=ms-proteomics;VV=v1.1.0	NT=crosslinking;VV=v1.0.0	NT=human;VV=v1.1.0
PXD033452_FB-S_stable_PIC_2906_A	Homo sapiens	whole cell lysate	HEK293 cells	120	PXD033452_FB-S_stable_PIC_2906_A_assay	proteomic profiling by mass spectrometry	data-dependent acquisition	NT=label free sample;AC=MS:1002038	1	1	not available	NT=Trypsin;AC=MS:1001251	NT=Carbamidomethyl;AC=UNIMOD:4;TA=C;MT=Fixed	NT=Oxidation;AC=UNIMOD:21;TA=M;MT=Variable	not available	not available	not available	not available	not available	not available	not available	not available	FB-S_stable_PIC_2906_A.raw	NT=ms-proteomics;VV=v1.1.0	NT=crosslinking;VV=v1.0.0	NT=human;VV=v1.1.0
PXD033452_NSP7-BF_stable_2306_B	Homo sapiens	whole cell lysate	HEK293 cells	121	PXD033452_NSP7-BF_stable_2306_B_assay	proteomic profiling by mass spectrometry	data-dependent acquisition	NT=label free sample;AC=MS:1002038	1	1	not available	NT=Trypsin;AC=MS:1001251	NT=Carbamidomethyl;AC=UNIMOD:4;TA=C;MT=Fixed	NT=Oxidation;AC=UNIMOD:21;TA=M;MT=Variable	not available	not available	not available	not available	not available	not available	not available	not available	NSP7-BF_stable_2306_B.raw	NT=ms-proteomics;VV=v1.1.0	NT=crosslinking;VV=v1.0.0	NT=human;VV=v1.1.0
PXD033452_FB-orf9b_stable_0305_A	Homo sapiens	whole cell lysate	HEK293 cells	122	PXD033452_FB-orf9b_stable_0305_A_assay	proteomic profiling by mass spectrometry	data-dependent acquisition	NT=label free sample;AC=MS:1002038	1	1	not available	NT=Trypsin;AC=MS:1001251	NT=Carbamidomethyl;AC=UNIMOD:4;TA=C;MT=Fixed	NT=Oxidation;AC=UNIMOD:21;TA=M;MT=Variable	not available	not available	not available	not available	not available	not available	not available	not available	FB-orf9b_stable_0305_A.raw	NT=ms-proteomics;VV=v1.1.0	NT=crosslinking;VV=v1.0.0	NT=human;VV=v1.1.0
PXD033452_orf9c-BF_stable_0307_C	Homo sapiens	whole cell lysate	HEK293 cells	123	PXD033452_orf9c-BF_stable_0307_C_assay	proteomic profiling by mass spectrometry	data-dependent acquisition	NT=label free sample;AC=MS:1002038	1	1	not available	NT=Trypsin;AC=MS:1001251	NT=Carbamidomethyl;AC=UNIMOD:4;TA=C;MT=Fixed	NT=Oxidation;AC=UNIMOD:21;TA=M;MT=Variable	not available	not available	not available	not available	not available	not available	not available	not available	orf9c-BF_stable_0307_C.raw	NT=ms-proteomics;VV=v1.1.0	NT=crosslinking;VV=v1.0.0	NT=human;VV=v1.1.0
PXD033452_M-BF_stable_A	Homo sapiens	whole cell lysate	HEK293 cells	124	PXD033452_M-BF_stable_A_assay	proteomic profiling by mass spectrometry	data-dependent acquisition	NT=label free sample;AC=MS:1002038	1	1	not available	NT=Trypsin;AC=MS:1001251	NT=Carbamidomethyl;AC=UNIMOD:4;TA=C;MT=Fixed	NT=Oxidation;AC=UNIMOD:21;TA=M;MT=Variable	not available	not available	not available	not available	not available	not available	not available	not available	M-BF_stable_A.raw	NT=ms-proteomics;VV=v1.1.0	NT=crosslinking;VV=v1.0.0	NT=human;VV=v1.1.0
PXD033452_NSP10-BF_stable_0607_A	Homo sapiens	whole cell lysate	HEK293 cells	125	PXD033452_NSP10-BF_stable_0607_A_assay	proteomic profiling by mass spectrometry	data-dependent acquisition	NT=label free sample;AC=MS:1002038	1	1	not available	NT=Trypsin;AC=MS:1001251	NT=Carbamidomethyl;AC=UNIMOD:4;TA=C;MT=Fixed	NT=Oxidation;AC=UNIMOD:21;TA=M;MT=Variable	not available	not available	not available	not available	not available	not available	not available	not available	NSP10-BF_stable_0607_A.raw	NT=ms-proteomics;VV=v1.1.0	NT=crosslinking;VV=v1.0.0	NT=human;VV=v1.1.0
PXD033452_FB-NSP13_stable_0805_B	Homo sapiens	whole cell lysate	HEK293 cells	126	PXD033452_FB-NSP13_stable_0805_B_assay	proteomic profiling by mass spectrometry	data-dependent acquisition	NT=label free sample;AC=MS:1002038	1	1	not available	NT=Trypsin;AC=MS:1001251	NT=Carbamidomethyl;AC=UNIMOD:4;TA=C;MT=Fixed	NT=Oxidation;AC=UNIMOD:21;TA=M;MT=Variable	not available	not available	not available	not available	not available	not available	not available	not available	FB-NSP13_stable_0805_B.raw	NT=ms-proteomics;VV=v1.1.0	NT=crosslinking;VV=v1.0.0	NT=human;VV=v1.1.0
PXD033452_NSP3-BF_stable_0307_A	Homo sapiens	whole cell lysate	HEK293 cells	127	PXD033452_NSP3-BF_stable_0307_A_assay	proteomic profiling by mass spectrometry	data-dependent acquisition	NT=label free sample;AC=MS:1002038	1	1	not available	NT=Trypsin;AC=MS:1001251	NT=Carbamidomethyl;AC=UNIMOD:4;TA=C;MT=Fixed	NT=Oxidation;AC=UNIMOD:21;TA=M;MT=Variable	not available	not available	not available	not available	not available	not available	not available	not available	NSP3-BF_stable_0307_A.raw	NT=ms-proteomics;VV=v1.1.0	NT=crosslinking;VV=v1.0.0	NT=human;VV=v1.1.0
PXD033452_NSP5-BF_stable_2306_B	Homo sapiens	whole cell lysate	HEK293 cells	128	PXD033452_NSP5-BF_stable_2306_B_assay	proteomic profiling by mass spectrometry	data-dependent acquisition	NT=label free sample;AC=MS:1002038	1	1	not available	NT=Trypsin;AC=MS:1001251	NT=Carbamidomethyl;AC=UNIMOD:4;TA=C;MT=Fixed	NT=Oxidation;AC=UNIMOD:21;TA=M;MT=Variable	not available	not available	not available	not available	not available	not available	not available	not available	NSP5-BF_stable_2306_B.raw	NT=ms-proteomics;VV=v1.1.0	NT=crosslinking;VV=v1.0.0	NT=human;VV=v1.1.0
PXD033452_NSP9-BF_stable_0406_A	Homo sapiens	whole cell lysate	HEK293 cells	129	PXD033452_NSP9-BF_stable_0406_A_assay	proteomic profiling by mass spectrometry	data-dependent acquisition	NT=label free sample;AC=MS:1002038	1	1	not available	NT=Trypsin;AC=MS:1001251	NT=Carbamidomethyl;AC=UNIMOD:4;TA=C;MT=Fixed	NT=Oxidation;AC=UNIMOD:21;TA=M;MT=Variable	not available	not available	not available	not available	not available	not available	not available	not available	NSP9-BF_stable_0406_A.raw	NT=ms-proteomics;VV=v1.1.0	NT=crosslinking;VV=v1.0.0	NT=human;VV=v1.1.0
PXD033452_control_FB-only_transient_1004_B	Homo sapiens (human)	whole cell lysate	HEK293 cells	130	PXD033452_control_FB-only_transient_1004_B_assay	proteomic profiling by mass spectrometry	data-dependent acquisition	NT=label free sample;AC=MS:1002038	1	1	not available	NT=Trypsin;AC=MS:1001251	NT=Carbamidomethyl;AC=UNIMOD:4;TA=C;MT=Fixed	NT=Oxidation;AC=UNIMOD:21;TA=M;MT=Variable	not available	not available	not available	not available	not available	not available	not available	not available	control_FB-only_transient_1004_B.raw	NT=ms-proteomics;VV=v1.1.0	NT=crosslinking;VV=v1.0.0	NT=human;VV=v1.1.0
PXD033452_NSP2-BF_stable_1906_B	Homo sapiens	whole cell lysate	HEK293 cells	131	PXD033452_NSP2-BF_stable_1906_B_assay	proteomic profiling by mass spectrometry	data-dependent acquisition	NT=label free sample;AC=MS:1002038	1	1	not available	NT=Trypsin;AC=MS:1001251	NT=Carbamidomethyl;AC=UNIMOD:4;TA=C;MT=Fixed	NT=Oxidation;AC=UNIMOD:21;TA=M;MT=Variable	not available	not available	not available	not available	not available	not available	not available	not available	NSP2-BF_stable_1906_B.raw	NT=ms-proteomics;VV=v1.1.0	NT=crosslinking;VV=v1.0.0	NT=human;VV=v1.1.0
PXD033452_FB-NSP16_stable_0805_A	Homo sapiens	whole cell lysate	HEK293 cells	132	PXD033452_FB-NSP16_stable_0805_A_assay	proteomic profiling by mass spectrometry	data-dependent acquisition	NT=label free sample;AC=MS:1002038	1	1	not available	NT=Trypsin;AC=MS:1001251	NT=Carbamidomethyl;AC=UNIMOD:4;TA=C;MT=Fixed	NT=Oxidation;AC=UNIMOD:21;TA=M;MT=Variable	not available	not available	not available	not available	not available	not available	not available	not available	FB-NSP16_stable_0805_A.raw	NT=ms-proteomics;VV=v1.1.0	NT=crosslinking;VV=v1.0.0	NT=human;VV=v1.1.0
PXD033452_FB-NSP15_stable_PIC_2906_A	Homo sapiens	whole cell lysate	HEK293 cells	133	PXD033452_FB-NSP15_stable_PIC_2906_A_assay	proteomic profiling by mass spectrometry	data-dependent acquisition	NT=label free sample;AC=MS:1002038	1	1	not available	NT=Trypsin;AC=MS:1001251	NT=Carbamidomethyl;AC=UNIMOD:4;TA=C;MT=Fixed	NT=Oxidation;AC=UNIMOD:21;TA=M;MT=Variable	not available	not available	not available	not available	not available	not available	not available	not available	FB-NSP15_stable_PIC_2906_A.raw	NT=ms-proteomics;VV=v1.1.0	NT=crosslinking;VV=v1.0.0	NT=human;VV=v1.1.0
PXD033452_orf3d-BF_stable_1805_B	Homo sapiens	whole cell lysate	HEK293 cells	134	PXD033452_orf3d-BF_stable_1805_B_assay	proteomic profiling by mass spectrometry	data-dependent acquisition	NT=label free sample;AC=MS:1002038	1	1	not available	NT=Trypsin;AC=MS:1001251	NT=Carbamidomethyl;AC=UNIMOD:4;TA=C;MT=Fixed	NT=Oxidation;AC=UNIMOD:21;TA=M;MT=Variable	not available	not available	not available	not available	not available	not available	not available	not available	orf3d-BF_stable_1805_B.raw	NT=ms-proteomics;VV=v1.1.0	NT=crosslinking;VV=v1.0.0	NT=human;VV=v1.1.0
PXD033452_FB-orf7a_stable_2404_A	Homo sapiens	whole cell lysate	HEK293 cells	135	PXD033452_FB-orf7a_stable_2404_A_assay	proteomic profiling by mass spectrometry	data-dependent acquisition	NT=label free sample;AC=MS:1002038	1	1	not available	NT=Trypsin;AC=MS:1001251	NT=Carbamidomethyl;AC=UNIMOD:4;TA=C;MT=Fixed	NT=Oxidation;AC=UNIMOD:21;TA=M;MT=Variable	not available	not available	not available	not available	not available	not available	not available	not available	FB-orf7a_stable_2404_A.raw	NT=ms-proteomics;VV=v1.1.0	NT=crosslinking;VV=v1.0.0	NT=human;VV=v1.1.0
PXD033452_FB-NSP13_stable_0805_A	Homo sapiens	whole cell lysate	HEK293 cells	136	PXD033452_FB-NSP13_stable_0805_A_assay	proteomic profiling by mass spectrometry	data-dependent acquisition	NT=label free sample;AC=MS:1002038	1	1	not available	NT=Trypsin;AC=MS:1001251	NT=Carbamidomethyl;AC=UNIMOD:4;TA=C;MT=Fixed	NT=Oxidation;AC=UNIMOD:21;TA=M;MT=Variable	not available	not available	not available	not available	not available	not available	not available	not available	FB-NSP13_stable_0805_A.raw	NT=ms-proteomics;VV=v1.1.0	NT=crosslinking;VV=v1.0.0	NT=human;VV=v1.1.0
PXD033452_E-BF_stable_B	Homo sapiens	whole cell lysate	HEK293 cells	137	PXD033452_E-BF_stable_B_assay	proteomic profiling by mass spectrometry	data-dependent acquisition	NT=label free sample;AC=MS:1002038	1	1	not available	NT=Trypsin;AC=MS:1001251	NT=Carbamidomethyl;AC=UNIMOD:4;TA=C;MT=Fixed	NT=Oxidation;AC=UNIMOD:21;TA=M;MT=Variable	not available	not available	not available	not available	not available	not available	not available	not available	E-BF_stable_B.raw	NT=ms-proteomics;VV=v1.1.0	NT=crosslinking;VV=v1.0.0	NT=human;VV=v1.1.0
PXD033452_NSP6-BF_stable_1805_A	Homo sapiens	whole cell lysate	HEK293 cells	138	PXD033452_NSP6-BF_stable_1805_A_assay	proteomic profiling by mass spectrometry	data-dependent acquisition	NT=label free sample;AC=MS:1002038	1	1	not available	NT=Trypsin;AC=MS:1001251	NT=Carbamidomethyl;AC=UNIMOD:4;TA=C;MT=Fixed	NT=Oxidation;AC=UNIMOD:21;TA=M;MT=Variable	not available	not available	not available	not available	not available	not available	not available	not available	NSP6-BF_stable_1805_A.raw	NT=ms-proteomics;VV=v1.1.0	NT=crosslinking;VV=v1.0.0	NT=human;VV=v1.1.0
PXD033452_NSP14-BF_stable_0607_A	Homo sapiens	whole cell lysate	HEK293 cells	139	PXD033452_NSP14-BF_stable_0607_A_assay	proteomic profiling by mass spectrometry	data-dependent acquisition	NT=label free sample;AC=MS:1002038	1	1	not available	NT=Trypsin;AC=MS:1001251	NT=Carbamidomethyl;AC=UNIMOD:4;TA=C;MT=Fixed	NT=Oxidation;AC=UNIMOD:21;TA=M;MT=Variable	not available	not available	not available	not available	not available	not available	not available	not available	NSP14-BF_stable_0607_A.raw	NT=ms-proteomics;VV=v1.1.0	NT=crosslinking;VV=v1.0.0	NT=human;VV=v1.1.0
PXD033452_FB-NSP5_stable_PIC_2506_C	Homo sapiens	whole cell lysate	HEK293 cells	140	PXD033452_FB-NSP5_stable_PIC_2506_C_assay	proteomic profiling by mass spectrometry	data-dependent acquisition	NT=label free sample;AC=MS:1002038	1	1	not available	NT=Trypsin;AC=MS:1001251	NT=Carbamidomethyl;AC=UNIMOD:4;TA=C;MT=Fixed	NT=Oxidation;AC=UNIMOD:21;TA=M;MT=Variable	not available	not available	not available	not available	not available	not available	not available	not available	FB-NSP5_stable_PIC_2506_C.raw	NT=ms-proteomics;VV=v1.1.0	NT=crosslinking;VV=v1.0.0	NT=human;VV=v1.1.0
PXD033452_FB-NSP3_stable_PIC_2506_C	Homo sapiens	whole cell lysate	HEK293 cells	141	PXD033452_FB-NSP3_stable_PIC_2506_C_assay	proteomic profiling by mass spectrometry	data-dependent acquisition	NT=label free sample;AC=MS:1002038	1	1	not available	NT=Trypsin;AC=MS:1001251	NT=Carbamidomethyl;AC=UNIMOD:4;TA=C;MT=Fixed	NT=Oxidation;AC=UNIMOD:21;TA=M;MT=Variable	not available	not available	not available	not available	not available	not available	not available	not available	FB-NSP3_stable_PIC_2506_C.raw	NT=ms-proteomics;VV=v1.1.0	NT=crosslinking;VV=v1.0.0	NT=human;VV=v1.1.0
PXD033452_FB-NSP6_stable_0305_A	Homo sapiens	whole cell lysate	HEK293 cells	142	PXD033452_FB-NSP6_stable_0305_A_assay	proteomic profiling by mass spectrometry	data-dependent acquisition	NT=label free sample;AC=MS:1002038	1	1	not available	NT=Trypsin;AC=MS:1001251	NT=Carbamidomethyl;AC=UNIMOD:4;TA=C;MT=Fixed	NT=Oxidation;AC=UNIMOD:21;TA=M;MT=Variable	not available	not available	not available	not available	not available	not available	not available	not available	FB-NSP6_stable_0305_A.raw	NT=ms-proteomics;VV=v1.1.0	NT=crosslinking;VV=v1.0.0	NT=human;VV=v1.1.0
PXD033452_orf6-BF_stable_1805_A	Homo sapiens	whole cell lysate	HEK293 cells	143	PXD033452_orf6-BF_stable_1805_A_assay	proteomic profiling by mass spectrometry	data-dependent acquisition	NT=label free sample;AC=MS:1002038	1	1	not available	NT=Trypsin;AC=MS:1001251	NT=Carbamidomethyl;AC=UNIMOD:4;TA=C;MT=Fixed	NT=Oxidation;AC=UNIMOD:21;TA=M;MT=Variable	not available	not available	not available	not available	not available	not available	not available	not available	orf6-BF_stable_1805_A.raw	NT=ms-proteomics;VV=v1.1.0	NT=crosslinking;VV=v1.0.0	NT=human;VV=v1.1.0
PXD033452_control_FB_only_transient_1004_B	Homo sapiens	whole cell lysate	HEK293 cells	144	PXD033452_control_FB_only_transient_1004_B_assay	proteomic profiling by mass spectrometry	data-dependent acquisition	NT=label free sample;AC=MS:1002038	1	1	not available	NT=Trypsin;AC=MS:1001251	NT=Carbamidomethyl;AC=UNIMOD:4;TA=C;MT=Fixed	NT=Oxidation;AC=UNIMOD:21;TA=M;MT=Variable	not available	not available	not available	not available	not available	not available	not available	not available	control_FB_only_transient_1004_B.raw	NT=ms-proteomics;VV=v1.1.0	NT=crosslinking;VV=v1.0.0	NT=human;VV=v1.1.0
PXD033452_NSP13-BF_stable_0406_B	Homo sapiens	whole cell lysate	HEK293 cells	145	PXD033452_NSP13-BF_stable_0406_B_assay	proteomic profiling by mass spectrometry	data-dependent acquisition	NT=label free sample;AC=MS:1002038	1	1	not available	NT=Trypsin;AC=MS:1001251	NT=Carbamidomethyl;AC=UNIMOD:4;TA=C;MT=Fixed	NT=Oxidation;AC=UNIMOD:21;TA=M;MT=Variable	not available	not available	not available	not available	not available	not available	not available	not available	NSP13-BF_stable_0406_B.raw	NT=ms-proteomics;VV=v1.1.0	NT=crosslinking;VV=v1.0.0	NT=human;VV=v1.1.0
PXD033452_FB-S_stable_1205_A	Homo sapiens	whole cell lysate	HEK293 cells	146	PXD033452_FB-S_stable_1205_A_assay	proteomic profiling by mass spectrometry	data-dependent acquisition	NT=label free sample;AC=MS:1002038	1	1	not available	NT=Trypsin;AC=MS:1001251	NT=Carbamidomethyl;AC=UNIMOD:4;TA=C;MT=Fixed	NT=Oxidation;AC=UNIMOD:21;TA=M;MT=Variable	not available	not available	not available	not available	not available	not available	not available	not available	FB-S_stable_1205_A.raw	NT=ms-proteomics;VV=v1.1.0	NT=crosslinking;VV=v1.0.0	NT=human;VV=v1.1.0
PXD033452_orf9b-BF_stable_0406_A	Homo sapiens	whole cell lysate	HEK293 cells	147	PXD033452_orf9b-BF_stable_0406_A_assay	proteomic profiling by mass spectrometry	data-dependent acquisition	NT=label free sample;AC=MS:1002038	1	1	not available	NT=Trypsin;AC=MS:1001251	NT=Carbamidomethyl;AC=UNIMOD:4;TA=C;MT=Fixed	NT=Oxidation;AC=UNIMOD:21;TA=M;MT=Variable	not available	not available	not available	not available	not available	not available	not available	not available	orf9b-BF_stable_0406_A.raw	NT=ms-proteomics;VV=v1.1.0	NT=crosslinking;VV=v1.0.0	NT=human;VV=v1.1.0
PXD033452_orf7a-BF_stable_B	Homo sapiens	whole cell lysate	HEK293 cells	148	PXD033452_orf7a-BF_stable_B_assay	proteomic profiling by mass spectrometry	data-dependent acquisition	NT=label free sample;AC=MS:1002038	1	1	not available	NT=Trypsin;AC=MS:1001251	NT=Carbamidomethyl;AC=UNIMOD:4;TA=C;MT=Fixed	NT=Oxidation;AC=UNIMOD:21;TA=M;MT=Variable	not available	not available	not available	not available	not available	not available	not available	not available	orf7a-BF_stable_B.raw	NT=ms-proteomics;VV=v1.1.0	NT=crosslinking;VV=v1.0.0	NT=human;VV=v1.1.0
PXD033452_NSP14-BF_stable_0607_C	Homo sapiens	whole cell lysate	HEK293 cells	149	PXD033452_NSP14-BF_stable_0607_C_assay	proteomic profiling by mass spectrometry	data-dependent acquisition	NT=label free sample;AC=MS:1002038	1	1	not available	NT=Trypsin;AC=MS:1001251	NT=Carbamidomethyl;AC=UNIMOD:4;TA=C;MT=Fixed	NT=Oxidation;AC=UNIMOD:21;TA=M;MT=Variable	not available	not available	not available	not available	not available	not available	not available	not available	NSP14-BF_stable_0607_C.raw	NT=ms-proteomics;VV=v1.1.0	NT=crosslinking;VV=v1.0.0	NT=human;VV=v1.1.0
PXD033452_FB-N_stable_0805_C	Homo sapiens	whole cell lysate	HEK293 cells	150	PXD033452_FB-N_stable_0805_C_assay	proteomic profiling by mass spectrometry	data-dependent acquisition	NT=label free sample;AC=MS:1002038	1	1	not available	NT=Trypsin;AC=MS:1001251	NT=Carbamidomethyl;AC=UNIMOD:4;TA=C;MT=Fixed	NT=Oxidation;AC=UNIMOD:21;TA=M;MT=Variable	not available	not available	not available	not available	not available	not available	not available	not available	FB-N_stable_0805_C.raw	NT=ms-proteomics;VV=v1.1.0	NT=crosslinking;VV=v1.0.0	NT=human;VV=v1.1.0
PXD033452_FB-NSP9_stable_PIC_1106_B	Homo sapiens	whole cell lysate	HEK293 cells	151	PXD033452_FB-NSP9_stable_PIC_1106_B_assay	proteomic profiling by mass spectrometry	data-dependent acquisition	NT=label free sample;AC=MS:1002038	1	1	not available	NT=Trypsin;AC=MS:1001251	NT=Carbamidomethyl;AC=UNIMOD:4;TA=C;MT=Fixed	NT=Oxidation;AC=UNIMOD:21;TA=M;MT=Variable	not available	not available	not available	not available	not available	not available	not available	not available	FB-NSP9_stable_PIC_1106_B.raw	NT=ms-proteomics;VV=v1.1.0	NT=crosslinking;VV=v1.0.0	NT=human;VV=v1.1.0
PXD033452_control_FB_only_stable_2404_L	Homo sapiens	whole cell lysate	HEK293 cells	152	PXD033452_control_FB_only_stable_2404_L_assay	proteomic profiling by mass spectrometry	data-dependent acquisition	NT=label free sample;AC=MS:1002038	1	1	not available	NT=Trypsin;AC=MS:1001251	NT=Carbamidomethyl;AC=UNIMOD:4;TA=C;MT=Fixed	NT=Oxidation;AC=UNIMOD:21;TA=M;MT=Variable	not available	not available	not available	not available	not available	not available	not available	not available	control_FB_only_stable_2404_L.raw	NT=ms-proteomics;VV=v1.1.0	NT=crosslinking;VV=v1.0.0	NT=human;VV=v1.1.0
PXD033452_NSP8-BF_transient_1805_B	Homo sapiens	whole cell lysate	HEK293 cells	153	PXD033452_NSP8-BF_transient_1805_B_assay	proteomic profiling by mass spectrometry	data-dependent acquisition	NT=label free sample;AC=MS:1002038	1	1	not available	NT=Trypsin;AC=MS:1001251	NT=Carbamidomethyl;AC=UNIMOD:4;TA=C;MT=Fixed	NT=Oxidation;AC=UNIMOD:21;TA=M;MT=Variable	not available	not available	not available	not available	not available	not available	not available	not available	NSP8-BF_transient_1805_B.raw	NT=ms-proteomics;VV=v1.1.0	NT=crosslinking;VV=v1.0.0	NT=human;VV=v1.1.0
PXD033452_NSP4-BF_stable_2306_B	Homo sapiens	whole cell lysate	HEK293 cells	154	PXD033452_NSP4-BF_stable_2306_B_assay	proteomic profiling by mass spectrometry	data-dependent acquisition	NT=label free sample;AC=MS:1002038	1	1	not available	NT=Trypsin;AC=MS:1001251	NT=Carbamidomethyl;AC=UNIMOD:4;TA=C;MT=Fixed	NT=Oxidation;AC=UNIMOD:21;TA=M;MT=Variable	not available	not available	not available	not available	not available	not available	not available	not available	NSP4-BF_stable_2306_B.raw	NT=ms-proteomics;VV=v1.1.0	NT=crosslinking;VV=v1.0.0	NT=human;VV=v1.1.0
PXD033452_NSP12-BF_stable_2506_C	Homo sapiens	whole cell lysate	HEK293 cells	155	PXD033452_NSP12-BF_stable_2506_C_assay	proteomic profiling by mass spectrometry	data-dependent acquisition	NT=label free sample;AC=MS:1002038	1	1	not available	NT=Trypsin;AC=MS:1001251	NT=Carbamidomethyl;AC=UNIMOD:4;TA=C;MT=Fixed	NT=Oxidation;AC=UNIMOD:21;TA=M;MT=Variable	not available	not available	not available	not available	not available	not available	not available	not available	NSP12-BF_stable_2506_C.raw	NT=ms-proteomics;VV=v1.1.0	NT=crosslinking;VV=v1.0.0	NT=human;VV=v1.1.0
PXD033452_control_BF_only_2104_C	Homo sapiens	whole cell lysate	HEK293 cells	156	PXD033452_control_BF_only_2104_C_assay	proteomic profiling by mass spectrometry	data-dependent acquisition	NT=label free sample;AC=MS:1002038	1	1	not available	NT=Trypsin;AC=MS:1001251	NT=Carbamidomethyl;AC=UNIMOD:4;TA=C;MT=Fixed	NT=Oxidation;AC=UNIMOD:21;TA=M;MT=Variable	not available	not available	not available	not available	not available	not available	not available	not available	control_BF_only_2104_C.raw	NT=ms-proteomics;VV=v1.1.0	NT=crosslinking;VV=v1.0.0	NT=human;VV=v1.1.0
PXD033452_FB-NSP6_stable_PIC_2906_B	Homo sapiens	whole cell lysate	HEK293 cells	157	PXD033452_FB-NSP6_stable_PIC_2906_B_assay	proteomic profiling by mass spectrometry	data-dependent acquisition	NT=label free sample;AC=MS:1002038	1	1	not available	NT=Trypsin;AC=MS:1001251	NT=Carbamidomethyl;AC=UNIMOD:4;TA=C;MT=Fixed	NT=Oxidation;AC=UNIMOD:21;TA=M;MT=Variable	not available	not available	not available	not available	not available	not available	not available	not available	FB-NSP6_stable_PIC_2906_B.raw	NT=ms-proteomics;VV=v1.1.0	NT=crosslinking;VV=v1.0.0	NT=human;VV=v1.1.0
PXD033452_NSP10-BF_stable_0607_C	Homo sapiens	whole cell lysate	HEK293 cells	158	PXD033452_NSP10-BF_stable_0607_C_assay	proteomic profiling by mass spectrometry	data-dependent acquisition	NT=label free sample;AC=MS:1002038	1	1	not available	NT=Trypsin;AC=MS:1001251	NT=Carbamidomethyl;AC=UNIMOD:4;TA=C;MT=Fixed	NT=Oxidation;AC=UNIMOD:21;TA=M;MT=Variable	not available	not available	not available	not available	not available	not available	not available	not available	NSP10-BF_stable_0607_C.raw	NT=ms-proteomics;VV=v1.1.0	NT=crosslinking;VV=v1.0.0	NT=human;VV=v1.1.0
PXD033452_FB-NSP5_stable_PIC_2506_B	Homo sapiens	whole cell lysate	HEK293 cells	159	PXD033452_FB-NSP5_stable_PIC_2506_B_assay	proteomic profiling by mass spectrometry	data-dependent acquisition	NT=label free sample;AC=MS:1002038	1	1	not available	NT=Trypsin;AC=MS:1001251	NT=Carbamidomethyl;AC=UNIMOD:4;TA=C;MT=Fixed	NT=Oxidation;AC=UNIMOD:21;TA=M;MT=Variable	not available	not available	not available	not available	not available	not available	not available	not available	FB-NSP5_stable_PIC_2506_B.raw	NT=ms-proteomics;VV=v1.1.0	NT=crosslinking;VV=v1.0.0	NT=human;VV=v1.1.0
PXD033452_FB-NSP2_stable_PIC_1306_A	Homo sapiens	whole cell lysate	HEK293 cells	160	PXD033452_FB-NSP2_stable_PIC_1306_A_assay	proteomic profiling by mass spectrometry	data-dependent acquisition	NT=label free sample;AC=MS:1002038	1	1	not available	NT=Trypsin;AC=MS:1001251	NT=Carbamidomethyl;AC=UNIMOD:4;TA=C;MT=Fixed	NT=Oxidation;AC=UNIMOD:21;TA=M;MT=Variable	not available	not available	not available	not available	not available	not available	not available	not available	FB-NSP2_stable_PIC_1306_A.raw	NT=ms-proteomics;VV=v1.1.0	NT=crosslinking;VV=v1.0.0	NT=human;VV=v1.1.0
PXD033452_FB-NSP16_stable_PIC_2906_B	Homo sapiens	whole cell lysate	HEK293 cells	161	PXD033452_FB-NSP16_stable_PIC_2906_B_assay	proteomic profiling by mass spectrometry	data-dependent acquisition	NT=label free sample;AC=MS:1002038	1	1	not available	NT=Trypsin;AC=MS:1001251	NT=Carbamidomethyl;AC=UNIMOD:4;TA=C;MT=Fixed	NT=Oxidation;AC=UNIMOD:21;TA=M;MT=Variable	not available	not available	not available	not available	not available	not available	not available	not available	FB-NSP16_stable_PIC_2906_B.raw	NT=ms-proteomics;VV=v1.1.0	NT=crosslinking;VV=v1.0.0	NT=human;VV=v1.1.0
PXD033452_FB-NSP9_stable_2804_B	Homo sapiens	whole cell lysate	HEK293 cells	162	PXD033452_FB-NSP9_stable_2804_B_assay	proteomic profiling by mass spectrometry	data-dependent acquisition	NT=label free sample;AC=MS:1002038	1	1	not available	NT=Trypsin;AC=MS:1001251	NT=Carbamidomethyl;AC=UNIMOD:4;TA=C;MT=Fixed	NT=Oxidation;AC=UNIMOD:21;TA=M;MT=Variable	not available	not available	not available	not available	not available	not available	not available	not available	FB-NSP9_stable_2804_B.raw	NT=ms-proteomics;VV=v1.1.0	NT=crosslinking;VV=v1.0.0	NT=human;VV=v1.1.0
PXD033452_FB-E_stable_2904_A	Homo sapiens	whole cell lysate	HEK293 cells	163	PXD033452_FB-E_stable_2904_A_assay	proteomic profiling by mass spectrometry	data-dependent acquisition	NT=label free sample;AC=MS:1002038	1	1	not available	NT=Trypsin;AC=MS:1001251	NT=Carbamidomethyl;AC=UNIMOD:4;TA=C;MT=Fixed	NT=Oxidation;AC=UNIMOD:21;TA=M;MT=Variable	not available	not available	not available	not available	not available	not available	not available	not available	FB-E_stable_2904_A.raw	NT=ms-proteomics;VV=v1.1.0	NT=crosslinking;VV=v1.0.0	NT=human;VV=v1.1.0
PXD033452_NSP1-BF_stable_PIC_2506_A	Homo sapiens	whole cell lysate	HEK293 cells	164	PXD033452_NSP1-BF_stable_PIC_2506_A_assay	proteomic profiling by mass spectrometry	data-dependent acquisition	NT=label free sample;AC=MS:1002038	1	1	not available	NT=Trypsin;AC=MS:1001251	NT=Carbamidomethyl;AC=UNIMOD:4;TA=C;MT=Fixed	NT=Oxidation;AC=UNIMOD:21;TA=M;MT=Variable	not available	not available	not available	not available	not available	not available	not available	not available	NSP1-BF_stable_PIC_2506_A.raw	NT=ms-proteomics;VV=v1.1.0	NT=crosslinking;VV=v1.0.0	NT=human;VV=v1.1.0
PXD033452_FB-NSP10_stable_1906_B	Homo sapiens	whole cell lysate	HEK293 cells	165	PXD033452_FB-NSP10_stable_1906_B_assay	proteomic profiling by mass spectrometry	data-dependent acquisition	NT=label free sample;AC=MS:1002038	1	1	not available	NT=Trypsin;AC=MS:1001251	NT=Carbamidomethyl;AC=UNIMOD:4;TA=C;MT=Fixed	NT=Oxidation;AC=UNIMOD:21;TA=M;MT=Variable	not available	not available	not available	not available	not available	not available	not available	not available	FB-NSP10_stable_1906_B.raw	NT=ms-proteomics;VV=v1.1.0	NT=crosslinking;VV=v1.0.0	NT=human;VV=v1.1.0
PXD033452_FB-N_stable_0805_B	Homo sapiens	whole cell lysate	HEK293 cells	166	PXD033452_FB-N_stable_0805_B_assay	proteomic profiling by mass spectrometry	data-dependent acquisition	NT=label free sample;AC=MS:1002038	1	1	not available	NT=Trypsin;AC=MS:1001251	NT=Carbamidomethyl;AC=UNIMOD:4;TA=C;MT=Fixed	NT=Oxidation;AC=UNIMOD:21;TA=M;MT=Variable	not available	not available	not available	not available	not available	not available	not available	not available	FB-N_stable_0805_B.raw	NT=ms-proteomics;VV=v1.1.0	NT=crosslinking;VV=v1.0.0	NT=human;VV=v1.1.0
PXD033452_FB-NSP10_stable_pIC_2906_B	Homo sapiens	whole cell lysate	HEK293 cells	167	PXD033452_FB-NSP10_stable_pIC_2906_B_assay	proteomic profiling by mass spectrometry	data-dependent acquisition	NT=label free sample;AC=MS:1002038	1	1	not available	NT=Trypsin;AC=MS:1001251	NT=Carbamidomethyl;AC=UNIMOD:4;TA=C;MT=Fixed	NT=Oxidation;AC=UNIMOD:21;TA=M;MT=Variable	not available	not available	not available	not available	not available	not available	not available	not available	FB-NSP10_stable_pIC_2906_B.raw	NT=ms-proteomics;VV=v1.1.0	NT=crosslinking;VV=v1.0.0	NT=human;VV=v1.1.0
PXD033452_control_BF_only_0607_H	Homo sapiens	whole cell lysate	HEK293 cells	168	PXD033452_control_BF_only_0607_H_assay	proteomic profiling by mass spectrometry	data-dependent acquisition	NT=label free sample;AC=MS:1002038	1	1	not available	NT=Trypsin;AC=MS:1001251	NT=Carbamidomethyl;AC=UNIMOD:4;TA=C;MT=Fixed	NT=Oxidation;AC=UNIMOD:21;TA=M;MT=Variable	not available	not available	not available	not available	not available	not available	not available	not available	control_BF_only_0607_H.raw	NT=ms-proteomics;VV=v1.1.0	NT=crosslinking;VV=v1.0.0	NT=human;VV=v1.1.0
PXD033452_FB-M_stable_PIC_1306_C	Homo sapiens	whole cell lysate	HEK293 cells	169	PXD033452_FB-M_stable_PIC_1306_C_assay	proteomic profiling by mass spectrometry	data-dependent acquisition	NT=label free sample;AC=MS:1002038	1	1	not available	NT=Trypsin;AC=MS:1001251	NT=Carbamidomethyl;AC=UNIMOD:4;TA=C;MT=Fixed	NT=Oxidation;AC=UNIMOD:21;TA=M;MT=Variable	not available	not available	not available	not available	not available	not available	not available	not available	FB-M_stable_PIC_1306_C.raw	NT=ms-proteomics;VV=v1.1.0	NT=crosslinking;VV=v1.0.0	NT=human;VV=v1.1.0
PXD033452_FB-NSP14_stable_2804_C	Homo sapiens	whole cell lysate	HEK293 cells	170	PXD033452_FB-NSP14_stable_2804_C_assay	proteomic profiling by mass spectrometry	data-dependent acquisition	NT=label free sample;AC=MS:1002038	1	1	not available	NT=Trypsin;AC=MS:1001251	NT=Carbamidomethyl;AC=UNIMOD:4;TA=C;MT=Fixed	NT=Oxidation;AC=UNIMOD:21;TA=M;MT=Variable	not available	not available	not available	not available	not available	not available	not available	not available	FB-NSP14_stable_2804_C.raw	NT=ms-proteomics;VV=v1.1.0	NT=crosslinking;VV=v1.0.0	NT=human;VV=v1.1.0
PXD033452_FB-NSP9_stable_2804_C	Homo sapiens	whole cell lysate	HEK293 cells	171	PXD033452_FB-NSP9_stable_2804_C_assay	proteomic profiling by mass spectrometry	data-dependent acquisition	NT=label free sample;AC=MS:1002038	1	1	not available	NT=Trypsin;AC=MS:1001251	NT=Carbamidomethyl;AC=UNIMOD:4;TA=C;MT=Fixed	NT=Oxidation;AC=UNIMOD:21;TA=M;MT=Variable	not available	not available	not available	not available	not available	not available	not available	not available	FB-NSP9_stable_2804_C.raw	NT=ms-proteomics;VV=v1.1.0	NT=crosslinking;VV=v1.0.0	NT=human;VV=v1.1.0
PXD033452_FB-NSP13_stable_0805_C	Homo sapiens	whole cell lysate	HEK293 cells	172	PXD033452_FB-NSP13_stable_0805_C_assay	proteomic profiling by mass spectrometry	data-dependent acquisition	NT=label free sample;AC=MS:1002038	1	1	not available	NT=Trypsin;AC=MS:1001251	NT=Carbamidomethyl;AC=UNIMOD:4;TA=C;MT=Fixed	NT=Oxidation;AC=UNIMOD:21;TA=M;MT=Variable	not available	not available	not available	not available	not available	not available	not available	not available	FB-NSP13_stable_0805_C.raw	NT=ms-proteomics;VV=v1.1.0	NT=crosslinking;VV=v1.0.0	NT=human;VV=v1.1.0
PXD033452_FB-orf9b_stable_PIC_2205_C	Homo sapiens	whole cell lysate	HEK293 cells	173	PXD033452_FB-orf9b_stable_PIC_2205_C_assay	proteomic profiling by mass spectrometry	data-dependent acquisition	NT=label free sample;AC=MS:1002038	1	1	not available	NT=Trypsin;AC=MS:1001251	NT=Carbamidomethyl;AC=UNIMOD:4;TA=C;MT=Fixed	NT=Oxidation;AC=UNIMOD:21;TA=M;MT=Variable	not available	not available	not available	not available	not available	not available	not available	not available	FB-orf9b_stable_PIC_2205_C.raw	NT=ms-proteomics;VV=v1.1.0	NT=crosslinking;VV=v1.0.0	NT=human;VV=v1.1.0
PXD033452_FB-NSP12_stable_2804_A	Homo sapiens	whole cell lysate	HEK293 cells	174	PXD033452_FB-NSP12_stable_2804_A_assay	proteomic profiling by mass spectrometry	data-dependent acquisition	NT=label free sample;AC=MS:1002038	1	1	not available	NT=Trypsin;AC=MS:1001251	NT=Carbamidomethyl;AC=UNIMOD:4;TA=C;MT=Fixed	NT=Oxidation;AC=UNIMOD:21;TA=M;MT=Variable	not available	not available	not available	not available	not available	not available	not available	not available	FB-NSP12_stable_2804_A.raw	NT=ms-proteomics;VV=v1.1.0	NT=crosslinking;VV=v1.0.0	NT=human;VV=v1.1.0
PXD033452_control_FB_only_stable_2404_A	Homo sapiens	whole cell lysate	HEK293 cells	175	PXD033452_control_FB_only_stable_2404_A_assay	proteomic profiling by mass spectrometry	data-dependent acquisition	NT=label free sample;AC=MS:1002038	1	1	not available	NT=Trypsin;AC=MS:1001251	NT=Carbamidomethyl;AC=UNIMOD:4;TA=C;MT=Fixed	NT=Oxidation;AC=UNIMOD:21;TA=M;MT=Variable	not available	not available	not available	not available	not available	not available	not available	not available	control_FB_only_stable_2404_A.raw	NT=ms-proteomics;VV=v1.1.0	NT=crosslinking;VV=v1.0.0	NT=human;VV=v1.1.0
PXD033452_orf9c-BF_stable_0307_B	Homo sapiens	whole cell lysate	HEK293 cells	176	PXD033452_orf9c-BF_stable_0307_B_assay	proteomic profiling by mass spectrometry	data-dependent acquisition	NT=label free sample;AC=MS:1002038	1	1	not available	NT=Trypsin;AC=MS:1001251	NT=Carbamidomethyl;AC=UNIMOD:4;TA=C;MT=Fixed	NT=Oxidation;AC=UNIMOD:21;TA=M;MT=Variable	not available	not available	not available	not available	not available	not available	not available	not available	orf9c-BF_stable_0307_B.raw	NT=ms-proteomics;VV=v1.1.0	NT=crosslinking;VV=v1.0.0	NT=human;VV=v1.1.0
PXD033452_FB-orf3d_stable_PIC_2506_C	Homo sapiens	whole cell lysate	HEK293 cells	177	PXD033452_FB-orf3d_stable_PIC_2506_C_assay	proteomic profiling by mass spectrometry	data-dependent acquisition	NT=label free sample;AC=MS:1002038	1	1	not available	NT=Trypsin;AC=MS:1001251	NT=Carbamidomethyl;AC=UNIMOD:4;TA=C;MT=Fixed	NT=Oxidation;AC=UNIMOD:21;TA=M;MT=Variable	not available	not available	not available	not available	not available	not available	not available	not available	FB-orf3d_stable_PIC_2506_C.raw	NT=ms-proteomics;VV=v1.1.0	NT=crosslinking;VV=v1.0.0	NT=human;VV=v1.1.0
PXD033452_FB-NSP15_stable_2804_A	Homo sapiens	whole cell lysate	HEK293 cells	178	PXD033452_FB-NSP15_stable_2804_A_assay	proteomic profiling by mass spectrometry	data-dependent acquisition	NT=label free sample;AC=MS:1002038	1	1	not available	NT=Trypsin;AC=MS:1001251	NT=Carbamidomethyl;AC=UNIMOD:4;TA=C;MT=Fixed	NT=Oxidation;AC=UNIMOD:21;TA=M;MT=Variable	not available	not available	not available	not available	not available	not available	not available	not available	FB-NSP15_stable_2804_A.raw	NT=ms-proteomics;VV=v1.1.0	NT=crosslinking;VV=v1.0.0	NT=human;VV=v1.1.0
PXD033452_NSP6-BF_stable_1805_B	Homo sapiens	whole cell lysate	HEK293 cells	179	PXD033452_NSP6-BF_stable_1805_B_assay	proteomic profiling by mass spectrometry	data-dependent acquisition	NT=label free sample;AC=MS:1002038	1	1	not available	NT=Trypsin;AC=MS:1001251	NT=Carbamidomethyl;AC=UNIMOD:4;TA=C;MT=Fixed	NT=Oxidation;AC=UNIMOD:21;TA=M;MT=Variable	not available	not available	not available	not available	not available	not available	not available	not available	NSP6-BF_stable_1805_B.raw	NT=ms-proteomics;VV=v1.1.0	NT=crosslinking;VV=v1.0.0	NT=human;VV=v1.1.0
PXD033452_NSP6-BF_stable_1805_C	Homo sapiens	whole cell lysate	HEK293 cells	180	PXD033452_NSP6-BF_stable_1805_C_assay	proteomic profiling by mass spectrometry	data-dependent acquisition	NT=label free sample;AC=MS:1002038	1	1	not available	NT=Trypsin;AC=MS:1001251	NT=Carbamidomethyl;AC=UNIMOD:4;TA=C;MT=Fixed	NT=Oxidation;AC=UNIMOD:21;TA=M;MT=Variable	not available	not available	not available	not available	not available	not available	not available	not available	NSP6-BF_stable_1805_C.raw	NT=ms-proteomics;VV=v1.1.0	NT=crosslinking;VV=v1.0.0	NT=human;VV=v1.1.0
PXD033452_FB-orf7b_stable_PIC_1106_B	Homo sapiens	whole cell lysate	HEK293 cells	181	PXD033452_FB-orf7b_stable_PIC_1106_B_assay	proteomic profiling by mass spectrometry	data-dependent acquisition	NT=label free sample;AC=MS:1002038	1	1	not available	NT=Trypsin;AC=MS:1001251	NT=Carbamidomethyl;AC=UNIMOD:4;TA=C;MT=Fixed	NT=Oxidation;AC=UNIMOD:21;TA=M;MT=Variable	not available	not available	not available	not available	not available	not available	not available	not available	FB-orf7b_stable_PIC_1106_B.raw	NT=ms-proteomics;VV=v1.1.0	NT=crosslinking;VV=v1.0.0	NT=human;VV=v1.1.0
PXD033452_NSP9-BF_stable_0406_B	Homo sapiens	whole cell lysate	HEK293 cells	182	PXD033452_NSP9-BF_stable_0406_B_assay	proteomic profiling by mass spectrometry	data-dependent acquisition	NT=label free sample;AC=MS:1002038	1	1	not available	NT=Trypsin;AC=MS:1001251	NT=Carbamidomethyl;AC=UNIMOD:4;TA=C;MT=Fixed	NT=Oxidation;AC=UNIMOD:21;TA=M;MT=Variable	not available	not available	not available	not available	not available	not available	not available	not available	NSP9-BF_stable_0406_B.raw	NT=ms-proteomics;VV=v1.1.0	NT=crosslinking;VV=v1.0.0	NT=human;VV=v1.1.0
PXD033452_orf7a-BF_stable_A	Homo sapiens	whole cell lysate	HEK293 cells	183	PXD033452_orf7a-BF_stable_A_assay	proteomic profiling by mass spectrometry	data-dependent acquisition	NT=label free sample;AC=MS:1002038	1	1	not available	NT=Trypsin;AC=MS:1001251	NT=Carbamidomethyl;AC=UNIMOD:4;TA=C;MT=Fixed	NT=Oxidation;AC=UNIMOD:21;TA=M;MT=Variable	not available	not available	not available	not available	not available	not available	not available	not available	orf7a-BF_stable_A.raw	NT=ms-proteomics;VV=v1.1.0	NT=crosslinking;VV=v1.0.0	NT=human;VV=v1.1.0
PXD033452_FB-NSP9_stable_PIC_1106_C	Homo sapiens	whole cell lysate	HEK293 cells	184	PXD033452_FB-NSP9_stable_PIC_1106_C_assay	proteomic profiling by mass spectrometry	data-dependent acquisition	NT=label free sample;AC=MS:1002038	1	1	not available	NT=Trypsin;AC=MS:1001251	NT=Carbamidomethyl;AC=UNIMOD:4;TA=C;MT=Fixed	NT=Oxidation;AC=UNIMOD:21;TA=M;MT=Variable	not available	not available	not available	not available	not available	not available	not available	not available	FB-NSP9_stable_PIC_1106_C.raw	NT=ms-proteomics;VV=v1.1.0	NT=crosslinking;VV=v1.0.0	NT=human;VV=v1.1.0
PXD033452_FB-NSP9_stable_2804_A	Homo sapiens	whole cell lysate	HEK293 cells	185	PXD033452_FB-NSP9_stable_2804_A_assay	proteomic profiling by mass spectrometry	data-dependent acquisition	NT=label free sample;AC=MS:1002038	1	1	not available	NT=Trypsin;AC=MS:1001251	NT=Carbamidomethyl;AC=UNIMOD:4;TA=C;MT=Fixed	NT=Oxidation;AC=UNIMOD:21;TA=M;MT=Variable	not available	not available	not available	not available	not available	not available	not available	not available	FB-NSP9_stable_2804_A.raw	NT=ms-proteomics;VV=v1.1.0	NT=crosslinking;VV=v1.0.0	NT=human;VV=v1.1.0
PXD033452_FB-orf3a_stable_PIC_1106_B	Homo sapiens	whole cell lysate	HEK293 cells	186	PXD033452_FB-orf3a_stable_PIC_1106_B_assay	proteomic profiling by mass spectrometry	data-dependent acquisition	NT=label free sample;AC=MS:1002038	1	1	not available	NT=Trypsin;AC=MS:1001251	NT=Carbamidomethyl;AC=UNIMOD:4;TA=C;MT=Fixed	NT=Oxidation;AC=UNIMOD:21;TA=M;MT=Variable	not available	not available	not available	not available	not available	not available	not available	not available	FB-orf3a_stable_PIC_1106_B.raw	NT=ms-proteomics;VV=v1.1.0	NT=crosslinking;VV=v1.0.0	NT=human;VV=v1.1.0
PXD033452_NSP2-BF_stable_1906_C	Homo sapiens	whole cell lysate	HEK293 cells	187	PXD033452_NSP2-BF_stable_1906_C_assay	proteomic profiling by mass spectrometry	data-dependent acquisition	NT=label free sample;AC=MS:1002038	1	1	not available	NT=Trypsin;AC=MS:1001251	NT=Carbamidomethyl;AC=UNIMOD:4;TA=C;MT=Fixed	NT=Oxidation;AC=UNIMOD:21;TA=M;MT=Variable	not available	not available	not available	not available	not available	not available	not available	not available	NSP2-BF_stable_1906_C.raw	NT=ms-proteomics;VV=v1.1.0	NT=crosslinking;VV=v1.0.0	NT=human;VV=v1.1.0
PXD033452_control_FB-only-stable-A	Homo sapiens	whole cell lysate	HEK293 cells	188	PXD033452_control_FB-only-stable-A_assay	proteomic profiling by mass spectrometry	data-dependent acquisition	NT=label free sample;AC=MS:1002038	1	1	not available	NT=Trypsin;AC=MS:1001251	NT=Carbamidomethyl;AC=UNIMOD:4;TA=C;MT=Fixed	NT=Oxidation;AC=UNIMOD:21;TA=M;MT=Variable	not available	not available	not available	not available	not available	not available	not available	not available	control_FB-only-stable-A.raw	NT=ms-proteomics;VV=v1.1.0	NT=crosslinking;VV=v1.0.0	NT=human;VV=v1.1.0
PXD033452_FB-orf9c_transient_0406_C	Homo sapiens	whole cell lysate	HEK293 cells	189	PXD033452_FB-orf9c_transient_0406_C_assay	proteomic profiling by mass spectrometry	data-dependent acquisition	NT=label free sample;AC=MS:1002038	1	1	not available	NT=Trypsin;AC=MS:1001251	NT=Carbamidomethyl;AC=UNIMOD:4;TA=C;MT=Fixed	NT=Oxidation;AC=UNIMOD:21;TA=M;MT=Variable	not available	not available	not available	not available	not available	not available	not available	not available	FB-orf9c_transient_0406_C.raw	NT=ms-proteomics;VV=v1.1.0	NT=crosslinking;VV=v1.0.0	NT=human;VV=v1.1.0
PXD033452_E-BF_stable_C	Homo sapiens	whole cell lysate	HEK293 cells	190	PXD033452_E-BF_stable_C_assay	proteomic profiling by mass spectrometry	data-dependent acquisition	NT=label free sample;AC=MS:1002038	1	1	not available	NT=Trypsin;AC=MS:1001251	NT=Carbamidomethyl;AC=UNIMOD:4;TA=C;MT=Fixed	NT=Oxidation;AC=UNIMOD:21;TA=M;MT=Variable	not available	not available	not available	not available	not available	not available	not available	not available	E-BF_stable_C.raw	NT=ms-proteomics;VV=v1.1.0	NT=crosslinking;VV=v1.0.0	NT=human;VV=v1.1.0
PXD033452_FB-NSP14_stable_2804_A	Homo sapiens	whole cell lysate	HEK293 cells	191	PXD033452_FB-NSP14_stable_2804_A_assay	proteomic profiling by mass spectrometry	data-dependent acquisition	NT=label free sample;AC=MS:1002038	1	1	not available	NT=Trypsin;AC=MS:1001251	NT=Carbamidomethyl;AC=UNIMOD:4;TA=C;MT=Fixed	NT=Oxidation;AC=UNIMOD:21;TA=M;MT=Variable	not available	not available	not available	not available	not available	not available	not available	not available	FB-NSP14_stable_2804_A.raw	NT=ms-proteomics;VV=v1.1.0	NT=crosslinking;VV=v1.0.0	NT=human;VV=v1.1.0
PXD033452_FB-NSP16_stable_0805_B	Homo sapiens	whole cell lysate	HEK293 cells	192	PXD033452_FB-NSP16_stable_0805_B_assay	proteomic profiling by mass spectrometry	data-dependent acquisition	NT=label free sample;AC=MS:1002038	1	1	not available	NT=Trypsin;AC=MS:1001251	NT=Carbamidomethyl;AC=UNIMOD:4;TA=C;MT=Fixed	NT=Oxidation;AC=UNIMOD:21;TA=M;MT=Variable	not available	not available	not available	not available	not available	not available	not available	not available	FB-NSP16_stable_0805_B.raw	NT=ms-proteomics;VV=v1.1.0	NT=crosslinking;VV=v1.0.0	NT=human;VV=v1.1.0
PXD033452_FB-NSP3_stable_1906_B	Homo sapiens	whole cell lysate	HEK293 cells	193	PXD033452_FB-NSP3_stable_1906_B_assay	proteomic profiling by mass spectrometry	data-dependent acquisition	NT=label free sample;AC=MS:1002038	1	1	not available	NT=Trypsin;AC=MS:1001251	NT=Carbamidomethyl;AC=UNIMOD:4;TA=C;MT=Fixed	NT=Oxidation;AC=UNIMOD:21;TA=M;MT=Variable	not available	not available	not available	not available	not available	not available	not available	not available	FB-NSP3_stable_1906_B.raw	NT=ms-proteomics;VV=v1.1.0	NT=crosslinking;VV=v1.0.0	NT=human;VV=v1.1.0
PXD033452_FB-Orf3d_stable_0305_C	Homo sapiens	whole cell lysate	HEK293 cells	194	PXD033452_FB-Orf3d_stable_0305_C_assay	proteomic profiling by mass spectrometry	data-dependent acquisition	NT=label free sample;AC=MS:1002038	1	1	not available	NT=Trypsin;AC=MS:1001251	NT=Carbamidomethyl;AC=UNIMOD:4;TA=C;MT=Fixed	NT=Oxidation;AC=UNIMOD:21;TA=M;MT=Variable	not available	not available	not available	not available	not available	not available	not available	not available	FB-Orf3d_stable_0305_C.raw	NT=ms-proteomics;VV=v1.1.0	NT=crosslinking;VV=v1.0.0	NT=human;VV=v1.1.0
PXD033452_control_FB_only_PIC_1106_A	Homo sapiens	whole cell lysate	HEK293 cells	195	PXD033452_control_FB_only_PIC_1106_A_assay	proteomic profiling by mass spectrometry	data-dependent acquisition	NT=label free sample;AC=MS:1002038	1	1	not available	NT=Trypsin;AC=MS:1001251	NT=Carbamidomethyl;AC=UNIMOD:4;TA=C;MT=Fixed	NT=Oxidation;AC=UNIMOD:21;TA=M;MT=Variable	not available	not available	not available	not available	not available	not available	not available	not available	control_FB_only_PIC_1106_A.raw	NT=ms-proteomics;VV=v1.1.0	NT=crosslinking;VV=v1.0.0	NT=human;VV=v1.1.0
PXD033452_control_BF_only_transient_D	Homo sapiens	whole cell lysate	HEK293 cells	196	PXD033452_control_BF_only_transient_D_assay	proteomic profiling by mass spectrometry	data-dependent acquisition	NT=label free sample;AC=MS:1002038	1	1	not available	NT=Trypsin;AC=MS:1001251	NT=Carbamidomethyl;AC=UNIMOD:4;TA=C;MT=Fixed	NT=Oxidation;AC=UNIMOD:21;TA=M;MT=Variable	not available	not available	not available	not available	not available	not available	not available	not available	control_BF_only_transient_D.raw	NT=ms-proteomics;VV=v1.1.0	NT=crosslinking;VV=v1.0.0	NT=human;VV=v1.1.0
PXD033452_FB-S_stable_1205_C	Homo sapiens	whole cell lysate	HEK293 cells	197	PXD033452_FB-S_stable_1205_C_assay	proteomic profiling by mass spectrometry	data-dependent acquisition	NT=label free sample;AC=MS:1002038	1	1	not available	NT=Trypsin;AC=MS:1001251	NT=Carbamidomethyl;AC=UNIMOD:4;TA=C;MT=Fixed	NT=Oxidation;AC=UNIMOD:21;TA=M;MT=Variable	not available	not available	not available	not available	not available	not available	not available	not available	FB-S_stable_1205_C.raw	NT=ms-proteomics;VV=v1.1.0	NT=crosslinking;VV=v1.0.0	NT=human;VV=v1.1.0
PXD033452_FB-NSP7_stable_PIC_2906_C	Homo sapiens	whole cell lysate	HEK293 cells	198	PXD033452_FB-NSP7_stable_PIC_2906_C_assay	proteomic profiling by mass spectrometry	data-dependent acquisition	NT=label free sample;AC=MS:1002038	1	1	not available	NT=Trypsin;AC=MS:1001251	NT=Carbamidomethyl;AC=UNIMOD:4;TA=C;MT=Fixed	NT=Oxidation;AC=UNIMOD:21;TA=M;MT=Variable	not available	not available	not available	not available	not available	not available	not available	not available	FB-NSP7_stable_PIC_2906_C.raw	NT=ms-proteomics;VV=v1.1.0	NT=crosslinking;VV=v1.0.0	NT=human;VV=v1.1.0
PXD033452_FB-NSP5_stable_2306_B	Homo sapiens	whole cell lysate	HEK293 cells	199	PXD033452_FB-NSP5_stable_2306_B_assay	proteomic profiling by mass spectrometry	data-dependent acquisition	NT=label free sample;AC=MS:1002038	1	1	not available	NT=Trypsin;AC=MS:1001251	NT=Carbamidomethyl;AC=UNIMOD:4;TA=C;MT=Fixed	NT=Oxidation;AC=UNIMOD:21;TA=M;MT=Variable	not available	not available	not available	not available	not available	not available	not available	not available	FB-NSP5_stable_2306_B.raw	NT=ms-proteomics;VV=v1.1.0	NT=crosslinking;VV=v1.0.0	NT=human;VV=v1.1.0
PXD033452_FB-orf3d_stable_PIC_2506_B	Homo sapiens	whole cell lysate	HEK293 cells	200	PXD033452_FB-orf3d_stable_PIC_2506_B_assay	proteomic profiling by mass spectrometry	data-dependent acquisition	NT=label free sample;AC=MS:1002038	1	1	not available	NT=Trypsin;AC=MS:1001251	NT=Carbamidomethyl;AC=UNIMOD:4;TA=C;MT=Fixed	NT=Oxidation;AC=UNIMOD:21;TA=M;MT=Variable	not available	not available	not available	not available	not available	not available	not available	not available	FB-orf3d_stable_PIC_2506_B.raw	NT=ms-proteomics;VV=v1.1.0	NT=crosslinking;VV=v1.0.0	NT=human;VV=v1.1.0
PXD033452_FB-NSP8_stable_PIC_2906_B	Homo sapiens	whole cell lysate	HEK293 cells	201	PXD033452_FB-NSP8_stable_PIC_2906_B_assay	proteomic profiling by mass spectrometry	data-dependent acquisition	NT=label free sample;AC=MS:1002038	1	1	not available	NT=Trypsin;AC=MS:1001251	NT=Carbamidomethyl;AC=UNIMOD:4;TA=C;MT=Fixed	NT=Oxidation;AC=UNIMOD:21;TA=M;MT=Variable	not available	not available	not available	not available	not available	not available	not available	not available	FB-NSP8_stable_PIC_2906_B.raw	NT=ms-proteomics;VV=v1.1.0	NT=crosslinking;VV=v1.0.0	NT=human;VV=v1.1.0
PXD033452_FB-S_stable_PIC_2906_C	Homo sapiens	whole cell lysate	HEK293 cells	202	PXD033452_FB-S_stable_PIC_2906_C_assay	proteomic profiling by mass spectrometry	data-dependent acquisition	NT=label free sample;AC=MS:1002038	1	1	not available	NT=Trypsin;AC=MS:1001251	NT=Carbamidomethyl;AC=UNIMOD:4;TA=C;MT=Fixed	NT=Oxidation;AC=UNIMOD:21;TA=M;MT=Variable	not available	not available	not available	not available	not available	not available	not available	not available	FB-S_stable_PIC_2906_C.raw	NT=ms-proteomics;VV=v1.1.0	NT=crosslinking;VV=v1.0.0	NT=human;VV=v1.1.0
PXD033452_FB-NSP1_transient_1004_A	Homo sapiens	whole cell lysate	HEK293 cells	203	PXD033452_FB-NSP1_transient_1004_A_assay	proteomic profiling by mass spectrometry	data-dependent acquisition	NT=label free sample;AC=MS:1002038	1	1	not available	NT=Trypsin;AC=MS:1001251	NT=Carbamidomethyl;AC=UNIMOD:4;TA=C;MT=Fixed	NT=Oxidation;AC=UNIMOD:21;TA=M;MT=Variable	not available	not available	not available	not available	not available	not available	not available	not available	FB-NSP1_transient_1004_A.raw	NT=ms-proteomics;VV=v1.1.0	NT=crosslinking;VV=v1.0.0	NT=human;VV=v1.1.0
PXD033452_FB-N_stable_PIC_1106_B	Homo sapiens	whole cell lysate	HEK293 cells	204	PXD033452_FB-N_stable_PIC_1106_B_assay	proteomic profiling by mass spectrometry	data-dependent acquisition	NT=label free sample;AC=MS:1002038	1	1	not available	NT=Trypsin;AC=MS:1001251	NT=Carbamidomethyl;AC=UNIMOD:4;TA=C;MT=Fixed	NT=Oxidation;AC=UNIMOD:21;TA=M;MT=Variable	not available	not available	not available	not available	not available	not available	not available	not available	FB-N_stable_PIC_1106_B.raw	NT=ms-proteomics;VV=v1.1.0	NT=crosslinking;VV=v1.0.0	NT=human;VV=v1.1.0
PXD033452_FB-orf7a_stable_2404_B	Homo sapiens	whole cell lysate	HEK293 cells	205	PXD033452_FB-orf7a_stable_2404_B_assay	proteomic profiling by mass spectrometry	data-dependent acquisition	NT=label free sample;AC=MS:1002038	1	1	not available	NT=Trypsin;AC=MS:1001251	NT=Carbamidomethyl;AC=UNIMOD:4;TA=C;MT=Fixed	NT=Oxidation;AC=UNIMOD:21;TA=M;MT=Variable	not available	not available	not available	not available	not available	not available	not available	not available	FB-orf7a_stable_2404_B.raw	NT=ms-proteomics;VV=v1.1.0	NT=crosslinking;VV=v1.0.0	NT=human;VV=v1.1.0
PXD033452_control_BF_only_stable_C1	Homo sapiens	whole cell lysate	HEK293 cells	206	PXD033452_control_BF_only_stable_C1_assay	proteomic profiling by mass spectrometry	data-dependent acquisition	NT=label free sample;AC=MS:1002038	1	1	not available	NT=Trypsin;AC=MS:1001251	NT=Carbamidomethyl;AC=UNIMOD:4;TA=C;MT=Fixed	NT=Oxidation;AC=UNIMOD:21;TA=M;MT=Variable	not available	not available	not available	not available	not available	not available	not available	not available	control_BF_only_stable_C1.raw	NT=ms-proteomics;VV=v1.1.0	NT=crosslinking;VV=v1.0.0	NT=human;VV=v1.1.0
PXD033452_FB-Orf3a_stable_2404_C	Homo sapiens	whole cell lysate	HEK293 cells	207	PXD033452_FB-Orf3a_stable_2404_C_assay	proteomic profiling by mass spectrometry	data-dependent acquisition	NT=label free sample;AC=MS:1002038	1	1	not available	NT=Trypsin;AC=MS:1001251	NT=Carbamidomethyl;AC=UNIMOD:4;TA=C;MT=Fixed	NT=Oxidation;AC=UNIMOD:21;TA=M;MT=Variable	not available	not available	not available	not available	not available	not available	not available	not available	FB-Orf3a_stable_2404_C.raw	NT=ms-proteomics;VV=v1.1.0	NT=crosslinking;VV=v1.0.0	NT=human;VV=v1.1.0
PXD033452_FB-orf9c_stable_PIC_0307_B	Homo sapiens	whole cell lysate	HEK293 cells	208	PXD033452_FB-orf9c_stable_PIC_0307_B_assay	proteomic profiling by mass spectrometry	data-dependent acquisition	NT=label free sample;AC=MS:1002038	1	1	not available	NT=Trypsin;AC=MS:1001251	NT=Carbamidomethyl;AC=UNIMOD:4;TA=C;MT=Fixed	NT=Oxidation;AC=UNIMOD:21;TA=M;MT=Variable	not available	not available	not available	not available	not available	not available	not available	not available	FB-orf9c_stable_PIC_0307_B.raw	NT=ms-proteomics;VV=v1.1.0	NT=crosslinking;VV=v1.0.0	NT=human;VV=v1.1.0
PXD033452_E-BF_stable_A	Homo sapiens	whole cell lysate	HEK293 cells	209	PXD033452_E-BF_stable_A_assay	proteomic profiling by mass spectrometry	data-dependent acquisition	NT=label free sample;AC=MS:1002038	1	1	not available	NT=Trypsin;AC=MS:1001251	NT=Carbamidomethyl;AC=UNIMOD:4;TA=C;MT=Fixed	NT=Oxidation;AC=UNIMOD:21;TA=M;MT=Variable	not available	not available	not available	not available	not available	not available	not available	not available	E-BF_stable_A.raw	NT=ms-proteomics;VV=v1.1.0	NT=crosslinking;VV=v1.0.0	NT=human;VV=v1.1.0
PXD033452_FB-NSP4_stable_PIC_1306_B	Homo sapiens	whole cell lysate	HEK293 cells	210	PXD033452_FB-NSP4_stable_PIC_1306_B_assay	proteomic profiling by mass spectrometry	data-dependent acquisition	NT=label free sample;AC=MS:1002038	1	1	not available	NT=Trypsin;AC=MS:1001251	NT=Carbamidomethyl;AC=UNIMOD:4;TA=C;MT=Fixed	NT=Oxidation;AC=UNIMOD:21;TA=M;MT=Variable	not available	not available	not available	not available	not available	not available	not available	not available	FB-NSP4_stable_PIC_1306_B.raw	NT=ms-proteomics;VV=v1.1.0	NT=crosslinking;VV=v1.0.0	NT=human;VV=v1.1.0
PXD033452_FB-NSP13_stable_pIC_2906_A	Homo sapiens	whole cell lysate	HEK293 cells	211	PXD033452_FB-NSP13_stable_pIC_2906_A_assay	proteomic profiling by mass spectrometry	data-dependent acquisition	NT=label free sample;AC=MS:1002038	1	1	not available	NT=Trypsin;AC=MS:1001251	NT=Carbamidomethyl;AC=UNIMOD:4;TA=C;MT=Fixed	NT=Oxidation;AC=UNIMOD:21;TA=M;MT=Variable	not available	not available	not available	not available	not available	not available	not available	not available	FB-NSP13_stable_pIC_2906_A.raw	NT=ms-proteomics;VV=v1.1.0	NT=crosslinking;VV=v1.0.0	NT=human;VV=v1.1.0
PXD033452_FB-Orf3a_stable_2404_B	Homo sapiens	whole cell lysate	HEK293 cells	212	PXD033452_FB-Orf3a_stable_2404_B_assay	proteomic profiling by mass spectrometry	data-dependent acquisition	NT=label free sample;AC=MS:1002038	1	1	not available	NT=Trypsin;AC=MS:1001251	NT=Carbamidomethyl;AC=UNIMOD:4;TA=C;MT=Fixed	NT=Oxidation;AC=UNIMOD:21;TA=M;MT=Variable	not available	not available	not available	not available	not available	not available	not available	not available	FB-Orf3a_stable_2404_B.raw	NT=ms-proteomics;VV=v1.1.0	NT=crosslinking;VV=v1.0.0	NT=human;VV=v1.1.0
PXD033452_FB-NSP6_stable_PIC_2906_A	Homo sapiens	whole cell lysate	HEK293 cells	213	PXD033452_FB-NSP6_stable_PIC_2906_A_assay	proteomic profiling by mass spectrometry	data-dependent acquisition	NT=label free sample;AC=MS:1002038	1	1	not available	NT=Trypsin;AC=MS:1001251	NT=Carbamidomethyl;AC=UNIMOD:4;TA=C;MT=Fixed	NT=Oxidation;AC=UNIMOD:21;TA=M;MT=Variable	not available	not available	not available	not available	not available	not available	not available	not available	FB-NSP6_stable_PIC_2906_A.raw	NT=ms-proteomics;VV=v1.1.0	NT=crosslinking;VV=v1.0.0	NT=human;VV=v1.1.0
PXD033452_control_BF_only_transient_A	Homo sapiens	whole cell lysate	HEK293 cells	214	PXD033452_control_BF_only_transient_A_assay	proteomic profiling by mass spectrometry	data-dependent acquisition	NT=label free sample;AC=MS:1002038	1	1	not available	NT=Trypsin;AC=MS:1001251	NT=Carbamidomethyl;AC=UNIMOD:4;TA=C;MT=Fixed	NT=Oxidation;AC=UNIMOD:21;TA=M;MT=Variable	not available	not available	not available	not available	not available	not available	not available	not available	control_BF_only_transient_A.raw	NT=ms-proteomics;VV=v1.1.0	NT=crosslinking;VV=v1.0.0	NT=human;VV=v1.1.0
PXD033452_orf9c-BF_stable_0307_A	Homo sapiens	whole cell lysate	HEK293 cells	215	PXD033452_orf9c-BF_stable_0307_A_assay	proteomic profiling by mass spectrometry	data-dependent acquisition	NT=label free sample;AC=MS:1002038	1	1	not available	NT=Trypsin;AC=MS:1001251	NT=Carbamidomethyl;AC=UNIMOD:4;TA=C;MT=Fixed	NT=Oxidation;AC=UNIMOD:21;TA=M;MT=Variable	not available	not available	not available	not available	not available	not available	not available	not available	orf9c-BF_stable_0307_A.raw	NT=ms-proteomics;VV=v1.1.0	NT=crosslinking;VV=v1.0.0	NT=human;VV=v1.1.0
PXD033452_FB-NSP14_stable_2804_B	Homo sapiens	whole cell lysate	HEK293 cells	216	PXD033452_FB-NSP14_stable_2804_B_assay	proteomic profiling by mass spectrometry	data-dependent acquisition	NT=label free sample;AC=MS:1002038	1	1	not available	NT=Trypsin;AC=MS:1001251	NT=Carbamidomethyl;AC=UNIMOD:4;TA=C;MT=Fixed	NT=Oxidation;AC=UNIMOD:21;TA=M;MT=Variable	not available	not available	not available	not available	not available	not available	not available	not available	FB-NSP14_stable_2804_B.raw	NT=ms-proteomics;VV=v1.1.0	NT=crosslinking;VV=v1.0.0	NT=human;VV=v1.1.0
PXD033452_FB-NSP15_stable_PIC_2906_C	Homo sapiens	whole cell lysate	HEK293 cells	217	PXD033452_FB-NSP15_stable_PIC_2906_C_assay	proteomic profiling by mass spectrometry	data-dependent acquisition	NT=label free sample;AC=MS:1002038	1	1	not available	NT=Trypsin;AC=MS:1001251	NT=Carbamidomethyl;AC=UNIMOD:4;TA=C;MT=Fixed	NT=Oxidation;AC=UNIMOD:21;TA=M;MT=Variable	not available	not available	not available	not available	not available	not available	not available	not available	FB-NSP15_stable_PIC_2906_C.raw	NT=ms-proteomics;VV=v1.1.0	NT=crosslinking;VV=v1.0.0	NT=human;VV=v1.1.0
PXD033452_FB-NSP13_stable_pIC_2906_B	Homo sapiens	whole cell lysate	HEK293 cells	218	PXD033452_FB-NSP13_stable_pIC_2906_B_assay	proteomic profiling by mass spectrometry	data-dependent acquisition	NT=label free sample;AC=MS:1002038	1	1	not available	NT=Trypsin;AC=MS:1001251	NT=Carbamidomethyl;AC=UNIMOD:4;TA=C;MT=Fixed	NT=Oxidation;AC=UNIMOD:21;TA=M;MT=Variable	not available	not available	not available	not available	not available	not available	not available	not available	FB-NSP13_stable_pIC_2906_B.raw	NT=ms-proteomics;VV=v1.1.0	NT=crosslinking;VV=v1.0.0	NT=human;VV=v1.1.0
PXD033452_FB-NSP1_transient_0706_C	Homo sapiens	whole cell lysate	HEK293 cells	219	PXD033452_FB-NSP1_transient_0706_C_assay	proteomic profiling by mass spectrometry	data-dependent acquisition	NT=label free sample;AC=MS:1002038	1	1	not available	NT=Trypsin;AC=MS:1001251	NT=Carbamidomethyl;AC=UNIMOD:4;TA=C;MT=Fixed	NT=Oxidation;AC=UNIMOD:21;TA=M;MT=Variable	not available	not available	not available	not available	not available	not available	not available	not available	FB-NSP1_transient_0706_C.raw	NT=ms-proteomics;VV=v1.1.0	NT=crosslinking;VV=v1.0.0	NT=human;VV=v1.1.0
PXD033452_FB-M_stable_PIC_1306_A	Homo sapiens	whole cell lysate	HEK293 cells	220	PXD033452_FB-M_stable_PIC_1306_A_assay	proteomic profiling by mass spectrometry	data-dependent acquisition	NT=label free sample;AC=MS:1002038	1	1	not available	NT=Trypsin;AC=MS:1001251	NT=Carbamidomethyl;AC=UNIMOD:4;TA=C;MT=Fixed	NT=Oxidation;AC=UNIMOD:21;TA=M;MT=Variable	not available	not available	not available	not available	not available	not available	not available	not available	FB-M_stable_PIC_1306_A.raw	NT=ms-proteomics;VV=v1.1.0	NT=crosslinking;VV=v1.0.0	NT=human;VV=v1.1.0
PXD033452_NSP8-BF_transient_1805_A	Homo sapiens	whole cell lysate	HEK293 cells	221	PXD033452_NSP8-BF_transient_1805_A_assay	proteomic profiling by mass spectrometry	data-dependent acquisition	NT=label free sample;AC=MS:1002038	1	1	not available	NT=Trypsin;AC=MS:1001251	NT=Carbamidomethyl;AC=UNIMOD:4;TA=C;MT=Fixed	NT=Oxidation;AC=UNIMOD:21;TA=M;MT=Variable	not available	not available	not available	not available	not available	not available	not available	not available	NSP8-BF_transient_1805_A.raw	NT=ms-proteomics;VV=v1.1.0	NT=crosslinking;VV=v1.0.0	NT=human;VV=v1.1.0
PXD033452_FB-E_stable_2904_B	Homo sapiens	whole cell lysate	HEK293 cells	222	PXD033452_FB-E_stable_2904_B_assay	proteomic profiling by mass spectrometry	data-dependent acquisition	NT=label free sample;AC=MS:1002038	1	1	not available	NT=Trypsin;AC=MS:1001251	NT=Carbamidomethyl;AC=UNIMOD:4;TA=C;MT=Fixed	NT=Oxidation;AC=UNIMOD:21;TA=M;MT=Variable	not available	not available	not available	not available	not available	not available	not available	not available	FB-E_stable_2904_B.raw	NT=ms-proteomics;VV=v1.1.0	NT=crosslinking;VV=v1.0.0	NT=human;VV=v1.1.0
PXD033452_FB-orf6_stable_2404_A	Homo sapiens	whole cell lysate	HEK293 cells	223	PXD033452_FB-orf6_stable_2404_A_assay	proteomic profiling by mass spectrometry	data-dependent acquisition	NT=label free sample;AC=MS:1002038	1	1	not available	NT=Trypsin;AC=MS:1001251	NT=Carbamidomethyl;AC=UNIMOD:4;TA=C;MT=Fixed	NT=Oxidation;AC=UNIMOD:21;TA=M;MT=Variable	not available	not available	not available	not available	not available	not available	not available	not available	FB-orf6_stable_2404_A.raw	NT=ms-proteomics;VV=v1.1.0	NT=crosslinking;VV=v1.0.0	NT=human;VV=v1.1.0
PXD033452_FB-NSP6_stable_0305_C	Homo sapiens	whole cell lysate	HEK293 cells	224	PXD033452_FB-NSP6_stable_0305_C_assay	proteomic profiling by mass spectrometry	data-dependent acquisition	NT=label free sample;AC=MS:1002038	1	1	not available	NT=Trypsin;AC=MS:1001251	NT=Carbamidomethyl;AC=UNIMOD:4;TA=C;MT=Fixed	NT=Oxidation;AC=UNIMOD:21;TA=M;MT=Variable	not available	not available	not available	not available	not available	not available	not available	not available	FB-NSP6_stable_0305_C.raw	NT=ms-proteomics;VV=v1.1.0	NT=crosslinking;VV=v1.0.0	NT=human;VV=v1.1.0
PXD033452_orf6-BF_stable_1805_C	Homo sapiens	whole cell lysate	HEK293 cells	225	PXD033452_orf6-BF_stable_1805_C_assay	proteomic profiling by mass spectrometry	data-dependent acquisition	NT=label free sample;AC=MS:1002038	1	1	not available	NT=Trypsin;AC=MS:1001251	NT=Carbamidomethyl;AC=UNIMOD:4;TA=C;MT=Fixed	NT=Oxidation;AC=UNIMOD:21;TA=M;MT=Variable	not available	not available	not available	not available	not available	not available	not available	not available	orf6-BF_stable_1805_C.raw	NT=ms-proteomics;VV=v1.1.0	NT=crosslinking;VV=v1.0.0	NT=human;VV=v1.1.0
PXD033452_NSP5-BF_stable_2306_A	Homo sapiens	whole cell lysate	HEK293 cells	226	PXD033452_NSP5-BF_stable_2306_A_assay	proteomic profiling by mass spectrometry	data-dependent acquisition	NT=label free sample;AC=MS:1002038	1	1	not available	NT=Trypsin;AC=MS:1001251	NT=Carbamidomethyl;AC=UNIMOD:4;TA=C;MT=Fixed	NT=Oxidation;AC=UNIMOD:21;TA=M;MT=Variable	not available	not available	not available	not available	not available	not available	not available	not available	NSP5-BF_stable_2306_A.raw	NT=ms-proteomics;VV=v1.1.0	NT=crosslinking;VV=v1.0.0	NT=human;VV=v1.1.0
PXD033452_orf3d-BF_stable_1805_A	Homo sapiens	whole cell lysate	HEK293 cells	227	PXD033452_orf3d-BF_stable_1805_A_assay	proteomic profiling by mass spectrometry	data-dependent acquisition	NT=label free sample;AC=MS:1002038	1	1	not available	NT=Trypsin;AC=MS:1001251	NT=Carbamidomethyl;AC=UNIMOD:4;TA=C;MT=Fixed	NT=Oxidation;AC=UNIMOD:21;TA=M;MT=Variable	not available	not available	not available	not available	not available	not available	not available	not available	orf3d-BF_stable_1805_A.raw	NT=ms-proteomics;VV=v1.1.0	NT=crosslinking;VV=v1.0.0	NT=human;VV=v1.1.0
PXD033452_NSP16-BF_stable_2506_B	Homo sapiens	whole cell lysate	HEK293 cells	228	PXD033452_NSP16-BF_stable_2506_B_assay	proteomic profiling by mass spectrometry	data-dependent acquisition	NT=label free sample;AC=MS:1002038	1	1	not available	NT=Trypsin;AC=MS:1001251	NT=Carbamidomethyl;AC=UNIMOD:4;TA=C;MT=Fixed	NT=Oxidation;AC=UNIMOD:21;TA=M;MT=Variable	not available	not available	not available	not available	not available	not available	not available	not available	NSP16-BF_stable_2506_B.raw	NT=ms-proteomics;VV=v1.1.0	NT=crosslinking;VV=v1.0.0	NT=human;VV=v1.1.0
PXD033452_M-BF_stable_B	Homo sapiens	whole cell lysate	HEK293 cells	229	PXD033452_M-BF_stable_B_assay	proteomic profiling by mass spectrometry	data-dependent acquisition	NT=label free sample;AC=MS:1002038	1	1	not available	NT=Trypsin;AC=MS:1001251	NT=Carbamidomethyl;AC=UNIMOD:4;TA=C;MT=Fixed	NT=Oxidation;AC=UNIMOD:21;TA=M;MT=Variable	not available	not available	not available	not available	not available	not available	not available	not available	M-BF_stable_B.raw	NT=ms-proteomics;VV=v1.1.0	NT=crosslinking;VV=v1.0.0	NT=human;VV=v1.1.0
PXD033452_NSP7-BF_stable_2306_A	Homo sapiens	whole cell lysate	HEK293 cells	230	PXD033452_NSP7-BF_stable_2306_A_assay	proteomic profiling by mass spectrometry	data-dependent acquisition	NT=label free sample;AC=MS:1002038	1	1	not available	NT=Trypsin;AC=MS:1001251	NT=Carbamidomethyl;AC=UNIMOD:4;TA=C;MT=Fixed	NT=Oxidation;AC=UNIMOD:21;TA=M;MT=Variable	not available	not available	not available	not available	not available	not available	not available	not available	NSP7-BF_stable_2306_A.raw	NT=ms-proteomics;VV=v1.1.0	NT=crosslinking;VV=v1.0.0	NT=human;VV=v1.1.0
PXD033452_NSP1-BF_stable_B	Homo sapiens	whole cell lysate	HEK293 cells	231	PXD033452_NSP1-BF_stable_B_assay	proteomic profiling by mass spectrometry	data-dependent acquisition	NT=label free sample;AC=MS:1002038	1	1	not available	NT=Trypsin;AC=MS:1001251	NT=Carbamidomethyl;AC=UNIMOD:4;TA=C;MT=Fixed	NT=Oxidation;AC=UNIMOD:21;TA=M;MT=Variable	not available	not available	not available	not available	not available	not available	not available	not available	NSP1-BF_stable_B.raw	NT=ms-proteomics;VV=v1.1.0	NT=crosslinking;VV=v1.0.0	NT=human;VV=v1.1.0
PXD033452_FB-NSP4_stable_0305_C	Homo sapiens	whole cell lysate	HEK293 cells	232	PXD033452_FB-NSP4_stable_0305_C_assay	proteomic profiling by mass spectrometry	data-dependent acquisition	NT=label free sample;AC=MS:1002038	1	1	not available	NT=Trypsin;AC=MS:1001251	NT=Carbamidomethyl;AC=UNIMOD:4;TA=C;MT=Fixed	NT=Oxidation;AC=UNIMOD:21;TA=M;MT=Variable	not available	not available	not available	not available	not available	not available	not available	not available	FB-NSP4_stable_0305_C.raw	NT=ms-proteomics;VV=v1.1.0	NT=crosslinking;VV=v1.0.0	NT=human;VV=v1.1.0
PXD033452_NSP8-BF_transient_1805_C	Homo sapiens	whole cell lysate	HEK293 cells	233	PXD033452_NSP8-BF_transient_1805_C_assay	proteomic profiling by mass spectrometry	data-dependent acquisition	NT=label free sample;AC=MS:1002038	1	1	not available	NT=Trypsin;AC=MS:1001251	NT=Carbamidomethyl;AC=UNIMOD:4;TA=C;MT=Fixed	NT=Oxidation;AC=UNIMOD:21;TA=M;MT=Variable	not available	not available	not available	not available	not available	not available	not available	not available	NSP8-BF_transient_1805_C.raw	NT=ms-proteomics;VV=v1.1.0	NT=crosslinking;VV=v1.0.0	NT=human;VV=v1.1.0
PXD033452_NSP13-BF_stable_0406_C	Homo sapiens	whole cell lysate	HEK293 cells	234	PXD033452_NSP13-BF_stable_0406_C_assay	proteomic profiling by mass spectrometry	data-dependent acquisition	NT=label free sample;AC=MS:1002038	1	1	not available	NT=Trypsin;AC=MS:1001251	NT=Carbamidomethyl;AC=UNIMOD:4;TA=C;MT=Fixed	NT=Oxidation;AC=UNIMOD:21;TA=M;MT=Variable	not available	not available	not available	not available	not available	not available	not available	not available	NSP13-BF_stable_0406_C.raw	NT=ms-proteomics;VV=v1.1.0	NT=crosslinking;VV=v1.0.0	NT=human;VV=v1.1.0
PXD033452_FB-NSP3_stable_1906_C	Homo sapiens	whole cell lysate	HEK293 cells	235	PXD033452_FB-NSP3_stable_1906_C_assay	proteomic profiling by mass spectrometry	data-dependent acquisition	NT=label free sample;AC=MS:1002038	1	1	not available	NT=Trypsin;AC=MS:1001251	NT=Carbamidomethyl;AC=UNIMOD:4;TA=C;MT=Fixed	NT=Oxidation;AC=UNIMOD:21;TA=M;MT=Variable	not available	not available	not available	not available	not available	not available	not available	not available	FB-NSP3_stable_1906_C.raw	NT=ms-proteomics;VV=v1.1.0	NT=crosslinking;VV=v1.0.0	NT=human;VV=v1.1.0
PXD033452_FB-Orf3a_stable_2404_A	Homo sapiens	whole cell lysate	HEK293 cells	236	PXD033452_FB-Orf3a_stable_2404_A_assay	proteomic profiling by mass spectrometry	data-dependent acquisition	NT=label free sample;AC=MS:1002038	1	1	not available	NT=Trypsin;AC=MS:1001251	NT=Carbamidomethyl;AC=UNIMOD:4;TA=C;MT=Fixed	NT=Oxidation;AC=UNIMOD:21;TA=M;MT=Variable	not available	not available	not available	not available	not available	not available	not available	not available	FB-Orf3a_stable_2404_A.raw	NT=ms-proteomics;VV=v1.1.0	NT=crosslinking;VV=v1.0.0	NT=human;VV=v1.1.0
PXD033452_FB-orf7b_stable_2404_C	Homo sapiens	whole cell lysate	HEK293 cells	237	PXD033452_FB-orf7b_stable_2404_C_assay	proteomic profiling by mass spectrometry	data-dependent acquisition	NT=label free sample;AC=MS:1002038	1	1	not available	NT=Trypsin;AC=MS:1001251	NT=Carbamidomethyl;AC=UNIMOD:4;TA=C;MT=Fixed	NT=Oxidation;AC=UNIMOD:21;TA=M;MT=Variable	not available	not available	not available	not available	not available	not available	not available	not available	FB-orf7b_stable_2404_C.raw	NT=ms-proteomics;VV=v1.1.0	NT=crosslinking;VV=v1.0.0	NT=human;VV=v1.1.0
PXD033452_FB-orf8_stable_0305_B	Homo sapiens	whole cell lysate	HEK293 cells	238	PXD033452_FB-orf8_stable_0305_B_assay	proteomic profiling by mass spectrometry	data-dependent acquisition	NT=label free sample;AC=MS:1002038	1	1	not available	NT=Trypsin;AC=MS:1001251	NT=Carbamidomethyl;AC=UNIMOD:4;TA=C;MT=Fixed	NT=Oxidation;AC=UNIMOD:21;TA=M;MT=Variable	not available	not available	not available	not available	not available	not available	not available	not available	FB-orf8_stable_0305_B.raw	NT=ms-proteomics;VV=v1.1.0	NT=crosslinking;VV=v1.0.0	NT=human;VV=v1.1.0
PXD033452_FB-NSP7_stable_1906_C	Homo sapiens	whole cell lysate	HEK293 cells	239	PXD033452_FB-NSP7_stable_1906_C_assay	proteomic profiling by mass spectrometry	data-dependent acquisition	NT=label free sample;AC=MS:1002038	1	1	not available	NT=Trypsin;AC=MS:1001251	NT=Carbamidomethyl;AC=UNIMOD:4;TA=C;MT=Fixed	NT=Oxidation;AC=UNIMOD:21;TA=M;MT=Variable	not available	not available	not available	not available	not available	not available	not available	not available	FB-NSP7_stable_1906_C.raw	NT=ms-proteomics;VV=v1.1.0	NT=crosslinking;VV=v1.0.0	NT=human;VV=v1.1.0
PXD033452_FB-NSP12_stable_2804_B	Homo sapiens	whole cell lysate	HEK293 cells	240	PXD033452_FB-NSP12_stable_2804_B_assay	proteomic profiling by mass spectrometry	data-dependent acquisition	NT=label free sample;AC=MS:1002038	1	1	not available	NT=Trypsin;AC=MS:1001251	NT=Carbamidomethyl;AC=UNIMOD:4;TA=C;MT=Fixed	NT=Oxidation;AC=UNIMOD:21;TA=M;MT=Variable	not available	not available	not available	not available	not available	not available	not available	not available	FB-NSP12_stable_2804_B.raw	NT=ms-proteomics;VV=v1.1.0	NT=crosslinking;VV=v1.0.0	NT=human;VV=v1.1.0
PXD033452_FB-orf7a_stable_2404_C	Homo sapiens	whole cell lysate	HEK293 cells	241	PXD033452_FB-orf7a_stable_2404_C_assay	proteomic profiling by mass spectrometry	data-dependent acquisition	NT=label free sample;AC=MS:1002038	1	1	not available	NT=Trypsin;AC=MS:1001251	NT=Carbamidomethyl;AC=UNIMOD:4;TA=C;MT=Fixed	NT=Oxidation;AC=UNIMOD:21;TA=M;MT=Variable	not available	not available	not available	not available	not available	not available	not available	not available	FB-orf7a_stable_2404_C.raw	NT=ms-proteomics;VV=v1.1.0	NT=crosslinking;VV=v1.0.0	NT=human;VV=v1.1.0
PXD033452_FB-NSP10_stable_pIC_2906_A	Homo sapiens	whole cell lysate	HEK293 cells	242	PXD033452_FB-NSP10_stable_pIC_2906_A_assay	proteomic profiling by mass spectrometry	data-dependent acquisition	NT=label free sample;AC=MS:1002038	1	1	not available	NT=Trypsin;AC=MS:1001251	NT=Carbamidomethyl;AC=UNIMOD:4;TA=C;MT=Fixed	NT=Oxidation;AC=UNIMOD:21;TA=M;MT=Variable	not available	not available	not available	not available	not available	not available	not available	not available	FB-NSP10_stable_pIC_2906_A.raw	NT=ms-proteomics;VV=v1.1.0	NT=crosslinking;VV=v1.0.0	NT=human;VV=v1.1.0
PXD033452_FB-NSP13_stable_pIC_2906_C	Homo sapiens	whole cell lysate	HEK293 cells	243	PXD033452_FB-NSP13_stable_pIC_2906_C_assay	proteomic profiling by mass spectrometry	data-dependent acquisition	NT=label free sample;AC=MS:1002038	1	1	not available	NT=Trypsin;AC=MS:1001251	NT=Carbamidomethyl;AC=UNIMOD:4;TA=C;MT=Fixed	NT=Oxidation;AC=UNIMOD:21;TA=M;MT=Variable	not available	not available	not available	not available	not available	not available	not available	not available	FB-NSP13_stable_pIC_2906_C.raw	NT=ms-proteomics;VV=v1.1.0	NT=crosslinking;VV=v1.0.0	NT=human;VV=v1.1.0
PXD033452_orf6-BF_stable_1805_B	Homo sapiens	whole cell lysate	HEK293 cells	244	PXD033452_orf6-BF_stable_1805_B_assay	proteomic profiling by mass spectrometry	data-dependent acquisition	NT=label free sample;AC=MS:1002038	1	1	not available	NT=Trypsin;AC=MS:1001251	NT=Carbamidomethyl;AC=UNIMOD:4;TA=C;MT=Fixed	NT=Oxidation;AC=UNIMOD:21;TA=M;MT=Variable	not available	not available	not available	not available	not available	not available	not available	not available	orf6-BF_stable_1805_B.raw	NT=ms-proteomics;VV=v1.1.0	NT=crosslinking;VV=v1.0.0	NT=human;VV=v1.1.0
PXD033452_FB-E_stable_PIC_2506_A	Homo sapiens	whole cell lysate	HEK293 cells	245	PXD033452_FB-E_stable_PIC_2506_A_assay	proteomic profiling by mass spectrometry	data-dependent acquisition	NT=label free sample;AC=MS:1002038	1	1	not available	NT=Trypsin;AC=MS:1001251	NT=Carbamidomethyl;AC=UNIMOD:4;TA=C;MT=Fixed	NT=Oxidation;AC=UNIMOD:21;TA=M;MT=Variable	not available	not available	not available	not available	not available	not available	not available	not available	FB-E_stable_PIC_2506_A.raw	NT=ms-proteomics;VV=v1.1.0	NT=crosslinking;VV=v1.0.0	NT=human;VV=v1.1.0
PXD033452_FB-NSP12_stable_2804_C	Homo sapiens	whole cell lysate	HEK293 cells	246	PXD033452_FB-NSP12_stable_2804_C_assay	proteomic profiling by mass spectrometry	data-dependent acquisition	NT=label free sample;AC=MS:1002038	1	1	not available	NT=Trypsin;AC=MS:1001251	NT=Carbamidomethyl;AC=UNIMOD:4;TA=C;MT=Fixed	NT=Oxidation;AC=UNIMOD:21;TA=M;MT=Variable	not available	not available	not available	not available	not available	not available	not available	not available	FB-NSP12_stable_2804_C.raw	NT=ms-proteomics;VV=v1.1.0	NT=crosslinking;VV=v1.0.0	NT=human;VV=v1.1.0
PXD033452_control_FB-only-stable-B	Homo sapiens	whole cell lysate	HEK293 cells	247	PXD033452_control_FB-only-stable-B_assay	proteomic profiling by mass spectrometry	data-dependent acquisition	NT=label free sample;AC=MS:1002038	1	1	not available	NT=Trypsin;AC=MS:1001251	NT=Carbamidomethyl;AC=UNIMOD:4;TA=C;MT=Fixed	NT=Oxidation;AC=UNIMOD:21;TA=M;MT=Variable	not available	not available	not available	not available	not available	not available	not available	not available	control_FB-only-stable-B.raw	NT=ms-proteomics;VV=v1.1.0	NT=crosslinking;VV=v1.0.0	NT=human;VV=v1.1.0
PXD033452_FB-NSP3_stable_PIC_2506_A	Homo sapiens	whole cell lysate	HEK293 cells	248	PXD033452_FB-NSP3_stable_PIC_2506_A_assay	proteomic profiling by mass spectrometry	data-dependent acquisition	NT=label free sample;AC=MS:1002038	1	1	not available	NT=Trypsin;AC=MS:1001251	NT=Carbamidomethyl;AC=UNIMOD:4;TA=C;MT=Fixed	NT=Oxidation;AC=UNIMOD:21;TA=M;MT=Variable	not available	not available	not available	not available	not available	not available	not available	not available	FB-NSP3_stable_PIC_2506_A.raw	NT=ms-proteomics;VV=v1.1.0	NT=crosslinking;VV=v1.0.0	NT=human;VV=v1.1.0
PXD033452_FB-NSP5_stable_PIC_2506_A	Homo sapiens	whole cell lysate	HEK293 cells	249	PXD033452_FB-NSP5_stable_PIC_2506_A_assay	proteomic profiling by mass spectrometry	data-dependent acquisition	NT=label free sample;AC=MS:1002038	1	1	not available	NT=Trypsin;AC=MS:1001251	NT=Carbamidomethyl;AC=UNIMOD:4;TA=C;MT=Fixed	NT=Oxidation;AC=UNIMOD:21;TA=M;MT=Variable	not available	not available	not available	not available	not available	not available	not available	not available	FB-NSP5_stable_PIC_2506_A.raw	NT=ms-proteomics;VV=v1.1.0	NT=crosslinking;VV=v1.0.0	NT=human;VV=v1.1.0
PXD033452_FB-orf8_stable_0305_A	Homo sapiens	whole cell lysate	HEK293 cells	250	PXD033452_FB-orf8_stable_0305_A_assay	proteomic profiling by mass spectrometry	data-dependent acquisition	NT=label free sample;AC=MS:1002038	1	1	not available	NT=Trypsin;AC=MS:1001251	NT=Carbamidomethyl;AC=UNIMOD:4;TA=C;MT=Fixed	NT=Oxidation;AC=UNIMOD:21;TA=M;MT=Variable	not available	not available	not available	not available	not available	not available	not available	not available	FB-orf8_stable_0305_A.raw	NT=ms-proteomics;VV=v1.1.0	NT=crosslinking;VV=v1.0.0	NT=human;VV=v1.1.0
PXD033452_S-BF_stable_1906_A	Homo sapiens	whole cell lysate	HEK293 cells	251	PXD033452_S-BF_stable_1906_A_assay	proteomic profiling by mass spectrometry	data-dependent acquisition	NT=label free sample;AC=MS:1002038	1	1	not available	NT=Trypsin;AC=MS:1001251	NT=Carbamidomethyl;AC=UNIMOD:4;TA=C;MT=Fixed	NT=Oxidation;AC=UNIMOD:21;TA=M;MT=Variable	not available	not available	not available	not available	not available	not available	not available	not available	S-BF_stable_1906_A.raw	NT=ms-proteomics;VV=v1.1.0	NT=crosslinking;VV=v1.0.0	NT=human;VV=v1.1.0
PXD033452_FB-NSP10_stable_1906_A	Homo sapiens	whole cell lysate	HEK293 cells	252	PXD033452_FB-NSP10_stable_1906_A_assay	proteomic profiling by mass spectrometry	data-dependent acquisition	NT=label free sample;AC=MS:1002038	1	1	not available	NT=Trypsin;AC=MS:1001251	NT=Carbamidomethyl;AC=UNIMOD:4;TA=C;MT=Fixed	NT=Oxidation;AC=UNIMOD:21;TA=M;MT=Variable	not available	not available	not available	not available	not available	not available	not available	not available	FB-NSP10_stable_1906_A.raw	NT=ms-proteomics;VV=v1.1.0	NT=crosslinking;VV=v1.0.0	NT=human;VV=v1.1.0
PXD033452_control_FB-only-stable-C	Homo sapiens	whole cell lysate	HEK293 cells	253	PXD033452_control_FB-only-stable-C_assay	proteomic profiling by mass spectrometry	data-dependent acquisition	NT=label free sample;AC=MS:1002038	1	1	not available	NT=Trypsin;AC=MS:1001251	NT=Carbamidomethyl;AC=UNIMOD:4;TA=C;MT=Fixed	NT=Oxidation;AC=UNIMOD:21;TA=M;MT=Variable	not available	not available	not available	not available	not available	not available	not available	not available	control_FB-only-stable-C.raw	NT=ms-proteomics;VV=v1.1.0	NT=crosslinking;VV=v1.0.0	NT=human;VV=v1.1.0
PXD033452_FB-S_stable_PIC_2906_B	Homo sapiens	whole cell lysate	HEK293 cells	254	PXD033452_FB-S_stable_PIC_2906_B_assay	proteomic profiling by mass spectrometry	data-dependent acquisition	NT=label free sample;AC=MS:1002038	1	1	not available	NT=Trypsin;AC=MS:1001251	NT=Carbamidomethyl;AC=UNIMOD:4;TA=C;MT=Fixed	NT=Oxidation;AC=UNIMOD:21;TA=M;MT=Variable	not available	not available	not available	not available	not available	not available	not available	not available	FB-S_stable_PIC_2906_B.raw	NT=ms-proteomics;VV=v1.1.0	NT=crosslinking;VV=v1.0.0	NT=human;VV=v1.1.0
PXD033452_FB-NSP2_stable_2804_B	Homo sapiens	whole cell lysate	HEK293 cells	255	PXD033452_FB-NSP2_stable_2804_B_assay	proteomic profiling by mass spectrometry	data-dependent acquisition	NT=label free sample;AC=MS:1002038	1	1	not available	NT=Trypsin;AC=MS:1001251	NT=Carbamidomethyl;AC=UNIMOD:4;TA=C;MT=Fixed	NT=Oxidation;AC=UNIMOD:21;TA=M;MT=Variable	not available	not available	not available	not available	not available	not available	not available	not available	FB-NSP2_stable_2804_B.raw	NT=ms-proteomics;VV=v1.1.0	NT=crosslinking;VV=v1.0.0	NT=human;VV=v1.1.0
PXD033452_FB-E_stable_PIC_2506_B	Homo sapiens	whole cell lysate	HEK293 cells	256	PXD033452_FB-E_stable_PIC_2506_B_assay	proteomic profiling by mass spectrometry	data-dependent acquisition	NT=label free sample;AC=MS:1002038	1	1	not available	NT=Trypsin;AC=MS:1001251	NT=Carbamidomethyl;AC=UNIMOD:4;TA=C;MT=Fixed	NT=Oxidation;AC=UNIMOD:21;TA=M;MT=Variable	not available	not available	not available	not available	not available	not available	not available	not available	FB-E_stable_PIC_2506_B.raw	NT=ms-proteomics;VV=v1.1.0	NT=crosslinking;VV=v1.0.0	NT=human;VV=v1.1.0
PXD033452_control_FB_only_stable_2404_K	Homo sapiens	whole cell lysate	HEK293 cells	257	PXD033452_control_FB_only_stable_2404_K_assay	proteomic profiling by mass spectrometry	data-dependent acquisition	NT=label free sample;AC=MS:1002038	1	1	not available	NT=Trypsin;AC=MS:1001251	NT=Carbamidomethyl;AC=UNIMOD:4;TA=C;MT=Fixed	NT=Oxidation;AC=UNIMOD:21;TA=M;MT=Variable	not available	not available	not available	not available	not available	not available	not available	not available	control_FB_only_stable_2404_K.raw	NT=ms-proteomics;VV=v1.1.0	NT=crosslinking;VV=v1.0.0	NT=human;VV=v1.1.0
PXD033452_FB-NSP8_stable_0805_A	Homo sapiens	whole cell lysate	HEK293 cells	258	PXD033452_FB-NSP8_stable_0805_A_assay	proteomic profiling by mass spectrometry	data-dependent acquisition	NT=label free sample;AC=MS:1002038	1	1	not available	NT=Trypsin;AC=MS:1001251	NT=Carbamidomethyl;AC=UNIMOD:4;TA=C;MT=Fixed	NT=Oxidation;AC=UNIMOD:21;TA=M;MT=Variable	not available	not available	not available	not available	not available	not available	not available	not available	FB-NSP8_stable_0805_A.raw	NT=ms-proteomics;VV=v1.1.0	NT=crosslinking;VV=v1.0.0	NT=human;VV=v1.1.0
PXD033452_NSP1-BF_stable_PIC_2506_B	Homo sapiens	whole cell lysate	HEK293 cells	259	PXD033452_NSP1-BF_stable_PIC_2506_B_assay	proteomic profiling by mass spectrometry	data-dependent acquisition	NT=label free sample;AC=MS:1002038	1	1	not available	NT=Trypsin;AC=MS:1001251	NT=Carbamidomethyl;AC=UNIMOD:4;TA=C;MT=Fixed	NT=Oxidation;AC=UNIMOD:21;TA=M;MT=Variable	not available	not available	not available	not available	not available	not available	not available	not available	NSP1-BF_stable_PIC_2506_B.raw	NT=ms-proteomics;VV=v1.1.0	NT=crosslinking;VV=v1.0.0	NT=human;VV=v1.1.0
PXD033452_FB-NSP16_stable_PIC_2906_A	Homo sapiens	whole cell lysate	HEK293 cells	260	PXD033452_FB-NSP16_stable_PIC_2906_A_assay	proteomic profiling by mass spectrometry	data-dependent acquisition	NT=label free sample;AC=MS:1002038	1	1	not available	NT=Trypsin;AC=MS:1001251	NT=Carbamidomethyl;AC=UNIMOD:4;TA=C;MT=Fixed	NT=Oxidation;AC=UNIMOD:21;TA=M;MT=Variable	not available	not available	not available	not available	not available	not available	not available	not available	FB-NSP16_stable_PIC_2906_A.raw	NT=ms-proteomics;VV=v1.1.0	NT=crosslinking;VV=v1.0.0	NT=human;VV=v1.1.0
PXD033452_control_BF_only_0607_F	Homo sapiens	whole cell lysate	HEK293 cells	261	PXD033452_control_BF_only_0607_F_assay	proteomic profiling by mass spectrometry	data-dependent acquisition	NT=label free sample;AC=MS:1002038	1	1	not available	NT=Trypsin;AC=MS:1001251	NT=Carbamidomethyl;AC=UNIMOD:4;TA=C;MT=Fixed	NT=Oxidation;AC=UNIMOD:21;TA=M;MT=Variable	not available	not available	not available	not available	not available	not available	not available	not available	control_BF_only_0607_F.raw	NT=ms-proteomics;VV=v1.1.0	NT=crosslinking;VV=v1.0.0	NT=human;VV=v1.1.0
PXD033452_NSP15-BF_stable_0607_C	Homo sapiens	whole cell lysate	HEK293 cells	262	PXD033452_NSP15-BF_stable_0607_C_assay	proteomic profiling by mass spectrometry	data-dependent acquisition	NT=label free sample;AC=MS:1002038	1	1	not available	NT=Trypsin;AC=MS:1001251	NT=Carbamidomethyl;AC=UNIMOD:4;TA=C;MT=Fixed	NT=Oxidation;AC=UNIMOD:21;TA=M;MT=Variable	not available	not available	not available	not available	not available	not available	not available	not available	NSP15-BF_stable_0607_C.raw	NT=ms-proteomics;VV=v1.1.0	NT=crosslinking;VV=v1.0.0	NT=human;VV=v1.1.0
PXD033452_NSP4-BF_stable_2306_A	Homo sapiens	whole cell lysate	HEK293 cells	263	PXD033452_NSP4-BF_stable_2306_A_assay	proteomic profiling by mass spectrometry	data-dependent acquisition	NT=label free sample;AC=MS:1002038	1	1	not available	NT=Trypsin;AC=MS:1001251	NT=Carbamidomethyl;AC=UNIMOD:4;TA=C;MT=Fixed	NT=Oxidation;AC=UNIMOD:21;TA=M;MT=Variable	not available	not available	not available	not available	not available	not available	not available	not available	NSP4-BF_stable_2306_A.raw	NT=ms-proteomics;VV=v1.1.0	NT=crosslinking;VV=v1.0.0	NT=human;VV=v1.1.0
PXD033452_FB-NSP14_stable_PIC_2306_C	Homo sapiens	whole cell lysate	HEK293 cells	264	PXD033452_FB-NSP14_stable_PIC_2306_C_assay	proteomic profiling by mass spectrometry	data-dependent acquisition	NT=label free sample;AC=MS:1002038	1	1	not available	NT=Trypsin;AC=MS:1001251	NT=Carbamidomethyl;AC=UNIMOD:4;TA=C;MT=Fixed	NT=Oxidation;AC=UNIMOD:21;TA=M;MT=Variable	not available	not available	not available	not available	not available	not available	not available	not available	FB-NSP14_stable_PIC_2306_C.raw	NT=ms-proteomics;VV=v1.1.0	NT=crosslinking;VV=v1.0.0	NT=human;VV=v1.1.0
PXD033452_NSP9-BF_stable_0406_C	Homo sapiens	whole cell lysate	HEK293 cells	265	PXD033452_NSP9-BF_stable_0406_C_assay	proteomic profiling by mass spectrometry	data-dependent acquisition	NT=label free sample;AC=MS:1002038	1	1	not available	NT=Trypsin;AC=MS:1001251	NT=Carbamidomethyl;AC=UNIMOD:4;TA=C;MT=Fixed	NT=Oxidation;AC=UNIMOD:21;TA=M;MT=Variable	not available	not available	not available	not available	not available	not available	not available	not available	NSP9-BF_stable_0406_C.raw	NT=ms-proteomics;VV=v1.1.0	NT=crosslinking;VV=v1.0.0	NT=human;VV=v1.1.0
PXD033452_S-BF_stable_1906_B	Homo sapiens	whole cell lysate	HEK293 cells	266	PXD033452_S-BF_stable_1906_B_assay	proteomic profiling by mass spectrometry	data-dependent acquisition	NT=label free sample;AC=MS:1002038	1	1	not available	NT=Trypsin;AC=MS:1001251	NT=Carbamidomethyl;AC=UNIMOD:4;TA=C;MT=Fixed	NT=Oxidation;AC=UNIMOD:21;TA=M;MT=Variable	not available	not available	not available	not available	not available	not available	not available	not available	S-BF_stable_1906_B.raw	NT=ms-proteomics;VV=v1.1.0	NT=crosslinking;VV=v1.0.0	NT=human;VV=v1.1.0
PXD033452_NSP14-BF_stable_0607_B	Homo sapiens	whole cell lysate	HEK293 cells	267	PXD033452_NSP14-BF_stable_0607_B_assay	proteomic profiling by mass spectrometry	data-dependent acquisition	NT=label free sample;AC=MS:1002038	1	1	not available	NT=Trypsin;AC=MS:1001251	NT=Carbamidomethyl;AC=UNIMOD:4;TA=C;MT=Fixed	NT=Oxidation;AC=UNIMOD:21;TA=M;MT=Variable	not available	not available	not available	not available	not available	not available	not available	not available	NSP14-BF_stable_0607_B.raw	NT=ms-proteomics;VV=v1.1.0	NT=crosslinking;VV=v1.0.0	NT=human;VV=v1.1.0
PXD033452_FB-orf7a_stable_PIC_0805_A	Homo sapiens	whole cell lysate	HEK293 cells	268	PXD033452_FB-orf7a_stable_PIC_0805_A_assay	proteomic profiling by mass spectrometry	data-dependent acquisition	NT=label free sample;AC=MS:1002038	1	1	not available	NT=Trypsin;AC=MS:1001251	NT=Carbamidomethyl;AC=UNIMOD:4;TA=C;MT=Fixed	NT=Oxidation;AC=UNIMOD:21;TA=M;MT=Variable	not available	not available	not available	not available	not available	not available	not available	not available	FB-orf7a_stable_PIC_0805_A.raw	NT=ms-proteomics;VV=v1.1.0	NT=crosslinking;VV=v1.0.0	NT=human;VV=v1.1.0
PXD033452_N-BF_stable_0805_C	Homo sapiens	whole cell lysate	HEK293 cells	269	PXD033452_N-BF_stable_0805_C_assay	proteomic profiling by mass spectrometry	data-dependent acquisition	NT=label free sample;AC=MS:1002038	1	1	not available	NT=Trypsin;AC=MS:1001251	NT=Carbamidomethyl;AC=UNIMOD:4;TA=C;MT=Fixed	NT=Oxidation;AC=UNIMOD:21;TA=M;MT=Variable	not available	not available	not available	not available	not available	not available	not available	not available	N-BF_stable_0805_C.raw	NT=ms-proteomics;VV=v1.1.0	NT=crosslinking;VV=v1.0.0	NT=human;VV=v1.1.0
PXD033452_orf3a-BF_stable_C	Homo sapiens	whole cell lysate	HEK293 cells	270	PXD033452_orf3a-BF_stable_C_assay	proteomic profiling by mass spectrometry	data-dependent acquisition	NT=label free sample;AC=MS:1002038	1	1	not available	NT=Trypsin;AC=MS:1001251	NT=Carbamidomethyl;AC=UNIMOD:4;TA=C;MT=Fixed	NT=Oxidation;AC=UNIMOD:21;TA=M;MT=Variable	not available	not available	not available	not available	not available	not available	not available	not available	orf3a-BF_stable_C.raw	NT=ms-proteomics;VV=v1.1.0	NT=crosslinking;VV=v1.0.0	NT=human;VV=v1.1.0
PXD033452_FB-orf3a_stable_PIC_1106_A	Homo sapiens	whole cell lysate	HEK293 cells	271	PXD033452_FB-orf3a_stable_PIC_1106_A_assay	proteomic profiling by mass spectrometry	data-dependent acquisition	NT=label free sample;AC=MS:1002038	1	1	not available	NT=Trypsin;AC=MS:1001251	NT=Carbamidomethyl;AC=UNIMOD:4;TA=C;MT=Fixed	NT=Oxidation;AC=UNIMOD:21;TA=M;MT=Variable	not available	not available	not available	not available	not available	not available	not available	not available	FB-orf3a_stable_PIC_1106_A.raw	NT=ms-proteomics;VV=v1.1.0	NT=crosslinking;VV=v1.0.0	NT=human;VV=v1.1.0
PXD033452_FB-orf9b_stable_0305_B	Homo sapiens	whole cell lysate	HEK293 cells	272	PXD033452_FB-orf9b_stable_0305_B_assay	proteomic profiling by mass spectrometry	data-dependent acquisition	NT=label free sample;AC=MS:1002038	1	1	not available	NT=Trypsin;AC=MS:1001251	NT=Carbamidomethyl;AC=UNIMOD:4;TA=C;MT=Fixed	NT=Oxidation;AC=UNIMOD:21;TA=M;MT=Variable	not available	not available	not available	not available	not available	not available	not available	not available	FB-orf9b_stable_0305_B.raw	NT=ms-proteomics;VV=v1.1.0	NT=crosslinking;VV=v1.0.0	NT=human;VV=v1.1.0
PXD033452_FB-NSP7_stable_PIC_2906_A	Homo sapiens	whole cell lysate	HEK293 cells	273	PXD033452_FB-NSP7_stable_PIC_2906_A_assay	proteomic profiling by mass spectrometry	data-dependent acquisition	NT=label free sample;AC=MS:1002038	1	1	not available	NT=Trypsin;AC=MS:1001251	NT=Carbamidomethyl;AC=UNIMOD:4;TA=C;MT=Fixed	NT=Oxidation;AC=UNIMOD:21;TA=M;MT=Variable	not available	not available	not available	not available	not available	not available	not available	not available	FB-NSP7_stable_PIC_2906_A.raw	NT=ms-proteomics;VV=v1.1.0	NT=crosslinking;VV=v1.0.0	NT=human;VV=v1.1.0
