source name	characteristics[organism]	characteristics[organism part]	characteristics[cell type]	characteristics[biological replicate]	assay name	technology type	comment[proteomics data acquisition method]	comment[label]	comment[fraction identifier]	comment[technical replicate]	comment[instrument]	comment[cleavage agent details]	comment[modification parameters]	comment[modification parameters]	comment[collision energy]	comment[dissociation method]	comment[cross-linker]	comment[crosslink enrichment method]	comment[crosslinker concentration]	comment[crosslinker to protein ratio]	comment[crosslinking reaction time]	comment[crosslinking temperature]	comment[data file]	comment[sdrf template]	comment[sdrf template]	comment[sdrf template]
PXD038018_HeLa_KP4CMTM9_noUV_1	Homo sapiens	whole cell lysate	pancreatic cancer-associated fibroblasts	1	PXD038018_HeLa_KP4CMTM9_noUV_1_assay	proteomic profiling by mass spectrometry	data-dependent acquisition	NT=label free sample;AC=MS:1002038	1	1	not available	NT=Trypsin;AC=MS:1001251	NT=Carbamidomethyl;AC=UNIMOD:4;TA=C;MT=Fixed	NT=Oxidation;AC=UNIMOD:21;TA=M;MT=Variable	not available	not available	not available	not available	not available	not available	not available	not available	HeLa_KP4CMTM9_noUV_1.raw	NT=ms-proteomics;VV=v1.1.0	NT=crosslinking;VV=v1.0.0	NT=human;VV=v1.1.0
PXD038018_5_189_HFX_PANC1_ManNAz_noCM_3	Mus musculus	whole cell lysate	pancreatic cancer-associated fibroblasts	2	PXD038018_5_189_HFX_PANC1_ManNAz_noCM_3_assay	proteomic profiling by mass spectrometry	data-dependent acquisition	NT=label free sample;AC=MS:1002038	1	1	not available	NT=Trypsin;AC=MS:1001251	NT=Carbamidomethyl;AC=UNIMOD:4;TA=C;MT=Fixed	NT=Oxidation;AC=UNIMOD:21;TA=M;MT=Variable	not available	not available	not available	not available	not available	not available	not available	not available	5_189_HFX_PANC1_ManNAz_noCM_3.raw	NT=ms-proteomics;VV=v1.1.0	NT=crosslinking;VV=v1.0.0	NT=human;VV=v1.1.0
PXD038018_3_178_QE_HeLa_ManNAz_KP4CM_cat_1	Homo sapiens	whole cell lysate	pancreatic cancer-associated fibroblasts	3	PXD038018_3_178_QE_HeLa_ManNAz_KP4CM_cat_1_assay	proteomic profiling by mass spectrometry	data-dependent acquisition	NT=label free sample;AC=MS:1002038	1	1	not available	NT=Trypsin;AC=MS:1001251	NT=Carbamidomethyl;AC=UNIMOD:4;TA=C;MT=Fixed	NT=Oxidation;AC=UNIMOD:21;TA=M;MT=Variable	not available	not available	not available	not available	not available	not available	not available	not available	3_178_QE_HeLa_ManNAz_KP4CM_cat_1.raw	NT=ms-proteomics;VV=v1.1.0	NT=crosslinking;VV=v1.0.0	NT=human;VV=v1.1.0
PXD038018_4_181_QE_HeLa_probe1_HGFvBSA_1v10_1	Homo sapiens	whole cell lysate	pancreatic cancer-associated fibroblasts	4	PXD038018_4_181_QE_HeLa_probe1_HGFvBSA_1v10_1_assay	proteomic profiling by mass spectrometry	data-dependent acquisition	NT=label free sample;AC=MS:1002038	1	1	not available	NT=Trypsin;AC=MS:1001251	NT=Carbamidomethyl;AC=UNIMOD:4;TA=C;MT=Fixed	NT=Oxidation;AC=UNIMOD:21;TA=M;MT=Variable	not available	not available	not available	not available	not available	not available	not available	not available	4_181_QE_HeLa_probe1_HGFvBSA_1v10_1.raw	NT=ms-proteomics;VV=v1.1.0	NT=crosslinking;VV=v1.0.0	NT=human;VV=v1.1.0
PXD038018_6_95_HFX_PSC_PLAU_1	Mus musculus	whole cell lysate	pancreatic cancer-associated fibroblasts	5	PXD038018_6_95_HFX_PSC_PLAU_1_assay	proteomic profiling by mass spectrometry	data-dependent acquisition	NT=label free sample;AC=MS:1002038	1	1	not available	NT=Trypsin;AC=MS:1001251	NT=Carbamidomethyl;AC=UNIMOD:4;TA=C;MT=Fixed	NT=Oxidation;AC=UNIMOD:21;TA=M;MT=Variable	not available	not available	not available	not available	not available	not available	not available	not available	6_95_HFX_PSC_PLAU_1.raw	NT=ms-proteomics;VV=v1.1.0	NT=crosslinking;VV=v1.0.0	NT=human;VV=v1.1.0
PXD038018_4_159_QE_HeLa_HGFvTM3_1v3_1	Homo sapiens	whole cell lysate	pancreatic cancer-associated fibroblasts	6	PXD038018_4_159_QE_HeLa_HGFvTM3_1v3_1_assay	proteomic profiling by mass spectrometry	data-dependent acquisition	NT=label free sample;AC=MS:1002038	1	1	not available	NT=Trypsin;AC=MS:1001251	NT=Carbamidomethyl;AC=UNIMOD:4;TA=C;MT=Fixed	NT=Oxidation;AC=UNIMOD:21;TA=M;MT=Variable	not available	not available	not available	not available	not available	not available	not available	not available	4_159_QE_HeLa_HGFvTM3_1v3_1.raw	NT=ms-proteomics;VV=v1.1.0	NT=crosslinking;VV=v1.0.0	NT=human;VV=v1.1.0
PXD038018_3_89_QE_Vero_RBD_1	Homo sapiens	whole cell lysate	pancreatic cancer-associated fibroblasts	7	PXD038018_3_89_QE_Vero_RBD_1_assay	proteomic profiling by mass spectrometry	data-dependent acquisition	NT=label free sample;AC=MS:1002038	1	1	not available	NT=Trypsin;AC=MS:1001251	NT=Carbamidomethyl;AC=UNIMOD:4;TA=C;MT=Fixed	NT=Oxidation;AC=UNIMOD:21;TA=M;MT=Variable	not available	not available	not available	not available	not available	not available	not available	not available	3_89_QE_Vero_RBD_1.raw	NT=ms-proteomics;VV=v1.1.0	NT=crosslinking;VV=v1.0.0	NT=human;VV=v1.1.0
PXD038018_6_107_HFX_HeLa_BSA_2	Homo sapiens	whole cell lysate	pancreatic cancer-associated fibroblasts	8	PXD038018_6_107_HFX_HeLa_BSA_2_assay	proteomic profiling by mass spectrometry	data-dependent acquisition	NT=label free sample;AC=MS:1002038	1	1	not available	NT=Trypsin;AC=MS:1001251	NT=Carbamidomethyl;AC=UNIMOD:4;TA=C;MT=Fixed	NT=Oxidation;AC=UNIMOD:21;TA=M;MT=Variable	not available	not available	not available	not available	not available	not available	not available	not available	6_107_HFX_HeLa_BSA_2.raw	NT=ms-proteomics;VV=v1.1.0	NT=crosslinking;VV=v1.0.0	NT=human;VV=v1.1.0
PXD038018_5_63_HFX_HeLa_HGFTM8_2E5_3	Homo sapiens	whole cell lysate	pancreatic cancer-associated fibroblasts	9	PXD038018_5_63_HFX_HeLa_HGFTM8_2E5_3_assay	proteomic profiling by mass spectrometry	data-dependent acquisition	NT=label free sample;AC=MS:1002038	1	1	not available	NT=Trypsin;AC=MS:1001251	NT=Carbamidomethyl;AC=UNIMOD:4;TA=C;MT=Fixed	NT=Oxidation;AC=UNIMOD:21;TA=M;MT=Variable	not available	not available	not available	not available	not available	not available	not available	not available	5_63_HFX_HeLa_HGFTM8_2E5_3.raw	NT=ms-proteomics;VV=v1.1.0	NT=crosslinking;VV=v1.0.0	NT=human;VV=v1.1.0
PXD038018_6_182_QE_HeLa_5uL_3	Homo sapiens	whole cell lysate	pancreatic cancer-associated fibroblasts	10	PXD038018_6_182_QE_HeLa_5uL_3_assay	proteomic profiling by mass spectrometry	data-dependent acquisition	NT=label free sample;AC=MS:1002038	1	1	not available	NT=Trypsin;AC=MS:1001251	NT=Carbamidomethyl;AC=UNIMOD:4;TA=C;MT=Fixed	NT=Oxidation;AC=UNIMOD:21;TA=M;MT=Variable	not available	not available	not available	not available	not available	not available	not available	not available	6_182_QE_HeLa_5uL_3.raw	NT=ms-proteomics;VV=v1.1.0	NT=crosslinking;VV=v1.0.0	NT=human;VV=v1.1.0
PXD038018_4_159_QE_HeLa_HGFvTM3_1v2_3	Homo sapiens	whole cell lysate	pancreatic cancer-associated fibroblasts	11	PXD038018_4_159_QE_HeLa_HGFvTM3_1v2_3_assay	proteomic profiling by mass spectrometry	data-dependent acquisition	NT=label free sample;AC=MS:1002038	1	1	not available	NT=Trypsin;AC=MS:1001251	NT=Carbamidomethyl;AC=UNIMOD:4;TA=C;MT=Fixed	NT=Oxidation;AC=UNIMOD:21;TA=M;MT=Variable	not available	not available	not available	not available	not available	not available	not available	not available	4_159_QE_HeLa_HGFvTM3_1v2_3.raw	NT=ms-proteomics;VV=v1.1.0	NT=crosslinking;VV=v1.0.0	NT=human;VV=v1.1.0
PXD038018_4_187_QE_HeLa_HGF_probe2_3	Homo sapiens	whole cell lysate	pancreatic cancer-associated fibroblasts	12	PXD038018_4_187_QE_HeLa_HGF_probe2_3_assay	proteomic profiling by mass spectrometry	data-dependent acquisition	NT=label free sample;AC=MS:1002038	1	1	not available	NT=Trypsin;AC=MS:1001251	NT=Carbamidomethyl;AC=UNIMOD:4;TA=C;MT=Fixed	NT=Oxidation;AC=UNIMOD:21;TA=M;MT=Variable	not available	not available	not available	not available	not available	not available	not available	not available	4_187_QE_HeLa_HGF_probe2_3.raw	NT=ms-proteomics;VV=v1.1.0	NT=crosslinking;VV=v1.0.0	NT=human;VV=v1.1.0
PXD038018_5_189_HFX_PANC1_ManNAz_PSCCM_uncat_2	Mus musculus	whole cell lysate	pancreatic cancer-associated fibroblasts	13	PXD038018_5_189_HFX_PANC1_ManNAz_PSCCM_uncat_2_assay	proteomic profiling by mass spectrometry	data-dependent acquisition	NT=label free sample;AC=MS:1002038	1	1	not available	NT=Trypsin;AC=MS:1001251	NT=Carbamidomethyl;AC=UNIMOD:4;TA=C;MT=Fixed	NT=Oxidation;AC=UNIMOD:21;TA=M;MT=Variable	not available	not available	not available	not available	not available	not available	not available	not available	5_189_HFX_PANC1_ManNAz_PSCCM_uncat_2.raw	NT=ms-proteomics;VV=v1.1.0	NT=crosslinking;VV=v1.0.0	NT=human;VV=v1.1.0
PXD038018_3_178_QE_HeLa_ManNAz_KP4CM_cat_2	Homo sapiens	whole cell lysate	pancreatic cancer-associated fibroblasts	14	PXD038018_3_178_QE_HeLa_ManNAz_KP4CM_cat_2_assay	proteomic profiling by mass spectrometry	data-dependent acquisition	NT=label free sample;AC=MS:1002038	1	1	not available	NT=Trypsin;AC=MS:1001251	NT=Carbamidomethyl;AC=UNIMOD:4;TA=C;MT=Fixed	NT=Oxidation;AC=UNIMOD:21;TA=M;MT=Variable	not available	not available	not available	not available	not available	not available	not available	not available	3_178_QE_HeLa_ManNAz_KP4CM_cat_2.raw	NT=ms-proteomics;VV=v1.1.0	NT=crosslinking;VV=v1.0.0	NT=human;VV=v1.1.0
PXD038018_4_122_QE_EGFvProbe1_3v1_1	Homo sapiens	whole cell lysate	pancreatic cancer-associated fibroblasts	15	PXD038018_4_122_QE_EGFvProbe1_3v1_1_assay	proteomic profiling by mass spectrometry	data-dependent acquisition	NT=label free sample;AC=MS:1002038	1	1	not available	NT=Trypsin;AC=MS:1001251	NT=Carbamidomethyl;AC=UNIMOD:4;TA=C;MT=Fixed	NT=Oxidation;AC=UNIMOD:21;TA=M;MT=Variable	not available	not available	not available	not available	not available	not available	not available	not available	4_122_QE_EGFvProbe1_3v1_1.raw	NT=ms-proteomics;VV=v1.1.0	NT=crosslinking;VV=v1.0.0	NT=human;VV=v1.1.0
PXD038018_6_182_QE_HeLa_1uL_2	Homo sapiens	whole cell lysate	pancreatic cancer-associated fibroblasts	16	PXD038018_6_182_QE_HeLa_1uL_2_assay	proteomic profiling by mass spectrometry	data-dependent acquisition	NT=label free sample;AC=MS:1002038	1	1	not available	NT=Trypsin;AC=MS:1001251	NT=Carbamidomethyl;AC=UNIMOD:4;TA=C;MT=Fixed	NT=Oxidation;AC=UNIMOD:21;TA=M;MT=Variable	not available	not available	not available	not available	not available	not available	not available	not available	6_182_QE_HeLa_1uL_2.raw	NT=ms-proteomics;VV=v1.1.0	NT=crosslinking;VV=v1.0.0	NT=human;VV=v1.1.0
PXD038018_2_80_Fu_mem_GalNAz_rep1	Homo sapiens	whole cell lysate	pancreatic cancer-associated fibroblasts	17	PXD038018_2_80_Fu_mem_GalNAz_rep1_assay	proteomic profiling by mass spectrometry	data-dependent acquisition	NT=label free sample;AC=MS:1002038	1	1	not available	NT=Trypsin;AC=MS:1001251	NT=Carbamidomethyl;AC=UNIMOD:4;TA=C;MT=Fixed	NT=Oxidation;AC=UNIMOD:21;TA=M;MT=Variable	not available	not available	not available	not available	not available	not available	not available	not available	2_80_Fu_mem_GalNAz_rep1.raw	NT=ms-proteomics;VV=v1.1.0	NT=crosslinking;VV=v1.0.0	NT=human;VV=v1.1.0
PXD038018_6_84_HFX_PSC_BSA_1	Mus musculus	whole cell lysate	pancreatic cancer-associated fibroblasts	18	PXD038018_6_84_HFX_PSC_BSA_1_assay	proteomic profiling by mass spectrometry	data-dependent acquisition	NT=label free sample;AC=MS:1002038	1	1	not available	NT=Trypsin;AC=MS:1001251	NT=Carbamidomethyl;AC=UNIMOD:4;TA=C;MT=Fixed	NT=Oxidation;AC=UNIMOD:21;TA=M;MT=Variable	not available	not available	not available	not available	not available	not available	not available	not available	6_84_HFX_PSC_BSA_1.raw	NT=ms-proteomics;VV=v1.1.0	NT=crosslinking;VV=v1.0.0	NT=human;VV=v1.1.0
PXD038018_4_122_QE_EGFvProbe1_3v1_3	Homo sapiens	whole cell lysate	pancreatic cancer-associated fibroblasts	19	PXD038018_4_122_QE_EGFvProbe1_3v1_3_assay	proteomic profiling by mass spectrometry	data-dependent acquisition	NT=label free sample;AC=MS:1002038	1	1	not available	NT=Trypsin;AC=MS:1001251	NT=Carbamidomethyl;AC=UNIMOD:4;TA=C;MT=Fixed	NT=Oxidation;AC=UNIMOD:21;TA=M;MT=Variable	not available	not available	not available	not available	not available	not available	not available	not available	4_122_QE_EGFvProbe1_3v1_3.raw	NT=ms-proteomics;VV=v1.1.0	NT=crosslinking;VV=v1.0.0	NT=human;VV=v1.1.0
PXD038018_5_23_QE_KP4CM_1	Homo sapiens	whole cell lysate	pancreatic cancer-associated fibroblasts	20	PXD038018_5_23_QE_KP4CM_1_assay	proteomic profiling by mass spectrometry	data-dependent acquisition	NT=label free sample;AC=MS:1002038	1	1	not available	NT=Trypsin;AC=MS:1001251	NT=Carbamidomethyl;AC=UNIMOD:4;TA=C;MT=Fixed	NT=Oxidation;AC=UNIMOD:21;TA=M;MT=Variable	not available	not available	not available	not available	not available	not available	not available	not available	5_23_QE_KP4CM_1.raw	NT=ms-proteomics;VV=v1.1.0	NT=crosslinking;VV=v1.0.0	NT=human;VV=v1.1.0
PXD038018_4_181_QE_HeLa_probe1_HGFvBSA_1v50_3	Homo sapiens	whole cell lysate	pancreatic cancer-associated fibroblasts	21	PXD038018_4_181_QE_HeLa_probe1_HGFvBSA_1v50_3_assay	proteomic profiling by mass spectrometry	data-dependent acquisition	NT=label free sample;AC=MS:1002038	1	1	not available	NT=Trypsin;AC=MS:1001251	NT=Carbamidomethyl;AC=UNIMOD:4;TA=C;MT=Fixed	NT=Oxidation;AC=UNIMOD:21;TA=M;MT=Variable	not available	not available	not available	not available	not available	not available	not available	not available	4_181_QE_HeLa_probe1_HGFvBSA_1v50_3.raw	NT=ms-proteomics;VV=v1.1.0	NT=crosslinking;VV=v1.0.0	NT=human;VV=v1.1.0
PXD038018_6_19_QE_3T3_con_2	Mus musculus	whole cell lysate	pancreatic cancer-associated fibroblasts	22	PXD038018_6_19_QE_3T3_con_2_assay	proteomic profiling by mass spectrometry	data-dependent acquisition	NT=label free sample;AC=MS:1002038	1	1	not available	NT=Trypsin;AC=MS:1001251	NT=Carbamidomethyl;AC=UNIMOD:4;TA=C;MT=Fixed	NT=Oxidation;AC=UNIMOD:21;TA=M;MT=Variable	not available	not available	not available	not available	not available	not available	not available	not available	6_19_QE_3T3_con_2.raw	NT=ms-proteomics;VV=v1.1.0	NT=crosslinking;VV=v1.0.0	NT=human;VV=v1.1.0
PXD038018_5_189_HFX_Mia_ManNAz_PSCCM_uncat_3	Mus musculus	whole cell lysate	pancreatic cancer-associated fibroblasts	23	PXD038018_5_189_HFX_Mia_ManNAz_PSCCM_uncat_3_assay	proteomic profiling by mass spectrometry	data-dependent acquisition	NT=label free sample;AC=MS:1002038	1	1	not available	NT=Trypsin;AC=MS:1001251	NT=Carbamidomethyl;AC=UNIMOD:4;TA=C;MT=Fixed	NT=Oxidation;AC=UNIMOD:21;TA=M;MT=Variable	not available	not available	not available	not available	not available	not available	not available	not available	5_189_HFX_Mia_ManNAz_PSCCM_uncat_3.raw	NT=ms-proteomics;VV=v1.1.0	NT=crosslinking;VV=v1.0.0	NT=human;VV=v1.1.0
PXD038018_6_178_QE_HeLa_Tris_1	Homo sapiens	whole cell lysate	pancreatic cancer-associated fibroblasts	24	PXD038018_6_178_QE_HeLa_Tris_1_assay	proteomic profiling by mass spectrometry	data-dependent acquisition	NT=label free sample;AC=MS:1002038	1	1	not available	NT=Trypsin;AC=MS:1001251	NT=Carbamidomethyl;AC=UNIMOD:4;TA=C;MT=Fixed	NT=Oxidation;AC=UNIMOD:21;TA=M;MT=Variable	not available	not available	not available	not available	not available	not available	not available	not available	6_178_QE_HeLa_Tris_1.raw	NT=ms-proteomics;VV=v1.1.0	NT=crosslinking;VV=v1.0.0	NT=human;VV=v1.1.0
PXD038018_4_159_QE_HeLa_HGFvTM3_1v2_2	Homo sapiens	whole cell lysate	pancreatic cancer-associated fibroblasts	25	PXD038018_4_159_QE_HeLa_HGFvTM3_1v2_2_assay	proteomic profiling by mass spectrometry	data-dependent acquisition	NT=label free sample;AC=MS:1002038	1	1	not available	NT=Trypsin;AC=MS:1001251	NT=Carbamidomethyl;AC=UNIMOD:4;TA=C;MT=Fixed	NT=Oxidation;AC=UNIMOD:21;TA=M;MT=Variable	not available	not available	not available	not available	not available	not available	not available	not available	4_159_QE_HeLa_HGFvTM3_1v2_2.raw	NT=ms-proteomics;VV=v1.1.0	NT=crosslinking;VV=v1.0.0	NT=human;VV=v1.1.0
PXD038018_6_178_QE_HeLa_HGF_1	Homo sapiens	whole cell lysate	pancreatic cancer-associated fibroblasts	26	PXD038018_6_178_QE_HeLa_HGF_1_assay	proteomic profiling by mass spectrometry	data-dependent acquisition	NT=label free sample;AC=MS:1002038	1	1	not available	NT=Trypsin;AC=MS:1001251	NT=Carbamidomethyl;AC=UNIMOD:4;TA=C;MT=Fixed	NT=Oxidation;AC=UNIMOD:21;TA=M;MT=Variable	not available	not available	not available	not available	not available	not available	not available	not available	6_178_QE_HeLa_HGF_1.raw	NT=ms-proteomics;VV=v1.1.0	NT=crosslinking;VV=v1.0.0	NT=human;VV=v1.1.0
PXD038018_4_187_QE_HeLa_HGF_probe3_3	Homo sapiens	whole cell lysate	pancreatic cancer-associated fibroblasts	27	PXD038018_4_187_QE_HeLa_HGF_probe3_3_assay	proteomic profiling by mass spectrometry	data-dependent acquisition	NT=label free sample;AC=MS:1002038	1	1	not available	NT=Trypsin;AC=MS:1001251	NT=Carbamidomethyl;AC=UNIMOD:4;TA=C;MT=Fixed	NT=Oxidation;AC=UNIMOD:21;TA=M;MT=Variable	not available	not available	not available	not available	not available	not available	not available	not available	4_187_QE_HeLa_HGF_probe3_3.raw	NT=ms-proteomics;VV=v1.1.0	NT=crosslinking;VV=v1.0.0	NT=human;VV=v1.1.0
PXD038018_4_5_QE_HeLa_INS_2	Homo sapiens	whole cell lysate	pancreatic cancer-associated fibroblasts	28	PXD038018_4_5_QE_HeLa_INS_2_assay	proteomic profiling by mass spectrometry	data-dependent acquisition	NT=label free sample;AC=MS:1002038	1	1	not available	NT=Trypsin;AC=MS:1001251	NT=Carbamidomethyl;AC=UNIMOD:4;TA=C;MT=Fixed	NT=Oxidation;AC=UNIMOD:21;TA=M;MT=Variable	not available	not available	not available	not available	not available	not available	not available	not available	4_5_QE_HeLa_INS_2.raw	NT=ms-proteomics;VV=v1.1.0	NT=crosslinking;VV=v1.0.0	NT=human;VV=v1.1.0
PXD038018_3_17_QE_HeLa_EGF_3	Homo sapiens	whole cell lysate	pancreatic cancer-associated fibroblasts	29	PXD038018_3_17_QE_HeLa_EGF_3_assay	proteomic profiling by mass spectrometry	data-dependent acquisition	NT=label free sample;AC=MS:1002038	1	1	not available	NT=Trypsin;AC=MS:1001251	NT=Carbamidomethyl;AC=UNIMOD:4;TA=C;MT=Fixed	NT=Oxidation;AC=UNIMOD:21;TA=M;MT=Variable	not available	not available	not available	not available	not available	not available	not available	not available	3_17_QE_HeLa_EGF_3.raw	NT=ms-proteomics;VV=v1.1.0	NT=crosslinking;VV=v1.0.0	NT=human;VV=v1.1.0
PXD038018_3_17_QE_HeLa_HGF_1	Homo sapiens	whole cell lysate	pancreatic cancer-associated fibroblasts	30	PXD038018_3_17_QE_HeLa_HGF_1_assay	proteomic profiling by mass spectrometry	data-dependent acquisition	NT=label free sample;AC=MS:1002038	1	1	not available	NT=Trypsin;AC=MS:1001251	NT=Carbamidomethyl;AC=UNIMOD:4;TA=C;MT=Fixed	NT=Oxidation;AC=UNIMOD:21;TA=M;MT=Variable	not available	not available	not available	not available	not available	not available	not available	not available	3_17_QE_HeLa_HGF_1.raw	NT=ms-proteomics;VV=v1.1.0	NT=crosslinking;VV=v1.0.0	NT=human;VV=v1.1.0
PXD038018_5_189_HFX_Mia_ManNAz_PSCCM_cat_1	Mus musculus	whole cell lysate	pancreatic cancer-associated fibroblasts	31	PXD038018_5_189_HFX_Mia_ManNAz_PSCCM_cat_1_assay	proteomic profiling by mass spectrometry	data-dependent acquisition	NT=label free sample;AC=MS:1002038	1	1	not available	NT=Trypsin;AC=MS:1001251	NT=Carbamidomethyl;AC=UNIMOD:4;TA=C;MT=Fixed	NT=Oxidation;AC=UNIMOD:21;TA=M;MT=Variable	not available	not available	not available	not available	not available	not available	not available	not available	5_189_HFX_Mia_ManNAz_PSCCM_cat_1.raw	NT=ms-proteomics;VV=v1.1.0	NT=crosslinking;VV=v1.0.0	NT=human;VV=v1.1.0
PXD038018_2_80_Fu_mem_GalNAz_rep3	Homo sapiens	whole cell lysate	pancreatic cancer-associated fibroblasts	32	PXD038018_2_80_Fu_mem_GalNAz_rep3_assay	proteomic profiling by mass spectrometry	data-dependent acquisition	NT=label free sample;AC=MS:1002038	1	3	not available	NT=Trypsin;AC=MS:1001251	NT=Carbamidomethyl;AC=UNIMOD:4;TA=C;MT=Fixed	NT=Oxidation;AC=UNIMOD:21;TA=M;MT=Variable	not available	not available	not available	not available	not available	not available	not available	not available	2_80_Fu_mem_GalNAz_rep3.raw	NT=ms-proteomics;VV=v1.1.0	NT=crosslinking;VV=v1.0.0	NT=human;VV=v1.1.0
PXD038018_5_113_HFX_PSCCM_3	Mus musculus	whole cell lysate	pancreatic cancer-associated fibroblasts	33	PXD038018_5_113_HFX_PSCCM_3_assay	proteomic profiling by mass spectrometry	data-dependent acquisition	NT=label free sample;AC=MS:1002038	1	1	not available	NT=Trypsin;AC=MS:1001251	NT=Carbamidomethyl;AC=UNIMOD:4;TA=C;MT=Fixed	NT=Oxidation;AC=UNIMOD:21;TA=M;MT=Variable	not available	not available	not available	not available	not available	not available	not available	not available	5_113_HFX_PSCCM_3.raw	NT=ms-proteomics;VV=v1.1.0	NT=crosslinking;VV=v1.0.0	NT=human;VV=v1.1.0
PXD038018_HeLa_KP4CMTM9_UV_3	Homo sapiens	whole cell lysate	pancreatic cancer-associated fibroblasts	34	PXD038018_HeLa_KP4CMTM9_UV_3_assay	proteomic profiling by mass spectrometry	data-dependent acquisition	NT=label free sample;AC=MS:1002038	1	1	not available	NT=Trypsin;AC=MS:1001251	NT=Carbamidomethyl;AC=UNIMOD:4;TA=C;MT=Fixed	NT=Oxidation;AC=UNIMOD:21;TA=M;MT=Variable	not available	not available	not available	not available	not available	not available	not available	not available	HeLa_KP4CMTM9_UV_3.raw	NT=ms-proteomics;VV=v1.1.0	NT=crosslinking;VV=v1.0.0	NT=human;VV=v1.1.0
PXD038018_3_89_QE_Vero_BSA_3	Homo sapiens	whole cell lysate	pancreatic cancer-associated fibroblasts	35	PXD038018_3_89_QE_Vero_BSA_3_assay	proteomic profiling by mass spectrometry	data-dependent acquisition	NT=label free sample;AC=MS:1002038	1	1	not available	NT=Trypsin;AC=MS:1001251	NT=Carbamidomethyl;AC=UNIMOD:4;TA=C;MT=Fixed	NT=Oxidation;AC=UNIMOD:21;TA=M;MT=Variable	not available	not available	not available	not available	not available	not available	not available	not available	3_89_QE_Vero_BSA_3.raw	NT=ms-proteomics;VV=v1.1.0	NT=crosslinking;VV=v1.0.0	NT=human;VV=v1.1.0
PXD038018_5_63_HFX_HeLa_HGFTM8_4E5_3	Homo sapiens	whole cell lysate	pancreatic cancer-associated fibroblasts	36	PXD038018_5_63_HFX_HeLa_HGFTM8_4E5_3_assay	proteomic profiling by mass spectrometry	data-dependent acquisition	NT=label free sample;AC=MS:1002038	1	1	not available	NT=Trypsin;AC=MS:1001251	NT=Carbamidomethyl;AC=UNIMOD:4;TA=C;MT=Fixed	NT=Oxidation;AC=UNIMOD:21;TA=M;MT=Variable	not available	not available	not available	not available	not available	not available	not available	not available	5_63_HFX_HeLa_HGFTM8_4E5_3.raw	NT=ms-proteomics;VV=v1.1.0	NT=crosslinking;VV=v1.0.0	NT=human;VV=v1.1.0
PXD038018_5_189_HFX_Mia_ManNAz_PSCCM_cat_3	Mus musculus	whole cell lysate	pancreatic cancer-associated fibroblasts	37	PXD038018_5_189_HFX_Mia_ManNAz_PSCCM_cat_3_assay	proteomic profiling by mass spectrometry	data-dependent acquisition	NT=label free sample;AC=MS:1002038	1	1	not available	NT=Trypsin;AC=MS:1001251	NT=Carbamidomethyl;AC=UNIMOD:4;TA=C;MT=Fixed	NT=Oxidation;AC=UNIMOD:21;TA=M;MT=Variable	not available	not available	not available	not available	not available	not available	not available	not available	5_189_HFX_Mia_ManNAz_PSCCM_cat_3.raw	NT=ms-proteomics;VV=v1.1.0	NT=crosslinking;VV=v1.0.0	NT=human;VV=v1.1.0
PXD038018_3_17_QE_HeLa_EGF_1	Homo sapiens	whole cell lysate	pancreatic cancer-associated fibroblasts	38	PXD038018_3_17_QE_HeLa_EGF_1_assay	proteomic profiling by mass spectrometry	data-dependent acquisition	NT=label free sample;AC=MS:1002038	1	1	not available	NT=Trypsin;AC=MS:1001251	NT=Carbamidomethyl;AC=UNIMOD:4;TA=C;MT=Fixed	NT=Oxidation;AC=UNIMOD:21;TA=M;MT=Variable	not available	not available	not available	not available	not available	not available	not available	not available	3_17_QE_HeLa_EGF_1.raw	NT=ms-proteomics;VV=v1.1.0	NT=crosslinking;VV=v1.0.0	NT=human;VV=v1.1.0
PXD038018_6_95_HFX_PSC_PLAU_3	Mus musculus	whole cell lysate	pancreatic cancer-associated fibroblasts	39	PXD038018_6_95_HFX_PSC_PLAU_3_assay	proteomic profiling by mass spectrometry	data-dependent acquisition	NT=label free sample;AC=MS:1002038	1	1	not available	NT=Trypsin;AC=MS:1001251	NT=Carbamidomethyl;AC=UNIMOD:4;TA=C;MT=Fixed	NT=Oxidation;AC=UNIMOD:21;TA=M;MT=Variable	not available	not available	not available	not available	not available	not available	not available	not available	6_95_HFX_PSC_PLAU_3.raw	NT=ms-proteomics;VV=v1.1.0	NT=crosslinking;VV=v1.0.0	NT=human;VV=v1.1.0
PXD038018_5_189_HFX_Mia_ManNAz_noCM_2	Mus musculus	whole cell lysate	pancreatic cancer-associated fibroblasts	40	PXD038018_5_189_HFX_Mia_ManNAz_noCM_2_assay	proteomic profiling by mass spectrometry	data-dependent acquisition	NT=label free sample;AC=MS:1002038	1	1	not available	NT=Trypsin;AC=MS:1001251	NT=Carbamidomethyl;AC=UNIMOD:4;TA=C;MT=Fixed	NT=Oxidation;AC=UNIMOD:21;TA=M;MT=Variable	not available	not available	not available	not available	not available	not available	not available	not available	5_189_HFX_Mia_ManNAz_noCM_2.raw	NT=ms-proteomics;VV=v1.1.0	NT=crosslinking;VV=v1.0.0	NT=human;VV=v1.1.0
PXD038018_4_131_QE_HeLa_EGFTM3_2E6_2	Homo sapiens	whole cell lysate	pancreatic cancer-associated fibroblasts	41	PXD038018_4_131_QE_HeLa_EGFTM3_2E6_2_assay	proteomic profiling by mass spectrometry	data-dependent acquisition	NT=label free sample;AC=MS:1002038	1	1	not available	NT=Trypsin;AC=MS:1001251	NT=Carbamidomethyl;AC=UNIMOD:4;TA=C;MT=Fixed	NT=Oxidation;AC=UNIMOD:21;TA=M;MT=Variable	not available	not available	not available	not available	not available	not available	not available	not available	4_131_QE_HeLa_EGFTM3_2E6_2.raw	NT=ms-proteomics;VV=v1.1.0	NT=crosslinking;VV=v1.0.0	NT=human;VV=v1.1.0
PXD038018_6_178_QE_HeLa_BSA_1	Homo sapiens	whole cell lysate	pancreatic cancer-associated fibroblasts	42	PXD038018_6_178_QE_HeLa_BSA_1_assay	proteomic profiling by mass spectrometry	data-dependent acquisition	NT=label free sample;AC=MS:1002038	1	1	not available	NT=Trypsin;AC=MS:1001251	NT=Carbamidomethyl;AC=UNIMOD:4;TA=C;MT=Fixed	NT=Oxidation;AC=UNIMOD:21;TA=M;MT=Variable	not available	not available	not available	not available	not available	not available	not available	not available	6_178_QE_HeLa_BSA_1.raw	NT=ms-proteomics;VV=v1.1.0	NT=crosslinking;VV=v1.0.0	NT=human;VV=v1.1.0
PXD038018_6_182_QE_HeLa_1uL_1	Homo sapiens	whole cell lysate	pancreatic cancer-associated fibroblasts	43	PXD038018_6_182_QE_HeLa_1uL_1_assay	proteomic profiling by mass spectrometry	data-dependent acquisition	NT=label free sample;AC=MS:1002038	1	1	not available	NT=Trypsin;AC=MS:1001251	NT=Carbamidomethyl;AC=UNIMOD:4;TA=C;MT=Fixed	NT=Oxidation;AC=UNIMOD:21;TA=M;MT=Variable	not available	not available	not available	not available	not available	not available	not available	not available	6_182_QE_HeLa_1uL_1.raw	NT=ms-proteomics;VV=v1.1.0	NT=crosslinking;VV=v1.0.0	NT=human;VV=v1.1.0
PXD038018_HeLa_KP4CMTM3_UV_1	Homo sapiens	whole cell lysate	pancreatic cancer-associated fibroblasts	44	PXD038018_HeLa_KP4CMTM3_UV_1_assay	proteomic profiling by mass spectrometry	data-dependent acquisition	NT=label free sample;AC=MS:1002038	1	1	not available	NT=Trypsin;AC=MS:1001251	NT=Carbamidomethyl;AC=UNIMOD:4;TA=C;MT=Fixed	NT=Oxidation;AC=UNIMOD:21;TA=M;MT=Variable	not available	not available	not available	not available	not available	not available	not available	not available	HeLa_KP4CMTM3_UV_1.raw	NT=ms-proteomics;VV=v1.1.0	NT=crosslinking;VV=v1.0.0	NT=human;VV=v1.1.0
PXD038018_3_89_QE_Vero_BSA_1	Homo sapiens	whole cell lysate	pancreatic cancer-associated fibroblasts	45	PXD038018_3_89_QE_Vero_BSA_1_assay	proteomic profiling by mass spectrometry	data-dependent acquisition	NT=label free sample;AC=MS:1002038	1	1	not available	NT=Trypsin;AC=MS:1001251	NT=Carbamidomethyl;AC=UNIMOD:4;TA=C;MT=Fixed	NT=Oxidation;AC=UNIMOD:21;TA=M;MT=Variable	not available	not available	not available	not available	not available	not available	not available	not available	3_89_QE_Vero_BSA_1.raw	NT=ms-proteomics;VV=v1.1.0	NT=crosslinking;VV=v1.0.0	NT=human;VV=v1.1.0
PXD038018_6_182_QE_HeLa_10uL_2	Homo sapiens	whole cell lysate	pancreatic cancer-associated fibroblasts	46	PXD038018_6_182_QE_HeLa_10uL_2_assay	proteomic profiling by mass spectrometry	data-dependent acquisition	NT=label free sample;AC=MS:1002038	1	1	not available	NT=Trypsin;AC=MS:1001251	NT=Carbamidomethyl;AC=UNIMOD:4;TA=C;MT=Fixed	NT=Oxidation;AC=UNIMOD:21;TA=M;MT=Variable	not available	not available	not available	not available	not available	not available	not available	not available	6_182_QE_HeLa_10uL_2.raw	NT=ms-proteomics;VV=v1.1.0	NT=crosslinking;VV=v1.0.0	NT=human;VV=v1.1.0
PXD038018_6_182_QE_HeLa_5uL_2	Homo sapiens	whole cell lysate	pancreatic cancer-associated fibroblasts	47	PXD038018_6_182_QE_HeLa_5uL_2_assay	proteomic profiling by mass spectrometry	data-dependent acquisition	NT=label free sample;AC=MS:1002038	1	1	not available	NT=Trypsin;AC=MS:1001251	NT=Carbamidomethyl;AC=UNIMOD:4;TA=C;MT=Fixed	NT=Oxidation;AC=UNIMOD:21;TA=M;MT=Variable	not available	not available	not available	not available	not available	not available	not available	not available	6_182_QE_HeLa_5uL_2.raw	NT=ms-proteomics;VV=v1.1.0	NT=crosslinking;VV=v1.0.0	NT=human;VV=v1.1.0
PXD038018_3_89_QE_Vero_RBD_3	Homo sapiens	whole cell lysate	pancreatic cancer-associated fibroblasts	48	PXD038018_3_89_QE_Vero_RBD_3_assay	proteomic profiling by mass spectrometry	data-dependent acquisition	NT=label free sample;AC=MS:1002038	1	1	not available	NT=Trypsin;AC=MS:1001251	NT=Carbamidomethyl;AC=UNIMOD:4;TA=C;MT=Fixed	NT=Oxidation;AC=UNIMOD:21;TA=M;MT=Variable	not available	not available	not available	not available	not available	not available	not available	not available	3_89_QE_Vero_RBD_3.raw	NT=ms-proteomics;VV=v1.1.0	NT=crosslinking;VV=v1.0.0	NT=human;VV=v1.1.0
PXD038018_4_159_QE_HeLa_HGFvTM3_2v1_3	Homo sapiens	whole cell lysate	pancreatic cancer-associated fibroblasts	49	PXD038018_4_159_QE_HeLa_HGFvTM3_2v1_3_assay	proteomic profiling by mass spectrometry	data-dependent acquisition	NT=label free sample;AC=MS:1002038	1	1	not available	NT=Trypsin;AC=MS:1001251	NT=Carbamidomethyl;AC=UNIMOD:4;TA=C;MT=Fixed	NT=Oxidation;AC=UNIMOD:21;TA=M;MT=Variable	not available	not available	not available	not available	not available	not available	not available	not available	4_159_QE_HeLa_HGFvTM3_2v1_3.raw	NT=ms-proteomics;VV=v1.1.0	NT=crosslinking;VV=v1.0.0	NT=human;VV=v1.1.0
PXD038018_5_63_HFX_HeLa_HGFTM8_2E5_2	Homo sapiens	whole cell lysate	pancreatic cancer-associated fibroblasts	50	PXD038018_5_63_HFX_HeLa_HGFTM8_2E5_2_assay	proteomic profiling by mass spectrometry	data-dependent acquisition	NT=label free sample;AC=MS:1002038	1	1	not available	NT=Trypsin;AC=MS:1001251	NT=Carbamidomethyl;AC=UNIMOD:4;TA=C;MT=Fixed	NT=Oxidation;AC=UNIMOD:21;TA=M;MT=Variable	not available	not available	not available	not available	not available	not available	not available	not available	5_63_HFX_HeLa_HGFTM8_2E5_2.raw	NT=ms-proteomics;VV=v1.1.0	NT=crosslinking;VV=v1.0.0	NT=human;VV=v1.1.0
PXD038018_6_182_QE_HeLa_10uL_3	Homo sapiens	whole cell lysate	pancreatic cancer-associated fibroblasts	51	PXD038018_6_182_QE_HeLa_10uL_3_assay	proteomic profiling by mass spectrometry	data-dependent acquisition	NT=label free sample;AC=MS:1002038	1	1	not available	NT=Trypsin;AC=MS:1001251	NT=Carbamidomethyl;AC=UNIMOD:4;TA=C;MT=Fixed	NT=Oxidation;AC=UNIMOD:21;TA=M;MT=Variable	not available	not available	not available	not available	not available	not available	not available	not available	6_182_QE_HeLa_10uL_3.raw	NT=ms-proteomics;VV=v1.1.0	NT=crosslinking;VV=v1.0.0	NT=human;VV=v1.1.0
PXD038018_4_181_QE_HeLa_probe1_HGFvBSA_1v250_3	Homo sapiens	whole cell lysate	pancreatic cancer-associated fibroblasts	52	PXD038018_4_181_QE_HeLa_probe1_HGFvBSA_1v250_3_assay	proteomic profiling by mass spectrometry	data-dependent acquisition	NT=label free sample;AC=MS:1002038	1	1	not available	NT=Trypsin;AC=MS:1001251	NT=Carbamidomethyl;AC=UNIMOD:4;TA=C;MT=Fixed	NT=Oxidation;AC=UNIMOD:21;TA=M;MT=Variable	not available	not available	not available	not available	not available	not available	not available	not available	4_181_QE_HeLa_probe1_HGFvBSA_1v250_3.raw	NT=ms-proteomics;VV=v1.1.0	NT=crosslinking;VV=v1.0.0	NT=human;VV=v1.1.0
PXD038018_4_187_QE_HeLa_LIF_probe1_1	Homo sapiens	whole cell lysate	pancreatic cancer-associated fibroblasts	53	PXD038018_4_187_QE_HeLa_LIF_probe1_1_assay	proteomic profiling by mass spectrometry	data-dependent acquisition	NT=label free sample;AC=MS:1002038	1	1	not available	NT=Trypsin;AC=MS:1001251	NT=Carbamidomethyl;AC=UNIMOD:4;TA=C;MT=Fixed	NT=Oxidation;AC=UNIMOD:21;TA=M;MT=Variable	not available	not available	not available	not available	not available	not available	not available	not available	4_187_QE_HeLa_LIF_probe1_1.raw	NT=ms-proteomics;VV=v1.1.0	NT=crosslinking;VV=v1.0.0	NT=human;VV=v1.1.0
PXD038018_4_131_QE_HeLa_EGFTM3_2E5_3	Homo sapiens	whole cell lysate	pancreatic cancer-associated fibroblasts	54	PXD038018_4_131_QE_HeLa_EGFTM3_2E5_3_assay	proteomic profiling by mass spectrometry	data-dependent acquisition	NT=label free sample;AC=MS:1002038	1	1	not available	NT=Trypsin;AC=MS:1001251	NT=Carbamidomethyl;AC=UNIMOD:4;TA=C;MT=Fixed	NT=Oxidation;AC=UNIMOD:21;TA=M;MT=Variable	not available	not available	not available	not available	not available	not available	not available	not available	4_131_QE_HeLa_EGFTM3_2E5_3.raw	NT=ms-proteomics;VV=v1.1.0	NT=crosslinking;VV=v1.0.0	NT=human;VV=v1.1.0
PXD038018_HeLa_KP4CMTM9_noUV_3	Homo sapiens	whole cell lysate	pancreatic cancer-associated fibroblasts	55	PXD038018_HeLa_KP4CMTM9_noUV_3_assay	proteomic profiling by mass spectrometry	data-dependent acquisition	NT=label free sample;AC=MS:1002038	1	1	not available	NT=Trypsin;AC=MS:1001251	NT=Carbamidomethyl;AC=UNIMOD:4;TA=C;MT=Fixed	NT=Oxidation;AC=UNIMOD:21;TA=M;MT=Variable	not available	not available	not available	not available	not available	not available	not available	not available	HeLa_KP4CMTM9_noUV_3.raw	NT=ms-proteomics;VV=v1.1.0	NT=crosslinking;VV=v1.0.0	NT=human;VV=v1.1.0
PXD038018_HeLa_KP4CMTM3_UV_3	Homo sapiens	whole cell lysate	pancreatic cancer-associated fibroblasts	56	PXD038018_HeLa_KP4CMTM3_UV_3_assay	proteomic profiling by mass spectrometry	data-dependent acquisition	NT=label free sample;AC=MS:1002038	1	1	not available	NT=Trypsin;AC=MS:1001251	NT=Carbamidomethyl;AC=UNIMOD:4;TA=C;MT=Fixed	NT=Oxidation;AC=UNIMOD:21;TA=M;MT=Variable	not available	not available	not available	not available	not available	not available	not available	not available	HeLa_KP4CMTM3_UV_3.raw	NT=ms-proteomics;VV=v1.1.0	NT=crosslinking;VV=v1.0.0	NT=human;VV=v1.1.0
PXD038018_4_181_QE_HeLa_probe1_HGFvBSA_1v50_1	Homo sapiens	whole cell lysate	pancreatic cancer-associated fibroblasts	57	PXD038018_4_181_QE_HeLa_probe1_HGFvBSA_1v50_1_assay	proteomic profiling by mass spectrometry	data-dependent acquisition	NT=label free sample;AC=MS:1002038	1	1	not available	NT=Trypsin;AC=MS:1001251	NT=Carbamidomethyl;AC=UNIMOD:4;TA=C;MT=Fixed	NT=Oxidation;AC=UNIMOD:21;TA=M;MT=Variable	not available	not available	not available	not available	not available	not available	not available	not available	4_181_QE_HeLa_probe1_HGFvBSA_1v50_1.raw	NT=ms-proteomics;VV=v1.1.0	NT=crosslinking;VV=v1.0.0	NT=human;VV=v1.1.0
PXD038018_4_5_QE_HeLa_INS_1	Homo sapiens	whole cell lysate	pancreatic cancer-associated fibroblasts	58	PXD038018_4_5_QE_HeLa_INS_1_assay	proteomic profiling by mass spectrometry	data-dependent acquisition	NT=label free sample;AC=MS:1002038	1	1	not available	NT=Trypsin;AC=MS:1001251	NT=Carbamidomethyl;AC=UNIMOD:4;TA=C;MT=Fixed	NT=Oxidation;AC=UNIMOD:21;TA=M;MT=Variable	not available	not available	not available	not available	not available	not available	not available	not available	4_5_QE_HeLa_INS_1.raw	NT=ms-proteomics;VV=v1.1.0	NT=crosslinking;VV=v1.0.0	NT=human;VV=v1.1.0
PXD038018_4_120_QE_HeLa_glycine_1	Homo sapiens	whole cell lysate	pancreatic cancer-associated fibroblasts	59	PXD038018_4_120_QE_HeLa_glycine_1_assay	proteomic profiling by mass spectrometry	data-dependent acquisition	NT=label free sample;AC=MS:1002038	1	1	not available	NT=Trypsin;AC=MS:1001251	NT=Carbamidomethyl;AC=UNIMOD:4;TA=C;MT=Fixed	NT=Oxidation;AC=UNIMOD:21;TA=M;MT=Variable	not available	not available	not available	not available	not available	not available	not available	not available	4_120_QE_HeLa_glycine_1.raw	NT=ms-proteomics;VV=v1.1.0	NT=crosslinking;VV=v1.0.0	NT=human;VV=v1.1.0
PXD038018_4_122_QE_EGFvProbe1_1v1_1	Homo sapiens	whole cell lysate	pancreatic cancer-associated fibroblasts	60	PXD038018_4_122_QE_EGFvProbe1_1v1_1_assay	proteomic profiling by mass spectrometry	data-dependent acquisition	NT=label free sample;AC=MS:1002038	1	1	not available	NT=Trypsin;AC=MS:1001251	NT=Carbamidomethyl;AC=UNIMOD:4;TA=C;MT=Fixed	NT=Oxidation;AC=UNIMOD:21;TA=M;MT=Variable	not available	not available	not available	not available	not available	not available	not available	not available	4_122_QE_EGFvProbe1_1v1_1.raw	NT=ms-proteomics;VV=v1.1.0	NT=crosslinking;VV=v1.0.0	NT=human;VV=v1.1.0
PXD038018_HeLa_KP4CMTM3_noUV_2	Homo sapiens	whole cell lysate	pancreatic cancer-associated fibroblasts	61	PXD038018_HeLa_KP4CMTM3_noUV_2_assay	proteomic profiling by mass spectrometry	data-dependent acquisition	NT=label free sample;AC=MS:1002038	1	1	not available	NT=Trypsin;AC=MS:1001251	NT=Carbamidomethyl;AC=UNIMOD:4;TA=C;MT=Fixed	NT=Oxidation;AC=UNIMOD:21;TA=M;MT=Variable	not available	not available	not available	not available	not available	not available	not available	not available	HeLa_KP4CMTM3_noUV_2.raw	NT=ms-proteomics;VV=v1.1.0	NT=crosslinking;VV=v1.0.0	NT=human;VV=v1.1.0
PXD038018_4_159_QE_HeLa_HGFvTM3_1v1_3	Homo sapiens	whole cell lysate	pancreatic cancer-associated fibroblasts	62	PXD038018_4_159_QE_HeLa_HGFvTM3_1v1_3_assay	proteomic profiling by mass spectrometry	data-dependent acquisition	NT=label free sample;AC=MS:1002038	1	1	not available	NT=Trypsin;AC=MS:1001251	NT=Carbamidomethyl;AC=UNIMOD:4;TA=C;MT=Fixed	NT=Oxidation;AC=UNIMOD:21;TA=M;MT=Variable	not available	not available	not available	not available	not available	not available	not available	not available	4_159_QE_HeLa_HGFvTM3_1v1_3.raw	NT=ms-proteomics;VV=v1.1.0	NT=crosslinking;VV=v1.0.0	NT=human;VV=v1.1.0
PXD038018_5_216_HFX_PANC1PM_1	Mus musculus	whole cell lysate	pancreatic cancer-associated fibroblasts	63	PXD038018_5_216_HFX_PANC1PM_1_assay	proteomic profiling by mass spectrometry	data-dependent acquisition	NT=label free sample;AC=MS:1002038	1	1	not available	NT=Trypsin;AC=MS:1001251	NT=Carbamidomethyl;AC=UNIMOD:4;TA=C;MT=Fixed	NT=Oxidation;AC=UNIMOD:21;TA=M;MT=Variable	not available	not available	not available	not available	not available	not available	not available	not available	5_216_HFX_PANC1PM_1.raw	NT=ms-proteomics;VV=v1.1.0	NT=crosslinking;VV=v1.0.0	NT=human;VV=v1.1.0
PXD038018_6_107_HFX_HeLa_BSA_1	Homo sapiens	whole cell lysate	pancreatic cancer-associated fibroblasts	64	PXD038018_6_107_HFX_HeLa_BSA_1_assay	proteomic profiling by mass spectrometry	data-dependent acquisition	NT=label free sample;AC=MS:1002038	1	1	not available	NT=Trypsin;AC=MS:1001251	NT=Carbamidomethyl;AC=UNIMOD:4;TA=C;MT=Fixed	NT=Oxidation;AC=UNIMOD:21;TA=M;MT=Variable	not available	not available	not available	not available	not available	not available	not available	not available	6_107_HFX_HeLa_BSA_1.raw	NT=ms-proteomics;VV=v1.1.0	NT=crosslinking;VV=v1.0.0	NT=human;VV=v1.1.0
PXD038018_2_80_Fu_mem_GalNAz_rep2	Homo sapiens	whole cell lysate	pancreatic cancer-associated fibroblasts	65	PXD038018_2_80_Fu_mem_GalNAz_rep2_assay	proteomic profiling by mass spectrometry	data-dependent acquisition	NT=label free sample;AC=MS:1002038	1	2	not available	NT=Trypsin;AC=MS:1001251	NT=Carbamidomethyl;AC=UNIMOD:4;TA=C;MT=Fixed	NT=Oxidation;AC=UNIMOD:21;TA=M;MT=Variable	not available	not available	not available	not available	not available	not available	not available	not available	2_80_Fu_mem_GalNAz_rep2.raw	NT=ms-proteomics;VV=v1.1.0	NT=crosslinking;VV=v1.0.0	NT=human;VV=v1.1.0
PXD038018_4_159_QE_HeLa_HGFvTM3_1v3_3	Homo sapiens	whole cell lysate	pancreatic cancer-associated fibroblasts	66	PXD038018_4_159_QE_HeLa_HGFvTM3_1v3_3_assay	proteomic profiling by mass spectrometry	data-dependent acquisition	NT=label free sample;AC=MS:1002038	1	1	not available	NT=Trypsin;AC=MS:1001251	NT=Carbamidomethyl;AC=UNIMOD:4;TA=C;MT=Fixed	NT=Oxidation;AC=UNIMOD:21;TA=M;MT=Variable	not available	not available	not available	not available	not available	not available	not available	not available	4_159_QE_HeLa_HGFvTM3_1v3_3.raw	NT=ms-proteomics;VV=v1.1.0	NT=crosslinking;VV=v1.0.0	NT=human;VV=v1.1.0
PXD038018_6_84_HFX_PSC_deglycoPLAU_1	Mus musculus	whole cell lysate	pancreatic cancer-associated fibroblasts	67	PXD038018_6_84_HFX_PSC_deglycoPLAU_1_assay	proteomic profiling by mass spectrometry	data-dependent acquisition	NT=label free sample;AC=MS:1002038	1	1	not available	NT=Trypsin;AC=MS:1001251	NT=Carbamidomethyl;AC=UNIMOD:4;TA=C;MT=Fixed	NT=Oxidation;AC=UNIMOD:21;TA=M;MT=Variable	not available	not available	not available	not available	not available	not available	not available	not available	6_84_HFX_PSC_deglycoPLAU_1.raw	NT=ms-proteomics;VV=v1.1.0	NT=crosslinking;VV=v1.0.0	NT=human;VV=v1.1.0
PXD038018_4_122_QE_EGFvProbe1_1v0_1	Homo sapiens	whole cell lysate	pancreatic cancer-associated fibroblasts	68	PXD038018_4_122_QE_EGFvProbe1_1v0_1_assay	proteomic profiling by mass spectrometry	data-dependent acquisition	NT=label free sample;AC=MS:1002038	1	1	not available	NT=Trypsin;AC=MS:1001251	NT=Carbamidomethyl;AC=UNIMOD:4;TA=C;MT=Fixed	NT=Oxidation;AC=UNIMOD:21;TA=M;MT=Variable	not available	not available	not available	not available	not available	not available	not available	not available	4_122_QE_EGFvProbe1_1v0_1.raw	NT=ms-proteomics;VV=v1.1.0	NT=crosslinking;VV=v1.0.0	NT=human;VV=v1.1.0
PXD038018_4_181_QE_HeLa_probe1_HGFvBSA_1v500_3	Homo sapiens	whole cell lysate	pancreatic cancer-associated fibroblasts	69	PXD038018_4_181_QE_HeLa_probe1_HGFvBSA_1v500_3_assay	proteomic profiling by mass spectrometry	data-dependent acquisition	NT=label free sample;AC=MS:1002038	1	1	not available	NT=Trypsin;AC=MS:1001251	NT=Carbamidomethyl;AC=UNIMOD:4;TA=C;MT=Fixed	NT=Oxidation;AC=UNIMOD:21;TA=M;MT=Variable	not available	not available	not available	not available	not available	not available	not available	not available	4_181_QE_HeLa_probe1_HGFvBSA_1v500_3.raw	NT=ms-proteomics;VV=v1.1.0	NT=crosslinking;VV=v1.0.0	NT=human;VV=v1.1.0
PXD038018_5_189_HFX_Mia_ManNAz_noCM_3	Mus musculus	whole cell lysate	pancreatic cancer-associated fibroblasts	70	PXD038018_5_189_HFX_Mia_ManNAz_noCM_3_assay	proteomic profiling by mass spectrometry	data-dependent acquisition	NT=label free sample;AC=MS:1002038	1	1	not available	NT=Trypsin;AC=MS:1001251	NT=Carbamidomethyl;AC=UNIMOD:4;TA=C;MT=Fixed	NT=Oxidation;AC=UNIMOD:21;TA=M;MT=Variable	not available	not available	not available	not available	not available	not available	not available	not available	5_189_HFX_Mia_ManNAz_noCM_3.raw	NT=ms-proteomics;VV=v1.1.0	NT=crosslinking;VV=v1.0.0	NT=human;VV=v1.1.0
PXD038018_4_187_QE_HeLa_LIF_probe3_3	Homo sapiens	whole cell lysate	pancreatic cancer-associated fibroblasts	71	PXD038018_4_187_QE_HeLa_LIF_probe3_3_assay	proteomic profiling by mass spectrometry	data-dependent acquisition	NT=label free sample;AC=MS:1002038	1	1	not available	NT=Trypsin;AC=MS:1001251	NT=Carbamidomethyl;AC=UNIMOD:4;TA=C;MT=Fixed	NT=Oxidation;AC=UNIMOD:21;TA=M;MT=Variable	not available	not available	not available	not available	not available	not available	not available	not available	4_187_QE_HeLa_LIF_probe3_3.raw	NT=ms-proteomics;VV=v1.1.0	NT=crosslinking;VV=v1.0.0	NT=human;VV=v1.1.0
PXD038018_3_178_QE_HeLa_ManNAz_KP4CM_nocat_1	Homo sapiens	whole cell lysate	pancreatic cancer-associated fibroblasts	72	PXD038018_3_178_QE_HeLa_ManNAz_KP4CM_nocat_1_assay	proteomic profiling by mass spectrometry	data-dependent acquisition	NT=label free sample;AC=MS:1002038	1	1	not available	NT=Trypsin;AC=MS:1001251	NT=Carbamidomethyl;AC=UNIMOD:4;TA=C;MT=Fixed	NT=Oxidation;AC=UNIMOD:21;TA=M;MT=Variable	not available	not available	not available	not available	not available	not available	not available	not available	3_178_QE_HeLa_ManNAz_KP4CM_nocat_1.raw	NT=ms-proteomics;VV=v1.1.0	NT=crosslinking;VV=v1.0.0	NT=human;VV=v1.1.0
PXD038018_5_113_HFX_PSCCM_1	Mus musculus	whole cell lysate	pancreatic cancer-associated fibroblasts	73	PXD038018_5_113_HFX_PSCCM_1_assay	proteomic profiling by mass spectrometry	data-dependent acquisition	NT=label free sample;AC=MS:1002038	1	1	not available	NT=Trypsin;AC=MS:1001251	NT=Carbamidomethyl;AC=UNIMOD:4;TA=C;MT=Fixed	NT=Oxidation;AC=UNIMOD:21;TA=M;MT=Variable	not available	not available	not available	not available	not available	not available	not available	not available	5_113_HFX_PSCCM_1.raw	NT=ms-proteomics;VV=v1.1.0	NT=crosslinking;VV=v1.0.0	NT=human;VV=v1.1.0
PXD038018_6_84_HFX_PSC_BSA_2	Mus musculus	whole cell lysate	pancreatic cancer-associated fibroblasts	74	PXD038018_6_84_HFX_PSC_BSA_2_assay	proteomic profiling by mass spectrometry	data-dependent acquisition	NT=label free sample;AC=MS:1002038	1	1	not available	NT=Trypsin;AC=MS:1001251	NT=Carbamidomethyl;AC=UNIMOD:4;TA=C;MT=Fixed	NT=Oxidation;AC=UNIMOD:21;TA=M;MT=Variable	not available	not available	not available	not available	not available	not available	not available	not available	6_84_HFX_PSC_BSA_2.raw	NT=ms-proteomics;VV=v1.1.0	NT=crosslinking;VV=v1.0.0	NT=human;VV=v1.1.0
PXD038018_HeLa_KP4CMTM9_noUV_2	Homo sapiens	whole cell lysate	pancreatic cancer-associated fibroblasts	75	PXD038018_HeLa_KP4CMTM9_noUV_2_assay	proteomic profiling by mass spectrometry	data-dependent acquisition	NT=label free sample;AC=MS:1002038	1	1	not available	NT=Trypsin;AC=MS:1001251	NT=Carbamidomethyl;AC=UNIMOD:4;TA=C;MT=Fixed	NT=Oxidation;AC=UNIMOD:21;TA=M;MT=Variable	not available	not available	not available	not available	not available	not available	not available	not available	HeLa_KP4CMTM9_noUV_2.raw	NT=ms-proteomics;VV=v1.1.0	NT=crosslinking;VV=v1.0.0	NT=human;VV=v1.1.0
PXD038018_5_48_QE_3T3_HGF_uncat_2	Mus musculus	whole cell lysate	pancreatic cancer-associated fibroblasts	76	PXD038018_5_48_QE_3T3_HGF_uncat_2_assay	proteomic profiling by mass spectrometry	data-dependent acquisition	NT=label free sample;AC=MS:1002038	1	1	not available	NT=Trypsin;AC=MS:1001251	NT=Carbamidomethyl;AC=UNIMOD:4;TA=C;MT=Fixed	NT=Oxidation;AC=UNIMOD:21;TA=M;MT=Variable	not available	not available	not available	not available	not available	not available	not available	not available	5_48_QE_3T3_HGF_uncat_2.raw	NT=ms-proteomics;VV=v1.1.0	NT=crosslinking;VV=v1.0.0	NT=human;VV=v1.1.0
PXD038018_4_5_QE_HeLa_INS_3	Homo sapiens	whole cell lysate	pancreatic cancer-associated fibroblasts	77	PXD038018_4_5_QE_HeLa_INS_3_assay	proteomic profiling by mass spectrometry	data-dependent acquisition	NT=label free sample;AC=MS:1002038	1	1	not available	NT=Trypsin;AC=MS:1001251	NT=Carbamidomethyl;AC=UNIMOD:4;TA=C;MT=Fixed	NT=Oxidation;AC=UNIMOD:21;TA=M;MT=Variable	not available	not available	not available	not available	not available	not available	not available	not available	4_5_QE_HeLa_INS_3.raw	NT=ms-proteomics;VV=v1.1.0	NT=crosslinking;VV=v1.0.0	NT=human;VV=v1.1.0
PXD038018_5_189_HFX_PANC1_ManNAz_PSCCM_cat_1	Mus musculus	whole cell lysate	pancreatic cancer-associated fibroblasts	78	PXD038018_5_189_HFX_PANC1_ManNAz_PSCCM_cat_1_assay	proteomic profiling by mass spectrometry	data-dependent acquisition	NT=label free sample;AC=MS:1002038	1	1	not available	NT=Trypsin;AC=MS:1001251	NT=Carbamidomethyl;AC=UNIMOD:4;TA=C;MT=Fixed	NT=Oxidation;AC=UNIMOD:21;TA=M;MT=Variable	not available	not available	not available	not available	not available	not available	not available	not available	5_189_HFX_PANC1_ManNAz_PSCCM_cat_1.raw	NT=ms-proteomics;VV=v1.1.0	NT=crosslinking;VV=v1.0.0	NT=human;VV=v1.1.0
PXD038018_6_84_HFX_PSC_deglycoPLAU_3	Mus musculus	whole cell lysate	pancreatic cancer-associated fibroblasts	79	PXD038018_6_84_HFX_PSC_deglycoPLAU_3_assay	proteomic profiling by mass spectrometry	data-dependent acquisition	NT=label free sample;AC=MS:1002038	1	1	not available	NT=Trypsin;AC=MS:1001251	NT=Carbamidomethyl;AC=UNIMOD:4;TA=C;MT=Fixed	NT=Oxidation;AC=UNIMOD:21;TA=M;MT=Variable	not available	not available	not available	not available	not available	not available	not available	not available	6_84_HFX_PSC_deglycoPLAU_3.raw	NT=ms-proteomics;VV=v1.1.0	NT=crosslinking;VV=v1.0.0	NT=human;VV=v1.1.0
PXD038018_5_189_HFX_PANC1_ManNAz_PSCCM_uncat_3	Mus musculus	whole cell lysate	pancreatic cancer-associated fibroblasts	80	PXD038018_5_189_HFX_PANC1_ManNAz_PSCCM_uncat_3_assay	proteomic profiling by mass spectrometry	data-dependent acquisition	NT=label free sample;AC=MS:1002038	1	1	not available	NT=Trypsin;AC=MS:1001251	NT=Carbamidomethyl;AC=UNIMOD:4;TA=C;MT=Fixed	NT=Oxidation;AC=UNIMOD:21;TA=M;MT=Variable	not available	not available	not available	not available	not available	not available	not available	not available	5_189_HFX_PANC1_ManNAz_PSCCM_uncat_3.raw	NT=ms-proteomics;VV=v1.1.0	NT=crosslinking;VV=v1.0.0	NT=human;VV=v1.1.0
PXD038018_HeLa_KP4CMTM9_UV_1	Homo sapiens	whole cell lysate	pancreatic cancer-associated fibroblasts	81	PXD038018_HeLa_KP4CMTM9_UV_1_assay	proteomic profiling by mass spectrometry	data-dependent acquisition	NT=label free sample;AC=MS:1002038	1	1	not available	NT=Trypsin;AC=MS:1001251	NT=Carbamidomethyl;AC=UNIMOD:4;TA=C;MT=Fixed	NT=Oxidation;AC=UNIMOD:21;TA=M;MT=Variable	not available	not available	not available	not available	not available	not available	not available	not available	HeLa_KP4CMTM9_UV_1.raw	NT=ms-proteomics;VV=v1.1.0	NT=crosslinking;VV=v1.0.0	NT=human;VV=v1.1.0
PXD038018_6_178_QE_HeLa_BSA_2	Homo sapiens	whole cell lysate	pancreatic cancer-associated fibroblasts	82	PXD038018_6_178_QE_HeLa_BSA_2_assay	proteomic profiling by mass spectrometry	data-dependent acquisition	NT=label free sample;AC=MS:1002038	1	1	not available	NT=Trypsin;AC=MS:1001251	NT=Carbamidomethyl;AC=UNIMOD:4;TA=C;MT=Fixed	NT=Oxidation;AC=UNIMOD:21;TA=M;MT=Variable	not available	not available	not available	not available	not available	not available	not available	not available	6_178_QE_HeLa_BSA_2.raw	NT=ms-proteomics;VV=v1.1.0	NT=crosslinking;VV=v1.0.0	NT=human;VV=v1.1.0
PXD038018_4_159_QE_HeLa_HGFvTM3_2v1_1	Homo sapiens	whole cell lysate	pancreatic cancer-associated fibroblasts	83	PXD038018_4_159_QE_HeLa_HGFvTM3_2v1_1_assay	proteomic profiling by mass spectrometry	data-dependent acquisition	NT=label free sample;AC=MS:1002038	1	1	not available	NT=Trypsin;AC=MS:1001251	NT=Carbamidomethyl;AC=UNIMOD:4;TA=C;MT=Fixed	NT=Oxidation;AC=UNIMOD:21;TA=M;MT=Variable	not available	not available	not available	not available	not available	not available	not available	not available	4_159_QE_HeLa_HGFvTM3_2v1_1.raw	NT=ms-proteomics;VV=v1.1.0	NT=crosslinking;VV=v1.0.0	NT=human;VV=v1.1.0
PXD038018_6_178_QE_HeLa_glycine_1	Homo sapiens	whole cell lysate	pancreatic cancer-associated fibroblasts	84	PXD038018_6_178_QE_HeLa_glycine_1_assay	proteomic profiling by mass spectrometry	data-dependent acquisition	NT=label free sample;AC=MS:1002038	1	1	not available	NT=Trypsin;AC=MS:1001251	NT=Carbamidomethyl;AC=UNIMOD:4;TA=C;MT=Fixed	NT=Oxidation;AC=UNIMOD:21;TA=M;MT=Variable	not available	not available	not available	not available	not available	not available	not available	not available	6_178_QE_HeLa_glycine_1.raw	NT=ms-proteomics;VV=v1.1.0	NT=crosslinking;VV=v1.0.0	NT=human;VV=v1.1.0
PXD038018_5_63_HFX_HeLa_HGFTM8_2E5_1	Homo sapiens	whole cell lysate	pancreatic cancer-associated fibroblasts	85	PXD038018_5_63_HFX_HeLa_HGFTM8_2E5_1_assay	proteomic profiling by mass spectrometry	data-dependent acquisition	NT=label free sample;AC=MS:1002038	1	1	not available	NT=Trypsin;AC=MS:1001251	NT=Carbamidomethyl;AC=UNIMOD:4;TA=C;MT=Fixed	NT=Oxidation;AC=UNIMOD:21;TA=M;MT=Variable	not available	not available	not available	not available	not available	not available	not available	not available	5_63_HFX_HeLa_HGFTM8_2E5_1.raw	NT=ms-proteomics;VV=v1.1.0	NT=crosslinking;VV=v1.0.0	NT=human;VV=v1.1.0
PXD038018_3_178_QE_HeLa_ManNAz_KP4CM_nocat_2	Homo sapiens	whole cell lysate	pancreatic cancer-associated fibroblasts	86	PXD038018_3_178_QE_HeLa_ManNAz_KP4CM_nocat_2_assay	proteomic profiling by mass spectrometry	data-dependent acquisition	NT=label free sample;AC=MS:1002038	1	1	not available	NT=Trypsin;AC=MS:1001251	NT=Carbamidomethyl;AC=UNIMOD:4;TA=C;MT=Fixed	NT=Oxidation;AC=UNIMOD:21;TA=M;MT=Variable	not available	not available	not available	not available	not available	not available	not available	not available	3_178_QE_HeLa_ManNAz_KP4CM_nocat_2.raw	NT=ms-proteomics;VV=v1.1.0	NT=crosslinking;VV=v1.0.0	NT=human;VV=v1.1.0
PXD038018_5_216_HFX_MIAPaCa2PM_2	Mus musculus	whole cell lysate	pancreatic cancer-associated fibroblasts	87	PXD038018_5_216_HFX_MIAPaCa2PM_2_assay	proteomic profiling by mass spectrometry	data-dependent acquisition	NT=label free sample;AC=MS:1002038	1	1	not available	NT=Trypsin;AC=MS:1001251	NT=Carbamidomethyl;AC=UNIMOD:4;TA=C;MT=Fixed	NT=Oxidation;AC=UNIMOD:21;TA=M;MT=Variable	not available	not available	not available	not available	not available	not available	not available	not available	5_216_HFX_MIAPaCa2PM_2.raw	NT=ms-proteomics;VV=v1.1.0	NT=crosslinking;VV=v1.0.0	NT=human;VV=v1.1.0
PXD038018_3_178_QE_HeLa_ManNAz_KP4CM_nocat_3	Homo sapiens	whole cell lysate	pancreatic cancer-associated fibroblasts	88	PXD038018_3_178_QE_HeLa_ManNAz_KP4CM_nocat_3_assay	proteomic profiling by mass spectrometry	data-dependent acquisition	NT=label free sample;AC=MS:1002038	1	1	not available	NT=Trypsin;AC=MS:1001251	NT=Carbamidomethyl;AC=UNIMOD:4;TA=C;MT=Fixed	NT=Oxidation;AC=UNIMOD:21;TA=M;MT=Variable	not available	not available	not available	not available	not available	not available	not available	not available	3_178_QE_HeLa_ManNAz_KP4CM_nocat_3.raw	NT=ms-proteomics;VV=v1.1.0	NT=crosslinking;VV=v1.0.0	NT=human;VV=v1.1.0
PXD038018_4_131_QE_HeLa_EGFTM3_6E6_1	Homo sapiens	whole cell lysate	pancreatic cancer-associated fibroblasts	89	PXD038018_4_131_QE_HeLa_EGFTM3_6E6_1_assay	proteomic profiling by mass spectrometry	data-dependent acquisition	NT=label free sample;AC=MS:1002038	1	1	not available	NT=Trypsin;AC=MS:1001251	NT=Carbamidomethyl;AC=UNIMOD:4;TA=C;MT=Fixed	NT=Oxidation;AC=UNIMOD:21;TA=M;MT=Variable	not available	not available	not available	not available	not available	not available	not available	not available	4_131_QE_HeLa_EGFTM3_6E6_1.raw	NT=ms-proteomics;VV=v1.1.0	NT=crosslinking;VV=v1.0.0	NT=human;VV=v1.1.0
PXD038018_4_5_QE_HeLa_HGF_2	Homo sapiens	whole cell lysate	pancreatic cancer-associated fibroblasts	90	PXD038018_4_5_QE_HeLa_HGF_2_assay	proteomic profiling by mass spectrometry	data-dependent acquisition	NT=label free sample;AC=MS:1002038	1	1	not available	NT=Trypsin;AC=MS:1001251	NT=Carbamidomethyl;AC=UNIMOD:4;TA=C;MT=Fixed	NT=Oxidation;AC=UNIMOD:21;TA=M;MT=Variable	not available	not available	not available	not available	not available	not available	not available	not available	4_5_QE_HeLa_HGF_2.raw	NT=ms-proteomics;VV=v1.1.0	NT=crosslinking;VV=v1.0.0	NT=human;VV=v1.1.0
PXD038018_6_19_QE_3T3_PDGFB_3	Mus musculus	whole cell lysate	pancreatic cancer-associated fibroblasts	91	PXD038018_6_19_QE_3T3_PDGFB_3_assay	proteomic profiling by mass spectrometry	data-dependent acquisition	NT=label free sample;AC=MS:1002038	1	1	not available	NT=Trypsin;AC=MS:1001251	NT=Carbamidomethyl;AC=UNIMOD:4;TA=C;MT=Fixed	NT=Oxidation;AC=UNIMOD:21;TA=M;MT=Variable	not available	not available	not available	not available	not available	not available	not available	not available	6_19_QE_3T3_PDGFB_3.raw	NT=ms-proteomics;VV=v1.1.0	NT=crosslinking;VV=v1.0.0	NT=human;VV=v1.1.0
PXD038018_4_122_QE_EGFvProbe1_3v2_1	Homo sapiens	whole cell lysate	pancreatic cancer-associated fibroblasts	92	PXD038018_4_122_QE_EGFvProbe1_3v2_1_assay	proteomic profiling by mass spectrometry	data-dependent acquisition	NT=label free sample;AC=MS:1002038	1	1	not available	NT=Trypsin;AC=MS:1001251	NT=Carbamidomethyl;AC=UNIMOD:4;TA=C;MT=Fixed	NT=Oxidation;AC=UNIMOD:21;TA=M;MT=Variable	not available	not available	not available	not available	not available	not available	not available	not available	4_122_QE_EGFvProbe1_3v2_1.raw	NT=ms-proteomics;VV=v1.1.0	NT=crosslinking;VV=v1.0.0	NT=human;VV=v1.1.0
PXD038018_6_19_QE_3T3_PDGFB_2	Mus musculus	whole cell lysate	pancreatic cancer-associated fibroblasts	93	PXD038018_6_19_QE_3T3_PDGFB_2_assay	proteomic profiling by mass spectrometry	data-dependent acquisition	NT=label free sample;AC=MS:1002038	1	1	not available	NT=Trypsin;AC=MS:1001251	NT=Carbamidomethyl;AC=UNIMOD:4;TA=C;MT=Fixed	NT=Oxidation;AC=UNIMOD:21;TA=M;MT=Variable	not available	not available	not available	not available	not available	not available	not available	not available	6_19_QE_3T3_PDGFB_2.raw	NT=ms-proteomics;VV=v1.1.0	NT=crosslinking;VV=v1.0.0	NT=human;VV=v1.1.0
PXD038018_4_181_QE_HeLa_probe1_HGFvBSA_1v250_2	Homo sapiens	whole cell lysate	pancreatic cancer-associated fibroblasts	94	PXD038018_4_181_QE_HeLa_probe1_HGFvBSA_1v250_2_assay	proteomic profiling by mass spectrometry	data-dependent acquisition	NT=label free sample;AC=MS:1002038	1	1	not available	NT=Trypsin;AC=MS:1001251	NT=Carbamidomethyl;AC=UNIMOD:4;TA=C;MT=Fixed	NT=Oxidation;AC=UNIMOD:21;TA=M;MT=Variable	not available	not available	not available	not available	not available	not available	not available	not available	4_181_QE_HeLa_probe1_HGFvBSA_1v250_2.raw	NT=ms-proteomics;VV=v1.1.0	NT=crosslinking;VV=v1.0.0	NT=human;VV=v1.1.0
PXD038018_6_95_HFX_PSC_PLAU_2	Mus musculus	whole cell lysate	pancreatic cancer-associated fibroblasts	95	PXD038018_6_95_HFX_PSC_PLAU_2_assay	proteomic profiling by mass spectrometry	data-dependent acquisition	NT=label free sample;AC=MS:1002038	1	1	not available	NT=Trypsin;AC=MS:1001251	NT=Carbamidomethyl;AC=UNIMOD:4;TA=C;MT=Fixed	NT=Oxidation;AC=UNIMOD:21;TA=M;MT=Variable	not available	not available	not available	not available	not available	not available	not available	not available	6_95_HFX_PSC_PLAU_2.raw	NT=ms-proteomics;VV=v1.1.0	NT=crosslinking;VV=v1.0.0	NT=human;VV=v1.1.0
PXD038018_5_48_QE_3T3_HGF_uncat_3	Mus musculus	whole cell lysate	pancreatic cancer-associated fibroblasts	96	PXD038018_5_48_QE_3T3_HGF_uncat_3_assay	proteomic profiling by mass spectrometry	data-dependent acquisition	NT=label free sample;AC=MS:1002038	1	1	not available	NT=Trypsin;AC=MS:1001251	NT=Carbamidomethyl;AC=UNIMOD:4;TA=C;MT=Fixed	NT=Oxidation;AC=UNIMOD:21;TA=M;MT=Variable	not available	not available	not available	not available	not available	not available	not available	not available	5_48_QE_3T3_HGF_uncat_3.raw	NT=ms-proteomics;VV=v1.1.0	NT=crosslinking;VV=v1.0.0	NT=human;VV=v1.1.0
PXD038018_3_17_QE_HeLa_HGF_2	Homo sapiens	whole cell lysate	pancreatic cancer-associated fibroblasts	97	PXD038018_3_17_QE_HeLa_HGF_2_assay	proteomic profiling by mass spectrometry	data-dependent acquisition	NT=label free sample;AC=MS:1002038	1	1	not available	NT=Trypsin;AC=MS:1001251	NT=Carbamidomethyl;AC=UNIMOD:4;TA=C;MT=Fixed	NT=Oxidation;AC=UNIMOD:21;TA=M;MT=Variable	not available	not available	not available	not available	not available	not available	not available	not available	3_17_QE_HeLa_HGF_2.raw	NT=ms-proteomics;VV=v1.1.0	NT=crosslinking;VV=v1.0.0	NT=human;VV=v1.1.0
PXD038018_4_159_QE_HeLa_HGFvTM3_1v0_2	Homo sapiens	whole cell lysate	pancreatic cancer-associated fibroblasts	98	PXD038018_4_159_QE_HeLa_HGFvTM3_1v0_2_assay	proteomic profiling by mass spectrometry	data-dependent acquisition	NT=label free sample;AC=MS:1002038	1	1	not available	NT=Trypsin;AC=MS:1001251	NT=Carbamidomethyl;AC=UNIMOD:4;TA=C;MT=Fixed	NT=Oxidation;AC=UNIMOD:21;TA=M;MT=Variable	not available	not available	not available	not available	not available	not available	not available	not available	4_159_QE_HeLa_HGFvTM3_1v0_2.raw	NT=ms-proteomics;VV=v1.1.0	NT=crosslinking;VV=v1.0.0	NT=human;VV=v1.1.0
PXD038018_4_131_QE_HeLa_EGFTM3_6E6_3	Homo sapiens	whole cell lysate	pancreatic cancer-associated fibroblasts	99	PXD038018_4_131_QE_HeLa_EGFTM3_6E6_3_assay	proteomic profiling by mass spectrometry	data-dependent acquisition	NT=label free sample;AC=MS:1002038	1	1	not available	NT=Trypsin;AC=MS:1001251	NT=Carbamidomethyl;AC=UNIMOD:4;TA=C;MT=Fixed	NT=Oxidation;AC=UNIMOD:21;TA=M;MT=Variable	not available	not available	not available	not available	not available	not available	not available	not available	4_131_QE_HeLa_EGFTM3_6E6_3.raw	NT=ms-proteomics;VV=v1.1.0	NT=crosslinking;VV=v1.0.0	NT=human;VV=v1.1.0
PXD038018_4_131_QE_HeLa_EGFTM3_1E6_1	Homo sapiens	whole cell lysate	pancreatic cancer-associated fibroblasts	100	PXD038018_4_131_QE_HeLa_EGFTM3_1E6_1_assay	proteomic profiling by mass spectrometry	data-dependent acquisition	NT=label free sample;AC=MS:1002038	1	1	not available	NT=Trypsin;AC=MS:1001251	NT=Carbamidomethyl;AC=UNIMOD:4;TA=C;MT=Fixed	NT=Oxidation;AC=UNIMOD:21;TA=M;MT=Variable	not available	not available	not available	not available	not available	not available	not available	not available	4_131_QE_HeLa_EGFTM3_1E6_1.raw	NT=ms-proteomics;VV=v1.1.0	NT=crosslinking;VV=v1.0.0	NT=human;VV=v1.1.0
PXD038018_3_17_QE_HeLa_HGF_3	Homo sapiens	whole cell lysate	pancreatic cancer-associated fibroblasts	101	PXD038018_3_17_QE_HeLa_HGF_3_assay	proteomic profiling by mass spectrometry	data-dependent acquisition	NT=label free sample;AC=MS:1002038	1	1	not available	NT=Trypsin;AC=MS:1001251	NT=Carbamidomethyl;AC=UNIMOD:4;TA=C;MT=Fixed	NT=Oxidation;AC=UNIMOD:21;TA=M;MT=Variable	not available	not available	not available	not available	not available	not available	not available	not available	3_17_QE_HeLa_HGF_3.raw	NT=ms-proteomics;VV=v1.1.0	NT=crosslinking;VV=v1.0.0	NT=human;VV=v1.1.0
PXD038018_3_89_QE_Vero_RBD_2	Homo sapiens	whole cell lysate	pancreatic cancer-associated fibroblasts	102	PXD038018_3_89_QE_Vero_RBD_2_assay	proteomic profiling by mass spectrometry	data-dependent acquisition	NT=label free sample;AC=MS:1002038	1	1	not available	NT=Trypsin;AC=MS:1001251	NT=Carbamidomethyl;AC=UNIMOD:4;TA=C;MT=Fixed	NT=Oxidation;AC=UNIMOD:21;TA=M;MT=Variable	not available	not available	not available	not available	not available	not available	not available	not available	3_89_QE_Vero_RBD_2.raw	NT=ms-proteomics;VV=v1.1.0	NT=crosslinking;VV=v1.0.0	NT=human;VV=v1.1.0
PXD038018_4_122_QE_EGFvProbe1_1v0_3	Homo sapiens	whole cell lysate	pancreatic cancer-associated fibroblasts	103	PXD038018_4_122_QE_EGFvProbe1_1v0_3_assay	proteomic profiling by mass spectrometry	data-dependent acquisition	NT=label free sample;AC=MS:1002038	1	1	not available	NT=Trypsin;AC=MS:1001251	NT=Carbamidomethyl;AC=UNIMOD:4;TA=C;MT=Fixed	NT=Oxidation;AC=UNIMOD:21;TA=M;MT=Variable	not available	not available	not available	not available	not available	not available	not available	not available	4_122_QE_EGFvProbe1_1v0_3.raw	NT=ms-proteomics;VV=v1.1.0	NT=crosslinking;VV=v1.0.0	NT=human;VV=v1.1.0
PXD038018_4_120_QE_HeLa_EGF_2	Homo sapiens	whole cell lysate	pancreatic cancer-associated fibroblasts	104	PXD038018_4_120_QE_HeLa_EGF_2_assay	proteomic profiling by mass spectrometry	data-dependent acquisition	NT=label free sample;AC=MS:1002038	1	1	not available	NT=Trypsin;AC=MS:1001251	NT=Carbamidomethyl;AC=UNIMOD:4;TA=C;MT=Fixed	NT=Oxidation;AC=UNIMOD:21;TA=M;MT=Variable	not available	not available	not available	not available	not available	not available	not available	not available	4_120_QE_HeLa_EGF_2.raw	NT=ms-proteomics;VV=v1.1.0	NT=crosslinking;VV=v1.0.0	NT=human;VV=v1.1.0
PXD038018_6_107_HFX_HeLa_HGF_2	Homo sapiens	whole cell lysate	pancreatic cancer-associated fibroblasts	105	PXD038018_6_107_HFX_HeLa_HGF_2_assay	proteomic profiling by mass spectrometry	data-dependent acquisition	NT=label free sample;AC=MS:1002038	1	1	not available	NT=Trypsin;AC=MS:1001251	NT=Carbamidomethyl;AC=UNIMOD:4;TA=C;MT=Fixed	NT=Oxidation;AC=UNIMOD:21;TA=M;MT=Variable	not available	not available	not available	not available	not available	not available	not available	not available	6_107_HFX_HeLa_HGF_2.raw	NT=ms-proteomics;VV=v1.1.0	NT=crosslinking;VV=v1.0.0	NT=human;VV=v1.1.0
PXD038018_4_122_QE_EGFvProbe1_1v2_2	Homo sapiens	whole cell lysate	pancreatic cancer-associated fibroblasts	106	PXD038018_4_122_QE_EGFvProbe1_1v2_2_assay	proteomic profiling by mass spectrometry	data-dependent acquisition	NT=label free sample;AC=MS:1002038	1	1	not available	NT=Trypsin;AC=MS:1001251	NT=Carbamidomethyl;AC=UNIMOD:4;TA=C;MT=Fixed	NT=Oxidation;AC=UNIMOD:21;TA=M;MT=Variable	not available	not available	not available	not available	not available	not available	not available	not available	4_122_QE_EGFvProbe1_1v2_2.raw	NT=ms-proteomics;VV=v1.1.0	NT=crosslinking;VV=v1.0.0	NT=human;VV=v1.1.0
PXD038018_5_216_HFX_PANC1PM_3	Mus musculus	whole cell lysate	pancreatic cancer-associated fibroblasts	107	PXD038018_5_216_HFX_PANC1PM_3_assay	proteomic profiling by mass spectrometry	data-dependent acquisition	NT=label free sample;AC=MS:1002038	1	1	not available	NT=Trypsin;AC=MS:1001251	NT=Carbamidomethyl;AC=UNIMOD:4;TA=C;MT=Fixed	NT=Oxidation;AC=UNIMOD:21;TA=M;MT=Variable	not available	not available	not available	not available	not available	not available	not available	not available	5_216_HFX_PANC1PM_3.raw	NT=ms-proteomics;VV=v1.1.0	NT=crosslinking;VV=v1.0.0	NT=human;VV=v1.1.0
PXD038018_6_107_HFX_HeLa_HGF_1	Homo sapiens	whole cell lysate	pancreatic cancer-associated fibroblasts	108	PXD038018_6_107_HFX_HeLa_HGF_1_assay	proteomic profiling by mass spectrometry	data-dependent acquisition	NT=label free sample;AC=MS:1002038	1	1	not available	NT=Trypsin;AC=MS:1001251	NT=Carbamidomethyl;AC=UNIMOD:4;TA=C;MT=Fixed	NT=Oxidation;AC=UNIMOD:21;TA=M;MT=Variable	not available	not available	not available	not available	not available	not available	not available	not available	6_107_HFX_HeLa_HGF_1.raw	NT=ms-proteomics;VV=v1.1.0	NT=crosslinking;VV=v1.0.0	NT=human;VV=v1.1.0
PXD038018_5_189_HFX_Mia_ManNAz_noCM_1	Mus musculus	whole cell lysate	pancreatic cancer-associated fibroblasts	109	PXD038018_5_189_HFX_Mia_ManNAz_noCM_1_assay	proteomic profiling by mass spectrometry	data-dependent acquisition	NT=label free sample;AC=MS:1002038	1	1	not available	NT=Trypsin;AC=MS:1001251	NT=Carbamidomethyl;AC=UNIMOD:4;TA=C;MT=Fixed	NT=Oxidation;AC=UNIMOD:21;TA=M;MT=Variable	not available	not available	not available	not available	not available	not available	not available	not available	5_189_HFX_Mia_ManNAz_noCM_1.raw	NT=ms-proteomics;VV=v1.1.0	NT=crosslinking;VV=v1.0.0	NT=human;VV=v1.1.0
PXD038018_4_122_QE_EGFvProbe1_1v3_3	Homo sapiens	whole cell lysate	pancreatic cancer-associated fibroblasts	110	PXD038018_4_122_QE_EGFvProbe1_1v3_3_assay	proteomic profiling by mass spectrometry	data-dependent acquisition	NT=label free sample;AC=MS:1002038	1	1	not available	NT=Trypsin;AC=MS:1001251	NT=Carbamidomethyl;AC=UNIMOD:4;TA=C;MT=Fixed	NT=Oxidation;AC=UNIMOD:21;TA=M;MT=Variable	not available	not available	not available	not available	not available	not available	not available	not available	4_122_QE_EGFvProbe1_1v3_3.raw	NT=ms-proteomics;VV=v1.1.0	NT=crosslinking;VV=v1.0.0	NT=human;VV=v1.1.0
PXD038018_4_122_QE_EGFvProbe1_3v1_2	Homo sapiens	whole cell lysate	pancreatic cancer-associated fibroblasts	111	PXD038018_4_122_QE_EGFvProbe1_3v1_2_assay	proteomic profiling by mass spectrometry	data-dependent acquisition	NT=label free sample;AC=MS:1002038	1	1	not available	NT=Trypsin;AC=MS:1001251	NT=Carbamidomethyl;AC=UNIMOD:4;TA=C;MT=Fixed	NT=Oxidation;AC=UNIMOD:21;TA=M;MT=Variable	not available	not available	not available	not available	not available	not available	not available	not available	4_122_QE_EGFvProbe1_3v1_2.raw	NT=ms-proteomics;VV=v1.1.0	NT=crosslinking;VV=v1.0.0	NT=human;VV=v1.1.0
PXD038018_4_131_QE_HeLa_EGFTM3_2E6_3	Homo sapiens	whole cell lysate	pancreatic cancer-associated fibroblasts	112	PXD038018_4_131_QE_HeLa_EGFTM3_2E6_3_assay	proteomic profiling by mass spectrometry	data-dependent acquisition	NT=label free sample;AC=MS:1002038	1	1	not available	NT=Trypsin;AC=MS:1001251	NT=Carbamidomethyl;AC=UNIMOD:4;TA=C;MT=Fixed	NT=Oxidation;AC=UNIMOD:21;TA=M;MT=Variable	not available	not available	not available	not available	not available	not available	not available	not available	4_131_QE_HeLa_EGFTM3_2E6_3.raw	NT=ms-proteomics;VV=v1.1.0	NT=crosslinking;VV=v1.0.0	NT=human;VV=v1.1.0
PXD038018_5_48_QE_3T3_HGF_cat_3	Mus musculus	whole cell lysate	pancreatic cancer-associated fibroblasts	113	PXD038018_5_48_QE_3T3_HGF_cat_3_assay	proteomic profiling by mass spectrometry	data-dependent acquisition	NT=label free sample;AC=MS:1002038	1	1	not available	NT=Trypsin;AC=MS:1001251	NT=Carbamidomethyl;AC=UNIMOD:4;TA=C;MT=Fixed	NT=Oxidation;AC=UNIMOD:21;TA=M;MT=Variable	not available	not available	not available	not available	not available	not available	not available	not available	5_48_QE_3T3_HGF_cat_3.raw	NT=ms-proteomics;VV=v1.1.0	NT=crosslinking;VV=v1.0.0	NT=human;VV=v1.1.0
PXD038018_6_107_HFX_HeLa_BSA_3	Homo sapiens	whole cell lysate	pancreatic cancer-associated fibroblasts	114	PXD038018_6_107_HFX_HeLa_BSA_3_assay	proteomic profiling by mass spectrometry	data-dependent acquisition	NT=label free sample;AC=MS:1002038	1	1	not available	NT=Trypsin;AC=MS:1001251	NT=Carbamidomethyl;AC=UNIMOD:4;TA=C;MT=Fixed	NT=Oxidation;AC=UNIMOD:21;TA=M;MT=Variable	not available	not available	not available	not available	not available	not available	not available	not available	6_107_HFX_HeLa_BSA_3.raw	NT=ms-proteomics;VV=v1.1.0	NT=crosslinking;VV=v1.0.0	NT=human;VV=v1.1.0
PXD038018_6_178_QE_HeLa_glycine_3	Homo sapiens	whole cell lysate	pancreatic cancer-associated fibroblasts	115	PXD038018_6_178_QE_HeLa_glycine_3_assay	proteomic profiling by mass spectrometry	data-dependent acquisition	NT=label free sample;AC=MS:1002038	1	1	not available	NT=Trypsin;AC=MS:1001251	NT=Carbamidomethyl;AC=UNIMOD:4;TA=C;MT=Fixed	NT=Oxidation;AC=UNIMOD:21;TA=M;MT=Variable	not available	not available	not available	not available	not available	not available	not available	not available	6_178_QE_HeLa_glycine_3.raw	NT=ms-proteomics;VV=v1.1.0	NT=crosslinking;VV=v1.0.0	NT=human;VV=v1.1.0
PXD038018_6_95_HFX_PSC_BSA_3	Mus musculus	whole cell lysate	pancreatic cancer-associated fibroblasts	116	PXD038018_6_95_HFX_PSC_BSA_3_assay	proteomic profiling by mass spectrometry	data-dependent acquisition	NT=label free sample;AC=MS:1002038	1	1	not available	NT=Trypsin;AC=MS:1001251	NT=Carbamidomethyl;AC=UNIMOD:4;TA=C;MT=Fixed	NT=Oxidation;AC=UNIMOD:21;TA=M;MT=Variable	not available	not available	not available	not available	not available	not available	not available	not available	6_95_HFX_PSC_BSA_3.raw	NT=ms-proteomics;VV=v1.1.0	NT=crosslinking;VV=v1.0.0	NT=human;VV=v1.1.0
PXD038018_4_122_QE_EGFvProbe1_1v3_2	Homo sapiens	whole cell lysate	pancreatic cancer-associated fibroblasts	117	PXD038018_4_122_QE_EGFvProbe1_1v3_2_assay	proteomic profiling by mass spectrometry	data-dependent acquisition	NT=label free sample;AC=MS:1002038	1	1	not available	NT=Trypsin;AC=MS:1001251	NT=Carbamidomethyl;AC=UNIMOD:4;TA=C;MT=Fixed	NT=Oxidation;AC=UNIMOD:21;TA=M;MT=Variable	not available	not available	not available	not available	not available	not available	not available	not available	4_122_QE_EGFvProbe1_1v3_2.raw	NT=ms-proteomics;VV=v1.1.0	NT=crosslinking;VV=v1.0.0	NT=human;VV=v1.1.0
PXD038018_4_122_QE_EGFvProbe1_1v1_2	Homo sapiens	whole cell lysate	pancreatic cancer-associated fibroblasts	118	PXD038018_4_122_QE_EGFvProbe1_1v1_2_assay	proteomic profiling by mass spectrometry	data-dependent acquisition	NT=label free sample;AC=MS:1002038	1	1	not available	NT=Trypsin;AC=MS:1001251	NT=Carbamidomethyl;AC=UNIMOD:4;TA=C;MT=Fixed	NT=Oxidation;AC=UNIMOD:21;TA=M;MT=Variable	not available	not available	not available	not available	not available	not available	not available	not available	4_122_QE_EGFvProbe1_1v1_2.raw	NT=ms-proteomics;VV=v1.1.0	NT=crosslinking;VV=v1.0.0	NT=human;VV=v1.1.0
PXD038018_6_178_QE_HeLa_HGF_3	Homo sapiens	whole cell lysate	pancreatic cancer-associated fibroblasts	119	PXD038018_6_178_QE_HeLa_HGF_3_assay	proteomic profiling by mass spectrometry	data-dependent acquisition	NT=label free sample;AC=MS:1002038	1	1	not available	NT=Trypsin;AC=MS:1001251	NT=Carbamidomethyl;AC=UNIMOD:4;TA=C;MT=Fixed	NT=Oxidation;AC=UNIMOD:21;TA=M;MT=Variable	not available	not available	not available	not available	not available	not available	not available	not available	6_178_QE_HeLa_HGF_3.raw	NT=ms-proteomics;VV=v1.1.0	NT=crosslinking;VV=v1.0.0	NT=human;VV=v1.1.0
PXD038018_5_63_HFX_HeLa_HGFTM8_4E5_1	Homo sapiens	whole cell lysate	pancreatic cancer-associated fibroblasts	120	PXD038018_5_63_HFX_HeLa_HGFTM8_4E5_1_assay	proteomic profiling by mass spectrometry	data-dependent acquisition	NT=label free sample;AC=MS:1002038	1	1	not available	NT=Trypsin;AC=MS:1001251	NT=Carbamidomethyl;AC=UNIMOD:4;TA=C;MT=Fixed	NT=Oxidation;AC=UNIMOD:21;TA=M;MT=Variable	not available	not available	not available	not available	not available	not available	not available	not available	5_63_HFX_HeLa_HGFTM8_4E5_1.raw	NT=ms-proteomics;VV=v1.1.0	NT=crosslinking;VV=v1.0.0	NT=human;VV=v1.1.0
PXD038018_4_159_QE_HeLa_HGFvTM3_1v2_1	Homo sapiens	whole cell lysate	pancreatic cancer-associated fibroblasts	121	PXD038018_4_159_QE_HeLa_HGFvTM3_1v2_1_assay	proteomic profiling by mass spectrometry	data-dependent acquisition	NT=label free sample;AC=MS:1002038	1	1	not available	NT=Trypsin;AC=MS:1001251	NT=Carbamidomethyl;AC=UNIMOD:4;TA=C;MT=Fixed	NT=Oxidation;AC=UNIMOD:21;TA=M;MT=Variable	not available	not available	not available	not available	not available	not available	not available	not available	4_159_QE_HeLa_HGFvTM3_1v2_1.raw	NT=ms-proteomics;VV=v1.1.0	NT=crosslinking;VV=v1.0.0	NT=human;VV=v1.1.0
PXD038018_HeLa_KP4CMTM3_noUV_1	Homo sapiens	whole cell lysate	pancreatic cancer-associated fibroblasts	122	PXD038018_HeLa_KP4CMTM3_noUV_1_assay	proteomic profiling by mass spectrometry	data-dependent acquisition	NT=label free sample;AC=MS:1002038	1	1	not available	NT=Trypsin;AC=MS:1001251	NT=Carbamidomethyl;AC=UNIMOD:4;TA=C;MT=Fixed	NT=Oxidation;AC=UNIMOD:21;TA=M;MT=Variable	not available	not available	not available	not available	not available	not available	not available	not available	HeLa_KP4CMTM3_noUV_1.raw	NT=ms-proteomics;VV=v1.1.0	NT=crosslinking;VV=v1.0.0	NT=human;VV=v1.1.0
PXD038018_4_122_QE_EGFvProbe1_1v0_2	Homo sapiens	whole cell lysate	pancreatic cancer-associated fibroblasts	123	PXD038018_4_122_QE_EGFvProbe1_1v0_2_assay	proteomic profiling by mass spectrometry	data-dependent acquisition	NT=label free sample;AC=MS:1002038	1	1	not available	NT=Trypsin;AC=MS:1001251	NT=Carbamidomethyl;AC=UNIMOD:4;TA=C;MT=Fixed	NT=Oxidation;AC=UNIMOD:21;TA=M;MT=Variable	not available	not available	not available	not available	not available	not available	not available	not available	4_122_QE_EGFvProbe1_1v0_2.raw	NT=ms-proteomics;VV=v1.1.0	NT=crosslinking;VV=v1.0.0	NT=human;VV=v1.1.0
PXD038018_4_159_QE_HeLa_HGFvTM3_1v3_2	Homo sapiens	whole cell lysate	pancreatic cancer-associated fibroblasts	124	PXD038018_4_159_QE_HeLa_HGFvTM3_1v3_2_assay	proteomic profiling by mass spectrometry	data-dependent acquisition	NT=label free sample;AC=MS:1002038	1	1	not available	NT=Trypsin;AC=MS:1001251	NT=Carbamidomethyl;AC=UNIMOD:4;TA=C;MT=Fixed	NT=Oxidation;AC=UNIMOD:21;TA=M;MT=Variable	not available	not available	not available	not available	not available	not available	not available	not available	4_159_QE_HeLa_HGFvTM3_1v3_2.raw	NT=ms-proteomics;VV=v1.1.0	NT=crosslinking;VV=v1.0.0	NT=human;VV=v1.1.0
PXD038018_4_187_QE_HeLa_LIF_probe2_2	Homo sapiens	whole cell lysate	pancreatic cancer-associated fibroblasts	125	PXD038018_4_187_QE_HeLa_LIF_probe2_2_assay	proteomic profiling by mass spectrometry	data-dependent acquisition	NT=label free sample;AC=MS:1002038	1	1	not available	NT=Trypsin;AC=MS:1001251	NT=Carbamidomethyl;AC=UNIMOD:4;TA=C;MT=Fixed	NT=Oxidation;AC=UNIMOD:21;TA=M;MT=Variable	not available	not available	not available	not available	not available	not available	not available	not available	4_187_QE_HeLa_LIF_probe2_2.raw	NT=ms-proteomics;VV=v1.1.0	NT=crosslinking;VV=v1.0.0	NT=human;VV=v1.1.0
PXD038018_4_187_QE_HeLa_LIF_probe2_1	Homo sapiens	whole cell lysate	pancreatic cancer-associated fibroblasts	126	PXD038018_4_187_QE_HeLa_LIF_probe2_1_assay	proteomic profiling by mass spectrometry	data-dependent acquisition	NT=label free sample;AC=MS:1002038	1	1	not available	NT=Trypsin;AC=MS:1001251	NT=Carbamidomethyl;AC=UNIMOD:4;TA=C;MT=Fixed	NT=Oxidation;AC=UNIMOD:21;TA=M;MT=Variable	not available	not available	not available	not available	not available	not available	not available	not available	4_187_QE_HeLa_LIF_probe2_1.raw	NT=ms-proteomics;VV=v1.1.0	NT=crosslinking;VV=v1.0.0	NT=human;VV=v1.1.0
PXD038018_4_120_QE_HeLa_glycine_2	Homo sapiens	whole cell lysate	pancreatic cancer-associated fibroblasts	127	PXD038018_4_120_QE_HeLa_glycine_2_assay	proteomic profiling by mass spectrometry	data-dependent acquisition	NT=label free sample;AC=MS:1002038	1	1	not available	NT=Trypsin;AC=MS:1001251	NT=Carbamidomethyl;AC=UNIMOD:4;TA=C;MT=Fixed	NT=Oxidation;AC=UNIMOD:21;TA=M;MT=Variable	not available	not available	not available	not available	not available	not available	not available	not available	4_120_QE_HeLa_glycine_2.raw	NT=ms-proteomics;VV=v1.1.0	NT=crosslinking;VV=v1.0.0	NT=human;VV=v1.1.0
PXD038018_6_84_HFX_PSC_BSA_3	Mus musculus	whole cell lysate	pancreatic cancer-associated fibroblasts	128	PXD038018_6_84_HFX_PSC_BSA_3_assay	proteomic profiling by mass spectrometry	data-dependent acquisition	NT=label free sample;AC=MS:1002038	1	1	not available	NT=Trypsin;AC=MS:1001251	NT=Carbamidomethyl;AC=UNIMOD:4;TA=C;MT=Fixed	NT=Oxidation;AC=UNIMOD:21;TA=M;MT=Variable	not available	not available	not available	not available	not available	not available	not available	not available	6_84_HFX_PSC_BSA_3.raw	NT=ms-proteomics;VV=v1.1.0	NT=crosslinking;VV=v1.0.0	NT=human;VV=v1.1.0
PXD038018_6_19_QE_3T3_con_1	Mus musculus	whole cell lysate	pancreatic cancer-associated fibroblasts	129	PXD038018_6_19_QE_3T3_con_1_assay	proteomic profiling by mass spectrometry	data-dependent acquisition	NT=label free sample;AC=MS:1002038	1	1	not available	NT=Trypsin;AC=MS:1001251	NT=Carbamidomethyl;AC=UNIMOD:4;TA=C;MT=Fixed	NT=Oxidation;AC=UNIMOD:21;TA=M;MT=Variable	not available	not available	not available	not available	not available	not available	not available	not available	6_19_QE_3T3_con_1.raw	NT=ms-proteomics;VV=v1.1.0	NT=crosslinking;VV=v1.0.0	NT=human;VV=v1.1.0
PXD038018_5_48_QE_3T3_HGF_uncat_1	Mus musculus	whole cell lysate	pancreatic cancer-associated fibroblasts	130	PXD038018_5_48_QE_3T3_HGF_uncat_1_assay	proteomic profiling by mass spectrometry	data-dependent acquisition	NT=label free sample;AC=MS:1002038	1	1	not available	NT=Trypsin;AC=MS:1001251	NT=Carbamidomethyl;AC=UNIMOD:4;TA=C;MT=Fixed	NT=Oxidation;AC=UNIMOD:21;TA=M;MT=Variable	not available	not available	not available	not available	not available	not available	not available	not available	5_48_QE_3T3_HGF_uncat_1.raw	NT=ms-proteomics;VV=v1.1.0	NT=crosslinking;VV=v1.0.0	NT=human;VV=v1.1.0
PXD038018_5_216_HFX_PANC1PM_2	Mus musculus	whole cell lysate	pancreatic cancer-associated fibroblasts	131	PXD038018_5_216_HFX_PANC1PM_2_assay	proteomic profiling by mass spectrometry	data-dependent acquisition	NT=label free sample;AC=MS:1002038	1	1	not available	NT=Trypsin;AC=MS:1001251	NT=Carbamidomethyl;AC=UNIMOD:4;TA=C;MT=Fixed	NT=Oxidation;AC=UNIMOD:21;TA=M;MT=Variable	not available	not available	not available	not available	not available	not available	not available	not available	5_216_HFX_PANC1PM_2.raw	NT=ms-proteomics;VV=v1.1.0	NT=crosslinking;VV=v1.0.0	NT=human;VV=v1.1.0
PXD038018_5_189_HFX_PANC1_ManNAz_PSCCM_cat_3	Mus musculus	whole cell lysate	pancreatic cancer-associated fibroblasts	132	PXD038018_5_189_HFX_PANC1_ManNAz_PSCCM_cat_3_assay	proteomic profiling by mass spectrometry	data-dependent acquisition	NT=label free sample;AC=MS:1002038	1	1	not available	NT=Trypsin;AC=MS:1001251	NT=Carbamidomethyl;AC=UNIMOD:4;TA=C;MT=Fixed	NT=Oxidation;AC=UNIMOD:21;TA=M;MT=Variable	not available	not available	not available	not available	not available	not available	not available	not available	5_189_HFX_PANC1_ManNAz_PSCCM_cat_3.raw	NT=ms-proteomics;VV=v1.1.0	NT=crosslinking;VV=v1.0.0	NT=human;VV=v1.1.0
PXD038018_6_84_HFX_PSC_deglycoPLAU_2	Mus musculus	whole cell lysate	pancreatic cancer-associated fibroblasts	133	PXD038018_6_84_HFX_PSC_deglycoPLAU_2_assay	proteomic profiling by mass spectrometry	data-dependent acquisition	NT=label free sample;AC=MS:1002038	1	1	not available	NT=Trypsin;AC=MS:1001251	NT=Carbamidomethyl;AC=UNIMOD:4;TA=C;MT=Fixed	NT=Oxidation;AC=UNIMOD:21;TA=M;MT=Variable	not available	not available	not available	not available	not available	not available	not available	not available	6_84_HFX_PSC_deglycoPLAU_2.raw	NT=ms-proteomics;VV=v1.1.0	NT=crosslinking;VV=v1.0.0	NT=human;VV=v1.1.0
PXD038018_4_131_QE_HeLa_EGFTM3_1E6_2	Homo sapiens	whole cell lysate	pancreatic cancer-associated fibroblasts	134	PXD038018_4_131_QE_HeLa_EGFTM3_1E6_2_assay	proteomic profiling by mass spectrometry	data-dependent acquisition	NT=label free sample;AC=MS:1002038	1	1	not available	NT=Trypsin;AC=MS:1001251	NT=Carbamidomethyl;AC=UNIMOD:4;TA=C;MT=Fixed	NT=Oxidation;AC=UNIMOD:21;TA=M;MT=Variable	not available	not available	not available	not available	not available	not available	not available	not available	4_131_QE_HeLa_EGFTM3_1E6_2.raw	NT=ms-proteomics;VV=v1.1.0	NT=crosslinking;VV=v1.0.0	NT=human;VV=v1.1.0
PXD038018_4_5_QE_HeLa_HGF_1	Homo sapiens	whole cell lysate	pancreatic cancer-associated fibroblasts	135	PXD038018_4_5_QE_HeLa_HGF_1_assay	proteomic profiling by mass spectrometry	data-dependent acquisition	NT=label free sample;AC=MS:1002038	1	1	not available	NT=Trypsin;AC=MS:1001251	NT=Carbamidomethyl;AC=UNIMOD:4;TA=C;MT=Fixed	NT=Oxidation;AC=UNIMOD:21;TA=M;MT=Variable	not available	not available	not available	not available	not available	not available	not available	not available	4_5_QE_HeLa_HGF_1.raw	NT=ms-proteomics;VV=v1.1.0	NT=crosslinking;VV=v1.0.0	NT=human;VV=v1.1.0
PXD038018_4_122_QE_EGFvProbe1_3v2_2	Homo sapiens	whole cell lysate	pancreatic cancer-associated fibroblasts	136	PXD038018_4_122_QE_EGFvProbe1_3v2_2_assay	proteomic profiling by mass spectrometry	data-dependent acquisition	NT=label free sample;AC=MS:1002038	1	1	not available	NT=Trypsin;AC=MS:1001251	NT=Carbamidomethyl;AC=UNIMOD:4;TA=C;MT=Fixed	NT=Oxidation;AC=UNIMOD:21;TA=M;MT=Variable	not available	not available	not available	not available	not available	not available	not available	not available	4_122_QE_EGFvProbe1_3v2_2.raw	NT=ms-proteomics;VV=v1.1.0	NT=crosslinking;VV=v1.0.0	NT=human;VV=v1.1.0
PXD038018_4_181_QE_HeLa_probe1_HGFvBSA_1v250_1	Homo sapiens	whole cell lysate	pancreatic cancer-associated fibroblasts	137	PXD038018_4_181_QE_HeLa_probe1_HGFvBSA_1v250_1_assay	proteomic profiling by mass spectrometry	data-dependent acquisition	NT=label free sample;AC=MS:1002038	1	1	not available	NT=Trypsin;AC=MS:1001251	NT=Carbamidomethyl;AC=UNIMOD:4;TA=C;MT=Fixed	NT=Oxidation;AC=UNIMOD:21;TA=M;MT=Variable	not available	not available	not available	not available	not available	not available	not available	not available	4_181_QE_HeLa_probe1_HGFvBSA_1v250_1.raw	NT=ms-proteomics;VV=v1.1.0	NT=crosslinking;VV=v1.0.0	NT=human;VV=v1.1.0
PXD038018_4_187_QE_HeLa_HGF_probe3_2	Homo sapiens	whole cell lysate	pancreatic cancer-associated fibroblasts	138	PXD038018_4_187_QE_HeLa_HGF_probe3_2_assay	proteomic profiling by mass spectrometry	data-dependent acquisition	NT=label free sample;AC=MS:1002038	1	1	not available	NT=Trypsin;AC=MS:1001251	NT=Carbamidomethyl;AC=UNIMOD:4;TA=C;MT=Fixed	NT=Oxidation;AC=UNIMOD:21;TA=M;MT=Variable	not available	not available	not available	not available	not available	not available	not available	not available	4_187_QE_HeLa_HGF_probe3_2.raw	NT=ms-proteomics;VV=v1.1.0	NT=crosslinking;VV=v1.0.0	NT=human;VV=v1.1.0
PXD038018_4_131_QE_HeLa_EGFTM3_2E6_1	Homo sapiens	whole cell lysate	pancreatic cancer-associated fibroblasts	139	PXD038018_4_131_QE_HeLa_EGFTM3_2E6_1_assay	proteomic profiling by mass spectrometry	data-dependent acquisition	NT=label free sample;AC=MS:1002038	1	1	not available	NT=Trypsin;AC=MS:1001251	NT=Carbamidomethyl;AC=UNIMOD:4;TA=C;MT=Fixed	NT=Oxidation;AC=UNIMOD:21;TA=M;MT=Variable	not available	not available	not available	not available	not available	not available	not available	not available	4_131_QE_HeLa_EGFTM3_2E6_1.raw	NT=ms-proteomics;VV=v1.1.0	NT=crosslinking;VV=v1.0.0	NT=human;VV=v1.1.0
PXD038018_6_19_QE_3T3_PDGFB_1	Mus musculus	whole cell lysate	pancreatic cancer-associated fibroblasts	140	PXD038018_6_19_QE_3T3_PDGFB_1_assay	proteomic profiling by mass spectrometry	data-dependent acquisition	NT=label free sample;AC=MS:1002038	1	1	not available	NT=Trypsin;AC=MS:1001251	NT=Carbamidomethyl;AC=UNIMOD:4;TA=C;MT=Fixed	NT=Oxidation;AC=UNIMOD:21;TA=M;MT=Variable	not available	not available	not available	not available	not available	not available	not available	not available	6_19_QE_3T3_PDGFB_1.raw	NT=ms-proteomics;VV=v1.1.0	NT=crosslinking;VV=v1.0.0	NT=human;VV=v1.1.0
PXD038018_6_178_QE_HeLa_Tris_3	Homo sapiens	whole cell lysate	pancreatic cancer-associated fibroblasts	141	PXD038018_6_178_QE_HeLa_Tris_3_assay	proteomic profiling by mass spectrometry	data-dependent acquisition	NT=label free sample;AC=MS:1002038	1	1	not available	NT=Trypsin;AC=MS:1001251	NT=Carbamidomethyl;AC=UNIMOD:4;TA=C;MT=Fixed	NT=Oxidation;AC=UNIMOD:21;TA=M;MT=Variable	not available	not available	not available	not available	not available	not available	not available	not available	6_178_QE_HeLa_Tris_3.raw	NT=ms-proteomics;VV=v1.1.0	NT=crosslinking;VV=v1.0.0	NT=human;VV=v1.1.0
PXD038018_4_5_QE_HeLa_HGF_3	Homo sapiens	whole cell lysate	pancreatic cancer-associated fibroblasts	142	PXD038018_4_5_QE_HeLa_HGF_3_assay	proteomic profiling by mass spectrometry	data-dependent acquisition	NT=label free sample;AC=MS:1002038	1	1	not available	NT=Trypsin;AC=MS:1001251	NT=Carbamidomethyl;AC=UNIMOD:4;TA=C;MT=Fixed	NT=Oxidation;AC=UNIMOD:21;TA=M;MT=Variable	not available	not available	not available	not available	not available	not available	not available	not available	4_5_QE_HeLa_HGF_3.raw	NT=ms-proteomics;VV=v1.1.0	NT=crosslinking;VV=v1.0.0	NT=human;VV=v1.1.0
PXD038018_2_80_Fu_mem_GlcNAz_rep3	Homo sapiens	whole cell lysate	pancreatic cancer-associated fibroblasts	143	PXD038018_2_80_Fu_mem_GlcNAz_rep3_assay	proteomic profiling by mass spectrometry	data-dependent acquisition	NT=label free sample;AC=MS:1002038	1	3	not available	NT=Trypsin;AC=MS:1001251	NT=Carbamidomethyl;AC=UNIMOD:4;TA=C;MT=Fixed	NT=Oxidation;AC=UNIMOD:21;TA=M;MT=Variable	not available	not available	not available	not available	not available	not available	not available	not available	2_80_Fu_mem_GlcNAz_rep3.raw	NT=ms-proteomics;VV=v1.1.0	NT=crosslinking;VV=v1.0.0	NT=human;VV=v1.1.0
PXD038018_5_63_HFX_HeLa_HGFTM8_1E6_1	Homo sapiens	whole cell lysate	pancreatic cancer-associated fibroblasts	144	PXD038018_5_63_HFX_HeLa_HGFTM8_1E6_1_assay	proteomic profiling by mass spectrometry	data-dependent acquisition	NT=label free sample;AC=MS:1002038	1	1	not available	NT=Trypsin;AC=MS:1001251	NT=Carbamidomethyl;AC=UNIMOD:4;TA=C;MT=Fixed	NT=Oxidation;AC=UNIMOD:21;TA=M;MT=Variable	not available	not available	not available	not available	not available	not available	not available	not available	5_63_HFX_HeLa_HGFTM8_1E6_1.raw	NT=ms-proteomics;VV=v1.1.0	NT=crosslinking;VV=v1.0.0	NT=human;VV=v1.1.0
PXD038018_4_181_QE_HeLa_probe1_HGFvBSA_1v10_3	Homo sapiens	whole cell lysate	pancreatic cancer-associated fibroblasts	145	PXD038018_4_181_QE_HeLa_probe1_HGFvBSA_1v10_3_assay	proteomic profiling by mass spectrometry	data-dependent acquisition	NT=label free sample;AC=MS:1002038	1	1	not available	NT=Trypsin;AC=MS:1001251	NT=Carbamidomethyl;AC=UNIMOD:4;TA=C;MT=Fixed	NT=Oxidation;AC=UNIMOD:21;TA=M;MT=Variable	not available	not available	not available	not available	not available	not available	not available	not available	4_181_QE_HeLa_probe1_HGFvBSA_1v10_3.raw	NT=ms-proteomics;VV=v1.1.0	NT=crosslinking;VV=v1.0.0	NT=human;VV=v1.1.0
PXD038018_3_178_QE_HeLa_ManNAz_KP4CM_cat_3	Homo sapiens	whole cell lysate	pancreatic cancer-associated fibroblasts	146	PXD038018_3_178_QE_HeLa_ManNAz_KP4CM_cat_3_assay	proteomic profiling by mass spectrometry	data-dependent acquisition	NT=label free sample;AC=MS:1002038	1	1	not available	NT=Trypsin;AC=MS:1001251	NT=Carbamidomethyl;AC=UNIMOD:4;TA=C;MT=Fixed	NT=Oxidation;AC=UNIMOD:21;TA=M;MT=Variable	not available	not available	not available	not available	not available	not available	not available	not available	3_178_QE_HeLa_ManNAz_KP4CM_cat_3.raw	NT=ms-proteomics;VV=v1.1.0	NT=crosslinking;VV=v1.0.0	NT=human;VV=v1.1.0
PXD038018_4_181_QE_HeLa_probe1_HGFvBSA_1v10_2	Homo sapiens	whole cell lysate	pancreatic cancer-associated fibroblasts	147	PXD038018_4_181_QE_HeLa_probe1_HGFvBSA_1v10_2_assay	proteomic profiling by mass spectrometry	data-dependent acquisition	NT=label free sample;AC=MS:1002038	1	1	not available	NT=Trypsin;AC=MS:1001251	NT=Carbamidomethyl;AC=UNIMOD:4;TA=C;MT=Fixed	NT=Oxidation;AC=UNIMOD:21;TA=M;MT=Variable	not available	not available	not available	not available	not available	not available	not available	not available	4_181_QE_HeLa_probe1_HGFvBSA_1v10_2.raw	NT=ms-proteomics;VV=v1.1.0	NT=crosslinking;VV=v1.0.0	NT=human;VV=v1.1.0
PXD038018_6_182_QE_HeLa_10uL_1	Homo sapiens	whole cell lysate	pancreatic cancer-associated fibroblasts	148	PXD038018_6_182_QE_HeLa_10uL_1_assay	proteomic profiling by mass spectrometry	data-dependent acquisition	NT=label free sample;AC=MS:1002038	1	1	not available	NT=Trypsin;AC=MS:1001251	NT=Carbamidomethyl;AC=UNIMOD:4;TA=C;MT=Fixed	NT=Oxidation;AC=UNIMOD:21;TA=M;MT=Variable	not available	not available	not available	not available	not available	not available	not available	not available	6_182_QE_HeLa_10uL_1.raw	NT=ms-proteomics;VV=v1.1.0	NT=crosslinking;VV=v1.0.0	NT=human;VV=v1.1.0
PXD038018_2_80_Fu_mem_ManNAz_rep2	Homo sapiens	whole cell lysate	pancreatic cancer-associated fibroblasts	149	PXD038018_2_80_Fu_mem_ManNAz_rep2_assay	proteomic profiling by mass spectrometry	data-dependent acquisition	NT=label free sample;AC=MS:1002038	1	2	not available	NT=Trypsin;AC=MS:1001251	NT=Carbamidomethyl;AC=UNIMOD:4;TA=C;MT=Fixed	NT=Oxidation;AC=UNIMOD:21;TA=M;MT=Variable	not available	not available	not available	not available	not available	not available	not available	not available	2_80_Fu_mem_ManNAz_rep2.raw	NT=ms-proteomics;VV=v1.1.0	NT=crosslinking;VV=v1.0.0	NT=human;VV=v1.1.0
PXD038018_4_122_QE_EGFvProbe1_1v1_3	Homo sapiens	whole cell lysate	pancreatic cancer-associated fibroblasts	150	PXD038018_4_122_QE_EGFvProbe1_1v1_3_assay	proteomic profiling by mass spectrometry	data-dependent acquisition	NT=label free sample;AC=MS:1002038	1	1	not available	NT=Trypsin;AC=MS:1001251	NT=Carbamidomethyl;AC=UNIMOD:4;TA=C;MT=Fixed	NT=Oxidation;AC=UNIMOD:21;TA=M;MT=Variable	not available	not available	not available	not available	not available	not available	not available	not available	4_122_QE_EGFvProbe1_1v1_3.raw	NT=ms-proteomics;VV=v1.1.0	NT=crosslinking;VV=v1.0.0	NT=human;VV=v1.1.0
PXD038018_6_19_QE_3T3_con_3	Mus musculus	whole cell lysate	pancreatic cancer-associated fibroblasts	151	PXD038018_6_19_QE_3T3_con_3_assay	proteomic profiling by mass spectrometry	data-dependent acquisition	NT=label free sample;AC=MS:1002038	1	1	not available	NT=Trypsin;AC=MS:1001251	NT=Carbamidomethyl;AC=UNIMOD:4;TA=C;MT=Fixed	NT=Oxidation;AC=UNIMOD:21;TA=M;MT=Variable	not available	not available	not available	not available	not available	not available	not available	not available	6_19_QE_3T3_con_3.raw	NT=ms-proteomics;VV=v1.1.0	NT=crosslinking;VV=v1.0.0	NT=human;VV=v1.1.0
PXD038018_HeLa_KP4CMTM9_UV_2	Homo sapiens	whole cell lysate	pancreatic cancer-associated fibroblasts	152	PXD038018_HeLa_KP4CMTM9_UV_2_assay	proteomic profiling by mass spectrometry	data-dependent acquisition	NT=label free sample;AC=MS:1002038	1	1	not available	NT=Trypsin;AC=MS:1001251	NT=Carbamidomethyl;AC=UNIMOD:4;TA=C;MT=Fixed	NT=Oxidation;AC=UNIMOD:21;TA=M;MT=Variable	not available	not available	not available	not available	not available	not available	not available	not available	HeLa_KP4CMTM9_UV_2.raw	NT=ms-proteomics;VV=v1.1.0	NT=crosslinking;VV=v1.0.0	NT=human;VV=v1.1.0
PXD038018_5_63_HFX_HeLa_HGFTM8_4E5_2	Homo sapiens	whole cell lysate	pancreatic cancer-associated fibroblasts	153	PXD038018_5_63_HFX_HeLa_HGFTM8_4E5_2_assay	proteomic profiling by mass spectrometry	data-dependent acquisition	NT=label free sample;AC=MS:1002038	1	1	not available	NT=Trypsin;AC=MS:1001251	NT=Carbamidomethyl;AC=UNIMOD:4;TA=C;MT=Fixed	NT=Oxidation;AC=UNIMOD:21;TA=M;MT=Variable	not available	not available	not available	not available	not available	not available	not available	not available	5_63_HFX_HeLa_HGFTM8_4E5_2.raw	NT=ms-proteomics;VV=v1.1.0	NT=crosslinking;VV=v1.0.0	NT=human;VV=v1.1.0
PXD038018_5_189_HFX_Mia_ManNAz_PSCCM_cat_2	Mus musculus	whole cell lysate	pancreatic cancer-associated fibroblasts	154	PXD038018_5_189_HFX_Mia_ManNAz_PSCCM_cat_2_assay	proteomic profiling by mass spectrometry	data-dependent acquisition	NT=label free sample;AC=MS:1002038	1	1	not available	NT=Trypsin;AC=MS:1001251	NT=Carbamidomethyl;AC=UNIMOD:4;TA=C;MT=Fixed	NT=Oxidation;AC=UNIMOD:21;TA=M;MT=Variable	not available	not available	not available	not available	not available	not available	not available	not available	5_189_HFX_Mia_ManNAz_PSCCM_cat_2.raw	NT=ms-proteomics;VV=v1.1.0	NT=crosslinking;VV=v1.0.0	NT=human;VV=v1.1.0
PXD038018_4_187_QE_HeLa_HGF_probe2_1	Homo sapiens	whole cell lysate	pancreatic cancer-associated fibroblasts	155	PXD038018_4_187_QE_HeLa_HGF_probe2_1_assay	proteomic profiling by mass spectrometry	data-dependent acquisition	NT=label free sample;AC=MS:1002038	1	1	not available	NT=Trypsin;AC=MS:1001251	NT=Carbamidomethyl;AC=UNIMOD:4;TA=C;MT=Fixed	NT=Oxidation;AC=UNIMOD:21;TA=M;MT=Variable	not available	not available	not available	not available	not available	not available	not available	not available	4_187_QE_HeLa_HGF_probe2_1.raw	NT=ms-proteomics;VV=v1.1.0	NT=crosslinking;VV=v1.0.0	NT=human;VV=v1.1.0
PXD038018_4_187_QE_HeLa_LIF_probe1_2	Homo sapiens	whole cell lysate	pancreatic cancer-associated fibroblasts	156	PXD038018_4_187_QE_HeLa_LIF_probe1_2_assay	proteomic profiling by mass spectrometry	data-dependent acquisition	NT=label free sample;AC=MS:1002038	1	1	not available	NT=Trypsin;AC=MS:1001251	NT=Carbamidomethyl;AC=UNIMOD:4;TA=C;MT=Fixed	NT=Oxidation;AC=UNIMOD:21;TA=M;MT=Variable	not available	not available	not available	not available	not available	not available	not available	not available	4_187_QE_HeLa_LIF_probe1_2.raw	NT=ms-proteomics;VV=v1.1.0	NT=crosslinking;VV=v1.0.0	NT=human;VV=v1.1.0
PXD038018_4_122_QE_EGFvProbe1_1v2_3	Homo sapiens	whole cell lysate	pancreatic cancer-associated fibroblasts	157	PXD038018_4_122_QE_EGFvProbe1_1v2_3_assay	proteomic profiling by mass spectrometry	data-dependent acquisition	NT=label free sample;AC=MS:1002038	1	1	not available	NT=Trypsin;AC=MS:1001251	NT=Carbamidomethyl;AC=UNIMOD:4;TA=C;MT=Fixed	NT=Oxidation;AC=UNIMOD:21;TA=M;MT=Variable	not available	not available	not available	not available	not available	not available	not available	not available	4_122_QE_EGFvProbe1_1v2_3.raw	NT=ms-proteomics;VV=v1.1.0	NT=crosslinking;VV=v1.0.0	NT=human;VV=v1.1.0
PXD038018_4_122_QE_EGFvProbe1_3v2_3	Homo sapiens	whole cell lysate	pancreatic cancer-associated fibroblasts	158	PXD038018_4_122_QE_EGFvProbe1_3v2_3_assay	proteomic profiling by mass spectrometry	data-dependent acquisition	NT=label free sample;AC=MS:1002038	1	1	not available	NT=Trypsin;AC=MS:1001251	NT=Carbamidomethyl;AC=UNIMOD:4;TA=C;MT=Fixed	NT=Oxidation;AC=UNIMOD:21;TA=M;MT=Variable	not available	not available	not available	not available	not available	not available	not available	not available	4_122_QE_EGFvProbe1_3v2_3.raw	NT=ms-proteomics;VV=v1.1.0	NT=crosslinking;VV=v1.0.0	NT=human;VV=v1.1.0
PXD038018_HeLa_KP4CMTM3_noUV_3	Homo sapiens	whole cell lysate	pancreatic cancer-associated fibroblasts	159	PXD038018_HeLa_KP4CMTM3_noUV_3_assay	proteomic profiling by mass spectrometry	data-dependent acquisition	NT=label free sample;AC=MS:1002038	1	1	not available	NT=Trypsin;AC=MS:1001251	NT=Carbamidomethyl;AC=UNIMOD:4;TA=C;MT=Fixed	NT=Oxidation;AC=UNIMOD:21;TA=M;MT=Variable	not available	not available	not available	not available	not available	not available	not available	not available	HeLa_KP4CMTM3_noUV_3.raw	NT=ms-proteomics;VV=v1.1.0	NT=crosslinking;VV=v1.0.0	NT=human;VV=v1.1.0
PXD038018_6_178_QE_HeLa_Tris_2	Homo sapiens	whole cell lysate	pancreatic cancer-associated fibroblasts	160	PXD038018_6_178_QE_HeLa_Tris_2_assay	proteomic profiling by mass spectrometry	data-dependent acquisition	NT=label free sample;AC=MS:1002038	1	1	not available	NT=Trypsin;AC=MS:1001251	NT=Carbamidomethyl;AC=UNIMOD:4;TA=C;MT=Fixed	NT=Oxidation;AC=UNIMOD:21;TA=M;MT=Variable	not available	not available	not available	not available	not available	not available	not available	not available	6_178_QE_HeLa_Tris_2.raw	NT=ms-proteomics;VV=v1.1.0	NT=crosslinking;VV=v1.0.0	NT=human;VV=v1.1.0
PXD038018_4_187_QE_HeLa_HGF_probe1_3	Homo sapiens	whole cell lysate	pancreatic cancer-associated fibroblasts	161	PXD038018_4_187_QE_HeLa_HGF_probe1_3_assay	proteomic profiling by mass spectrometry	data-dependent acquisition	NT=label free sample;AC=MS:1002038	1	1	not available	NT=Trypsin;AC=MS:1001251	NT=Carbamidomethyl;AC=UNIMOD:4;TA=C;MT=Fixed	NT=Oxidation;AC=UNIMOD:21;TA=M;MT=Variable	not available	not available	not available	not available	not available	not available	not available	not available	4_187_QE_HeLa_HGF_probe1_3.raw	NT=ms-proteomics;VV=v1.1.0	NT=crosslinking;VV=v1.0.0	NT=human;VV=v1.1.0
PXD038018_4_131_QE_HeLa_EGFTM3_4E5_3	Homo sapiens	whole cell lysate	pancreatic cancer-associated fibroblasts	162	PXD038018_4_131_QE_HeLa_EGFTM3_4E5_3_assay	proteomic profiling by mass spectrometry	data-dependent acquisition	NT=label free sample;AC=MS:1002038	1	1	not available	NT=Trypsin;AC=MS:1001251	NT=Carbamidomethyl;AC=UNIMOD:4;TA=C;MT=Fixed	NT=Oxidation;AC=UNIMOD:21;TA=M;MT=Variable	not available	not available	not available	not available	not available	not available	not available	not available	4_131_QE_HeLa_EGFTM3_4E5_3.raw	NT=ms-proteomics;VV=v1.1.0	NT=crosslinking;VV=v1.0.0	NT=human;VV=v1.1.0
PXD038018_3_17_QE_HeLa_EGF_2	Homo sapiens	whole cell lysate	pancreatic cancer-associated fibroblasts	163	PXD038018_3_17_QE_HeLa_EGF_2_assay	proteomic profiling by mass spectrometry	data-dependent acquisition	NT=label free sample;AC=MS:1002038	1	1	not available	NT=Trypsin;AC=MS:1001251	NT=Carbamidomethyl;AC=UNIMOD:4;TA=C;MT=Fixed	NT=Oxidation;AC=UNIMOD:21;TA=M;MT=Variable	not available	not available	not available	not available	not available	not available	not available	not available	3_17_QE_HeLa_EGF_2.raw	NT=ms-proteomics;VV=v1.1.0	NT=crosslinking;VV=v1.0.0	NT=human;VV=v1.1.0
PXD038018_4_159_QE_HeLa_HGFvTM3_2v1_2	Homo sapiens	whole cell lysate	pancreatic cancer-associated fibroblasts	164	PXD038018_4_159_QE_HeLa_HGFvTM3_2v1_2_assay	proteomic profiling by mass spectrometry	data-dependent acquisition	NT=label free sample;AC=MS:1002038	1	1	not available	NT=Trypsin;AC=MS:1001251	NT=Carbamidomethyl;AC=UNIMOD:4;TA=C;MT=Fixed	NT=Oxidation;AC=UNIMOD:21;TA=M;MT=Variable	not available	not available	not available	not available	not available	not available	not available	not available	4_159_QE_HeLa_HGFvTM3_2v1_2.raw	NT=ms-proteomics;VV=v1.1.0	NT=crosslinking;VV=v1.0.0	NT=human;VV=v1.1.0
PXD038018_2_80_Fu_mem_GlcNAz_rep1	Homo sapiens	whole cell lysate	pancreatic cancer-associated fibroblasts	165	PXD038018_2_80_Fu_mem_GlcNAz_rep1_assay	proteomic profiling by mass spectrometry	data-dependent acquisition	NT=label free sample;AC=MS:1002038	1	1	not available	NT=Trypsin;AC=MS:1001251	NT=Carbamidomethyl;AC=UNIMOD:4;TA=C;MT=Fixed	NT=Oxidation;AC=UNIMOD:21;TA=M;MT=Variable	not available	not available	not available	not available	not available	not available	not available	not available	2_80_Fu_mem_GlcNAz_rep1.raw	NT=ms-proteomics;VV=v1.1.0	NT=crosslinking;VV=v1.0.0	NT=human;VV=v1.1.0
PXD038018_6_182_QE_HeLa_1uL_3	Homo sapiens	whole cell lysate	pancreatic cancer-associated fibroblasts	166	PXD038018_6_182_QE_HeLa_1uL_3_assay	proteomic profiling by mass spectrometry	data-dependent acquisition	NT=label free sample;AC=MS:1002038	1	1	not available	NT=Trypsin;AC=MS:1001251	NT=Carbamidomethyl;AC=UNIMOD:4;TA=C;MT=Fixed	NT=Oxidation;AC=UNIMOD:21;TA=M;MT=Variable	not available	not available	not available	not available	not available	not available	not available	not available	6_182_QE_HeLa_1uL_3.raw	NT=ms-proteomics;VV=v1.1.0	NT=crosslinking;VV=v1.0.0	NT=human;VV=v1.1.0
PXD038018_4_181_QE_HeLa_probe1_HGFvBSA_1v500_1	Homo sapiens	whole cell lysate	pancreatic cancer-associated fibroblasts	167	PXD038018_4_181_QE_HeLa_probe1_HGFvBSA_1v500_1_assay	proteomic profiling by mass spectrometry	data-dependent acquisition	NT=label free sample;AC=MS:1002038	1	1	not available	NT=Trypsin;AC=MS:1001251	NT=Carbamidomethyl;AC=UNIMOD:4;TA=C;MT=Fixed	NT=Oxidation;AC=UNIMOD:21;TA=M;MT=Variable	not available	not available	not available	not available	not available	not available	not available	not available	4_181_QE_HeLa_probe1_HGFvBSA_1v500_1.raw	NT=ms-proteomics;VV=v1.1.0	NT=crosslinking;VV=v1.0.0	NT=human;VV=v1.1.0
PXD038018_5_48_QE_3T3_HGF_cat_2	Mus musculus	whole cell lysate	pancreatic cancer-associated fibroblasts	168	PXD038018_5_48_QE_3T3_HGF_cat_2_assay	proteomic profiling by mass spectrometry	data-dependent acquisition	NT=label free sample;AC=MS:1002038	1	1	not available	NT=Trypsin;AC=MS:1001251	NT=Carbamidomethyl;AC=UNIMOD:4;TA=C;MT=Fixed	NT=Oxidation;AC=UNIMOD:21;TA=M;MT=Variable	not available	not available	not available	not available	not available	not available	not available	not available	5_48_QE_3T3_HGF_cat_2.raw	NT=ms-proteomics;VV=v1.1.0	NT=crosslinking;VV=v1.0.0	NT=human;VV=v1.1.0
PXD038018_4_159_QE_HeLa_HGFvTM3_1v1_1	Homo sapiens	whole cell lysate	pancreatic cancer-associated fibroblasts	169	PXD038018_4_159_QE_HeLa_HGFvTM3_1v1_1_assay	proteomic profiling by mass spectrometry	data-dependent acquisition	NT=label free sample;AC=MS:1002038	1	1	not available	NT=Trypsin;AC=MS:1001251	NT=Carbamidomethyl;AC=UNIMOD:4;TA=C;MT=Fixed	NT=Oxidation;AC=UNIMOD:21;TA=M;MT=Variable	not available	not available	not available	not available	not available	not available	not available	not available	4_159_QE_HeLa_HGFvTM3_1v1_1.raw	NT=ms-proteomics;VV=v1.1.0	NT=crosslinking;VV=v1.0.0	NT=human;VV=v1.1.0
PXD038018_4_131_QE_HeLa_EGFTM3_6E6_2	Homo sapiens	whole cell lysate	pancreatic cancer-associated fibroblasts	170	PXD038018_4_131_QE_HeLa_EGFTM3_6E6_2_assay	proteomic profiling by mass spectrometry	data-dependent acquisition	NT=label free sample;AC=MS:1002038	1	1	not available	NT=Trypsin;AC=MS:1001251	NT=Carbamidomethyl;AC=UNIMOD:4;TA=C;MT=Fixed	NT=Oxidation;AC=UNIMOD:21;TA=M;MT=Variable	not available	not available	not available	not available	not available	not available	not available	not available	4_131_QE_HeLa_EGFTM3_6E6_2.raw	NT=ms-proteomics;VV=v1.1.0	NT=crosslinking;VV=v1.0.0	NT=human;VV=v1.1.0
PXD038018_2_80_Fu_mem_GlcNAz_rep2	Homo sapiens	whole cell lysate	pancreatic cancer-associated fibroblasts	171	PXD038018_2_80_Fu_mem_GlcNAz_rep2_assay	proteomic profiling by mass spectrometry	data-dependent acquisition	NT=label free sample;AC=MS:1002038	1	2	not available	NT=Trypsin;AC=MS:1001251	NT=Carbamidomethyl;AC=UNIMOD:4;TA=C;MT=Fixed	NT=Oxidation;AC=UNIMOD:21;TA=M;MT=Variable	not available	not available	not available	not available	not available	not available	not available	not available	2_80_Fu_mem_GlcNAz_rep2.raw	NT=ms-proteomics;VV=v1.1.0	NT=crosslinking;VV=v1.0.0	NT=human;VV=v1.1.0
PXD038018_5_63_HFX_HeLa_HGFTM8_1E6_2	Homo sapiens	whole cell lysate	pancreatic cancer-associated fibroblasts	172	PXD038018_5_63_HFX_HeLa_HGFTM8_1E6_2_assay	proteomic profiling by mass spectrometry	data-dependent acquisition	NT=label free sample;AC=MS:1002038	1	1	not available	NT=Trypsin;AC=MS:1001251	NT=Carbamidomethyl;AC=UNIMOD:4;TA=C;MT=Fixed	NT=Oxidation;AC=UNIMOD:21;TA=M;MT=Variable	not available	not available	not available	not available	not available	not available	not available	not available	5_63_HFX_HeLa_HGFTM8_1E6_2.raw	NT=ms-proteomics;VV=v1.1.0	NT=crosslinking;VV=v1.0.0	NT=human;VV=v1.1.0
PXD038018_4_187_QE_HeLa_HGF_probe1_1	Homo sapiens	whole cell lysate	pancreatic cancer-associated fibroblasts	173	PXD038018_4_187_QE_HeLa_HGF_probe1_1_assay	proteomic profiling by mass spectrometry	data-dependent acquisition	NT=label free sample;AC=MS:1002038	1	1	not available	NT=Trypsin;AC=MS:1001251	NT=Carbamidomethyl;AC=UNIMOD:4;TA=C;MT=Fixed	NT=Oxidation;AC=UNIMOD:21;TA=M;MT=Variable	not available	not available	not available	not available	not available	not available	not available	not available	4_187_QE_HeLa_HGF_probe1_1.raw	NT=ms-proteomics;VV=v1.1.0	NT=crosslinking;VV=v1.0.0	NT=human;VV=v1.1.0
PXD038018_5_23_QE_KP4CM_2	Homo sapiens	whole cell lysate	pancreatic cancer-associated fibroblasts	174	PXD038018_5_23_QE_KP4CM_2_assay	proteomic profiling by mass spectrometry	data-dependent acquisition	NT=label free sample;AC=MS:1002038	1	1	not available	NT=Trypsin;AC=MS:1001251	NT=Carbamidomethyl;AC=UNIMOD:4;TA=C;MT=Fixed	NT=Oxidation;AC=UNIMOD:21;TA=M;MT=Variable	not available	not available	not available	not available	not available	not available	not available	not available	5_23_QE_KP4CM_2.raw	NT=ms-proteomics;VV=v1.1.0	NT=crosslinking;VV=v1.0.0	NT=human;VV=v1.1.0
PXD038018_5_189_HFX_PANC1_ManNAz_noCM_2	Mus musculus	whole cell lysate	pancreatic cancer-associated fibroblasts	175	PXD038018_5_189_HFX_PANC1_ManNAz_noCM_2_assay	proteomic profiling by mass spectrometry	data-dependent acquisition	NT=label free sample;AC=MS:1002038	1	1	not available	NT=Trypsin;AC=MS:1001251	NT=Carbamidomethyl;AC=UNIMOD:4;TA=C;MT=Fixed	NT=Oxidation;AC=UNIMOD:21;TA=M;MT=Variable	not available	not available	not available	not available	not available	not available	not available	not available	5_189_HFX_PANC1_ManNAz_noCM_2.raw	NT=ms-proteomics;VV=v1.1.0	NT=crosslinking;VV=v1.0.0	NT=human;VV=v1.1.0
PXD038018_5_113_HFX_PSCCM_2	Mus musculus	whole cell lysate	pancreatic cancer-associated fibroblasts	176	PXD038018_5_113_HFX_PSCCM_2_assay	proteomic profiling by mass spectrometry	data-dependent acquisition	NT=label free sample;AC=MS:1002038	1	1	not available	NT=Trypsin;AC=MS:1001251	NT=Carbamidomethyl;AC=UNIMOD:4;TA=C;MT=Fixed	NT=Oxidation;AC=UNIMOD:21;TA=M;MT=Variable	not available	not available	not available	not available	not available	not available	not available	not available	5_113_HFX_PSCCM_2.raw	NT=ms-proteomics;VV=v1.1.0	NT=crosslinking;VV=v1.0.0	NT=human;VV=v1.1.0
PXD038018_4_187_QE_HeLa_HGF_probe3_1	Homo sapiens	whole cell lysate	pancreatic cancer-associated fibroblasts	177	PXD038018_4_187_QE_HeLa_HGF_probe3_1_assay	proteomic profiling by mass spectrometry	data-dependent acquisition	NT=label free sample;AC=MS:1002038	1	1	not available	NT=Trypsin;AC=MS:1001251	NT=Carbamidomethyl;AC=UNIMOD:4;TA=C;MT=Fixed	NT=Oxidation;AC=UNIMOD:21;TA=M;MT=Variable	not available	not available	not available	not available	not available	not available	not available	not available	4_187_QE_HeLa_HGF_probe3_1.raw	NT=ms-proteomics;VV=v1.1.0	NT=crosslinking;VV=v1.0.0	NT=human;VV=v1.1.0
PXD038018_5_189_HFX_PANC1_ManNAz_PSCCM_cat_2	Mus musculus	whole cell lysate	pancreatic cancer-associated fibroblasts	178	PXD038018_5_189_HFX_PANC1_ManNAz_PSCCM_cat_2_assay	proteomic profiling by mass spectrometry	data-dependent acquisition	NT=label free sample;AC=MS:1002038	1	1	not available	NT=Trypsin;AC=MS:1001251	NT=Carbamidomethyl;AC=UNIMOD:4;TA=C;MT=Fixed	NT=Oxidation;AC=UNIMOD:21;TA=M;MT=Variable	not available	not available	not available	not available	not available	not available	not available	not available	5_189_HFX_PANC1_ManNAz_PSCCM_cat_2.raw	NT=ms-proteomics;VV=v1.1.0	NT=crosslinking;VV=v1.0.0	NT=human;VV=v1.1.0
PXD038018_4_120_QE_HeLa_EGF_1	Homo sapiens	whole cell lysate	pancreatic cancer-associated fibroblasts	179	PXD038018_4_120_QE_HeLa_EGF_1_assay	proteomic profiling by mass spectrometry	data-dependent acquisition	NT=label free sample;AC=MS:1002038	1	1	not available	NT=Trypsin;AC=MS:1001251	NT=Carbamidomethyl;AC=UNIMOD:4;TA=C;MT=Fixed	NT=Oxidation;AC=UNIMOD:21;TA=M;MT=Variable	not available	not available	not available	not available	not available	not available	not available	not available	4_120_QE_HeLa_EGF_1.raw	NT=ms-proteomics;VV=v1.1.0	NT=crosslinking;VV=v1.0.0	NT=human;VV=v1.1.0
PXD038018_HeLa_KP4CMTM3_UV_2	Homo sapiens	whole cell lysate	pancreatic cancer-associated fibroblasts	180	PXD038018_HeLa_KP4CMTM3_UV_2_assay	proteomic profiling by mass spectrometry	data-dependent acquisition	NT=label free sample;AC=MS:1002038	1	1	not available	NT=Trypsin;AC=MS:1001251	NT=Carbamidomethyl;AC=UNIMOD:4;TA=C;MT=Fixed	NT=Oxidation;AC=UNIMOD:21;TA=M;MT=Variable	not available	not available	not available	not available	not available	not available	not available	not available	HeLa_KP4CMTM3_UV_2.raw	NT=ms-proteomics;VV=v1.1.0	NT=crosslinking;VV=v1.0.0	NT=human;VV=v1.1.0
PXD038018_5_48_QE_3T3_HGF_cat_1	Mus musculus	whole cell lysate	pancreatic cancer-associated fibroblasts	181	PXD038018_5_48_QE_3T3_HGF_cat_1_assay	proteomic profiling by mass spectrometry	data-dependent acquisition	NT=label free sample;AC=MS:1002038	1	1	not available	NT=Trypsin;AC=MS:1001251	NT=Carbamidomethyl;AC=UNIMOD:4;TA=C;MT=Fixed	NT=Oxidation;AC=UNIMOD:21;TA=M;MT=Variable	not available	not available	not available	not available	not available	not available	not available	not available	5_48_QE_3T3_HGF_cat_1.raw	NT=ms-proteomics;VV=v1.1.0	NT=crosslinking;VV=v1.0.0	NT=human;VV=v1.1.0
PXD038018_4_187_QE_HeLa_LIF_probe3_2	Homo sapiens	whole cell lysate	pancreatic cancer-associated fibroblasts	182	PXD038018_4_187_QE_HeLa_LIF_probe3_2_assay	proteomic profiling by mass spectrometry	data-dependent acquisition	NT=label free sample;AC=MS:1002038	1	1	not available	NT=Trypsin;AC=MS:1001251	NT=Carbamidomethyl;AC=UNIMOD:4;TA=C;MT=Fixed	NT=Oxidation;AC=UNIMOD:21;TA=M;MT=Variable	not available	not available	not available	not available	not available	not available	not available	not available	4_187_QE_HeLa_LIF_probe3_2.raw	NT=ms-proteomics;VV=v1.1.0	NT=crosslinking;VV=v1.0.0	NT=human;VV=v1.1.0
PXD038018_6_95_HFX_PSC_BSA_1	Mus musculus	whole cell lysate	pancreatic cancer-associated fibroblasts	183	PXD038018_6_95_HFX_PSC_BSA_1_assay	proteomic profiling by mass spectrometry	data-dependent acquisition	NT=label free sample;AC=MS:1002038	1	1	not available	NT=Trypsin;AC=MS:1001251	NT=Carbamidomethyl;AC=UNIMOD:4;TA=C;MT=Fixed	NT=Oxidation;AC=UNIMOD:21;TA=M;MT=Variable	not available	not available	not available	not available	not available	not available	not available	not available	6_95_HFX_PSC_BSA_1.raw	NT=ms-proteomics;VV=v1.1.0	NT=crosslinking;VV=v1.0.0	NT=human;VV=v1.1.0
PXD038018_4_131_QE_HeLa_EGFTM3_4E5_1	Homo sapiens	whole cell lysate	pancreatic cancer-associated fibroblasts	184	PXD038018_4_131_QE_HeLa_EGFTM3_4E5_1_assay	proteomic profiling by mass spectrometry	data-dependent acquisition	NT=label free sample;AC=MS:1002038	1	1	not available	NT=Trypsin;AC=MS:1001251	NT=Carbamidomethyl;AC=UNIMOD:4;TA=C;MT=Fixed	NT=Oxidation;AC=UNIMOD:21;TA=M;MT=Variable	not available	not available	not available	not available	not available	not available	not available	not available	4_131_QE_HeLa_EGFTM3_4E5_1.raw	NT=ms-proteomics;VV=v1.1.0	NT=crosslinking;VV=v1.0.0	NT=human;VV=v1.1.0
PXD038018_4_159_QE_HeLa_HGFvTM3_1v1_2	Homo sapiens	whole cell lysate	pancreatic cancer-associated fibroblasts	185	PXD038018_4_159_QE_HeLa_HGFvTM3_1v1_2_assay	proteomic profiling by mass spectrometry	data-dependent acquisition	NT=label free sample;AC=MS:1002038	1	1	not available	NT=Trypsin;AC=MS:1001251	NT=Carbamidomethyl;AC=UNIMOD:4;TA=C;MT=Fixed	NT=Oxidation;AC=UNIMOD:21;TA=M;MT=Variable	not available	not available	not available	not available	not available	not available	not available	not available	4_159_QE_HeLa_HGFvTM3_1v1_2.raw	NT=ms-proteomics;VV=v1.1.0	NT=crosslinking;VV=v1.0.0	NT=human;VV=v1.1.0
PXD038018_4_131_QE_HeLa_EGFTM3_2E5_1	Homo sapiens	whole cell lysate	pancreatic cancer-associated fibroblasts	186	PXD038018_4_131_QE_HeLa_EGFTM3_2E5_1_assay	proteomic profiling by mass spectrometry	data-dependent acquisition	NT=label free sample;AC=MS:1002038	1	1	not available	NT=Trypsin;AC=MS:1001251	NT=Carbamidomethyl;AC=UNIMOD:4;TA=C;MT=Fixed	NT=Oxidation;AC=UNIMOD:21;TA=M;MT=Variable	not available	not available	not available	not available	not available	not available	not available	not available	4_131_QE_HeLa_EGFTM3_2E5_1.raw	NT=ms-proteomics;VV=v1.1.0	NT=crosslinking;VV=v1.0.0	NT=human;VV=v1.1.0
PXD038018_5_216_HFX_MIAPaCa2PM_1	Mus musculus	whole cell lysate	pancreatic cancer-associated fibroblasts	187	PXD038018_5_216_HFX_MIAPaCa2PM_1_assay	proteomic profiling by mass spectrometry	data-dependent acquisition	NT=label free sample;AC=MS:1002038	1	1	not available	NT=Trypsin;AC=MS:1001251	NT=Carbamidomethyl;AC=UNIMOD:4;TA=C;MT=Fixed	NT=Oxidation;AC=UNIMOD:21;TA=M;MT=Variable	not available	not available	not available	not available	not available	not available	not available	not available	5_216_HFX_MIAPaCa2PM_1.raw	NT=ms-proteomics;VV=v1.1.0	NT=crosslinking;VV=v1.0.0	NT=human;VV=v1.1.0
PXD038018_6_178_QE_HeLa_glycine_2	Homo sapiens	whole cell lysate	pancreatic cancer-associated fibroblasts	188	PXD038018_6_178_QE_HeLa_glycine_2_assay	proteomic profiling by mass spectrometry	data-dependent acquisition	NT=label free sample;AC=MS:1002038	1	1	not available	NT=Trypsin;AC=MS:1001251	NT=Carbamidomethyl;AC=UNIMOD:4;TA=C;MT=Fixed	NT=Oxidation;AC=UNIMOD:21;TA=M;MT=Variable	not available	not available	not available	not available	not available	not available	not available	not available	6_178_QE_HeLa_glycine_2.raw	NT=ms-proteomics;VV=v1.1.0	NT=crosslinking;VV=v1.0.0	NT=human;VV=v1.1.0
PXD038018_4_120_QE_HeLa_EGF_3	Homo sapiens	whole cell lysate	pancreatic cancer-associated fibroblasts	189	PXD038018_4_120_QE_HeLa_EGF_3_assay	proteomic profiling by mass spectrometry	data-dependent acquisition	NT=label free sample;AC=MS:1002038	1	1	not available	NT=Trypsin;AC=MS:1001251	NT=Carbamidomethyl;AC=UNIMOD:4;TA=C;MT=Fixed	NT=Oxidation;AC=UNIMOD:21;TA=M;MT=Variable	not available	not available	not available	not available	not available	not available	not available	not available	4_120_QE_HeLa_EGF_3.raw	NT=ms-proteomics;VV=v1.1.0	NT=crosslinking;VV=v1.0.0	NT=human;VV=v1.1.0
PXD038018_3_89_QE_Vero_BSA_2	Homo sapiens	whole cell lysate	pancreatic cancer-associated fibroblasts	190	PXD038018_3_89_QE_Vero_BSA_2_assay	proteomic profiling by mass spectrometry	data-dependent acquisition	NT=label free sample;AC=MS:1002038	1	1	not available	NT=Trypsin;AC=MS:1001251	NT=Carbamidomethyl;AC=UNIMOD:4;TA=C;MT=Fixed	NT=Oxidation;AC=UNIMOD:21;TA=M;MT=Variable	not available	not available	not available	not available	not available	not available	not available	not available	3_89_QE_Vero_BSA_2.raw	NT=ms-proteomics;VV=v1.1.0	NT=crosslinking;VV=v1.0.0	NT=human;VV=v1.1.0
PXD038018_4_159_QE_HeLa_HGFvTM3_1v0_1	Homo sapiens	whole cell lysate	pancreatic cancer-associated fibroblasts	191	PXD038018_4_159_QE_HeLa_HGFvTM3_1v0_1_assay	proteomic profiling by mass spectrometry	data-dependent acquisition	NT=label free sample;AC=MS:1002038	1	1	not available	NT=Trypsin;AC=MS:1001251	NT=Carbamidomethyl;AC=UNIMOD:4;TA=C;MT=Fixed	NT=Oxidation;AC=UNIMOD:21;TA=M;MT=Variable	not available	not available	not available	not available	not available	not available	not available	not available	4_159_QE_HeLa_HGFvTM3_1v0_1.raw	NT=ms-proteomics;VV=v1.1.0	NT=crosslinking;VV=v1.0.0	NT=human;VV=v1.1.0
PXD038018_4_159_QE_HeLa_HGFvTM3_1v0_3	Homo sapiens	whole cell lysate	pancreatic cancer-associated fibroblasts	192	PXD038018_4_159_QE_HeLa_HGFvTM3_1v0_3_assay	proteomic profiling by mass spectrometry	data-dependent acquisition	NT=label free sample;AC=MS:1002038	1	1	not available	NT=Trypsin;AC=MS:1001251	NT=Carbamidomethyl;AC=UNIMOD:4;TA=C;MT=Fixed	NT=Oxidation;AC=UNIMOD:21;TA=M;MT=Variable	not available	not available	not available	not available	not available	not available	not available	not available	4_159_QE_HeLa_HGFvTM3_1v0_3.raw	NT=ms-proteomics;VV=v1.1.0	NT=crosslinking;VV=v1.0.0	NT=human;VV=v1.1.0
PXD038018_4_187_QE_HeLa_HGF_probe2_2	Homo sapiens	whole cell lysate	pancreatic cancer-associated fibroblasts	193	PXD038018_4_187_QE_HeLa_HGF_probe2_2_assay	proteomic profiling by mass spectrometry	data-dependent acquisition	NT=label free sample;AC=MS:1002038	1	1	not available	NT=Trypsin;AC=MS:1001251	NT=Carbamidomethyl;AC=UNIMOD:4;TA=C;MT=Fixed	NT=Oxidation;AC=UNIMOD:21;TA=M;MT=Variable	not available	not available	not available	not available	not available	not available	not available	not available	4_187_QE_HeLa_HGF_probe2_2.raw	NT=ms-proteomics;VV=v1.1.0	NT=crosslinking;VV=v1.0.0	NT=human;VV=v1.1.0
PXD038018_5_189_HFX_Mia_ManNAz_PSCCM_uncat_2	Mus musculus	whole cell lysate	pancreatic cancer-associated fibroblasts	194	PXD038018_5_189_HFX_Mia_ManNAz_PSCCM_uncat_2_assay	proteomic profiling by mass spectrometry	data-dependent acquisition	NT=label free sample;AC=MS:1002038	1	1	not available	NT=Trypsin;AC=MS:1001251	NT=Carbamidomethyl;AC=UNIMOD:4;TA=C;MT=Fixed	NT=Oxidation;AC=UNIMOD:21;TA=M;MT=Variable	not available	not available	not available	not available	not available	not available	not available	not available	5_189_HFX_Mia_ManNAz_PSCCM_uncat_2.raw	NT=ms-proteomics;VV=v1.1.0	NT=crosslinking;VV=v1.0.0	NT=human;VV=v1.1.0
PXD038018_4_187_QE_HeLa_HGF_probe1_2	Homo sapiens	whole cell lysate	pancreatic cancer-associated fibroblasts	195	PXD038018_4_187_QE_HeLa_HGF_probe1_2_assay	proteomic profiling by mass spectrometry	data-dependent acquisition	NT=label free sample;AC=MS:1002038	1	1	not available	NT=Trypsin;AC=MS:1001251	NT=Carbamidomethyl;AC=UNIMOD:4;TA=C;MT=Fixed	NT=Oxidation;AC=UNIMOD:21;TA=M;MT=Variable	not available	not available	not available	not available	not available	not available	not available	not available	4_187_QE_HeLa_HGF_probe1_2.raw	NT=ms-proteomics;VV=v1.1.0	NT=crosslinking;VV=v1.0.0	NT=human;VV=v1.1.0
PXD038018_6_178_QE_HeLa_BSA_3	Homo sapiens	whole cell lysate	pancreatic cancer-associated fibroblasts	196	PXD038018_6_178_QE_HeLa_BSA_3_assay	proteomic profiling by mass spectrometry	data-dependent acquisition	NT=label free sample;AC=MS:1002038	1	1	not available	NT=Trypsin;AC=MS:1001251	NT=Carbamidomethyl;AC=UNIMOD:4;TA=C;MT=Fixed	NT=Oxidation;AC=UNIMOD:21;TA=M;MT=Variable	not available	not available	not available	not available	not available	not available	not available	not available	6_178_QE_HeLa_BSA_3.raw	NT=ms-proteomics;VV=v1.1.0	NT=crosslinking;VV=v1.0.0	NT=human;VV=v1.1.0
PXD038018_5_189_HFX_PANC1_ManNAz_noCM_1	Mus musculus	whole cell lysate	pancreatic cancer-associated fibroblasts	197	PXD038018_5_189_HFX_PANC1_ManNAz_noCM_1_assay	proteomic profiling by mass spectrometry	data-dependent acquisition	NT=label free sample;AC=MS:1002038	1	1	not available	NT=Trypsin;AC=MS:1001251	NT=Carbamidomethyl;AC=UNIMOD:4;TA=C;MT=Fixed	NT=Oxidation;AC=UNIMOD:21;TA=M;MT=Variable	not available	not available	not available	not available	not available	not available	not available	not available	5_189_HFX_PANC1_ManNAz_noCM_1.raw	NT=ms-proteomics;VV=v1.1.0	NT=crosslinking;VV=v1.0.0	NT=human;VV=v1.1.0
PXD038018_6_182_QE_HeLa_5uL_1	Homo sapiens	whole cell lysate	pancreatic cancer-associated fibroblasts	198	PXD038018_6_182_QE_HeLa_5uL_1_assay	proteomic profiling by mass spectrometry	data-dependent acquisition	NT=label free sample;AC=MS:1002038	1	1	not available	NT=Trypsin;AC=MS:1001251	NT=Carbamidomethyl;AC=UNIMOD:4;TA=C;MT=Fixed	NT=Oxidation;AC=UNIMOD:21;TA=M;MT=Variable	not available	not available	not available	not available	not available	not available	not available	not available	6_182_QE_HeLa_5uL_1.raw	NT=ms-proteomics;VV=v1.1.0	NT=crosslinking;VV=v1.0.0	NT=human;VV=v1.1.0
PXD038018_4_187_QE_HeLa_LIF_probe3_1	Homo sapiens	whole cell lysate	pancreatic cancer-associated fibroblasts	199	PXD038018_4_187_QE_HeLa_LIF_probe3_1_assay	proteomic profiling by mass spectrometry	data-dependent acquisition	NT=label free sample;AC=MS:1002038	1	1	not available	NT=Trypsin;AC=MS:1001251	NT=Carbamidomethyl;AC=UNIMOD:4;TA=C;MT=Fixed	NT=Oxidation;AC=UNIMOD:21;TA=M;MT=Variable	not available	not available	not available	not available	not available	not available	not available	not available	4_187_QE_HeLa_LIF_probe3_1.raw	NT=ms-proteomics;VV=v1.1.0	NT=crosslinking;VV=v1.0.0	NT=human;VV=v1.1.0
PXD038018_4_131_QE_HeLa_EGFTM3_1E6_3	Homo sapiens	whole cell lysate	pancreatic cancer-associated fibroblasts	200	PXD038018_4_131_QE_HeLa_EGFTM3_1E6_3_assay	proteomic profiling by mass spectrometry	data-dependent acquisition	NT=label free sample;AC=MS:1002038	1	1	not available	NT=Trypsin;AC=MS:1001251	NT=Carbamidomethyl;AC=UNIMOD:4;TA=C;MT=Fixed	NT=Oxidation;AC=UNIMOD:21;TA=M;MT=Variable	not available	not available	not available	not available	not available	not available	not available	not available	4_131_QE_HeLa_EGFTM3_1E6_3.raw	NT=ms-proteomics;VV=v1.1.0	NT=crosslinking;VV=v1.0.0	NT=human;VV=v1.1.0
PXD038018_5_216_HFX_MIAPaCa2PM_3	Mus musculus	whole cell lysate	pancreatic cancer-associated fibroblasts	201	PXD038018_5_216_HFX_MIAPaCa2PM_3_assay	proteomic profiling by mass spectrometry	data-dependent acquisition	NT=label free sample;AC=MS:1002038	1	1	not available	NT=Trypsin;AC=MS:1001251	NT=Carbamidomethyl;AC=UNIMOD:4;TA=C;MT=Fixed	NT=Oxidation;AC=UNIMOD:21;TA=M;MT=Variable	not available	not available	not available	not available	not available	not available	not available	not available	5_216_HFX_MIAPaCa2PM_3.raw	NT=ms-proteomics;VV=v1.1.0	NT=crosslinking;VV=v1.0.0	NT=human;VV=v1.1.0
PXD038018_4_187_QE_HeLa_LIF_probe2_3	Homo sapiens	whole cell lysate	pancreatic cancer-associated fibroblasts	202	PXD038018_4_187_QE_HeLa_LIF_probe2_3_assay	proteomic profiling by mass spectrometry	data-dependent acquisition	NT=label free sample;AC=MS:1002038	1	1	not available	NT=Trypsin;AC=MS:1001251	NT=Carbamidomethyl;AC=UNIMOD:4;TA=C;MT=Fixed	NT=Oxidation;AC=UNIMOD:21;TA=M;MT=Variable	not available	not available	not available	not available	not available	not available	not available	not available	4_187_QE_HeLa_LIF_probe2_3.raw	NT=ms-proteomics;VV=v1.1.0	NT=crosslinking;VV=v1.0.0	NT=human;VV=v1.1.0
PXD038018_2_80_Fu_mem_ManNAz_rep1	Homo sapiens	whole cell lysate	pancreatic cancer-associated fibroblasts	203	PXD038018_2_80_Fu_mem_ManNAz_rep1_assay	proteomic profiling by mass spectrometry	data-dependent acquisition	NT=label free sample;AC=MS:1002038	1	1	not available	NT=Trypsin;AC=MS:1001251	NT=Carbamidomethyl;AC=UNIMOD:4;TA=C;MT=Fixed	NT=Oxidation;AC=UNIMOD:21;TA=M;MT=Variable	not available	not available	not available	not available	not available	not available	not available	not available	2_80_Fu_mem_ManNAz_rep1.raw	NT=ms-proteomics;VV=v1.1.0	NT=crosslinking;VV=v1.0.0	NT=human;VV=v1.1.0
PXD038018_4_187_QE_HeLa_LIF_probe1_3	Homo sapiens	whole cell lysate	pancreatic cancer-associated fibroblasts	204	PXD038018_4_187_QE_HeLa_LIF_probe1_3_assay	proteomic profiling by mass spectrometry	data-dependent acquisition	NT=label free sample;AC=MS:1002038	1	1	not available	NT=Trypsin;AC=MS:1001251	NT=Carbamidomethyl;AC=UNIMOD:4;TA=C;MT=Fixed	NT=Oxidation;AC=UNIMOD:21;TA=M;MT=Variable	not available	not available	not available	not available	not available	not available	not available	not available	4_187_QE_HeLa_LIF_probe1_3.raw	NT=ms-proteomics;VV=v1.1.0	NT=crosslinking;VV=v1.0.0	NT=human;VV=v1.1.0
PXD038018_4_122_QE_EGFvProbe1_1v3_1	Homo sapiens	whole cell lysate	pancreatic cancer-associated fibroblasts	205	PXD038018_4_122_QE_EGFvProbe1_1v3_1_assay	proteomic profiling by mass spectrometry	data-dependent acquisition	NT=label free sample;AC=MS:1002038	1	1	not available	NT=Trypsin;AC=MS:1001251	NT=Carbamidomethyl;AC=UNIMOD:4;TA=C;MT=Fixed	NT=Oxidation;AC=UNIMOD:21;TA=M;MT=Variable	not available	not available	not available	not available	not available	not available	not available	not available	4_122_QE_EGFvProbe1_1v3_1.raw	NT=ms-proteomics;VV=v1.1.0	NT=crosslinking;VV=v1.0.0	NT=human;VV=v1.1.0
PXD038018_4_181_QE_HeLa_probe1_HGFvBSA_1v50_2	Homo sapiens	whole cell lysate	pancreatic cancer-associated fibroblasts	206	PXD038018_4_181_QE_HeLa_probe1_HGFvBSA_1v50_2_assay	proteomic profiling by mass spectrometry	data-dependent acquisition	NT=label free sample;AC=MS:1002038	1	1	not available	NT=Trypsin;AC=MS:1001251	NT=Carbamidomethyl;AC=UNIMOD:4;TA=C;MT=Fixed	NT=Oxidation;AC=UNIMOD:21;TA=M;MT=Variable	not available	not available	not available	not available	not available	not available	not available	not available	4_181_QE_HeLa_probe1_HGFvBSA_1v50_2.raw	NT=ms-proteomics;VV=v1.1.0	NT=crosslinking;VV=v1.0.0	NT=human;VV=v1.1.0
PXD038018_5_189_HFX_PANC1_ManNAz_PSCCM_uncat_1	Mus musculus	whole cell lysate	pancreatic cancer-associated fibroblasts	207	PXD038018_5_189_HFX_PANC1_ManNAz_PSCCM_uncat_1_assay	proteomic profiling by mass spectrometry	data-dependent acquisition	NT=label free sample;AC=MS:1002038	1	1	not available	NT=Trypsin;AC=MS:1001251	NT=Carbamidomethyl;AC=UNIMOD:4;TA=C;MT=Fixed	NT=Oxidation;AC=UNIMOD:21;TA=M;MT=Variable	not available	not available	not available	not available	not available	not available	not available	not available	5_189_HFX_PANC1_ManNAz_PSCCM_uncat_1.raw	NT=ms-proteomics;VV=v1.1.0	NT=crosslinking;VV=v1.0.0	NT=human;VV=v1.1.0
PXD038018_5_23_QE_KP4CM_3	Homo sapiens	whole cell lysate	pancreatic cancer-associated fibroblasts	208	PXD038018_5_23_QE_KP4CM_3_assay	proteomic profiling by mass spectrometry	data-dependent acquisition	NT=label free sample;AC=MS:1002038	1	1	not available	NT=Trypsin;AC=MS:1001251	NT=Carbamidomethyl;AC=UNIMOD:4;TA=C;MT=Fixed	NT=Oxidation;AC=UNIMOD:21;TA=M;MT=Variable	not available	not available	not available	not available	not available	not available	not available	not available	5_23_QE_KP4CM_3.raw	NT=ms-proteomics;VV=v1.1.0	NT=crosslinking;VV=v1.0.0	NT=human;VV=v1.1.0
PXD038018_4_131_QE_HeLa_EGFTM3_4E5_2	Homo sapiens	whole cell lysate	pancreatic cancer-associated fibroblasts	209	PXD038018_4_131_QE_HeLa_EGFTM3_4E5_2_assay	proteomic profiling by mass spectrometry	data-dependent acquisition	NT=label free sample;AC=MS:1002038	1	1	not available	NT=Trypsin;AC=MS:1001251	NT=Carbamidomethyl;AC=UNIMOD:4;TA=C;MT=Fixed	NT=Oxidation;AC=UNIMOD:21;TA=M;MT=Variable	not available	not available	not available	not available	not available	not available	not available	not available	4_131_QE_HeLa_EGFTM3_4E5_2.raw	NT=ms-proteomics;VV=v1.1.0	NT=crosslinking;VV=v1.0.0	NT=human;VV=v1.1.0
PXD038018_6_107_HFX_HeLa_HGF_3	Homo sapiens	whole cell lysate	pancreatic cancer-associated fibroblasts	210	PXD038018_6_107_HFX_HeLa_HGF_3_assay	proteomic profiling by mass spectrometry	data-dependent acquisition	NT=label free sample;AC=MS:1002038	1	1	not available	NT=Trypsin;AC=MS:1001251	NT=Carbamidomethyl;AC=UNIMOD:4;TA=C;MT=Fixed	NT=Oxidation;AC=UNIMOD:21;TA=M;MT=Variable	not available	not available	not available	not available	not available	not available	not available	not available	6_107_HFX_HeLa_HGF_3.raw	NT=ms-proteomics;VV=v1.1.0	NT=crosslinking;VV=v1.0.0	NT=human;VV=v1.1.0
PXD038018_4_131_QE_HeLa_EGFTM3_2E5_2	Homo sapiens	whole cell lysate	pancreatic cancer-associated fibroblasts	211	PXD038018_4_131_QE_HeLa_EGFTM3_2E5_2_assay	proteomic profiling by mass spectrometry	data-dependent acquisition	NT=label free sample;AC=MS:1002038	1	1	not available	NT=Trypsin;AC=MS:1001251	NT=Carbamidomethyl;AC=UNIMOD:4;TA=C;MT=Fixed	NT=Oxidation;AC=UNIMOD:21;TA=M;MT=Variable	not available	not available	not available	not available	not available	not available	not available	not available	4_131_QE_HeLa_EGFTM3_2E5_2.raw	NT=ms-proteomics;VV=v1.1.0	NT=crosslinking;VV=v1.0.0	NT=human;VV=v1.1.0
PXD038018_5_189_HFX_Mia_ManNAz_PSCCM_uncat_1	Mus musculus	whole cell lysate	pancreatic cancer-associated fibroblasts	212	PXD038018_5_189_HFX_Mia_ManNAz_PSCCM_uncat_1_assay	proteomic profiling by mass spectrometry	data-dependent acquisition	NT=label free sample;AC=MS:1002038	1	1	not available	NT=Trypsin;AC=MS:1001251	NT=Carbamidomethyl;AC=UNIMOD:4;TA=C;MT=Fixed	NT=Oxidation;AC=UNIMOD:21;TA=M;MT=Variable	not available	not available	not available	not available	not available	not available	not available	not available	5_189_HFX_Mia_ManNAz_PSCCM_uncat_1.raw	NT=ms-proteomics;VV=v1.1.0	NT=crosslinking;VV=v1.0.0	NT=human;VV=v1.1.0
PXD038018_5_63_HFX_HeLa_HGFTM8_1E6_3	Homo sapiens	whole cell lysate	pancreatic cancer-associated fibroblasts	213	PXD038018_5_63_HFX_HeLa_HGFTM8_1E6_3_assay	proteomic profiling by mass spectrometry	data-dependent acquisition	NT=label free sample;AC=MS:1002038	1	1	not available	NT=Trypsin;AC=MS:1001251	NT=Carbamidomethyl;AC=UNIMOD:4;TA=C;MT=Fixed	NT=Oxidation;AC=UNIMOD:21;TA=M;MT=Variable	not available	not available	not available	not available	not available	not available	not available	not available	5_63_HFX_HeLa_HGFTM8_1E6_3.raw	NT=ms-proteomics;VV=v1.1.0	NT=crosslinking;VV=v1.0.0	NT=human;VV=v1.1.0
PXD038018_4_181_QE_HeLa_probe1_HGFvBSA_1v500_2	Homo sapiens	whole cell lysate	pancreatic cancer-associated fibroblasts	214	PXD038018_4_181_QE_HeLa_probe1_HGFvBSA_1v500_2_assay	proteomic profiling by mass spectrometry	data-dependent acquisition	NT=label free sample;AC=MS:1002038	1	1	not available	NT=Trypsin;AC=MS:1001251	NT=Carbamidomethyl;AC=UNIMOD:4;TA=C;MT=Fixed	NT=Oxidation;AC=UNIMOD:21;TA=M;MT=Variable	not available	not available	not available	not available	not available	not available	not available	not available	4_181_QE_HeLa_probe1_HGFvBSA_1v500_2.raw	NT=ms-proteomics;VV=v1.1.0	NT=crosslinking;VV=v1.0.0	NT=human;VV=v1.1.0
PXD038018_6_95_HFX_PSC_BSA_2	Mus musculus	whole cell lysate	pancreatic cancer-associated fibroblasts	215	PXD038018_6_95_HFX_PSC_BSA_2_assay	proteomic profiling by mass spectrometry	data-dependent acquisition	NT=label free sample;AC=MS:1002038	1	1	not available	NT=Trypsin;AC=MS:1001251	NT=Carbamidomethyl;AC=UNIMOD:4;TA=C;MT=Fixed	NT=Oxidation;AC=UNIMOD:21;TA=M;MT=Variable	not available	not available	not available	not available	not available	not available	not available	not available	6_95_HFX_PSC_BSA_2.raw	NT=ms-proteomics;VV=v1.1.0	NT=crosslinking;VV=v1.0.0	NT=human;VV=v1.1.0
PXD038018_4_120_QE_HeLa_glycine_3	Homo sapiens	whole cell lysate	pancreatic cancer-associated fibroblasts	216	PXD038018_4_120_QE_HeLa_glycine_3_assay	proteomic profiling by mass spectrometry	data-dependent acquisition	NT=label free sample;AC=MS:1002038	1	1	not available	NT=Trypsin;AC=MS:1001251	NT=Carbamidomethyl;AC=UNIMOD:4;TA=C;MT=Fixed	NT=Oxidation;AC=UNIMOD:21;TA=M;MT=Variable	not available	not available	not available	not available	not available	not available	not available	not available	4_120_QE_HeLa_glycine_3.raw	NT=ms-proteomics;VV=v1.1.0	NT=crosslinking;VV=v1.0.0	NT=human;VV=v1.1.0
PXD038018_4_122_QE_EGFvProbe1_1v2_1	Homo sapiens	whole cell lysate	pancreatic cancer-associated fibroblasts	217	PXD038018_4_122_QE_EGFvProbe1_1v2_1_assay	proteomic profiling by mass spectrometry	data-dependent acquisition	NT=label free sample;AC=MS:1002038	1	1	not available	NT=Trypsin;AC=MS:1001251	NT=Carbamidomethyl;AC=UNIMOD:4;TA=C;MT=Fixed	NT=Oxidation;AC=UNIMOD:21;TA=M;MT=Variable	not available	not available	not available	not available	not available	not available	not available	not available	4_122_QE_EGFvProbe1_1v2_1.raw	NT=ms-proteomics;VV=v1.1.0	NT=crosslinking;VV=v1.0.0	NT=human;VV=v1.1.0
PXD038018_2_80_Fu_mem_ManNAz_rep3	Homo sapiens	whole cell lysate	pancreatic cancer-associated fibroblasts	218	PXD038018_2_80_Fu_mem_ManNAz_rep3_assay	proteomic profiling by mass spectrometry	data-dependent acquisition	NT=label free sample;AC=MS:1002038	1	3	not available	NT=Trypsin;AC=MS:1001251	NT=Carbamidomethyl;AC=UNIMOD:4;TA=C;MT=Fixed	NT=Oxidation;AC=UNIMOD:21;TA=M;MT=Variable	not available	not available	not available	not available	not available	not available	not available	not available	2_80_Fu_mem_ManNAz_rep3.raw	NT=ms-proteomics;VV=v1.1.0	NT=crosslinking;VV=v1.0.0	NT=human;VV=v1.1.0
PXD038018_6_178_QE_HeLa_HGF_2	Homo sapiens	whole cell lysate	pancreatic cancer-associated fibroblasts	219	PXD038018_6_178_QE_HeLa_HGF_2_assay	proteomic profiling by mass spectrometry	data-dependent acquisition	NT=label free sample;AC=MS:1002038	1	1	not available	NT=Trypsin;AC=MS:1001251	NT=Carbamidomethyl;AC=UNIMOD:4;TA=C;MT=Fixed	NT=Oxidation;AC=UNIMOD:21;TA=M;MT=Variable	not available	not available	not available	not available	not available	not available	not available	not available	6_178_QE_HeLa_HGF_2.raw	NT=ms-proteomics;VV=v1.1.0	NT=crosslinking;VV=v1.0.0	NT=human;VV=v1.1.0
