source name	characteristics[organism]	characteristics[organism part]	characteristics[cell type]	characteristics[biological replicate]	assay name	technology type	comment[proteomics data acquisition method]	comment[label]	comment[fraction identifier]	comment[technical replicate]	comment[instrument]	comment[cleavage agent details]	comment[modification parameters]	comment[modification parameters]	comment[collision energy]	comment[dissociation method]	comment[cross-linker]	comment[crosslink enrichment method]	comment[crosslinker concentration]	comment[crosslinker to protein ratio]	comment[crosslinking reaction time]	comment[crosslinking temperature]	comment[data file]	comment[sdrf template]	comment[sdrf template]	comment[sdrf template]
PXD042173_L1_20211004_MxR_secondbatch_DSSOplate_F1_F2	Homo sapiens	whole cell lysate	not available	1	PXD042173_L1_20211004_MxR_secondbatch_DSSOplate_F1_F2_assay	proteomic profiling by mass spectrometry	data-dependent acquisition	NT=label free sample;AC=MS:1002038	1	1	not available	NT=Lys-C;AC=MS:1001309	NT=Carbamidomethyl;AC=UNIMOD:4;TA=C;MT=Fixed	NT=Oxidation;AC=UNIMOD:21;TA=M;MT=Variable	not available	not available	NT=[{'NT': 'DSSO', 'AC': 'XLMOD:02126', 'CL': 'yes', 'TA': 'K,S,T,Y', 'structured': 'NT=DSSO;AC=XLMOD:02126;CL=yes;TA=K,S,T,Y'}, {'NT': 'Azide-A-DSBSO', 'AC': 'XLMOD:02222', 'CL': 'yes', 'TA': 'K,nterm', 'structured': 'NT=Azide-A-DSBSO;AC=XLMOD:02222;CL=yes;TA=K,nterm'}]	size exclusion chromatography (SEC)	0.2–1 mM	not available	30 min	room temperature	L1_20211004_MxR_secondbatch_DSSOplate_F1_F2.raw	NT=ms-proteomics;VV=v1.1.0	NT=crosslinking;VV=v1.0.0	NT=human;VV=v1.1.0
PXD042173_L1_20210811_MxR_FDR_firstbatch_DSSOplate_E5	Homo sapiens	whole cell lysate	not available	2	PXD042173_L1_20210811_MxR_FDR_firstbatch_DSSOplate_E5_assay	proteomic profiling by mass spectrometry	data-dependent acquisition	NT=label free sample;AC=MS:1002038	1	1	not available	NT=Lys-C;AC=MS:1001309	NT=Carbamidomethyl;AC=UNIMOD:4;TA=C;MT=Fixed	NT=Oxidation;AC=UNIMOD:21;TA=M;MT=Variable	not available	not available	NT=[{'NT': 'DSSO', 'AC': 'XLMOD:02126', 'CL': 'yes', 'TA': 'K,S,T,Y', 'structured': 'NT=DSSO;AC=XLMOD:02126;CL=yes;TA=K,S,T,Y'}, {'NT': 'Azide-A-DSBSO', 'AC': 'XLMOD:02222', 'CL': 'yes', 'TA': 'K,nterm', 'structured': 'NT=Azide-A-DSBSO;AC=XLMOD:02222;CL=yes;TA=K,nterm'}]	size exclusion chromatography (SEC)	0.2–1 mM	not available	30 min	room temperature	L1_20210811_MxR_FDR_firstbatch_DSSOplate_E5.raw	NT=ms-proteomics;VV=v1.1.0	NT=crosslinking;VV=v1.0.0	NT=human;VV=v1.1.0
PXD042173_L1_20211004_MxR_secondbatch_DSSOplate_C5_152127	Homo sapiens	whole cell lysate	not available	3	PXD042173_L1_20211004_MxR_secondbatch_DSSOplate_C5_152127_assay	proteomic profiling by mass spectrometry	data-dependent acquisition	NT=label free sample;AC=MS:1002038	1	1	not available	NT=Lys-C;AC=MS:1001309	NT=Carbamidomethyl;AC=UNIMOD:4;TA=C;MT=Fixed	NT=Oxidation;AC=UNIMOD:21;TA=M;MT=Variable	not available	not available	NT=[{'NT': 'DSSO', 'AC': 'XLMOD:02126', 'CL': 'yes', 'TA': 'K,S,T,Y', 'structured': 'NT=DSSO;AC=XLMOD:02126;CL=yes;TA=K,S,T,Y'}, {'NT': 'Azide-A-DSBSO', 'AC': 'XLMOD:02222', 'CL': 'yes', 'TA': 'K,nterm', 'structured': 'NT=Azide-A-DSBSO;AC=XLMOD:02222;CL=yes;TA=K,nterm'}]	size exclusion chromatography (SEC)	0.2–1 mM	not available	30 min	room temperature	L1_20211004_MxR_secondbatch_DSSOplate_C5_152127.raw	NT=ms-proteomics;VV=v1.1.0	NT=crosslinking;VV=v1.0.0	NT=human;VV=v1.1.0
PXD042173_L1_20240412_MxR_FDR_fifthbatch_DSSO_B9_B10	Homo sapiens	whole cell lysate	not available	4	PXD042173_L1_20240412_MxR_FDR_fifthbatch_DSSO_B9_B10_assay	proteomic profiling by mass spectrometry	data-dependent acquisition	NT=label free sample;AC=MS:1002038	1	1	not available	NT=Lys-C;AC=MS:1001309	NT=Carbamidomethyl;AC=UNIMOD:4;TA=C;MT=Fixed	NT=Oxidation;AC=UNIMOD:21;TA=M;MT=Variable	not available	not available	NT=[{'NT': 'DSSO', 'AC': 'XLMOD:02126', 'CL': 'yes', 'TA': 'K,S,T,Y', 'structured': 'NT=DSSO;AC=XLMOD:02126;CL=yes;TA=K,S,T,Y'}, {'NT': 'Azide-A-DSBSO', 'AC': 'XLMOD:02222', 'CL': 'yes', 'TA': 'K,nterm', 'structured': 'NT=Azide-A-DSBSO;AC=XLMOD:02222;CL=yes;TA=K,nterm'}]	size exclusion chromatography (SEC)	0.2–1 mM	not available	30 min	room temperature	L1_20240412_MxR_FDR_fifthbatch_DSSO_B9_B10.raw	NT=ms-proteomics;VV=v1.1.0	NT=crosslinking;VV=v1.0.0	NT=human;VV=v1.1.0
PXD042173_L1_20211004_MxR_secondbatch_DSSOplate_E5_E6	Homo sapiens	whole cell lysate	not available	5	PXD042173_L1_20211004_MxR_secondbatch_DSSOplate_E5_E6_assay	proteomic profiling by mass spectrometry	data-dependent acquisition	NT=label free sample;AC=MS:1002038	1	1	not available	NT=Lys-C;AC=MS:1001309	NT=Carbamidomethyl;AC=UNIMOD:4;TA=C;MT=Fixed	NT=Oxidation;AC=UNIMOD:21;TA=M;MT=Variable	not available	not available	NT=[{'NT': 'DSSO', 'AC': 'XLMOD:02126', 'CL': 'yes', 'TA': 'K,S,T,Y', 'structured': 'NT=DSSO;AC=XLMOD:02126;CL=yes;TA=K,S,T,Y'}, {'NT': 'Azide-A-DSBSO', 'AC': 'XLMOD:02222', 'CL': 'yes', 'TA': 'K,nterm', 'structured': 'NT=Azide-A-DSBSO;AC=XLMOD:02222;CL=yes;TA=K,nterm'}]	size exclusion chromatography (SEC)	0.2–1 mM	not available	30 min	room temperature	L1_20211004_MxR_secondbatch_DSSOplate_E5_E6.raw	NT=ms-proteomics;VV=v1.1.0	NT=crosslinking;VV=v1.0.0	NT=human;VV=v1.1.0
PXD042173_L1_20240412_MxR_FDR_fifthbatch_DSSO_C11	Homo sapiens	whole cell lysate	not available	6	PXD042173_L1_20240412_MxR_FDR_fifthbatch_DSSO_C11_assay	proteomic profiling by mass spectrometry	data-dependent acquisition	NT=label free sample;AC=MS:1002038	1	1	not available	NT=Lys-C;AC=MS:1001309	NT=Carbamidomethyl;AC=UNIMOD:4;TA=C;MT=Fixed	NT=Oxidation;AC=UNIMOD:21;TA=M;MT=Variable	not available	not available	NT=[{'NT': 'DSSO', 'AC': 'XLMOD:02126', 'CL': 'yes', 'TA': 'K,S,T,Y', 'structured': 'NT=DSSO;AC=XLMOD:02126;CL=yes;TA=K,S,T,Y'}, {'NT': 'Azide-A-DSBSO', 'AC': 'XLMOD:02222', 'CL': 'yes', 'TA': 'K,nterm', 'structured': 'NT=Azide-A-DSBSO;AC=XLMOD:02222;CL=yes;TA=K,nterm'}]	size exclusion chromatography (SEC)	0.2–1 mM	not available	30 min	room temperature	L1_20240412_MxR_FDR_fifthbatch_DSSO_C11.raw	NT=ms-proteomics;VV=v1.1.0	NT=crosslinking;VV=v1.0.0	NT=human;VV=v1.1.0
PXD042173_L1_20240412_MxR_FDR_fifthbatch_DSSO_C2	Homo sapiens	whole cell lysate	not available	7	PXD042173_L1_20240412_MxR_FDR_fifthbatch_DSSO_C2_assay	proteomic profiling by mass spectrometry	data-dependent acquisition	NT=label free sample;AC=MS:1002038	1	1	not available	NT=Lys-C;AC=MS:1001309	NT=Carbamidomethyl;AC=UNIMOD:4;TA=C;MT=Fixed	NT=Oxidation;AC=UNIMOD:21;TA=M;MT=Variable	not available	not available	NT=[{'NT': 'DSSO', 'AC': 'XLMOD:02126', 'CL': 'yes', 'TA': 'K,S,T,Y', 'structured': 'NT=DSSO;AC=XLMOD:02126;CL=yes;TA=K,S,T,Y'}, {'NT': 'Azide-A-DSBSO', 'AC': 'XLMOD:02222', 'CL': 'yes', 'TA': 'K,nterm', 'structured': 'NT=Azide-A-DSBSO;AC=XLMOD:02222;CL=yes;TA=K,nterm'}]	size exclusion chromatography (SEC)	0.2–1 mM	not available	30 min	room temperature	L1_20240412_MxR_FDR_fifthbatch_DSSO_C2.raw	NT=ms-proteomics;VV=v1.1.0	NT=crosslinking;VV=v1.0.0	NT=human;VV=v1.1.0
PXD042173_L1_20240412_MxR_FDR_fifthbatch_DSSO_B7_B8	Homo sapiens	whole cell lysate	not available	8	PXD042173_L1_20240412_MxR_FDR_fifthbatch_DSSO_B7_B8_assay	proteomic profiling by mass spectrometry	data-dependent acquisition	NT=label free sample;AC=MS:1002038	1	1	not available	NT=Lys-C;AC=MS:1001309	NT=Carbamidomethyl;AC=UNIMOD:4;TA=C;MT=Fixed	NT=Oxidation;AC=UNIMOD:21;TA=M;MT=Variable	not available	not available	NT=[{'NT': 'DSSO', 'AC': 'XLMOD:02126', 'CL': 'yes', 'TA': 'K,S,T,Y', 'structured': 'NT=DSSO;AC=XLMOD:02126;CL=yes;TA=K,S,T,Y'}, {'NT': 'Azide-A-DSBSO', 'AC': 'XLMOD:02222', 'CL': 'yes', 'TA': 'K,nterm', 'structured': 'NT=Azide-A-DSBSO;AC=XLMOD:02222;CL=yes;TA=K,nterm'}]	size exclusion chromatography (SEC)	0.2–1 mM	not available	30 min	room temperature	L1_20240412_MxR_FDR_fifthbatch_DSSO_B7_B8.raw	NT=ms-proteomics;VV=v1.1.0	NT=crosslinking;VV=v1.0.0	NT=human;VV=v1.1.0
PXD042173_L1_20240412_MxR_FDR_fifthbatch_DSSO_B11_B12	Homo sapiens	whole cell lysate	not available	9	PXD042173_L1_20240412_MxR_FDR_fifthbatch_DSSO_B11_B12_assay	proteomic profiling by mass spectrometry	data-dependent acquisition	NT=label free sample;AC=MS:1002038	1	1	not available	NT=Lys-C;AC=MS:1001309	NT=Carbamidomethyl;AC=UNIMOD:4;TA=C;MT=Fixed	NT=Oxidation;AC=UNIMOD:21;TA=M;MT=Variable	not available	not available	NT=[{'NT': 'DSSO', 'AC': 'XLMOD:02126', 'CL': 'yes', 'TA': 'K,S,T,Y', 'structured': 'NT=DSSO;AC=XLMOD:02126;CL=yes;TA=K,S,T,Y'}, {'NT': 'Azide-A-DSBSO', 'AC': 'XLMOD:02222', 'CL': 'yes', 'TA': 'K,nterm', 'structured': 'NT=Azide-A-DSBSO;AC=XLMOD:02222;CL=yes;TA=K,nterm'}]	size exclusion chromatography (SEC)	0.2–1 mM	not available	30 min	room temperature	L1_20240412_MxR_FDR_fifthbatch_DSSO_B11_B12.raw	NT=ms-proteomics;VV=v1.1.0	NT=crosslinking;VV=v1.0.0	NT=human;VV=v1.1.0
PXD042173_L1_20211004_MxR_secondbatch_DSSOplate_F5_F6	Homo sapiens	whole cell lysate	not available	1	PXD042173_L1_20211004_MxR_secondbatch_DSSOplate_F5_F6_assay	proteomic profiling by mass spectrometry	data-dependent acquisition	NT=label free sample;AC=MS:1002038	5	1	not available	NT=Lys-C;AC=MS:1001309	NT=Carbamidomethyl;AC=UNIMOD:4;TA=C;MT=Fixed	NT=Oxidation;AC=UNIMOD:21;TA=M;MT=Variable	not available	not available	NT=[{'NT': 'DSSO', 'AC': 'XLMOD:02126', 'CL': 'yes', 'TA': 'K,S,T,Y', 'structured': 'NT=DSSO;AC=XLMOD:02126;CL=yes;TA=K,S,T,Y'}, {'NT': 'Azide-A-DSBSO', 'AC': 'XLMOD:02222', 'CL': 'yes', 'TA': 'K,nterm', 'structured': 'NT=Azide-A-DSBSO;AC=XLMOD:02222;CL=yes;TA=K,nterm'}]	size exclusion chromatography (SEC)	0.2–1 mM	not available	30 min	room temperature	L1_20211004_MxR_secondbatch_DSSOplate_F5_F6.raw	NT=ms-proteomics;VV=v1.1.0	NT=crosslinking;VV=v1.0.0	NT=human;VV=v1.1.0
PXD042173_L1_20210811_MxR_FDR_firstbatch_DSSOplate_E10	Homo sapiens	whole cell lysate	not available	10	PXD042173_L1_20210811_MxR_FDR_firstbatch_DSSOplate_E10_assay	proteomic profiling by mass spectrometry	data-dependent acquisition	NT=label free sample;AC=MS:1002038	1	1	not available	NT=Lys-C;AC=MS:1001309	NT=Carbamidomethyl;AC=UNIMOD:4;TA=C;MT=Fixed	NT=Oxidation;AC=UNIMOD:21;TA=M;MT=Variable	not available	not available	NT=[{'NT': 'DSSO', 'AC': 'XLMOD:02126', 'CL': 'yes', 'TA': 'K,S,T,Y', 'structured': 'NT=DSSO;AC=XLMOD:02126;CL=yes;TA=K,S,T,Y'}, {'NT': 'Azide-A-DSBSO', 'AC': 'XLMOD:02222', 'CL': 'yes', 'TA': 'K,nterm', 'structured': 'NT=Azide-A-DSBSO;AC=XLMOD:02222;CL=yes;TA=K,nterm'}]	size exclusion chromatography (SEC)	0.2–1 mM	not available	30 min	room temperature	L1_20210811_MxR_FDR_firstbatch_DSSOplate_E10.raw	NT=ms-proteomics;VV=v1.1.0	NT=crosslinking;VV=v1.0.0	NT=human;VV=v1.1.0
PXD042173_L1_20240412_MxR_FDR_fifthbatch_DSSO_C4	Homo sapiens	whole cell lysate	not available	11	PXD042173_L1_20240412_MxR_FDR_fifthbatch_DSSO_C4_assay	proteomic profiling by mass spectrometry	data-dependent acquisition	NT=label free sample;AC=MS:1002038	1	1	not available	NT=Lys-C;AC=MS:1001309	NT=Carbamidomethyl;AC=UNIMOD:4;TA=C;MT=Fixed	NT=Oxidation;AC=UNIMOD:21;TA=M;MT=Variable	not available	not available	NT=[{'NT': 'DSSO', 'AC': 'XLMOD:02126', 'CL': 'yes', 'TA': 'K,S,T,Y', 'structured': 'NT=DSSO;AC=XLMOD:02126;CL=yes;TA=K,S,T,Y'}, {'NT': 'Azide-A-DSBSO', 'AC': 'XLMOD:02222', 'CL': 'yes', 'TA': 'K,nterm', 'structured': 'NT=Azide-A-DSBSO;AC=XLMOD:02222;CL=yes;TA=K,nterm'}]	size exclusion chromatography (SEC)	0.2–1 mM	not available	30 min	room temperature	L1_20240412_MxR_FDR_fifthbatch_DSSO_C4.raw	NT=ms-proteomics;VV=v1.1.0	NT=crosslinking;VV=v1.0.0	NT=human;VV=v1.1.0
PXD042173_L1_20240412_MxR_FDR_fifthbatch_DSSO_D7	Homo sapiens	whole cell lysate	not available	12	PXD042173_L1_20240412_MxR_FDR_fifthbatch_DSSO_D7_assay	proteomic profiling by mass spectrometry	data-dependent acquisition	NT=label free sample;AC=MS:1002038	1	1	not available	NT=Lys-C;AC=MS:1001309	NT=Carbamidomethyl;AC=UNIMOD:4;TA=C;MT=Fixed	NT=Oxidation;AC=UNIMOD:21;TA=M;MT=Variable	not available	not available	NT=[{'NT': 'DSSO', 'AC': 'XLMOD:02126', 'CL': 'yes', 'TA': 'K,S,T,Y', 'structured': 'NT=DSSO;AC=XLMOD:02126;CL=yes;TA=K,S,T,Y'}, {'NT': 'Azide-A-DSBSO', 'AC': 'XLMOD:02222', 'CL': 'yes', 'TA': 'K,nterm', 'structured': 'NT=Azide-A-DSBSO;AC=XLMOD:02222;CL=yes;TA=K,nterm'}]	size exclusion chromatography (SEC)	0.2–1 mM	not available	30 min	room temperature	L1_20240412_MxR_FDR_fifthbatch_DSSO_D7.raw	NT=ms-proteomics;VV=v1.1.0	NT=crosslinking;VV=v1.0.0	NT=human;VV=v1.1.0
PXD042173_L1_20240412_MxR_FDR_fifthbatch_DSSO_G5_G6	Homo sapiens	whole cell lysate	not available	13	PXD042173_L1_20240412_MxR_FDR_fifthbatch_DSSO_G5_G6_assay	proteomic profiling by mass spectrometry	data-dependent acquisition	NT=label free sample;AC=MS:1002038	1	1	not available	NT=Lys-C;AC=MS:1001309	NT=Carbamidomethyl;AC=UNIMOD:4;TA=C;MT=Fixed	NT=Oxidation;AC=UNIMOD:21;TA=M;MT=Variable	not available	not available	NT=[{'NT': 'DSSO', 'AC': 'XLMOD:02126', 'CL': 'yes', 'TA': 'K,S,T,Y', 'structured': 'NT=DSSO;AC=XLMOD:02126;CL=yes;TA=K,S,T,Y'}, {'NT': 'Azide-A-DSBSO', 'AC': 'XLMOD:02222', 'CL': 'yes', 'TA': 'K,nterm', 'structured': 'NT=Azide-A-DSBSO;AC=XLMOD:02222;CL=yes;TA=K,nterm'}]	size exclusion chromatography (SEC)	0.2–1 mM	not available	30 min	room temperature	L1_20240412_MxR_FDR_fifthbatch_DSSO_G5_G6.raw	NT=ms-proteomics;VV=v1.1.0	NT=crosslinking;VV=v1.0.0	NT=human;VV=v1.1.0
PXD042173_L1_20240412_MxR_FDR_fifthbatch_DSSO_D1	Homo sapiens	whole cell lysate	not available	14	PXD042173_L1_20240412_MxR_FDR_fifthbatch_DSSO_D1_assay	proteomic profiling by mass spectrometry	data-dependent acquisition	NT=label free sample;AC=MS:1002038	1	1	not available	NT=Lys-C;AC=MS:1001309	NT=Carbamidomethyl;AC=UNIMOD:4;TA=C;MT=Fixed	NT=Oxidation;AC=UNIMOD:21;TA=M;MT=Variable	not available	not available	NT=[{'NT': 'DSSO', 'AC': 'XLMOD:02126', 'CL': 'yes', 'TA': 'K,S,T,Y', 'structured': 'NT=DSSO;AC=XLMOD:02126;CL=yes;TA=K,S,T,Y'}, {'NT': 'Azide-A-DSBSO', 'AC': 'XLMOD:02222', 'CL': 'yes', 'TA': 'K,nterm', 'structured': 'NT=Azide-A-DSBSO;AC=XLMOD:02222;CL=yes;TA=K,nterm'}]	size exclusion chromatography (SEC)	0.2–1 mM	not available	30 min	room temperature	L1_20240412_MxR_FDR_fifthbatch_DSSO_D1.raw	NT=ms-proteomics;VV=v1.1.0	NT=crosslinking;VV=v1.0.0	NT=human;VV=v1.1.0
PXD042173_L1_20240412_MxR_FDR_fifthbatch_DSSO_E7_E8	Homo sapiens	whole cell lysate	not available	15	PXD042173_L1_20240412_MxR_FDR_fifthbatch_DSSO_E7_E8_assay	proteomic profiling by mass spectrometry	data-dependent acquisition	NT=label free sample;AC=MS:1002038	1	1	not available	NT=Lys-C;AC=MS:1001309	NT=Carbamidomethyl;AC=UNIMOD:4;TA=C;MT=Fixed	NT=Oxidation;AC=UNIMOD:21;TA=M;MT=Variable	not available	not available	NT=[{'NT': 'DSSO', 'AC': 'XLMOD:02126', 'CL': 'yes', 'TA': 'K,S,T,Y', 'structured': 'NT=DSSO;AC=XLMOD:02126;CL=yes;TA=K,S,T,Y'}, {'NT': 'Azide-A-DSBSO', 'AC': 'XLMOD:02222', 'CL': 'yes', 'TA': 'K,nterm', 'structured': 'NT=Azide-A-DSBSO;AC=XLMOD:02222;CL=yes;TA=K,nterm'}]	size exclusion chromatography (SEC)	0.2–1 mM	not available	30 min	room temperature	L1_20240412_MxR_FDR_fifthbatch_DSSO_E7_E8.raw	NT=ms-proteomics;VV=v1.1.0	NT=crosslinking;VV=v1.0.0	NT=human;VV=v1.1.0
PXD042173_L1_20210811_MxR_FDR_firstbatch_DSSOplate_D10_remeasure	Homo sapiens	whole cell lysate	not available	16	PXD042173_L1_20210811_MxR_FDR_firstbatch_DSSOplate_D10_remeasure_assay	proteomic profiling by mass spectrometry	data-dependent acquisition	NT=label free sample;AC=MS:1002038	1	1	not available	NT=Lys-C;AC=MS:1001309	NT=Carbamidomethyl;AC=UNIMOD:4;TA=C;MT=Fixed	NT=Oxidation;AC=UNIMOD:21;TA=M;MT=Variable	not available	not available	NT=[{'NT': 'DSSO', 'AC': 'XLMOD:02126', 'CL': 'yes', 'TA': 'K,S,T,Y', 'structured': 'NT=DSSO;AC=XLMOD:02126;CL=yes;TA=K,S,T,Y'}, {'NT': 'Azide-A-DSBSO', 'AC': 'XLMOD:02222', 'CL': 'yes', 'TA': 'K,nterm', 'structured': 'NT=Azide-A-DSBSO;AC=XLMOD:02222;CL=yes;TA=K,nterm'}]	size exclusion chromatography (SEC)	0.2–1 mM	not available	30 min	room temperature	L1_20210811_MxR_FDR_firstbatch_DSSOplate_D10_remeasure.raw	NT=ms-proteomics;VV=v1.1.0	NT=crosslinking;VV=v1.0.0	NT=human;VV=v1.1.0
PXD042173_L1_20211004_MxR_secondbatch_DSSOplate_F9_F10	Homo sapiens	whole cell lysate	not available	1	PXD042173_L1_20211004_MxR_secondbatch_DSSOplate_F9_F10_assay	proteomic profiling by mass spectrometry	data-dependent acquisition	NT=label free sample;AC=MS:1002038	9	1	not available	NT=Lys-C;AC=MS:1001309	NT=Carbamidomethyl;AC=UNIMOD:4;TA=C;MT=Fixed	NT=Oxidation;AC=UNIMOD:21;TA=M;MT=Variable	not available	not available	NT=[{'NT': 'DSSO', 'AC': 'XLMOD:02126', 'CL': 'yes', 'TA': 'K,S,T,Y', 'structured': 'NT=DSSO;AC=XLMOD:02126;CL=yes;TA=K,S,T,Y'}, {'NT': 'Azide-A-DSBSO', 'AC': 'XLMOD:02222', 'CL': 'yes', 'TA': 'K,nterm', 'structured': 'NT=Azide-A-DSBSO;AC=XLMOD:02222;CL=yes;TA=K,nterm'}]	size exclusion chromatography (SEC)	0.2–1 mM	not available	30 min	room temperature	L1_20211004_MxR_secondbatch_DSSOplate_F9_F10.raw	NT=ms-proteomics;VV=v1.1.0	NT=crosslinking;VV=v1.0.0	NT=human;VV=v1.1.0
PXD042173_L1_20240412_MxR_FDR_fifthbatch_DSSO_G7_G8	Homo sapiens	whole cell lysate	not available	17	PXD042173_L1_20240412_MxR_FDR_fifthbatch_DSSO_G7_G8_assay	proteomic profiling by mass spectrometry	data-dependent acquisition	NT=label free sample;AC=MS:1002038	1	1	not available	NT=Lys-C;AC=MS:1001309	NT=Carbamidomethyl;AC=UNIMOD:4;TA=C;MT=Fixed	NT=Oxidation;AC=UNIMOD:21;TA=M;MT=Variable	not available	not available	NT=[{'NT': 'DSSO', 'AC': 'XLMOD:02126', 'CL': 'yes', 'TA': 'K,S,T,Y', 'structured': 'NT=DSSO;AC=XLMOD:02126;CL=yes;TA=K,S,T,Y'}, {'NT': 'Azide-A-DSBSO', 'AC': 'XLMOD:02222', 'CL': 'yes', 'TA': 'K,nterm', 'structured': 'NT=Azide-A-DSBSO;AC=XLMOD:02222;CL=yes;TA=K,nterm'}]	size exclusion chromatography (SEC)	0.2–1 mM	not available	30 min	room temperature	L1_20240412_MxR_FDR_fifthbatch_DSSO_G7_G8.raw	NT=ms-proteomics;VV=v1.1.0	NT=crosslinking;VV=v1.0.0	NT=human;VV=v1.1.0
PXD042173_L1_20210806_MxR_FDR_firstbatch_DSSOplate_D7	Homo sapiens	whole cell lysate	not available	18	PXD042173_L1_20210806_MxR_FDR_firstbatch_DSSOplate_D7_assay	proteomic profiling by mass spectrometry	data-dependent acquisition	NT=label free sample;AC=MS:1002038	1	1	not available	NT=Lys-C;AC=MS:1001309	NT=Carbamidomethyl;AC=UNIMOD:4;TA=C;MT=Fixed	NT=Oxidation;AC=UNIMOD:21;TA=M;MT=Variable	not available	not available	NT=[{'NT': 'DSSO', 'AC': 'XLMOD:02126', 'CL': 'yes', 'TA': 'K,S,T,Y', 'structured': 'NT=DSSO;AC=XLMOD:02126;CL=yes;TA=K,S,T,Y'}, {'NT': 'Azide-A-DSBSO', 'AC': 'XLMOD:02222', 'CL': 'yes', 'TA': 'K,nterm', 'structured': 'NT=Azide-A-DSBSO;AC=XLMOD:02222;CL=yes;TA=K,nterm'}]	size exclusion chromatography (SEC)	0.2–1 mM	not available	30 min	room temperature	L1_20210806_MxR_FDR_firstbatch_DSSOplate_D7.raw	NT=ms-proteomics;VV=v1.1.0	NT=crosslinking;VV=v1.0.0	NT=human;VV=v1.1.0
PXD042173_L1_20240412_MxR_FDR_fifthbatch_DSSO_E3_E4	Homo sapiens	whole cell lysate	not available	19	PXD042173_L1_20240412_MxR_FDR_fifthbatch_DSSO_E3_E4_assay	proteomic profiling by mass spectrometry	data-dependent acquisition	NT=label free sample;AC=MS:1002038	1	1	not available	NT=Lys-C;AC=MS:1001309	NT=Carbamidomethyl;AC=UNIMOD:4;TA=C;MT=Fixed	NT=Oxidation;AC=UNIMOD:21;TA=M;MT=Variable	not available	not available	NT=[{'NT': 'DSSO', 'AC': 'XLMOD:02126', 'CL': 'yes', 'TA': 'K,S,T,Y', 'structured': 'NT=DSSO;AC=XLMOD:02126;CL=yes;TA=K,S,T,Y'}, {'NT': 'Azide-A-DSBSO', 'AC': 'XLMOD:02222', 'CL': 'yes', 'TA': 'K,nterm', 'structured': 'NT=Azide-A-DSBSO;AC=XLMOD:02222;CL=yes;TA=K,nterm'}]	size exclusion chromatography (SEC)	0.2–1 mM	not available	30 min	room temperature	L1_20240412_MxR_FDR_fifthbatch_DSSO_E3_E4.raw	NT=ms-proteomics;VV=v1.1.0	NT=crosslinking;VV=v1.0.0	NT=human;VV=v1.1.0
PXD042173_L1_20211004_MxR_secondbatch_DSSOplate_D9_D10	Homo sapiens	whole cell lysate	not available	20	PXD042173_L1_20211004_MxR_secondbatch_DSSOplate_D9_D10_assay	proteomic profiling by mass spectrometry	data-dependent acquisition	NT=label free sample;AC=MS:1002038	1	1	not available	NT=Lys-C;AC=MS:1001309	NT=Carbamidomethyl;AC=UNIMOD:4;TA=C;MT=Fixed	NT=Oxidation;AC=UNIMOD:21;TA=M;MT=Variable	not available	not available	NT=[{'NT': 'DSSO', 'AC': 'XLMOD:02126', 'CL': 'yes', 'TA': 'K,S,T,Y', 'structured': 'NT=DSSO;AC=XLMOD:02126;CL=yes;TA=K,S,T,Y'}, {'NT': 'Azide-A-DSBSO', 'AC': 'XLMOD:02222', 'CL': 'yes', 'TA': 'K,nterm', 'structured': 'NT=Azide-A-DSBSO;AC=XLMOD:02222;CL=yes;TA=K,nterm'}]	size exclusion chromatography (SEC)	0.2–1 mM	not available	30 min	room temperature	L1_20211004_MxR_secondbatch_DSSOplate_D9_D10.raw	NT=ms-proteomics;VV=v1.1.0	NT=crosslinking;VV=v1.0.0	NT=human;VV=v1.1.0
PXD042173_L1_20240412_MxR_FDR_fifthbatch_DSSO_D9	Homo sapiens	whole cell lysate	not available	21	PXD042173_L1_20240412_MxR_FDR_fifthbatch_DSSO_D9_assay	proteomic profiling by mass spectrometry	data-dependent acquisition	NT=label free sample;AC=MS:1002038	1	1	not available	NT=Lys-C;AC=MS:1001309	NT=Carbamidomethyl;AC=UNIMOD:4;TA=C;MT=Fixed	NT=Oxidation;AC=UNIMOD:21;TA=M;MT=Variable	not available	not available	NT=[{'NT': 'DSSO', 'AC': 'XLMOD:02126', 'CL': 'yes', 'TA': 'K,S,T,Y', 'structured': 'NT=DSSO;AC=XLMOD:02126;CL=yes;TA=K,S,T,Y'}, {'NT': 'Azide-A-DSBSO', 'AC': 'XLMOD:02222', 'CL': 'yes', 'TA': 'K,nterm', 'structured': 'NT=Azide-A-DSBSO;AC=XLMOD:02222;CL=yes;TA=K,nterm'}]	size exclusion chromatography (SEC)	0.2–1 mM	not available	30 min	room temperature	L1_20240412_MxR_FDR_fifthbatch_DSSO_D9.raw	NT=ms-proteomics;VV=v1.1.0	NT=crosslinking;VV=v1.0.0	NT=human;VV=v1.1.0
PXD042173_L1_20210811_MxR_FDR_firstbatch_DSSOplate_D12	Homo sapiens	whole cell lysate	not available	22	PXD042173_L1_20210811_MxR_FDR_firstbatch_DSSOplate_D12_assay	proteomic profiling by mass spectrometry	data-dependent acquisition	NT=label free sample;AC=MS:1002038	1	1	not available	NT=Lys-C;AC=MS:1001309	NT=Carbamidomethyl;AC=UNIMOD:4;TA=C;MT=Fixed	NT=Oxidation;AC=UNIMOD:21;TA=M;MT=Variable	not available	not available	NT=[{'NT': 'DSSO', 'AC': 'XLMOD:02126', 'CL': 'yes', 'TA': 'K,S,T,Y', 'structured': 'NT=DSSO;AC=XLMOD:02126;CL=yes;TA=K,S,T,Y'}, {'NT': 'Azide-A-DSBSO', 'AC': 'XLMOD:02222', 'CL': 'yes', 'TA': 'K,nterm', 'structured': 'NT=Azide-A-DSBSO;AC=XLMOD:02222;CL=yes;TA=K,nterm'}]	size exclusion chromatography (SEC)	0.2–1 mM	not available	30 min	room temperature	L1_20210811_MxR_FDR_firstbatch_DSSOplate_D12.raw	NT=ms-proteomics;VV=v1.1.0	NT=crosslinking;VV=v1.0.0	NT=human;VV=v1.1.0
PXD042173_L1_20240412_MxR_FDR_fifthbatch_DSSO_G1_G2	Homo sapiens	whole cell lysate	not available	23	PXD042173_L1_20240412_MxR_FDR_fifthbatch_DSSO_G1_G2_assay	proteomic profiling by mass spectrometry	data-dependent acquisition	NT=label free sample;AC=MS:1002038	1	1	not available	NT=Lys-C;AC=MS:1001309	NT=Carbamidomethyl;AC=UNIMOD:4;TA=C;MT=Fixed	NT=Oxidation;AC=UNIMOD:21;TA=M;MT=Variable	not available	not available	NT=[{'NT': 'DSSO', 'AC': 'XLMOD:02126', 'CL': 'yes', 'TA': 'K,S,T,Y', 'structured': 'NT=DSSO;AC=XLMOD:02126;CL=yes;TA=K,S,T,Y'}, {'NT': 'Azide-A-DSBSO', 'AC': 'XLMOD:02222', 'CL': 'yes', 'TA': 'K,nterm', 'structured': 'NT=Azide-A-DSBSO;AC=XLMOD:02222;CL=yes;TA=K,nterm'}]	size exclusion chromatography (SEC)	0.2–1 mM	not available	30 min	room temperature	L1_20240412_MxR_FDR_fifthbatch_DSSO_G1_G2.raw	NT=ms-proteomics;VV=v1.1.0	NT=crosslinking;VV=v1.0.0	NT=human;VV=v1.1.0
PXD042173_L1_20240412_MxR_FDR_fifthbatch_DSSO_D3	Homo sapiens	whole cell lysate	not available	24	PXD042173_L1_20240412_MxR_FDR_fifthbatch_DSSO_D3_assay	proteomic profiling by mass spectrometry	data-dependent acquisition	NT=label free sample;AC=MS:1002038	1	1	not available	NT=Lys-C;AC=MS:1001309	NT=Carbamidomethyl;AC=UNIMOD:4;TA=C;MT=Fixed	NT=Oxidation;AC=UNIMOD:21;TA=M;MT=Variable	not available	not available	NT=[{'NT': 'DSSO', 'AC': 'XLMOD:02126', 'CL': 'yes', 'TA': 'K,S,T,Y', 'structured': 'NT=DSSO;AC=XLMOD:02126;CL=yes;TA=K,S,T,Y'}, {'NT': 'Azide-A-DSBSO', 'AC': 'XLMOD:02222', 'CL': 'yes', 'TA': 'K,nterm', 'structured': 'NT=Azide-A-DSBSO;AC=XLMOD:02222;CL=yes;TA=K,nterm'}]	size exclusion chromatography (SEC)	0.2–1 mM	not available	30 min	room temperature	L1_20240412_MxR_FDR_fifthbatch_DSSO_D3.raw	NT=ms-proteomics;VV=v1.1.0	NT=crosslinking;VV=v1.0.0	NT=human;VV=v1.1.0
PXD042173_L1_20211004_MxR_secondbatch_DSSOplate_E7_E8	Homo sapiens	whole cell lysate	not available	25	PXD042173_L1_20211004_MxR_secondbatch_DSSOplate_E7_E8_assay	proteomic profiling by mass spectrometry	data-dependent acquisition	NT=label free sample;AC=MS:1002038	1	1	not available	NT=Lys-C;AC=MS:1001309	NT=Carbamidomethyl;AC=UNIMOD:4;TA=C;MT=Fixed	NT=Oxidation;AC=UNIMOD:21;TA=M;MT=Variable	not available	not available	NT=[{'NT': 'DSSO', 'AC': 'XLMOD:02126', 'CL': 'yes', 'TA': 'K,S,T,Y', 'structured': 'NT=DSSO;AC=XLMOD:02126;CL=yes;TA=K,S,T,Y'}, {'NT': 'Azide-A-DSBSO', 'AC': 'XLMOD:02222', 'CL': 'yes', 'TA': 'K,nterm', 'structured': 'NT=Azide-A-DSBSO;AC=XLMOD:02222;CL=yes;TA=K,nterm'}]	size exclusion chromatography (SEC)	0.2–1 mM	not available	30 min	room temperature	L1_20211004_MxR_secondbatch_DSSOplate_E7_E8.raw	NT=ms-proteomics;VV=v1.1.0	NT=crosslinking;VV=v1.0.0	NT=human;VV=v1.1.0
PXD042173_L1_20210811_MxR_FDR_firstbatch_DSSOplate_F2	Homo sapiens	whole cell lysate	not available	1	PXD042173_L1_20210811_MxR_FDR_firstbatch_DSSOplate_F2_assay	proteomic profiling by mass spectrometry	data-dependent acquisition	NT=label free sample;AC=MS:1002038	2	1	not available	NT=Lys-C;AC=MS:1001309	NT=Carbamidomethyl;AC=UNIMOD:4;TA=C;MT=Fixed	NT=Oxidation;AC=UNIMOD:21;TA=M;MT=Variable	not available	not available	NT=[{'NT': 'DSSO', 'AC': 'XLMOD:02126', 'CL': 'yes', 'TA': 'K,S,T,Y', 'structured': 'NT=DSSO;AC=XLMOD:02126;CL=yes;TA=K,S,T,Y'}, {'NT': 'Azide-A-DSBSO', 'AC': 'XLMOD:02222', 'CL': 'yes', 'TA': 'K,nterm', 'structured': 'NT=Azide-A-DSBSO;AC=XLMOD:02222;CL=yes;TA=K,nterm'}]	size exclusion chromatography (SEC)	0.2–1 mM	not available	30 min	room temperature	L1_20210811_MxR_FDR_firstbatch_DSSOplate_F2.raw	NT=ms-proteomics;VV=v1.1.0	NT=crosslinking;VV=v1.0.0	NT=human;VV=v1.1.0
PXD042173_L1_20211004_MxR_secondbatch_DSSOplate_F7_F8	Homo sapiens	whole cell lysate	not available	1	PXD042173_L1_20211004_MxR_secondbatch_DSSOplate_F7_F8_assay	proteomic profiling by mass spectrometry	data-dependent acquisition	NT=label free sample;AC=MS:1002038	7	1	not available	NT=Lys-C;AC=MS:1001309	NT=Carbamidomethyl;AC=UNIMOD:4;TA=C;MT=Fixed	NT=Oxidation;AC=UNIMOD:21;TA=M;MT=Variable	not available	not available	NT=[{'NT': 'DSSO', 'AC': 'XLMOD:02126', 'CL': 'yes', 'TA': 'K,S,T,Y', 'structured': 'NT=DSSO;AC=XLMOD:02126;CL=yes;TA=K,S,T,Y'}, {'NT': 'Azide-A-DSBSO', 'AC': 'XLMOD:02222', 'CL': 'yes', 'TA': 'K,nterm', 'structured': 'NT=Azide-A-DSBSO;AC=XLMOD:02222;CL=yes;TA=K,nterm'}]	size exclusion chromatography (SEC)	0.2–1 mM	not available	30 min	room temperature	L1_20211004_MxR_secondbatch_DSSOplate_F7_F8.raw	NT=ms-proteomics;VV=v1.1.0	NT=crosslinking;VV=v1.0.0	NT=human;VV=v1.1.0
PXD042173_L1_20210811_MxR_FDR_firstbatch_DSSOplate_E12	Homo sapiens	whole cell lysate	not available	26	PXD042173_L1_20210811_MxR_FDR_firstbatch_DSSOplate_E12_assay	proteomic profiling by mass spectrometry	data-dependent acquisition	NT=label free sample;AC=MS:1002038	1	1	not available	NT=Lys-C;AC=MS:1001309	NT=Carbamidomethyl;AC=UNIMOD:4;TA=C;MT=Fixed	NT=Oxidation;AC=UNIMOD:21;TA=M;MT=Variable	not available	not available	NT=[{'NT': 'DSSO', 'AC': 'XLMOD:02126', 'CL': 'yes', 'TA': 'K,S,T,Y', 'structured': 'NT=DSSO;AC=XLMOD:02126;CL=yes;TA=K,S,T,Y'}, {'NT': 'Azide-A-DSBSO', 'AC': 'XLMOD:02222', 'CL': 'yes', 'TA': 'K,nterm', 'structured': 'NT=Azide-A-DSBSO;AC=XLMOD:02222;CL=yes;TA=K,nterm'}]	size exclusion chromatography (SEC)	0.2–1 mM	not available	30 min	room temperature	L1_20210811_MxR_FDR_firstbatch_DSSOplate_E12.raw	NT=ms-proteomics;VV=v1.1.0	NT=crosslinking;VV=v1.0.0	NT=human;VV=v1.1.0
PXD042173_L1_20240412_MxR_FDR_fifthbatch_DSSO_D5	Homo sapiens	whole cell lysate	not available	27	PXD042173_L1_20240412_MxR_FDR_fifthbatch_DSSO_D5_assay	proteomic profiling by mass spectrometry	data-dependent acquisition	NT=label free sample;AC=MS:1002038	1	1	not available	NT=Lys-C;AC=MS:1001309	NT=Carbamidomethyl;AC=UNIMOD:4;TA=C;MT=Fixed	NT=Oxidation;AC=UNIMOD:21;TA=M;MT=Variable	not available	not available	NT=[{'NT': 'DSSO', 'AC': 'XLMOD:02126', 'CL': 'yes', 'TA': 'K,S,T,Y', 'structured': 'NT=DSSO;AC=XLMOD:02126;CL=yes;TA=K,S,T,Y'}, {'NT': 'Azide-A-DSBSO', 'AC': 'XLMOD:02222', 'CL': 'yes', 'TA': 'K,nterm', 'structured': 'NT=Azide-A-DSBSO;AC=XLMOD:02222;CL=yes;TA=K,nterm'}]	size exclusion chromatography (SEC)	0.2–1 mM	not available	30 min	room temperature	L1_20240412_MxR_FDR_fifthbatch_DSSO_D5.raw	NT=ms-proteomics;VV=v1.1.0	NT=crosslinking;VV=v1.0.0	NT=human;VV=v1.1.0
PXD042173_L1_20211004_MxR_secondbatch_DSSOplate_C8	Homo sapiens	whole cell lysate	not available	28	PXD042173_L1_20211004_MxR_secondbatch_DSSOplate_C8_assay	proteomic profiling by mass spectrometry	data-dependent acquisition	NT=label free sample;AC=MS:1002038	1	1	not available	NT=Lys-C;AC=MS:1001309	NT=Carbamidomethyl;AC=UNIMOD:4;TA=C;MT=Fixed	NT=Oxidation;AC=UNIMOD:21;TA=M;MT=Variable	not available	not available	NT=[{'NT': 'DSSO', 'AC': 'XLMOD:02126', 'CL': 'yes', 'TA': 'K,S,T,Y', 'structured': 'NT=DSSO;AC=XLMOD:02126;CL=yes;TA=K,S,T,Y'}, {'NT': 'Azide-A-DSBSO', 'AC': 'XLMOD:02222', 'CL': 'yes', 'TA': 'K,nterm', 'structured': 'NT=Azide-A-DSBSO;AC=XLMOD:02222;CL=yes;TA=K,nterm'}]	size exclusion chromatography (SEC)	0.2–1 mM	not available	30 min	room temperature	L1_20211004_MxR_secondbatch_DSSOplate_C8.raw	NT=ms-proteomics;VV=v1.1.0	NT=crosslinking;VV=v1.0.0	NT=human;VV=v1.1.0
PXD042173_L1_20211004_MxR_secondbatch_DSSOplate_B3_B4	Homo sapiens	whole cell lysate	not available	29	PXD042173_L1_20211004_MxR_secondbatch_DSSOplate_B3_B4_assay	proteomic profiling by mass spectrometry	data-dependent acquisition	NT=label free sample;AC=MS:1002038	1	1	not available	NT=Lys-C;AC=MS:1001309	NT=Carbamidomethyl;AC=UNIMOD:4;TA=C;MT=Fixed	NT=Oxidation;AC=UNIMOD:21;TA=M;MT=Variable	not available	not available	NT=[{'NT': 'DSSO', 'AC': 'XLMOD:02126', 'CL': 'yes', 'TA': 'K,S,T,Y', 'structured': 'NT=DSSO;AC=XLMOD:02126;CL=yes;TA=K,S,T,Y'}, {'NT': 'Azide-A-DSBSO', 'AC': 'XLMOD:02222', 'CL': 'yes', 'TA': 'K,nterm', 'structured': 'NT=Azide-A-DSBSO;AC=XLMOD:02222;CL=yes;TA=K,nterm'}]	size exclusion chromatography (SEC)	0.2–1 mM	not available	30 min	room temperature	L1_20211004_MxR_secondbatch_DSSOplate_B3_B4.raw	NT=ms-proteomics;VV=v1.1.0	NT=crosslinking;VV=v1.0.0	NT=human;VV=v1.1.0
PXD042173_L1_20210806_MxR_FDR_firstbatch_DSSOplate_D6	Homo sapiens	whole cell lysate	not available	30	PXD042173_L1_20210806_MxR_FDR_firstbatch_DSSOplate_D6_assay	proteomic profiling by mass spectrometry	data-dependent acquisition	NT=label free sample;AC=MS:1002038	1	1	not available	NT=Lys-C;AC=MS:1001309	NT=Carbamidomethyl;AC=UNIMOD:4;TA=C;MT=Fixed	NT=Oxidation;AC=UNIMOD:21;TA=M;MT=Variable	not available	not available	NT=[{'NT': 'DSSO', 'AC': 'XLMOD:02126', 'CL': 'yes', 'TA': 'K,S,T,Y', 'structured': 'NT=DSSO;AC=XLMOD:02126;CL=yes;TA=K,S,T,Y'}, {'NT': 'Azide-A-DSBSO', 'AC': 'XLMOD:02222', 'CL': 'yes', 'TA': 'K,nterm', 'structured': 'NT=Azide-A-DSBSO;AC=XLMOD:02222;CL=yes;TA=K,nterm'}]	size exclusion chromatography (SEC)	0.2–1 mM	not available	30 min	room temperature	L1_20210806_MxR_FDR_firstbatch_DSSOplate_D6.raw	NT=ms-proteomics;VV=v1.1.0	NT=crosslinking;VV=v1.0.0	NT=human;VV=v1.1.0
PXD042173_L1_20210811_MxR_FDR_firstbatch_DSSOplate_E1_remeasure	Homo sapiens	whole cell lysate	not available	31	PXD042173_L1_20210811_MxR_FDR_firstbatch_DSSOplate_E1_remeasure_assay	proteomic profiling by mass spectrometry	data-dependent acquisition	NT=label free sample;AC=MS:1002038	1	1	not available	NT=Lys-C;AC=MS:1001309	NT=Carbamidomethyl;AC=UNIMOD:4;TA=C;MT=Fixed	NT=Oxidation;AC=UNIMOD:21;TA=M;MT=Variable	not available	not available	NT=[{'NT': 'DSSO', 'AC': 'XLMOD:02126', 'CL': 'yes', 'TA': 'K,S,T,Y', 'structured': 'NT=DSSO;AC=XLMOD:02126;CL=yes;TA=K,S,T,Y'}, {'NT': 'Azide-A-DSBSO', 'AC': 'XLMOD:02222', 'CL': 'yes', 'TA': 'K,nterm', 'structured': 'NT=Azide-A-DSBSO;AC=XLMOD:02222;CL=yes;TA=K,nterm'}]	size exclusion chromatography (SEC)	0.2–1 mM	not available	30 min	room temperature	L1_20210811_MxR_FDR_firstbatch_DSSOplate_E1_remeasure.raw	NT=ms-proteomics;VV=v1.1.0	NT=crosslinking;VV=v1.0.0	NT=human;VV=v1.1.0
PXD042173_L1_20210727_MxR_FDR_firstbatch_DSSOplate2_E12	Homo sapiens	whole cell lysate	not available	32	PXD042173_L1_20210727_MxR_FDR_firstbatch_DSSOplate2_E12_assay	proteomic profiling by mass spectrometry	data-dependent acquisition	NT=label free sample;AC=MS:1002038	1	1	not available	NT=Lys-C;AC=MS:1001309	NT=Carbamidomethyl;AC=UNIMOD:4;TA=C;MT=Fixed	NT=Oxidation;AC=UNIMOD:21;TA=M;MT=Variable	not available	not available	NT=[{'NT': 'DSSO', 'AC': 'XLMOD:02126', 'CL': 'yes', 'TA': 'K,S,T,Y', 'structured': 'NT=DSSO;AC=XLMOD:02126;CL=yes;TA=K,S,T,Y'}, {'NT': 'Azide-A-DSBSO', 'AC': 'XLMOD:02222', 'CL': 'yes', 'TA': 'K,nterm', 'structured': 'NT=Azide-A-DSBSO;AC=XLMOD:02222;CL=yes;TA=K,nterm'}]	size exclusion chromatography (SEC)	0.2–1 mM	not available	30 min	room temperature	L1_20210727_MxR_FDR_firstbatch_DSSOplate2_E12.raw	NT=ms-proteomics;VV=v1.1.0	NT=crosslinking;VV=v1.0.0	NT=human;VV=v1.1.0
PXD042173_L1_20240412_MxR_FDR_fifthbatch_DSSO_F5_F6	Homo sapiens	whole cell lysate	not available	2	PXD042173_L1_20240412_MxR_FDR_fifthbatch_DSSO_F5_F6_assay	proteomic profiling by mass spectrometry	data-dependent acquisition	NT=label free sample;AC=MS:1002038	5	1	not available	NT=Lys-C;AC=MS:1001309	NT=Carbamidomethyl;AC=UNIMOD:4;TA=C;MT=Fixed	NT=Oxidation;AC=UNIMOD:21;TA=M;MT=Variable	not available	not available	NT=[{'NT': 'DSSO', 'AC': 'XLMOD:02126', 'CL': 'yes', 'TA': 'K,S,T,Y', 'structured': 'NT=DSSO;AC=XLMOD:02126;CL=yes;TA=K,S,T,Y'}, {'NT': 'Azide-A-DSBSO', 'AC': 'XLMOD:02222', 'CL': 'yes', 'TA': 'K,nterm', 'structured': 'NT=Azide-A-DSBSO;AC=XLMOD:02222;CL=yes;TA=K,nterm'}]	size exclusion chromatography (SEC)	0.2–1 mM	not available	30 min	room temperature	L1_20240412_MxR_FDR_fifthbatch_DSSO_F5_F6.raw	NT=ms-proteomics;VV=v1.1.0	NT=crosslinking;VV=v1.0.0	NT=human;VV=v1.1.0
PXD042173_L1_20211004_MxR_secondbatch_DSSOplate_B10	Homo sapiens	whole cell lysate	not available	33	PXD042173_L1_20211004_MxR_secondbatch_DSSOplate_B10_assay	proteomic profiling by mass spectrometry	data-dependent acquisition	NT=label free sample;AC=MS:1002038	1	1	not available	NT=Lys-C;AC=MS:1001309	NT=Carbamidomethyl;AC=UNIMOD:4;TA=C;MT=Fixed	NT=Oxidation;AC=UNIMOD:21;TA=M;MT=Variable	not available	not available	NT=[{'NT': 'DSSO', 'AC': 'XLMOD:02126', 'CL': 'yes', 'TA': 'K,S,T,Y', 'structured': 'NT=DSSO;AC=XLMOD:02126;CL=yes;TA=K,S,T,Y'}, {'NT': 'Azide-A-DSBSO', 'AC': 'XLMOD:02222', 'CL': 'yes', 'TA': 'K,nterm', 'structured': 'NT=Azide-A-DSBSO;AC=XLMOD:02222;CL=yes;TA=K,nterm'}]	size exclusion chromatography (SEC)	0.2–1 mM	not available	30 min	room temperature	L1_20211004_MxR_secondbatch_DSSOplate_B10.raw	NT=ms-proteomics;VV=v1.1.0	NT=crosslinking;VV=v1.0.0	NT=human;VV=v1.1.0
PXD042173_L1_20240412_MxR_FDR_fifthbatch_DSSO_D11	Homo sapiens	whole cell lysate	not available	34	PXD042173_L1_20240412_MxR_FDR_fifthbatch_DSSO_D11_assay	proteomic profiling by mass spectrometry	data-dependent acquisition	NT=label free sample;AC=MS:1002038	1	1	not available	NT=Lys-C;AC=MS:1001309	NT=Carbamidomethyl;AC=UNIMOD:4;TA=C;MT=Fixed	NT=Oxidation;AC=UNIMOD:21;TA=M;MT=Variable	not available	not available	NT=[{'NT': 'DSSO', 'AC': 'XLMOD:02126', 'CL': 'yes', 'TA': 'K,S,T,Y', 'structured': 'NT=DSSO;AC=XLMOD:02126;CL=yes;TA=K,S,T,Y'}, {'NT': 'Azide-A-DSBSO', 'AC': 'XLMOD:02222', 'CL': 'yes', 'TA': 'K,nterm', 'structured': 'NT=Azide-A-DSBSO;AC=XLMOD:02222;CL=yes;TA=K,nterm'}]	size exclusion chromatography (SEC)	0.2–1 mM	not available	30 min	room temperature	L1_20240412_MxR_FDR_fifthbatch_DSSO_D11.raw	NT=ms-proteomics;VV=v1.1.0	NT=crosslinking;VV=v1.0.0	NT=human;VV=v1.1.0
PXD042173_L1_20240412_MxR_FDR_fifthbatch_DSSO_G11_G12	Homo sapiens	whole cell lysate	not available	35	PXD042173_L1_20240412_MxR_FDR_fifthbatch_DSSO_G11_G12_assay	proteomic profiling by mass spectrometry	data-dependent acquisition	NT=label free sample;AC=MS:1002038	1	1	not available	NT=Lys-C;AC=MS:1001309	NT=Carbamidomethyl;AC=UNIMOD:4;TA=C;MT=Fixed	NT=Oxidation;AC=UNIMOD:21;TA=M;MT=Variable	not available	not available	NT=[{'NT': 'DSSO', 'AC': 'XLMOD:02126', 'CL': 'yes', 'TA': 'K,S,T,Y', 'structured': 'NT=DSSO;AC=XLMOD:02126;CL=yes;TA=K,S,T,Y'}, {'NT': 'Azide-A-DSBSO', 'AC': 'XLMOD:02222', 'CL': 'yes', 'TA': 'K,nterm', 'structured': 'NT=Azide-A-DSBSO;AC=XLMOD:02222;CL=yes;TA=K,nterm'}]	size exclusion chromatography (SEC)	0.2–1 mM	not available	30 min	room temperature	L1_20240412_MxR_FDR_fifthbatch_DSSO_G11_G12.raw	NT=ms-proteomics;VV=v1.1.0	NT=crosslinking;VV=v1.0.0	NT=human;VV=v1.1.0
PXD042173_L1_20211004_MxR_secondbatch_DSSOplate_E11_E12	Homo sapiens	whole cell lysate	not available	36	PXD042173_L1_20211004_MxR_secondbatch_DSSOplate_E11_E12_assay	proteomic profiling by mass spectrometry	data-dependent acquisition	NT=label free sample;AC=MS:1002038	1	1	not available	NT=Lys-C;AC=MS:1001309	NT=Carbamidomethyl;AC=UNIMOD:4;TA=C;MT=Fixed	NT=Oxidation;AC=UNIMOD:21;TA=M;MT=Variable	not available	not available	NT=[{'NT': 'DSSO', 'AC': 'XLMOD:02126', 'CL': 'yes', 'TA': 'K,S,T,Y', 'structured': 'NT=DSSO;AC=XLMOD:02126;CL=yes;TA=K,S,T,Y'}, {'NT': 'Azide-A-DSBSO', 'AC': 'XLMOD:02222', 'CL': 'yes', 'TA': 'K,nterm', 'structured': 'NT=Azide-A-DSBSO;AC=XLMOD:02222;CL=yes;TA=K,nterm'}]	size exclusion chromatography (SEC)	0.2–1 mM	not available	30 min	room temperature	L1_20211004_MxR_secondbatch_DSSOplate_E11_E12.raw	NT=ms-proteomics;VV=v1.1.0	NT=crosslinking;VV=v1.0.0	NT=human;VV=v1.1.0
PXD042173_L1_20211004_MxR_secondbatch_DSSOplate_C4_152127	Homo sapiens	whole cell lysate	not available	37	PXD042173_L1_20211004_MxR_secondbatch_DSSOplate_C4_152127_assay	proteomic profiling by mass spectrometry	data-dependent acquisition	NT=label free sample;AC=MS:1002038	1	1	not available	NT=Lys-C;AC=MS:1001309	NT=Carbamidomethyl;AC=UNIMOD:4;TA=C;MT=Fixed	NT=Oxidation;AC=UNIMOD:21;TA=M;MT=Variable	not available	not available	NT=[{'NT': 'DSSO', 'AC': 'XLMOD:02126', 'CL': 'yes', 'TA': 'K,S,T,Y', 'structured': 'NT=DSSO;AC=XLMOD:02126;CL=yes;TA=K,S,T,Y'}, {'NT': 'Azide-A-DSBSO', 'AC': 'XLMOD:02222', 'CL': 'yes', 'TA': 'K,nterm', 'structured': 'NT=Azide-A-DSBSO;AC=XLMOD:02222;CL=yes;TA=K,nterm'}]	size exclusion chromatography (SEC)	0.2–1 mM	not available	30 min	room temperature	L1_20211004_MxR_secondbatch_DSSOplate_C4_152127.raw	NT=ms-proteomics;VV=v1.1.0	NT=crosslinking;VV=v1.0.0	NT=human;VV=v1.1.0
PXD042173_L1_20240412_MxR_FDR_fifthbatch_DSSO_F9_F10	Homo sapiens	whole cell lysate	not available	2	PXD042173_L1_20240412_MxR_FDR_fifthbatch_DSSO_F9_F10_assay	proteomic profiling by mass spectrometry	data-dependent acquisition	NT=label free sample;AC=MS:1002038	9	1	not available	NT=Lys-C;AC=MS:1001309	NT=Carbamidomethyl;AC=UNIMOD:4;TA=C;MT=Fixed	NT=Oxidation;AC=UNIMOD:21;TA=M;MT=Variable	not available	not available	NT=[{'NT': 'DSSO', 'AC': 'XLMOD:02126', 'CL': 'yes', 'TA': 'K,S,T,Y', 'structured': 'NT=DSSO;AC=XLMOD:02126;CL=yes;TA=K,S,T,Y'}, {'NT': 'Azide-A-DSBSO', 'AC': 'XLMOD:02222', 'CL': 'yes', 'TA': 'K,nterm', 'structured': 'NT=Azide-A-DSBSO;AC=XLMOD:02222;CL=yes;TA=K,nterm'}]	size exclusion chromatography (SEC)	0.2–1 mM	not available	30 min	room temperature	L1_20240412_MxR_FDR_fifthbatch_DSSO_F9_F10.raw	NT=ms-proteomics;VV=v1.1.0	NT=crosslinking;VV=v1.0.0	NT=human;VV=v1.1.0
PXD042173_L1_20211004_MxR_secondbatch_DSSOplate_B5_B6	Homo sapiens	whole cell lysate	not available	38	PXD042173_L1_20211004_MxR_secondbatch_DSSOplate_B5_B6_assay	proteomic profiling by mass spectrometry	data-dependent acquisition	NT=label free sample;AC=MS:1002038	1	1	not available	NT=Lys-C;AC=MS:1001309	NT=Carbamidomethyl;AC=UNIMOD:4;TA=C;MT=Fixed	NT=Oxidation;AC=UNIMOD:21;TA=M;MT=Variable	not available	not available	NT=[{'NT': 'DSSO', 'AC': 'XLMOD:02126', 'CL': 'yes', 'TA': 'K,S,T,Y', 'structured': 'NT=DSSO;AC=XLMOD:02126;CL=yes;TA=K,S,T,Y'}, {'NT': 'Azide-A-DSBSO', 'AC': 'XLMOD:02222', 'CL': 'yes', 'TA': 'K,nterm', 'structured': 'NT=Azide-A-DSBSO;AC=XLMOD:02222;CL=yes;TA=K,nterm'}]	size exclusion chromatography (SEC)	0.2–1 mM	not available	30 min	room temperature	L1_20211004_MxR_secondbatch_DSSOplate_B5_B6.raw	NT=ms-proteomics;VV=v1.1.0	NT=crosslinking;VV=v1.0.0	NT=human;VV=v1.1.0
PXD042173_L1_20240412_MxR_FDR_fifthbatch_DSSO_C12	Homo sapiens	whole cell lysate	not available	39	PXD042173_L1_20240412_MxR_FDR_fifthbatch_DSSO_C12_assay	proteomic profiling by mass spectrometry	data-dependent acquisition	NT=label free sample;AC=MS:1002038	1	1	not available	NT=Lys-C;AC=MS:1001309	NT=Carbamidomethyl;AC=UNIMOD:4;TA=C;MT=Fixed	NT=Oxidation;AC=UNIMOD:21;TA=M;MT=Variable	not available	not available	NT=[{'NT': 'DSSO', 'AC': 'XLMOD:02126', 'CL': 'yes', 'TA': 'K,S,T,Y', 'structured': 'NT=DSSO;AC=XLMOD:02126;CL=yes;TA=K,S,T,Y'}, {'NT': 'Azide-A-DSBSO', 'AC': 'XLMOD:02222', 'CL': 'yes', 'TA': 'K,nterm', 'structured': 'NT=Azide-A-DSBSO;AC=XLMOD:02222;CL=yes;TA=K,nterm'}]	size exclusion chromatography (SEC)	0.2–1 mM	not available	30 min	room temperature	L1_20240412_MxR_FDR_fifthbatch_DSSO_C12.raw	NT=ms-proteomics;VV=v1.1.0	NT=crosslinking;VV=v1.0.0	NT=human;VV=v1.1.0
PXD042173_L1_20210806_MxR_FDR_firstbatch_DSSOplate_C9	Homo sapiens	whole cell lysate	not available	40	PXD042173_L1_20210806_MxR_FDR_firstbatch_DSSOplate_C9_assay	proteomic profiling by mass spectrometry	data-dependent acquisition	NT=label free sample;AC=MS:1002038	1	1	not available	NT=Lys-C;AC=MS:1001309	NT=Carbamidomethyl;AC=UNIMOD:4;TA=C;MT=Fixed	NT=Oxidation;AC=UNIMOD:21;TA=M;MT=Variable	not available	not available	NT=[{'NT': 'DSSO', 'AC': 'XLMOD:02126', 'CL': 'yes', 'TA': 'K,S,T,Y', 'structured': 'NT=DSSO;AC=XLMOD:02126;CL=yes;TA=K,S,T,Y'}, {'NT': 'Azide-A-DSBSO', 'AC': 'XLMOD:02222', 'CL': 'yes', 'TA': 'K,nterm', 'structured': 'NT=Azide-A-DSBSO;AC=XLMOD:02222;CL=yes;TA=K,nterm'}]	size exclusion chromatography (SEC)	0.2–1 mM	not available	30 min	room temperature	L1_20210806_MxR_FDR_firstbatch_DSSOplate_C9.raw	NT=ms-proteomics;VV=v1.1.0	NT=crosslinking;VV=v1.0.0	NT=human;VV=v1.1.0
PXD042173_L1_20211004_MxR_secondbatch_DSSOplate_E3_E4	Homo sapiens	whole cell lysate	not available	41	PXD042173_L1_20211004_MxR_secondbatch_DSSOplate_E3_E4_assay	proteomic profiling by mass spectrometry	data-dependent acquisition	NT=label free sample;AC=MS:1002038	1	1	not available	NT=Lys-C;AC=MS:1001309	NT=Carbamidomethyl;AC=UNIMOD:4;TA=C;MT=Fixed	NT=Oxidation;AC=UNIMOD:21;TA=M;MT=Variable	not available	not available	NT=[{'NT': 'DSSO', 'AC': 'XLMOD:02126', 'CL': 'yes', 'TA': 'K,S,T,Y', 'structured': 'NT=DSSO;AC=XLMOD:02126;CL=yes;TA=K,S,T,Y'}, {'NT': 'Azide-A-DSBSO', 'AC': 'XLMOD:02222', 'CL': 'yes', 'TA': 'K,nterm', 'structured': 'NT=Azide-A-DSBSO;AC=XLMOD:02222;CL=yes;TA=K,nterm'}]	size exclusion chromatography (SEC)	0.2–1 mM	not available	30 min	room temperature	L1_20211004_MxR_secondbatch_DSSOplate_E3_E4.raw	NT=ms-proteomics;VV=v1.1.0	NT=crosslinking;VV=v1.0.0	NT=human;VV=v1.1.0
PXD042173_L1_20210811_MxR_FDR_firstbatch_DSSOplate_E6	Homo sapiens	whole cell lysate	not available	42	PXD042173_L1_20210811_MxR_FDR_firstbatch_DSSOplate_E6_assay	proteomic profiling by mass spectrometry	data-dependent acquisition	NT=label free sample;AC=MS:1002038	1	1	not available	NT=Lys-C;AC=MS:1001309	NT=Carbamidomethyl;AC=UNIMOD:4;TA=C;MT=Fixed	NT=Oxidation;AC=UNIMOD:21;TA=M;MT=Variable	not available	not available	NT=[{'NT': 'DSSO', 'AC': 'XLMOD:02126', 'CL': 'yes', 'TA': 'K,S,T,Y', 'structured': 'NT=DSSO;AC=XLMOD:02126;CL=yes;TA=K,S,T,Y'}, {'NT': 'Azide-A-DSBSO', 'AC': 'XLMOD:02222', 'CL': 'yes', 'TA': 'K,nterm', 'structured': 'NT=Azide-A-DSBSO;AC=XLMOD:02222;CL=yes;TA=K,nterm'}]	size exclusion chromatography (SEC)	0.2–1 mM	not available	30 min	room temperature	L1_20210811_MxR_FDR_firstbatch_DSSOplate_E6.raw	NT=ms-proteomics;VV=v1.1.0	NT=crosslinking;VV=v1.0.0	NT=human;VV=v1.1.0
PXD042173_L1_20240412_MxR_FDR_fifthbatch_DSSO_C7	Homo sapiens	whole cell lysate	not available	43	PXD042173_L1_20240412_MxR_FDR_fifthbatch_DSSO_C7_assay	proteomic profiling by mass spectrometry	data-dependent acquisition	NT=label free sample;AC=MS:1002038	1	1	not available	NT=Lys-C;AC=MS:1001309	NT=Carbamidomethyl;AC=UNIMOD:4;TA=C;MT=Fixed	NT=Oxidation;AC=UNIMOD:21;TA=M;MT=Variable	not available	not available	NT=[{'NT': 'DSSO', 'AC': 'XLMOD:02126', 'CL': 'yes', 'TA': 'K,S,T,Y', 'structured': 'NT=DSSO;AC=XLMOD:02126;CL=yes;TA=K,S,T,Y'}, {'NT': 'Azide-A-DSBSO', 'AC': 'XLMOD:02222', 'CL': 'yes', 'TA': 'K,nterm', 'structured': 'NT=Azide-A-DSBSO;AC=XLMOD:02222;CL=yes;TA=K,nterm'}]	size exclusion chromatography (SEC)	0.2–1 mM	not available	30 min	room temperature	L1_20240412_MxR_FDR_fifthbatch_DSSO_C7.raw	NT=ms-proteomics;VV=v1.1.0	NT=crosslinking;VV=v1.0.0	NT=human;VV=v1.1.0
PXD042173_L1_20210806_MxR_FDR_firstbatch_DSSOplate_D4	Homo sapiens	whole cell lysate	not available	44	PXD042173_L1_20210806_MxR_FDR_firstbatch_DSSOplate_D4_assay	proteomic profiling by mass spectrometry	data-dependent acquisition	NT=label free sample;AC=MS:1002038	1	1	not available	NT=Lys-C;AC=MS:1001309	NT=Carbamidomethyl;AC=UNIMOD:4;TA=C;MT=Fixed	NT=Oxidation;AC=UNIMOD:21;TA=M;MT=Variable	not available	not available	NT=[{'NT': 'DSSO', 'AC': 'XLMOD:02126', 'CL': 'yes', 'TA': 'K,S,T,Y', 'structured': 'NT=DSSO;AC=XLMOD:02126;CL=yes;TA=K,S,T,Y'}, {'NT': 'Azide-A-DSBSO', 'AC': 'XLMOD:02222', 'CL': 'yes', 'TA': 'K,nterm', 'structured': 'NT=Azide-A-DSBSO;AC=XLMOD:02222;CL=yes;TA=K,nterm'}]	size exclusion chromatography (SEC)	0.2–1 mM	not available	30 min	room temperature	L1_20210806_MxR_FDR_firstbatch_DSSOplate_D4.raw	NT=ms-proteomics;VV=v1.1.0	NT=crosslinking;VV=v1.0.0	NT=human;VV=v1.1.0
PXD042173_L1_20240412_MxR_FDR_fifthbatch_DSSO_G3_G4	Homo sapiens	whole cell lysate	not available	45	PXD042173_L1_20240412_MxR_FDR_fifthbatch_DSSO_G3_G4_assay	proteomic profiling by mass spectrometry	data-dependent acquisition	NT=label free sample;AC=MS:1002038	1	1	not available	NT=Lys-C;AC=MS:1001309	NT=Carbamidomethyl;AC=UNIMOD:4;TA=C;MT=Fixed	NT=Oxidation;AC=UNIMOD:21;TA=M;MT=Variable	not available	not available	NT=[{'NT': 'DSSO', 'AC': 'XLMOD:02126', 'CL': 'yes', 'TA': 'K,S,T,Y', 'structured': 'NT=DSSO;AC=XLMOD:02126;CL=yes;TA=K,S,T,Y'}, {'NT': 'Azide-A-DSBSO', 'AC': 'XLMOD:02222', 'CL': 'yes', 'TA': 'K,nterm', 'structured': 'NT=Azide-A-DSBSO;AC=XLMOD:02222;CL=yes;TA=K,nterm'}]	size exclusion chromatography (SEC)	0.2–1 mM	not available	30 min	room temperature	L1_20240412_MxR_FDR_fifthbatch_DSSO_G3_G4.raw	NT=ms-proteomics;VV=v1.1.0	NT=crosslinking;VV=v1.0.0	NT=human;VV=v1.1.0
PXD042173_L1_20240412_MxR_FDR_fifthbatch_DSSO_D6	Homo sapiens	whole cell lysate	not available	46	PXD042173_L1_20240412_MxR_FDR_fifthbatch_DSSO_D6_assay	proteomic profiling by mass spectrometry	data-dependent acquisition	NT=label free sample;AC=MS:1002038	1	1	not available	NT=Lys-C;AC=MS:1001309	NT=Carbamidomethyl;AC=UNIMOD:4;TA=C;MT=Fixed	NT=Oxidation;AC=UNIMOD:21;TA=M;MT=Variable	not available	not available	NT=[{'NT': 'DSSO', 'AC': 'XLMOD:02126', 'CL': 'yes', 'TA': 'K,S,T,Y', 'structured': 'NT=DSSO;AC=XLMOD:02126;CL=yes;TA=K,S,T,Y'}, {'NT': 'Azide-A-DSBSO', 'AC': 'XLMOD:02222', 'CL': 'yes', 'TA': 'K,nterm', 'structured': 'NT=Azide-A-DSBSO;AC=XLMOD:02222;CL=yes;TA=K,nterm'}]	size exclusion chromatography (SEC)	0.2–1 mM	not available	30 min	room temperature	L1_20240412_MxR_FDR_fifthbatch_DSSO_D6.raw	NT=ms-proteomics;VV=v1.1.0	NT=crosslinking;VV=v1.0.0	NT=human;VV=v1.1.0
PXD042173_L1_20211004_MxR_secondbatch_DSSOplate_D5_D6	Homo sapiens	whole cell lysate	not available	47	PXD042173_L1_20211004_MxR_secondbatch_DSSOplate_D5_D6_assay	proteomic profiling by mass spectrometry	data-dependent acquisition	NT=label free sample;AC=MS:1002038	1	1	not available	NT=Lys-C;AC=MS:1001309	NT=Carbamidomethyl;AC=UNIMOD:4;TA=C;MT=Fixed	NT=Oxidation;AC=UNIMOD:21;TA=M;MT=Variable	not available	not available	NT=[{'NT': 'DSSO', 'AC': 'XLMOD:02126', 'CL': 'yes', 'TA': 'K,S,T,Y', 'structured': 'NT=DSSO;AC=XLMOD:02126;CL=yes;TA=K,S,T,Y'}, {'NT': 'Azide-A-DSBSO', 'AC': 'XLMOD:02222', 'CL': 'yes', 'TA': 'K,nterm', 'structured': 'NT=Azide-A-DSBSO;AC=XLMOD:02222;CL=yes;TA=K,nterm'}]	size exclusion chromatography (SEC)	0.2–1 mM	not available	30 min	room temperature	L1_20211004_MxR_secondbatch_DSSOplate_D5_D6.raw	NT=ms-proteomics;VV=v1.1.0	NT=crosslinking;VV=v1.0.0	NT=human;VV=v1.1.0
PXD042173_L1_20240412_MxR_FDR_fifthbatch_DSSO_B5_B6	Homo sapiens	whole cell lysate	not available	48	PXD042173_L1_20240412_MxR_FDR_fifthbatch_DSSO_B5_B6_assay	proteomic profiling by mass spectrometry	data-dependent acquisition	NT=label free sample;AC=MS:1002038	1	1	not available	NT=Lys-C;AC=MS:1001309	NT=Carbamidomethyl;AC=UNIMOD:4;TA=C;MT=Fixed	NT=Oxidation;AC=UNIMOD:21;TA=M;MT=Variable	not available	not available	NT=[{'NT': 'DSSO', 'AC': 'XLMOD:02126', 'CL': 'yes', 'TA': 'K,S,T,Y', 'structured': 'NT=DSSO;AC=XLMOD:02126;CL=yes;TA=K,S,T,Y'}, {'NT': 'Azide-A-DSBSO', 'AC': 'XLMOD:02222', 'CL': 'yes', 'TA': 'K,nterm', 'structured': 'NT=Azide-A-DSBSO;AC=XLMOD:02222;CL=yes;TA=K,nterm'}]	size exclusion chromatography (SEC)	0.2–1 mM	not available	30 min	room temperature	L1_20240412_MxR_FDR_fifthbatch_DSSO_B5_B6.raw	NT=ms-proteomics;VV=v1.1.0	NT=crosslinking;VV=v1.0.0	NT=human;VV=v1.1.0
PXD042173_L1_20240412_MxR_FDR_fifthbatch_DSSO_B1_B2	Homo sapiens	whole cell lysate	not available	49	PXD042173_L1_20240412_MxR_FDR_fifthbatch_DSSO_B1_B2_assay	proteomic profiling by mass spectrometry	data-dependent acquisition	NT=label free sample;AC=MS:1002038	1	1	not available	NT=Lys-C;AC=MS:1001309	NT=Carbamidomethyl;AC=UNIMOD:4;TA=C;MT=Fixed	NT=Oxidation;AC=UNIMOD:21;TA=M;MT=Variable	not available	not available	NT=[{'NT': 'DSSO', 'AC': 'XLMOD:02126', 'CL': 'yes', 'TA': 'K,S,T,Y', 'structured': 'NT=DSSO;AC=XLMOD:02126;CL=yes;TA=K,S,T,Y'}, {'NT': 'Azide-A-DSBSO', 'AC': 'XLMOD:02222', 'CL': 'yes', 'TA': 'K,nterm', 'structured': 'NT=Azide-A-DSBSO;AC=XLMOD:02222;CL=yes;TA=K,nterm'}]	size exclusion chromatography (SEC)	0.2–1 mM	not available	30 min	room temperature	L1_20240412_MxR_FDR_fifthbatch_DSSO_B1_B2.raw	NT=ms-proteomics;VV=v1.1.0	NT=crosslinking;VV=v1.0.0	NT=human;VV=v1.1.0
PXD042173_L1_20211004_MxR_secondbatch_DSSOplate_E9_E10	Homo sapiens	whole cell lysate	not available	50	PXD042173_L1_20211004_MxR_secondbatch_DSSOplate_E9_E10_assay	proteomic profiling by mass spectrometry	data-dependent acquisition	NT=label free sample;AC=MS:1002038	1	1	not available	NT=Lys-C;AC=MS:1001309	NT=Carbamidomethyl;AC=UNIMOD:4;TA=C;MT=Fixed	NT=Oxidation;AC=UNIMOD:21;TA=M;MT=Variable	not available	not available	NT=[{'NT': 'DSSO', 'AC': 'XLMOD:02126', 'CL': 'yes', 'TA': 'K,S,T,Y', 'structured': 'NT=DSSO;AC=XLMOD:02126;CL=yes;TA=K,S,T,Y'}, {'NT': 'Azide-A-DSBSO', 'AC': 'XLMOD:02222', 'CL': 'yes', 'TA': 'K,nterm', 'structured': 'NT=Azide-A-DSBSO;AC=XLMOD:02222;CL=yes;TA=K,nterm'}]	size exclusion chromatography (SEC)	0.2–1 mM	not available	30 min	room temperature	L1_20211004_MxR_secondbatch_DSSOplate_E9_E10.raw	NT=ms-proteomics;VV=v1.1.0	NT=crosslinking;VV=v1.0.0	NT=human;VV=v1.1.0
PXD042173_L1_20240412_MxR_FDR_fifthbatch_DSSO_D8	Homo sapiens	whole cell lysate	not available	51	PXD042173_L1_20240412_MxR_FDR_fifthbatch_DSSO_D8_assay	proteomic profiling by mass spectrometry	data-dependent acquisition	NT=label free sample;AC=MS:1002038	1	1	not available	NT=Lys-C;AC=MS:1001309	NT=Carbamidomethyl;AC=UNIMOD:4;TA=C;MT=Fixed	NT=Oxidation;AC=UNIMOD:21;TA=M;MT=Variable	not available	not available	NT=[{'NT': 'DSSO', 'AC': 'XLMOD:02126', 'CL': 'yes', 'TA': 'K,S,T,Y', 'structured': 'NT=DSSO;AC=XLMOD:02126;CL=yes;TA=K,S,T,Y'}, {'NT': 'Azide-A-DSBSO', 'AC': 'XLMOD:02222', 'CL': 'yes', 'TA': 'K,nterm', 'structured': 'NT=Azide-A-DSBSO;AC=XLMOD:02222;CL=yes;TA=K,nterm'}]	size exclusion chromatography (SEC)	0.2–1 mM	not available	30 min	room temperature	L1_20240412_MxR_FDR_fifthbatch_DSSO_D8.raw	NT=ms-proteomics;VV=v1.1.0	NT=crosslinking;VV=v1.0.0	NT=human;VV=v1.1.0
PXD042173_L1_20240412_MxR_FDR_fifthbatch_DSSO_B3_B4	Homo sapiens	whole cell lysate	not available	52	PXD042173_L1_20240412_MxR_FDR_fifthbatch_DSSO_B3_B4_assay	proteomic profiling by mass spectrometry	data-dependent acquisition	NT=label free sample;AC=MS:1002038	1	1	not available	NT=Lys-C;AC=MS:1001309	NT=Carbamidomethyl;AC=UNIMOD:4;TA=C;MT=Fixed	NT=Oxidation;AC=UNIMOD:21;TA=M;MT=Variable	not available	not available	NT=[{'NT': 'DSSO', 'AC': 'XLMOD:02126', 'CL': 'yes', 'TA': 'K,S,T,Y', 'structured': 'NT=DSSO;AC=XLMOD:02126;CL=yes;TA=K,S,T,Y'}, {'NT': 'Azide-A-DSBSO', 'AC': 'XLMOD:02222', 'CL': 'yes', 'TA': 'K,nterm', 'structured': 'NT=Azide-A-DSBSO;AC=XLMOD:02222;CL=yes;TA=K,nterm'}]	size exclusion chromatography (SEC)	0.2–1 mM	not available	30 min	room temperature	L1_20240412_MxR_FDR_fifthbatch_DSSO_B3_B4.raw	NT=ms-proteomics;VV=v1.1.0	NT=crosslinking;VV=v1.0.0	NT=human;VV=v1.1.0
PXD042173_L1_20211004_MxR_secondbatch_DSSOplate_F3_F4	Homo sapiens	whole cell lysate	not available	1	PXD042173_L1_20211004_MxR_secondbatch_DSSOplate_F3_F4_assay	proteomic profiling by mass spectrometry	data-dependent acquisition	NT=label free sample;AC=MS:1002038	3	1	not available	NT=Lys-C;AC=MS:1001309	NT=Carbamidomethyl;AC=UNIMOD:4;TA=C;MT=Fixed	NT=Oxidation;AC=UNIMOD:21;TA=M;MT=Variable	not available	not available	NT=[{'NT': 'DSSO', 'AC': 'XLMOD:02126', 'CL': 'yes', 'TA': 'K,S,T,Y', 'structured': 'NT=DSSO;AC=XLMOD:02126;CL=yes;TA=K,S,T,Y'}, {'NT': 'Azide-A-DSBSO', 'AC': 'XLMOD:02222', 'CL': 'yes', 'TA': 'K,nterm', 'structured': 'NT=Azide-A-DSBSO;AC=XLMOD:02222;CL=yes;TA=K,nterm'}]	size exclusion chromatography (SEC)	0.2–1 mM	not available	30 min	room temperature	L1_20211004_MxR_secondbatch_DSSOplate_F3_F4.raw	NT=ms-proteomics;VV=v1.1.0	NT=crosslinking;VV=v1.0.0	NT=human;VV=v1.1.0
PXD042173_L1_20240412_MxR_FDR_fifthbatch_DSSO_C1	Homo sapiens	whole cell lysate	not available	53	PXD042173_L1_20240412_MxR_FDR_fifthbatch_DSSO_C1_assay	proteomic profiling by mass spectrometry	data-dependent acquisition	NT=label free sample;AC=MS:1002038	1	1	not available	NT=Lys-C;AC=MS:1001309	NT=Carbamidomethyl;AC=UNIMOD:4;TA=C;MT=Fixed	NT=Oxidation;AC=UNIMOD:21;TA=M;MT=Variable	not available	not available	NT=[{'NT': 'DSSO', 'AC': 'XLMOD:02126', 'CL': 'yes', 'TA': 'K,S,T,Y', 'structured': 'NT=DSSO;AC=XLMOD:02126;CL=yes;TA=K,S,T,Y'}, {'NT': 'Azide-A-DSBSO', 'AC': 'XLMOD:02222', 'CL': 'yes', 'TA': 'K,nterm', 'structured': 'NT=Azide-A-DSBSO;AC=XLMOD:02222;CL=yes;TA=K,nterm'}]	size exclusion chromatography (SEC)	0.2–1 mM	not available	30 min	room temperature	L1_20240412_MxR_FDR_fifthbatch_DSSO_C1.raw	NT=ms-proteomics;VV=v1.1.0	NT=crosslinking;VV=v1.0.0	NT=human;VV=v1.1.0
PXD042173_L1_20240412_MxR_FDR_fifthbatch_DSSO_C9	Homo sapiens	whole cell lysate	not available	54	PXD042173_L1_20240412_MxR_FDR_fifthbatch_DSSO_C9_assay	proteomic profiling by mass spectrometry	data-dependent acquisition	NT=label free sample;AC=MS:1002038	1	1	not available	NT=Lys-C;AC=MS:1001309	NT=Carbamidomethyl;AC=UNIMOD:4;TA=C;MT=Fixed	NT=Oxidation;AC=UNIMOD:21;TA=M;MT=Variable	not available	not available	NT=[{'NT': 'DSSO', 'AC': 'XLMOD:02126', 'CL': 'yes', 'TA': 'K,S,T,Y', 'structured': 'NT=DSSO;AC=XLMOD:02126;CL=yes;TA=K,S,T,Y'}, {'NT': 'Azide-A-DSBSO', 'AC': 'XLMOD:02222', 'CL': 'yes', 'TA': 'K,nterm', 'structured': 'NT=Azide-A-DSBSO;AC=XLMOD:02222;CL=yes;TA=K,nterm'}]	size exclusion chromatography (SEC)	0.2–1 mM	not available	30 min	room temperature	L1_20240412_MxR_FDR_fifthbatch_DSSO_C9.raw	NT=ms-proteomics;VV=v1.1.0	NT=crosslinking;VV=v1.0.0	NT=human;VV=v1.1.0
PXD042173_L1_20240412_MxR_FDR_fifthbatch_DSSO_C8	Homo sapiens	whole cell lysate	not available	55	PXD042173_L1_20240412_MxR_FDR_fifthbatch_DSSO_C8_assay	proteomic profiling by mass spectrometry	data-dependent acquisition	NT=label free sample;AC=MS:1002038	1	1	not available	NT=Lys-C;AC=MS:1001309	NT=Carbamidomethyl;AC=UNIMOD:4;TA=C;MT=Fixed	NT=Oxidation;AC=UNIMOD:21;TA=M;MT=Variable	not available	not available	NT=[{'NT': 'DSSO', 'AC': 'XLMOD:02126', 'CL': 'yes', 'TA': 'K,S,T,Y', 'structured': 'NT=DSSO;AC=XLMOD:02126;CL=yes;TA=K,S,T,Y'}, {'NT': 'Azide-A-DSBSO', 'AC': 'XLMOD:02222', 'CL': 'yes', 'TA': 'K,nterm', 'structured': 'NT=Azide-A-DSBSO;AC=XLMOD:02222;CL=yes;TA=K,nterm'}]	size exclusion chromatography (SEC)	0.2–1 mM	not available	30 min	room temperature	L1_20240412_MxR_FDR_fifthbatch_DSSO_C8.raw	NT=ms-proteomics;VV=v1.1.0	NT=crosslinking;VV=v1.0.0	NT=human;VV=v1.1.0
PXD042173_L1_20210806_MxR_FDR_firstbatch_DSSOplate_C7	Homo sapiens	whole cell lysate	not available	56	PXD042173_L1_20210806_MxR_FDR_firstbatch_DSSOplate_C7_assay	proteomic profiling by mass spectrometry	data-dependent acquisition	NT=label free sample;AC=MS:1002038	1	1	not available	NT=Lys-C;AC=MS:1001309	NT=Carbamidomethyl;AC=UNIMOD:4;TA=C;MT=Fixed	NT=Oxidation;AC=UNIMOD:21;TA=M;MT=Variable	not available	not available	NT=[{'NT': 'DSSO', 'AC': 'XLMOD:02126', 'CL': 'yes', 'TA': 'K,S,T,Y', 'structured': 'NT=DSSO;AC=XLMOD:02126;CL=yes;TA=K,S,T,Y'}, {'NT': 'Azide-A-DSBSO', 'AC': 'XLMOD:02222', 'CL': 'yes', 'TA': 'K,nterm', 'structured': 'NT=Azide-A-DSBSO;AC=XLMOD:02222;CL=yes;TA=K,nterm'}]	size exclusion chromatography (SEC)	0.2–1 mM	not available	30 min	room temperature	L1_20210806_MxR_FDR_firstbatch_DSSOplate_C7.raw	NT=ms-proteomics;VV=v1.1.0	NT=crosslinking;VV=v1.0.0	NT=human;VV=v1.1.0
PXD042173_L1_20240412_MxR_FDR_fifthbatch_DSSO_C5	Homo sapiens	whole cell lysate	not available	57	PXD042173_L1_20240412_MxR_FDR_fifthbatch_DSSO_C5_assay	proteomic profiling by mass spectrometry	data-dependent acquisition	NT=label free sample;AC=MS:1002038	1	1	not available	NT=Lys-C;AC=MS:1001309	NT=Carbamidomethyl;AC=UNIMOD:4;TA=C;MT=Fixed	NT=Oxidation;AC=UNIMOD:21;TA=M;MT=Variable	not available	not available	NT=[{'NT': 'DSSO', 'AC': 'XLMOD:02126', 'CL': 'yes', 'TA': 'K,S,T,Y', 'structured': 'NT=DSSO;AC=XLMOD:02126;CL=yes;TA=K,S,T,Y'}, {'NT': 'Azide-A-DSBSO', 'AC': 'XLMOD:02222', 'CL': 'yes', 'TA': 'K,nterm', 'structured': 'NT=Azide-A-DSBSO;AC=XLMOD:02222;CL=yes;TA=K,nterm'}]	size exclusion chromatography (SEC)	0.2–1 mM	not available	30 min	room temperature	L1_20240412_MxR_FDR_fifthbatch_DSSO_C5.raw	NT=ms-proteomics;VV=v1.1.0	NT=crosslinking;VV=v1.0.0	NT=human;VV=v1.1.0
PXD042173_L1_20210811_MxR_FDR_firstbatch_DSSOplate_F1	Homo sapiens	whole cell lysate	not available	58	PXD042173_L1_20210811_MxR_FDR_firstbatch_DSSOplate_F1_assay	proteomic profiling by mass spectrometry	data-dependent acquisition	NT=label free sample;AC=MS:1002038	1	1	not available	NT=Lys-C;AC=MS:1001309	NT=Carbamidomethyl;AC=UNIMOD:4;TA=C;MT=Fixed	NT=Oxidation;AC=UNIMOD:21;TA=M;MT=Variable	not available	not available	NT=[{'NT': 'DSSO', 'AC': 'XLMOD:02126', 'CL': 'yes', 'TA': 'K,S,T,Y', 'structured': 'NT=DSSO;AC=XLMOD:02126;CL=yes;TA=K,S,T,Y'}, {'NT': 'Azide-A-DSBSO', 'AC': 'XLMOD:02222', 'CL': 'yes', 'TA': 'K,nterm', 'structured': 'NT=Azide-A-DSBSO;AC=XLMOD:02222;CL=yes;TA=K,nterm'}]	size exclusion chromatography (SEC)	0.2–1 mM	not available	30 min	room temperature	L1_20210811_MxR_FDR_firstbatch_DSSOplate_F1.raw	NT=ms-proteomics;VV=v1.1.0	NT=crosslinking;VV=v1.0.0	NT=human;VV=v1.1.0
PXD042173_L1_20210727_MxR_FDR_firstbatch_DSSOplate2_B12	Homo sapiens	whole cell lysate	not available	59	PXD042173_L1_20210727_MxR_FDR_firstbatch_DSSOplate2_B12_assay	proteomic profiling by mass spectrometry	data-dependent acquisition	NT=label free sample;AC=MS:1002038	1	1	not available	NT=Lys-C;AC=MS:1001309	NT=Carbamidomethyl;AC=UNIMOD:4;TA=C;MT=Fixed	NT=Oxidation;AC=UNIMOD:21;TA=M;MT=Variable	not available	not available	NT=[{'NT': 'DSSO', 'AC': 'XLMOD:02126', 'CL': 'yes', 'TA': 'K,S,T,Y', 'structured': 'NT=DSSO;AC=XLMOD:02126;CL=yes;TA=K,S,T,Y'}, {'NT': 'Azide-A-DSBSO', 'AC': 'XLMOD:02222', 'CL': 'yes', 'TA': 'K,nterm', 'structured': 'NT=Azide-A-DSBSO;AC=XLMOD:02222;CL=yes;TA=K,nterm'}]	size exclusion chromatography (SEC)	0.2–1 mM	not available	30 min	room temperature	L1_20210727_MxR_FDR_firstbatch_DSSOplate2_B12.raw	NT=ms-proteomics;VV=v1.1.0	NT=crosslinking;VV=v1.0.0	NT=human;VV=v1.1.0
PXD042173_L1_20240412_MxR_FDR_fifthbatch_DSSO_E1_E2	Homo sapiens	whole cell lysate	not available	60	PXD042173_L1_20240412_MxR_FDR_fifthbatch_DSSO_E1_E2_assay	proteomic profiling by mass spectrometry	data-dependent acquisition	NT=label free sample;AC=MS:1002038	1	1	not available	NT=Lys-C;AC=MS:1001309	NT=Carbamidomethyl;AC=UNIMOD:4;TA=C;MT=Fixed	NT=Oxidation;AC=UNIMOD:21;TA=M;MT=Variable	not available	not available	NT=[{'NT': 'DSSO', 'AC': 'XLMOD:02126', 'CL': 'yes', 'TA': 'K,S,T,Y', 'structured': 'NT=DSSO;AC=XLMOD:02126;CL=yes;TA=K,S,T,Y'}, {'NT': 'Azide-A-DSBSO', 'AC': 'XLMOD:02222', 'CL': 'yes', 'TA': 'K,nterm', 'structured': 'NT=Azide-A-DSBSO;AC=XLMOD:02222;CL=yes;TA=K,nterm'}]	size exclusion chromatography (SEC)	0.2–1 mM	not available	30 min	room temperature	L1_20240412_MxR_FDR_fifthbatch_DSSO_E1_E2.raw	NT=ms-proteomics;VV=v1.1.0	NT=crosslinking;VV=v1.0.0	NT=human;VV=v1.1.0
PXD042173_L1_20210811_MxR_FDR_firstbatch_DSSOplate_D11	Homo sapiens	whole cell lysate	not available	61	PXD042173_L1_20210811_MxR_FDR_firstbatch_DSSOplate_D11_assay	proteomic profiling by mass spectrometry	data-dependent acquisition	NT=label free sample;AC=MS:1002038	1	1	not available	NT=Lys-C;AC=MS:1001309	NT=Carbamidomethyl;AC=UNIMOD:4;TA=C;MT=Fixed	NT=Oxidation;AC=UNIMOD:21;TA=M;MT=Variable	not available	not available	NT=[{'NT': 'DSSO', 'AC': 'XLMOD:02126', 'CL': 'yes', 'TA': 'K,S,T,Y', 'structured': 'NT=DSSO;AC=XLMOD:02126;CL=yes;TA=K,S,T,Y'}, {'NT': 'Azide-A-DSBSO', 'AC': 'XLMOD:02222', 'CL': 'yes', 'TA': 'K,nterm', 'structured': 'NT=Azide-A-DSBSO;AC=XLMOD:02222;CL=yes;TA=K,nterm'}]	size exclusion chromatography (SEC)	0.2–1 mM	not available	30 min	room temperature	L1_20210811_MxR_FDR_firstbatch_DSSOplate_D11.raw	NT=ms-proteomics;VV=v1.1.0	NT=crosslinking;VV=v1.0.0	NT=human;VV=v1.1.0
PXD042173_L1_20211004_MxR_secondbatch_DSSOplate_B12	Homo sapiens	whole cell lysate	not available	62	PXD042173_L1_20211004_MxR_secondbatch_DSSOplate_B12_assay	proteomic profiling by mass spectrometry	data-dependent acquisition	NT=label free sample;AC=MS:1002038	1	1	not available	NT=Lys-C;AC=MS:1001309	NT=Carbamidomethyl;AC=UNIMOD:4;TA=C;MT=Fixed	NT=Oxidation;AC=UNIMOD:21;TA=M;MT=Variable	not available	not available	NT=[{'NT': 'DSSO', 'AC': 'XLMOD:02126', 'CL': 'yes', 'TA': 'K,S,T,Y', 'structured': 'NT=DSSO;AC=XLMOD:02126;CL=yes;TA=K,S,T,Y'}, {'NT': 'Azide-A-DSBSO', 'AC': 'XLMOD:02222', 'CL': 'yes', 'TA': 'K,nterm', 'structured': 'NT=Azide-A-DSBSO;AC=XLMOD:02222;CL=yes;TA=K,nterm'}]	size exclusion chromatography (SEC)	0.2–1 mM	not available	30 min	room temperature	L1_20211004_MxR_secondbatch_DSSOplate_B12.raw	NT=ms-proteomics;VV=v1.1.0	NT=crosslinking;VV=v1.0.0	NT=human;VV=v1.1.0
PXD042173_L1_20210806_MxR_FDR_firstbatch_DSSOplate_C11	Homo sapiens	whole cell lysate	not available	63	PXD042173_L1_20210806_MxR_FDR_firstbatch_DSSOplate_C11_assay	proteomic profiling by mass spectrometry	data-dependent acquisition	NT=label free sample;AC=MS:1002038	1	1	not available	NT=Lys-C;AC=MS:1001309	NT=Carbamidomethyl;AC=UNIMOD:4;TA=C;MT=Fixed	NT=Oxidation;AC=UNIMOD:21;TA=M;MT=Variable	not available	not available	NT=[{'NT': 'DSSO', 'AC': 'XLMOD:02126', 'CL': 'yes', 'TA': 'K,S,T,Y', 'structured': 'NT=DSSO;AC=XLMOD:02126;CL=yes;TA=K,S,T,Y'}, {'NT': 'Azide-A-DSBSO', 'AC': 'XLMOD:02222', 'CL': 'yes', 'TA': 'K,nterm', 'structured': 'NT=Azide-A-DSBSO;AC=XLMOD:02222;CL=yes;TA=K,nterm'}]	size exclusion chromatography (SEC)	0.2–1 mM	not available	30 min	room temperature	L1_20210806_MxR_FDR_firstbatch_DSSOplate_C11.raw	NT=ms-proteomics;VV=v1.1.0	NT=crosslinking;VV=v1.0.0	NT=human;VV=v1.1.0
PXD042173_L1_20240412_MxR_FDR_fifthbatch_DSSO_D4	Homo sapiens	whole cell lysate	not available	64	PXD042173_L1_20240412_MxR_FDR_fifthbatch_DSSO_D4_assay	proteomic profiling by mass spectrometry	data-dependent acquisition	NT=label free sample;AC=MS:1002038	1	1	not available	NT=Lys-C;AC=MS:1001309	NT=Carbamidomethyl;AC=UNIMOD:4;TA=C;MT=Fixed	NT=Oxidation;AC=UNIMOD:21;TA=M;MT=Variable	not available	not available	NT=[{'NT': 'DSSO', 'AC': 'XLMOD:02126', 'CL': 'yes', 'TA': 'K,S,T,Y', 'structured': 'NT=DSSO;AC=XLMOD:02126;CL=yes;TA=K,S,T,Y'}, {'NT': 'Azide-A-DSBSO', 'AC': 'XLMOD:02222', 'CL': 'yes', 'TA': 'K,nterm', 'structured': 'NT=Azide-A-DSBSO;AC=XLMOD:02222;CL=yes;TA=K,nterm'}]	size exclusion chromatography (SEC)	0.2–1 mM	not available	30 min	room temperature	L1_20240412_MxR_FDR_fifthbatch_DSSO_D4.raw	NT=ms-proteomics;VV=v1.1.0	NT=crosslinking;VV=v1.0.0	NT=human;VV=v1.1.0
PXD042173_L1_20210811_MxR_FDR_firstbatch_DSSOplate_E8	Homo sapiens	whole cell lysate	not available	65	PXD042173_L1_20210811_MxR_FDR_firstbatch_DSSOplate_E8_assay	proteomic profiling by mass spectrometry	data-dependent acquisition	NT=label free sample;AC=MS:1002038	1	1	not available	NT=Lys-C;AC=MS:1001309	NT=Carbamidomethyl;AC=UNIMOD:4;TA=C;MT=Fixed	NT=Oxidation;AC=UNIMOD:21;TA=M;MT=Variable	not available	not available	NT=[{'NT': 'DSSO', 'AC': 'XLMOD:02126', 'CL': 'yes', 'TA': 'K,S,T,Y', 'structured': 'NT=DSSO;AC=XLMOD:02126;CL=yes;TA=K,S,T,Y'}, {'NT': 'Azide-A-DSBSO', 'AC': 'XLMOD:02222', 'CL': 'yes', 'TA': 'K,nterm', 'structured': 'NT=Azide-A-DSBSO;AC=XLMOD:02222;CL=yes;TA=K,nterm'}]	size exclusion chromatography (SEC)	0.2–1 mM	not available	30 min	room temperature	L1_20210811_MxR_FDR_firstbatch_DSSOplate_E8.raw	NT=ms-proteomics;VV=v1.1.0	NT=crosslinking;VV=v1.0.0	NT=human;VV=v1.1.0
PXD042173_L1_20211004_MxR_secondbatch_DSSOplate_C1	Homo sapiens	whole cell lysate	not available	66	PXD042173_L1_20211004_MxR_secondbatch_DSSOplate_C1_assay	proteomic profiling by mass spectrometry	data-dependent acquisition	NT=label free sample;AC=MS:1002038	1	1	not available	NT=Lys-C;AC=MS:1001309	NT=Carbamidomethyl;AC=UNIMOD:4;TA=C;MT=Fixed	NT=Oxidation;AC=UNIMOD:21;TA=M;MT=Variable	not available	not available	NT=[{'NT': 'DSSO', 'AC': 'XLMOD:02126', 'CL': 'yes', 'TA': 'K,S,T,Y', 'structured': 'NT=DSSO;AC=XLMOD:02126;CL=yes;TA=K,S,T,Y'}, {'NT': 'Azide-A-DSBSO', 'AC': 'XLMOD:02222', 'CL': 'yes', 'TA': 'K,nterm', 'structured': 'NT=Azide-A-DSBSO;AC=XLMOD:02222;CL=yes;TA=K,nterm'}]	size exclusion chromatography (SEC)	0.2–1 mM	not available	30 min	room temperature	L1_20211004_MxR_secondbatch_DSSOplate_C1.raw	NT=ms-proteomics;VV=v1.1.0	NT=crosslinking;VV=v1.0.0	NT=human;VV=v1.1.0
PXD042173_L1_20210811_MxR_FDR_firstbatch_DSSOplate_E7	Homo sapiens	whole cell lysate	not available	67	PXD042173_L1_20210811_MxR_FDR_firstbatch_DSSOplate_E7_assay	proteomic profiling by mass spectrometry	data-dependent acquisition	NT=label free sample;AC=MS:1002038	1	1	not available	NT=Lys-C;AC=MS:1001309	NT=Carbamidomethyl;AC=UNIMOD:4;TA=C;MT=Fixed	NT=Oxidation;AC=UNIMOD:21;TA=M;MT=Variable	not available	not available	NT=[{'NT': 'DSSO', 'AC': 'XLMOD:02126', 'CL': 'yes', 'TA': 'K,S,T,Y', 'structured': 'NT=DSSO;AC=XLMOD:02126;CL=yes;TA=K,S,T,Y'}, {'NT': 'Azide-A-DSBSO', 'AC': 'XLMOD:02222', 'CL': 'yes', 'TA': 'K,nterm', 'structured': 'NT=Azide-A-DSBSO;AC=XLMOD:02222;CL=yes;TA=K,nterm'}]	size exclusion chromatography (SEC)	0.2–1 mM	not available	30 min	room temperature	L1_20210811_MxR_FDR_firstbatch_DSSOplate_E7.raw	NT=ms-proteomics;VV=v1.1.0	NT=crosslinking;VV=v1.0.0	NT=human;VV=v1.1.0
PXD042173_L1_20240412_MxR_FDR_fifthbatch_DSSO_C10	Homo sapiens	whole cell lysate	not available	68	PXD042173_L1_20240412_MxR_FDR_fifthbatch_DSSO_C10_assay	proteomic profiling by mass spectrometry	data-dependent acquisition	NT=label free sample;AC=MS:1002038	1	1	not available	NT=Lys-C;AC=MS:1001309	NT=Carbamidomethyl;AC=UNIMOD:4;TA=C;MT=Fixed	NT=Oxidation;AC=UNIMOD:21;TA=M;MT=Variable	not available	not available	NT=[{'NT': 'DSSO', 'AC': 'XLMOD:02126', 'CL': 'yes', 'TA': 'K,S,T,Y', 'structured': 'NT=DSSO;AC=XLMOD:02126;CL=yes;TA=K,S,T,Y'}, {'NT': 'Azide-A-DSBSO', 'AC': 'XLMOD:02222', 'CL': 'yes', 'TA': 'K,nterm', 'structured': 'NT=Azide-A-DSBSO;AC=XLMOD:02222;CL=yes;TA=K,nterm'}]	size exclusion chromatography (SEC)	0.2–1 mM	not available	30 min	room temperature	L1_20240412_MxR_FDR_fifthbatch_DSSO_C10.raw	NT=ms-proteomics;VV=v1.1.0	NT=crosslinking;VV=v1.0.0	NT=human;VV=v1.1.0
PXD042173_L1_20210811_MxR_FDR_firstbatch_DSSOplate_F3	Homo sapiens	whole cell lysate	not available	2	PXD042173_L1_20210811_MxR_FDR_firstbatch_DSSOplate_F3_assay	proteomic profiling by mass spectrometry	data-dependent acquisition	NT=label free sample;AC=MS:1002038	3	1	not available	NT=Lys-C;AC=MS:1001309	NT=Carbamidomethyl;AC=UNIMOD:4;TA=C;MT=Fixed	NT=Oxidation;AC=UNIMOD:21;TA=M;MT=Variable	not available	not available	NT=[{'NT': 'DSSO', 'AC': 'XLMOD:02126', 'CL': 'yes', 'TA': 'K,S,T,Y', 'structured': 'NT=DSSO;AC=XLMOD:02126;CL=yes;TA=K,S,T,Y'}, {'NT': 'Azide-A-DSBSO', 'AC': 'XLMOD:02222', 'CL': 'yes', 'TA': 'K,nterm', 'structured': 'NT=Azide-A-DSBSO;AC=XLMOD:02222;CL=yes;TA=K,nterm'}]	size exclusion chromatography (SEC)	0.2–1 mM	not available	30 min	room temperature	L1_20210811_MxR_FDR_firstbatch_DSSOplate_F3.raw	NT=ms-proteomics;VV=v1.1.0	NT=crosslinking;VV=v1.0.0	NT=human;VV=v1.1.0
PXD042173_L1_20210806_MxR_FDR_firstbatch_DSSOplate_D5	Homo sapiens	whole cell lysate	not available	69	PXD042173_L1_20210806_MxR_FDR_firstbatch_DSSOplate_D5_assay	proteomic profiling by mass spectrometry	data-dependent acquisition	NT=label free sample;AC=MS:1002038	1	1	not available	NT=Lys-C;AC=MS:1001309	NT=Carbamidomethyl;AC=UNIMOD:4;TA=C;MT=Fixed	NT=Oxidation;AC=UNIMOD:21;TA=M;MT=Variable	not available	not available	NT=[{'NT': 'DSSO', 'AC': 'XLMOD:02126', 'CL': 'yes', 'TA': 'K,S,T,Y', 'structured': 'NT=DSSO;AC=XLMOD:02126;CL=yes;TA=K,S,T,Y'}, {'NT': 'Azide-A-DSBSO', 'AC': 'XLMOD:02222', 'CL': 'yes', 'TA': 'K,nterm', 'structured': 'NT=Azide-A-DSBSO;AC=XLMOD:02222;CL=yes;TA=K,nterm'}]	size exclusion chromatography (SEC)	0.2–1 mM	not available	30 min	room temperature	L1_20210806_MxR_FDR_firstbatch_DSSOplate_D5.raw	NT=ms-proteomics;VV=v1.1.0	NT=crosslinking;VV=v1.0.0	NT=human;VV=v1.1.0
PXD042173_L1_20240412_MxR_FDR_fifthbatch_DSSO_E9_E10	Homo sapiens	whole cell lysate	not available	70	PXD042173_L1_20240412_MxR_FDR_fifthbatch_DSSO_E9_E10_assay	proteomic profiling by mass spectrometry	data-dependent acquisition	NT=label free sample;AC=MS:1002038	1	1	not available	NT=Lys-C;AC=MS:1001309	NT=Carbamidomethyl;AC=UNIMOD:4;TA=C;MT=Fixed	NT=Oxidation;AC=UNIMOD:21;TA=M;MT=Variable	not available	not available	NT=[{'NT': 'DSSO', 'AC': 'XLMOD:02126', 'CL': 'yes', 'TA': 'K,S,T,Y', 'structured': 'NT=DSSO;AC=XLMOD:02126;CL=yes;TA=K,S,T,Y'}, {'NT': 'Azide-A-DSBSO', 'AC': 'XLMOD:02222', 'CL': 'yes', 'TA': 'K,nterm', 'structured': 'NT=Azide-A-DSBSO;AC=XLMOD:02222;CL=yes;TA=K,nterm'}]	size exclusion chromatography (SEC)	0.2–1 mM	not available	30 min	room temperature	L1_20240412_MxR_FDR_fifthbatch_DSSO_E9_E10.raw	NT=ms-proteomics;VV=v1.1.0	NT=crosslinking;VV=v1.0.0	NT=human;VV=v1.1.0
PXD042173_L1_20211004_MxR_secondbatch_DSSOplate_B1_B2	Homo sapiens	whole cell lysate	not available	71	PXD042173_L1_20211004_MxR_secondbatch_DSSOplate_B1_B2_assay	proteomic profiling by mass spectrometry	data-dependent acquisition	NT=label free sample;AC=MS:1002038	1	1	not available	NT=Lys-C;AC=MS:1001309	NT=Carbamidomethyl;AC=UNIMOD:4;TA=C;MT=Fixed	NT=Oxidation;AC=UNIMOD:21;TA=M;MT=Variable	not available	not available	NT=[{'NT': 'DSSO', 'AC': 'XLMOD:02126', 'CL': 'yes', 'TA': 'K,S,T,Y', 'structured': 'NT=DSSO;AC=XLMOD:02126;CL=yes;TA=K,S,T,Y'}, {'NT': 'Azide-A-DSBSO', 'AC': 'XLMOD:02222', 'CL': 'yes', 'TA': 'K,nterm', 'structured': 'NT=Azide-A-DSBSO;AC=XLMOD:02222;CL=yes;TA=K,nterm'}]	size exclusion chromatography (SEC)	0.2–1 mM	not available	30 min	room temperature	L1_20211004_MxR_secondbatch_DSSOplate_B1_B2.raw	NT=ms-proteomics;VV=v1.1.0	NT=crosslinking;VV=v1.0.0	NT=human;VV=v1.1.0
PXD042173_L1_20210811_MxR_FDR_firstbatch_DSSOplate_E9	Homo sapiens	whole cell lysate	not available	72	PXD042173_L1_20210811_MxR_FDR_firstbatch_DSSOplate_E9_assay	proteomic profiling by mass spectrometry	data-dependent acquisition	NT=label free sample;AC=MS:1002038	1	1	not available	NT=Lys-C;AC=MS:1001309	NT=Carbamidomethyl;AC=UNIMOD:4;TA=C;MT=Fixed	NT=Oxidation;AC=UNIMOD:21;TA=M;MT=Variable	not available	not available	NT=[{'NT': 'DSSO', 'AC': 'XLMOD:02126', 'CL': 'yes', 'TA': 'K,S,T,Y', 'structured': 'NT=DSSO;AC=XLMOD:02126;CL=yes;TA=K,S,T,Y'}, {'NT': 'Azide-A-DSBSO', 'AC': 'XLMOD:02222', 'CL': 'yes', 'TA': 'K,nterm', 'structured': 'NT=Azide-A-DSBSO;AC=XLMOD:02222;CL=yes;TA=K,nterm'}]	size exclusion chromatography (SEC)	0.2–1 mM	not available	30 min	room temperature	L1_20210811_MxR_FDR_firstbatch_DSSOplate_E9.raw	NT=ms-proteomics;VV=v1.1.0	NT=crosslinking;VV=v1.0.0	NT=human;VV=v1.1.0
PXD042173_L1_20211004_MxR_secondbatch_DSSOplate_C11_C12	Homo sapiens	whole cell lysate	not available	73	PXD042173_L1_20211004_MxR_secondbatch_DSSOplate_C11_C12_assay	proteomic profiling by mass spectrometry	data-dependent acquisition	NT=label free sample;AC=MS:1002038	1	1	not available	NT=Lys-C;AC=MS:1001309	NT=Carbamidomethyl;AC=UNIMOD:4;TA=C;MT=Fixed	NT=Oxidation;AC=UNIMOD:21;TA=M;MT=Variable	not available	not available	NT=[{'NT': 'DSSO', 'AC': 'XLMOD:02126', 'CL': 'yes', 'TA': 'K,S,T,Y', 'structured': 'NT=DSSO;AC=XLMOD:02126;CL=yes;TA=K,S,T,Y'}, {'NT': 'Azide-A-DSBSO', 'AC': 'XLMOD:02222', 'CL': 'yes', 'TA': 'K,nterm', 'structured': 'NT=Azide-A-DSBSO;AC=XLMOD:02222;CL=yes;TA=K,nterm'}]	size exclusion chromatography (SEC)	0.2–1 mM	not available	30 min	room temperature	L1_20211004_MxR_secondbatch_DSSOplate_C11_C12.raw	NT=ms-proteomics;VV=v1.1.0	NT=crosslinking;VV=v1.0.0	NT=human;VV=v1.1.0
PXD042173_L1_20211004_MxR_secondbatch_DSSOplate_C4_212733	Homo sapiens	whole cell lysate	not available	74	PXD042173_L1_20211004_MxR_secondbatch_DSSOplate_C4_212733_assay	proteomic profiling by mass spectrometry	data-dependent acquisition	NT=label free sample;AC=MS:1002038	1	1	not available	NT=Lys-C;AC=MS:1001309	NT=Carbamidomethyl;AC=UNIMOD:4;TA=C;MT=Fixed	NT=Oxidation;AC=UNIMOD:21;TA=M;MT=Variable	not available	not available	NT=[{'NT': 'DSSO', 'AC': 'XLMOD:02126', 'CL': 'yes', 'TA': 'K,S,T,Y', 'structured': 'NT=DSSO;AC=XLMOD:02126;CL=yes;TA=K,S,T,Y'}, {'NT': 'Azide-A-DSBSO', 'AC': 'XLMOD:02222', 'CL': 'yes', 'TA': 'K,nterm', 'structured': 'NT=Azide-A-DSBSO;AC=XLMOD:02222;CL=yes;TA=K,nterm'}]	size exclusion chromatography (SEC)	0.2–1 mM	not available	30 min	room temperature	L1_20211004_MxR_secondbatch_DSSOplate_C4_212733.raw	NT=ms-proteomics;VV=v1.1.0	NT=crosslinking;VV=v1.0.0	NT=human;VV=v1.1.0
PXD042173_L1_20240412_MxR_FDR_fifthbatch_DSSO_G9_G10	Homo sapiens	whole cell lysate	not available	75	PXD042173_L1_20240412_MxR_FDR_fifthbatch_DSSO_G9_G10_assay	proteomic profiling by mass spectrometry	data-dependent acquisition	NT=label free sample;AC=MS:1002038	1	1	not available	NT=Lys-C;AC=MS:1001309	NT=Carbamidomethyl;AC=UNIMOD:4;TA=C;MT=Fixed	NT=Oxidation;AC=UNIMOD:21;TA=M;MT=Variable	not available	not available	NT=[{'NT': 'DSSO', 'AC': 'XLMOD:02126', 'CL': 'yes', 'TA': 'K,S,T,Y', 'structured': 'NT=DSSO;AC=XLMOD:02126;CL=yes;TA=K,S,T,Y'}, {'NT': 'Azide-A-DSBSO', 'AC': 'XLMOD:02222', 'CL': 'yes', 'TA': 'K,nterm', 'structured': 'NT=Azide-A-DSBSO;AC=XLMOD:02222;CL=yes;TA=K,nterm'}]	size exclusion chromatography (SEC)	0.2–1 mM	not available	30 min	room temperature	L1_20240412_MxR_FDR_fifthbatch_DSSO_G9_G10.raw	NT=ms-proteomics;VV=v1.1.0	NT=crosslinking;VV=v1.0.0	NT=human;VV=v1.1.0
PXD042173_L1_20210811_MxR_FDR_firstbatch_DSSOplate_E4	Homo sapiens	whole cell lysate	not available	76	PXD042173_L1_20210811_MxR_FDR_firstbatch_DSSOplate_E4_assay	proteomic profiling by mass spectrometry	data-dependent acquisition	NT=label free sample;AC=MS:1002038	1	1	not available	NT=Lys-C;AC=MS:1001309	NT=Carbamidomethyl;AC=UNIMOD:4;TA=C;MT=Fixed	NT=Oxidation;AC=UNIMOD:21;TA=M;MT=Variable	not available	not available	NT=[{'NT': 'DSSO', 'AC': 'XLMOD:02126', 'CL': 'yes', 'TA': 'K,S,T,Y', 'structured': 'NT=DSSO;AC=XLMOD:02126;CL=yes;TA=K,S,T,Y'}, {'NT': 'Azide-A-DSBSO', 'AC': 'XLMOD:02222', 'CL': 'yes', 'TA': 'K,nterm', 'structured': 'NT=Azide-A-DSBSO;AC=XLMOD:02222;CL=yes;TA=K,nterm'}]	size exclusion chromatography (SEC)	0.2–1 mM	not available	30 min	room temperature	L1_20210811_MxR_FDR_firstbatch_DSSOplate_E4.raw	NT=ms-proteomics;VV=v1.1.0	NT=crosslinking;VV=v1.0.0	NT=human;VV=v1.1.0
PXD042173_L1_20210811_MxR_FDR_firstbatch_DSSOplate_E2	Homo sapiens	whole cell lysate	not available	77	PXD042173_L1_20210811_MxR_FDR_firstbatch_DSSOplate_E2_assay	proteomic profiling by mass spectrometry	data-dependent acquisition	NT=label free sample;AC=MS:1002038	1	1	not available	NT=Lys-C;AC=MS:1001309	NT=Carbamidomethyl;AC=UNIMOD:4;TA=C;MT=Fixed	NT=Oxidation;AC=UNIMOD:21;TA=M;MT=Variable	not available	not available	NT=[{'NT': 'DSSO', 'AC': 'XLMOD:02126', 'CL': 'yes', 'TA': 'K,S,T,Y', 'structured': 'NT=DSSO;AC=XLMOD:02126;CL=yes;TA=K,S,T,Y'}, {'NT': 'Azide-A-DSBSO', 'AC': 'XLMOD:02222', 'CL': 'yes', 'TA': 'K,nterm', 'structured': 'NT=Azide-A-DSBSO;AC=XLMOD:02222;CL=yes;TA=K,nterm'}]	size exclusion chromatography (SEC)	0.2–1 mM	not available	30 min	room temperature	L1_20210811_MxR_FDR_firstbatch_DSSOplate_E2.raw	NT=ms-proteomics;VV=v1.1.0	NT=crosslinking;VV=v1.0.0	NT=human;VV=v1.1.0
PXD042173_L1_20210806_MxR_FDR_firstbatch_DSSOplate_D3	Homo sapiens	whole cell lysate	not available	78	PXD042173_L1_20210806_MxR_FDR_firstbatch_DSSOplate_D3_assay	proteomic profiling by mass spectrometry	data-dependent acquisition	NT=label free sample;AC=MS:1002038	1	1	not available	NT=Lys-C;AC=MS:1001309	NT=Carbamidomethyl;AC=UNIMOD:4;TA=C;MT=Fixed	NT=Oxidation;AC=UNIMOD:21;TA=M;MT=Variable	not available	not available	NT=[{'NT': 'DSSO', 'AC': 'XLMOD:02126', 'CL': 'yes', 'TA': 'K,S,T,Y', 'structured': 'NT=DSSO;AC=XLMOD:02126;CL=yes;TA=K,S,T,Y'}, {'NT': 'Azide-A-DSBSO', 'AC': 'XLMOD:02222', 'CL': 'yes', 'TA': 'K,nterm', 'structured': 'NT=Azide-A-DSBSO;AC=XLMOD:02222;CL=yes;TA=K,nterm'}]	size exclusion chromatography (SEC)	0.2–1 mM	not available	30 min	room temperature	L1_20210806_MxR_FDR_firstbatch_DSSOplate_D3.raw	NT=ms-proteomics;VV=v1.1.0	NT=crosslinking;VV=v1.0.0	NT=human;VV=v1.1.0
PXD042173_L1_20210811_MxR_FDR_firstbatch_DSSOplate_D9_remeasure	Homo sapiens	whole cell lysate	not available	79	PXD042173_L1_20210811_MxR_FDR_firstbatch_DSSOplate_D9_remeasure_assay	proteomic profiling by mass spectrometry	data-dependent acquisition	NT=label free sample;AC=MS:1002038	1	1	not available	NT=Lys-C;AC=MS:1001309	NT=Carbamidomethyl;AC=UNIMOD:4;TA=C;MT=Fixed	NT=Oxidation;AC=UNIMOD:21;TA=M;MT=Variable	not available	not available	NT=[{'NT': 'DSSO', 'AC': 'XLMOD:02126', 'CL': 'yes', 'TA': 'K,S,T,Y', 'structured': 'NT=DSSO;AC=XLMOD:02126;CL=yes;TA=K,S,T,Y'}, {'NT': 'Azide-A-DSBSO', 'AC': 'XLMOD:02222', 'CL': 'yes', 'TA': 'K,nterm', 'structured': 'NT=Azide-A-DSBSO;AC=XLMOD:02222;CL=yes;TA=K,nterm'}]	size exclusion chromatography (SEC)	0.2–1 mM	not available	30 min	room temperature	L1_20210811_MxR_FDR_firstbatch_DSSOplate_D9_remeasure.raw	NT=ms-proteomics;VV=v1.1.0	NT=crosslinking;VV=v1.0.0	NT=human;VV=v1.1.0
PXD042173_L1_20211004_MxR_secondbatch_DSSOplate_B9	Escherichia coli	whole cell lysate	not available	80	PXD042173_L1_20211004_MxR_secondbatch_DSSOplate_B9_assay	proteomic profiling by mass spectrometry	data-dependent acquisition	NT=label free sample;AC=MS:1002038	1	1	not available	NT=Lys-C;AC=MS:1001309	NT=Carbamidomethyl;AC=UNIMOD:4;TA=C;MT=Fixed	NT=Oxidation;AC=UNIMOD:21;TA=M;MT=Variable	not available	not available	NT=[{'NT': 'DSSO', 'AC': 'XLMOD:02126', 'CL': 'yes', 'TA': 'K,S,T,Y', 'structured': 'NT=DSSO;AC=XLMOD:02126;CL=yes;TA=K,S,T,Y'}, {'NT': 'Azide-A-DSBSO', 'AC': 'XLMOD:02222', 'CL': 'yes', 'TA': 'K,nterm', 'structured': 'NT=Azide-A-DSBSO;AC=XLMOD:02222;CL=yes;TA=K,nterm'}]	size exclusion chromatography (SEC)	0.2–1 mM	not available	30 min	room temperature	L1_20211004_MxR_secondbatch_DSSOplate_B9.raw	NT=ms-proteomics;VV=v1.1.0	NT=crosslinking;VV=v1.0.0	NT=human;VV=v1.1.0
PXD042173_L1_20240412_MxR_FDR_fifthbatch_DSSO_E5_E6	Homo sapiens	whole cell lysate	not available	81	PXD042173_L1_20240412_MxR_FDR_fifthbatch_DSSO_E5_E6_assay	proteomic profiling by mass spectrometry	data-dependent acquisition	NT=label free sample;AC=MS:1002038	1	1	not available	NT=Lys-C;AC=MS:1001309	NT=Carbamidomethyl;AC=UNIMOD:4;TA=C;MT=Fixed	NT=Oxidation;AC=UNIMOD:21;TA=M;MT=Variable	not available	not available	NT=[{'NT': 'DSSO', 'AC': 'XLMOD:02126', 'CL': 'yes', 'TA': 'K,S,T,Y', 'structured': 'NT=DSSO;AC=XLMOD:02126;CL=yes;TA=K,S,T,Y'}, {'NT': 'Azide-A-DSBSO', 'AC': 'XLMOD:02222', 'CL': 'yes', 'TA': 'K,nterm', 'structured': 'NT=Azide-A-DSBSO;AC=XLMOD:02222;CL=yes;TA=K,nterm'}]	size exclusion chromatography (SEC)	0.2–1 mM	not available	30 min	room temperature	L1_20240412_MxR_FDR_fifthbatch_DSSO_E5_E6.raw	NT=ms-proteomics;VV=v1.1.0	NT=crosslinking;VV=v1.0.0	NT=human;VV=v1.1.0
PXD042173_L1_20211004_MxR_secondbatch_DSSOplate_D11_D12	Homo sapiens	whole cell lysate	not available	82	PXD042173_L1_20211004_MxR_secondbatch_DSSOplate_D11_D12_assay	proteomic profiling by mass spectrometry	data-dependent acquisition	NT=label free sample;AC=MS:1002038	1	1	not available	NT=Lys-C;AC=MS:1001309	NT=Carbamidomethyl;AC=UNIMOD:4;TA=C;MT=Fixed	NT=Oxidation;AC=UNIMOD:21;TA=M;MT=Variable	not available	not available	NT=[{'NT': 'DSSO', 'AC': 'XLMOD:02126', 'CL': 'yes', 'TA': 'K,S,T,Y', 'structured': 'NT=DSSO;AC=XLMOD:02126;CL=yes;TA=K,S,T,Y'}, {'NT': 'Azide-A-DSBSO', 'AC': 'XLMOD:02222', 'CL': 'yes', 'TA': 'K,nterm', 'structured': 'NT=Azide-A-DSBSO;AC=XLMOD:02222;CL=yes;TA=K,nterm'}]	size exclusion chromatography (SEC)	0.2–1 mM	not available	30 min	room temperature	L1_20211004_MxR_secondbatch_DSSOplate_D11_D12.raw	NT=ms-proteomics;VV=v1.1.0	NT=crosslinking;VV=v1.0.0	NT=human;VV=v1.1.0
PXD042173_L1_20211004_MxR_secondbatch_DSSOplate_C5_212733	Homo sapiens	whole cell lysate	not available	83	PXD042173_L1_20211004_MxR_secondbatch_DSSOplate_C5_212733_assay	proteomic profiling by mass spectrometry	data-dependent acquisition	NT=label free sample;AC=MS:1002038	1	1	not available	NT=Lys-C;AC=MS:1001309	NT=Carbamidomethyl;AC=UNIMOD:4;TA=C;MT=Fixed	NT=Oxidation;AC=UNIMOD:21;TA=M;MT=Variable	not available	not available	NT=[{'NT': 'DSSO', 'AC': 'XLMOD:02126', 'CL': 'yes', 'TA': 'K,S,T,Y', 'structured': 'NT=DSSO;AC=XLMOD:02126;CL=yes;TA=K,S,T,Y'}, {'NT': 'Azide-A-DSBSO', 'AC': 'XLMOD:02222', 'CL': 'yes', 'TA': 'K,nterm', 'structured': 'NT=Azide-A-DSBSO;AC=XLMOD:02222;CL=yes;TA=K,nterm'}]	size exclusion chromatography (SEC)	0.2–1 mM	not available	30 min	room temperature	L1_20211004_MxR_secondbatch_DSSOplate_C5_212733.raw	NT=ms-proteomics;VV=v1.1.0	NT=crosslinking;VV=v1.0.0	NT=human;VV=v1.1.0
PXD042173_L1_20240412_MxR_FDR_fifthbatch_DSSO_D2	Homo sapiens	whole cell lysate	not available	84	PXD042173_L1_20240412_MxR_FDR_fifthbatch_DSSO_D2_assay	proteomic profiling by mass spectrometry	data-dependent acquisition	NT=label free sample;AC=MS:1002038	1	1	not available	NT=Lys-C;AC=MS:1001309	NT=Carbamidomethyl;AC=UNIMOD:4;TA=C;MT=Fixed	NT=Oxidation;AC=UNIMOD:21;TA=M;MT=Variable	not available	not available	NT=[{'NT': 'DSSO', 'AC': 'XLMOD:02126', 'CL': 'yes', 'TA': 'K,S,T,Y', 'structured': 'NT=DSSO;AC=XLMOD:02126;CL=yes;TA=K,S,T,Y'}, {'NT': 'Azide-A-DSBSO', 'AC': 'XLMOD:02222', 'CL': 'yes', 'TA': 'K,nterm', 'structured': 'NT=Azide-A-DSBSO;AC=XLMOD:02222;CL=yes;TA=K,nterm'}]	size exclusion chromatography (SEC)	0.2–1 mM	not available	30 min	room temperature	L1_20240412_MxR_FDR_fifthbatch_DSSO_D2.raw	NT=ms-proteomics;VV=v1.1.0	NT=crosslinking;VV=v1.0.0	NT=human;VV=v1.1.0
PXD042173_L1_20210806_MxR_FDR_firstbatch_DSSOplate_D2	Homo sapiens	whole cell lysate	not available	85	PXD042173_L1_20210806_MxR_FDR_firstbatch_DSSOplate_D2_assay	proteomic profiling by mass spectrometry	data-dependent acquisition	NT=label free sample;AC=MS:1002038	1	1	not available	NT=Lys-C;AC=MS:1001309	NT=Carbamidomethyl;AC=UNIMOD:4;TA=C;MT=Fixed	NT=Oxidation;AC=UNIMOD:21;TA=M;MT=Variable	not available	not available	NT=[{'NT': 'DSSO', 'AC': 'XLMOD:02126', 'CL': 'yes', 'TA': 'K,S,T,Y', 'structured': 'NT=DSSO;AC=XLMOD:02126;CL=yes;TA=K,S,T,Y'}, {'NT': 'Azide-A-DSBSO', 'AC': 'XLMOD:02222', 'CL': 'yes', 'TA': 'K,nterm', 'structured': 'NT=Azide-A-DSBSO;AC=XLMOD:02222;CL=yes;TA=K,nterm'}]	size exclusion chromatography (SEC)	0.2–1 mM	not available	30 min	room temperature	L1_20210806_MxR_FDR_firstbatch_DSSOplate_D2.raw	NT=ms-proteomics;VV=v1.1.0	NT=crosslinking;VV=v1.0.0	NT=human;VV=v1.1.0
PXD042173_L1_20211004_MxR_secondbatch_DSSOplate_D3_D4	Homo sapiens	whole cell lysate	not available	86	PXD042173_L1_20211004_MxR_secondbatch_DSSOplate_D3_D4_assay	proteomic profiling by mass spectrometry	data-dependent acquisition	NT=label free sample;AC=MS:1002038	1	1	not available	NT=Lys-C;AC=MS:1001309	NT=Carbamidomethyl;AC=UNIMOD:4;TA=C;MT=Fixed	NT=Oxidation;AC=UNIMOD:21;TA=M;MT=Variable	not available	not available	NT=[{'NT': 'DSSO', 'AC': 'XLMOD:02126', 'CL': 'yes', 'TA': 'K,S,T,Y', 'structured': 'NT=DSSO;AC=XLMOD:02126;CL=yes;TA=K,S,T,Y'}, {'NT': 'Azide-A-DSBSO', 'AC': 'XLMOD:02222', 'CL': 'yes', 'TA': 'K,nterm', 'structured': 'NT=Azide-A-DSBSO;AC=XLMOD:02222;CL=yes;TA=K,nterm'}]	size exclusion chromatography (SEC)	0.2–1 mM	not available	30 min	room temperature	L1_20211004_MxR_secondbatch_DSSOplate_D3_D4.raw	NT=ms-proteomics;VV=v1.1.0	NT=crosslinking;VV=v1.0.0	NT=human;VV=v1.1.0
PXD042173_L1_20211004_MxR_secondbatch_DSSOplate_B7_B8	Homo sapiens	whole cell lysate	not available	87	PXD042173_L1_20211004_MxR_secondbatch_DSSOplate_B7_B8_assay	proteomic profiling by mass spectrometry	data-dependent acquisition	NT=label free sample;AC=MS:1002038	1	1	not available	NT=Lys-C;AC=MS:1001309	NT=Carbamidomethyl;AC=UNIMOD:4;TA=C;MT=Fixed	NT=Oxidation;AC=UNIMOD:21;TA=M;MT=Variable	not available	not available	NT=[{'NT': 'DSSO', 'AC': 'XLMOD:02126', 'CL': 'yes', 'TA': 'K,S,T,Y', 'structured': 'NT=DSSO;AC=XLMOD:02126;CL=yes;TA=K,S,T,Y'}, {'NT': 'Azide-A-DSBSO', 'AC': 'XLMOD:02222', 'CL': 'yes', 'TA': 'K,nterm', 'structured': 'NT=Azide-A-DSBSO;AC=XLMOD:02222;CL=yes;TA=K,nterm'}]	size exclusion chromatography (SEC)	0.2–1 mM	not available	30 min	room temperature	L1_20211004_MxR_secondbatch_DSSOplate_B7_B8.raw	NT=ms-proteomics;VV=v1.1.0	NT=crosslinking;VV=v1.0.0	NT=human;VV=v1.1.0
PXD042173_L1_20210806_MxR_FDR_firstbatch_DSSOplate_C6	Homo sapiens	whole cell lysate	not available	88	PXD042173_L1_20210806_MxR_FDR_firstbatch_DSSOplate_C6_assay	proteomic profiling by mass spectrometry	data-dependent acquisition	NT=label free sample;AC=MS:1002038	1	1	not available	NT=Lys-C;AC=MS:1001309	NT=Carbamidomethyl;AC=UNIMOD:4;TA=C;MT=Fixed	NT=Oxidation;AC=UNIMOD:21;TA=M;MT=Variable	not available	not available	NT=[{'NT': 'DSSO', 'AC': 'XLMOD:02126', 'CL': 'yes', 'TA': 'K,S,T,Y', 'structured': 'NT=DSSO;AC=XLMOD:02126;CL=yes;TA=K,S,T,Y'}, {'NT': 'Azide-A-DSBSO', 'AC': 'XLMOD:02222', 'CL': 'yes', 'TA': 'K,nterm', 'structured': 'NT=Azide-A-DSBSO;AC=XLMOD:02222;CL=yes;TA=K,nterm'}]	size exclusion chromatography (SEC)	0.2–1 mM	not available	30 min	room temperature	L1_20210806_MxR_FDR_firstbatch_DSSOplate_C6.raw	NT=ms-proteomics;VV=v1.1.0	NT=crosslinking;VV=v1.0.0	NT=human;VV=v1.1.0
PXD042173_L1_20211004_MxR_secondbatch_DSSOplate_C9_C10	Homo sapiens	whole cell lysate	not available	89	PXD042173_L1_20211004_MxR_secondbatch_DSSOplate_C9_C10_assay	proteomic profiling by mass spectrometry	data-dependent acquisition	NT=label free sample;AC=MS:1002038	1	1	not available	NT=Lys-C;AC=MS:1001309	NT=Carbamidomethyl;AC=UNIMOD:4;TA=C;MT=Fixed	NT=Oxidation;AC=UNIMOD:21;TA=M;MT=Variable	not available	not available	NT=[{'NT': 'DSSO', 'AC': 'XLMOD:02126', 'CL': 'yes', 'TA': 'K,S,T,Y', 'structured': 'NT=DSSO;AC=XLMOD:02126;CL=yes;TA=K,S,T,Y'}, {'NT': 'Azide-A-DSBSO', 'AC': 'XLMOD:02222', 'CL': 'yes', 'TA': 'K,nterm', 'structured': 'NT=Azide-A-DSBSO;AC=XLMOD:02222;CL=yes;TA=K,nterm'}]	size exclusion chromatography (SEC)	0.2–1 mM	not available	30 min	room temperature	L1_20211004_MxR_secondbatch_DSSOplate_C9_C10.raw	NT=ms-proteomics;VV=v1.1.0	NT=crosslinking;VV=v1.0.0	NT=human;VV=v1.1.0
PXD042173_L1_20240412_MxR_FDR_fifthbatch_DSSO_F3_F4	Homo sapiens	whole cell lysate	not available	3	PXD042173_L1_20240412_MxR_FDR_fifthbatch_DSSO_F3_F4_assay	proteomic profiling by mass spectrometry	data-dependent acquisition	NT=label free sample;AC=MS:1002038	3	1	not available	NT=Lys-C;AC=MS:1001309	NT=Carbamidomethyl;AC=UNIMOD:4;TA=C;MT=Fixed	NT=Oxidation;AC=UNIMOD:21;TA=M;MT=Variable	not available	not available	NT=[{'NT': 'DSSO', 'AC': 'XLMOD:02126', 'CL': 'yes', 'TA': 'K,S,T,Y', 'structured': 'NT=DSSO;AC=XLMOD:02126;CL=yes;TA=K,S,T,Y'}, {'NT': 'Azide-A-DSBSO', 'AC': 'XLMOD:02222', 'CL': 'yes', 'TA': 'K,nterm', 'structured': 'NT=Azide-A-DSBSO;AC=XLMOD:02222;CL=yes;TA=K,nterm'}]	size exclusion chromatography (SEC)	0.2–1 mM	not available	30 min	room temperature	L1_20240412_MxR_FDR_fifthbatch_DSSO_F3_F4.raw	NT=ms-proteomics;VV=v1.1.0	NT=crosslinking;VV=v1.0.0	NT=human;VV=v1.1.0
PXD042173_L1_20210811_MxR_FDR_firstbatch_DSSOplate_E11	Homo sapiens	whole cell lysate	not available	90	PXD042173_L1_20210811_MxR_FDR_firstbatch_DSSOplate_E11_assay	proteomic profiling by mass spectrometry	data-dependent acquisition	NT=label free sample;AC=MS:1002038	1	1	not available	NT=Lys-C;AC=MS:1001309	NT=Carbamidomethyl;AC=UNIMOD:4;TA=C;MT=Fixed	NT=Oxidation;AC=UNIMOD:21;TA=M;MT=Variable	not available	not available	NT=[{'NT': 'DSSO', 'AC': 'XLMOD:02126', 'CL': 'yes', 'TA': 'K,S,T,Y', 'structured': 'NT=DSSO;AC=XLMOD:02126;CL=yes;TA=K,S,T,Y'}, {'NT': 'Azide-A-DSBSO', 'AC': 'XLMOD:02222', 'CL': 'yes', 'TA': 'K,nterm', 'structured': 'NT=Azide-A-DSBSO;AC=XLMOD:02222;CL=yes;TA=K,nterm'}]	size exclusion chromatography (SEC)	0.2–1 mM	not available	30 min	room temperature	L1_20210811_MxR_FDR_firstbatch_DSSOplate_E11.raw	NT=ms-proteomics;VV=v1.1.0	NT=crosslinking;VV=v1.0.0	NT=human;VV=v1.1.0
PXD042173_L1_20211004_MxR_secondbatch_DSSOplate_D1_D2	Homo sapiens	whole cell lysate	not available	91	PXD042173_L1_20211004_MxR_secondbatch_DSSOplate_D1_D2_assay	proteomic profiling by mass spectrometry	data-dependent acquisition	NT=label free sample;AC=MS:1002038	1	1	not available	NT=Lys-C;AC=MS:1001309	NT=Carbamidomethyl;AC=UNIMOD:4;TA=C;MT=Fixed	NT=Oxidation;AC=UNIMOD:21;TA=M;MT=Variable	not available	not available	NT=[{'NT': 'DSSO', 'AC': 'XLMOD:02126', 'CL': 'yes', 'TA': 'K,S,T,Y', 'structured': 'NT=DSSO;AC=XLMOD:02126;CL=yes;TA=K,S,T,Y'}, {'NT': 'Azide-A-DSBSO', 'AC': 'XLMOD:02222', 'CL': 'yes', 'TA': 'K,nterm', 'structured': 'NT=Azide-A-DSBSO;AC=XLMOD:02222;CL=yes;TA=K,nterm'}]	size exclusion chromatography (SEC)	0.2–1 mM	not available	30 min	room temperature	L1_20211004_MxR_secondbatch_DSSOplate_D1_D2.raw	NT=ms-proteomics;VV=v1.1.0	NT=crosslinking;VV=v1.0.0	NT=human;VV=v1.1.0
PXD042173_L1_20240412_MxR_FDR_fifthbatch_DSSO_F7_F8	Homo sapiens	whole cell lysate	not available	2	PXD042173_L1_20240412_MxR_FDR_fifthbatch_DSSO_F7_F8_assay	proteomic profiling by mass spectrometry	data-dependent acquisition	NT=label free sample;AC=MS:1002038	7	1	not available	NT=Lys-C;AC=MS:1001309	NT=Carbamidomethyl;AC=UNIMOD:4;TA=C;MT=Fixed	NT=Oxidation;AC=UNIMOD:21;TA=M;MT=Variable	not available	not available	NT=[{'NT': 'DSSO', 'AC': 'XLMOD:02126', 'CL': 'yes', 'TA': 'K,S,T,Y', 'structured': 'NT=DSSO;AC=XLMOD:02126;CL=yes;TA=K,S,T,Y'}, {'NT': 'Azide-A-DSBSO', 'AC': 'XLMOD:02222', 'CL': 'yes', 'TA': 'K,nterm', 'structured': 'NT=Azide-A-DSBSO;AC=XLMOD:02222;CL=yes;TA=K,nterm'}]	size exclusion chromatography (SEC)	0.2–1 mM	not available	30 min	room temperature	L1_20240412_MxR_FDR_fifthbatch_DSSO_F7_F8.raw	NT=ms-proteomics;VV=v1.1.0	NT=crosslinking;VV=v1.0.0	NT=human;VV=v1.1.0
PXD042173_L1_20210811_MxR_FDR_firstbatch_DSSOplate_E3	Homo sapiens	whole cell lysate	not available	92	PXD042173_L1_20210811_MxR_FDR_firstbatch_DSSOplate_E3_assay	proteomic profiling by mass spectrometry	data-dependent acquisition	NT=label free sample;AC=MS:1002038	1	1	not available	NT=Lys-C;AC=MS:1001309	NT=Carbamidomethyl;AC=UNIMOD:4;TA=C;MT=Fixed	NT=Oxidation;AC=UNIMOD:21;TA=M;MT=Variable	not available	not available	NT=[{'NT': 'DSSO', 'AC': 'XLMOD:02126', 'CL': 'yes', 'TA': 'K,S,T,Y', 'structured': 'NT=DSSO;AC=XLMOD:02126;CL=yes;TA=K,S,T,Y'}, {'NT': 'Azide-A-DSBSO', 'AC': 'XLMOD:02222', 'CL': 'yes', 'TA': 'K,nterm', 'structured': 'NT=Azide-A-DSBSO;AC=XLMOD:02222;CL=yes;TA=K,nterm'}]	size exclusion chromatography (SEC)	0.2–1 mM	not available	30 min	room temperature	L1_20210811_MxR_FDR_firstbatch_DSSOplate_E3.raw	NT=ms-proteomics;VV=v1.1.0	NT=crosslinking;VV=v1.0.0	NT=human;VV=v1.1.0
PXD042173_L1_20210806_MxR_FDR_firstbatch_DSSOplate_D8	Homo sapiens	whole cell lysate	not available	93	PXD042173_L1_20210806_MxR_FDR_firstbatch_DSSOplate_D8_assay	proteomic profiling by mass spectrometry	data-dependent acquisition	NT=label free sample;AC=MS:1002038	1	1	not available	NT=Lys-C;AC=MS:1001309	NT=Carbamidomethyl;AC=UNIMOD:4;TA=C;MT=Fixed	NT=Oxidation;AC=UNIMOD:21;TA=M;MT=Variable	not available	not available	NT=[{'NT': 'DSSO', 'AC': 'XLMOD:02126', 'CL': 'yes', 'TA': 'K,S,T,Y', 'structured': 'NT=DSSO;AC=XLMOD:02126;CL=yes;TA=K,S,T,Y'}, {'NT': 'Azide-A-DSBSO', 'AC': 'XLMOD:02222', 'CL': 'yes', 'TA': 'K,nterm', 'structured': 'NT=Azide-A-DSBSO;AC=XLMOD:02222;CL=yes;TA=K,nterm'}]	size exclusion chromatography (SEC)	0.2–1 mM	not available	30 min	room temperature	L1_20210806_MxR_FDR_firstbatch_DSSOplate_D8.raw	NT=ms-proteomics;VV=v1.1.0	NT=crosslinking;VV=v1.0.0	NT=human;VV=v1.1.0
PXD042173_L1_20240412_MxR_FDR_fifthbatch_DSSO_D10	Homo sapiens	whole cell lysate	not available	94	PXD042173_L1_20240412_MxR_FDR_fifthbatch_DSSO_D10_assay	proteomic profiling by mass spectrometry	data-dependent acquisition	NT=label free sample;AC=MS:1002038	1	1	not available	NT=Lys-C;AC=MS:1001309	NT=Carbamidomethyl;AC=UNIMOD:4;TA=C;MT=Fixed	NT=Oxidation;AC=UNIMOD:21;TA=M;MT=Variable	not available	not available	NT=[{'NT': 'DSSO', 'AC': 'XLMOD:02126', 'CL': 'yes', 'TA': 'K,S,T,Y', 'structured': 'NT=DSSO;AC=XLMOD:02126;CL=yes;TA=K,S,T,Y'}, {'NT': 'Azide-A-DSBSO', 'AC': 'XLMOD:02222', 'CL': 'yes', 'TA': 'K,nterm', 'structured': 'NT=Azide-A-DSBSO;AC=XLMOD:02222;CL=yes;TA=K,nterm'}]	size exclusion chromatography (SEC)	0.2–1 mM	not available	30 min	room temperature	L1_20240412_MxR_FDR_fifthbatch_DSSO_D10.raw	NT=ms-proteomics;VV=v1.1.0	NT=crosslinking;VV=v1.0.0	NT=human;VV=v1.1.0
PXD042173_L1_20240412_MxR_FDR_fifthbatch_DSSO_C6	Homo sapiens	whole cell lysate	not available	95	PXD042173_L1_20240412_MxR_FDR_fifthbatch_DSSO_C6_assay	proteomic profiling by mass spectrometry	data-dependent acquisition	NT=label free sample;AC=MS:1002038	1	1	not available	NT=Lys-C;AC=MS:1001309	NT=Carbamidomethyl;AC=UNIMOD:4;TA=C;MT=Fixed	NT=Oxidation;AC=UNIMOD:21;TA=M;MT=Variable	not available	not available	NT=[{'NT': 'DSSO', 'AC': 'XLMOD:02126', 'CL': 'yes', 'TA': 'K,S,T,Y', 'structured': 'NT=DSSO;AC=XLMOD:02126;CL=yes;TA=K,S,T,Y'}, {'NT': 'Azide-A-DSBSO', 'AC': 'XLMOD:02222', 'CL': 'yes', 'TA': 'K,nterm', 'structured': 'NT=Azide-A-DSBSO;AC=XLMOD:02222;CL=yes;TA=K,nterm'}]	size exclusion chromatography (SEC)	0.2–1 mM	not available	30 min	room temperature	L1_20240412_MxR_FDR_fifthbatch_DSSO_C6.raw	NT=ms-proteomics;VV=v1.1.0	NT=crosslinking;VV=v1.0.0	NT=human;VV=v1.1.0
PXD042173_L1_20210806_MxR_FDR_firstbatch_DSSOplate_C12	Homo sapiens	whole cell lysate	not available	96	PXD042173_L1_20210806_MxR_FDR_firstbatch_DSSOplate_C12_assay	proteomic profiling by mass spectrometry	data-dependent acquisition	NT=label free sample;AC=MS:1002038	1	1	not available	NT=Lys-C;AC=MS:1001309	NT=Carbamidomethyl;AC=UNIMOD:4;TA=C;MT=Fixed	NT=Oxidation;AC=UNIMOD:21;TA=M;MT=Variable	not available	not available	NT=[{'NT': 'DSSO', 'AC': 'XLMOD:02126', 'CL': 'yes', 'TA': 'K,S,T,Y', 'structured': 'NT=DSSO;AC=XLMOD:02126;CL=yes;TA=K,S,T,Y'}, {'NT': 'Azide-A-DSBSO', 'AC': 'XLMOD:02222', 'CL': 'yes', 'TA': 'K,nterm', 'structured': 'NT=Azide-A-DSBSO;AC=XLMOD:02222;CL=yes;TA=K,nterm'}]	size exclusion chromatography (SEC)	0.2–1 mM	not available	30 min	room temperature	L1_20210806_MxR_FDR_firstbatch_DSSOplate_C12.raw	NT=ms-proteomics;VV=v1.1.0	NT=crosslinking;VV=v1.0.0	NT=human;VV=v1.1.0
PXD042173_L1_20211004_MxR_secondbatch_DSSOplate_C2	Homo sapiens	whole cell lysate	not available	97	PXD042173_L1_20211004_MxR_secondbatch_DSSOplate_C2_assay	proteomic profiling by mass spectrometry	data-dependent acquisition	NT=label free sample;AC=MS:1002038	1	1	not available	NT=Lys-C;AC=MS:1001309	NT=Carbamidomethyl;AC=UNIMOD:4;TA=C;MT=Fixed	NT=Oxidation;AC=UNIMOD:21;TA=M;MT=Variable	not available	not available	NT=[{'NT': 'DSSO', 'AC': 'XLMOD:02126', 'CL': 'yes', 'TA': 'K,S,T,Y', 'structured': 'NT=DSSO;AC=XLMOD:02126;CL=yes;TA=K,S,T,Y'}, {'NT': 'Azide-A-DSBSO', 'AC': 'XLMOD:02222', 'CL': 'yes', 'TA': 'K,nterm', 'structured': 'NT=Azide-A-DSBSO;AC=XLMOD:02222;CL=yes;TA=K,nterm'}]	size exclusion chromatography (SEC)	0.2–1 mM	not available	30 min	room temperature	L1_20211004_MxR_secondbatch_DSSOplate_C2.raw	NT=ms-proteomics;VV=v1.1.0	NT=crosslinking;VV=v1.0.0	NT=human;VV=v1.1.0
PXD042173_L1_20240412_MxR_FDR_fifthbatch_DSSO_C3	Homo sapiens	whole cell lysate	not available	98	PXD042173_L1_20240412_MxR_FDR_fifthbatch_DSSO_C3_assay	proteomic profiling by mass spectrometry	data-dependent acquisition	NT=label free sample;AC=MS:1002038	1	1	not available	NT=Lys-C;AC=MS:1001309	NT=Carbamidomethyl;AC=UNIMOD:4;TA=C;MT=Fixed	NT=Oxidation;AC=UNIMOD:21;TA=M;MT=Variable	not available	not available	NT=[{'NT': 'DSSO', 'AC': 'XLMOD:02126', 'CL': 'yes', 'TA': 'K,S,T,Y', 'structured': 'NT=DSSO;AC=XLMOD:02126;CL=yes;TA=K,S,T,Y'}, {'NT': 'Azide-A-DSBSO', 'AC': 'XLMOD:02222', 'CL': 'yes', 'TA': 'K,nterm', 'structured': 'NT=Azide-A-DSBSO;AC=XLMOD:02222;CL=yes;TA=K,nterm'}]	size exclusion chromatography (SEC)	0.2–1 mM	not available	30 min	room temperature	L1_20240412_MxR_FDR_fifthbatch_DSSO_C3.raw	NT=ms-proteomics;VV=v1.1.0	NT=crosslinking;VV=v1.0.0	NT=human;VV=v1.1.0
PXD042173_L1_20211004_MxR_secondbatch_DSSOplate_B11	Homo sapiens	whole cell lysate	not available	99	PXD042173_L1_20211004_MxR_secondbatch_DSSOplate_B11_assay	proteomic profiling by mass spectrometry	data-dependent acquisition	NT=label free sample;AC=MS:1002038	1	1	not available	NT=Lys-C;AC=MS:1001309	NT=Carbamidomethyl;AC=UNIMOD:4;TA=C;MT=Fixed	NT=Oxidation;AC=UNIMOD:21;TA=M;MT=Variable	not available	not available	NT=[{'NT': 'DSSO', 'AC': 'XLMOD:02126', 'CL': 'yes', 'TA': 'K,S,T,Y', 'structured': 'NT=DSSO;AC=XLMOD:02126;CL=yes;TA=K,S,T,Y'}, {'NT': 'Azide-A-DSBSO', 'AC': 'XLMOD:02222', 'CL': 'yes', 'TA': 'K,nterm', 'structured': 'NT=Azide-A-DSBSO;AC=XLMOD:02222;CL=yes;TA=K,nterm'}]	size exclusion chromatography (SEC)	0.2–1 mM	not available	30 min	room temperature	L1_20211004_MxR_secondbatch_DSSOplate_B11.raw	NT=ms-proteomics;VV=v1.1.0	NT=crosslinking;VV=v1.0.0	NT=human;VV=v1.1.0
PXD042173_L1_20240412_MxR_FDR_fifthbatch_DSSO_F1_F2	Homo sapiens	whole cell lysate	not available	100	PXD042173_L1_20240412_MxR_FDR_fifthbatch_DSSO_F1_F2_assay	proteomic profiling by mass spectrometry	data-dependent acquisition	NT=label free sample;AC=MS:1002038	1	1	not available	NT=Lys-C;AC=MS:1001309	NT=Carbamidomethyl;AC=UNIMOD:4;TA=C;MT=Fixed	NT=Oxidation;AC=UNIMOD:21;TA=M;MT=Variable	not available	not available	NT=[{'NT': 'DSSO', 'AC': 'XLMOD:02126', 'CL': 'yes', 'TA': 'K,S,T,Y', 'structured': 'NT=DSSO;AC=XLMOD:02126;CL=yes;TA=K,S,T,Y'}, {'NT': 'Azide-A-DSBSO', 'AC': 'XLMOD:02222', 'CL': 'yes', 'TA': 'K,nterm', 'structured': 'NT=Azide-A-DSBSO;AC=XLMOD:02222;CL=yes;TA=K,nterm'}]	size exclusion chromatography (SEC)	0.2–1 mM	not available	30 min	room temperature	L1_20240412_MxR_FDR_fifthbatch_DSSO_F1_F2.raw	NT=ms-proteomics;VV=v1.1.0	NT=crosslinking;VV=v1.0.0	NT=human;VV=v1.1.0
PXD042173_L1_20211004_MxR_secondbatch_DSSOplate_C7	Homo sapiens	whole cell lysate	not available	101	PXD042173_L1_20211004_MxR_secondbatch_DSSOplate_C7_assay	proteomic profiling by mass spectrometry	data-dependent acquisition	NT=label free sample;AC=MS:1002038	1	1	not available	NT=Lys-C;AC=MS:1001309	NT=Carbamidomethyl;AC=UNIMOD:4;TA=C;MT=Fixed	NT=Oxidation;AC=UNIMOD:21;TA=M;MT=Variable	not available	not available	NT=[{'NT': 'DSSO', 'AC': 'XLMOD:02126', 'CL': 'yes', 'TA': 'K,S,T,Y', 'structured': 'NT=DSSO;AC=XLMOD:02126;CL=yes;TA=K,S,T,Y'}, {'NT': 'Azide-A-DSBSO', 'AC': 'XLMOD:02222', 'CL': 'yes', 'TA': 'K,nterm', 'structured': 'NT=Azide-A-DSBSO;AC=XLMOD:02222;CL=yes;TA=K,nterm'}]	size exclusion chromatography (SEC)	0.2–1 mM	not available	30 min	room temperature	L1_20211004_MxR_secondbatch_DSSOplate_C7.raw	NT=ms-proteomics;VV=v1.1.0	NT=crosslinking;VV=v1.0.0	NT=human;VV=v1.1.0
PXD042173_L1_20240412_MxR_FDR_fifthbatch_DSSO_E11_E12	Homo sapiens	whole cell lysate	not available	102	PXD042173_L1_20240412_MxR_FDR_fifthbatch_DSSO_E11_E12_assay	proteomic profiling by mass spectrometry	data-dependent acquisition	NT=label free sample;AC=MS:1002038	1	1	not available	NT=Lys-C;AC=MS:1001309	NT=Carbamidomethyl;AC=UNIMOD:4;TA=C;MT=Fixed	NT=Oxidation;AC=UNIMOD:21;TA=M;MT=Variable	not available	not available	NT=[{'NT': 'DSSO', 'AC': 'XLMOD:02126', 'CL': 'yes', 'TA': 'K,S,T,Y', 'structured': 'NT=DSSO;AC=XLMOD:02126;CL=yes;TA=K,S,T,Y'}, {'NT': 'Azide-A-DSBSO', 'AC': 'XLMOD:02222', 'CL': 'yes', 'TA': 'K,nterm', 'structured': 'NT=Azide-A-DSBSO;AC=XLMOD:02222;CL=yes;TA=K,nterm'}]	size exclusion chromatography (SEC)	0.2–1 mM	not available	30 min	room temperature	L1_20240412_MxR_FDR_fifthbatch_DSSO_E11_E12.raw	NT=ms-proteomics;VV=v1.1.0	NT=crosslinking;VV=v1.0.0	NT=human;VV=v1.1.0
PXD042173_L1_20211004_MxR_secondbatch_DSSOplate_C6	Homo sapiens	whole cell lysate	not available	103	PXD042173_L1_20211004_MxR_secondbatch_DSSOplate_C6_assay	proteomic profiling by mass spectrometry	data-dependent acquisition	NT=label free sample;AC=MS:1002038	1	1	not available	NT=Lys-C;AC=MS:1001309	NT=Carbamidomethyl;AC=UNIMOD:4;TA=C;MT=Fixed	NT=Oxidation;AC=UNIMOD:21;TA=M;MT=Variable	not available	not available	NT=[{'NT': 'DSSO', 'AC': 'XLMOD:02126', 'CL': 'yes', 'TA': 'K,S,T,Y', 'structured': 'NT=DSSO;AC=XLMOD:02126;CL=yes;TA=K,S,T,Y'}, {'NT': 'Azide-A-DSBSO', 'AC': 'XLMOD:02222', 'CL': 'yes', 'TA': 'K,nterm', 'structured': 'NT=Azide-A-DSBSO;AC=XLMOD:02222;CL=yes;TA=K,nterm'}]	size exclusion chromatography (SEC)	0.2–1 mM	not available	30 min	room temperature	L1_20211004_MxR_secondbatch_DSSOplate_C6.raw	NT=ms-proteomics;VV=v1.1.0	NT=crosslinking;VV=v1.0.0	NT=human;VV=v1.1.0
PXD042173_L1_20210806_MxR_FDR_firstbatch_DSSOplate_D1	Homo sapiens	whole cell lysate	not available	104	PXD042173_L1_20210806_MxR_FDR_firstbatch_DSSOplate_D1_assay	proteomic profiling by mass spectrometry	data-dependent acquisition	NT=label free sample;AC=MS:1002038	1	1	not available	NT=Lys-C;AC=MS:1001309	NT=Carbamidomethyl;AC=UNIMOD:4;TA=C;MT=Fixed	NT=Oxidation;AC=UNIMOD:21;TA=M;MT=Variable	not available	not available	NT=[{'NT': 'DSSO', 'AC': 'XLMOD:02126', 'CL': 'yes', 'TA': 'K,S,T,Y', 'structured': 'NT=DSSO;AC=XLMOD:02126;CL=yes;TA=K,S,T,Y'}, {'NT': 'Azide-A-DSBSO', 'AC': 'XLMOD:02222', 'CL': 'yes', 'TA': 'K,nterm', 'structured': 'NT=Azide-A-DSBSO;AC=XLMOD:02222;CL=yes;TA=K,nterm'}]	size exclusion chromatography (SEC)	0.2–1 mM	not available	30 min	room temperature	L1_20210806_MxR_FDR_firstbatch_DSSOplate_D1.raw	NT=ms-proteomics;VV=v1.1.0	NT=crosslinking;VV=v1.0.0	NT=human;VV=v1.1.0
PXD042173_L1_20210806_MxR_FDR_firstbatch_DSSOplate_C8	Homo sapiens	whole cell lysate	not available	105	PXD042173_L1_20210806_MxR_FDR_firstbatch_DSSOplate_C8_assay	proteomic profiling by mass spectrometry	data-dependent acquisition	NT=label free sample;AC=MS:1002038	1	1	not available	NT=Lys-C;AC=MS:1001309	NT=Carbamidomethyl;AC=UNIMOD:4;TA=C;MT=Fixed	NT=Oxidation;AC=UNIMOD:21;TA=M;MT=Variable	not available	not available	NT=[{'NT': 'DSSO', 'AC': 'XLMOD:02126', 'CL': 'yes', 'TA': 'K,S,T,Y', 'structured': 'NT=DSSO;AC=XLMOD:02126;CL=yes;TA=K,S,T,Y'}, {'NT': 'Azide-A-DSBSO', 'AC': 'XLMOD:02222', 'CL': 'yes', 'TA': 'K,nterm', 'structured': 'NT=Azide-A-DSBSO;AC=XLMOD:02222;CL=yes;TA=K,nterm'}]	size exclusion chromatography (SEC)	0.2–1 mM	not available	30 min	room temperature	L1_20210806_MxR_FDR_firstbatch_DSSOplate_C8.raw	NT=ms-proteomics;VV=v1.1.0	NT=crosslinking;VV=v1.0.0	NT=human;VV=v1.1.0
PXD042173_L1_20210806_MxR_FDR_firstbatch_DSSOplate_C10	Homo sapiens	whole cell lysate	not available	106	PXD042173_L1_20210806_MxR_FDR_firstbatch_DSSOplate_C10_assay	proteomic profiling by mass spectrometry	data-dependent acquisition	NT=label free sample;AC=MS:1002038	1	1	not available	NT=Lys-C;AC=MS:1001309	NT=Carbamidomethyl;AC=UNIMOD:4;TA=C;MT=Fixed	NT=Oxidation;AC=UNIMOD:21;TA=M;MT=Variable	not available	not available	NT=[{'NT': 'DSSO', 'AC': 'XLMOD:02126', 'CL': 'yes', 'TA': 'K,S,T,Y', 'structured': 'NT=DSSO;AC=XLMOD:02126;CL=yes;TA=K,S,T,Y'}, {'NT': 'Azide-A-DSBSO', 'AC': 'XLMOD:02222', 'CL': 'yes', 'TA': 'K,nterm', 'structured': 'NT=Azide-A-DSBSO;AC=XLMOD:02222;CL=yes;TA=K,nterm'}]	size exclusion chromatography (SEC)	0.2–1 mM	not available	30 min	room temperature	L1_20210806_MxR_FDR_firstbatch_DSSOplate_C10.raw	NT=ms-proteomics;VV=v1.1.0	NT=crosslinking;VV=v1.0.0	NT=human;VV=v1.1.0
PXD042173_L1_20240412_MxR_FDR_fifthbatch_DSSO_F11_F12	Homo sapiens	whole cell lysate	not available	1	PXD042173_L1_20240412_MxR_FDR_fifthbatch_DSSO_F11_F12_assay	proteomic profiling by mass spectrometry	data-dependent acquisition	NT=label free sample;AC=MS:1002038	11	1	not available	NT=Lys-C;AC=MS:1001309	NT=Carbamidomethyl;AC=UNIMOD:4;TA=C;MT=Fixed	NT=Oxidation;AC=UNIMOD:21;TA=M;MT=Variable	not available	not available	NT=[{'NT': 'DSSO', 'AC': 'XLMOD:02126', 'CL': 'yes', 'TA': 'K,S,T,Y', 'structured': 'NT=DSSO;AC=XLMOD:02126;CL=yes;TA=K,S,T,Y'}, {'NT': 'Azide-A-DSBSO', 'AC': 'XLMOD:02222', 'CL': 'yes', 'TA': 'K,nterm', 'structured': 'NT=Azide-A-DSBSO;AC=XLMOD:02222;CL=yes;TA=K,nterm'}]	size exclusion chromatography (SEC)	0.2–1 mM	not available	30 min	room temperature	L1_20240412_MxR_FDR_fifthbatch_DSSO_F11_F12.raw	NT=ms-proteomics;VV=v1.1.0	NT=crosslinking;VV=v1.0.0	NT=human;VV=v1.1.0
PXD042173_L1_20211004_MxR_secondbatch_DSSOplate_E1_E2	Homo sapiens	whole cell lysate	not available	107	PXD042173_L1_20211004_MxR_secondbatch_DSSOplate_E1_E2_assay	proteomic profiling by mass spectrometry	data-dependent acquisition	NT=label free sample;AC=MS:1002038	1	1	not available	NT=Lys-C;AC=MS:1001309	NT=Carbamidomethyl;AC=UNIMOD:4;TA=C;MT=Fixed	NT=Oxidation;AC=UNIMOD:21;TA=M;MT=Variable	not available	not available	NT=[{'NT': 'DSSO', 'AC': 'XLMOD:02126', 'CL': 'yes', 'TA': 'K,S,T,Y', 'structured': 'NT=DSSO;AC=XLMOD:02126;CL=yes;TA=K,S,T,Y'}, {'NT': 'Azide-A-DSBSO', 'AC': 'XLMOD:02222', 'CL': 'yes', 'TA': 'K,nterm', 'structured': 'NT=Azide-A-DSBSO;AC=XLMOD:02222;CL=yes;TA=K,nterm'}]	size exclusion chromatography (SEC)	0.2–1 mM	not available	30 min	room temperature	L1_20211004_MxR_secondbatch_DSSOplate_E1_E2.raw	NT=ms-proteomics;VV=v1.1.0	NT=crosslinking;VV=v1.0.0	NT=human;VV=v1.1.0
PXD042173_L1_20211004_MxR_secondbatch_DSSOplate_D7_D8	Homo sapiens	whole cell lysate	not available	108	PXD042173_L1_20211004_MxR_secondbatch_DSSOplate_D7_D8_assay	proteomic profiling by mass spectrometry	data-dependent acquisition	NT=label free sample;AC=MS:1002038	1	1	not available	NT=Lys-C;AC=MS:1001309	NT=Carbamidomethyl;AC=UNIMOD:4;TA=C;MT=Fixed	NT=Oxidation;AC=UNIMOD:21;TA=M;MT=Variable	not available	not available	NT=[{'NT': 'DSSO', 'AC': 'XLMOD:02126', 'CL': 'yes', 'TA': 'K,S,T,Y', 'structured': 'NT=DSSO;AC=XLMOD:02126;CL=yes;TA=K,S,T,Y'}, {'NT': 'Azide-A-DSBSO', 'AC': 'XLMOD:02222', 'CL': 'yes', 'TA': 'K,nterm', 'structured': 'NT=Azide-A-DSBSO;AC=XLMOD:02222;CL=yes;TA=K,nterm'}]	size exclusion chromatography (SEC)	0.2–1 mM	not available	30 min	room temperature	L1_20211004_MxR_secondbatch_DSSOplate_D7_D8.raw	NT=ms-proteomics;VV=v1.1.0	NT=crosslinking;VV=v1.0.0	NT=human;VV=v1.1.0
PXD042173_L1_20240412_MxR_FDR_fifthbatch_DSSO_D12	Homo sapiens	whole cell lysate	not available	109	PXD042173_L1_20240412_MxR_FDR_fifthbatch_DSSO_D12_assay	proteomic profiling by mass spectrometry	data-dependent acquisition	NT=label free sample;AC=MS:1002038	1	1	not available	NT=Lys-C;AC=MS:1001309	NT=Carbamidomethyl;AC=UNIMOD:4;TA=C;MT=Fixed	NT=Oxidation;AC=UNIMOD:21;TA=M;MT=Variable	not available	not available	NT=[{'NT': 'DSSO', 'AC': 'XLMOD:02126', 'CL': 'yes', 'TA': 'K,S,T,Y', 'structured': 'NT=DSSO;AC=XLMOD:02126;CL=yes;TA=K,S,T,Y'}, {'NT': 'Azide-A-DSBSO', 'AC': 'XLMOD:02222', 'CL': 'yes', 'TA': 'K,nterm', 'structured': 'NT=Azide-A-DSBSO;AC=XLMOD:02222;CL=yes;TA=K,nterm'}]	size exclusion chromatography (SEC)	0.2–1 mM	not available	30 min	room temperature	L1_20240412_MxR_FDR_fifthbatch_DSSO_D12.raw	NT=ms-proteomics;VV=v1.1.0	NT=crosslinking;VV=v1.0.0	NT=human;VV=v1.1.0
PXD042173_L1_20210727_MxR_FDR_firstbatch_DSSOplate2_H12	Homo sapiens	whole cell lysate	not available	110	PXD042173_L1_20210727_MxR_FDR_firstbatch_DSSOplate2_H12_assay	proteomic profiling by mass spectrometry	data-dependent acquisition	NT=label free sample;AC=MS:1002038	1	1	not available	NT=Lys-C;AC=MS:1001309	NT=Carbamidomethyl;AC=UNIMOD:4;TA=C;MT=Fixed	NT=Oxidation;AC=UNIMOD:21;TA=M;MT=Variable	not available	not available	NT=[{'NT': 'DSSO', 'AC': 'XLMOD:02126', 'CL': 'yes', 'TA': 'K,S,T,Y', 'structured': 'NT=DSSO;AC=XLMOD:02126;CL=yes;TA=K,S,T,Y'}, {'NT': 'Azide-A-DSBSO', 'AC': 'XLMOD:02222', 'CL': 'yes', 'TA': 'K,nterm', 'structured': 'NT=Azide-A-DSBSO;AC=XLMOD:02222;CL=yes;TA=K,nterm'}]	size exclusion chromatography (SEC)	0.2–1 mM	not available	30 min	room temperature	L1_20210727_MxR_FDR_firstbatch_DSSOplate2_H12.raw	NT=ms-proteomics;VV=v1.1.0	NT=crosslinking;VV=v1.0.0	NT=human;VV=v1.1.0
PXD042173_L1_20211004_MxR_secondbatch_DSSOplate_F11_F12	Homo sapiens	whole cell lysate	not available	2	PXD042173_L1_20211004_MxR_secondbatch_DSSOplate_F11_F12_assay	proteomic profiling by mass spectrometry	data-dependent acquisition	NT=label free sample;AC=MS:1002038	11	1	not available	NT=Lys-C;AC=MS:1001309	NT=Carbamidomethyl;AC=UNIMOD:4;TA=C;MT=Fixed	NT=Oxidation;AC=UNIMOD:21;TA=M;MT=Variable	not available	not available	NT=[{'NT': 'DSSO', 'AC': 'XLMOD:02126', 'CL': 'yes', 'TA': 'K,S,T,Y', 'structured': 'NT=DSSO;AC=XLMOD:02126;CL=yes;TA=K,S,T,Y'}, {'NT': 'Azide-A-DSBSO', 'AC': 'XLMOD:02222', 'CL': 'yes', 'TA': 'K,nterm', 'structured': 'NT=Azide-A-DSBSO;AC=XLMOD:02222;CL=yes;TA=K,nterm'}]	size exclusion chromatography (SEC)	0.2–1 mM	not available	30 min	room temperature	L1_20211004_MxR_secondbatch_DSSOplate_F11_F12.raw	NT=ms-proteomics;VV=v1.1.0	NT=crosslinking;VV=v1.0.0	NT=human;VV=v1.1.0
PXD042173_L1_20211004_MxR_secondbatch_DSSOplate_C3	Homo sapiens	whole cell lysate	not available	111	PXD042173_L1_20211004_MxR_secondbatch_DSSOplate_C3_assay	proteomic profiling by mass spectrometry	data-dependent acquisition	NT=label free sample;AC=MS:1002038	1	1	not available	NT=Lys-C;AC=MS:1001309	NT=Carbamidomethyl;AC=UNIMOD:4;TA=C;MT=Fixed	NT=Oxidation;AC=UNIMOD:21;TA=M;MT=Variable	not available	not available	NT=[{'NT': 'DSSO', 'AC': 'XLMOD:02126', 'CL': 'yes', 'TA': 'K,S,T,Y', 'structured': 'NT=DSSO;AC=XLMOD:02126;CL=yes;TA=K,S,T,Y'}, {'NT': 'Azide-A-DSBSO', 'AC': 'XLMOD:02222', 'CL': 'yes', 'TA': 'K,nterm', 'structured': 'NT=Azide-A-DSBSO;AC=XLMOD:02222;CL=yes;TA=K,nterm'}]	size exclusion chromatography (SEC)	0.2–1 mM	not available	30 min	room temperature	L1_20211004_MxR_secondbatch_DSSOplate_C3.raw	NT=ms-proteomics;VV=v1.1.0	NT=crosslinking;VV=v1.0.0	NT=human;VV=v1.1.0
PXD042173_L1_20220118_MxR_FDR_fourthbatch_DSSOplate_E9_E10_remeasure	Homo sapiens	whole cell lysate	not available	112	PXD042173_L1_20220118_MxR_FDR_fourthbatch_DSSOplate_E9_E10_remeasure_assay	proteomic profiling by mass spectrometry	data-dependent acquisition	NT=label free sample;AC=MS:1002038	1	1	not available	NT=Lys-C;AC=MS:1001309	NT=Carbamidomethyl;AC=UNIMOD:4;TA=C;MT=Fixed	NT=Oxidation;AC=UNIMOD:21;TA=M;MT=Variable	not available	not available	NT=[{'NT': 'DSSO', 'AC': 'XLMOD:02126', 'CL': 'yes', 'TA': 'K,S,T,Y', 'structured': 'NT=DSSO;AC=XLMOD:02126;CL=yes;TA=K,S,T,Y'}, {'NT': 'Azide-A-DSBSO', 'AC': 'XLMOD:02222', 'CL': 'yes', 'TA': 'K,nterm', 'structured': 'NT=Azide-A-DSBSO;AC=XLMOD:02222;CL=yes;TA=K,nterm'}]	size exclusion chromatography (SEC)	0.2–1 mM	not available	30 min	room temperature	L1_20220118_MxR_FDR_fourthbatch_DSSOplate_E9_E10_remeasure.raw	NT=ms-proteomics;VV=v1.1.0	NT=crosslinking;VV=v1.0.0	NT=human;VV=v1.1.0
PXD042173_L1_20220110_MxR_FDR_fourthbatch_DSSOplate_B11_B12	Homo sapiens	whole cell lysate	not available	113	PXD042173_L1_20220110_MxR_FDR_fourthbatch_DSSOplate_B11_B12_assay	proteomic profiling by mass spectrometry	data-dependent acquisition	NT=label free sample;AC=MS:1002038	1	1	not available	NT=Lys-C;AC=MS:1001309	NT=Carbamidomethyl;AC=UNIMOD:4;TA=C;MT=Fixed	NT=Oxidation;AC=UNIMOD:21;TA=M;MT=Variable	not available	not available	NT=[{'NT': 'DSSO', 'AC': 'XLMOD:02126', 'CL': 'yes', 'TA': 'K,S,T,Y', 'structured': 'NT=DSSO;AC=XLMOD:02126;CL=yes;TA=K,S,T,Y'}, {'NT': 'Azide-A-DSBSO', 'AC': 'XLMOD:02222', 'CL': 'yes', 'TA': 'K,nterm', 'structured': 'NT=Azide-A-DSBSO;AC=XLMOD:02222;CL=yes;TA=K,nterm'}]	size exclusion chromatography (SEC)	0.2–1 mM	not available	30 min	room temperature	L1_20220110_MxR_FDR_fourthbatch_DSSOplate_B11_B12.raw	NT=ms-proteomics;VV=v1.1.0	NT=crosslinking;VV=v1.0.0	NT=human;VV=v1.1.0
PXD042173_L1_20220118_MxR_FDR_fourthbatch_DSSOplate_E11_E12_remeasure	Homo sapiens	whole cell lysate	not available	114	PXD042173_L1_20220118_MxR_FDR_fourthbatch_DSSOplate_E11_E12_remeasure_assay	proteomic profiling by mass spectrometry	data-dependent acquisition	NT=label free sample;AC=MS:1002038	1	1	not available	NT=Lys-C;AC=MS:1001309	NT=Carbamidomethyl;AC=UNIMOD:4;TA=C;MT=Fixed	NT=Oxidation;AC=UNIMOD:21;TA=M;MT=Variable	not available	not available	NT=[{'NT': 'DSSO', 'AC': 'XLMOD:02126', 'CL': 'yes', 'TA': 'K,S,T,Y', 'structured': 'NT=DSSO;AC=XLMOD:02126;CL=yes;TA=K,S,T,Y'}, {'NT': 'Azide-A-DSBSO', 'AC': 'XLMOD:02222', 'CL': 'yes', 'TA': 'K,nterm', 'structured': 'NT=Azide-A-DSBSO;AC=XLMOD:02222;CL=yes;TA=K,nterm'}]	size exclusion chromatography (SEC)	0.2–1 mM	not available	30 min	room temperature	L1_20220118_MxR_FDR_fourthbatch_DSSOplate_E11_E12_remeasure.raw	NT=ms-proteomics;VV=v1.1.0	NT=crosslinking;VV=v1.0.0	NT=human;VV=v1.1.0
PXD042173_L1_20220110_MxR_FDR_fourthbatch_DSSOplate_C11_C12	Homo sapiens	whole cell lysate	not available	115	PXD042173_L1_20220110_MxR_FDR_fourthbatch_DSSOplate_C11_C12_assay	proteomic profiling by mass spectrometry	data-dependent acquisition	NT=label free sample;AC=MS:1002038	1	1	not available	NT=Lys-C;AC=MS:1001309	NT=Carbamidomethyl;AC=UNIMOD:4;TA=C;MT=Fixed	NT=Oxidation;AC=UNIMOD:21;TA=M;MT=Variable	not available	not available	NT=[{'NT': 'DSSO', 'AC': 'XLMOD:02126', 'CL': 'yes', 'TA': 'K,S,T,Y', 'structured': 'NT=DSSO;AC=XLMOD:02126;CL=yes;TA=K,S,T,Y'}, {'NT': 'Azide-A-DSBSO', 'AC': 'XLMOD:02222', 'CL': 'yes', 'TA': 'K,nterm', 'structured': 'NT=Azide-A-DSBSO;AC=XLMOD:02222;CL=yes;TA=K,nterm'}]	size exclusion chromatography (SEC)	0.2–1 mM	not available	30 min	room temperature	L1_20220110_MxR_FDR_fourthbatch_DSSOplate_C11_C12.raw	NT=ms-proteomics;VV=v1.1.0	NT=crosslinking;VV=v1.0.0	NT=human;VV=v1.1.0
PXD042173_L1_20211118_MxR_thirdbatch_DSSOplate_E1_E2	Homo sapiens	whole cell lysate	not available	116	PXD042173_L1_20211118_MxR_thirdbatch_DSSOplate_E1_E2_assay	proteomic profiling by mass spectrometry	data-dependent acquisition	NT=label free sample;AC=MS:1002038	1	1	not available	NT=Lys-C;AC=MS:1001309	NT=Carbamidomethyl;AC=UNIMOD:4;TA=C;MT=Fixed	NT=Oxidation;AC=UNIMOD:21;TA=M;MT=Variable	not available	not available	NT=[{'NT': 'DSSO', 'AC': 'XLMOD:02126', 'CL': 'yes', 'TA': 'K,S,T,Y', 'structured': 'NT=DSSO;AC=XLMOD:02126;CL=yes;TA=K,S,T,Y'}, {'NT': 'Azide-A-DSBSO', 'AC': 'XLMOD:02222', 'CL': 'yes', 'TA': 'K,nterm', 'structured': 'NT=Azide-A-DSBSO;AC=XLMOD:02222;CL=yes;TA=K,nterm'}]	size exclusion chromatography (SEC)	0.2–1 mM	not available	30 min	room temperature	L1_20211118_MxR_thirdbatch_DSSOplate_E1_E2.raw	NT=ms-proteomics;VV=v1.1.0	NT=crosslinking;VV=v1.0.0	NT=human;VV=v1.1.0
PXD042173_L1_20211118_MxR_thirdbatch_DSSOplate_E11_E12	Homo sapiens	whole cell lysate	not available	117	PXD042173_L1_20211118_MxR_thirdbatch_DSSOplate_E11_E12_assay	proteomic profiling by mass spectrometry	data-dependent acquisition	NT=label free sample;AC=MS:1002038	1	1	not available	NT=Lys-C;AC=MS:1001309	NT=Carbamidomethyl;AC=UNIMOD:4;TA=C;MT=Fixed	NT=Oxidation;AC=UNIMOD:21;TA=M;MT=Variable	not available	not available	NT=[{'NT': 'DSSO', 'AC': 'XLMOD:02126', 'CL': 'yes', 'TA': 'K,S,T,Y', 'structured': 'NT=DSSO;AC=XLMOD:02126;CL=yes;TA=K,S,T,Y'}, {'NT': 'Azide-A-DSBSO', 'AC': 'XLMOD:02222', 'CL': 'yes', 'TA': 'K,nterm', 'structured': 'NT=Azide-A-DSBSO;AC=XLMOD:02222;CL=yes;TA=K,nterm'}]	size exclusion chromatography (SEC)	0.2–1 mM	not available	30 min	room temperature	L1_20211118_MxR_thirdbatch_DSSOplate_E11_E12.raw	NT=ms-proteomics;VV=v1.1.0	NT=crosslinking;VV=v1.0.0	NT=human;VV=v1.1.0
PXD042173_L1_20220110_MxR_FDR_fourthbatch_DSSOplate_D7_D8	Homo sapiens	whole cell lysate	not available	118	PXD042173_L1_20220110_MxR_FDR_fourthbatch_DSSOplate_D7_D8_assay	proteomic profiling by mass spectrometry	data-dependent acquisition	NT=label free sample;AC=MS:1002038	1	1	not available	NT=Lys-C;AC=MS:1001309	NT=Carbamidomethyl;AC=UNIMOD:4;TA=C;MT=Fixed	NT=Oxidation;AC=UNIMOD:21;TA=M;MT=Variable	not available	not available	NT=[{'NT': 'DSSO', 'AC': 'XLMOD:02126', 'CL': 'yes', 'TA': 'K,S,T,Y', 'structured': 'NT=DSSO;AC=XLMOD:02126;CL=yes;TA=K,S,T,Y'}, {'NT': 'Azide-A-DSBSO', 'AC': 'XLMOD:02222', 'CL': 'yes', 'TA': 'K,nterm', 'structured': 'NT=Azide-A-DSBSO;AC=XLMOD:02222;CL=yes;TA=K,nterm'}]	size exclusion chromatography (SEC)	0.2–1 mM	not available	30 min	room temperature	L1_20220110_MxR_FDR_fourthbatch_DSSOplate_D7_D8.raw	NT=ms-proteomics;VV=v1.1.0	NT=crosslinking;VV=v1.0.0	NT=human;VV=v1.1.0
PXD042173_L1_20211118_MxR_thirdbatch_DSSOplate_E3_E4_212733	Homo sapiens	whole cell lysate	not available	119	PXD042173_L1_20211118_MxR_thirdbatch_DSSOplate_E3_E4_212733_assay	proteomic profiling by mass spectrometry	data-dependent acquisition	NT=label free sample;AC=MS:1002038	1	1	not available	NT=Lys-C;AC=MS:1001309	NT=Carbamidomethyl;AC=UNIMOD:4;TA=C;MT=Fixed	NT=Oxidation;AC=UNIMOD:21;TA=M;MT=Variable	not available	not available	NT=[{'NT': 'DSSO', 'AC': 'XLMOD:02126', 'CL': 'yes', 'TA': 'K,S,T,Y', 'structured': 'NT=DSSO;AC=XLMOD:02126;CL=yes;TA=K,S,T,Y'}, {'NT': 'Azide-A-DSBSO', 'AC': 'XLMOD:02222', 'CL': 'yes', 'TA': 'K,nterm', 'structured': 'NT=Azide-A-DSBSO;AC=XLMOD:02222;CL=yes;TA=K,nterm'}]	size exclusion chromatography (SEC)	0.2–1 mM	not available	30 min	room temperature	L1_20211118_MxR_thirdbatch_DSSOplate_E3_E4_212733.raw	NT=ms-proteomics;VV=v1.1.0	NT=crosslinking;VV=v1.0.0	NT=human;VV=v1.1.0
PXD042173_L1_20211118_MxR_thirdbatch_DSSOplate_D7_D8	Homo sapiens	whole cell lysate	not available	120	PXD042173_L1_20211118_MxR_thirdbatch_DSSOplate_D7_D8_assay	proteomic profiling by mass spectrometry	data-dependent acquisition	NT=label free sample;AC=MS:1002038	1	1	not available	NT=Lys-C;AC=MS:1001309	NT=Carbamidomethyl;AC=UNIMOD:4;TA=C;MT=Fixed	NT=Oxidation;AC=UNIMOD:21;TA=M;MT=Variable	not available	not available	NT=[{'NT': 'DSSO', 'AC': 'XLMOD:02126', 'CL': 'yes', 'TA': 'K,S,T,Y', 'structured': 'NT=DSSO;AC=XLMOD:02126;CL=yes;TA=K,S,T,Y'}, {'NT': 'Azide-A-DSBSO', 'AC': 'XLMOD:02222', 'CL': 'yes', 'TA': 'K,nterm', 'structured': 'NT=Azide-A-DSBSO;AC=XLMOD:02222;CL=yes;TA=K,nterm'}]	size exclusion chromatography (SEC)	0.2–1 mM	not available	30 min	room temperature	L1_20211118_MxR_thirdbatch_DSSOplate_D7_D8.raw	NT=ms-proteomics;VV=v1.1.0	NT=crosslinking;VV=v1.0.0	NT=human;VV=v1.1.0
PXD042173_L1_20220118_MxR_FDR_fourthbatch_DSSOplate_E5_E6_remeasure	Homo sapiens	whole cell lysate	not available	121	PXD042173_L1_20220118_MxR_FDR_fourthbatch_DSSOplate_E5_E6_remeasure_assay	proteomic profiling by mass spectrometry	data-dependent acquisition	NT=label free sample;AC=MS:1002038	1	1	not available	NT=Lys-C;AC=MS:1001309	NT=Carbamidomethyl;AC=UNIMOD:4;TA=C;MT=Fixed	NT=Oxidation;AC=UNIMOD:21;TA=M;MT=Variable	not available	not available	NT=[{'NT': 'DSSO', 'AC': 'XLMOD:02126', 'CL': 'yes', 'TA': 'K,S,T,Y', 'structured': 'NT=DSSO;AC=XLMOD:02126;CL=yes;TA=K,S,T,Y'}, {'NT': 'Azide-A-DSBSO', 'AC': 'XLMOD:02222', 'CL': 'yes', 'TA': 'K,nterm', 'structured': 'NT=Azide-A-DSBSO;AC=XLMOD:02222;CL=yes;TA=K,nterm'}]	size exclusion chromatography (SEC)	0.2–1 mM	not available	30 min	room temperature	L1_20220118_MxR_FDR_fourthbatch_DSSOplate_E5_E6_remeasure.raw	NT=ms-proteomics;VV=v1.1.0	NT=crosslinking;VV=v1.0.0	NT=human;VV=v1.1.0
PXD042173_L1_20220118_MxR_FDR_fourthbatch_DSSOplate_F9_F10_remeasure	Homo sapiens	whole cell lysate	not available	3	PXD042173_L1_20220118_MxR_FDR_fourthbatch_DSSOplate_F9_F10_remeasure_assay	proteomic profiling by mass spectrometry	data-dependent acquisition	NT=label free sample;AC=MS:1002038	9	1	not available	NT=Lys-C;AC=MS:1001309	NT=Carbamidomethyl;AC=UNIMOD:4;TA=C;MT=Fixed	NT=Oxidation;AC=UNIMOD:21;TA=M;MT=Variable	not available	not available	NT=[{'NT': 'DSSO', 'AC': 'XLMOD:02126', 'CL': 'yes', 'TA': 'K,S,T,Y', 'structured': 'NT=DSSO;AC=XLMOD:02126;CL=yes;TA=K,S,T,Y'}, {'NT': 'Azide-A-DSBSO', 'AC': 'XLMOD:02222', 'CL': 'yes', 'TA': 'K,nterm', 'structured': 'NT=Azide-A-DSBSO;AC=XLMOD:02222;CL=yes;TA=K,nterm'}]	size exclusion chromatography (SEC)	0.2–1 mM	not available	30 min	room temperature	L1_20220118_MxR_FDR_fourthbatch_DSSOplate_F9_F10_remeasure.raw	NT=ms-proteomics;VV=v1.1.0	NT=crosslinking;VV=v1.0.0	NT=human;VV=v1.1.0
PXD042173_L1_20220110_MxR_FDR_fourthbatch_DSSOplate_B5_B6	Homo sapiens	whole cell lysate	not available	122	PXD042173_L1_20220110_MxR_FDR_fourthbatch_DSSOplate_B5_B6_assay	proteomic profiling by mass spectrometry	data-dependent acquisition	NT=label free sample;AC=MS:1002038	1	1	not available	NT=Lys-C;AC=MS:1001309	NT=Carbamidomethyl;AC=UNIMOD:4;TA=C;MT=Fixed	NT=Oxidation;AC=UNIMOD:21;TA=M;MT=Variable	not available	not available	NT=[{'NT': 'DSSO', 'AC': 'XLMOD:02126', 'CL': 'yes', 'TA': 'K,S,T,Y', 'structured': 'NT=DSSO;AC=XLMOD:02126;CL=yes;TA=K,S,T,Y'}, {'NT': 'Azide-A-DSBSO', 'AC': 'XLMOD:02222', 'CL': 'yes', 'TA': 'K,nterm', 'structured': 'NT=Azide-A-DSBSO;AC=XLMOD:02222;CL=yes;TA=K,nterm'}]	size exclusion chromatography (SEC)	0.2–1 mM	not available	30 min	room temperature	L1_20220110_MxR_FDR_fourthbatch_DSSOplate_B5_B6.raw	NT=ms-proteomics;VV=v1.1.0	NT=crosslinking;VV=v1.0.0	NT=human;VV=v1.1.0
PXD042173_L1_20220110_MxR_FDR_fourthbatch_DSSOplate_C1_C2	Homo sapiens	whole cell lysate	not available	123	PXD042173_L1_20220110_MxR_FDR_fourthbatch_DSSOplate_C1_C2_assay	proteomic profiling by mass spectrometry	data-dependent acquisition	NT=label free sample;AC=MS:1002038	1	1	not available	NT=Lys-C;AC=MS:1001309	NT=Carbamidomethyl;AC=UNIMOD:4;TA=C;MT=Fixed	NT=Oxidation;AC=UNIMOD:21;TA=M;MT=Variable	not available	not available	NT=[{'NT': 'DSSO', 'AC': 'XLMOD:02126', 'CL': 'yes', 'TA': 'K,S,T,Y', 'structured': 'NT=DSSO;AC=XLMOD:02126;CL=yes;TA=K,S,T,Y'}, {'NT': 'Azide-A-DSBSO', 'AC': 'XLMOD:02222', 'CL': 'yes', 'TA': 'K,nterm', 'structured': 'NT=Azide-A-DSBSO;AC=XLMOD:02222;CL=yes;TA=K,nterm'}]	size exclusion chromatography (SEC)	0.2–1 mM	not available	30 min	room temperature	L1_20220110_MxR_FDR_fourthbatch_DSSOplate_C1_C2.raw	NT=ms-proteomics;VV=v1.1.0	NT=crosslinking;VV=v1.0.0	NT=human;VV=v1.1.0
PXD042173_L1_20220110_MxR_FDR_fourthbatch_DSSOplate_B7_B8	Homo sapiens	whole cell lysate	not available	124	PXD042173_L1_20220110_MxR_FDR_fourthbatch_DSSOplate_B7_B8_assay	proteomic profiling by mass spectrometry	data-dependent acquisition	NT=label free sample;AC=MS:1002038	1	1	not available	NT=Lys-C;AC=MS:1001309	NT=Carbamidomethyl;AC=UNIMOD:4;TA=C;MT=Fixed	NT=Oxidation;AC=UNIMOD:21;TA=M;MT=Variable	not available	not available	NT=[{'NT': 'DSSO', 'AC': 'XLMOD:02126', 'CL': 'yes', 'TA': 'K,S,T,Y', 'structured': 'NT=DSSO;AC=XLMOD:02126;CL=yes;TA=K,S,T,Y'}, {'NT': 'Azide-A-DSBSO', 'AC': 'XLMOD:02222', 'CL': 'yes', 'TA': 'K,nterm', 'structured': 'NT=Azide-A-DSBSO;AC=XLMOD:02222;CL=yes;TA=K,nterm'}]	size exclusion chromatography (SEC)	0.2–1 mM	not available	30 min	room temperature	L1_20220110_MxR_FDR_fourthbatch_DSSOplate_B7_B8.raw	NT=ms-proteomics;VV=v1.1.0	NT=crosslinking;VV=v1.0.0	NT=human;VV=v1.1.0
PXD042173_L1_20220110_MxR_FDR_fourthbatch_DSSOplate_B1_B2	Homo sapiens	whole cell lysate	not available	125	PXD042173_L1_20220110_MxR_FDR_fourthbatch_DSSOplate_B1_B2_assay	proteomic profiling by mass spectrometry	data-dependent acquisition	NT=label free sample;AC=MS:1002038	1	1	not available	NT=Lys-C;AC=MS:1001309	NT=Carbamidomethyl;AC=UNIMOD:4;TA=C;MT=Fixed	NT=Oxidation;AC=UNIMOD:21;TA=M;MT=Variable	not available	not available	NT=[{'NT': 'DSSO', 'AC': 'XLMOD:02126', 'CL': 'yes', 'TA': 'K,S,T,Y', 'structured': 'NT=DSSO;AC=XLMOD:02126;CL=yes;TA=K,S,T,Y'}, {'NT': 'Azide-A-DSBSO', 'AC': 'XLMOD:02222', 'CL': 'yes', 'TA': 'K,nterm', 'structured': 'NT=Azide-A-DSBSO;AC=XLMOD:02222;CL=yes;TA=K,nterm'}]	size exclusion chromatography (SEC)	0.2–1 mM	not available	30 min	room temperature	L1_20220110_MxR_FDR_fourthbatch_DSSOplate_B1_B2.raw	NT=ms-proteomics;VV=v1.1.0	NT=crosslinking;VV=v1.0.0	NT=human;VV=v1.1.0
PXD042173_L1_20220110_MxR_FDR_fourthbatch_DSSOplate_C7_C8	Homo sapiens	whole cell lysate	not available	126	PXD042173_L1_20220110_MxR_FDR_fourthbatch_DSSOplate_C7_C8_assay	proteomic profiling by mass spectrometry	data-dependent acquisition	NT=label free sample;AC=MS:1002038	1	1	not available	NT=Lys-C;AC=MS:1001309	NT=Carbamidomethyl;AC=UNIMOD:4;TA=C;MT=Fixed	NT=Oxidation;AC=UNIMOD:21;TA=M;MT=Variable	not available	not available	NT=[{'NT': 'DSSO', 'AC': 'XLMOD:02126', 'CL': 'yes', 'TA': 'K,S,T,Y', 'structured': 'NT=DSSO;AC=XLMOD:02126;CL=yes;TA=K,S,T,Y'}, {'NT': 'Azide-A-DSBSO', 'AC': 'XLMOD:02222', 'CL': 'yes', 'TA': 'K,nterm', 'structured': 'NT=Azide-A-DSBSO;AC=XLMOD:02222;CL=yes;TA=K,nterm'}]	size exclusion chromatography (SEC)	0.2–1 mM	not available	30 min	room temperature	L1_20220110_MxR_FDR_fourthbatch_DSSOplate_C7_C8.raw	NT=ms-proteomics;VV=v1.1.0	NT=crosslinking;VV=v1.0.0	NT=human;VV=v1.1.0
PXD042173_L1_20220110_MxR_FDR_fourthbatch_DSSOplate_B3_B4	Homo sapiens	whole cell lysate	not available	127	PXD042173_L1_20220110_MxR_FDR_fourthbatch_DSSOplate_B3_B4_assay	proteomic profiling by mass spectrometry	data-dependent acquisition	NT=label free sample;AC=MS:1002038	1	1	not available	NT=Lys-C;AC=MS:1001309	NT=Carbamidomethyl;AC=UNIMOD:4;TA=C;MT=Fixed	NT=Oxidation;AC=UNIMOD:21;TA=M;MT=Variable	not available	not available	NT=[{'NT': 'DSSO', 'AC': 'XLMOD:02126', 'CL': 'yes', 'TA': 'K,S,T,Y', 'structured': 'NT=DSSO;AC=XLMOD:02126;CL=yes;TA=K,S,T,Y'}, {'NT': 'Azide-A-DSBSO', 'AC': 'XLMOD:02222', 'CL': 'yes', 'TA': 'K,nterm', 'structured': 'NT=Azide-A-DSBSO;AC=XLMOD:02222;CL=yes;TA=K,nterm'}]	size exclusion chromatography (SEC)	0.2–1 mM	not available	30 min	room temperature	L1_20220110_MxR_FDR_fourthbatch_DSSOplate_B3_B4.raw	NT=ms-proteomics;VV=v1.1.0	NT=crosslinking;VV=v1.0.0	NT=human;VV=v1.1.0
PXD042173_L1_20220118_MxR_FDR_fourthbatch_DSSOplate_F3_F4_remeasure	Homo sapiens	whole cell lysate	not available	4	PXD042173_L1_20220118_MxR_FDR_fourthbatch_DSSOplate_F3_F4_remeasure_assay	proteomic profiling by mass spectrometry	data-dependent acquisition	NT=label free sample;AC=MS:1002038	3	1	not available	NT=Lys-C;AC=MS:1001309	NT=Carbamidomethyl;AC=UNIMOD:4;TA=C;MT=Fixed	NT=Oxidation;AC=UNIMOD:21;TA=M;MT=Variable	not available	not available	NT=[{'NT': 'DSSO', 'AC': 'XLMOD:02126', 'CL': 'yes', 'TA': 'K,S,T,Y', 'structured': 'NT=DSSO;AC=XLMOD:02126;CL=yes;TA=K,S,T,Y'}, {'NT': 'Azide-A-DSBSO', 'AC': 'XLMOD:02222', 'CL': 'yes', 'TA': 'K,nterm', 'structured': 'NT=Azide-A-DSBSO;AC=XLMOD:02222;CL=yes;TA=K,nterm'}]	size exclusion chromatography (SEC)	0.2–1 mM	not available	30 min	room temperature	L1_20220118_MxR_FDR_fourthbatch_DSSOplate_F3_F4_remeasure.raw	NT=ms-proteomics;VV=v1.1.0	NT=crosslinking;VV=v1.0.0	NT=human;VV=v1.1.0
PXD042173_L1_20220118_MxR_FDR_fourthbatch_DSSOplate_F7_F8_remeasure	Homo sapiens	whole cell lysate	not available	3	PXD042173_L1_20220118_MxR_FDR_fourthbatch_DSSOplate_F7_F8_remeasure_assay	proteomic profiling by mass spectrometry	data-dependent acquisition	NT=label free sample;AC=MS:1002038	7	1	not available	NT=Lys-C;AC=MS:1001309	NT=Carbamidomethyl;AC=UNIMOD:4;TA=C;MT=Fixed	NT=Oxidation;AC=UNIMOD:21;TA=M;MT=Variable	not available	not available	NT=[{'NT': 'DSSO', 'AC': 'XLMOD:02126', 'CL': 'yes', 'TA': 'K,S,T,Y', 'structured': 'NT=DSSO;AC=XLMOD:02126;CL=yes;TA=K,S,T,Y'}, {'NT': 'Azide-A-DSBSO', 'AC': 'XLMOD:02222', 'CL': 'yes', 'TA': 'K,nterm', 'structured': 'NT=Azide-A-DSBSO;AC=XLMOD:02222;CL=yes;TA=K,nterm'}]	size exclusion chromatography (SEC)	0.2–1 mM	not available	30 min	room temperature	L1_20220118_MxR_FDR_fourthbatch_DSSOplate_F7_F8_remeasure.raw	NT=ms-proteomics;VV=v1.1.0	NT=crosslinking;VV=v1.0.0	NT=human;VV=v1.1.0
PXD042173_L1_20220110_MxR_FDR_fourthbatch_DSSOplate_C5_C6	Homo sapiens	whole cell lysate	not available	128	PXD042173_L1_20220110_MxR_FDR_fourthbatch_DSSOplate_C5_C6_assay	proteomic profiling by mass spectrometry	data-dependent acquisition	NT=label free sample;AC=MS:1002038	1	1	not available	NT=Lys-C;AC=MS:1001309	NT=Carbamidomethyl;AC=UNIMOD:4;TA=C;MT=Fixed	NT=Oxidation;AC=UNIMOD:21;TA=M;MT=Variable	not available	not available	NT=[{'NT': 'DSSO', 'AC': 'XLMOD:02126', 'CL': 'yes', 'TA': 'K,S,T,Y', 'structured': 'NT=DSSO;AC=XLMOD:02126;CL=yes;TA=K,S,T,Y'}, {'NT': 'Azide-A-DSBSO', 'AC': 'XLMOD:02222', 'CL': 'yes', 'TA': 'K,nterm', 'structured': 'NT=Azide-A-DSBSO;AC=XLMOD:02222;CL=yes;TA=K,nterm'}]	size exclusion chromatography (SEC)	0.2–1 mM	not available	30 min	room temperature	L1_20220110_MxR_FDR_fourthbatch_DSSOplate_C5_C6.raw	NT=ms-proteomics;VV=v1.1.0	NT=crosslinking;VV=v1.0.0	NT=human;VV=v1.1.0
PXD042173_L1_20220118_MxR_FDR_fourthbatch_DSSOplate_F1_F2_remeasure	Homo sapiens	whole cell lysate	not available	129	PXD042173_L1_20220118_MxR_FDR_fourthbatch_DSSOplate_F1_F2_remeasure_assay	proteomic profiling by mass spectrometry	data-dependent acquisition	NT=label free sample;AC=MS:1002038	1	1	not available	NT=Lys-C;AC=MS:1001309	NT=Carbamidomethyl;AC=UNIMOD:4;TA=C;MT=Fixed	NT=Oxidation;AC=UNIMOD:21;TA=M;MT=Variable	not available	not available	NT=[{'NT': 'DSSO', 'AC': 'XLMOD:02126', 'CL': 'yes', 'TA': 'K,S,T,Y', 'structured': 'NT=DSSO;AC=XLMOD:02126;CL=yes;TA=K,S,T,Y'}, {'NT': 'Azide-A-DSBSO', 'AC': 'XLMOD:02222', 'CL': 'yes', 'TA': 'K,nterm', 'structured': 'NT=Azide-A-DSBSO;AC=XLMOD:02222;CL=yes;TA=K,nterm'}]	size exclusion chromatography (SEC)	0.2–1 mM	not available	30 min	room temperature	L1_20220118_MxR_FDR_fourthbatch_DSSOplate_F1_F2_remeasure.raw	NT=ms-proteomics;VV=v1.1.0	NT=crosslinking;VV=v1.0.0	NT=human;VV=v1.1.0
PXD042173_L1_20220118_MxR_FDR_fourthbatch_DSSOplate_E3_E4_remeasure2	Homo sapiens	whole cell lysate	not available	130	PXD042173_L1_20220118_MxR_FDR_fourthbatch_DSSOplate_E3_E4_remeasure2_assay	proteomic profiling by mass spectrometry	data-dependent acquisition	NT=label free sample;AC=MS:1002038	1	1	not available	NT=Lys-C;AC=MS:1001309	NT=Carbamidomethyl;AC=UNIMOD:4;TA=C;MT=Fixed	NT=Oxidation;AC=UNIMOD:21;TA=M;MT=Variable	not available	not available	NT=[{'NT': 'DSSO', 'AC': 'XLMOD:02126', 'CL': 'yes', 'TA': 'K,S,T,Y', 'structured': 'NT=DSSO;AC=XLMOD:02126;CL=yes;TA=K,S,T,Y'}, {'NT': 'Azide-A-DSBSO', 'AC': 'XLMOD:02222', 'CL': 'yes', 'TA': 'K,nterm', 'structured': 'NT=Azide-A-DSBSO;AC=XLMOD:02222;CL=yes;TA=K,nterm'}]	size exclusion chromatography (SEC)	0.2–1 mM	not available	30 min	room temperature	L1_20220118_MxR_FDR_fourthbatch_DSSOplate_E3_E4_remeasure2.raw	NT=ms-proteomics;VV=v1.1.0	NT=crosslinking;VV=v1.0.0	NT=human;VV=v1.1.0
PXD042173_L1_20220110_MxR_FDR_fourthbatch_DSSOplate_D11_D12	Homo sapiens	whole cell lysate	not available	131	PXD042173_L1_20220110_MxR_FDR_fourthbatch_DSSOplate_D11_D12_assay	proteomic profiling by mass spectrometry	data-dependent acquisition	NT=label free sample;AC=MS:1002038	1	1	not available	NT=Lys-C;AC=MS:1001309	NT=Carbamidomethyl;AC=UNIMOD:4;TA=C;MT=Fixed	NT=Oxidation;AC=UNIMOD:21;TA=M;MT=Variable	not available	not available	NT=[{'NT': 'DSSO', 'AC': 'XLMOD:02126', 'CL': 'yes', 'TA': 'K,S,T,Y', 'structured': 'NT=DSSO;AC=XLMOD:02126;CL=yes;TA=K,S,T,Y'}, {'NT': 'Azide-A-DSBSO', 'AC': 'XLMOD:02222', 'CL': 'yes', 'TA': 'K,nterm', 'structured': 'NT=Azide-A-DSBSO;AC=XLMOD:02222;CL=yes;TA=K,nterm'}]	size exclusion chromatography (SEC)	0.2–1 mM	not available	30 min	room temperature	L1_20220110_MxR_FDR_fourthbatch_DSSOplate_D11_D12.raw	NT=ms-proteomics;VV=v1.1.0	NT=crosslinking;VV=v1.0.0	NT=human;VV=v1.1.0
PXD042173_L1_20211118_MxR_thirdbatch_DSSOplate_C5_C6	Homo sapiens	whole cell lysate	not available	132	PXD042173_L1_20211118_MxR_thirdbatch_DSSOplate_C5_C6_assay	proteomic profiling by mass spectrometry	data-dependent acquisition	NT=label free sample;AC=MS:1002038	1	1	not available	NT=Lys-C;AC=MS:1001309	NT=Carbamidomethyl;AC=UNIMOD:4;TA=C;MT=Fixed	NT=Oxidation;AC=UNIMOD:21;TA=M;MT=Variable	not available	not available	NT=[{'NT': 'DSSO', 'AC': 'XLMOD:02126', 'CL': 'yes', 'TA': 'K,S,T,Y', 'structured': 'NT=DSSO;AC=XLMOD:02126;CL=yes;TA=K,S,T,Y'}, {'NT': 'Azide-A-DSBSO', 'AC': 'XLMOD:02222', 'CL': 'yes', 'TA': 'K,nterm', 'structured': 'NT=Azide-A-DSBSO;AC=XLMOD:02222;CL=yes;TA=K,nterm'}]	size exclusion chromatography (SEC)	0.2–1 mM	not available	30 min	room temperature	L1_20211118_MxR_thirdbatch_DSSOplate_C5_C6.raw	NT=ms-proteomics;VV=v1.1.0	NT=crosslinking;VV=v1.0.0	NT=human;VV=v1.1.0
PXD042173_L1_20211118_MxR_thirdbatch_DSSOplate_C7_C8	Homo sapiens	whole cell lysate	not available	133	PXD042173_L1_20211118_MxR_thirdbatch_DSSOplate_C7_C8_assay	proteomic profiling by mass spectrometry	data-dependent acquisition	NT=label free sample;AC=MS:1002038	1	1	not available	NT=Lys-C;AC=MS:1001309	NT=Carbamidomethyl;AC=UNIMOD:4;TA=C;MT=Fixed	NT=Oxidation;AC=UNIMOD:21;TA=M;MT=Variable	not available	not available	NT=[{'NT': 'DSSO', 'AC': 'XLMOD:02126', 'CL': 'yes', 'TA': 'K,S,T,Y', 'structured': 'NT=DSSO;AC=XLMOD:02126;CL=yes;TA=K,S,T,Y'}, {'NT': 'Azide-A-DSBSO', 'AC': 'XLMOD:02222', 'CL': 'yes', 'TA': 'K,nterm', 'structured': 'NT=Azide-A-DSBSO;AC=XLMOD:02222;CL=yes;TA=K,nterm'}]	size exclusion chromatography (SEC)	0.2–1 mM	not available	30 min	room temperature	L1_20211118_MxR_thirdbatch_DSSOplate_C7_C8.raw	NT=ms-proteomics;VV=v1.1.0	NT=crosslinking;VV=v1.0.0	NT=human;VV=v1.1.0
PXD042173_L1_20220118_MxR_FDR_fourthbatch_DSSOplate_G1_G2_remeasure	Homo sapiens	whole cell lysate	not available	134	PXD042173_L1_20220118_MxR_FDR_fourthbatch_DSSOplate_G1_G2_remeasure_assay	proteomic profiling by mass spectrometry	data-dependent acquisition	NT=label free sample;AC=MS:1002038	1	1	not available	NT=Lys-C;AC=MS:1001309	NT=Carbamidomethyl;AC=UNIMOD:4;TA=C;MT=Fixed	NT=Oxidation;AC=UNIMOD:21;TA=M;MT=Variable	not available	not available	NT=[{'NT': 'DSSO', 'AC': 'XLMOD:02126', 'CL': 'yes', 'TA': 'K,S,T,Y', 'structured': 'NT=DSSO;AC=XLMOD:02126;CL=yes;TA=K,S,T,Y'}, {'NT': 'Azide-A-DSBSO', 'AC': 'XLMOD:02222', 'CL': 'yes', 'TA': 'K,nterm', 'structured': 'NT=Azide-A-DSBSO;AC=XLMOD:02222;CL=yes;TA=K,nterm'}]	size exclusion chromatography (SEC)	0.2–1 mM	not available	30 min	room temperature	L1_20220118_MxR_FDR_fourthbatch_DSSOplate_G1_G2_remeasure.raw	NT=ms-proteomics;VV=v1.1.0	NT=crosslinking;VV=v1.0.0	NT=human;VV=v1.1.0
PXD042173_L1_20211118_MxR_thirdbatch_DSSOplate_D11_D12	Homo sapiens	whole cell lysate	not available	135	PXD042173_L1_20211118_MxR_thirdbatch_DSSOplate_D11_D12_assay	proteomic profiling by mass spectrometry	data-dependent acquisition	NT=label free sample;AC=MS:1002038	1	1	not available	NT=Lys-C;AC=MS:1001309	NT=Carbamidomethyl;AC=UNIMOD:4;TA=C;MT=Fixed	NT=Oxidation;AC=UNIMOD:21;TA=M;MT=Variable	not available	not available	NT=[{'NT': 'DSSO', 'AC': 'XLMOD:02126', 'CL': 'yes', 'TA': 'K,S,T,Y', 'structured': 'NT=DSSO;AC=XLMOD:02126;CL=yes;TA=K,S,T,Y'}, {'NT': 'Azide-A-DSBSO', 'AC': 'XLMOD:02222', 'CL': 'yes', 'TA': 'K,nterm', 'structured': 'NT=Azide-A-DSBSO;AC=XLMOD:02222;CL=yes;TA=K,nterm'}]	size exclusion chromatography (SEC)	0.2–1 mM	not available	30 min	room temperature	L1_20211118_MxR_thirdbatch_DSSOplate_D11_D12.raw	NT=ms-proteomics;VV=v1.1.0	NT=crosslinking;VV=v1.0.0	NT=human;VV=v1.1.0
PXD042173_L1_20220118_MxR_FDR_fourthbatch_DSSOplate_E1_E2_remeasure3	Homo sapiens	whole cell lysate	not available	136	PXD042173_L1_20220118_MxR_FDR_fourthbatch_DSSOplate_E1_E2_remeasure3_assay	proteomic profiling by mass spectrometry	data-dependent acquisition	NT=label free sample;AC=MS:1002038	1	1	not available	NT=Lys-C;AC=MS:1001309	NT=Carbamidomethyl;AC=UNIMOD:4;TA=C;MT=Fixed	NT=Oxidation;AC=UNIMOD:21;TA=M;MT=Variable	not available	not available	NT=[{'NT': 'DSSO', 'AC': 'XLMOD:02126', 'CL': 'yes', 'TA': 'K,S,T,Y', 'structured': 'NT=DSSO;AC=XLMOD:02126;CL=yes;TA=K,S,T,Y'}, {'NT': 'Azide-A-DSBSO', 'AC': 'XLMOD:02222', 'CL': 'yes', 'TA': 'K,nterm', 'structured': 'NT=Azide-A-DSBSO;AC=XLMOD:02222;CL=yes;TA=K,nterm'}]	size exclusion chromatography (SEC)	0.2–1 mM	not available	30 min	room temperature	L1_20220118_MxR_FDR_fourthbatch_DSSOplate_E1_E2_remeasure3.raw	NT=ms-proteomics;VV=v1.1.0	NT=crosslinking;VV=v1.0.0	NT=human;VV=v1.1.0
PXD042173_L1_20220110_MxR_FDR_fourthbatch_DSSOplate_C3_C4	Homo sapiens	whole cell lysate	not available	137	PXD042173_L1_20220110_MxR_FDR_fourthbatch_DSSOplate_C3_C4_assay	proteomic profiling by mass spectrometry	data-dependent acquisition	NT=label free sample;AC=MS:1002038	1	1	not available	NT=Lys-C;AC=MS:1001309	NT=Carbamidomethyl;AC=UNIMOD:4;TA=C;MT=Fixed	NT=Oxidation;AC=UNIMOD:21;TA=M;MT=Variable	not available	not available	NT=[{'NT': 'DSSO', 'AC': 'XLMOD:02126', 'CL': 'yes', 'TA': 'K,S,T,Y', 'structured': 'NT=DSSO;AC=XLMOD:02126;CL=yes;TA=K,S,T,Y'}, {'NT': 'Azide-A-DSBSO', 'AC': 'XLMOD:02222', 'CL': 'yes', 'TA': 'K,nterm', 'structured': 'NT=Azide-A-DSBSO;AC=XLMOD:02222;CL=yes;TA=K,nterm'}]	size exclusion chromatography (SEC)	0.2–1 mM	not available	30 min	room temperature	L1_20220110_MxR_FDR_fourthbatch_DSSOplate_C3_C4.raw	NT=ms-proteomics;VV=v1.1.0	NT=crosslinking;VV=v1.0.0	NT=human;VV=v1.1.0
PXD042173_L1_20211118_MxR_thirdbatch_DSSOplate_C11_C12_212733	Homo sapiens	whole cell lysate	not available	138	PXD042173_L1_20211118_MxR_thirdbatch_DSSOplate_C11_C12_212733_assay	proteomic profiling by mass spectrometry	data-dependent acquisition	NT=label free sample;AC=MS:1002038	1	1	not available	NT=Lys-C;AC=MS:1001309	NT=Carbamidomethyl;AC=UNIMOD:4;TA=C;MT=Fixed	NT=Oxidation;AC=UNIMOD:21;TA=M;MT=Variable	not available	not available	NT=[{'NT': 'DSSO', 'AC': 'XLMOD:02126', 'CL': 'yes', 'TA': 'K,S,T,Y', 'structured': 'NT=DSSO;AC=XLMOD:02126;CL=yes;TA=K,S,T,Y'}, {'NT': 'Azide-A-DSBSO', 'AC': 'XLMOD:02222', 'CL': 'yes', 'TA': 'K,nterm', 'structured': 'NT=Azide-A-DSBSO;AC=XLMOD:02222;CL=yes;TA=K,nterm'}]	size exclusion chromatography (SEC)	0.2–1 mM	not available	30 min	room temperature	L1_20211118_MxR_thirdbatch_DSSOplate_C11_C12_212733.raw	NT=ms-proteomics;VV=v1.1.0	NT=crosslinking;VV=v1.0.0	NT=human;VV=v1.1.0
PXD042173_L1_20211118_MxR_thirdbatch_DSSOplate_D3_D4	Homo sapiens	whole cell lysate	not available	139	PXD042173_L1_20211118_MxR_thirdbatch_DSSOplate_D3_D4_assay	proteomic profiling by mass spectrometry	data-dependent acquisition	NT=label free sample;AC=MS:1002038	1	1	not available	NT=Lys-C;AC=MS:1001309	NT=Carbamidomethyl;AC=UNIMOD:4;TA=C;MT=Fixed	NT=Oxidation;AC=UNIMOD:21;TA=M;MT=Variable	not available	not available	NT=[{'NT': 'DSSO', 'AC': 'XLMOD:02126', 'CL': 'yes', 'TA': 'K,S,T,Y', 'structured': 'NT=DSSO;AC=XLMOD:02126;CL=yes;TA=K,S,T,Y'}, {'NT': 'Azide-A-DSBSO', 'AC': 'XLMOD:02222', 'CL': 'yes', 'TA': 'K,nterm', 'structured': 'NT=Azide-A-DSBSO;AC=XLMOD:02222;CL=yes;TA=K,nterm'}]	size exclusion chromatography (SEC)	0.2–1 mM	not available	30 min	room temperature	L1_20211118_MxR_thirdbatch_DSSOplate_D3_D4.raw	NT=ms-proteomics;VV=v1.1.0	NT=crosslinking;VV=v1.0.0	NT=human;VV=v1.1.0
PXD042173_L1_20211118_MxR_thirdbatch_DSSOplate_D5_D6	Homo sapiens	whole cell lysate	not available	140	PXD042173_L1_20211118_MxR_thirdbatch_DSSOplate_D5_D6_assay	proteomic profiling by mass spectrometry	data-dependent acquisition	NT=label free sample;AC=MS:1002038	1	1	not available	NT=Lys-C;AC=MS:1001309	NT=Carbamidomethyl;AC=UNIMOD:4;TA=C;MT=Fixed	NT=Oxidation;AC=UNIMOD:21;TA=M;MT=Variable	not available	not available	NT=[{'NT': 'DSSO', 'AC': 'XLMOD:02126', 'CL': 'yes', 'TA': 'K,S,T,Y', 'structured': 'NT=DSSO;AC=XLMOD:02126;CL=yes;TA=K,S,T,Y'}, {'NT': 'Azide-A-DSBSO', 'AC': 'XLMOD:02222', 'CL': 'yes', 'TA': 'K,nterm', 'structured': 'NT=Azide-A-DSBSO;AC=XLMOD:02222;CL=yes;TA=K,nterm'}]	size exclusion chromatography (SEC)	0.2–1 mM	not available	30 min	room temperature	L1_20211118_MxR_thirdbatch_DSSOplate_D5_D6.raw	NT=ms-proteomics;VV=v1.1.0	NT=crosslinking;VV=v1.0.0	NT=human;VV=v1.1.0
PXD042173_L1_20220110_MxR_FDR_fourthbatch_DSSOplate_D9_D10	Homo sapiens	whole cell lysate	not available	141	PXD042173_L1_20220110_MxR_FDR_fourthbatch_DSSOplate_D9_D10_assay	proteomic profiling by mass spectrometry	data-dependent acquisition	NT=label free sample;AC=MS:1002038	1	1	not available	NT=Lys-C;AC=MS:1001309	NT=Carbamidomethyl;AC=UNIMOD:4;TA=C;MT=Fixed	NT=Oxidation;AC=UNIMOD:21;TA=M;MT=Variable	not available	not available	NT=[{'NT': 'DSSO', 'AC': 'XLMOD:02126', 'CL': 'yes', 'TA': 'K,S,T,Y', 'structured': 'NT=DSSO;AC=XLMOD:02126;CL=yes;TA=K,S,T,Y'}, {'NT': 'Azide-A-DSBSO', 'AC': 'XLMOD:02222', 'CL': 'yes', 'TA': 'K,nterm', 'structured': 'NT=Azide-A-DSBSO;AC=XLMOD:02222;CL=yes;TA=K,nterm'}]	size exclusion chromatography (SEC)	0.2–1 mM	not available	30 min	room temperature	L1_20220110_MxR_FDR_fourthbatch_DSSOplate_D9_D10.raw	NT=ms-proteomics;VV=v1.1.0	NT=crosslinking;VV=v1.0.0	NT=human;VV=v1.1.0
PXD042173_L1_20211118_MxR_thirdbatch_DSSOplate_F3_F4	Homo sapiens	whole cell lysate	not available	5	PXD042173_L1_20211118_MxR_thirdbatch_DSSOplate_F3_F4_assay	proteomic profiling by mass spectrometry	data-dependent acquisition	NT=label free sample;AC=MS:1002038	3	1	not available	NT=Lys-C;AC=MS:1001309	NT=Carbamidomethyl;AC=UNIMOD:4;TA=C;MT=Fixed	NT=Oxidation;AC=UNIMOD:21;TA=M;MT=Variable	not available	not available	NT=[{'NT': 'DSSO', 'AC': 'XLMOD:02126', 'CL': 'yes', 'TA': 'K,S,T,Y', 'structured': 'NT=DSSO;AC=XLMOD:02126;CL=yes;TA=K,S,T,Y'}, {'NT': 'Azide-A-DSBSO', 'AC': 'XLMOD:02222', 'CL': 'yes', 'TA': 'K,nterm', 'structured': 'NT=Azide-A-DSBSO;AC=XLMOD:02222;CL=yes;TA=K,nterm'}]	size exclusion chromatography (SEC)	0.2–1 mM	not available	30 min	room temperature	L1_20211118_MxR_thirdbatch_DSSOplate_F3_F4.raw	NT=ms-proteomics;VV=v1.1.0	NT=crosslinking;VV=v1.0.0	NT=human;VV=v1.1.0
PXD042173_L1_20220110_MxR_FDR_fourthbatch_DSSOplate_D3_D4	Homo sapiens	whole cell lysate	not available	142	PXD042173_L1_20220110_MxR_FDR_fourthbatch_DSSOplate_D3_D4_assay	proteomic profiling by mass spectrometry	data-dependent acquisition	NT=label free sample;AC=MS:1002038	1	1	not available	NT=Lys-C;AC=MS:1001309	NT=Carbamidomethyl;AC=UNIMOD:4;TA=C;MT=Fixed	NT=Oxidation;AC=UNIMOD:21;TA=M;MT=Variable	not available	not available	NT=[{'NT': 'DSSO', 'AC': 'XLMOD:02126', 'CL': 'yes', 'TA': 'K,S,T,Y', 'structured': 'NT=DSSO;AC=XLMOD:02126;CL=yes;TA=K,S,T,Y'}, {'NT': 'Azide-A-DSBSO', 'AC': 'XLMOD:02222', 'CL': 'yes', 'TA': 'K,nterm', 'structured': 'NT=Azide-A-DSBSO;AC=XLMOD:02222;CL=yes;TA=K,nterm'}]	size exclusion chromatography (SEC)	0.2–1 mM	not available	30 min	room temperature	L1_20220110_MxR_FDR_fourthbatch_DSSOplate_D3_D4.raw	NT=ms-proteomics;VV=v1.1.0	NT=crosslinking;VV=v1.0.0	NT=human;VV=v1.1.0
PXD042173_L1_20220118_MxR_FDR_fourthbatch_DSSOplate_F5_F6_remeasure	Homo sapiens	whole cell lysate	not available	3	PXD042173_L1_20220118_MxR_FDR_fourthbatch_DSSOplate_F5_F6_remeasure_assay	proteomic profiling by mass spectrometry	data-dependent acquisition	NT=label free sample;AC=MS:1002038	5	1	not available	NT=Lys-C;AC=MS:1001309	NT=Carbamidomethyl;AC=UNIMOD:4;TA=C;MT=Fixed	NT=Oxidation;AC=UNIMOD:21;TA=M;MT=Variable	not available	not available	NT=[{'NT': 'DSSO', 'AC': 'XLMOD:02126', 'CL': 'yes', 'TA': 'K,S,T,Y', 'structured': 'NT=DSSO;AC=XLMOD:02126;CL=yes;TA=K,S,T,Y'}, {'NT': 'Azide-A-DSBSO', 'AC': 'XLMOD:02222', 'CL': 'yes', 'TA': 'K,nterm', 'structured': 'NT=Azide-A-DSBSO;AC=XLMOD:02222;CL=yes;TA=K,nterm'}]	size exclusion chromatography (SEC)	0.2–1 mM	not available	30 min	room temperature	L1_20220118_MxR_FDR_fourthbatch_DSSOplate_F5_F6_remeasure.raw	NT=ms-proteomics;VV=v1.1.0	NT=crosslinking;VV=v1.0.0	NT=human;VV=v1.1.0
PXD042173_L1_20211118_MxR_thirdbatch_DSSOplate_E5_E6	Homo sapiens	whole cell lysate	not available	143	PXD042173_L1_20211118_MxR_thirdbatch_DSSOplate_E5_E6_assay	proteomic profiling by mass spectrometry	data-dependent acquisition	NT=label free sample;AC=MS:1002038	1	1	not available	NT=Lys-C;AC=MS:1001309	NT=Carbamidomethyl;AC=UNIMOD:4;TA=C;MT=Fixed	NT=Oxidation;AC=UNIMOD:21;TA=M;MT=Variable	not available	not available	NT=[{'NT': 'DSSO', 'AC': 'XLMOD:02126', 'CL': 'yes', 'TA': 'K,S,T,Y', 'structured': 'NT=DSSO;AC=XLMOD:02126;CL=yes;TA=K,S,T,Y'}, {'NT': 'Azide-A-DSBSO', 'AC': 'XLMOD:02222', 'CL': 'yes', 'TA': 'K,nterm', 'structured': 'NT=Azide-A-DSBSO;AC=XLMOD:02222;CL=yes;TA=K,nterm'}]	size exclusion chromatography (SEC)	0.2–1 mM	not available	30 min	room temperature	L1_20211118_MxR_thirdbatch_DSSOplate_E5_E6.raw	NT=ms-proteomics;VV=v1.1.0	NT=crosslinking;VV=v1.0.0	NT=human;VV=v1.1.0
PXD042173_L1_20220110_MxR_FDR_fourthbatch_DSSOplate_D5_D6	Homo sapiens	whole cell lysate	not available	144	PXD042173_L1_20220110_MxR_FDR_fourthbatch_DSSOplate_D5_D6_assay	proteomic profiling by mass spectrometry	data-dependent acquisition	NT=label free sample;AC=MS:1002038	1	1	not available	NT=Lys-C;AC=MS:1001309	NT=Carbamidomethyl;AC=UNIMOD:4;TA=C;MT=Fixed	NT=Oxidation;AC=UNIMOD:21;TA=M;MT=Variable	not available	not available	NT=[{'NT': 'DSSO', 'AC': 'XLMOD:02126', 'CL': 'yes', 'TA': 'K,S,T,Y', 'structured': 'NT=DSSO;AC=XLMOD:02126;CL=yes;TA=K,S,T,Y'}, {'NT': 'Azide-A-DSBSO', 'AC': 'XLMOD:02222', 'CL': 'yes', 'TA': 'K,nterm', 'structured': 'NT=Azide-A-DSBSO;AC=XLMOD:02222;CL=yes;TA=K,nterm'}]	size exclusion chromatography (SEC)	0.2–1 mM	not available	30 min	room temperature	L1_20220110_MxR_FDR_fourthbatch_DSSOplate_D5_D6.raw	NT=ms-proteomics;VV=v1.1.0	NT=crosslinking;VV=v1.0.0	NT=human;VV=v1.1.0
PXD042173_L1_20211118_MxR_thirdbatch_DSSOplate_F1_F2	Homo sapiens	whole cell lysate	not available	145	PXD042173_L1_20211118_MxR_thirdbatch_DSSOplate_F1_F2_assay	proteomic profiling by mass spectrometry	data-dependent acquisition	NT=label free sample;AC=MS:1002038	1	1	not available	NT=Lys-C;AC=MS:1001309	NT=Carbamidomethyl;AC=UNIMOD:4;TA=C;MT=Fixed	NT=Oxidation;AC=UNIMOD:21;TA=M;MT=Variable	not available	not available	NT=[{'NT': 'DSSO', 'AC': 'XLMOD:02126', 'CL': 'yes', 'TA': 'K,S,T,Y', 'structured': 'NT=DSSO;AC=XLMOD:02126;CL=yes;TA=K,S,T,Y'}, {'NT': 'Azide-A-DSBSO', 'AC': 'XLMOD:02222', 'CL': 'yes', 'TA': 'K,nterm', 'structured': 'NT=Azide-A-DSBSO;AC=XLMOD:02222;CL=yes;TA=K,nterm'}]	size exclusion chromatography (SEC)	0.2–1 mM	not available	30 min	room temperature	L1_20211118_MxR_thirdbatch_DSSOplate_F1_F2.raw	NT=ms-proteomics;VV=v1.1.0	NT=crosslinking;VV=v1.0.0	NT=human;VV=v1.1.0
PXD042173_L1_20211118_MxR_thirdbatch_DSSOplate_B9_B10	Homo sapiens	whole cell lysate	not available	146	PXD042173_L1_20211118_MxR_thirdbatch_DSSOplate_B9_B10_assay	proteomic profiling by mass spectrometry	data-dependent acquisition	NT=label free sample;AC=MS:1002038	1	1	not available	NT=Lys-C;AC=MS:1001309	NT=Carbamidomethyl;AC=UNIMOD:4;TA=C;MT=Fixed	NT=Oxidation;AC=UNIMOD:21;TA=M;MT=Variable	not available	not available	NT=[{'NT': 'DSSO', 'AC': 'XLMOD:02126', 'CL': 'yes', 'TA': 'K,S,T,Y', 'structured': 'NT=DSSO;AC=XLMOD:02126;CL=yes;TA=K,S,T,Y'}, {'NT': 'Azide-A-DSBSO', 'AC': 'XLMOD:02222', 'CL': 'yes', 'TA': 'K,nterm', 'structured': 'NT=Azide-A-DSBSO;AC=XLMOD:02222;CL=yes;TA=K,nterm'}]	size exclusion chromatography (SEC)	0.2–1 mM	not available	30 min	room temperature	L1_20211118_MxR_thirdbatch_DSSOplate_B9_B10.raw	NT=ms-proteomics;VV=v1.1.0	NT=crosslinking;VV=v1.0.0	NT=human;VV=v1.1.0
PXD042173_L1_20211118_MxR_thirdbatch_DSSOplate_B11_B12	Homo sapiens	whole cell lysate	not available	147	PXD042173_L1_20211118_MxR_thirdbatch_DSSOplate_B11_B12_assay	proteomic profiling by mass spectrometry	data-dependent acquisition	NT=label free sample;AC=MS:1002038	1	1	not available	NT=Lys-C;AC=MS:1001309	NT=Carbamidomethyl;AC=UNIMOD:4;TA=C;MT=Fixed	NT=Oxidation;AC=UNIMOD:21;TA=M;MT=Variable	not available	not available	NT=[{'NT': 'DSSO', 'AC': 'XLMOD:02126', 'CL': 'yes', 'TA': 'K,S,T,Y', 'structured': 'NT=DSSO;AC=XLMOD:02126;CL=yes;TA=K,S,T,Y'}, {'NT': 'Azide-A-DSBSO', 'AC': 'XLMOD:02222', 'CL': 'yes', 'TA': 'K,nterm', 'structured': 'NT=Azide-A-DSBSO;AC=XLMOD:02222;CL=yes;TA=K,nterm'}]	size exclusion chromatography (SEC)	0.2–1 mM	not available	30 min	room temperature	L1_20211118_MxR_thirdbatch_DSSOplate_B11_B12.raw	NT=ms-proteomics;VV=v1.1.0	NT=crosslinking;VV=v1.0.0	NT=human;VV=v1.1.0
PXD042173_L1_20211118_MxR_thirdbatch_DSSOplate_D9_D10	Homo sapiens	whole cell lysate	not available	148	PXD042173_L1_20211118_MxR_thirdbatch_DSSOplate_D9_D10_assay	proteomic profiling by mass spectrometry	data-dependent acquisition	NT=label free sample;AC=MS:1002038	1	1	not available	NT=Lys-C;AC=MS:1001309	NT=Carbamidomethyl;AC=UNIMOD:4;TA=C;MT=Fixed	NT=Oxidation;AC=UNIMOD:21;TA=M;MT=Variable	not available	not available	NT=[{'NT': 'DSSO', 'AC': 'XLMOD:02126', 'CL': 'yes', 'TA': 'K,S,T,Y', 'structured': 'NT=DSSO;AC=XLMOD:02126;CL=yes;TA=K,S,T,Y'}, {'NT': 'Azide-A-DSBSO', 'AC': 'XLMOD:02222', 'CL': 'yes', 'TA': 'K,nterm', 'structured': 'NT=Azide-A-DSBSO;AC=XLMOD:02222;CL=yes;TA=K,nterm'}]	size exclusion chromatography (SEC)	0.2–1 mM	not available	30 min	room temperature	L1_20211118_MxR_thirdbatch_DSSOplate_D9_D10.raw	NT=ms-proteomics;VV=v1.1.0	NT=crosslinking;VV=v1.0.0	NT=human;VV=v1.1.0
PXD042173_L1_20211118_MxR_thirdbatch_DSSOplate_F5_F6	Homo sapiens	whole cell lysate	not available	4	PXD042173_L1_20211118_MxR_thirdbatch_DSSOplate_F5_F6_assay	proteomic profiling by mass spectrometry	data-dependent acquisition	NT=label free sample;AC=MS:1002038	5	1	not available	NT=Lys-C;AC=MS:1001309	NT=Carbamidomethyl;AC=UNIMOD:4;TA=C;MT=Fixed	NT=Oxidation;AC=UNIMOD:21;TA=M;MT=Variable	not available	not available	NT=[{'NT': 'DSSO', 'AC': 'XLMOD:02126', 'CL': 'yes', 'TA': 'K,S,T,Y', 'structured': 'NT=DSSO;AC=XLMOD:02126;CL=yes;TA=K,S,T,Y'}, {'NT': 'Azide-A-DSBSO', 'AC': 'XLMOD:02222', 'CL': 'yes', 'TA': 'K,nterm', 'structured': 'NT=Azide-A-DSBSO;AC=XLMOD:02222;CL=yes;TA=K,nterm'}]	size exclusion chromatography (SEC)	0.2–1 mM	not available	30 min	room temperature	L1_20211118_MxR_thirdbatch_DSSOplate_F5_F6.raw	NT=ms-proteomics;VV=v1.1.0	NT=crosslinking;VV=v1.0.0	NT=human;VV=v1.1.0
PXD042173_L1_20220110_MxR_FDR_fourthbatch_DSSOplate_D1_D2	Homo sapiens	whole cell lysate	not available	149	PXD042173_L1_20220110_MxR_FDR_fourthbatch_DSSOplate_D1_D2_assay	proteomic profiling by mass spectrometry	data-dependent acquisition	NT=label free sample;AC=MS:1002038	1	1	not available	NT=Lys-C;AC=MS:1001309	NT=Carbamidomethyl;AC=UNIMOD:4;TA=C;MT=Fixed	NT=Oxidation;AC=UNIMOD:21;TA=M;MT=Variable	not available	not available	NT=[{'NT': 'DSSO', 'AC': 'XLMOD:02126', 'CL': 'yes', 'TA': 'K,S,T,Y', 'structured': 'NT=DSSO;AC=XLMOD:02126;CL=yes;TA=K,S,T,Y'}, {'NT': 'Azide-A-DSBSO', 'AC': 'XLMOD:02222', 'CL': 'yes', 'TA': 'K,nterm', 'structured': 'NT=Azide-A-DSBSO;AC=XLMOD:02222;CL=yes;TA=K,nterm'}]	size exclusion chromatography (SEC)	0.2–1 mM	not available	30 min	room temperature	L1_20220110_MxR_FDR_fourthbatch_DSSOplate_D1_D2.raw	NT=ms-proteomics;VV=v1.1.0	NT=crosslinking;VV=v1.0.0	NT=human;VV=v1.1.0
PXD042173_L1_20211118_MxR_thirdbatch_DSSOplate_D1_D2	Homo sapiens	whole cell lysate	not available	150	PXD042173_L1_20211118_MxR_thirdbatch_DSSOplate_D1_D2_assay	proteomic profiling by mass spectrometry	data-dependent acquisition	NT=label free sample;AC=MS:1002038	1	1	not available	NT=Lys-C;AC=MS:1001309	NT=Carbamidomethyl;AC=UNIMOD:4;TA=C;MT=Fixed	NT=Oxidation;AC=UNIMOD:21;TA=M;MT=Variable	not available	not available	NT=[{'NT': 'DSSO', 'AC': 'XLMOD:02126', 'CL': 'yes', 'TA': 'K,S,T,Y', 'structured': 'NT=DSSO;AC=XLMOD:02126;CL=yes;TA=K,S,T,Y'}, {'NT': 'Azide-A-DSBSO', 'AC': 'XLMOD:02222', 'CL': 'yes', 'TA': 'K,nterm', 'structured': 'NT=Azide-A-DSBSO;AC=XLMOD:02222;CL=yes;TA=K,nterm'}]	size exclusion chromatography (SEC)	0.2–1 mM	not available	30 min	room temperature	L1_20211118_MxR_thirdbatch_DSSOplate_D1_D2.raw	NT=ms-proteomics;VV=v1.1.0	NT=crosslinking;VV=v1.0.0	NT=human;VV=v1.1.0
PXD042173_L1_20211118_MxR_thirdbatch_DSSOplate_E9_E10	Homo sapiens	whole cell lysate	not available	151	PXD042173_L1_20211118_MxR_thirdbatch_DSSOplate_E9_E10_assay	proteomic profiling by mass spectrometry	data-dependent acquisition	NT=label free sample;AC=MS:1002038	1	1	not available	NT=Lys-C;AC=MS:1001309	NT=Carbamidomethyl;AC=UNIMOD:4;TA=C;MT=Fixed	NT=Oxidation;AC=UNIMOD:21;TA=M;MT=Variable	not available	not available	NT=[{'NT': 'DSSO', 'AC': 'XLMOD:02126', 'CL': 'yes', 'TA': 'K,S,T,Y', 'structured': 'NT=DSSO;AC=XLMOD:02126;CL=yes;TA=K,S,T,Y'}, {'NT': 'Azide-A-DSBSO', 'AC': 'XLMOD:02222', 'CL': 'yes', 'TA': 'K,nterm', 'structured': 'NT=Azide-A-DSBSO;AC=XLMOD:02222;CL=yes;TA=K,nterm'}]	size exclusion chromatography (SEC)	0.2–1 mM	not available	30 min	room temperature	L1_20211118_MxR_thirdbatch_DSSOplate_E9_E10.raw	NT=ms-proteomics;VV=v1.1.0	NT=crosslinking;VV=v1.0.0	NT=human;VV=v1.1.0
PXD042173_L1_20211118_MxR_thirdbatch_DSSOplate_C3_C4	Homo sapiens	whole cell lysate	not available	152	PXD042173_L1_20211118_MxR_thirdbatch_DSSOplate_C3_C4_assay	proteomic profiling by mass spectrometry	data-dependent acquisition	NT=label free sample;AC=MS:1002038	1	1	not available	NT=Lys-C;AC=MS:1001309	NT=Carbamidomethyl;AC=UNIMOD:4;TA=C;MT=Fixed	NT=Oxidation;AC=UNIMOD:21;TA=M;MT=Variable	not available	not available	NT=[{'NT': 'DSSO', 'AC': 'XLMOD:02126', 'CL': 'yes', 'TA': 'K,S,T,Y', 'structured': 'NT=DSSO;AC=XLMOD:02126;CL=yes;TA=K,S,T,Y'}, {'NT': 'Azide-A-DSBSO', 'AC': 'XLMOD:02222', 'CL': 'yes', 'TA': 'K,nterm', 'structured': 'NT=Azide-A-DSBSO;AC=XLMOD:02222;CL=yes;TA=K,nterm'}]	size exclusion chromatography (SEC)	0.2–1 mM	not available	30 min	room temperature	L1_20211118_MxR_thirdbatch_DSSOplate_C3_C4.raw	NT=ms-proteomics;VV=v1.1.0	NT=crosslinking;VV=v1.0.0	NT=human;VV=v1.1.0
PXD042173_L1_20220110_MxR_FDR_fourthbatch_DSSOplate_C9_C10	Homo sapiens	whole cell lysate	not available	153	PXD042173_L1_20220110_MxR_FDR_fourthbatch_DSSOplate_C9_C10_assay	proteomic profiling by mass spectrometry	data-dependent acquisition	NT=label free sample;AC=MS:1002038	1	1	not available	NT=Lys-C;AC=MS:1001309	NT=Carbamidomethyl;AC=UNIMOD:4;TA=C;MT=Fixed	NT=Oxidation;AC=UNIMOD:21;TA=M;MT=Variable	not available	not available	NT=[{'NT': 'DSSO', 'AC': 'XLMOD:02126', 'CL': 'yes', 'TA': 'K,S,T,Y', 'structured': 'NT=DSSO;AC=XLMOD:02126;CL=yes;TA=K,S,T,Y'}, {'NT': 'Azide-A-DSBSO', 'AC': 'XLMOD:02222', 'CL': 'yes', 'TA': 'K,nterm', 'structured': 'NT=Azide-A-DSBSO;AC=XLMOD:02222;CL=yes;TA=K,nterm'}]	size exclusion chromatography (SEC)	0.2–1 mM	not available	30 min	room temperature	L1_20220110_MxR_FDR_fourthbatch_DSSOplate_C9_C10.raw	NT=ms-proteomics;VV=v1.1.0	NT=crosslinking;VV=v1.0.0	NT=human;VV=v1.1.0
PXD042173_L1_20211118_MxR_thirdbatch_DSSOplate_B7_B8	Homo sapiens	whole cell lysate	not available	154	PXD042173_L1_20211118_MxR_thirdbatch_DSSOplate_B7_B8_assay	proteomic profiling by mass spectrometry	data-dependent acquisition	NT=label free sample;AC=MS:1002038	1	1	not available	NT=Lys-C;AC=MS:1001309	NT=Carbamidomethyl;AC=UNIMOD:4;TA=C;MT=Fixed	NT=Oxidation;AC=UNIMOD:21;TA=M;MT=Variable	not available	not available	NT=[{'NT': 'DSSO', 'AC': 'XLMOD:02126', 'CL': 'yes', 'TA': 'K,S,T,Y', 'structured': 'NT=DSSO;AC=XLMOD:02126;CL=yes;TA=K,S,T,Y'}, {'NT': 'Azide-A-DSBSO', 'AC': 'XLMOD:02222', 'CL': 'yes', 'TA': 'K,nterm', 'structured': 'NT=Azide-A-DSBSO;AC=XLMOD:02222;CL=yes;TA=K,nterm'}]	size exclusion chromatography (SEC)	0.2–1 mM	not available	30 min	room temperature	L1_20211118_MxR_thirdbatch_DSSOplate_B7_B8.raw	NT=ms-proteomics;VV=v1.1.0	NT=crosslinking;VV=v1.0.0	NT=human;VV=v1.1.0
PXD042173_L1_20220110_MxR_FDR_fourthbatch_DSSOplate_E7_E8	Homo sapiens	whole cell lysate	not available	155	PXD042173_L1_20220110_MxR_FDR_fourthbatch_DSSOplate_E7_E8_assay	proteomic profiling by mass spectrometry	data-dependent acquisition	NT=label free sample;AC=MS:1002038	1	1	not available	NT=Lys-C;AC=MS:1001309	NT=Carbamidomethyl;AC=UNIMOD:4;TA=C;MT=Fixed	NT=Oxidation;AC=UNIMOD:21;TA=M;MT=Variable	not available	not available	NT=[{'NT': 'DSSO', 'AC': 'XLMOD:02126', 'CL': 'yes', 'TA': 'K,S,T,Y', 'structured': 'NT=DSSO;AC=XLMOD:02126;CL=yes;TA=K,S,T,Y'}, {'NT': 'Azide-A-DSBSO', 'AC': 'XLMOD:02222', 'CL': 'yes', 'TA': 'K,nterm', 'structured': 'NT=Azide-A-DSBSO;AC=XLMOD:02222;CL=yes;TA=K,nterm'}]	size exclusion chromatography (SEC)	0.2–1 mM	not available	30 min	room temperature	L1_20220110_MxR_FDR_fourthbatch_DSSOplate_E7_E8.raw	NT=ms-proteomics;VV=v1.1.0	NT=crosslinking;VV=v1.0.0	NT=human;VV=v1.1.0
PXD042173_L1_20220118_MxR_FDR_fourthbatch_DSSOplate_F11_F12_remeasure	Homo sapiens	whole cell lysate	not available	3	PXD042173_L1_20220118_MxR_FDR_fourthbatch_DSSOplate_F11_F12_remeasure_assay	proteomic profiling by mass spectrometry	data-dependent acquisition	NT=label free sample;AC=MS:1002038	11	1	not available	NT=Lys-C;AC=MS:1001309	NT=Carbamidomethyl;AC=UNIMOD:4;TA=C;MT=Fixed	NT=Oxidation;AC=UNIMOD:21;TA=M;MT=Variable	not available	not available	NT=[{'NT': 'DSSO', 'AC': 'XLMOD:02126', 'CL': 'yes', 'TA': 'K,S,T,Y', 'structured': 'NT=DSSO;AC=XLMOD:02126;CL=yes;TA=K,S,T,Y'}, {'NT': 'Azide-A-DSBSO', 'AC': 'XLMOD:02222', 'CL': 'yes', 'TA': 'K,nterm', 'structured': 'NT=Azide-A-DSBSO;AC=XLMOD:02222;CL=yes;TA=K,nterm'}]	size exclusion chromatography (SEC)	0.2–1 mM	not available	30 min	room temperature	L1_20220118_MxR_FDR_fourthbatch_DSSOplate_F11_F12_remeasure.raw	NT=ms-proteomics;VV=v1.1.0	NT=crosslinking;VV=v1.0.0	NT=human;VV=v1.1.0
PXD042173_L1_20211118_MxR_thirdbatch_DSSOplate_C9_C10	Homo sapiens	whole cell lysate	not available	156	PXD042173_L1_20211118_MxR_thirdbatch_DSSOplate_C9_C10_assay	proteomic profiling by mass spectrometry	data-dependent acquisition	NT=label free sample;AC=MS:1002038	1	1	not available	NT=Lys-C;AC=MS:1001309	NT=Carbamidomethyl;AC=UNIMOD:4;TA=C;MT=Fixed	NT=Oxidation;AC=UNIMOD:21;TA=M;MT=Variable	not available	not available	NT=[{'NT': 'DSSO', 'AC': 'XLMOD:02126', 'CL': 'yes', 'TA': 'K,S,T,Y', 'structured': 'NT=DSSO;AC=XLMOD:02126;CL=yes;TA=K,S,T,Y'}, {'NT': 'Azide-A-DSBSO', 'AC': 'XLMOD:02222', 'CL': 'yes', 'TA': 'K,nterm', 'structured': 'NT=Azide-A-DSBSO;AC=XLMOD:02222;CL=yes;TA=K,nterm'}]	size exclusion chromatography (SEC)	0.2–1 mM	not available	30 min	room temperature	L1_20211118_MxR_thirdbatch_DSSOplate_C9_C10.raw	NT=ms-proteomics;VV=v1.1.0	NT=crosslinking;VV=v1.0.0	NT=human;VV=v1.1.0
PXD042173_L1_20211118_MxR_thirdbatch_DSSOplate_C1_C2	Homo sapiens	whole cell lysate	not available	157	PXD042173_L1_20211118_MxR_thirdbatch_DSSOplate_C1_C2_assay	proteomic profiling by mass spectrometry	data-dependent acquisition	NT=label free sample;AC=MS:1002038	1	1	not available	NT=Lys-C;AC=MS:1001309	NT=Carbamidomethyl;AC=UNIMOD:4;TA=C;MT=Fixed	NT=Oxidation;AC=UNIMOD:21;TA=M;MT=Variable	not available	not available	NT=[{'NT': 'DSSO', 'AC': 'XLMOD:02126', 'CL': 'yes', 'TA': 'K,S,T,Y', 'structured': 'NT=DSSO;AC=XLMOD:02126;CL=yes;TA=K,S,T,Y'}, {'NT': 'Azide-A-DSBSO', 'AC': 'XLMOD:02222', 'CL': 'yes', 'TA': 'K,nterm', 'structured': 'NT=Azide-A-DSBSO;AC=XLMOD:02222;CL=yes;TA=K,nterm'}]	size exclusion chromatography (SEC)	0.2–1 mM	not available	30 min	room temperature	L1_20211118_MxR_thirdbatch_DSSOplate_C1_C2.raw	NT=ms-proteomics;VV=v1.1.0	NT=crosslinking;VV=v1.0.0	NT=human;VV=v1.1.0
PXD042173_L1_20211118_MxR_thirdbatch_DSSOplate_E7_E8	Homo sapiens	whole cell lysate	not available	158	PXD042173_L1_20211118_MxR_thirdbatch_DSSOplate_E7_E8_assay	proteomic profiling by mass spectrometry	data-dependent acquisition	NT=label free sample;AC=MS:1002038	1	1	not available	NT=Lys-C;AC=MS:1001309	NT=Carbamidomethyl;AC=UNIMOD:4;TA=C;MT=Fixed	NT=Oxidation;AC=UNIMOD:21;TA=M;MT=Variable	not available	not available	NT=[{'NT': 'DSSO', 'AC': 'XLMOD:02126', 'CL': 'yes', 'TA': 'K,S,T,Y', 'structured': 'NT=DSSO;AC=XLMOD:02126;CL=yes;TA=K,S,T,Y'}, {'NT': 'Azide-A-DSBSO', 'AC': 'XLMOD:02222', 'CL': 'yes', 'TA': 'K,nterm', 'structured': 'NT=Azide-A-DSBSO;AC=XLMOD:02222;CL=yes;TA=K,nterm'}]	size exclusion chromatography (SEC)	0.2–1 mM	not available	30 min	room temperature	L1_20211118_MxR_thirdbatch_DSSOplate_E7_E8.raw	NT=ms-proteomics;VV=v1.1.0	NT=crosslinking;VV=v1.0.0	NT=human;VV=v1.1.0
PXD042173_L1_20220110_MxR_FDR_fourthbatch_DSSOplate_B9_B10	Homo sapiens	whole cell lysate	not available	159	PXD042173_L1_20220110_MxR_FDR_fourthbatch_DSSOplate_B9_B10_assay	proteomic profiling by mass spectrometry	data-dependent acquisition	NT=label free sample;AC=MS:1002038	1	1	not available	NT=Lys-C;AC=MS:1001309	NT=Carbamidomethyl;AC=UNIMOD:4;TA=C;MT=Fixed	NT=Oxidation;AC=UNIMOD:21;TA=M;MT=Variable	not available	not available	NT=[{'NT': 'DSSO', 'AC': 'XLMOD:02126', 'CL': 'yes', 'TA': 'K,S,T,Y', 'structured': 'NT=DSSO;AC=XLMOD:02126;CL=yes;TA=K,S,T,Y'}, {'NT': 'Azide-A-DSBSO', 'AC': 'XLMOD:02222', 'CL': 'yes', 'TA': 'K,nterm', 'structured': 'NT=Azide-A-DSBSO;AC=XLMOD:02222;CL=yes;TA=K,nterm'}]	size exclusion chromatography (SEC)	0.2–1 mM	not available	30 min	room temperature	L1_20220110_MxR_FDR_fourthbatch_DSSOplate_B9_B10.raw	NT=ms-proteomics;VV=v1.1.0	NT=crosslinking;VV=v1.0.0	NT=human;VV=v1.1.0
