source name	characteristics[organism]	characteristics[organism part]	characteristics[cell type]	characteristics[biological replicate]	assay name	technology type	comment[proteomics data acquisition method]	comment[label]	comment[fraction identifier]	comment[technical replicate]	comment[instrument]	comment[cleavage agent details]	comment[modification parameters]	comment[modification parameters]	comment[collision energy]	comment[dissociation method]	comment[cross-linker]	comment[crosslink enrichment method]	comment[crosslinker concentration]	comment[crosslinker to protein ratio]	comment[crosslinking reaction time]	comment[crosslinking temperature]	comment[data file]	comment[sdrf template]	comment[sdrf template]	comment[sdrf template]
PXD035844_20200529_Fusion_Jlow_XLMS_MPF3_1	NT=Homo sapiens;AC=NCBITaxon:9606	cell fraction	not available	1	PXD035844_20200529_Fusion_Jlow_XLMS_MPF3_1_assay	proteomic profiling by mass spectrometry	data-dependent acquisition	NT=label free sample;AC=MS:1002038	1	1	not available	not available	NT=Carbamidomethyl;AC=UNIMOD:4;TA=C;MT=Fixed	NT=Oxidation;AC=UNIMOD:21;TA=M;MT=Variable	not available	not available	NT=['DHSO', 'DSSO', 'DMTMM'];AC=['XLMOD:02226', 'XLMOD:02126', None];TA=['D,E', 'K,S,T,Y', None]	not available	not available	not available	not available	not available	20200529_Fusion_Jlow_XLMS_MPF3_1.raw	NT=ms-proteomics;VV=v1.1.0	NT=crosslinking;VV=v1.0.0	NT=human;VV=v1.1.0
PXD035844_20201113_Fusion_JLow_DHSO2_C8_F11	Homo sapiens	cell fraction	not available	1	PXD035844_20201113_Fusion_JLow_DHSO2_C8_F11_assay	proteomic profiling by mass spectrometry	data-dependent acquisition	NT=label free sample;AC=MS:1002038	11	1	not available	not available	NT=Carbamidomethyl;AC=UNIMOD:4;TA=C;MT=Fixed	NT=Oxidation;AC=UNIMOD:21;TA=M;MT=Variable	not available	not available	NT=['DHSO', 'DSSO', 'DMTMM'];AC=['XLMOD:02226', 'XLMOD:02126', None];TA=['D,E', 'K,S,T,Y', None]	not available	not available	not available	not available	not available	20201113_Fusion_JLow_DHSO2_C8_F11.raw	NT=ms-proteomics;VV=v1.1.0	NT=crosslinking;VV=v1.0.0	NT=human;VV=v1.1.0
PXD035844_20200529_Fusion_Jlow_XLMS_CPF3_7	Homo sapiens	cell fraction	not available	2	PXD035844_20200529_Fusion_Jlow_XLMS_CPF3_7_assay	proteomic profiling by mass spectrometry	data-dependent acquisition	NT=label free sample;AC=MS:1002038	1	1	not available	not available	NT=Carbamidomethyl;AC=UNIMOD:4;TA=C;MT=Fixed	NT=Oxidation;AC=UNIMOD:21;TA=M;MT=Variable	not available	not available	NT=['DHSO', 'DSSO', 'DMTMM'];AC=['XLMOD:02226', 'XLMOD:02126', None];TA=['D,E', 'K,S,T,Y', None]	not available	not available	not available	not available	not available	20200529_Fusion_Jlow_XLMS_CPF3_7.raw	NT=ms-proteomics;VV=v1.1.0	NT=crosslinking;VV=v1.0.0	NT=human;VV=v1.1.0
PXD035844_20201119_Fusion_JLow_DHSO3_C9_F9	Homo sapiens	cell fraction	not available	1	PXD035844_20201119_Fusion_JLow_DHSO3_C9_F9_assay	proteomic profiling by mass spectrometry	data-dependent acquisition	NT=label free sample;AC=MS:1002038	9	1	not available	not available	NT=Carbamidomethyl;AC=UNIMOD:4;TA=C;MT=Fixed	NT=Oxidation;AC=UNIMOD:21;TA=M;MT=Variable	not available	not available	NT=['DHSO', 'DSSO', 'DMTMM'];AC=['XLMOD:02226', 'XLMOD:02126', None];TA=['D,E', 'K,S,T,Y', None]	not available	not available	not available	not available	not available	20201119_Fusion_JLow_DHSO3_C9_F9.raw	NT=ms-proteomics;VV=v1.1.0	NT=crosslinking;VV=v1.0.0	NT=human;VV=v1.1.0
PXD035844_20200529_Fusion_Jlow_XLMS_NPF3_8	NT=Homo sapiens;AC=NCBITaxon:9606	cell fraction	not available	3	PXD035844_20200529_Fusion_Jlow_XLMS_NPF3_8_assay	proteomic profiling by mass spectrometry	data-dependent acquisition	NT=label free sample;AC=MS:1002038	1	1	not available	not available	NT=Carbamidomethyl;AC=UNIMOD:4;TA=C;MT=Fixed	NT=Oxidation;AC=UNIMOD:21;TA=M;MT=Variable	not available	not available	NT=['DHSO', 'DSSO', 'DMTMM'];AC=['XLMOD:02226', 'XLMOD:02126', None];TA=['D,E', 'K,S,T,Y', None]	not available	not available	not available	not available	not available	20200529_Fusion_Jlow_XLMS_NPF3_8.raw	NT=ms-proteomics;VV=v1.1.0	NT=crosslinking;VV=v1.0.0	NT=human;VV=v1.1.0
PXD035844_20201127_QEHFX4_JLow_DMTMM_con_C9_F6	Homo sapiens	cell fraction	not available	1	PXD035844_20201127_QEHFX4_JLow_DMTMM_con_C9_F6_assay	proteomic profiling by mass spectrometry	data-dependent acquisition	NT=label free sample;AC=MS:1002038	6	1	not available	not available	NT=Carbamidomethyl;AC=UNIMOD:4;TA=C;MT=Fixed	NT=Oxidation;AC=UNIMOD:21;TA=M;MT=Variable	not available	not available	NT=['DHSO', 'DSSO', 'DMTMM'];AC=['XLMOD:02226', 'XLMOD:02126', None];TA=['D,E', 'K,S,T,Y', None]	not available	not available	not available	not available	not available	20201127_QEHFX4_JLow_DMTMM_con_C9_F6.raw	NT=ms-proteomics;VV=v1.1.0	NT=crosslinking;VV=v1.0.0	NT=human;VV=v1.1.0
PXD035844_20201119_Fusion_JLow_DHSO3_N9_F8	Homo sapiens	cell fraction	not available	1	PXD035844_20201119_Fusion_JLow_DHSO3_N9_F8_assay	proteomic profiling by mass spectrometry	data-dependent acquisition	NT=label free sample;AC=MS:1002038	8	1	not available	not available	NT=Carbamidomethyl;AC=UNIMOD:4;TA=C;MT=Fixed	NT=Oxidation;AC=UNIMOD:21;TA=M;MT=Variable	not available	not available	NT=['DHSO', 'DSSO', 'DMTMM'];AC=['XLMOD:02226', 'XLMOD:02126', None];TA=['D,E', 'K,S,T,Y', None]	not available	not available	not available	not available	not available	20201119_Fusion_JLow_DHSO3_N9_F8.raw	NT=ms-proteomics;VV=v1.1.0	NT=crosslinking;VV=v1.0.0	NT=human;VV=v1.1.0
PXD035844_20201127_QEHFX4_JLow_DMTMM_con_G9_F6	Homo sapiens	cell fraction	not available	2	PXD035844_20201127_QEHFX4_JLow_DMTMM_con_G9_F6_assay	proteomic profiling by mass spectrometry	data-dependent acquisition	NT=label free sample;AC=MS:1002038	6	1	not available	not available	NT=Carbamidomethyl;AC=UNIMOD:4;TA=C;MT=Fixed	NT=Oxidation;AC=UNIMOD:21;TA=M;MT=Variable	not available	not available	NT=['DHSO', 'DSSO', 'DMTMM'];AC=['XLMOD:02226', 'XLMOD:02126', None];TA=['D,E', 'K,S,T,Y', None]	not available	not available	not available	not available	not available	20201127_QEHFX4_JLow_DMTMM_con_G9_F6.raw	NT=ms-proteomics;VV=v1.1.0	NT=crosslinking;VV=v1.0.0	NT=human;VV=v1.1.0
PXD035844_20181108_Fusion_JL_exp1_NPF1	NT=Homo sapiens;AC=NCBITaxon:9606	cell fraction	not available	4	PXD035844_20181108_Fusion_JL_exp1_NPF1_assay	proteomic profiling by mass spectrometry	data-dependent acquisition	NT=label free sample;AC=MS:1002038	1	1	not available	not available	NT=Carbamidomethyl;AC=UNIMOD:4;TA=C;MT=Fixed	NT=Oxidation;AC=UNIMOD:21;TA=M;MT=Variable	not available	not available	NT=['DHSO', 'DSSO', 'DMTMM'];AC=['XLMOD:02226', 'XLMOD:02126', None];TA=['D,E', 'K,S,T,Y', None]	not available	not available	not available	not available	not available	20181108_Fusion_JL_exp1_NPF1.raw	NT=ms-proteomics;VV=v1.1.0	NT=crosslinking;VV=v1.0.0	NT=human;VV=v1.1.0
PXD035844_20200529_Fusion_Jlow_XLMS_CPF3_8	Homo sapiens	cell fraction	not available	5	PXD035844_20200529_Fusion_Jlow_XLMS_CPF3_8_assay	proteomic profiling by mass spectrometry	data-dependent acquisition	NT=label free sample;AC=MS:1002038	1	1	not available	not available	NT=Carbamidomethyl;AC=UNIMOD:4;TA=C;MT=Fixed	NT=Oxidation;AC=UNIMOD:21;TA=M;MT=Variable	not available	not available	NT=['DHSO', 'DSSO', 'DMTMM'];AC=['XLMOD:02226', 'XLMOD:02126', None];TA=['D,E', 'K,S,T,Y', None]	not available	not available	not available	not available	not available	20200529_Fusion_Jlow_XLMS_CPF3_8.raw	NT=ms-proteomics;VV=v1.1.0	NT=crosslinking;VV=v1.0.0	NT=human;VV=v1.1.0
PXD035844_20201127_QEHFX4_JLow_DMTMM_con_C9_F11	Homo sapiens	cell fraction	not available	2	PXD035844_20201127_QEHFX4_JLow_DMTMM_con_C9_F11_assay	proteomic profiling by mass spectrometry	data-dependent acquisition	NT=label free sample;AC=MS:1002038	11	1	not available	not available	NT=Carbamidomethyl;AC=UNIMOD:4;TA=C;MT=Fixed	NT=Oxidation;AC=UNIMOD:21;TA=M;MT=Variable	not available	not available	NT=['DHSO', 'DSSO', 'DMTMM'];AC=['XLMOD:02226', 'XLMOD:02126', None];TA=['D,E', 'K,S,T,Y', None]	not available	not available	not available	not available	not available	20201127_QEHFX4_JLow_DMTMM_con_C9_F11.raw	NT=ms-proteomics;VV=v1.1.0	NT=crosslinking;VV=v1.0.0	NT=human;VV=v1.1.0
PXD035844_20201119_QEHFX4_JLow_DMTMM2_G8_F4	Homo sapiens	cell fraction	not available	1	PXD035844_20201119_QEHFX4_JLow_DMTMM2_G8_F4_assay	proteomic profiling by mass spectrometry	data-dependent acquisition	NT=label free sample;AC=MS:1002038	4	1	not available	not available	NT=Carbamidomethyl;AC=UNIMOD:4;TA=C;MT=Fixed	NT=Oxidation;AC=UNIMOD:21;TA=M;MT=Variable	not available	not available	NT=['DHSO', 'DSSO', 'DMTMM'];AC=['XLMOD:02226', 'XLMOD:02126', None];TA=['D,E', 'K,S,T,Y', None]	not available	not available	not available	not available	not available	20201119_QEHFX4_JLow_DMTMM2_G8_F4.raw	NT=ms-proteomics;VV=v1.1.0	NT=crosslinking;VV=v1.0.0	NT=human;VV=v1.1.0
PXD035844_20201119_Fusion_JLow_DHSO2_N8_F3	Homo sapiens	cell fraction	not available	1	PXD035844_20201119_Fusion_JLow_DHSO2_N8_F3_assay	proteomic profiling by mass spectrometry	data-dependent acquisition	NT=label free sample;AC=MS:1002038	3	1	not available	not available	NT=Carbamidomethyl;AC=UNIMOD:4;TA=C;MT=Fixed	NT=Oxidation;AC=UNIMOD:21;TA=M;MT=Variable	not available	not available	NT=['DHSO', 'DSSO', 'DMTMM'];AC=['XLMOD:02226', 'XLMOD:02126', None];TA=['D,E', 'K,S,T,Y', None]	not available	not available	not available	not available	not available	20201119_Fusion_JLow_DHSO2_N8_F3.raw	NT=ms-proteomics;VV=v1.1.0	NT=crosslinking;VV=v1.0.0	NT=human;VV=v1.1.0
PXD035844_20201113_Fusion_JLow_DHSO2_G8_F5_reinject	Homo sapiens	cell fraction	not available	1	PXD035844_20201113_Fusion_JLow_DHSO2_G8_F5_reinject_assay	proteomic profiling by mass spectrometry	data-dependent acquisition	NT=label free sample;AC=MS:1002038	5	1	not available	not available	NT=Carbamidomethyl;AC=UNIMOD:4;TA=C;MT=Fixed	NT=Oxidation;AC=UNIMOD:21;TA=M;MT=Variable	not available	not available	NT=['DHSO', 'DSSO', 'DMTMM'];AC=['XLMOD:02226', 'XLMOD:02126', None];TA=['D,E', 'K,S,T,Y', None]	not available	not available	not available	not available	not available	20201113_Fusion_JLow_DHSO2_G8_F5_reinject.raw	NT=ms-proteomics;VV=v1.1.0	NT=crosslinking;VV=v1.0.0	NT=human;VV=v1.1.0
PXD035844_20201119_Fusion_JLow_DHSO3_M9_F12	Homo sapiens	cell fraction	not available	1	PXD035844_20201119_Fusion_JLow_DHSO3_M9_F12_assay	proteomic profiling by mass spectrometry	data-dependent acquisition	NT=label free sample;AC=MS:1002038	12	1	not available	not available	NT=Carbamidomethyl;AC=UNIMOD:4;TA=C;MT=Fixed	NT=Oxidation;AC=UNIMOD:21;TA=M;MT=Variable	not available	not available	NT=['DHSO', 'DSSO', 'DMTMM'];AC=['XLMOD:02226', 'XLMOD:02126', None];TA=['D,E', 'K,S,T,Y', None]	not available	not available	not available	not available	not available	20201119_Fusion_JLow_DHSO3_M9_F12.raw	NT=ms-proteomics;VV=v1.1.0	NT=crosslinking;VV=v1.0.0	NT=human;VV=v1.1.0
PXD035844_20200529_Fusion_Jlow_XLMS_CPF1_3	Homo sapiens	cell fraction	not available	6	PXD035844_20200529_Fusion_Jlow_XLMS_CPF1_3_assay	proteomic profiling by mass spectrometry	data-dependent acquisition	NT=label free sample;AC=MS:1002038	1	1	not available	not available	NT=Carbamidomethyl;AC=UNIMOD:4;TA=C;MT=Fixed	NT=Oxidation;AC=UNIMOD:21;TA=M;MT=Variable	not available	not available	NT=['DHSO', 'DSSO', 'DMTMM'];AC=['XLMOD:02226', 'XLMOD:02126', None];TA=['D,E', 'K,S,T,Y', None]	not available	not available	not available	not available	not available	20200529_Fusion_Jlow_XLMS_CPF1_3.raw	NT=ms-proteomics;VV=v1.1.0	NT=crosslinking;VV=v1.0.0	NT=human;VV=v1.1.0
PXD035844_20201119_Fusion_JLow_DHSO2_M8_F5	Homo sapiens	cell fraction	not available	2	PXD035844_20201119_Fusion_JLow_DHSO2_M8_F5_assay	proteomic profiling by mass spectrometry	data-dependent acquisition	NT=label free sample;AC=MS:1002038	5	1	not available	not available	NT=Carbamidomethyl;AC=UNIMOD:4;TA=C;MT=Fixed	NT=Oxidation;AC=UNIMOD:21;TA=M;MT=Variable	not available	not available	NT=['DHSO', 'DSSO', 'DMTMM'];AC=['XLMOD:02226', 'XLMOD:02126', None];TA=['D,E', 'K,S,T,Y', None]	not available	not available	not available	not available	not available	20201119_Fusion_JLow_DHSO2_M8_F5.raw	NT=ms-proteomics;VV=v1.1.0	NT=crosslinking;VV=v1.0.0	NT=human;VV=v1.1.0
PXD035844_20200529_Fusion_Jlow_XLMS_NPF3_11	NT=Homo sapiens;AC=NCBITaxon:9606	cell fraction	not available	7	PXD035844_20200529_Fusion_Jlow_XLMS_NPF3_11_assay	proteomic profiling by mass spectrometry	data-dependent acquisition	NT=label free sample;AC=MS:1002038	1	1	not available	not available	NT=Carbamidomethyl;AC=UNIMOD:4;TA=C;MT=Fixed	NT=Oxidation;AC=UNIMOD:21;TA=M;MT=Variable	not available	not available	NT=['DHSO', 'DSSO', 'DMTMM'];AC=['XLMOD:02226', 'XLMOD:02126', None];TA=['D,E', 'K,S,T,Y', None]	not available	not available	not available	not available	not available	20200529_Fusion_Jlow_XLMS_NPF3_11.raw	NT=ms-proteomics;VV=v1.1.0	NT=crosslinking;VV=v1.0.0	NT=human;VV=v1.1.0
PXD035844_20181108_Fusion_JL_exp1_CPF11	Homo sapiens	cell fraction	not available	8	PXD035844_20181108_Fusion_JL_exp1_CPF11_assay	proteomic profiling by mass spectrometry	data-dependent acquisition	NT=label free sample;AC=MS:1002038	1	1	not available	not available	NT=Carbamidomethyl;AC=UNIMOD:4;TA=C;MT=Fixed	NT=Oxidation;AC=UNIMOD:21;TA=M;MT=Variable	not available	not available	NT=['DHSO', 'DSSO', 'DMTMM'];AC=['XLMOD:02226', 'XLMOD:02126', None];TA=['D,E', 'K,S,T,Y', None]	not available	not available	not available	not available	not available	20181108_Fusion_JL_exp1_CPF11.raw	NT=ms-proteomics;VV=v1.1.0	NT=crosslinking;VV=v1.0.0	NT=human;VV=v1.1.0
PXD035844_20200529_Fusion_Jlow_XLMS_GPF3_11	NT=Homo sapiens;AC=NCBITaxon:9606	cell fraction	not available	9	PXD035844_20200529_Fusion_Jlow_XLMS_GPF3_11_assay	proteomic profiling by mass spectrometry	data-dependent acquisition	NT=label free sample;AC=MS:1002038	1	1	not available	not available	NT=Carbamidomethyl;AC=UNIMOD:4;TA=C;MT=Fixed	NT=Oxidation;AC=UNIMOD:21;TA=M;MT=Variable	not available	not available	NT=['DHSO', 'DSSO', 'DMTMM'];AC=['XLMOD:02226', 'XLMOD:02126', None];TA=['D,E', 'K,S,T,Y', None]	not available	not available	not available	not available	not available	20200529_Fusion_Jlow_XLMS_GPF3_11.raw	NT=ms-proteomics;VV=v1.1.0	NT=crosslinking;VV=v1.0.0	NT=human;VV=v1.1.0
PXD035844_20201119_Fusion_JLow_DHSO3_N9_F2_reinject	Homo sapiens	cell fraction	not available	1	PXD035844_20201119_Fusion_JLow_DHSO3_N9_F2_reinject_assay	proteomic profiling by mass spectrometry	data-dependent acquisition	NT=label free sample;AC=MS:1002038	2	1	not available	not available	NT=Carbamidomethyl;AC=UNIMOD:4;TA=C;MT=Fixed	NT=Oxidation;AC=UNIMOD:21;TA=M;MT=Variable	not available	not available	NT=['DHSO', 'DSSO', 'DMTMM'];AC=['XLMOD:02226', 'XLMOD:02126', None];TA=['D,E', 'K,S,T,Y', None]	not available	not available	not available	not available	not available	20201119_Fusion_JLow_DHSO3_N9_F2_reinject.raw	NT=ms-proteomics;VV=v1.1.0	NT=crosslinking;VV=v1.0.0	NT=human;VV=v1.1.0
PXD035844_20201119_Fusion_JLow_DHSO3_G9_F5	Homo sapiens	cell fraction	not available	3	PXD035844_20201119_Fusion_JLow_DHSO3_G9_F5_assay	proteomic profiling by mass spectrometry	data-dependent acquisition	NT=label free sample;AC=MS:1002038	5	1	not available	not available	NT=Carbamidomethyl;AC=UNIMOD:4;TA=C;MT=Fixed	NT=Oxidation;AC=UNIMOD:21;TA=M;MT=Variable	not available	not available	NT=['DHSO', 'DSSO', 'DMTMM'];AC=['XLMOD:02226', 'XLMOD:02126', None];TA=['D,E', 'K,S,T,Y', None]	not available	not available	not available	not available	not available	20201119_Fusion_JLow_DHSO3_G9_F5.raw	NT=ms-proteomics;VV=v1.1.0	NT=crosslinking;VV=v1.0.0	NT=human;VV=v1.1.0
PXD035844_20201119_QEHFX4_JLow_DMTMM2_N8_F1	Homo sapiens	cell fraction	not available	10	PXD035844_20201119_QEHFX4_JLow_DMTMM2_N8_F1_assay	proteomic profiling by mass spectrometry	data-dependent acquisition	NT=label free sample;AC=MS:1002038	1	1	not available	not available	NT=Carbamidomethyl;AC=UNIMOD:4;TA=C;MT=Fixed	NT=Oxidation;AC=UNIMOD:21;TA=M;MT=Variable	not available	not available	NT=['DHSO', 'DSSO', 'DMTMM'];AC=['XLMOD:02226', 'XLMOD:02126', None];TA=['D,E', 'K,S,T,Y', None]	not available	not available	not available	not available	not available	20201119_QEHFX4_JLow_DMTMM2_N8_F1.raw	NT=ms-proteomics;VV=v1.1.0	NT=crosslinking;VV=v1.0.0	NT=human;VV=v1.1.0
PXD035844_20200529_Fusion_Jlow_XLMS_CPF2_9	Homo sapiens	cell fraction	not available	11	PXD035844_20200529_Fusion_Jlow_XLMS_CPF2_9_assay	proteomic profiling by mass spectrometry	data-dependent acquisition	NT=label free sample;AC=MS:1002038	1	1	not available	not available	NT=Carbamidomethyl;AC=UNIMOD:4;TA=C;MT=Fixed	NT=Oxidation;AC=UNIMOD:21;TA=M;MT=Variable	not available	not available	NT=['DHSO', 'DSSO', 'DMTMM'];AC=['XLMOD:02226', 'XLMOD:02126', None];TA=['D,E', 'K,S,T,Y', None]	not available	not available	not available	not available	not available	20200529_Fusion_Jlow_XLMS_CPF2_9.raw	NT=ms-proteomics;VV=v1.1.0	NT=crosslinking;VV=v1.0.0	NT=human;VV=v1.1.0
PXD035844_20200529_Fusion_Jlow_XLMS_CPF1_12	Homo sapiens	cell fraction	not available	12	PXD035844_20200529_Fusion_Jlow_XLMS_CPF1_12_assay	proteomic profiling by mass spectrometry	data-dependent acquisition	NT=label free sample;AC=MS:1002038	1	1	not available	not available	NT=Carbamidomethyl;AC=UNIMOD:4;TA=C;MT=Fixed	NT=Oxidation;AC=UNIMOD:21;TA=M;MT=Variable	not available	not available	NT=['DHSO', 'DSSO', 'DMTMM'];AC=['XLMOD:02226', 'XLMOD:02126', None];TA=['D,E', 'K,S,T,Y', None]	not available	not available	not available	not available	not available	20200529_Fusion_Jlow_XLMS_CPF1_12.raw	NT=ms-proteomics;VV=v1.1.0	NT=crosslinking;VV=v1.0.0	NT=human;VV=v1.1.0
PXD035844_20201119_Fusion_JLow_DHSO3_G9_F2	Homo sapiens	cell fraction	not available	2	PXD035844_20201119_Fusion_JLow_DHSO3_G9_F2_assay	proteomic profiling by mass spectrometry	data-dependent acquisition	NT=label free sample;AC=MS:1002038	2	1	not available	not available	NT=Carbamidomethyl;AC=UNIMOD:4;TA=C;MT=Fixed	NT=Oxidation;AC=UNIMOD:21;TA=M;MT=Variable	not available	not available	NT=['DHSO', 'DSSO', 'DMTMM'];AC=['XLMOD:02226', 'XLMOD:02126', None];TA=['D,E', 'K,S,T,Y', None]	not available	not available	not available	not available	not available	20201119_Fusion_JLow_DHSO3_G9_F2.raw	NT=ms-proteomics;VV=v1.1.0	NT=crosslinking;VV=v1.0.0	NT=human;VV=v1.1.0
PXD035844_20201113_Fusion_JLow_DHSO2_G8_F3	Homo sapiens	cell fraction	not available	2	PXD035844_20201113_Fusion_JLow_DHSO2_G8_F3_assay	proteomic profiling by mass spectrometry	data-dependent acquisition	NT=label free sample;AC=MS:1002038	3	1	not available	not available	NT=Carbamidomethyl;AC=UNIMOD:4;TA=C;MT=Fixed	NT=Oxidation;AC=UNIMOD:21;TA=M;MT=Variable	not available	not available	NT=['DHSO', 'DSSO', 'DMTMM'];AC=['XLMOD:02226', 'XLMOD:02126', None];TA=['D,E', 'K,S,T,Y', None]	not available	not available	not available	not available	not available	20201113_Fusion_JLow_DHSO2_G8_F3.raw	NT=ms-proteomics;VV=v1.1.0	NT=crosslinking;VV=v1.0.0	NT=human;VV=v1.1.0
PXD035844_20201119_Fusion_JLow_DHSO3_M9_F1	Homo sapiens	cell fraction	not available	13	PXD035844_20201119_Fusion_JLow_DHSO3_M9_F1_assay	proteomic profiling by mass spectrometry	data-dependent acquisition	NT=label free sample;AC=MS:1002038	1	1	not available	not available	NT=Carbamidomethyl;AC=UNIMOD:4;TA=C;MT=Fixed	NT=Oxidation;AC=UNIMOD:21;TA=M;MT=Variable	not available	not available	NT=['DHSO', 'DSSO', 'DMTMM'];AC=['XLMOD:02226', 'XLMOD:02126', None];TA=['D,E', 'K,S,T,Y', None]	not available	not available	not available	not available	not available	20201119_Fusion_JLow_DHSO3_M9_F1.raw	NT=ms-proteomics;VV=v1.1.0	NT=crosslinking;VV=v1.0.0	NT=human;VV=v1.1.0
PXD035844_20201119_Fusion_JLow_DHSO3_C9_F9_reinject_c	Homo sapiens	cell fraction	not available	2	PXD035844_20201119_Fusion_JLow_DHSO3_C9_F9_reinject_c_assay	proteomic profiling by mass spectrometry	data-dependent acquisition	NT=label free sample;AC=MS:1002038	9	1	not available	not available	NT=Carbamidomethyl;AC=UNIMOD:4;TA=C;MT=Fixed	NT=Oxidation;AC=UNIMOD:21;TA=M;MT=Variable	not available	not available	NT=['DHSO', 'DSSO', 'DMTMM'];AC=['XLMOD:02226', 'XLMOD:02126', None];TA=['D,E', 'K,S,T,Y', None]	not available	not available	not available	not available	not available	20201119_Fusion_JLow_DHSO3_C9_F9_reinject_c.raw	NT=ms-proteomics;VV=v1.1.0	NT=crosslinking;VV=v1.0.0	NT=human;VV=v1.1.0
PXD035844_20200529_Fusion_Jlow_XLMS_MPF1_9	NT=Homo sapiens;AC=NCBITaxon:9606	cell fraction	not available	14	PXD035844_20200529_Fusion_Jlow_XLMS_MPF1_9_assay	proteomic profiling by mass spectrometry	data-dependent acquisition	NT=label free sample;AC=MS:1002038	1	1	not available	not available	NT=Carbamidomethyl;AC=UNIMOD:4;TA=C;MT=Fixed	NT=Oxidation;AC=UNIMOD:21;TA=M;MT=Variable	not available	not available	NT=['DHSO', 'DSSO', 'DMTMM'];AC=['XLMOD:02226', 'XLMOD:02126', None];TA=['D,E', 'K,S,T,Y', None]	not available	not available	not available	not available	not available	20200529_Fusion_Jlow_XLMS_MPF1_9.raw	NT=ms-proteomics;VV=v1.1.0	NT=crosslinking;VV=v1.0.0	NT=human;VV=v1.1.0
PXD035844_20201119_Fusion_JLow_DHSO3_M9_F9	Homo sapiens	cell fraction	not available	3	PXD035844_20201119_Fusion_JLow_DHSO3_M9_F9_assay	proteomic profiling by mass spectrometry	data-dependent acquisition	NT=label free sample;AC=MS:1002038	9	1	not available	not available	NT=Carbamidomethyl;AC=UNIMOD:4;TA=C;MT=Fixed	NT=Oxidation;AC=UNIMOD:21;TA=M;MT=Variable	not available	not available	NT=['DHSO', 'DSSO', 'DMTMM'];AC=['XLMOD:02226', 'XLMOD:02126', None];TA=['D,E', 'K,S,T,Y', None]	not available	not available	not available	not available	not available	20201119_Fusion_JLow_DHSO3_M9_F9.raw	NT=ms-proteomics;VV=v1.1.0	NT=crosslinking;VV=v1.0.0	NT=human;VV=v1.1.0
PXD035844_20200529_Fusion_Jlow_XLMS_NPF1_11	NT=Homo sapiens;AC=NCBITaxon:9606	cell fraction	not available	15	PXD035844_20200529_Fusion_Jlow_XLMS_NPF1_11_assay	proteomic profiling by mass spectrometry	data-dependent acquisition	NT=label free sample;AC=MS:1002038	1	1	not available	not available	NT=Carbamidomethyl;AC=UNIMOD:4;TA=C;MT=Fixed	NT=Oxidation;AC=UNIMOD:21;TA=M;MT=Variable	not available	not available	NT=['DHSO', 'DSSO', 'DMTMM'];AC=['XLMOD:02226', 'XLMOD:02126', None];TA=['D,E', 'K,S,T,Y', None]	not available	not available	not available	not available	not available	20200529_Fusion_Jlow_XLMS_NPF1_11.raw	NT=ms-proteomics;VV=v1.1.0	NT=crosslinking;VV=v1.0.0	NT=human;VV=v1.1.0
PXD035844_20201119_Fusion_JLow_DHSO2_M8_F11	Homo sapiens	cell fraction	not available	3	PXD035844_20201119_Fusion_JLow_DHSO2_M8_F11_assay	proteomic profiling by mass spectrometry	data-dependent acquisition	NT=label free sample;AC=MS:1002038	11	1	not available	not available	NT=Carbamidomethyl;AC=UNIMOD:4;TA=C;MT=Fixed	NT=Oxidation;AC=UNIMOD:21;TA=M;MT=Variable	not available	not available	NT=['DHSO', 'DSSO', 'DMTMM'];AC=['XLMOD:02226', 'XLMOD:02126', None];TA=['D,E', 'K,S,T,Y', None]	not available	not available	not available	not available	not available	20201119_Fusion_JLow_DHSO2_M8_F11.raw	NT=ms-proteomics;VV=v1.1.0	NT=crosslinking;VV=v1.0.0	NT=human;VV=v1.1.0
PXD035844_20200529_Fusion_Jlow_XLMS_GPF3_5	NT=Homo sapiens;AC=NCBITaxon:9606	cell fraction	not available	16	PXD035844_20200529_Fusion_Jlow_XLMS_GPF3_5_assay	proteomic profiling by mass spectrometry	data-dependent acquisition	NT=label free sample;AC=MS:1002038	1	1	not available	not available	NT=Carbamidomethyl;AC=UNIMOD:4;TA=C;MT=Fixed	NT=Oxidation;AC=UNIMOD:21;TA=M;MT=Variable	not available	not available	NT=['DHSO', 'DSSO', 'DMTMM'];AC=['XLMOD:02226', 'XLMOD:02126', None];TA=['D,E', 'K,S,T,Y', None]	not available	not available	not available	not available	not available	20200529_Fusion_Jlow_XLMS_GPF3_5.raw	NT=ms-proteomics;VV=v1.1.0	NT=crosslinking;VV=v1.0.0	NT=human;VV=v1.1.0
PXD035844_20201119_Fusion_JLow_DHSO3_G9_F12_reinject	Homo sapiens	cell fraction	not available	2	PXD035844_20201119_Fusion_JLow_DHSO3_G9_F12_reinject_assay	proteomic profiling by mass spectrometry	data-dependent acquisition	NT=label free sample;AC=MS:1002038	12	1	not available	not available	NT=Carbamidomethyl;AC=UNIMOD:4;TA=C;MT=Fixed	NT=Oxidation;AC=UNIMOD:21;TA=M;MT=Variable	not available	not available	NT=['DHSO', 'DSSO', 'DMTMM'];AC=['XLMOD:02226', 'XLMOD:02126', None];TA=['D,E', 'K,S,T,Y', None]	not available	not available	not available	not available	not available	20201119_Fusion_JLow_DHSO3_G9_F12_reinject.raw	NT=ms-proteomics;VV=v1.1.0	NT=crosslinking;VV=v1.0.0	NT=human;VV=v1.1.0
PXD035844_20200529_Fusion_Jlow_XLMS_GPF1_5_reinject	NT=Homo sapiens;AC=NCBITaxon:9606	cell fraction	not available	17	PXD035844_20200529_Fusion_Jlow_XLMS_GPF1_5_reinject_assay	proteomic profiling by mass spectrometry	data-dependent acquisition	NT=label free sample;AC=MS:1002038	1	1	not available	not available	NT=Carbamidomethyl;AC=UNIMOD:4;TA=C;MT=Fixed	NT=Oxidation;AC=UNIMOD:21;TA=M;MT=Variable	not available	not available	NT=['DHSO', 'DSSO', 'DMTMM'];AC=['XLMOD:02226', 'XLMOD:02126', None];TA=['D,E', 'K,S,T,Y', None]	not available	not available	not available	not available	not available	20200529_Fusion_Jlow_XLMS_GPF1_5_reinject.raw	NT=ms-proteomics;VV=v1.1.0	NT=crosslinking;VV=v1.0.0	NT=human;VV=v1.1.0
PXD035844_20200529_Fusion_Jlow_XLMS_CPF3_6	Homo sapiens	cell fraction	not available	18	PXD035844_20200529_Fusion_Jlow_XLMS_CPF3_6_assay	proteomic profiling by mass spectrometry	data-dependent acquisition	NT=label free sample;AC=MS:1002038	1	1	not available	not available	NT=Carbamidomethyl;AC=UNIMOD:4;TA=C;MT=Fixed	NT=Oxidation;AC=UNIMOD:21;TA=M;MT=Variable	not available	not available	NT=['DHSO', 'DSSO', 'DMTMM'];AC=['XLMOD:02226', 'XLMOD:02126', None];TA=['D,E', 'K,S,T,Y', None]	not available	not available	not available	not available	not available	20200529_Fusion_Jlow_XLMS_CPF3_6.raw	NT=ms-proteomics;VV=v1.1.0	NT=crosslinking;VV=v1.0.0	NT=human;VV=v1.1.0
PXD035844_20181108_Fusion_JL_exp1_NPF6	NT=Homo sapiens;AC=NCBITaxon:9606	cell fraction	not available	19	PXD035844_20181108_Fusion_JL_exp1_NPF6_assay	proteomic profiling by mass spectrometry	data-dependent acquisition	NT=label free sample;AC=MS:1002038	1	1	not available	not available	NT=Carbamidomethyl;AC=UNIMOD:4;TA=C;MT=Fixed	NT=Oxidation;AC=UNIMOD:21;TA=M;MT=Variable	not available	not available	NT=['DHSO', 'DSSO', 'DMTMM'];AC=['XLMOD:02226', 'XLMOD:02126', None];TA=['D,E', 'K,S,T,Y', None]	not available	not available	not available	not available	not available	20181108_Fusion_JL_exp1_NPF6.raw	NT=ms-proteomics;VV=v1.1.0	NT=crosslinking;VV=v1.0.0	NT=human;VV=v1.1.0
PXD035844_20201119_QEHFX4_JLow_DMTMM2_M8_F3	Homo sapiens	cell fraction	not available	3	PXD035844_20201119_QEHFX4_JLow_DMTMM2_M8_F3_assay	proteomic profiling by mass spectrometry	data-dependent acquisition	NT=label free sample;AC=MS:1002038	3	1	not available	not available	NT=Carbamidomethyl;AC=UNIMOD:4;TA=C;MT=Fixed	NT=Oxidation;AC=UNIMOD:21;TA=M;MT=Variable	not available	not available	NT=['DHSO', 'DSSO', 'DMTMM'];AC=['XLMOD:02226', 'XLMOD:02126', None];TA=['D,E', 'K,S,T,Y', None]	not available	not available	not available	not available	not available	20201119_QEHFX4_JLow_DMTMM2_M8_F3.raw	NT=ms-proteomics;VV=v1.1.0	NT=crosslinking;VV=v1.0.0	NT=human;VV=v1.1.0
PXD035844_20200529_Fusion_Jlow_XLMS_NPF2_10	NT=Homo sapiens;AC=NCBITaxon:9606	cell fraction	not available	20	PXD035844_20200529_Fusion_Jlow_XLMS_NPF2_10_assay	proteomic profiling by mass spectrometry	data-dependent acquisition	NT=label free sample;AC=MS:1002038	1	1	not available	not available	NT=Carbamidomethyl;AC=UNIMOD:4;TA=C;MT=Fixed	NT=Oxidation;AC=UNIMOD:21;TA=M;MT=Variable	not available	not available	NT=['DHSO', 'DSSO', 'DMTMM'];AC=['XLMOD:02226', 'XLMOD:02126', None];TA=['D,E', 'K,S,T,Y', None]	not available	not available	not available	not available	not available	20200529_Fusion_Jlow_XLMS_NPF2_10.raw	NT=ms-proteomics;VV=v1.1.0	NT=crosslinking;VV=v1.0.0	NT=human;VV=v1.1.0
PXD035844_20201113_Fusion_JLow_DHSO2_C8_F12	Homo sapiens	cell fraction	not available	3	PXD035844_20201113_Fusion_JLow_DHSO2_C8_F12_assay	proteomic profiling by mass spectrometry	data-dependent acquisition	NT=label free sample;AC=MS:1002038	12	1	not available	not available	NT=Carbamidomethyl;AC=UNIMOD:4;TA=C;MT=Fixed	NT=Oxidation;AC=UNIMOD:21;TA=M;MT=Variable	not available	not available	NT=['DHSO', 'DSSO', 'DMTMM'];AC=['XLMOD:02226', 'XLMOD:02126', None];TA=['D,E', 'K,S,T,Y', None]	not available	not available	not available	not available	not available	20201113_Fusion_JLow_DHSO2_C8_F12.raw	NT=ms-proteomics;VV=v1.1.0	NT=crosslinking;VV=v1.0.0	NT=human;VV=v1.1.0
PXD035844_20201119_QEHFX4_JLow_DMTMM2_C8_F5	Homo sapiens	cell fraction	not available	4	PXD035844_20201119_QEHFX4_JLow_DMTMM2_C8_F5_assay	proteomic profiling by mass spectrometry	data-dependent acquisition	NT=label free sample;AC=MS:1002038	5	1	not available	not available	NT=Carbamidomethyl;AC=UNIMOD:4;TA=C;MT=Fixed	NT=Oxidation;AC=UNIMOD:21;TA=M;MT=Variable	not available	not available	NT=['DHSO', 'DSSO', 'DMTMM'];AC=['XLMOD:02226', 'XLMOD:02126', None];TA=['D,E', 'K,S,T,Y', None]	not available	not available	not available	not available	not available	20201119_QEHFX4_JLow_DMTMM2_C8_F5.raw	NT=ms-proteomics;VV=v1.1.0	NT=crosslinking;VV=v1.0.0	NT=human;VV=v1.1.0
PXD035844_20181108_Fusion_JL_exp1_GPF12	NT=Homo sapiens;AC=NCBITaxon:9606	cell fraction	not available	21	PXD035844_20181108_Fusion_JL_exp1_GPF12_assay	proteomic profiling by mass spectrometry	data-dependent acquisition	NT=label free sample;AC=MS:1002038	1	1	not available	not available	NT=Carbamidomethyl;AC=UNIMOD:4;TA=C;MT=Fixed	NT=Oxidation;AC=UNIMOD:21;TA=M;MT=Variable	not available	not available	NT=['DHSO', 'DSSO', 'DMTMM'];AC=['XLMOD:02226', 'XLMOD:02126', None];TA=['D,E', 'K,S,T,Y', None]	not available	not available	not available	not available	not available	20181108_Fusion_JL_exp1_GPF12.raw	NT=ms-proteomics;VV=v1.1.0	NT=crosslinking;VV=v1.0.0	NT=human;VV=v1.1.0
PXD035844_20201119_Fusion_JLow_DHSO3_C9_F6	Homo sapiens	cell fraction	not available	3	PXD035844_20201119_Fusion_JLow_DHSO3_C9_F6_assay	proteomic profiling by mass spectrometry	data-dependent acquisition	NT=label free sample;AC=MS:1002038	6	1	not available	not available	NT=Carbamidomethyl;AC=UNIMOD:4;TA=C;MT=Fixed	NT=Oxidation;AC=UNIMOD:21;TA=M;MT=Variable	not available	not available	NT=['DHSO', 'DSSO', 'DMTMM'];AC=['XLMOD:02226', 'XLMOD:02126', None];TA=['D,E', 'K,S,T,Y', None]	not available	not available	not available	not available	not available	20201119_Fusion_JLow_DHSO3_C9_F6.raw	NT=ms-proteomics;VV=v1.1.0	NT=crosslinking;VV=v1.0.0	NT=human;VV=v1.1.0
PXD035844_20201119_Fusion_JLow_DHSO2_M8_F8	Homo sapiens	cell fraction	not available	2	PXD035844_20201119_Fusion_JLow_DHSO2_M8_F8_assay	proteomic profiling by mass spectrometry	data-dependent acquisition	NT=label free sample;AC=MS:1002038	8	1	not available	not available	NT=Carbamidomethyl;AC=UNIMOD:4;TA=C;MT=Fixed	NT=Oxidation;AC=UNIMOD:21;TA=M;MT=Variable	not available	not available	NT=['DHSO', 'DSSO', 'DMTMM'];AC=['XLMOD:02226', 'XLMOD:02126', None];TA=['D,E', 'K,S,T,Y', None]	not available	not available	not available	not available	not available	20201119_Fusion_JLow_DHSO2_M8_F8.raw	NT=ms-proteomics;VV=v1.1.0	NT=crosslinking;VV=v1.0.0	NT=human;VV=v1.1.0
PXD035844_20181108_Fusion_JL_exp1_CPF24	Homo sapiens	cell fraction	not available	22	PXD035844_20181108_Fusion_JL_exp1_CPF24_assay	proteomic profiling by mass spectrometry	data-dependent acquisition	NT=label free sample;AC=MS:1002038	1	1	not available	not available	NT=Carbamidomethyl;AC=UNIMOD:4;TA=C;MT=Fixed	NT=Oxidation;AC=UNIMOD:21;TA=M;MT=Variable	not available	not available	NT=['DHSO', 'DSSO', 'DMTMM'];AC=['XLMOD:02226', 'XLMOD:02126', None];TA=['D,E', 'K,S,T,Y', None]	not available	not available	not available	not available	not available	20181108_Fusion_JL_exp1_CPF24.raw	NT=ms-proteomics;VV=v1.1.0	NT=crosslinking;VV=v1.0.0	NT=human;VV=v1.1.0
PXD035844_20200529_Fusion_Jlow_XLMS_NPF1_5	NT=Homo sapiens;AC=NCBITaxon:9606	cell fraction	not available	23	PXD035844_20200529_Fusion_Jlow_XLMS_NPF1_5_assay	proteomic profiling by mass spectrometry	data-dependent acquisition	NT=label free sample;AC=MS:1002038	1	1	not available	not available	NT=Carbamidomethyl;AC=UNIMOD:4;TA=C;MT=Fixed	NT=Oxidation;AC=UNIMOD:21;TA=M;MT=Variable	not available	not available	NT=['DHSO', 'DSSO', 'DMTMM'];AC=['XLMOD:02226', 'XLMOD:02126', None];TA=['D,E', 'K,S,T,Y', None]	not available	not available	not available	not available	not available	20200529_Fusion_Jlow_XLMS_NPF1_5.raw	NT=ms-proteomics;VV=v1.1.0	NT=crosslinking;VV=v1.0.0	NT=human;VV=v1.1.0
PXD035844_20200529_Fusion_Jlow_XLMS_GPF1_6	NT=Homo sapiens;AC=NCBITaxon:9606	cell fraction	not available	24	PXD035844_20200529_Fusion_Jlow_XLMS_GPF1_6_assay	proteomic profiling by mass spectrometry	data-dependent acquisition	NT=label free sample;AC=MS:1002038	1	1	not available	not available	NT=Carbamidomethyl;AC=UNIMOD:4;TA=C;MT=Fixed	NT=Oxidation;AC=UNIMOD:21;TA=M;MT=Variable	not available	not available	NT=['DHSO', 'DSSO', 'DMTMM'];AC=['XLMOD:02226', 'XLMOD:02126', None];TA=['D,E', 'K,S,T,Y', None]	not available	not available	not available	not available	not available	20200529_Fusion_Jlow_XLMS_GPF1_6.raw	NT=ms-proteomics;VV=v1.1.0	NT=crosslinking;VV=v1.0.0	NT=human;VV=v1.1.0
PXD035844_20200529_Fusion_Jlow_XLMS_CPF3_1	Homo sapiens	cell fraction	not available	25	PXD035844_20200529_Fusion_Jlow_XLMS_CPF3_1_assay	proteomic profiling by mass spectrometry	data-dependent acquisition	NT=label free sample;AC=MS:1002038	1	1	not available	not available	NT=Carbamidomethyl;AC=UNIMOD:4;TA=C;MT=Fixed	NT=Oxidation;AC=UNIMOD:21;TA=M;MT=Variable	not available	not available	NT=['DHSO', 'DSSO', 'DMTMM'];AC=['XLMOD:02226', 'XLMOD:02126', None];TA=['D,E', 'K,S,T,Y', None]	not available	not available	not available	not available	not available	20200529_Fusion_Jlow_XLMS_CPF3_1.raw	NT=ms-proteomics;VV=v1.1.0	NT=crosslinking;VV=v1.0.0	NT=human;VV=v1.1.0
PXD035844_20201119_Fusion_JLow_DHSO3_M9_F4	Homo sapiens	cell fraction	not available	2	PXD035844_20201119_Fusion_JLow_DHSO3_M9_F4_assay	proteomic profiling by mass spectrometry	data-dependent acquisition	NT=label free sample;AC=MS:1002038	4	1	not available	not available	NT=Carbamidomethyl;AC=UNIMOD:4;TA=C;MT=Fixed	NT=Oxidation;AC=UNIMOD:21;TA=M;MT=Variable	not available	not available	NT=['DHSO', 'DSSO', 'DMTMM'];AC=['XLMOD:02226', 'XLMOD:02126', None];TA=['D,E', 'K,S,T,Y', None]	not available	not available	not available	not available	not available	20201119_Fusion_JLow_DHSO3_M9_F4.raw	NT=ms-proteomics;VV=v1.1.0	NT=crosslinking;VV=v1.0.0	NT=human;VV=v1.1.0
PXD035844_20200529_Fusion_Jlow_XLMS_GPF3_9	NT=Homo sapiens;AC=NCBITaxon:9606	cell fraction	not available	26	PXD035844_20200529_Fusion_Jlow_XLMS_GPF3_9_assay	proteomic profiling by mass spectrometry	data-dependent acquisition	NT=label free sample;AC=MS:1002038	1	1	not available	not available	NT=Carbamidomethyl;AC=UNIMOD:4;TA=C;MT=Fixed	NT=Oxidation;AC=UNIMOD:21;TA=M;MT=Variable	not available	not available	NT=['DHSO', 'DSSO', 'DMTMM'];AC=['XLMOD:02226', 'XLMOD:02126', None];TA=['D,E', 'K,S,T,Y', None]	not available	not available	not available	not available	not available	20200529_Fusion_Jlow_XLMS_GPF3_9.raw	NT=ms-proteomics;VV=v1.1.0	NT=crosslinking;VV=v1.0.0	NT=human;VV=v1.1.0
PXD035844_20201119_Fusion_JLow_DHSO2_N8_F5	Homo sapiens	cell fraction	not available	5	PXD035844_20201119_Fusion_JLow_DHSO2_N8_F5_assay	proteomic profiling by mass spectrometry	data-dependent acquisition	NT=label free sample;AC=MS:1002038	5	1	not available	not available	NT=Carbamidomethyl;AC=UNIMOD:4;TA=C;MT=Fixed	NT=Oxidation;AC=UNIMOD:21;TA=M;MT=Variable	not available	not available	NT=['DHSO', 'DSSO', 'DMTMM'];AC=['XLMOD:02226', 'XLMOD:02126', None];TA=['D,E', 'K,S,T,Y', None]	not available	not available	not available	not available	not available	20201119_Fusion_JLow_DHSO2_N8_F5.raw	NT=ms-proteomics;VV=v1.1.0	NT=crosslinking;VV=v1.0.0	NT=human;VV=v1.1.0
PXD035844_20201119_QEHFX4_JLow_DMTMM2_N8_F2	Homo sapiens	cell fraction	not available	3	PXD035844_20201119_QEHFX4_JLow_DMTMM2_N8_F2_assay	proteomic profiling by mass spectrometry	data-dependent acquisition	NT=label free sample;AC=MS:1002038	2	1	not available	not available	NT=Carbamidomethyl;AC=UNIMOD:4;TA=C;MT=Fixed	NT=Oxidation;AC=UNIMOD:21;TA=M;MT=Variable	not available	not available	NT=['DHSO', 'DSSO', 'DMTMM'];AC=['XLMOD:02226', 'XLMOD:02126', None];TA=['D,E', 'K,S,T,Y', None]	not available	not available	not available	not available	not available	20201119_QEHFX4_JLow_DMTMM2_N8_F2.raw	NT=ms-proteomics;VV=v1.1.0	NT=crosslinking;VV=v1.0.0	NT=human;VV=v1.1.0
PXD035844_20201119_QEHFX4_JLow_DMTMM2_G8_F10	Homo sapiens	cell fraction	not available	1	PXD035844_20201119_QEHFX4_JLow_DMTMM2_G8_F10_assay	proteomic profiling by mass spectrometry	data-dependent acquisition	NT=label free sample;AC=MS:1002038	10	1	not available	not available	NT=Carbamidomethyl;AC=UNIMOD:4;TA=C;MT=Fixed	NT=Oxidation;AC=UNIMOD:21;TA=M;MT=Variable	not available	not available	NT=['DHSO', 'DSSO', 'DMTMM'];AC=['XLMOD:02226', 'XLMOD:02126', None];TA=['D,E', 'K,S,T,Y', None]	not available	not available	not available	not available	not available	20201119_QEHFX4_JLow_DMTMM2_G8_F10.raw	NT=ms-proteomics;VV=v1.1.0	NT=crosslinking;VV=v1.0.0	NT=human;VV=v1.1.0
PXD035844_20200529_Fusion_Jlow_XLMS_MPF1_5	NT=Homo sapiens;AC=NCBITaxon:9606	cell fraction	not available	27	PXD035844_20200529_Fusion_Jlow_XLMS_MPF1_5_assay	proteomic profiling by mass spectrometry	data-dependent acquisition	NT=label free sample;AC=MS:1002038	1	1	not available	not available	NT=Carbamidomethyl;AC=UNIMOD:4;TA=C;MT=Fixed	NT=Oxidation;AC=UNIMOD:21;TA=M;MT=Variable	not available	not available	NT=['DHSO', 'DSSO', 'DMTMM'];AC=['XLMOD:02226', 'XLMOD:02126', None];TA=['D,E', 'K,S,T,Y', None]	not available	not available	not available	not available	not available	20200529_Fusion_Jlow_XLMS_MPF1_5.raw	NT=ms-proteomics;VV=v1.1.0	NT=crosslinking;VV=v1.0.0	NT=human;VV=v1.1.0
PXD035844_20201127_QEHFX4_JLow_DMTMM_con_M9_F3	Homo sapiens	cell fraction	not available	4	PXD035844_20201127_QEHFX4_JLow_DMTMM_con_M9_F3_assay	proteomic profiling by mass spectrometry	data-dependent acquisition	NT=label free sample;AC=MS:1002038	3	1	not available	not available	NT=Carbamidomethyl;AC=UNIMOD:4;TA=C;MT=Fixed	NT=Oxidation;AC=UNIMOD:21;TA=M;MT=Variable	not available	not available	NT=['DHSO', 'DSSO', 'DMTMM'];AC=['XLMOD:02226', 'XLMOD:02126', None];TA=['D,E', 'K,S,T,Y', None]	not available	not available	not available	not available	not available	20201127_QEHFX4_JLow_DMTMM_con_M9_F3.raw	NT=ms-proteomics;VV=v1.1.0	NT=crosslinking;VV=v1.0.0	NT=human;VV=v1.1.0
PXD035844_20181108_Fusion_JL_exp1_GPF7	NT=Homo sapiens;AC=NCBITaxon:9606	cell fraction	not available	28	PXD035844_20181108_Fusion_JL_exp1_GPF7_assay	proteomic profiling by mass spectrometry	data-dependent acquisition	NT=label free sample;AC=MS:1002038	1	1	not available	not available	NT=Carbamidomethyl;AC=UNIMOD:4;TA=C;MT=Fixed	NT=Oxidation;AC=UNIMOD:21;TA=M;MT=Variable	not available	not available	NT=['DHSO', 'DSSO', 'DMTMM'];AC=['XLMOD:02226', 'XLMOD:02126', None];TA=['D,E', 'K,S,T,Y', None]	not available	not available	not available	not available	not available	20181108_Fusion_JL_exp1_GPF7.raw	NT=ms-proteomics;VV=v1.1.0	NT=crosslinking;VV=v1.0.0	NT=human;VV=v1.1.0
PXD035844_20181108_Fusion_JL_exp1_CPF14	Homo sapiens	cell fraction	not available	29	PXD035844_20181108_Fusion_JL_exp1_CPF14_assay	proteomic profiling by mass spectrometry	data-dependent acquisition	NT=label free sample;AC=MS:1002038	1	1	not available	not available	NT=Carbamidomethyl;AC=UNIMOD:4;TA=C;MT=Fixed	NT=Oxidation;AC=UNIMOD:21;TA=M;MT=Variable	not available	not available	NT=['DHSO', 'DSSO', 'DMTMM'];AC=['XLMOD:02226', 'XLMOD:02126', None];TA=['D,E', 'K,S,T,Y', None]	not available	not available	not available	not available	not available	20181108_Fusion_JL_exp1_CPF14.raw	NT=ms-proteomics;VV=v1.1.0	NT=crosslinking;VV=v1.0.0	NT=human;VV=v1.1.0
PXD035844_20201119_Fusion_JLow_DHSO3_G9_F7_reinject	Homo sapiens	cell fraction	not available	1	PXD035844_20201119_Fusion_JLow_DHSO3_G9_F7_reinject_assay	proteomic profiling by mass spectrometry	data-dependent acquisition	NT=label free sample;AC=MS:1002038	7	1	not available	not available	NT=Carbamidomethyl;AC=UNIMOD:4;TA=C;MT=Fixed	NT=Oxidation;AC=UNIMOD:21;TA=M;MT=Variable	not available	not available	NT=['DHSO', 'DSSO', 'DMTMM'];AC=['XLMOD:02226', 'XLMOD:02126', None];TA=['D,E', 'K,S,T,Y', None]	not available	not available	not available	not available	not available	20201119_Fusion_JLow_DHSO3_G9_F7_reinject.raw	NT=ms-proteomics;VV=v1.1.0	NT=crosslinking;VV=v1.0.0	NT=human;VV=v1.1.0
PXD035844_20200529_Fusion_Jlow_XLMS_MPF3_2	NT=Homo sapiens;AC=NCBITaxon:9606	cell fraction	not available	30	PXD035844_20200529_Fusion_Jlow_XLMS_MPF3_2_assay	proteomic profiling by mass spectrometry	data-dependent acquisition	NT=label free sample;AC=MS:1002038	1	1	not available	not available	NT=Carbamidomethyl;AC=UNIMOD:4;TA=C;MT=Fixed	NT=Oxidation;AC=UNIMOD:21;TA=M;MT=Variable	not available	not available	NT=['DHSO', 'DSSO', 'DMTMM'];AC=['XLMOD:02226', 'XLMOD:02126', None];TA=['D,E', 'K,S,T,Y', None]	not available	not available	not available	not available	not available	20200529_Fusion_Jlow_XLMS_MPF3_2.raw	NT=ms-proteomics;VV=v1.1.0	NT=crosslinking;VV=v1.0.0	NT=human;VV=v1.1.0
PXD035844_20201127_QEHFX4_JLow_DMTMM_con_M9_F10	Homo sapiens	cell fraction	not available	2	PXD035844_20201127_QEHFX4_JLow_DMTMM_con_M9_F10_assay	proteomic profiling by mass spectrometry	data-dependent acquisition	NT=label free sample;AC=MS:1002038	10	1	not available	not available	NT=Carbamidomethyl;AC=UNIMOD:4;TA=C;MT=Fixed	NT=Oxidation;AC=UNIMOD:21;TA=M;MT=Variable	not available	not available	NT=['DHSO', 'DSSO', 'DMTMM'];AC=['XLMOD:02226', 'XLMOD:02126', None];TA=['D,E', 'K,S,T,Y', None]	not available	not available	not available	not available	not available	20201127_QEHFX4_JLow_DMTMM_con_M9_F10.raw	NT=ms-proteomics;VV=v1.1.0	NT=crosslinking;VV=v1.0.0	NT=human;VV=v1.1.0
PXD035844_20201119_Fusion_JLow_DHSO3_G9_F6_reinject	Homo sapiens	cell fraction	not available	4	PXD035844_20201119_Fusion_JLow_DHSO3_G9_F6_reinject_assay	proteomic profiling by mass spectrometry	data-dependent acquisition	NT=label free sample;AC=MS:1002038	6	1	not available	not available	NT=Carbamidomethyl;AC=UNIMOD:4;TA=C;MT=Fixed	NT=Oxidation;AC=UNIMOD:21;TA=M;MT=Variable	not available	not available	NT=['DHSO', 'DSSO', 'DMTMM'];AC=['XLMOD:02226', 'XLMOD:02126', None];TA=['D,E', 'K,S,T,Y', None]	not available	not available	not available	not available	not available	20201119_Fusion_JLow_DHSO3_G9_F6_reinject.raw	NT=ms-proteomics;VV=v1.1.0	NT=crosslinking;VV=v1.0.0	NT=human;VV=v1.1.0
PXD035844_20201119_Fusion_JLow_DHSO2_N8_F10	Homo sapiens	cell fraction	not available	3	PXD035844_20201119_Fusion_JLow_DHSO2_N8_F10_assay	proteomic profiling by mass spectrometry	data-dependent acquisition	NT=label free sample;AC=MS:1002038	10	1	not available	not available	NT=Carbamidomethyl;AC=UNIMOD:4;TA=C;MT=Fixed	NT=Oxidation;AC=UNIMOD:21;TA=M;MT=Variable	not available	not available	NT=['DHSO', 'DSSO', 'DMTMM'];AC=['XLMOD:02226', 'XLMOD:02126', None];TA=['D,E', 'K,S,T,Y', None]	not available	not available	not available	not available	not available	20201119_Fusion_JLow_DHSO2_N8_F10.raw	NT=ms-proteomics;VV=v1.1.0	NT=crosslinking;VV=v1.0.0	NT=human;VV=v1.1.0
PXD035844_20181108_Fusion_JL_exp1_GPF9_reinject	NT=Homo sapiens;AC=NCBITaxon:9606	cell fraction	not available	31	PXD035844_20181108_Fusion_JL_exp1_GPF9_reinject_assay	proteomic profiling by mass spectrometry	data-dependent acquisition	NT=label free sample;AC=MS:1002038	1	1	not available	not available	NT=Carbamidomethyl;AC=UNIMOD:4;TA=C;MT=Fixed	NT=Oxidation;AC=UNIMOD:21;TA=M;MT=Variable	not available	not available	NT=['DHSO', 'DSSO', 'DMTMM'];AC=['XLMOD:02226', 'XLMOD:02126', None];TA=['D,E', 'K,S,T,Y', None]	not available	not available	not available	not available	not available	20181108_Fusion_JL_exp1_GPF9_reinject.raw	NT=ms-proteomics;VV=v1.1.0	NT=crosslinking;VV=v1.0.0	NT=human;VV=v1.1.0
PXD035844_20201127_QEHFX4_JLow_DMTMM_con_M9_F11	Homo sapiens	cell fraction	not available	4	PXD035844_20201127_QEHFX4_JLow_DMTMM_con_M9_F11_assay	proteomic profiling by mass spectrometry	data-dependent acquisition	NT=label free sample;AC=MS:1002038	11	1	not available	not available	NT=Carbamidomethyl;AC=UNIMOD:4;TA=C;MT=Fixed	NT=Oxidation;AC=UNIMOD:21;TA=M;MT=Variable	not available	not available	NT=['DHSO', 'DSSO', 'DMTMM'];AC=['XLMOD:02226', 'XLMOD:02126', None];TA=['D,E', 'K,S,T,Y', None]	not available	not available	not available	not available	not available	20201127_QEHFX4_JLow_DMTMM_con_M9_F11.raw	NT=ms-proteomics;VV=v1.1.0	NT=crosslinking;VV=v1.0.0	NT=human;VV=v1.1.0
PXD035844_20201119_QEHFX4_JLow_DMTMM2_N8_F4	Homo sapiens	cell fraction	not available	3	PXD035844_20201119_QEHFX4_JLow_DMTMM2_N8_F4_assay	proteomic profiling by mass spectrometry	data-dependent acquisition	NT=label free sample;AC=MS:1002038	4	1	not available	not available	NT=Carbamidomethyl;AC=UNIMOD:4;TA=C;MT=Fixed	NT=Oxidation;AC=UNIMOD:21;TA=M;MT=Variable	not available	not available	NT=['DHSO', 'DSSO', 'DMTMM'];AC=['XLMOD:02226', 'XLMOD:02126', None];TA=['D,E', 'K,S,T,Y', None]	not available	not available	not available	not available	not available	20201119_QEHFX4_JLow_DMTMM2_N8_F4.raw	NT=ms-proteomics;VV=v1.1.0	NT=crosslinking;VV=v1.0.0	NT=human;VV=v1.1.0
PXD035844_20200529_Fusion_Jlow_XLMS_NPF2_3	NT=Homo sapiens;AC=NCBITaxon:9606	cell fraction	not available	32	PXD035844_20200529_Fusion_Jlow_XLMS_NPF2_3_assay	proteomic profiling by mass spectrometry	data-dependent acquisition	NT=label free sample;AC=MS:1002038	1	1	not available	not available	NT=Carbamidomethyl;AC=UNIMOD:4;TA=C;MT=Fixed	NT=Oxidation;AC=UNIMOD:21;TA=M;MT=Variable	not available	not available	NT=['DHSO', 'DSSO', 'DMTMM'];AC=['XLMOD:02226', 'XLMOD:02126', None];TA=['D,E', 'K,S,T,Y', None]	not available	not available	not available	not available	not available	20200529_Fusion_Jlow_XLMS_NPF2_3.raw	NT=ms-proteomics;VV=v1.1.0	NT=crosslinking;VV=v1.0.0	NT=human;VV=v1.1.0
PXD035844_20200529_Fusion_Jlow_XLMS_CPF1_8	Homo sapiens	cell fraction	not available	33	PXD035844_20200529_Fusion_Jlow_XLMS_CPF1_8_assay	proteomic profiling by mass spectrometry	data-dependent acquisition	NT=label free sample;AC=MS:1002038	1	1	not available	not available	NT=Carbamidomethyl;AC=UNIMOD:4;TA=C;MT=Fixed	NT=Oxidation;AC=UNIMOD:21;TA=M;MT=Variable	not available	not available	NT=['DHSO', 'DSSO', 'DMTMM'];AC=['XLMOD:02226', 'XLMOD:02126', None];TA=['D,E', 'K,S,T,Y', None]	not available	not available	not available	not available	not available	20200529_Fusion_Jlow_XLMS_CPF1_8.raw	NT=ms-proteomics;VV=v1.1.0	NT=crosslinking;VV=v1.0.0	NT=human;VV=v1.1.0
PXD035844_20201113_Fusion_JLow_DHSO2_G8_F6	Homo sapiens	cell fraction	not available	5	PXD035844_20201113_Fusion_JLow_DHSO2_G8_F6_assay	proteomic profiling by mass spectrometry	data-dependent acquisition	NT=label free sample;AC=MS:1002038	6	1	not available	not available	NT=Carbamidomethyl;AC=UNIMOD:4;TA=C;MT=Fixed	NT=Oxidation;AC=UNIMOD:21;TA=M;MT=Variable	not available	not available	NT=['DHSO', 'DSSO', 'DMTMM'];AC=['XLMOD:02226', 'XLMOD:02126', None];TA=['D,E', 'K,S,T,Y', None]	not available	not available	not available	not available	not available	20201113_Fusion_JLow_DHSO2_G8_F6.raw	NT=ms-proteomics;VV=v1.1.0	NT=crosslinking;VV=v1.0.0	NT=human;VV=v1.1.0
PXD035844_20200529_Fusion_Jlow_XLMS_CPF2_2	Homo sapiens	cell fraction	not available	34	PXD035844_20200529_Fusion_Jlow_XLMS_CPF2_2_assay	proteomic profiling by mass spectrometry	data-dependent acquisition	NT=label free sample;AC=MS:1002038	1	1	not available	not available	NT=Carbamidomethyl;AC=UNIMOD:4;TA=C;MT=Fixed	NT=Oxidation;AC=UNIMOD:21;TA=M;MT=Variable	not available	not available	NT=['DHSO', 'DSSO', 'DMTMM'];AC=['XLMOD:02226', 'XLMOD:02126', None];TA=['D,E', 'K,S,T,Y', None]	not available	not available	not available	not available	not available	20200529_Fusion_Jlow_XLMS_CPF2_2.raw	NT=ms-proteomics;VV=v1.1.0	NT=crosslinking;VV=v1.0.0	NT=human;VV=v1.1.0
PXD035844_20201127_QEHFX4_JLow_DMTMM_con_N9_F3	Homo sapiens	cell fraction	not available	5	PXD035844_20201127_QEHFX4_JLow_DMTMM_con_N9_F3_assay	proteomic profiling by mass spectrometry	data-dependent acquisition	NT=label free sample;AC=MS:1002038	3	1	not available	not available	NT=Carbamidomethyl;AC=UNIMOD:4;TA=C;MT=Fixed	NT=Oxidation;AC=UNIMOD:21;TA=M;MT=Variable	not available	not available	NT=['DHSO', 'DSSO', 'DMTMM'];AC=['XLMOD:02226', 'XLMOD:02126', None];TA=['D,E', 'K,S,T,Y', None]	not available	not available	not available	not available	not available	20201127_QEHFX4_JLow_DMTMM_con_N9_F3.raw	NT=ms-proteomics;VV=v1.1.0	NT=crosslinking;VV=v1.0.0	NT=human;VV=v1.1.0
PXD035844_20201119_Fusion_JLow_DHSO3_N9_F3	Homo sapiens	cell fraction	not available	6	PXD035844_20201119_Fusion_JLow_DHSO3_N9_F3_assay	proteomic profiling by mass spectrometry	data-dependent acquisition	NT=label free sample;AC=MS:1002038	3	1	not available	not available	NT=Carbamidomethyl;AC=UNIMOD:4;TA=C;MT=Fixed	NT=Oxidation;AC=UNIMOD:21;TA=M;MT=Variable	not available	not available	NT=['DHSO', 'DSSO', 'DMTMM'];AC=['XLMOD:02226', 'XLMOD:02126', None];TA=['D,E', 'K,S,T,Y', None]	not available	not available	not available	not available	not available	20201119_Fusion_JLow_DHSO3_N9_F3.raw	NT=ms-proteomics;VV=v1.1.0	NT=crosslinking;VV=v1.0.0	NT=human;VV=v1.1.0
PXD035844_20201119_Fusion_JLow_DHSO2_N8_F8	Homo sapiens	cell fraction	not available	3	PXD035844_20201119_Fusion_JLow_DHSO2_N8_F8_assay	proteomic profiling by mass spectrometry	data-dependent acquisition	NT=label free sample;AC=MS:1002038	8	1	not available	not available	NT=Carbamidomethyl;AC=UNIMOD:4;TA=C;MT=Fixed	NT=Oxidation;AC=UNIMOD:21;TA=M;MT=Variable	not available	not available	NT=['DHSO', 'DSSO', 'DMTMM'];AC=['XLMOD:02226', 'XLMOD:02126', None];TA=['D,E', 'K,S,T,Y', None]	not available	not available	not available	not available	not available	20201119_Fusion_JLow_DHSO2_N8_F8.raw	NT=ms-proteomics;VV=v1.1.0	NT=crosslinking;VV=v1.0.0	NT=human;VV=v1.1.0
PXD035844_20200529_Fusion_Jlow_XLMS_GPF3_3	NT=Homo sapiens;AC=NCBITaxon:9606	cell fraction	not available	35	PXD035844_20200529_Fusion_Jlow_XLMS_GPF3_3_assay	proteomic profiling by mass spectrometry	data-dependent acquisition	NT=label free sample;AC=MS:1002038	1	1	not available	not available	NT=Carbamidomethyl;AC=UNIMOD:4;TA=C;MT=Fixed	NT=Oxidation;AC=UNIMOD:21;TA=M;MT=Variable	not available	not available	NT=['DHSO', 'DSSO', 'DMTMM'];AC=['XLMOD:02226', 'XLMOD:02126', None];TA=['D,E', 'K,S,T,Y', None]	not available	not available	not available	not available	not available	20200529_Fusion_Jlow_XLMS_GPF3_3.raw	NT=ms-proteomics;VV=v1.1.0	NT=crosslinking;VV=v1.0.0	NT=human;VV=v1.1.0
PXD035844_20201119_Fusion_JLow_DHSO3_C9_F11_reinject_c	Homo sapiens	cell fraction	not available	5	PXD035844_20201119_Fusion_JLow_DHSO3_C9_F11_reinject_c_assay	proteomic profiling by mass spectrometry	data-dependent acquisition	NT=label free sample;AC=MS:1002038	11	1	not available	not available	NT=Carbamidomethyl;AC=UNIMOD:4;TA=C;MT=Fixed	NT=Oxidation;AC=UNIMOD:21;TA=M;MT=Variable	not available	not available	NT=['DHSO', 'DSSO', 'DMTMM'];AC=['XLMOD:02226', 'XLMOD:02126', None];TA=['D,E', 'K,S,T,Y', None]	not available	not available	not available	not available	not available	20201119_Fusion_JLow_DHSO3_C9_F11_reinject_c.raw	NT=ms-proteomics;VV=v1.1.0	NT=crosslinking;VV=v1.0.0	NT=human;VV=v1.1.0
PXD035844_20201119_Fusion_JLow_DHSO2_M8_F1	Homo sapiens	cell fraction	not available	36	PXD035844_20201119_Fusion_JLow_DHSO2_M8_F1_assay	proteomic profiling by mass spectrometry	data-dependent acquisition	NT=label free sample;AC=MS:1002038	1	1	not available	not available	NT=Carbamidomethyl;AC=UNIMOD:4;TA=C;MT=Fixed	NT=Oxidation;AC=UNIMOD:21;TA=M;MT=Variable	not available	not available	NT=['DHSO', 'DSSO', 'DMTMM'];AC=['XLMOD:02226', 'XLMOD:02126', None];TA=['D,E', 'K,S,T,Y', None]	not available	not available	not available	not available	not available	20201119_Fusion_JLow_DHSO2_M8_F1.raw	NT=ms-proteomics;VV=v1.1.0	NT=crosslinking;VV=v1.0.0	NT=human;VV=v1.1.0
PXD035844_20201119_Fusion_JLow_DHSO2_M8_F7	Homo sapiens	cell fraction	not available	2	PXD035844_20201119_Fusion_JLow_DHSO2_M8_F7_assay	proteomic profiling by mass spectrometry	data-dependent acquisition	NT=label free sample;AC=MS:1002038	7	1	not available	not available	NT=Carbamidomethyl;AC=UNIMOD:4;TA=C;MT=Fixed	NT=Oxidation;AC=UNIMOD:21;TA=M;MT=Variable	not available	not available	NT=['DHSO', 'DSSO', 'DMTMM'];AC=['XLMOD:02226', 'XLMOD:02126', None];TA=['D,E', 'K,S,T,Y', None]	not available	not available	not available	not available	not available	20201119_Fusion_JLow_DHSO2_M8_F7.raw	NT=ms-proteomics;VV=v1.1.0	NT=crosslinking;VV=v1.0.0	NT=human;VV=v1.1.0
PXD035844_20200529_Fusion_Jlow_XLMS_CPF3_4	Homo sapiens	cell fraction	not available	37	PXD035844_20200529_Fusion_Jlow_XLMS_CPF3_4_assay	proteomic profiling by mass spectrometry	data-dependent acquisition	NT=label free sample;AC=MS:1002038	1	1	not available	not available	NT=Carbamidomethyl;AC=UNIMOD:4;TA=C;MT=Fixed	NT=Oxidation;AC=UNIMOD:21;TA=M;MT=Variable	not available	not available	NT=['DHSO', 'DSSO', 'DMTMM'];AC=['XLMOD:02226', 'XLMOD:02126', None];TA=['D,E', 'K,S,T,Y', None]	not available	not available	not available	not available	not available	20200529_Fusion_Jlow_XLMS_CPF3_4.raw	NT=ms-proteomics;VV=v1.1.0	NT=crosslinking;VV=v1.0.0	NT=human;VV=v1.1.0
PXD035844_20200529_Fusion_Jlow_XLMS_GPF3_8	NT=Homo sapiens;AC=NCBITaxon:9606	cell fraction	not available	38	PXD035844_20200529_Fusion_Jlow_XLMS_GPF3_8_assay	proteomic profiling by mass spectrometry	data-dependent acquisition	NT=label free sample;AC=MS:1002038	1	1	not available	not available	NT=Carbamidomethyl;AC=UNIMOD:4;TA=C;MT=Fixed	NT=Oxidation;AC=UNIMOD:21;TA=M;MT=Variable	not available	not available	NT=['DHSO', 'DSSO', 'DMTMM'];AC=['XLMOD:02226', 'XLMOD:02126', None];TA=['D,E', 'K,S,T,Y', None]	not available	not available	not available	not available	not available	20200529_Fusion_Jlow_XLMS_GPF3_8.raw	NT=ms-proteomics;VV=v1.1.0	NT=crosslinking;VV=v1.0.0	NT=human;VV=v1.1.0
PXD035844_20200529_Fusion_Jlow_XLMS_GPF1_4	NT=Homo sapiens;AC=NCBITaxon:9606	cell fraction	not available	39	PXD035844_20200529_Fusion_Jlow_XLMS_GPF1_4_assay	proteomic profiling by mass spectrometry	data-dependent acquisition	NT=label free sample;AC=MS:1002038	1	1	not available	not available	NT=Carbamidomethyl;AC=UNIMOD:4;TA=C;MT=Fixed	NT=Oxidation;AC=UNIMOD:21;TA=M;MT=Variable	not available	not available	NT=['DHSO', 'DSSO', 'DMTMM'];AC=['XLMOD:02226', 'XLMOD:02126', None];TA=['D,E', 'K,S,T,Y', None]	not available	not available	not available	not available	not available	20200529_Fusion_Jlow_XLMS_GPF1_4.raw	NT=ms-proteomics;VV=v1.1.0	NT=crosslinking;VV=v1.0.0	NT=human;VV=v1.1.0
PXD035844_20201119_Fusion_JLow_DHSO3_C9_F3	Homo sapiens	cell fraction	not available	7	PXD035844_20201119_Fusion_JLow_DHSO3_C9_F3_assay	proteomic profiling by mass spectrometry	data-dependent acquisition	NT=label free sample;AC=MS:1002038	3	1	not available	not available	NT=Carbamidomethyl;AC=UNIMOD:4;TA=C;MT=Fixed	NT=Oxidation;AC=UNIMOD:21;TA=M;MT=Variable	not available	not available	NT=['DHSO', 'DSSO', 'DMTMM'];AC=['XLMOD:02226', 'XLMOD:02126', None];TA=['D,E', 'K,S,T,Y', None]	not available	not available	not available	not available	not available	20201119_Fusion_JLow_DHSO3_C9_F3.raw	NT=ms-proteomics;VV=v1.1.0	NT=crosslinking;VV=v1.0.0	NT=human;VV=v1.1.0
PXD035844_20201127_QEHFX4_JLow_DMTMM_con_M9_F4	Homo sapiens	cell fraction	not available	4	PXD035844_20201127_QEHFX4_JLow_DMTMM_con_M9_F4_assay	proteomic profiling by mass spectrometry	data-dependent acquisition	NT=label free sample;AC=MS:1002038	4	1	not available	not available	NT=Carbamidomethyl;AC=UNIMOD:4;TA=C;MT=Fixed	NT=Oxidation;AC=UNIMOD:21;TA=M;MT=Variable	not available	not available	NT=['DHSO', 'DSSO', 'DMTMM'];AC=['XLMOD:02226', 'XLMOD:02126', None];TA=['D,E', 'K,S,T,Y', None]	not available	not available	not available	not available	not available	20201127_QEHFX4_JLow_DMTMM_con_M9_F4.raw	NT=ms-proteomics;VV=v1.1.0	NT=crosslinking;VV=v1.0.0	NT=human;VV=v1.1.0
PXD035844_20200529_Fusion_Jlow_XLMS_GPF1_8	NT=Homo sapiens;AC=NCBITaxon:9606	cell fraction	not available	40	PXD035844_20200529_Fusion_Jlow_XLMS_GPF1_8_assay	proteomic profiling by mass spectrometry	data-dependent acquisition	NT=label free sample;AC=MS:1002038	1	1	not available	not available	NT=Carbamidomethyl;AC=UNIMOD:4;TA=C;MT=Fixed	NT=Oxidation;AC=UNIMOD:21;TA=M;MT=Variable	not available	not available	NT=['DHSO', 'DSSO', 'DMTMM'];AC=['XLMOD:02226', 'XLMOD:02126', None];TA=['D,E', 'K,S,T,Y', None]	not available	not available	not available	not available	not available	20200529_Fusion_Jlow_XLMS_GPF1_8.raw	NT=ms-proteomics;VV=v1.1.0	NT=crosslinking;VV=v1.0.0	NT=human;VV=v1.1.0
PXD035844_20201127_QEHFX4_JLow_DMTMM_con_N9_F10	Homo sapiens	cell fraction	not available	4	PXD035844_20201127_QEHFX4_JLow_DMTMM_con_N9_F10_assay	proteomic profiling by mass spectrometry	data-dependent acquisition	NT=label free sample;AC=MS:1002038	10	1	not available	not available	NT=Carbamidomethyl;AC=UNIMOD:4;TA=C;MT=Fixed	NT=Oxidation;AC=UNIMOD:21;TA=M;MT=Variable	not available	not available	NT=['DHSO', 'DSSO', 'DMTMM'];AC=['XLMOD:02226', 'XLMOD:02126', None];TA=['D,E', 'K,S,T,Y', None]	not available	not available	not available	not available	not available	20201127_QEHFX4_JLow_DMTMM_con_N9_F10.raw	NT=ms-proteomics;VV=v1.1.0	NT=crosslinking;VV=v1.0.0	NT=human;VV=v1.1.0
PXD035844_20201119_Fusion_JLow_DHSO3_M9_F2	Homo sapiens	cell fraction	not available	4	PXD035844_20201119_Fusion_JLow_DHSO3_M9_F2_assay	proteomic profiling by mass spectrometry	data-dependent acquisition	NT=label free sample;AC=MS:1002038	2	1	not available	not available	NT=Carbamidomethyl;AC=UNIMOD:4;TA=C;MT=Fixed	NT=Oxidation;AC=UNIMOD:21;TA=M;MT=Variable	not available	not available	NT=['DHSO', 'DSSO', 'DMTMM'];AC=['XLMOD:02226', 'XLMOD:02126', None];TA=['D,E', 'K,S,T,Y', None]	not available	not available	not available	not available	not available	20201119_Fusion_JLow_DHSO3_M9_F2.raw	NT=ms-proteomics;VV=v1.1.0	NT=crosslinking;VV=v1.0.0	NT=human;VV=v1.1.0
PXD035844_20200529_Fusion_Jlow_XLMS_NPF3_6	NT=Homo sapiens;AC=NCBITaxon:9606	cell fraction	not available	41	PXD035844_20200529_Fusion_Jlow_XLMS_NPF3_6_assay	proteomic profiling by mass spectrometry	data-dependent acquisition	NT=label free sample;AC=MS:1002038	1	1	not available	not available	NT=Carbamidomethyl;AC=UNIMOD:4;TA=C;MT=Fixed	NT=Oxidation;AC=UNIMOD:21;TA=M;MT=Variable	not available	not available	NT=['DHSO', 'DSSO', 'DMTMM'];AC=['XLMOD:02226', 'XLMOD:02126', None];TA=['D,E', 'K,S,T,Y', None]	not available	not available	not available	not available	not available	20200529_Fusion_Jlow_XLMS_NPF3_6.raw	NT=ms-proteomics;VV=v1.1.0	NT=crosslinking;VV=v1.0.0	NT=human;VV=v1.1.0
PXD035844_20201119_QEHFX4_JLow_DMTMM2_N8_F7	Homo sapiens	cell fraction	not available	3	PXD035844_20201119_QEHFX4_JLow_DMTMM2_N8_F7_assay	proteomic profiling by mass spectrometry	data-dependent acquisition	NT=label free sample;AC=MS:1002038	7	1	not available	not available	NT=Carbamidomethyl;AC=UNIMOD:4;TA=C;MT=Fixed	NT=Oxidation;AC=UNIMOD:21;TA=M;MT=Variable	not available	not available	NT=['DHSO', 'DSSO', 'DMTMM'];AC=['XLMOD:02226', 'XLMOD:02126', None];TA=['D,E', 'K,S,T,Y', None]	not available	not available	not available	not available	not available	20201119_QEHFX4_JLow_DMTMM2_N8_F7.raw	NT=ms-proteomics;VV=v1.1.0	NT=crosslinking;VV=v1.0.0	NT=human;VV=v1.1.0
PXD035844_20181108_Fusion_JL_exp1_NPF12	NT=Homo sapiens;AC=NCBITaxon:9606	cell fraction	not available	42	PXD035844_20181108_Fusion_JL_exp1_NPF12_assay	proteomic profiling by mass spectrometry	data-dependent acquisition	NT=label free sample;AC=MS:1002038	1	1	not available	not available	NT=Carbamidomethyl;AC=UNIMOD:4;TA=C;MT=Fixed	NT=Oxidation;AC=UNIMOD:21;TA=M;MT=Variable	not available	not available	NT=['DHSO', 'DSSO', 'DMTMM'];AC=['XLMOD:02226', 'XLMOD:02126', None];TA=['D,E', 'K,S,T,Y', None]	not available	not available	not available	not available	not available	20181108_Fusion_JL_exp1_NPF12.raw	NT=ms-proteomics;VV=v1.1.0	NT=crosslinking;VV=v1.0.0	NT=human;VV=v1.1.0
PXD035844_20201119_Fusion_JLow_DHSO3_C9_F2	Homo sapiens	cell fraction	not available	5	PXD035844_20201119_Fusion_JLow_DHSO3_C9_F2_assay	proteomic profiling by mass spectrometry	data-dependent acquisition	NT=label free sample;AC=MS:1002038	2	1	not available	not available	NT=Carbamidomethyl;AC=UNIMOD:4;TA=C;MT=Fixed	NT=Oxidation;AC=UNIMOD:21;TA=M;MT=Variable	not available	not available	NT=['DHSO', 'DSSO', 'DMTMM'];AC=['XLMOD:02226', 'XLMOD:02126', None];TA=['D,E', 'K,S,T,Y', None]	not available	not available	not available	not available	not available	20201119_Fusion_JLow_DHSO3_C9_F2.raw	NT=ms-proteomics;VV=v1.1.0	NT=crosslinking;VV=v1.0.0	NT=human;VV=v1.1.0
PXD035844_20201119_Fusion_JLow_DHSO3_C9_F7_reinject_c	Homo sapiens	cell fraction	not available	4	PXD035844_20201119_Fusion_JLow_DHSO3_C9_F7_reinject_c_assay	proteomic profiling by mass spectrometry	data-dependent acquisition	NT=label free sample;AC=MS:1002038	7	1	not available	not available	NT=Carbamidomethyl;AC=UNIMOD:4;TA=C;MT=Fixed	NT=Oxidation;AC=UNIMOD:21;TA=M;MT=Variable	not available	not available	NT=['DHSO', 'DSSO', 'DMTMM'];AC=['XLMOD:02226', 'XLMOD:02126', None];TA=['D,E', 'K,S,T,Y', None]	not available	not available	not available	not available	not available	20201119_Fusion_JLow_DHSO3_C9_F7_reinject_c.raw	NT=ms-proteomics;VV=v1.1.0	NT=crosslinking;VV=v1.0.0	NT=human;VV=v1.1.0
PXD035844_20181108_Fusion_JL_exp1_GPF2	NT=Homo sapiens;AC=NCBITaxon:9606	cell fraction	not available	43	PXD035844_20181108_Fusion_JL_exp1_GPF2_assay	proteomic profiling by mass spectrometry	data-dependent acquisition	NT=label free sample;AC=MS:1002038	1	1	not available	not available	NT=Carbamidomethyl;AC=UNIMOD:4;TA=C;MT=Fixed	NT=Oxidation;AC=UNIMOD:21;TA=M;MT=Variable	not available	not available	NT=['DHSO', 'DSSO', 'DMTMM'];AC=['XLMOD:02226', 'XLMOD:02126', None];TA=['D,E', 'K,S,T,Y', None]	not available	not available	not available	not available	not available	20181108_Fusion_JL_exp1_GPF2.raw	NT=ms-proteomics;VV=v1.1.0	NT=crosslinking;VV=v1.0.0	NT=human;VV=v1.1.0
PXD035844_20201127_QEHFX4_JLow_DMTMM_con_M9_F5	Homo sapiens	cell fraction	not available	6	PXD035844_20201127_QEHFX4_JLow_DMTMM_con_M9_F5_assay	proteomic profiling by mass spectrometry	data-dependent acquisition	NT=label free sample;AC=MS:1002038	5	1	not available	not available	NT=Carbamidomethyl;AC=UNIMOD:4;TA=C;MT=Fixed	NT=Oxidation;AC=UNIMOD:21;TA=M;MT=Variable	not available	not available	NT=['DHSO', 'DSSO', 'DMTMM'];AC=['XLMOD:02226', 'XLMOD:02126', None];TA=['D,E', 'K,S,T,Y', None]	not available	not available	not available	not available	not available	20201127_QEHFX4_JLow_DMTMM_con_M9_F5.raw	NT=ms-proteomics;VV=v1.1.0	NT=crosslinking;VV=v1.0.0	NT=human;VV=v1.1.0
PXD035844_20201119_QEHFX4_JLow_DMTMM2_M8_F6	Homo sapiens	cell fraction	not available	6	PXD035844_20201119_QEHFX4_JLow_DMTMM2_M8_F6_assay	proteomic profiling by mass spectrometry	data-dependent acquisition	NT=label free sample;AC=MS:1002038	6	1	not available	not available	NT=Carbamidomethyl;AC=UNIMOD:4;TA=C;MT=Fixed	NT=Oxidation;AC=UNIMOD:21;TA=M;MT=Variable	not available	not available	NT=['DHSO', 'DSSO', 'DMTMM'];AC=['XLMOD:02226', 'XLMOD:02126', None];TA=['D,E', 'K,S,T,Y', None]	not available	not available	not available	not available	not available	20201119_QEHFX4_JLow_DMTMM2_M8_F6.raw	NT=ms-proteomics;VV=v1.1.0	NT=crosslinking;VV=v1.0.0	NT=human;VV=v1.1.0
PXD035844_20201119_QEHFX4_JLow_DMTMM2_G8_F2	Homo sapiens	cell fraction	not available	6	PXD035844_20201119_QEHFX4_JLow_DMTMM2_G8_F2_assay	proteomic profiling by mass spectrometry	data-dependent acquisition	NT=label free sample;AC=MS:1002038	2	1	not available	not available	NT=Carbamidomethyl;AC=UNIMOD:4;TA=C;MT=Fixed	NT=Oxidation;AC=UNIMOD:21;TA=M;MT=Variable	not available	not available	NT=['DHSO', 'DSSO', 'DMTMM'];AC=['XLMOD:02226', 'XLMOD:02126', None];TA=['D,E', 'K,S,T,Y', None]	not available	not available	not available	not available	not available	20201119_QEHFX4_JLow_DMTMM2_G8_F2.raw	NT=ms-proteomics;VV=v1.1.0	NT=crosslinking;VV=v1.0.0	NT=human;VV=v1.1.0
PXD035844_20200529_Fusion_Jlow_XLMS_NPF1_10_reinject	NT=Homo sapiens;AC=NCBITaxon:9606	cell fraction	not available	44	PXD035844_20200529_Fusion_Jlow_XLMS_NPF1_10_reinject_assay	proteomic profiling by mass spectrometry	data-dependent acquisition	NT=label free sample;AC=MS:1002038	1	1	not available	not available	NT=Carbamidomethyl;AC=UNIMOD:4;TA=C;MT=Fixed	NT=Oxidation;AC=UNIMOD:21;TA=M;MT=Variable	not available	not available	NT=['DHSO', 'DSSO', 'DMTMM'];AC=['XLMOD:02226', 'XLMOD:02126', None];TA=['D,E', 'K,S,T,Y', None]	not available	not available	not available	not available	not available	20200529_Fusion_Jlow_XLMS_NPF1_10_reinject.raw	NT=ms-proteomics;VV=v1.1.0	NT=crosslinking;VV=v1.0.0	NT=human;VV=v1.1.0
PXD035844_20200529_Fusion_Jlow_XLMS_NPF3_10	NT=Homo sapiens;AC=NCBITaxon:9606	cell fraction	not available	45	PXD035844_20200529_Fusion_Jlow_XLMS_NPF3_10_assay	proteomic profiling by mass spectrometry	data-dependent acquisition	NT=label free sample;AC=MS:1002038	1	1	not available	not available	NT=Carbamidomethyl;AC=UNIMOD:4;TA=C;MT=Fixed	NT=Oxidation;AC=UNIMOD:21;TA=M;MT=Variable	not available	not available	NT=['DHSO', 'DSSO', 'DMTMM'];AC=['XLMOD:02226', 'XLMOD:02126', None];TA=['D,E', 'K,S,T,Y', None]	not available	not available	not available	not available	not available	20200529_Fusion_Jlow_XLMS_NPF3_10.raw	NT=ms-proteomics;VV=v1.1.0	NT=crosslinking;VV=v1.0.0	NT=human;VV=v1.1.0
PXD035844_20201113_Fusion_JLow_DHSO2_G8_F8	Homo sapiens	cell fraction	not available	4	PXD035844_20201113_Fusion_JLow_DHSO2_G8_F8_assay	proteomic profiling by mass spectrometry	data-dependent acquisition	NT=label free sample;AC=MS:1002038	8	1	not available	not available	NT=Carbamidomethyl;AC=UNIMOD:4;TA=C;MT=Fixed	NT=Oxidation;AC=UNIMOD:21;TA=M;MT=Variable	not available	not available	NT=['DHSO', 'DSSO', 'DMTMM'];AC=['XLMOD:02226', 'XLMOD:02126', None];TA=['D,E', 'K,S,T,Y', None]	not available	not available	not available	not available	not available	20201113_Fusion_JLow_DHSO2_G8_F8.raw	NT=ms-proteomics;VV=v1.1.0	NT=crosslinking;VV=v1.0.0	NT=human;VV=v1.1.0
PXD035844_20201127_QEHFX4_JLow_DMTMM_con_N9_F6	Homo sapiens	cell fraction	not available	7	PXD035844_20201127_QEHFX4_JLow_DMTMM_con_N9_F6_assay	proteomic profiling by mass spectrometry	data-dependent acquisition	NT=label free sample;AC=MS:1002038	6	1	not available	not available	NT=Carbamidomethyl;AC=UNIMOD:4;TA=C;MT=Fixed	NT=Oxidation;AC=UNIMOD:21;TA=M;MT=Variable	not available	not available	NT=['DHSO', 'DSSO', 'DMTMM'];AC=['XLMOD:02226', 'XLMOD:02126', None];TA=['D,E', 'K,S,T,Y', None]	not available	not available	not available	not available	not available	20201127_QEHFX4_JLow_DMTMM_con_N9_F6.raw	NT=ms-proteomics;VV=v1.1.0	NT=crosslinking;VV=v1.0.0	NT=human;VV=v1.1.0
PXD035844_20201113_Fusion_JLow_DHSO2_G8_F1	Homo sapiens	cell fraction	not available	46	PXD035844_20201113_Fusion_JLow_DHSO2_G8_F1_assay	proteomic profiling by mass spectrometry	data-dependent acquisition	NT=label free sample;AC=MS:1002038	1	1	not available	not available	NT=Carbamidomethyl;AC=UNIMOD:4;TA=C;MT=Fixed	NT=Oxidation;AC=UNIMOD:21;TA=M;MT=Variable	not available	not available	NT=['DHSO', 'DSSO', 'DMTMM'];AC=['XLMOD:02226', 'XLMOD:02126', None];TA=['D,E', 'K,S,T,Y', None]	not available	not available	not available	not available	not available	20201113_Fusion_JLow_DHSO2_G8_F1.raw	NT=ms-proteomics;VV=v1.1.0	NT=crosslinking;VV=v1.0.0	NT=human;VV=v1.1.0
PXD035844_20201119_Fusion_JLow_DHSO3_C9_F10_reinject_c	Homo sapiens	cell fraction	not available	5	PXD035844_20201119_Fusion_JLow_DHSO3_C9_F10_reinject_c_assay	proteomic profiling by mass spectrometry	data-dependent acquisition	NT=label free sample;AC=MS:1002038	10	1	not available	not available	NT=Carbamidomethyl;AC=UNIMOD:4;TA=C;MT=Fixed	NT=Oxidation;AC=UNIMOD:21;TA=M;MT=Variable	not available	not available	NT=['DHSO', 'DSSO', 'DMTMM'];AC=['XLMOD:02226', 'XLMOD:02126', None];TA=['D,E', 'K,S,T,Y', None]	not available	not available	not available	not available	not available	20201119_Fusion_JLow_DHSO3_C9_F10_reinject_c.raw	NT=ms-proteomics;VV=v1.1.0	NT=crosslinking;VV=v1.0.0	NT=human;VV=v1.1.0
PXD035844_20181108_Fusion_JL_exp1_CPF17	Homo sapiens	cell fraction	not available	47	PXD035844_20181108_Fusion_JL_exp1_CPF17_assay	proteomic profiling by mass spectrometry	data-dependent acquisition	NT=label free sample;AC=MS:1002038	1	1	not available	not available	NT=Carbamidomethyl;AC=UNIMOD:4;TA=C;MT=Fixed	NT=Oxidation;AC=UNIMOD:21;TA=M;MT=Variable	not available	not available	NT=['DHSO', 'DSSO', 'DMTMM'];AC=['XLMOD:02226', 'XLMOD:02126', None];TA=['D,E', 'K,S,T,Y', None]	not available	not available	not available	not available	not available	20181108_Fusion_JL_exp1_CPF17.raw	NT=ms-proteomics;VV=v1.1.0	NT=crosslinking;VV=v1.0.0	NT=human;VV=v1.1.0
PXD035844_20181108_Fusion_JL_exp1_GPF11	NT=Homo sapiens;AC=NCBITaxon:9606	cell fraction	not available	48	PXD035844_20181108_Fusion_JL_exp1_GPF11_assay	proteomic profiling by mass spectrometry	data-dependent acquisition	NT=label free sample;AC=MS:1002038	1	1	not available	not available	NT=Carbamidomethyl;AC=UNIMOD:4;TA=C;MT=Fixed	NT=Oxidation;AC=UNIMOD:21;TA=M;MT=Variable	not available	not available	NT=['DHSO', 'DSSO', 'DMTMM'];AC=['XLMOD:02226', 'XLMOD:02126', None];TA=['D,E', 'K,S,T,Y', None]	not available	not available	not available	not available	not available	20181108_Fusion_JL_exp1_GPF11.raw	NT=ms-proteomics;VV=v1.1.0	NT=crosslinking;VV=v1.0.0	NT=human;VV=v1.1.0
PXD035844_20201119_Fusion_JLow_DHSO3_G9_F10_reinject	Homo sapiens	cell fraction	not available	6	PXD035844_20201119_Fusion_JLow_DHSO3_G9_F10_reinject_assay	proteomic profiling by mass spectrometry	data-dependent acquisition	NT=label free sample;AC=MS:1002038	10	1	not available	not available	NT=Carbamidomethyl;AC=UNIMOD:4;TA=C;MT=Fixed	NT=Oxidation;AC=UNIMOD:21;TA=M;MT=Variable	not available	not available	NT=['DHSO', 'DSSO', 'DMTMM'];AC=['XLMOD:02226', 'XLMOD:02126', None];TA=['D,E', 'K,S,T,Y', None]	not available	not available	not available	not available	not available	20201119_Fusion_JLow_DHSO3_G9_F10_reinject.raw	NT=ms-proteomics;VV=v1.1.0	NT=crosslinking;VV=v1.0.0	NT=human;VV=v1.1.0
PXD035844_20201127_QEHFX4_JLow_DMTMM_con_C9_F8	Homo sapiens	cell fraction	not available	5	PXD035844_20201127_QEHFX4_JLow_DMTMM_con_C9_F8_assay	proteomic profiling by mass spectrometry	data-dependent acquisition	NT=label free sample;AC=MS:1002038	8	1	not available	not available	NT=Carbamidomethyl;AC=UNIMOD:4;TA=C;MT=Fixed	NT=Oxidation;AC=UNIMOD:21;TA=M;MT=Variable	not available	not available	NT=['DHSO', 'DSSO', 'DMTMM'];AC=['XLMOD:02226', 'XLMOD:02126', None];TA=['D,E', 'K,S,T,Y', None]	not available	not available	not available	not available	not available	20201127_QEHFX4_JLow_DMTMM_con_C9_F8.raw	NT=ms-proteomics;VV=v1.1.0	NT=crosslinking;VV=v1.0.0	NT=human;VV=v1.1.0
PXD035844_20201119_QEHFX4_JLow_DMTMM2_N8_F3	Homo sapiens	cell fraction	not available	8	PXD035844_20201119_QEHFX4_JLow_DMTMM2_N8_F3_assay	proteomic profiling by mass spectrometry	data-dependent acquisition	NT=label free sample;AC=MS:1002038	3	1	not available	not available	NT=Carbamidomethyl;AC=UNIMOD:4;TA=C;MT=Fixed	NT=Oxidation;AC=UNIMOD:21;TA=M;MT=Variable	not available	not available	NT=['DHSO', 'DSSO', 'DMTMM'];AC=['XLMOD:02226', 'XLMOD:02126', None];TA=['D,E', 'K,S,T,Y', None]	not available	not available	not available	not available	not available	20201119_QEHFX4_JLow_DMTMM2_N8_F3.raw	NT=ms-proteomics;VV=v1.1.0	NT=crosslinking;VV=v1.0.0	NT=human;VV=v1.1.0
PXD035844_20200529_Fusion_Jlow_XLMS_CPF3_10	Homo sapiens	cell fraction	not available	49	PXD035844_20200529_Fusion_Jlow_XLMS_CPF3_10_assay	proteomic profiling by mass spectrometry	data-dependent acquisition	NT=label free sample;AC=MS:1002038	1	1	not available	not available	NT=Carbamidomethyl;AC=UNIMOD:4;TA=C;MT=Fixed	NT=Oxidation;AC=UNIMOD:21;TA=M;MT=Variable	not available	not available	NT=['DHSO', 'DSSO', 'DMTMM'];AC=['XLMOD:02226', 'XLMOD:02126', None];TA=['D,E', 'K,S,T,Y', None]	not available	not available	not available	not available	not available	20200529_Fusion_Jlow_XLMS_CPF3_10.raw	NT=ms-proteomics;VV=v1.1.0	NT=crosslinking;VV=v1.0.0	NT=human;VV=v1.1.0
PXD035844_20201127_QEHFX4_JLow_DMTMM_con_M9_F7	Homo sapiens	cell fraction	not available	5	PXD035844_20201127_QEHFX4_JLow_DMTMM_con_M9_F7_assay	proteomic profiling by mass spectrometry	data-dependent acquisition	NT=label free sample;AC=MS:1002038	7	1	not available	not available	NT=Carbamidomethyl;AC=UNIMOD:4;TA=C;MT=Fixed	NT=Oxidation;AC=UNIMOD:21;TA=M;MT=Variable	not available	not available	NT=['DHSO', 'DSSO', 'DMTMM'];AC=['XLMOD:02226', 'XLMOD:02126', None];TA=['D,E', 'K,S,T,Y', None]	not available	not available	not available	not available	not available	20201127_QEHFX4_JLow_DMTMM_con_M9_F7.raw	NT=ms-proteomics;VV=v1.1.0	NT=crosslinking;VV=v1.0.0	NT=human;VV=v1.1.0
PXD035844_20201119_Fusion_JLow_DHSO2_N8_F12	Homo sapiens	cell fraction	not available	4	PXD035844_20201119_Fusion_JLow_DHSO2_N8_F12_assay	proteomic profiling by mass spectrometry	data-dependent acquisition	NT=label free sample;AC=MS:1002038	12	1	not available	not available	NT=Carbamidomethyl;AC=UNIMOD:4;TA=C;MT=Fixed	NT=Oxidation;AC=UNIMOD:21;TA=M;MT=Variable	not available	not available	NT=['DHSO', 'DSSO', 'DMTMM'];AC=['XLMOD:02226', 'XLMOD:02126', None];TA=['D,E', 'K,S,T,Y', None]	not available	not available	not available	not available	not available	20201119_Fusion_JLow_DHSO2_N8_F12.raw	NT=ms-proteomics;VV=v1.1.0	NT=crosslinking;VV=v1.0.0	NT=human;VV=v1.1.0
PXD035844_20181108_Fusion_JL_exp1_MPF4	NT=Homo sapiens;AC=NCBITaxon:9606	cell fraction	not available	50	PXD035844_20181108_Fusion_JL_exp1_MPF4_assay	proteomic profiling by mass spectrometry	data-dependent acquisition	NT=label free sample;AC=MS:1002038	1	1	not available	not available	NT=Carbamidomethyl;AC=UNIMOD:4;TA=C;MT=Fixed	NT=Oxidation;AC=UNIMOD:21;TA=M;MT=Variable	not available	not available	NT=['DHSO', 'DSSO', 'DMTMM'];AC=['XLMOD:02226', 'XLMOD:02126', None];TA=['D,E', 'K,S,T,Y', None]	not available	not available	not available	not available	not available	20181108_Fusion_JL_exp1_MPF4.raw	NT=ms-proteomics;VV=v1.1.0	NT=crosslinking;VV=v1.0.0	NT=human;VV=v1.1.0
PXD035844_20200529_Fusion_Jlow_XLMS_MPF1_7	NT=Homo sapiens;AC=NCBITaxon:9606	cell fraction	not available	51	PXD035844_20200529_Fusion_Jlow_XLMS_MPF1_7_assay	proteomic profiling by mass spectrometry	data-dependent acquisition	NT=label free sample;AC=MS:1002038	1	1	not available	not available	NT=Carbamidomethyl;AC=UNIMOD:4;TA=C;MT=Fixed	NT=Oxidation;AC=UNIMOD:21;TA=M;MT=Variable	not available	not available	NT=['DHSO', 'DSSO', 'DMTMM'];AC=['XLMOD:02226', 'XLMOD:02126', None];TA=['D,E', 'K,S,T,Y', None]	not available	not available	not available	not available	not available	20200529_Fusion_Jlow_XLMS_MPF1_7.raw	NT=ms-proteomics;VV=v1.1.0	NT=crosslinking;VV=v1.0.0	NT=human;VV=v1.1.0
PXD035844_20201119_QEHFX4_JLow_DMTMM2_M8_F10	Homo sapiens	cell fraction	not available	7	PXD035844_20201119_QEHFX4_JLow_DMTMM2_M8_F10_assay	proteomic profiling by mass spectrometry	data-dependent acquisition	NT=label free sample;AC=MS:1002038	10	1	not available	not available	NT=Carbamidomethyl;AC=UNIMOD:4;TA=C;MT=Fixed	NT=Oxidation;AC=UNIMOD:21;TA=M;MT=Variable	not available	not available	NT=['DHSO', 'DSSO', 'DMTMM'];AC=['XLMOD:02226', 'XLMOD:02126', None];TA=['D,E', 'K,S,T,Y', None]	not available	not available	not available	not available	not available	20201119_QEHFX4_JLow_DMTMM2_M8_F10.raw	NT=ms-proteomics;VV=v1.1.0	NT=crosslinking;VV=v1.0.0	NT=human;VV=v1.1.0
PXD035844_20201127_QEHFX4_JLow_DMTMM_con_N9_F8	Homo sapiens	cell fraction	not available	6	PXD035844_20201127_QEHFX4_JLow_DMTMM_con_N9_F8_assay	proteomic profiling by mass spectrometry	data-dependent acquisition	NT=label free sample;AC=MS:1002038	8	1	not available	not available	NT=Carbamidomethyl;AC=UNIMOD:4;TA=C;MT=Fixed	NT=Oxidation;AC=UNIMOD:21;TA=M;MT=Variable	not available	not available	NT=['DHSO', 'DSSO', 'DMTMM'];AC=['XLMOD:02226', 'XLMOD:02126', None];TA=['D,E', 'K,S,T,Y', None]	not available	not available	not available	not available	not available	20201127_QEHFX4_JLow_DMTMM_con_N9_F8.raw	NT=ms-proteomics;VV=v1.1.0	NT=crosslinking;VV=v1.0.0	NT=human;VV=v1.1.0
PXD035844_20201119_Fusion_JLow_DHSO3_G9_F10	Homo sapiens	cell fraction	not available	8	PXD035844_20201119_Fusion_JLow_DHSO3_G9_F10_assay	proteomic profiling by mass spectrometry	data-dependent acquisition	NT=label free sample;AC=MS:1002038	10	1	not available	not available	NT=Carbamidomethyl;AC=UNIMOD:4;TA=C;MT=Fixed	NT=Oxidation;AC=UNIMOD:21;TA=M;MT=Variable	not available	not available	NT=['DHSO', 'DSSO', 'DMTMM'];AC=['XLMOD:02226', 'XLMOD:02126', None];TA=['D,E', 'K,S,T,Y', None]	not available	not available	not available	not available	not available	20201119_Fusion_JLow_DHSO3_G9_F10.raw	NT=ms-proteomics;VV=v1.1.0	NT=crosslinking;VV=v1.0.0	NT=human;VV=v1.1.0
PXD035844_20181108_Fusion_JL_exp1_CPF13	Homo sapiens	cell fraction	not available	52	PXD035844_20181108_Fusion_JL_exp1_CPF13_assay	proteomic profiling by mass spectrometry	data-dependent acquisition	NT=label free sample;AC=MS:1002038	1	1	not available	not available	NT=Carbamidomethyl;AC=UNIMOD:4;TA=C;MT=Fixed	NT=Oxidation;AC=UNIMOD:21;TA=M;MT=Variable	not available	not available	NT=['DHSO', 'DSSO', 'DMTMM'];AC=['XLMOD:02226', 'XLMOD:02126', None];TA=['D,E', 'K,S,T,Y', None]	not available	not available	not available	not available	not available	20181108_Fusion_JL_exp1_CPF13.raw	NT=ms-proteomics;VV=v1.1.0	NT=crosslinking;VV=v1.0.0	NT=human;VV=v1.1.0
PXD035844_20201113_Fusion_JLow_DHSO2_C8_F6	Homo sapiens	cell fraction	not available	8	PXD035844_20201113_Fusion_JLow_DHSO2_C8_F6_assay	proteomic profiling by mass spectrometry	data-dependent acquisition	NT=label free sample;AC=MS:1002038	6	1	not available	not available	NT=Carbamidomethyl;AC=UNIMOD:4;TA=C;MT=Fixed	NT=Oxidation;AC=UNIMOD:21;TA=M;MT=Variable	not available	not available	NT=['DHSO', 'DSSO', 'DMTMM'];AC=['XLMOD:02226', 'XLMOD:02126', None];TA=['D,E', 'K,S,T,Y', None]	not available	not available	not available	not available	not available	20201113_Fusion_JLow_DHSO2_C8_F6.raw	NT=ms-proteomics;VV=v1.1.0	NT=crosslinking;VV=v1.0.0	NT=human;VV=v1.1.0
PXD035844_20181108_Fusion_JL_exp1_NPF11	NT=Homo sapiens;AC=NCBITaxon:9606	cell fraction	not available	53	PXD035844_20181108_Fusion_JL_exp1_NPF11_assay	proteomic profiling by mass spectrometry	data-dependent acquisition	NT=label free sample;AC=MS:1002038	1	1	not available	not available	NT=Carbamidomethyl;AC=UNIMOD:4;TA=C;MT=Fixed	NT=Oxidation;AC=UNIMOD:21;TA=M;MT=Variable	not available	not available	NT=['DHSO', 'DSSO', 'DMTMM'];AC=['XLMOD:02226', 'XLMOD:02126', None];TA=['D,E', 'K,S,T,Y', None]	not available	not available	not available	not available	not available	20181108_Fusion_JL_exp1_NPF11.raw	NT=ms-proteomics;VV=v1.1.0	NT=crosslinking;VV=v1.0.0	NT=human;VV=v1.1.0
PXD035844_20200529_Fusion_Jlow_XLMS_CPF1_2	Homo sapiens	cell fraction	not available	54	PXD035844_20200529_Fusion_Jlow_XLMS_CPF1_2_assay	proteomic profiling by mass spectrometry	data-dependent acquisition	NT=label free sample;AC=MS:1002038	1	1	not available	not available	NT=Carbamidomethyl;AC=UNIMOD:4;TA=C;MT=Fixed	NT=Oxidation;AC=UNIMOD:21;TA=M;MT=Variable	not available	not available	NT=['DHSO', 'DSSO', 'DMTMM'];AC=['XLMOD:02226', 'XLMOD:02126', None];TA=['D,E', 'K,S,T,Y', None]	not available	not available	not available	not available	not available	20200529_Fusion_Jlow_XLMS_CPF1_2.raw	NT=ms-proteomics;VV=v1.1.0	NT=crosslinking;VV=v1.0.0	NT=human;VV=v1.1.0
PXD035844_20201127_QEHFX4_JLow_DMTMM_con_C9_F4	Homo sapiens	cell fraction	not available	5	PXD035844_20201127_QEHFX4_JLow_DMTMM_con_C9_F4_assay	proteomic profiling by mass spectrometry	data-dependent acquisition	NT=label free sample;AC=MS:1002038	4	1	not available	not available	NT=Carbamidomethyl;AC=UNIMOD:4;TA=C;MT=Fixed	NT=Oxidation;AC=UNIMOD:21;TA=M;MT=Variable	not available	not available	NT=['DHSO', 'DSSO', 'DMTMM'];AC=['XLMOD:02226', 'XLMOD:02126', None];TA=['D,E', 'K,S,T,Y', None]	not available	not available	not available	not available	not available	20201127_QEHFX4_JLow_DMTMM_con_C9_F4.raw	NT=ms-proteomics;VV=v1.1.0	NT=crosslinking;VV=v1.0.0	NT=human;VV=v1.1.0
PXD035844_20200529_Fusion_Jlow_XLMS_MPF3_8	NT=Homo sapiens;AC=NCBITaxon:9606	cell fraction	not available	55	PXD035844_20200529_Fusion_Jlow_XLMS_MPF3_8_assay	proteomic profiling by mass spectrometry	data-dependent acquisition	NT=label free sample;AC=MS:1002038	1	1	not available	not available	NT=Carbamidomethyl;AC=UNIMOD:4;TA=C;MT=Fixed	NT=Oxidation;AC=UNIMOD:21;TA=M;MT=Variable	not available	not available	NT=['DHSO', 'DSSO', 'DMTMM'];AC=['XLMOD:02226', 'XLMOD:02126', None];TA=['D,E', 'K,S,T,Y', None]	not available	not available	not available	not available	not available	20200529_Fusion_Jlow_XLMS_MPF3_8.raw	NT=ms-proteomics;VV=v1.1.0	NT=crosslinking;VV=v1.0.0	NT=human;VV=v1.1.0
PXD035844_20200529_Fusion_Jlow_XLMS_NPF3_1	NT=Homo sapiens;AC=NCBITaxon:9606	cell fraction	not available	56	PXD035844_20200529_Fusion_Jlow_XLMS_NPF3_1_assay	proteomic profiling by mass spectrometry	data-dependent acquisition	NT=label free sample;AC=MS:1002038	1	1	not available	not available	NT=Carbamidomethyl;AC=UNIMOD:4;TA=C;MT=Fixed	NT=Oxidation;AC=UNIMOD:21;TA=M;MT=Variable	not available	not available	NT=['DHSO', 'DSSO', 'DMTMM'];AC=['XLMOD:02226', 'XLMOD:02126', None];TA=['D,E', 'K,S,T,Y', None]	not available	not available	not available	not available	not available	20200529_Fusion_Jlow_XLMS_NPF3_1.raw	NT=ms-proteomics;VV=v1.1.0	NT=crosslinking;VV=v1.0.0	NT=human;VV=v1.1.0
PXD035844_20200529_Fusion_Jlow_XLMS_GPF3_1	NT=Homo sapiens;AC=NCBITaxon:9606	cell fraction	not available	57	PXD035844_20200529_Fusion_Jlow_XLMS_GPF3_1_assay	proteomic profiling by mass spectrometry	data-dependent acquisition	NT=label free sample;AC=MS:1002038	1	1	not available	not available	NT=Carbamidomethyl;AC=UNIMOD:4;TA=C;MT=Fixed	NT=Oxidation;AC=UNIMOD:21;TA=M;MT=Variable	not available	not available	NT=['DHSO', 'DSSO', 'DMTMM'];AC=['XLMOD:02226', 'XLMOD:02126', None];TA=['D,E', 'K,S,T,Y', None]	not available	not available	not available	not available	not available	20200529_Fusion_Jlow_XLMS_GPF3_1.raw	NT=ms-proteomics;VV=v1.1.0	NT=crosslinking;VV=v1.0.0	NT=human;VV=v1.1.0
PXD035844_20201113_Fusion_JLow_DHSO2_C8_F5	Homo sapiens	cell fraction	not available	7	PXD035844_20201113_Fusion_JLow_DHSO2_C8_F5_assay	proteomic profiling by mass spectrometry	data-dependent acquisition	NT=label free sample;AC=MS:1002038	5	1	not available	not available	NT=Carbamidomethyl;AC=UNIMOD:4;TA=C;MT=Fixed	NT=Oxidation;AC=UNIMOD:21;TA=M;MT=Variable	not available	not available	NT=['DHSO', 'DSSO', 'DMTMM'];AC=['XLMOD:02226', 'XLMOD:02126', None];TA=['D,E', 'K,S,T,Y', None]	not available	not available	not available	not available	not available	20201113_Fusion_JLow_DHSO2_C8_F5.raw	NT=ms-proteomics;VV=v1.1.0	NT=crosslinking;VV=v1.0.0	NT=human;VV=v1.1.0
PXD035844_20181108_Fusion_JL_exp1_NPF3	NT=Homo sapiens;AC=NCBITaxon:9606	cell fraction	not available	58	PXD035844_20181108_Fusion_JL_exp1_NPF3_assay	proteomic profiling by mass spectrometry	data-dependent acquisition	NT=label free sample;AC=MS:1002038	1	1	not available	not available	NT=Carbamidomethyl;AC=UNIMOD:4;TA=C;MT=Fixed	NT=Oxidation;AC=UNIMOD:21;TA=M;MT=Variable	not available	not available	NT=['DHSO', 'DSSO', 'DMTMM'];AC=['XLMOD:02226', 'XLMOD:02126', None];TA=['D,E', 'K,S,T,Y', None]	not available	not available	not available	not available	not available	20181108_Fusion_JL_exp1_NPF3.raw	NT=ms-proteomics;VV=v1.1.0	NT=crosslinking;VV=v1.0.0	NT=human;VV=v1.1.0
PXD035844_20200529_Fusion_Jlow_XLMS_MPF1_6	NT=Homo sapiens;AC=NCBITaxon:9606	cell fraction	not available	59	PXD035844_20200529_Fusion_Jlow_XLMS_MPF1_6_assay	proteomic profiling by mass spectrometry	data-dependent acquisition	NT=label free sample;AC=MS:1002038	1	1	not available	not available	NT=Carbamidomethyl;AC=UNIMOD:4;TA=C;MT=Fixed	NT=Oxidation;AC=UNIMOD:21;TA=M;MT=Variable	not available	not available	NT=['DHSO', 'DSSO', 'DMTMM'];AC=['XLMOD:02226', 'XLMOD:02126', None];TA=['D,E', 'K,S,T,Y', None]	not available	not available	not available	not available	not available	20200529_Fusion_Jlow_XLMS_MPF1_6.raw	NT=ms-proteomics;VV=v1.1.0	NT=crosslinking;VV=v1.0.0	NT=human;VV=v1.1.0
PXD035844_20201119_Fusion_JLow_DHSO3_G9_F1	Homo sapiens	cell fraction	not available	60	PXD035844_20201119_Fusion_JLow_DHSO3_G9_F1_assay	proteomic profiling by mass spectrometry	data-dependent acquisition	NT=label free sample;AC=MS:1002038	1	1	not available	not available	NT=Carbamidomethyl;AC=UNIMOD:4;TA=C;MT=Fixed	NT=Oxidation;AC=UNIMOD:21;TA=M;MT=Variable	not available	not available	NT=['DHSO', 'DSSO', 'DMTMM'];AC=['XLMOD:02226', 'XLMOD:02126', None];TA=['D,E', 'K,S,T,Y', None]	not available	not available	not available	not available	not available	20201119_Fusion_JLow_DHSO3_G9_F1.raw	NT=ms-proteomics;VV=v1.1.0	NT=crosslinking;VV=v1.0.0	NT=human;VV=v1.1.0
PXD035844_20200529_Fusion_Jlow_XLMS_GPF1_11	NT=Homo sapiens;AC=NCBITaxon:9606	cell fraction	not available	61	PXD035844_20200529_Fusion_Jlow_XLMS_GPF1_11_assay	proteomic profiling by mass spectrometry	data-dependent acquisition	NT=label free sample;AC=MS:1002038	1	1	not available	not available	NT=Carbamidomethyl;AC=UNIMOD:4;TA=C;MT=Fixed	NT=Oxidation;AC=UNIMOD:21;TA=M;MT=Variable	not available	not available	NT=['DHSO', 'DSSO', 'DMTMM'];AC=['XLMOD:02226', 'XLMOD:02126', None];TA=['D,E', 'K,S,T,Y', None]	not available	not available	not available	not available	not available	20200529_Fusion_Jlow_XLMS_GPF1_11.raw	NT=ms-proteomics;VV=v1.1.0	NT=crosslinking;VV=v1.0.0	NT=human;VV=v1.1.0
PXD035844_20200529_Fusion_Jlow_XLMS_CPF3_2	Homo sapiens	cell fraction	not available	62	PXD035844_20200529_Fusion_Jlow_XLMS_CPF3_2_assay	proteomic profiling by mass spectrometry	data-dependent acquisition	NT=label free sample;AC=MS:1002038	1	1	not available	not available	NT=Carbamidomethyl;AC=UNIMOD:4;TA=C;MT=Fixed	NT=Oxidation;AC=UNIMOD:21;TA=M;MT=Variable	not available	not available	NT=['DHSO', 'DSSO', 'DMTMM'];AC=['XLMOD:02226', 'XLMOD:02126', None];TA=['D,E', 'K,S,T,Y', None]	not available	not available	not available	not available	not available	20200529_Fusion_Jlow_XLMS_CPF3_2.raw	NT=ms-proteomics;VV=v1.1.0	NT=crosslinking;VV=v1.0.0	NT=human;VV=v1.1.0
PXD035844_20201113_Fusion_JLow_DHSO2_C8_F7	Homo sapiens	cell fraction	not available	6	PXD035844_20201113_Fusion_JLow_DHSO2_C8_F7_assay	proteomic profiling by mass spectrometry	data-dependent acquisition	NT=label free sample;AC=MS:1002038	7	1	not available	not available	NT=Carbamidomethyl;AC=UNIMOD:4;TA=C;MT=Fixed	NT=Oxidation;AC=UNIMOD:21;TA=M;MT=Variable	not available	not available	NT=['DHSO', 'DSSO', 'DMTMM'];AC=['XLMOD:02226', 'XLMOD:02126', None];TA=['D,E', 'K,S,T,Y', None]	not available	not available	not available	not available	not available	20201113_Fusion_JLow_DHSO2_C8_F7.raw	NT=ms-proteomics;VV=v1.1.0	NT=crosslinking;VV=v1.0.0	NT=human;VV=v1.1.0
PXD035844_20201119_Fusion_JLow_DHSO3_N9_F11	Homo sapiens	cell fraction	not available	6	PXD035844_20201119_Fusion_JLow_DHSO3_N9_F11_assay	proteomic profiling by mass spectrometry	data-dependent acquisition	NT=label free sample;AC=MS:1002038	11	1	not available	not available	NT=Carbamidomethyl;AC=UNIMOD:4;TA=C;MT=Fixed	NT=Oxidation;AC=UNIMOD:21;TA=M;MT=Variable	not available	not available	NT=['DHSO', 'DSSO', 'DMTMM'];AC=['XLMOD:02226', 'XLMOD:02126', None];TA=['D,E', 'K,S,T,Y', None]	not available	not available	not available	not available	not available	20201119_Fusion_JLow_DHSO3_N9_F11.raw	NT=ms-proteomics;VV=v1.1.0	NT=crosslinking;VV=v1.0.0	NT=human;VV=v1.1.0
PXD035844_20200529_Fusion_Jlow_XLMS_CPF1_4	Homo sapiens	cell fraction	not available	63	PXD035844_20200529_Fusion_Jlow_XLMS_CPF1_4_assay	proteomic profiling by mass spectrometry	data-dependent acquisition	NT=label free sample;AC=MS:1002038	1	1	not available	not available	NT=Carbamidomethyl;AC=UNIMOD:4;TA=C;MT=Fixed	NT=Oxidation;AC=UNIMOD:21;TA=M;MT=Variable	not available	not available	NT=['DHSO', 'DSSO', 'DMTMM'];AC=['XLMOD:02226', 'XLMOD:02126', None];TA=['D,E', 'K,S,T,Y', None]	not available	not available	not available	not available	not available	20200529_Fusion_Jlow_XLMS_CPF1_4.raw	NT=ms-proteomics;VV=v1.1.0	NT=crosslinking;VV=v1.0.0	NT=human;VV=v1.1.0
PXD035844_20181108_Fusion_JL_exp1_GPF6	NT=Homo sapiens;AC=NCBITaxon:9606	cell fraction	not available	64	PXD035844_20181108_Fusion_JL_exp1_GPF6_assay	proteomic profiling by mass spectrometry	data-dependent acquisition	NT=label free sample;AC=MS:1002038	1	1	not available	not available	NT=Carbamidomethyl;AC=UNIMOD:4;TA=C;MT=Fixed	NT=Oxidation;AC=UNIMOD:21;TA=M;MT=Variable	not available	not available	NT=['DHSO', 'DSSO', 'DMTMM'];AC=['XLMOD:02226', 'XLMOD:02126', None];TA=['D,E', 'K,S,T,Y', None]	not available	not available	not available	not available	not available	20181108_Fusion_JL_exp1_GPF6.raw	NT=ms-proteomics;VV=v1.1.0	NT=crosslinking;VV=v1.0.0	NT=human;VV=v1.1.0
PXD035844_20181108_Fusion_JL_exp1_MPF8	NT=Homo sapiens;AC=NCBITaxon:9606	cell fraction	not available	65	PXD035844_20181108_Fusion_JL_exp1_MPF8_assay	proteomic profiling by mass spectrometry	data-dependent acquisition	NT=label free sample;AC=MS:1002038	1	1	not available	not available	NT=Carbamidomethyl;AC=UNIMOD:4;TA=C;MT=Fixed	NT=Oxidation;AC=UNIMOD:21;TA=M;MT=Variable	not available	not available	NT=['DHSO', 'DSSO', 'DMTMM'];AC=['XLMOD:02226', 'XLMOD:02126', None];TA=['D,E', 'K,S,T,Y', None]	not available	not available	not available	not available	not available	20181108_Fusion_JL_exp1_MPF8.raw	NT=ms-proteomics;VV=v1.1.0	NT=crosslinking;VV=v1.0.0	NT=human;VV=v1.1.0
PXD035844_20200529_Fusion_Jlow_XLMS_NPF3_7	NT=Homo sapiens;AC=NCBITaxon:9606	cell fraction	not available	66	PXD035844_20200529_Fusion_Jlow_XLMS_NPF3_7_assay	proteomic profiling by mass spectrometry	data-dependent acquisition	NT=label free sample;AC=MS:1002038	1	1	not available	not available	NT=Carbamidomethyl;AC=UNIMOD:4;TA=C;MT=Fixed	NT=Oxidation;AC=UNIMOD:21;TA=M;MT=Variable	not available	not available	NT=['DHSO', 'DSSO', 'DMTMM'];AC=['XLMOD:02226', 'XLMOD:02126', None];TA=['D,E', 'K,S,T,Y', None]	not available	not available	not available	not available	not available	20200529_Fusion_Jlow_XLMS_NPF3_7.raw	NT=ms-proteomics;VV=v1.1.0	NT=crosslinking;VV=v1.0.0	NT=human;VV=v1.1.0
PXD035844_20201119_Fusion_JLow_DHSO2_M8_F10	Homo sapiens	cell fraction	not available	9	PXD035844_20201119_Fusion_JLow_DHSO2_M8_F10_assay	proteomic profiling by mass spectrometry	data-dependent acquisition	NT=label free sample;AC=MS:1002038	10	1	not available	not available	NT=Carbamidomethyl;AC=UNIMOD:4;TA=C;MT=Fixed	NT=Oxidation;AC=UNIMOD:21;TA=M;MT=Variable	not available	not available	NT=['DHSO', 'DSSO', 'DMTMM'];AC=['XLMOD:02226', 'XLMOD:02126', None];TA=['D,E', 'K,S,T,Y', None]	not available	not available	not available	not available	not available	20201119_Fusion_JLow_DHSO2_M8_F10.raw	NT=ms-proteomics;VV=v1.1.0	NT=crosslinking;VV=v1.0.0	NT=human;VV=v1.1.0
PXD035844_20201119_QEHFX4_JLow_DMTMM2_M8_F5	Homo sapiens	cell fraction	not available	8	PXD035844_20201119_QEHFX4_JLow_DMTMM2_M8_F5_assay	proteomic profiling by mass spectrometry	data-dependent acquisition	NT=label free sample;AC=MS:1002038	5	1	not available	not available	NT=Carbamidomethyl;AC=UNIMOD:4;TA=C;MT=Fixed	NT=Oxidation;AC=UNIMOD:21;TA=M;MT=Variable	not available	not available	NT=['DHSO', 'DSSO', 'DMTMM'];AC=['XLMOD:02226', 'XLMOD:02126', None];TA=['D,E', 'K,S,T,Y', None]	not available	not available	not available	not available	not available	20201119_QEHFX4_JLow_DMTMM2_M8_F5.raw	NT=ms-proteomics;VV=v1.1.0	NT=crosslinking;VV=v1.0.0	NT=human;VV=v1.1.0
PXD035844_20200529_Fusion_Jlow_XLMS_NPF1_4	NT=Homo sapiens;AC=NCBITaxon:9606	cell fraction	not available	67	PXD035844_20200529_Fusion_Jlow_XLMS_NPF1_4_assay	proteomic profiling by mass spectrometry	data-dependent acquisition	NT=label free sample;AC=MS:1002038	1	1	not available	not available	NT=Carbamidomethyl;AC=UNIMOD:4;TA=C;MT=Fixed	NT=Oxidation;AC=UNIMOD:21;TA=M;MT=Variable	not available	not available	NT=['DHSO', 'DSSO', 'DMTMM'];AC=['XLMOD:02226', 'XLMOD:02126', None];TA=['D,E', 'K,S,T,Y', None]	not available	not available	not available	not available	not available	20200529_Fusion_Jlow_XLMS_NPF1_4.raw	NT=ms-proteomics;VV=v1.1.0	NT=crosslinking;VV=v1.0.0	NT=human;VV=v1.1.0
PXD035844_20181108_Fusion_JL_exp1_CPF20	Homo sapiens	cell fraction	not available	68	PXD035844_20181108_Fusion_JL_exp1_CPF20_assay	proteomic profiling by mass spectrometry	data-dependent acquisition	NT=label free sample;AC=MS:1002038	1	1	not available	not available	NT=Carbamidomethyl;AC=UNIMOD:4;TA=C;MT=Fixed	NT=Oxidation;AC=UNIMOD:21;TA=M;MT=Variable	not available	not available	NT=['DHSO', 'DSSO', 'DMTMM'];AC=['XLMOD:02226', 'XLMOD:02126', None];TA=['D,E', 'K,S,T,Y', None]	not available	not available	not available	not available	not available	20181108_Fusion_JL_exp1_CPF20.raw	NT=ms-proteomics;VV=v1.1.0	NT=crosslinking;VV=v1.0.0	NT=human;VV=v1.1.0
PXD035844_20201113_Fusion_JLow_DHSO2_C8_F2	Homo sapiens	cell fraction	not available	7	PXD035844_20201113_Fusion_JLow_DHSO2_C8_F2_assay	proteomic profiling by mass spectrometry	data-dependent acquisition	NT=label free sample;AC=MS:1002038	2	1	not available	not available	NT=Carbamidomethyl;AC=UNIMOD:4;TA=C;MT=Fixed	NT=Oxidation;AC=UNIMOD:21;TA=M;MT=Variable	not available	not available	NT=['DHSO', 'DSSO', 'DMTMM'];AC=['XLMOD:02226', 'XLMOD:02126', None];TA=['D,E', 'K,S,T,Y', None]	not available	not available	not available	not available	not available	20201113_Fusion_JLow_DHSO2_C8_F2.raw	NT=ms-proteomics;VV=v1.1.0	NT=crosslinking;VV=v1.0.0	NT=human;VV=v1.1.0
PXD035844_20201119_Fusion_JLow_DHSO3_C9_F1	Homo sapiens	cell fraction	not available	69	PXD035844_20201119_Fusion_JLow_DHSO3_C9_F1_assay	proteomic profiling by mass spectrometry	data-dependent acquisition	NT=label free sample;AC=MS:1002038	1	1	not available	not available	NT=Carbamidomethyl;AC=UNIMOD:4;TA=C;MT=Fixed	NT=Oxidation;AC=UNIMOD:21;TA=M;MT=Variable	not available	not available	NT=['DHSO', 'DSSO', 'DMTMM'];AC=['XLMOD:02226', 'XLMOD:02126', None];TA=['D,E', 'K,S,T,Y', None]	not available	not available	not available	not available	not available	20201119_Fusion_JLow_DHSO3_C9_F1.raw	NT=ms-proteomics;VV=v1.1.0	NT=crosslinking;VV=v1.0.0	NT=human;VV=v1.1.0
PXD035844_20181108_Fusion_JL_exp1_MPF6	NT=Homo sapiens;AC=NCBITaxon:9606	cell fraction	not available	70	PXD035844_20181108_Fusion_JL_exp1_MPF6_assay	proteomic profiling by mass spectrometry	data-dependent acquisition	NT=label free sample;AC=MS:1002038	1	1	not available	not available	NT=Carbamidomethyl;AC=UNIMOD:4;TA=C;MT=Fixed	NT=Oxidation;AC=UNIMOD:21;TA=M;MT=Variable	not available	not available	NT=['DHSO', 'DSSO', 'DMTMM'];AC=['XLMOD:02226', 'XLMOD:02126', None];TA=['D,E', 'K,S,T,Y', None]	not available	not available	not available	not available	not available	20181108_Fusion_JL_exp1_MPF6.raw	NT=ms-proteomics;VV=v1.1.0	NT=crosslinking;VV=v1.0.0	NT=human;VV=v1.1.0
PXD035844_20201127_QEHFX4_JLow_DMTMM_con_N9_F4	Homo sapiens	cell fraction	not available	6	PXD035844_20201127_QEHFX4_JLow_DMTMM_con_N9_F4_assay	proteomic profiling by mass spectrometry	data-dependent acquisition	NT=label free sample;AC=MS:1002038	4	1	not available	not available	NT=Carbamidomethyl;AC=UNIMOD:4;TA=C;MT=Fixed	NT=Oxidation;AC=UNIMOD:21;TA=M;MT=Variable	not available	not available	NT=['DHSO', 'DSSO', 'DMTMM'];AC=['XLMOD:02226', 'XLMOD:02126', None];TA=['D,E', 'K,S,T,Y', None]	not available	not available	not available	not available	not available	20201127_QEHFX4_JLow_DMTMM_con_N9_F4.raw	NT=ms-proteomics;VV=v1.1.0	NT=crosslinking;VV=v1.0.0	NT=human;VV=v1.1.0
PXD035844_20201127_QEHFX4_JLow_DMTMM_con_G9_F12	Homo sapiens	cell fraction	not available	5	PXD035844_20201127_QEHFX4_JLow_DMTMM_con_G9_F12_assay	proteomic profiling by mass spectrometry	data-dependent acquisition	NT=label free sample;AC=MS:1002038	12	1	not available	not available	NT=Carbamidomethyl;AC=UNIMOD:4;TA=C;MT=Fixed	NT=Oxidation;AC=UNIMOD:21;TA=M;MT=Variable	not available	not available	NT=['DHSO', 'DSSO', 'DMTMM'];AC=['XLMOD:02226', 'XLMOD:02126', None];TA=['D,E', 'K,S,T,Y', None]	not available	not available	not available	not available	not available	20201127_QEHFX4_JLow_DMTMM_con_G9_F12.raw	NT=ms-proteomics;VV=v1.1.0	NT=crosslinking;VV=v1.0.0	NT=human;VV=v1.1.0
PXD035844_20201119_Fusion_JLow_DHSO3_G9_F12_X	Homo sapiens	cell fraction	not available	6	PXD035844_20201119_Fusion_JLow_DHSO3_G9_F12_X_assay	proteomic profiling by mass spectrometry	data-dependent acquisition	NT=label free sample;AC=MS:1002038	12	1	not available	not available	NT=Carbamidomethyl;AC=UNIMOD:4;TA=C;MT=Fixed	NT=Oxidation;AC=UNIMOD:21;TA=M;MT=Variable	not available	not available	NT=['DHSO', 'DSSO', 'DMTMM'];AC=['XLMOD:02226', 'XLMOD:02126', None];TA=['D,E', 'K,S,T,Y', None]	not available	not available	not available	not available	not available	20201119_Fusion_JLow_DHSO3_G9_F12_X.raw	NT=ms-proteomics;VV=v1.1.0	NT=crosslinking;VV=v1.0.0	NT=human;VV=v1.1.0
PXD035844_20200529_Fusion_Jlow_XLMS_NPF1_3	NT=Homo sapiens;AC=NCBITaxon:9606	cell fraction	not available	71	PXD035844_20200529_Fusion_Jlow_XLMS_NPF1_3_assay	proteomic profiling by mass spectrometry	data-dependent acquisition	NT=label free sample;AC=MS:1002038	1	1	not available	not available	NT=Carbamidomethyl;AC=UNIMOD:4;TA=C;MT=Fixed	NT=Oxidation;AC=UNIMOD:21;TA=M;MT=Variable	not available	not available	NT=['DHSO', 'DSSO', 'DMTMM'];AC=['XLMOD:02226', 'XLMOD:02126', None];TA=['D,E', 'K,S,T,Y', None]	not available	not available	not available	not available	not available	20200529_Fusion_Jlow_XLMS_NPF1_3.raw	NT=ms-proteomics;VV=v1.1.0	NT=crosslinking;VV=v1.0.0	NT=human;VV=v1.1.0
PXD035844_20181108_Fusion_JL_exp1_CPF7	Homo sapiens	cell fraction	not available	72	PXD035844_20181108_Fusion_JL_exp1_CPF7_assay	proteomic profiling by mass spectrometry	data-dependent acquisition	NT=label free sample;AC=MS:1002038	1	1	not available	not available	NT=Carbamidomethyl;AC=UNIMOD:4;TA=C;MT=Fixed	NT=Oxidation;AC=UNIMOD:21;TA=M;MT=Variable	not available	not available	NT=['DHSO', 'DSSO', 'DMTMM'];AC=['XLMOD:02226', 'XLMOD:02126', None];TA=['D,E', 'K,S,T,Y', None]	not available	not available	not available	not available	not available	20181108_Fusion_JL_exp1_CPF7.raw	NT=ms-proteomics;VV=v1.1.0	NT=crosslinking;VV=v1.0.0	NT=human;VV=v1.1.0
PXD035844_20200529_Fusion_Jlow_XLMS_NPF1_6	NT=Homo sapiens;AC=NCBITaxon:9606	cell fraction	not available	73	PXD035844_20200529_Fusion_Jlow_XLMS_NPF1_6_assay	proteomic profiling by mass spectrometry	data-dependent acquisition	NT=label free sample;AC=MS:1002038	1	1	not available	not available	NT=Carbamidomethyl;AC=UNIMOD:4;TA=C;MT=Fixed	NT=Oxidation;AC=UNIMOD:21;TA=M;MT=Variable	not available	not available	NT=['DHSO', 'DSSO', 'DMTMM'];AC=['XLMOD:02226', 'XLMOD:02126', None];TA=['D,E', 'K,S,T,Y', None]	not available	not available	not available	not available	not available	20200529_Fusion_Jlow_XLMS_NPF1_6.raw	NT=ms-proteomics;VV=v1.1.0	NT=crosslinking;VV=v1.0.0	NT=human;VV=v1.1.0
PXD035844_20200529_Fusion_Jlow_XLMS_NPF2_11	NT=Homo sapiens;AC=NCBITaxon:9606	cell fraction	not available	74	PXD035844_20200529_Fusion_Jlow_XLMS_NPF2_11_assay	proteomic profiling by mass spectrometry	data-dependent acquisition	NT=label free sample;AC=MS:1002038	1	1	not available	not available	NT=Carbamidomethyl;AC=UNIMOD:4;TA=C;MT=Fixed	NT=Oxidation;AC=UNIMOD:21;TA=M;MT=Variable	not available	not available	NT=['DHSO', 'DSSO', 'DMTMM'];AC=['XLMOD:02226', 'XLMOD:02126', None];TA=['D,E', 'K,S,T,Y', None]	not available	not available	not available	not available	not available	20200529_Fusion_Jlow_XLMS_NPF2_11.raw	NT=ms-proteomics;VV=v1.1.0	NT=crosslinking;VV=v1.0.0	NT=human;VV=v1.1.0
PXD035844_20200529_Fusion_Jlow_XLMS_MPF1_1	NT=Homo sapiens;AC=NCBITaxon:9606	cell fraction	not available	75	PXD035844_20200529_Fusion_Jlow_XLMS_MPF1_1_assay	proteomic profiling by mass spectrometry	data-dependent acquisition	NT=label free sample;AC=MS:1002038	1	1	not available	not available	NT=Carbamidomethyl;AC=UNIMOD:4;TA=C;MT=Fixed	NT=Oxidation;AC=UNIMOD:21;TA=M;MT=Variable	not available	not available	NT=['DHSO', 'DSSO', 'DMTMM'];AC=['XLMOD:02226', 'XLMOD:02126', None];TA=['D,E', 'K,S,T,Y', None]	not available	not available	not available	not available	not available	20200529_Fusion_Jlow_XLMS_MPF1_1.raw	NT=ms-proteomics;VV=v1.1.0	NT=crosslinking;VV=v1.0.0	NT=human;VV=v1.1.0
PXD035844_20200529_Fusion_Jlow_XLMS_CPF1_11	Homo sapiens	cell fraction	not available	76	PXD035844_20200529_Fusion_Jlow_XLMS_CPF1_11_assay	proteomic profiling by mass spectrometry	data-dependent acquisition	NT=label free sample;AC=MS:1002038	1	1	not available	not available	NT=Carbamidomethyl;AC=UNIMOD:4;TA=C;MT=Fixed	NT=Oxidation;AC=UNIMOD:21;TA=M;MT=Variable	not available	not available	NT=['DHSO', 'DSSO', 'DMTMM'];AC=['XLMOD:02226', 'XLMOD:02126', None];TA=['D,E', 'K,S,T,Y', None]	not available	not available	not available	not available	not available	20200529_Fusion_Jlow_XLMS_CPF1_11.raw	NT=ms-proteomics;VV=v1.1.0	NT=crosslinking;VV=v1.0.0	NT=human;VV=v1.1.0
PXD035844_20200529_Fusion_Jlow_XLMS_NPF2_12	NT=Homo sapiens;AC=NCBITaxon:9606	cell fraction	not available	77	PXD035844_20200529_Fusion_Jlow_XLMS_NPF2_12_assay	proteomic profiling by mass spectrometry	data-dependent acquisition	NT=label free sample;AC=MS:1002038	1	1	not available	not available	NT=Carbamidomethyl;AC=UNIMOD:4;TA=C;MT=Fixed	NT=Oxidation;AC=UNIMOD:21;TA=M;MT=Variable	not available	not available	NT=['DHSO', 'DSSO', 'DMTMM'];AC=['XLMOD:02226', 'XLMOD:02126', None];TA=['D,E', 'K,S,T,Y', None]	not available	not available	not available	not available	not available	20200529_Fusion_Jlow_XLMS_NPF2_12.raw	NT=ms-proteomics;VV=v1.1.0	NT=crosslinking;VV=v1.0.0	NT=human;VV=v1.1.0
PXD035844_20201127_QEHFX4_JLow_DMTMM_con_G9_F10	Homo sapiens	cell fraction	not available	10	PXD035844_20201127_QEHFX4_JLow_DMTMM_con_G9_F10_assay	proteomic profiling by mass spectrometry	data-dependent acquisition	NT=label free sample;AC=MS:1002038	10	1	not available	not available	NT=Carbamidomethyl;AC=UNIMOD:4;TA=C;MT=Fixed	NT=Oxidation;AC=UNIMOD:21;TA=M;MT=Variable	not available	not available	NT=['DHSO', 'DSSO', 'DMTMM'];AC=['XLMOD:02226', 'XLMOD:02126', None];TA=['D,E', 'K,S,T,Y', None]	not available	not available	not available	not available	not available	20201127_QEHFX4_JLow_DMTMM_con_G9_F10.raw	NT=ms-proteomics;VV=v1.1.0	NT=crosslinking;VV=v1.0.0	NT=human;VV=v1.1.0
PXD035844_20201113_Fusion_JLow_DHSO2_C8_F1	Homo sapiens	cell fraction	not available	78	PXD035844_20201113_Fusion_JLow_DHSO2_C8_F1_assay	proteomic profiling by mass spectrometry	data-dependent acquisition	NT=label free sample;AC=MS:1002038	1	1	not available	not available	NT=Carbamidomethyl;AC=UNIMOD:4;TA=C;MT=Fixed	NT=Oxidation;AC=UNIMOD:21;TA=M;MT=Variable	not available	not available	NT=['DHSO', 'DSSO', 'DMTMM'];AC=['XLMOD:02226', 'XLMOD:02126', None];TA=['D,E', 'K,S,T,Y', None]	not available	not available	not available	not available	not available	20201113_Fusion_JLow_DHSO2_C8_F1.raw	NT=ms-proteomics;VV=v1.1.0	NT=crosslinking;VV=v1.0.0	NT=human;VV=v1.1.0
PXD035844_20201119_Fusion_JLow_DHSO3_G9_F11_X	Homo sapiens	cell fraction	not available	7	PXD035844_20201119_Fusion_JLow_DHSO3_G9_F11_X_assay	proteomic profiling by mass spectrometry	data-dependent acquisition	NT=label free sample;AC=MS:1002038	11	1	not available	not available	NT=Carbamidomethyl;AC=UNIMOD:4;TA=C;MT=Fixed	NT=Oxidation;AC=UNIMOD:21;TA=M;MT=Variable	not available	not available	NT=['DHSO', 'DSSO', 'DMTMM'];AC=['XLMOD:02226', 'XLMOD:02126', None];TA=['D,E', 'K,S,T,Y', None]	not available	not available	not available	not available	not available	20201119_Fusion_JLow_DHSO3_G9_F11_X.raw	NT=ms-proteomics;VV=v1.1.0	NT=crosslinking;VV=v1.0.0	NT=human;VV=v1.1.0
PXD035844_20200529_Fusion_Jlow_XLMS_NPF1_8	NT=Homo sapiens;AC=NCBITaxon:9606	cell fraction	not available	79	PXD035844_20200529_Fusion_Jlow_XLMS_NPF1_8_assay	proteomic profiling by mass spectrometry	data-dependent acquisition	NT=label free sample;AC=MS:1002038	1	1	not available	not available	NT=Carbamidomethyl;AC=UNIMOD:4;TA=C;MT=Fixed	NT=Oxidation;AC=UNIMOD:21;TA=M;MT=Variable	not available	not available	NT=['DHSO', 'DSSO', 'DMTMM'];AC=['XLMOD:02226', 'XLMOD:02126', None];TA=['D,E', 'K,S,T,Y', None]	not available	not available	not available	not available	not available	20200529_Fusion_Jlow_XLMS_NPF1_8.raw	NT=ms-proteomics;VV=v1.1.0	NT=crosslinking;VV=v1.0.0	NT=human;VV=v1.1.0
PXD035844_20200529_Fusion_Jlow_XLMS_GPF1_7	NT=Homo sapiens;AC=NCBITaxon:9606	cell fraction	not available	80	PXD035844_20200529_Fusion_Jlow_XLMS_GPF1_7_assay	proteomic profiling by mass spectrometry	data-dependent acquisition	NT=label free sample;AC=MS:1002038	1	1	not available	not available	NT=Carbamidomethyl;AC=UNIMOD:4;TA=C;MT=Fixed	NT=Oxidation;AC=UNIMOD:21;TA=M;MT=Variable	not available	not available	NT=['DHSO', 'DSSO', 'DMTMM'];AC=['XLMOD:02226', 'XLMOD:02126', None];TA=['D,E', 'K,S,T,Y', None]	not available	not available	not available	not available	not available	20200529_Fusion_Jlow_XLMS_GPF1_7.raw	NT=ms-proteomics;VV=v1.1.0	NT=crosslinking;VV=v1.0.0	NT=human;VV=v1.1.0
PXD035844_20181108_Fusion_JL_exp1_CPF4	Homo sapiens	cell fraction	not available	81	PXD035844_20181108_Fusion_JL_exp1_CPF4_assay	proteomic profiling by mass spectrometry	data-dependent acquisition	NT=label free sample;AC=MS:1002038	1	1	not available	not available	NT=Carbamidomethyl;AC=UNIMOD:4;TA=C;MT=Fixed	NT=Oxidation;AC=UNIMOD:21;TA=M;MT=Variable	not available	not available	NT=['DHSO', 'DSSO', 'DMTMM'];AC=['XLMOD:02226', 'XLMOD:02126', None];TA=['D,E', 'K,S,T,Y', None]	not available	not available	not available	not available	not available	20181108_Fusion_JL_exp1_CPF4.raw	NT=ms-proteomics;VV=v1.1.0	NT=crosslinking;VV=v1.0.0	NT=human;VV=v1.1.0
PXD035844_20200529_Fusion_Jlow_XLMS_MPF3_12	NT=Homo sapiens;AC=NCBITaxon:9606	cell fraction	not available	82	PXD035844_20200529_Fusion_Jlow_XLMS_MPF3_12_assay	proteomic profiling by mass spectrometry	data-dependent acquisition	NT=label free sample;AC=MS:1002038	1	1	not available	not available	NT=Carbamidomethyl;AC=UNIMOD:4;TA=C;MT=Fixed	NT=Oxidation;AC=UNIMOD:21;TA=M;MT=Variable	not available	not available	NT=['DHSO', 'DSSO', 'DMTMM'];AC=['XLMOD:02226', 'XLMOD:02126', None];TA=['D,E', 'K,S,T,Y', None]	not available	not available	not available	not available	not available	20200529_Fusion_Jlow_XLMS_MPF3_12.raw	NT=ms-proteomics;VV=v1.1.0	NT=crosslinking;VV=v1.0.0	NT=human;VV=v1.1.0
PXD035844_20201127_QEHFX4_JLow_DMTMM_con_M9_F12	Homo sapiens	cell fraction	not available	7	PXD035844_20201127_QEHFX4_JLow_DMTMM_con_M9_F12_assay	proteomic profiling by mass spectrometry	data-dependent acquisition	NT=label free sample;AC=MS:1002038	12	1	not available	not available	NT=Carbamidomethyl;AC=UNIMOD:4;TA=C;MT=Fixed	NT=Oxidation;AC=UNIMOD:21;TA=M;MT=Variable	not available	not available	NT=['DHSO', 'DSSO', 'DMTMM'];AC=['XLMOD:02226', 'XLMOD:02126', None];TA=['D,E', 'K,S,T,Y', None]	not available	not available	not available	not available	not available	20201127_QEHFX4_JLow_DMTMM_con_M9_F12.raw	NT=ms-proteomics;VV=v1.1.0	NT=crosslinking;VV=v1.0.0	NT=human;VV=v1.1.0
PXD035844_20200529_Fusion_Jlow_XLMS_MPF1_10	NT=Homo sapiens;AC=NCBITaxon:9606	cell fraction	not available	83	PXD035844_20200529_Fusion_Jlow_XLMS_MPF1_10_assay	proteomic profiling by mass spectrometry	data-dependent acquisition	NT=label free sample;AC=MS:1002038	1	1	not available	not available	NT=Carbamidomethyl;AC=UNIMOD:4;TA=C;MT=Fixed	NT=Oxidation;AC=UNIMOD:21;TA=M;MT=Variable	not available	not available	NT=['DHSO', 'DSSO', 'DMTMM'];AC=['XLMOD:02226', 'XLMOD:02126', None];TA=['D,E', 'K,S,T,Y', None]	not available	not available	not available	not available	not available	20200529_Fusion_Jlow_XLMS_MPF1_10.raw	NT=ms-proteomics;VV=v1.1.0	NT=crosslinking;VV=v1.0.0	NT=human;VV=v1.1.0
PXD035844_20201119_Fusion_JLow_DHSO3_G9_postsec_X	Homo sapiens	cell fraction	not available	84	PXD035844_20201119_Fusion_JLow_DHSO3_G9_postsec_X_assay	proteomic profiling by mass spectrometry	data-dependent acquisition	NT=label free sample;AC=MS:1002038	1	1	not available	not available	NT=Carbamidomethyl;AC=UNIMOD:4;TA=C;MT=Fixed	NT=Oxidation;AC=UNIMOD:21;TA=M;MT=Variable	not available	not available	NT=['DHSO', 'DSSO', 'DMTMM'];AC=['XLMOD:02226', 'XLMOD:02126', None];TA=['D,E', 'K,S,T,Y', None]	not available	not available	not available	not available	not available	20201119_Fusion_JLow_DHSO3_G9_postsec_X.raw	NT=ms-proteomics;VV=v1.1.0	NT=crosslinking;VV=v1.0.0	NT=human;VV=v1.1.0
PXD035844_20200529_Fusion_Jlow_XLMS_MPF3_3	NT=Homo sapiens;AC=NCBITaxon:9606	cell fraction	not available	85	PXD035844_20200529_Fusion_Jlow_XLMS_MPF3_3_assay	proteomic profiling by mass spectrometry	data-dependent acquisition	NT=label free sample;AC=MS:1002038	1	1	not available	not available	NT=Carbamidomethyl;AC=UNIMOD:4;TA=C;MT=Fixed	NT=Oxidation;AC=UNIMOD:21;TA=M;MT=Variable	not available	not available	NT=['DHSO', 'DSSO', 'DMTMM'];AC=['XLMOD:02226', 'XLMOD:02126', None];TA=['D,E', 'K,S,T,Y', None]	not available	not available	not available	not available	not available	20200529_Fusion_Jlow_XLMS_MPF3_3.raw	NT=ms-proteomics;VV=v1.1.0	NT=crosslinking;VV=v1.0.0	NT=human;VV=v1.1.0
PXD035844_20181108_Fusion_JL_exp1_GPF3	NT=Homo sapiens;AC=NCBITaxon:9606	cell fraction	not available	86	PXD035844_20181108_Fusion_JL_exp1_GPF3_assay	proteomic profiling by mass spectrometry	data-dependent acquisition	NT=label free sample;AC=MS:1002038	1	1	not available	not available	NT=Carbamidomethyl;AC=UNIMOD:4;TA=C;MT=Fixed	NT=Oxidation;AC=UNIMOD:21;TA=M;MT=Variable	not available	not available	NT=['DHSO', 'DSSO', 'DMTMM'];AC=['XLMOD:02226', 'XLMOD:02126', None];TA=['D,E', 'K,S,T,Y', None]	not available	not available	not available	not available	not available	20181108_Fusion_JL_exp1_GPF3.raw	NT=ms-proteomics;VV=v1.1.0	NT=crosslinking;VV=v1.0.0	NT=human;VV=v1.1.0
PXD035844_20200529_Fusion_Jlow_XLMS_CPF1_9	Homo sapiens	cell fraction	not available	87	PXD035844_20200529_Fusion_Jlow_XLMS_CPF1_9_assay	proteomic profiling by mass spectrometry	data-dependent acquisition	NT=label free sample;AC=MS:1002038	1	1	not available	not available	NT=Carbamidomethyl;AC=UNIMOD:4;TA=C;MT=Fixed	NT=Oxidation;AC=UNIMOD:21;TA=M;MT=Variable	not available	not available	NT=['DHSO', 'DSSO', 'DMTMM'];AC=['XLMOD:02226', 'XLMOD:02126', None];TA=['D,E', 'K,S,T,Y', None]	not available	not available	not available	not available	not available	20200529_Fusion_Jlow_XLMS_CPF1_9.raw	NT=ms-proteomics;VV=v1.1.0	NT=crosslinking;VV=v1.0.0	NT=human;VV=v1.1.0
PXD035844_20200529_Fusion_Jlow_XLMS_MPF3_4	NT=Homo sapiens;AC=NCBITaxon:9606	cell fraction	not available	88	PXD035844_20200529_Fusion_Jlow_XLMS_MPF3_4_assay	proteomic profiling by mass spectrometry	data-dependent acquisition	NT=label free sample;AC=MS:1002038	1	1	not available	not available	NT=Carbamidomethyl;AC=UNIMOD:4;TA=C;MT=Fixed	NT=Oxidation;AC=UNIMOD:21;TA=M;MT=Variable	not available	not available	NT=['DHSO', 'DSSO', 'DMTMM'];AC=['XLMOD:02226', 'XLMOD:02126', None];TA=['D,E', 'K,S,T,Y', None]	not available	not available	not available	not available	not available	20200529_Fusion_Jlow_XLMS_MPF3_4.raw	NT=ms-proteomics;VV=v1.1.0	NT=crosslinking;VV=v1.0.0	NT=human;VV=v1.1.0
PXD035844_20200529_Fusion_Jlow_XLMS_NPF1_7	NT=Homo sapiens;AC=NCBITaxon:9606	cell fraction	not available	89	PXD035844_20200529_Fusion_Jlow_XLMS_NPF1_7_assay	proteomic profiling by mass spectrometry	data-dependent acquisition	NT=label free sample;AC=MS:1002038	1	1	not available	not available	NT=Carbamidomethyl;AC=UNIMOD:4;TA=C;MT=Fixed	NT=Oxidation;AC=UNIMOD:21;TA=M;MT=Variable	not available	not available	NT=['DHSO', 'DSSO', 'DMTMM'];AC=['XLMOD:02226', 'XLMOD:02126', None];TA=['D,E', 'K,S,T,Y', None]	not available	not available	not available	not available	not available	20200529_Fusion_Jlow_XLMS_NPF1_7.raw	NT=ms-proteomics;VV=v1.1.0	NT=crosslinking;VV=v1.0.0	NT=human;VV=v1.1.0
PXD035844_20200529_Fusion_Jlow_XLMS_MPF1_11	NT=Homo sapiens;AC=NCBITaxon:9606	cell fraction	not available	90	PXD035844_20200529_Fusion_Jlow_XLMS_MPF1_11_assay	proteomic profiling by mass spectrometry	data-dependent acquisition	NT=label free sample;AC=MS:1002038	1	1	not available	not available	NT=Carbamidomethyl;AC=UNIMOD:4;TA=C;MT=Fixed	NT=Oxidation;AC=UNIMOD:21;TA=M;MT=Variable	not available	not available	NT=['DHSO', 'DSSO', 'DMTMM'];AC=['XLMOD:02226', 'XLMOD:02126', None];TA=['D,E', 'K,S,T,Y', None]	not available	not available	not available	not available	not available	20200529_Fusion_Jlow_XLMS_MPF1_11.raw	NT=ms-proteomics;VV=v1.1.0	NT=crosslinking;VV=v1.0.0	NT=human;VV=v1.1.0
PXD035844_20181108_Fusion_JL_exp1_NPF4	NT=Homo sapiens;AC=NCBITaxon:9606	cell fraction	not available	91	PXD035844_20181108_Fusion_JL_exp1_NPF4_assay	proteomic profiling by mass spectrometry	data-dependent acquisition	NT=label free sample;AC=MS:1002038	1	1	not available	not available	NT=Carbamidomethyl;AC=UNIMOD:4;TA=C;MT=Fixed	NT=Oxidation;AC=UNIMOD:21;TA=M;MT=Variable	not available	not available	NT=['DHSO', 'DSSO', 'DMTMM'];AC=['XLMOD:02226', 'XLMOD:02126', None];TA=['D,E', 'K,S,T,Y', None]	not available	not available	not available	not available	not available	20181108_Fusion_JL_exp1_NPF4.raw	NT=ms-proteomics;VV=v1.1.0	NT=crosslinking;VV=v1.0.0	NT=human;VV=v1.1.0
PXD035844_20201119_QEHFX4_JLow_DMTMM2_M8_F8	Homo sapiens	cell fraction	not available	7	PXD035844_20201119_QEHFX4_JLow_DMTMM2_M8_F8_assay	proteomic profiling by mass spectrometry	data-dependent acquisition	NT=label free sample;AC=MS:1002038	8	1	not available	not available	NT=Carbamidomethyl;AC=UNIMOD:4;TA=C;MT=Fixed	NT=Oxidation;AC=UNIMOD:21;TA=M;MT=Variable	not available	not available	NT=['DHSO', 'DSSO', 'DMTMM'];AC=['XLMOD:02226', 'XLMOD:02126', None];TA=['D,E', 'K,S,T,Y', None]	not available	not available	not available	not available	not available	20201119_QEHFX4_JLow_DMTMM2_M8_F8.raw	NT=ms-proteomics;VV=v1.1.0	NT=crosslinking;VV=v1.0.0	NT=human;VV=v1.1.0
PXD035844_20201119_Fusion_JLow_DHSO2_M8_F4	Homo sapiens	cell fraction	not available	7	PXD035844_20201119_Fusion_JLow_DHSO2_M8_F4_assay	proteomic profiling by mass spectrometry	data-dependent acquisition	NT=label free sample;AC=MS:1002038	4	1	not available	not available	NT=Carbamidomethyl;AC=UNIMOD:4;TA=C;MT=Fixed	NT=Oxidation;AC=UNIMOD:21;TA=M;MT=Variable	not available	not available	NT=['DHSO', 'DSSO', 'DMTMM'];AC=['XLMOD:02226', 'XLMOD:02126', None];TA=['D,E', 'K,S,T,Y', None]	not available	not available	not available	not available	not available	20201119_Fusion_JLow_DHSO2_M8_F4.raw	NT=ms-proteomics;VV=v1.1.0	NT=crosslinking;VV=v1.0.0	NT=human;VV=v1.1.0
PXD035844_20201119_QEHFX4_JLow_DMTMM2_N8_F12	Homo sapiens	cell fraction	not available	8	PXD035844_20201119_QEHFX4_JLow_DMTMM2_N8_F12_assay	proteomic profiling by mass spectrometry	data-dependent acquisition	NT=label free sample;AC=MS:1002038	12	1	not available	not available	NT=Carbamidomethyl;AC=UNIMOD:4;TA=C;MT=Fixed	NT=Oxidation;AC=UNIMOD:21;TA=M;MT=Variable	not available	not available	NT=['DHSO', 'DSSO', 'DMTMM'];AC=['XLMOD:02226', 'XLMOD:02126', None];TA=['D,E', 'K,S,T,Y', None]	not available	not available	not available	not available	not available	20201119_QEHFX4_JLow_DMTMM2_N8_F12.raw	NT=ms-proteomics;VV=v1.1.0	NT=crosslinking;VV=v1.0.0	NT=human;VV=v1.1.0
PXD035844_20201119_Fusion_JLow_DHSO2_N8_F11	Homo sapiens	cell fraction	not available	8	PXD035844_20201119_Fusion_JLow_DHSO2_N8_F11_assay	proteomic profiling by mass spectrometry	data-dependent acquisition	NT=label free sample;AC=MS:1002038	11	1	not available	not available	NT=Carbamidomethyl;AC=UNIMOD:4;TA=C;MT=Fixed	NT=Oxidation;AC=UNIMOD:21;TA=M;MT=Variable	not available	not available	NT=['DHSO', 'DSSO', 'DMTMM'];AC=['XLMOD:02226', 'XLMOD:02126', None];TA=['D,E', 'K,S,T,Y', None]	not available	not available	not available	not available	not available	20201119_Fusion_JLow_DHSO2_N8_F11.raw	NT=ms-proteomics;VV=v1.1.0	NT=crosslinking;VV=v1.0.0	NT=human;VV=v1.1.0
PXD035844_20201119_Fusion_JLow_DHSO3_M9_postsec	Homo sapiens	cell fraction	not available	92	PXD035844_20201119_Fusion_JLow_DHSO3_M9_postsec_assay	proteomic profiling by mass spectrometry	data-dependent acquisition	NT=label free sample;AC=MS:1002038	1	1	not available	not available	NT=Carbamidomethyl;AC=UNIMOD:4;TA=C;MT=Fixed	NT=Oxidation;AC=UNIMOD:21;TA=M;MT=Variable	not available	not available	NT=['DHSO', 'DSSO', 'DMTMM'];AC=['XLMOD:02226', 'XLMOD:02126', None];TA=['D,E', 'K,S,T,Y', None]	not available	not available	not available	not available	not available	20201119_Fusion_JLow_DHSO3_M9_postsec.raw	NT=ms-proteomics;VV=v1.1.0	NT=crosslinking;VV=v1.0.0	NT=human;VV=v1.1.0
PXD035844_20200529_Fusion_Jlow_XLMS_MPF1_4	NT=Homo sapiens;AC=NCBITaxon:9606	cell fraction	not available	93	PXD035844_20200529_Fusion_Jlow_XLMS_MPF1_4_assay	proteomic profiling by mass spectrometry	data-dependent acquisition	NT=label free sample;AC=MS:1002038	1	1	not available	not available	NT=Carbamidomethyl;AC=UNIMOD:4;TA=C;MT=Fixed	NT=Oxidation;AC=UNIMOD:21;TA=M;MT=Variable	not available	not available	NT=['DHSO', 'DSSO', 'DMTMM'];AC=['XLMOD:02226', 'XLMOD:02126', None];TA=['D,E', 'K,S,T,Y', None]	not available	not available	not available	not available	not available	20200529_Fusion_Jlow_XLMS_MPF1_4.raw	NT=ms-proteomics;VV=v1.1.0	NT=crosslinking;VV=v1.0.0	NT=human;VV=v1.1.0
PXD035844_20200529_Fusion_Jlow_XLMS_NPF2_7	NT=Homo sapiens;AC=NCBITaxon:9606	cell fraction	not available	94	PXD035844_20200529_Fusion_Jlow_XLMS_NPF2_7_assay	proteomic profiling by mass spectrometry	data-dependent acquisition	NT=label free sample;AC=MS:1002038	1	1	not available	not available	NT=Carbamidomethyl;AC=UNIMOD:4;TA=C;MT=Fixed	NT=Oxidation;AC=UNIMOD:21;TA=M;MT=Variable	not available	not available	NT=['DHSO', 'DSSO', 'DMTMM'];AC=['XLMOD:02226', 'XLMOD:02126', None];TA=['D,E', 'K,S,T,Y', None]	not available	not available	not available	not available	not available	20200529_Fusion_Jlow_XLMS_NPF2_7.raw	NT=ms-proteomics;VV=v1.1.0	NT=crosslinking;VV=v1.0.0	NT=human;VV=v1.1.0
PXD035844_20201127_QEHFX4_JLow_DMTMM_con_N9_F7	Homo sapiens	cell fraction	not available	7	PXD035844_20201127_QEHFX4_JLow_DMTMM_con_N9_F7_assay	proteomic profiling by mass spectrometry	data-dependent acquisition	NT=label free sample;AC=MS:1002038	7	1	not available	not available	NT=Carbamidomethyl;AC=UNIMOD:4;TA=C;MT=Fixed	NT=Oxidation;AC=UNIMOD:21;TA=M;MT=Variable	not available	not available	NT=['DHSO', 'DSSO', 'DMTMM'];AC=['XLMOD:02226', 'XLMOD:02126', None];TA=['D,E', 'K,S,T,Y', None]	not available	not available	not available	not available	not available	20201127_QEHFX4_JLow_DMTMM_con_N9_F7.raw	NT=ms-proteomics;VV=v1.1.0	NT=crosslinking;VV=v1.0.0	NT=human;VV=v1.1.0
PXD035844_20200529_Fusion_Jlow_XLMS_CPF2_10	Homo sapiens	cell fraction	not available	95	PXD035844_20200529_Fusion_Jlow_XLMS_CPF2_10_assay	proteomic profiling by mass spectrometry	data-dependent acquisition	NT=label free sample;AC=MS:1002038	1	1	not available	not available	NT=Carbamidomethyl;AC=UNIMOD:4;TA=C;MT=Fixed	NT=Oxidation;AC=UNIMOD:21;TA=M;MT=Variable	not available	not available	NT=['DHSO', 'DSSO', 'DMTMM'];AC=['XLMOD:02226', 'XLMOD:02126', None];TA=['D,E', 'K,S,T,Y', None]	not available	not available	not available	not available	not available	20200529_Fusion_Jlow_XLMS_CPF2_10.raw	NT=ms-proteomics;VV=v1.1.0	NT=crosslinking;VV=v1.0.0	NT=human;VV=v1.1.0
PXD035844_20200529_Fusion_Jlow_XLMS_NPF2_6	NT=Homo sapiens;AC=NCBITaxon:9606	cell fraction	not available	96	PXD035844_20200529_Fusion_Jlow_XLMS_NPF2_6_assay	proteomic profiling by mass spectrometry	data-dependent acquisition	NT=label free sample;AC=MS:1002038	1	1	not available	not available	NT=Carbamidomethyl;AC=UNIMOD:4;TA=C;MT=Fixed	NT=Oxidation;AC=UNIMOD:21;TA=M;MT=Variable	not available	not available	NT=['DHSO', 'DSSO', 'DMTMM'];AC=['XLMOD:02226', 'XLMOD:02126', None];TA=['D,E', 'K,S,T,Y', None]	not available	not available	not available	not available	not available	20200529_Fusion_Jlow_XLMS_NPF2_6.raw	NT=ms-proteomics;VV=v1.1.0	NT=crosslinking;VV=v1.0.0	NT=human;VV=v1.1.0
PXD035844_20201127_QEHFX4_JLow_DMTMM_con_N9_F2	Homo sapiens	cell fraction	not available	8	PXD035844_20201127_QEHFX4_JLow_DMTMM_con_N9_F2_assay	proteomic profiling by mass spectrometry	data-dependent acquisition	NT=label free sample;AC=MS:1002038	2	1	not available	not available	NT=Carbamidomethyl;AC=UNIMOD:4;TA=C;MT=Fixed	NT=Oxidation;AC=UNIMOD:21;TA=M;MT=Variable	not available	not available	NT=['DHSO', 'DSSO', 'DMTMM'];AC=['XLMOD:02226', 'XLMOD:02126', None];TA=['D,E', 'K,S,T,Y', None]	not available	not available	not available	not available	not available	20201127_QEHFX4_JLow_DMTMM_con_N9_F2.raw	NT=ms-proteomics;VV=v1.1.0	NT=crosslinking;VV=v1.0.0	NT=human;VV=v1.1.0
PXD035844_20201119_QEHFX4_JLow_DMTMM2_G8_F12	Homo sapiens	cell fraction	not available	9	PXD035844_20201119_QEHFX4_JLow_DMTMM2_G8_F12_assay	proteomic profiling by mass spectrometry	data-dependent acquisition	NT=label free sample;AC=MS:1002038	12	1	not available	not available	NT=Carbamidomethyl;AC=UNIMOD:4;TA=C;MT=Fixed	NT=Oxidation;AC=UNIMOD:21;TA=M;MT=Variable	not available	not available	NT=['DHSO', 'DSSO', 'DMTMM'];AC=['XLMOD:02226', 'XLMOD:02126', None];TA=['D,E', 'K,S,T,Y', None]	not available	not available	not available	not available	not available	20201119_QEHFX4_JLow_DMTMM2_G8_F12.raw	NT=ms-proteomics;VV=v1.1.0	NT=crosslinking;VV=v1.0.0	NT=human;VV=v1.1.0
PXD035844_20181108_Fusion_JL_exp1_CPF19	Homo sapiens	cell fraction	not available	97	PXD035844_20181108_Fusion_JL_exp1_CPF19_assay	proteomic profiling by mass spectrometry	data-dependent acquisition	NT=label free sample;AC=MS:1002038	1	1	not available	not available	NT=Carbamidomethyl;AC=UNIMOD:4;TA=C;MT=Fixed	NT=Oxidation;AC=UNIMOD:21;TA=M;MT=Variable	not available	not available	NT=['DHSO', 'DSSO', 'DMTMM'];AC=['XLMOD:02226', 'XLMOD:02126', None];TA=['D,E', 'K,S,T,Y', None]	not available	not available	not available	not available	not available	20181108_Fusion_JL_exp1_CPF19.raw	NT=ms-proteomics;VV=v1.1.0	NT=crosslinking;VV=v1.0.0	NT=human;VV=v1.1.0
PXD035844_20200529_Fusion_Jlow_XLMS_CPF2_12	Homo sapiens	cell fraction	not available	98	PXD035844_20200529_Fusion_Jlow_XLMS_CPF2_12_assay	proteomic profiling by mass spectrometry	data-dependent acquisition	NT=label free sample;AC=MS:1002038	1	1	not available	not available	NT=Carbamidomethyl;AC=UNIMOD:4;TA=C;MT=Fixed	NT=Oxidation;AC=UNIMOD:21;TA=M;MT=Variable	not available	not available	NT=['DHSO', 'DSSO', 'DMTMM'];AC=['XLMOD:02226', 'XLMOD:02126', None];TA=['D,E', 'K,S,T,Y', None]	not available	not available	not available	not available	not available	20200529_Fusion_Jlow_XLMS_CPF2_12.raw	NT=ms-proteomics;VV=v1.1.0	NT=crosslinking;VV=v1.0.0	NT=human;VV=v1.1.0
PXD035844_20201127_QEHFX4_JLow_DMTMM_con_M9_F1	Homo sapiens	cell fraction	not available	99	PXD035844_20201127_QEHFX4_JLow_DMTMM_con_M9_F1_assay	proteomic profiling by mass spectrometry	data-dependent acquisition	NT=label free sample;AC=MS:1002038	1	1	not available	not available	NT=Carbamidomethyl;AC=UNIMOD:4;TA=C;MT=Fixed	NT=Oxidation;AC=UNIMOD:21;TA=M;MT=Variable	not available	not available	NT=['DHSO', 'DSSO', 'DMTMM'];AC=['XLMOD:02226', 'XLMOD:02126', None];TA=['D,E', 'K,S,T,Y', None]	not available	not available	not available	not available	not available	20201127_QEHFX4_JLow_DMTMM_con_M9_F1.raw	NT=ms-proteomics;VV=v1.1.0	NT=crosslinking;VV=v1.0.0	NT=human;VV=v1.1.0
PXD035844_20201119_QEHFX4_JLow_DMTMM2_N8_F9	Homo sapiens	cell fraction	not available	4	PXD035844_20201119_QEHFX4_JLow_DMTMM2_N8_F9_assay	proteomic profiling by mass spectrometry	data-dependent acquisition	NT=label free sample;AC=MS:1002038	9	1	not available	not available	NT=Carbamidomethyl;AC=UNIMOD:4;TA=C;MT=Fixed	NT=Oxidation;AC=UNIMOD:21;TA=M;MT=Variable	not available	not available	NT=['DHSO', 'DSSO', 'DMTMM'];AC=['XLMOD:02226', 'XLMOD:02126', None];TA=['D,E', 'K,S,T,Y', None]	not available	not available	not available	not available	not available	20201119_QEHFX4_JLow_DMTMM2_N8_F9.raw	NT=ms-proteomics;VV=v1.1.0	NT=crosslinking;VV=v1.0.0	NT=human;VV=v1.1.0
PXD035844_20201127_QEHFX4_JLow_DMTMM_con_G9_F9	Homo sapiens	cell fraction	not available	5	PXD035844_20201127_QEHFX4_JLow_DMTMM_con_G9_F9_assay	proteomic profiling by mass spectrometry	data-dependent acquisition	NT=label free sample;AC=MS:1002038	9	1	not available	not available	NT=Carbamidomethyl;AC=UNIMOD:4;TA=C;MT=Fixed	NT=Oxidation;AC=UNIMOD:21;TA=M;MT=Variable	not available	not available	NT=['DHSO', 'DSSO', 'DMTMM'];AC=['XLMOD:02226', 'XLMOD:02126', None];TA=['D,E', 'K,S,T,Y', None]	not available	not available	not available	not available	not available	20201127_QEHFX4_JLow_DMTMM_con_G9_F9.raw	NT=ms-proteomics;VV=v1.1.0	NT=crosslinking;VV=v1.0.0	NT=human;VV=v1.1.0
PXD035844_20181108_Fusion_JL_exp1_NPF7	NT=Homo sapiens;AC=NCBITaxon:9606	cell fraction	not available	100	PXD035844_20181108_Fusion_JL_exp1_NPF7_assay	proteomic profiling by mass spectrometry	data-dependent acquisition	NT=label free sample;AC=MS:1002038	1	1	not available	not available	NT=Carbamidomethyl;AC=UNIMOD:4;TA=C;MT=Fixed	NT=Oxidation;AC=UNIMOD:21;TA=M;MT=Variable	not available	not available	NT=['DHSO', 'DSSO', 'DMTMM'];AC=['XLMOD:02226', 'XLMOD:02126', None];TA=['D,E', 'K,S,T,Y', None]	not available	not available	not available	not available	not available	20181108_Fusion_JL_exp1_NPF7.raw	NT=ms-proteomics;VV=v1.1.0	NT=crosslinking;VV=v1.0.0	NT=human;VV=v1.1.0
PXD035844_20201119_QEHFX4_JLow_DMTMM2_N8_F6	Homo sapiens	cell fraction	not available	9	PXD035844_20201119_QEHFX4_JLow_DMTMM2_N8_F6_assay	proteomic profiling by mass spectrometry	data-dependent acquisition	NT=label free sample;AC=MS:1002038	6	1	not available	not available	NT=Carbamidomethyl;AC=UNIMOD:4;TA=C;MT=Fixed	NT=Oxidation;AC=UNIMOD:21;TA=M;MT=Variable	not available	not available	NT=['DHSO', 'DSSO', 'DMTMM'];AC=['XLMOD:02226', 'XLMOD:02126', None];TA=['D,E', 'K,S,T,Y', None]	not available	not available	not available	not available	not available	20201119_QEHFX4_JLow_DMTMM2_N8_F6.raw	NT=ms-proteomics;VV=v1.1.0	NT=crosslinking;VV=v1.0.0	NT=human;VV=v1.1.0
PXD035844_20200529_Fusion_Jlow_XLMS_CPF3_3	Homo sapiens	cell fraction	not available	101	PXD035844_20200529_Fusion_Jlow_XLMS_CPF3_3_assay	proteomic profiling by mass spectrometry	data-dependent acquisition	NT=label free sample;AC=MS:1002038	1	1	not available	not available	NT=Carbamidomethyl;AC=UNIMOD:4;TA=C;MT=Fixed	NT=Oxidation;AC=UNIMOD:21;TA=M;MT=Variable	not available	not available	NT=['DHSO', 'DSSO', 'DMTMM'];AC=['XLMOD:02226', 'XLMOD:02126', None];TA=['D,E', 'K,S,T,Y', None]	not available	not available	not available	not available	not available	20200529_Fusion_Jlow_XLMS_CPF3_3.raw	NT=ms-proteomics;VV=v1.1.0	NT=crosslinking;VV=v1.0.0	NT=human;VV=v1.1.0
PXD035844_20201119_QEHFX4_JLow_DMTMM2_C8_F2	Homo sapiens	cell fraction	not available	9	PXD035844_20201119_QEHFX4_JLow_DMTMM2_C8_F2_assay	proteomic profiling by mass spectrometry	data-dependent acquisition	NT=label free sample;AC=MS:1002038	2	1	not available	not available	NT=Carbamidomethyl;AC=UNIMOD:4;TA=C;MT=Fixed	NT=Oxidation;AC=UNIMOD:21;TA=M;MT=Variable	not available	not available	NT=['DHSO', 'DSSO', 'DMTMM'];AC=['XLMOD:02226', 'XLMOD:02126', None];TA=['D,E', 'K,S,T,Y', None]	not available	not available	not available	not available	not available	20201119_QEHFX4_JLow_DMTMM2_C8_F2.raw	NT=ms-proteomics;VV=v1.1.0	NT=crosslinking;VV=v1.0.0	NT=human;VV=v1.1.0
PXD035844_20201127_QEHFX4_JLow_DMTMM_con_C9_F3	Homo sapiens	cell fraction	not available	9	PXD035844_20201127_QEHFX4_JLow_DMTMM_con_C9_F3_assay	proteomic profiling by mass spectrometry	data-dependent acquisition	NT=label free sample;AC=MS:1002038	3	1	not available	not available	NT=Carbamidomethyl;AC=UNIMOD:4;TA=C;MT=Fixed	NT=Oxidation;AC=UNIMOD:21;TA=M;MT=Variable	not available	not available	NT=['DHSO', 'DSSO', 'DMTMM'];AC=['XLMOD:02226', 'XLMOD:02126', None];TA=['D,E', 'K,S,T,Y', None]	not available	not available	not available	not available	not available	20201127_QEHFX4_JLow_DMTMM_con_C9_F3.raw	NT=ms-proteomics;VV=v1.1.0	NT=crosslinking;VV=v1.0.0	NT=human;VV=v1.1.0
PXD035844_20201127_QEHFX4_JLow_DMTMM_con_M9_F8	Homo sapiens	cell fraction	not available	8	PXD035844_20201127_QEHFX4_JLow_DMTMM_con_M9_F8_assay	proteomic profiling by mass spectrometry	data-dependent acquisition	NT=label free sample;AC=MS:1002038	8	1	not available	not available	NT=Carbamidomethyl;AC=UNIMOD:4;TA=C;MT=Fixed	NT=Oxidation;AC=UNIMOD:21;TA=M;MT=Variable	not available	not available	NT=['DHSO', 'DSSO', 'DMTMM'];AC=['XLMOD:02226', 'XLMOD:02126', None];TA=['D,E', 'K,S,T,Y', None]	not available	not available	not available	not available	not available	20201127_QEHFX4_JLow_DMTMM_con_M9_F8.raw	NT=ms-proteomics;VV=v1.1.0	NT=crosslinking;VV=v1.0.0	NT=human;VV=v1.1.0
PXD035844_20201127_QEHFX4_JLow_DMTMM_con_C9_F5	Homo sapiens	cell fraction	not available	9	PXD035844_20201127_QEHFX4_JLow_DMTMM_con_C9_F5_assay	proteomic profiling by mass spectrometry	data-dependent acquisition	NT=label free sample;AC=MS:1002038	5	1	not available	not available	NT=Carbamidomethyl;AC=UNIMOD:4;TA=C;MT=Fixed	NT=Oxidation;AC=UNIMOD:21;TA=M;MT=Variable	not available	not available	NT=['DHSO', 'DSSO', 'DMTMM'];AC=['XLMOD:02226', 'XLMOD:02126', None];TA=['D,E', 'K,S,T,Y', None]	not available	not available	not available	not available	not available	20201127_QEHFX4_JLow_DMTMM_con_C9_F5.raw	NT=ms-proteomics;VV=v1.1.0	NT=crosslinking;VV=v1.0.0	NT=human;VV=v1.1.0
PXD035844_20200529_Fusion_Jlow_XLMS_NPF2_2	NT=Homo sapiens;AC=NCBITaxon:9606	cell fraction	not available	102	PXD035844_20200529_Fusion_Jlow_XLMS_NPF2_2_assay	proteomic profiling by mass spectrometry	data-dependent acquisition	NT=label free sample;AC=MS:1002038	1	1	not available	not available	NT=Carbamidomethyl;AC=UNIMOD:4;TA=C;MT=Fixed	NT=Oxidation;AC=UNIMOD:21;TA=M;MT=Variable	not available	not available	NT=['DHSO', 'DSSO', 'DMTMM'];AC=['XLMOD:02226', 'XLMOD:02126', None];TA=['D,E', 'K,S,T,Y', None]	not available	not available	not available	not available	not available	20200529_Fusion_Jlow_XLMS_NPF2_2.raw	NT=ms-proteomics;VV=v1.1.0	NT=crosslinking;VV=v1.0.0	NT=human;VV=v1.1.0
PXD035844_20200529_Fusion_Jlow_XLMS_NPF1_10	NT=Homo sapiens;AC=NCBITaxon:9606	cell fraction	not available	103	PXD035844_20200529_Fusion_Jlow_XLMS_NPF1_10_assay	proteomic profiling by mass spectrometry	data-dependent acquisition	NT=label free sample;AC=MS:1002038	1	1	not available	not available	NT=Carbamidomethyl;AC=UNIMOD:4;TA=C;MT=Fixed	NT=Oxidation;AC=UNIMOD:21;TA=M;MT=Variable	not available	not available	NT=['DHSO', 'DSSO', 'DMTMM'];AC=['XLMOD:02226', 'XLMOD:02126', None];TA=['D,E', 'K,S,T,Y', None]	not available	not available	not available	not available	not available	20200529_Fusion_Jlow_XLMS_NPF1_10.raw	NT=ms-proteomics;VV=v1.1.0	NT=crosslinking;VV=v1.0.0	NT=human;VV=v1.1.0
PXD035844_20201119_Fusion_JLow_DHSO3_G9_postsec	Homo sapiens	cell fraction	not available	104	PXD035844_20201119_Fusion_JLow_DHSO3_G9_postsec_assay	proteomic profiling by mass spectrometry	data-dependent acquisition	NT=label free sample;AC=MS:1002038	1	1	not available	not available	NT=Carbamidomethyl;AC=UNIMOD:4;TA=C;MT=Fixed	NT=Oxidation;AC=UNIMOD:21;TA=M;MT=Variable	not available	not available	NT=['DHSO', 'DSSO', 'DMTMM'];AC=['XLMOD:02226', 'XLMOD:02126', None];TA=['D,E', 'K,S,T,Y', None]	not available	not available	not available	not available	not available	20201119_Fusion_JLow_DHSO3_G9_postsec.raw	NT=ms-proteomics;VV=v1.1.0	NT=crosslinking;VV=v1.0.0	NT=human;VV=v1.1.0
PXD035844_20200529_Fusion_Jlow_XLMS_CPF3_12	Homo sapiens	cell fraction	not available	105	PXD035844_20200529_Fusion_Jlow_XLMS_CPF3_12_assay	proteomic profiling by mass spectrometry	data-dependent acquisition	NT=label free sample;AC=MS:1002038	1	1	not available	not available	NT=Carbamidomethyl;AC=UNIMOD:4;TA=C;MT=Fixed	NT=Oxidation;AC=UNIMOD:21;TA=M;MT=Variable	not available	not available	NT=['DHSO', 'DSSO', 'DMTMM'];AC=['XLMOD:02226', 'XLMOD:02126', None];TA=['D,E', 'K,S,T,Y', None]	not available	not available	not available	not available	not available	20200529_Fusion_Jlow_XLMS_CPF3_12.raw	NT=ms-proteomics;VV=v1.1.0	NT=crosslinking;VV=v1.0.0	NT=human;VV=v1.1.0
PXD035844_20181108_Fusion_JL_exp1_GPF1	NT=Homo sapiens;AC=NCBITaxon:9606	cell fraction	not available	106	PXD035844_20181108_Fusion_JL_exp1_GPF1_assay	proteomic profiling by mass spectrometry	data-dependent acquisition	NT=label free sample;AC=MS:1002038	1	1	not available	not available	NT=Carbamidomethyl;AC=UNIMOD:4;TA=C;MT=Fixed	NT=Oxidation;AC=UNIMOD:21;TA=M;MT=Variable	not available	not available	NT=['DHSO', 'DSSO', 'DMTMM'];AC=['XLMOD:02226', 'XLMOD:02126', None];TA=['D,E', 'K,S,T,Y', None]	not available	not available	not available	not available	not available	20181108_Fusion_JL_exp1_GPF1.raw	NT=ms-proteomics;VV=v1.1.0	NT=crosslinking;VV=v1.0.0	NT=human;VV=v1.1.0
PXD035844_20200529_Fusion_Jlow_XLMS_NPF3_3	NT=Homo sapiens;AC=NCBITaxon:9606	cell fraction	not available	107	PXD035844_20200529_Fusion_Jlow_XLMS_NPF3_3_assay	proteomic profiling by mass spectrometry	data-dependent acquisition	NT=label free sample;AC=MS:1002038	1	1	not available	not available	NT=Carbamidomethyl;AC=UNIMOD:4;TA=C;MT=Fixed	NT=Oxidation;AC=UNIMOD:21;TA=M;MT=Variable	not available	not available	NT=['DHSO', 'DSSO', 'DMTMM'];AC=['XLMOD:02226', 'XLMOD:02126', None];TA=['D,E', 'K,S,T,Y', None]	not available	not available	not available	not available	not available	20200529_Fusion_Jlow_XLMS_NPF3_3.raw	NT=ms-proteomics;VV=v1.1.0	NT=crosslinking;VV=v1.0.0	NT=human;VV=v1.1.0
PXD035844_20201119_Fusion_JLow_DHSO3_C9_F5	Homo sapiens	cell fraction	not available	10	PXD035844_20201119_Fusion_JLow_DHSO3_C9_F5_assay	proteomic profiling by mass spectrometry	data-dependent acquisition	NT=label free sample;AC=MS:1002038	5	1	not available	not available	NT=Carbamidomethyl;AC=UNIMOD:4;TA=C;MT=Fixed	NT=Oxidation;AC=UNIMOD:21;TA=M;MT=Variable	not available	not available	NT=['DHSO', 'DSSO', 'DMTMM'];AC=['XLMOD:02226', 'XLMOD:02126', None];TA=['D,E', 'K,S,T,Y', None]	not available	not available	not available	not available	not available	20201119_Fusion_JLow_DHSO3_C9_F5.raw	NT=ms-proteomics;VV=v1.1.0	NT=crosslinking;VV=v1.0.0	NT=human;VV=v1.1.0
PXD035844_20201113_Fusion_JLow_DHSO2_C8_F4	Homo sapiens	cell fraction	not available	8	PXD035844_20201113_Fusion_JLow_DHSO2_C8_F4_assay	proteomic profiling by mass spectrometry	data-dependent acquisition	NT=label free sample;AC=MS:1002038	4	1	not available	not available	NT=Carbamidomethyl;AC=UNIMOD:4;TA=C;MT=Fixed	NT=Oxidation;AC=UNIMOD:21;TA=M;MT=Variable	not available	not available	NT=['DHSO', 'DSSO', 'DMTMM'];AC=['XLMOD:02226', 'XLMOD:02126', None];TA=['D,E', 'K,S,T,Y', None]	not available	not available	not available	not available	not available	20201113_Fusion_JLow_DHSO2_C8_F4.raw	NT=ms-proteomics;VV=v1.1.0	NT=crosslinking;VV=v1.0.0	NT=human;VV=v1.1.0
PXD035844_20200529_Fusion_Jlow_XLMS_GPF3_6	NT=Homo sapiens;AC=NCBITaxon:9606	cell fraction	not available	108	PXD035844_20200529_Fusion_Jlow_XLMS_GPF3_6_assay	proteomic profiling by mass spectrometry	data-dependent acquisition	NT=label free sample;AC=MS:1002038	1	1	not available	not available	NT=Carbamidomethyl;AC=UNIMOD:4;TA=C;MT=Fixed	NT=Oxidation;AC=UNIMOD:21;TA=M;MT=Variable	not available	not available	NT=['DHSO', 'DSSO', 'DMTMM'];AC=['XLMOD:02226', 'XLMOD:02126', None];TA=['D,E', 'K,S,T,Y', None]	not available	not available	not available	not available	not available	20200529_Fusion_Jlow_XLMS_GPF3_6.raw	NT=ms-proteomics;VV=v1.1.0	NT=crosslinking;VV=v1.0.0	NT=human;VV=v1.1.0
PXD035844_20200529_Fusion_Jlow_XLMS_CPF2_7	Homo sapiens	cell fraction	not available	109	PXD035844_20200529_Fusion_Jlow_XLMS_CPF2_7_assay	proteomic profiling by mass spectrometry	data-dependent acquisition	NT=label free sample;AC=MS:1002038	1	1	not available	not available	NT=Carbamidomethyl;AC=UNIMOD:4;TA=C;MT=Fixed	NT=Oxidation;AC=UNIMOD:21;TA=M;MT=Variable	not available	not available	NT=['DHSO', 'DSSO', 'DMTMM'];AC=['XLMOD:02226', 'XLMOD:02126', None];TA=['D,E', 'K,S,T,Y', None]	not available	not available	not available	not available	not available	20200529_Fusion_Jlow_XLMS_CPF2_7.raw	NT=ms-proteomics;VV=v1.1.0	NT=crosslinking;VV=v1.0.0	NT=human;VV=v1.1.0
PXD035844_20201113_Fusion_JLow_DHSO2_G8_F5	Homo sapiens	cell fraction	not available	11	PXD035844_20201113_Fusion_JLow_DHSO2_G8_F5_assay	proteomic profiling by mass spectrometry	data-dependent acquisition	NT=label free sample;AC=MS:1002038	5	1	not available	not available	NT=Carbamidomethyl;AC=UNIMOD:4;TA=C;MT=Fixed	NT=Oxidation;AC=UNIMOD:21;TA=M;MT=Variable	not available	not available	NT=['DHSO', 'DSSO', 'DMTMM'];AC=['XLMOD:02226', 'XLMOD:02126', None];TA=['D,E', 'K,S,T,Y', None]	not available	not available	not available	not available	not available	20201113_Fusion_JLow_DHSO2_G8_F5.raw	NT=ms-proteomics;VV=v1.1.0	NT=crosslinking;VV=v1.0.0	NT=human;VV=v1.1.0
PXD035844_20181108_Fusion_JL_exp1_MPF7	NT=Homo sapiens;AC=NCBITaxon:9606	cell fraction	not available	110	PXD035844_20181108_Fusion_JL_exp1_MPF7_assay	proteomic profiling by mass spectrometry	data-dependent acquisition	NT=label free sample;AC=MS:1002038	1	1	not available	not available	NT=Carbamidomethyl;AC=UNIMOD:4;TA=C;MT=Fixed	NT=Oxidation;AC=UNIMOD:21;TA=M;MT=Variable	not available	not available	NT=['DHSO', 'DSSO', 'DMTMM'];AC=['XLMOD:02226', 'XLMOD:02126', None];TA=['D,E', 'K,S,T,Y', None]	not available	not available	not available	not available	not available	20181108_Fusion_JL_exp1_MPF7.raw	NT=ms-proteomics;VV=v1.1.0	NT=crosslinking;VV=v1.0.0	NT=human;VV=v1.1.0
PXD035844_20200529_Fusion_Jlow_XLMS_GPF1_4_reinject	NT=Homo sapiens;AC=NCBITaxon:9606	cell fraction	not available	111	PXD035844_20200529_Fusion_Jlow_XLMS_GPF1_4_reinject_assay	proteomic profiling by mass spectrometry	data-dependent acquisition	NT=label free sample;AC=MS:1002038	1	1	not available	not available	NT=Carbamidomethyl;AC=UNIMOD:4;TA=C;MT=Fixed	NT=Oxidation;AC=UNIMOD:21;TA=M;MT=Variable	not available	not available	NT=['DHSO', 'DSSO', 'DMTMM'];AC=['XLMOD:02226', 'XLMOD:02126', None];TA=['D,E', 'K,S,T,Y', None]	not available	not available	not available	not available	not available	20200529_Fusion_Jlow_XLMS_GPF1_4_reinject.raw	NT=ms-proteomics;VV=v1.1.0	NT=crosslinking;VV=v1.0.0	NT=human;VV=v1.1.0
PXD035844_20201119_QEHFX4_JLow_DMTMM2_C8_F8	Homo sapiens	cell fraction	not available	9	PXD035844_20201119_QEHFX4_JLow_DMTMM2_C8_F8_assay	proteomic profiling by mass spectrometry	data-dependent acquisition	NT=label free sample;AC=MS:1002038	8	1	not available	not available	NT=Carbamidomethyl;AC=UNIMOD:4;TA=C;MT=Fixed	NT=Oxidation;AC=UNIMOD:21;TA=M;MT=Variable	not available	not available	NT=['DHSO', 'DSSO', 'DMTMM'];AC=['XLMOD:02226', 'XLMOD:02126', None];TA=['D,E', 'K,S,T,Y', None]	not available	not available	not available	not available	not available	20201119_QEHFX4_JLow_DMTMM2_C8_F8.raw	NT=ms-proteomics;VV=v1.1.0	NT=crosslinking;VV=v1.0.0	NT=human;VV=v1.1.0
PXD035844_20200529_Fusion_Jlow_XLMS_GPF1_9	NT=Homo sapiens;AC=NCBITaxon:9606	cell fraction	not available	112	PXD035844_20200529_Fusion_Jlow_XLMS_GPF1_9_assay	proteomic profiling by mass spectrometry	data-dependent acquisition	NT=label free sample;AC=MS:1002038	1	1	not available	not available	NT=Carbamidomethyl;AC=UNIMOD:4;TA=C;MT=Fixed	NT=Oxidation;AC=UNIMOD:21;TA=M;MT=Variable	not available	not available	NT=['DHSO', 'DSSO', 'DMTMM'];AC=['XLMOD:02226', 'XLMOD:02126', None];TA=['D,E', 'K,S,T,Y', None]	not available	not available	not available	not available	not available	20200529_Fusion_Jlow_XLMS_GPF1_9.raw	NT=ms-proteomics;VV=v1.1.0	NT=crosslinking;VV=v1.0.0	NT=human;VV=v1.1.0
PXD035844_20200529_Fusion_Jlow_XLMS_MPF1_12	NT=Homo sapiens;AC=NCBITaxon:9606	cell fraction	not available	113	PXD035844_20200529_Fusion_Jlow_XLMS_MPF1_12_assay	proteomic profiling by mass spectrometry	data-dependent acquisition	NT=label free sample;AC=MS:1002038	1	1	not available	not available	NT=Carbamidomethyl;AC=UNIMOD:4;TA=C;MT=Fixed	NT=Oxidation;AC=UNIMOD:21;TA=M;MT=Variable	not available	not available	NT=['DHSO', 'DSSO', 'DMTMM'];AC=['XLMOD:02226', 'XLMOD:02126', None];TA=['D,E', 'K,S,T,Y', None]	not available	not available	not available	not available	not available	20200529_Fusion_Jlow_XLMS_MPF1_12.raw	NT=ms-proteomics;VV=v1.1.0	NT=crosslinking;VV=v1.0.0	NT=human;VV=v1.1.0
PXD035844_20201119_QEHFX4_JLow_DMTMM2_M8_F2	Homo sapiens	cell fraction	not available	10	PXD035844_20201119_QEHFX4_JLow_DMTMM2_M8_F2_assay	proteomic profiling by mass spectrometry	data-dependent acquisition	NT=label free sample;AC=MS:1002038	2	1	not available	not available	NT=Carbamidomethyl;AC=UNIMOD:4;TA=C;MT=Fixed	NT=Oxidation;AC=UNIMOD:21;TA=M;MT=Variable	not available	not available	NT=['DHSO', 'DSSO', 'DMTMM'];AC=['XLMOD:02226', 'XLMOD:02126', None];TA=['D,E', 'K,S,T,Y', None]	not available	not available	not available	not available	not available	20201119_QEHFX4_JLow_DMTMM2_M8_F2.raw	NT=ms-proteomics;VV=v1.1.0	NT=crosslinking;VV=v1.0.0	NT=human;VV=v1.1.0
PXD035844_20181108_Fusion_JL_exp1_GPF4	NT=Homo sapiens;AC=NCBITaxon:9606	cell fraction	not available	114	PXD035844_20181108_Fusion_JL_exp1_GPF4_assay	proteomic profiling by mass spectrometry	data-dependent acquisition	NT=label free sample;AC=MS:1002038	1	1	not available	not available	NT=Carbamidomethyl;AC=UNIMOD:4;TA=C;MT=Fixed	NT=Oxidation;AC=UNIMOD:21;TA=M;MT=Variable	not available	not available	NT=['DHSO', 'DSSO', 'DMTMM'];AC=['XLMOD:02226', 'XLMOD:02126', None];TA=['D,E', 'K,S,T,Y', None]	not available	not available	not available	not available	not available	20181108_Fusion_JL_exp1_GPF4.raw	NT=ms-proteomics;VV=v1.1.0	NT=crosslinking;VV=v1.0.0	NT=human;VV=v1.1.0
PXD035844_20201119_QEHFX4_JLow_DMTMM2_M8_F4	Homo sapiens	cell fraction	not available	9	PXD035844_20201119_QEHFX4_JLow_DMTMM2_M8_F4_assay	proteomic profiling by mass spectrometry	data-dependent acquisition	NT=label free sample;AC=MS:1002038	4	1	not available	not available	NT=Carbamidomethyl;AC=UNIMOD:4;TA=C;MT=Fixed	NT=Oxidation;AC=UNIMOD:21;TA=M;MT=Variable	not available	not available	NT=['DHSO', 'DSSO', 'DMTMM'];AC=['XLMOD:02226', 'XLMOD:02126', None];TA=['D,E', 'K,S,T,Y', None]	not available	not available	not available	not available	not available	20201119_QEHFX4_JLow_DMTMM2_M8_F4.raw	NT=ms-proteomics;VV=v1.1.0	NT=crosslinking;VV=v1.0.0	NT=human;VV=v1.1.0
PXD035844_20200529_Fusion_Jlow_XLMS_MPF1_2	NT=Homo sapiens;AC=NCBITaxon:9606	cell fraction	not available	115	PXD035844_20200529_Fusion_Jlow_XLMS_MPF1_2_assay	proteomic profiling by mass spectrometry	data-dependent acquisition	NT=label free sample;AC=MS:1002038	1	1	not available	not available	NT=Carbamidomethyl;AC=UNIMOD:4;TA=C;MT=Fixed	NT=Oxidation;AC=UNIMOD:21;TA=M;MT=Variable	not available	not available	NT=['DHSO', 'DSSO', 'DMTMM'];AC=['XLMOD:02226', 'XLMOD:02126', None];TA=['D,E', 'K,S,T,Y', None]	not available	not available	not available	not available	not available	20200529_Fusion_Jlow_XLMS_MPF1_2.raw	NT=ms-proteomics;VV=v1.1.0	NT=crosslinking;VV=v1.0.0	NT=human;VV=v1.1.0
PXD035844_20201119_QEHFX4_JLow_DMTMM2_G8_F11	Homo sapiens	cell fraction	not available	9	PXD035844_20201119_QEHFX4_JLow_DMTMM2_G8_F11_assay	proteomic profiling by mass spectrometry	data-dependent acquisition	NT=label free sample;AC=MS:1002038	11	1	not available	not available	NT=Carbamidomethyl;AC=UNIMOD:4;TA=C;MT=Fixed	NT=Oxidation;AC=UNIMOD:21;TA=M;MT=Variable	not available	not available	NT=['DHSO', 'DSSO', 'DMTMM'];AC=['XLMOD:02226', 'XLMOD:02126', None];TA=['D,E', 'K,S,T,Y', None]	not available	not available	not available	not available	not available	20201119_QEHFX4_JLow_DMTMM2_G8_F11.raw	NT=ms-proteomics;VV=v1.1.0	NT=crosslinking;VV=v1.0.0	NT=human;VV=v1.1.0
PXD035844_20201113_Fusion_JLow_DHSO2_G8_F10	Homo sapiens	cell fraction	not available	11	PXD035844_20201113_Fusion_JLow_DHSO2_G8_F10_assay	proteomic profiling by mass spectrometry	data-dependent acquisition	NT=label free sample;AC=MS:1002038	10	1	not available	not available	NT=Carbamidomethyl;AC=UNIMOD:4;TA=C;MT=Fixed	NT=Oxidation;AC=UNIMOD:21;TA=M;MT=Variable	not available	not available	NT=['DHSO', 'DSSO', 'DMTMM'];AC=['XLMOD:02226', 'XLMOD:02126', None];TA=['D,E', 'K,S,T,Y', None]	not available	not available	not available	not available	not available	20201113_Fusion_JLow_DHSO2_G8_F10.raw	NT=ms-proteomics;VV=v1.1.0	NT=crosslinking;VV=v1.0.0	NT=human;VV=v1.1.0
PXD035844_20201119_QEHFX4_JLow_DMTMM2_G8_F7	Homo sapiens	cell fraction	not available	8	PXD035844_20201119_QEHFX4_JLow_DMTMM2_G8_F7_assay	proteomic profiling by mass spectrometry	data-dependent acquisition	NT=label free sample;AC=MS:1002038	7	1	not available	not available	NT=Carbamidomethyl;AC=UNIMOD:4;TA=C;MT=Fixed	NT=Oxidation;AC=UNIMOD:21;TA=M;MT=Variable	not available	not available	NT=['DHSO', 'DSSO', 'DMTMM'];AC=['XLMOD:02226', 'XLMOD:02126', None];TA=['D,E', 'K,S,T,Y', None]	not available	not available	not available	not available	not available	20201119_QEHFX4_JLow_DMTMM2_G8_F7.raw	NT=ms-proteomics;VV=v1.1.0	NT=crosslinking;VV=v1.0.0	NT=human;VV=v1.1.0
PXD035844_20201119_QEHFX4_JLow_DMTMM2_C8_F12	Homo sapiens	cell fraction	not available	10	PXD035844_20201119_QEHFX4_JLow_DMTMM2_C8_F12_assay	proteomic profiling by mass spectrometry	data-dependent acquisition	NT=label free sample;AC=MS:1002038	12	1	not available	not available	NT=Carbamidomethyl;AC=UNIMOD:4;TA=C;MT=Fixed	NT=Oxidation;AC=UNIMOD:21;TA=M;MT=Variable	not available	not available	NT=['DHSO', 'DSSO', 'DMTMM'];AC=['XLMOD:02226', 'XLMOD:02126', None];TA=['D,E', 'K,S,T,Y', None]	not available	not available	not available	not available	not available	20201119_QEHFX4_JLow_DMTMM2_C8_F12.raw	NT=ms-proteomics;VV=v1.1.0	NT=crosslinking;VV=v1.0.0	NT=human;VV=v1.1.0
PXD035844_20181108_Fusion_JL_exp1_CPF22	Homo sapiens	cell fraction	not available	116	PXD035844_20181108_Fusion_JL_exp1_CPF22_assay	proteomic profiling by mass spectrometry	data-dependent acquisition	NT=label free sample;AC=MS:1002038	1	1	not available	not available	NT=Carbamidomethyl;AC=UNIMOD:4;TA=C;MT=Fixed	NT=Oxidation;AC=UNIMOD:21;TA=M;MT=Variable	not available	not available	NT=['DHSO', 'DSSO', 'DMTMM'];AC=['XLMOD:02226', 'XLMOD:02126', None];TA=['D,E', 'K,S,T,Y', None]	not available	not available	not available	not available	not available	20181108_Fusion_JL_exp1_CPF22.raw	NT=ms-proteomics;VV=v1.1.0	NT=crosslinking;VV=v1.0.0	NT=human;VV=v1.1.0
PXD035844_20201119_Fusion_JLow_DHSO2_M8_F2	Homo sapiens	cell fraction	not available	11	PXD035844_20201119_Fusion_JLow_DHSO2_M8_F2_assay	proteomic profiling by mass spectrometry	data-dependent acquisition	NT=label free sample;AC=MS:1002038	2	1	not available	not available	NT=Carbamidomethyl;AC=UNIMOD:4;TA=C;MT=Fixed	NT=Oxidation;AC=UNIMOD:21;TA=M;MT=Variable	not available	not available	NT=['DHSO', 'DSSO', 'DMTMM'];AC=['XLMOD:02226', 'XLMOD:02126', None];TA=['D,E', 'K,S,T,Y', None]	not available	not available	not available	not available	not available	20201119_Fusion_JLow_DHSO2_M8_F2.raw	NT=ms-proteomics;VV=v1.1.0	NT=crosslinking;VV=v1.0.0	NT=human;VV=v1.1.0
PXD035844_20181108_Fusion_JL_exp1_CPF1	Homo sapiens	cell fraction	not available	117	PXD035844_20181108_Fusion_JL_exp1_CPF1_assay	proteomic profiling by mass spectrometry	data-dependent acquisition	NT=label free sample;AC=MS:1002038	1	1	not available	not available	NT=Carbamidomethyl;AC=UNIMOD:4;TA=C;MT=Fixed	NT=Oxidation;AC=UNIMOD:21;TA=M;MT=Variable	not available	not available	NT=['DHSO', 'DSSO', 'DMTMM'];AC=['XLMOD:02226', 'XLMOD:02126', None];TA=['D,E', 'K,S,T,Y', None]	not available	not available	not available	not available	not available	20181108_Fusion_JL_exp1_CPF1.raw	NT=ms-proteomics;VV=v1.1.0	NT=crosslinking;VV=v1.0.0	NT=human;VV=v1.1.0
PXD035844_20200529_Fusion_Jlow_XLMS_MPF3_5	NT=Homo sapiens;AC=NCBITaxon:9606	cell fraction	not available	118	PXD035844_20200529_Fusion_Jlow_XLMS_MPF3_5_assay	proteomic profiling by mass spectrometry	data-dependent acquisition	NT=label free sample;AC=MS:1002038	1	1	not available	not available	NT=Carbamidomethyl;AC=UNIMOD:4;TA=C;MT=Fixed	NT=Oxidation;AC=UNIMOD:21;TA=M;MT=Variable	not available	not available	NT=['DHSO', 'DSSO', 'DMTMM'];AC=['XLMOD:02226', 'XLMOD:02126', None];TA=['D,E', 'K,S,T,Y', None]	not available	not available	not available	not available	not available	20200529_Fusion_Jlow_XLMS_MPF3_5.raw	NT=ms-proteomics;VV=v1.1.0	NT=crosslinking;VV=v1.0.0	NT=human;VV=v1.1.0
PXD035844_20181108_Fusion_JL_exp1_CPF2	Homo sapiens	cell fraction	not available	119	PXD035844_20181108_Fusion_JL_exp1_CPF2_assay	proteomic profiling by mass spectrometry	data-dependent acquisition	NT=label free sample;AC=MS:1002038	1	1	not available	not available	NT=Carbamidomethyl;AC=UNIMOD:4;TA=C;MT=Fixed	NT=Oxidation;AC=UNIMOD:21;TA=M;MT=Variable	not available	not available	NT=['DHSO', 'DSSO', 'DMTMM'];AC=['XLMOD:02226', 'XLMOD:02126', None];TA=['D,E', 'K,S,T,Y', None]	not available	not available	not available	not available	not available	20181108_Fusion_JL_exp1_CPF2.raw	NT=ms-proteomics;VV=v1.1.0	NT=crosslinking;VV=v1.0.0	NT=human;VV=v1.1.0
PXD035844_20201127_QEHFX4_JLow_DMTMM_con_G9_F2	Homo sapiens	cell fraction	not available	12	PXD035844_20201127_QEHFX4_JLow_DMTMM_con_G9_F2_assay	proteomic profiling by mass spectrometry	data-dependent acquisition	NT=label free sample;AC=MS:1002038	2	1	not available	not available	NT=Carbamidomethyl;AC=UNIMOD:4;TA=C;MT=Fixed	NT=Oxidation;AC=UNIMOD:21;TA=M;MT=Variable	not available	not available	NT=['DHSO', 'DSSO', 'DMTMM'];AC=['XLMOD:02226', 'XLMOD:02126', None];TA=['D,E', 'K,S,T,Y', None]	not available	not available	not available	not available	not available	20201127_QEHFX4_JLow_DMTMM_con_G9_F2.raw	NT=ms-proteomics;VV=v1.1.0	NT=crosslinking;VV=v1.0.0	NT=human;VV=v1.1.0
PXD035844_20200529_Fusion_Jlow_XLMS_MPF3_11	NT=Homo sapiens;AC=NCBITaxon:9606	cell fraction	not available	120	PXD035844_20200529_Fusion_Jlow_XLMS_MPF3_11_assay	proteomic profiling by mass spectrometry	data-dependent acquisition	NT=label free sample;AC=MS:1002038	1	1	not available	not available	NT=Carbamidomethyl;AC=UNIMOD:4;TA=C;MT=Fixed	NT=Oxidation;AC=UNIMOD:21;TA=M;MT=Variable	not available	not available	NT=['DHSO', 'DSSO', 'DMTMM'];AC=['XLMOD:02226', 'XLMOD:02126', None];TA=['D,E', 'K,S,T,Y', None]	not available	not available	not available	not available	not available	20200529_Fusion_Jlow_XLMS_MPF3_11.raw	NT=ms-proteomics;VV=v1.1.0	NT=crosslinking;VV=v1.0.0	NT=human;VV=v1.1.0
PXD035844_20201127_QEHFX4_JLow_DMTMM_con_C9_F9	Homo sapiens	cell fraction	not available	6	PXD035844_20201127_QEHFX4_JLow_DMTMM_con_C9_F9_assay	proteomic profiling by mass spectrometry	data-dependent acquisition	NT=label free sample;AC=MS:1002038	9	1	not available	not available	NT=Carbamidomethyl;AC=UNIMOD:4;TA=C;MT=Fixed	NT=Oxidation;AC=UNIMOD:21;TA=M;MT=Variable	not available	not available	NT=['DHSO', 'DSSO', 'DMTMM'];AC=['XLMOD:02226', 'XLMOD:02126', None];TA=['D,E', 'K,S,T,Y', None]	not available	not available	not available	not available	not available	20201127_QEHFX4_JLow_DMTMM_con_C9_F9.raw	NT=ms-proteomics;VV=v1.1.0	NT=crosslinking;VV=v1.0.0	NT=human;VV=v1.1.0
PXD035844_20181108_Fusion_JL_exp1_MPF3	NT=Homo sapiens;AC=NCBITaxon:9606	cell fraction	not available	121	PXD035844_20181108_Fusion_JL_exp1_MPF3_assay	proteomic profiling by mass spectrometry	data-dependent acquisition	NT=label free sample;AC=MS:1002038	1	1	not available	not available	NT=Carbamidomethyl;AC=UNIMOD:4;TA=C;MT=Fixed	NT=Oxidation;AC=UNIMOD:21;TA=M;MT=Variable	not available	not available	NT=['DHSO', 'DSSO', 'DMTMM'];AC=['XLMOD:02226', 'XLMOD:02126', None];TA=['D,E', 'K,S,T,Y', None]	not available	not available	not available	not available	not available	20181108_Fusion_JL_exp1_MPF3.raw	NT=ms-proteomics;VV=v1.1.0	NT=crosslinking;VV=v1.0.0	NT=human;VV=v1.1.0
PXD035844_20201119_Fusion_JLow_DHSO3_C9_F7	Homo sapiens	cell fraction	not available	9	PXD035844_20201119_Fusion_JLow_DHSO3_C9_F7_assay	proteomic profiling by mass spectrometry	data-dependent acquisition	NT=label free sample;AC=MS:1002038	7	1	not available	not available	NT=Carbamidomethyl;AC=UNIMOD:4;TA=C;MT=Fixed	NT=Oxidation;AC=UNIMOD:21;TA=M;MT=Variable	not available	not available	NT=['DHSO', 'DSSO', 'DMTMM'];AC=['XLMOD:02226', 'XLMOD:02126', None];TA=['D,E', 'K,S,T,Y', None]	not available	not available	not available	not available	not available	20201119_Fusion_JLow_DHSO3_C9_F7.raw	NT=ms-proteomics;VV=v1.1.0	NT=crosslinking;VV=v1.0.0	NT=human;VV=v1.1.0
PXD035844_20200529_Fusion_Jlow_XLMS_NPF3_2	NT=Homo sapiens;AC=NCBITaxon:9606	cell fraction	not available	122	PXD035844_20200529_Fusion_Jlow_XLMS_NPF3_2_assay	proteomic profiling by mass spectrometry	data-dependent acquisition	NT=label free sample;AC=MS:1002038	1	1	not available	not available	NT=Carbamidomethyl;AC=UNIMOD:4;TA=C;MT=Fixed	NT=Oxidation;AC=UNIMOD:21;TA=M;MT=Variable	not available	not available	NT=['DHSO', 'DSSO', 'DMTMM'];AC=['XLMOD:02226', 'XLMOD:02126', None];TA=['D,E', 'K,S,T,Y', None]	not available	not available	not available	not available	not available	20200529_Fusion_Jlow_XLMS_NPF3_2.raw	NT=ms-proteomics;VV=v1.1.0	NT=crosslinking;VV=v1.0.0	NT=human;VV=v1.1.0
PXD035844_20200529_Fusion_Jlow_XLMS_GPF1_2	NT=Homo sapiens;AC=NCBITaxon:9606	cell fraction	not available	123	PXD035844_20200529_Fusion_Jlow_XLMS_GPF1_2_assay	proteomic profiling by mass spectrometry	data-dependent acquisition	NT=label free sample;AC=MS:1002038	1	1	not available	not available	NT=Carbamidomethyl;AC=UNIMOD:4;TA=C;MT=Fixed	NT=Oxidation;AC=UNIMOD:21;TA=M;MT=Variable	not available	not available	NT=['DHSO', 'DSSO', 'DMTMM'];AC=['XLMOD:02226', 'XLMOD:02126', None];TA=['D,E', 'K,S,T,Y', None]	not available	not available	not available	not available	not available	20200529_Fusion_Jlow_XLMS_GPF1_2.raw	NT=ms-proteomics;VV=v1.1.0	NT=crosslinking;VV=v1.0.0	NT=human;VV=v1.1.0
PXD035844_20201119_QEHFX4_JLow_DMTMM2_G8_F9	Homo sapiens	cell fraction	not available	7	PXD035844_20201119_QEHFX4_JLow_DMTMM2_G8_F9_assay	proteomic profiling by mass spectrometry	data-dependent acquisition	NT=label free sample;AC=MS:1002038	9	1	not available	not available	NT=Carbamidomethyl;AC=UNIMOD:4;TA=C;MT=Fixed	NT=Oxidation;AC=UNIMOD:21;TA=M;MT=Variable	not available	not available	NT=['DHSO', 'DSSO', 'DMTMM'];AC=['XLMOD:02226', 'XLMOD:02126', None];TA=['D,E', 'K,S,T,Y', None]	not available	not available	not available	not available	not available	20201119_QEHFX4_JLow_DMTMM2_G8_F9.raw	NT=ms-proteomics;VV=v1.1.0	NT=crosslinking;VV=v1.0.0	NT=human;VV=v1.1.0
PXD035844_20201119_Fusion_JLow_DHSO3_N9_F1_reinject_X	Homo sapiens	cell fraction	not available	124	PXD035844_20201119_Fusion_JLow_DHSO3_N9_F1_reinject_X_assay	proteomic profiling by mass spectrometry	data-dependent acquisition	NT=label free sample;AC=MS:1002038	1	1	not available	not available	NT=Carbamidomethyl;AC=UNIMOD:4;TA=C;MT=Fixed	NT=Oxidation;AC=UNIMOD:21;TA=M;MT=Variable	not available	not available	NT=['DHSO', 'DSSO', 'DMTMM'];AC=['XLMOD:02226', 'XLMOD:02126', None];TA=['D,E', 'K,S,T,Y', None]	not available	not available	not available	not available	not available	20201119_Fusion_JLow_DHSO3_N9_F1_reinject_X.raw	NT=ms-proteomics;VV=v1.1.0	NT=crosslinking;VV=v1.0.0	NT=human;VV=v1.1.0
PXD035844_20181108_Fusion_JL_exp1_CPF21	Homo sapiens	cell fraction	not available	125	PXD035844_20181108_Fusion_JL_exp1_CPF21_assay	proteomic profiling by mass spectrometry	data-dependent acquisition	NT=label free sample;AC=MS:1002038	1	1	not available	not available	NT=Carbamidomethyl;AC=UNIMOD:4;TA=C;MT=Fixed	NT=Oxidation;AC=UNIMOD:21;TA=M;MT=Variable	not available	not available	NT=['DHSO', 'DSSO', 'DMTMM'];AC=['XLMOD:02226', 'XLMOD:02126', None];TA=['D,E', 'K,S,T,Y', None]	not available	not available	not available	not available	not available	20181108_Fusion_JL_exp1_CPF21.raw	NT=ms-proteomics;VV=v1.1.0	NT=crosslinking;VV=v1.0.0	NT=human;VV=v1.1.0
PXD035844_20201113_Fusion_JLow_DHSO2_G8_F4	Homo sapiens	cell fraction	not available	10	PXD035844_20201113_Fusion_JLow_DHSO2_G8_F4_assay	proteomic profiling by mass spectrometry	data-dependent acquisition	NT=label free sample;AC=MS:1002038	4	1	not available	not available	NT=Carbamidomethyl;AC=UNIMOD:4;TA=C;MT=Fixed	NT=Oxidation;AC=UNIMOD:21;TA=M;MT=Variable	not available	not available	NT=['DHSO', 'DSSO', 'DMTMM'];AC=['XLMOD:02226', 'XLMOD:02126', None];TA=['D,E', 'K,S,T,Y', None]	not available	not available	not available	not available	not available	20201113_Fusion_JLow_DHSO2_G8_F4.raw	NT=ms-proteomics;VV=v1.1.0	NT=crosslinking;VV=v1.0.0	NT=human;VV=v1.1.0
PXD035844_20201119_QEHFX4_JLow_DMTMM2_N8_F11	Homo sapiens	cell fraction	not available	10	PXD035844_20201119_QEHFX4_JLow_DMTMM2_N8_F11_assay	proteomic profiling by mass spectrometry	data-dependent acquisition	NT=label free sample;AC=MS:1002038	11	1	not available	not available	NT=Carbamidomethyl;AC=UNIMOD:4;TA=C;MT=Fixed	NT=Oxidation;AC=UNIMOD:21;TA=M;MT=Variable	not available	not available	NT=['DHSO', 'DSSO', 'DMTMM'];AC=['XLMOD:02226', 'XLMOD:02126', None];TA=['D,E', 'K,S,T,Y', None]	not available	not available	not available	not available	not available	20201119_QEHFX4_JLow_DMTMM2_N8_F11.raw	NT=ms-proteomics;VV=v1.1.0	NT=crosslinking;VV=v1.0.0	NT=human;VV=v1.1.0
PXD035844_20201116_QEHFX4_JLow_DHSO_G8_F1	Homo sapiens (human)	cell fraction	not available	126	PXD035844_20201116_QEHFX4_JLow_DHSO_G8_F1_assay	proteomic profiling by mass spectrometry	data-dependent acquisition	NT=label free sample;AC=MS:1002038	1	1	not available	not available	NT=Carbamidomethyl;AC=UNIMOD:4;TA=C;MT=Fixed	NT=Oxidation;AC=UNIMOD:21;TA=M;MT=Variable	not available	not available	NT=['DHSO', 'DSSO', 'DMTMM'];AC=['XLMOD:02226', 'XLMOD:02126', None];TA=['D,E', 'K,S,T,Y', None]	not available	not available	not available	not available	not available	20201116_QEHFX4_JLow_DHSO_G8_F1.raw	NT=ms-proteomics;VV=v1.1.0	NT=crosslinking;VV=v1.0.0	NT=human;VV=v1.1.0
PXD035844_20181108_Fusion_JL_exp1_NPF10	NT=Homo sapiens;AC=NCBITaxon:9606	cell fraction	not available	127	PXD035844_20181108_Fusion_JL_exp1_NPF10_assay	proteomic profiling by mass spectrometry	data-dependent acquisition	NT=label free sample;AC=MS:1002038	1	1	not available	not available	NT=Carbamidomethyl;AC=UNIMOD:4;TA=C;MT=Fixed	NT=Oxidation;AC=UNIMOD:21;TA=M;MT=Variable	not available	not available	NT=['DHSO', 'DSSO', 'DMTMM'];AC=['XLMOD:02226', 'XLMOD:02126', None];TA=['D,E', 'K,S,T,Y', None]	not available	not available	not available	not available	not available	20181108_Fusion_JL_exp1_NPF10.raw	NT=ms-proteomics;VV=v1.1.0	NT=crosslinking;VV=v1.0.0	NT=human;VV=v1.1.0
PXD035844_20201119_QEHFX4_JLow_DMTMM2_C8_F7	Homo sapiens	cell fraction	not available	10	PXD035844_20201119_QEHFX4_JLow_DMTMM2_C8_F7_assay	proteomic profiling by mass spectrometry	data-dependent acquisition	NT=label free sample;AC=MS:1002038	7	1	not available	not available	NT=Carbamidomethyl;AC=UNIMOD:4;TA=C;MT=Fixed	NT=Oxidation;AC=UNIMOD:21;TA=M;MT=Variable	not available	not available	NT=['DHSO', 'DSSO', 'DMTMM'];AC=['XLMOD:02226', 'XLMOD:02126', None];TA=['D,E', 'K,S,T,Y', None]	not available	not available	not available	not available	not available	20201119_QEHFX4_JLow_DMTMM2_C8_F7.raw	NT=ms-proteomics;VV=v1.1.0	NT=crosslinking;VV=v1.0.0	NT=human;VV=v1.1.0
PXD035844_20181108_Fusion_JL_exp1_MPF1	NT=Homo sapiens;AC=NCBITaxon:9606	cell fraction	not available	128	PXD035844_20181108_Fusion_JL_exp1_MPF1_assay	proteomic profiling by mass spectrometry	data-dependent acquisition	NT=label free sample;AC=MS:1002038	1	1	not available	not available	NT=Carbamidomethyl;AC=UNIMOD:4;TA=C;MT=Fixed	NT=Oxidation;AC=UNIMOD:21;TA=M;MT=Variable	not available	not available	NT=['DHSO', 'DSSO', 'DMTMM'];AC=['XLMOD:02226', 'XLMOD:02126', None];TA=['D,E', 'K,S,T,Y', None]	not available	not available	not available	not available	not available	20181108_Fusion_JL_exp1_MPF1.raw	NT=ms-proteomics;VV=v1.1.0	NT=crosslinking;VV=v1.0.0	NT=human;VV=v1.1.0
PXD035844_20201119_QEHFX4_JLow_DMTMM2_C8_F3	Homo sapiens	cell fraction	not available	10	PXD035844_20201119_QEHFX4_JLow_DMTMM2_C8_F3_assay	proteomic profiling by mass spectrometry	data-dependent acquisition	NT=label free sample;AC=MS:1002038	3	1	not available	not available	NT=Carbamidomethyl;AC=UNIMOD:4;TA=C;MT=Fixed	NT=Oxidation;AC=UNIMOD:21;TA=M;MT=Variable	not available	not available	NT=['DHSO', 'DSSO', 'DMTMM'];AC=['XLMOD:02226', 'XLMOD:02126', None];TA=['D,E', 'K,S,T,Y', None]	not available	not available	not available	not available	not available	20201119_QEHFX4_JLow_DMTMM2_C8_F3.raw	NT=ms-proteomics;VV=v1.1.0	NT=crosslinking;VV=v1.0.0	NT=human;VV=v1.1.0
PXD035844_20201119_Fusion_JLow_DHSO3_C9_F12	Homo sapiens	cell fraction	not available	11	PXD035844_20201119_Fusion_JLow_DHSO3_C9_F12_assay	proteomic profiling by mass spectrometry	data-dependent acquisition	NT=label free sample;AC=MS:1002038	12	1	not available	not available	NT=Carbamidomethyl;AC=UNIMOD:4;TA=C;MT=Fixed	NT=Oxidation;AC=UNIMOD:21;TA=M;MT=Variable	not available	not available	NT=['DHSO', 'DSSO', 'DMTMM'];AC=['XLMOD:02226', 'XLMOD:02126', None];TA=['D,E', 'K,S,T,Y', None]	not available	not available	not available	not available	not available	20201119_Fusion_JLow_DHSO3_C9_F12.raw	NT=ms-proteomics;VV=v1.1.0	NT=crosslinking;VV=v1.0.0	NT=human;VV=v1.1.0
PXD035844_20201119_Fusion_JLow_DHSO3_G9_F3	Homo sapiens	cell fraction	not available	11	PXD035844_20201119_Fusion_JLow_DHSO3_G9_F3_assay	proteomic profiling by mass spectrometry	data-dependent acquisition	NT=label free sample;AC=MS:1002038	3	1	not available	not available	NT=Carbamidomethyl;AC=UNIMOD:4;TA=C;MT=Fixed	NT=Oxidation;AC=UNIMOD:21;TA=M;MT=Variable	not available	not available	NT=['DHSO', 'DSSO', 'DMTMM'];AC=['XLMOD:02226', 'XLMOD:02126', None];TA=['D,E', 'K,S,T,Y', None]	not available	not available	not available	not available	not available	20201119_Fusion_JLow_DHSO3_G9_F3.raw	NT=ms-proteomics;VV=v1.1.0	NT=crosslinking;VV=v1.0.0	NT=human;VV=v1.1.0
PXD035844_20201119_Fusion_JLow_DHSO3_N9_postsec	Homo sapiens	cell fraction	not available	129	PXD035844_20201119_Fusion_JLow_DHSO3_N9_postsec_assay	proteomic profiling by mass spectrometry	data-dependent acquisition	NT=label free sample;AC=MS:1002038	1	1	not available	not available	NT=Carbamidomethyl;AC=UNIMOD:4;TA=C;MT=Fixed	NT=Oxidation;AC=UNIMOD:21;TA=M;MT=Variable	not available	not available	NT=['DHSO', 'DSSO', 'DMTMM'];AC=['XLMOD:02226', 'XLMOD:02126', None];TA=['D,E', 'K,S,T,Y', None]	not available	not available	not available	not available	not available	20201119_Fusion_JLow_DHSO3_N9_postsec.raw	NT=ms-proteomics;VV=v1.1.0	NT=crosslinking;VV=v1.0.0	NT=human;VV=v1.1.0
PXD035844_20200529_Fusion_Jlow_XLMS_GPF3_4	NT=Homo sapiens;AC=NCBITaxon:9606	cell fraction	not available	130	PXD035844_20200529_Fusion_Jlow_XLMS_GPF3_4_assay	proteomic profiling by mass spectrometry	data-dependent acquisition	NT=label free sample;AC=MS:1002038	1	1	not available	not available	NT=Carbamidomethyl;AC=UNIMOD:4;TA=C;MT=Fixed	NT=Oxidation;AC=UNIMOD:21;TA=M;MT=Variable	not available	not available	NT=['DHSO', 'DSSO', 'DMTMM'];AC=['XLMOD:02226', 'XLMOD:02126', None];TA=['D,E', 'K,S,T,Y', None]	not available	not available	not available	not available	not available	20200529_Fusion_Jlow_XLMS_GPF3_4.raw	NT=ms-proteomics;VV=v1.1.0	NT=crosslinking;VV=v1.0.0	NT=human;VV=v1.1.0
PXD035844_20201119_QEHFX4_JLow_DMTMM2_C8_F10	Homo sapiens	cell fraction	not available	12	PXD035844_20201119_QEHFX4_JLow_DMTMM2_C8_F10_assay	proteomic profiling by mass spectrometry	data-dependent acquisition	NT=label free sample;AC=MS:1002038	10	1	not available	not available	NT=Carbamidomethyl;AC=UNIMOD:4;TA=C;MT=Fixed	NT=Oxidation;AC=UNIMOD:21;TA=M;MT=Variable	not available	not available	NT=['DHSO', 'DSSO', 'DMTMM'];AC=['XLMOD:02226', 'XLMOD:02126', None];TA=['D,E', 'K,S,T,Y', None]	not available	not available	not available	not available	not available	20201119_QEHFX4_JLow_DMTMM2_C8_F10.raw	NT=ms-proteomics;VV=v1.1.0	NT=crosslinking;VV=v1.0.0	NT=human;VV=v1.1.0
PXD035844_20181108_Fusion_JL_exp1_CPF3	Homo sapiens	cell fraction	not available	131	PXD035844_20181108_Fusion_JL_exp1_CPF3_assay	proteomic profiling by mass spectrometry	data-dependent acquisition	NT=label free sample;AC=MS:1002038	1	1	not available	not available	NT=Carbamidomethyl;AC=UNIMOD:4;TA=C;MT=Fixed	NT=Oxidation;AC=UNIMOD:21;TA=M;MT=Variable	not available	not available	NT=['DHSO', 'DSSO', 'DMTMM'];AC=['XLMOD:02226', 'XLMOD:02126', None];TA=['D,E', 'K,S,T,Y', None]	not available	not available	not available	not available	not available	20181108_Fusion_JL_exp1_CPF3.raw	NT=ms-proteomics;VV=v1.1.0	NT=crosslinking;VV=v1.0.0	NT=human;VV=v1.1.0
PXD035844_20181108_Fusion_JL_exp1_CPF16	Homo sapiens	cell fraction	not available	132	PXD035844_20181108_Fusion_JL_exp1_CPF16_assay	proteomic profiling by mass spectrometry	data-dependent acquisition	NT=label free sample;AC=MS:1002038	1	1	not available	not available	NT=Carbamidomethyl;AC=UNIMOD:4;TA=C;MT=Fixed	NT=Oxidation;AC=UNIMOD:21;TA=M;MT=Variable	not available	not available	NT=['DHSO', 'DSSO', 'DMTMM'];AC=['XLMOD:02226', 'XLMOD:02126', None];TA=['D,E', 'K,S,T,Y', None]	not available	not available	not available	not available	not available	20181108_Fusion_JL_exp1_CPF16.raw	NT=ms-proteomics;VV=v1.1.0	NT=crosslinking;VV=v1.0.0	NT=human;VV=v1.1.0
PXD035844_20201119_Fusion_JLow_DHSO3_G9_F9	Homo sapiens	cell fraction	not available	8	PXD035844_20201119_Fusion_JLow_DHSO3_G9_F9_assay	proteomic profiling by mass spectrometry	data-dependent acquisition	NT=label free sample;AC=MS:1002038	9	1	not available	not available	NT=Carbamidomethyl;AC=UNIMOD:4;TA=C;MT=Fixed	NT=Oxidation;AC=UNIMOD:21;TA=M;MT=Variable	not available	not available	NT=['DHSO', 'DSSO', 'DMTMM'];AC=['XLMOD:02226', 'XLMOD:02126', None];TA=['D,E', 'K,S,T,Y', None]	not available	not available	not available	not available	not available	20201119_Fusion_JLow_DHSO3_G9_F9.raw	NT=ms-proteomics;VV=v1.1.0	NT=crosslinking;VV=v1.0.0	NT=human;VV=v1.1.0
PXD035844_20200529_Fusion_Jlow_XLMS_NPF3_9	NT=Homo sapiens;AC=NCBITaxon:9606	cell fraction	not available	133	PXD035844_20200529_Fusion_Jlow_XLMS_NPF3_9_assay	proteomic profiling by mass spectrometry	data-dependent acquisition	NT=label free sample;AC=MS:1002038	1	1	not available	not available	NT=Carbamidomethyl;AC=UNIMOD:4;TA=C;MT=Fixed	NT=Oxidation;AC=UNIMOD:21;TA=M;MT=Variable	not available	not available	NT=['DHSO', 'DSSO', 'DMTMM'];AC=['XLMOD:02226', 'XLMOD:02126', None];TA=['D,E', 'K,S,T,Y', None]	not available	not available	not available	not available	not available	20200529_Fusion_Jlow_XLMS_NPF3_9.raw	NT=ms-proteomics;VV=v1.1.0	NT=crosslinking;VV=v1.0.0	NT=human;VV=v1.1.0
PXD035844_20200529_Fusion_Jlow_XLMS_CPF3_5	Homo sapiens	cell fraction	not available	134	PXD035844_20200529_Fusion_Jlow_XLMS_CPF3_5_assay	proteomic profiling by mass spectrometry	data-dependent acquisition	NT=label free sample;AC=MS:1002038	1	1	not available	not available	NT=Carbamidomethyl;AC=UNIMOD:4;TA=C;MT=Fixed	NT=Oxidation;AC=UNIMOD:21;TA=M;MT=Variable	not available	not available	NT=['DHSO', 'DSSO', 'DMTMM'];AC=['XLMOD:02226', 'XLMOD:02126', None];TA=['D,E', 'K,S,T,Y', None]	not available	not available	not available	not available	not available	20200529_Fusion_Jlow_XLMS_CPF3_5.raw	NT=ms-proteomics;VV=v1.1.0	NT=crosslinking;VV=v1.0.0	NT=human;VV=v1.1.0
PXD035844_20201113_Fusion_JLow_DHSO2_G8_F2	Homo sapiens	cell fraction	not available	13	PXD035844_20201113_Fusion_JLow_DHSO2_G8_F2_assay	proteomic profiling by mass spectrometry	data-dependent acquisition	NT=label free sample;AC=MS:1002038	2	1	not available	not available	NT=Carbamidomethyl;AC=UNIMOD:4;TA=C;MT=Fixed	NT=Oxidation;AC=UNIMOD:21;TA=M;MT=Variable	not available	not available	NT=['DHSO', 'DSSO', 'DMTMM'];AC=['XLMOD:02226', 'XLMOD:02126', None];TA=['D,E', 'K,S,T,Y', None]	not available	not available	not available	not available	not available	20201113_Fusion_JLow_DHSO2_G8_F2.raw	NT=ms-proteomics;VV=v1.1.0	NT=crosslinking;VV=v1.0.0	NT=human;VV=v1.1.0
PXD035844_20201119_Fusion_JLow_DHSO3_M9_F3	Homo sapiens	cell fraction	not available	12	PXD035844_20201119_Fusion_JLow_DHSO3_M9_F3_assay	proteomic profiling by mass spectrometry	data-dependent acquisition	NT=label free sample;AC=MS:1002038	3	1	not available	not available	NT=Carbamidomethyl;AC=UNIMOD:4;TA=C;MT=Fixed	NT=Oxidation;AC=UNIMOD:21;TA=M;MT=Variable	not available	not available	NT=['DHSO', 'DSSO', 'DMTMM'];AC=['XLMOD:02226', 'XLMOD:02126', None];TA=['D,E', 'K,S,T,Y', None]	not available	not available	not available	not available	not available	20201119_Fusion_JLow_DHSO3_M9_F3.raw	NT=ms-proteomics;VV=v1.1.0	NT=crosslinking;VV=v1.0.0	NT=human;VV=v1.1.0
PXD035844_20201119_QEHFX4_JLow_DMTMM2_C8_F6	Homo sapiens	cell fraction	not available	10	PXD035844_20201119_QEHFX4_JLow_DMTMM2_C8_F6_assay	proteomic profiling by mass spectrometry	data-dependent acquisition	NT=label free sample;AC=MS:1002038	6	1	not available	not available	NT=Carbamidomethyl;AC=UNIMOD:4;TA=C;MT=Fixed	NT=Oxidation;AC=UNIMOD:21;TA=M;MT=Variable	not available	not available	NT=['DHSO', 'DSSO', 'DMTMM'];AC=['XLMOD:02226', 'XLMOD:02126', None];TA=['D,E', 'K,S,T,Y', None]	not available	not available	not available	not available	not available	20201119_QEHFX4_JLow_DMTMM2_C8_F6.raw	NT=ms-proteomics;VV=v1.1.0	NT=crosslinking;VV=v1.0.0	NT=human;VV=v1.1.0
PXD035844_20201119_Fusion_JLow_DHSO3_C9_F11	Homo sapiens	cell fraction	not available	11	PXD035844_20201119_Fusion_JLow_DHSO3_C9_F11_assay	proteomic profiling by mass spectrometry	data-dependent acquisition	NT=label free sample;AC=MS:1002038	11	1	not available	not available	NT=Carbamidomethyl;AC=UNIMOD:4;TA=C;MT=Fixed	NT=Oxidation;AC=UNIMOD:21;TA=M;MT=Variable	not available	not available	NT=['DHSO', 'DSSO', 'DMTMM'];AC=['XLMOD:02226', 'XLMOD:02126', None];TA=['D,E', 'K,S,T,Y', None]	not available	not available	not available	not available	not available	20201119_Fusion_JLow_DHSO3_C9_F11.raw	NT=ms-proteomics;VV=v1.1.0	NT=crosslinking;VV=v1.0.0	NT=human;VV=v1.1.0
PXD035844_20201119_Fusion_JLow_DHSO3_C9_F4	Homo sapiens	cell fraction	not available	11	PXD035844_20201119_Fusion_JLow_DHSO3_C9_F4_assay	proteomic profiling by mass spectrometry	data-dependent acquisition	NT=label free sample;AC=MS:1002038	4	1	not available	not available	NT=Carbamidomethyl;AC=UNIMOD:4;TA=C;MT=Fixed	NT=Oxidation;AC=UNIMOD:21;TA=M;MT=Variable	not available	not available	NT=['DHSO', 'DSSO', 'DMTMM'];AC=['XLMOD:02226', 'XLMOD:02126', None];TA=['D,E', 'K,S,T,Y', None]	not available	not available	not available	not available	not available	20201119_Fusion_JLow_DHSO3_C9_F4.raw	NT=ms-proteomics;VV=v1.1.0	NT=crosslinking;VV=v1.0.0	NT=human;VV=v1.1.0
PXD035844_20181108_Fusion_JL_exp1_GPF8	NT=Homo sapiens;AC=NCBITaxon:9606	cell fraction	not available	135	PXD035844_20181108_Fusion_JL_exp1_GPF8_assay	proteomic profiling by mass spectrometry	data-dependent acquisition	NT=label free sample;AC=MS:1002038	1	1	not available	not available	NT=Carbamidomethyl;AC=UNIMOD:4;TA=C;MT=Fixed	NT=Oxidation;AC=UNIMOD:21;TA=M;MT=Variable	not available	not available	NT=['DHSO', 'DSSO', 'DMTMM'];AC=['XLMOD:02226', 'XLMOD:02126', None];TA=['D,E', 'K,S,T,Y', None]	not available	not available	not available	not available	not available	20181108_Fusion_JL_exp1_GPF8.raw	NT=ms-proteomics;VV=v1.1.0	NT=crosslinking;VV=v1.0.0	NT=human;VV=v1.1.0
PXD035844_20201127_QEHFX4_JLow_DMTMM_con_G9_F1	Homo sapiens	cell fraction	not available	136	PXD035844_20201127_QEHFX4_JLow_DMTMM_con_G9_F1_assay	proteomic profiling by mass spectrometry	data-dependent acquisition	NT=label free sample;AC=MS:1002038	1	1	not available	not available	NT=Carbamidomethyl;AC=UNIMOD:4;TA=C;MT=Fixed	NT=Oxidation;AC=UNIMOD:21;TA=M;MT=Variable	not available	not available	NT=['DHSO', 'DSSO', 'DMTMM'];AC=['XLMOD:02226', 'XLMOD:02126', None];TA=['D,E', 'K,S,T,Y', None]	not available	not available	not available	not available	not available	20201127_QEHFX4_JLow_DMTMM_con_G9_F1.raw	NT=ms-proteomics;VV=v1.1.0	NT=crosslinking;VV=v1.0.0	NT=human;VV=v1.1.0
PXD035844_20201119_QEHFX4_JLow_DMTMM2_N8_F10	Homo sapiens	cell fraction	not available	13	PXD035844_20201119_QEHFX4_JLow_DMTMM2_N8_F10_assay	proteomic profiling by mass spectrometry	data-dependent acquisition	NT=label free sample;AC=MS:1002038	10	1	not available	not available	NT=Carbamidomethyl;AC=UNIMOD:4;TA=C;MT=Fixed	NT=Oxidation;AC=UNIMOD:21;TA=M;MT=Variable	not available	not available	NT=['DHSO', 'DSSO', 'DMTMM'];AC=['XLMOD:02226', 'XLMOD:02126', None];TA=['D,E', 'K,S,T,Y', None]	not available	not available	not available	not available	not available	20201119_QEHFX4_JLow_DMTMM2_N8_F10.raw	NT=ms-proteomics;VV=v1.1.0	NT=crosslinking;VV=v1.0.0	NT=human;VV=v1.1.0
PXD035844_20201119_Fusion_JLow_DHSO2_N8_F7	Homo sapiens	cell fraction	not available	11	PXD035844_20201119_Fusion_JLow_DHSO2_N8_F7_assay	proteomic profiling by mass spectrometry	data-dependent acquisition	NT=label free sample;AC=MS:1002038	7	1	not available	not available	NT=Carbamidomethyl;AC=UNIMOD:4;TA=C;MT=Fixed	NT=Oxidation;AC=UNIMOD:21;TA=M;MT=Variable	not available	not available	NT=['DHSO', 'DSSO', 'DMTMM'];AC=['XLMOD:02226', 'XLMOD:02126', None];TA=['D,E', 'K,S,T,Y', None]	not available	not available	not available	not available	not available	20201119_Fusion_JLow_DHSO2_N8_F7.raw	NT=ms-proteomics;VV=v1.1.0	NT=crosslinking;VV=v1.0.0	NT=human;VV=v1.1.0
PXD035844_20201119_QEHFX4_JLow_DMTMM2_M8_F9	Homo sapiens	cell fraction	not available	9	PXD035844_20201119_QEHFX4_JLow_DMTMM2_M8_F9_assay	proteomic profiling by mass spectrometry	data-dependent acquisition	NT=label free sample;AC=MS:1002038	9	1	not available	not available	NT=Carbamidomethyl;AC=UNIMOD:4;TA=C;MT=Fixed	NT=Oxidation;AC=UNIMOD:21;TA=M;MT=Variable	not available	not available	NT=['DHSO', 'DSSO', 'DMTMM'];AC=['XLMOD:02226', 'XLMOD:02126', None];TA=['D,E', 'K,S,T,Y', None]	not available	not available	not available	not available	not available	20201119_QEHFX4_JLow_DMTMM2_M8_F9.raw	NT=ms-proteomics;VV=v1.1.0	NT=crosslinking;VV=v1.0.0	NT=human;VV=v1.1.0
PXD035844_20201119_QEHFX4_JLow_DMTMM2_C8_F4	Homo sapiens	cell fraction	not available	12	PXD035844_20201119_QEHFX4_JLow_DMTMM2_C8_F4_assay	proteomic profiling by mass spectrometry	data-dependent acquisition	NT=label free sample;AC=MS:1002038	4	1	not available	not available	NT=Carbamidomethyl;AC=UNIMOD:4;TA=C;MT=Fixed	NT=Oxidation;AC=UNIMOD:21;TA=M;MT=Variable	not available	not available	NT=['DHSO', 'DSSO', 'DMTMM'];AC=['XLMOD:02226', 'XLMOD:02126', None];TA=['D,E', 'K,S,T,Y', None]	not available	not available	not available	not available	not available	20201119_QEHFX4_JLow_DMTMM2_C8_F4.raw	NT=ms-proteomics;VV=v1.1.0	NT=crosslinking;VV=v1.0.0	NT=human;VV=v1.1.0
PXD035844_20201119_Fusion_JLow_DHSO3_N9_F9	Homo sapiens	cell fraction	not available	10	PXD035844_20201119_Fusion_JLow_DHSO3_N9_F9_assay	proteomic profiling by mass spectrometry	data-dependent acquisition	NT=label free sample;AC=MS:1002038	9	1	not available	not available	NT=Carbamidomethyl;AC=UNIMOD:4;TA=C;MT=Fixed	NT=Oxidation;AC=UNIMOD:21;TA=M;MT=Variable	not available	not available	NT=['DHSO', 'DSSO', 'DMTMM'];AC=['XLMOD:02226', 'XLMOD:02126', None];TA=['D,E', 'K,S,T,Y', None]	not available	not available	not available	not available	not available	20201119_Fusion_JLow_DHSO3_N9_F9.raw	NT=ms-proteomics;VV=v1.1.0	NT=crosslinking;VV=v1.0.0	NT=human;VV=v1.1.0
PXD035844_20181108_Fusion_JL_exp1_GPF5	NT=Homo sapiens;AC=NCBITaxon:9606	cell fraction	not available	137	PXD035844_20181108_Fusion_JL_exp1_GPF5_assay	proteomic profiling by mass spectrometry	data-dependent acquisition	NT=label free sample;AC=MS:1002038	1	1	not available	not available	NT=Carbamidomethyl;AC=UNIMOD:4;TA=C;MT=Fixed	NT=Oxidation;AC=UNIMOD:21;TA=M;MT=Variable	not available	not available	NT=['DHSO', 'DSSO', 'DMTMM'];AC=['XLMOD:02226', 'XLMOD:02126', None];TA=['D,E', 'K,S,T,Y', None]	not available	not available	not available	not available	not available	20181108_Fusion_JL_exp1_GPF5.raw	NT=ms-proteomics;VV=v1.1.0	NT=crosslinking;VV=v1.0.0	NT=human;VV=v1.1.0
PXD035844_20200529_Fusion_Jlow_XLMS_GPF1_1	NT=Homo sapiens;AC=NCBITaxon:9606	cell fraction	not available	138	PXD035844_20200529_Fusion_Jlow_XLMS_GPF1_1_assay	proteomic profiling by mass spectrometry	data-dependent acquisition	NT=label free sample;AC=MS:1002038	1	1	not available	not available	NT=Carbamidomethyl;AC=UNIMOD:4;TA=C;MT=Fixed	NT=Oxidation;AC=UNIMOD:21;TA=M;MT=Variable	not available	not available	NT=['DHSO', 'DSSO', 'DMTMM'];AC=['XLMOD:02226', 'XLMOD:02126', None];TA=['D,E', 'K,S,T,Y', None]	not available	not available	not available	not available	not available	20200529_Fusion_Jlow_XLMS_GPF1_1.raw	NT=ms-proteomics;VV=v1.1.0	NT=crosslinking;VV=v1.0.0	NT=human;VV=v1.1.0
PXD035844_20200529_Fusion_Jlow_XLMS_NPF2_1	NT=Homo sapiens;AC=NCBITaxon:9606	cell fraction	not available	139	PXD035844_20200529_Fusion_Jlow_XLMS_NPF2_1_assay	proteomic profiling by mass spectrometry	data-dependent acquisition	NT=label free sample;AC=MS:1002038	1	1	not available	not available	NT=Carbamidomethyl;AC=UNIMOD:4;TA=C;MT=Fixed	NT=Oxidation;AC=UNIMOD:21;TA=M;MT=Variable	not available	not available	NT=['DHSO', 'DSSO', 'DMTMM'];AC=['XLMOD:02226', 'XLMOD:02126', None];TA=['D,E', 'K,S,T,Y', None]	not available	not available	not available	not available	not available	20200529_Fusion_Jlow_XLMS_NPF2_1.raw	NT=ms-proteomics;VV=v1.1.0	NT=crosslinking;VV=v1.0.0	NT=human;VV=v1.1.0
PXD035844_20181108_Fusion_JL_exp1_NPF8	NT=Homo sapiens;AC=NCBITaxon:9606	cell fraction	not available	140	PXD035844_20181108_Fusion_JL_exp1_NPF8_assay	proteomic profiling by mass spectrometry	data-dependent acquisition	NT=label free sample;AC=MS:1002038	1	1	not available	not available	NT=Carbamidomethyl;AC=UNIMOD:4;TA=C;MT=Fixed	NT=Oxidation;AC=UNIMOD:21;TA=M;MT=Variable	not available	not available	NT=['DHSO', 'DSSO', 'DMTMM'];AC=['XLMOD:02226', 'XLMOD:02126', None];TA=['D,E', 'K,S,T,Y', None]	not available	not available	not available	not available	not available	20181108_Fusion_JL_exp1_NPF8.raw	NT=ms-proteomics;VV=v1.1.0	NT=crosslinking;VV=v1.0.0	NT=human;VV=v1.1.0
PXD035844_20200529_Fusion_Jlow_XLMS_CPF2_6	Homo sapiens	cell fraction	not available	141	PXD035844_20200529_Fusion_Jlow_XLMS_CPF2_6_assay	proteomic profiling by mass spectrometry	data-dependent acquisition	NT=label free sample;AC=MS:1002038	1	1	not available	not available	NT=Carbamidomethyl;AC=UNIMOD:4;TA=C;MT=Fixed	NT=Oxidation;AC=UNIMOD:21;TA=M;MT=Variable	not available	not available	NT=['DHSO', 'DSSO', 'DMTMM'];AC=['XLMOD:02226', 'XLMOD:02126', None];TA=['D,E', 'K,S,T,Y', None]	not available	not available	not available	not available	not available	20200529_Fusion_Jlow_XLMS_CPF2_6.raw	NT=ms-proteomics;VV=v1.1.0	NT=crosslinking;VV=v1.0.0	NT=human;VV=v1.1.0
PXD035844_20200529_Fusion_Jlow_XLMS_NPF1_8_reinject	NT=Homo sapiens;AC=NCBITaxon:9606	cell fraction	not available	142	PXD035844_20200529_Fusion_Jlow_XLMS_NPF1_8_reinject_assay	proteomic profiling by mass spectrometry	data-dependent acquisition	NT=label free sample;AC=MS:1002038	1	1	not available	not available	NT=Carbamidomethyl;AC=UNIMOD:4;TA=C;MT=Fixed	NT=Oxidation;AC=UNIMOD:21;TA=M;MT=Variable	not available	not available	NT=['DHSO', 'DSSO', 'DMTMM'];AC=['XLMOD:02226', 'XLMOD:02126', None];TA=['D,E', 'K,S,T,Y', None]	not available	not available	not available	not available	not available	20200529_Fusion_Jlow_XLMS_NPF1_8_reinject.raw	NT=ms-proteomics;VV=v1.1.0	NT=crosslinking;VV=v1.0.0	NT=human;VV=v1.1.0
PXD035844_20201113_Fusion_JLow_DHSO2_G8_F9	Homo sapiens	cell fraction	not available	11	PXD035844_20201113_Fusion_JLow_DHSO2_G8_F9_assay	proteomic profiling by mass spectrometry	data-dependent acquisition	NT=label free sample;AC=MS:1002038	9	1	not available	not available	NT=Carbamidomethyl;AC=UNIMOD:4;TA=C;MT=Fixed	NT=Oxidation;AC=UNIMOD:21;TA=M;MT=Variable	not available	not available	NT=['DHSO', 'DSSO', 'DMTMM'];AC=['XLMOD:02226', 'XLMOD:02126', None];TA=['D,E', 'K,S,T,Y', None]	not available	not available	not available	not available	not available	20201113_Fusion_JLow_DHSO2_G8_F9.raw	NT=ms-proteomics;VV=v1.1.0	NT=crosslinking;VV=v1.0.0	NT=human;VV=v1.1.0
PXD035844_20201119_Fusion_JLow_DHSO3_N9_F5	Homo sapiens	cell fraction	not available	12	PXD035844_20201119_Fusion_JLow_DHSO3_N9_F5_assay	proteomic profiling by mass spectrometry	data-dependent acquisition	NT=label free sample;AC=MS:1002038	5	1	not available	not available	NT=Carbamidomethyl;AC=UNIMOD:4;TA=C;MT=Fixed	NT=Oxidation;AC=UNIMOD:21;TA=M;MT=Variable	not available	not available	NT=['DHSO', 'DSSO', 'DMTMM'];AC=['XLMOD:02226', 'XLMOD:02126', None];TA=['D,E', 'K,S,T,Y', None]	not available	not available	not available	not available	not available	20201119_Fusion_JLow_DHSO3_N9_F5.raw	NT=ms-proteomics;VV=v1.1.0	NT=crosslinking;VV=v1.0.0	NT=human;VV=v1.1.0
PXD035844_20201119_Fusion_JLow_DHSO3_M9_F7	Homo sapiens	cell fraction	not available	12	PXD035844_20201119_Fusion_JLow_DHSO3_M9_F7_assay	proteomic profiling by mass spectrometry	data-dependent acquisition	NT=label free sample;AC=MS:1002038	7	1	not available	not available	NT=Carbamidomethyl;AC=UNIMOD:4;TA=C;MT=Fixed	NT=Oxidation;AC=UNIMOD:21;TA=M;MT=Variable	not available	not available	NT=['DHSO', 'DSSO', 'DMTMM'];AC=['XLMOD:02226', 'XLMOD:02126', None];TA=['D,E', 'K,S,T,Y', None]	not available	not available	not available	not available	not available	20201119_Fusion_JLow_DHSO3_M9_F7.raw	NT=ms-proteomics;VV=v1.1.0	NT=crosslinking;VV=v1.0.0	NT=human;VV=v1.1.0
PXD035844_20201127_QEHFX4_JLow_DMTMM_con_G9_F7	Homo sapiens	cell fraction	not available	13	PXD035844_20201127_QEHFX4_JLow_DMTMM_con_G9_F7_assay	proteomic profiling by mass spectrometry	data-dependent acquisition	NT=label free sample;AC=MS:1002038	7	1	not available	not available	NT=Carbamidomethyl;AC=UNIMOD:4;TA=C;MT=Fixed	NT=Oxidation;AC=UNIMOD:21;TA=M;MT=Variable	not available	not available	NT=['DHSO', 'DSSO', 'DMTMM'];AC=['XLMOD:02226', 'XLMOD:02126', None];TA=['D,E', 'K,S,T,Y', None]	not available	not available	not available	not available	not available	20201127_QEHFX4_JLow_DMTMM_con_G9_F7.raw	NT=ms-proteomics;VV=v1.1.0	NT=crosslinking;VV=v1.0.0	NT=human;VV=v1.1.0
PXD035844_20200529_Fusion_Jlow_XLMS_CPF1_1	Homo sapiens	cell fraction	not available	143	PXD035844_20200529_Fusion_Jlow_XLMS_CPF1_1_assay	proteomic profiling by mass spectrometry	data-dependent acquisition	NT=label free sample;AC=MS:1002038	1	1	not available	not available	NT=Carbamidomethyl;AC=UNIMOD:4;TA=C;MT=Fixed	NT=Oxidation;AC=UNIMOD:21;TA=M;MT=Variable	not available	not available	NT=['DHSO', 'DSSO', 'DMTMM'];AC=['XLMOD:02226', 'XLMOD:02126', None];TA=['D,E', 'K,S,T,Y', None]	not available	not available	not available	not available	not available	20200529_Fusion_Jlow_XLMS_CPF1_1.raw	NT=ms-proteomics;VV=v1.1.0	NT=crosslinking;VV=v1.0.0	NT=human;VV=v1.1.0
PXD035844_20200529_Fusion_Jlow_XLMS_NPF3_5	NT=Homo sapiens;AC=NCBITaxon:9606	cell fraction	not available	144	PXD035844_20200529_Fusion_Jlow_XLMS_NPF3_5_assay	proteomic profiling by mass spectrometry	data-dependent acquisition	NT=label free sample;AC=MS:1002038	1	1	not available	not available	NT=Carbamidomethyl;AC=UNIMOD:4;TA=C;MT=Fixed	NT=Oxidation;AC=UNIMOD:21;TA=M;MT=Variable	not available	not available	NT=['DHSO', 'DSSO', 'DMTMM'];AC=['XLMOD:02226', 'XLMOD:02126', None];TA=['D,E', 'K,S,T,Y', None]	not available	not available	not available	not available	not available	20200529_Fusion_Jlow_XLMS_NPF3_5.raw	NT=ms-proteomics;VV=v1.1.0	NT=crosslinking;VV=v1.0.0	NT=human;VV=v1.1.0
PXD035844_20181108_Fusion_JL_exp1_GPF10	NT=Homo sapiens;AC=NCBITaxon:9606	cell fraction	not available	145	PXD035844_20181108_Fusion_JL_exp1_GPF10_assay	proteomic profiling by mass spectrometry	data-dependent acquisition	NT=label free sample;AC=MS:1002038	1	1	not available	not available	NT=Carbamidomethyl;AC=UNIMOD:4;TA=C;MT=Fixed	NT=Oxidation;AC=UNIMOD:21;TA=M;MT=Variable	not available	not available	NT=['DHSO', 'DSSO', 'DMTMM'];AC=['XLMOD:02226', 'XLMOD:02126', None];TA=['D,E', 'K,S,T,Y', None]	not available	not available	not available	not available	not available	20181108_Fusion_JL_exp1_GPF10.raw	NT=ms-proteomics;VV=v1.1.0	NT=crosslinking;VV=v1.0.0	NT=human;VV=v1.1.0
PXD035844_20201113_Fusion_JLow_DHSO2_G8_F11	Homo sapiens	cell fraction	not available	12	PXD035844_20201113_Fusion_JLow_DHSO2_G8_F11_assay	proteomic profiling by mass spectrometry	data-dependent acquisition	NT=label free sample;AC=MS:1002038	11	1	not available	not available	NT=Carbamidomethyl;AC=UNIMOD:4;TA=C;MT=Fixed	NT=Oxidation;AC=UNIMOD:21;TA=M;MT=Variable	not available	not available	NT=['DHSO', 'DSSO', 'DMTMM'];AC=['XLMOD:02226', 'XLMOD:02126', None];TA=['D,E', 'K,S,T,Y', None]	not available	not available	not available	not available	not available	20201113_Fusion_JLow_DHSO2_G8_F11.raw	NT=ms-proteomics;VV=v1.1.0	NT=crosslinking;VV=v1.0.0	NT=human;VV=v1.1.0
PXD035844_20201119_Fusion_JLow_DHSO3_N9_F1_reinject2	Homo sapiens	cell fraction	not available	146	PXD035844_20201119_Fusion_JLow_DHSO3_N9_F1_reinject2_assay	proteomic profiling by mass spectrometry	data-dependent acquisition	NT=label free sample;AC=MS:1002038	1	1	not available	not available	NT=Carbamidomethyl;AC=UNIMOD:4;TA=C;MT=Fixed	NT=Oxidation;AC=UNIMOD:21;TA=M;MT=Variable	not available	not available	NT=['DHSO', 'DSSO', 'DMTMM'];AC=['XLMOD:02226', 'XLMOD:02126', None];TA=['D,E', 'K,S,T,Y', None]	not available	not available	not available	not available	not available	20201119_Fusion_JLow_DHSO3_N9_F1_reinject2.raw	NT=ms-proteomics;VV=v1.1.0	NT=crosslinking;VV=v1.0.0	NT=human;VV=v1.1.0
PXD035844_20201127_QEHFX4_JLow_DMTMM_con_M9_F2	Homo sapiens	cell fraction	not available	14	PXD035844_20201127_QEHFX4_JLow_DMTMM_con_M9_F2_assay	proteomic profiling by mass spectrometry	data-dependent acquisition	NT=label free sample;AC=MS:1002038	2	1	not available	not available	NT=Carbamidomethyl;AC=UNIMOD:4;TA=C;MT=Fixed	NT=Oxidation;AC=UNIMOD:21;TA=M;MT=Variable	not available	not available	NT=['DHSO', 'DSSO', 'DMTMM'];AC=['XLMOD:02226', 'XLMOD:02126', None];TA=['D,E', 'K,S,T,Y', None]	not available	not available	not available	not available	not available	20201127_QEHFX4_JLow_DMTMM_con_M9_F2.raw	NT=ms-proteomics;VV=v1.1.0	NT=crosslinking;VV=v1.0.0	NT=human;VV=v1.1.0
PXD035844_20200529_Fusion_Jlow_XLMS_NPF2_9	NT=Homo sapiens;AC=NCBITaxon:9606	cell fraction	not available	147	PXD035844_20200529_Fusion_Jlow_XLMS_NPF2_9_assay	proteomic profiling by mass spectrometry	data-dependent acquisition	NT=label free sample;AC=MS:1002038	1	1	not available	not available	NT=Carbamidomethyl;AC=UNIMOD:4;TA=C;MT=Fixed	NT=Oxidation;AC=UNIMOD:21;TA=M;MT=Variable	not available	not available	NT=['DHSO', 'DSSO', 'DMTMM'];AC=['XLMOD:02226', 'XLMOD:02126', None];TA=['D,E', 'K,S,T,Y', None]	not available	not available	not available	not available	not available	20200529_Fusion_Jlow_XLMS_NPF2_9.raw	NT=ms-proteomics;VV=v1.1.0	NT=crosslinking;VV=v1.0.0	NT=human;VV=v1.1.0
PXD035844_20200529_Fusion_Jlow_XLMS_GPF1_5	NT=Homo sapiens;AC=NCBITaxon:9606	cell fraction	not available	148	PXD035844_20200529_Fusion_Jlow_XLMS_GPF1_5_assay	proteomic profiling by mass spectrometry	data-dependent acquisition	NT=label free sample;AC=MS:1002038	1	1	not available	not available	NT=Carbamidomethyl;AC=UNIMOD:4;TA=C;MT=Fixed	NT=Oxidation;AC=UNIMOD:21;TA=M;MT=Variable	not available	not available	NT=['DHSO', 'DSSO', 'DMTMM'];AC=['XLMOD:02226', 'XLMOD:02126', None];TA=['D,E', 'K,S,T,Y', None]	not available	not available	not available	not available	not available	20200529_Fusion_Jlow_XLMS_GPF1_5.raw	NT=ms-proteomics;VV=v1.1.0	NT=crosslinking;VV=v1.0.0	NT=human;VV=v1.1.0
PXD035844_20201119_Fusion_JLow_DHSO3_C9_postsec	Homo sapiens	cell fraction	not available	149	PXD035844_20201119_Fusion_JLow_DHSO3_C9_postsec_assay	proteomic profiling by mass spectrometry	data-dependent acquisition	NT=label free sample;AC=MS:1002038	1	1	not available	not available	NT=Carbamidomethyl;AC=UNIMOD:4;TA=C;MT=Fixed	NT=Oxidation;AC=UNIMOD:21;TA=M;MT=Variable	not available	not available	NT=['DHSO', 'DSSO', 'DMTMM'];AC=['XLMOD:02226', 'XLMOD:02126', None];TA=['D,E', 'K,S,T,Y', None]	not available	not available	not available	not available	not available	20201119_Fusion_JLow_DHSO3_C9_postsec.raw	NT=ms-proteomics;VV=v1.1.0	NT=crosslinking;VV=v1.0.0	NT=human;VV=v1.1.0
PXD035844_20201119_Fusion_JLow_DHSO3_C9_F8	Homo sapiens	cell fraction	not available	10	PXD035844_20201119_Fusion_JLow_DHSO3_C9_F8_assay	proteomic profiling by mass spectrometry	data-dependent acquisition	NT=label free sample;AC=MS:1002038	8	1	not available	not available	NT=Carbamidomethyl;AC=UNIMOD:4;TA=C;MT=Fixed	NT=Oxidation;AC=UNIMOD:21;TA=M;MT=Variable	not available	not available	NT=['DHSO', 'DSSO', 'DMTMM'];AC=['XLMOD:02226', 'XLMOD:02126', None];TA=['D,E', 'K,S,T,Y', None]	not available	not available	not available	not available	not available	20201119_Fusion_JLow_DHSO3_C9_F8.raw	NT=ms-proteomics;VV=v1.1.0	NT=crosslinking;VV=v1.0.0	NT=human;VV=v1.1.0
PXD035844_20201119_QEHFX4_JLow_DMTMM2_C8_F9	Homo sapiens	cell fraction	not available	12	PXD035844_20201119_QEHFX4_JLow_DMTMM2_C8_F9_assay	proteomic profiling by mass spectrometry	data-dependent acquisition	NT=label free sample;AC=MS:1002038	9	1	not available	not available	NT=Carbamidomethyl;AC=UNIMOD:4;TA=C;MT=Fixed	NT=Oxidation;AC=UNIMOD:21;TA=M;MT=Variable	not available	not available	NT=['DHSO', 'DSSO', 'DMTMM'];AC=['XLMOD:02226', 'XLMOD:02126', None];TA=['D,E', 'K,S,T,Y', None]	not available	not available	not available	not available	not available	20201119_QEHFX4_JLow_DMTMM2_C8_F9.raw	NT=ms-proteomics;VV=v1.1.0	NT=crosslinking;VV=v1.0.0	NT=human;VV=v1.1.0
PXD035844_20200529_Fusion_Jlow_XLMS_CPF3_9	Homo sapiens	cell fraction	not available	150	PXD035844_20200529_Fusion_Jlow_XLMS_CPF3_9_assay	proteomic profiling by mass spectrometry	data-dependent acquisition	NT=label free sample;AC=MS:1002038	1	1	not available	not available	NT=Carbamidomethyl;AC=UNIMOD:4;TA=C;MT=Fixed	NT=Oxidation;AC=UNIMOD:21;TA=M;MT=Variable	not available	not available	NT=['DHSO', 'DSSO', 'DMTMM'];AC=['XLMOD:02226', 'XLMOD:02126', None];TA=['D,E', 'K,S,T,Y', None]	not available	not available	not available	not available	not available	20200529_Fusion_Jlow_XLMS_CPF3_9.raw	NT=ms-proteomics;VV=v1.1.0	NT=crosslinking;VV=v1.0.0	NT=human;VV=v1.1.0
PXD035844_20201119_Fusion_JLow_DHSO3_N9_F7	Homo sapiens	cell fraction	not available	14	PXD035844_20201119_Fusion_JLow_DHSO3_N9_F7_assay	proteomic profiling by mass spectrometry	data-dependent acquisition	NT=label free sample;AC=MS:1002038	7	1	not available	not available	NT=Carbamidomethyl;AC=UNIMOD:4;TA=C;MT=Fixed	NT=Oxidation;AC=UNIMOD:21;TA=M;MT=Variable	not available	not available	NT=['DHSO', 'DSSO', 'DMTMM'];AC=['XLMOD:02226', 'XLMOD:02126', None];TA=['D,E', 'K,S,T,Y', None]	not available	not available	not available	not available	not available	20201119_Fusion_JLow_DHSO3_N9_F7.raw	NT=ms-proteomics;VV=v1.1.0	NT=crosslinking;VV=v1.0.0	NT=human;VV=v1.1.0
PXD035844_20201119_Fusion_JLow_DHSO3_N9_F12	Homo sapiens	cell fraction	not available	12	PXD035844_20201119_Fusion_JLow_DHSO3_N9_F12_assay	proteomic profiling by mass spectrometry	data-dependent acquisition	NT=label free sample;AC=MS:1002038	12	1	not available	not available	NT=Carbamidomethyl;AC=UNIMOD:4;TA=C;MT=Fixed	NT=Oxidation;AC=UNIMOD:21;TA=M;MT=Variable	not available	not available	NT=['DHSO', 'DSSO', 'DMTMM'];AC=['XLMOD:02226', 'XLMOD:02126', None];TA=['D,E', 'K,S,T,Y', None]	not available	not available	not available	not available	not available	20201119_Fusion_JLow_DHSO3_N9_F12.raw	NT=ms-proteomics;VV=v1.1.0	NT=crosslinking;VV=v1.0.0	NT=human;VV=v1.1.0
PXD035844_20201119_QEHFX4_JLow_DMTMM2_N8_F5	Homo sapiens	cell fraction	not available	13	PXD035844_20201119_QEHFX4_JLow_DMTMM2_N8_F5_assay	proteomic profiling by mass spectrometry	data-dependent acquisition	NT=label free sample;AC=MS:1002038	5	1	not available	not available	NT=Carbamidomethyl;AC=UNIMOD:4;TA=C;MT=Fixed	NT=Oxidation;AC=UNIMOD:21;TA=M;MT=Variable	not available	not available	NT=['DHSO', 'DSSO', 'DMTMM'];AC=['XLMOD:02226', 'XLMOD:02126', None];TA=['D,E', 'K,S,T,Y', None]	not available	not available	not available	not available	not available	20201119_QEHFX4_JLow_DMTMM2_N8_F5.raw	NT=ms-proteomics;VV=v1.1.0	NT=crosslinking;VV=v1.0.0	NT=human;VV=v1.1.0
PXD035844_20200529_Fusion_Jlow_XLMS_CPF1_7	Homo sapiens	cell fraction	not available	151	PXD035844_20200529_Fusion_Jlow_XLMS_CPF1_7_assay	proteomic profiling by mass spectrometry	data-dependent acquisition	NT=label free sample;AC=MS:1002038	1	1	not available	not available	NT=Carbamidomethyl;AC=UNIMOD:4;TA=C;MT=Fixed	NT=Oxidation;AC=UNIMOD:21;TA=M;MT=Variable	not available	not available	NT=['DHSO', 'DSSO', 'DMTMM'];AC=['XLMOD:02226', 'XLMOD:02126', None];TA=['D,E', 'K,S,T,Y', None]	not available	not available	not available	not available	not available	20200529_Fusion_Jlow_XLMS_CPF1_7.raw	NT=ms-proteomics;VV=v1.1.0	NT=crosslinking;VV=v1.0.0	NT=human;VV=v1.1.0
PXD035844_20201127_QEHFX4_JLow_DMTMM_con_C9_F7	Homo sapiens	cell fraction	not available	15	PXD035844_20201127_QEHFX4_JLow_DMTMM_con_C9_F7_assay	proteomic profiling by mass spectrometry	data-dependent acquisition	NT=label free sample;AC=MS:1002038	7	1	not available	not available	NT=Carbamidomethyl;AC=UNIMOD:4;TA=C;MT=Fixed	NT=Oxidation;AC=UNIMOD:21;TA=M;MT=Variable	not available	not available	NT=['DHSO', 'DSSO', 'DMTMM'];AC=['XLMOD:02226', 'XLMOD:02126', None];TA=['D,E', 'K,S,T,Y', None]	not available	not available	not available	not available	not available	20201127_QEHFX4_JLow_DMTMM_con_C9_F7.raw	NT=ms-proteomics;VV=v1.1.0	NT=crosslinking;VV=v1.0.0	NT=human;VV=v1.1.0
PXD035844_20201127_QEHFX4_JLow_DMTMM_con_N9_F12	Homo sapiens	cell fraction	not available	13	PXD035844_20201127_QEHFX4_JLow_DMTMM_con_N9_F12_assay	proteomic profiling by mass spectrometry	data-dependent acquisition	NT=label free sample;AC=MS:1002038	12	1	not available	not available	NT=Carbamidomethyl;AC=UNIMOD:4;TA=C;MT=Fixed	NT=Oxidation;AC=UNIMOD:21;TA=M;MT=Variable	not available	not available	NT=['DHSO', 'DSSO', 'DMTMM'];AC=['XLMOD:02226', 'XLMOD:02126', None];TA=['D,E', 'K,S,T,Y', None]	not available	not available	not available	not available	not available	20201127_QEHFX4_JLow_DMTMM_con_N9_F12.raw	NT=ms-proteomics;VV=v1.1.0	NT=crosslinking;VV=v1.0.0	NT=human;VV=v1.1.0
PXD035844_20201119_Fusion_JLow_DHSO2_M8_F3	Homo sapiens	cell fraction	not available	13	PXD035844_20201119_Fusion_JLow_DHSO2_M8_F3_assay	proteomic profiling by mass spectrometry	data-dependent acquisition	NT=label free sample;AC=MS:1002038	3	1	not available	not available	NT=Carbamidomethyl;AC=UNIMOD:4;TA=C;MT=Fixed	NT=Oxidation;AC=UNIMOD:21;TA=M;MT=Variable	not available	not available	NT=['DHSO', 'DSSO', 'DMTMM'];AC=['XLMOD:02226', 'XLMOD:02126', None];TA=['D,E', 'K,S,T,Y', None]	not available	not available	not available	not available	not available	20201119_Fusion_JLow_DHSO2_M8_F3.raw	NT=ms-proteomics;VV=v1.1.0	NT=crosslinking;VV=v1.0.0	NT=human;VV=v1.1.0
PXD035844_20181108_Fusion_JL_exp1_CPF15	Homo sapiens	cell fraction	not available	152	PXD035844_20181108_Fusion_JL_exp1_CPF15_assay	proteomic profiling by mass spectrometry	data-dependent acquisition	NT=label free sample;AC=MS:1002038	1	1	not available	not available	NT=Carbamidomethyl;AC=UNIMOD:4;TA=C;MT=Fixed	NT=Oxidation;AC=UNIMOD:21;TA=M;MT=Variable	not available	not available	NT=['DHSO', 'DSSO', 'DMTMM'];AC=['XLMOD:02226', 'XLMOD:02126', None];TA=['D,E', 'K,S,T,Y', None]	not available	not available	not available	not available	not available	20181108_Fusion_JL_exp1_CPF15.raw	NT=ms-proteomics;VV=v1.1.0	NT=crosslinking;VV=v1.0.0	NT=human;VV=v1.1.0
PXD035844_20200529_Fusion_Jlow_XLMS_GPF3_7	NT=Homo sapiens;AC=NCBITaxon:9606	cell fraction	not available	153	PXD035844_20200529_Fusion_Jlow_XLMS_GPF3_7_assay	proteomic profiling by mass spectrometry	data-dependent acquisition	NT=label free sample;AC=MS:1002038	1	1	not available	not available	NT=Carbamidomethyl;AC=UNIMOD:4;TA=C;MT=Fixed	NT=Oxidation;AC=UNIMOD:21;TA=M;MT=Variable	not available	not available	NT=['DHSO', 'DSSO', 'DMTMM'];AC=['XLMOD:02226', 'XLMOD:02126', None];TA=['D,E', 'K,S,T,Y', None]	not available	not available	not available	not available	not available	20200529_Fusion_Jlow_XLMS_GPF3_7.raw	NT=ms-proteomics;VV=v1.1.0	NT=crosslinking;VV=v1.0.0	NT=human;VV=v1.1.0
PXD035844_20201119_Fusion_JLow_DHSO3_G9_F4	Homo sapiens	cell fraction	not available	13	PXD035844_20201119_Fusion_JLow_DHSO3_G9_F4_assay	proteomic profiling by mass spectrometry	data-dependent acquisition	NT=label free sample;AC=MS:1002038	4	1	not available	not available	NT=Carbamidomethyl;AC=UNIMOD:4;TA=C;MT=Fixed	NT=Oxidation;AC=UNIMOD:21;TA=M;MT=Variable	not available	not available	NT=['DHSO', 'DSSO', 'DMTMM'];AC=['XLMOD:02226', 'XLMOD:02126', None];TA=['D,E', 'K,S,T,Y', None]	not available	not available	not available	not available	not available	20201119_Fusion_JLow_DHSO3_G9_F4.raw	NT=ms-proteomics;VV=v1.1.0	NT=crosslinking;VV=v1.0.0	NT=human;VV=v1.1.0
PXD035844_20200529_Fusion_Jlow_XLMS_GPF3_2	NT=Homo sapiens;AC=NCBITaxon:9606	cell fraction	not available	154	PXD035844_20200529_Fusion_Jlow_XLMS_GPF3_2_assay	proteomic profiling by mass spectrometry	data-dependent acquisition	NT=label free sample;AC=MS:1002038	1	1	not available	not available	NT=Carbamidomethyl;AC=UNIMOD:4;TA=C;MT=Fixed	NT=Oxidation;AC=UNIMOD:21;TA=M;MT=Variable	not available	not available	NT=['DHSO', 'DSSO', 'DMTMM'];AC=['XLMOD:02226', 'XLMOD:02126', None];TA=['D,E', 'K,S,T,Y', None]	not available	not available	not available	not available	not available	20200529_Fusion_Jlow_XLMS_GPF3_2.raw	NT=ms-proteomics;VV=v1.1.0	NT=crosslinking;VV=v1.0.0	NT=human;VV=v1.1.0
PXD035844_20201119_Fusion_JLow_DHSO2_M8_F9	Homo sapiens	cell fraction	not available	13	PXD035844_20201119_Fusion_JLow_DHSO2_M8_F9_assay	proteomic profiling by mass spectrometry	data-dependent acquisition	NT=label free sample;AC=MS:1002038	9	1	not available	not available	NT=Carbamidomethyl;AC=UNIMOD:4;TA=C;MT=Fixed	NT=Oxidation;AC=UNIMOD:21;TA=M;MT=Variable	not available	not available	NT=['DHSO', 'DSSO', 'DMTMM'];AC=['XLMOD:02226', 'XLMOD:02126', None];TA=['D,E', 'K,S,T,Y', None]	not available	not available	not available	not available	not available	20201119_Fusion_JLow_DHSO2_M8_F9.raw	NT=ms-proteomics;VV=v1.1.0	NT=crosslinking;VV=v1.0.0	NT=human;VV=v1.1.0
PXD035844_20200529_Fusion_Jlow_XLMS_CPF1_5	Homo sapiens	cell fraction	not available	155	PXD035844_20200529_Fusion_Jlow_XLMS_CPF1_5_assay	proteomic profiling by mass spectrometry	data-dependent acquisition	NT=label free sample;AC=MS:1002038	1	1	not available	not available	NT=Carbamidomethyl;AC=UNIMOD:4;TA=C;MT=Fixed	NT=Oxidation;AC=UNIMOD:21;TA=M;MT=Variable	not available	not available	NT=['DHSO', 'DSSO', 'DMTMM'];AC=['XLMOD:02226', 'XLMOD:02126', None];TA=['D,E', 'K,S,T,Y', None]	not available	not available	not available	not available	not available	20200529_Fusion_Jlow_XLMS_CPF1_5.raw	NT=ms-proteomics;VV=v1.1.0	NT=crosslinking;VV=v1.0.0	NT=human;VV=v1.1.0
PXD035844_20201119_Fusion_JLow_DHSO3_G9_F8	Homo sapiens	cell fraction	not available	11	PXD035844_20201119_Fusion_JLow_DHSO3_G9_F8_assay	proteomic profiling by mass spectrometry	data-dependent acquisition	NT=label free sample;AC=MS:1002038	8	1	not available	not available	NT=Carbamidomethyl;AC=UNIMOD:4;TA=C;MT=Fixed	NT=Oxidation;AC=UNIMOD:21;TA=M;MT=Variable	not available	not available	NT=['DHSO', 'DSSO', 'DMTMM'];AC=['XLMOD:02226', 'XLMOD:02126', None];TA=['D,E', 'K,S,T,Y', None]	not available	not available	not available	not available	not available	20201119_Fusion_JLow_DHSO3_G9_F8.raw	NT=ms-proteomics;VV=v1.1.0	NT=crosslinking;VV=v1.0.0	NT=human;VV=v1.1.0
PXD035844_20200529_Fusion_Jlow_XLMS_CPF1_10	Homo sapiens	cell fraction	not available	156	PXD035844_20200529_Fusion_Jlow_XLMS_CPF1_10_assay	proteomic profiling by mass spectrometry	data-dependent acquisition	NT=label free sample;AC=MS:1002038	1	1	not available	not available	NT=Carbamidomethyl;AC=UNIMOD:4;TA=C;MT=Fixed	NT=Oxidation;AC=UNIMOD:21;TA=M;MT=Variable	not available	not available	NT=['DHSO', 'DSSO', 'DMTMM'];AC=['XLMOD:02226', 'XLMOD:02126', None];TA=['D,E', 'K,S,T,Y', None]	not available	not available	not available	not available	not available	20200529_Fusion_Jlow_XLMS_CPF1_10.raw	NT=ms-proteomics;VV=v1.1.0	NT=crosslinking;VV=v1.0.0	NT=human;VV=v1.1.0
PXD035844_20201127_QEHFX4_JLow_DMTMM_con_G9_F5	Homo sapiens	cell fraction	not available	14	PXD035844_20201127_QEHFX4_JLow_DMTMM_con_G9_F5_assay	proteomic profiling by mass spectrometry	data-dependent acquisition	NT=label free sample;AC=MS:1002038	5	1	not available	not available	NT=Carbamidomethyl;AC=UNIMOD:4;TA=C;MT=Fixed	NT=Oxidation;AC=UNIMOD:21;TA=M;MT=Variable	not available	not available	NT=['DHSO', 'DSSO', 'DMTMM'];AC=['XLMOD:02226', 'XLMOD:02126', None];TA=['D,E', 'K,S,T,Y', None]	not available	not available	not available	not available	not available	20201127_QEHFX4_JLow_DMTMM_con_G9_F5.raw	NT=ms-proteomics;VV=v1.1.0	NT=crosslinking;VV=v1.0.0	NT=human;VV=v1.1.0
PXD035844_20200529_Fusion_Jlow_XLMS_NPF1_2	NT=Homo sapiens;AC=NCBITaxon:9606	cell fraction	not available	157	PXD035844_20200529_Fusion_Jlow_XLMS_NPF1_2_assay	proteomic profiling by mass spectrometry	data-dependent acquisition	NT=label free sample;AC=MS:1002038	1	1	not available	not available	NT=Carbamidomethyl;AC=UNIMOD:4;TA=C;MT=Fixed	NT=Oxidation;AC=UNIMOD:21;TA=M;MT=Variable	not available	not available	NT=['DHSO', 'DSSO', 'DMTMM'];AC=['XLMOD:02226', 'XLMOD:02126', None];TA=['D,E', 'K,S,T,Y', None]	not available	not available	not available	not available	not available	20200529_Fusion_Jlow_XLMS_NPF1_2.raw	NT=ms-proteomics;VV=v1.1.0	NT=crosslinking;VV=v1.0.0	NT=human;VV=v1.1.0
PXD035844_20200529_Fusion_Jlow_XLMS_NPF1_7_reinject	NT=Homo sapiens;AC=NCBITaxon:9606	cell fraction	not available	158	PXD035844_20200529_Fusion_Jlow_XLMS_NPF1_7_reinject_assay	proteomic profiling by mass spectrometry	data-dependent acquisition	NT=label free sample;AC=MS:1002038	1	1	not available	not available	NT=Carbamidomethyl;AC=UNIMOD:4;TA=C;MT=Fixed	NT=Oxidation;AC=UNIMOD:21;TA=M;MT=Variable	not available	not available	NT=['DHSO', 'DSSO', 'DMTMM'];AC=['XLMOD:02226', 'XLMOD:02126', None];TA=['D,E', 'K,S,T,Y', None]	not available	not available	not available	not available	not available	20200529_Fusion_Jlow_XLMS_NPF1_7_reinject.raw	NT=ms-proteomics;VV=v1.1.0	NT=crosslinking;VV=v1.0.0	NT=human;VV=v1.1.0
PXD035844_20181108_Fusion_JL_exp1_MPF2	NT=Homo sapiens;AC=NCBITaxon:9606	cell fraction	not available	159	PXD035844_20181108_Fusion_JL_exp1_MPF2_assay	proteomic profiling by mass spectrometry	data-dependent acquisition	NT=label free sample;AC=MS:1002038	1	1	not available	not available	NT=Carbamidomethyl;AC=UNIMOD:4;TA=C;MT=Fixed	NT=Oxidation;AC=UNIMOD:21;TA=M;MT=Variable	not available	not available	NT=['DHSO', 'DSSO', 'DMTMM'];AC=['XLMOD:02226', 'XLMOD:02126', None];TA=['D,E', 'K,S,T,Y', None]	not available	not available	not available	not available	not available	20181108_Fusion_JL_exp1_MPF2.raw	NT=ms-proteomics;VV=v1.1.0	NT=crosslinking;VV=v1.0.0	NT=human;VV=v1.1.0
PXD035844_20200529_Fusion_Jlow_XLMS_CPF2_8	Homo sapiens	cell fraction	not available	160	PXD035844_20200529_Fusion_Jlow_XLMS_CPF2_8_assay	proteomic profiling by mass spectrometry	data-dependent acquisition	NT=label free sample;AC=MS:1002038	1	1	not available	not available	NT=Carbamidomethyl;AC=UNIMOD:4;TA=C;MT=Fixed	NT=Oxidation;AC=UNIMOD:21;TA=M;MT=Variable	not available	not available	NT=['DHSO', 'DSSO', 'DMTMM'];AC=['XLMOD:02226', 'XLMOD:02126', None];TA=['D,E', 'K,S,T,Y', None]	not available	not available	not available	not available	not available	20200529_Fusion_Jlow_XLMS_CPF2_8.raw	NT=ms-proteomics;VV=v1.1.0	NT=crosslinking;VV=v1.0.0	NT=human;VV=v1.1.0
PXD035844_20201119_Fusion_JLow_DHSO3_M9_F6	Homo sapiens	cell fraction	not available	11	PXD035844_20201119_Fusion_JLow_DHSO3_M9_F6_assay	proteomic profiling by mass spectrometry	data-dependent acquisition	NT=label free sample;AC=MS:1002038	6	1	not available	not available	NT=Carbamidomethyl;AC=UNIMOD:4;TA=C;MT=Fixed	NT=Oxidation;AC=UNIMOD:21;TA=M;MT=Variable	not available	not available	NT=['DHSO', 'DSSO', 'DMTMM'];AC=['XLMOD:02226', 'XLMOD:02126', None];TA=['D,E', 'K,S,T,Y', None]	not available	not available	not available	not available	not available	20201119_Fusion_JLow_DHSO3_M9_F6.raw	NT=ms-proteomics;VV=v1.1.0	NT=crosslinking;VV=v1.0.0	NT=human;VV=v1.1.0
PXD035844_20201127_QEHFX4_JLow_DMTMM_con_M9_F6	Homo sapiens	cell fraction	not available	12	PXD035844_20201127_QEHFX4_JLow_DMTMM_con_M9_F6_assay	proteomic profiling by mass spectrometry	data-dependent acquisition	NT=label free sample;AC=MS:1002038	6	1	not available	not available	NT=Carbamidomethyl;AC=UNIMOD:4;TA=C;MT=Fixed	NT=Oxidation;AC=UNIMOD:21;TA=M;MT=Variable	not available	not available	NT=['DHSO', 'DSSO', 'DMTMM'];AC=['XLMOD:02226', 'XLMOD:02126', None];TA=['D,E', 'K,S,T,Y', None]	not available	not available	not available	not available	not available	20201127_QEHFX4_JLow_DMTMM_con_M9_F6.raw	NT=ms-proteomics;VV=v1.1.0	NT=crosslinking;VV=v1.0.0	NT=human;VV=v1.1.0
PXD035844_20201119_Fusion_JLow_DHSO3_M9_F10	Homo sapiens	cell fraction	not available	14	PXD035844_20201119_Fusion_JLow_DHSO3_M9_F10_assay	proteomic profiling by mass spectrometry	data-dependent acquisition	NT=label free sample;AC=MS:1002038	10	1	not available	not available	NT=Carbamidomethyl;AC=UNIMOD:4;TA=C;MT=Fixed	NT=Oxidation;AC=UNIMOD:21;TA=M;MT=Variable	not available	not available	NT=['DHSO', 'DSSO', 'DMTMM'];AC=['XLMOD:02226', 'XLMOD:02126', None];TA=['D,E', 'K,S,T,Y', None]	not available	not available	not available	not available	not available	20201119_Fusion_JLow_DHSO3_M9_F10.raw	NT=ms-proteomics;VV=v1.1.0	NT=crosslinking;VV=v1.0.0	NT=human;VV=v1.1.0
PXD035844_20200529_Fusion_Jlow_XLMS_MPF3_6	NT=Homo sapiens;AC=NCBITaxon:9606	cell fraction	not available	161	PXD035844_20200529_Fusion_Jlow_XLMS_MPF3_6_assay	proteomic profiling by mass spectrometry	data-dependent acquisition	NT=label free sample;AC=MS:1002038	1	1	not available	not available	NT=Carbamidomethyl;AC=UNIMOD:4;TA=C;MT=Fixed	NT=Oxidation;AC=UNIMOD:21;TA=M;MT=Variable	not available	not available	NT=['DHSO', 'DSSO', 'DMTMM'];AC=['XLMOD:02226', 'XLMOD:02126', None];TA=['D,E', 'K,S,T,Y', None]	not available	not available	not available	not available	not available	20200529_Fusion_Jlow_XLMS_MPF3_6.raw	NT=ms-proteomics;VV=v1.1.0	NT=crosslinking;VV=v1.0.0	NT=human;VV=v1.1.0
PXD035844_20201113_Fusion_JLow_DHSO2_C8_F3	Homo sapiens	cell fraction	not available	14	PXD035844_20201113_Fusion_JLow_DHSO2_C8_F3_assay	proteomic profiling by mass spectrometry	data-dependent acquisition	NT=label free sample;AC=MS:1002038	3	1	not available	not available	NT=Carbamidomethyl;AC=UNIMOD:4;TA=C;MT=Fixed	NT=Oxidation;AC=UNIMOD:21;TA=M;MT=Variable	not available	not available	NT=['DHSO', 'DSSO', 'DMTMM'];AC=['XLMOD:02226', 'XLMOD:02126', None];TA=['D,E', 'K,S,T,Y', None]	not available	not available	not available	not available	not available	20201113_Fusion_JLow_DHSO2_C8_F3.raw	NT=ms-proteomics;VV=v1.1.0	NT=crosslinking;VV=v1.0.0	NT=human;VV=v1.1.0
PXD035844_20200529_Fusion_Jlow_XLMS_NPF2_4	NT=Homo sapiens;AC=NCBITaxon:9606	cell fraction	not available	162	PXD035844_20200529_Fusion_Jlow_XLMS_NPF2_4_assay	proteomic profiling by mass spectrometry	data-dependent acquisition	NT=label free sample;AC=MS:1002038	1	1	not available	not available	NT=Carbamidomethyl;AC=UNIMOD:4;TA=C;MT=Fixed	NT=Oxidation;AC=UNIMOD:21;TA=M;MT=Variable	not available	not available	NT=['DHSO', 'DSSO', 'DMTMM'];AC=['XLMOD:02226', 'XLMOD:02126', None];TA=['D,E', 'K,S,T,Y', None]	not available	not available	not available	not available	not available	20200529_Fusion_Jlow_XLMS_NPF2_4.raw	NT=ms-proteomics;VV=v1.1.0	NT=crosslinking;VV=v1.0.0	NT=human;VV=v1.1.0
PXD035844_20201119_Fusion_JLow_DHSO3_C9_F8_reinject_c	Homo sapiens	cell fraction	not available	12	PXD035844_20201119_Fusion_JLow_DHSO3_C9_F8_reinject_c_assay	proteomic profiling by mass spectrometry	data-dependent acquisition	NT=label free sample;AC=MS:1002038	8	1	not available	not available	NT=Carbamidomethyl;AC=UNIMOD:4;TA=C;MT=Fixed	NT=Oxidation;AC=UNIMOD:21;TA=M;MT=Variable	not available	not available	NT=['DHSO', 'DSSO', 'DMTMM'];AC=['XLMOD:02226', 'XLMOD:02126', None];TA=['D,E', 'K,S,T,Y', None]	not available	not available	not available	not available	not available	20201119_Fusion_JLow_DHSO3_C9_F8_reinject_c.raw	NT=ms-proteomics;VV=v1.1.0	NT=crosslinking;VV=v1.0.0	NT=human;VV=v1.1.0
PXD035844_20200529_Fusion_Jlow_XLMS_NPF2_5	NT=Homo sapiens;AC=NCBITaxon:9606	cell fraction	not available	163	PXD035844_20200529_Fusion_Jlow_XLMS_NPF2_5_assay	proteomic profiling by mass spectrometry	data-dependent acquisition	NT=label free sample;AC=MS:1002038	1	1	not available	not available	NT=Carbamidomethyl;AC=UNIMOD:4;TA=C;MT=Fixed	NT=Oxidation;AC=UNIMOD:21;TA=M;MT=Variable	not available	not available	NT=['DHSO', 'DSSO', 'DMTMM'];AC=['XLMOD:02226', 'XLMOD:02126', None];TA=['D,E', 'K,S,T,Y', None]	not available	not available	not available	not available	not available	20200529_Fusion_Jlow_XLMS_NPF2_5.raw	NT=ms-proteomics;VV=v1.1.0	NT=crosslinking;VV=v1.0.0	NT=human;VV=v1.1.0
PXD035844_20181108_Fusion_JL_exp1_NPF2	NT=Homo sapiens;AC=NCBITaxon:9606	cell fraction	not available	164	PXD035844_20181108_Fusion_JL_exp1_NPF2_assay	proteomic profiling by mass spectrometry	data-dependent acquisition	NT=label free sample;AC=MS:1002038	1	1	not available	not available	NT=Carbamidomethyl;AC=UNIMOD:4;TA=C;MT=Fixed	NT=Oxidation;AC=UNIMOD:21;TA=M;MT=Variable	not available	not available	NT=['DHSO', 'DSSO', 'DMTMM'];AC=['XLMOD:02226', 'XLMOD:02126', None];TA=['D,E', 'K,S,T,Y', None]	not available	not available	not available	not available	not available	20181108_Fusion_JL_exp1_NPF2.raw	NT=ms-proteomics;VV=v1.1.0	NT=crosslinking;VV=v1.0.0	NT=human;VV=v1.1.0
PXD035844_20201119_Fusion_JLow_DHSO2_N8_F2	Homo sapiens	cell fraction	not available	15	PXD035844_20201119_Fusion_JLow_DHSO2_N8_F2_assay	proteomic profiling by mass spectrometry	data-dependent acquisition	NT=label free sample;AC=MS:1002038	2	1	not available	not available	NT=Carbamidomethyl;AC=UNIMOD:4;TA=C;MT=Fixed	NT=Oxidation;AC=UNIMOD:21;TA=M;MT=Variable	not available	not available	NT=['DHSO', 'DSSO', 'DMTMM'];AC=['XLMOD:02226', 'XLMOD:02126', None];TA=['D,E', 'K,S,T,Y', None]	not available	not available	not available	not available	not available	20201119_Fusion_JLow_DHSO2_N8_F2.raw	NT=ms-proteomics;VV=v1.1.0	NT=crosslinking;VV=v1.0.0	NT=human;VV=v1.1.0
PXD035844_20201119_QEHFX4_JLow_DMTMM2_M8_F1	Homo sapiens	cell fraction	not available	165	PXD035844_20201119_QEHFX4_JLow_DMTMM2_M8_F1_assay	proteomic profiling by mass spectrometry	data-dependent acquisition	NT=label free sample;AC=MS:1002038	1	1	not available	not available	NT=Carbamidomethyl;AC=UNIMOD:4;TA=C;MT=Fixed	NT=Oxidation;AC=UNIMOD:21;TA=M;MT=Variable	not available	not available	NT=['DHSO', 'DSSO', 'DMTMM'];AC=['XLMOD:02226', 'XLMOD:02126', None];TA=['D,E', 'K,S,T,Y', None]	not available	not available	not available	not available	not available	20201119_QEHFX4_JLow_DMTMM2_M8_F1.raw	NT=ms-proteomics;VV=v1.1.0	NT=crosslinking;VV=v1.0.0	NT=human;VV=v1.1.0
PXD035844_20181108_Fusion_JL_exp1_NPF5	NT=Homo sapiens;AC=NCBITaxon:9606	cell fraction	not available	166	PXD035844_20181108_Fusion_JL_exp1_NPF5_assay	proteomic profiling by mass spectrometry	data-dependent acquisition	NT=label free sample;AC=MS:1002038	1	1	not available	not available	NT=Carbamidomethyl;AC=UNIMOD:4;TA=C;MT=Fixed	NT=Oxidation;AC=UNIMOD:21;TA=M;MT=Variable	not available	not available	NT=['DHSO', 'DSSO', 'DMTMM'];AC=['XLMOD:02226', 'XLMOD:02126', None];TA=['D,E', 'K,S,T,Y', None]	not available	not available	not available	not available	not available	20181108_Fusion_JL_exp1_NPF5.raw	NT=ms-proteomics;VV=v1.1.0	NT=crosslinking;VV=v1.0.0	NT=human;VV=v1.1.0
PXD035844_20201127_QEHFX4_JLow_DMTMM_con_G9_F3	Homo sapiens	cell fraction	not available	15	PXD035844_20201127_QEHFX4_JLow_DMTMM_con_G9_F3_assay	proteomic profiling by mass spectrometry	data-dependent acquisition	NT=label free sample;AC=MS:1002038	3	1	not available	not available	NT=Carbamidomethyl;AC=UNIMOD:4;TA=C;MT=Fixed	NT=Oxidation;AC=UNIMOD:21;TA=M;MT=Variable	not available	not available	NT=['DHSO', 'DSSO', 'DMTMM'];AC=['XLMOD:02226', 'XLMOD:02126', None];TA=['D,E', 'K,S,T,Y', None]	not available	not available	not available	not available	not available	20201127_QEHFX4_JLow_DMTMM_con_G9_F3.raw	NT=ms-proteomics;VV=v1.1.0	NT=crosslinking;VV=v1.0.0	NT=human;VV=v1.1.0
PXD035844_20200529_Fusion_Jlow_XLMS_NPF1_12_reinject	NT=Homo sapiens;AC=NCBITaxon:9606	cell fraction	not available	167	PXD035844_20200529_Fusion_Jlow_XLMS_NPF1_12_reinject_assay	proteomic profiling by mass spectrometry	data-dependent acquisition	NT=label free sample;AC=MS:1002038	1	1	not available	not available	NT=Carbamidomethyl;AC=UNIMOD:4;TA=C;MT=Fixed	NT=Oxidation;AC=UNIMOD:21;TA=M;MT=Variable	not available	not available	NT=['DHSO', 'DSSO', 'DMTMM'];AC=['XLMOD:02226', 'XLMOD:02126', None];TA=['D,E', 'K,S,T,Y', None]	not available	not available	not available	not available	not available	20200529_Fusion_Jlow_XLMS_NPF1_12_reinject.raw	NT=ms-proteomics;VV=v1.1.0	NT=crosslinking;VV=v1.0.0	NT=human;VV=v1.1.0
PXD035844_20201127_QEHFX4_JLow_DMTMM_con_C9_F1	Homo sapiens	cell fraction	not available	168	PXD035844_20201127_QEHFX4_JLow_DMTMM_con_C9_F1_assay	proteomic profiling by mass spectrometry	data-dependent acquisition	NT=label free sample;AC=MS:1002038	1	1	not available	not available	NT=Carbamidomethyl;AC=UNIMOD:4;TA=C;MT=Fixed	NT=Oxidation;AC=UNIMOD:21;TA=M;MT=Variable	not available	not available	NT=['DHSO', 'DSSO', 'DMTMM'];AC=['XLMOD:02226', 'XLMOD:02126', None];TA=['D,E', 'K,S,T,Y', None]	not available	not available	not available	not available	not available	20201127_QEHFX4_JLow_DMTMM_con_C9_F1.raw	NT=ms-proteomics;VV=v1.1.0	NT=crosslinking;VV=v1.0.0	NT=human;VV=v1.1.0
PXD035844_20200529_Fusion_Jlow_XLMS_GPF1_3_reinject	NT=Homo sapiens;AC=NCBITaxon:9606	cell fraction	not available	169	PXD035844_20200529_Fusion_Jlow_XLMS_GPF1_3_reinject_assay	proteomic profiling by mass spectrometry	data-dependent acquisition	NT=label free sample;AC=MS:1002038	1	1	not available	not available	NT=Carbamidomethyl;AC=UNIMOD:4;TA=C;MT=Fixed	NT=Oxidation;AC=UNIMOD:21;TA=M;MT=Variable	not available	not available	NT=['DHSO', 'DSSO', 'DMTMM'];AC=['XLMOD:02226', 'XLMOD:02126', None];TA=['D,E', 'K,S,T,Y', None]	not available	not available	not available	not available	not available	20200529_Fusion_Jlow_XLMS_GPF1_3_reinject.raw	NT=ms-proteomics;VV=v1.1.0	NT=crosslinking;VV=v1.0.0	NT=human;VV=v1.1.0
PXD035844_20200529_Fusion_Jlow_XLMS_CPF1_6	Homo sapiens	cell fraction	not available	170	PXD035844_20200529_Fusion_Jlow_XLMS_CPF1_6_assay	proteomic profiling by mass spectrometry	data-dependent acquisition	NT=label free sample;AC=MS:1002038	1	1	not available	not available	NT=Carbamidomethyl;AC=UNIMOD:4;TA=C;MT=Fixed	NT=Oxidation;AC=UNIMOD:21;TA=M;MT=Variable	not available	not available	NT=['DHSO', 'DSSO', 'DMTMM'];AC=['XLMOD:02226', 'XLMOD:02126', None];TA=['D,E', 'K,S,T,Y', None]	not available	not available	not available	not available	not available	20200529_Fusion_Jlow_XLMS_CPF1_6.raw	NT=ms-proteomics;VV=v1.1.0	NT=crosslinking;VV=v1.0.0	NT=human;VV=v1.1.0
PXD035844_20200529_Fusion_Jlow_XLMS_MPF3_7	NT=Homo sapiens;AC=NCBITaxon:9606	cell fraction	not available	171	PXD035844_20200529_Fusion_Jlow_XLMS_MPF3_7_assay	proteomic profiling by mass spectrometry	data-dependent acquisition	NT=label free sample;AC=MS:1002038	1	1	not available	not available	NT=Carbamidomethyl;AC=UNIMOD:4;TA=C;MT=Fixed	NT=Oxidation;AC=UNIMOD:21;TA=M;MT=Variable	not available	not available	NT=['DHSO', 'DSSO', 'DMTMM'];AC=['XLMOD:02226', 'XLMOD:02126', None];TA=['D,E', 'K,S,T,Y', None]	not available	not available	not available	not available	not available	20200529_Fusion_Jlow_XLMS_MPF3_7.raw	NT=ms-proteomics;VV=v1.1.0	NT=crosslinking;VV=v1.0.0	NT=human;VV=v1.1.0
PXD035844_20200529_Fusion_Jlow_XLMS_NPF1_9	NT=Homo sapiens;AC=NCBITaxon:9606	cell fraction	not available	172	PXD035844_20200529_Fusion_Jlow_XLMS_NPF1_9_assay	proteomic profiling by mass spectrometry	data-dependent acquisition	NT=label free sample;AC=MS:1002038	1	1	not available	not available	NT=Carbamidomethyl;AC=UNIMOD:4;TA=C;MT=Fixed	NT=Oxidation;AC=UNIMOD:21;TA=M;MT=Variable	not available	not available	NT=['DHSO', 'DSSO', 'DMTMM'];AC=['XLMOD:02226', 'XLMOD:02126', None];TA=['D,E', 'K,S,T,Y', None]	not available	not available	not available	not available	not available	20200529_Fusion_Jlow_XLMS_NPF1_9.raw	NT=ms-proteomics;VV=v1.1.0	NT=crosslinking;VV=v1.0.0	NT=human;VV=v1.1.0
PXD035844_20201119_QEHFX4_JLow_DMTMM2_N8_F8	Homo sapiens	cell fraction	not available	13	PXD035844_20201119_QEHFX4_JLow_DMTMM2_N8_F8_assay	proteomic profiling by mass spectrometry	data-dependent acquisition	NT=label free sample;AC=MS:1002038	8	1	not available	not available	NT=Carbamidomethyl;AC=UNIMOD:4;TA=C;MT=Fixed	NT=Oxidation;AC=UNIMOD:21;TA=M;MT=Variable	not available	not available	NT=['DHSO', 'DSSO', 'DMTMM'];AC=['XLMOD:02226', 'XLMOD:02126', None];TA=['D,E', 'K,S,T,Y', None]	not available	not available	not available	not available	not available	20201119_QEHFX4_JLow_DMTMM2_N8_F8.raw	NT=ms-proteomics;VV=v1.1.0	NT=crosslinking;VV=v1.0.0	NT=human;VV=v1.1.0
PXD035844_20200529_Fusion_Jlow_XLMS_CPF2_1	Homo sapiens	cell fraction	not available	173	PXD035844_20200529_Fusion_Jlow_XLMS_CPF2_1_assay	proteomic profiling by mass spectrometry	data-dependent acquisition	NT=label free sample;AC=MS:1002038	1	1	not available	not available	NT=Carbamidomethyl;AC=UNIMOD:4;TA=C;MT=Fixed	NT=Oxidation;AC=UNIMOD:21;TA=M;MT=Variable	not available	not available	NT=['DHSO', 'DSSO', 'DMTMM'];AC=['XLMOD:02226', 'XLMOD:02126', None];TA=['D,E', 'K,S,T,Y', None]	not available	not available	not available	not available	not available	20200529_Fusion_Jlow_XLMS_CPF2_1.raw	NT=ms-proteomics;VV=v1.1.0	NT=crosslinking;VV=v1.0.0	NT=human;VV=v1.1.0
PXD035844_20200529_Fusion_Jlow_XLMS_CPF2_4	Homo sapiens	cell fraction	not available	174	PXD035844_20200529_Fusion_Jlow_XLMS_CPF2_4_assay	proteomic profiling by mass spectrometry	data-dependent acquisition	NT=label free sample;AC=MS:1002038	1	1	not available	not available	NT=Carbamidomethyl;AC=UNIMOD:4;TA=C;MT=Fixed	NT=Oxidation;AC=UNIMOD:21;TA=M;MT=Variable	not available	not available	NT=['DHSO', 'DSSO', 'DMTMM'];AC=['XLMOD:02226', 'XLMOD:02126', None];TA=['D,E', 'K,S,T,Y', None]	not available	not available	not available	not available	not available	20200529_Fusion_Jlow_XLMS_CPF2_4.raw	NT=ms-proteomics;VV=v1.1.0	NT=crosslinking;VV=v1.0.0	NT=human;VV=v1.1.0
PXD035844_20201119_Fusion_JLow_DHSO3_N9_F1_X	Homo sapiens	cell fraction	not available	175	PXD035844_20201119_Fusion_JLow_DHSO3_N9_F1_X_assay	proteomic profiling by mass spectrometry	data-dependent acquisition	NT=label free sample;AC=MS:1002038	1	1	not available	not available	NT=Carbamidomethyl;AC=UNIMOD:4;TA=C;MT=Fixed	NT=Oxidation;AC=UNIMOD:21;TA=M;MT=Variable	not available	not available	NT=['DHSO', 'DSSO', 'DMTMM'];AC=['XLMOD:02226', 'XLMOD:02126', None];TA=['D,E', 'K,S,T,Y', None]	not available	not available	not available	not available	not available	20201119_Fusion_JLow_DHSO3_N9_F1_X.raw	NT=ms-proteomics;VV=v1.1.0	NT=crosslinking;VV=v1.0.0	NT=human;VV=v1.1.0
PXD035844_20201119_QEHFX4_JLow_DMTMM2_M8_F7	Homo sapiens	cell fraction	not available	16	PXD035844_20201119_QEHFX4_JLow_DMTMM2_M8_F7_assay	proteomic profiling by mass spectrometry	data-dependent acquisition	NT=label free sample;AC=MS:1002038	7	1	not available	not available	NT=Carbamidomethyl;AC=UNIMOD:4;TA=C;MT=Fixed	NT=Oxidation;AC=UNIMOD:21;TA=M;MT=Variable	not available	not available	NT=['DHSO', 'DSSO', 'DMTMM'];AC=['XLMOD:02226', 'XLMOD:02126', None];TA=['D,E', 'K,S,T,Y', None]	not available	not available	not available	not available	not available	20201119_QEHFX4_JLow_DMTMM2_M8_F7.raw	NT=ms-proteomics;VV=v1.1.0	NT=crosslinking;VV=v1.0.0	NT=human;VV=v1.1.0
PXD035844_20200529_Fusion_Jlow_XLMS_GPF3_10	NT=Homo sapiens;AC=NCBITaxon:9606	cell fraction	not available	176	PXD035844_20200529_Fusion_Jlow_XLMS_GPF3_10_assay	proteomic profiling by mass spectrometry	data-dependent acquisition	NT=label free sample;AC=MS:1002038	1	1	not available	not available	NT=Carbamidomethyl;AC=UNIMOD:4;TA=C;MT=Fixed	NT=Oxidation;AC=UNIMOD:21;TA=M;MT=Variable	not available	not available	NT=['DHSO', 'DSSO', 'DMTMM'];AC=['XLMOD:02226', 'XLMOD:02126', None];TA=['D,E', 'K,S,T,Y', None]	not available	not available	not available	not available	not available	20200529_Fusion_Jlow_XLMS_GPF3_10.raw	NT=ms-proteomics;VV=v1.1.0	NT=crosslinking;VV=v1.0.0	NT=human;VV=v1.1.0
PXD035844_20201119_Fusion_JLow_DHSO2_N8_F6	Homo sapiens	cell fraction	not available	13	PXD035844_20201119_Fusion_JLow_DHSO2_N8_F6_assay	proteomic profiling by mass spectrometry	data-dependent acquisition	NT=label free sample;AC=MS:1002038	6	1	not available	not available	NT=Carbamidomethyl;AC=UNIMOD:4;TA=C;MT=Fixed	NT=Oxidation;AC=UNIMOD:21;TA=M;MT=Variable	not available	not available	NT=['DHSO', 'DSSO', 'DMTMM'];AC=['XLMOD:02226', 'XLMOD:02126', None];TA=['D,E', 'K,S,T,Y', None]	not available	not available	not available	not available	not available	20201119_Fusion_JLow_DHSO2_N8_F6.raw	NT=ms-proteomics;VV=v1.1.0	NT=crosslinking;VV=v1.0.0	NT=human;VV=v1.1.0
PXD035844_20201119_Fusion_JLow_DHSO3_G9_F1_reinject	Homo sapiens	cell fraction	not available	177	PXD035844_20201119_Fusion_JLow_DHSO3_G9_F1_reinject_assay	proteomic profiling by mass spectrometry	data-dependent acquisition	NT=label free sample;AC=MS:1002038	1	1	not available	not available	NT=Carbamidomethyl;AC=UNIMOD:4;TA=C;MT=Fixed	NT=Oxidation;AC=UNIMOD:21;TA=M;MT=Variable	not available	not available	NT=['DHSO', 'DSSO', 'DMTMM'];AC=['XLMOD:02226', 'XLMOD:02126', None];TA=['D,E', 'K,S,T,Y', None]	not available	not available	not available	not available	not available	20201119_Fusion_JLow_DHSO3_G9_F1_reinject.raw	NT=ms-proteomics;VV=v1.1.0	NT=crosslinking;VV=v1.0.0	NT=human;VV=v1.1.0
PXD035844_20181108_Fusion_JL_exp1_CPF9	Homo sapiens	cell fraction	not available	178	PXD035844_20181108_Fusion_JL_exp1_CPF9_assay	proteomic profiling by mass spectrometry	data-dependent acquisition	NT=label free sample;AC=MS:1002038	1	1	not available	not available	NT=Carbamidomethyl;AC=UNIMOD:4;TA=C;MT=Fixed	NT=Oxidation;AC=UNIMOD:21;TA=M;MT=Variable	not available	not available	NT=['DHSO', 'DSSO', 'DMTMM'];AC=['XLMOD:02226', 'XLMOD:02126', None];TA=['D,E', 'K,S,T,Y', None]	not available	not available	not available	not available	not available	20181108_Fusion_JL_exp1_CPF9.raw	NT=ms-proteomics;VV=v1.1.0	NT=crosslinking;VV=v1.0.0	NT=human;VV=v1.1.0
PXD035844_20201119_Fusion_JLow_DHSO2_M8_F12	Homo sapiens	cell fraction	not available	14	PXD035844_20201119_Fusion_JLow_DHSO2_M8_F12_assay	proteomic profiling by mass spectrometry	data-dependent acquisition	NT=label free sample;AC=MS:1002038	12	1	not available	not available	NT=Carbamidomethyl;AC=UNIMOD:4;TA=C;MT=Fixed	NT=Oxidation;AC=UNIMOD:21;TA=M;MT=Variable	not available	not available	NT=['DHSO', 'DSSO', 'DMTMM'];AC=['XLMOD:02226', 'XLMOD:02126', None];TA=['D,E', 'K,S,T,Y', None]	not available	not available	not available	not available	not available	20201119_Fusion_JLow_DHSO2_M8_F12.raw	NT=ms-proteomics;VV=v1.1.0	NT=crosslinking;VV=v1.0.0	NT=human;VV=v1.1.0
PXD035844_20201127_QEHFX4_JLow_DMTMM_con_N9_F9	Homo sapiens	cell fraction	not available	14	PXD035844_20201127_QEHFX4_JLow_DMTMM_con_N9_F9_assay	proteomic profiling by mass spectrometry	data-dependent acquisition	NT=label free sample;AC=MS:1002038	9	1	not available	not available	NT=Carbamidomethyl;AC=UNIMOD:4;TA=C;MT=Fixed	NT=Oxidation;AC=UNIMOD:21;TA=M;MT=Variable	not available	not available	NT=['DHSO', 'DSSO', 'DMTMM'];AC=['XLMOD:02226', 'XLMOD:02126', None];TA=['D,E', 'K,S,T,Y', None]	not available	not available	not available	not available	not available	20201127_QEHFX4_JLow_DMTMM_con_N9_F9.raw	NT=ms-proteomics;VV=v1.1.0	NT=crosslinking;VV=v1.0.0	NT=human;VV=v1.1.0
PXD035844_20201127_QEHFX4_JLow_DMTMM_con_C9_F12	Homo sapiens	cell fraction	not available	15	PXD035844_20201127_QEHFX4_JLow_DMTMM_con_C9_F12_assay	proteomic profiling by mass spectrometry	data-dependent acquisition	NT=label free sample;AC=MS:1002038	12	1	not available	not available	NT=Carbamidomethyl;AC=UNIMOD:4;TA=C;MT=Fixed	NT=Oxidation;AC=UNIMOD:21;TA=M;MT=Variable	not available	not available	NT=['DHSO', 'DSSO', 'DMTMM'];AC=['XLMOD:02226', 'XLMOD:02126', None];TA=['D,E', 'K,S,T,Y', None]	not available	not available	not available	not available	not available	20201127_QEHFX4_JLow_DMTMM_con_C9_F12.raw	NT=ms-proteomics;VV=v1.1.0	NT=crosslinking;VV=v1.0.0	NT=human;VV=v1.1.0
PXD035844_20200529_Fusion_Jlow_XLMS_CPF3_11	Homo sapiens	cell fraction	not available	179	PXD035844_20200529_Fusion_Jlow_XLMS_CPF3_11_assay	proteomic profiling by mass spectrometry	data-dependent acquisition	NT=label free sample;AC=MS:1002038	1	1	not available	not available	NT=Carbamidomethyl;AC=UNIMOD:4;TA=C;MT=Fixed	NT=Oxidation;AC=UNIMOD:21;TA=M;MT=Variable	not available	not available	NT=['DHSO', 'DSSO', 'DMTMM'];AC=['XLMOD:02226', 'XLMOD:02126', None];TA=['D,E', 'K,S,T,Y', None]	not available	not available	not available	not available	not available	20200529_Fusion_Jlow_XLMS_CPF3_11.raw	NT=ms-proteomics;VV=v1.1.0	NT=crosslinking;VV=v1.0.0	NT=human;VV=v1.1.0
PXD035844_20201119_Fusion_JLow_DHSO2_N8_F1	Homo sapiens	cell fraction	not available	180	PXD035844_20201119_Fusion_JLow_DHSO2_N8_F1_assay	proteomic profiling by mass spectrometry	data-dependent acquisition	NT=label free sample;AC=MS:1002038	1	1	not available	not available	NT=Carbamidomethyl;AC=UNIMOD:4;TA=C;MT=Fixed	NT=Oxidation;AC=UNIMOD:21;TA=M;MT=Variable	not available	not available	NT=['DHSO', 'DSSO', 'DMTMM'];AC=['XLMOD:02226', 'XLMOD:02126', None];TA=['D,E', 'K,S,T,Y', None]	not available	not available	not available	not available	not available	20201119_Fusion_JLow_DHSO2_N8_F1.raw	NT=ms-proteomics;VV=v1.1.0	NT=crosslinking;VV=v1.0.0	NT=human;VV=v1.1.0
PXD035844_20200529_Fusion_Jlow_XLMS_CPF2_3	Homo sapiens	cell fraction	not available	181	PXD035844_20200529_Fusion_Jlow_XLMS_CPF2_3_assay	proteomic profiling by mass spectrometry	data-dependent acquisition	NT=label free sample;AC=MS:1002038	1	1	not available	not available	NT=Carbamidomethyl;AC=UNIMOD:4;TA=C;MT=Fixed	NT=Oxidation;AC=UNIMOD:21;TA=M;MT=Variable	not available	not available	NT=['DHSO', 'DSSO', 'DMTMM'];AC=['XLMOD:02226', 'XLMOD:02126', None];TA=['D,E', 'K,S,T,Y', None]	not available	not available	not available	not available	not available	20200529_Fusion_Jlow_XLMS_CPF2_3.raw	NT=ms-proteomics;VV=v1.1.0	NT=crosslinking;VV=v1.0.0	NT=human;VV=v1.1.0
PXD035844_20201119_QEHFX4_JLow_DMTMM2_C8_F2_misinject	Homo sapiens	cell fraction	not available	16	PXD035844_20201119_QEHFX4_JLow_DMTMM2_C8_F2_misinject_assay	proteomic profiling by mass spectrometry	data-dependent acquisition	NT=label free sample;AC=MS:1002038	2	1	not available	not available	NT=Carbamidomethyl;AC=UNIMOD:4;TA=C;MT=Fixed	NT=Oxidation;AC=UNIMOD:21;TA=M;MT=Variable	not available	not available	NT=['DHSO', 'DSSO', 'DMTMM'];AC=['XLMOD:02226', 'XLMOD:02126', None];TA=['D,E', 'K,S,T,Y', None]	not available	not available	not available	not available	not available	20201119_QEHFX4_JLow_DMTMM2_C8_F2_misinject.raw	NT=ms-proteomics;VV=v1.1.0	NT=crosslinking;VV=v1.0.0	NT=human;VV=v1.1.0
PXD035844_20201127_QEHFX4_JLow_DMTMM_con_C9_F2	Homo sapiens	cell fraction	not available	17	PXD035844_20201127_QEHFX4_JLow_DMTMM_con_C9_F2_assay	proteomic profiling by mass spectrometry	data-dependent acquisition	NT=label free sample;AC=MS:1002038	2	1	not available	not available	NT=Carbamidomethyl;AC=UNIMOD:4;TA=C;MT=Fixed	NT=Oxidation;AC=UNIMOD:21;TA=M;MT=Variable	not available	not available	NT=['DHSO', 'DSSO', 'DMTMM'];AC=['XLMOD:02226', 'XLMOD:02126', None];TA=['D,E', 'K,S,T,Y', None]	not available	not available	not available	not available	not available	20201127_QEHFX4_JLow_DMTMM_con_C9_F2.raw	NT=ms-proteomics;VV=v1.1.0	NT=crosslinking;VV=v1.0.0	NT=human;VV=v1.1.0
PXD035844_20181108_Fusion_JL_exp1_CPF6	Homo sapiens	cell fraction	not available	182	PXD035844_20181108_Fusion_JL_exp1_CPF6_assay	proteomic profiling by mass spectrometry	data-dependent acquisition	NT=label free sample;AC=MS:1002038	1	1	not available	not available	NT=Carbamidomethyl;AC=UNIMOD:4;TA=C;MT=Fixed	NT=Oxidation;AC=UNIMOD:21;TA=M;MT=Variable	not available	not available	NT=['DHSO', 'DSSO', 'DMTMM'];AC=['XLMOD:02226', 'XLMOD:02126', None];TA=['D,E', 'K,S,T,Y', None]	not available	not available	not available	not available	not available	20181108_Fusion_JL_exp1_CPF6.raw	NT=ms-proteomics;VV=v1.1.0	NT=crosslinking;VV=v1.0.0	NT=human;VV=v1.1.0
PXD035844_20201119_QEHFX4_JLow_DMTMM2_M8_F11	Homo sapiens	cell fraction	not available	13	PXD035844_20201119_QEHFX4_JLow_DMTMM2_M8_F11_assay	proteomic profiling by mass spectrometry	data-dependent acquisition	NT=label free sample;AC=MS:1002038	11	1	not available	not available	NT=Carbamidomethyl;AC=UNIMOD:4;TA=C;MT=Fixed	NT=Oxidation;AC=UNIMOD:21;TA=M;MT=Variable	not available	not available	NT=['DHSO', 'DSSO', 'DMTMM'];AC=['XLMOD:02226', 'XLMOD:02126', None];TA=['D,E', 'K,S,T,Y', None]	not available	not available	not available	not available	not available	20201119_QEHFX4_JLow_DMTMM2_M8_F11.raw	NT=ms-proteomics;VV=v1.1.0	NT=crosslinking;VV=v1.0.0	NT=human;VV=v1.1.0
PXD035844_20200529_Fusion_Jlow_XLMS_MPF1_3	NT=Homo sapiens;AC=NCBITaxon:9606	cell fraction	not available	183	PXD035844_20200529_Fusion_Jlow_XLMS_MPF1_3_assay	proteomic profiling by mass spectrometry	data-dependent acquisition	NT=label free sample;AC=MS:1002038	1	1	not available	not available	NT=Carbamidomethyl;AC=UNIMOD:4;TA=C;MT=Fixed	NT=Oxidation;AC=UNIMOD:21;TA=M;MT=Variable	not available	not available	NT=['DHSO', 'DSSO', 'DMTMM'];AC=['XLMOD:02226', 'XLMOD:02126', None];TA=['D,E', 'K,S,T,Y', None]	not available	not available	not available	not available	not available	20200529_Fusion_Jlow_XLMS_MPF1_3.raw	NT=ms-proteomics;VV=v1.1.0	NT=crosslinking;VV=v1.0.0	NT=human;VV=v1.1.0
PXD035844_20181108_Fusion_JL_exp1_CPF10	Homo sapiens	cell fraction	not available	184	PXD035844_20181108_Fusion_JL_exp1_CPF10_assay	proteomic profiling by mass spectrometry	data-dependent acquisition	NT=label free sample;AC=MS:1002038	1	1	not available	not available	NT=Carbamidomethyl;AC=UNIMOD:4;TA=C;MT=Fixed	NT=Oxidation;AC=UNIMOD:21;TA=M;MT=Variable	not available	not available	NT=['DHSO', 'DSSO', 'DMTMM'];AC=['XLMOD:02226', 'XLMOD:02126', None];TA=['D,E', 'K,S,T,Y', None]	not available	not available	not available	not available	not available	20181108_Fusion_JL_exp1_CPF10.raw	NT=ms-proteomics;VV=v1.1.0	NT=crosslinking;VV=v1.0.0	NT=human;VV=v1.1.0
PXD035844_20181108_Fusion_JL_exp1_NPF9	NT=Homo sapiens;AC=NCBITaxon:9606	cell fraction	not available	185	PXD035844_20181108_Fusion_JL_exp1_NPF9_assay	proteomic profiling by mass spectrometry	data-dependent acquisition	NT=label free sample;AC=MS:1002038	1	1	not available	not available	NT=Carbamidomethyl;AC=UNIMOD:4;TA=C;MT=Fixed	NT=Oxidation;AC=UNIMOD:21;TA=M;MT=Variable	not available	not available	NT=['DHSO', 'DSSO', 'DMTMM'];AC=['XLMOD:02226', 'XLMOD:02126', None];TA=['D,E', 'K,S,T,Y', None]	not available	not available	not available	not available	not available	20181108_Fusion_JL_exp1_NPF9.raw	NT=ms-proteomics;VV=v1.1.0	NT=crosslinking;VV=v1.0.0	NT=human;VV=v1.1.0
PXD035844_20200529_Fusion_Jlow_XLMS_CPF2_5	Homo sapiens	cell fraction	not available	186	PXD035844_20200529_Fusion_Jlow_XLMS_CPF2_5_assay	proteomic profiling by mass spectrometry	data-dependent acquisition	NT=label free sample;AC=MS:1002038	1	1	not available	not available	NT=Carbamidomethyl;AC=UNIMOD:4;TA=C;MT=Fixed	NT=Oxidation;AC=UNIMOD:21;TA=M;MT=Variable	not available	not available	NT=['DHSO', 'DSSO', 'DMTMM'];AC=['XLMOD:02226', 'XLMOD:02126', None];TA=['D,E', 'K,S,T,Y', None]	not available	not available	not available	not available	not available	20200529_Fusion_Jlow_XLMS_CPF2_5.raw	NT=ms-proteomics;VV=v1.1.0	NT=crosslinking;VV=v1.0.0	NT=human;VV=v1.1.0
PXD035844_20200529_Fusion_Jlow_XLMS_CPF2_11	Homo sapiens	cell fraction	not available	187	PXD035844_20200529_Fusion_Jlow_XLMS_CPF2_11_assay	proteomic profiling by mass spectrometry	data-dependent acquisition	NT=label free sample;AC=MS:1002038	1	1	not available	not available	NT=Carbamidomethyl;AC=UNIMOD:4;TA=C;MT=Fixed	NT=Oxidation;AC=UNIMOD:21;TA=M;MT=Variable	not available	not available	NT=['DHSO', 'DSSO', 'DMTMM'];AC=['XLMOD:02226', 'XLMOD:02126', None];TA=['D,E', 'K,S,T,Y', None]	not available	not available	not available	not available	not available	20200529_Fusion_Jlow_XLMS_CPF2_11.raw	NT=ms-proteomics;VV=v1.1.0	NT=crosslinking;VV=v1.0.0	NT=human;VV=v1.1.0
PXD035844_20181108_Fusion_JL_exp1_CPF18	Homo sapiens	cell fraction	not available	188	PXD035844_20181108_Fusion_JL_exp1_CPF18_assay	proteomic profiling by mass spectrometry	data-dependent acquisition	NT=label free sample;AC=MS:1002038	1	1	not available	not available	NT=Carbamidomethyl;AC=UNIMOD:4;TA=C;MT=Fixed	NT=Oxidation;AC=UNIMOD:21;TA=M;MT=Variable	not available	not available	NT=['DHSO', 'DSSO', 'DMTMM'];AC=['XLMOD:02226', 'XLMOD:02126', None];TA=['D,E', 'K,S,T,Y', None]	not available	not available	not available	not available	not available	20181108_Fusion_JL_exp1_CPF18.raw	NT=ms-proteomics;VV=v1.1.0	NT=crosslinking;VV=v1.0.0	NT=human;VV=v1.1.0
PXD035844_20181108_Fusion_JL_exp1_MPF5	NT=Homo sapiens;AC=NCBITaxon:9606	cell fraction	not available	189	PXD035844_20181108_Fusion_JL_exp1_MPF5_assay	proteomic profiling by mass spectrometry	data-dependent acquisition	NT=label free sample;AC=MS:1002038	1	1	not available	not available	NT=Carbamidomethyl;AC=UNIMOD:4;TA=C;MT=Fixed	NT=Oxidation;AC=UNIMOD:21;TA=M;MT=Variable	not available	not available	NT=['DHSO', 'DSSO', 'DMTMM'];AC=['XLMOD:02226', 'XLMOD:02126', None];TA=['D,E', 'K,S,T,Y', None]	not available	not available	not available	not available	not available	20181108_Fusion_JL_exp1_MPF5.raw	NT=ms-proteomics;VV=v1.1.0	NT=crosslinking;VV=v1.0.0	NT=human;VV=v1.1.0
PXD035844_20200529_Fusion_Jlow_XLMS_NPF1_1	NT=Homo sapiens;AC=NCBITaxon:9606	cell fraction	not available	190	PXD035844_20200529_Fusion_Jlow_XLMS_NPF1_1_assay	proteomic profiling by mass spectrometry	data-dependent acquisition	NT=label free sample;AC=MS:1002038	1	1	not available	not available	NT=Carbamidomethyl;AC=UNIMOD:4;TA=C;MT=Fixed	NT=Oxidation;AC=UNIMOD:21;TA=M;MT=Variable	not available	not available	NT=['DHSO', 'DSSO', 'DMTMM'];AC=['XLMOD:02226', 'XLMOD:02126', None];TA=['D,E', 'K,S,T,Y', None]	not available	not available	not available	not available	not available	20200529_Fusion_Jlow_XLMS_NPF1_1.raw	NT=ms-proteomics;VV=v1.1.0	NT=crosslinking;VV=v1.0.0	NT=human;VV=v1.1.0
PXD035844_20201119_Fusion_JLow_DHSO2_M8_F6	Homo sapiens	cell fraction	not available	14	PXD035844_20201119_Fusion_JLow_DHSO2_M8_F6_assay	proteomic profiling by mass spectrometry	data-dependent acquisition	NT=label free sample;AC=MS:1002038	6	1	not available	not available	NT=Carbamidomethyl;AC=UNIMOD:4;TA=C;MT=Fixed	NT=Oxidation;AC=UNIMOD:21;TA=M;MT=Variable	not available	not available	NT=['DHSO', 'DSSO', 'DMTMM'];AC=['XLMOD:02226', 'XLMOD:02126', None];TA=['D,E', 'K,S,T,Y', None]	not available	not available	not available	not available	not available	20201119_Fusion_JLow_DHSO2_M8_F6.raw	NT=ms-proteomics;VV=v1.1.0	NT=crosslinking;VV=v1.0.0	NT=human;VV=v1.1.0
PXD035844_20200529_Fusion_Jlow_XLMS_GPF1_3	NT=Homo sapiens;AC=NCBITaxon:9606	cell fraction	not available	191	PXD035844_20200529_Fusion_Jlow_XLMS_GPF1_3_assay	proteomic profiling by mass spectrometry	data-dependent acquisition	NT=label free sample;AC=MS:1002038	1	1	not available	not available	NT=Carbamidomethyl;AC=UNIMOD:4;TA=C;MT=Fixed	NT=Oxidation;AC=UNIMOD:21;TA=M;MT=Variable	not available	not available	NT=['DHSO', 'DSSO', 'DMTMM'];AC=['XLMOD:02226', 'XLMOD:02126', None];TA=['D,E', 'K,S,T,Y', None]	not available	not available	not available	not available	not available	20200529_Fusion_Jlow_XLMS_GPF1_3.raw	NT=ms-proteomics;VV=v1.1.0	NT=crosslinking;VV=v1.0.0	NT=human;VV=v1.1.0
PXD035844_20181108_Fusion_JL_exp1_CPF8	Homo sapiens	cell fraction	not available	192	PXD035844_20181108_Fusion_JL_exp1_CPF8_assay	proteomic profiling by mass spectrometry	data-dependent acquisition	NT=label free sample;AC=MS:1002038	1	1	not available	not available	NT=Carbamidomethyl;AC=UNIMOD:4;TA=C;MT=Fixed	NT=Oxidation;AC=UNIMOD:21;TA=M;MT=Variable	not available	not available	NT=['DHSO', 'DSSO', 'DMTMM'];AC=['XLMOD:02226', 'XLMOD:02126', None];TA=['D,E', 'K,S,T,Y', None]	not available	not available	not available	not available	not available	20181108_Fusion_JL_exp1_CPF8.raw	NT=ms-proteomics;VV=v1.1.0	NT=crosslinking;VV=v1.0.0	NT=human;VV=v1.1.0
PXD035844_20201127_QEHFX4_JLow_DMTMM_con_N9_F1	Homo sapiens	cell fraction	not available	193	PXD035844_20201127_QEHFX4_JLow_DMTMM_con_N9_F1_assay	proteomic profiling by mass spectrometry	data-dependent acquisition	NT=label free sample;AC=MS:1002038	1	1	not available	not available	NT=Carbamidomethyl;AC=UNIMOD:4;TA=C;MT=Fixed	NT=Oxidation;AC=UNIMOD:21;TA=M;MT=Variable	not available	not available	NT=['DHSO', 'DSSO', 'DMTMM'];AC=['XLMOD:02226', 'XLMOD:02126', None];TA=['D,E', 'K,S,T,Y', None]	not available	not available	not available	not available	not available	20201127_QEHFX4_JLow_DMTMM_con_N9_F1.raw	NT=ms-proteomics;VV=v1.1.0	NT=crosslinking;VV=v1.0.0	NT=human;VV=v1.1.0
PXD035844_20201119_Fusion_JLow_DHSO3_M9_F8	Homo sapiens	cell fraction	not available	14	PXD035844_20201119_Fusion_JLow_DHSO3_M9_F8_assay	proteomic profiling by mass spectrometry	data-dependent acquisition	NT=label free sample;AC=MS:1002038	8	1	not available	not available	NT=Carbamidomethyl;AC=UNIMOD:4;TA=C;MT=Fixed	NT=Oxidation;AC=UNIMOD:21;TA=M;MT=Variable	not available	not available	NT=['DHSO', 'DSSO', 'DMTMM'];AC=['XLMOD:02226', 'XLMOD:02126', None];TA=['D,E', 'K,S,T,Y', None]	not available	not available	not available	not available	not available	20201119_Fusion_JLow_DHSO3_M9_F8.raw	NT=ms-proteomics;VV=v1.1.0	NT=crosslinking;VV=v1.0.0	NT=human;VV=v1.1.0
PXD035844_20201119_Fusion_JLow_DHSO2_N8_F4	Homo sapiens	cell fraction	not available	14	PXD035844_20201119_Fusion_JLow_DHSO2_N8_F4_assay	proteomic profiling by mass spectrometry	data-dependent acquisition	NT=label free sample;AC=MS:1002038	4	1	not available	not available	NT=Carbamidomethyl;AC=UNIMOD:4;TA=C;MT=Fixed	NT=Oxidation;AC=UNIMOD:21;TA=M;MT=Variable	not available	not available	NT=['DHSO', 'DSSO', 'DMTMM'];AC=['XLMOD:02226', 'XLMOD:02126', None];TA=['D,E', 'K,S,T,Y', None]	not available	not available	not available	not available	not available	20201119_Fusion_JLow_DHSO2_N8_F4.raw	NT=ms-proteomics;VV=v1.1.0	NT=crosslinking;VV=v1.0.0	NT=human;VV=v1.1.0
PXD035844_20200529_Fusion_Jlow_XLMS_MPF3_9	NT=Homo sapiens;AC=NCBITaxon:9606	cell fraction	not available	194	PXD035844_20200529_Fusion_Jlow_XLMS_MPF3_9_assay	proteomic profiling by mass spectrometry	data-dependent acquisition	NT=label free sample;AC=MS:1002038	1	1	not available	not available	NT=Carbamidomethyl;AC=UNIMOD:4;TA=C;MT=Fixed	NT=Oxidation;AC=UNIMOD:21;TA=M;MT=Variable	not available	not available	NT=['DHSO', 'DSSO', 'DMTMM'];AC=['XLMOD:02226', 'XLMOD:02126', None];TA=['D,E', 'K,S,T,Y', None]	not available	not available	not available	not available	not available	20200529_Fusion_Jlow_XLMS_MPF3_9.raw	NT=ms-proteomics;VV=v1.1.0	NT=crosslinking;VV=v1.0.0	NT=human;VV=v1.1.0
PXD035844_20201119_QEHFX4_JLow_DMTMM2_G8_F3	Homo sapiens	cell fraction	not available	16	PXD035844_20201119_QEHFX4_JLow_DMTMM2_G8_F3_assay	proteomic profiling by mass spectrometry	data-dependent acquisition	NT=label free sample;AC=MS:1002038	3	1	not available	not available	NT=Carbamidomethyl;AC=UNIMOD:4;TA=C;MT=Fixed	NT=Oxidation;AC=UNIMOD:21;TA=M;MT=Variable	not available	not available	NT=['DHSO', 'DSSO', 'DMTMM'];AC=['XLMOD:02226', 'XLMOD:02126', None];TA=['D,E', 'K,S,T,Y', None]	not available	not available	not available	not available	not available	20201119_QEHFX4_JLow_DMTMM2_G8_F3.raw	NT=ms-proteomics;VV=v1.1.0	NT=crosslinking;VV=v1.0.0	NT=human;VV=v1.1.0
PXD035844_20200529_Fusion_Jlow_XLMS_NPF3_4	NT=Homo sapiens;AC=NCBITaxon:9606	cell fraction	not available	195	PXD035844_20200529_Fusion_Jlow_XLMS_NPF3_4_assay	proteomic profiling by mass spectrometry	data-dependent acquisition	NT=label free sample;AC=MS:1002038	1	1	not available	not available	NT=Carbamidomethyl;AC=UNIMOD:4;TA=C;MT=Fixed	NT=Oxidation;AC=UNIMOD:21;TA=M;MT=Variable	not available	not available	NT=['DHSO', 'DSSO', 'DMTMM'];AC=['XLMOD:02226', 'XLMOD:02126', None];TA=['D,E', 'K,S,T,Y', None]	not available	not available	not available	not available	not available	20200529_Fusion_Jlow_XLMS_NPF3_4.raw	NT=ms-proteomics;VV=v1.1.0	NT=crosslinking;VV=v1.0.0	NT=human;VV=v1.1.0
PXD035844_20201116_QEHFX4_JLow_DHSO_C8_F1	Homo sapiens	cell fraction	not available	196	PXD035844_20201116_QEHFX4_JLow_DHSO_C8_F1_assay	proteomic profiling by mass spectrometry	data-dependent acquisition	NT=label free sample;AC=MS:1002038	1	1	not available	not available	NT=Carbamidomethyl;AC=UNIMOD:4;TA=C;MT=Fixed	NT=Oxidation;AC=UNIMOD:21;TA=M;MT=Variable	not available	not available	NT=['DHSO', 'DSSO', 'DMTMM'];AC=['XLMOD:02226', 'XLMOD:02126', None];TA=['D,E', 'K,S,T,Y', None]	not available	not available	not available	not available	not available	20201116_QEHFX4_JLow_DHSO_C8_F1.raw	NT=ms-proteomics;VV=v1.1.0	NT=crosslinking;VV=v1.0.0	NT=human;VV=v1.1.0
PXD035844_20201119_QEHFX4_JLow_DMTMM2_G8_F5	Homo sapiens	cell fraction	not available	15	PXD035844_20201119_QEHFX4_JLow_DMTMM2_G8_F5_assay	proteomic profiling by mass spectrometry	data-dependent acquisition	NT=label free sample;AC=MS:1002038	5	1	not available	not available	NT=Carbamidomethyl;AC=UNIMOD:4;TA=C;MT=Fixed	NT=Oxidation;AC=UNIMOD:21;TA=M;MT=Variable	not available	not available	NT=['DHSO', 'DSSO', 'DMTMM'];AC=['XLMOD:02226', 'XLMOD:02126', None];TA=['D,E', 'K,S,T,Y', None]	not available	not available	not available	not available	not available	20201119_QEHFX4_JLow_DMTMM2_G8_F5.raw	NT=ms-proteomics;VV=v1.1.0	NT=crosslinking;VV=v1.0.0	NT=human;VV=v1.1.0
PXD035844_20201127_QEHFX4_JLow_DMTMM_con_G9_F8	Homo sapiens	cell fraction	not available	15	PXD035844_20201127_QEHFX4_JLow_DMTMM_con_G9_F8_assay	proteomic profiling by mass spectrometry	data-dependent acquisition	NT=label free sample;AC=MS:1002038	8	1	not available	not available	NT=Carbamidomethyl;AC=UNIMOD:4;TA=C;MT=Fixed	NT=Oxidation;AC=UNIMOD:21;TA=M;MT=Variable	not available	not available	NT=['DHSO', 'DSSO', 'DMTMM'];AC=['XLMOD:02226', 'XLMOD:02126', None];TA=['D,E', 'K,S,T,Y', None]	not available	not available	not available	not available	not available	20201127_QEHFX4_JLow_DMTMM_con_G9_F8.raw	NT=ms-proteomics;VV=v1.1.0	NT=crosslinking;VV=v1.0.0	NT=human;VV=v1.1.0
PXD035844_20200529_Fusion_Jlow_XLMS_GPF1_10	NT=Homo sapiens;AC=NCBITaxon:9606	cell fraction	not available	197	PXD035844_20200529_Fusion_Jlow_XLMS_GPF1_10_assay	proteomic profiling by mass spectrometry	data-dependent acquisition	NT=label free sample;AC=MS:1002038	1	1	not available	not available	NT=Carbamidomethyl;AC=UNIMOD:4;TA=C;MT=Fixed	NT=Oxidation;AC=UNIMOD:21;TA=M;MT=Variable	not available	not available	NT=['DHSO', 'DSSO', 'DMTMM'];AC=['XLMOD:02226', 'XLMOD:02126', None];TA=['D,E', 'K,S,T,Y', None]	not available	not available	not available	not available	not available	20200529_Fusion_Jlow_XLMS_GPF1_10.raw	NT=ms-proteomics;VV=v1.1.0	NT=crosslinking;VV=v1.0.0	NT=human;VV=v1.1.0
PXD035844_20181108_Fusion_JL_exp1_CPF5	Homo sapiens	cell fraction	not available	198	PXD035844_20181108_Fusion_JL_exp1_CPF5_assay	proteomic profiling by mass spectrometry	data-dependent acquisition	NT=label free sample;AC=MS:1002038	1	1	not available	not available	NT=Carbamidomethyl;AC=UNIMOD:4;TA=C;MT=Fixed	NT=Oxidation;AC=UNIMOD:21;TA=M;MT=Variable	not available	not available	NT=['DHSO', 'DSSO', 'DMTMM'];AC=['XLMOD:02226', 'XLMOD:02126', None];TA=['D,E', 'K,S,T,Y', None]	not available	not available	not available	not available	not available	20181108_Fusion_JL_exp1_CPF5.raw	NT=ms-proteomics;VV=v1.1.0	NT=crosslinking;VV=v1.0.0	NT=human;VV=v1.1.0
PXD035844_20201127_QEHFX4_JLow_DMTMM_con_N9_F11	Homo sapiens	cell fraction	not available	14	PXD035844_20201127_QEHFX4_JLow_DMTMM_con_N9_F11_assay	proteomic profiling by mass spectrometry	data-dependent acquisition	NT=label free sample;AC=MS:1002038	11	1	not available	not available	NT=Carbamidomethyl;AC=UNIMOD:4;TA=C;MT=Fixed	NT=Oxidation;AC=UNIMOD:21;TA=M;MT=Variable	not available	not available	NT=['DHSO', 'DSSO', 'DMTMM'];AC=['XLMOD:02226', 'XLMOD:02126', None];TA=['D,E', 'K,S,T,Y', None]	not available	not available	not available	not available	not available	20201127_QEHFX4_JLow_DMTMM_con_N9_F11.raw	NT=ms-proteomics;VV=v1.1.0	NT=crosslinking;VV=v1.0.0	NT=human;VV=v1.1.0
PXD035844_20181108_Fusion_JL_exp1_CPF12	Homo sapiens	cell fraction	not available	199	PXD035844_20181108_Fusion_JL_exp1_CPF12_assay	proteomic profiling by mass spectrometry	data-dependent acquisition	NT=label free sample;AC=MS:1002038	1	1	not available	not available	NT=Carbamidomethyl;AC=UNIMOD:4;TA=C;MT=Fixed	NT=Oxidation;AC=UNIMOD:21;TA=M;MT=Variable	not available	not available	NT=['DHSO', 'DSSO', 'DMTMM'];AC=['XLMOD:02226', 'XLMOD:02126', None];TA=['D,E', 'K,S,T,Y', None]	not available	not available	not available	not available	not available	20181108_Fusion_JL_exp1_CPF12.raw	NT=ms-proteomics;VV=v1.1.0	NT=crosslinking;VV=v1.0.0	NT=human;VV=v1.1.0
PXD035844_20200529_Fusion_Jlow_XLMS_GPF1_12	NT=Homo sapiens;AC=NCBITaxon:9606	cell fraction	not available	200	PXD035844_20200529_Fusion_Jlow_XLMS_GPF1_12_assay	proteomic profiling by mass spectrometry	data-dependent acquisition	NT=label free sample;AC=MS:1002038	1	1	not available	not available	NT=Carbamidomethyl;AC=UNIMOD:4;TA=C;MT=Fixed	NT=Oxidation;AC=UNIMOD:21;TA=M;MT=Variable	not available	not available	NT=['DHSO', 'DSSO', 'DMTMM'];AC=['XLMOD:02226', 'XLMOD:02126', None];TA=['D,E', 'K,S,T,Y', None]	not available	not available	not available	not available	not available	20200529_Fusion_Jlow_XLMS_GPF1_12.raw	NT=ms-proteomics;VV=v1.1.0	NT=crosslinking;VV=v1.0.0	NT=human;VV=v1.1.0
PXD035844_20201119_Fusion_JLow_DHSO3_G9_F11_reinject	Homo sapiens	cell fraction	not available	15	PXD035844_20201119_Fusion_JLow_DHSO3_G9_F11_reinject_assay	proteomic profiling by mass spectrometry	data-dependent acquisition	NT=label free sample;AC=MS:1002038	11	1	not available	not available	NT=Carbamidomethyl;AC=UNIMOD:4;TA=C;MT=Fixed	NT=Oxidation;AC=UNIMOD:21;TA=M;MT=Variable	not available	not available	NT=['DHSO', 'DSSO', 'DMTMM'];AC=['XLMOD:02226', 'XLMOD:02126', None];TA=['D,E', 'K,S,T,Y', None]	not available	not available	not available	not available	not available	20201119_Fusion_JLow_DHSO3_G9_F11_reinject.raw	NT=ms-proteomics;VV=v1.1.0	NT=crosslinking;VV=v1.0.0	NT=human;VV=v1.1.0
PXD035844_20201119_Fusion_JLow_DHSO3_M9_F5	Homo sapiens	cell fraction	not available	16	PXD035844_20201119_Fusion_JLow_DHSO3_M9_F5_assay	proteomic profiling by mass spectrometry	data-dependent acquisition	NT=label free sample;AC=MS:1002038	5	1	not available	not available	NT=Carbamidomethyl;AC=UNIMOD:4;TA=C;MT=Fixed	NT=Oxidation;AC=UNIMOD:21;TA=M;MT=Variable	not available	not available	NT=['DHSO', 'DSSO', 'DMTMM'];AC=['XLMOD:02226', 'XLMOD:02126', None];TA=['D,E', 'K,S,T,Y', None]	not available	not available	not available	not available	not available	20201119_Fusion_JLow_DHSO3_M9_F5.raw	NT=ms-proteomics;VV=v1.1.0	NT=crosslinking;VV=v1.0.0	NT=human;VV=v1.1.0
PXD035844_20201119_Fusion_JLow_DHSO3_M9_F11	Homo sapiens	cell fraction	not available	16	PXD035844_20201119_Fusion_JLow_DHSO3_M9_F11_assay	proteomic profiling by mass spectrometry	data-dependent acquisition	NT=label free sample;AC=MS:1002038	11	1	not available	not available	NT=Carbamidomethyl;AC=UNIMOD:4;TA=C;MT=Fixed	NT=Oxidation;AC=UNIMOD:21;TA=M;MT=Variable	not available	not available	NT=['DHSO', 'DSSO', 'DMTMM'];AC=['XLMOD:02226', 'XLMOD:02126', None];TA=['D,E', 'K,S,T,Y', None]	not available	not available	not available	not available	not available	20201119_Fusion_JLow_DHSO3_M9_F11.raw	NT=ms-proteomics;VV=v1.1.0	NT=crosslinking;VV=v1.0.0	NT=human;VV=v1.1.0
PXD035844_20200529_Fusion_Jlow_XLMS_NPF2_8	NT=Homo sapiens;AC=NCBITaxon:9606	cell fraction	not available	201	PXD035844_20200529_Fusion_Jlow_XLMS_NPF2_8_assay	proteomic profiling by mass spectrometry	data-dependent acquisition	NT=label free sample;AC=MS:1002038	1	1	not available	not available	NT=Carbamidomethyl;AC=UNIMOD:4;TA=C;MT=Fixed	NT=Oxidation;AC=UNIMOD:21;TA=M;MT=Variable	not available	not available	NT=['DHSO', 'DSSO', 'DMTMM'];AC=['XLMOD:02226', 'XLMOD:02126', None];TA=['D,E', 'K,S,T,Y', None]	not available	not available	not available	not available	not available	20200529_Fusion_Jlow_XLMS_NPF2_8.raw	NT=ms-proteomics;VV=v1.1.0	NT=crosslinking;VV=v1.0.0	NT=human;VV=v1.1.0
PXD035844_20201119_Fusion_JLow_DHSO3_N9_F6	Homo sapiens	cell fraction	not available	15	PXD035844_20201119_Fusion_JLow_DHSO3_N9_F6_assay	proteomic profiling by mass spectrometry	data-dependent acquisition	NT=label free sample;AC=MS:1002038	6	1	not available	not available	NT=Carbamidomethyl;AC=UNIMOD:4;TA=C;MT=Fixed	NT=Oxidation;AC=UNIMOD:21;TA=M;MT=Variable	not available	not available	NT=['DHSO', 'DSSO', 'DMTMM'];AC=['XLMOD:02226', 'XLMOD:02126', None];TA=['D,E', 'K,S,T,Y', None]	not available	not available	not available	not available	not available	20201119_Fusion_JLow_DHSO3_N9_F6.raw	NT=ms-proteomics;VV=v1.1.0	NT=crosslinking;VV=v1.0.0	NT=human;VV=v1.1.0
PXD035844_20201119_Fusion_JLow_DHSO3_C9_F12_reinject	Homo sapiens (human)	cell fraction	not available	16	PXD035844_20201119_Fusion_JLow_DHSO3_C9_F12_reinject_assay	proteomic profiling by mass spectrometry	data-dependent acquisition	NT=label free sample;AC=MS:1002038	12	1	not available	not available	NT=Carbamidomethyl;AC=UNIMOD:4;TA=C;MT=Fixed	NT=Oxidation;AC=UNIMOD:21;TA=M;MT=Variable	not available	not available	NT=['DHSO', 'DSSO', 'DMTMM'];AC=['XLMOD:02226', 'XLMOD:02126', None];TA=['D,E', 'K,S,T,Y', None]	not available	not available	not available	not available	not available	20201119_Fusion_JLow_DHSO3_C9_F12_reinject.raw	NT=ms-proteomics;VV=v1.1.0	NT=crosslinking;VV=v1.0.0	NT=human;VV=v1.1.0
PXD035844_20201119_Fusion_JLow_DHSO3_G9_F2_reinject	Homo sapiens	cell fraction	not available	18	PXD035844_20201119_Fusion_JLow_DHSO3_G9_F2_reinject_assay	proteomic profiling by mass spectrometry	data-dependent acquisition	NT=label free sample;AC=MS:1002038	2	1	not available	not available	NT=Carbamidomethyl;AC=UNIMOD:4;TA=C;MT=Fixed	NT=Oxidation;AC=UNIMOD:21;TA=M;MT=Variable	not available	not available	NT=['DHSO', 'DSSO', 'DMTMM'];AC=['XLMOD:02226', 'XLMOD:02126', None];TA=['D,E', 'K,S,T,Y', None]	not available	not available	not available	not available	not available	20201119_Fusion_JLow_DHSO3_G9_F2_reinject.raw	NT=ms-proteomics;VV=v1.1.0	NT=crosslinking;VV=v1.0.0	NT=human;VV=v1.1.0
PXD035844_20200529_Fusion_Jlow_XLMS_NPF1_9_reinject	NT=Homo sapiens;AC=NCBITaxon:9606	cell fraction	not available	202	PXD035844_20200529_Fusion_Jlow_XLMS_NPF1_9_reinject_assay	proteomic profiling by mass spectrometry	data-dependent acquisition	NT=label free sample;AC=MS:1002038	1	1	not available	not available	NT=Carbamidomethyl;AC=UNIMOD:4;TA=C;MT=Fixed	NT=Oxidation;AC=UNIMOD:21;TA=M;MT=Variable	not available	not available	NT=['DHSO', 'DSSO', 'DMTMM'];AC=['XLMOD:02226', 'XLMOD:02126', None];TA=['D,E', 'K,S,T,Y', None]	not available	not available	not available	not available	not available	20200529_Fusion_Jlow_XLMS_NPF1_9_reinject.raw	NT=ms-proteomics;VV=v1.1.0	NT=crosslinking;VV=v1.0.0	NT=human;VV=v1.1.0
PXD035844_20200529_Fusion_Jlow_XLMS_NPF1_12	NT=Homo sapiens;AC=NCBITaxon:9606	cell fraction	not available	203	PXD035844_20200529_Fusion_Jlow_XLMS_NPF1_12_assay	proteomic profiling by mass spectrometry	data-dependent acquisition	NT=label free sample;AC=MS:1002038	1	1	not available	not available	NT=Carbamidomethyl;AC=UNIMOD:4;TA=C;MT=Fixed	NT=Oxidation;AC=UNIMOD:21;TA=M;MT=Variable	not available	not available	NT=['DHSO', 'DSSO', 'DMTMM'];AC=['XLMOD:02226', 'XLMOD:02126', None];TA=['D,E', 'K,S,T,Y', None]	not available	not available	not available	not available	not available	20200529_Fusion_Jlow_XLMS_NPF1_12.raw	NT=ms-proteomics;VV=v1.1.0	NT=crosslinking;VV=v1.0.0	NT=human;VV=v1.1.0
PXD035844_20201113_Fusion_JLow_DHSO2_C8_F9	Homo sapiens	cell fraction	not available	15	PXD035844_20201113_Fusion_JLow_DHSO2_C8_F9_assay	proteomic profiling by mass spectrometry	data-dependent acquisition	NT=label free sample;AC=MS:1002038	9	1	not available	not available	NT=Carbamidomethyl;AC=UNIMOD:4;TA=C;MT=Fixed	NT=Oxidation;AC=UNIMOD:21;TA=M;MT=Variable	not available	not available	NT=['DHSO', 'DSSO', 'DMTMM'];AC=['XLMOD:02226', 'XLMOD:02126', None];TA=['D,E', 'K,S,T,Y', None]	not available	not available	not available	not available	not available	20201113_Fusion_JLow_DHSO2_C8_F9.raw	NT=ms-proteomics;VV=v1.1.0	NT=crosslinking;VV=v1.0.0	NT=human;VV=v1.1.0
PXD035844_20201119_Fusion_JLow_DHSO3_C9_F10	Homo sapiens	cell fraction	not available	15	PXD035844_20201119_Fusion_JLow_DHSO3_C9_F10_assay	proteomic profiling by mass spectrometry	data-dependent acquisition	NT=label free sample;AC=MS:1002038	10	1	not available	not available	NT=Carbamidomethyl;AC=UNIMOD:4;TA=C;MT=Fixed	NT=Oxidation;AC=UNIMOD:21;TA=M;MT=Variable	not available	not available	NT=['DHSO', 'DSSO', 'DMTMM'];AC=['XLMOD:02226', 'XLMOD:02126', None];TA=['D,E', 'K,S,T,Y', None]	not available	not available	not available	not available	not available	20201119_Fusion_JLow_DHSO3_C9_F10.raw	NT=ms-proteomics;VV=v1.1.0	NT=crosslinking;VV=v1.0.0	NT=human;VV=v1.1.0
PXD035844_20201119_Fusion_JLow_DHSO3_C9_F12_reinject_c	Homo sapiens	cell fraction	not available	17	PXD035844_20201119_Fusion_JLow_DHSO3_C9_F12_reinject_c_assay	proteomic profiling by mass spectrometry	data-dependent acquisition	NT=label free sample;AC=MS:1002038	12	1	not available	not available	NT=Carbamidomethyl;AC=UNIMOD:4;TA=C;MT=Fixed	NT=Oxidation;AC=UNIMOD:21;TA=M;MT=Variable	not available	not available	NT=['DHSO', 'DSSO', 'DMTMM'];AC=['XLMOD:02226', 'XLMOD:02126', None];TA=['D,E', 'K,S,T,Y', None]	not available	not available	not available	not available	not available	20201119_Fusion_JLow_DHSO3_C9_F12_reinject_c.raw	NT=ms-proteomics;VV=v1.1.0	NT=crosslinking;VV=v1.0.0	NT=human;VV=v1.1.0
PXD035844_20201119_Fusion_JLow_DHSO3_N9_F4	Homo sapiens	cell fraction	not available	15	PXD035844_20201119_Fusion_JLow_DHSO3_N9_F4_assay	proteomic profiling by mass spectrometry	data-dependent acquisition	NT=label free sample;AC=MS:1002038	4	1	not available	not available	NT=Carbamidomethyl;AC=UNIMOD:4;TA=C;MT=Fixed	NT=Oxidation;AC=UNIMOD:21;TA=M;MT=Variable	not available	not available	NT=['DHSO', 'DSSO', 'DMTMM'];AC=['XLMOD:02226', 'XLMOD:02126', None];TA=['D,E', 'K,S,T,Y', None]	not available	not available	not available	not available	not available	20201119_Fusion_JLow_DHSO3_N9_F4.raw	NT=ms-proteomics;VV=v1.1.0	NT=crosslinking;VV=v1.0.0	NT=human;VV=v1.1.0
PXD035844_20201127_QEHFX4_JLow_DMTMM_con_G9_F4	Homo sapiens	cell fraction	not available	16	PXD035844_20201127_QEHFX4_JLow_DMTMM_con_G9_F4_assay	proteomic profiling by mass spectrometry	data-dependent acquisition	NT=label free sample;AC=MS:1002038	4	1	not available	not available	NT=Carbamidomethyl;AC=UNIMOD:4;TA=C;MT=Fixed	NT=Oxidation;AC=UNIMOD:21;TA=M;MT=Variable	not available	not available	NT=['DHSO', 'DSSO', 'DMTMM'];AC=['XLMOD:02226', 'XLMOD:02126', None];TA=['D,E', 'K,S,T,Y', None]	not available	not available	not available	not available	not available	20201127_QEHFX4_JLow_DMTMM_con_G9_F4.raw	NT=ms-proteomics;VV=v1.1.0	NT=crosslinking;VV=v1.0.0	NT=human;VV=v1.1.0
PXD035844_20201127_QEHFX4_JLow_DMTMM_con_N9_F5	Homo sapiens	cell fraction	not available	17	PXD035844_20201127_QEHFX4_JLow_DMTMM_con_N9_F5_assay	proteomic profiling by mass spectrometry	data-dependent acquisition	NT=label free sample;AC=MS:1002038	5	1	not available	not available	NT=Carbamidomethyl;AC=UNIMOD:4;TA=C;MT=Fixed	NT=Oxidation;AC=UNIMOD:21;TA=M;MT=Variable	not available	not available	NT=['DHSO', 'DSSO', 'DMTMM'];AC=['XLMOD:02226', 'XLMOD:02126', None];TA=['D,E', 'K,S,T,Y', None]	not available	not available	not available	not available	not available	20201127_QEHFX4_JLow_DMTMM_con_N9_F5.raw	NT=ms-proteomics;VV=v1.1.0	NT=crosslinking;VV=v1.0.0	NT=human;VV=v1.1.0
PXD035844_20181108_Fusion_JL_exp1_CPF23	Homo sapiens	cell fraction	not available	204	PXD035844_20181108_Fusion_JL_exp1_CPF23_assay	proteomic profiling by mass spectrometry	data-dependent acquisition	NT=label free sample;AC=MS:1002038	1	1	not available	not available	NT=Carbamidomethyl;AC=UNIMOD:4;TA=C;MT=Fixed	NT=Oxidation;AC=UNIMOD:21;TA=M;MT=Variable	not available	not available	NT=['DHSO', 'DSSO', 'DMTMM'];AC=['XLMOD:02226', 'XLMOD:02126', None];TA=['D,E', 'K,S,T,Y', None]	not available	not available	not available	not available	not available	20181108_Fusion_JL_exp1_CPF23.raw	NT=ms-proteomics;VV=v1.1.0	NT=crosslinking;VV=v1.0.0	NT=human;VV=v1.1.0
PXD035844_20201119_QEHFX4_JLow_DMTMM2_C8_F11	Homo sapiens	cell fraction	not available	17	PXD035844_20201119_QEHFX4_JLow_DMTMM2_C8_F11_assay	proteomic profiling by mass spectrometry	data-dependent acquisition	NT=label free sample;AC=MS:1002038	11	1	not available	not available	NT=Carbamidomethyl;AC=UNIMOD:4;TA=C;MT=Fixed	NT=Oxidation;AC=UNIMOD:21;TA=M;MT=Variable	not available	not available	NT=['DHSO', 'DSSO', 'DMTMM'];AC=['XLMOD:02226', 'XLMOD:02126', None];TA=['D,E', 'K,S,T,Y', None]	not available	not available	not available	not available	not available	20201119_QEHFX4_JLow_DMTMM2_C8_F11.raw	NT=ms-proteomics;VV=v1.1.0	NT=crosslinking;VV=v1.0.0	NT=human;VV=v1.1.0
PXD035844_20200529_Fusion_Jlow_XLMS_MPF3_10	NT=Homo sapiens;AC=NCBITaxon:9606	cell fraction	not available	205	PXD035844_20200529_Fusion_Jlow_XLMS_MPF3_10_assay	proteomic profiling by mass spectrometry	data-dependent acquisition	NT=label free sample;AC=MS:1002038	1	1	not available	not available	NT=Carbamidomethyl;AC=UNIMOD:4;TA=C;MT=Fixed	NT=Oxidation;AC=UNIMOD:21;TA=M;MT=Variable	not available	not available	NT=['DHSO', 'DSSO', 'DMTMM'];AC=['XLMOD:02226', 'XLMOD:02126', None];TA=['D,E', 'K,S,T,Y', None]	not available	not available	not available	not available	not available	20200529_Fusion_Jlow_XLMS_MPF3_10.raw	NT=ms-proteomics;VV=v1.1.0	NT=crosslinking;VV=v1.0.0	NT=human;VV=v1.1.0
PXD035844_20201119_Fusion_JLow_DHSO2_N8_F9	Homo sapiens	cell fraction	not available	16	PXD035844_20201119_Fusion_JLow_DHSO2_N8_F9_assay	proteomic profiling by mass spectrometry	data-dependent acquisition	NT=label free sample;AC=MS:1002038	9	1	not available	not available	NT=Carbamidomethyl;AC=UNIMOD:4;TA=C;MT=Fixed	NT=Oxidation;AC=UNIMOD:21;TA=M;MT=Variable	not available	not available	NT=['DHSO', 'DSSO', 'DMTMM'];AC=['XLMOD:02226', 'XLMOD:02126', None];TA=['D,E', 'K,S,T,Y', None]	not available	not available	not available	not available	not available	20201119_Fusion_JLow_DHSO2_N8_F9.raw	NT=ms-proteomics;VV=v1.1.0	NT=crosslinking;VV=v1.0.0	NT=human;VV=v1.1.0
PXD035844_20201119_QEHFX4_JLow_DMTMM2_M8_F12	Homo sapiens	cell fraction	not available	18	PXD035844_20201119_QEHFX4_JLow_DMTMM2_M8_F12_assay	proteomic profiling by mass spectrometry	data-dependent acquisition	NT=label free sample;AC=MS:1002038	12	1	not available	not available	NT=Carbamidomethyl;AC=UNIMOD:4;TA=C;MT=Fixed	NT=Oxidation;AC=UNIMOD:21;TA=M;MT=Variable	not available	not available	NT=['DHSO', 'DSSO', 'DMTMM'];AC=['XLMOD:02226', 'XLMOD:02126', None];TA=['D,E', 'K,S,T,Y', None]	not available	not available	not available	not available	not available	20201119_QEHFX4_JLow_DMTMM2_M8_F12.raw	NT=ms-proteomics;VV=v1.1.0	NT=crosslinking;VV=v1.0.0	NT=human;VV=v1.1.0
PXD035844_20201119_Fusion_JLow_DHSO3_G9_F7	Homo sapiens	cell fraction	not available	17	PXD035844_20201119_Fusion_JLow_DHSO3_G9_F7_assay	proteomic profiling by mass spectrometry	data-dependent acquisition	NT=label free sample;AC=MS:1002038	7	1	not available	not available	NT=Carbamidomethyl;AC=UNIMOD:4;TA=C;MT=Fixed	NT=Oxidation;AC=UNIMOD:21;TA=M;MT=Variable	not available	not available	NT=['DHSO', 'DSSO', 'DMTMM'];AC=['XLMOD:02226', 'XLMOD:02126', None];TA=['D,E', 'K,S,T,Y', None]	not available	not available	not available	not available	not available	20201119_Fusion_JLow_DHSO3_G9_F7.raw	NT=ms-proteomics;VV=v1.1.0	NT=crosslinking;VV=v1.0.0	NT=human;VV=v1.1.0
PXD035844_20201119_Fusion_JLow_DHSO3_N9_F2	Homo sapiens	cell fraction	not available	19	PXD035844_20201119_Fusion_JLow_DHSO3_N9_F2_assay	proteomic profiling by mass spectrometry	data-dependent acquisition	NT=label free sample;AC=MS:1002038	2	1	not available	not available	NT=Carbamidomethyl;AC=UNIMOD:4;TA=C;MT=Fixed	NT=Oxidation;AC=UNIMOD:21;TA=M;MT=Variable	not available	not available	NT=['DHSO', 'DSSO', 'DMTMM'];AC=['XLMOD:02226', 'XLMOD:02126', None];TA=['D,E', 'K,S,T,Y', None]	not available	not available	not available	not available	not available	20201119_Fusion_JLow_DHSO3_N9_F2.raw	NT=ms-proteomics;VV=v1.1.0	NT=crosslinking;VV=v1.0.0	NT=human;VV=v1.1.0
PXD035844_20201113_Fusion_JLow_DHSO2_C8_F8	Homo sapiens	cell fraction	not available	16	PXD035844_20201113_Fusion_JLow_DHSO2_C8_F8_assay	proteomic profiling by mass spectrometry	data-dependent acquisition	NT=label free sample;AC=MS:1002038	8	1	not available	not available	NT=Carbamidomethyl;AC=UNIMOD:4;TA=C;MT=Fixed	NT=Oxidation;AC=UNIMOD:21;TA=M;MT=Variable	not available	not available	NT=['DHSO', 'DSSO', 'DMTMM'];AC=['XLMOD:02226', 'XLMOD:02126', None];TA=['D,E', 'K,S,T,Y', None]	not available	not available	not available	not available	not available	20201113_Fusion_JLow_DHSO2_C8_F8.raw	NT=ms-proteomics;VV=v1.1.0	NT=crosslinking;VV=v1.0.0	NT=human;VV=v1.1.0
PXD035844_20201127_QEHFX4_JLow_DMTMM_con_G9_F11	Homo sapiens	cell fraction	not available	18	PXD035844_20201127_QEHFX4_JLow_DMTMM_con_G9_F11_assay	proteomic profiling by mass spectrometry	data-dependent acquisition	NT=label free sample;AC=MS:1002038	11	1	not available	not available	NT=Carbamidomethyl;AC=UNIMOD:4;TA=C;MT=Fixed	NT=Oxidation;AC=UNIMOD:21;TA=M;MT=Variable	not available	not available	NT=['DHSO', 'DSSO', 'DMTMM'];AC=['XLMOD:02226', 'XLMOD:02126', None];TA=['D,E', 'K,S,T,Y', None]	not available	not available	not available	not available	not available	20201127_QEHFX4_JLow_DMTMM_con_G9_F11.raw	NT=ms-proteomics;VV=v1.1.0	NT=crosslinking;VV=v1.0.0	NT=human;VV=v1.1.0
PXD035844_20201113_Fusion_JLow_DHSO2_G8_F12	Homo sapiens	cell fraction	not available	19	PXD035844_20201113_Fusion_JLow_DHSO2_G8_F12_assay	proteomic profiling by mass spectrometry	data-dependent acquisition	NT=label free sample;AC=MS:1002038	12	1	not available	not available	NT=Carbamidomethyl;AC=UNIMOD:4;TA=C;MT=Fixed	NT=Oxidation;AC=UNIMOD:21;TA=M;MT=Variable	not available	not available	NT=['DHSO', 'DSSO', 'DMTMM'];AC=['XLMOD:02226', 'XLMOD:02126', None];TA=['D,E', 'K,S,T,Y', None]	not available	not available	not available	not available	not available	20201113_Fusion_JLow_DHSO2_G8_F12.raw	NT=ms-proteomics;VV=v1.1.0	NT=crosslinking;VV=v1.0.0	NT=human;VV=v1.1.0
PXD035844_20200529_Fusion_Jlow_XLMS_GPF3_12	NT=Homo sapiens;AC=NCBITaxon:9606	cell fraction	not available	206	PXD035844_20200529_Fusion_Jlow_XLMS_GPF3_12_assay	proteomic profiling by mass spectrometry	data-dependent acquisition	NT=label free sample;AC=MS:1002038	1	1	not available	not available	NT=Carbamidomethyl;AC=UNIMOD:4;TA=C;MT=Fixed	NT=Oxidation;AC=UNIMOD:21;TA=M;MT=Variable	not available	not available	NT=['DHSO', 'DSSO', 'DMTMM'];AC=['XLMOD:02226', 'XLMOD:02126', None];TA=['D,E', 'K,S,T,Y', None]	not available	not available	not available	not available	not available	20200529_Fusion_Jlow_XLMS_GPF3_12.raw	NT=ms-proteomics;VV=v1.1.0	NT=crosslinking;VV=v1.0.0	NT=human;VV=v1.1.0
PXD035844_20201119_QEHFX4_JLow_DMTMM2_G8_F8	Homo sapiens	cell fraction	not available	17	PXD035844_20201119_QEHFX4_JLow_DMTMM2_G8_F8_assay	proteomic profiling by mass spectrometry	data-dependent acquisition	NT=label free sample;AC=MS:1002038	8	1	not available	not available	NT=Carbamidomethyl;AC=UNIMOD:4;TA=C;MT=Fixed	NT=Oxidation;AC=UNIMOD:21;TA=M;MT=Variable	not available	not available	NT=['DHSO', 'DSSO', 'DMTMM'];AC=['XLMOD:02226', 'XLMOD:02126', None];TA=['D,E', 'K,S,T,Y', None]	not available	not available	not available	not available	not available	20201119_QEHFX4_JLow_DMTMM2_G8_F8.raw	NT=ms-proteomics;VV=v1.1.0	NT=crosslinking;VV=v1.0.0	NT=human;VV=v1.1.0
PXD035844_20201119_Fusion_JLow_DHSO3_N9_F1_reinject3	Homo sapiens	cell fraction	not available	207	PXD035844_20201119_Fusion_JLow_DHSO3_N9_F1_reinject3_assay	proteomic profiling by mass spectrometry	data-dependent acquisition	NT=label free sample;AC=MS:1002038	1	1	not available	not available	NT=Carbamidomethyl;AC=UNIMOD:4;TA=C;MT=Fixed	NT=Oxidation;AC=UNIMOD:21;TA=M;MT=Variable	not available	not available	NT=['DHSO', 'DSSO', 'DMTMM'];AC=['XLMOD:02226', 'XLMOD:02126', None];TA=['D,E', 'K,S,T,Y', None]	not available	not available	not available	not available	not available	20201119_Fusion_JLow_DHSO3_N9_F1_reinject3.raw	NT=ms-proteomics;VV=v1.1.0	NT=crosslinking;VV=v1.0.0	NT=human;VV=v1.1.0
PXD035844_20201119_QEHFX4_JLow_DMTMM2_G8_F6	Homo sapiens	cell fraction	not available	16	PXD035844_20201119_QEHFX4_JLow_DMTMM2_G8_F6_assay	proteomic profiling by mass spectrometry	data-dependent acquisition	NT=label free sample;AC=MS:1002038	6	1	not available	not available	NT=Carbamidomethyl;AC=UNIMOD:4;TA=C;MT=Fixed	NT=Oxidation;AC=UNIMOD:21;TA=M;MT=Variable	not available	not available	NT=['DHSO', 'DSSO', 'DMTMM'];AC=['XLMOD:02226', 'XLMOD:02126', None];TA=['D,E', 'K,S,T,Y', None]	not available	not available	not available	not available	not available	20201119_QEHFX4_JLow_DMTMM2_G8_F6.raw	NT=ms-proteomics;VV=v1.1.0	NT=crosslinking;VV=v1.0.0	NT=human;VV=v1.1.0
PXD035844_20200529_Fusion_Jlow_XLMS_NPF3_12	NT=Homo sapiens;AC=NCBITaxon:9606	cell fraction	not available	208	PXD035844_20200529_Fusion_Jlow_XLMS_NPF3_12_assay	proteomic profiling by mass spectrometry	data-dependent acquisition	NT=label free sample;AC=MS:1002038	1	1	not available	not available	NT=Carbamidomethyl;AC=UNIMOD:4;TA=C;MT=Fixed	NT=Oxidation;AC=UNIMOD:21;TA=M;MT=Variable	not available	not available	NT=['DHSO', 'DSSO', 'DMTMM'];AC=['XLMOD:02226', 'XLMOD:02126', None];TA=['D,E', 'K,S,T,Y', None]	not available	not available	not available	not available	not available	20200529_Fusion_Jlow_XLMS_NPF3_12.raw	NT=ms-proteomics;VV=v1.1.0	NT=crosslinking;VV=v1.0.0	NT=human;VV=v1.1.0
PXD035844_20200529_Fusion_Jlow_XLMS_MPF1_8	NT=Homo sapiens;AC=NCBITaxon:9606	cell fraction	not available	209	PXD035844_20200529_Fusion_Jlow_XLMS_MPF1_8_assay	proteomic profiling by mass spectrometry	data-dependent acquisition	NT=label free sample;AC=MS:1002038	1	1	not available	not available	NT=Carbamidomethyl;AC=UNIMOD:4;TA=C;MT=Fixed	NT=Oxidation;AC=UNIMOD:21;TA=M;MT=Variable	not available	not available	NT=['DHSO', 'DSSO', 'DMTMM'];AC=['XLMOD:02226', 'XLMOD:02126', None];TA=['D,E', 'K,S,T,Y', None]	not available	not available	not available	not available	not available	20200529_Fusion_Jlow_XLMS_MPF1_8.raw	NT=ms-proteomics;VV=v1.1.0	NT=crosslinking;VV=v1.0.0	NT=human;VV=v1.1.0
PXD035844_20201127_QEHFX4_JLow_DMTMM_con_C9_F10	Homo sapiens	cell fraction	not available	16	PXD035844_20201127_QEHFX4_JLow_DMTMM_con_C9_F10_assay	proteomic profiling by mass spectrometry	data-dependent acquisition	NT=label free sample;AC=MS:1002038	10	1	not available	not available	NT=Carbamidomethyl;AC=UNIMOD:4;TA=C;MT=Fixed	NT=Oxidation;AC=UNIMOD:21;TA=M;MT=Variable	not available	not available	NT=['DHSO', 'DSSO', 'DMTMM'];AC=['XLMOD:02226', 'XLMOD:02126', None];TA=['D,E', 'K,S,T,Y', None]	not available	not available	not available	not available	not available	20201127_QEHFX4_JLow_DMTMM_con_C9_F10.raw	NT=ms-proteomics;VV=v1.1.0	NT=crosslinking;VV=v1.0.0	NT=human;VV=v1.1.0
PXD035844_20201119_Fusion_JLow_DHSO3_N9_F10	Homo sapiens	cell fraction	not available	17	PXD035844_20201119_Fusion_JLow_DHSO3_N9_F10_assay	proteomic profiling by mass spectrometry	data-dependent acquisition	NT=label free sample;AC=MS:1002038	10	1	not available	not available	NT=Carbamidomethyl;AC=UNIMOD:4;TA=C;MT=Fixed	NT=Oxidation;AC=UNIMOD:21;TA=M;MT=Variable	not available	not available	NT=['DHSO', 'DSSO', 'DMTMM'];AC=['XLMOD:02226', 'XLMOD:02126', None];TA=['D,E', 'K,S,T,Y', None]	not available	not available	not available	not available	not available	20201119_Fusion_JLow_DHSO3_N9_F10.raw	NT=ms-proteomics;VV=v1.1.0	NT=crosslinking;VV=v1.0.0	NT=human;VV=v1.1.0
PXD035844_20201127_QEHFX4_JLow_DMTMM_con_M9_F9	Homo sapiens	cell fraction	not available	17	PXD035844_20201127_QEHFX4_JLow_DMTMM_con_M9_F9_assay	proteomic profiling by mass spectrometry	data-dependent acquisition	NT=label free sample;AC=MS:1002038	9	1	not available	not available	NT=Carbamidomethyl;AC=UNIMOD:4;TA=C;MT=Fixed	NT=Oxidation;AC=UNIMOD:21;TA=M;MT=Variable	not available	not available	NT=['DHSO', 'DSSO', 'DMTMM'];AC=['XLMOD:02226', 'XLMOD:02126', None];TA=['D,E', 'K,S,T,Y', None]	not available	not available	not available	not available	not available	20201127_QEHFX4_JLow_DMTMM_con_M9_F9.raw	NT=ms-proteomics;VV=v1.1.0	NT=crosslinking;VV=v1.0.0	NT=human;VV=v1.1.0
PXD035844_20201113_Fusion_JLow_DHSO2_G8_F7	Homo sapiens	cell fraction	not available	18	PXD035844_20201113_Fusion_JLow_DHSO2_G8_F7_assay	proteomic profiling by mass spectrometry	data-dependent acquisition	NT=label free sample;AC=MS:1002038	7	1	not available	not available	NT=Carbamidomethyl;AC=UNIMOD:4;TA=C;MT=Fixed	NT=Oxidation;AC=UNIMOD:21;TA=M;MT=Variable	not available	not available	NT=['DHSO', 'DSSO', 'DMTMM'];AC=['XLMOD:02226', 'XLMOD:02126', None];TA=['D,E', 'K,S,T,Y', None]	not available	not available	not available	not available	not available	20201113_Fusion_JLow_DHSO2_G8_F7.raw	NT=ms-proteomics;VV=v1.1.0	NT=crosslinking;VV=v1.0.0	NT=human;VV=v1.1.0
PXD035844_20201113_Fusion_JLow_DHSO2_C8_F10	Homo sapiens	cell fraction	not available	18	PXD035844_20201113_Fusion_JLow_DHSO2_C8_F10_assay	proteomic profiling by mass spectrometry	data-dependent acquisition	NT=label free sample;AC=MS:1002038	10	1	not available	not available	NT=Carbamidomethyl;AC=UNIMOD:4;TA=C;MT=Fixed	NT=Oxidation;AC=UNIMOD:21;TA=M;MT=Variable	not available	not available	NT=['DHSO', 'DSSO', 'DMTMM'];AC=['XLMOD:02226', 'XLMOD:02126', None];TA=['D,E', 'K,S,T,Y', None]	not available	not available	not available	not available	not available	20201113_Fusion_JLow_DHSO2_C8_F10.raw	NT=ms-proteomics;VV=v1.1.0	NT=crosslinking;VV=v1.0.0	NT=human;VV=v1.1.0
PXD035844_20201119_Fusion_JLow_DHSO3_G9_F6	Homo sapiens	cell fraction	not available	17	PXD035844_20201119_Fusion_JLow_DHSO3_G9_F6_assay	proteomic profiling by mass spectrometry	data-dependent acquisition	NT=label free sample;AC=MS:1002038	6	1	not available	not available	NT=Carbamidomethyl;AC=UNIMOD:4;TA=C;MT=Fixed	NT=Oxidation;AC=UNIMOD:21;TA=M;MT=Variable	not available	not available	NT=['DHSO', 'DSSO', 'DMTMM'];AC=['XLMOD:02226', 'XLMOD:02126', None];TA=['D,E', 'K,S,T,Y', None]	not available	not available	not available	not available	not available	20201119_Fusion_JLow_DHSO3_G9_F6.raw	NT=ms-proteomics;VV=v1.1.0	NT=crosslinking;VV=v1.0.0	NT=human;VV=v1.1.0
